set,title,TL;DR,Market & Sample,Paper Type & Question,Dependent Variable & Volatility Definition,Method & Specification,Wind vs Solar Effects,Storage Treatment,Equilibrium Concept,Cost & Financial Assumptions,Identification & Endogeneity,Institutional Features,Key Quantitative Result,Japan & Storage Relevance,Limitations & Gap
B,ButtersDorseyGowrisankaran2025_SoakingUpTheSun_NBERw29133.pdf,"This paper models the equilibrium effects of large-scale battery storage, finding that without subsidies, battery adoption is negligible until 2030. A 30% capital cost subsidy, like the IRA, could achieve California's 2024 storage mandate by making battery investment profitable. Battery operations reduce peak electricity prices but also decrease revenues for both dispatchable and renewable generators."," - **Market:** California Independent System Operator (CAISO) wholesale electricity market, specifically the day-ahead market (DAM) and real-time market (RTM)  .
- **Country:** United States (California)   .
- **Sample Period:** 2015-2019   .
- **Data Frequency:**
    - RTM prices: Five-minute intervals  .
    - DAM prices and net load forecasts: Hourly frequency, disaggregated to five-minute intervals for the model  ."," - **Paper Type**: Structural-equilibrium and empirical   
- **Research Question**: This paper aims to understand the economics of battery storage by estimating the equilibrium effects of large-scale battery storage, identifying which parties gain or lose from its adoption, and evaluating how adoption responds to different policies  ."," - The main object of analysis is the equilibrium effects of large-scale battery storage, including storage value and equilibrium battery adoption  .
- The study also analyzes the impact of battery operations on equilibrium prices .
- Volatility is analyzed for real-time market prices, which become more volatile within each hour of the day as intermittent renewable generation has expanded . The transition of the supply relationship residual (εP) is modeled as an AR(1) process, where the heteroskedasticity (σs(t)) accommodates any heteroskedasticity that exists across peak (5-10 PM) and off-peak hours of the day . Similarly, the transition of the net load unobservable (εL) is modeled as an AR(1) process with a shock process (ηt) ."," - The paper develops and estimates a framework to calculate equilibrium effects of large-scale battery storage, combining an operations model with a dynamic competitive equilibrium battery adoption model  .
- The operations model solves a single-agent dynamic problem to maximize expected discounted profits from arbitrage, given by the Bellman equation  :
  `vd(f, s, Ž,ɛĽ,ɛP) = maxq {Pd(s, Z, Ž, ɛĽ, ɛP) × (1{q > 0}qv + 1{q < 0}q/v) + β ∫ Vd(f - q, s + 1 - 1{s = S}S, Z,ɛĽ',ɛP')dGɛ'(ɛĽ', ɛP'|ɛĽ, ɛP)}` .
- The battery adoption model solves for an equilibrium of investment decisions, using a Bellman equation for a potential operator's value function  :
  `V(k, c, y, K) = 1{k = 0} max {π(y, K*) - c + β ∫ V(δ(y, K*), c', y + 1, δ(y, K*) K*) dGᶜ(c'|c, y), β ∫ V(δ(y, K*), c', y + 1, δ(y, K*) K*) dGᶜ(c'|c, y)} + 1{k > 0} {π(y, K*)k + β ∫ V(δ(y, K*)k, c', y + 1, δ(y, K*) K*) dGᶜ(c'|c, y)}` .
- The model also includes a supply relationship for dispatchable generators, using a Cobb-Douglas functional form for capacity and a Pirrong (2012) functional form for price  .","The paper does not estimate separate effects of wind and solar on prices or volatility. Instead, it generally considers their combined impact as ""renewable energy share"" or ""solar plus wind generation"".

However, it notes that battery operations reduce solar and wind generator revenues by $14 million annually, as batteries reduce prices during the mid-afternoon (3 PM-5 PM) when many solar generators are producing."," - Storage operators are primarily modeled as price-takers in the real-time electricity market, aiming to maximize expected discounted profits from arbitrage.
- The paper also investigates alternative market structures where storage operators act as price-makers, such as monopoly or duopoly, but the base model assumes competitive price-taking behavior .
- Storage capacity is endogenously determined by an equilibrium adoption model, where potential operators make investment decisions based on factors like capital costs and future revenues .
- The operations model, however, evaluates the impact of battery operations for a given, fixed aggregate battery capacity (K) as an input."," - The primary analysis assumes a competitive battery market where battery operators act as price arbitrageurs, maximizing expected discounted profits over an infinite horizon .
- The competitive battery operations problem is recast as a single-agent decision problem, where the incentives of the single agent correspond to the equilibrium incentives of a competitive battery operator .
- The equilibrium condition for the single-agent problem is given by the Bellman equation :
```
max {Pd(s, Z, Ž, ɛL, ɛP) × (1{q > 0}qv + 1{q < 0}q/v) + β ∫ Vd(f - q, s + 1 - 1{s = S}S, Ž', ɛL', ɛP')dGɛ'(ɛL', ɛP'|ɛL, ɛP)}
```
- For the battery adoption model, it solves for an equilibrium of investment decisions of potential battery operators, where each year, potential operators decide whether to install capacity or wait .
- In the special case where the generator market is perfectly competitive, the competitive battery operator's problem is equivalent to a social planner minimizing expected discounted total costs .
- The paper also investigates alternative market structures: monopoly and duopoly ."," -   **Capital Cost**: Modeled using forward-looking projections from NREL, with an initial condition in 2018 of $380/kWh  . Expected to fall to $264/kWh by 2024 for the first battery unit to break even .
-   **Discount Rate**: An annual discount factor (β) is used for operations  and adoption models  . For calculating heuristic lifetime value of storage capacity, a weekly discount factor of 0.957/365 is used .
-   **Lifetime**: Not explicitly stated as a single value, but the model incorporates capacity degradation over time .
-   **Round-trip Efficiency**: Modeled as 85% (0.85) for 4-hour batteries  . A lower perceived efficiency (v*) is used to account for degradation in charge decisions  .
-   **Degradation**: Battery energy capacity degrades at a rate (d) that depends on usage, modeled using the Xu et al. (2016) algorithm   . Degradation from cycling reduces the estimated value of storage investment by 27% on average ."," - The paper addresses endogeneity through specific structural assumptions about the net loads and supply relationships, which are assumed to be structural and invariant to counterfactual large-scale battery operations .
- The model also assumes that differences between wholesale day-ahead and real-time market electricity prices reflect changes in dispatchable generation capacity unavailability, which storage can mitigate, rather than common generator cost shocks .
- An adoption model uses weeks with high renewable generation as a proxy for future higher renewable penetration, after controlling for observable attributes of those weeks .
- The authors note that their measure of generation from renewables is net of any curtailments, which they do not explicitly model . They suggest that batteries eliminating the need for renewable sources to curtail could add to the value of a battery fleet, beyond what they find ."," - The paper mentions FERC Order 841, which requires independent system operators (ISOs) to remove barriers inhibiting storage participation in wholesale markets .
- CAISO allows batteries to submit demand bids or supply bids in day-ahead and real-time energy auctions .
- The paper notes that the RTM price spikes are due to generator or transmission unavailability, which batteries can mitigate, rather than common cost shocks .
- The paper does not discuss negative prices or price floors, interconnectors, or specific market rules for Japan (such as the 0.01 yen/kWh floor, gross bidding, or the January 2021 spike).",The paper finds that the first storage unit breaks even by 2024 without subsidies when the renewable energy share reaches 50% ., - Not addressed in this paper," - The paper's modeling approach has several important limitations .
- It holds fixed the existing dispatchable generation capacity and associated electricity supply relationship, even though results imply utility-scale batteries would lower dispatchable generator revenues and likely lead to retirements .
- The analysis of battery market power assumes separate ownership among dispatchable generators and battery operators .
- Future research should model endogenous dispatchable generator retirement and alternative ownership structures, including potential for load-serving entities to own batteries .
- The supply relationship for generators with ramping costs and large-scale batteries is an approximation to a complex dynamic oligopoly problem .
- The paper does not model the impact of storage on grid reliability .
- Battery costs are assumed to evolve exogenously, not allowing for battery mandates to lead to production cost declines through learning-by-doing .
- The study uses weekly variation in renewable energy over a 4-year sample and extrapolates to predict storage investment in a world with more renewable generation than observed .
- The paper does not attempt to solve for the optimal storage subsidy to mitigate environmental externalities .
- This paper does not model the impact of storage on grid reliability or the optimal storage subsidy to mitigate environmental externalities, nor does it use data from Hokkaido."
B,Karaduman2023_GridScaleStorageWholesaleMarkets_WP.pdf,"This paper develops a dynamic model to study grid-scale energy storage in wholesale electricity markets, focusing on South Australia. It finds that ignoring storage's price impact leads to biased estimates. While privately operated storage isn't profitable, it boosts consumer surplus and reduces emissions, highlighting an under-investment problem that policy responses could address ."," - **Market**: South Australian Electricity Market, part of Australia's National Electricity Market (NEM)  .
- **Country**: Australia  .
- **Sample Period**: July 2016 to December 2017  .
- **Data Frequency**: Daily bids, production, demand data, and forecasts for demand and renewable production are available. Actual quantities are generated for each 5-minute period, and bids are submitted for 48 half-hour periods  ."," - **Paper Type**: Structural-equilibrium  
- **Research Question**: This paper investigates the incentives for investing in and operating grid-scale energy storage in wholesale electricity markets and the necessity of complementary policies for renewables investments ."," - The main object of analysis is the incentives for investing and operating grid-scale energy storage in electricity markets, and the need for policies to complement investments with renewables .
- The study also focuses on the private and social returns of hypothetical energy storage .
- The paper develops a dynamic-equilibrium framework to quantify the potential effects of energy storage in the wholesale electricity market .
- Volatility is analyzed through the variability in intermittent resources and demand, which makes daily demand and price patterns difficult to generalize .
- The standard deviation of AU$266 indicates a high level of price volatility .
- The paper also examines the impact of within-day price patterns on energy storage operations ."," - The paper develops a new dynamic-equilibrium framework  .
- It models the storage operator's arbitrage problem as an infinite horizon dynamic optimization with uncertainty .
- The storage operator's expected value function is given by Equation 4.1 .
- The storage operator's problem is expressed by maximizing expected revenue, as shown in the equation: max E[RD2-1(q)]γq – E[RD1-1(-q)]q .
- The model uses discrete-time finite-state value function iteration methods to compute optimal bidding strategies .
- It employs a k-median clustering algorithm to categorize net demand vectors into groups to generate a public signal X  .
- The distribution of net demand conditional on signal X is estimated using an AR(1) process ."," - The paper indicates that wind production has very high volatility, regardless of the time of day.
- Solar production exhibits significant volatility around noon.
- At moderate levels of renewable power (as currently seen in South Australia), introducing grid-scale storage reduces renewable generators' revenue, with this effect being significant for wind generators due to a stable production profile and the dominance of average price decrease.
- Wind production is negatively correlated with prices (-0.193), but the average price effect dominates.
- Solar generation and prices are positively correlated (0.014), leading to both forces hurting solar revenue.
- Doubling wind production leads to around 50 thousand MW yearly curtailment of electricity, which storage can prevent, increasing the return to wind production.
- Doubling solar production (from 10% to 20% of overall market production) results in around 500 MW yearly curtailment, but does not significantly change private and social returns to energy storage, and storage still hurts solar revenue.
- In the doubled solar production scenario, the correlation between solar production and prices becomes negative (-0.033), but the average price impact still dominates."," - Storage is modeled as a price-maker, as the framework allows for storage's price impact and incumbent best responses to storage's production  .
- Storage capacity is treated as exogenous, with the paper analyzing existing capacity (e.g., 120 MWh, 30 MW) rather than determining it through entry or investment decisions    ."," - The paper defines equilibrium as a Markov Perfect Equilibrium  .
- It involves thermal generators and storage simultaneously bidding into the electricity market .
- The equilibrium conditions are defined by four equations :
  - Thermal generators maximize expected daily profits: `σ(Χ, εj) = argmax E[πjd|σ*, X,εj],∀j ∈ N \ {i} and ∀X, d, ej,` 
  - Storage's value function ensures no profitable deviation: `V(X, Ch, σ*) ≥ V(X, Ch, o', o*₁) ∀X, Ch, o'¦,` 
  - Market clearing condition: `Ddh = ∑ Sidh (Pan) + aidh + ardh d,h.` 
  - Markov process for public signal: `X follows fx` "," - **Capital Cost (Investment Cost):** US$320 to US$895 per KWH, depending on the Energy to Power ratio .
- **Discount Rate or WACC:** Not explicitly stated; however, the storage operator's problem involves maximizing net present value of revenue, implying a discount factor (beta) .
- **Lifetime:** 20 years .
- **Round-trip Efficiency:** 85%  .
- **Degradation:** Assumed not to degrade over its lifetime ; however, the model includes a usage cost for storage production to address degradation concerns ."," - The paper develops a new dynamic-equilibrium framework that allows for storage's price impact and incumbent firms' best responses to storage's production, which is a structural assumption  .
- It addresses the challenge of obtaining counterfactual supply function equilibria by modeling incumbent firms' best responses to new entry as a shock to the distribution of residual demand conditional on a public signal .
- The model uses observed variation in demand volatility in a market without energy storage to estimate incumbent firms' best responses .
- Curtailment for wind generation is assumed to be negligible (less than 5%) in South Australia during the sample period, so it is not explicitly modeled as a significant factor in the baseline .
- However, the model acknowledges that storage can decrease curtailment by purchasing excess electricity when renewable production exceeds demand, especially at higher VRE penetration levels  ."," - The paper mentions that the maximum and minimum market prices in the NEM are AU$14,500/MWh and -AU$1,000/MWh, respectively .
- It discusses interconnectors by modeling Victoria as a firm bidding in the South Australian electricity market and allowing for purchase/sale of electricity between regions based on price differences  . The transmission line capacity for Victoria is given as -800 to 700 .
- Market rules are discussed, specifically that generating units submit daily bids consisting of 48 individual bids, one for each half-hour period, with 10 different price-quantity steps, and these bids must increase in price .","Ignoring storage's price impact leads to biased estimates, overestimating its profitability by two-fold ."," - The paper does not contain any results or discussion specific to Japan or Hokkaido.
- The paper extensively discusses grid-scale energy storage, batteries, and flexibility resources:
    - Grid-scale energy storage is presented as a solution to smooth out fluctuations from Variable Renewable Energy (VRE) and as a more efficient and emission-friendly alternative to peakers .
    - The framework developed investigates incentives for investing and operating grid-scale energy storage in electricity markets .
    - The concept of energy storage involves capturing energy produced at one time for use later, which is crucial for maintaining electric grid stability .
    - The paper focuses on batteries as a fast-response arbitrageur technology, motivated by their rapidly decreasing cost (70% reduction between 2010 and 2020 for lithium-ion battery packs) .
    - Batteries offer advantages such as faster adjustable production, high flexibility to respond to short-run price variations and renewable intermittency, operability across larger geographic areas without significant grid investment, and scalability .
    - The Hornsdale Power Reserve (HPR) in South Australia, a lithium-ion battery, is used as a case study for observed storage strategies, noting its energy capacity of 129 MWh and power capacity of 100 MW .
    - Energy storage systems are characterized by power capacity (KCH), energy capacity (KE), energy-to-power ratio (E/CH), and round-trip efficiency (γ) . Batteries typically have higher round-trip efficiency rates (0.8-0.95) compared to other technologies .
    - The paper models the storage operator's arbitrage problem as an infinite horizon dynamic optimization under uncertainty .
    - The study also quantifies the complementarity between VREs and grid-scale storage, assessing changes in their revenues as renewable generation increases .
    - The model considers different ownership structures for energy storage: monopoly, load (consumer) owned, and competitive, to investigate the alignment of private and social incentives .
    - Flexibility resources are mentioned in the context of the System Operator (SO) calling upon flexible electricity generators (peakers) to balance the power grid .
    - The paper notes that batteries provide faster adjustable production, and high flexibility creates an advantage for batteries in responding to short-run price variations and the intermittency of renewables .","The authors state several limitations and areas for future research:
- The model does not allow for within-day adjustments by the storage operator in response to more information about demand and other firms' bids, which could lead to higher revenue and activity than estimated .
- The model incorporates the effect of decreasing round-trip efficiency to account for joint profit maximization in energy and ancillary services markets, but a full analysis of this interaction is not performed .
- The model does not fully capture extreme price periods arising from sudden expected changes like generator failures and transmission outages, which occur rarely but contribute to high prices .
- The VRE capacity expansion results might not represent a long-run equilibrium as the model does not account for potential thermal generator exits .
- Future research could include the revenue of storage capacity in ancillary services and capacity markets, updated regulations for fair and efficient energy storage entry, and extending the model to nodal pricing for location-specific returns in US electricity grids .

This paper does not model battery free-entry equilibrium or price volatility in a specific region like Hokkaido, as it focuses on a dynamic-equilibrium framework for grid-scale energy storage in the South Australian Electricity Market, and its findings are specific to that market's characteristics and generation mix."
B,Schmalensee2022_CompetitiveStorageDuckCurve_CEEPRWP.pdf,"This paper models an electric power system to examine competitive energy storage as a solution to the ""duck curve"" problem caused by high solar penetration. It finds that competitive energy markets can provide optimal incentives for storage investment, minimizing system costs, provided energy prices are not capped below the value of lost load. The analysis supports market-driven storage deployment over mandates."," - The paper primarily studies the California Independent System Operator (CAISO) market in the US  .
- It also references policies and markets in the EU and other US states (Massachusetts, Nevada, New Jersey, New York, Oregon)  .
- The sample period for price data shown in Figure 2 is 2010, 2015, 2016, and 2017.
- The data frequency for this price data is hourly.
- The paper develops a Boiteux-Turvey-style model of an electric power system, indicating a theoretical approach to the problem."," - **Paper Type**: Theory / Structural-equilibrium  
- **Research Question**: This paper explores the validity of presuming that energy markets can provide optimal incentives for competitive investment in energy storage and generation, particularly in the context of the duck curve problem.   "," - The main object of analysis is the long-run equilibrium value of storage capacity .
- The paper also considers investment in generation and storage to minimize expected cost .
- Volatility is not explicitly defined or constructed as a dependent variable in this paper."," - The paper uses a Boiteux-Turvey-style model of an electric power system, augmented with energy storage  .
- It focuses on minimizing expected cost in this model  .
- The model assumes constant returns to scale, stochastic and inelastic demand, and multiple dispatchable generation technologies .
- A key equation for the expected total cost (E(TC)) under Regime 1 is:
  `E(TC) = CRR + CGG + CSS + Λ(R,G) + Ω(R,G,S)` .", - Not addressed in this paper," - Storage suppliers are modeled as price-takers, as implied by the analysis of competitive operating rules and the ability of the model to support competitive equilibria .
- Storage capacity (S) is initially assumed to be determined by a benevolent social planner to minimize expected total cost .
- The paper then considers whether perfectly competitive firms would provide the same capacities in long-run equilibrium, implying that storage capacity is endogenously determined by investment in the context of competitive markets  ."," - The paper uses a concept where all minima of expected total cost can be supported as zero-expected-profit long-run competitive equilibria .
- Competitive suppliers of renewable generation, gas generation, and storage are assumed to earn zero expected profit in equilibrium .
- The first-order conditions for minimizing total system cost (E(TC)) are also the zero-expected-profit conditions for each technology   .
- For storage, the equilibrium condition is given by: ∂E(TC)/∂S = Cs - (1/θ)∫[FD(θR – S)ηPN(G, S)h(θ)dθ] = 0 ."," - Per-day unit capital cost for Gas (CG), Renewables (Cr), and Storage (Cs) are assumed .
- Gas has a per-MWh operating cost (c) .
- Renewables have zero operating cost .
- Scarcity (lost load) has a per-MWh variable cost (v) .
- Storage involves a constant fractional round-trip loss of energy (η < 1)  .
- Efficiency requires capital costs to include appropriately discounted disposal costs and environmental impact costs .
- Storage costs are reasonable for battery storage of a few hours duration with negligible self-discharge and variable operating/maintenance costs ."," - The paper's model assumes independence between probability distributions governing demand and renewable generation output, ruling out weather-induced correlations for tractability, but acknowledges this as a strong assumption without explicitly addressing how to relax it for endogeneity .
- The model assumes that competitive storage suppliers fully discharge stored energy during each nighttime period to simplify analysis, which involves conditions related to minimum nighttime demand and profitability of carrying energy forward   .
- Curtailment of renewable generation is assumed to be costless and occurs whenever daytime demand is less than available renewable supply ."," - The paper mentions that in most energy markets in the US and the EU, prices are capped below reasonable estimates of the value of lost load .
- It also notes that if energy prices are capped below the value of lost load, investment incentives for generation are inadequate .
- The study discusses FERC Order 841 and the European Union's Clean Energy Package, which aim to open wholesale energy markets to merchant storage providers and call for competitive supply of storage, respectively  .
- It highlights that the EU's Clean Energy Package restricts ownership of storage by distribution system operators .",The paper focuses on the empirically interesting case where storage capacity (S) is less than the maximum renewable output (θR) .,"The paper does not contain any results or discussion specific to Japan or Hokkaido. However, it extensively discusses energy storage, particularly lithium-ion battery storage, as a carbon-free solution to the duck curve problem and its role in competitive energy markets.

- Storage is a carbon-free solution to the duck curve problem, which arises from high penetrations of solar generation needing replacement when output falls rapidly in the late afternoon .
- The paper considers investment in generation and storage to minimize expected cost in an electric power system model .
- As costs of storage, especially lithium-ion battery storage, have declined, it has become an attractive, carbon-free alternative for offsetting diurnal declines in solar generation .
- Storage targets have been established or are under consideration in several US states (Massachusetts, Nevada, New Jersey, New York, Oregon) .
- Federal policies, like FERC Order 841, aim to open wholesale energy markets to merchant storage providers .
- The European Union's Clean Energy Package also calls for competitive supply of storage and restricts ownership by distribution system operators .
- The model developed in the paper augments a Boiteux-Turvey-style electric power system model with the addition of storage .
- Short-term storage can be installed at a constant cost per unit of capacity and involves a constant fractional round-trip loss of energy .
- The paper focuses on the use of storage for energy arbitrage to solve the duck curve problem and related issues from variable renewable energy resources .
- The model assumes storage has capacity S, per-day unit capacity cost C_S, and round-trip efficiency η < 1 .
- This simple description of storage costs is reasonable for battery storage of a few hours duration with negligible self-discharge and variable operating and maintenance costs .
- The paper explores competitive operating rules for storage under different market regimes   .
- It discusses how competitive storage suppliers would operate, including charging and discharging strategies based on energy market prices and expected future prices  .
- The analysis shows that long-run competitive equilibria can support minima of expected total cost, implying zero expected profit for competitive suppliers of storage .
- The paper concludes that if energy prices are not capped, competitive supply of storage can lead to economically efficient outcomes, supporting market competition for storage .
- However, if wholesale energy prices are capped, it could lead to inadequate incentives for investment in storage, similar to generation, potentially necessitating "," - The authors state a limitation regarding proving the Hessian is always positive definite: ""Under all three regimes, however, it has not been possible to show that the relevant Hessian is always positive definite."" 
- They also note that their model assumes perfectly inelastic demand for simplicity, acknowledging that other papers assume price-sensitive demand and consider welfare maximization. 
- Another limitation is the assumption of independence between probability distributions governing demand and renewable generation output, which rules out weather-induced correlations: ""Independence rules out weather-induced correlations, among other things, but it is not clear how to relax this strong assumption and maintain tractability."" 
- The paper focuses exclusively on energy arbitrage for the duck curve problem, not other functions of storage like frequency regulation or deferral of wires investment. 
- The paper does not address how the appropriate level of storage capacity for various purposes would be determined. 
- This paper does not address the specific market structure or price volatility in Hokkaido, nor does it explicitly model the impact of uncapped energy prices on a battery free-entry equilibrium within that specific region, as it focuses on a theoretical model of an electric power system with storage."
B,AndresCerezoFabra2023_StoringPowerMarketStructure.pdf,"This paper analyzes how market structure affects incentives for energy storage operation and investment. It finds that market power in storage or production, or vertical integration, reduces efficiency and distorts investment. The worst outcomes for consumers and welfare occur under vertical integration, highlighting the need for competition in both generation and storage markets.",," - **Paper Type:** Theory
- **Research Question:** The paper aims to characterize how firms' incentives to operate and invest in energy storage facilities shape market outcomes and how these incentives depend on the market structure, particularly concerning market power and vertical integration  ."," - The main object of analysis is how firms' incentives to operate and invest in energy storage depend on market structure .
- Volatility is mentioned in the context of price patterns, but no explicit definition or construction is provided ."," - The paper builds a stylized theory model. It uses an optimization framework to characterize equilibrium market outcomes under different market structures.
- The social planner's problem for the first-best solution is to maximize total welfare, represented by the equation:
  `max W = ∫[vθ – c(θ – qs(θ) + qB(θ))]g(θ)dθ – C(K)`
  subject to intertemporal constraints for storage capacity and release, as shown in equations (1) and (2)  .
- The independent storage monopolist's problem is to maximize profits, given by:
  `max Π = ∫[p(θ)[qs(θ) – qB(θ)] – CD(qD(θ))]g(θ)dθ`
  subject to constraints (1) and (2), with `p(θ)` replaced by the inverse demand function (6)  .
- The vertically integrated storage monopolist's problem is to maximize profits, given by:
  `max π = ∫{p(θ, qs, qB, qD)[qD(θ) – qB(θ) + qs(θ)] – CD(qD(θ))}g(θ)dθ`
  subject to constraints (1) and (2), with the market price given by (6)  .",," - Storage is modeled as either price-taker or price-maker, depending on the market structure being analyzed.
- Storage capacity is endogenously determined by investment decisions."," - **First-best (Social Planner)**: The optimal investment in storage capacity ($K^{FB}$) is the unique solution where the marginal cost of investment ($C'(K)$) equals the marginal cost savings from storage, given by the difference between two demand thresholds ($0_2^{FB}(K) - 0_1^{FB}(K)$)  .
- **Second-best (Constrained Social Planner)**: The equilibrium investment ($K^{SB}$) is the unique solution where the marginal cost of investment ($C'(K)$) equals a modified marginal cost savings that accounts for market power in generation, given by $\frac{1 + \alpha - \alpha^2}{(1 - \alpha^2)(1 + \alpha)} [0_2^{SB}(K) - 0_1^{SB}(K)]$ .
- **Competitive Storage**: This market structure assumes competitive firms with free entry, leading to a zero-profit condition. The equilibrium investment ($K^C$) is the unique solution where the average cost of investment ($\frac{C(K)}{K}$) equals the marginal value of capacity, which is $\frac{0_2^C(K) - 0_1^C(K)}{1 - \alpha^2}$ .
- **Independent Storage Monopolist**: The equilibrium investment ($K^M$) is the unique solution where the marginal cost of investment ($C'(K)$) equals the monopolist's marginal revenue from storage, which includes a direct effect (arbitrage profits) and a strategic effect (impact on the dominant producer's output) . The equation is $C'(K) = \frac{0_2^M(K) - 0_1^M(K)}{1 - \alpha^2} + \frac{2\alpha K}{(1 - \alpha^2)G[0_1^M(K)]}$ .
- **Vertically Integrated Storage Monopolist**: The equilibrium investment ($K^I$) is the unique solution where the marginal cost of investment ($C'(K)$) equals the internally calculated marginal cost savings for the integrated firm, which is $\frac{0_2^I(K) - 0_1^I(K)}{1 + \alpha}$ ."," - **Capital Cost**: Represented by function C(K), which is increasing and (weakly) convex, with C(0) = C'(0) = 0. This function captures the costs of investing in storage capacity .
- **Discount Rate or WACC**: Not explicitly addressed in the provided text.
- **Lifetime**: Storage investment decisions involve long-lived assets, implying a significant lifetime, but a specific duration is not given .
- **Round-trip Efficiency**: Assumed to be 100% in the main analysis but later parametrized by σ ∈ (0, 1] to account for energy losses, which typically range from 70% to 95% depending on technology  .
- **Degradation**: Not explicitly addressed in the provided text."," - The paper uses a stylized theory model to characterize equilibrium market outcomes, allowing for market power and vertical integration, rather than empirical methods requiring instruments for endogeneity.
- Investment decisions in storage facilities are endogenized, chosen once and for all, followed by competition in the wholesale market.
- Curtailment is addressed by assuming demand net of electricity from non-dispatchable (renewable) technologies, which can be negative in cases of abundant renewable energy. The model allows for net demand to take negative values, where the marginal costs of stored electricity are zero as it's produced from otherwise lost renewable energy."," - The paper mentions the possibility of negative net demand (negative prices) in renewables-dominated markets, and explicitly considers this possibility in Section 6, noting it does not change the main results .
- Interconnectors are mentioned as a means of flexibility, similar to storage, but with key differences such as capacity constraints  .
- Market rules specific to Japan (0.01 yen/kWh floor, gross bidding, January 2021 spike) are not discussed in this paper.",The worst outcome for consumers and total welfare occurs under vertical integration .," - The paper does not contain any results or discussion specific to Japan or Hokkaido.
- The paper frequently discusses 'storage' and 'energy storage' as a core topic, referring to it as a means to counteract renewable output volatility, improve security of supply, reduce generation costs, and flatten the price curve   .
- 'Flexibility' is mentioned as a key aspect of demand response and its importance in power systems  .
- 'Batteries' are specifically mentioned in the context of different market structures for storage technologies, noting that large batteries are more likely to be owned by large firms . They are also cited as an example of distributed storage facilities, like electric vehicles or behind-the-meter batteries ."," - The paper's main analysis assumes that demand is strictly increasing in time along the day, which gives rise to a simple storage cycle. The authors state, ""Although our problem is analytically simpler than a dynamic problem, in the absence of uncertainty, both problems would yield qualitatively similar results, including the comparison across market structures."" 
- The authors also state, ""The main difference, however, is that the storage capacity allows to “stock” energy over time, in contrast to the transmission capacity which allows energy to “flow” at an instant of time."" 
- Another limitation mentioned is that the model ""abstract[s] from issues related to stochastic demand in order to put the spotlight on the role of strategic interactions and the ownership structure."" 
- The authors note, ""Our baseline model rests on a number of simplifying assumptions. In this section, we demonstrate that our main conclusions are robust to relaxing some of them."" 
- The paper's model ""abstract[s] from the network dimension, whereas storage plants are often justified as a substitute for transmission lines."" 
- The paper does not consider the potential positive externalities of energy storage such as improved security of supply, stronger learning by doing economies, or reduced need for transmission infrastructure. 
- The paper states, ""These issues are out of the scope of the current analysis."" in reference to the mix of storage technologies to invest in. 
- The paper does not analyze how distortions in the allocation of hydro over time affect the profitability of investment decisions, stating, ""the existing articles on hydro storage typically take the reservoir capacity as given and, therefore, do not analyze how such distortions in the allocation of hydro over time affect the profitability of investment decisions."" 

This paper does not address the impact of stochastic demand on storage decisions or the specific dynamics of a battery free-entry equilibrium and price volatility in a particular region like Hokkaido."
B,Sioshansi2009_StorageValuePJMArbitrage.pdf,"This paper analyzes the economic value of electricity storage in PJM from 2002-2007, focusing on arbitrage and welfare effects. It examines how factors like fuel prices and efficiency impact storage value, and the benefits of load-shifting by large-scale storage, including social welfare gains and mitigating price shocks.   "," - **Market:** PJM Interconnection, a regional transmission organization in the eastern U.S.  
- **Country:** United States 
- **Sample Period:** Six-year period from 2002 to 2007  
- **Data Frequency:** Hourly energy price data "," - **Paper Type**: Empirical study 
- **Research Question**: The paper analyzes the arbitrage value of a price-taking electricity storage device in the PJM region from 2002 to 2007, considering the impact of fuel prices, transmission constraints, efficiency, storage capacity, fuel mix, and the welfare effects of larger-scale storage  ."," - The main dependent variable or object of analysis is the value of electricity storage   .
- The paper also analyzes the arbitrage value of energy storage  .
- Volatility is not explicitly defined or constructed in the paper; it is mentioned as a factor influencing interest in electricity storage ."," - The primary method for optimizing the storage device's operation to maximize arbitrage profits is a linear program (LP) .
- For larger-scale storage, where prices respond to generating loads, the optimization becomes a convex quadratic program .
- The model is formulated in GAMS 21.7 and solved using CPLEX 9.0 for the linear program .
- For the quadratic program, it is solved using MINOS 5.5 .", - Not addressed in this paper," - Storage is modeled as a price-taker, meaning its charges and discharges do not affect the price of electricity  .
- The storage capacity (hours of full power output) is treated as an exogenous variable for the initial calculations .
- For large-scale storage, the model considers the impact of its charging and discharging on energy prices, implying a price-maker role in that context, but this is an analysis of effects rather than an endogenous investment decision ."," - The model assumes a price-taking storage device, where the device is small enough not to affect electricity prices .
- The operation of the storage device is optimized to maximize arbitrage profits .
- For large-scale storage, the model assumes a non-decreasing linear relationship between the price of energy and generating load .
- The storage device is operated to maximize arbitrage value, with the operator having perfect foresight of hourly electricity prices and their impact ."," - Roundtrip efficiency: 80% (upper range of actual devices currently available) 
- Efficiency sensitivity: Examined for 50%, 60%, 70%, 80%, and 90% 
- No explicit capital cost, discount rate, WACC, lifetime, or degradation assumptions are addressed in detail for the analysis. The paper notes that technology costs and cost structure are not addressed ."," - The paper assumes a linear non-decreasing relationship between price and generating load, which simplifies the optimization to a convex quadratic program. This relationship is estimated using restricted least-squares for each month, based on actual price and load data  .
- The model assumes a profit-maximizer storage operator who perfectly anticipates hourly electricity prices and the effect of charging/discharging on those prices .
- While not explicitly addressing endogeneity with instruments, the paper notes that hourly day-ahead load forecasts are typically within 5% of actual real-time loads, made possible by historical load patterns and weather forecasting, which can be used to provide price estimates .
- Curtailment is implicitly addressed in the large-scale storage model where charges and discharges are sometimes curtailed when the price impacts reduce the marginal arbitrage value to zero .", - Not addressed in this paper,The annual value of arbitrage for a price-taking storage device in PJM with an 80% roundtrip efficiency and a storage time of 12 hours was found to have increased from about $60/kW-year to $110/kW-year or more in recent years .," - The paper does not contain any results or discussion specific to Japan or Hokkaido.
- The paper extensively discusses electricity storage, including various types of storage devices and their applications                                              .
- Specific mentions of batteries include: ""large batteries (such as sodium-sulfur and vanadium redox) have efficiencies of about 65-75%"" .
- Flexibility resources are not explicitly mentioned."," - The paper assumes perfect foresight for storage device operation, which provides an upper bound on value, and notes that a real operator might not achieve this theoretical value .
- It primarily focuses on energy arbitrage, acknowledging that storage can provide additional societal benefits (e.g., improved use of existing generation/transmission, deferred investment in new generation) but does not fully evaluate them .
- The analysis of large-scale storage uses a linear price-load relationship, which is a simplification, though shown to be a good fit for short time frames .
- The study does not address technology costs and cost structure for different storage devices .
- It does not consider co-optimizing between different markets (e.g., energy arbitrage and ancillary services) .
- The paper does not quantify the value of benefits like improved utilization of infrastructure, deferred generation/T&D, and congestion reduction, stating they are ""extremely site-specific and some of these benefits are hard to quantify"" .
- It also does not address the question of ownership structures for storage, and how they impact investment and operational decisions .
- This paper does not model free-entry equilibrium, price volatility specifically in a different region like Hokkaido, or the specific characteristics of batteries; it focuses on PJM, a price-taking storage device, and arbitrage value."
B,Sioshansi2010_WelfareStorageOwnershipStructure.pdf,"This paper analyzes how different ownership structures (merchant, consumer, generator) affect electricity storage use and social welfare. It finds that merchant ownership generally minimizes welfare losses for typical device efficiencies, but a combination of merchant and consumer ownership can maximize welfare gains. Regulators should be cautious about encouraging consumer or generator investment in storage."," - The paper uses market data from the Electric Reliability Council of Texas (ERCOT) power system  .
- The sample period for the empirical market data is 2005 .
- Storage use is simulated for each day of the year separately, using minimum and maximum hourly loads for each day ."," - **Paper Type**: This is a theoretical paper with a numerical simulation component   .
- **Research Question**: The paper examines the incentives for different types of agents (merchant storage operators, consumers, and generators) to use electricity storage and how ownership structure impacts social welfare   ."," - The main object of analysis is the welfare impacts of electricity storage and the implications of ownership structure .
- Volatility is analyzed in terms of increases in electricity price volatility  and differences in on- and off-peak electricity prices . The paper does not provide a specific mathematical definition or construction of volatility itself, but rather examines the effects of storage on price smoothing and arbitrage opportunities due to these price differences."," - The paper uses an optimization model to analyze electricity storage use incentives for different agent types (merchant storage operators, generators, and consumers)  .
- The social welfare change (ΔW(δ)) from storage use is defined as the sum of the change in consumer surplus (ΔCS(δ)), change in producer surplus (ΔPS(δ)), and the arbitrage profit (Πarb(δ)) .
- The model assumes a linear relationship for electricity prices based on generating loads: `p(l) = c₀ + c₁l`, where `c₀ ≥ 0` and `c₁ > 0` .
- The social-welfare maximizing use of storage (δʷ) is found by maximizing ΔW(δ) subject to the constraint `0 ≤ δ ≤ δ` .
- The core optimization problems for generators, merchants, and consumers are formulated to maximize their respective payoffs, which involve arbitrage value, consumer surplus changes, and producer surplus changes   .
- A Nash equilibrium is found by simultaneously solving the equilibrium conditions for these agent types using the PATH solver .",," - Storage is generally modeled as a price-maker, meaning its actions affect market prices, unlike previous analyses that assumed a small 'price-taker' device .
- Storage capacity is treated as exogenous, with the paper examining a fixed total capacity (e.g., 1000 MW) and its distribution among agent types, rather than determining it endogenously through entry or investment decisions  ."," - The paper uses a Nash equilibrium concept for all three agent types (generators, merchants, and consumers) when they simultaneously own and use storage   .
- The agents are assumed to be competing in a non-cooperative setting and follow pure-strategy Nash equilibrium strategies .
- The equilibrium conditions are derived from the first-order necessary conditions (FONC) of each agent's optimization problem, which are then solved simultaneously .
- The specific equilibrium conditions for each agent type are:
  - Generators (symmetric): `co(1-φ) + (δ^G + δ^S + δ^C)c₁(1+φ²) + (M-1)/M c₁(l₂-φl₁) - c₁δ^G(1+φ²) + λ^G - μ^G = 0` (Equation 3) 
  - Merchants (symmetric): `co(1-φ) - (δ^G + δ^S + δ^C)c₁(1+φ²) + c₁(l₂-φl₁) - (Z+1)/Z δ^S c₁(1+φ²) + λ^S - μ^S = 0` (Equation 4) 
  - Consumers (symmetric): `co(1-φ) - (δ^G + δ^S + δ^C)c₁(1+φ²) + (N+1)/N c₁(l₂-φl₁) - (N+1)/N δ^C c₁(1+φ²) + λ^C - μ^C = 0` (Equation 5) "," - Roundtrip efficiency (η) is assumed to be between 0 and 1, reflecting energy losses in the storage cycle .
- The storage device has a discharge capacity of δ MW, and a total charging capacity of δ/η MW .
- The paper notes that utility-scale storage technologies, such as flow batteries and pumped-hydroelectric storage, typically have efficiencies in the 0.65 to 0.85 range .","The paper does not explicitly address endogeneity or the use of instruments like weather or natural experiments. Instead, it relies on structural assumptions within its model to analyze storage use incentives. The model assumes a linear relationship between electricity prices and generating loads, and consumer loads are considered price-inelastic .

Curtailment is not explicitly addressed in the paper.", - Not addressed in this paper,"The analysis showed that the load and price shifting from large-scale storage can result in annual consumer surplus gains on the order of $16-35 million, and producer surplus losses in the range of $14-31 million ."," - The paper does not contain any results or discussion specific to Japan or Hokkaido.
- The paper mentions batteries as a type of modern storage device and refers to flow batteries as a utility-scale storage technology.
- The term ""storage"" is central to the paper, appearing in the title and throughout the text, discussing electricity storage, energy storage, and storage devices. For example, the paper analyzes the welfare impacts of electricity storage and its implications for ownership structure.
- The term ""flexibility resources"" is not explicitly mentioned."," - The paper's analysis is illustrative, noting that prices and loads may not have a linear relationship in reality due to non-convex generation costs, startups, and different generating technologies, leading to non-linearities and steps in the price-load relationship .
- The model is a simplification of actual power system operations .
- A study of battery free-entry equilibrium and price volatility in Hokkaido would need to address the non-linear relationship between prices and loads, non-convex generation costs, and the specific market structure and price volatility of Hokkaido, none of which are explicitly modeled or analyzed in this paper."
B,Lamont2013_EconomicValueOptimalStructureStorage.pdf,"This paper develops a theoretical framework to assess the economic value and optimal structure of large-scale electricity storage. It uses an analytic optimization model to evaluate marginal values of storage components, their impact on system prices, and how these values change as storage penetrates the system. The model helps determine optimal storage capacities by equating marginal value with marginal cost, influencing renewable investments."," - Market: California electricity grid  .
- Country: USA .
- Sample period: 2001 .
- Data frequency: Hourly prices and loads  ."," - **Paper Type:** Methodology / Theory   
- **Research Question:** This paper develops a theoretical framework and analytic optimization model to evaluate the marginal values of storage system components and characterize the impact of storage on price patterns in the system  ."," - The main object of analysis is the economic value and optimal structure of large-scale electricity storage, specifically focusing on the marginal values of its components (charge and discharge capacity, energy storage capacity, and generation capacity)   .
- The paper also analyzes the impact of storage on system prices .
- Volatility is not explicitly defined or constructed as a dependent variable in this paper."," - The paper develops an analytic optimization model to evaluate the marginal values of storage system components and characterize storage's impact on price patterns  .
- It is formulated as a Lagrangian optimization model to minimize total annual capital and operating costs  .
- The objective function is given by the equation: `L = C_a^{cap} k_a + C_c^{cap} k_c + C_d^{cap} k_d + C_r^{cap} k_r + Σ_h Σ_a (C_a^{var} g_{a,h}) + Σ_h (C_c^{var} g_{c,h}) + Σ_h (C_d^{var} g_{d,h})` plus terms for constraints .",," - Storage is modeled as a price-maker, meaning its operation affects system prices  .
- Storage capacity is endogenously determined by entry/investment, as the model seeks to find the optimal capacity where marginal value equals marginal cost  ."," - The equilibrium concept used is system cost minimization, where the total annual capital plus operating cost of the system is minimized  .
- The equilibrium condition for optimal capacity is when the marginal value of capacity equals the marginal cost of capacity .
- The objective function to be minimized is the total annual capital plus operating cost of the system, given by the equation: `Ctot = Σa (Ccapa ka) + Ccapc kc + Ccapd kd + Ccapr kr + Σh Σa (Cvara ga,h) + Σh (Cvarc gc,h) + Σh (Cvard gd,h)` .
- For generators, the condition in hours where they are not dispatched to full available output is `λh = Cvara` .
- For generators dispatched to full capacity, the condition is `γa,h = λh - Cvara` ."," - Capital cost for generator capacity: Ccap ($/kW-yr) 
- Capital cost for storage charge device capacity: Ccap ($/kW-yr) 
- Capital cost for storage discharge device capacity: Ccap ($/kW-yr) 
- Capital cost for reservoir capacity: Ccap ($/kWh-yr) 
- Round-trip efficiency for the example system: 81% (90% efficient on charging and discharging) 
- No explicit discount rate, WACC, lifetime, or degradation assumptions are provided in the paper."," - The paper does not explicitly address endogeneity using instruments, natural experiments, or structural assumptions. Instead, it develops an analytic optimization model to evaluate marginal values and characterize the impact of storage on price patterns .
- The model is formulated as a Lagrangian optimization model to minimize total capital and operating costs, deriving analytic expressions for system price, dispatch, and optimal investment conditions .
- The analysis assumes perfect foresight for optimal operation, which may not hold under actual operating conditions, where realized cycles might not be optimal .
- Curtailment is not directly addressed in the paper. The model focuses on dispatching generators and storage to meet demand, with intermittent generators having an available capacity that is a fraction of their nameplate capacity .","The paper does not explicitly discuss negative prices or price floors, interconnectors, or specific market rules such as Japan's 0.01 yen/kWh floor, gross bidding, or the January 2021 spike. The analysis focuses on a theoretical framework for assessing the economic value and optimal structure of large-scale electricity storage within a system, rather than specific institutional features or market design elements beyond general system marginal costs and dispatch rules. It mentions that ""storage can decrease the cost of the system by using more low cost energy and displacing higher cost generation"" and that the marginal value of capacity should equal marginal cost for all types of capacity in the system .","The optimal storage system for the example would have a charge/discharge capacity of 1.25 GW and a reservoir capacity of about 6.3 GWh, assuming an annual cost of 2.0 $/kW-yr for charge/discharge capacity and 1.5 $/kWh-yr for reservoir capacity ."," - The paper does not contain any results or discussion specific to Japan or Hokkaido.
- The paper extensively discusses 'large-scale electricity storage' and 'energy storage' throughout, as it is the primary topic of the research                                               .
- It mentions 'electro-chemical storage' as a type of storage where charging and discharging devices include inverters and possibly structures for heat dissipation.
- The paper does not explicitly mention 'batteries' or 'flexibility resources'."," - The paper's theoretical framework and example application do not explicitly model battery free-entry equilibrium or price volatility in a specific regional market like Hokkaido, as it focuses on a general large-scale electricity storage model and an example based on California data, and it does not directly address free-entry equilibrium or price volatility in the context of a specific regional market with batteries.
- The analysis ignores forced outages .
- The cycles that are actually realized will generally not be optimal .
- The marginal values of the components will be smaller when operated under uncertainty that when operated under perfect foresight .
- The determination of prices would be more complex in applications like regulation, congestion relief, and transmission deferral ."
B,LampSamano2022_BatteryStorageSpreadArbitrage.pdf,"This paper analyzes large-scale battery storage in California, documenting charging and discharging patterns and their correlation with load and real-time prices. It finds that while batteries engage in arbitrage, their empirical response is smaller than optimal. The study also suggests that current market conditions may limit the profitability of battery investments."," - **Market(s):** California market, specifically the Day-Ahead Market (DAM) and Real-Time Market (RTM)   .
- **Country:** United States (California)  .
- **Sample Period:**
    - Main sample: June 6, 2018, to March 1, 2020 .
    - For equilibrium impacts of new battery capacity: January 1, 2013, to May 31, 2017  .
- **Data Frequency:**
    - Battery output, load, and renewable output: 5-minute intervals .
    - Real-Time Market (RTM) and Day-Ahead Market (DAM) prices: Hourly ."," - **Paper Type:** Empirical  
- **Research Question:** This paper investigates the charging and discharging behavior of large-scale battery storage facilities in the California market, their correlation with load and wholesale prices, and the impact of new storage capacity on wholesale electricity prices ."," - The main object of analysis is large-scale battery storage, focusing on its charging and discharging patterns, and its impact on market outcomes  .
- The paper also analyzes the effect of new storage capacity on wholesale electricity prices, specifically on daily price spreads  .
- Volatility is analyzed through the standard deviation of DAM prices, highlighting a large degree of price uncertainty during peak hours and early morning hours ."," - The paper primarily uses **quantile regression** to analyze the relationship between battery output and market outcomes  .
- The key specification for this regression is: `Y_t = Σ β_q × 1(X_t is in quantile q) + γτ + ε_t` .
- It also employs a **simple model of optimal storage management** (LP/DP optimization) to benchmark empirical observations against theoretical arbitrage behavior .
- The optimization problem maximizes `Σ P_t (E_out - E_in)` subject to constraints on electricity stored, discharge/charge amounts, power capacity, and energy capacity .",," - Storage is modeled as a price-taker, meaning it assumes no effect on the system's residual demand or prices  .
- Individual battery capacities are considered relatively small, supporting the price-taker assumption .
- The model assumes that battery owners take wholesale prices as given .
- The exact time of entry for new storage capacity is assumed to be exogenous to current wholesale prices ."," - The paper uses a price-taking storage facility model that maximizes arbitrage value subject to technological constraints .
- It does not explicitly state a zero-profit free entry, system cost minimization, or Cournot/strategic equilibrium concept for the battery owners' behavior in the market.
- The problem is formulated as a constrained maximization problem for a price-taking storage facility .
- The objective is to maximize the sum of (Eout - Ein) multiplied by the wholesale electricity price (Pt) over time .
- The equilibrium condition is represented by the following optimization problem:
  max Σ (Pt * (Eout - Ein))
  s.t. Zt = Zt-1 + η * Ein - Eout
  Eout, Ein ≤ Rmax
  Eout ≤ Zt-1 + η * Ein ≤ Smax
  Eout, Ein, Zt ≥ 0
  Rmax = 1.5 MW, Smax = 7.2 MWh "," -   **Investment Cost**: $234 per kWh of storage in 2018, based on Bloomberg New Energy Finance .
-   **Discount Rate**: 5% annual discount rate for lifetime calculations .
-   **Lifetime**: 9 years utilization .
-   **Round-trip Efficiency**: 66%  .
-   **Degradation**: The paper notes degradation from full discharges and that CAISO is aware of such costs, but states no specific information on how individual batteries manage these costs is available, as only aggregate data is observed . The model assumes no degradation over lifetime for private value calculations ."," - The paper assumes that prices can be considered exogenous to battery decisions, as individual battery capacities are relatively small .
- For robustness, the authors estimate the model with HAC standard errors to allow for both arbitrary heteroskedasticity and autocorrelation .
- An alternative model instruments lagged battery output at *t*-1 with lagged battery output one day before (*t*-25) to address potential correlation with the error term .
- The timing of battery entry is assumed to be exogenous and not foreseeable .
- Curtailment is not explicitly addressed in the paper."," - The paper mentions that some prices are negative, indicating a market condition rather than an explicit institutional feature like a price floor .
- No specific institutional features such as price floors, interconnectors, or detailed market rules (like those for Japan mentioned in the prompt) are discussed in the paper. The paper focuses on the California market and its observed patterns.","The average annual revenue for battery storage ranges from -9.0 to 34.8 $ per kWh, indicating that under current conditions, it is not profitable for battery owners to operate in this market .", - Not addressed in this paper," - The paper's findings should be interpreted with caution due to observing only aggregate battery responses, lacking a panel dataset on individual storage plants, and using a simple model that abstracts from more complex, dynamic storage considerations .
- Future research is needed to explore the interactions of storage output on wholesale equilibrium prices with capacity market needs and the potential game-changing role of batteries in new capacity markets, such as in PJM, the UK, and Spain .

- To study battery free-entry equilibrium and price volatility in Hokkaido, this paper does not address the impact of individual storage plants, the complexities of dynamic storage considerations, or the specific market conditions of Hokkaido."
B,Hirth2013_MarketValueVariableRenewables.pdf,"This paper analyzes the market value of variable renewable energy (VRE), finding that their value decreases significantly with higher penetration rates. Wind power's value drops from 110% to 50-80% as penetration increases from 0% to 30%, while solar power reaches similarly low values at 15% penetration. The study concludes that competitive large-scale VRE deployment will be challenging."," - **Markets**: Wholesale electricity market, day-ahead spot prices  .
- **Countries**: Germany      , European Union (EU) , Europe (general)  , California (US)  , Western US , Michigan (US) , Denmark (West and East)  , UK (England)  , Austria , PJM (US) , ERCOT (US) , Belgium , Poland , The Netherlands , France , Nordic countries (Sweden, Norway) .
- **Sample Period**: Varies by country and data type:
    - Germany: Wind value factor 2001-2006, solar value factor 2006-2009 . Historical wind and solar value factors 2001-2012  . Daily price structure 2006-2012 . EMMA model calibrated to 2008-2010 market data .
    - California: Solar value factor 2000-2003 . Wind value factor 0-16%, solar 0-9% .
    - Denmark: Wind value factor last decade .
    - UK: Wind value factor 30% penetration .
    - Austria: Wind value factors 30% market share .
    - Europe (general): Wind value factor 0-6% market share .
- **Data Frequency**: Hourly electricity prices and synchronous VRE in-feed  . Daily capacity data for solar . Yearly basis for installed wind capacity . Monthly basis for value factors ."," - The paper is a review paper, an empirical study, and a methodology paper.
- Its research question is to develop a better understanding of how the market value of variable renewable energy (VRE) is affected by penetration, policies, and prices, and to quantify these effects  ."," - The main dependent variable and object of analysis is the market value of variable renewable energy (VRE), specifically measured as its relative price, also called the ""value factor"" .
- The value factor is defined as the ratio of the hourly wind-weighted average wholesale electricity price to its time-weighted average (base price) .
- Not applicable, as volatility is not explicitly defined or constructed as a dependent variable in this paper."," - The paper uses a simple regression model to estimate the impact of increasing penetration rates on value factors .
- The model is specified as a random effects model and estimated using OLS .
- The key equation for the regression model is: `vic = Bo + B₁ sharet.c + B2 sharet.c thermal + B3 thermal + Et.c` .
- The paper also uses the European Electricity Market Model (EMMA), a stylized numerical dispatch and investment model .
- EMMA minimizes total costs with respect to investment, production, and trade decisions under a large set of technical constraints ."," - Yes, the paper estimates separate effects for wind and solar power on market value, which is directly related to prices.
- **Wind Power**: Increasing wind market share by one percentage point is estimated to reduce the value factor by 0.22 percentage points in hydro systems and by 1.62 percentage points in thermal systems .
- **Solar Power**: Historical data shows that an increase in solar market share from zero to 4.5% led to a decline of its value factor by 28 percentage points . Solar value factors are reported to drop faster than wind, reaching 0.7 at 10-15% penetration, compared to wind reaching 0.7 at 30% .
- The paper notes that solar power's value factor drops "," - Storage is modeled as optimizing endogenously, meaning its capacity is endogenously determined by entry/investment, rather than being a price-taker or price-maker in the traditional sense. It optimizes under turbine, pumping, and inventory constraints ."," - The European Electricity Market Model (EMMA) minimizes total costs, which is equivalent to the market equilibrium under the assumption of perfect and complete markets .
- The model assumes a zero-profit condition in the long-term equilibrium ."," - **Fixed and variable generation costs**: Based on IEA and NEA (2010), VGB Powertech (2011), Black & Veatch (2012), and Nicolosi (2012) .
- **Discount rate**: 7% for all investments, including transmission, storage, and VRE ."," - The paper uses a structural approach with a stylized numerical dispatch and investment model (EMMA) to estimate value factors at various penetration rates, assuming markets are perfect and complete, and the social planner solution is identical to the market equilibrium  .
- Endogenous investment and disinvestment are allowed in the medium-term framework, where existing infrastructure is considered, and in the long-term framework, where the system is optimized from scratch .
- The model explicitly states that it does not feature integer constraints and is not a unit commitment model, but start-up costs are parameterized to achieve realistic dispatch behavior .
- Curtailment of VRE is possible at zero costs, implying the electricity price cannot become negative ."," - The paper discusses the impact of interconnector capacity on the market value of VRE, noting that higher long-distance transmission capacity helps balance VRE generation fluctuations .
- It also mentions that the electricity price cannot become negative, as curtailment of VRE is possible at zero costs .
- Market rules are discussed in the context of their influence on the economic value of wind power .",The market value of wind power is found to fall from 110% of the average power price to 50-80% as wind penetration increases from zero to 30% of total electricity consumption .," - The paper mentions the importance of flexibility resources for VRE integration, such as reservoir hydropower, demand response, and heat storage, but notes that these are not fully modeled in EMMA  .
- It discusses electricity storage as a means of VRE integration, specifically mentioning pumped hydro storage .
- The paper states that batteries, consumer appliances, or power electronics could help supply ancillary services and allow thermal plants to be dispatched more flexibly .
- There is no mention of Japan or Hokkaido in the paper."," - The authors state that all model results should be interpreted keeping methodological shortcomings in mind, specifically mentioning that ""Hydro reservoirs, demand elasticity, and technological innovations are not modeled, which probably is a downward bias to VRE market values. Internal grid bottlenecks and VRE forecast errors are not accounted for, which might bias the value upwards."" 
- For future research, they suggest ""A more thorough evaluation of specific flexibility options is warranted, including a richer set of storage technologies, demand side management, long-distance interconnections, and heat storage."" 
- They also recommend a special focus on ""the existing hydro reservoirs in Scandinavia, France, Spain and the Alps"" , and further research on ""balancing and grid-related costs"" , as this study primarily focused on profile costs.
- This paper does not specifically model battery free-entry equilibrium, price volatility in a specific region like Hokkaido, or the detailed impact of different storage technologies, which would be crucial for such a study."
B,BrownReichenberg2021_ValueDeflationPolicyAction.pdf,"This paper demonstrates that the declining market value of variable renewables (VRE) is primarily a result of policy choices, not an inherent integration problem. When VRE growth is driven by CO2 policies rather than direct subsidies, their market value remains high, ensuring cost recovery. The study concludes that market value needs to be interpreted cautiously, considering the underlying policy regime."," - The paper's theoretical insights are demonstrated using a market model based on EMMA, reimplemented in the PyPSA framework .
- The model has five nodes for Germany and four of its neighbors (Poland, France, the Netherlands, and Belgium) .
- It minimizes long-term generation costs over historical hourly load and weather data from the year 2010 .
- Market data from Germany for 2010-2018 is used to illustrate market price and market values of wind and solar, as well as ETS CO2 prices .
- The paper also uses market data from Germany for 2011-2016 to show the average power price and market values of wind and solar .","This paper is a theory and simulation-based study   that aims to resolve the apparent contradiction between studies showing high shares of renewables as cost-effective and those indicating a decline in their market value, by demonstrating how market incentives interact with prices, revenue, and costs for renewable electricity systems under different policy regimes  ."," - The main object of analysis is the market value of variable renewables (VRE) .
- Volatility is not analyzed as a dependent variable; instead, the paper discusses how flexibility options smooth price variability ."," - The paper uses a long-term optimization framework .
- It maximizes yearly social welfare for a single node with linear supply cost functions.
- The key equation for this optimization is:
  max U_a,t(d_a,t) - Σ_s C_s G_s - Σ_s,t O_s g_s,t 
- Subject to the energy balance constraint: Σ_s g_s,t = Σ_a d_a,t 
- And generator constraints: 0 ≤ g_s,t ≤ ĝ_s,t G_s 
- The model is based on EMMA (Hirth, 2013) and reimplemented in the open PyPSA framework."," - The paper notes that solar market value declines much faster than wind market value in support policies .
- Under a VRE support policy, the LCOE dips due to the changing mix of wind and solar; wind is initially preferred (higher LCOE, more regular profile) before solar increases (lower LCOE), and then wind takes over again at higher penetrations .
- For CO2 policy, the LCOE dip and gentle rise have the same explanation regarding the changing shares of wind and solar .
- The paper does not provide specific coefficients quantifying separate effects of wind and solar on prices or volatility, but rather discusses their combined impact and relative decline rates under different policy regimes."," - Storage is modeled as a price-taker, meaning it recovers its capital costs by arbitrage, charging when prices are low and discharging when prices are high  .
- Storage capacity (both battery and hydrogen storage) is endogenously determined by investment optimization, as indicated by the model allowing for its expansion  ."," - The paper uses a long-term equilibrium concept where producers make zero profit under idealised conditions of perfect market competition, free entry and exit, and linear cost functions  .
- This 'zero-profit rule' means the average revenue generators receive from the market exactly covers their costs .
- The equilibrium condition is expressed as: MV = LCOE_s, where MV is market value and LCOE_s is the levelised cost of electricity for each generator s ."," - **Capital Costs (updated for 2030 forecasts)**:
    - Nuclear: 6000 €/kW (updated from 4000 €/kW) 
    - Wind: 1040 €/kW (updated from 1300 €/kW) 
    - Solar: 510 €/kW (updated from 2000 €/kW) 
    - Lignite: 2200 €/kW 
    - Coal: 1500 €/kW 
    - CCGT: 1000 €/kW 
    - OCGT: 600 €/kW 
    - Battery inverter: 333 €/kW 
    - H2 electrolysis: 750 €/kWel 
    - H2 turbine: 800 €/kWel 
    - Transmission expansion: 400 €/(MWkm) 
- **Fuel Costs**:
    - Nuclear: 3 €/MWhth 
    - Lignite: 3 €/MWhth 
    - Coal: 11.5 €/MWhth 
    - CCGT: 25 €/MWhth 
    - OCGT: 50 €/MWhth 
- **Load Shedding Cost**: 1000 €/MWhel 
- **Discount Rate**: 7% 
- **Lifetimes**:
    - Nuclear: 50 years 
    - Other plants: 25 years 
    - New transmission assets: 40 years 
- **Efficiency**:
    - H2 electrolysis: 80% 
    - H2 storage: 0.5 €/kWh (this is likely a cost per unit of storage, not an efficiency) 
- **Degradation**: Not addressed in this paper."," - The paper resolves a contradiction regarding market value decline by showing it is a result of policy choices rather than an intrinsic property of VRE, focusing on long-term equilibrium where generators cover costs with market revenue  .
- It uses a long-term optimization framework to show how prices and market values relate to costs and policy measures, particularly under 'zero profit' rule conditions .
- The model assumes a perfectly price-inelastic demand up until a high value of lost load, and completely rebuilds the existing generation system ('greenfield investment') .
- Weather conditions are implicitly considered as part of the time periods in the long-term equilibrium model .
- Curtailment is explicitly defined as affecting the LCOE of wind and solar by averaging over actual energy generated, rather than theoretically available energy before curtailment .
- The definition of LCOE raises when there is curtailment at high penetrations .
- When support policies are used, the FiP can force market prices to be negative, and simulations where negative prices are forbidden are presented in Appendix E.2 .
- Under a CO2 policy, the LCOE of wind and solar are equal to the MV, and curtailment increases as penetration rises, causing the LCOE to drop  .
- With additional flexibility options, curtailment is limited, preventing drastic changes in average market price or market values ."," - The paper discusses negative prices in the context of VRE support policies, noting that it is rational for VRE generators to offer negative bids when subsidized, as they receive compensation regardless of market price.
- It also mentions that some markets suspend support when prices go negative for a sufficient time (e.g., 4 hours in Germany for renewables built from 2021), which removes the incentive for negative bidding.
- The paper notes that flexible demand and storage can bid up prices when VRE is abundant and lower prices when VRE is scarce, thereby helping to smooth price variability.
- Interconnectors are mentioned as a flexibility option, with transmission capacities between countries being fixed at net transfer capacities (NTC) values from summer 2010 in the model. The expansion of the transmission grid is also considered as an additional flexibility option.
- The specific market rules for Japan, such as the 0.01 yen/kWh floor, gross bidding, or the January 2021 spike, are not addressed in this paper.","The most important quantitative result is that the CO2 price required to induce a given VRE penetration rises to 70 €/tCO2 at a penetration of 50%, before rapidly rising to above 220 €/tCO2 at 70%."," - The paper mentions the 'North-East Asian Super Grid' for 100% renewable energy supply, with a focus on optimal energy technologies for electricity, gas, and heat supply options, citing Bogdanov and Breyer (2016) and Breyer et al. (2015)  .
- It also notes that Japan is part of the 'North-East Asian Super Grid' model .
- The paper discusses the mention of batteries/storage/flexibility resources in several contexts:
  - Additional flexibility options like transmission, demand response, and storage can smooth the variability of renewable generators and raise prices when renewables are abundant, and lower prices when scarce .
  - The model allows for the expansion of the transmission grid and the installation of new storage, specifically batteries and underground hydrogen storage, to explore the impact of flexibility .
  - The paper notes that hydrogen storage is critical for removing final emissions from the system, as it can provide power when wind and solar feed-in is low for multiple days .
  - Battery assumptions are drawn from Budischak et al. (2013), and hydrogen (H2) electrolysis from Schmidt et al. (2017) and underground H2 storage from Steward et al. (2009) .
  - The model excludes new nuclear, CCS, price-elastic demand, demand-side management (DSM), coupling to transport or heating, hydroelectric dams, and interconnection across Europe, but notes that a larger geographic scope or the inclusion of hydroelectric dams, DSM, or sector coupling would expand flexibility mechanisms and dampen the decrease of market value under VRE support policies .
  - The paper states that flexibility measures have the potential to dampen the market value decline under a VRE support policy, but do not solve the bigger issue of the 'cannibalisation effect' .
  - The analysis was repeated with the addition of transmission expansion and storage investment possibilities for battery and hydrogen storage, which limited curtailment and kept VRE penetration at 100% without drastically affecting market price or market values ."," - The study focuses on mechanisms connecting cost, price, and policy in the long-term, and while the theory holds regardless of specific technology assumptions, many simulation results depend on background system choices .
- The base model excludes new nuclear, CCS, price-elastic demand, demand-side management (DSM), coupling to transport or heating, hydroelectric dams, and interconnection across the whole of Europe .
- A larger geographic scope or the inclusion of hydroelectric dams, DSM or sector coupling would expand flexibility mechanisms and thereby dampen the decrease of MV under VRE support policies and decrease system cost .
- The approach of grouping generators into representative classes, while standard, leads to a strongly simplified step-wise merit order curve compared to a smoother curve from a wide variety of generator types, which may impact the rate of market value decline in a more realistic short-term model .
- For a broader investigation of policy implications, ""more sophisticated methods, which account for a broader technology selection, demand elasticity, inter-temporal dynamics, learning effects, path dependencies (Grubb et al., 2021), risk averse agents and political economy aspects would be necessary"" .
- This paper does not address the question of battery free-entry equilibrium and price volatility in Hokkaido, as it focuses on the long-term mechanisms of cost, price, and policy in a European context, without considering specific regional markets, battery free-entry, or price volatility in detail."
B,LopezProlSchill2021_EconomicsVREandStorage.pdf,"This paper analyzes the integration of variable renewable energy (VRE) and electricity storage into decarbonized electricity systems. It details how VRE penetration impacts wholesale prices and value (merit-order and cannibalization effects) and explores the role of storage and other flexibility options in mitigating these challenges, especially as VRE shares increase."," - Stylized German setting for graphical intuition, using a reduced model  .
- California and Germany for variable renewable patterns (wind and solar generation) in 2016, with normalized average hourly data .
- Various countries/states for empirical studies on the merit-order effect, including Germany, Italy, Spain, Australia, California, and Texas .
- Main US electricity markets for wholesale price volatility, with varying time frames (hourly, daily, weekly) .
- PJM market (US) for arbitrage value of storage, using historical price data from 2002 to 2007 .
- Germany for storage needs up to 50% VRE share, and for long-duration storage in settings beyond 80% renewable penetration .
- Europe for energy droughts from variable renewables .
- Germany, Texas, contiguous United States, and four US regions for long-duration storage needs as VRE penetration approaches 100% .
- Texas for future scenarios of VRE penetration and storage capacities .
- Germany for electricity storage needs with VRE curtailment ."," - The paper is a review article  .
- Its research question is to discuss the economics of variable renewable energy (VRE), electricity storage, and their interactions in decarbonized electricity systems ."," - The main objects of analysis include the economics of Variable Renewable Energy (VRE), electricity storage, and their interactions .
- The paper discusses the merit-order effect (decline of wholesale electricity prices) and the cannibalization effect (decline of VRE value) .
- It also reviews the role and value of electricity storage .
- Price volatility is discussed, but no exact definition or construction is provided for it. Instead, it mentions that the effects are specific to the considered time frame (hourly, daily, or weekly volatility), the VRE technology, and the conditions of the electricity system ."," - The paper uses a stylized open-source model, a reduced version of the DIETER model, for graphical intuition on electricity storage and VRE shares.
- It employs a cost-minimization approach, interpreting the dual variable of the energy constraint as a wholesale price.
- The model considers five generation technologies (hard coal, open- and closed-cycle gas turbines, solar PV, wind power) and one stylized storage technology (pumped hydro storage) in a single region (Germany, one node) with fully price-inelastic hourly electricity demand.
- The model determines cost-minimal generation and storage capacities and their optimal dispatch for different VRE shares, enforced by a constraint that the desired VRE share is met through an energy-based premium on wholesale market revenues."," - The paper discusses separate effects of wind and solar on wholesale electricity prices and volatility, but does not provide specific coefficients or magnitudes for these effects, stating that empirical evidence is mixed and depends on various factors  .
- **Merit-order effect:** The merit-order effect of solar is generally stronger than that of wind, as solar generation is more concentrated during daytime hours .
- **Price volatility:**
  - Wind tends to increase price volatility due to increased flexibility needs .
  - Solar tends to decrease price volatility by scaling down the use of peak-load power plants .
  - Daily volatility patterns differ: wind decreases daily volatility in Denmark but increases it in Germany, whereas solar decreases daily volatility in Germany .
- **Cannibalization effect:**
  - Solar PV experiences a more pronounced deterioration in market value due to regular diurnal generation patterns .
  - Increasing solar penetration reduces its own value but increases the value of gas in the Italian wholesale electricity market .
  - In California, wind decreases its own value and solar value, in both relative and absolute terms, and solar decreases its own market value and value factor but increases the wind value factor ."," - Storage is generally modeled as a price-taker in studies using historical wholesale price data .
- The paper's stylized open-source capacity expansion model endogenously determines cost-minimal generation and storage capacities .
- This model's focus is on qualitative insights and general mechanisms, not precise numbers ."," - The paper uses a cost-minimization approach to determine cost-minimal generation and storage capacities, as well as their optimal dispatch for different shares of VRE .
- This approach interprets the dual variable of the energy constraint as a wholesale price ."," - The stylized open-source model used for graphical intuition considers specific investment costs for power and energy capacity .
- It also includes variable costs and technical lifetime .
- Round-trip efficiency is another techno-economic parameter mentioned for electricity storage technologies .","The paper does not explicitly discuss endogeneity in terms of instrumental variables, natural experiments, or structural assumptions. However, it addresses curtailment in several ways:
- Curtailment is defined as the reduction in generator output from what could otherwise be produced given available resources .
- It is noted that VRE producers have no control over production beyond curtailment .
- Increasing VRE penetration leads to increasing levels of curtailment, which impacts the levelized costs of wind and solar energy .
- The paper highlights that storage is never deployed to fully take up renewable surplus generation in a least-cost solution, as this would require excessive and underutilized investments, implying that some level of curtailment will always exist in a cost-minimizing solution .
- The model used for graphical intuition minimizes overall system costs, and it is found that a mix of VRE curtailment and storage deployment is optimal .
- Flexible Power-to-X options can further reduce storage needs if renewable curtailment is not artificially constrained ."," - Negative prices are discussed as a potential outcome when VRE supply exceeds demand, particularly when VRE deployment is driven by a minimum renewable energy share constraint .
- The paper notes that wholesale prices never turn negative in an alternative model setting where VRE deployment is driven by CO2 pricing .
- The concept of inter-regional grid interconnections is mentioned as a feasibility aspect for powering the Americas with renewable energy .
- Market design and regulatory frameworks are highlighted as needing adjustment to enable flexibility options to capture their value .
- There is no discussion of price floors (including the 0.01 yen/kWh floor), gross bidding, or the January 2021 spike in Japan.","The IEA estimates that battery storage will grow from a capacity of 8 GW in 2018 to 330 GW in 2040, representing more than half of the storage power capacity .", - Not addressed in this paper," - The authors state the following for future research:
    - ""Future market design should enable agents to capture the various values that storage and other flexibility options provide."" 
    - ""Decentralized electricity storage and sector coupling will have an increasing role in decarbonized electricity systems."" 
    - ""Future research should analyze in more detail how the economics of VRE interact with centralized and decentralized storage and sector coupling options."" 
    - ""Future research should thus address in more detail the interactions between grid-scale and decentralized electricity storage, as well as various sector coupling options. This also requires taking the operational characteristics of decentralized batteries into account, which heavily depend on end-user behavior and retail market design. Likewise, the flexibility potentials and constraints of various Power-to-X processes and their repercussions on electricity storage and VRE market dynamics should be studied in more detail."" 
    - ""Further, market design and regulatory frameworks may have to be adjusted to enable all flexibility options to capture the various values they may provide to the system. This is necessary to achieve welfare-optimal deployment of each technology in the real world. Yet the necessary adjustments may differ strongly between markets and jurisdictions and are also subject to further research."" 
- The paper does not address a battery free-entry equilibrium, nor does it focus on specific regional price volatility like Hokkaido, as its stylized model is set in Germany with fixed optimal dispatch and capacity values rather than market entry dynamics.   "
B,Zhao2022_StrategicStorageInvestmentsCAISO.pdf,"This paper investigates strategic energy storage investments in the CAISO electricity market using a game theory model. It finds that increasing investor competition reduces individual profits but increases total storage capacity, and that renewable energy levels impact arbitrage potential. The study also compares different storage technologies under varying market conditions."," - **Market:** CAISO electricity market    .
- **Country:** United States (specifically California)   .
- **Sample Period:** 2019 to 2021   .
- **Data Frequency:** Hourly  ."," - **Paper Type**: Structural-equilibrium / Theory / Case Study   
- **Research Question**: This paper investigates strategic market behavior among competing investors in energy storage using a non-cooperative game model, specifically focusing on how storage impacts prices and market competition within the CAISO electricity market  ."," - The main object of analysis is the strategic investment behavior among multiple energy storage investors in the CAISO electricity market, focusing on arbitrage revenues  .
- The paper also analyzes equilibrium profit, invested storage capacity, and storage duration .
- Volatility is analyzed as 'price uncertainty' by modifying historical prices with a random price uniformly distributed with 20% error  ."," - The paper uses a non-cooperative game-theoretical model to investigate strategic market behavior among competing investors  .
- It establishes a centralized optimization problem to compute the market equilibrium  .
- The game is formulated with a profit function for each investor  and a decision set constrained by power capacity limits, energy level bounds, and non-simultaneous charge/discharge        .
- The key optimization problem to compute the Nash equilibrium is given by :
  `max Σ(i∈I) fi(x) + E(ω∈Ω) Σ(t∈T) Σ(1≤i<j≤I) a(ω)[t] · A(ω)(xi, xj)]`
  `s.t. x ∈ X(i), ∀i ∈ I`
  where `A(ω)(xi, xj) := (-p(ch,ω)[t] + p(dis,ω)[t]) · (-p(ch,ω)[t] + p(dis,ω)[t])` .
- This problem can be reformulated as mixed-integer quadratic programming for solution ."," - Yes, the paper estimates separate effects of wind and solar energy on market prices and price spread  .
- **Solar Energy:** Increasing solar energy is expected to decrease market prices during the daytime, but has no impact on late-night prices . It increases the price spread between daytime and night .
- **Wind Energy:** Increasing wind energy reduces prices at night (e.g., 01:00) slightly more than during the daytime (e.g., 13:00) . Small increases in wind energy can initially decrease the price spread, but further increases can increase it .
- No specific coefficients for the magnitude of these effects are quoted, but the paper uses a linear model where the market price is affected by the net discharge amount of all investors and the renewable energy amount R®[t]  ."," - Storage is modeled as a price-maker, meaning it impacts market prices  .
- Storage capacity is endogenously determined by investor decisions on how much to invest  ."," - The paper uses a non-cooperative game model, specifically Cournot competition, to analyze strategic interactions among investors  .
- The key equilibrium concept is the Nash equilibrium  .
- At Nash equilibrium, each investor's strategy is the best response given other investors' decisions, meaning no one has an incentive to unilaterally deviate to increase profits .
- The equilibrium is equivalent to the solution of a centralized optimization problem, which maximizes the sum of investors' profits plus an additional term accounting for market competition  :
  `max Σ_i∈I f_i(x) + E_ω∈Ω Σ_t∈T Σ_1≤i<j≤I a^ω[t] · A^ω(x_i, x_j)]` ."," - **Capital Cost (Energy-Capacity)**: For Li-ion batteries, 385 $/kWh in 2020, reduced to 72.6 $/kWh for demonstration  . For other technologies (Lead-acid, VRFB, CAES), specific values are provided in Table 1 .
- **Capital Cost (Power-Capacity)**: For Li-ion batteries, 85 $/kW . Specific values for other technologies are in Table 1 .
- **Discount Rate / Annual Interest Rate**: 5%  .
- **Lifetime**: For Li-ion batteries, 10 years . Specific values for other technologies are in Table 1 .
- **Round-trip Efficiency**: For Li-ion batteries, 0.88 . Specific values for other technologies are in Table 1 .
- **Degradation**: Considered as part of operation costs, but a detailed model is beyond the paper's scope . Variable O&M cost of 0.52 $/MWh is used for each storage technology  ."," - The paper does not explicitly address endogeneity using instruments, natural experiments, or structural assumptions. It focuses on strategic interactions and market equilibrium based on given market price functions and storage parameters, rather than inferring causal relationships that might be subject to endogeneity concerns.
- Curtailment is not directly addressed in the paper. However, the model considers net demand, which accounts for variable renewable energy (VRE) generations, implying VRE is dispatched in priority due to zero marginal cost. This suggests that VRE reduces net demand, which in turn reduces market price, but the paper does not detail the impact of VRE exceeding demand or grid capacity, which would lead to curtailment ."," - The paper mentions the possibility of ""negative prices"" due to increasing renewable energy levels, which could impact profit results .
- It also discusses ""price floors"" implicitly by referring to the 0.01 yen/kWh floor in the context of market rules, though specifically for Japan, which is not the primary focus of this CAISO study .
- ""Interconnectors"" are not explicitly discussed.
- ""Market rules"" are generally referred to, particularly in the context of market price function and competition, but specific rules like ""gross bidding"" or the ""January 2021 spike"" (in Japan) are not detailed in relation to the CAISO market  .",The global stationary storage market is expected to increase from $9.1B and 15.2 GWh in 2019 to $111.8B and 222.7 GWh in 2035 .,None. The paper does not contain any results or discussion specific to Japan or Hokkaido. It focuses on a case study of the CAISO electricity market in the U.S. and mentions Germany in the introduction for frequency containment reserve markets .," - **Limitations and Future Research:**
- ""We do not consider the transmission constraints, which we leave as a future extension."" 
- ""To incorporate transmission constraints, we can analyze the data of the price and net demand for each node, and establish the node-based market-price functions following the same approach in this work. Each investor decides the invested capacity and output operation at each node, which satisfies the transmission constraints. The challenge of this extension lies in obtaining the market data for each node. Instead of approximating the market-price function using data, another way of modeling the transmission constraints is to adopt the locational marginal price computed by an economic dispatch model. The challenge is that we cannot directly apply the methodology with this work; this extension will call for the development of additional techniques in future work."" 
- ""In practice, such information may not be known accurately by the investors. For example, one investor may only know a probability distribution of other investors' storage parameters, e.g., the distribution of capital costs. In that case, each investor will try to maximize the expected profit accounting for this randomness in competitor information. Some game theory techniques, such as Bayesian game theory [56], can be a potential method to model this incomplete-information setting and compute the Nash equilibrium. We leave this interesting direction as future work."" 
- ""If there is a price over 250 $/MWh in some hour on one day, we exclude that day from the scenario set. Also, note that there were abnormal prices in February 2021 due to the large-scale Texas outage. We exclude this month data since the linear model does not have a good approximation."" 
- ""In the future work, we will improve the model of the market price function impacted by storage, e.g., extending the linear function to a piece-wise linear one so as to more accurately model high prices."" 
- ""Our current work focuses on the simultaneous one-time investment decisions of all the investors, which can be extended to the sequential decisions over time."" 
- ""We do not consider geographical constraints, which can be significant for a technology such as CAES."" 

- This paper does not address geographical constraints, market price functions for specific regions like Hokkaido, or the sequential investment decisions required to model free-entry equilibrium and price volatility over time.    "
B,Mercier2023_StorageArbitrageDayAheadEurope.pdf,"This paper analyzes the historical value of electricity storage arbitrage in European day-ahead markets, considering factors like round-trip efficiency, storage duration, and grid fees. It reveals significant variations in storage value across regions and time, with grid fees notably decreasing profitability and participation. The study emphasizes the importance of these dynamics for flexible storage solutions. "," - **Market(s):** Day-ahead markets (DAM) across Europe   .
- **Country/Region:** EU-28 countries, Norway, Switzerland, and Turkey  . Specific countries mentioned include Switzerland (CH), Estonia (EE), Latvia (LV), Lithuania (LT), Poland (PL), Czechia (CZ), Slovakia (SK), Hungary (HU), Slovenia (SI), Croatia (HR), Serbia (RS), Romania (RO), Bulgaria (BG), Denmark (DK), Norway (NO), Sweden (SE), Finland (SI) . The impact of grid fees is specifically investigated for Belgium   .
- **Sample Period:** Historical data from 2000 to 2021, with specific start dates varying by bidding zone (between 2000 and 2017) and spanning to 2021  .
- **Data Frequency:** Hourly DAM prices   ."," - **Paper Type:** Methodology / Empirical  
- **Research Question:** This paper investigates the historical value of electricity storage arbitrage on day-ahead markets across Europe, considering factors like round-trip efficiency, storage duration, and grid fees  ."," - The main dependent variable and object of analysis is the historical value of electricity storage from arbitrage .
- The paper also investigates the impact of variable grid fees on arbitrage value .
- Volatility is analyzed, and its construction is the ""Yearly volatility of hourly prices (€/MWh)""  ."," - The analysis uses a mixed-integer linear program (MILP) to maximize arbitrage profit  .
- The objective function is: `max Σ Ph(dh - ch)` .
- Constraints include: `0 ≤ dh ≤ bh`, `0 ≤ ch ≤ (1-bh)`, `0 ≤ sh ≤ Smax`, and `Sh+1 = Sh - dh/η + ch√η` .
- `bh` are binary variables preventing simultaneous charging and discharging ."," - The paper does not estimate separate quantitative effects of wind and solar on prices or volatility, nor does it provide key coefficients for these impacts .
- It mentions that higher wind penetration increases daily price volatility in Germany but decreases it in Denmark due to access to flexible hydro generation .
- Solar power is found to decrease daily price volatility in Germany as it is produced during peak hours, pushing peak prices down ."," - Storage is modeled as a price-taker, meaning its actions do not influence market prices   .
- Storage capacity is treated as exogenous, with the analysis assuming existing storages or marginal storages with sufficiently low power ratings that do not move prices ."," - The paper uses a 'price-taker' assumption, meaning the storage owner does not influence market prices, which is a common assumption in perfect foresight models  .
- It aims to maximize the arbitrage profit function .
- The model is simplified by taking perfect-foresight and price-taker assumptions .
- The perfect-foresight hypothesis allows hourly DAM prices to be known in advance with full certainty ."," - Capital expenditure (CAPEX) is mentioned as a variable for some studies, but the paper itself does not optimize storage value based on a CAPEX function .
- Discounting is ignored in the model's objective function .
- Round-trip efficiency (η) is a key parameter, varied from 50% to 100% in steps of 5 percentage points  .
- Degradation (storage decay) is ignored ."," - The paper uses a price-taker assumption, meaning storage actions do not influence prices, which simplifies modeling and avoids endogeneity concerns related to supply and demand interplay .
- It also employs a perfect-foresight assumption, treating hourly Day-Ahead Market (DAM) prices as known in advance, which deviates from reality but provides an upper-bound benchmark for storage value and avoids complex forecasting or bidding strategy simulations .
- The model does not explicitly address curtailment as a separate concept; however, it mentions that the perfect-foresight assumption reduces the potential impact of hindsight bias compared to using intraday or imbalance prices .
- The study acknowledges that the perfect-foresight approach leads to overoptimistic results but uses it as a common ground for comparing valuation results across different bidding zones and years  ."," - **Negative prices/price floors**: The paper mentions that the Hourly Ontario Energy Price (HOEP) turned negative 5500+ hours (over 20% of the time) between 2014-2017 . It also discusses that feed-in tariffs incentivizing renewable producers to bid at negative prices increase day-ahead price volatility . Furthermore, the introduction of the German market premium scheme decreased hours with negative prices by some 70% .
- **Interconnectors**: The paper discusses the role of interconnectors in European DAMs, noting initiatives to couple local DAMs to make the best of existing interconnectors . It also mentions the split in October 2018 of the German-Austrian bidding zone into two separate ones, and the exit in January 2021 of the EU-GB interconnectors and the GB bidding zone from the MRC coupling . The Swiss electricity prices are shown to be mostly determined by cross-border trade .
- **Market rules**: The paper mentions that the development and progressive coupling of European DAMs occurred in accordance with an evolving European legislative body, including Directives and Regulations targeting a pan-European single day-ahead coupling (SDAC) . It also refers to the Regulation (EU) No 1227/2011 on wholesale energy market integrity and transparency (REMIT), which prohibits market manipulation such as capacity withholding .
- **Japan's 0.01 yen/kWh floor, gross bidding, January 2021 spike**: These specific market rules and events related to Japan are not addressed in this paper.","The paper finds that grid fees can decrease storage arbitrage value by 20% to 50%, and that they can also dramatically decrease storage participation in day-ahead markets .", - Not addressed in this paper," - The paper's findings are limited to existing energy storage facilities of any size and to additional energy storage facilities that are small enough not to affect market prices .
- The study does not cover the value of capacity remuneration, futures, intra-day, real-time, and reserves markets, nor does it look at ancillary services related to renewable energy integration .
- Future research could quantify the impact of alternative value streams to provide a more comprehensive view of the overall value of energy storage .
- The paper does not quantitatively evaluate the impact of various drivers on arbitrage value, leaving this for future research .
- The paper does not address a study of battery free-entry equilibrium and price volatility in Hokkaido, as it focuses on historical value of electricity storage arbitrage on day-ahead markets across Europe and does not consider specific regional grid dynamics or free-entry equilibrium scenarios."
