単位[MW平均],,,供給力(確報),,,,,,,,,,,,,,,,
DATE,TIME,エリア需要,原子力,火力（ＬＮＧ）,火力（石炭）,火力（石油）,火力（その他）,水力,地熱,バイオマス,太陽光発電実績,太陽光出力制御量,風力発電実績,風力出力制御量,揚水,蓄電池,連系線,その他,合計
20240601,0:30,7474,2990,1218,2280,82,274,606,126,448,0,0,54,0,0,0,844,240,7474
20240601,1:00,7222,2992,920,2288,78,294,590,126,436,0,0,46,0,0,-8,784,244,7222
20240601,1:30,7056,2992,800,2324,78,276,572,126,446,0,0,40,0,0,-12,828,242,7056
20240601,2:00,7052,2988,846,2330,78,288,566,124,432,0,0,38,0,0,-10,868,240,7052
20240601,2:30,7114,2994,758,2286,78,272,562,126,450,0,0,48,0,178,-10,868,240,7114
20240601,3:00,7330,2992,712,2212,78,296,674,124,434,0,0,46,0,440,-6,912,240,7330
20240601,3:30,7610,2992,686,2160,80,272,804,126,454,0,0,56,0,604,0,864,240,7610
20240601,4:00,7904,2994,718,2160,78,290,872,126,430,0,0,56,0,816,0,876,240,7904
20240601,4:30,8120,2992,712,2118,80,276,882,126,454,0,0,50,0,1060,2,872,240,8120
20240601,5:00,8240,2992,686,1914,82,294,884,124,430,0,0,50,0,1322,-2,776,240,8240
20240601,5:30,8218,2992,910,1872,84,274,892,126,450,9,0,55,0,1334,4,1024,240,8218
20240601,6:00,7988,2990,658,1614,84,292,862,124,428,283,0,51,0,1170,0,808,240,7988
20240601,6:30,7968,2992,886,1324,82,286,756,126,434,1053,0,47,0,710,0,968,240,7968
20240601,7:00,7684,2994,608,1022,82,308,728,124,382,2001,0,41,0,242,-20,1068,240,7684
20240601,7:30,7732,2990,344,754,84,296,734,126,368,3153,0,41,0,-186,-8,1204,240,7732
20240601,8:00,8026,2992,276,696,84,324,740,124,344,4675,0,35,0,-800,-6,1696,238,8026
20240601,8:30,8250,2994,440,574,86,336,690,126,360,5272,273,26,0,-1166,-6,1720,238,8250
20240601,9:00,8212,2986,490,548,88,342,676,124,354,5436,720,12,0,-1330,6,1760,240,8212
20240601,9:30,8454,2992,540,548,88,314,610,124,364,5662,953,8,0,-1302,0,1732,238,8454
20240601,10:00,8554,2988,532,550,86,340,586,126,348,5894,1095,2,0,-1336,-4,1796,238,8554
20240601,10:30,8590,2992,360,550,84,318,558,124,364,6162,1421,4,0,-1332,0,1832,238,8590
20240601,11:00,8654,2990,372,550,82,332,550,124,352,6328,1572,4,0,-1376,-4,1888,238,8654
20240601,11:30,8706,2988,362,550,80,320,546,124,358,6660,1565,10,0,-1658,-26,1848,240,8706
20240601,12:00,8638,2992,376,548,86,332,540,124,350,6748,1809,14,0,-1832,-22,1856,238,8638
20240601,12:30,8552,2992,294,550,80,318,558,124,362,6776,1886,20,0,-1864,-16,1880,238,8552
20240601,13:00,8502,2986,344,552,80,336,536,124,348,6760,1886,28,0,-1882,-14,1936,240,8502
20240601,13:30,8730,2994,424,550,80,346,532,124,372,6720,1633,36,0,-1824,6,1868,238,8730
20240601,14:00,8780,2990,476,548,82,376,528,124,364,6556,1260,34,0,-1646,4,1896,240,8780
20240601,14:30,8834,2988,396,548,80,350,510,124,386,6598,855,30,0,-1512,2,1904,238,8834
20240601,15:00,8862,2990,362,614,80,378,514,124,360,6338,539,16,0,-1258,0,1896,240,8862
20240601,15:30,8942,2992,338,738,84,354,536,124,388,6294,406,32,0,-1262,-6,1908,238,8942
20240601,16:00,9226,2990,492,830,90,372,540,124,372,6200,100,44,0,-1184,0,1884,240,9226
20240601,16:30,9268,2992,498,1048,90,338,598,124,386,5425,0,57,0,-692,18,1852,238,9268
20240601,17:00,9330,2990,612,1070,90,340,626,124,402,4433,0,51,0,-120,16,1544,240,9330
20240601,17:30,9314,2984,618,1308,98,342,732,124,444,3392,0,50,0,74,2,1096,242,9314
20240601,18:00,9142,2986,616,1512,96,394,908,124,450,2244,0,40,0,230,10,708,240,9142
20240601,18:30,8990,2986,600,1786,104,418,920,124,466,1240,0,28,0,790,6,720,242,8990
20240601,19:00,8840,2982,522,2216,102,424,912,124,470,494,0,12,0,1086,2,748,242,8840
20240601,19:30,8748,2984,592,2324,106,416,916,124,492,60,0,20,0,1126,-2,652,242,8748
20240601,20:00,8690,2986,580,2298,102,430,916,126,480,0,0,18,0,1126,2,616,242,8690
20240601,20:30,8448,2990,546,2172,104,412,936,126,496,0,0,32,0,1076,4,688,242,8448
20240601,21:00,8342,2984,508,2164,98,430,900,124,484,0,0,30,0,1042,8,672,242,8342
20240601,21:30,8198,2992,552,2150,98,362,810,124,502,0,0,30,0,928,-4,588,242,8198
20240601,22:00,7914,2988,468,2026,94,326,774,124,478,0,0,24,0,724,4,356,240,7914
20240601,22:30,7768,2988,454,2026,88,308,732,124,496,0,0,30,0,626,0,344,240,7768
20240601,23:00,7648,2986,456,2076,84,316,656,124,484,0,0,26,0,548,10,360,242,7648
20240601,23:30,7614,2990,562,2108,84,308,596,124,500,0,0,28,0,548,10,484,240,7614
20240601,24:00:00,7398,2988,454,2082,78,316,566,126,488,0,0,34,0,262,10,248,242,7398
20240602,0:30,7126,2990,564,2228,80,302,562,126,500,0,0,34,0,66,2,568,240,7126
20240602,1:00,6854,2990,470,2002,74,324,566,124,484,0,0,38,0,0,-12,448,242,6854
20240602,1:30,6746,2992,454,2080,76,306,586,126,498,0,0,56,0,0,-20,648,240,6746
20240602,2:00,6730,2990,466,2082,74,322,596,124,486,0,0,56,0,0,-10,696,240,6730
20240602,2:30,6808,2986,484,1992,76,306,582,126,500,0,0,52,0,186,-10,712,240,6808
20240602,3:00,7032,2994,428,1802,72,322,696,124,482,0,0,60,0,480,-16,652,240,7032
20240602,3:30,7322,2994,408,1772,74,306,800,126,504,0,0,64,0,744,-10,700,240,7322
20240602,4:00,7570,2990,490,1616,76,328,868,124,482,0,0,78,0,1024,-2,744,240,7570
20240602,4:30,7748,2988,536,1536,76,308,908,126,496,0,0,80,0,1320,2,868,240,7748
20240602,5:00,7882,2994,596,1524,78,322,1046,124,486,0,0,54,0,1302,0,884,240,7882
20240602,5:30,7912,2990,632,1494,80,312,1056,126,496,13,0,61,0,1366,26,980,240,7912
20240602,6:00,7704,2994,470,1220,78,316,916,126,486,261,0,71,0,1326,0,800,240,7704
20240602,6:30,7456,2988,650,860,80,304,760,126,494,885,0,67,0,510,-4,504,240,7456
20240602,7:00,7138,2992,482,810,74,318,710,124,484,1659,0,53,0,-270,-2,536,240,7138
20240602,7:30,7172,2994,476,736,76,312,666,126,482,2735,0,49,0,-1020,-12,688,240,7172
20240602,8:00,7248,2988,522,562,78,326,662,124,436,3803,0,51,0,-1130,-6,1408,240,7248
20240602,8:30,7468,2992,442,548,74,358,668,126,406,4399,437,31,34,-1114,10,1712,240,7468
20240602,9:00,7552,2994,494,550,74,382,664,124,398,4341,1129,23,27,-1068,-4,1660,240,7552
20240602,9:30,7686,2988,456,550,76,352,606,126,420,4646,1437,24,20,-1062,2,1736,238,7686
20240602,10:00,7856,2990,428,548,76,376,582,124,404,4888,1606,6,35,-1062,10,1752,238,7856
20240602,10:30,7900,2992,356,550,74,356,532,126,422,5332,1236,4,43,-1252,-6,1824,238,7900
20240602,11:00,7948,2988,338,548,74,382,518,124,406,5578,1339,2,47,-1382,-2,1864,238,7948
20240602,11:30,7950,2994,478,552,72,362,522,126,412,5628,1533,4,47,-1524,-6,1908,238,7950
20240602,12:00,7940,2990,430,550,76,370,524,124,420,5952,1441,2,71,-1778,-6,1952,238,7940
20240602,12:30,8002,2992,464,550,76,354,506,124,424,6122,1578,4,43,-1952,-4,1896,238,8002
20240602,13:00,7976,2992,308,552,74,368,504,124,410,6458,1105,4,54,-2078,-42,1936,238,7976
20240602,13:30,8138,2990,478,550,74,366,526,124,418,6172,1554,4,49,-1924,-6,1872,238,8138
20240602,14:00,8054,2996,490,552,80,370,526,124,412,6040,1193,4,82,-1878,4,1904,238,8054
20240602,14:30,8190,2992,460,550,78,352,526,124,418,6226,1010,4,80,-1890,0,1888,238,8190
20240602,15:00,8280,2992,518,550,82,370,528,124,406,6096,731,8,63,-1774,2,1860,238,8280
20240602,15:30,8270,2992,518,548,82,360,498,124,420,5766,484,16,63,-1444,8,1856,238,8270
20240602,16:00,8406,2988,536,572,78,370,508,124,412,5428,141,16,72,-988,12,1888,238,8406
20240602,16:30,8576,2994,602,702,84,330,534,124,426,4792,6,24,52,-536,2,1740,238,8576
20240602,17:00,8526,2994,588,768,86,334,566,124,408,3392,5,32,52,330,-2,1332,238,8526
20240602,17:30,8556,2984,404,980,90,338,714,124,452,2430,0,52,0,640,16,908,240,8556
20240602,18:00,8652,2984,444,1062,90,416,874,124,476,1736,0,54,0,272,-18,100,238,8652
20240602,18:30,8508,2982,386,1438,98,410,926,124,502,1034,0,56,0,606,2,296,240,8508
20240602,19:00,8468,2982,660,1800,98,428,1054,124,492,408,0,70,0,1120,30,1040,242,8468
20240602,19:30,8540,2988,792,2040,102,416,1080,124,512,46,0,74,0,1008,-2,880,240,8540
20240602,20:00,8474,2988,744,2172,100,428,946,126,496,0,0,76,0,794,-6,632,242,8474
20240602,20:30,8282,2990,620,2160,98,412,898,126,508,0,0,88,0,712,2,572,240,8282
20240602,21:00,8146,2990,602,2168,96,436,836,124,502,0,0,84,0,704,2,640,242,8146
20240602,21:30,7878,2992,594,1988,94,372,812,126,512,0,0,90,0,698,-4,636,240,7878
20240602,22:00,7754,2994,590,1868,88,332,806,124,500,0,0,74,0,526,-6,384,242,7754
20240602,22:30,7608,2992,602,1972,86,310,802,126,514,0,0,72,0,248,-4,352,240,7608
20240602,23:00,7500,2996,596,1912,82,324,800,126,504,0,0,66,0,160,6,312,240,7500
20240602,23:30,7420,2992,616,2004,80,310,690,126,520,0,0,68,0,118,16,360,240,7420
20240602,24:00:00,7090,2996,608,1938,78,324,636,128,502,0,0,60,0,-2,10,428,240,7090
20240603,0:30,6884,2994,546,2052,76,302,520,126,522,0,0,52,0,0,2,548,240,6884
20240603,1:00,6706,2992,574,1970,70,318,516,128,504,0,0,44,0,0,-2,648,240,6706
20240603,1:30,6592,2994,574,1926,74,304,498,126,520,0,0,44,0,0,-16,692,240,6592
20240603,2:00,6584,2990,612,1972,68,326,496,128,502,0,0,38,0,0,-8,780,240,6584
20240603,2:30,6666,2996,606,1818,72,314,498,126,514,0,0,42,0,284,-12,832,240,6666
20240603,3:00,6936,2994,572,1748,70,346,508,128,502,0,0,56,0,720,-12,936,240,6936
20240603,3:30,7268,2992,608,1814,74,346,540,126,514,0,0,62,0,894,-14,928,240,7268
20240603,4:00,7546,2992,738,1998,72,364,558,128,498,0,0,60,0,914,-2,1012,238,7546
20240603,4:30,7770,2994,714,1974,76,342,776,126,516,0,0,54,0,1048,-6,1084,240,7770
20240603,5:00,8060,2996,722,1782,74,370,840,128,496,0,0,48,0,1270,6,912,240,8060
20240603,5:30,8160,2996,710,1708,80,348,844,126,512,5,0,63,0,1478,6,956,240,8160
20240603,6:00,7976,2996,554,1458,78,366,838,128,504,149,0,53,0,1428,-10,804,238,7976
20240603,6:30,7960,2998,440,1234,80,336,704,126,514,629,0,63,0,1178,4,584,238,7960
20240603,7:00,7882,2996,352,834,82,332,652,128,504,1205,0,57,0,570,2,68,236,7882
20240603,7:30,7928,3000,430,838,84,308,568,126,510,2037,0,67,0,72,0,348,236,7928
20240603,8:00,8138,2996,458,764,84,322,522,128,488,3177,0,67,0,-824,-12,268,236,8138
20240603,8:30,8436,2994,504,702,84,316,486,126,454,4603,1,61,0,-410,0,1720,236,8436
20240603,9:00,8978,2998,522,696,86,352,482,126,404,5561,1,49,0,-436,24,2120,234,8978
20240603,9:30,9226,2998,320,694,82,320,494,126,418,6561,2,49,0,-870,-8,2192,234,9226
20240603,10:00,9576,2994,454,698,82,350,494,124,400,7227,218,43,0,-1352,10,2180,232,9576
20240603,10:30,9746,2998,508,670,78,320,494,126,420,7306,590,46,0,-1310,2,2144,232,9746
20240603,11:00,9900,2998,598,648,78,348,496,124,398,7526,660,42,0,-1400,2,2192,234,9900
20240603,11:30,9904,2994,716,648,78,322,472,126,412,7601,858,55,0,-1544,-8,2200,232,9904
20240603,12:00,9974,2992,590,644,80,346,464,124,408,7857,797,53,0,-1614,4,2208,234,9974
20240603,12:30,9712,3000,628,646,78,330,438,126,410,7800,902,64,0,-1850,2,2192,232,9712
20240603,13:00,9520,2992,520,646,74,336,446,124,406,7794,686,76,0,-1876,-8,2244,234,9520
20240603,13:30,10004,2996,664,646,78,328,442,126,412,8109,310,89,0,-1854,-12,2252,232,10004
20240603,14:00,10232,2992,726,658,84,344,444,124,394,8111,141,81,0,-1716,8,2252,234,10232
20240603,14:30,10104,2998,688,796,80,320,460,126,412,7985,3,89,0,-1742,-44,2296,232,10104
20240603,15:00,10030,2998,754,836,82,344,460,124,396,7589,3,81,0,-1572,-32,2264,234,10030
20240603,15:30,9946,3038,752,872,84,328,456,124,408,6997,2,85,0,-1172,2,2260,232,9946
20240603,16:00,10240,3062,792,1078,86,328,462,126,394,6463,2,89,0,-910,16,1980,234,10240
20240603,16:30,10372,3080,928,1162,90,314,480,124,412,5696,0,84,0,-452,28,1808,234,10372
20240603,17:00,10378,3090,916,1538,90,384,502,126,394,4670,0,78,0,-38,2,1608,234,10378
20240603,17:30,10300,3108,870,1830,94,428,628,124,432,3710,0,86,0,-262,-8,976,236,10300
20240603,18:00,10042,3120,928,2088,94,452,808,126,464,2534,0,86,0,366,22,1280,234,10042
20240603,18:30,9852,3132,896,2080,102,462,858,126,486,1388,0,98,0,1002,6,1020,236,9852
20240603,19:00,9594,3150,824,2252,100,462,998,124,490,528,0,98,0,1426,0,1096,238,9594
20240603,19:30,9300,3160,858,2338,104,446,1050,126,498,62,0,104,0,1626,2,1312,238,9300
20240603,20:00,9236,3174,830,2340,104,476,1044,124,486,0,0,116,0,1510,-6,1200,238,9236
20240603,20:30,9064,3196,810,2340,104,454,1020,126,504,0,0,114,0,1238,-2,1076,236,9064
20240603,21:00,8800,3210,820,2338,96,474,852,124,488,0,0,96,0,1020,4,960,238,8800
20240603,21:30,8634,3228,862,2328,96,442,782,126,504,0,0,104,0,822,0,896,236,8634
20240603,22:00,8382,3242,864,2342,90,452,698,124,488,0,0,100,0,590,-4,840,236,8382
20240603,22:30,8320,3256,958,2334,86,396,652,126,502,0,0,90,0,340,0,656,236,8320
20240603,23:00,8074,3274,932,2340,86,328,590,126,488,0,0,76,0,90,12,504,236,8074
20240603,23:30,8024,3282,1012,2334,82,310,524,126,500,0,0,90,0,0,24,496,236,8024
20240603,24:00:00,7808,3300,796,2330,78,312,484,126,496,0,0,90,0,0,6,448,238,7808
20240604,0:30,7544,3316,786,2276,76,302,472,126,512,0,0,80,0,0,-6,632,236,7544
20240604,1:00,7330,3332,784,2022,74,324,462,126,488,0,0,82,0,0,-10,592,238,7330
20240604,1:30,7186,3336,806,2094,72,312,468,126,506,0,0,82,0,0,-12,840,236,7186
20240604,2:00,7174,3342,802,1964,70,322,474,126,492,0,0,66,0,0,-6,716,238,7174
20240604,2:30,7250,3338,804,1812,72,304,460,126,500,0,0,72,0,174,-8,640,236,7250
20240604,3:00,7478,3338,806,1946,70,336,468,126,494,0,0,74,0,232,-10,640,238,7478
20240604,3:30,7690,3336,836,1860,72,340,494,126,498,0,0,80,0,540,-8,720,236,7690
20240604,4:00,8006,3334,792,1876,72,368,566,126,496,0,0,74,0,840,2,776,236,8006
20240604,4:30,8194,3338,826,1812,76,356,690,126,504,0,0,86,0,1048,0,904,236,8194
20240604,5:00,8448,3338,882,1804,74,374,854,126,494,0,0,94,0,1310,6,1144,236,8448
20240604,5:30,8566,3338,838,1802,80,360,918,126,506,12,0,90,0,1300,8,1048,236,8566
20240604,6:00,8540,3336,772,1696,78,372,714,126,494,268,0,96,0,980,0,628,236,8540
20240604,6:30,8494,3340,1046,1626,78,354,620,124,480,1043,0,93,0,198,16,756,232,8494
20240604,7:00,8608,3340,728,1158,80,334,596,126,508,2161,0,79,0,-84,-26,628,236,8608
20240604,7:30,8774,3338,812,1042,78,314,560,126,492,3475,1,77,0,-1266,-10,500,236,8774
20240604,8:00,9032,3340,774,866,76,318,486,124,440,4925,1,63,0,-1582,-30,1004,236,9032
20240604,8:30,9200,3340,970,882,80,324,460,126,420,5455,328,17,86,-1174,16,1952,236,9200
20240604,9:00,9430,3334,956,794,80,344,450,124,402,5749,550,5,92,-1010,24,2056,234,9430
20240604,9:30,9630,3342,870,778,78,330,438,126,414,6163,673,7,108,-1014,0,2136,234,9630
20240604,10:00,9758,3340,808,690,80,334,436,124,408,6431,862,9,119,-1004,-6,2124,232,9758
20240604,10:30,9736,3336,680,646,76,336,456,126,414,7007,633,5,113,-1322,-20,2236,232,9736
20240604,11:00,9894,3338,694,644,74,340,460,124,404,7297,845,5,114,-1562,-2,2156,234,9894
20240604,11:30,10064,3340,732,648,78,342,432,126,412,7555,915,5,116,-1606,-32,2200,232,10064
20240604,12:00,9970,3334,662,644,80,342,422,124,408,7525,965,5,135,-1576,-22,2212,234,9970
20240604,12:30,9830,3346,684,646,78,330,406,126,418,7523,1170,5,151,-1748,-36,2180,232,9830
20240604,13:00,9632,3354,722,646,78,346,408,124,404,7225,1378,5,164,-1824,10,2100,234,9632
20240604,13:30,9986,3376,680,650,78,330,404,126,416,7511,868,5,179,-1712,14,2124,232,9986
20240604,14:00,10152,3386,664,646,84,340,400,124,404,7655,471,5,166,-1598,0,2192,234,10152
20240604,14:30,10146,3404,508,656,80,336,392,126,412,7823,19,7,167,-1620,14,2224,232,10146
20240604,15:00,10096,3420,478,778,82,344,394,124,404,7557,2,47,120,-1552,2,2216,234,10096
20240604,15:30,10202,3438,486,848,84,334,424,126,442,7129,1,57,118,-1260,14,2152,232,10202
20240604,16:00,10364,3446,578,1050,86,374,434,124,462,6523,1,53,108,-996,4,2008,234,10364
20240604,16:30,10600,3466,492,1156,90,376,454,126,492,5617,0,55,93,-294,-2,1660,232,10600
20240604,17:00,10438,3480,740,1462,90,422,488,124,480,4503,0,59,73,118,2,1764,234,10438
20240604,17:30,10400,3492,798,1798,96,448,678,126,502,3457,0,103,0,468,2,1804,236,10400
20240604,18:00,10196,3508,938,2154,98,470,898,124,484,2239,0,119,0,734,6,1812,236,10196
20240604,18:30,9938,3518,1112,2180,104,456,988,126,494,1159,0,115,0,906,-4,1452,236,9938
20240604,19:00,9670,3536,1122,2176,102,476,1012,124,476,461,0,105,0,980,0,1140,240,9670
20240604,19:30,9488,3550,1196,2176,106,452,996,124,478,65,0,123,0,1086,2,1100,234,9488
20240604,20:00,9404,3560,1192,2174,104,476,996,126,448,0,0,124,0,1126,8,1160,230,9404
20240604,20:30,9246,3566,1182,2180,102,452,976,126,466,0,0,134,0,846,2,1016,230,9246
20240604,21:00,9062,3562,1174,2176,100,478,936,124,460,0,0,130,0,666,2,976,230,9062
20240604,21:30,8820,3568,1148,2176,96,450,766,126,472,0,0,120,0,596,0,928,230,8820
20240604,22:00,8618,3562,1094,2178,92,478,660,124,448,0,0,98,0,564,0,908,228,8618
20240604,22:30,8456,3556,900,2174,90,416,610,126,458,0,0,78,0,308,0,488,228,8456
20240604,23:00,8268,3564,892,2192,82,328,560,124,464,0,0,64,0,150,10,392,230,8268
20240604,23:30,8216,3562,958,2198,82,308,500,126,464,0,0,66,0,204,22,504,230,8216
20240604,24:00:00,7932,3562,668,2208,80,320,458,124,458,0,0,64,0,40,8,288,230,7932
20240605,0:30,7614,3558,640,2192,78,300,440,126,470,0,0,70,0,0,6,496,230,7614
20240605,1:00,7368,3562,460,2150,76,330,426,124,452,0,0,80,0,0,-6,516,230,7368
20240605,1:30,7230,3566,438,2230,74,302,436,126,472,0,0,70,0,0,-10,704,230,7230
20240605,2:00,7208,3564,546,1970,72,336,444,124,450,0,0,60,0,0,-36,552,230,7208
20240605,2:30,7218,3566,500,1806,74,308,446,126,468,0,0,50,0,200,-20,536,230,7218
20240605,3:00,7514,3562,420,1878,70,368,460,124,456,0,0,44,0,696,-10,784,230,7514
20240605,3:30,7776,3566,486,2078,74,354,456,126,472,0,0,42,0,694,-14,788,230,7776
20240605,4:00,7978,3560,524,2042,74,372,464,124,452,0,0,46,0,954,0,864,230,7978
20240605,4:30,8258,3560,524,2018,76,346,524,126,472,0,0,38,0,1138,-2,792,230,8258
20240605,5:00,8508,3564,634,1970,80,380,792,126,442,0,0,34,0,1212,-4,952,230,8508
20240605,5:30,8514,3562,540,1884,80,352,886,126,466,9,0,35,0,1222,0,880,232,8514
20240605,6:00,8444,3564,498,1640,84,374,904,126,452,271,0,35,0,1148,-4,880,232,8444
20240605,6:30,8506,3560,402,1178,84,342,908,126,464,1023,0,43,0,706,-2,560,232,8506
20240605,7:00,8258,3564,424,1050,76,340,690,126,456,1981,0,49,0,170,-8,892,232,8258
20240605,7:30,8312,3564,368,820,80,306,600,126,462,3147,0,43,0,-610,-14,812,232,8312
20240605,8:00,8248,3568,462,796,76,344,556,124,436,4437,0,33,0,-950,-2,1864,232,8248
20240605,8:30,8496,3560,312,624,78,324,472,126,400,5420,0,36,0,-1170,-6,1912,232,8496
20240605,9:00,8756,3566,268,574,80,334,466,124,354,6230,0,22,0,-1450,-18,2024,230,8756
20240605,9:30,8996,3564,274,576,80,324,452,126,368,6943,0,23,0,-1922,-22,2020,230,8996
20240605,10:00,9508,3562,486,574,78,342,440,124,348,7137,431,23,0,-1908,-6,1920,228,9508
20240605,10:30,9504,3562,394,580,78,332,416,126,364,7269,442,23,0,-1842,2,2028,228,9504
20240605,11:00,9680,3564,328,578,80,336,414,124,350,7513,491,21,0,-1854,0,2004,230,9680
20240605,11:30,9816,3564,304,580,80,326,406,126,372,7727,569,27,0,-1866,2,2060,228,9816
20240605,12:00,9850,3560,356,578,80,342,412,124,362,7603,482,23,0,-1854,4,1968,228,9850
20240605,12:30,9500,3568,302,578,82,314,420,124,382,7271,642,21,0,-1824,2,1968,228,9500
20240605,13:00,9406,3584,418,578,82,354,406,124,364,6987,777,17,0,-1804,2,1936,230,9406
20240605,13:30,9808,3596,570,612,82,314,388,126,378,6871,473,25,0,-1516,30,1896,228,9808
20240605,14:00,10002,3610,476,780,78,332,394,124,360,6821,210,25,0,-1258,6,1976,230,10002
20240605,14:30,9830,3632,386,944,82,318,390,126,372,6791,1,23,0,-1364,6,2104,228,9830
20240605,15:00,9854,3644,506,1122,86,328,388,124,358,6357,1,19,0,-1392,-12,1904,230,9854
20240605,15:30,9750,3662,480,1164,92,308,390,126,400,5873,0,19,0,-1278,-18,1696,228,9750
20240605,16:00,9998,3672,606,1394,90,326,398,124,434,5183,0,17,0,-1110,20,1384,228,9998
20240605,16:30,10006,3692,614,1428,96,332,428,126,456,4157,0,25,0,-646,2,932,228,10006
20240605,17:00,9918,3706,892,2098,94,402,442,124,460,2879,0,21,0,16,0,1444,228,9918
20240605,17:30,9684,3716,998,2320,98,428,652,126,462,1915,0,17,0,250,24,1552,230,9684
20240605,18:00,9516,3728,1052,2314,100,446,876,124,458,1057,0,11,0,470,10,1360,230,9516
20240605,18:30,9536,3752,1134,2352,106,444,916,124,470,584,0,10,0,850,-6,1432,232,9536
20240605,19:00,9478,3758,1162,2534,106,458,916,124,460,158,0,10,0,1242,36,1720,234,9478
20240605,19:30,9576,3782,1142,2542,108,450,910,124,466,15,0,13,0,1276,4,1488,232,9576
20240605,20:00,9356,3792,1174,2398,108,454,922,124,458,0,0,6,0,1252,2,1568,234,9356
20240605,20:30,9252,3818,1132,2336,106,446,728,124,468,0,0,14,0,1098,6,1256,232,9252
20240605,21:00,9002,3834,1134,2340,98,458,692,124,456,0,0,14,0,776,0,1156,232,9002
20240605,21:30,8786,3840,1140,2338,102,418,620,124,468,0,0,22,0,638,-10,1144,230,8786
20240605,22:00,8650,3840,1134,2338,92,414,580,126,460,0,0,26,0,198,-6,784,232,8650
20240605,22:30,8516,3842,1060,2340,92,370,536,126,466,0,0,16,0,46,16,624,230,8516
20240605,23:00,8284,3842,876,2338,86,326,538,124,466,0,0,12,0,0,14,568,230,8284
20240605,23:30,8238,3842,1002,2340,86,310,466,126,470,0,0,8,0,0,14,656,230,8238
20240605,24:00:00,7988,3840,760,2202,78,334,458,124,464,0,0,6,0,0,-12,496,230,7988
20240606,0:30,7734,3846,906,2024,78,320,432,124,472,0,0,14,0,0,-24,688,230,7734
20240606,1:00,7490,3842,692,2006,76,330,408,126,458,0,0,16,0,0,-40,656,232,7490
20240606,1:30,7330,3844,720,1918,76,304,400,126,476,0,0,18,0,0,-38,744,230,7330
20240606,2:00,7278,3844,800,1794,74,312,386,124,456,0,0,24,0,0,-28,740,232,7278
20240606,2:30,7382,3848,844,1820,76,304,402,126,474,0,0,32,0,0,-46,728,230,7382
20240606,3:00,7612,3842,838,2064,72,344,408,124,458,0,0,28,0,0,-14,784,232,7612
20240606,3:30,7862,3842,780,2312,76,342,434,126,472,0,0,34,0,0,-2,784,230,7862
20240606,4:00,8126,3848,954,2282,76,358,448,124,462,0,0,46,0,0,2,704,230,8126
20240606,4:30,8306,3840,1040,2340,80,342,492,126,472,0,0,50,0,14,24,744,230,8306
20240606,5:00,8502,3846,1042,2336,80,360,536,124,460,0,0,52,0,182,46,792,230,8502
20240606,5:30,8652,3840,1012,2334,84,346,774,126,472,0,0,50,0,156,10,784,232,8652
20240606,6:00,8460,3846,822,2150,82,354,842,124,468,44,0,44,0,14,-4,556,230,8460
20240606,6:30,8276,3848,674,1758,86,340,748,124,474,234,0,46,0,0,-2,284,230,8276
20240606,7:00,8036,3846,476,1524,86,360,752,126,456,482,0,52,0,0,-22,332,230,8036
20240606,7:30,8074,3850,404,1418,88,328,658,124,450,780,0,52,0,0,-16,288,226,8074
20240606,8:00,8244,3852,544,1596,92,322,634,124,478,1028,0,44,0,0,-4,696,230,8244
20240606,8:30,8630,3848,680,1788,98,342,572,124,474,1284,0,54,0,0,32,896,230,8630
20240606,9:00,9018,3848,522,1494,94,370,560,124,456,1688,0,52,0,0,-10,408,228,9018
20240606,9:30,9236,3846,474,1450,98,342,464,124,476,2452,0,52,0,-148,-34,588,228,9236
20240606,10:00,9330,3854,418,1438,94,348,434,124,460,3500,0,44,0,-322,-28,1260,226,9330
20240606,10:30,9414,3848,406,1406,98,320,422,124,456,4252,0,46,0,-270,12,1932,226,9414
20240606,11:00,9608,3846,382,1152,100,334,422,124,414,4924,0,34,0,-322,-2,2028,228,9608
20240606,11:30,9796,3848,488,1056,98,318,390,124,424,5074,0,26,0,-260,16,2032,226,9796
20240606,12:00,9728,3846,482,1122,94,324,386,124,410,4932,0,28,0,-242,-4,2000,226,9728
20240606,12:30,9472,3856,444,944,92,322,408,124,422,4696,0,36,0,-498,0,1600,226,9472
20240606,13:00,9380,3866,390,954,86,332,420,124,414,4502,0,28,0,-782,-6,1176,228,9380
20240606,13:30,9732,3876,632,1156,90,318,422,124,420,4096,0,26,0,-356,22,1320,226,9732
20240606,14:00,9858,3896,720,1396,88,330,428,124,412,3416,0,22,0,210,-12,1400,228,9858
20240606,14:30,9978,3912,736,1192,90,312,402,124,424,3214,0,24,0,74,-44,708,226,9978
20240606,15:00,9968,3916,1028,1348,86,338,404,124,408,2670,0,16,0,2,-16,584,228,9968
20240606,15:30,9996,3940,1244,1470,92,322,404,124,426,2394,0,22,0,-418,-2,248,226,9996
20240606,16:00,10010,3950,1428,1912,94,362,528,124,406,1944,0,30,0,-156,20,860,228,10010
20240606,16:30,10010,3966,1432,2180,98,358,572,124,438,1300,0,28,0,352,2,1068,228,10010
20240606,17:00,9846,3980,1266,2296,98,370,654,126,436,942,0,28,0,228,-2,804,228,9846
20240606,17:30,9770,3988,1324,2294,102,358,688,126,456,652,0,24,0,378,6,856,230,9770
20240606,18:00,9638,4004,1306,2326,100,424,734,124,446,372,0,22,0,420,2,872,230,9638
20240606,18:30,9550,4020,1260,2296,104,454,906,126,458,214,0,28,0,838,0,1384,230,9550
20240606,19:00,9620,4026,1440,2330,106,476,960,124,454,64,0,38,0,888,0,1520,234,9620
20240606,19:30,9532,4050,1440,2326,106,460,944,126,464,12,0,48,0,894,-4,1568,234,9532
20240606,20:00,9378,4064,1388,2334,106,472,956,124,460,0,0,54,0,778,4,1596,234,9378
20240606,20:30,9152,4082,1358,2338,106,452,760,126,480,0,0,62,0,624,40,1508,232,9152
20240606,21:00,8964,4092,1396,2336,98,480,644,124,468,0,0,60,0,510,14,1488,230,8964
20240606,21:30,8772,4108,1372,2338,100,458,614,126,476,0,0,56,0,200,-2,1304,230,8772
20240606,22:00,8498,4120,1130,2310,94,466,592,124,468,0,0,46,0,88,-2,1168,230,8498
20240606,22:30,8466,4128,1114,2186,92,408,556,126,480,0,0,56,0,0,-6,904,230,8466
20240606,23:00,8272,4124,986,2206,82,342,490,124,462,0,0,56,0,0,6,836,230,8272
20240606,23:30,8218,4128,1080,2150,84,308,432,126,480,0,0,74,0,0,6,880,230,8218
20240606,24:00:00,8006,4134,896,1944,78,322,418,124,468,0,0,84,0,0,-12,680,230,8006
20240607,0:30,7678,4134,922,1714,78,304,396,126,484,0,0,82,0,0,-24,768,230,7678
20240607,1:00,7460,4124,1014,1542,76,326,410,124,472,0,0,82,0,0,-6,936,232,7460
20240607,1:30,7350,4134,982,1384,76,308,416,126,482,0,0,86,0,0,-26,848,230,7350
20240607,2:00,7338,4128,934,1386,76,322,420,124,472,0,0,76,0,0,-16,816,232,7338
20240607,2:30,7408,4128,952,1510,74,312,442,126,482,0,0,72,0,0,-16,904,230,7408
20240607,3:00,7568,4122,1052,1588,72,350,458,124,470,0,0,62,0,0,-10,952,232,7568
20240607,3:30,7884,4134,1010,1996,74,344,524,126,488,0,0,58,0,0,-4,1096,230,7884
20240607,4:00,8154,4126,1084,2062,78,366,612,124,466,0,0,42,0,0,-2,1036,232,8154
20240607,4:30,8322,4128,1118,2100,78,342,636,126,484,0,0,40,0,0,2,964,232,8322
20240607,5:00,8516,4126,1108,2092,78,366,912,124,468,0,0,36,0,0,-4,1020,230,8516
20240607,5:30,8602,4132,1130,1944,84,344,958,124,482,4,0,38,0,0,-4,864,230,8602
20240607,6:00,8420,4128,1222,1544,78,360,912,124,472,102,0,46,0,0,0,800,232,8420
20240607,6:30,8304,4130,1268,1158,84,344,892,124,482,578,0,40,0,0,-10,1016,230,8304
20240607,7:00,8082,4130,562,868,82,350,670,126,474,1320,0,28,0,0,-40,720,232,8082
20240607,7:30,8172,4132,366,826,84,306,620,124,484,2391,0,25,0,-366,-10,1040,230,8172
20240607,8:00,8340,4136,418,770,80,326,578,124,468,3413,0,31,0,-828,8,1416,232,8340
20240607,8:30,8536,4132,592,726,84,324,548,124,468,4175,0,27,0,-1292,30,1632,230,8536
20240607,9:00,9030,4134,482,696,82,344,542,124,444,5079,0,29,0,-1340,0,1816,230,9030
20240607,9:30,9308,4136,424,598,84,322,420,124,438,6020,0,28,0,-1598,8,1924,228,9308
20240607,10:00,9606,4132,412,578,88,344,386,122,420,6866,0,24,0,-1938,-8,2048,228,9606
20240607,10:30,9784,4136,326,576,84,330,358,124,434,7284,267,24,0,-2068,-24,2028,228,9784
20240607,11:00,10040,4130,282,578,82,338,360,124,422,7436,381,22,0,-1990,0,1972,228,10040
20240607,11:30,10266,4132,422,578,82,318,350,124,426,7356,392,22,0,-1832,0,1940,228,10266
20240607,12:00,10282,4130,514,578,84,332,356,122,400,7290,445,20,0,-1814,-2,1956,228,10282
20240607,12:30,10226,4132,426,578,82,302,382,124,418,7404,490,24,0,-1942,-4,1928,228,10226
20240607,13:00,10228,4132,476,580,84,326,400,122,398,7172,524,22,0,-1838,-2,1872,228,10228
20240607,13:30,10446,4132,572,588,86,302,400,124,400,6752,490,22,0,-1258,2,1904,228,10446
20240607,14:00,10600,4128,468,722,88,346,402,122,386,6292,398,26,0,-670,-2,1936,228,10600
20240607,14:30,10836,4132,534,828,88,326,388,124,408,6128,276,32,0,-500,0,1880,228,10836
20240607,15:00,10490,4124,704,1012,90,346,380,122,404,5462,0,38,0,-518,-6,1896,228,10490
20240607,15:30,10228,4134,1104,1108,96,324,386,124,418,4578,0,40,0,-540,4,1776,228,10228
20240607,16:00,10382,4128,1148,1334,96,344,386,122,408,4226,0,36,0,-268,2,1808,228,10382
20240607,16:30,10278,4132,1150,1658,104,344,594,124,418,3616,0,44,0,-178,-4,1952,228,10278
20240607,17:00,10170,4132,1324,2264,102,366,690,122,418,2708,0,38,0,64,2,2288,228,10170
20240607,17:30,10046,4130,1140,2314,106,386,716,124,424,1998,0,36,0,244,-2,1800,230,10046
20240607,18:00,9876,4126,1110,2452,106,414,902,122,416,1296,0,30,0,530,-2,1856,230,9876
20240607,18:30,9896,4126,1194,2512,112,396,972,124,426,830,0,28,0,978,38,2072,232,9896
20240607,19:00,9752,4130,1572,2540,110,408,998,124,416,222,0,34,0,1096,2,2136,236,9752
20240607,19:30,9776,4126,1420,2540,112,398,992,124,422,30,0,36,0,1310,40,2008,234,9776
20240607,20:00,9598,4132,1186,2498,110,408,992,124,416,0,0,36,0,1290,-2,1824,232,9598
20240607,20:30,9406,4132,1182,2520,110,398,898,124,422,0,0,50,0,1232,2,1896,232,9406
20240607,21:00,9170,4134,1026,2532,106,408,720,126,416,0,0,54,0,894,-4,1472,230,9170
20240607,21:30,8934,4132,1252,2392,102,418,686,126,426,0,0,58,0,870,2,1760,230,8934
20240607,22:00,8686,4134,1504,2234,100,436,686,124,414,0,0,52,0,242,-2,1468,230,8686
20240607,22:30,8632,4134,1176,1992,96,388,690,124,422,0,0,68,0,62,10,760,230,8632
20240607,23:00,8406,4130,894,1898,90,324,688,124,418,0,0,78,0,0,4,472,230,8406
20240607,23:30,8346,4136,998,1914,86,308,540,124,428,0,0,68,0,0,14,500,230,8346
20240607,24:00:00,8056,4132,944,1772,82,314,484,124,418,0,0,62,0,0,6,512,230,8056
20240608,0:30,7762,4134,996,1762,82,310,402,124,428,0,0,80,0,0,6,792,230,7762
20240608,1:00,7532,4132,858,1712,74,320,398,124,424,0,0,72,0,0,12,824,230,7532
20240608,1:30,7354,4134,732,1686,78,304,396,124,428,0,0,70,0,0,-8,820,230,7354
20240608,2:00,7276,4132,732,1556,76,324,392,124,416,0,0,60,0,0,-8,760,232,7276
20240608,2:30,7378,4130,762,1672,76,304,410,124,428,0,0,72,0,0,-10,820,230,7378
20240608,3:00,7516,4138,750,1692,76,322,420,124,420,0,0,90,0,0,-6,740,230,7516
20240608,3:30,7724,4134,732,1688,78,304,552,124,430,0,0,88,0,128,-8,756,230,7724
20240608,4:00,7964,4134,856,1548,76,324,734,124,416,0,0,74,0,192,-12,732,230,7964
20240608,4:30,8114,4136,902,1608,78,306,748,124,432,0,0,70,0,288,-4,804,230,8114
20240608,5:00,8256,4134,780,1550,78,320,920,124,418,0,0,80,0,378,0,756,230,8256
20240608,5:30,8324,4138,820,1550,82,302,940,124,434,5,0,93,0,520,2,916,230,8324
20240608,6:00,7982,4130,774,1490,82,322,896,124,418,125,0,107,0,358,-6,1068,230,7982
20240608,6:30,7766,4136,550,1090,84,298,750,124,432,589,0,119,0,138,-6,768,230,7766
20240608,7:00,7360,4134,444,780,78,324,632,124,418,1017,0,141,0,-256,-26,680,230,7360
20240608,7:30,7336,4134,336,630,84,312,614,124,430,1527,0,165,0,-542,-12,696,230,7336
20240608,8:00,7394,4136,182,568,86,326,570,124,412,2073,0,147,0,-1066,-2,392,230,7394
20240608,8:30,7770,4136,352,566,92,352,536,124,416,2319,0,135,0,-1044,0,444,230,7770
20240608,9:00,7992,4132,586,562,94,376,526,122,358,2111,0,109,0,-766,4,452,230,7992
20240608,9:30,8310,4138,602,592,98,348,444,124,334,1949,0,117,0,-162,8,512,230,8310
20240608,10:00,8550,4132,352,710,98,360,418,122,320,2009,0,135,0,-168,-30,136,228,8550
20240608,10:30,8568,4132,228,718,98,344,392,124,330,2141,0,151,0,-252,-22,44,228,8568
20240608,11:00,8646,4138,358,718,98,358,390,122,326,2235,0,171,0,-478,-2,18,230,8646
20240608,11:30,8672,4130,326,716,100,348,378,124,330,2395,0,185,0,-542,10,56,228,8672
20240608,12:00,8638,4132,272,788,100,354,378,122,354,2547,0,165,0,-714,-8,82,230,8638
20240608,12:30,8610,4134,442,762,102,344,394,124,394,2457,0,175,0,-724,2,224,228,8610
20240608,13:00,8402,4136,384,716,98,360,402,122,404,2449,0,185,0,-734,2,352,230,8402
20240608,13:30,8396,4134,428,722,102,342,398,124,416,2702,0,198,0,-628,6,776,228,8396
20240608,14:00,8546,4126,518,716,102,360,396,122,402,2792,0,210,0,-490,-2,936,230,8546
20240608,14:30,8560,4138,372,808,102,346,372,124,412,2737,0,207,0,-274,-4,1008,228,8560
20240608,15:00,8370,4132,524,1030,98,356,408,122,412,2381,0,195,0,-56,-10,1452,230,8370
20240608,15:30,8540,4134,586,1210,102,350,410,124,418,2325,0,199,0,0,26,1572,228,8540
20240608,16:00,8618,4126,642,1450,100,362,428,122,412,2055,0,187,0,78,42,1616,230,8618
20240608,16:30,8602,4140,654,1710,104,344,496,124,420,1399,0,195,0,294,20,1528,230,8602
20240608,17:00,8564,4132,492,1874,102,356,548,124,416,1005,0,181,0,276,-4,1168,230,8564
20240608,17:30,8750,4128,506,1940,104,348,576,124,428,744,0,176,0,284,2,840,230,8750
20240608,18:00,8748,4124,504,2062,100,372,748,124,418,392,0,184,0,256,2,768,230,8748
20240608,18:30,8868,4136,656,2300,106,364,958,124,424,175,0,205,0,262,2,1076,232,8868
20240608,19:00,8892,4128,684,2336,100,378,998,124,426,37,0,195,0,342,4,1092,232,8892
20240608,19:30,8990,4132,700,2336,104,394,976,124,428,2,0,188,0,410,16,1052,232,8990
20240608,20:00,8812,4128,672,2286,104,390,980,124,422,0,0,186,0,246,-2,956,232,8812
20240608,20:30,8642,4140,632,2286,104,394,790,124,424,0,0,184,0,242,-2,908,232,8642
20240608,21:00,8382,4134,500,2280,96,390,642,122,426,0,0,166,0,196,2,804,232,8382
20240608,21:30,8296,4142,484,2290,98,388,620,124,426,0,0,166,0,232,4,908,230,8296
20240608,22:00,8060,4134,496,1866,92,374,598,122,418,0,0,168,0,200,2,640,230,8060
20240608,22:30,7962,4140,494,1636,92,318,598,124,426,0,0,180,0,186,-6,456,230,7962
20240608,23:00,7814,4134,534,1374,86,322,606,122,424,0,0,160,0,240,14,432,230,7814
20240608,23:30,7834,4140,642,1364,84,300,534,124,434,0,0,162,0,192,12,384,230,7834
20240608,24:00:00,7540,4136,538,1234,82,324,504,122,422,0,0,164,0,0,8,224,230,7540
20240609,0:30,7266,4134,654,1054,80,302,470,124,434,0,0,164,0,0,28,408,230,7266
20240609,1:00,7050,4138,550,1112,78,320,470,122,434,0,0,144,0,0,2,552,232,7050
20240609,1:30,6982,4140,426,980,78,306,480,124,434,0,0,132,0,0,-28,320,230,6982
20240609,2:00,6894,4134,344,1022,74,318,486,122,430,0,0,112,0,0,-44,336,232,6894
20240609,2:30,6966,4138,428,1012,76,314,478,124,434,0,0,104,0,0,-44,328,230,6966
20240609,3:00,7154,4138,342,1018,74,316,612,122,426,0,0,82,0,0,-28,180,232,7154
20240609,3:30,7378,4134,402,1282,78,308,730,122,434,0,0,78,0,0,-8,412,230,7378
20240609,4:00,7658,4134,498,1412,76,318,982,122,428,0,0,72,0,0,-2,612,230,7658
20240609,4:30,7812,4140,512,1440,80,308,1044,122,436,0,0,76,0,0,0,576,230,7812
20240609,5:00,8016,4134,576,1660,78,312,1056,122,426,0,0,76,0,0,0,656,232,8016
20240609,5:30,8056,4130,590,1744,82,294,1028,122,438,0,0,84,0,0,-2,684,230,8056
20240609,6:00,7862,4138,638,1374,82,316,990,122,428,8,0,88,0,0,-38,516,232,7862
20240609,6:30,7456,4138,472,1100,84,306,990,122,438,74,0,96,0,0,-2,592,230,7456
20240609,7:00,7104,4134,404,1002,78,318,804,122,436,224,0,94,0,0,8,752,232,7104
20240609,7:30,7008,4136,362,924,86,312,730,122,438,548,0,86,0,0,-6,960,230,7008
20240609,8:00,7004,4136,386,904,88,306,722,122,438,924,0,48,0,0,-6,1296,232,7004
20240609,8:30,7128,4140,314,878,86,348,680,122,436,1259,0,45,0,0,-10,1400,230,7128
20240609,9:00,7366,4132,370,818,88,356,672,122,428,1837,0,47,0,-150,-30,1556,232,7366
20240609,9:30,7622,4136,326,794,88,346,626,122,436,2347,0,51,0,-630,-2,1248,230,7622
20240609,10:00,7656,4134,460,616,86,358,598,120,428,2665,0,43,0,-758,20,1344,230,7656
20240609,10:30,7988,4138,530,576,84,350,570,122,432,3057,0,43,0,-696,8,1456,230,7988
20240609,11:00,8138,4136,470,576,86,354,546,120,418,3053,0,29,0,-472,4,1412,230,8138
20240609,11:30,8094,4132,482,572,82,350,512,122,380,3149,0,31,0,-304,0,1644,230,8094
20240609,12:00,8090,4134,238,486,92,370,510,120,352,3613,0,35,0,-308,-22,1760,230,8090
20240609,12:30,8414,4138,190,482,82,348,502,122,364,4039,0,39,0,-460,4,1664,228,8414
20240609,13:00,8214,4130,226,480,86,364,516,120,356,3875,0,21,0,-580,-10,1600,230,8214
20240609,13:30,8258,4130,450,548,84,322,516,122,398,3691,0,29,0,-470,2,1792,228,8258
20240609,14:00,8278,4134,620,580,88,338,522,120,426,3139,0,35,0,-316,34,1672,230,8278
20240609,14:30,8328,4132,650,678,84,336,498,122,456,2333,0,41,0,-40,26,1216,228,8328
20240609,15:00,8348,4128,612,816,82,358,492,120,444,1767,0,39,0,88,8,836,230,8348
20240609,15:30,8370,4128,518,958,88,344,508,122,468,1343,0,51,0,124,-2,508,228,8370
20240609,16:00,8280,4124,558,1140,92,362,608,120,454,919,0,57,0,44,-4,424,230,8280
20240609,16:30,8412,4134,560,1372,92,344,614,122,470,747,0,47,0,0,2,320,228,8412
20240609,17:00,8568,4126,612,1730,94,354,620,122,458,557,0,37,0,0,20,392,230,8568
20240609,17:30,8654,4124,474,1730,100,350,874,122,468,451,0,21,0,0,-2,288,230,8654
20240609,18:00,8614,4122,518,1896,98,382,962,122,460,547,0,15,0,326,0,1064,230,8614
20240609,18:30,8818,4122,548,2158,106,374,1018,122,460,401,0,11,0,866,6,1604,230,8818
20240609,19:00,8870,4122,546,2214,104,388,1042,122,444,163,0,15,0,910,6,1436,230,8870
20240609,19:30,8832,4126,460,2174,108,376,1032,122,438,41,0,21,0,900,4,1200,230,8832
20240609,20:00,8728,4126,406,2148,106,382,1036,122,428,0,0,36,0,918,-4,1208,232,8728
20240609,20:30,8624,4138,458,1992,106,372,1012,122,438,0,0,38,0,770,0,1052,230,8624
20240609,21:00,8484,4130,420,2146,100,382,974,124,430,0,0,30,0,326,4,812,230,8484
20240609,21:30,8270,4136,372,2254,102,376,842,124,442,0,0,28,0,142,-6,772,230,8270
20240609,22:00,8024,4134,402,1994,96,384,814,122,426,0,0,30,0,16,-24,600,230,8024
20240609,22:30,7880,4138,422,1896,94,340,800,124,440,0,0,30,0,0,-8,624,228,7880
20240609,23:00,7778,4136,394,1810,88,320,700,122,428,0,0,30,0,0,0,480,230,7778
20240609,23:30,7614,4136,486,1450,86,304,656,122,440,0,0,32,0,0,18,344,228,7614
20240609,24:00:00,7372,4132,436,1342,84,322,556,122,424,0,0,24,0,0,-12,288,230,7372
20240610,0:30,7144,4138,598,1496,80,306,470,122,444,0,0,32,0,0,12,784,230,7144
20240610,1:00,6918,4132,514,1338,78,318,448,122,432,0,0,32,0,0,-10,716,230,6918
20240610,1:30,6826,4128,510,1162,76,304,442,124,444,0,0,34,0,0,-8,620,230,6826
20240610,2:00,6780,4132,614,1122,76,320,422,122,432,0,0,22,0,0,-12,700,230,6780
20240610,2:30,6888,4128,738,1012,78,308,430,124,448,0,0,26,0,0,-10,624,230,6888
20240610,3:00,7148,4130,834,1256,76,350,440,120,432,0,0,24,0,0,12,756,230,7148
20240610,3:30,7336,4128,760,1358,78,346,742,122,446,0,0,22,0,0,-16,880,230,7336
20240610,4:00,7630,4126,786,1574,78,360,826,122,430,0,0,18,0,0,-6,912,228,7630
20240610,4:30,7900,4132,840,1916,80,342,944,122,444,0,0,16,0,0,8,1172,228,7900
20240610,5:00,8114,4130,850,1964,78,360,992,122,426,0,0,16,0,220,46,1320,230,8114
20240610,5:30,8294,4132,764,2078,84,342,982,124,444,6,0,14,0,134,8,1044,226,8294
20240610,6:00,8086,4136,616,1696,82,364,980,122,424,142,0,6,0,16,-40,684,226,8086
20240610,6:30,7992,4136,530,1408,84,346,776,124,438,488,0,6,0,0,-2,568,226,7992
20240610,7:00,7932,4132,400,1124,86,360,638,122,428,716,0,2,0,-316,-14,-28,226,7932
20240610,7:30,7922,4136,602,1060,88,308,626,124,438,1153,0,3,0,-542,12,312,226,7922
20240610,8:00,8108,4130,604,914,86,326,580,122,420,1643,0,3,0,-556,-14,376,226,8108
20240610,8:30,8544,4138,610,1114,90,306,502,124,430,2155,0,3,0,-348,18,824,226,8544
20240610,9:00,8998,4132,636,1148,90,322,464,122,406,2815,0,1,0,-56,12,1320,226,8998
20240610,9:30,9508,4136,674,1340,96,302,444,124,392,3411,0,1,0,182,-2,1816,224,9508
20240610,10:00,9784,4100,674,1442,94,332,466,120,348,3755,0,1,0,108,-8,1872,224,9784
20240610,10:30,9762,4066,614,1234,96,304,462,122,360,4220,0,0,0,0,-8,1932,224,9762
20240610,11:00,9880,4064,682,1192,92,310,430,122,350,4274,0,0,0,0,0,1860,224,9880
20240610,11:30,9942,4082,688,1424,94,272,410,124,364,4106,0,4,0,0,18,1868,224,9942
20240610,12:00,9906,4096,698,1458,96,290,416,120,344,4090,0,4,0,0,-34,1896,224,9906
20240610,12:30,9676,4108,584,1180,96,266,444,124,362,4180,0,4,0,0,-8,1888,224,9676
20240610,13:00,9670,4124,494,950,92,282,448,122,354,4524,0,0,0,0,-16,1928,224,9670
20240610,13:30,10144,4132,466,920,96,272,442,122,380,5056,0,0,0,0,-30,1936,224,10144
20240610,14:00,10190,4134,576,858,98,282,430,122,392,5404,0,0,0,-454,-12,1864,224,10190
20240610,14:30,10218,4136,488,928,100,262,406,122,418,5728,0,0,0,-562,0,2032,224,10218
20240610,15:00,10366,4126,504,938,98,288,406,122,406,5920,0,2,0,-586,0,2080,222,10366
20240610,15:30,10342,4134,634,1162,102,278,440,122,424,5400,0,0,0,-470,20,2128,224,10342
20240610,16:00,10344,4130,758,1640,100,314,470,122,420,4908,0,0,0,-278,4,2468,224,10344
20240610,16:30,10616,4130,910,2034,104,342,524,122,432,4382,0,0,0,-168,8,2428,224,10616
20240610,17:00,10584,4120,898,2502,104,428,670,122,420,3470,0,0,0,0,-2,2372,224,10584
20240610,17:30,10534,4124,1098,2750,104,430,862,122,426,2685,0,3,0,0,4,2300,226,10534
20240610,18:00,10522,4126,1476,2970,106,436,922,122,426,1877,0,1,0,60,0,2224,224,10522
20240610,18:30,10300,4130,1426,2994,110,430,994,122,426,1054,0,4,0,482,2,2100,226,10300
20240610,19:00,10190,4124,1630,3010,110,438,978,122,426,444,0,4,0,638,2,1964,228,10190
20240610,19:30,10024,4134,1674,2984,110,420,952,122,432,84,0,6,0,894,0,2016,228,10024
20240610,20:00,9910,4136,1528,2960,106,438,944,122,428,0,0,8,0,940,-6,1920,226,9910
20240610,20:30,9664,4136,1284,2964,104,426,950,122,442,0,0,14,0,728,0,1732,226,9664
20240610,21:00,9348,4132,1328,2982,98,442,946,120,432,0,0,10,0,540,4,1908,222,9348
20240610,21:30,9130,4132,1228,2984,100,424,814,122,442,0,0,14,0,254,-2,1608,226,9130
20240610,22:00,8958,4134,1258,2992,94,428,756,124,436,0,0,10,0,124,2,1624,224,8958
20240610,22:30,8768,4134,1118,3014,90,366,706,124,450,0,0,10,0,0,4,1472,224,8768
20240610,23:00,8558,4128,1086,3008,86,330,588,122,450,0,0,4,0,0,10,1480,226,8558
20240610,23:30,8480,4134,1132,2846,84,304,490,124,464,0,0,4,0,0,16,1344,226,8480
20240610,24:00:00,8136,4132,950,2708,78,322,438,124,456,0,0,0,0,0,14,1312,226,8136
20240611,0:30,7884,4136,900,2466,78,308,398,124,474,0,0,4,0,0,6,1236,226,7884
20240611,1:00,7554,4130,646,2470,76,326,392,122,456,0,0,2,0,0,8,1300,226,7554
20240611,1:30,7396,4128,482,2468,76,308,372,124,470,0,0,4,0,0,-14,1248,226,7396
20240611,2:00,7368,4134,434,2520,72,322,362,122,456,0,0,2,0,0,-10,1272,226,7368
20240611,2:30,7442,4130,442,2660,74,308,382,124,470,0,0,4,0,0,-14,1364,226,7442
20240611,3:00,7604,4134,494,2708,72,358,396,124,458,0,0,0,0,0,-8,1356,224,7604
20240611,3:30,7838,4134,550,2800,76,348,462,124,472,0,0,0,0,0,-10,1344,226,7838
20240611,4:00,8034,4130,590,2800,76,364,626,124,458,0,0,4,0,110,-2,1472,226,8034
20240611,4:30,8210,4128,486,2660,78,342,768,124,472,0,0,2,0,482,2,1560,226,8210
20240611,5:00,8408,4124,510,2372,76,368,878,124,454,0,0,4,0,860,-4,1584,226,8408
20240611,5:30,8606,4132,496,2078,82,340,898,124,472,8,0,4,0,1230,-4,1480,226,8606
20240611,6:00,8380,4128,654,1902,80,368,908,124,458,184,0,4,0,1002,-2,1656,226,8380
20240611,6:30,8340,4132,640,1566,82,350,888,124,464,712,0,6,0,342,0,1192,226,8340
20240611,7:00,8058,4124,596,1194,84,348,628,124,462,1248,0,8,0,106,22,1112,226,8058
20240611,7:30,8130,4134,424,1050,88,308,604,124,470,1886,0,10,0,0,-2,1192,226,8130
20240611,8:00,8416,4132,382,934,90,342,570,124,452,2900,0,8,0,-90,-30,1624,226,8416
20240611,8:30,8912,4130,394,954,96,368,550,124,428,3993,0,11,0,-336,-18,2008,226,8912
20240611,9:00,9366,4130,458,962,92,368,518,122,388,4919,0,13,0,-562,-4,2264,226,9366
20240611,9:30,9824,4130,440,1042,100,314,446,124,404,5859,0,15,0,-850,-36,2388,224,9824
20240611,10:00,10070,4094,402,1014,94,320,440,124,400,6487,0,13,0,-1130,-4,2408,224,10070
20240611,10:30,10408,4054,448,1114,100,310,428,124,418,6929,0,13,0,-1352,6,2408,224,10408
20240611,11:00,10428,4044,474,1078,96,332,398,120,404,7001,0,11,0,-1366,-2,2384,222,10428
20240611,11:30,10682,4062,488,1044,102,312,372,122,420,7225,0,13,0,-1328,4,2376,222,10682
20240611,12:00,10416,4076,438,1046,98,326,366,122,410,7141,0,13,0,-1434,-2,2408,224,10416
20240611,12:30,10548,4092,634,988,100,308,380,124,422,6911,169,13,0,-1380,4,2272,224,10548
20240611,13:00,10502,4104,742,848,92,310,382,122,410,6549,165,13,0,-1250,8,2052,224,10502
20240611,13:30,10728,4120,672,924,98,294,378,122,420,6351,0,21,0,-866,6,2036,224,10728
20240611,14:00,10968,4132,622,1028,96,316,378,122,406,5865,0,19,0,-694,10,1556,224,10968
20240611,14:30,11108,4136,458,1216,98,296,356,122,428,5441,0,19,0,-538,-4,1144,224,11108
20240611,15:00,10828,4134,596,1382,98,318,378,122,436,4821,0,21,0,-368,-10,1324,224,10828
20240611,15:30,10736,4130,590,1744,104,290,382,124,490,4577,0,27,0,-264,-2,1680,224,10736
20240611,16:00,10754,4136,648,2136,98,328,386,122,482,4225,0,23,0,-42,-4,2008,224,10754
20240611,16:30,10866,4132,750,2386,106,324,506,124,502,4151,0,35,0,0,2,2376,224,10866
20240611,17:00,10944,4126,950,2520,104,370,700,122,498,3561,0,25,0,0,-4,2252,224,10944
20240611,17:30,10858,4126,1212,2726,108,420,854,124,510,2539,0,21,0,0,-4,2004,226,10858
20240611,18:00,10658,4120,1374,2920,106,456,940,122,498,1451,0,21,0,116,12,1704,226,10658
20240611,18:30,10496,4128,1382,2944,112,432,1006,124,512,725,0,17,0,460,2,1576,228,10496
20240611,19:00,10368,4124,1420,2934,110,454,1032,122,504,291,0,17,0,818,4,1692,230,10368
20240611,19:30,10360,4130,1416,2936,110,458,960,124,504,43,0,25,0,1010,4,1592,232,10360
20240611,20:00,10224,4128,1390,2914,110,464,888,122,496,0,0,32,0,658,-2,1204,228,10224
20240611,20:30,9920,4138,1382,2730,112,458,846,122,502,0,0,38,0,448,6,1088,226,9920
20240611,21:00,9684,4130,1414,2734,102,474,694,122,494,0,0,40,0,304,2,1052,226,9684
20240611,21:30,9386,4138,1206,2724,102,460,646,122,500,0,0,42,0,124,-2,900,224,9386
20240611,22:00,9132,4134,1312,2718,96,468,542,122,492,0,0,34,0,2,14,1028,226,9132
20240611,22:30,8946,4136,1264,2724,94,408,498,124,502,0,0,42,0,0,6,1076,224,8946
20240611,23:00,8714,4132,962,2712,88,328,408,122,496,0,0,40,0,0,12,812,226,8714
20240611,23:30,8612,4130,1104,2710,86,252,372,124,504,0,0,38,0,0,14,948,226,8612
20240611,24:00:00,8310,4132,796,2554,80,278,370,122,492,0,0,30,0,0,14,784,226,8310
20240612,0:30,7950,4136,738,2482,80,260,348,124,506,0,0,42,0,0,0,992,226,7950
20240612,1:00,7690,4134,836,2330,80,270,346,122,492,0,0,52,0,0,-8,1192,228,7690
20240612,1:30,7516,4134,722,2142,78,262,346,124,506,0,0,50,0,0,-10,1064,226,7516
20240612,2:00,7450,4130,762,2084,78,272,344,124,492,0,0,42,0,0,-10,1096,228,7450
20240612,2:30,7488,4138,744,2224,78,262,390,124,500,0,0,46,0,0,-12,1232,226,7488
20240612,3:00,7704,4132,800,2266,74,306,410,124,498,0,0,46,0,0,-10,1168,226,7704
20240612,3:30,7902,4132,842,2510,78,300,448,124,508,0,0,44,0,0,-30,1280,226,7902
20240612,4:00,8104,4130,882,2694,76,322,470,124,494,0,0,44,0,0,-38,1320,226,8104
20240612,4:30,8238,4136,950,2686,80,302,764,124,512,0,0,44,0,0,-10,1576,226,8238
20240612,5:00,8494,4130,1284,2718,78,324,884,124,496,0,0,44,0,0,0,1816,228,8494
20240612,5:30,8582,4130,1108,2694,84,302,900,124,514,6,0,48,0,0,6,1560,226,8582
20240612,6:00,8362,4130,794,2426,82,314,858,124,512,176,0,46,0,0,-4,1324,228,8362
20240612,6:30,8328,4132,930,1886,86,298,704,124,524,724,0,56,0,0,6,1368,226,8328
20240612,7:00,8196,4132,596,1322,84,320,580,124,516,1348,0,54,0,0,8,1116,228,8196
20240612,7:30,8396,4132,472,1172,90,300,564,124,528,2045,0,51,0,0,-32,1276,226,8396
20240612,8:00,8526,4134,330,1032,94,314,522,122,518,2759,0,49,0,-460,-2,1112,226,8526
20240612,8:30,8958,4138,460,996,96,328,500,124,522,3603,0,41,0,-572,8,1512,226,8958
20240612,9:00,9616,4136,516,924,100,338,500,122,514,4501,0,31,0,-546,6,1752,226,9616
20240612,9:30,9936,4134,306,840,102,320,418,124,512,5259,0,33,0,-664,-24,1648,224,9936
20240612,10:00,10274,4136,482,792,102,338,392,122,480,5989,0,31,0,-848,-6,1960,224,10274
20240612,10:30,10446,4136,534,790,104,298,342,124,498,6421,0,31,0,-836,4,2224,224,10446
20240612,11:00,10806,4134,474,790,104,316,332,122,492,6831,0,25,0,-802,4,2240,224,10806
20240612,11:30,10886,4132,498,790,108,298,332,124,518,6873,0,29,0,-798,2,2244,224,10886
20240612,12:00,10980,4132,432,790,104,318,330,122,504,7099,0,25,0,-862,2,2240,224,10980
20240612,12:30,10836,4134,518,790,104,292,352,122,524,6874,0,26,0,-920,0,2204,224,10836
20240612,13:00,10780,4134,616,788,100,320,356,122,502,6756,0,30,0,-1004,2,2168,226,10780
20240612,13:30,11026,4134,668,884,108,294,358,122,512,6349,0,33,0,-510,6,2156,224,11026
20240612,14:00,11394,4126,702,1042,104,300,362,122,496,6099,0,31,0,-234,4,1984,224,11394
20240612,14:30,11360,4134,884,1192,106,286,336,122,502,5341,0,35,0,-252,-2,1548,224,11360
20240612,15:00,11222,4128,1120,1362,106,290,332,122,486,4321,0,21,0,-78,12,1224,224,11222
20240612,15:30,11242,4136,1108,1660,110,278,370,122,490,3385,0,23,0,0,28,692,224,11242
20240612,16:00,11144,4126,950,2284,110,362,366,122,480,2571,0,19,0,0,4,476,226,11144
20240612,16:30,11030,4128,946,2588,114,398,374,122,490,1995,0,27,0,0,-4,372,224,11030
20240612,17:00,10844,4130,1062,2582,114,430,692,122,482,1459,0,29,0,0,-4,480,226,10844
20240612,17:30,10582,4128,870,2732,116,442,828,122,492,1126,0,40,0,10,-18,532,226,10582
20240612,18:00,10412,4124,908,2860,110,472,898,122,478,864,0,42,0,326,2,1024,230,10412
20240612,18:30,10430,4124,1270,3006,116,458,922,122,492,550,0,56,0,782,4,1704,232,10430
20240612,19:00,10420,4124,1226,2976,118,464,936,122,482,184,0,52,0,1274,-4,1768,234,10420
20240612,19:30,10388,4126,1202,2974,116,466,870,122,486,60,0,62,0,1330,0,1656,230,10388
20240612,20:00,10236,4124,1046,2958,114,468,846,122,480,0,0,68,0,1326,-2,1544,230,10236
20240612,20:30,10016,4130,986,2966,114,462,824,122,484,0,0,84,0,942,2,1328,228,10016
20240612,21:00,9770,4132,948,3004,108,468,680,122,488,0,0,80,0,792,2,1280,226,9770
20240612,21:30,9560,4138,808,3002,106,454,616,124,492,0,0,82,0,438,-2,924,226,9560
20240612,22:00,9282,4134,764,2964,98,476,594,122,476,0,0,78,0,284,-2,932,226,9282
20240612,22:30,9218,4132,828,2726,98,410,534,124,494,0,0,72,0,226,0,652,226,9218
20240612,23:00,8952,4132,730,2552,92,346,446,122,480,0,0,52,0,182,10,416,224,8952
20240612,23:30,8762,4136,906,2540,88,314,388,122,472,0,0,44,0,190,12,672,222,8762
20240612,24:00:00,8490,4132,776,2594,86,326,362,124,494,0,0,50,0,0,8,688,226,8490
20240613,0:30,8164,4132,712,2484,84,306,324,124,496,0,0,50,0,0,12,784,224,8164
20240613,1:00,7836,4134,706,2316,80,320,318,122,482,0,0,48,0,0,2,916,224,7836
20240613,1:30,7692,4136,714,2310,80,300,320,124,498,0,0,56,0,0,-10,1060,224,7692
20240613,2:00,7576,4132,668,2178,78,324,326,124,482,0,0,54,0,0,-6,1008,224,7576
20240613,2:30,7594,4134,712,2184,80,298,340,124,498,0,0,64,0,0,-12,1052,224,7594
20240613,3:00,7848,4134,808,2354,78,324,358,124,488,0,0,56,0,0,-12,1088,224,7848
20240613,3:30,7962,4130,870,2500,80,304,406,124,502,0,0,44,0,0,-12,1208,222,7962
20240613,4:00,8178,4134,910,2708,78,318,470,124,490,0,0,42,0,34,-14,1340,224,8178
20240613,4:30,8366,4130,840,2700,82,294,650,124,504,0,0,50,0,244,0,1476,224,8366
20240613,5:00,8574,4130,1016,2570,82,326,846,124,484,0,0,48,0,464,-4,1736,224,8574
20240613,5:30,8688,4134,1208,2424,86,296,852,124,504,6,0,44,0,558,-2,1772,226,8688
20240613,6:00,8540,4128,1280,1994,86,332,842,124,488,164,0,38,0,690,0,1852,226,8540
20240613,6:30,8560,4132,1166,1840,90,302,540,124,500,782,0,40,0,602,8,1792,226,8560
20240613,7:00,8452,4130,776,1622,92,320,454,124,494,1502,0,34,0,220,4,1548,228,8452
20240613,7:30,8450,4132,698,1084,94,304,476,124,504,2378,0,34,0,224,36,1864,226,8450
20240613,8:00,8844,4134,476,960,96,320,480,122,488,3560,0,20,0,12,-8,2044,228,8844
20240613,8:30,9406,4132,430,844,98,298,428,124,470,4662,0,18,0,-204,4,2124,226,9406
20240613,9:00,9876,4128,400,786,100,322,392,122,426,5544,0,18,0,-456,0,2132,226,9876
20240613,9:30,10332,4136,372,788,106,302,350,124,442,6546,0,16,0,-870,-4,2200,224,10332
20240613,10:00,10954,4132,454,786,98,328,354,122,430,7236,109,12,0,-1072,2,2152,224,10954
20240613,10:30,11188,4132,426,786,104,302,324,124,450,7470,386,14,0,-1036,4,2136,224,11188
20240613,11:00,11366,4136,380,786,100,330,322,124,436,7756,379,8,0,-1084,-2,2152,226,11366
20240613,11:30,11600,4136,408,788,104,308,318,124,460,8222,241,6,0,-1342,4,2160,224,11600
20240613,12:00,11776,4130,414,800,100,324,312,122,448,8456,263,4,0,-1392,0,2168,226,11776
20240613,12:30,11484,4134,412,848,102,306,330,124,482,8238,357,4,0,-1542,-8,2172,226,11484
20240613,13:00,11516,4134,452,848,100,318,332,122,468,8088,432,0,0,-1424,-12,2136,226,11516
20240613,13:30,11900,4130,478,878,102,296,334,122,482,8296,75,4,0,-1334,2,2116,226,11900
20240613,14:00,11814,4128,538,946,104,328,336,122,460,8202,0,0,0,-1394,-4,2176,224,11814
20240613,14:30,11952,4132,704,1118,104,300,324,122,482,7932,0,4,0,-1338,4,2160,224,11952
20240613,15:00,12062,4130,756,1316,102,326,328,122,456,7538,0,4,0,-1142,0,2100,226,12062
20240613,15:30,12054,4132,682,1608,106,300,338,124,500,6972,0,6,0,-894,2,2048,226,12054
20240613,16:00,12064,4126,728,2088,106,328,334,126,504,6108,0,10,0,-666,2,1956,226,12064
20240613,16:30,12240,4130,1116,2668,112,332,340,140,526,5184,0,10,0,-368,-12,2164,226,12240
20240613,17:00,12190,4132,1334,2970,112,396,376,142,512,4126,0,8,0,-62,22,2104,226,12190
20240613,17:30,12024,4130,1102,3238,116,426,608,142,530,3074,0,8,0,150,-4,1724,228,12024
20240613,18:00,11870,4132,1074,3614,114,438,850,142,524,2050,0,4,0,136,4,1440,228,11870
20240613,18:30,11592,4124,1428,3664,122,426,934,142,526,1134,0,8,0,350,0,1496,230,11592
20240613,19:00,11284,4122,1436,3646,122,438,964,142,532,426,0,10,0,856,0,1640,230,11284
20240613,19:30,11122,4130,1438,3658,122,426,938,142,534,62,0,12,0,1080,-2,1648,230,11122
20240613,20:00,10846,4118,1452,3666,118,434,872,142,526,0,0,14,0,1020,-2,1744,230,10846
20240613,20:30,10596,4126,1426,3668,120,422,800,144,536,0,0,14,0,934,2,1824,228,10596
20240613,21:00,10294,4122,1432,3668,114,430,788,142,526,0,0,8,0,784,4,1952,228,10294
20240613,21:30,9994,4126,1398,3666,112,402,768,144,536,0,0,12,0,532,-2,1928,228,9994
20240613,22:00,9690,4130,1360,3470,106,396,622,142,520,0,0,6,0,192,0,1480,226,9690
20240613,22:30,9380,4130,1378,3374,102,272,584,144,538,0,0,6,0,306,38,1720,228,9380
20240613,23:00,9276,4120,1332,3372,96,226,436,142,526,0,0,8,0,344,14,1568,228,9276
20240613,23:30,9028,4134,1222,3374,94,200,366,144,538,0,0,6,0,240,10,1528,228,9028
20240613,24:00:00,8824,4132,876,3218,86,214,346,142,532,0,0,8,0,70,0,1028,228,8824
20240614,0:30,8380,4130,710,3000,86,192,318,144,548,0,0,6,0,0,0,984,230,8380
20240614,1:00,8060,4128,718,2704,82,224,308,142,524,0,0,6,0,0,-6,1000,230,8060
20240614,1:30,7780,4134,676,2532,82,196,306,144,546,0,0,6,0,0,-16,1056,230,7780
20240614,2:00,7778,4122,686,2852,76,220,304,142,528,0,0,6,0,0,-12,1376,230,7778
20240614,2:30,7764,4102,748,2914,80,188,306,144,546,0,0,12,0,0,-10,1496,230,7764
20240614,3:00,7944,4020,810,3290,78,226,316,142,532,0,0,10,0,0,-14,1696,230,7944
20240614,3:30,8082,3912,1022,3352,80,198,362,144,548,0,0,8,0,0,-14,1760,230,8082
20240614,4:00,8336,3842,962,3586,80,220,386,142,530,0,0,14,0,0,0,1656,230,8336
20240614,4:30,8460,3798,902,3392,84,196,506,144,546,0,0,20,0,0,-38,1320,230,8460
20240614,5:00,8628,3760,1038,3570,82,222,556,140,530,0,0,18,0,0,2,1520,230,8628
20240614,5:30,8692,3726,940,3668,88,198,788,142,546,12,0,18,0,0,0,1664,230,8692
20240614,6:00,8690,3686,1060,3290,86,212,840,142,534,230,0,20,0,0,4,1644,230,8690
20240614,6:30,8690,3646,708,2908,88,200,820,144,548,842,0,22,0,0,-14,1452,230,8690
20240614,7:00,8658,3544,644,2284,92,218,556,140,510,1524,0,12,0,-366,10,740,230,8658
20240614,7:30,8752,3436,644,1882,94,204,488,142,522,2548,0,14,0,-876,-8,568,230,8752
20240614,8:00,9060,3352,714,1558,98,266,474,130,504,3588,0,8,0,-954,4,912,230,9060
20240614,8:30,9470,3342,788,1200,104,322,422,124,518,4570,0,14,0,-802,-2,1360,230,9470
20240614,9:00,10200,3284,696,1136,104,320,398,120,504,5540,0,10,0,-674,-10,1456,228,10200
20240614,9:30,10648,3218,850,1092,108,320,348,122,526,6282,0,14,0,-546,-2,1912,228,10648
20240614,10:00,11056,3216,800,1048,108,344,332,122,508,6832,0,12,0,-290,-4,2200,228,11056
20240614,10:30,11176,3216,756,952,106,326,312,122,488,7176,0,16,0,-252,2,2272,228,11176
20240614,11:00,11550,3214,646,946,104,358,308,122,446,7832,0,12,0,-344,-8,2312,226,11550
20240614,11:30,11904,3216,800,942,106,352,312,122,454,8148,0,16,0,-482,0,2308,226,11904
20240614,12:00,11976,3214,754,946,106,378,310,122,434,8230,0,14,0,-486,-2,2272,228,11976
20240614,12:30,11818,3216,652,946,106,376,330,122,450,8354,0,20,0,-720,2,2264,228,11818
20240614,13:00,11688,3208,640,1008,100,396,324,122,438,8404,0,20,0,-956,0,2244,228,11688
20240614,13:30,12064,3212,880,1196,104,378,330,122,450,8164,0,26,0,-962,0,2064,228,12064
20240614,14:00,12302,3210,762,1398,106,394,330,122,432,7966,0,28,0,-820,2,1856,228,12302
20240614,14:30,12462,3210,850,1862,108,378,316,122,458,7802,0,44,0,-808,0,2108,228,12462
20240614,15:00,12484,3208,1078,2186,108,396,318,120,482,7140,0,44,0,-632,12,2204,228,12484
20240614,15:30,12288,3210,1002,2604,114,376,334,122,500,6262,0,46,0,-500,2,2012,228,12288
20240614,16:00,12468,3208,1244,2920,114,394,336,120,490,5406,0,52,0,-40,28,2032,228,12468
20240614,16:30,12446,3204,1300,3250,116,404,524,122,512,4530,0,52,0,0,0,1796,228,12446
20240614,17:00,12320,3204,1622,3408,116,440,730,122,506,3438,0,50,0,0,20,1564,228,12320
20240614,17:30,11828,3204,1776,3462,120,476,866,122,520,2206,0,38,0,366,6,1564,230,11828
20240614,18:00,11646,3206,1856,3574,116,492,886,122,506,1328,0,32,0,810,8,1520,230,11646
20240614,18:30,11360,3202,1890,3624,120,482,910,122,512,810,0,40,0,656,-4,1236,232,11360
20240614,19:00,11124,3210,1894,3660,120,476,914,122,516,300,0,50,0,892,0,1264,234,11124
20240614,19:30,11052,3204,1918,3656,120,478,864,124,528,36,0,48,0,1188,14,1360,234,11052
20240614,20:00,10968,3212,1930,3642,120,480,806,120,518,0,0,40,0,1102,-2,1232,232,10968
20240614,20:30,10660,3210,1938,3656,118,474,774,124,532,0,0,46,0,610,-4,1048,230,10660
20240614,21:00,10348,3212,1894,3668,112,478,774,122,528,0,0,50,0,282,-2,1000,230,10348
20240614,21:30,10086,3210,1884,3662,112,456,642,124,538,0,0,48,0,184,6,1008,228,10086
20240614,22:00,9752,3210,1532,3664,104,476,582,122,522,0,0,52,0,0,2,744,230,9752
20240614,22:30,9562,3208,1472,3614,102,426,448,124,540,0,0,56,0,0,-2,656,230,9562
20240614,23:00,9366,3210,1252,3422,96,362,386,122,518,0,0,60,0,0,8,300,230,9366
20240614,23:30,9222,3208,1370,3506,92,318,358,124,536,0,0,64,0,0,8,592,230,9222
20240614,24:00:00,8906,3212,1268,3252,88,340,342,120,528,0,0,72,0,0,6,552,230,8906
20240615,0:30,8500,3212,1374,3138,86,320,326,122,540,0,0,66,0,0,-10,908,234,8500
20240615,1:00,8146,3208,1190,3028,84,338,306,122,532,0,0,58,0,0,-24,932,236,8146
20240615,1:30,7930,3208,1140,3024,82,324,298,122,536,0,0,66,0,0,-24,1080,234,7930
20240615,2:00,7846,3214,1162,2996,80,330,298,122,526,0,0,78,0,0,-12,1184,236,7846
20240615,2:30,7758,3208,1150,3022,82,332,302,124,534,0,0,76,0,0,-14,1292,234,7758
20240615,3:00,7874,3210,1272,3234,78,330,322,122,532,0,0,72,0,0,-10,1524,236,7874
20240615,3:30,8076,3208,1192,3276,80,326,368,124,542,0,0,76,0,0,-10,1340,234,8076
20240615,4:00,8242,3214,1206,3310,80,336,426,122,526,0,0,72,0,0,-6,1280,236,8242
20240615,4:30,8368,3208,1432,3344,84,318,514,124,544,0,0,70,0,0,0,1504,234,8368
20240615,5:00,8508,3208,1466,3218,82,338,764,122,530,0,0,54,0,0,2,1512,236,8508
20240615,5:30,8580,3208,1368,3066,86,316,788,124,546,5,0,63,0,0,-2,1224,236,8580
20240615,6:00,8344,3210,1272,2766,84,340,768,122,526,91,0,77,0,0,-2,1144,234,8344
20240615,6:30,8176,3212,912,2432,88,318,572,124,542,359,0,91,0,0,14,724,236,8176
20240615,7:00,7888,3210,790,2000,86,340,488,122,536,619,0,83,0,0,0,620,234,7888
20240615,7:30,7986,3210,700,2092,90,316,422,124,548,989,0,83,0,0,2,824,234,7986
20240615,8:00,8066,3214,494,1784,96,340,374,122,528,1437,0,97,0,0,-16,640,236,8066
20240615,8:30,8486,3210,656,1658,102,336,338,122,534,2023,0,101,0,0,-4,824,234,8486
20240615,9:00,8818,3214,598,1456,98,352,334,122,516,2607,0,105,0,0,-40,780,236,8818
20240615,9:30,9136,3210,438,1448,106,334,330,122,528,3343,0,99,0,-266,-18,772,234,9136
20240615,10:00,9468,3214,538,1492,102,354,316,122,508,3693,0,67,0,-268,0,904,234,9468
20240615,10:30,9658,3214,570,1444,106,346,290,122,524,4062,0,76,0,-286,8,1052,234,9658
20240615,11:00,9874,3212,588,1444,104,348,282,120,512,4388,0,70,0,-266,6,1168,234,9874
20240615,11:30,9974,3210,702,1450,106,338,284,122,534,4320,0,40,0,-252,6,1120,234,9974
20240615,12:00,9926,3214,668,1530,104,346,284,120,524,4030,0,22,0,-38,0,1112,234,9926
20240615,12:30,9938,3214,508,1422,104,318,312,122,534,4150,0,18,0,0,2,1000,234,9938
20240615,13:00,9924,3212,312,1394,102,358,306,120,524,4274,0,8,0,-88,-16,816,234,9924
20240615,13:30,10092,3210,398,1400,104,348,306,122,532,4686,0,6,0,-738,-12,504,234,10092
20240615,14:00,10196,3210,624,1714,100,382,306,120,508,4670,0,4,0,-588,-4,1084,234,10196
20240615,14:30,10134,3216,796,1828,104,392,294,122,512,4368,0,8,0,-158,2,1584,234,10134
20240615,15:00,10078,3210,730,2112,100,400,292,120,502,3820,0,12,0,0,2,1456,234,10078
20240615,15:30,10056,3208,684,2384,108,398,306,122,510,3598,0,10,0,0,6,1512,234,10056
20240615,16:00,10150,3212,664,2372,108,412,302,124,506,3416,0,2,0,0,-10,1192,234,10150
20240615,16:30,10256,3208,716,2570,110,398,412,134,522,2976,0,2,0,0,6,1032,234,10256
20240615,17:00,10314,3210,836,2962,112,422,468,142,502,2346,0,2,0,144,10,1076,234,10314
20240615,17:30,10310,3206,782,2924,114,418,524,142,524,1813,0,3,0,278,24,676,234,10310
20240615,18:00,10290,3206,756,3158,114,438,788,142,504,1375,0,3,0,456,14,900,236,10290
20240615,18:30,10280,3206,780,3252,118,418,916,142,532,789,0,1,0,706,0,816,236,10280
20240615,19:00,10234,3210,714,3382,116,446,926,142,518,427,0,1,0,1026,-2,908,236,10234
20240615,19:30,10214,3204,806,3454,118,416,880,142,542,93,0,3,0,1128,40,848,236,10214
20240615,20:00,10044,3206,712,3422,114,436,858,142,528,0,0,0,0,1122,12,744,236,10044
20240615,20:30,9816,3212,802,3060,112,418,798,142,534,0,0,6,0,1130,6,640,236,9816
20240615,21:00,9586,3210,746,3076,106,428,634,142,530,0,0,2,0,1090,2,616,236,9586
20240615,21:30,9290,3214,822,3206,108,412,592,142,546,0,0,2,0,1024,4,1016,234,9290
20240615,22:00,9022,3204,784,2932,100,422,544,140,518,0,0,2,0,960,0,816,232,9022
20240615,22:30,8854,3212,912,3154,96,378,426,140,522,0,0,4,0,676,-2,896,232,8854
20240615,23:00,8750,3212,764,2960,92,350,390,142,550,0,0,2,0,466,-8,404,234,8750
20240615,23:30,8598,3210,864,3064,92,340,364,142,548,0,0,8,0,316,20,604,234,8598
20240615,24:00:00,8342,3210,800,3140,84,354,358,142,532,0,0,8,0,136,10,668,236,8342
20240616,0:30,8008,3210,726,3126,86,338,326,142,550,0,0,16,0,0,6,752,234,8008
20240616,1:00,7698,3212,722,3010,82,356,330,142,528,0,0,10,0,0,-10,920,236,7698
20240616,1:30,7466,3208,706,2814,80,334,334,142,550,0,0,22,0,0,-12,948,236,7466
20240616,2:00,7404,3214,718,2856,78,360,330,142,530,0,0,34,0,0,-12,1080,234,7404
20240616,2:30,7424,3212,716,2794,78,340,334,144,546,0,0,40,0,0,-14,1000,234,7424
20240616,3:00,7572,3212,762,2964,78,354,320,140,536,0,0,42,0,0,-12,1060,236,7572
20240616,3:30,7738,3210,720,2998,80,350,354,144,546,0,0,44,0,104,-6,1040,234,7738
20240616,4:00,7884,3210,804,3154,78,344,418,142,540,0,0,44,0,124,2,1212,236,7884
20240616,4:30,8028,3210,788,3138,82,346,518,144,544,0,0,50,0,294,-2,1320,236,8028
20240616,5:00,8182,3210,912,2804,82,356,796,142,536,0,0,42,0,582,4,1520,236,8182
20240616,5:30,8218,3204,870,2684,84,330,822,144,550,9,0,55,0,818,0,1588,236,8218
20240616,6:00,8006,3212,886,2384,82,360,674,142,532,211,0,43,0,648,0,1404,236,8006
20240616,6:30,7956,3206,890,2204,86,334,560,144,552,817,0,37,0,382,-10,1480,234,7956
20240616,7:00,7730,3212,596,1700,86,362,518,142,528,1585,0,33,0,38,-18,1288,236,7730
20240616,7:30,7682,3202,522,1284,84,344,462,144,534,2441,0,41,0,-52,18,1576,234,7682
20240616,8:00,7766,3212,410,1198,88,350,426,142,512,3391,0,41,0,-564,-4,1672,236,7766
20240616,8:30,8054,3208,536,952,88,362,380,144,480,4223,0,47,0,-936,0,1664,234,8054
20240616,9:00,8194,3210,318,892,84,374,350,142,438,4859,0,41,0,-1022,-4,1724,236,8194
20240616,9:30,8692,3206,408,898,86,364,324,144,450,5312,50,28,0,-1034,4,1732,234,8692
20240616,10:00,8990,3210,402,890,90,374,334,142,438,5748,95,20,0,-1068,-6,1816,232,8990
20240616,10:30,9220,3208,398,890,88,366,308,144,450,6276,50,30,0,-1320,-2,1848,232,9220
20240616,11:00,9392,3212,432,880,90,376,306,142,436,6550,58,34,0,-1430,-2,1868,234,9392
20240616,11:30,9696,3210,428,882,90,362,302,144,448,6888,91,36,0,-1432,2,1896,232,9696
20240616,12:00,9590,3210,444,878,90,374,288,142,436,6928,73,36,0,-1554,-4,1912,234,9590
20240616,12:30,9520,3212,406,884,92,360,308,144,448,7152,0,42,0,-1796,-20,1944,232,9520
20240616,13:00,9604,3210,538,892,94,374,318,142,438,7096,0,40,0,-1866,-6,1900,234,9604
20240616,13:30,9452,3210,542,1044,92,368,326,142,452,6732,0,50,0,-1826,4,1916,232,9452
20240616,14:00,9350,3208,518,1184,96,360,330,142,434,6566,0,48,0,-1842,0,1928,234,9350
20240616,14:30,9626,3210,550,1466,92,330,324,142,452,6434,0,52,0,-1810,4,1852,232,9626
20240616,15:00,9536,3214,466,1582,92,358,308,142,430,6108,0,44,0,-1586,4,1860,234,9536
20240616,15:30,9594,3210,502,1674,98,334,304,142,450,5390,0,48,0,-1178,12,1624,232,9594
20240616,16:00,9716,3210,608,1882,98,350,372,142,460,4588,0,36,0,-924,12,1352,234,9716
20240616,16:30,9932,3212,572,2102,102,328,468,142,520,3635,0,37,0,-962,8,464,232,9932
20240616,17:00,9872,3208,712,2258,106,354,500,142,518,2621,0,25,0,-432,-6,368,234,9872
20240616,17:30,9710,3204,662,2384,108,340,640,142,516,1987,0,37,0,-300,-26,216,232,9710
20240616,18:00,9826,3208,712,2996,110,340,824,142,548,1541,0,35,0,-150,-2,712,234,9826
20240616,18:30,10056,3210,748,3228,116,344,906,142,542,1041,0,51,0,0,-8,500,236,10056
20240616,19:00,9918,3208,1214,3586,116,358,936,142,528,407,0,51,0,130,22,1016,236,9918
20240616,19:30,9944,3212,1268,3642,116,362,916,144,542,62,0,52,0,778,22,1408,236,9944
20240616,20:00,9864,3206,1188,3614,112,358,912,142,526,0,0,58,0,412,-4,896,236,9864
20240616,20:30,9602,3210,1100,3652,112,344,866,144,542,0,0,54,0,118,0,776,236,9602
20240616,21:00,9404,3212,862,3652,110,368,788,142,532,0,0,46,0,24,-4,564,236,9404
20240616,21:30,9120,3212,746,3572,104,360,750,144,544,0,0,50,0,0,4,600,234,9120
20240616,22:00,8900,3210,728,3582,100,374,522,142,530,0,0,52,0,0,2,576,234,8900
20240616,22:30,8702,3210,614,3632,98,358,408,144,542,0,0,58,0,0,-4,592,234,8702
20240616,23:00,8482,3216,584,3462,92,372,368,142,536,0,0,46,0,0,4,576,236,8482
20240616,23:30,8324,3212,768,3114,90,354,358,144,540,0,0,56,0,0,14,560,234,8324
20240616,24:00:00,8022,3214,692,3078,82,384,332,142,530,0,0,36,0,0,-4,700,236,8022
20240617,0:30,7740,3214,720,3008,84,356,322,144,540,0,0,36,0,0,-18,900,234,7740
20240617,1:00,7422,3212,628,2650,82,368,346,142,530,0,0,28,0,0,-44,756,236,7422
20240617,1:30,7214,3212,664,2524,82,350,360,144,540,0,0,26,0,0,-18,904,234,7214
20240617,2:00,7184,3208,712,2494,80,364,360,142,532,0,0,16,0,0,-8,952,236,7184
20240617,2:30,7186,3214,704,2530,80,354,362,144,540,0,0,12,0,0,-16,972,234,7186
20240617,3:00,7326,3210,664,2576,78,368,356,144,528,0,0,6,0,0,-24,816,236,7326
20240617,3:30,7524,3212,670,2734,80,354,446,144,542,0,0,4,0,0,-4,892,234,7524
20240617,4:00,7738,3210,660,3008,80,364,504,144,530,0,0,2,0,0,0,1000,236,7738
20240617,4:30,7914,3208,632,3162,84,350,536,144,536,0,0,4,0,0,-4,972,234,7914
20240617,5:00,8244,3210,714,3264,84,364,602,144,528,0,0,4,0,0,2,908,236,8244
20240617,5:30,8404,3212,644,3488,88,352,702,146,540,1,0,5,0,0,-4,1004,234,8404
20240617,6:00,8302,3210,652,3396,90,366,682,144,528,81,0,5,0,0,-8,1080,236,8302
20240617,6:30,8300,3210,736,3032,92,348,584,146,534,399,0,7,0,0,4,1028,236,8300
20240617,7:00,8288,3210,712,2646,92,364,512,144,528,689,0,7,0,0,6,856,234,8288
20240617,7:30,8460,3210,796,2498,100,340,528,144,538,986,0,4,0,0,-10,908,234,8460
20240617,8:00,8786,3214,802,2442,102,354,522,144,528,1198,0,4,0,-4,-12,744,236,8786
20240617,8:30,9404,3210,1282,2634,112,344,480,144,534,1294,0,4,0,-248,28,648,234,9404
20240617,9:00,10094,3212,1352,2584,118,360,446,144,518,1556,0,4,0,-238,10,208,236,10094
20240617,9:30,10498,3206,1254,2576,122,338,410,144,526,1596,0,12,0,-80,8,-152,234,10498
20240617,10:00,10554,3142,1106,2536,122,370,418,144,492,1918,0,8,0,2,-4,-68,232,10554
20240617,10:30,10486,3116,1146,2296,122,354,404,144,512,2554,0,4,0,0,2,400,232,10486
20240617,11:00,10650,3116,1130,2456,122,364,404,144,500,2988,0,4,0,0,-8,804,234,10650
20240617,11:30,10836,3126,1334,2864,124,356,406,144,526,3210,0,2,0,0,12,1500,232,10836
20240617,12:00,10878,3128,1406,2936,124,370,396,142,516,3200,0,0,0,0,2,1576,234,10878
20240617,12:30,10464,3154,1254,2886,122,358,426,144,530,3006,0,2,0,0,-2,1648,232,10464
20240617,13:00,10400,3160,1174,3114,118,378,444,142,512,3026,0,0,0,0,-10,1892,234,10400
20240617,13:30,10916,3176,1384,3186,124,378,504,144,518,2836,0,0,0,0,-18,1548,232,10916
20240617,14:00,11064,3180,1622,3460,124,366,518,146,512,1970,0,0,0,0,20,1088,234,11064
20240617,14:30,10966,3198,1326,3722,122,384,506,146,516,1693,0,1,0,0,0,880,232,10966
20240617,15:00,10864,3208,1122,3322,120,396,512,144,518,1625,0,1,0,0,-18,320,234,10864
20240617,15:30,10774,3214,1268,3262,120,424,512,148,526,1375,0,3,0,0,2,312,232,10774
20240617,16:00,10976,3214,1376,3828,118,422,498,146,518,893,0,1,0,70,2,344,234,10976
20240617,16:30,10904,3214,1736,3898,120,394,506,148,530,513,0,3,0,252,24,668,234,10904
20240617,17:00,10744,3218,1478,3924,122,420,736,146,534,357,0,5,0,246,-4,672,234,10744
20240617,17:30,10598,3220,1354,3988,118,414,882,148,548,219,0,11,0,230,-2,768,236,10598
20240617,18:00,10498,3216,1528,3968,116,428,942,146,534,97,0,21,0,200,4,936,234,10498
20240617,18:30,10420,3212,1714,4066,120,418,960,148,550,42,0,40,0,364,2,1452,236,10420
20240617,19:00,10420,3214,1650,4106,120,442,964,148,536,4,0,46,0,378,2,1428,238,10420
20240617,19:30,10274,3210,1550,4104,120,428,948,148,550,0,0,66,0,280,12,1380,238,10274
20240617,20:00,10012,3210,1446,4056,118,444,948,150,532,0,0,86,0,178,6,1400,238,10012
20240617,20:30,9656,3208,1404,3922,112,430,942,146,524,0,0,108,0,60,0,1432,232,9656
20240617,21:00,9534,3212,1506,3730,112,420,834,150,558,0,0,130,0,0,0,1352,234,9534
20240617,21:30,9220,3216,1372,3650,110,426,808,148,550,0,0,144,0,0,2,1440,234,9220
20240617,22:00,8956,3216,948,3700,104,434,732,150,546,0,0,174,0,0,2,1284,234,8956
20240617,22:30,8782,3210,816,3626,100,438,724,148,548,0,0,198,0,0,-16,1244,234,8782
20240617,23:00,8618,3216,802,3452,94,412,724,148,542,0,0,198,0,0,14,1220,236,8618
20240617,23:30,8578,3212,712,3492,94,372,642,148,550,0,0,198,0,0,12,1088,234,8578
20240617,24:00:00,8292,3218,554,3392,86,400,636,146,540,0,0,194,0,0,10,1120,236,8292
20240618,0:30,8032,3212,584,3414,86,370,650,148,556,0,0,226,0,0,8,1456,234,8032
20240618,1:00,7756,3216,712,3344,82,398,664,146,536,0,0,250,0,0,4,1832,236,7756
20240618,1:30,7578,3216,706,3128,82,386,704,148,550,0,0,238,0,0,-12,1804,236,7578
20240618,2:00,7578,3214,606,3162,82,380,722,146,530,0,0,238,0,0,-12,1728,238,7578
20240618,2:30,7622,3216,522,3262,80,358,720,148,544,0,0,222,0,0,-18,1668,236,7622
20240618,3:00,7734,3214,512,3374,80,398,726,148,536,0,0,186,0,20,-2,1696,238,7734
20240618,3:30,7966,3218,446,3454,80,388,750,148,546,0,0,168,0,248,-12,1704,236,7966
20240618,4:00,8154,3214,518,3442,80,392,832,148,542,0,0,154,0,240,-8,1636,236,8154
20240618,4:30,8350,3214,518,3688,80,380,860,148,550,0,0,162,0,250,0,1736,236,8350
20240618,5:00,8574,3216,536,3464,80,400,998,148,538,0,0,150,0,358,2,1552,236,8574
20240618,5:30,8706,3216,558,3270,84,380,1008,148,548,2,0,160,0,540,0,1444,236,8706
20240618,6:00,8618,3214,588,3260,86,392,998,148,542,58,0,144,0,540,14,1604,238,8618
20240618,6:30,8578,3220,554,2882,88,386,862,148,552,265,0,141,0,510,10,1276,236,8578
20240618,7:00,8392,3214,564,2736,90,384,844,148,538,555,0,127,0,422,0,1468,238,8392
20240618,7:30,8548,3222,576,2580,92,372,858,148,546,993,0,127,0,246,-12,1436,236,8548
20240618,8:00,8668,3216,574,2406,94,388,882,148,536,1541,0,129,0,54,-6,1532,238,8668
20240618,8:30,9154,3214,540,2346,100,404,882,148,544,2241,0,135,0,0,-6,1628,234,9154
20240618,9:00,9618,3218,490,1874,100,426,894,148,524,3049,0,137,0,0,12,1488,234,9618
20240618,9:30,10010,3212,308,1626,106,400,898,148,520,4025,0,125,0,-108,-22,1460,232,10010
20240618,10:00,10132,3212,402,1434,108,402,900,148,476,4783,0,103,0,-266,-6,1796,232,10132
20240618,10:30,10266,3218,360,1424,104,376,910,148,464,5566,0,92,0,-280,-16,2332,232,10266
20240618,11:00,10404,3216,392,1414,100,402,890,148,450,6076,0,88,0,-846,-28,2128,230,10404
20240618,11:30,10548,3212,398,1404,98,386,884,148,464,6668,0,68,0,-1076,-10,2328,232,10548
20240618,12:00,10824,3218,386,1290,98,404,890,146,452,7074,0,52,0,-1302,-20,2096,232,10824
20240618,12:30,10578,3214,462,1132,98,382,888,148,464,7206,0,56,0,-1348,-4,2352,232,10578
20240618,13:00,10306,3214,488,1116,90,400,896,146,450,7118,0,58,0,-1562,2,2344,234,10306
20240618,13:30,10784,3218,584,1140,94,388,852,148,464,7296,0,58,0,-1340,2,2352,232,10784
20240618,14:00,10924,3220,470,1144,98,402,842,146,448,7170,0,42,0,-856,-2,2432,232,10924
20240618,14:30,11046,3212,368,1196,100,396,822,148,488,7228,0,38,0,-890,-24,2268,232,11046
20240618,15:00,11098,3218,372,1274,100,412,806,146,506,6986,0,24,0,-842,0,2136,232,11098
20240618,15:30,11084,3216,418,1396,106,406,790,148,536,6624,0,24,0,-758,-2,2052,232,11084
20240618,16:00,11296,3218,406,1716,100,406,792,148,534,6168,0,22,0,-564,0,1884,234,11296
20240618,16:30,11416,3214,554,2246,108,410,794,148,544,5426,0,24,0,-324,16,1976,232,11416
20240618,17:00,11554,3212,752,2758,106,428,886,148,540,4546,0,20,0,-144,16,1948,234,11554
20240618,17:30,11556,3216,990,3078,112,408,922,150,550,3516,0,18,0,0,6,1644,234,11556
20240618,18:00,11360,3214,1042,3258,110,422,1054,152,540,2316,0,14,0,276,0,1272,234,11360
20240618,18:30,11134,3212,1244,3764,116,412,1092,152,554,1308,0,20,0,756,2,1736,238,11134
20240618,19:00,10874,3218,1366,3892,114,418,1092,152,546,492,0,24,0,968,28,1676,240,10874
20240618,19:30,10560,3216,1296,4084,116,414,1070,152,550,66,0,30,0,1128,20,1820,238,10560
20240618,20:00,10396,3218,1334,4106,116,410,1062,152,548,0,0,34,0,708,0,1532,240,10396
20240618,20:30,10134,3220,1374,4108,114,420,1060,152,548,0,0,30,0,436,-2,1564,238,10134
20240618,21:00,9864,3216,1286,4110,106,412,1058,152,554,0,0,28,0,140,4,1436,234,9864
20240618,21:30,9510,3220,1042,4106,106,406,920,152,550,0,0,28,0,90,-4,1340,234,9510
20240618,22:00,9220,3220,974,4038,100,416,804,154,544,0,0,20,0,30,4,1320,236,9220
20240618,22:30,9066,3218,846,3940,98,404,786,154,552,0,0,24,0,0,4,1196,236,9066
20240618,23:00,8846,3220,544,3864,90,380,788,152,546,0,0,24,0,0,8,1004,234,8846
20240618,23:30,8716,3220,562,3734,88,366,802,154,556,0,0,22,0,0,12,1036,236,8716
20240618,24:00:00,8428,3218,506,3478,86,378,806,152,544,0,0,22,0,0,2,1000,236,8428
20240619,0:30,8138,3218,562,3444,84,360,766,154,562,0,0,20,0,0,-6,1264,238,8138
20240619,1:00,7750,3222,468,3556,80,378,846,152,544,0,0,12,0,0,-30,1716,238,7750
20240619,1:30,7596,3218,482,3262,80,364,856,154,564,0,0,16,0,0,-14,1624,238,7596
20240619,2:00,7522,3222,476,3196,78,388,864,152,542,0,0,12,0,0,-14,1632,238,7522
20240619,2:30,7516,3212,550,3166,78,374,858,154,560,0,0,10,0,0,-12,1672,238,7516
20240619,3:00,7666,3220,440,3256,78,410,994,152,550,0,0,4,0,0,-12,1664,238,7666
20240619,3:30,7890,3220,468,3306,78,408,1002,154,562,0,0,6,0,0,-8,1544,238,7890
20240619,4:00,8104,3220,418,3592,78,426,994,152,550,0,0,4,0,0,0,1568,238,8104
20240619,4:30,8324,3212,458,3820,82,410,1010,154,562,0,0,2,0,0,0,1624,238,8324
20240619,5:00,8526,3216,500,3838,80,424,1024,152,546,0,0,0,0,0,-4,1488,238,8526
20240619,5:30,8660,3216,516,3788,86,394,1052,154,564,9,0,3,0,0,0,1360,238,8660
20240619,6:00,8488,3208,508,3576,84,436,1058,152,548,199,0,1,0,0,-4,1516,238,8488
20240619,6:30,8442,3224,364,3146,88,398,1058,154,562,791,0,3,0,0,4,1588,238,8442
20240619,7:00,8428,3214,556,2260,86,386,906,152,550,1513,0,1,0,-556,32,912,240,8428
20240619,7:30,8270,3218,534,1722,92,360,842,152,558,2336,0,2,0,-378,18,1424,238,8270
20240619,8:00,8378,3218,234,1468,96,366,766,154,542,3080,0,0,0,-326,-42,1416,238,8378
20240619,8:30,9002,3218,244,1358,96,388,760,152,552,4048,0,2,0,-424,-38,1588,234,9002
20240619,9:00,9570,3214,268,1238,96,400,750,152,540,5060,0,0,0,-758,-48,1576,234,9570
20240619,9:30,10070,3220,272,1124,102,386,728,152,544,6024,0,2,0,-910,-22,1784,232,10070
20240619,10:00,10406,3218,264,1164,100,396,722,152,524,6804,0,2,0,-1254,-40,1876,230,10406
20240619,10:30,10578,3214,306,1184,104,378,718,152,522,7256,324,8,0,-1704,6,1796,230,10578
20240619,11:00,10808,3212,284,1180,100,396,722,152,478,7172,503,12,0,-1584,16,1564,232,10808
20240619,11:30,11236,3214,588,1118,104,364,722,152,462,6676,1122,14,0,-898,42,1552,230,11236
20240619,12:00,11294,3214,734,1118,98,372,722,152,446,6468,1087,10,0,-542,30,1760,232,11294
20240619,12:30,11212,3214,678,1116,100,364,726,152,464,6256,1010,10,0,-492,8,1616,232,11212
20240619,13:00,11028,3216,610,1128,100,366,726,148,452,6164,718,10,0,-450,2,1676,232,11028
20240619,13:30,11436,3210,564,1254,102,356,706,152,458,6275,507,11,0,-124,0,1760,232,11436
20240619,14:00,11720,3212,526,1422,104,376,698,146,480,6293,380,13,0,0,0,1780,230,11720
20240619,14:30,11742,3214,720,1746,106,368,726,148,524,6035,185,13,0,0,16,2104,230,11742
20240619,15:00,11694,3210,824,1846,106,390,750,150,524,5739,0,13,0,82,24,2196,232,11694
20240619,15:30,11778,3214,676,2202,110,412,708,148,540,4837,0,15,0,520,-28,1808,232,11778
20240619,16:00,11894,3212,742,2870,110,478,712,148,532,3789,0,15,0,158,-4,1100,232,11894
20240619,16:30,11694,3212,874,3302,114,506,782,148,546,2800,0,18,0,0,-42,800,234,11694
20240619,17:00,11488,3208,1200,3356,114,534,926,150,536,1948,0,16,0,0,-14,720,234,11488
20240619,17:30,11262,3210,1618,3706,114,534,1030,150,548,1362,0,18,0,0,24,1288,236,11262
20240619,18:00,11016,3212,1630,3796,114,538,1042,146,540,886,0,24,0,204,-2,1352,238,11016
20240619,18:30,11002,3208,1916,3984,118,528,1052,150,554,454,0,28,0,388,22,1640,240,11002
20240619,19:00,10918,3212,2210,4100,118,502,1058,146,542,98,0,20,0,688,26,2044,242,10918
20240619,19:30,10820,3210,2134,4072,118,472,1038,150,554,20,0,24,0,790,10,2012,240,10820
20240619,20:00,10712,3210,2138,3970,118,496,1046,146,542,0,0,14,0,508,4,1720,240,10712
20240619,20:30,10366,3216,2226,3888,114,470,1044,150,554,0,0,20,0,266,0,1820,238,10366
20240619,21:00,10120,3214,1980,3868,112,494,1036,148,542,0,0,20,0,224,2,1756,236,10120
20240619,21:30,9776,3210,1528,3808,108,474,1008,150,556,0,0,20,0,128,2,1452,236,9776
20240619,22:00,9486,3216,1414,3700,100,460,868,148,538,0,0,14,0,110,2,1316,232,9486
20240619,22:30,9354,3214,1488,3824,100,394,854,150,558,0,0,10,0,0,0,1476,238,9354
20240619,23:00,9044,3212,1342,3618,94,334,850,150,546,0,0,4,0,0,12,1352,234,9044
20240619,23:30,8986,3212,1258,3792,90,300,826,152,566,0,0,6,0,0,10,1464,238,8986
20240619,24:00:00,8732,3216,1212,3422,88,314,824,150,550,0,0,2,0,0,12,1296,238,8732
20240620,0:30,8332,3216,1200,3320,84,298,718,152,572,0,0,8,0,0,-12,1464,240,8332
20240620,1:00,8000,3214,1164,3236,84,326,698,152,556,0,0,8,0,0,-28,1652,242,8000
20240620,1:30,7772,3214,1132,3044,80,300,698,152,576,0,0,12,0,0,-12,1664,240,7772
20240620,2:00,7744,3214,1106,3004,80,322,676,152,560,0,0,18,0,0,-22,1608,242,7744
20240620,2:30,7726,3214,1142,3026,80,320,672,152,578,0,0,22,0,0,-28,1692,240,7726
20240620,3:00,7848,3210,1122,3200,80,352,680,152,564,0,0,16,0,0,-10,1760,242,7848
20240620,3:30,8068,3218,1006,3350,80,346,714,152,586,0,0,26,0,0,-10,1640,240,8068
20240620,4:00,8228,3212,960,3362,78,362,982,152,578,0,0,30,0,0,-10,1720,242,8228
20240620,4:30,8434,3212,1040,3370,84,342,1022,152,604,0,0,32,0,0,-4,1660,240,8434
20240620,5:00,8672,3206,1030,3438,82,388,1022,152,578,0,0,48,0,0,-2,1512,242,8672
20240620,5:30,8782,3214,1032,3402,86,386,986,152,602,1,0,65,0,0,0,1384,240,8782
20240620,6:00,8742,3212,948,3518,88,426,956,152,584,15,0,99,0,0,-2,1496,242,8742
20240620,6:30,8636,3214,906,3282,90,394,956,152,598,67,0,137,0,0,0,1400,240,8636
20240620,7:00,8558,3210,792,3184,90,420,810,152,592,169,0,179,0,0,-2,1280,242,8558
20240620,7:30,8722,3214,804,3014,98,398,824,152,610,359,0,211,0,0,2,1204,240,8722
20240620,8:00,8978,3216,858,3112,98,414,758,152,596,481,0,199,0,0,6,1152,240,8978
20240620,8:30,9514,3216,972,3268,108,404,732,152,608,631,0,213,0,0,14,1040,236,9514
20240620,9:00,10084,3214,960,3278,114,410,722,152,596,699,0,217,0,0,8,520,234,10084
20240620,9:30,10436,3212,992,3470,118,390,732,152,610,860,0,240,0,0,-4,568,232,10436
20240620,10:00,10600,3218,976,3388,118,382,738,152,598,912,0,210,0,0,2,324,230,10600
20240620,10:30,10592,3216,770,3586,120,344,646,152,614,868,0,210,0,0,4,168,230,10592
20240620,11:00,10626,3212,728,3634,120,362,614,150,606,848,0,208,0,0,2,90,232,10626
20240620,11:30,10624,3214,688,3620,120,342,612,154,616,862,0,196,0,0,-2,28,230,10624
20240620,12:00,10518,3216,640,3414,118,358,616,152,608,916,0,170,0,0,0,-78,232,10518
20240620,12:30,10068,3214,582,3122,122,336,614,154,628,990,0,190,0,0,-4,112,232,10068
20240620,13:00,9886,3212,556,3028,118,364,634,152,604,986,0,186,0,0,2,188,232,9886
20240620,13:30,10232,3214,788,3528,120,342,708,154,618,1040,0,190,0,0,2,704,232,10232
20240620,14:00,10290,3218,710,3636,118,356,724,152,610,1096,0,184,0,0,8,752,230,10290
20240620,14:30,10276,3216,608,3844,122,350,742,154,616,1034,0,168,0,0,0,808,230,10276
20240620,15:00,10276,3212,744,4086,122,374,746,154,604,932,0,154,0,0,0,1084,232,10276
20240620,15:30,10186,3220,786,3972,126,362,822,154,620,798,0,148,0,0,-2,1052,232,10186
20240620,16:00,10250,3220,974,4096,122,420,828,156,604,660,0,140,0,0,2,1204,232,10250
20240620,16:30,10220,3216,1214,4054,130,422,838,156,618,512,0,142,0,0,2,1316,232,10220
20240620,17:00,10144,3218,1406,4098,128,452,840,154,610,332,0,132,0,168,8,1636,234,10144
20240620,17:30,10044,3216,1384,4072,126,444,846,156,624,221,0,123,0,216,-2,1616,234,10044
20240620,18:00,9976,3214,1418,4104,128,470,990,154,608,109,0,113,0,230,2,1800,236,9976
20240620,18:30,9952,3222,1472,4104,128,448,1034,156,618,51,0,127,0,264,4,1916,240,9952
20240620,19:00,9950,3216,1490,4104,126,470,1038,154,614,5,0,133,0,316,22,1980,242,9950
20240620,19:30,9826,3214,1380,4102,126,466,1034,156,624,1,0,131,0,420,12,2080,240,9826
20240620,20:00,9690,3214,1024,4106,124,482,1050,154,610,0,0,130,0,322,2,1768,240,9690
20240620,20:30,9482,3216,958,4076,122,468,972,156,618,0,0,130,0,294,2,1768,238,9482
20240620,21:00,9298,3216,958,3780,116,478,944,154,616,0,0,162,0,304,-2,1664,236,9298
20240620,21:30,9114,3218,980,3446,112,476,938,154,624,0,0,182,0,322,2,1576,236,9114
20240620,22:00,8836,3218,1074,3370,106,488,944,156,608,0,0,184,0,58,2,1608,236,8836
20240620,22:30,8834,3222,1044,3444,102,424,958,156,626,0,0,206,0,0,0,1584,236,8834
20240620,23:00,8682,3220,854,3324,100,356,980,154,616,0,0,198,0,0,10,1368,238,8682
20240620,23:30,8626,3216,904,3326,96,330,1046,154,624,0,0,216,0,0,4,1528,238,8626
20240620,24:00:00,8464,3222,848,3146,88,328,1066,156,616,0,0,204,0,0,-16,1432,238,8464
20240621,0:30,8194,3218,946,3010,86,336,1072,154,626,0,0,176,0,0,-2,1676,248,8194
20240621,1:00,7988,3220,898,3002,86,342,1072,154,618,0,0,170,0,0,-42,1780,248,7988
20240621,1:30,7782,3216,884,2648,84,318,1062,154,628,0,0,186,0,0,-22,1624,248,7782
20240621,2:00,7714,3222,880,2586,82,332,1062,154,614,0,0,172,0,0,-16,1624,250,7714
20240621,2:30,7808,3216,928,2686,82,330,1054,154,628,0,0,158,0,0,-12,1664,248,7808
20240621,3:00,8008,3216,922,2758,82,334,1044,154,620,0,0,180,0,0,-14,1536,248,8008
20240621,3:30,8180,3216,856,3012,82,346,1042,154,628,0,0,172,0,0,-8,1568,248,8180
20240621,4:00,8404,3218,910,3238,80,376,1036,152,618,0,0,176,0,0,0,1648,248,8404
20240621,4:30,8576,3218,954,3238,86,370,1030,152,630,0,0,190,0,126,-2,1664,248,8576
20240621,5:00,8822,3214,904,3210,84,390,1020,152,614,0,0,172,0,206,0,1392,248,8822
20240621,5:30,8916,3214,1024,3464,90,372,1024,152,628,0,0,160,0,200,4,1664,248,8916
20240621,6:00,8820,3218,1016,3506,88,368,1022,152,618,28,0,158,0,120,-6,1716,248,8820
20240621,6:30,8680,3214,1022,3472,92,338,1008,154,628,189,0,157,0,0,2,1844,248,8680
20240621,7:00,8594,3218,924,3290,96,330,1016,152,618,499,0,127,0,0,0,1924,248,8594
20240621,7:30,8642,3216,828,3058,100,328,1016,154,628,1019,0,105,0,0,-6,2052,248,8642
20240621,8:00,8810,3218,764,2808,100,334,1028,152,614,1695,0,109,0,0,-44,2216,248,8810
20240621,8:30,9280,3220,844,2500,112,306,1034,154,618,2373,0,91,0,0,6,2220,242,9280
20240621,9:00,9708,3216,818,2232,116,292,1048,154,614,3157,0,61,0,0,4,2244,240,9708
20240621,9:30,10232,3216,768,1968,116,258,1050,156,620,4161,0,53,0,0,2,2376,240,10232
20240621,10:00,10750,3218,626,1694,120,288,1056,154,606,5231,0,45,0,0,-2,2524,238,10750
20240621,10:30,11086,3220,328,1548,118,266,1090,156,614,6055,0,49,0,-4,-16,2576,238,11086
20240621,11:00,11254,3220,356,1438,118,260,1088,154,604,6539,0,43,0,-344,-22,2440,240,11254
20240621,11:30,11324,3214,422,1320,118,260,1076,154,598,6819,0,45,0,-552,12,2400,238,11324
20240621,12:00,11186,3218,406,1286,118,270,1024,150,532,6887,0,57,0,-774,-16,2208,236,11186
20240621,12:30,11310,3218,484,1322,120,254,1052,156,514,6845,463,69,0,-616,10,2356,238,11310
20240621,13:00,11224,3218,422,1432,112,268,1068,150,502,6763,462,69,0,-596,-20,2404,240,11224
20240621,13:30,11538,3216,636,1438,118,250,1094,156,548,6676,494,74,0,-506,4,2404,238,11538
20240621,14:00,11718,3222,574,1434,116,258,1142,150,584,6448,589,70,0,-286,0,2232,238,11718
20240621,14:30,11544,3220,410,1444,116,242,1128,154,610,6792,0,66,0,-494,-14,2368,238,11544
20240621,15:00,11628,3220,580,1482,118,272,1130,152,594,6626,0,54,0,-530,2,2312,240,11628
20240621,15:30,11536,3216,472,1612,122,252,1134,154,610,6162,0,40,0,-250,-10,2216,238,11536
20240621,16:00,11508,3220,600,1918,122,320,1138,152,610,5414,0,42,0,0,0,2268,240,11508
20240621,16:30,11680,3222,638,2216,126,450,1140,154,620,4784,0,52,0,0,0,1964,242,11680
20240621,17:00,11694,3220,890,2934,128,510,1136,150,614,3752,0,52,0,340,24,2300,244,11694
20240621,17:30,11558,3210,692,3286,130,506,1154,154,624,2712,0,50,0,328,-8,1524,244,11558
20240621,18:00,11304,3216,748,3540,130,520,1156,148,612,1772,0,36,0,334,0,1152,244,11304
20240621,18:30,11234,3216,878,3984,134,504,1140,154,626,1082,0,38,0,352,32,1152,246,11234
20240621,19:00,10986,3218,966,4234,136,518,1136,150,612,420,0,44,0,512,30,1240,250,10986
20240621,19:30,10776,3212,860,4340,134,504,1136,156,622,60,0,40,0,596,2,1136,250,10776
20240621,20:00,10620,3218,760,4526,132,512,1142,152,614,0,0,34,0,572,4,1292,246,10620
20240621,20:30,10432,3220,760,4426,130,512,1136,156,616,0,0,32,0,410,12,1224,246,10432
20240621,21:00,10150,3220,690,4382,128,510,1144,154,614,0,0,30,0,226,12,1208,248,10150
20240621,21:30,9872,3220,728,4270,122,508,1156,156,626,0,0,36,0,168,4,1368,246,9872
20240621,22:00,9540,3222,868,4190,112,504,1146,152,616,0,0,36,0,0,-2,1544,240,9540
20240621,22:30,9450,3222,764,4182,110,454,1140,156,638,0,0,44,0,0,6,1512,246,9450
20240621,23:00,9208,3220,664,3868,106,404,1138,152,634,0,0,36,0,0,10,1272,248,9208
20240621,23:30,9112,3220,808,3850,102,376,1134,156,648,0,0,30,0,0,22,1480,246,9112
20240621,24:00:00,8798,3220,772,3546,94,386,1132,152,644,0,0,24,0,0,12,1432,248,8798
20240622,0:30,8448,3222,680,3374,96,368,1154,156,660,0,0,32,0,0,4,1544,246,8448
20240622,1:00,8090,3222,606,3046,88,410,1154,154,656,0,0,26,0,0,-28,1488,244,8090
20240622,1:30,7890,3220,670,2926,88,372,1136,156,666,0,0,38,0,-30,-44,1552,244,7890
20240622,2:00,7838,3222,796,2836,86,384,1136,156,650,0,0,38,0,-236,-8,1468,246,7838
20240622,2:30,7820,3218,728,2842,84,382,1132,156,660,0,0,54,0,-232,-8,1440,244,7820
20240622,3:00,7868,3222,734,2872,84,382,1132,154,658,0,0,54,0,-118,-12,1540,246,7868
20240622,3:30,8078,3218,916,2910,86,372,1134,156,666,0,0,62,0,0,-10,1676,244,8078
20240622,4:00,8292,3222,1106,2956,82,388,1134,154,660,0,0,60,0,0,-10,1704,244,8292
20240622,4:30,8414,3218,1024,3194,86,376,1152,154,672,0,0,72,0,0,-2,1776,244,8414
20240622,5:00,8544,3216,1032,3254,86,388,1154,154,662,0,0,86,0,0,2,1736,246,8544
20240622,5:30,8570,3220,1198,3100,90,356,1152,152,670,7,0,103,0,0,-2,1720,244,8570
20240622,6:00,8354,3218,1050,2786,86,354,1152,150,658,93,0,115,0,0,-14,1540,246,8354
20240622,6:30,8154,3220,934,2576,92,340,1134,152,670,223,0,143,0,0,-6,1568,244,8154
20240622,7:00,8104,3216,658,2428,92,356,1130,150,660,285,0,161,0,-264,-24,988,244,8104
20240622,7:30,8138,3222,830,2042,98,340,1134,152,670,263,0,171,0,-122,26,932,244,8138
20240622,8:00,8430,3220,866,2088,100,352,1132,150,652,243,0,187,0,2,18,824,244,8430
20240622,8:30,8806,3218,816,2170,110,330,1132,152,658,268,0,198,0,0,8,496,242,8806
20240622,9:00,9180,3218,900,2090,108,310,1138,150,668,294,0,190,0,0,0,128,242,9180
20240622,9:30,9522,3220,914,2050,116,294,1158,152,662,454,0,220,0,0,0,-40,242,9522
20240622,10:00,9660,3220,822,2032,112,306,1164,148,654,728,0,250,0,0,0,16,240,9660
20240622,10:30,9838,3220,940,2086,116,296,1152,152,662,1044,0,258,0,0,0,328,240,9838
20240622,11:00,9824,3220,706,2066,114,310,1158,148,648,1354,0,246,0,0,-8,380,242,9824
20240622,11:30,9838,3220,632,2082,116,294,1148,152,662,1886,0,252,0,0,-34,812,240,9838
20240622,12:00,9956,3220,672,2180,114,312,1158,148,658,2196,0,242,0,-268,-18,900,242,9956
20240622,12:30,9908,3220,766,2404,118,320,1148,152,662,2388,0,242,0,-118,-14,1620,240,9908
20240622,13:00,9894,3216,786,2314,112,348,1138,148,652,2432,0,238,0,0,-4,1728,242,9894
20240622,13:30,10006,3218,720,2394,118,332,1146,152,662,2468,0,248,0,0,12,1704,240,10006
20240622,14:00,10014,3218,858,2408,114,344,1146,146,648,2438,0,252,0,0,0,1800,242,10014
20240622,14:30,9950,3220,752,2526,120,334,1148,150,652,2522,0,258,0,0,8,1984,244,9950
20240622,15:00,10154,3216,520,2552,116,344,1154,148,648,2924,0,266,0,0,-2,1976,244,10154
20240622,15:30,10212,3216,478,2746,120,332,1152,152,662,2890,0,266,0,0,-38,2008,244,10212
20240622,16:00,10300,3222,596,3000,122,348,1154,148,654,2444,0,260,0,0,-8,1884,244,10300
20240622,16:30,10300,3218,800,3372,124,354,1146,152,660,1901,0,263,0,0,2,1936,244,10300
20240622,17:00,10240,3222,834,3616,128,436,1146,148,650,1453,0,257,0,0,-12,1884,246,10240
20240622,17:30,10346,3214,878,4070,130,494,1146,150,654,1057,0,267,0,0,40,2000,246,10346
20240622,18:00,10332,3214,904,4320,132,494,1144,148,652,645,0,265,0,0,20,1852,246,10332
20240622,18:30,10380,3218,876,4058,136,492,1152,152,658,346,0,264,0,302,8,1528,246,10380
20240622,19:00,10422,3218,924,4086,138,516,1164,146,648,108,0,270,0,322,-2,1364,248,10422
20240622,19:30,10394,3214,946,4100,138,490,1178,150,660,14,0,292,0,354,0,1388,246,10394
20240622,20:00,10318,3216,868,3972,136,514,1168,148,648,0,0,286,0,350,-4,1232,248,10318
20240622,20:30,10138,3224,838,3850,134,496,1142,152,660,0,0,270,0,340,2,1216,246,10138
20240622,21:00,9894,3218,818,3934,130,494,1126,146,648,0,0,280,0,156,2,1304,246,9894
20240622,21:30,9668,3220,782,3936,126,470,1124,150,658,0,0,296,0,18,10,1368,246,9668
20240622,22:00,9454,3222,806,3646,120,484,1112,148,642,0,0,272,0,0,2,1244,244,9454
20240622,22:30,9352,3222,850,3450,114,478,1146,150,652,0,0,262,0,0,-4,1212,244,9352
20240622,23:00,9146,3216,794,3250,110,450,1144,148,648,0,0,260,0,0,12,1132,246,9146
20240622,23:30,9044,3218,874,3358,108,378,1142,150,662,0,0,250,0,0,20,1360,244,9044
20240622,24:00:00,8736,3222,836,3026,96,382,1146,148,652,0,0,242,0,0,12,1272,246,8736
20240623,0:30,8452,3218,932,3016,98,372,1126,150,658,0,0,240,0,0,14,1616,244,8452
20240623,1:00,8206,3220,788,2782,90,388,1122,148,654,0,0,246,0,0,2,1480,246,8206
20240623,1:30,7986,3214,714,2620,90,378,1118,150,662,0,0,242,0,0,-26,1420,244,7986
20240623,2:00,7852,3218,622,2554,90,386,1120,148,652,0,0,242,0,-78,-20,1328,246,7852
20240623,2:30,7844,3216,862,2628,88,380,1118,150,648,0,0,224,0,-260,-14,1440,244,7844
20240623,3:00,8072,3216,852,2746,88,376,1120,148,654,0,0,220,0,-232,-2,1360,246,8072
20240623,3:30,8220,3218,714,3062,88,378,1140,150,658,0,0,244,0,-298,-10,1368,244,8220
20240623,4:00,8282,3218,758,3116,88,388,1138,148,652,0,0,246,0,-56,-20,1640,246,8282
20240623,4:30,8498,3212,974,3116,88,378,1140,150,662,0,0,236,0,0,26,1728,244,8498
20240623,5:00,8606,3214,882,3182,88,384,1140,148,656,0,0,236,0,0,-18,1552,246,8606
20240623,5:30,8576,3216,918,3194,92,378,1120,150,664,2,0,258,0,0,4,1664,244,8576
20240623,6:00,8300,3214,866,2930,90,380,1114,148,658,58,0,254,0,0,-2,1656,246,8300
20240623,6:30,8126,3214,772,2640,94,384,1110,150,662,214,0,280,0,0,-6,1632,244,8126
20240623,7:00,7972,3214,774,2384,92,380,1110,148,660,296,0,270,0,0,-2,1600,246,7972
20240623,7:30,8130,3218,864,2182,96,352,1110,150,668,536,0,276,0,0,10,1576,244,8130
20240623,8:00,8170,3218,778,2178,94,356,1108,148,650,698,0,288,0,0,4,1596,246,8170
20240623,8:30,8516,3218,788,2198,100,320,1130,150,654,984,0,300,0,0,14,1584,244,8516
20240623,9:00,8896,3214,792,2262,100,310,1130,148,654,1438,0,312,0,0,2,1708,242,8896
20240623,9:30,9386,3220,744,2224,108,304,1126,150,654,1825,0,315,0,0,6,1532,242,9386
20240623,10:00,9588,3218,718,2186,106,296,1130,148,654,2011,0,301,0,0,-6,1416,242,9588
20240623,10:30,9846,3218,932,2338,110,304,1116,152,648,2067,0,295,0,94,14,1684,242,9846
20240623,11:00,9932,3218,892,2470,106,304,1112,146,648,2109,0,289,0,140,0,1744,242,9932
20240623,11:30,10118,3216,752,2458,110,298,1114,150,650,2291,0,285,0,0,8,1456,242,10118
20240623,12:00,10198,3216,840,2676,106,306,1124,148,648,2143,0,247,0,0,6,1504,242,10198
20240623,12:30,10046,3218,690,2794,106,298,1146,150,654,2159,0,245,0,0,-32,1624,242,10046
20240623,13:00,9936,3214,612,2598,108,314,1148,148,646,2321,0,263,0,0,-46,1632,242,9936
20240623,13:30,10004,3218,840,2858,110,318,1156,150,648,2099,0,257,0,0,-8,1884,242,10004
20240623,14:00,9984,3218,868,3270,102,340,1158,146,644,1623,0,239,0,0,6,1872,242,9984
20240623,14:30,9984,3214,728,3354,112,338,1134,150,646,1471,0,241,0,0,6,1652,242,9984
20240623,15:00,10004,3216,850,3438,108,344,1136,146,646,1135,0,239,0,0,8,1504,242,10004
20240623,15:30,9936,3214,718,3538,116,330,1130,150,654,916,0,240,0,0,-2,1312,244,9936
20240623,16:00,9902,3218,678,3558,120,356,1130,146,640,716,0,246,0,0,0,1152,246,9902
20240623,16:30,9934,3210,680,3676,124,372,1136,150,654,573,0,255,0,0,2,1144,246,9934
20240623,17:00,9928,3218,746,3490,126,406,1132,148,646,535,0,257,0,0,-6,1016,246,9928
20240623,17:30,10092,3210,880,3506,130,456,1158,150,658,513,0,247,0,0,2,1064,246,10092
20240623,18:00,10120,3212,802,3880,130,512,1162,148,644,381,0,241,0,0,0,1240,248,10120
20240623,18:30,10130,3212,990,4082,136,486,1160,150,656,273,0,237,0,0,-8,1492,248,10130
20240623,19:00,10134,3208,990,4094,134,516,1160,148,642,125,0,233,0,0,0,1364,248,10134
20240623,19:30,10070,3212,988,4094,136,498,1144,150,656,27,0,211,0,0,-2,1292,248,10070
20240623,20:00,9868,3214,868,4062,136,490,1122,148,642,0,0,182,0,0,-2,1240,246,9868
20240623,20:30,9662,3218,716,4066,130,488,1124,148,638,0,0,176,0,0,-6,1280,244,9662
20240623,21:00,9544,3216,740,4010,128,502,1134,150,660,0,0,162,0,0,-6,1400,248,9544
20240623,21:30,9296,3218,742,3748,124,490,1156,152,656,0,0,164,0,0,-16,1384,246,9296
20240623,22:00,9084,3222,834,3546,118,508,1156,150,648,0,0,144,0,0,-2,1488,248,9084
20240623,22:30,8940,3220,794,3516,112,506,1156,152,652,0,0,132,0,0,-2,1544,246,8940
20240623,23:00,8710,3218,668,3362,108,500,1154,148,658,0,0,116,0,0,10,1480,248,8710
20240623,23:30,8626,3220,792,3330,106,452,1132,152,664,0,0,112,0,0,20,1600,246,8626
20240623,24:00:00,8326,3222,556,3112,100,414,1128,148,658,0,0,118,0,0,2,1380,248,8326
20240624,0:30,8044,3220,620,2598,98,394,1136,152,666,0,0,108,0,0,10,1204,246,8044
20240624,1:00,7810,3216,566,2158,94,404,1140,150,656,0,0,112,0,0,0,932,246,7810
20240624,1:30,7660,3222,576,1964,94,396,1158,154,660,0,0,116,0,-156,-10,760,246,7660
20240624,2:00,7506,3218,602,1824,88,404,1158,150,658,0,0,128,0,-248,-6,716,246,7506
20240624,2:30,7612,3222,682,2016,90,394,1156,154,660,0,0,146,0,0,-10,1144,246,7612
20240624,3:00,7718,3216,752,2188,88,404,1158,150,660,0,0,156,0,0,4,1304,246,7718
20240624,3:30,7964,3220,740,2560,90,394,1136,154,662,0,0,152,0,0,-14,1376,246,7964
20240624,4:00,8180,3218,836,2720,88,414,1136,152,662,0,0,132,0,0,-8,1416,246,8180
20240624,4:30,8360,3218,790,2682,90,414,1130,154,664,0,0,116,0,0,-4,1140,246,8360
20240624,5:00,8510,3214,746,3028,90,428,1128,152,652,0,0,90,0,0,-8,1256,246,8510
20240624,5:30,8690,3218,942,3194,96,408,1150,154,666,0,0,88,0,0,0,1472,246,8690
20240624,6:00,8600,3218,776,3010,94,430,1150,154,654,12,0,92,0,0,-4,1232,246,8600
20240624,6:30,8566,3216,760,2910,98,414,1150,154,660,77,0,115,0,0,2,1236,246,8566
20240624,7:00,8680,3216,868,2716,100,432,1144,154,654,143,0,133,0,0,2,1128,246,8680
20240624,7:30,9010,3216,930,2860,102,418,1130,154,660,279,0,145,0,0,2,1132,246,9010
20240624,8:00,9350,3220,1044,2918,108,418,1126,152,650,419,0,155,0,0,2,1108,246,9350
20240624,8:30,9968,3216,1174,3122,114,370,1114,152,636,684,0,124,0,0,0,976,238,9968
20240624,9:00,10692,3218,1098,3098,126,366,1126,154,658,1040,0,128,0,0,-32,528,240,10692
20240624,9:30,11074,3218,980,3048,130,360,1128,154,652,1236,0,138,0,0,10,220,240,11074
20240624,10:00,11330,3216,1140,3278,126,376,1122,150,636,1422,0,124,0,0,-2,496,238,11330
20240624,10:30,11408,3222,1530,3332,126,342,1142,154,650,1506,0,136,0,0,-2,968,238,11408
20240624,11:00,11418,3216,1270,3060,124,344,1134,152,638,1734,0,132,0,0,-20,604,238,11418
20240624,11:30,11274,3216,1104,2908,130,334,1138,154,646,2010,0,146,0,0,-26,724,238,11274
20240624,12:00,11436,3218,1294,2832,124,344,1140,152,642,2390,0,134,0,0,-4,1068,238,11436
20240624,12:30,11112,3218,1612,2912,128,338,1120,154,648,2303,0,173,0,0,4,1736,238,11112
20240624,13:00,10916,3216,1560,2604,128,352,1118,148,632,2335,0,167,0,0,-8,1576,240,10916
20240624,13:30,11240,3216,1672,2808,134,334,1120,154,634,2553,0,151,0,0,2,1776,238,11240
20240624,14:00,11412,3216,1718,3030,134,342,1116,148,624,2567,0,143,0,0,6,1872,240,11412
20240624,14:30,11512,3216,1898,3308,136,336,1118,152,638,2519,0,105,0,0,14,2168,240,11512
20240624,15:00,11256,3216,1686,3362,140,370,1124,150,624,2767,0,61,0,0,4,2488,240,11256
20240624,15:30,11284,3214,1656,3222,140,446,1140,154,636,2916,0,50,0,0,-12,2520,242,11284
20240624,16:00,11540,3224,1808,3450,136,482,1146,150,630,2616,0,48,0,0,4,2396,242,11540
20240624,16:30,11578,3214,1912,3808,144,472,1138,154,642,2139,0,69,0,0,8,2364,242,11578
20240624,17:00,11442,3206,2278,3910,142,486,1144,150,636,1507,0,67,0,0,0,2328,244,11442
20240624,17:30,11170,3216,2228,3914,142,476,1122,154,640,990,0,78,0,0,0,2036,246,11170
20240624,18:00,11024,3216,2400,3986,140,486,1122,152,646,562,0,96,0,0,2,2028,244,11024
20240624,18:30,10972,3214,2380,4092,144,474,1120,154,648,323,0,109,0,80,22,2032,244,10972
20240624,19:00,10920,3214,2350,4104,146,508,1118,154,652,131,0,99,0,130,14,1948,248,10920
20240624,19:30,10808,3220,2172,4110,144,522,1138,156,650,18,0,88,0,78,14,1748,246,10808
20240624,20:00,10602,3222,1858,4108,142,556,1138,154,646,0,0,76,0,0,0,1544,246,10602
20240624,20:30,10372,3218,1910,4110,140,550,1138,156,642,0,0,60,0,0,2,1800,246,10372
20240624,21:00,10082,3218,1386,4076,136,552,1136,154,646,0,0,58,0,0,12,1536,244,10082
20240624,21:30,9796,3224,1150,4084,128,554,1110,156,648,0,0,58,0,0,-8,1552,244,9796
20240624,22:00,9558,3220,1156,3772,122,548,1112,154,644,0,0,42,0,0,6,1464,246,9558
20240624,22:30,9424,3222,1222,3548,120,498,1114,156,652,0,0,50,0,0,4,1408,246,9424
20240624,23:00,9168,3218,1166,3484,106,426,1112,154,656,0,0,50,0,0,8,1456,244,9168
20240624,23:30,9004,3222,1100,3366,108,400,1132,156,652,0,0,42,0,0,12,1432,246,9004
20240624,24:00:00,8722,3220,1038,3206,98,388,1132,154,660,0,0,52,0,0,8,1480,246,8722
20240625,0:30,8350,3220,1206,2992,98,402,1132,156,654,0,0,64,0,0,6,1824,244,8350
20240625,1:00,8048,3220,1036,2890,92,368,1132,154,658,0,0,70,0,0,0,1816,244,8048
20240625,1:30,7848,3218,978,2808,92,352,1112,156,650,0,0,72,0,0,-10,1824,244,7848
20240625,2:00,7830,3222,1000,2730,90,348,1112,152,660,0,0,70,0,0,-14,1784,244,7830
20240625,2:30,7808,3218,1010,2752,90,350,1108,154,654,0,0,60,0,0,-12,1820,244,7808
20240625,3:00,7964,3216,980,2948,88,350,1110,152,658,0,0,56,0,0,-10,1828,244,7964
20240625,3:30,8140,3222,978,3156,90,342,1126,154,654,0,0,64,0,0,-18,1872,244,8140
20240625,4:00,8344,3218,1004,3418,88,364,1134,138,638,0,0,56,0,0,-8,1948,242,8344
20240625,4:30,8484,3218,1032,3530,90,368,1132,128,626,0,0,54,0,0,-2,1936,244,8484
20240625,5:00,8722,3216,1206,3566,90,374,1136,126,612,0,0,60,0,0,4,1912,244,8722
20240625,5:30,8882,3216,1286,3566,96,368,1114,130,620,0,0,76,0,0,14,1848,244,8882
20240625,6:00,8732,3216,1178,3552,92,378,1110,126,616,48,0,64,0,0,-12,1880,244,8732
20240625,6:30,8684,3216,996,3492,98,364,1110,132,618,238,0,56,0,0,0,1880,244,8684
20240625,7:00,8616,3216,984,3200,98,332,1110,132,622,500,0,30,0,0,0,1852,244,8616
20240625,7:30,8904,3222,1040,3006,108,338,1130,132,618,988,0,26,0,0,4,1952,244,8904
20240625,8:00,9222,3218,1038,3020,112,346,1134,130,610,1384,0,20,0,0,2,2036,244,9222
20240625,8:30,9982,3220,1244,3322,122,310,1108,132,616,1769,0,19,0,0,8,2128,240,9982
20240625,9:00,10630,3222,1422,3700,124,288,1108,136,608,1801,0,15,0,0,22,2056,240,10630
20240625,9:30,10956,3220,1176,3826,130,264,1106,154,614,1962,0,12,0,0,-2,1744,238,10956
20240625,10:00,11082,3220,988,3554,130,278,1108,150,606,2242,0,20,0,0,-12,1440,238,11082
20240625,10:30,11254,3220,1098,3466,130,262,1094,156,610,2541,0,19,0,0,4,1584,238,11254
20240625,11:00,11434,3220,1092,3354,124,276,1092,152,602,2843,0,13,0,0,4,1576,238,11434
20240625,11:30,11462,3224,1036,3182,132,258,1094,156,612,2780,0,14,0,0,0,1264,238,11462
20240625,12:00,11286,3222,1050,3300,128,276,1094,152,598,2576,0,18,0,0,-2,1364,238,11286
20240625,12:30,10968,3220,982,3296,132,258,1116,154,612,2648,0,28,0,0,0,1716,238,10968
20240625,13:00,10866,3218,940,3024,124,274,1110,154,600,2888,0,28,0,0,-18,1716,240,10866
20240625,13:30,11270,3220,1068,3260,130,262,1112,156,608,2892,0,38,0,0,-10,1704,238,11270
20240625,14:00,11436,3222,994,3392,132,266,1114,154,602,2816,0,24,0,0,-6,1512,238,11436
20240625,14:30,11546,3220,1182,3544,136,268,1114,156,604,2454,0,26,0,0,-4,1392,238,11546
20240625,15:00,11362,3218,1024,3698,136,346,1112,154,600,2072,0,32,0,0,-20,1248,238,11362
20240625,15:30,11284,3220,1434,3974,140,448,1106,156,606,1545,0,31,0,0,6,1620,238,11284
20240625,16:00,11240,3220,1622,4104,142,526,1114,152,594,1153,0,29,0,30,26,1712,240,11240
20240625,16:30,11240,3216,1638,4112,146,540,1134,156,608,851,0,31,0,246,2,1680,240,11240
20240625,17:00,11080,3216,1556,4110,142,558,1130,152,608,619,0,41,0,146,2,1440,240,11080
20240625,17:30,10860,3218,1352,4112,142,542,1136,156,618,487,0,65,0,22,-4,1228,242,10860
20240625,18:00,10678,3214,1622,4110,140,562,1140,156,608,351,0,57,0,-2,2,1524,242,10678
20240625,18:30,10574,3214,1904,4112,144,550,1124,156,622,240,0,62,0,0,12,1808,242,10574
20240625,19:00,10522,3218,1916,4112,142,560,1124,158,618,86,0,46,0,16,2,1720,244,10522
20240625,19:30,10448,3216,1920,4112,144,522,1126,158,622,26,0,36,0,202,0,1880,244,10448
20240625,20:00,10296,3218,1810,4096,138,534,1128,156,614,0,0,16,0,24,-2,1680,244,10296
20240625,20:30,10002,3214,1458,4026,140,508,1150,158,624,0,0,10,0,0,4,1532,242,10002
20240625,21:00,9838,3220,1252,4002,134,542,1152,156,608,0,0,10,0,0,2,1480,240,9838
20240625,21:30,9562,3222,1084,4022,128,504,1148,158,622,0,0,14,0,0,-2,1580,242,9562
20240625,22:00,9276,3220,1098,3894,122,526,1150,156,612,0,0,12,0,0,-4,1752,242,9276
20240625,22:30,9232,3216,1226,3884,120,474,1144,158,620,0,0,8,0,0,-16,1844,242,9232
20240625,23:00,9062,3220,1054,3644,110,406,1138,158,622,0,0,8,0,0,10,1552,244,9062
20240625,23:30,8960,3220,1092,3524,106,374,1116,158,628,0,0,10,0,0,10,1520,242,8960
20240625,24:00:00,8710,3224,1062,3126,100,390,1116,158,614,0,0,12,0,0,16,1352,244,8710
20240626,0:30,8422,3220,1088,2874,98,368,1112,158,630,0,0,18,0,0,-4,1380,240,8422
20240626,1:00,8092,3218,1032,2662,92,396,1118,156,618,0,0,24,0,0,-36,1428,240,8092
20240626,1:30,7964,3222,1154,2390,90,370,1138,158,632,0,0,26,0,0,-44,1412,240,7964
20240626,2:00,7874,3222,1042,2394,88,394,1150,158,616,0,0,20,0,0,-16,1436,242,7874
20240626,2:30,7916,3216,1150,2486,88,378,1144,158,624,0,0,14,0,0,-14,1568,240,7916
20240626,3:00,8046,3224,1198,2626,86,378,1150,154,618,0,0,12,0,0,-8,1632,240,8046
20240626,3:30,8254,3216,1236,2862,90,376,1126,158,630,0,0,18,0,0,-14,1684,240,8254
20240626,4:00,8438,3222,1010,2962,88,390,1128,154,616,0,0,18,0,0,-6,1384,240,8438
20240626,4:30,8612,3212,936,3390,92,372,1118,158,628,0,0,20,0,0,-2,1552,240,8612
20240626,5:00,8842,3220,1084,3482,94,384,1116,156,620,0,0,14,0,0,0,1568,240,8842
20240626,5:30,8874,3216,1052,3474,96,370,1130,158,638,2,0,12,0,0,-2,1512,240,8874
20240626,6:00,8786,3216,1074,3342,98,390,1134,156,616,52,0,14,0,0,2,1548,240,8786
20240626,6:30,8680,3218,990,3186,98,380,1128,158,626,311,0,11,0,0,-2,1664,240,8680
20240626,7:00,8580,3216,852,2988,100,384,1140,154,622,517,0,5,0,0,-2,1636,240,8580
20240626,7:30,8728,3220,882,2918,106,380,1122,156,628,892,0,6,0,0,-2,1820,240,8728
20240626,8:00,8926,3222,792,2918,104,388,1118,156,620,1352,0,0,0,0,0,1984,240,8926
20240626,8:30,9416,3218,746,2860,116,350,1126,158,622,1990,0,4,0,0,0,2012,238,9416
20240626,9:00,9990,3220,742,2840,120,352,1124,154,608,2550,0,2,0,0,-2,1956,236,9990
20240626,9:30,10520,3224,736,3102,128,356,1124,156,610,2958,0,2,0,0,8,2120,236,10520
20240626,10:00,10752,3224,768,3180,126,364,1110,154,602,3064,0,2,0,0,-4,2072,234,10752
20240626,10:30,10832,3224,934,3578,130,366,1116,154,608,2812,0,0,0,0,12,2336,234,10832
20240626,11:00,10956,3224,1076,3692,128,372,1122,154,602,2462,0,0,0,0,18,2128,234,10956
20240626,11:30,10968,3228,970,3626,130,374,1120,154,616,1956,0,0,0,0,4,1444,234,10968
20240626,12:00,10858,3222,868,3202,128,370,1126,156,616,1930,0,0,0,0,2,996,234,10858
20240626,12:30,10510,3220,790,2904,134,372,1100,154,622,1922,0,2,0,-208,-24,712,234,10510
20240626,13:00,10360,3220,886,2812,130,374,1098,154,608,1890,0,4,0,-248,4,808,236,10360
20240626,13:30,10700,3224,1108,3224,136,374,1100,154,616,1496,0,6,0,-38,10,944,234,10700
20240626,14:00,10772,3218,900,3460,132,448,1098,154,614,1386,0,16,0,0,2,892,236,10772
20240626,14:30,10712,3218,888,3542,134,506,1120,154,614,1440,0,28,0,0,-14,1152,234,10712
20240626,15:00,10736,3226,910,3742,136,510,1118,152,608,1518,0,16,0,0,0,1436,236,10736
20240626,15:30,10628,3218,1064,3536,136,520,1112,154,620,1450,0,36,0,0,6,1460,236,10628
20240626,16:00,10596,3220,1056,3832,134,534,1108,150,630,1364,0,42,0,0,2,1712,236,10596
20240626,16:30,10662,3216,1150,3860,140,550,1114,156,636,1230,0,36,0,0,2,1664,236,10662
20240626,17:00,10570,3216,1066,4088,140,570,1132,150,634,1004,0,24,0,0,-2,1688,236,10570
20240626,17:30,10340,3216,1162,4056,140,558,1130,156,644,718,0,16,0,0,0,1696,240,10340
20240626,18:00,10272,3212,1158,4024,136,570,1132,150,650,536,0,16,0,0,-2,1552,242,10272
20240626,18:30,10294,3218,1402,4098,142,560,1162,156,654,278,0,14,0,0,0,1632,242,10294
20240626,19:00,10252,3218,1456,4106,142,568,1164,148,666,78,0,2,0,0,32,1572,244,10252
20240626,19:30,10266,3220,1460,4094,142,530,1160,156,658,18,0,4,0,176,20,1616,244,10266
20240626,20:00,10098,3216,1302,4112,140,534,1162,150,648,0,0,2,0,74,-2,1480,240,10098
20240626,20:30,9834,3214,1172,4058,136,516,1138,156,658,0,0,2,0,0,0,1456,240,9834
20240626,21:00,9702,3224,1010,3912,136,538,1134,152,656,0,0,4,0,0,2,1304,238,9702
20240626,21:30,9432,3220,952,3738,128,528,1134,156,664,0,0,4,0,0,-2,1328,238,9432
20240626,22:00,9184,3216,872,3606,124,570,1138,154,660,0,0,4,0,0,2,1400,238,9184
20240626,22:30,9122,3222,976,3584,118,550,1136,156,664,0,0,10,0,0,4,1536,238,9122
20240626,23:00,8842,3222,816,3568,108,536,1136,152,664,0,0,10,0,0,14,1624,240,8842
20240626,23:30,8780,3218,880,3558,104,476,1134,156,668,0,0,8,0,0,10,1672,240,8780
20240626,24:00:00,8532,3220,736,3316,100,442,1138,154,666,0,0,4,0,0,-4,1480,240,8532
20240627,0:30,8226,3224,810,3064,98,386,1136,156,674,0,0,8,0,0,-10,1560,240,8226
20240627,1:00,7978,3222,752,3086,92,394,1134,154,662,0,0,4,0,0,-6,1756,240,7978
20240627,1:30,7760,3222,672,2842,92,378,1108,156,670,0,0,8,0,0,-38,1588,238,7760
20240627,2:00,7680,3220,764,2658,88,388,1106,154,662,0,0,0,0,0,-28,1572,240,7680
20240627,2:30,7758,3220,802,2640,88,380,1108,156,672,0,0,4,0,0,-8,1544,240,7758
20240627,3:00,7904,3222,770,2820,86,390,1104,156,666,0,0,6,0,0,-14,1540,238,7904
20240627,3:30,8130,3222,808,3092,90,382,1124,156,674,0,0,4,0,0,-10,1652,240,8130
20240627,4:00,8296,3216,882,3268,86,390,1116,154,660,0,0,6,0,0,-8,1712,238,8296
20240627,4:30,8506,3220,906,3572,90,368,1140,156,678,0,0,6,0,0,-4,1864,238,8506
20240627,5:00,8750,3218,964,3716,90,400,1150,156,664,0,0,0,0,0,16,1864,240,8750
20240627,5:30,8856,3220,1038,3742,92,372,1152,156,680,0,0,4,0,0,-6,1832,238,8856
20240627,6:00,8802,3216,838,3726,96,398,1158,156,662,16,0,4,0,0,-4,1704,240,8802
20240627,6:30,8714,3220,806,3572,96,382,1144,156,670,80,0,6,0,0,4,1660,238,8714
20240627,7:00,8646,3216,706,3462,96,390,1144,154,664,130,0,0,0,0,0,1556,240,8646
20240627,7:30,8802,3224,786,3284,104,372,1162,156,672,226,0,4,0,0,2,1428,238,8802
20240627,8:00,9076,3216,884,3276,108,398,1172,154,658,330,0,2,0,0,2,1364,240,9076
20240627,8:30,9504,3218,878,3384,118,370,1174,156,668,622,0,6,0,0,4,1332,238,9504
20240627,9:00,10074,3222,838,3778,130,360,1178,152,652,896,0,6,0,0,6,1380,236,10074
20240627,9:30,10518,3218,1082,3724,130,340,1156,154,652,1098,0,10,0,0,2,1284,236,10518
20240627,10:00,10828,3218,934,4080,128,346,1160,152,632,980,0,20,0,0,0,1056,234,10828
20240627,10:30,10730,3216,924,4102,130,344,1154,154,646,812,0,22,0,0,0,1008,234,10730
20240627,11:00,10806,3222,854,4016,132,346,1152,152,650,852,0,22,0,0,-2,824,234,10806
20240627,11:30,10864,3220,946,3636,134,342,1172,154,658,920,0,34,0,0,-2,584,234,10864
20240627,12:00,10770,3216,870,3374,134,340,1180,150,652,946,0,48,0,0,-22,352,234,10770
20240627,12:30,10376,3224,688,3100,136,340,1182,154,662,1100,0,48,0,0,-16,476,234,10376
20240627,13:00,10228,3222,590,3160,130,348,1180,150,648,1362,0,60,0,0,-18,840,236,10228
20240627,13:30,10506,3218,534,3314,132,376,1166,154,648,1608,0,60,0,0,-2,936,234,10506
20240627,14:00,10552,3224,566,3170,132,442,1142,150,640,2142,0,46,0,0,-42,1296,236,10552
20240627,14:30,10644,3220,740,3342,134,492,1156,154,652,2480,0,56,0,0,32,2048,234,10644
20240627,15:00,10628,3226,994,3654,138,514,1164,150,646,2206,0,60,0,0,32,2392,236,10628
20240627,15:30,10650,3222,1042,3984,136,502,1162,154,660,1868,0,50,0,0,12,2376,234,10650
20240627,16:00,10614,3216,1094,4106,138,508,1162,152,654,1450,0,36,0,0,14,2152,236,10614
20240627,16:30,10614,3222,1102,4078,138,502,1154,154,666,1128,0,54,0,0,14,1832,234,10614
20240627,17:00,10508,3220,1110,4058,138,508,1152,154,654,790,0,58,0,0,-2,1568,236,10508
20240627,17:30,10424,3218,1232,4110,140,500,1152,154,666,475,0,75,0,0,0,1536,238,10424
20240627,18:00,10362,3210,1218,4102,140,510,1174,152,658,205,0,97,0,0,6,1348,238,10362
20240627,18:30,10330,3216,1252,4108,144,500,1196,156,664,69,0,103,0,22,24,1364,240,10330
20240627,19:00,10304,3218,1246,4108,142,510,1176,152,658,5,0,117,0,136,-2,1404,242,10304
20240627,19:30,10216,3218,1190,4110,138,492,1170,156,670,1,0,113,0,138,2,1424,242,10216
20240627,20:00,10054,3214,1076,4108,136,516,1168,154,660,0,0,110,0,64,0,1392,240,10054
20240627,20:30,9820,3220,958,4090,134,506,1148,156,666,0,0,110,0,0,2,1408,238,9820
20240627,21:00,9566,3216,932,3874,126,506,1146,152,662,0,0,106,0,0,0,1392,238,9566
20240627,21:30,9344,3222,978,3690,128,500,1150,154,666,0,0,120,0,0,2,1504,238,9344
20240627,22:00,9082,3218,990,3502,118,508,1146,152,662,0,0,134,0,0,2,1588,238,9082
20240627,22:30,8992,3220,930,3232,114,498,1158,154,666,0,0,142,0,0,0,1360,238,8992
20240627,23:00,8856,3218,878,3076,110,512,1164,152,664,0,0,146,0,0,10,1312,238,8856
20240627,23:30,8786,3220,846,2946,106,466,1152,154,664,0,0,172,0,0,6,1184,238,8786
20240627,24:00:00,8530,3218,790,2760,94,438,1158,150,670,0,0,158,0,0,-6,1140,240,8530
20240628,0:30,8290,3224,836,2566,96,398,1134,154,674,0,0,158,0,0,-12,1176,238,8290
20240628,1:00,7982,3222,814,2230,90,396,1136,150,662,0,0,158,0,0,2,1116,238,7982
20240628,1:30,7804,3222,808,2022,88,380,1130,154,668,0,0,148,0,0,-38,1016,238,7804
20240628,2:00,7714,3218,720,2016,86,390,1132,148,670,0,0,148,0,0,-28,1024,238,7714
20240628,2:30,7828,3224,724,2064,86,374,1150,154,674,0,0,138,0,0,-14,984,238,7828
20240628,3:00,7954,3220,760,2124,88,394,1148,148,670,0,0,148,0,0,-12,972,238,7954
20240628,3:30,8202,3222,902,2306,88,376,1146,154,676,0,0,178,0,0,-16,1068,238,8202
20240628,4:00,8388,3220,890,2548,86,392,1152,148,662,0,0,154,0,0,-6,1096,238,8388
20240628,4:30,8608,3214,880,2734,90,380,1132,154,674,0,0,126,0,0,-2,1012,238,8608
20240628,5:00,8810,3220,842,3052,88,390,1130,148,660,0,0,156,0,0,2,1116,238,8810
20240628,5:30,8852,3216,886,3172,94,376,1128,152,676,1,0,169,0,0,0,1256,238,8852
20240628,6:00,8788,3214,888,3190,92,400,1130,150,658,5,0,167,0,0,4,1348,238,8788
20240628,6:30,8698,3220,678,3088,96,378,1144,152,670,47,0,151,0,0,12,1176,238,8698
20240628,7:00,8672,3216,614,3006,96,392,1150,150,662,129,0,149,0,0,6,1136,238,8672
20240628,7:30,8834,3216,654,3066,104,368,1148,152,672,331,0,143,0,0,-2,1256,238,8834
20240628,8:00,9106,3220,626,3234,104,376,1150,150,660,583,0,133,0,0,0,1368,238,9106
20240628,8:30,9670,3218,802,3476,118,376,1128,152,664,868,0,118,0,0,16,1504,238,9670
20240628,9:00,10202,3226,846,3816,126,360,1126,150,650,1092,0,112,0,0,14,1552,236,10202
20240628,9:30,10592,3216,632,4182,128,344,1120,152,658,1364,0,98,0,0,2,1540,236,10592
20240628,10:00,10726,3222,620,4138,132,330,1124,150,648,1458,0,98,0,0,0,1416,222,10726
20240628,10:30,10752,3220,586,4078,130,306,1144,154,642,1656,0,90,0,0,-12,1444,202,10752
20240628,11:00,10870,3224,636,3866,126,326,1152,148,640,1998,0,84,0,0,6,1532,196,10870
20240628,11:30,10944,3218,830,3714,128,316,1142,152,658,2062,0,78,0,0,-16,1536,198,10944
20240628,12:00,10882,3220,750,3828,128,332,1146,150,652,1982,0,78,0,0,4,1584,196,10882
20240628,12:30,10716,3224,696,3886,130,330,1122,152,660,2066,0,90,0,0,4,1840,196,10716
20240628,13:00,10494,3222,552,3788,130,338,1126,148,656,2062,0,70,0,0,4,1800,198,10494
20240628,13:30,10830,3216,598,3872,134,328,1116,152,658,2104,0,80,0,0,-2,1624,198,10830
20240628,14:00,11106,3224,792,3796,136,346,1102,150,652,2324,0,68,0,0,0,1680,196,11106
20240628,14:30,11204,3220,874,4032,136,392,1124,152,664,2262,0,78,0,0,2,1928,196,11204
20240628,15:00,11028,3220,692,4220,142,424,1128,150,650,2008,0,94,0,0,0,1904,204,11028
20240628,15:30,10864,3220,724,4372,140,404,1130,152,660,1710,0,98,0,0,6,1956,204,10864
20240628,16:00,10820,3222,744,4200,138,418,1150,150,650,1514,0,82,0,0,-12,1640,204,10820
20240628,16:30,10866,3220,720,4178,142,404,1132,152,656,1210,0,98,0,0,10,1260,204,10866
20240628,17:00,10706,3220,692,4386,140,418,1124,150,652,790,0,106,0,0,-6,1172,206,10706
20240628,17:30,10520,3212,692,4386,142,410,1130,152,658,582,0,94,0,0,0,1144,206,10520
20240628,18:00,10376,3214,666,4566,142,424,1136,150,652,332,0,88,0,0,2,1200,204,10376
20240628,18:30,10414,3214,704,4624,144,422,1166,152,654,174,0,96,0,0,4,1144,204,10414
20240628,19:00,10376,3214,662,4608,142,418,1168,150,660,40,0,98,0,0,-2,992,210,10376
20240628,19:30,10278,3214,648,4668,144,418,1168,152,662,6,0,110,0,0,4,1124,208,10278
20240628,20:00,10072,3214,668,4520,140,426,1160,150,650,0,0,114,0,0,-2,1176,208,10072
20240628,20:30,9928,3220,844,4318,138,420,1150,152,652,0,0,110,0,0,2,1284,206,9928
20240628,21:00,9688,3216,734,4070,136,418,1154,150,656,0,0,100,0,0,-2,1148,204,9688
20240628,21:30,9448,3218,694,4070,130,406,1154,152,656,0,0,90,0,0,30,1356,204,9448
20240628,22:00,9178,3220,708,3650,124,432,1154,150,646,0,0,102,0,0,30,1244,206,9178
20240628,22:30,9062,3218,686,3478,118,414,1176,152,656,0,0,84,0,0,0,1124,204,9062
20240628,23:00,8886,3220,734,3296,110,418,1174,150,656,0,0,72,0,0,36,1186,206,8886
20240628,23:30,8800,3222,882,3114,108,368,1174,152,664,0,0,74,0,0,14,1176,204,8800
20240628,24:00:00,8552,3220,696,2946,100,358,1174,150,652,0,0,78,0,0,2,1030,206,8552
20240629,0:30,8278,3224,1026,2674,100,336,1150,152,668,0,0,70,0,0,-20,1308,206,8278
20240629,1:00,7938,3220,910,2484,92,352,1154,150,646,0,0,74,0,0,-30,1320,206,7938
20240629,1:30,7750,3214,752,2330,94,334,1150,152,660,0,0,84,0,0,-46,1180,206,7750
20240629,2:00,7624,3222,620,2350,94,352,1148,150,652,0,0,82,0,0,-20,1232,206,7624
20240629,2:30,7700,3222,624,2266,92,340,1168,152,660,0,0,70,0,0,-16,1084,206,7700
20240629,3:00,7810,3220,666,2476,90,350,1168,152,658,0,0,60,0,0,-12,1224,206,7810
20240629,3:30,7976,3222,642,2638,90,338,1168,154,656,0,0,64,0,0,-18,1184,206,7976
20240629,4:00,8208,3220,650,2816,90,348,1172,150,666,0,0,52,0,0,-6,1156,206,8208
20240629,4:30,8304,3218,704,3022,90,330,1152,154,668,0,0,48,0,0,-4,1284,206,8304
20240629,5:00,8500,3222,752,3106,92,356,1166,150,654,0,0,36,0,0,-4,1236,206,8500
20240629,5:30,8450,3216,750,3248,96,332,1188,154,662,3,0,39,0,0,0,1444,206,8450
20240629,6:00,8296,3220,930,2788,92,354,1192,152,660,53,0,33,0,0,12,1396,206,8296
20240629,6:30,8044,3220,832,2222,96,336,1210,154,660,227,0,37,0,0,4,1160,206,8044
20240629,7:00,7778,3218,518,1918,96,318,1206,154,658,445,0,29,0,0,-16,972,206,7778
20240629,7:30,7862,3218,460,1696,102,294,1206,154,656,717,0,23,0,0,-18,852,206,7862
20240629,8:00,8038,3220,392,1692,102,314,1216,152,648,995,0,15,0,-180,-38,696,206,8038
20240629,8:30,8378,3222,584,1740,112,294,1200,154,660,1283,0,13,0,-96,14,1008,206,8378
20240629,9:00,8842,3220,818,1850,116,304,1202,150,648,1665,0,13,0,2,10,1360,204,8842
20240629,9:30,9066,3218,430,1664,124,270,1198,154,664,2265,0,17,0,0,-38,1104,204,9066
20240629,10:00,9316,3222,364,1546,120,296,1208,150,644,2911,0,21,0,-488,-18,864,204,9316
20240629,10:30,9506,3222,384,1414,124,276,1202,152,654,3395,0,23,0,-502,6,1048,204,9506
20240629,11:00,9640,3218,394,1310,124,286,1200,150,648,3519,0,23,0,-342,18,1112,204,9640
20240629,11:30,9760,3224,666,1306,128,270,1202,152,656,3375,0,39,0,-40,18,1440,204,9760
20240629,12:00,9740,3220,522,1306,130,278,1206,150,644,3311,0,55,0,-78,2,1208,202,9740
20240629,12:30,9690,3222,564,1312,130,264,1184,152,652,3181,0,75,0,-442,4,812,204,9690
20240629,13:00,9574,3220,628,1312,126,290,1178,150,646,3021,0,87,0,-548,0,740,204,9574
20240629,13:30,9874,3216,538,1312,132,268,1170,152,648,2933,0,99,0,-546,12,264,204,9874
20240629,14:00,9790,3222,690,1308,132,278,1170,150,644,2583,0,111,0,-284,6,424,204,9790
20240629,14:30,9824,3224,604,1456,132,274,1184,152,646,2297,0,133,0,-252,4,232,202,9824
20240629,15:00,9734,3214,768,1706,130,300,1188,150,644,1919,0,143,0,26,34,692,204,9734
20240629,15:30,9802,3218,744,2184,134,316,1188,152,650,1607,0,153,0,160,8,916,204,9802
20240629,16:00,9798,3222,718,2604,136,370,1192,150,650,1281,0,157,0,108,-4,988,202,9798
20240629,16:30,9756,3220,612,2984,136,410,1202,152,656,1089,0,165,0,96,-10,1160,204,9756
20240629,17:00,9842,3220,706,3464,134,430,1212,150,654,881,0,175,0,90,2,1480,204,9842
20240629,17:30,9900,3220,798,3696,136,416,1206,152,654,653,0,191,0,94,-20,1500,204,9900
20240629,18:00,9858,3212,734,3926,140,444,1204,150,646,403,0,185,0,92,4,1488,206,9858
20240629,18:30,9846,3216,712,3982,140,446,1224,152,656,211,0,201,0,318,4,1624,208,9846
20240629,19:00,9882,3212,598,3964,136,434,1238,148,650,41,0,213,0,602,2,1564,208,9882
20240629,19:30,9838,3216,594,3764,138,420,1232,152,658,5,0,211,0,582,2,1344,208,9838
20240629,20:00,9708,3218,586,3712,132,448,1236,148,652,0,0,222,0,592,4,1448,206,9708
20240629,20:30,9526,3220,588,3650,134,442,1214,152,656,0,0,228,0,598,2,1564,206,9526
20240629,21:00,9390,3216,640,3668,130,464,1218,148,652,0,0,232,0,314,0,1496,204,9390
20240629,21:30,9128,3222,552,3876,128,448,1206,152,660,0,0,232,0,80,-12,1620,204,9128
20240629,22:00,8906,3218,566,3616,122,470,1218,148,638,0,0,236,0,-2,4,1532,204,8906
20240629,22:30,8826,3222,704,2922,118,420,1234,152,656,0,0,240,0,0,-2,1044,204,8826
20240629,23:00,8628,3222,572,2864,114,374,1234,150,654,0,0,248,0,0,6,1014,204,8628
20240629,23:30,8458,3220,702,2650,108,346,1214,148,640,0,0,244,0,0,10,1024,200,8458
20240629,24:00:00,8280,3224,636,2234,102,356,1238,152,662,0,0,240,0,0,-2,766,204,8280
20240630,0:30,7938,3220,506,2036,100,334,1214,152,660,0,0,238,0,0,-8,720,206,7938
20240630,1:00,7678,3220,640,1858,96,358,1218,148,648,0,0,240,0,0,-12,944,208,7678
20240630,1:30,7526,3224,602,1744,94,334,1212,152,662,0,0,244,0,0,-12,936,206,7526
20240630,2:00,7446,3222,572,1644,92,352,1212,148,646,0,0,258,0,0,-36,872,208,7446
20240630,2:30,7488,3224,604,1566,92,346,1234,152,658,0,0,258,0,0,-36,816,206,7488
20240630,3:00,7616,3220,576,1608,90,348,1238,150,652,0,0,252,0,0,-12,712,206,7616
20240630,3:30,7820,3218,644,1688,94,342,1232,152,656,0,0,268,0,0,-8,672,206,7820
20240630,4:00,7996,3226,568,2028,92,350,1236,150,658,0,0,260,0,222,-8,992,206,7996
20240630,4:30,8156,3216,590,2052,92,336,1212,152,664,0,0,256,0,484,38,1144,208,8156
20240630,5:00,8364,3216,586,2258,92,352,1208,148,650,0,0,250,0,482,42,1128,208,8364
20240630,5:30,8382,3220,636,2322,96,340,1206,152,660,2,0,256,0,392,-4,1104,208,8382
20240630,6:00,8142,3216,598,2010,94,352,1212,148,658,36,0,244,0,402,-4,1032,208,8142
20240630,6:30,8034,3218,738,1732,98,334,1230,152,664,215,0,257,0,216,8,1036,208,8034
20240630,7:00,7762,3212,534,1478,96,360,1232,148,654,435,0,251,0,52,0,900,210,7762
20240630,7:30,7882,3222,544,1244,100,344,1228,152,662,763,0,247,0,0,-24,808,208,7882
20240630,8:00,7946,3220,566,1214,98,346,1236,148,652,1157,0,241,0,0,-4,1136,208,7946
20240630,8:30,8254,3218,822,1238,106,332,1200,152,658,1554,0,246,0,158,14,1652,208,8254
20240630,9:00,8730,3216,736,1410,106,356,1200,148,646,1966,0,246,0,18,0,1524,206,8730
20240630,9:30,9134,3218,852,1518,112,300,1194,152,640,2316,0,254,0,0,40,1668,206,9134
20240630,10:00,9346,3220,754,1840,108,294,1184,148,624,2518,0,258,0,0,-2,1804,204,9346
20240630,10:30,9438,3218,502,2062,108,268,1188,152,576,2896,0,262,0,-48,-46,1904,204,9438
20240630,11:00,9628,3214,432,2176,110,274,1196,148,522,3730,0,250,0,-652,-34,1944,206,9628
20240630,11:30,9900,3220,478,2084,114,262,1124,152,532,4641,0,261,0,-1186,-22,1964,204,9900
20240630,12:00,10098,3220,482,1994,120,284,1104,148,560,4905,0,263,0,-1422,-6,1760,206,10098
20240630,12:30,10168,3220,506,1868,124,278,1094,152,632,5122,0,262,0,-1512,-26,1756,204,10168
20240630,13:00,10098,3216,542,1872,124,326,1092,148,634,4924,0,276,0,-1322,0,1940,206,10098
20240630,13:30,10104,3222,598,1962,124,322,1176,152,640,4638,0,270,0,-1356,0,1848,204,10104
20240630,14:00,9770,3220,538,1958,120,316,1192,148,640,4152,0,270,0,-1342,-22,1624,204,9770
20240630,14:30,9780,3218,588,1988,124,324,1220,152,640,3853,0,293,0,-1364,-8,1452,204,9780
20240630,15:00,9888,3222,524,2340,122,350,1210,148,642,3641,0,271,0,-1346,-4,1436,204,9888
20240630,15:30,9924,3220,648,2580,126,394,1214,152,638,3108,0,268,0,-956,4,1676,204,9924
20240630,16:00,10018,3222,522,2826,126,396,1212,148,638,2766,0,286,0,-930,-40,1360,206,10018
20240630,16:30,10086,3212,616,3036,128,390,1208,152,646,2370,0,290,0,-1164,-18,984,204,10086
20240630,17:00,10142,3214,866,3056,134,398,1198,148,640,1770,0,286,0,-714,36,1096,206,10142
20240630,17:30,10454,3216,794,3692,138,394,1200,152,640,1127,0,279,0,-160,8,1232,206,10454
20240630,18:00,10498,3218,804,3798,140,438,1206,148,632,535,0,301,0,0,4,932,206,10498
20240630,18:30,10502,3212,776,4262,144,432,1220,152,638,277,0,313,0,0,0,1132,208,10502
20240630,19:00,10492,3214,860,4362,144,434,1218,148,642,107,0,303,0,0,0,1148,208,10492
20240630,19:30,10472,3222,796,4524,144,432,1218,150,642,27,0,307,0,0,-2,1196,208,10472
20240630,20:00,10372,3214,778,4404,140,442,1216,148,636,0,0,298,0,0,0,1112,208,10372
20240630,20:30,10108,3214,796,4174,140,432,1200,150,640,0,0,298,0,0,0,1144,208,10108
20240630,21:00,9948,3220,824,3972,138,446,1196,148,634,0,0,294,0,0,0,1130,206,9948
20240630,21:30,9676,3214,770,4122,132,418,1196,150,646,0,0,274,0,0,8,1460,206,9676
20240630,22:00,9420,3222,706,3970,122,448,1194,148,634,0,0,260,0,0,-8,1482,206,9420
20240630,22:30,9276,3214,704,3692,120,398,1206,150,642,0,0,260,0,0,16,1332,206,9276
20240630,23:00,9036,3214,634,3514,114,344,1196,148,638,0,0,250,0,0,12,1234,206,9036
20240630,23:30,8898,3218,724,2858,112,334,1196,150,644,0,0,260,0,0,20,824,206,8898
20240630,24:00:00,8534,3218,752,2544,100,344,1190,148,636,0,0,240,0,0,6,850,206,8534
