単位[MW平均],,,供給力(確報),,,,,,,,,,,,,,,,
DATE,TIME,エリア需要,原子力,火力（ＬＮＧ）,火力（石炭）,火力（石油）,火力（その他）,水力,地熱,バイオマス,太陽光発電実績,太陽光出力制御量,風力発電実績,風力出力制御量,揚水,蓄電池,連系線,その他,合計
20240501,0:30,7182,3008,692,1296,78,234,842,156,526,0,0,64,0,-170,10,-224,222,7182
20240501,1:00,6914,3000,720,1288,78,252,824,154,514,0,0,52,0,-258,10,-56,224,6914
20240501,1:30,6802,3004,682,1280,74,236,832,156,526,0,0,44,0,-250,-2,4,224,6802
20240501,2:00,6826,3004,688,1236,72,250,868,154,512,0,0,42,0,-242,-14,-32,224,6826
20240501,2:30,6968,3000,712,1238,74,238,868,156,524,0,0,46,0,-252,-12,-152,224,6968
20240501,3:00,7162,3006,768,1266,76,248,870,156,518,0,0,44,0,-242,-4,-232,224,7162
20240501,3:30,7440,3002,756,1346,76,238,944,156,530,0,0,46,0,-120,-14,-256,224,7440
20240501,4:00,7748,3002,742,1490,78,248,1004,156,520,0,0,46,0,126,-12,-124,224,7748
20240501,4:30,7920,3004,632,1592,78,236,1100,156,526,0,0,62,0,236,-14,-88,224,7920
20240501,5:00,8036,3004,606,1654,80,250,1122,156,516,0,0,74,0,272,-2,-80,224,8036
20240501,5:30,8080,3002,556,1752,80,232,1160,156,528,0,0,90,0,292,0,-8,224,8080
20240501,6:00,7908,3000,542,1510,84,256,1178,156,512,0,0,104,0,266,-4,-80,224,7908
20240501,6:30,7660,3002,648,1318,84,232,1166,156,528,31,0,125,0,260,2,116,224,7660
20240501,7:00,7510,3004,536,1144,84,256,1094,154,512,94,0,152,0,254,2,0,224,7510
20240501,7:30,7532,3004,540,1036,90,262,1040,156,522,272,0,158,0,146,2,-80,224,7532
20240501,8:00,7632,3002,736,1108,90,286,950,156,514,468,0,170,0,16,4,92,224,7632
20240501,8:30,7944,3006,716,1126,92,290,902,158,520,784,0,172,0,0,6,52,224,7944
20240501,9:00,8230,3002,730,1124,92,276,898,154,514,1126,0,160,0,0,-10,60,224,8230
20240501,9:30,8342,3002,642,952,96,250,888,156,516,1490,0,172,0,0,-6,40,224,8342
20240501,10:00,8284,2954,616,910,92,270,858,158,506,1872,0,166,0,0,0,340,222,8284
20240501,10:30,8232,2926,514,824,96,258,852,156,516,2438,0,166,0,0,0,736,222,8232
20240501,11:00,8278,2926,546,810,92,270,842,158,508,2728,0,172,0,0,-30,968,224,8278
20240501,11:30,8420,2936,868,808,94,250,856,158,518,2742,0,184,0,0,16,1232,222,8420
20240501,12:00,8298,2950,826,800,86,272,860,154,502,2666,0,182,0,0,8,1232,224,8298
20240501,12:30,8212,2966,696,636,92,260,818,156,518,2810,0,178,0,0,20,1160,222,8212
20240501,13:00,8056,2972,594,704,90,266,814,156,510,2611,0,171,0,0,8,1064,224,8056
20240501,13:30,8180,2982,974,818,94,262,790,156,510,2365,0,165,0,202,24,1384,222,8180
20240501,14:00,8326,2994,1054,890,92,256,796,156,506,2143,0,159,0,194,6,1144,224,8326
20240501,14:30,8376,3002,966,1012,100,266,784,158,514,2057,0,157,0,16,2,880,222,8376
20240501,15:00,8304,3000,1080,890,98,266,786,154,506,1965,0,159,0,0,0,824,224,8304
20240501,15:30,8328,3008,1074,966,100,258,806,158,512,1777,0,167,0,0,-8,712,222,8328
20240501,16:00,8320,3000,1158,1260,96,274,844,156,510,1398,0,156,0,0,8,764,224,8320
20240501,16:30,8428,3000,1026,1036,100,300,926,158,520,1160,0,160,0,0,-6,176,224,8428
20240501,17:00,8382,3002,1102,972,102,350,954,156,512,931,0,139,0,84,-10,136,224,8382
20240501,17:30,8408,2996,1118,1102,102,340,1074,158,520,647,0,143,0,206,0,224,226,8408
20240501,18:00,8446,2998,1234,1000,96,332,1152,154,504,337,0,145,0,426,-2,152,222,8446
20240501,18:30,8666,2998,1474,868,106,340,1208,158,522,119,0,143,0,620,2,116,224,8666
20240501,19:00,8726,2998,1488,886,104,330,1210,156,516,7,0,127,0,740,-2,60,226,8726
20240501,19:30,8708,3002,1478,1110,108,304,1184,158,526,1,0,135,0,770,2,296,226,8708
20240501,20:00,8580,2998,1332,1166,102,352,1170,156,510,0,0,140,0,772,-4,340,226,8580
20240501,20:30,8414,3002,1274,954,102,336,1158,158,522,0,0,158,0,768,-4,240,226,8414
20240501,21:00,8222,3008,1190,768,96,352,1160,156,512,0,0,154,0,638,2,40,226,8222
20240501,21:30,8038,3002,880,878,98,336,1136,158,522,0,0,162,0,616,0,-24,226,8038
20240501,22:00,7810,3004,748,960,92,354,984,156,514,0,0,158,0,550,-6,-72,224,7810
20240501,22:30,7756,3006,794,1132,88,308,890,158,522,0,0,164,0,310,-4,-164,224,7756
20240501,23:00,7524,3006,734,1076,88,254,864,156,518,0,0,152,0,226,14,-212,224,7524
20240501,23:30,7348,3002,662,1066,82,236,804,158,524,0,0,156,0,238,8,-188,224,7348
20240501,24:00:00,7148,3008,692,1054,78,256,796,156,514,0,0,164,0,12,4,-188,226,7148
20240502,0:30,6880,3004,790,1264,74,238,784,158,526,0,0,160,0,0,0,340,222,6880
20240502,1:00,6692,3004,572,956,74,256,778,156,512,0,0,150,0,0,0,-12,222,6692
20240502,1:30,6604,3006,514,822,74,242,796,158,522,0,0,152,0,0,-16,-112,222,6604
20240502,2:00,6582,3010,478,726,70,252,878,158,510,0,0,154,0,0,-42,-164,224,6582
20240502,2:30,6710,2998,878,766,72,236,944,160,522,0,0,152,0,434,-18,656,222,6710
20240502,3:00,7092,3010,904,864,70,256,954,156,508,0,0,128,0,508,-14,476,224,7092
20240502,3:30,7390,3002,710,1194,74,236,996,160,524,0,0,130,0,706,-12,552,222,7390
20240502,4:00,7640,3006,746,1384,72,258,1076,156,506,0,0,120,0,786,0,692,222,7640
20240502,4:30,7888,3006,810,1460,76,238,1124,160,522,0,0,114,0,1022,2,868,222,7888
20240502,5:00,8084,3008,722,1590,76,254,1120,158,508,0,0,122,0,880,-8,568,222,8084
20240502,5:30,8152,3004,708,1496,80,238,1078,160,520,2,0,124,0,720,-4,196,222,8152
20240502,6:00,7890,3004,646,1156,80,250,1074,158,510,46,0,116,0,496,-2,-134,222,7890
20240502,6:30,7712,3002,626,812,82,234,1084,160,520,456,0,106,0,400,-8,-16,222,7712
20240502,7:00,7354,3008,578,680,82,258,1018,156,488,960,0,98,0,-36,-20,138,222,7354
20240502,7:30,7136,3004,600,548,86,238,844,160,468,1750,0,90,0,-302,-20,552,222,7136
20240502,8:00,7054,3006,568,412,82,256,808,156,416,2482,0,84,0,-564,-6,868,222,7054
20240502,8:30,7408,3006,718,302,84,270,758,160,420,2946,290,76,0,-812,6,748,222,7408
20240502,9:00,7710,3000,616,288,82,264,734,156,412,3418,337,72,0,-790,0,764,222,7710
20240502,9:30,7862,3008,394,294,88,234,722,160,422,3932,553,74,0,-848,-8,832,222,7862
20240502,10:00,8018,3000,386,292,86,260,704,156,408,4270,867,86,0,-942,-8,900,220,8018
20240502,10:30,7938,3012,350,292,86,244,724,158,420,4682,963,90,0,-1264,-4,1072,220,7938
20240502,11:00,7940,3000,366,290,82,254,720,154,416,5162,904,98,0,-1588,4,1240,222,7940
20240502,11:30,7934,3006,348,294,82,238,654,158,418,5462,1171,94,0,-1728,-12,1300,220,7934
20240502,12:00,8022,3006,266,292,76,254,642,154,410,5727,1414,85,0,-1722,-10,1380,222,8022
20240502,12:30,7802,3008,276,294,78,234,638,158,420,5423,1574,91,0,-1756,-2,1280,220,7802
20240502,13:00,7686,3002,270,288,74,254,632,154,416,5394,1798,94,0,-1722,0,1392,222,7686
20240502,13:30,8034,3006,256,294,76,246,656,158,416,5542,1845,104,0,-1624,4,1320,220,8034
20240502,14:00,8054,3008,276,290,80,248,666,154,418,5424,1823,100,0,-1700,4,1136,222,8054
20240502,14:30,8020,3004,356,292,76,238,694,156,424,5416,1880,104,0,-1764,-28,1168,220,8020
20240502,15:00,7988,3008,378,292,84,254,700,154,412,5272,1537,100,0,-1756,-28,1104,222,7988
20240502,15:30,7932,3002,450,294,78,240,688,158,426,4504,1590,104,0,-1644,-24,564,220,7932
20240502,16:00,8004,3006,634,358,84,258,690,154,412,3824,1282,102,0,-1088,32,684,222,8004
20240502,16:30,8196,3006,688,488,84,268,748,156,428,3202,858,108,0,-732,46,516,222,8196
20240502,17:00,8004,3004,738,644,84,344,792,154,410,2488,383,94,0,-522,28,476,222,8004
20240502,17:30,7946,3000,696,752,92,324,842,158,460,1998,0,92,0,-272,-2,416,222,7946
20240502,18:00,8062,3006,1040,1060,96,348,968,154,484,1272,0,96,0,204,20,908,222,8062
20240502,18:30,8126,2992,1184,1148,98,342,1078,158,506,578,0,86,0,1146,12,1424,222,8126
20240502,19:00,8248,3000,1644,1258,98,346,1092,154,512,76,0,72,0,1374,38,1640,224,8248
20240502,19:30,8470,3006,1632,1444,102,346,1096,156,516,2,0,72,0,1402,24,1552,224,8470
20240502,20:00,8308,2998,1446,1496,100,354,1100,156,502,0,0,66,0,1402,-2,1536,226,8308
20240502,20:30,8174,3002,1286,1314,102,338,1096,158,510,0,0,68,0,1328,-4,1248,224,8174
20240502,21:00,8014,3006,906,1648,96,348,1098,154,504,0,0,56,0,874,-16,884,224,8014
20240502,21:30,7792,3002,1090,1628,96,332,1074,158,514,0,0,52,0,1030,-2,1404,222,7792
20240502,22:00,7624,3000,946,1538,88,352,1066,154,504,0,0,46,0,964,-2,1256,224,7624
20240502,22:30,7514,3004,820,1454,88,308,1076,158,512,0,0,38,0,768,0,936,224,7514
20240502,23:00,7360,3002,602,1368,84,282,1010,154,508,0,0,34,0,302,4,212,222,7360
20240502,23:30,7222,3008,834,1158,82,268,842,156,516,0,0,30,0,358,4,256,222,7222
20240502,24:00:00,7000,3004,834,1234,78,276,776,156,518,0,0,28,0,168,0,296,224,7000
20240503,0:30,6754,3004,1152,1258,78,262,658,158,522,0,0,34,0,0,-4,592,224,6754
20240503,1:00,6536,3004,892,896,76,282,616,154,506,0,0,46,0,0,-20,140,224,6536
20240503,1:30,6488,3004,916,840,74,270,606,156,512,0,0,54,0,0,-24,144,224,6488
20240503,2:00,6494,3004,946,730,74,278,672,156,510,0,0,54,0,0,-10,144,224,6494
20240503,2:30,6686,3006,866,776,74,262,712,156,520,0,0,58,0,196,-12,152,224,6686
20240503,3:00,6938,3006,1004,846,74,282,800,156,504,0,0,52,0,478,-12,476,224,6938
20240503,3:30,7304,3004,1044,1000,74,272,912,156,516,0,0,54,0,700,-12,640,224,7304
20240503,4:00,7518,3006,932,950,76,282,1036,156,504,0,0,48,0,806,-6,496,224,7518
20240503,4:30,7692,3004,1018,1028,78,270,1106,156,518,0,0,58,0,964,0,732,224,7692
20240503,5:00,7852,3004,1076,996,78,280,1130,156,504,0,0,58,0,1000,2,656,224,7852
20240503,5:30,7872,3004,1246,840,80,260,1130,158,520,0,0,62,0,960,0,612,224,7872
20240503,6:00,7558,3010,984,662,80,286,1060,154,498,34,0,66,0,714,-10,204,224,7558
20240503,6:30,7224,2996,956,668,84,264,970,156,504,400,0,80,0,332,2,412,224,7224
20240503,7:00,6682,3006,612,452,78,280,838,156,460,959,0,87,0,-54,-8,408,224,6682
20240503,7:30,6530,3008,432,418,80,252,804,156,432,1913,0,81,0,-720,-18,532,224,6530
20240503,8:00,6306,3002,238,348,76,292,788,156,416,2773,0,73,0,-1040,-16,1024,224,6306
20240503,8:30,6554,3000,416,304,78,284,754,156,426,3349,293,63,0,-1100,24,1424,224,6554
20240503,9:00,6786,3008,382,214,76,286,690,156,420,3783,506,61,0,-1076,18,1456,224,6786
20240503,9:30,6950,3004,316,210,74,262,650,156,426,4255,966,59,0,-1218,8,1476,224,6950
20240503,10:00,7016,3000,264,212,76,284,630,156,418,4718,1095,56,0,-1470,-10,1540,222,7016
20240503,10:30,7152,3006,218,212,74,268,588,156,426,4984,1624,44,0,-1640,-30,1376,222,7152
20240503,11:00,7120,3006,206,212,76,278,566,154,416,5030,2048,38,0,-1788,-2,1296,224,7120
20240503,11:30,7172,2998,200,214,76,262,558,156,426,5333,2125,43,0,-1790,-42,1484,222,7172
20240503,12:00,7198,3006,206,212,76,282,554,154,416,4770,2996,36,0,-1618,28,1148,224,7198
20240503,12:30,7436,3004,564,214,78,324,572,156,428,4244,3788,38,0,-1428,-36,944,222,7436
20240503,13:00,7326,3006,614,212,74,280,564,152,416,4114,3607,38,0,-1274,2,1096,224,7326
20240503,13:30,7308,3006,588,214,74,260,572,156,428,4303,3152,45,0,-1282,2,1280,222,7308
20240503,14:00,7362,3000,676,212,74,282,572,152,412,4195,3120,39,0,-1268,40,1248,224,7362
20240503,14:30,7308,3000,556,214,76,264,536,156,426,4442,2667,46,0,-1322,12,1320,222,7308
20240503,15:00,7320,3004,662,214,76,282,534,152,412,4315,2109,47,0,-1262,12,1352,224,7320
20240503,15:30,7250,3008,662,214,80,268,536,154,424,4153,1500,45,0,-1298,-2,1216,222,7250
20240503,16:00,7372,2998,656,292,82,296,566,154,416,4049,1015,37,0,-1026,4,1376,224,7372
20240503,16:30,7542,3000,470,352,86,334,576,154,424,3761,443,49,0,-818,2,1072,224,7542
20240503,17:00,7542,2998,552,374,88,346,630,152,422,3248,0,36,0,-844,-4,680,224,7542
20240503,17:30,7672,2998,678,470,94,308,770,154,460,2206,0,42,0,-552,8,188,224,7672
20240503,18:00,7788,3004,758,512,92,328,972,152,490,1269,0,37,0,-82,-2,-34,224,7788
20240503,18:30,7770,2990,714,612,102,310,1114,154,510,560,0,46,0,664,2,232,224,7770
20240503,19:00,7912,3008,812,726,100,320,1132,152,514,75,0,57,0,1402,-6,604,224,7912
20240503,19:30,8068,3000,742,744,106,310,1154,154,520,0,0,64,0,1588,0,540,226,8068
20240503,20:00,7982,3004,692,676,98,320,1150,152,506,0,0,76,0,1524,2,444,226,7982
20240503,20:30,7860,3000,684,600,102,326,1106,156,524,0,0,90,0,1508,-2,460,226,7860
20240503,21:00,7736,3010,702,738,98,354,1086,152,508,0,0,96,0,1494,-4,724,226,7736
20240503,21:30,7562,3000,648,710,98,334,1064,156,524,0,0,94,0,1004,2,296,224,7562
20240503,22:00,7346,3004,670,576,90,348,976,152,512,0,0,90,0,914,0,212,226,7346
20240503,22:30,7238,3002,662,694,90,310,918,156,518,0,0,86,0,834,-2,256,226,7238
20240503,23:00,7052,3002,658,648,86,282,832,152,516,0,0,80,0,636,8,74,226,7052
20240503,23:30,6962,2998,824,736,82,264,706,156,526,0,0,82,0,420,14,72,226,6962
20240503,24:00:00,6744,3004,1052,780,80,286,608,154,506,0,0,82,0,100,10,144,226,6744
20240504,0:30,6578,3002,1104,788,78,270,568,156,518,0,0,84,0,90,2,308,226,6578
20240504,1:00,6378,3002,794,744,76,280,558,154,514,0,0,90,0,100,-10,148,224,6378
20240504,1:30,6242,3006,612,708,74,270,622,156,520,0,0,94,0,92,-24,112,224,6242
20240504,2:00,6314,3000,698,768,74,282,632,156,510,0,0,90,0,92,-14,200,226,6314
20240504,2:30,6464,3008,694,718,74,268,622,156,518,0,0,90,0,270,-10,168,224,6464
20240504,3:00,6680,3002,724,712,74,282,772,156,514,0,0,94,0,474,-10,340,226,6680
20240504,3:30,6996,3004,802,766,76,268,910,156,522,0,0,98,0,926,-12,744,224,6996
20240504,4:00,7298,2998,790,830,74,280,1058,156,508,0,0,102,0,1068,8,800,226,7298
20240504,4:30,7502,3008,804,1028,80,266,1100,158,520,0,0,106,0,1062,14,868,224,7502
20240504,5:00,7534,2996,908,1034,78,276,1106,154,512,0,0,104,0,1066,26,952,226,7534
20240504,5:30,7512,3004,768,844,82,270,1100,156,520,0,0,98,0,1012,6,572,224,7512
20240504,6:00,7232,3002,918,776,82,270,1054,154,510,54,0,108,0,494,4,420,226,7232
20240504,6:30,6904,3002,774,660,82,264,920,156,514,483,0,117,0,234,-10,516,224,6904
20240504,7:00,6474,3002,520,442,76,282,798,154,490,1095,0,111,0,22,-48,696,226,6474
20240504,7:30,6500,3002,672,348,78,274,786,156,466,2047,0,115,0,-220,12,1460,224,6500
20240504,8:00,6354,3002,422,216,76,280,750,154,420,2921,0,99,0,-1002,-2,1208,226,6354
20240504,8:30,6520,3004,644,210,74,286,718,156,426,3294,580,34,37,-1354,24,1220,224,6520
20240504,9:00,6704,3004,556,212,72,292,610,152,422,3588,1086,28,53,-1336,-2,1120,226,6704
20240504,9:30,6874,2996,440,212,70,268,582,154,430,3962,1591,28,59,-1306,14,1200,224,6874
20240504,10:00,7010,3002,356,212,74,280,556,152,424,4084,1911,28,56,-1330,2,1056,226,7010
20240504,10:30,7178,3002,278,214,68,270,538,154,430,4319,2400,11,89,-1348,2,984,224,7178
20240504,11:00,7262,3000,292,212,68,282,516,152,418,4331,2675,5,104,-1328,0,912,226,7262
20240504,11:30,7314,3004,352,214,70,270,514,154,428,4397,2663,7,111,-1384,0,936,224,7314
20240504,12:00,7428,3002,588,212,70,282,518,152,418,4437,2717,9,127,-1570,2,916,224,7428
20240504,12:30,7446,2996,584,214,72,272,536,154,426,4429,2675,7,117,-1578,2,892,224,7446
20240504,13:00,7510,2998,644,212,72,276,540,150,420,4331,2730,7,117,-1460,0,904,224,7510
20240504,13:30,7516,3002,456,212,72,268,546,154,426,4568,2219,8,111,-1398,2,1024,224,7516
20240504,14:00,7444,3000,456,214,76,282,540,150,416,4512,1853,6,108,-1320,-38,1076,226,7444
20240504,14:30,7498,3006,480,214,74,284,504,154,426,4532,1544,8,105,-1310,-18,1080,224,7498
20240504,15:00,7426,3000,542,212,80,284,498,150,422,4346,1073,8,101,-1226,0,1116,226,7426
20240504,15:30,7492,3006,538,214,78,278,496,154,424,4096,518,18,91,-824,6,1216,224,7492
20240504,16:00,7558,3000,662,216,82,284,536,150,424,3577,157,23,95,-268,12,1364,224,7558
20240504,16:30,7488,3002,724,378,86,278,560,154,430,3071,0,41,70,0,4,1464,224,7488
20240504,17:00,7502,3000,928,458,88,284,612,150,414,2200,0,50,70,122,22,1052,226,7502
20240504,17:30,7736,2998,728,516,92,274,734,154,458,1512,0,102,0,210,4,272,226,7736
20240504,18:00,7810,2998,792,498,98,312,856,150,492,913,0,135,0,306,0,-36,224,7810
20240504,18:30,7940,3002,794,704,100,340,1086,154,510,441,0,143,0,580,-10,128,224,7940
20240504,19:00,8054,2992,1054,810,100,354,1122,152,514,25,0,149,0,980,0,424,226,8054
20240504,19:30,8202,3000,868,1108,104,338,1122,154,524,0,0,152,0,878,0,272,226,8202
20240504,20:00,8098,2996,920,1054,100,364,1118,152,508,0,0,148,0,712,2,204,228,8098
20240504,20:30,7874,2998,810,1138,100,346,1086,156,524,0,0,160,0,632,-2,300,226,7874
20240504,21:00,7754,2998,888,1032,96,356,1074,152,514,0,0,176,0,588,0,348,228,7754
20240504,21:30,7586,3004,838,882,94,342,1026,156,524,0,0,184,0,542,0,232,226,7586
20240504,22:00,7358,3000,758,806,88,362,1012,154,502,0,0,196,0,540,-26,260,226,7358
20240504,22:30,7264,3002,884,932,86,350,948,156,518,0,0,206,0,464,0,508,226,7264
20240504,23:00,7116,2996,842,756,84,338,746,156,516,0,0,204,0,444,8,200,226,7116
20240504,23:30,6990,3002,870,864,80,296,692,158,518,0,0,196,0,584,8,504,226,6990
20240504,24:00:00,6836,3000,908,930,80,292,646,154,508,0,0,186,0,102,16,212,226,6836
20240505,0:30,6578,3000,952,832,76,272,560,158,518,0,0,178,0,0,4,196,224,6578
20240505,1:00,6350,3000,736,670,74,290,544,154,498,0,0,182,0,0,-4,20,226,6350
20240505,1:30,6262,2992,720,678,74,280,544,158,502,0,0,184,0,0,-16,78,224,6262
20240505,2:00,6246,3002,774,674,72,282,552,154,496,0,0,186,0,0,-12,160,226,6246
20240505,2:30,6386,3004,624,668,72,276,788,158,504,0,0,208,0,130,-14,256,224,6386
20240505,3:00,6626,2994,692,682,70,282,900,154,498,0,0,226,0,292,-22,368,226,6626
20240505,3:30,6960,3002,748,808,72,280,986,158,504,0,0,220,0,636,-14,664,224,6960
20240505,4:00,7190,3000,856,1028,74,290,1002,154,502,0,0,214,0,630,-6,780,226,7190
20240505,4:30,7322,3004,888,1066,74,280,1046,158,500,0,0,214,0,730,-2,860,224,7322
20240505,5:00,7428,3000,814,812,74,286,1062,154,496,0,0,216,0,1022,-2,732,226,7428
20240505,5:30,7388,3004,820,688,78,276,1064,158,504,1,0,213,0,1122,0,764,224,7388
20240505,6:00,7056,3000,566,476,74,286,1062,154,488,63,0,223,0,718,-8,272,226,7056
20240505,6:30,6720,3002,520,454,76,278,1042,158,484,468,0,232,0,172,-22,368,224,6720
20240505,7:00,6282,3006,470,394,74,286,886,154,448,878,0,238,0,-322,-24,432,226,6282
20240505,7:30,6136,3002,426,356,76,266,810,156,418,1483,0,227,0,-694,18,632,224,6136
20240505,8:00,6154,3000,400,352,74,298,786,156,396,2159,0,217,0,-1056,6,860,226,6154
20240505,8:30,6250,3000,468,348,74,288,740,156,414,2519,175,235,0,-1320,26,924,226,6250
20240505,9:00,6536,3000,466,252,74,318,686,154,396,2812,650,252,0,-1326,-4,768,224,6536
20240505,9:30,6726,3004,590,210,74,292,620,156,414,3027,951,239,0,-1300,0,824,224,6726
20240505,10:00,6866,2996,544,210,78,312,608,152,396,3156,1069,244,0,-1290,2,768,226,6866
20240505,10:30,6866,3002,436,212,76,296,532,156,408,3530,554,254,0,-1494,-22,744,224,6866
20240505,11:00,6844,3000,294,212,80,310,512,152,400,3574,554,264,0,-1582,2,600,226,6844
20240505,11:30,6972,3000,432,214,78,294,510,154,408,3532,548,254,0,-1584,0,544,224,6972
20240505,12:00,6900,2996,600,210,78,310,500,152,398,3302,330,254,0,-1568,2,560,226,6900
20240505,12:30,6950,3002,592,226,78,294,512,156,404,3238,355,262,0,-1448,18,608,224,6950
20240505,13:00,6988,3000,564,228,78,308,520,152,392,3222,282,266,0,-1316,12,664,226,6988
20240505,13:30,7006,2998,592,230,78,294,516,156,408,3142,257,278,0,-1308,22,624,224,7006
20240505,14:00,6758,3004,398,334,82,294,518,154,394,3150,2,262,0,-1322,8,744,226,6758
20240505,14:30,6702,2996,448,496,80,272,484,156,410,2777,2,257,0,-984,-2,912,224,6702
20240505,15:00,6758,3000,370,700,80,294,478,152,396,2415,2,255,0,-720,0,888,226,6758
20240505,15:30,6772,3004,472,914,80,272,488,156,408,1941,1,251,0,-454,16,1000,224,6772
20240505,16:00,7000,2998,414,1190,82,288,500,154,400,1563,1,259,0,-156,-2,916,226,7000
20240505,16:30,7062,2996,478,1038,84,280,620,156,440,1137,0,265,0,0,-2,664,234,7062
20240505,17:00,7262,3002,590,986,86,288,682,152,478,823,0,255,0,0,-10,308,238,7262
20240505,17:30,7396,2998,724,1002,90,278,738,128,498,535,0,257,0,6,10,106,238,7396
20240505,18:00,7588,2994,800,1246,94,326,922,126,492,275,0,249,0,126,-2,300,240,7588
20240505,18:30,7712,3000,912,1264,98,340,1080,128,502,133,0,253,0,220,0,456,238,7712
20240505,19:00,7860,2998,996,1452,100,366,1104,128,494,7,0,263,0,402,0,688,238,7860
20240505,19:30,7890,2994,1000,1366,98,346,1106,128,504,1,0,289,0,514,0,696,240,7890
20240505,20:00,7798,3002,952,1172,98,360,1110,126,496,0,0,308,0,564,2,632,240,7798
20240505,20:30,7596,2998,892,1020,94,344,1084,128,508,0,0,298,0,518,0,528,240,7596
20240505,21:00,7540,3002,970,1164,90,358,1042,128,492,0,0,302,0,430,2,680,240,7540
20240505,21:30,7384,3000,1034,1280,92,348,960,128,504,0,0,294,0,326,0,820,238,7384
20240505,22:00,7186,3006,926,1282,88,358,940,124,494,0,0,304,0,156,0,732,240,7186
20240505,22:30,7128,3000,958,1304,84,344,908,142,500,0,0,316,0,150,2,820,240,7128
20240505,23:00,6936,3002,936,1062,80,334,806,146,494,0,0,316,0,114,8,600,238,6936
20240505,23:30,6864,3002,942,1020,78,282,774,150,502,0,0,314,0,92,14,544,238,6864
20240505,24:00:00,6708,2996,1008,1062,78,290,744,152,500,0,0,304,0,-2,8,672,240,6708
20240506,0:30,6502,3006,888,1048,74,270,716,156,510,0,0,308,0,0,-8,704,238,6502
20240506,1:00,6326,3000,770,1044,72,294,708,152,492,0,0,300,0,0,-32,712,238,6326
20240506,1:30,6266,3000,798,866,72,276,692,156,504,0,0,310,0,0,-34,612,238,6266
20240506,2:00,6252,3002,724,834,70,286,688,152,494,0,0,310,0,0,-16,532,240,6252
20240506,2:30,6390,2994,770,900,70,282,692,154,502,0,0,304,0,0,-8,508,238,6390
20240506,3:00,6668,3004,946,1124,72,286,798,152,498,0,0,294,0,0,-14,732,240,6668
20240506,3:30,6984,2998,1148,1164,74,274,878,154,500,0,0,300,0,0,-4,740,238,6984
20240506,4:00,7228,3002,984,1544,74,284,956,152,490,0,0,292,0,0,8,796,238,7228
20240506,4:30,7400,3002,986,1650,76,272,1062,154,504,0,0,300,0,0,-4,840,238,7400
20240506,5:00,7534,2998,990,1608,76,286,1080,150,488,0,0,286,0,0,4,672,240,7534
20240506,5:30,7518,3000,1094,1470,76,274,1074,154,504,0,0,294,0,0,-4,656,238,7518
20240506,6:00,7260,3002,854,1202,78,288,1040,150,490,2,0,298,0,0,-4,380,240,7260
20240506,6:30,6998,3006,902,1044,78,278,872,154,504,30,0,280,0,0,-8,380,238,6998
20240506,7:00,6832,3000,832,900,76,286,746,150,496,69,0,263,0,0,-2,224,240,6832
20240506,7:30,6844,3002,866,920,78,272,760,154,496,179,0,257,0,0,6,384,238,6844
20240506,8:00,6918,3004,774,1082,78,294,754,150,488,349,0,241,0,0,-6,528,238,6918
20240506,8:30,7222,3000,884,1092,82,300,766,152,486,663,0,239,0,0,8,688,238,7222
20240506,9:00,7550,3002,854,1198,82,286,774,150,484,956,0,214,0,0,-18,672,240,7550
20240506,9:30,7786,3004,638,1056,84,276,732,152,484,1156,0,192,0,-82,0,144,238,7786
20240506,10:00,7802,3000,636,1056,88,280,728,150,462,1389,0,169,0,-276,-26,92,238,7802
20240506,10:30,7796,3000,628,1054,84,262,736,152,424,1865,0,157,0,-58,-14,732,238,7796
20240506,11:00,7850,3004,640,1030,86,252,726,150,388,2081,0,131,0,2,-22,856,238,7850
20240506,11:30,7868,3000,970,984,82,252,698,152,398,1969,0,117,0,0,4,996,238,7868
20240506,12:00,7868,2996,998,948,84,292,690,150,382,2037,0,111,0,0,0,1056,236,7868
20240506,12:30,7806,3000,796,840,88,276,680,152,396,2245,0,93,0,0,10,1008,238,7806
20240506,13:00,7734,3002,658,716,82,286,662,148,388,2575,0,85,0,-2,-24,1080,238,7734
20240506,13:30,7916,2998,816,722,88,276,654,152,430,2853,0,57,0,-258,10,1120,238,7916
20240506,14:00,7838,3000,868,932,90,286,658,148,464,2446,0,52,0,-126,0,1216,236,7838
20240506,14:30,7826,2998,1012,1160,90,284,672,152,480,2115,0,49,0,0,2,1424,236,7826
20240506,15:00,7856,3002,936,1262,88,296,724,148,478,1693,0,45,0,0,6,1060,238,7856
20240506,15:30,7846,3002,792,1154,90,280,746,152,486,1445,0,49,0,-234,-2,352,238,7846
20240506,16:00,7894,3004,798,1154,90,302,772,148,480,1229,0,35,0,-270,-4,80,236,7894
20240506,16:30,7860,3002,920,1156,94,278,782,152,490,963,0,33,0,-242,6,12,238,7860
20240506,17:00,7974,3002,1102,1344,92,302,782,148,476,814,0,38,0,2,-2,364,238,7974
20240506,17:30,8096,2996,1064,1752,98,284,872,152,490,653,0,47,0,104,18,672,238,8096
20240506,18:00,8286,2996,1218,2324,98,326,1064,150,480,381,0,37,0,252,18,1296,238,8286
20240506,18:30,8446,3002,1184,2466,102,338,1108,152,492,165,0,33,0,360,22,1216,238,8446
20240506,19:00,8556,2990,1066,2442,100,362,1114,150,472,17,0,23,0,642,28,1088,238,8556
20240506,19:30,8558,3000,1078,2404,104,344,1118,152,486,2,0,26,0,674,26,1096,240,8558
20240506,20:00,8428,3002,1146,2148,104,356,1086,150,480,0,0,30,0,674,4,992,240,8428
20240506,20:30,8218,3000,1008,2036,100,340,1018,152,486,0,0,22,0,674,10,868,240,8218
20240506,21:00,8080,3002,1036,2052,98,362,950,150,480,0,0,10,0,588,0,888,240,8080
20240506,21:30,7920,3000,1030,1992,96,340,940,152,490,0,0,20,0,422,8,808,238,7920
20240506,22:00,7742,3002,1152,1590,92,360,942,150,478,0,0,12,0,298,10,584,240,7742
20240506,22:30,7520,3004,1112,1310,90,338,852,154,488,0,0,20,0,294,10,392,240,7520
20240506,23:00,7360,2998,1056,1368,86,340,818,148,480,0,0,28,0,256,8,464,238,7360
20240506,23:30,7282,3002,1098,1228,82,276,800,154,490,0,0,28,0,222,12,348,238,7282
20240506,24:00:00,7046,3000,1016,1172,78,290,824,150,476,0,0,24,0,14,2,240,240,7046
20240507,0:30,6858,3002,892,1292,76,272,790,154,494,0,0,38,0,0,-14,376,238,6858
20240507,1:00,6644,2998,778,1076,74,290,786,152,474,0,0,46,0,0,-10,256,236,6644
20240507,1:30,6532,3000,730,1042,74,278,760,154,488,0,0,52,0,0,-14,268,236,6532
20240507,2:00,6560,2998,768,1036,72,284,762,152,480,0,0,52,0,0,-18,264,238,6560
20240507,2:30,6626,3002,748,1022,72,276,806,154,492,0,0,72,0,106,-12,348,236,6626
20240507,3:00,6896,2996,712,1070,74,284,906,152,482,0,0,70,0,374,-10,452,238,6896
20240507,3:30,7240,3000,752,1254,76,270,964,154,492,0,0,88,0,508,-2,552,236,7240
20240507,4:00,7500,3000,718,1252,74,294,1058,152,480,0,0,112,0,628,0,504,236,7500
20240507,4:30,7692,3004,856,1248,78,270,1100,156,494,0,0,122,0,730,-2,600,236,7692
20240507,5:00,7818,3000,822,1182,76,296,1122,154,470,0,0,126,0,820,0,488,238,7818
20240507,5:30,7910,2998,948,1086,82,270,1146,156,490,0,0,134,0,834,0,472,238,7910
20240507,6:00,7732,2998,882,1130,78,294,1094,152,472,28,0,124,0,832,-4,584,236,7732
20240507,6:30,7612,3006,982,1070,80,272,936,156,490,304,0,142,0,642,0,704,236,7612
20240507,7:00,7378,2996,752,944,82,292,860,152,476,724,0,120,0,256,-2,512,238,7378
20240507,7:30,7308,3006,642,1008,80,278,852,156,472,1262,0,140,0,92,-4,912,236,7308
20240507,8:00,7338,2998,578,1078,80,282,812,154,426,1936,0,134,0,60,-22,1416,238,7338
20240507,8:30,7726,3002,594,832,76,264,786,156,392,2758,8,140,0,0,10,1520,236,7726
20240507,9:00,8030,3004,428,806,82,296,778,154,376,3380,8,140,0,0,12,1664,238,8030
20240507,9:30,8372,3002,422,642,78,266,778,156,392,4249,9,155,0,-192,0,1812,236,8372
20240507,10:00,8460,3000,352,578,76,284,766,152,382,5161,12,151,0,-818,2,1860,234,8460
20240507,10:30,8508,3000,444,578,74,272,730,156,386,5660,8,144,0,-1320,-2,1848,234,8508
20240507,11:00,8578,3002,494,578,74,278,708,154,388,5959,11,151,0,-1576,0,1868,236,8578
20240507,11:30,8712,3000,632,582,74,264,660,156,402,5992,287,164,0,-1638,18,1828,234,8712
20240507,12:00,8762,2998,472,580,74,286,648,152,396,6292,398,150,0,-1654,-4,1864,236,8762
20240507,12:30,8564,2998,556,582,74,272,636,156,402,6016,525,166,0,-1682,-26,1820,234,8564
20240507,13:00,8414,2996,670,582,72,248,632,154,400,5506,667,170,0,-1540,8,1720,236,8414
20240507,13:30,8528,3002,640,582,74,214,632,156,408,5402,349,176,0,-1200,4,1796,234,8528
20240507,14:00,8558,2996,488,582,80,236,630,152,406,5514,152,166,0,-1086,-4,1836,234,8558
20240507,14:30,8548,3000,500,600,78,226,626,152,394,5746,12,154,0,-1212,-18,1928,230,8548
20240507,15:00,8442,3000,562,782,86,232,666,156,414,5274,11,142,0,-1312,-4,1792,236,8442
20240507,15:30,8420,3000,610,860,84,234,758,156,404,4672,11,142,0,-942,8,1800,234,8420
20240507,16:00,8502,3002,572,1096,88,262,784,154,382,4012,11,148,0,-534,-16,1684,236,8502
20240507,16:30,8818,2996,906,1204,88,270,806,156,396,3386,8,158,0,-84,30,1728,234,8818
20240507,17:00,8754,3002,964,1322,96,298,944,152,416,2452,6,132,0,2,-10,1252,236,8754
20240507,17:30,8704,2994,1162,1700,96,274,1084,156,470,1806,0,132,0,0,-6,1400,236,8704
20240507,18:00,8744,2998,1100,2304,98,300,1122,154,470,1068,0,122,0,208,4,1440,236,8744
20240507,18:30,8852,2990,1522,2546,102,298,1120,156,488,474,0,114,0,474,2,1672,238,8852
20240507,19:00,8928,2992,1838,2538,100,356,1124,154,474,84,0,80,0,766,44,1860,238,8928
20240507,19:30,9076,3000,1754,2526,104,338,1118,156,488,2,0,86,0,746,-2,1480,240,9076
20240507,20:00,8938,3000,1686,2342,102,346,1122,154,476,0,0,84,0,506,-2,1116,238,8938
20240507,20:30,8696,2998,1532,2342,100,316,1118,158,490,0,0,94,0,182,0,872,238,8696
20240507,21:00,8492,3004,1528,2336,98,328,1042,154,476,0,0,92,0,0,2,804,236,8492
20240507,21:30,8346,3004,1560,2054,96,300,942,156,488,0,0,108,0,0,2,600,236,8346
20240507,22:00,8068,3002,1348,1972,90,324,926,156,478,0,0,98,0,0,0,564,238,8068
20240507,22:30,7978,2998,1170,1960,88,300,926,158,492,0,0,90,0,0,0,440,236,7978
20240507,23:00,7722,3002,980,1862,80,318,888,154,482,0,0,88,0,0,4,372,236,7722
20240507,23:30,7722,2996,1008,1906,80,270,788,158,496,0,0,84,0,0,12,312,236,7722
20240507,24:00:00,7474,3004,956,1662,74,286,754,154,478,0,0,76,0,0,-24,184,238,7474
20240508,0:30,7242,2996,1004,1586,74,280,754,158,490,0,0,86,0,0,-38,384,236,7242
20240508,1:00,6988,3002,884,1406,74,302,744,154,480,0,0,76,0,0,-36,336,238,6988
20240508,1:30,6860,2996,750,1382,70,290,726,158,488,0,0,72,0,0,-12,296,236,6860
20240508,2:00,6898,3000,712,1400,66,300,736,156,482,0,0,66,0,0,-10,248,238,6898
20240508,2:30,7094,2998,938,1394,68,290,738,158,492,0,0,72,0,0,-14,276,236,7094
20240508,3:00,7308,3004,1022,1378,68,300,794,156,480,0,0,78,0,0,-10,200,238,7308
20240508,3:30,7618,3004,1026,1716,70,300,984,158,486,0,0,90,0,0,0,452,236,7618
20240508,4:00,7912,2996,1118,1776,72,318,1046,156,488,0,0,92,0,0,6,392,236,7912
20240508,4:30,8062,3002,1174,1940,74,284,1104,158,490,0,0,100,0,118,-2,616,236,8062
20240508,5:00,8270,3002,1144,1936,76,302,1112,156,478,0,0,94,0,326,-2,592,238,8270
20240508,5:30,8298,3000,1186,1874,78,284,1096,158,492,2,0,84,0,408,-2,600,238,8298
20240508,6:00,8146,3002,1216,1728,80,298,1058,156,478,47,0,89,0,468,-2,708,236,8146
20240508,6:30,8108,3004,1340,1352,80,292,1048,158,488,389,0,95,0,294,0,668,236,8108
20240508,7:00,7824,3000,1162,1114,80,298,960,154,482,817,0,83,0,80,-12,632,238,7824
20240508,7:30,7756,3004,784,902,80,286,936,158,490,1492,0,80,0,-98,-14,580,236,7756
20240508,8:00,7760,3004,722,816,78,302,868,154,478,2191,0,81,0,-380,4,796,238,7760
20240508,8:30,7934,2998,1070,738,80,290,784,158,474,2761,2,89,0,-296,24,1472,236,7934
20240508,9:00,8372,3002,1136,690,86,312,758,154,434,3224,2,80,0,-108,26,1660,238,8372
20240508,9:30,8614,3004,1160,590,86,290,656,158,414,3508,2,86,0,98,20,1692,236,8614
20240508,10:00,8786,3006,756,482,86,310,632,154,398,4094,2,90,0,84,-4,1536,234,8786
20240508,10:30,8406,3008,672,480,86,288,600,158,410,4261,2,97,0,-140,-12,1736,234,8406
20240508,11:00,8678,3004,746,546,84,280,584,154,412,4864,2,100,0,-504,0,1828,236,8678
20240508,11:30,8804,3004,758,578,82,276,550,158,424,5292,2,110,0,-822,4,1844,234,8804
20240508,12:00,8720,3006,724,580,82,284,530,154,382,5600,2,112,0,-1108,2,1864,236,8720
20240508,12:30,8696,3002,1092,580,82,254,550,158,398,5040,532,124,0,-1102,0,1716,234,8696
20240508,13:00,8648,3000,1174,580,82,278,550,154,376,4644,616,136,0,-818,0,1744,236,8648
20240508,13:30,9064,3000,1190,588,82,236,530,158,398,4708,249,142,0,-428,-2,1772,234,9064
20240508,14:00,8904,3000,834,674,82,262,528,154,376,4740,3,156,0,-296,-14,1828,236,8904
20240508,14:30,8966,3000,830,722,82,238,524,158,390,4646,2,170,0,-298,4,1736,236,8966
20240508,15:00,8850,3000,984,816,82,256,528,154,380,3965,2,181,0,-148,2,1584,234,8850
20240508,15:30,8788,2998,878,1004,82,260,578,158,390,3223,2,189,0,0,-8,1200,236,8788
20240508,16:00,9024,3000,1182,1070,84,308,592,154,416,2625,2,205,0,0,2,848,234,9024
20240508,16:30,9028,3000,1064,1062,84,308,644,156,448,1860,0,218,0,0,0,52,236,9028
20240508,17:00,9034,2994,1128,1282,88,294,720,156,460,1448,0,234,0,0,-2,4,236,9034
20240508,17:30,8860,2998,1252,1616,90,282,896,158,494,930,0,232,0,0,-20,304,236,8860
20240508,18:00,8926,2994,1314,2048,92,302,1034,154,498,620,0,234,0,0,-8,592,236,8926
20240508,18:30,8940,2996,1248,2304,98,284,1088,158,506,338,0,248,0,490,0,1056,238,8940
20240508,19:00,9120,2990,1302,2330,96,306,1094,156,502,78,0,242,0,672,-2,884,238,9120
20240508,19:30,9176,3000,1318,2336,102,286,1102,158,514,3,0,237,0,730,-6,844,240,9176
20240508,20:00,8994,2996,1222,2212,100,302,1106,156,500,0,0,232,0,716,-2,784,238,8994
20240508,20:30,8846,3004,1172,2158,98,286,1124,158,514,0,0,236,0,634,0,776,238,8846
20240508,21:00,8704,3002,968,2300,98,304,1122,156,502,0,0,224,0,614,0,824,238,8704
20240508,21:30,8524,3000,984,2340,92,284,1060,160,514,0,0,222,0,508,-2,876,238,8524
20240508,22:00,8372,3000,982,2242,88,308,948,156,500,0,0,228,0,442,-4,756,238,8372
20240508,22:30,8202,3002,984,1970,84,276,832,160,518,0,0,236,0,280,2,380,238,8202
20240508,23:00,7964,3000,894,1920,80,280,826,156,520,0,0,224,0,220,4,396,236,7964
20240508,23:30,7862,3000,900,1794,78,270,784,160,528,0,0,214,0,266,10,380,238,7862
20240508,24:00:00,7592,2998,934,1624,74,278,728,156,524,0,0,198,0,162,10,332,238,7592
20240509,0:30,7340,3002,910,1850,74,244,630,160,534,0,0,212,0,0,10,524,238,7340
20240509,1:00,7128,3000,926,1694,70,254,610,156,522,0,0,174,0,0,-2,512,236,7128
20240509,1:30,7046,3004,1000,1512,70,238,602,160,534,0,0,184,0,0,-10,484,236,7046
20240509,2:00,7006,2996,990,1514,68,250,610,156,530,0,0,176,0,0,-6,516,238,7006
20240509,2:30,7146,3004,936,1478,70,236,668,160,538,0,0,174,0,194,-12,536,236,7146
20240509,3:00,7556,2998,890,1640,68,250,726,158,530,0,0,178,0,516,-12,624,238,7556
20240509,3:30,7880,3004,928,1738,74,234,842,160,544,0,0,184,0,516,-12,568,236,7880
20240509,4:00,8108,2996,1046,1642,70,252,932,158,532,0,0,174,0,614,-10,536,238,8108
20240509,4:30,8404,3002,956,1948,76,236,1036,160,550,0,0,174,0,758,0,728,236,8404
20240509,5:00,8608,3000,910,2040,74,248,1062,158,532,0,0,178,0,792,0,624,238,8608
20240509,5:30,8718,3004,1122,2104,80,234,1060,160,550,0,0,184,0,812,36,864,236,8718
20240509,6:00,8564,3002,942,1670,78,254,1060,158,538,92,0,174,0,788,46,472,234,8564
20240509,6:30,8490,3000,874,1328,84,240,978,160,544,660,0,166,0,564,2,344,234,8490
20240509,7:00,8028,3010,570,958,80,246,842,158,544,1486,0,148,0,274,-34,488,234,8028
20240509,7:30,7972,3008,552,824,80,238,782,160,538,2740,0,142,0,2,-32,1296,234,7972
20240509,8:00,7650,3002,398,792,76,258,754,158,492,3864,0,126,0,-1180,-44,1280,234,7650
20240509,8:30,7960,3006,722,640,76,274,598,160,454,4448,597,114,0,-1336,10,1440,234,7960
20240509,9:00,8350,3002,686,578,78,268,560,156,456,4894,1122,108,0,-1080,2,1592,234,8350
20240509,9:30,8674,3004,454,578,78,256,506,160,476,5693,1261,89,0,-1240,4,1616,232,8674
20240509,10:00,8734,3010,420,580,74,266,498,154,450,5922,1889,78,0,-1362,0,1588,232,8734
20240509,10:30,8770,3002,340,578,74,248,484,158,444,6299,2044,77,0,-1536,-22,1608,232,8770
20240509,11:00,8888,3004,414,578,72,270,474,154,442,6479,2334,73,0,-1758,-10,1536,232,8888
20240509,11:30,8882,3008,326,580,68,252,472,156,456,6477,2632,61,0,-1666,4,1544,232,8882
20240509,12:00,8868,3002,290,580,72,256,472,152,458,6430,2848,48,0,-1652,-2,1468,230,8868
20240509,12:30,8658,3006,288,582,68,254,460,154,468,6198,3126,60,0,-1624,0,1488,232,8658
20240509,13:00,8518,3002,316,580,68,266,452,150,452,5994,3263,52,0,-1620,2,1428,232,8518
20240509,13:30,8752,3008,402,582,70,230,452,154,462,6228,2745,60,0,-1630,2,1500,232,8752
20240509,14:00,8844,3000,484,630,70,208,444,150,466,6020,2734,60,0,-1382,0,1536,230,8844
20240509,14:30,8880,3000,492,688,72,188,428,152,490,5963,2354,51,0,-1304,0,1572,232,8880
20240509,15:00,8872,3004,612,788,70,248,456,148,478,5627,2150,47,0,-1254,2,1584,230,8872
20240509,15:30,8844,3000,640,916,74,256,450,152,486,5455,1592,41,0,-1270,4,1592,232,8844
20240509,16:00,8920,3004,712,992,80,268,450,146,480,5207,971,35,0,-1188,-2,1496,232,8920
20240509,16:30,9032,2998,730,1224,84,280,536,152,524,4561,706,33,0,-764,10,1568,232,9032
20240509,17:00,9134,2998,722,1380,86,294,616,148,564,3709,371,31,0,-710,12,948,232,9134
20240509,17:30,8902,3006,884,1514,92,290,708,152,582,2833,0,25,0,-698,-2,716,232,8902
20240509,18:00,8898,3000,954,1834,90,298,842,148,578,1731,0,23,0,306,12,1152,234,8898
20240509,18:30,8988,3000,926,2090,98,282,1000,152,584,776,0,28,0,842,-2,1024,236,8988
20240509,19:00,8844,3010,934,2506,100,308,1040,148,568,126,0,30,0,1422,-4,1580,236,8844
20240509,19:30,9066,2998,984,2522,102,292,1050,150,584,2,0,32,0,1564,-2,1448,236,9066
20240509,20:00,8994,3002,912,2368,100,310,1042,150,576,0,0,36,0,1556,0,1296,238,8994
20240509,20:30,8794,3002,890,2204,100,286,984,152,586,0,0,30,0,1402,4,1084,238,8794
20240509,21:00,8562,3008,850,2280,96,306,974,148,574,0,0,28,0,1028,-2,964,236,8562
20240509,21:30,8510,3006,946,2154,92,288,954,152,590,0,0,20,0,1054,4,984,234,8510
20240509,22:00,8298,3010,814,2224,90,306,940,148,568,0,0,18,0,848,-2,900,234,8298
20240509,22:30,8224,3002,964,1982,86,258,846,152,584,0,0,16,0,612,4,516,234,8224
20240509,23:00,8008,3004,804,1938,78,250,764,148,580,0,0,12,0,492,8,304,234,8008
20240509,23:30,7926,3008,998,1904,80,230,710,152,596,0,0,12,0,396,10,404,234,7926
20240509,24:00:00,7638,3004,854,1966,76,258,700,148,580,0,0,10,0,142,10,344,234,7638
20240510,0:30,7322,3008,940,2150,72,230,542,152,598,0,0,16,0,0,0,616,230,7322
20240510,1:00,7148,3006,858,2100,72,260,490,148,580,0,0,16,0,0,-6,604,228,7148
20240510,1:30,7070,3004,900,2130,68,232,460,152,596,0,0,16,0,0,-10,708,230,7070
20240510,2:00,7074,3004,886,2168,68,258,454,148,580,0,0,20,0,0,-14,728,230,7074
20240510,2:30,7246,3006,832,2194,68,234,522,150,592,0,0,18,0,180,-12,768,230,7246
20240510,3:00,7578,3004,944,2160,68,258,636,150,578,0,0,12,0,242,-6,696,228,7578
20240510,3:30,7872,3004,820,2332,72,234,820,152,592,0,0,14,0,382,-12,768,230,7872
20240510,4:00,8184,3004,990,2328,72,254,908,148,574,0,0,14,0,640,0,976,228,8184
20240510,4:30,8436,3004,904,2312,74,236,958,152,594,0,0,14,0,734,2,776,228,8436
20240510,5:00,8572,3008,962,2074,76,252,980,148,568,0,0,14,0,920,0,660,230,8572
20240510,5:30,8638,3004,1356,2086,78,236,982,152,590,2,0,16,0,1038,-4,1132,234,8638
20240510,6:00,8410,3002,1184,1790,78,256,982,148,578,101,0,15,0,1002,-2,956,232,8410
20240510,6:30,8416,3012,1072,1436,80,242,894,150,588,609,0,11,0,968,2,880,232,8416
20240510,7:00,7884,3008,902,1062,82,244,786,150,582,1255,0,9,0,270,-8,692,234,7884
20240510,7:30,7710,3000,576,848,80,244,654,150,574,2328,0,10,0,18,-12,992,232,7710
20240510,8:00,7510,3006,460,716,78,246,596,150,524,3400,0,6,0,-528,0,1376,232,7510
20240510,8:30,7858,3006,676,622,80,268,520,150,488,4350,35,6,0,-1062,6,1484,232,7858
20240510,9:00,8354,3004,470,576,78,286,492,146,480,5268,277,2,0,-1076,0,1604,232,8354
20240510,9:30,8654,3004,548,578,78,266,496,150,492,5516,1095,4,0,-1074,-2,1632,230,8654
20240510,10:00,8786,3008,444,578,76,270,472,146,482,5778,1539,4,0,-1056,2,1648,230,8786
20240510,10:30,8808,3004,424,578,76,254,424,150,494,6334,1500,6,0,-1476,-6,1684,230,8808
20240510,11:00,8948,3006,562,578,74,264,418,146,492,6392,1873,4,0,-1590,8,1636,230,8948
20240510,11:30,9010,3006,650,580,72,256,412,150,496,6394,2146,2,0,-1580,10,1668,230,9010
20240510,12:00,9014,3004,686,580,74,264,406,144,490,6366,2302,0,0,-1574,4,1660,230,9014
20240510,12:30,8682,3008,462,580,72,246,398,148,500,6291,2393,9,0,-1626,0,1636,230,8682
20240510,13:00,8654,3000,528,580,70,270,396,144,490,6149,2563,13,0,-1574,2,1644,230,8654
20240510,13:30,8918,3002,576,580,72,240,400,148,496,6369,2042,25,0,-1586,2,1636,230,8918
20240510,14:00,9070,3004,604,578,78,264,396,144,484,6456,1744,28,0,-1554,4,1644,228,9070
20240510,14:30,9142,2996,634,584,74,252,422,148,496,6216,1668,36,0,-1358,18,1604,228,9142
20240510,15:00,9236,3006,678,566,78,264,446,144,484,6135,1208,37,0,-1254,14,1592,230,9236
20240510,15:30,9236,3000,646,610,78,248,482,148,500,5805,962,41,0,-950,8,1608,228,9236
20240510,16:00,9308,2992,580,774,80,262,488,144,486,5580,294,44,0,-716,-4,1632,230,9308
20240510,16:30,9222,3000,636,956,82,284,498,148,498,5100,0,42,0,-710,10,1552,230,9222
20240510,17:00,9274,3004,568,1272,90,302,532,144,522,3934,0,40,0,-78,-6,1280,230,9274
20240510,17:30,9206,2994,770,1398,90,306,786,148,576,2708,0,40,0,-168,4,676,230,9206
20240510,18:00,9120,2998,1022,1750,96,316,854,144,578,1636,0,30,0,-18,4,520,230,9120
20240510,18:30,9122,2994,1078,2304,100,302,932,148,582,744,0,30,0,716,0,1040,232,9122
20240510,19:00,9008,2996,1270,2372,98,316,964,144,584,138,0,28,0,1134,0,1268,232,9008
20240510,19:30,9124,2996,1094,2536,102,308,942,148,584,6,0,48,0,1314,-4,1184,234,9124
20240510,20:00,9010,2996,872,2370,102,306,1010,146,588,0,0,42,0,1164,-2,816,232,9010
20240510,20:30,8820,3000,912,2170,102,300,984,148,590,0,0,52,0,1186,4,860,232,8820
20240510,21:00,8610,3002,868,1988,96,318,964,146,582,0,0,46,0,1174,2,808,232,8610
20240510,21:30,8446,3004,802,1866,94,310,948,148,590,0,0,54,0,1010,-6,604,230,8446
20240510,22:00,8184,3000,814,1842,88,316,934,146,584,0,0,48,0,750,2,572,232,8184
20240510,22:30,8122,3004,1028,1950,86,304,918,148,588,0,0,58,0,722,6,920,230,8122
20240510,23:00,7970,3006,848,1976,82,294,868,146,586,0,0,64,0,416,8,552,228,7970
20240510,23:30,7836,3000,880,1978,80,274,848,148,592,0,0,68,0,368,10,640,230,7836
20240510,24:00:00,7638,3002,940,1972,76,290,766,146,582,0,0,68,0,90,8,532,230,7638
20240511,0:30,7412,3010,1210,1886,74,276,624,148,596,0,0,82,0,0,4,732,234,7412
20240511,1:00,7138,2994,1120,1682,74,288,596,144,584,0,0,86,0,0,-4,660,234,7138
20240511,1:30,7040,3006,1062,1684,72,280,546,148,594,0,0,92,0,0,-26,652,234,7040
20240511,2:00,7062,3006,1112,1682,68,290,548,144,584,0,0,92,0,0,-42,656,234,7062
20240511,2:30,7182,2994,1064,1682,70,276,562,148,596,0,0,100,0,168,-48,664,234,7182
20240511,3:00,7398,3004,998,1680,68,288,632,144,588,0,0,108,0,398,-16,728,234,7398
20240511,3:30,7732,3000,1056,1828,70,276,808,148,596,0,0,114,0,426,-8,816,234,7732
20240511,4:00,7984,2996,1190,1720,72,298,918,144,580,0,0,128,0,430,-6,720,234,7984
20240511,4:30,8078,3002,1134,1658,74,276,970,148,594,0,0,136,0,802,-2,948,234,8078
20240511,5:00,8224,3000,1004,1576,76,296,978,144,576,0,0,130,0,1228,2,1020,234,8224
20240511,5:30,8204,2998,990,1404,78,282,1004,148,590,0,0,152,0,1260,0,936,234,8204
20240511,6:00,7922,3004,1040,1242,74,290,1008,144,584,96,0,154,0,978,30,956,234,7922
20240511,6:30,7678,3006,968,950,78,292,824,148,592,630,0,168,0,502,-8,720,248,7678
20240511,7:00,7146,3002,672,878,76,320,712,146,582,1281,0,161,0,0,-6,940,262,7146
20240511,7:30,7130,3000,540,540,76,310,618,148,570,2399,0,143,0,-280,-14,1184,264,7130
20240511,8:00,6914,3008,440,488,76,316,598,146,516,3409,0,133,0,-1058,2,1424,264,6914
20240511,8:30,7392,3002,534,398,76,328,534,148,484,4229,176,39,71,-1350,18,1312,264,7392
20240511,9:00,7624,3004,502,394,74,340,488,146,472,4519,659,19,94,-1310,4,1292,264,7624
20240511,9:30,7854,3002,380,390,72,298,446,142,464,4995,931,13,137,-1304,0,1304,260,7854
20240511,10:00,8124,3000,284,396,78,298,450,148,484,5491,1158,11,148,-1444,-8,1328,264,8124
20240511,10:30,8204,3012,332,398,74,296,448,148,468,5763,1307,9,154,-1728,4,1284,264,8204
20240511,11:00,8288,3000,270,392,78,290,444,144,440,6109,1329,5,163,-1774,-30,1344,264,8288
20240511,11:30,8284,3004,260,394,76,274,426,148,450,6069,1613,7,172,-1782,-10,1296,264,8284
20240511,12:00,8368,3002,232,396,80,296,422,144,440,6276,1592,4,172,-1770,-40,1376,262,8368
20240511,12:30,8330,3008,260,394,78,276,416,146,450,6206,1443,10,147,-1770,-32,1376,264,8330
20240511,13:00,8228,3006,440,396,76,288,414,144,436,5642,1201,8,153,-1642,6,1248,262,8228
20240511,13:30,8248,2998,668,396,78,272,394,146,446,5194,1160,6,145,-1432,10,1192,264,8248
20240511,14:00,8278,3008,474,470,78,288,392,144,434,5068,534,6,152,-1098,-2,1248,264,8278
20240511,14:30,8208,2994,542,534,76,280,412,146,444,4773,219,19,123,-1056,16,1236,264,8208
20240511,15:00,8114,3004,680,544,82,286,416,144,440,4222,37,24,127,-732,28,1288,264,8114
20240511,15:30,7950,3004,562,704,80,278,398,146,444,3884,9,66,99,-592,14,1304,266,7950
20240511,16:00,8116,2998,694,740,86,286,402,144,442,2962,7,66,97,162,24,1156,266,8116
20240511,16:30,8122,2996,660,926,86,278,486,146,454,2290,3,74,92,282,10,832,266,8122
20240511,17:00,8294,2988,730,840,90,288,562,144,474,1869,2,73,76,152,4,188,268,8294
20240511,17:30,8272,2994,956,1140,92,278,754,146,524,1195,0,133,0,94,-2,300,268,8272
20240511,18:00,8426,2998,1008,1546,96,320,840,144,528,698,0,158,0,284,-4,460,270,8426
20240511,18:30,8514,3000,930,1762,98,304,970,146,550,354,0,158,0,454,-22,460,270,8514
20240511,19:00,8606,2998,1248,1872,100,316,990,144,552,52,0,164,0,558,2,660,270,8606
20240511,19:30,8756,3002,1276,1886,104,294,1014,146,562,2,0,180,0,544,0,524,270,8756
20240511,20:00,8604,3008,1208,1888,100,308,1016,146,550,0,0,212,0,460,0,564,272,8604
20240511,20:30,8412,3000,1142,1886,100,290,952,148,564,0,0,234,0,410,-2,584,272,8412
20240511,21:00,8296,3002,1136,1878,96,310,922,144,554,0,0,216,0,368,0,600,270,8296
20240511,21:30,8092,3000,1296,1870,94,280,918,148,568,0,0,216,0,0,0,568,270,8092
20240511,22:00,7896,3006,1096,1890,88,298,888,144,552,0,0,218,0,0,16,572,272,7896
20240511,22:30,7730,3000,1014,1860,88,292,836,148,568,0,0,234,0,0,0,580,270,7730
20240511,23:00,7564,3000,934,1770,80,294,722,144,552,0,0,238,0,0,6,448,272,7564
20240511,23:30,7510,3004,1056,1772,80,276,672,148,566,0,0,240,0,0,10,584,270,7510
20240511,24:00:00,7316,3004,856,1604,80,292,664,144,558,0,0,234,0,0,0,392,272,7316
20240512,0:30,7120,3006,920,1256,76,288,566,146,564,0,0,240,0,0,10,224,272,7120
20240512,1:00,6896,3002,918,1110,72,310,534,146,564,0,0,222,0,0,-6,248,272,6896
20240512,1:30,6822,3002,896,1182,72,298,510,148,568,0,0,242,0,0,-12,356,272,6822
20240512,2:00,6804,3004,642,1186,72,310,548,144,560,0,0,246,0,0,-22,160,274,6804
20240512,2:30,6928,3004,854,1222,72,290,590,146,568,0,0,248,0,0,-18,320,272,6928
20240512,3:00,7134,3004,976,1290,72,298,842,146,554,0,0,250,0,0,-8,564,274,7134
20240512,3:30,7448,3000,922,1670,74,290,916,146,564,0,0,264,0,0,-14,656,272,7448
20240512,4:00,7696,3006,1070,1726,72,296,964,144,558,0,0,256,0,0,-12,656,272,7696
20240512,4:30,7832,3000,1142,1866,74,290,982,146,568,0,0,254,0,0,2,764,272,7832
20240512,5:00,7986,3004,1342,1868,76,298,982,144,556,0,0,262,0,0,0,820,274,7986
20240512,5:30,7872,3008,1148,1826,80,286,982,146,564,1,0,277,0,0,2,720,272,7872
20240512,6:00,7568,2998,1056,1776,76,298,856,144,558,15,0,275,0,0,-10,748,274,7568
20240512,6:30,7224,3004,1224,1184,78,298,816,146,562,90,0,270,0,0,16,736,272,7224
20240512,7:00,6964,3004,1190,1084,76,296,732,144,562,178,0,258,0,0,6,840,274,6964
20240512,7:30,6930,3002,1090,1022,78,288,676,146,556,292,0,262,0,0,-18,736,272,6930
20240512,8:00,6954,3004,1076,1124,76,310,660,144,536,378,0,240,0,0,-4,864,274,6954
20240512,8:30,7146,3006,1134,1134,78,322,624,146,542,475,0,249,0,0,0,836,272,7146
20240512,9:00,7364,3000,1126,1176,76,320,616,144,536,533,0,247,0,0,-8,676,274,7364
20240512,9:30,7618,3008,1146,1250,82,290,566,146,542,605,0,245,0,0,0,532,270,7618
20240512,10:00,7716,3000,1090,1282,84,298,534,144,534,659,0,221,0,0,-4,396,270,7716
20240512,10:30,7782,3006,1136,1326,82,288,496,146,542,768,0,234,0,0,-4,508,270,7782
20240512,11:00,7796,3004,1110,1374,84,302,492,144,536,844,0,210,0,0,-6,568,270,7796
20240512,11:30,7900,3006,1082,1504,88,284,506,146,546,872,0,202,0,0,-6,600,270,7900
20240512,12:00,7810,3002,1124,1434,90,308,506,144,532,876,0,176,0,0,-12,640,270,7810
20240512,12:30,7904,3006,1110,1738,88,288,506,144,540,925,0,197,0,0,12,920,270,7904
20240512,13:00,7854,3000,990,1838,84,304,518,142,532,892,0,182,0,0,2,900,270,7854
20240512,13:30,7822,3002,1040,2026,86,290,550,144,540,874,0,172,0,0,-16,1156,270,7822
20240512,14:00,7848,3000,962,2126,90,304,568,142,530,835,0,139,0,0,-10,1108,270,7848
20240512,14:30,7804,3004,992,2134,92,286,586,144,542,775,0,123,0,0,4,1148,270,7804
20240512,15:00,7752,2998,1036,2012,90,306,620,142,532,683,0,117,0,0,2,1056,270,7752
20240512,15:30,7806,3000,878,2198,96,276,752,144,542,627,0,103,0,0,8,1088,270,7806
20240512,16:00,7924,3000,920,2246,92,278,850,142,538,555,0,97,0,0,4,1068,270,7924
20240512,16:30,7994,3000,1042,2190,96,264,884,144,558,435,0,103,0,0,0,992,270,7994
20240512,17:00,8064,2996,1114,2178,98,288,1040,142,560,311,0,105,0,0,10,1048,270,8064
20240512,17:30,8308,2988,1080,2446,102,270,1088,144,564,194,0,118,0,0,14,972,272,8308
20240512,18:00,8442,2994,984,2528,102,278,1138,142,554,86,0,110,0,80,0,824,270,8442
20240512,18:30,8574,2988,926,2462,106,266,1186,144,566,38,0,108,0,318,10,816,272,8574
20240512,19:00,8590,2988,870,2504,102,280,1202,142,558,0,0,88,0,396,0,812,272,8590
20240512,19:30,8542,2996,818,2458,108,270,1196,144,570,0,0,74,0,444,4,812,272,8542
20240512,20:00,8450,3000,816,2386,106,286,1200,142,552,0,0,50,0,466,-4,824,274,8450
20240512,20:30,8260,2992,740,2358,104,264,1156,144,566,0,0,46,0,464,-2,844,272,8260
20240512,21:00,8122,3000,708,2180,98,284,1014,142,558,0,0,36,0,480,4,656,274,8122
20240512,21:30,7958,3000,602,2232,100,268,980,144,568,0,0,30,0,510,12,760,272,7958
20240512,22:00,7808,3006,494,2232,92,286,982,142,552,0,0,28,0,374,0,652,272,7808
20240512,22:30,7632,3000,674,2038,92,268,980,144,566,0,0,32,0,268,6,708,272,7632
20240512,23:00,7452,3004,582,2102,88,284,964,142,566,0,0,32,0,206,8,796,270,7452
20240512,23:30,7344,3004,704,2098,86,270,956,144,568,0,0,30,0,150,12,948,270,7344
20240512,24:00:00,7206,2998,580,2058,78,280,886,142,560,0,0,30,0,34,8,720,272,7206
20240513,0:30,6996,3006,560,1804,80,272,856,146,568,0,0,28,0,0,0,592,268,6996
20240513,1:00,6786,3004,482,1586,76,282,852,142,564,0,0,28,0,0,2,500,268,6786
20240513,1:30,6686,3004,480,1488,76,276,842,144,570,0,0,34,0,0,-12,484,268,6686
20240513,2:00,6714,2998,522,1558,72,286,844,142,558,0,0,48,0,0,-12,572,270,6714
20240513,2:30,6874,3006,704,1616,74,264,978,146,574,0,0,56,0,0,-8,804,268,6874
20240513,3:00,7094,3002,696,1800,74,306,990,144,558,0,0,70,0,170,-16,968,268,7094
20240513,3:30,7444,2998,532,2066,76,286,1066,148,570,0,0,98,0,204,-12,856,268,7444
20240513,4:00,7738,3002,630,2116,76,296,1076,144,560,0,0,116,0,350,-12,884,268,7738
20240513,4:30,7950,2996,734,2234,78,276,1112,148,564,0,0,144,0,334,2,940,268,7950
20240513,5:00,8068,3002,786,2296,78,282,1120,146,552,0,0,150,0,348,-4,956,268,8068
20240513,5:30,8174,3004,746,2282,82,264,1140,148,556,2,0,146,0,510,-2,972,268,8174
20240513,6:00,7966,2996,618,2062,80,284,1016,146,536,36,0,162,0,564,-4,800,270,7966
20240513,6:30,7858,3002,704,2020,84,268,958,148,548,240,0,186,0,556,8,1132,268,7858
20240513,7:00,7642,3000,442,1682,86,284,948,146,532,482,0,184,0,88,2,504,270,7642
20240513,7:30,7634,3004,422,1208,90,268,884,148,538,900,0,192,0,0,-16,272,268,7634
20240513,8:00,7644,3006,500,1026,88,284,864,146,508,1470,0,164,0,0,-10,672,270,7644
20240513,8:30,7814,3000,500,896,92,306,840,148,460,2195,0,151,0,-308,-6,728,268,7814
20240513,9:00,8108,3004,808,870,94,292,836,146,400,2914,0,158,0,-58,-4,1620,268,8108
20240513,9:30,8412,3008,662,834,96,272,756,148,416,3459,0,169,0,0,-2,1672,266,8412
20240513,10:00,8428,3002,412,786,92,290,726,146,402,4004,0,166,0,-120,-16,1728,266,8428
20240513,10:30,8408,3002,412,736,90,270,678,148,410,5020,0,162,0,-978,-28,1780,266,8408
20240513,11:00,8538,3000,422,650,88,282,654,146,408,5902,0,152,0,-1690,-22,1720,266,8538
20240513,11:30,8930,3002,452,602,88,274,642,148,424,6170,530,140,0,-1654,24,1648,266,8930
20240513,12:00,8970,3010,470,600,84,282,634,144,428,6181,876,133,0,-1646,8,1624,266,8970
20240513,12:30,8712,3000,388,602,84,268,628,148,440,6179,1315,143,0,-1782,-32,1620,266,8712
20240513,13:00,8618,3004,418,604,86,290,612,146,432,5957,1716,153,0,-1756,-26,1568,266,8618
20240513,13:30,9048,3004,468,604,84,268,614,148,446,6273,1618,153,0,-1654,6,1632,266,9048
20240513,14:00,9196,3000,472,602,86,280,600,146,446,6513,1142,151,0,-1676,-14,1676,266,9196
20240513,14:30,9212,3004,656,602,86,272,592,148,458,6141,1006,149,0,-1566,44,1640,266,9212
20240513,15:00,9090,3002,678,650,84,284,594,146,450,5789,519,145,0,-1356,22,1664,266,9090
20240513,15:30,8948,3002,626,720,86,272,592,148,458,5625,234,147,0,-1270,2,1728,268,8948
20240513,16:00,8912,3004,626,828,86,284,592,146,454,5529,0,145,0,-1306,4,1748,268,8912
20240513,16:30,8936,2996,772,870,90,270,666,148,508,4715,0,143,0,-1548,2,964,268,8936
20240513,17:00,8924,2996,1096,1024,94,340,798,144,546,3476,0,134,0,-602,2,1392,268,8924
20240513,17:30,8948,2994,1198,1372,96,318,984,148,566,2353,0,121,0,212,36,1720,270,8948
20240513,18:00,9052,2994,1034,1858,94,334,1066,146,544,1431,0,113,0,642,0,1472,268,9052
20240513,18:30,9062,2996,1158,2070,100,370,1076,148,548,757,0,105,0,1030,18,1584,270,9062
20240513,19:00,9126,2998,1218,2154,98,384,1080,148,542,241,0,107,0,1370,22,1508,272,9126
20240513,19:30,9144,3004,1116,2168,102,372,1080,148,554,13,0,113,0,1454,8,1260,272,9144
20240513,20:00,8996,3004,1158,2194,102,382,1046,146,544,0,0,114,0,1364,-12,1316,270,8996
20240513,20:30,8822,3004,1160,2146,100,370,1010,148,556,0,0,120,0,1156,2,1220,270,8822
20240513,21:00,8562,3004,1014,1972,98,386,1002,146,548,0,0,130,0,882,-12,876,268,8562
20240513,21:30,8440,3000,924,1834,94,368,870,148,558,0,0,122,0,990,4,740,268,8440
20240513,22:00,8226,3004,762,1798,90,388,846,146,544,0,0,110,0,708,2,440,268,8226
20240513,22:30,8110,2998,894,1738,88,338,818,148,558,0,0,94,0,618,2,452,268,8110
20240513,23:00,7890,3004,864,1780,84,300,816,146,550,0,0,90,0,366,10,388,268,7890
20240513,23:30,7838,3002,876,1832,82,282,810,148,556,0,0,86,0,298,14,416,268,7838
20240513,24:00:00,7600,3006,854,1858,78,310,742,146,544,0,0,80,0,46,8,340,268,7600
20240514,0:30,7312,2998,962,1890,76,288,732,148,556,0,0,82,0,0,8,696,268,7312
20240514,1:00,7144,3006,762,1840,76,300,712,148,544,0,0,82,0,0,2,596,268,7144
20240514,1:30,7024,3008,726,1820,72,294,690,150,550,0,0,92,0,0,-18,628,268,7024
20240514,2:00,6994,2998,592,1890,70,302,678,146,542,0,0,88,0,0,-16,564,268,6994
20240514,2:30,7136,3006,482,1892,74,286,860,148,550,0,0,80,0,64,-14,560,268,7136
20240514,3:00,7394,3002,596,1898,70,304,934,148,540,0,0,72,0,280,-18,700,268,7394
20240514,3:30,7716,3004,664,2270,72,286,944,150,554,0,0,66,0,594,-16,1140,268,7716
20240514,4:00,8074,3002,794,2436,72,304,942,146,538,0,0,66,0,634,-8,1120,268,8074
20240514,4:30,8248,2996,838,2402,76,288,948,148,550,0,0,68,0,794,-4,1124,268,8248
20240514,5:00,8498,3004,790,2254,78,302,990,148,536,0,0,72,0,994,2,940,268,8498
20240514,5:30,8586,3006,968,2146,80,284,998,150,552,0,0,74,0,1236,16,1192,268,8586
20240514,6:00,8370,3004,720,1958,82,312,964,148,534,143,0,65,0,982,-24,788,270,8370
20240514,6:30,8462,3006,774,1800,84,288,968,150,550,801,0,61,0,470,-6,752,268,8462
20240514,7:00,8018,3004,534,1226,82,308,766,148,528,1623,0,39,0,168,-36,640,268,8018
20240514,7:30,7890,3004,500,902,82,288,704,148,488,2919,0,31,0,-252,-34,1156,266,7890
20240514,8:00,7600,3004,454,734,80,284,698,148,424,4021,0,11,0,-1092,-28,1404,266,7600
20240514,8:30,7988,3006,666,620,78,258,618,144,420,4524,606,12,0,-1150,26,1496,262,7988
20240514,9:00,8476,3004,626,602,84,268,592,150,440,5024,1104,6,0,-996,-12,1576,264,8476
20240514,9:30,8788,3002,518,598,78,256,568,148,440,5540,1500,8,0,-1042,2,1592,264,8788
20240514,10:00,9004,2966,492,602,78,272,556,146,444,5870,1935,8,0,-1162,2,1532,262,9004
20240514,10:30,8976,2914,512,600,78,256,534,148,454,6208,2123,10,0,-1432,4,1572,262,8976
20240514,11:00,9104,2912,536,600,78,280,532,146,448,6207,2502,13,0,-1356,-2,1552,262,9104
20240514,11:30,9144,2926,576,598,78,252,512,148,452,6361,2569,15,0,-1514,-2,1520,262,9144
20240514,12:00,9188,2938,576,598,80,256,510,144,438,6436,2665,12,0,-1590,0,1472,262,9188
20240514,12:30,8890,2956,588,600,76,220,496,148,456,6371,2753,15,0,-1740,-18,1540,262,8890
20240514,13:00,8810,2970,580,598,78,224,492,142,434,6241,2858,17,0,-1740,-10,1476,260,8810
20240514,13:30,9104,2986,652,602,78,216,494,148,456,6362,2513,18,0,-1684,2,1488,262,9104
20240514,14:00,9240,2998,660,598,84,238,494,144,442,6506,2086,16,0,-1648,-6,1548,262,9240
20240514,14:30,9370,3008,754,604,84,222,492,148,450,6430,1852,14,0,-1578,12,1532,262,9370
20240514,15:00,9404,3002,870,598,84,232,478,144,446,6411,1275,17,0,-1566,6,1580,262,9404
20240514,15:30,9404,3002,898,602,86,220,476,146,454,6364,672,18,0,-1500,8,1632,262,9404
20240514,16:00,9482,3008,910,652,90,234,484,146,444,5853,418,11,0,-990,10,1632,262,9482
20240514,16:30,9648,3008,936,770,92,242,586,146,458,5098,251,12,0,-714,24,1272,262,9648
20240514,17:00,9402,3004,690,924,90,270,636,146,486,4218,0,12,0,-580,-2,756,264,9402
20240514,17:30,9296,3004,872,1032,96,272,892,146,550,3020,0,12,0,10,2,876,264,9296
20240514,18:00,9354,3010,1000,1402,98,342,984,144,544,1921,0,7,0,706,4,1072,264,9354
20240514,18:30,9304,2994,1102,1870,106,372,1002,146,560,921,0,7,0,1450,8,1500,266,9304
20240514,19:00,9270,2998,1084,2142,104,386,1012,146,560,230,0,6,0,1534,20,1220,268,9270
20240514,19:30,9238,3002,1164,2302,106,364,1000,146,568,8,0,10,0,1524,8,1232,268,9238
20240514,20:00,9116,2996,872,2542,104,386,962,146,550,0,0,10,0,1374,-2,1092,268,9116
20240514,20:30,8914,3006,798,2536,104,370,948,148,566,0,0,14,0,1052,-4,892,268,8914
20240514,21:00,8726,3000,762,2502,98,384,950,144,558,0,0,14,0,880,2,836,268,8726
20240514,21:30,8560,2998,884,2492,100,370,942,148,568,0,0,18,0,594,0,820,266,8560
20240514,22:00,8292,3006,686,2394,94,382,944,146,558,0,0,16,0,386,0,588,268,8292
20240514,22:30,8162,3008,702,2212,88,332,804,148,566,0,0,20,0,466,2,452,266,8162
20240514,23:00,7954,3002,692,2164,86,318,746,146,554,0,0,18,0,392,8,440,268,7954
20240514,23:30,7780,3002,814,2150,82,282,664,148,566,0,0,20,0,380,8,588,252,7780
20240514,24:00:00,7622,3006,832,2046,80,280,638,146,564,0,0,14,0,256,10,488,238,7622
20240515,0:30,7248,3000,852,2180,76,268,600,144,548,0,0,10,0,2,0,664,232,7248
20240515,1:00,7084,3006,692,2120,74,276,618,148,572,0,0,8,0,-2,-12,652,236,7084
20240515,1:30,6986,3008,738,2142,72,270,610,148,568,0,0,14,0,0,-12,808,236,6986
20240515,2:00,6978,3004,766,2190,72,280,596,146,560,0,0,14,0,0,-16,872,238,6978
20240515,2:30,7136,3002,812,2328,74,262,600,148,568,0,0,8,0,122,-16,1008,236,7136
20240515,3:00,7372,3006,750,2366,72,286,732,146,556,0,0,8,0,254,-12,1028,236,7372
20240515,3:30,7704,3000,752,2544,74,262,876,150,568,0,0,6,0,224,-8,980,236,7704
20240515,4:00,8002,3006,826,2548,74,288,904,144,554,0,0,10,0,230,2,820,236,8002
20240515,4:30,8222,3004,798,2548,76,266,910,148,566,0,0,18,0,436,0,784,236,8222
20240515,5:00,8392,3002,768,2542,78,288,960,146,552,0,0,26,0,530,-4,732,236,8392
20240515,5:30,8404,3006,758,2548,80,274,972,148,566,0,0,32,0,528,-4,740,236,8404
20240515,6:00,8206,3006,726,2326,80,286,882,146,550,90,0,30,0,548,-6,696,238,8206
20240515,6:30,8040,3004,582,2118,84,274,836,148,564,568,0,30,0,544,-4,944,236,8040
20240515,7:00,7764,3002,542,1446,84,286,682,144,554,1082,0,22,0,398,-8,708,238,7764
20240515,7:30,7668,3008,572,1208,84,268,578,146,556,1663,0,27,0,0,-10,668,236,7668
20240515,8:00,7538,3004,580,946,82,288,566,146,490,2321,0,23,0,0,-8,1136,236,7538
20240515,8:30,7752,3006,602,786,86,248,536,148,452,3063,0,21,0,0,-2,1428,234,7752
20240515,9:00,8080,3006,526,738,88,232,512,144,446,3827,0,15,0,-122,-6,1560,234,8080
20240515,9:30,8360,3004,766,664,86,202,462,146,456,4059,1,13,0,-242,0,1488,232,8360
20240515,10:00,8500,3008,894,596,84,226,456,146,446,4017,1,13,0,-234,2,1384,230,8500
20240515,10:30,8454,3004,886,596,82,202,454,148,440,4208,1,8,0,-234,2,1572,230,8454
20240515,11:00,8454,3004,678,594,86,222,456,144,382,4414,1,0,0,-236,-4,1516,230,8454
20240515,11:30,8618,3002,634,600,82,200,438,148,404,4870,1,2,0,-436,6,1560,228,8618
20240515,12:00,8734,3004,496,594,84,220,434,144,386,5548,1,0,0,-750,-20,1636,230,8734
20240515,12:30,8598,3006,516,600,80,198,450,146,404,5876,197,4,0,-1346,-4,1560,228,8598
20240515,13:00,8620,3010,826,598,82,222,458,144,386,5660,578,8,0,-1606,6,1404,230,8620
20240515,13:30,9010,3006,848,598,78,198,440,148,400,5798,474,12,0,-1224,0,1520,228,9010
20240515,14:00,9166,3000,646,628,84,218,446,144,386,6057,538,19,0,-1036,-2,1652,228,9166
20240515,14:30,9238,3006,486,724,80,220,446,148,404,6395,175,21,0,-1196,-8,1716,228,9238
20240515,15:00,9024,3006,456,738,80,236,444,144,404,6762,1,26,0,-1560,-26,1916,230,9024
20240515,15:30,8922,3002,484,738,78,242,458,146,428,6672,1,34,0,-1784,-28,1776,228,8922
20240515,16:00,9034,3006,624,890,86,270,474,146,454,6036,1,40,0,-1532,6,1696,230,9034
20240515,16:30,9124,3008,694,1068,86,278,508,146,522,5092,0,52,0,-914,2,1648,230,9124
20240515,17:00,9164,2998,862,1206,92,312,572,146,530,3902,0,56,0,-48,2,1696,230,9164
20240515,17:30,9112,3002,976,1532,94,340,872,148,550,2804,0,60,0,298,8,1804,232,9112
20240515,18:00,9296,2998,840,2146,96,358,990,144,546,1746,0,38,0,628,38,1504,232,9296
20240515,18:30,9176,2996,956,2336,104,336,1016,146,554,846,0,36,0,798,14,1196,234,9176
20240515,19:00,9062,2998,1062,2376,102,352,1016,146,548,204,0,42,0,972,46,1036,234,9062
20240515,19:30,9076,2998,1016,2486,106,308,1016,148,558,10,0,50,0,1094,16,964,234,9076
20240515,20:00,8954,2996,902,2544,104,328,980,144,540,0,0,62,0,960,-4,836,234,8954
20240515,20:30,8798,3002,938,2546,104,302,966,148,556,0,0,80,0,884,2,964,234,8798
20240515,21:00,8598,3000,752,2550,100,286,966,144,550,0,0,98,0,710,-2,788,232,8598
20240515,21:30,8456,3000,868,2398,96,268,968,148,564,0,0,128,0,418,4,636,232,8456
20240515,22:00,8192,3000,712,2334,90,286,964,144,548,0,0,150,0,364,2,632,230,8192
20240515,22:30,8096,3004,802,2344,90,272,894,148,568,0,0,196,0,146,2,600,230,8096
20240515,23:00,7930,3002,716,2338,84,276,872,148,554,0,0,232,0,90,10,624,232,7930
20240515,23:30,7898,3004,934,2340,80,254,730,148,566,0,0,238,0,68,20,716,232,7898
20240515,24:00:00,7606,3004,656,2328,78,272,680,146,556,0,0,250,0,0,4,600,232,7606
20240516,0:30,7380,3002,686,2240,76,256,588,150,562,0,0,262,0,0,-8,664,230,7380
20240516,1:00,7132,3004,702,2120,70,250,542,146,558,0,0,292,0,0,-8,772,228,7132
20240516,1:30,7020,3006,650,2190,72,240,528,148,562,0,0,324,0,0,-12,916,228,7020
20240516,2:00,7000,2998,574,2264,70,250,524,148,558,0,0,326,0,0,-18,924,230,7000
20240516,2:30,7118,3006,642,2248,72,236,600,148,564,0,0,322,0,102,-22,1028,228,7118
20240516,3:00,7422,3000,690,2334,68,250,638,148,556,0,0,312,0,198,-22,980,230,7422
20240516,3:30,7672,3006,652,2340,72,232,748,150,564,0,0,346,0,310,-16,960,228,7672
20240516,4:00,7906,3004,552,2302,70,256,914,148,552,0,0,330,0,486,0,936,228,7906
20240516,4:30,8142,3002,582,2344,74,228,954,150,562,0,0,322,0,646,0,952,230,8142
20240516,5:00,8278,3002,618,2228,72,236,992,150,552,0,0,302,0,798,-2,900,230,8278
20240516,5:30,8376,3004,632,1970,78,212,1004,152,564,2,0,286,0,1110,36,904,230,8376
20240516,6:00,8282,3006,752,1888,78,236,966,148,554,118,0,250,0,1070,22,1036,230,8282
20240516,6:30,8240,3002,692,1618,80,216,904,150,562,618,0,246,0,640,26,744,230,8240
20240516,7:00,7938,3006,714,1290,78,238,678,148,556,1206,0,246,0,226,4,680,228,7938
20240516,7:30,7650,3002,442,936,76,216,612,150,556,2041,0,255,0,-154,-18,692,228,7650
20240516,8:00,7582,3004,508,780,72,212,584,148,488,3062,0,254,0,-492,-10,1256,228,7582
20240516,8:30,7922,3008,854,670,72,190,534,150,452,3675,184,115,213,-660,22,1388,228,7922
20240516,9:00,8368,3002,748,596,68,196,518,146,450,4371,614,93,250,-500,8,1556,228,8368
20240516,9:30,8696,3004,590,596,70,180,472,150,466,4985,1139,79,256,-544,-2,1576,226,8696
20240516,10:00,8838,3004,522,596,66,206,462,144,456,5537,1758,39,299,-800,-18,1600,224,8838
20240516,10:30,8876,3008,522,610,68,188,444,148,470,6001,2099,9,328,-1244,-12,1560,224,8876
20240516,11:00,8902,3002,526,612,70,196,442,148,460,6459,2178,1,319,-1434,-6,1800,226,8902
20240516,11:30,8952,2998,462,606,68,178,426,150,472,6874,2243,6,308,-1744,-8,1760,224,8952
20240516,12:00,8980,3006,428,596,70,212,422,146,456,6796,2658,6,300,-1772,-32,1580,226,8980
20240516,12:30,8610,3000,462,596,66,186,418,150,476,6438,3051,6,288,-1788,-44,1580,224,8610
20240516,13:00,8424,3010,504,598,66,200,416,148,480,6246,3007,6,293,-1786,-46,1644,226,8424
20240516,13:30,8688,2996,528,600,66,182,416,150,500,6659,2233,5,295,-1772,-26,1840,224,8688
20240516,14:00,8862,3004,522,620,70,202,414,148,482,6541,2124,19,267,-1754,-24,1608,226,8862
20240516,14:30,8808,3004,520,680,68,194,420,150,494,6403,1787,33,250,-1748,2,1636,224,8808
20240516,15:00,8824,3000,536,716,74,200,428,146,488,6279,1325,33,230,-1660,2,1644,226,8824
20240516,15:30,8870,3004,610,756,72,184,436,150,496,6179,798,47,206,-1608,12,1692,224,8870
20240516,16:00,9024,2998,832,836,72,202,466,146,486,5919,267,75,172,-1544,18,1708,226,9024
20240516,16:30,8880,3004,730,900,78,184,500,150,532,5420,10,100,145,-1678,-18,1248,226,8880
20240516,17:00,8838,3004,806,1142,82,226,508,146,546,4244,8,98,157,-904,26,1312,226,8838
20240516,17:30,8880,3000,962,1264,86,258,572,150,560,2996,0,198,0,52,24,1468,226,8880
20240516,18:00,9072,3002,1110,1462,90,256,768,148,554,1868,0,228,0,524,14,1180,228,9072
20240516,18:30,8926,2998,1102,1854,94,244,882,150,548,882,0,204,0,1042,18,1320,228,8926
20240516,19:00,8908,2996,958,1966,98,256,892,146,536,226,0,172,0,1586,8,1164,232,8908
20240516,19:30,8966,2998,978,2108,98,260,952,150,544,10,0,176,0,1580,2,1120,230,8966
20240516,20:00,8884,2994,828,2200,100,260,940,146,528,0,0,162,0,1388,0,892,230,8884
20240516,20:30,8748,3002,856,2344,98,238,942,150,542,0,0,150,0,1212,4,1020,230,8748
20240516,21:00,8514,2994,898,2342,94,264,942,146,530,0,0,144,0,834,0,904,230,8514
20240516,21:30,8396,3002,1066,2340,94,234,862,150,546,0,0,146,0,526,2,800,228,8396
20240516,22:00,8168,3004,840,2342,86,256,826,148,534,0,0,138,0,472,-2,704,228,8168
20240516,22:30,8052,3002,666,2226,84,240,808,150,548,0,0,130,0,464,2,496,228,8052
20240516,23:00,7922,3000,696,2172,80,264,776,146,532,0,0,132,0,442,6,552,228,7922
20240516,23:30,7844,2998,846,2164,78,246,568,150,544,0,0,162,0,336,4,480,228,7844
20240516,24:00:00,7646,3002,850,2280,74,282,502,146,530,0,0,166,0,210,10,636,230,7646
20240517,0:30,7414,3004,782,2342,72,248,498,150,546,0,0,174,0,0,2,632,228,7414
20240517,1:00,7138,3004,634,2290,70,250,498,146,534,0,0,162,0,0,-24,652,226,7138
20240517,1:30,7044,3006,782,2170,68,220,496,150,544,0,0,162,0,0,-12,768,226,7044
20240517,2:00,7064,3006,738,2198,66,240,506,146,534,0,0,144,0,0,-6,736,228,7064
20240517,2:30,7202,3006,704,2272,68,220,556,150,546,0,0,140,0,80,-14,752,226,7202
20240517,3:00,7454,3006,712,2342,68,240,592,146,528,0,0,130,0,284,-14,808,228,7454
20240517,3:30,7788,3008,800,2342,70,218,722,150,546,0,0,128,0,326,-12,736,226,7788
20240517,4:00,8086,3006,868,2340,72,242,886,146,532,0,0,118,0,314,-6,660,228,8086
20240517,4:30,8266,2998,716,2324,74,220,924,150,544,0,0,120,0,536,-2,564,226,8266
20240517,5:00,8452,3008,618,2002,74,240,928,146,530,0,0,112,0,932,-2,364,228,8452
20240517,5:30,8446,3004,648,1986,78,226,926,150,542,2,0,116,0,1082,-4,536,226,8446
20240517,6:00,8258,3006,574,1754,74,238,926,146,534,164,0,106,0,1212,4,708,228,8258
20240517,6:30,8262,3006,560,1312,78,216,932,148,546,810,0,104,0,732,-26,384,228,8262
20240517,7:00,7896,3004,370,964,80,240,848,146,530,1602,0,66,0,368,-14,536,228,7896
20240517,7:30,7882,3006,344,876,78,224,612,148,532,2864,0,48,0,-104,-2,972,228,7882
20240517,8:00,7612,3002,302,766,74,234,522,146,484,3880,0,24,0,-786,-2,1260,226,7612
20240517,8:30,8108,3006,616,714,76,208,488,148,456,4738,143,20,0,-1050,26,1564,226,8108
20240517,9:00,8556,3008,632,698,72,194,478,146,454,5260,514,18,0,-998,14,1648,228,8556
20240517,9:30,8880,3006,410,696,74,194,416,146,468,5980,795,12,0,-1038,-6,1704,226,8880
20240517,10:00,9132,3004,372,696,72,194,436,146,460,6382,1242,10,0,-1210,-2,1652,224,9132
20240517,10:30,9130,3006,386,698,72,186,398,146,468,6632,1540,10,0,-1332,4,1768,224,9130
20240517,11:00,9294,3000,428,696,74,198,390,144,468,6902,1624,4,0,-1450,2,1788,226,9294
20240517,11:30,9398,3008,552,698,72,190,390,146,486,6990,1738,10,0,-1596,0,1772,224,9398
20240517,12:00,9388,3008,666,696,74,196,390,144,482,6826,1853,18,0,-1582,16,1772,226,9388
20240517,12:30,9012,3004,622,698,72,190,392,146,492,6512,1998,26,0,-1588,-2,1776,224,9012
20240517,13:00,8922,3006,588,698,72,192,384,144,482,6434,2045,26,0,-1568,10,1772,226,8922
20240517,13:30,9268,3004,598,698,72,192,384,144,490,6810,1430,30,0,-1600,2,1780,224,9268
20240517,14:00,9476,3004,556,700,78,196,394,146,474,7012,1030,32,0,-1592,-10,1740,226,9476
20240517,14:30,9478,2998,526,698,80,192,398,144,492,7112,497,24,0,-1616,2,1796,224,9478
20240517,15:00,9556,3002,510,696,82,194,406,144,478,7078,265,20,0,-1588,0,1692,226,9556
20240517,15:30,9214,3000,462,696,84,188,404,144,492,6882,2,22,0,-1666,-18,1700,224,9214
20240517,16:00,9264,3004,596,766,86,196,398,144,510,6196,2,16,0,-1162,4,1716,226,9264
20240517,16:30,9448,3000,780,882,88,190,446,144,562,5320,0,12,0,-656,0,1544,224,9448
20240517,17:00,9440,3002,940,974,88,242,524,144,564,4152,0,6,0,-416,2,1008,226,9440
20240517,17:30,9372,2996,1016,1332,90,254,618,144,572,3034,0,6,0,-4,0,912,226,9372
20240517,18:00,9518,2996,1006,1524,96,274,900,144,564,1890,0,6,0,700,24,832,226,9518
20240517,18:30,9316,2994,848,2010,100,276,1008,144,574,914,0,10,0,1100,0,892,230,9316
20240517,19:00,9198,2994,856,2092,98,308,1014,144,568,244,0,8,0,1512,10,880,230,9198
20240517,19:30,9194,2998,952,2154,102,292,960,144,572,12,0,10,0,1588,10,832,232,9194
20240517,20:00,9012,2996,906,2156,100,306,944,146,564,0,0,4,0,1286,-2,624,230,9012
20240517,20:30,8868,3002,924,2234,100,300,962,144,572,0,0,8,0,1188,0,796,230,8868
20240517,21:00,8702,3000,842,2154,94,304,952,146,570,0,0,2,0,886,2,480,230,8702
20240517,21:30,8374,3002,850,2158,92,302,854,144,572,0,0,6,0,890,0,724,228,8374
20240517,22:00,8186,3002,808,2188,92,292,704,146,568,0,0,2,0,858,0,704,230,8186
20240517,22:30,8132,3000,798,2182,86,296,630,146,576,0,0,4,0,784,2,600,228,8132
20240517,23:00,7950,2998,880,2196,80,294,576,146,570,0,0,2,0,514,12,548,230,7950
20240517,23:30,7894,3002,998,2210,80,290,492,146,576,0,0,6,0,428,14,576,228,7894
20240517,24:00:00,7622,2998,900,2242,74,298,482,144,572,0,0,6,0,150,10,484,230,7622
20240518,0:30,7268,2998,1034,2336,76,280,450,146,576,0,0,8,0,0,-4,860,228,7268
20240518,1:00,7054,3000,826,2260,72,286,438,144,572,0,0,14,0,0,-4,784,230,7054
20240518,1:30,6966,3000,780,2262,70,274,432,146,582,0,0,16,0,0,-8,816,228,6966
20240518,2:00,6950,3000,834,2262,68,290,440,144,570,0,0,18,0,0,-10,896,230,6950
20240518,2:30,6996,3004,748,2266,70,288,466,146,580,0,0,14,0,128,-8,936,230,6996
20240518,3:00,7256,3002,846,2232,68,308,480,144,572,0,0,12,0,378,-12,1004,230,7256
20240518,3:30,7564,3000,784,2190,72,308,550,146,582,0,0,12,0,566,-8,868,230,7564
20240518,4:00,7826,3008,818,2150,70,318,600,144,570,0,0,14,0,706,-4,796,228,7826
20240518,4:30,7984,3004,780,1888,76,306,844,146,580,0,0,14,0,912,-4,792,230,7984
20240518,5:00,8212,3000,822,1824,74,324,890,144,570,0,0,20,0,1114,0,800,230,8212
20240518,5:30,8228,3004,840,1730,80,308,894,146,578,4,0,22,0,1102,-2,708,230,8228
20240518,6:00,7964,3004,950,1614,78,316,890,134,572,198,0,26,0,738,-2,784,230,7964
20240518,6:30,7764,3004,872,1180,80,278,762,128,582,871,0,31,0,176,-14,416,230,7764
20240518,7:00,7202,3004,662,790,78,250,652,128,572,1587,0,29,0,-264,-32,484,230,7202
20240518,7:30,7116,3008,562,698,78,244,542,128,572,2832,0,26,0,-782,-18,1004,230,7116
20240518,8:00,6908,3000,418,602,74,250,512,126,508,3942,0,18,0,-1300,-26,1444,228,6908
20240518,8:30,7242,3006,412,600,76,238,476,128,474,4360,498,10,14,-1382,-16,1368,228,7242
20240518,9:00,7582,3008,464,600,78,226,464,126,460,4614,1294,4,16,-1394,-10,1288,230,7582
20240518,9:30,7778,3002,508,600,78,188,442,128,472,4733,2184,1,30,-1328,2,1276,228,7778
20240518,10:00,7984,3002,488,598,74,212,404,126,454,4901,2592,1,38,-1322,6,1188,228,7984
20240518,10:30,8136,3004,456,602,74,192,420,126,440,5158,2639,0,47,-1336,4,1232,228,8136
20240518,11:00,8156,3000,486,598,74,200,420,128,390,5306,2682,2,47,-1406,-6,1264,228,8156
20240518,11:30,8186,3004,480,600,76,184,402,126,398,5530,2782,0,57,-1568,-22,1252,228,8186
20240518,12:00,8300,3004,506,600,76,204,400,126,388,5588,2752,0,68,-1598,-2,1220,228,8300
20240518,12:30,8178,3004,514,600,76,188,374,126,398,5460,2501,2,88,-1578,2,1216,228,8178
20240518,13:00,8104,3002,424,598,74,200,366,126,386,5562,2476,2,107,-1588,-4,1272,228,8104
20240518,13:30,8246,3000,424,600,74,188,406,126,400,5709,2199,3,112,-1646,2,1268,228,8246
20240518,14:00,8304,3004,400,600,78,202,410,124,384,5921,1796,1,109,-1706,-10,1332,228,8304
20240518,14:30,8418,3006,318,600,78,186,430,126,398,6185,1429,7,106,-1728,-36,1380,228,8418
20240518,15:00,8438,3000,298,596,76,208,434,124,388,6191,1066,11,106,-1702,-26,1388,228,8438
20240518,15:30,8508,3006,324,598,76,180,414,124,398,5983,791,17,89,-1492,4,1352,228,8508
20240518,16:00,8632,3006,354,598,80,216,412,128,384,5609,355,15,80,-1040,10,1368,228,8632
20240518,16:30,8446,3002,428,670,84,232,416,126,398,5069,9,19,57,-786,-28,1412,228,8446
20240518,17:00,8482,3004,798,778,84,234,424,126,388,3943,7,13,44,-438,24,1124,228,8482
20240518,17:30,8576,3000,748,970,92,232,584,126,436,2862,0,42,0,0,4,748,228,8576
20240518,18:00,8706,2998,722,1236,96,302,672,126,482,1894,0,46,0,442,46,584,228,8706
20240518,18:30,8682,3002,626,1554,100,342,950,126,504,1034,0,56,0,844,44,728,228,8682
20240518,19:00,8612,3000,612,1726,100,354,1006,126,500,362,0,60,0,1246,10,720,230,8612
20240518,19:30,8612,3000,752,1868,104,346,978,126,506,24,0,74,0,1394,12,800,228,8612
20240518,20:00,8464,3002,584,1910,104,346,934,128,500,0,0,76,0,1184,2,536,230,8464
20240518,20:30,8386,3006,592,1936,100,344,802,128,510,0,0,80,0,1312,12,664,228,8386
20240518,21:00,8186,3000,606,1900,96,348,708,126,500,0,0,78,0,1226,8,640,230,8186
20240518,21:30,8000,3006,654,1894,94,318,624,126,510,0,0,74,0,1052,8,588,228,8000
20240518,22:00,7710,3006,630,1882,90,294,576,128,500,0,0,74,0,960,12,672,230,7710
20240518,22:30,7628,3000,612,1880,88,292,530,126,510,0,0,94,0,1020,-8,744,228,7628
20240518,23:00,7444,3006,560,1874,84,270,494,128,498,0,0,112,0,824,8,644,230,7444
20240518,23:30,7408,3002,658,1914,82,262,430,128,508,0,0,112,0,804,16,736,228,7408
20240518,24:00:00,7222,3004,786,2036,78,278,422,126,500,0,0,94,0,288,8,628,230,7222
20240519,0:30,7020,3004,936,2142,78,266,376,128,514,0,0,76,0,0,0,728,228,7020
20240519,1:00,6800,3006,710,2070,74,286,366,126,502,0,0,66,0,0,-8,628,230,6800
20240519,1:30,6676,3004,710,1948,74,272,362,128,512,0,0,72,0,0,-14,620,228,6676
20240519,2:00,6638,3004,682,2074,74,282,364,126,506,0,0,70,0,0,-6,768,230,6638
20240519,2:30,6830,3008,726,2032,74,302,396,128,510,0,0,68,0,120,-34,728,228,6830
20240519,3:00,7012,3004,758,1990,70,308,406,126,506,0,0,62,0,332,-44,736,230,7012
20240519,3:30,7302,3004,708,2078,76,298,444,128,512,0,0,62,0,664,-4,896,228,7302
20240519,4:00,7594,3004,764,2184,74,312,498,126,498,0,0,62,0,744,2,904,230,7594
20240519,4:30,7772,3004,716,2102,78,300,796,128,516,0,0,60,0,764,-4,916,228,7772
20240519,5:00,7960,3006,704,2068,76,308,884,128,494,0,0,48,0,794,0,780,230,7960
20240519,5:30,7916,3004,750,1926,82,304,890,128,506,0,0,50,0,802,-2,752,228,7916
20240519,6:00,7590,3004,786,1848,82,306,894,126,502,54,0,50,0,776,8,1076,230,7590
20240519,6:30,7404,3004,928,1548,82,294,738,128,516,334,0,62,0,314,32,804,228,7404
20240519,7:00,6836,3006,754,1148,78,290,580,126,494,752,0,62,0,26,-6,704,230,6836
20240519,7:30,6646,2998,722,960,80,260,478,128,448,1540,0,84,0,0,8,1288,228,6646
20240519,8:00,6456,3006,532,748,74,266,444,126,392,2086,0,90,0,-184,6,1360,230,6456
20240519,8:30,6494,3000,390,702,76,222,402,126,398,2890,0,86,0,-612,-14,1400,228,6494
20240519,9:00,6808,3002,392,606,74,192,380,128,396,3560,377,92,0,-848,-20,1376,230,6808
20240519,9:30,7118,3002,402,600,74,180,378,126,404,4022,817,94,0,-830,-6,1556,228,7118
20240519,10:00,7386,3004,376,596,76,190,382,126,392,4434,1243,96,0,-1030,-26,1460,230,7386
20240519,10:30,7372,2998,398,602,76,170,394,126,408,4728,1234,104,0,-1474,-6,1380,228,7372
20240519,11:00,7488,3002,370,598,74,202,394,126,388,4912,1539,104,0,-1634,-2,1276,230,7488
20240519,11:30,7522,3002,346,598,74,174,374,126,402,5132,1740,82,0,-1692,-4,1320,228,7522
20240519,12:00,7620,3000,470,600,74,188,370,126,386,4932,2060,80,0,-1616,0,1220,230,7620
20240519,12:30,7692,3000,676,602,74,174,352,124,402,4744,2326,90,0,-1592,6,1188,228,7692
20240519,13:00,7636,3002,700,600,72,194,346,124,390,4650,2242,84,0,-1572,2,1184,228,7636
20240519,13:30,7760,3000,658,600,72,174,350,124,404,4820,2069,74,0,-1572,4,1176,228,7760
20240519,14:00,7812,3004,694,600,72,192,350,124,384,4852,1866,64,0,-1570,4,1188,230,7812
20240519,14:30,7704,3000,658,600,74,176,374,124,398,4877,1471,61,0,-1568,2,1300,228,7704
20240519,15:00,7830,3002,570,598,74,190,376,124,388,4931,1112,55,0,-1458,2,1252,230,7830
20240519,15:30,7882,3004,544,618,78,178,354,124,402,4900,613,48,0,-1302,10,1304,228,7882
20240519,16:00,7804,3002,578,726,76,228,354,124,392,4554,191,40,0,-1146,6,1360,230,7804
20240519,16:30,7778,3000,538,796,86,246,362,124,402,4068,0,38,0,-712,2,1400,228,7778
20240519,17:00,8000,3000,766,944,86,264,372,124,426,3258,0,40,0,-118,4,1396,230,8000
20240519,17:30,8212,2998,802,1138,92,258,540,124,504,2453,0,41,0,228,2,1196,228,8212
20240519,18:00,8490,2998,762,1482,98,296,640,124,506,1661,0,33,0,822,-2,1160,230,8490
20240519,18:30,8622,2998,674,2090,102,348,906,124,518,893,0,41,0,824,0,1124,228,8622
20240519,19:00,8558,2994,686,2202,102,348,958,124,506,235,0,41,0,820,0,688,230,8558
20240519,19:30,8538,2996,664,2470,104,340,948,124,522,13,0,43,0,798,0,712,228,8538
20240519,20:00,8376,2998,628,2428,104,350,920,124,508,0,0,30,0,792,0,736,230,8376
20240519,20:30,8248,2998,682,2452,100,336,786,124,520,0,0,36,0,794,0,808,228,8248
20240519,21:00,8092,3002,658,2514,98,350,694,126,508,0,0,30,0,748,2,868,230,8092
20240519,21:30,7876,3000,628,2462,96,332,576,126,522,0,0,32,0,734,-2,860,230,7876
20240519,22:00,7668,3002,720,2242,92,354,522,124,506,0,0,38,0,728,4,892,228,7668
20240519,22:30,7534,3004,796,2068,88,304,496,126,522,0,0,50,0,726,-2,872,228,7534
20240519,23:00,7334,3002,696,2170,88,274,480,124,508,0,0,48,0,522,10,816,228,7334
20240519,23:30,7196,2998,682,2158,80,262,418,124,498,0,0,38,0,494,10,792,226,7196
20240519,24:00:00,7058,3004,668,2104,80,256,422,124,526,0,0,36,0,216,14,620,228,7058
20240520,0:30,6788,3002,746,2160,76,248,392,126,528,0,0,44,0,0,-18,744,228,6788
20240520,1:00,6584,3000,694,2012,74,280,416,126,510,0,0,38,0,0,-18,776,228,6584
20240520,1:30,6476,3004,646,1886,74,260,418,126,522,0,0,50,0,0,-46,692,228,6476
20240520,2:00,6530,3002,738,1884,74,268,418,124,510,0,0,56,0,0,-8,764,228,6530
20240520,2:30,6624,3002,668,1886,74,258,436,126,520,0,0,58,0,172,-12,792,228,6624
20240520,3:00,6862,3004,656,1996,72,268,444,126,512,0,0,36,0,298,-10,768,228,6862
20240520,3:30,7278,3002,674,2116,76,252,460,126,522,0,0,26,0,460,-12,652,228,7278
20240520,4:00,7516,2998,682,2210,74,278,482,126,510,0,0,20,0,690,-4,776,226,7516
20240520,4:30,7716,3006,722,2150,78,282,676,128,524,0,0,24,0,728,-2,828,228,7716
20240520,5:00,7924,3004,682,2080,78,298,872,126,508,0,0,24,0,804,-2,780,230,7924
20240520,5:30,8016,2998,868,1914,82,282,894,128,524,5,0,21,0,962,0,888,226,8016
20240520,6:00,7850,3004,696,1704,82,294,896,126,504,231,0,17,0,954,-8,876,226,7850
20240520,6:30,7830,3004,658,1526,82,246,690,128,528,877,0,17,0,750,-2,900,226,7830
20240520,7:00,7550,3004,544,1192,80,234,536,126,506,1511,0,17,0,232,2,660,226,7550
20240520,7:30,7612,3004,528,754,82,216,464,128,520,2461,0,13,0,-228,24,580,226,7612
20240520,8:00,7516,3004,500,694,80,236,454,126,500,3453,0,7,0,-1044,-14,704,224,7516
20240520,8:30,7718,3000,668,608,82,206,442,128,458,4540,11,8,0,-1332,42,1356,224,7718
20240520,9:00,8250,3006,562,600,78,206,420,126,406,5452,12,10,0,-1298,0,1544,226,8250
20240520,9:30,9008,3002,726,608,82,190,394,128,416,5973,110,9,0,-1294,10,1460,224,9008
20240520,10:00,9198,2952,820,610,80,214,398,126,398,5957,584,5,0,-1122,18,1480,222,9198
20240520,10:30,9134,2926,658,600,78,196,366,128,414,6128,547,4,0,-1034,-24,1528,222,9134
20240520,11:00,9302,2928,516,598,78,210,372,126,400,6434,634,4,0,-1042,-30,1516,224,9302
20240520,11:30,9512,2932,462,598,78,196,388,126,430,7008,595,6,0,-1330,-12,1592,222,9512
20240520,12:00,9576,2948,486,598,84,222,386,126,420,7276,608,4,0,-1622,-8,1568,224,9576
20240520,12:30,9328,2962,552,600,80,198,364,126,440,7060,657,8,0,-1770,-46,1468,222,9328
20240520,13:00,9232,2970,714,598,80,206,364,124,424,6532,615,6,0,-1620,-2,1388,224,9232
20240520,13:30,9480,2986,792,738,84,202,362,124,436,6106,195,10,0,-950,16,1648,222,9480
20240520,14:00,9590,2990,744,898,86,206,352,126,442,5688,19,8,0,-490,6,1688,222,9590
20240520,14:30,9388,2998,572,1046,88,202,362,124,458,5284,9,6,0,-282,-16,1676,222,9388
20240520,15:00,9560,3002,748,1150,92,210,402,124,444,4910,9,12,0,-240,20,1536,222,9560
20240520,15:30,9532,3000,700,1204,94,200,394,124,500,4388,6,18,0,-1044,-8,260,222,9532
20240520,16:00,9436,3004,872,1250,88,220,394,124,552,3818,4,18,0,-1106,6,28,224,9436
20240520,16:30,9512,3002,924,1326,100,258,400,124,576,2957,3,23,0,-276,0,124,222,9512
20240520,17:00,9512,3002,978,1800,96,258,408,124,570,2145,0,21,0,4,-10,108,224,9512
20240520,17:30,9480,2996,1156,2138,102,302,430,124,578,1492,0,18,0,0,2,84,226,9480
20240520,18:00,9508,2996,1464,2442,104,358,454,124,572,934,0,18,0,230,40,452,224,9508
20240520,18:30,9414,3000,1664,2546,108,350,810,124,580,510,0,14,0,502,32,1052,226,9414
20240520,19:00,9600,2996,1872,2542,108,360,910,124,570,116,0,8,0,722,20,976,228,9600
20240520,19:30,9574,2998,1540,2546,110,344,892,124,582,12,0,6,0,786,6,600,228,9574
20240520,20:00,9304,2998,1300,2504,108,364,890,124,568,0,0,8,0,760,-2,544,226,9304
20240520,20:30,9090,2998,1464,2522,108,350,704,126,578,0,0,14,0,684,4,688,226,9090
20240520,21:00,8876,3004,1388,2544,104,352,592,124,574,0,0,12,0,622,0,668,228,8876
20240520,21:30,8736,2998,1292,2442,102,312,496,126,582,0,0,18,0,562,4,424,226,8736
20240520,22:00,8448,3002,1312,2438,96,314,424,124,570,0,0,14,0,360,4,436,226,8448
20240520,22:30,8318,3002,1280,2514,92,294,398,126,580,0,0,18,0,362,-2,572,226,8318
20240520,23:00,8082,2998,1022,2420,88,274,396,124,576,0,0,16,0,230,10,296,224,8082
20240520,23:30,8082,3002,1234,2474,86,238,374,126,586,0,0,16,0,174,6,460,226,8082
20240520,24:00:00,7758,2998,938,2322,78,258,374,124,570,0,0,12,0,-2,-8,132,226,7758
20240521,0:30,7488,3002,872,2402,78,238,342,126,584,0,0,20,0,0,-18,384,226,7488
20240521,1:00,7192,3000,870,2238,76,242,338,124,576,0,0,20,0,0,-6,512,226,7192
20240521,1:30,7108,3004,864,2254,76,218,340,126,588,0,0,22,0,0,-14,596,226,7108
20240521,2:00,7144,2998,836,2354,74,244,350,124,574,0,0,20,0,0,-20,636,226,7144
20240521,2:30,7234,3004,842,2410,74,272,382,126,584,0,0,22,0,0,-16,692,226,7234
20240521,3:00,7420,3004,866,2412,76,298,384,124,578,0,0,26,0,168,-6,736,226,7420
20240521,3:30,7706,3002,934,2408,78,276,372,126,580,0,0,34,0,474,4,808,226,7706
20240521,4:00,7956,3004,986,2548,72,286,384,124,572,0,0,38,0,586,-4,864,224,7956
20240521,4:30,8196,3006,1140,2384,78,272,416,126,582,0,0,46,0,776,-4,852,226,8196
20240521,5:00,8272,3002,976,2208,76,276,754,122,546,0,0,40,0,870,0,820,222,8272
20240521,5:30,8456,3002,972,2028,84,270,840,126,562,9,0,35,0,904,12,616,228,8456
20240521,6:00,8140,3006,752,1840,80,288,842,124,544,125,0,31,0,746,-4,464,230,8140
20240521,6:30,8062,3000,568,1738,84,264,846,126,552,620,0,36,0,534,-10,524,228,8062
20240521,7:00,7796,3000,568,1576,84,252,564,124,542,1132,0,34,0,322,-8,624,230,7796
20240521,7:30,7770,3004,640,1112,86,216,460,126,548,1952,0,38,0,88,0,728,228,7770
20240521,8:00,7642,3000,470,854,86,226,446,124,528,2700,0,50,0,-176,4,900,230,7642
20240521,8:30,8016,3002,660,748,90,184,398,126,526,3724,0,52,0,-686,4,1040,228,8016
20240521,9:00,8362,3000,762,734,90,170,384,124,462,4746,0,44,0,-808,-2,1572,228,8362
20240521,9:30,8812,3000,564,744,94,148,340,126,410,5532,0,38,0,-784,2,1628,226,8812
20240521,10:00,9322,3002,578,656,86,144,336,124,396,6152,64,34,0,-786,0,1624,224,9322
20240521,10:30,9620,3002,518,596,94,120,346,124,406,6696,392,46,0,-930,2,1624,224,9620
20240521,11:00,9796,2998,520,590,84,134,352,124,392,7044,702,52,0,-1106,0,1608,220,9796
20240521,11:30,9958,3000,556,598,92,130,334,124,404,7272,921,62,0,-1254,-8,1576,224,9958
20240521,12:00,9994,3002,626,668,86,140,330,124,392,7352,1083,62,0,-1322,2,1692,224,9994
20240521,12:30,9834,3000,598,696,86,132,342,124,408,7236,1152,62,0,-1356,2,1720,224,9834
20240521,13:00,9694,2998,782,700,84,146,358,124,392,7032,1172,54,0,-1562,4,1644,226,9694
20240521,13:30,9986,2998,768,698,86,130,382,124,404,7093,784,61,0,-1310,8,1680,224,9986
20240521,14:00,10244,3000,710,750,84,152,378,124,392,6895,550,57,0,-984,-2,1536,224,10244
20240521,14:30,10212,3000,798,882,86,134,364,124,406,6629,253,63,0,-978,8,1528,224,10212
20240521,15:00,9922,2994,686,1044,90,146,362,124,392,6237,0,73,0,-780,-30,1640,224,9922
20240521,15:30,9952,3002,510,1198,92,134,342,124,448,5587,0,71,0,-678,-6,1096,224,9952
20240521,16:00,9972,3000,566,1390,90,146,350,124,486,4603,0,77,0,-1012,-36,36,224,9972
20240521,16:30,9898,2996,780,1546,92,132,398,124,510,3889,0,89,0,-160,2,724,224,9898
20240521,17:00,9994,2994,640,2006,92,146,422,122,508,3083,0,89,0,314,-24,624,226,9994
20240521,17:30,9844,2994,914,2438,98,134,468,124,514,2262,0,84,0,218,-30,600,226,9844
20240521,18:00,9800,2992,1174,2544,96,178,770,122,506,1532,0,82,0,124,-8,540,228,9800
20240521,18:30,9750,2998,1516,2536,104,206,862,124,514,744,0,78,0,484,2,644,226,9750
20240521,19:00,9600,2996,1554,2518,96,208,862,122,502,194,0,78,0,718,18,492,226,9600
20240521,19:30,9570,2998,1520,2548,106,208,846,124,520,17,0,73,0,910,2,532,230,9570
20240521,20:00,9436,3002,1570,2542,100,226,816,124,516,0,0,78,0,740,12,520,230,9436
20240521,20:30,9190,3002,1538,2548,104,214,810,124,528,0,0,74,0,694,26,700,228,9190
20240521,21:00,9086,2998,1476,2548,96,232,794,124,520,0,0,58,0,376,2,368,230,9086
20240521,21:30,8794,3004,1356,2550,98,216,760,124,530,0,0,68,0,62,2,204,228,8794
20240521,22:00,8488,3004,1144,2510,90,220,686,124,508,0,0,66,0,0,-2,88,226,8488
20240521,22:30,8378,2998,1354,2508,88,192,596,124,528,0,0,62,0,0,0,300,228,8378
20240521,23:00,8184,3004,1116,2502,84,162,568,124,526,0,0,60,0,0,6,196,228,8184
20240521,23:30,8162,3000,1358,2464,82,134,430,124,534,0,0,62,0,0,18,272,228,8162
20240521,24:00:00,7842,2998,1064,2320,78,146,388,124,520,0,0,52,0,0,10,88,230,7842
20240522,0:30,7596,3000,1126,2334,80,132,340,124,534,0,0,56,0,0,2,360,228,7596
20240522,1:00,7358,3000,972,2246,74,148,326,124,522,0,0,46,0,0,2,332,230,7358
20240522,1:30,7214,3000,846,2214,74,138,324,124,532,0,0,50,0,0,-8,308,228,7214
20240522,2:00,7176,3000,826,2196,74,142,318,124,526,0,0,42,0,0,-10,292,230,7176
20240522,2:30,7280,3000,850,2320,74,174,344,124,530,0,0,48,0,0,-8,404,228,7280
20240522,3:00,7508,3000,890,2390,74,276,352,126,528,0,0,48,0,0,-10,396,230,7508
20240522,3:30,7754,3002,1132,2488,78,304,342,124,536,0,0,54,0,0,-2,532,228,7754
20240522,4:00,7994,3004,1104,2552,76,320,566,126,522,0,0,52,0,0,-8,548,228,7994
20240522,4:30,8200,3000,1130,2550,78,302,742,124,538,0,0,54,0,0,-6,540,228,8200
20240522,5:00,8406,3002,1258,2544,76,322,782,124,516,0,0,40,0,28,12,528,230,8406
20240522,5:30,8476,3002,1270,2548,82,304,784,124,536,8,0,26,0,130,-6,560,228,8476
20240522,6:00,8390,3002,1304,2350,82,320,720,126,524,50,0,28,0,60,-2,404,230,8390
20240522,6:30,8198,3002,1030,2144,86,270,582,126,536,260,0,34,0,0,-4,96,228,8198
20240522,7:00,7954,3004,692,1826,84,206,542,124,522,476,0,42,0,0,2,-204,230,7954
20240522,7:30,8042,3000,708,1720,88,188,506,124,530,816,0,40,0,0,-6,-100,228,8042
20240522,8:00,8064,3002,632,1460,90,196,450,124,522,1114,0,36,0,0,-4,-212,230,8064
20240522,8:30,8372,3004,726,1490,96,188,396,124,532,1512,0,36,0,0,8,-32,228,8372
20240522,9:00,8828,3000,880,1496,94,194,358,124,516,1882,0,22,0,0,-8,-44,226,8828
20240522,9:30,9096,3004,888,1498,102,184,324,124,534,2204,0,28,0,0,4,24,226,9096
20240522,10:00,9234,3006,702,1644,94,202,322,124,512,2404,0,26,0,0,2,28,224,9234
20240522,10:30,9140,3006,524,1610,100,188,346,124,532,2656,0,34,0,0,-16,188,224,9140
20240522,11:00,9262,3006,510,1578,94,198,352,122,514,3004,0,34,0,-274,-6,96,226,9262
20240522,11:30,9326,3002,600,1584,98,190,302,122,524,3150,0,40,0,-438,-20,52,224,9326
20240522,12:00,9284,3006,530,1584,96,204,296,122,516,3112,0,42,0,-486,10,-26,226,9284
20240522,12:30,9106,3004,536,1526,94,198,282,122,528,3152,0,42,0,-628,-6,-32,224,9106
20240522,13:00,8918,2998,568,1550,92,206,278,122,516,3066,0,44,0,-800,2,-50,226,8918
20240522,13:30,9340,3002,680,1700,94,200,292,124,522,3035,0,53,0,-540,2,48,224,9340
20240522,14:00,9456,3000,708,1844,94,206,294,122,516,2807,0,59,0,-468,-4,-52,226,9456
20240522,14:30,9534,3002,638,1932,96,196,326,124,518,2609,0,67,0,-234,8,-28,224,9534
20240522,15:00,9434,3004,822,1956,98,210,332,122,488,2335,0,73,0,-240,-4,-12,226,9434
20240522,15:30,9342,3002,890,1858,98,198,316,124,492,2181,0,83,0,-156,-12,-44,224,9342
20240522,16:00,9488,2998,1118,1910,98,216,312,122,484,1901,0,79,0,0,0,-24,226,9488
20240522,16:30,9576,3004,1124,2254,102,218,330,124,496,1503,0,83,0,0,8,-104,226,9576
20240522,17:00,9552,3000,1226,2526,104,244,346,122,484,1157,0,79,0,0,-2,-40,226,9552
20240522,17:30,9486,2998,1276,2646,106,290,450,124,498,791,0,81,0,0,2,4,228,9486
20240522,18:00,9488,2998,1308,2834,106,352,506,122,488,483,0,75,0,0,0,12,228,9488
20240522,18:30,9478,2996,1654,3126,110,348,698,124,494,225,0,79,0,0,12,616,228,9478
20240522,19:00,9540,2992,1816,3190,108,354,816,122,480,35,0,83,0,342,36,1064,230,9540
20240522,19:30,9568,2996,1800,3176,110,344,814,124,490,3,0,93,0,268,0,880,230,9568
20240522,20:00,9396,2996,1676,3204,108,338,706,124,478,0,0,94,0,106,-2,664,232,9396
20240522,20:30,9126,2994,1454,3208,108,336,618,124,532,0,0,100,0,0,2,580,230,9126
20240522,21:00,8974,2996,1352,3204,104,350,512,122,508,0,0,98,0,0,2,504,230,8974
20240522,21:30,8754,2996,1174,3118,104,338,410,124,512,0,0,110,0,0,0,360,228,8754
20240522,22:00,8520,2996,1126,3068,94,352,348,124,498,0,0,106,0,0,0,420,228,8520
20240522,22:30,8482,2998,1256,2958,94,318,336,124,514,0,0,110,0,0,6,460,228,8482
20240522,23:00,8358,2996,1156,2622,90,296,324,124,492,0,0,120,0,0,14,104,228,8358
20240522,23:30,8248,2998,1210,2760,88,236,290,124,502,0,0,120,0,0,12,320,228,8248
20240522,24:00:00,7964,3000,1106,2560,86,246,286,122,496,0,0,128,0,0,-16,280,230,7964
20240523,0:30,7742,2998,1232,2482,82,232,290,124,504,0,0,134,0,0,4,568,228,7742
20240523,1:00,7448,2998,1064,2368,80,250,292,122,490,0,0,148,0,0,-2,592,230,7448
20240523,1:30,7342,3000,976,2504,80,232,294,124,506,0,0,154,0,0,-12,744,228,7342
20240523,2:00,7282,2994,882,2486,76,250,294,122,492,0,0,148,0,0,-12,680,230,7282
20240523,2:30,7418,2998,900,2554,78,236,314,124,506,0,0,154,0,0,-10,664,228,7418
20240523,3:00,7578,2994,936,2764,78,292,318,122,492,0,0,148,0,0,-12,784,230,7578
20240523,3:30,7842,3002,852,2966,80,332,320,124,506,0,0,148,0,0,-12,704,228,7842
20240523,4:00,8144,2994,944,2998,78,352,410,122,498,0,0,142,0,0,-6,616,228,8144
20240523,4:30,8338,2996,852,3056,82,328,512,124,510,0,0,124,0,0,2,476,228,8338
20240523,5:00,8514,3000,950,3202,80,358,602,122,494,0,0,122,0,0,2,648,230,8514
20240523,5:30,8576,2994,1052,3102,86,336,570,124,504,0,0,126,0,0,2,548,228,8576
20240523,6:00,8374,2998,998,2944,86,350,490,122,500,48,0,132,0,0,-4,520,230,8374
20240523,6:30,8196,3000,1008,2756,90,306,478,124,504,254,0,156,0,0,0,708,228,8196
20240523,7:00,7994,2998,792,2596,88,240,420,122,492,478,0,156,0,0,-2,616,230,7994
20240523,7:30,7942,2996,696,2556,90,222,370,124,492,852,0,150,0,0,6,840,228,7942
20240523,8:00,8070,3002,496,2372,94,246,346,122,468,1210,0,150,0,0,2,668,230,8070
20240523,8:30,8442,2998,612,2370,98,208,336,124,476,1500,0,132,0,0,-4,636,228,8442
20240523,9:00,8872,3002,678,2850,98,228,332,122,468,1960,0,112,0,0,-4,1200,226,8872
20240523,9:30,9168,3000,632,2664,106,222,282,124,478,2375,0,97,0,0,4,1040,224,9168
20240523,10:00,9386,2996,562,2564,100,240,274,122,466,2535,0,71,0,0,0,768,224,9386
20240523,10:30,9356,3000,498,2720,102,234,306,124,476,2549,0,67,0,0,0,944,224,9356
20240523,11:00,9504,3002,374,2424,98,256,310,122,470,2925,0,57,0,0,-6,752,224,9504
20240523,11:30,9514,2996,358,2206,102,250,270,124,482,3175,0,71,0,0,-28,716,224,9514
20240523,12:00,9470,2998,290,2042,96,280,260,122,462,3395,0,75,0,0,-18,756,224,9470
20240523,12:30,9274,3002,322,1788,98,262,260,124,476,3543,0,71,0,-40,-4,852,224,9274
20240523,13:00,9076,2992,342,1888,92,282,260,122,468,3541,0,63,0,-274,-12,912,224,9076
20240523,13:30,9424,2998,372,2014,98,290,288,124,472,3670,0,70,0,-246,2,952,224,9424
20240523,14:00,9578,2992,450,2070,96,308,296,122,466,3804,0,52,0,-80,2,1224,224,9578
20240523,14:30,9618,2996,550,2156,100,296,298,124,474,3720,0,44,0,0,-4,1360,224,9618
20240523,15:00,9554,2996,502,2164,102,306,304,122,466,3856,0,36,0,0,-24,1500,224,9554
20240523,15:30,9654,2996,508,2196,102,294,302,124,478,3907,0,33,0,0,-10,1500,224,9654
20240523,16:00,9764,2998,780,2520,102,308,310,120,468,3407,0,27,0,0,0,1500,224,9764
20240523,16:30,9856,2996,1024,2908,104,268,320,122,480,2771,0,27,0,0,4,1392,224,9856
20240523,17:00,9836,2996,1240,3036,104,284,338,122,462,2045,0,29,0,0,2,1048,226,9836
20240523,17:30,9732,2996,986,3020,108,358,478,124,480,1447,0,25,0,0,4,520,226,9732
20240523,18:00,9692,2992,876,3174,104,434,738,122,474,925,0,23,0,0,2,400,228,9692
20240523,18:30,9672,2988,970,3194,112,420,858,124,480,515,0,27,0,214,2,460,228,9672
20240523,19:00,9746,2996,1300,3202,110,428,878,122,476,121,0,27,0,290,46,480,230,9746
20240523,19:30,9724,2992,1270,3202,112,416,828,124,484,6,0,32,0,292,32,296,230,9724
20240523,20:00,9546,2992,1072,3202,112,430,744,122,468,0,0,30,0,286,0,144,232,9546
20240523,20:30,9330,2998,1188,3196,110,412,624,124,486,0,0,32,0,286,20,376,230,9330
20240523,21:00,9128,3000,976,3202,102,434,514,122,470,0,0,24,0,246,2,192,228,9128
20240523,21:30,8880,2992,812,3128,104,412,414,124,482,0,0,18,0,234,0,68,228,8880
20240523,22:00,8660,3002,872,2826,96,436,364,122,470,0,0,16,0,236,4,12,228,8660
20240523,22:30,8496,2996,844,3036,98,378,350,124,480,0,0,16,0,234,0,288,228,8496
20240523,23:00,8356,2996,894,3090,86,338,336,122,478,0,0,16,0,54,10,292,228,8356
20240523,23:30,8274,2996,1052,2890,88,316,312,124,482,0,0,16,0,0,18,248,228,8274
20240523,24:00:00,7946,2998,900,2620,82,314,310,122,474,0,0,14,0,0,12,128,228,7946
20240524,0:30,7718,2996,908,2620,82,268,296,124,478,0,0,16,0,0,2,300,228,7718
20240524,1:00,7426,2998,960,2662,80,276,290,122,468,0,0,16,0,0,-14,660,228,7426
20240524,1:30,7326,2998,940,2616,78,266,300,124,476,0,0,20,0,0,-8,712,228,7326
20240524,2:00,7288,2994,972,2550,76,280,304,122,472,0,0,14,0,0,-10,716,230,7288
20240524,2:30,7366,2998,974,2688,78,278,328,124,482,0,0,14,0,0,-10,816,228,7366
20240524,3:00,7594,2998,1086,2892,76,376,346,122,472,0,0,14,0,0,-10,1008,230,7594
20240524,3:30,7812,2996,1116,2990,80,410,352,124,484,0,0,14,0,0,-14,968,228,7812
20240524,4:00,8110,3000,1260,2996,78,428,378,122,474,0,0,12,0,0,-2,864,228,8110
20240524,4:30,8320,3002,1408,3002,82,412,414,124,486,0,0,8,0,0,2,848,228,8320
20240524,5:00,8500,2994,1414,2996,82,424,580,122,470,0,0,10,0,0,10,832,230,8500
20240524,5:30,8570,3000,1292,2956,84,412,738,124,482,1,0,13,0,46,0,808,230,8570
20240524,6:00,8358,3004,960,2922,84,422,750,122,472,83,0,11,0,0,-2,700,230,8358
20240524,6:30,8206,2994,874,2546,88,382,684,124,488,413,0,9,0,0,0,624,228,8206
20240524,7:00,7942,3000,1120,2030,90,300,520,122,476,769,0,9,0,0,12,736,230,7942
20240524,7:30,7882,3002,896,1590,92,252,384,124,488,1289,0,13,0,0,-4,472,228,7882
20240524,8:00,7924,3000,680,1466,92,284,346,122,476,1871,0,7,0,0,6,656,230,7924
20240524,8:30,8204,3002,652,1150,94,268,342,124,484,2642,1,6,0,0,-4,784,228,8204
20240524,9:00,8708,2996,656,1222,96,286,334,122,464,3452,1,4,0,0,8,1160,228,8708
20240524,9:30,9104,3002,432,1004,98,266,328,124,478,4248,1,4,0,-300,-22,784,226,9104
20240524,10:00,9352,2998,394,912,96,278,330,122,466,4944,1,0,0,-354,-20,1040,226,9352
20240524,10:30,9472,2998,386,828,98,272,296,124,478,5512,1,2,0,-496,4,1256,226,9472
20240524,11:00,9592,3000,374,782,90,282,294,122,464,5890,1,0,0,-580,-40,1312,226,9592
20240524,11:30,9706,2998,414,782,98,256,292,124,482,6269,1,3,0,-566,-8,1664,226,9706
20240524,12:00,9836,2998,528,782,96,286,290,122,462,6509,1,1,0,-504,8,1968,226,9836
20240524,12:30,9490,3000,524,784,96,268,272,124,474,6165,1,3,0,-496,18,1968,226,9490
20240524,13:00,9306,3000,670,840,90,274,268,124,468,5669,1,3,0,-370,20,1976,226,9306
20240524,13:30,9742,2994,566,1052,98,264,270,124,470,5214,1,8,0,-2,-6,1536,226,9742
20240524,14:00,9832,2996,428,1076,98,262,274,124,462,5022,1,20,0,-134,-12,1008,224,9832
20240524,14:30,9850,2998,530,1190,100,254,326,124,470,4959,1,31,0,-292,-8,1056,224,9850
20240524,15:00,10198,2992,678,1344,96,268,340,124,466,4677,1,41,0,-150,16,920,226,10198
20240524,15:30,9896,2996,926,1484,96,258,300,124,474,3704,1,42,0,234,22,988,224,9896
20240524,16:00,9956,3000,714,1748,98,276,302,124,468,3300,1,32,0,250,6,588,226,9956
20240524,16:30,9976,2994,854,2130,100,290,334,124,482,2924,0,28,0,184,-6,688,226,9976
20240524,17:00,9920,2996,916,2366,102,338,364,124,468,2716,0,24,0,186,-14,892,226,9920
20240524,17:30,9796,2992,1088,2324,104,424,522,124,480,2166,0,42,0,180,-26,852,228,9796
20240524,18:00,9770,2990,1058,2636,100,500,806,124,472,1508,0,50,0,188,6,896,228,9770
20240524,18:30,9794,2986,1112,2960,106,484,852,124,478,950,0,64,0,528,2,1080,228,9794
20240524,19:00,9694,2996,1210,2994,104,500,854,122,472,328,0,80,0,1026,2,1224,230,9694
20240524,19:30,9672,2992,1204,2982,108,490,864,124,480,26,0,92,0,1226,-2,1144,230,9672
20240524,20:00,9502,2992,1018,2846,104,494,822,122,468,0,0,94,0,912,-6,596,232,9502
20240524,20:30,9346,2996,1064,2814,106,486,764,124,478,0,0,90,0,814,4,624,230,9346
20240524,21:00,9120,2994,982,2938,98,502,586,124,476,0,0,70,0,604,-4,480,230,9120
20240524,21:30,8862,2998,1098,2912,100,490,410,124,482,0,0,68,0,394,-2,440,228,8862
20240524,22:00,8616,2998,1052,2932,94,484,372,124,476,0,0,74,0,192,-6,404,228,8616
20240524,22:30,8520,2994,1142,2870,92,430,318,124,486,0,0,84,0,140,0,388,228,8520
20240524,23:00,8268,2994,754,2972,88,376,302,124,472,0,0,78,0,92,12,224,228,8268
20240524,23:30,8182,2998,736,2980,86,310,298,126,488,0,0,82,0,164,10,320,224,8182
20240524,24:00:00,7936,2992,784,2784,80,304,300,124,480,0,0,86,0,32,16,268,222,7936
20240525,0:30,7678,2996,844,2700,80,292,300,126,488,0,0,90,0,0,12,472,222,7678
20240525,1:00,7388,2994,790,2422,76,310,308,124,480,0,0,88,0,0,4,432,224,7388
20240525,1:30,7162,2996,842,2254,76,292,294,126,484,0,0,88,0,0,-10,504,224,7162
20240525,2:00,7172,2996,808,2228,74,312,296,124,478,0,0,80,0,96,-10,536,226,7172
20240525,2:30,7274,2996,828,2238,76,298,306,126,482,0,0,92,0,194,-10,576,224,7274
20240525,3:00,7396,2992,832,2158,74,306,324,124,484,0,0,82,0,308,-14,500,226,7396
20240525,3:30,7630,2998,904,2024,76,296,354,126,488,0,0,84,0,662,-14,592,224,7630
20240525,4:00,7882,2994,948,2316,76,308,384,124,478,0,0,90,0,804,-4,860,224,7882
20240525,4:30,8022,2998,1004,2156,78,294,420,126,490,0,0,98,0,1044,2,912,224,8022
20240525,5:00,8218,2994,964,2050,80,308,496,124,482,0,0,90,0,1232,0,828,226,8218
20240525,5:30,8216,2996,978,2004,82,296,636,126,488,6,0,88,0,1268,0,976,224,8216
20240525,6:00,7886,2998,794,1390,80,308,668,124,476,178,0,82,0,1304,-6,736,226,7886
20240525,6:30,7780,2998,700,1084,80,282,558,126,486,758,0,88,0,1116,16,736,224,7780
20240525,7:00,7324,3000,416,824,80,272,474,124,480,1396,0,86,0,6,-12,48,226,7324
20240525,7:30,7230,2996,550,754,78,266,362,124,486,2450,0,78,0,-568,-2,568,224,7230
20240525,8:00,7144,2998,394,602,76,272,322,124,464,3434,0,72,0,-566,-16,1256,224,7144
20240525,8:30,7228,3000,316,572,78,260,302,124,396,4448,2,36,51,-812,0,1712,220,7228
20240525,9:00,7856,2996,318,496,82,268,294,122,370,5230,195,8,69,-930,-22,1600,224,7856
20240525,9:30,8252,2996,604,496,84,264,276,124,372,5482,912,2,67,-1122,2,1552,224,8252
20240525,10:00,8428,2996,630,496,82,282,280,124,360,5606,1474,20,61,-1116,12,1568,224,8428
20240525,10:30,8506,2994,608,498,82,264,270,124,370,5764,1824,28,60,-1120,-2,1596,222,8506
20240525,11:00,8632,2998,572,486,84,270,272,124,354,5982,2004,26,62,-1106,6,1660,224,8632
20240525,11:30,8688,2990,438,486,84,248,256,124,366,6236,2033,30,61,-1102,6,1696,222,8688
20240525,12:00,8820,2994,538,490,82,274,246,122,350,6256,2154,26,60,-1094,0,1688,224,8820
20240525,12:30,8862,2992,658,488,82,250,274,124,366,6126,2313,6,92,-1096,2,1632,222,8862
20240525,13:00,8760,2996,630,486,82,270,270,122,354,6694,1446,0,101,-1632,-8,1728,224,8760
20240525,13:30,8960,2990,758,482,82,252,252,124,366,6766,1440,2,105,-1730,2,1608,222,8960
20240525,14:00,9036,2990,658,484,84,264,252,122,356,6782,1021,22,78,-1542,4,1664,224,9036
20240525,14:30,9122,2990,682,480,84,254,252,124,368,6720,804,38,88,-1464,4,1632,222,9122
20240525,15:00,9214,2992,616,482,84,264,254,122,354,6518,457,40,88,-1086,6,1656,224,9214
20240525,15:30,9178,2990,758,498,86,248,252,124,370,6152,25,48,91,-940,6,1636,222,9178
20240525,16:00,8986,2990,634,732,90,270,252,122,392,5554,3,44,83,-700,2,1620,224,8986
20240525,16:30,9056,2990,710,906,90,254,294,124,458,4588,0,42,73,-282,2,1344,224,9056
20240525,17:00,9048,2988,892,1106,92,276,322,122,470,3478,0,38,67,0,8,968,224,9048
20240525,17:30,9118,2990,1044,1320,98,352,436,124,500,2499,0,59,0,0,-4,524,224,9118
20240525,18:00,9148,2986,1272,1518,98,422,524,124,498,1575,0,73,0,0,16,184,226,9148
20240525,18:30,8954,2990,1226,1854,104,420,790,124,502,814,0,72,0,224,2,392,224,8954
20240525,19:00,9024,2988,1340,2284,104,428,880,124,498,210,0,72,0,676,18,824,226,9024
20240525,19:30,9000,2990,1366,2502,106,418,858,124,506,14,0,74,0,690,0,872,224,9000
20240525,20:00,8956,2994,1338,2340,104,432,836,124,494,0,0,72,0,702,-2,704,226,8956
20240525,20:30,8704,2992,1318,2306,104,418,816,124,510,0,0,66,0,602,0,776,224,8704
20240525,21:00,8552,2996,1402,2278,98,436,692,126,498,0,0,50,0,466,4,720,226,8552
20240525,21:30,8342,2996,1246,2278,100,420,550,124,508,0,0,40,0,408,0,552,224,8342
20240525,22:00,8074,2994,1180,2212,94,434,520,124,494,0,0,30,0,248,2,484,226,8074
20240525,22:30,7920,2994,1342,2172,92,422,358,124,508,0,0,16,0,248,-4,576,224,7920
20240525,23:00,7734,2996,1284,1848,90,398,302,124,496,0,0,18,0,246,10,304,226,7734
20240525,23:30,7662,2994,1170,1952,86,290,266,124,506,0,0,14,0,248,12,224,224,7662
20240525,24:00:00,7478,2996,1148,1938,82,264,256,124,504,0,0,14,0,242,-4,312,226,7478
20240526,0:30,7180,2996,1252,2006,80,250,278,124,514,0,0,16,0,12,-12,560,224,7180
20240526,1:00,6886,2994,948,2094,76,272,280,124,498,0,0,14,0,0,-12,628,226,6886
20240526,1:30,6838,2996,890,2148,76,260,280,124,506,0,0,22,0,0,-8,680,224,6838
20240526,2:00,6756,2996,744,1986,74,260,274,124,502,0,0,22,0,198,-10,640,226,6756
20240526,2:30,6832,2994,764,1934,76,252,276,124,512,0,0,26,0,248,-10,588,224,6832
20240526,3:00,6980,2992,690,1836,74,302,304,124,498,0,0,22,0,458,-10,536,226,6980
20240526,3:30,7220,2996,706,1880,78,314,392,124,510,0,0,38,0,694,-8,728,224,7220
20240526,4:00,7574,2994,746,2152,76,328,496,124,504,0,0,44,0,746,2,864,226,7574
20240526,4:30,7690,2992,840,2024,78,310,578,124,516,0,0,68,0,796,-4,856,224,7690
20240526,5:00,7842,2996,896,1830,80,334,758,124,494,0,0,82,0,968,2,948,226,7842
20240526,5:30,7900,2996,1112,1726,82,306,782,124,506,5,0,95,0,988,-2,1044,224,7900
20240526,6:00,7652,2996,1058,1418,80,306,712,124,502,155,0,99,0,904,4,932,226,7652
20240526,6:30,7336,2998,896,1028,80,286,572,124,488,739,0,101,0,486,-8,676,222,7336
20240526,7:00,6870,2996,550,812,82,256,450,124,514,1379,0,97,0,96,-18,692,224,6870
20240526,7:30,6912,2998,494,728,82,258,388,124,500,2333,0,91,0,-416,-8,884,224,6912
20240526,8:00,6750,2998,520,598,82,266,320,124,492,3183,0,81,0,-1526,-18,596,226,6750
20240526,8:30,6866,2994,752,498,82,262,308,124,480,3415,565,83,0,-1418,34,972,224,6866
20240526,9:00,7220,2998,726,494,84,268,306,124,410,3649,803,75,0,-1152,20,1008,226,7220
20240526,9:30,7496,2998,700,494,84,248,306,124,380,4035,957,81,0,-1052,4,1128,222,7496
20240526,10:00,7718,2992,702,500,82,262,304,124,368,4451,1005,83,0,-996,-2,1376,224,7718
20240526,10:30,8084,2998,542,490,84,250,304,124,382,5064,604,98,0,-928,-10,1536,222,8084
20240526,11:00,8068,2994,434,488,84,254,296,122,376,5438,311,108,0,-1182,-4,1564,224,8068
20240526,11:30,8072,2996,530,488,82,250,278,124,392,5422,250,118,0,-1294,0,1536,222,8072
20240526,12:00,8224,2994,496,488,84,266,282,122,380,5606,219,124,0,-1316,0,1524,222,8224
20240526,12:30,8200,2996,392,488,84,250,294,124,396,5760,65,152,0,-1462,-40,1456,222,8200
20240526,13:00,8374,2990,436,490,86,254,284,122,386,5916,94,164,0,-1522,-42,1412,222,8374
20240526,13:30,8364,2994,530,566,86,252,268,124,396,5770,0,180,0,-1600,-36,1388,222,8364
20240526,14:00,8240,2994,610,762,86,270,268,122,414,5288,0,200,0,-1620,-8,1368,222,8240
20240526,14:30,8310,2990,620,1000,86,250,268,122,478,4920,0,218,0,-1710,2,1156,222,8310
20240526,15:00,8388,2994,624,1354,86,260,276,122,486,4324,0,218,0,-1648,2,932,222,8388
20240526,15:30,8620,2992,584,1572,90,246,296,122,502,3876,0,234,0,-1286,2,832,222,8620
20240526,16:00,8556,2992,526,1674,96,262,298,122,486,2976,0,242,0,-1310,2,32,222,8556
20240526,16:30,8532,2994,662,1834,98,252,314,122,506,2270,0,240,0,-1072,-2,-92,222,8532
20240526,17:00,8696,2994,784,2012,94,298,362,122,494,1496,0,242,0,-488,6,-56,224,8696
20240526,17:30,8790,2988,828,2394,102,352,378,124,514,966,0,240,0,-284,-2,36,226,8790
20240526,18:00,8918,2990,886,2716,100,424,416,120,488,524,0,226,0,-152,6,48,222,8918
20240526,18:30,9030,2988,972,2722,106,418,534,124,506,222,0,244,0,0,-2,28,224,9030
20240526,19:00,9158,2988,1146,3082,104,432,578,122,494,30,0,246,0,0,-2,288,226,9158
20240526,19:30,9112,2990,1232,3180,106,414,568,124,512,2,0,238,0,0,-6,472,224,9112
20240526,20:00,8972,2986,1154,3134,100,434,546,122,492,0,0,230,0,0,0,452,226,8972
20240526,20:30,8786,2994,1132,3102,104,414,538,124,512,0,0,222,0,0,10,592,226,8786
20240526,21:00,8586,2994,1076,2886,96,434,550,122,500,0,0,236,0,0,2,536,226,8586
20240526,21:30,8356,2990,1000,2902,98,420,512,124,510,0,0,222,0,0,0,648,226,8356
20240526,22:00,8156,2994,1010,2826,90,416,456,122,494,0,0,234,0,0,2,708,220,8156
20240526,22:30,8038,2992,936,2810,92,404,450,124,514,0,0,214,0,0,-2,720,224,8038
20240526,23:00,7832,2990,906,2542,84,410,450,122,496,0,0,214,0,0,12,620,226,7832
20240526,23:30,7772,2994,964,2388,84,338,452,124,514,0,0,242,0,0,12,564,224,7772
20240526,24:00:00,7542,2994,876,2484,80,298,392,122,500,0,0,242,0,0,8,680,226,7542
20240527,0:30,7312,2988,858,2372,80,310,382,124,516,0,0,236,0,0,14,792,224,7312
20240527,1:00,7082,2990,894,2000,74,330,384,122,504,0,0,222,0,0,-2,660,224,7082
20240527,1:30,6920,2990,822,1994,76,318,412,124,512,0,0,190,0,0,-10,732,224,6920
20240527,2:00,6908,2990,822,1912,72,322,424,122,504,0,0,184,0,0,-18,652,226,6908
20240527,2:30,7064,2990,878,2058,74,316,408,122,516,0,0,234,0,0,-4,752,224,7064
20240527,3:00,7246,2990,904,2004,74,330,426,122,504,0,0,244,0,0,-10,568,226,7246
20240527,3:30,7458,2984,886,2188,76,312,446,122,518,0,0,256,0,0,-18,536,224,7458
20240527,4:00,7760,2990,854,2472,74,326,516,122,498,0,0,250,0,0,-10,556,224,7760
20240527,4:30,7964,2990,840,2654,78,316,622,122,514,0,0,236,0,0,0,632,224,7964
20240527,5:00,8166,2984,888,2848,76,330,650,122,496,0,0,228,0,0,8,688,224,8166
20240527,5:30,8210,2988,846,2960,80,306,774,122,518,2,0,208,0,0,0,816,222,8210
20240527,6:00,8140,2984,924,3020,84,330,742,120,474,38,0,192,0,0,-2,988,222,8140
20240527,6:30,8162,2984,918,3090,84,320,718,122,468,212,0,194,0,0,-4,1164,220,8162
20240527,7:00,8028,2990,978,2824,86,332,726,120,452,348,0,164,0,0,2,1216,222,8028
20240527,7:30,8238,2988,1012,2934,90,314,738,122,466,596,0,154,0,0,0,1396,220,8238
20240527,8:00,8548,2984,1110,2994,90,336,668,120,450,774,0,152,0,0,4,1356,222,8548
20240527,8:30,9058,2990,1402,3116,96,298,640,122,460,1088,0,144,0,68,2,1588,220,9058
20240527,9:00,9564,2990,1512,3144,94,288,626,120,448,1444,0,124,0,112,-2,1556,220,9564
20240527,9:30,10126,2988,1414,3054,102,276,614,122,452,1890,0,96,0,16,6,1124,220,10126
20240527,10:00,10262,2988,1168,2818,100,288,606,120,432,2266,0,82,0,0,-16,808,218,10262
20240527,10:30,10374,2990,1218,3064,106,286,626,122,444,2526,0,64,0,0,12,1304,220,10374
20240527,11:00,10422,2984,1166,2914,104,292,622,120,438,2426,0,66,0,0,6,936,220,10422
20240527,11:30,10418,2992,1116,2864,106,266,602,122,448,2566,0,68,0,0,4,956,220,10418
20240527,12:00,10330,2992,1126,2888,104,298,596,120,434,2604,0,60,0,0,-4,1108,220,10330
20240527,12:30,10044,2984,794,2604,106,276,582,122,442,2822,0,56,0,0,0,964,220,10044
20240527,13:00,10008,2986,636,2570,106,288,572,120,432,2636,0,34,0,-194,26,424,220,10008
20240527,13:30,10264,2986,1014,2866,104,274,572,122,444,2246,0,40,0,-40,-12,572,220,10264
20240527,14:00,10492,2988,1170,3098,104,284,570,120,426,2064,0,28,0,2,-6,576,220,10492
20240527,14:30,10600,2984,1236,3134,110,282,598,122,444,1880,0,30,0,0,0,440,220,10600
20240527,15:00,10410,2982,1174,2946,112,298,592,120,436,1634,0,36,0,0,-4,136,220,10410
20240527,15:30,10334,2986,1198,2762,106,310,568,122,452,1520,0,50,0,0,-2,-42,220,10334
20240527,16:00,10480,2984,1326,3114,110,342,558,120,446,1160,0,40,0,0,2,-58,220,10480
20240527,16:30,10420,2982,1560,3004,114,340,554,122,452,982,0,44,0,0,-6,-52,220,10420
20240527,17:00,10272,2984,1616,3168,112,370,558,120,440,786,0,38,0,0,-2,140,222,10272
20240527,17:30,10136,2980,1870,3160,116,422,674,122,454,554,0,48,0,0,-2,484,222,10136
20240527,18:00,10122,2982,2034,3196,114,476,824,120,442,350,0,40,0,32,-2,708,222,10122
20240527,18:30,10036,2984,1758,3170,120,468,956,122,456,180,0,40,0,328,0,768,222,10036
20240527,19:00,10040,2984,1664,3200,114,474,1054,120,444,40,0,52,0,518,0,848,224,10040
20240527,19:30,9988,2978,1664,3196,116,494,1010,122,458,4,0,52,0,560,2,892,224,9988
20240527,20:00,9738,2978,1570,3182,112,498,1006,120,446,0,0,40,0,460,-2,896,224,9738
20240527,20:30,9642,2980,1688,3202,112,494,874,122,454,0,0,30,0,396,26,960,224,9642
20240527,21:00,9310,2982,1774,3160,102,504,792,122,446,0,0,22,0,2,4,824,224,9310
20240527,21:30,9102,2984,1548,3184,106,488,774,122,460,0,0,18,0,0,8,812,222,9102
20240527,22:00,8862,2978,1230,3036,102,500,766,120,444,0,0,26,0,0,-2,560,222,8862
20240527,22:30,8754,2986,1228,3124,96,480,774,122,460,0,0,36,0,0,2,776,222,8754
20240527,23:00,8542,2988,1122,2860,94,442,774,122,450,0,0,50,0,0,-20,562,222,8542
20240527,23:30,8452,2988,1098,2896,90,354,696,122,464,0,0,58,0,0,8,544,222,8452
20240527,24:00:00,8234,2984,918,2928,84,326,672,120,460,0,0,66,0,0,10,558,224,8234
20240528,0:30,7888,2988,888,2732,84,316,656,122,460,0,0,86,0,0,-6,660,222,7888
20240528,1:00,7670,2990,904,2618,78,326,666,120,448,0,0,88,0,0,-2,788,222,7670
20240528,1:30,7510,2986,806,2598,80,306,724,122,446,0,0,82,0,0,-10,852,222,7510
20240528,2:00,7444,2986,790,2596,80,332,738,120,422,0,0,92,0,0,-10,924,222,7444
20240528,2:30,7500,2988,858,2656,78,322,744,122,426,0,0,120,0,0,-12,1024,222,7500
20240528,3:00,7682,2984,896,2814,78,322,752,120,422,0,0,148,0,0,-12,1064,222,7682
20240528,3:30,7858,2990,910,2910,78,316,824,122,434,0,0,150,0,0,-10,1088,222,7858
20240528,4:00,8144,2986,818,3040,76,330,834,122,420,0,0,160,0,0,-8,856,222,8144
20240528,4:30,8380,2984,900,3130,82,310,830,124,432,0,0,180,0,0,-14,800,222,8380
20240528,5:00,8570,2988,960,3198,80,316,832,122,420,0,0,192,0,0,-12,748,222,8570
20240528,5:30,8686,2992,958,3204,84,294,856,124,428,2,0,194,0,0,-2,672,224,8686
20240528,6:00,8592,2984,880,3190,86,292,838,124,430,4,0,200,0,0,2,664,226,8592
20240528,6:30,8422,2986,906,3192,86,294,858,124,426,28,0,212,0,0,-2,912,224,8422
20240528,7:00,8370,2990,976,3020,90,288,846,124,426,62,0,212,0,0,2,892,226,8370
20240528,7:30,8460,2986,1044,2992,96,292,858,124,428,100,0,230,0,0,6,920,224,8460
20240528,8:00,8658,2986,1044,2996,98,278,866,122,422,114,0,236,0,0,-2,728,226,8658
20240528,8:30,9074,2984,1098,2954,104,266,842,124,424,218,0,266,0,0,2,432,224,9074
20240528,9:00,9474,2986,1164,3036,108,256,838,122,416,280,0,244,0,0,0,200,224,9474
20240528,9:30,9826,2990,1480,3194,114,226,812,124,424,392,0,240,0,0,36,428,222,9826
20240528,10:00,9844,2988,1458,3186,112,238,836,122,408,502,0,174,0,0,38,440,222,9844
20240528,10:30,9678,2986,1268,3174,110,224,848,124,422,824,0,128,0,0,-12,640,222,9678
20240528,11:00,9580,2988,1078,3160,106,234,856,122,412,1232,0,122,0,0,0,952,222,9580
20240528,11:30,9574,2990,1010,2928,110,238,866,124,422,1756,0,154,0,0,4,1248,220,9574
20240528,12:00,9556,2990,914,2806,106,268,864,122,414,2198,0,156,0,0,0,1504,222,9556
20240528,12:30,9170,2990,786,2304,102,266,884,124,428,2612,0,164,0,0,0,1712,222,9170
20240528,13:00,8892,2988,820,2014,98,280,880,124,414,3008,0,138,0,0,-14,2080,222,8892
20240528,13:30,9456,2986,902,2000,98,266,862,124,422,3576,0,134,0,0,0,2136,222,9456
20240528,14:00,9568,2992,886,2188,100,276,870,122,408,3516,0,110,0,0,0,2120,220,9568
20240528,14:30,9474,2990,986,2516,96,276,868,122,422,3046,0,118,0,0,-2,2184,220,9474
20240528,15:00,9456,2988,1052,2404,96,296,874,122,406,2972,0,140,0,0,-2,2112,220,9456
20240528,15:30,9324,2988,960,2490,94,298,870,122,426,2834,0,162,0,0,4,2144,220,9324
20240528,16:00,9280,2988,838,2546,96,304,882,122,410,2558,0,194,0,170,16,2064,220,9280
20240528,16:30,9326,2986,804,2436,96,294,882,122,426,2566,0,206,0,400,0,2112,220,9326
20240528,17:00,9302,2988,910,2090,96,322,904,126,416,2508,0,202,0,522,2,2008,224,9302
20240528,17:30,9374,2980,830,2236,98,382,938,126,426,2086,0,204,0,874,2,2032,224,9374
20240528,18:00,9322,2978,844,2444,100,442,968,124,424,1472,0,196,0,988,4,1888,226,9322
20240528,18:30,9330,2984,908,2916,104,436,984,126,432,847,0,201,0,1036,4,1872,224,9330
20240528,19:00,9262,2980,1016,3010,104,454,996,124,422,275,0,193,0,1164,-2,1704,230,9262
20240528,19:30,9280,2982,916,2978,106,444,992,126,426,37,0,221,0,1154,6,1336,228,9280
20240528,20:00,9148,2984,852,2790,100,442,1000,126,422,0,0,218,0,984,0,1000,230,9148
20240528,20:30,8970,2988,786,2440,100,442,992,126,424,0,0,232,0,932,0,720,228,8970
20240528,21:00,8848,2988,764,2584,98,450,998,126,420,0,0,230,0,636,-2,672,228,8848
20240528,21:30,8618,2990,804,2684,96,460,994,126,430,0,0,202,0,314,0,708,226,8618
20240528,22:00,8352,2986,724,2394,92,484,1002,126,418,0,0,214,0,232,-16,528,224,8352
20240528,22:30,8282,2992,718,2612,88,450,994,126,432,0,0,228,0,210,4,796,224,8282
20240528,23:00,8084,2988,678,2652,86,430,998,126,420,0,0,208,0,20,0,748,226,8084
20240528,23:30,7990,2988,672,2596,82,376,994,126,432,0,0,206,0,0,14,720,224,7990
20240528,24:00:00,7730,2992,776,2198,76,376,996,128,420,0,0,186,0,0,4,648,226,7730
20240529,0:30,7438,2990,642,2240,76,356,978,126,428,0,0,166,0,0,6,796,226,7438
20240529,1:00,7208,2990,574,2148,76,354,978,128,428,0,0,152,0,0,-6,840,226,7208
20240529,1:30,7044,2990,462,2236,74,344,970,126,428,0,0,150,0,0,-14,948,226,7044
20240529,2:00,7072,2996,470,2226,72,356,972,128,428,0,0,138,0,0,-16,924,226,7072
20240529,2:30,7106,2990,414,2034,72,320,968,126,434,0,0,150,0,304,-16,916,226,7106
20240529,3:00,7318,2992,366,2030,72,330,976,128,416,0,0,144,0,678,-12,1028,226,7318
20240529,3:30,7604,2988,500,2054,74,314,992,126,430,0,0,136,0,956,-12,1180,226,7604
20240529,4:00,7974,2996,374,2374,76,330,996,128,426,0,0,144,0,1024,-4,1116,226,7974
20240529,4:30,8206,2994,440,2512,78,316,996,126,430,0,0,140,0,1108,0,1160,226,8206
20240529,5:00,8400,2990,490,2636,78,346,1008,128,422,0,0,130,0,1122,0,1176,226,8400
20240529,5:30,8446,2992,510,2612,82,336,1006,126,430,8,0,136,0,1108,-2,1124,226,8446
20240529,6:00,8358,2992,530,2348,84,342,1000,128,428,236,0,120,0,1022,-2,1096,226,8358
20240529,6:30,8404,2992,390,2198,84,334,988,128,430,983,0,113,0,420,-18,864,226,8404
20240529,7:00,7856,2990,268,1456,80,330,1006,126,422,1759,0,87,0,-126,-20,748,226,7856
20240529,7:30,7888,2992,248,1118,80,320,1000,128,416,3075,0,75,0,-776,6,1020,226,7888
20240529,8:00,7634,2994,172,970,78,332,1004,126,360,4105,0,49,0,-1674,-12,1096,226,7634
20240529,8:30,8242,2996,510,818,78,352,996,126,330,4959,237,35,0,-1602,34,1616,226,8242
20240529,9:00,8656,2990,486,782,80,370,1000,128,334,5769,367,25,0,-1570,-2,1960,224,8656
20240529,9:30,9094,2996,314,782,76,352,970,126,334,6633,495,29,0,-1660,-2,2080,224,9094
20240529,10:00,9256,2992,286,784,76,366,960,128,320,7019,820,19,0,-1840,4,2080,222,9256
20240529,10:30,9410,2992,284,784,74,352,954,128,334,7305,1109,27,0,-1924,2,2124,222,9410
20240529,11:00,9478,2992,288,782,76,370,958,126,320,7491,1312,43,0,-2068,-4,2120,224,9478
20240529,11:30,9626,2986,334,784,74,346,964,126,332,7630,1446,54,0,-2108,2,2120,222,9626
20240529,12:00,9634,2984,282,784,74,354,970,128,324,7678,1570,54,0,-2108,-2,2112,224,9634
20240529,12:30,9440,2992,252,752,74,366,968,126,334,7408,1932,66,0,-2026,2,2096,222,9440
20240529,13:00,9252,2990,290,750,72,374,980,128,322,7132,2165,62,0,-1990,-2,2080,224,9252
20240529,13:30,9660,2992,294,778,74,352,974,126,332,7519,1515,59,0,-1946,0,2116,222,9660
20240529,14:00,9818,2990,340,784,76,354,982,126,322,7427,1488,55,0,-1762,0,2100,224,9818
20240529,14:30,9842,2992,288,784,78,340,962,126,330,7383,1136,59,0,-1618,0,2104,222,9842
20240529,15:00,9932,2990,356,782,80,358,974,126,320,7221,745,53,0,-1574,-2,1976,224,9932
20240529,15:30,9872,2988,408,810,82,348,960,126,334,6544,838,58,0,-1452,0,1556,222,9872
20240529,16:00,9876,2986,372,992,86,352,958,128,324,5828,507,58,0,-1128,4,1308,224,9876
20240529,16:30,9822,2982,460,1136,90,368,982,126,338,4918,200,62,0,-770,6,1100,224,9822
20240529,17:00,9556,2972,366,1460,92,432,992,128,356,3822,5,64,0,-284,-4,1064,224,9556
20240529,17:30,9428,2976,550,2056,96,444,978,126,406,2679,0,71,0,-98,12,1096,228,9428
20240529,18:00,9424,2980,724,2488,94,472,972,128,410,1607,0,75,0,394,-6,1140,226,9424
20240529,18:30,9282,2982,692,2624,102,482,978,126,430,869,0,81,0,1090,0,1400,226,9282
20240529,19:00,9320,2986,762,2852,102,486,970,126,424,395,0,79,0,1576,22,1688,228,9320
20240529,19:30,9282,2986,684,2998,106,472,974,126,430,55,0,91,0,1614,12,1492,226,9282
20240529,20:00,9288,2992,696,2994,104,488,972,128,412,0,0,90,0,1198,-2,1012,228,9288
20240529,20:30,9022,2992,604,2998,106,478,970,128,428,0,0,76,0,944,0,928,226,9022
20240529,21:00,8778,2990,732,2996,100,488,972,126,424,0,0,68,0,892,2,1240,228,8778
20240529,21:30,8690,2994,746,2934,100,476,938,126,434,0,0,62,0,486,0,832,226,8690
20240529,22:00,8380,2996,720,2916,96,486,932,128,416,0,0,46,0,84,-2,664,226,8380
20240529,22:30,8264,2992,490,2904,92,464,932,126,432,0,0,52,0,0,2,448,226,8264
20240529,23:00,8024,2990,428,2656,90,428,934,128,416,0,0,60,0,0,10,340,224,8024
20240529,23:30,7922,2986,452,2670,84,360,932,128,430,0,0,66,0,0,12,424,226,7922
20240529,24:00:00,7682,2996,396,2512,84,370,938,128,426,0,0,62,0,0,8,464,226,7682
20240530,0:30,7446,2992,406,2530,80,358,922,128,432,0,0,72,0,0,12,712,226,7446
20240530,1:00,7174,2988,388,2464,78,382,912,126,420,0,0,68,0,0,4,880,224,7174
20240530,1:30,7050,2992,412,2242,78,362,912,128,430,0,0,78,0,0,-10,800,226,7050
20240530,2:00,7006,2992,338,2260,76,374,912,128,420,0,0,68,0,0,-28,760,226,7006
20240530,2:30,7136,2990,396,2454,78,368,910,128,428,0,0,68,0,0,-10,900,226,7136
20240530,3:00,7346,2992,358,2562,76,394,942,128,432,0,0,66,0,0,-10,820,226,7346
20240530,3:30,7608,2990,426,2686,78,388,946,128,442,0,0,74,0,84,-16,844,226,7608
20240530,4:00,7924,2988,424,2708,76,424,948,128,424,0,0,88,0,206,-10,704,224,7924
20240530,4:30,8116,2990,416,2580,80,396,946,128,438,0,0,86,0,268,0,436,224,8116
20240530,5:00,8368,2990,426,2760,82,418,948,126,414,0,0,80,0,274,-4,372,226,8368
20240530,5:30,8382,2990,454,2602,84,394,946,128,438,10,0,72,0,378,0,336,222,8382
20240530,6:00,8210,2992,356,2432,86,408,944,128,424,254,0,74,0,340,-14,436,222,8210
20240530,6:30,8108,2992,324,1876,86,390,918,128,430,962,0,68,0,244,-24,508,222,8108
20240530,7:00,7668,2990,122,1310,88,380,914,126,428,1542,0,58,0,118,-46,584,222,7668
20240530,7:30,7654,2990,176,1054,88,338,830,126,428,2335,0,45,0,-566,-12,400,222,7654
20240530,8:00,7548,2990,244,916,88,340,784,128,424,2815,0,37,0,-974,-2,464,222,7548
20240530,8:30,7766,2994,458,814,92,330,760,126,428,3269,0,35,0,-1048,22,736,222,7766
20240530,9:00,8108,2990,214,782,90,342,748,128,416,4141,0,25,0,-1196,-8,784,220,8108
20240530,9:30,8548,2990,324,780,100,332,700,126,414,4773,0,23,0,-1354,16,896,220,8548
20240530,10:00,8730,2994,530,782,94,342,686,126,360,4853,0,19,0,-1108,8,1176,220,8730
20240530,10:30,8902,2992,556,784,96,326,660,126,336,5013,0,17,0,-666,10,1568,220,8902
20240530,11:00,8960,2990,560,782,92,344,646,124,318,4635,0,15,0,-388,40,1420,222,8960
20240530,11:30,8870,2996,416,788,94,326,638,126,338,4476,0,14,0,-268,6,1300,220,8870
20240530,12:00,8900,2992,300,782,94,334,634,124,316,4994,0,12,0,-294,-24,1584,220,8900
20240530,12:30,8694,2994,400,750,96,328,632,126,338,5350,1,24,0,-626,-24,1912,218,8694
20240530,13:00,8876,2994,434,752,94,330,614,124,320,5480,1,28,0,-740,-2,1772,220,8876
20240530,13:30,9052,2988,608,896,96,322,598,126,332,4674,1,28,0,-242,24,1616,218,9052
20240530,14:00,9344,2994,636,1100,96,326,604,124,322,4278,1,26,0,0,30,1412,220,9344
20240530,14:30,9336,2994,638,1304,96,312,624,124,360,3640,1,22,0,220,20,1236,218,9336
20240530,15:00,9300,2990,454,1386,98,318,632,124,396,3520,1,24,0,-54,-32,776,220,9300
20240530,15:30,9244,2992,660,1482,100,318,654,124,414,3472,0,20,0,-554,-28,628,218,9244
20240530,16:00,9386,2990,584,1622,102,356,712,124,414,3234,0,18,0,-568,-42,380,220,9386
20240530,16:30,9494,2992,738,1830,106,410,782,124,428,2580,0,22,0,-256,4,484,218,9494
20240530,17:00,9582,2990,864,2002,104,414,798,122,420,1910,0,18,0,2,4,288,222,9582
20240530,17:30,9342,2990,600,2246,108,412,888,124,434,1332,0,16,0,0,-6,24,222,9342
20240530,18:00,9396,2992,998,2804,108,478,908,122,410,758,0,14,0,0,22,440,222,9396
20240530,18:30,9348,2982,1116,2866,116,462,910,124,430,388,0,18,0,344,16,648,224,9348
20240530,19:00,9368,2980,1118,2864,114,474,1072,122,432,104,0,12,0,708,6,864,226,9368
20240530,19:30,9474,2982,1076,2868,118,460,1130,124,436,10,0,16,0,800,16,788,226,9474
20240530,20:00,9332,2982,1084,2868,112,476,970,124,430,0,0,20,0,550,-2,508,226,9332
20240530,20:30,9090,2980,1164,2874,114,456,868,124,442,0,0,18,0,460,4,640,226,9090
20240530,21:00,8940,2988,1252,2866,104,478,836,124,426,0,0,12,0,244,-2,616,228,8940
20240530,21:30,8744,2988,1190,2874,108,460,800,124,436,0,0,14,0,58,-2,532,226,8744
20240530,22:00,8474,2992,876,2856,98,470,790,124,430,0,0,14,0,2,-4,400,226,8474
20240530,22:30,8370,2992,878,2854,98,412,772,124,442,0,0,16,0,0,0,444,226,8370
20240530,23:00,8214,2986,752,2862,94,332,772,124,426,0,0,18,0,0,14,392,226,8214
20240530,23:30,8234,2992,900,2848,90,302,716,124,440,0,0,16,0,0,8,428,226,8234
20240530,24:00:00,7962,2988,890,2658,84,310,690,122,428,0,0,12,0,0,16,464,228,7962
20240531,0:30,7668,2990,752,2648,84,288,636,124,448,0,0,18,0,0,2,544,222,7668
20240531,1:00,7460,2990,706,2606,82,318,618,122,426,0,0,22,0,0,-10,640,220,7460
20240531,1:30,7312,2990,586,2570,82,280,614,124,442,0,0,20,0,0,-8,608,220,7312
20240531,2:00,7326,2992,586,2648,80,294,612,124,432,0,0,18,0,0,-10,672,222,7326
20240531,2:30,7386,2992,592,2648,80,302,604,124,444,0,0,18,0,16,-10,644,220,7386
20240531,3:00,7568,2990,548,2806,78,342,604,124,432,0,0,10,0,196,-4,780,222,7568
20240531,3:30,7852,2992,610,2872,80,318,610,124,448,0,0,12,0,218,-12,640,220,7852
20240531,4:00,8134,2996,576,2844,80,338,626,124,428,0,0,16,0,250,-6,360,222,8134
20240531,4:30,8314,2984,656,2866,84,320,694,124,444,0,0,16,0,260,-2,352,220,8314
20240531,5:00,8446,2992,662,2850,82,334,900,124,436,0,0,12,0,210,-2,376,222,8446
20240531,5:30,8572,2992,628,2814,86,320,946,124,442,0,0,20,0,256,0,280,224,8572
20240531,6:00,8412,2988,608,2680,88,352,862,124,432,10,0,22,0,200,-2,176,224,8412
20240531,6:30,8178,2996,684,2542,88,328,842,124,448,68,0,30,0,202,2,400,224,8178
20240531,7:00,8148,2988,922,2506,90,356,734,124,432,126,0,32,0,96,0,480,222,8148
20240531,7:30,8260,2994,1058,2382,94,336,700,124,446,232,0,24,0,14,2,368,222,8260
20240531,8:00,8330,2990,1026,2184,92,390,700,124,430,382,0,22,0,0,-2,232,224,8330
20240531,8:30,8680,2988,1006,2180,100,434,690,124,442,586,0,18,0,0,2,112,222,8680
20240531,9:00,9148,2992,1182,2264,102,440,738,124,428,790,0,16,0,0,0,152,224,9148
20240531,9:30,9376,2990,1048,2204,104,416,880,124,444,904,0,24,0,0,2,-12,224,9376
20240531,10:00,9410,2994,1030,2034,98,414,878,124,432,1120,0,20,0,0,-2,-44,224,9410
20240531,10:30,9276,2996,946,1864,104,392,874,124,440,1472,1,18,0,0,-18,160,224,9276
20240531,11:00,9406,2992,872,1810,100,402,788,124,428,1808,1,16,0,0,2,160,224,9406
20240531,11:30,9404,2994,1022,1664,102,362,688,124,442,2058,1,10,0,0,8,296,226,9404
20240531,12:00,9294,2990,1080,1402,100,326,658,124,432,2638,1,4,0,0,14,700,226,9294
20240531,12:30,8952,2992,1186,1394,100,276,620,124,442,2938,1,8,0,0,10,1364,226,8952
20240531,13:00,8826,2990,1250,1388,100,294,608,124,432,2960,1,8,0,0,-10,1544,226,8826
20240531,13:30,9028,2992,1466,1562,102,278,612,124,440,2942,1,10,0,0,14,1740,226,9028
20240531,14:00,9154,2988,1096,1570,104,306,608,124,432,3286,1,12,0,0,-6,1592,226,9154
20240531,14:30,9226,2990,1168,1744,106,294,632,124,442,3324,1,18,0,0,2,1844,226,9226
20240531,15:00,9234,2990,1296,2092,106,312,632,124,424,3098,1,12,0,0,2,2080,226,9234
20240531,15:30,9202,2990,1166,2388,106,296,640,124,446,2884,1,18,0,0,6,2088,226,9202
20240531,16:00,9252,2990,1066,2250,108,326,666,124,418,2668,1,24,0,0,-16,1600,228,9252
20240531,16:30,9228,2988,1016,2168,108,324,960,124,450,2382,0,18,0,0,-26,1512,228,9228
20240531,17:00,9274,2990,1160,2328,108,396,1026,124,424,1962,0,10,0,0,-2,1480,228,9274
20240531,17:30,9152,2982,1106,2448,110,416,1090,124,448,1456,0,14,0,0,-8,1264,230,9152
20240531,18:00,9134,2984,1284,2386,106,444,1124,124,424,1086,0,6,0,154,0,1216,228,9134
20240531,18:30,9250,2984,1124,2346,114,424,1016,124,446,752,0,10,0,666,-2,984,230,9250
20240531,19:00,9184,2980,1284,2436,110,414,980,124,424,308,0,12,0,766,28,916,234,9184
20240531,19:30,9190,2986,1242,2528,112,332,984,126,446,30,0,20,0,788,44,684,236,9190
20240531,20:00,9054,2984,1194,2456,110,334,942,124,428,0,0,26,0,634,6,416,232,9054
20240531,20:30,8942,2990,1180,2348,110,318,934,126,444,0,0,30,0,626,0,396,232,8942
20240531,21:00,8778,2992,1156,2286,104,336,934,124,434,0,0,28,0,444,0,292,232,8778
20240531,21:30,8558,2990,1190,2378,104,350,886,126,444,0,0,30,0,364,2,536,230,8558
20240531,22:00,8314,2990,1238,2296,96,358,762,124,434,0,0,26,0,338,2,580,230,8314
20240531,22:30,8264,2992,1238,2364,96,320,704,126,442,0,0,32,0,350,-2,628,230,8264
20240531,23:00,8104,2994,1246,2262,88,296,638,124,436,0,0,34,0,324,10,578,230,8104
20240531,23:30,7978,2990,1256,2282,88,278,634,126,448,0,0,44,0,198,12,608,230,7978
20240531,24:00:00,7692,2996,1212,2154,80,292,626,124,436,0,0,48,0,98,2,606,230,7692
