"単位[MW平均]","","","供給力"
"DATE","TIME","エリア需要","原子力","火力（ＬＮＧ）","火力（石炭）","火力（石油）","火力（その他）","水力","地熱","バイオマス","太陽光発電実績","太陽光出力制御量","風力発電実績","風力出力制御量","揚水","蓄電池","連系線","その他","合計"
"20260701","0:30","8598","2972","452","3138","90","328","1052","154","834","0","0","34","0","200","4","920","266","8604"
"20260701","1:00","8180","2972","418","2530","88","330","1056","152","836","0","0","26","0","142","-8","620","264","8186"
"20260701","1:30","8020","2970","408","2250","88","330","1056","152","834","0","0","36","0","150","-6","500","264","8032"
"20260701","2:00","7926","2970","274","2160","84","326","1066","152","834","0","0","22","0","64","-10","280","264","7926"
"20260701","2:30","7962","2972","364","2332","86","328","1068","152","832","0","0","34","0","0","2","468","266","7968"
"20260701","3:00","8070","2966","508","2594","84","326","1082","154","838","0","0","36","0","152","-4","924","264","8076"
"20260701","3:30","8218","2968","496","2710","84","328","1156","152","836","0","0","48","0","154","-4","968","264","8224"
"20260701","4:00","8376","2964","490","2744","84","328","1178","154","834","0","0","54","0","148","-6","856","266","8382"
"20260701","4:30","8630","2968","450","2864","86","306","1184","152","832","0","0","68","0","146","8","700","272","8636"
"20260701","5:00","8786","2960","400","2988","86","280","1184","154","832","0","0","76","0","134","0","576","274","8792"
"20260701","5:30","8958","2972","418","3064","90","278","1182","152","834","0","0","88","0","150","-8","520","268","8968"
"20260701","6:00","8902","2970","426","2804","90","286","1186","152","838","10","0","94","0","142","4","364","266","8904"
"20260701","6:30","8868","2970","490","2360","92","296","1182","152","832","72","0","128","0","170","-4","128","266","8878"
"20260701","7:00","8898","2972","528","2350","96","298","1176","154","836","178","0","156","0","-218","-6","-116","264","8900"
"20260701","7:30","9112","2970","902","2244","100","294","1174","152","834","378","0","186","0","-550","-14","-184","264","9118"
"20260701","8:00","9218","2970","1200","2750","104","302","1192","152","834","588","0","190","0","-662","-14","648","266","9224"
"20260701","8:30","9736","2970","1560","3072","114","346","1196","152","826","864","0","222","0","22","-6","1852","260","9746"
"20260701","9:00","10426","2972","1548","3370","116","342","1198","152","816","1080","0","242","0","180","-14","1832","258","10428"
"20260701","9:30","10908","2972","1464","3974","122","338","1130","152","820","1274","0","280","0","30","-16","1888","264","10916"
"20260701","10:00","11062","2970","1488","4138","120","334","1116","150","824","1416","0","336","0","0","-2","2088","264","11066"
"20260701","10:30","11126","2970","1420","4094","124","336","1086","152","822","1666","0","366","0","0","10","2168","260","11138"
"20260701","11:00","11308","2968","1484","4110","122","338","1064","152","816","1708","0","348","0","0","20","2080","260","11310"
"20260701","11:30","11366","2970","1536","4236","128","338","1058","152","822","1696","0","340","0","0","20","2176","258","11378"
"20260701","12:00","11356","2964","1402","4208","124","328","1056","150","824","1798","0","334","0","0","-2","2088","258","11356"
"20260701","12:30","10984","2962","1382","4142","126","314","1052","152","824","2022","0","354","0","0","-6","2592","258","10990"
"20260701","13:00","10880","2964","1334","4100","122","338","1056","154","818","2158","0","358","0","0","8","2784","260","10886"
"20260701","13:30","11140","2962","1294","4090","126","338","1058","154","818","2408","0","366","0","0","4","2728","258","11148"
"20260701","14:00","11226","2960","1416","4136","124","334","1058","152","822","2272","0","346","0","86","0","2736","260","11230"
"20260701","14:30","11258","2960","1428","4140","126","336","1070","154","820","2160","0","362","0","134","6","2688","258","11266"
"20260701","15:00","11268","2964","1696","4270","118","338","1068","150","818","1770","0","310","0","186","-2","2672","258","11272"
"20260701","15:30","11204","2964","1810","4280","128","336","1062","154","820","1360","0","318","0","396","4","2680","262","11214"
"20260701","16:00","11238","2962","1890","4288","126","336","1056","150","816","1186","0","340","0","452","-8","2616","260","11238"
"20260701","16:30","11298","2966","1888","4294","132","340","1048","152","824","1052","0","314","0","210","-10","2168","266","11308"
"20260701","17:00","11154","2968","1806","4270","138","350","1046","152","824","848","0","366","0","126","-18","1988","268","11156"
"20260701","17:30","11062","2964","1752","4206","138","346","1144","152","828","698","0","380","0","126","-20","1912","272","11074"
"20260701","18:00","10912","2956","1776","4220","138","346","1168","152","826","412","0","384","0","128","-16","1872","294","10912"
"20260701","18:30","10884","2954","1598","4234","142","340","1170","152","828","264","0","400","0","126","6","1620","300","10894"
"20260701","19:00","10846","2958","1686","4236","142","338","1170","152","828","114","0","388","0","130","20","1612","298","10848"
"20260701","19:30","10806","2954","1766","4278","142","334","1174","152","826","36","0","386","0","132","20","1684","302","10818"
"20260701","20:00","10682","2960","1458","4126","138","338","1172","152","826","2","0","404","0","126","20","1340","300","10682"
"20260701","20:30","10430","2968","1356","4040","136","334","1174","154","828","2","0","388","0","86","14","1332","294","10442"
"20260701","21:00","10266","2966","1444","4208","128","336","1178","150","830","0","0","346","0","-2","6","1612","288","10266"
"20260701","21:30","10030","2972","1318","4290","124","332","1200","152","828","0","0","288","0","0","4","1744","274","10038"
"20260701","22:00","9778","2972","1226","4252","118","334","1208","152","824","0","0","268","0","0","0","1840","268","9782"
"20260701","22:30","9672","2972","1302","4108","114","330","1208","152","828","0","0","258","0","0","2","1860","268","9682"
"20260701","23:00","9408","2968","916","4110","108","336","1166","152","832","0","0","230","0","8","10","1692","266","9410"
"20260701","23:30","9398","2972","572","3898","104","334","1082","152","828","0","0","224","0","194","-4","1212","266","9410"
"20260701","24:00","9060","2968","436","3392","94","330","1060","150","828","0","0","202","0","178","-20","824","266","9060"
"20260702","0:30","8722","2966","400","3286","96","312","1036","154","826","0","0","224","0","178","-24","984","262","8732"
"20260702","1:00","8476","2970","424","3220","90","326","1032","150","826","0","0","218","0","180","-22","1196","260","8478"
"20260702","1:30","8240","2962","384","2916","88","328","1024","152","826","0","0","194","0","180","-20","1048","260","8246"
"20260702","2:00","8144","2966","336","2682","86","328","1018","152","828","0","0","172","0","180","-20","840","262","8150"
"20260702","2:30","8148","2966","402","2534","88","314","1014","152","826","2","0","156","0","180","-12","724","262","8160"
"20260702","3:00","8242","2962","440","2688","84","306","1030","148","830","0","0","154","0","180","8","852","264","8242"
"20260702","3:30","8358","2966","474","2734","88","306","1086","152","828","0","0","172","0","196","12","908","262","8368"
"20260702","4:00","8530","2968","566","3130","84","298","1096","150","828","0","0","188","0","146","14","1200","264","8532"
"20260702","4:30","8706","2964","490","3120","86","300","1102","152","828","0","0","182","0","146","20","936","262","8716"
"20260702","5:00","8928","2968","598","3312","90","308","1102","150","828","0","0","204","0","128","12","1032","262","8930"
"20260702","5:30","9070","2966","522","3346","92","318","1100","152","828","0","0","194","0","134","-4","828","262","9082"
"20260702","6:00","9004","2966","462","3282","94","318","1072","150","832","34","0","178","0","140","-12","776","264","9004"
"20260702","6:30","8924","2968","462","2684","94","318","1062","152","830","150","0","218","0","144","-14","396","262","8934"
"20260702","7:00","8870","2966","444","2330","98","302","1054","152","832","328","0","182","0","126","-18","184","260","8872"
"20260702","7:30","8920","2968","550","2306","102","296","1050","152","826","590","0","138","0","164","-8","464","260","8930"
"20260702","8:00","9072","2970","572","2624","102","298","1042","152","826","966","0","124","0","132","-20","976","262","9074"
"20260702","8:30","9562","2970","622","3428","112","308","1002","152","822","1562","0","102","0","218","-18","1968","260","9572"
"20260702","9:00","9938","2970","592","3252","120","306","990","150","818","2316","0","72","0","298","0","2200","258","9942"
"20260702","9:30","10452","2974","604","3080","124","306","944","142","816","3140","0","64","0","228","0","2220","260","10462"
"20260702","10:00","10622","2972","694","2964","122","314","932","142","816","3588","0","74","0","186","14","2456","262","10624"
"20260702","10:30","10848","2972","850","2764","126","318","924","142","816","3926","0","72","0","216","14","2544","258","10854"
"20260702","11:00","11012","2972","786","2594","126","316","934","144","806","4428","0","64","0","146","-6","2548","256","11018"
"20260702","11:30","11216","2972","716","2278","128","300","928","142","804","5104","0","58","0","-102","-14","2348","254","11220"
"20260702","12:00","11352","2970","844","2118","128","288","906","142","800","5466","0","58","0","-500","12","2128","256","11360"
"20260702","12:30","10890","2966","694","1980","128","284","894","142","804","5286","0","56","0","-688","-2","1904","254","10894"
"20260702","13:00","11012","2966","726","1944","126","284","900","142","810","5472","0","58","0","-820","6","1848","254","11020"
"20260702","13:30","11184","2966","812","2246","124","286","908","140","812","5072","0","64","0","-298","0","2192","254","11194"
"20260702","14:00","11214","2970","770","2438","120","286","916","142","816","4726","0","58","0","80","4","2364","254","11216"
"20260702","14:30","11096","2962","726","2566","124","284","916","142","820","4494","0","66","0","124","-8","2364","254","11106"
"20260702","15:00","10976","2964","724","2674","126","288","914","142","824","4094","0","80","0","128","-14","2220","254","10978"
"20260702","15:30","10984","2968","850","3100","130","284","936","144","824","3596","0","88","0","128","10","2320","258","10996"
"20260702","16:00","10982","2960","970","3194","130","302","938","142","816","3240","0","84","0","134","16","2200","256","10982"
"20260702","16:30","11136","2966","1284","3770","134","334","1034","142","826","2688","0","86","0","206","6","2592","258","11142"
"20260702","17:00","11022","2964","1354","3956","136","342","1070","144","822","1926","0","86","0","228","4","2264","260","11028"
"20260702","17:30","10900","2966","1308","4240","136","340","1054","142","826","1430","0","80","0","194","-10","2064","266","10908"
"20260702","18:00","10830","2970","1258","4308","136","338","1060","144","822","1068","0","68","0","194","-10","1808","286","10834"
"20260702","18:30","10738","2956","1214","4292","140","340","1072","142","828","658","0","60","0","226","0","1476","296","10748"
"20260702","19:00","10672","2960","1302","4296","136","338","1078","144","834","274","0","48","0","280","16","1328","298","10676"
"20260702","19:30","10572","2962","1300","4304","138","338","1080","142","830","72","0","58","0","286","14","1244","298","10578"
"20260702","20:00","10506","2958","1346","4300","136","340","1094","144","828","-4","0","48","0","464","8","1444","294","10512"
"20260702","20:30","10240","2960","1296","4318","132","338","1094","144","826","0","0","44","0","330","-2","1516","284","10248"
"20260702","21:00","10016","2958","1246","4316","130","338","1094","142","824","0","0","46","0","254","-20","1588","280","10020"
"20260702","21:30","9764","2972","1108","4284","126","340","1092","142","826","0","0","44","0","278","-14","1696","270","9772"
"20260702","22:00","9500","2968","958","4314","114","340","1008","146","828","0","0","38","0","300","12","1792","270","9504"
"20260702","22:30","9382","2970","806","4320","114","340","992","144","826","0","0","42","0","350","14","1800","272","9390"
"20260702","23:00","9102","2968","732","4250","102","338","980","144","832","0","0","40","0","284","4","1832","264","9106"
"20260702","23:30","9022","2974","644","3696","102","334","970","142","828","0","0","40","0","176","-4","1132","262","9032"
"20260702","24:00","8730","2970","448","2988","94","332","966","146","828","0","0","30","0","142","-12","464","264","8732"
"20260703","0:30","8442","2970","464","2662","94","328","944","144","830","0","0","32","0","122","-16","384","260","8450"
"20260703","1:00","8116","2972","336","2574","90","326","948","144","830","0","0","32","0","20","-24","388","260","8120"
"20260703","1:30","7966","2968","364","2514","88","324","936","144","828","0","0","30","0","0","-14","468","260","7974"
"20260703","2:00","7832","2970","380","2324","88","314","940","144","826","0","0","32","0","0","-14","428","260","7836"
"20260703","2:30","7854","2970","482","2278","88","292","936","144","828","0","0","38","0","0","6","460","260","7862"
"20260703","3:00","7934","2970","500","2382","84","298","960","144","828","0","0","38","0","116","6","648","260","7938"
"20260703","3:30","8088","2970","496","2442","86","302","962","144","832","0","0","42","0","134","4","576","260","8098"
"20260703","4:00","8264","2962","428","2666","84","296","1048","144","832","0","0","34","0","130","6","624","260","8266"
"20260703","4:30","8458","2970","518","2526","86","298","1084","144","830","0","0","34","0","150","4","436","258","8466"
"20260703","5:00","8696","2962","574","2596","86","294","1102","144","828","4","0","36","0","142","0","328","260","8700"
"20260703","5:30","8872","2972","542","2688","90","296","1098","144","832","8","0","36","0","146","2","236","260","8878"
"20260703","6:00","8704","2964","502","2436","92","298","1102","144","834","112","0","38","0","130","2","204","260","8710"
"20260703","6:30","8594","2970","586","2264","96","296","1100","146","832","336","0","36","0","150","2","468","258","8604"
"20260703","7:00","8442","2970","420","1994","98","298","1102","142","830","618","0","32","0","134","-14","440","260","8444"
"20260703","7:30","8512","2970","586","1802","100","298","1070","144","828","1114","0","32","0","-254","-18","412","258","8518"
"20260703","8:00","8634","2972","562","1618","104","302","986","144","828","1820","0","28","0","-836","-8","140","260","8640"
"20260703","8:30","9084","2970","510","1498","112","330","964","144","826","2576","0","8","0","-618","-12","476","258","9090"
"20260703","9:00","9562","2970","520","1438","118","326","958","144","824","3326","0","4","0","-586","-10","720","256","9568"
"20260703","9:30","10044","2972","530","1480","122","332","954","146","826","3978","0","0","0","-516","8","1036","260","10056"
"20260703","10:00","10356","2972","424","1428","118","324","952","142","826","4420","0","0","0","-286","6","1224","254","10356"
"20260703","10:30","10594","2974","408","1352","120","322","948","144","824","4866","0","2","0","-304","-4","1304","254","10602"
"20260703","11:00","10604","2966","488","1268","120","326","962","142","792","5146","0","0","0","-630","-6","1220","254","10608"
"20260703","11:30","11000","2974","452","1258","124","326","960","142","776","5388","0","0","0","-808","-8","828","256","11012"
"20260703","12:00","10930","2972","454","1254","116","306","956","142","774","5256","0","2","0","-1062","-4","492","256","10930"
"20260703","12:30","10668","2968","520","1326","124","280","948","142","768","5318","0","4","0","-1082","0","896","256","10676"
"20260703","13:00","10628","2968","450","1356","122","276","932","142","766","5408","0","4","0","-1204","2","844","256","10634"
"20260703","13:30","10798","2966","456","1548","128","278","944","142","768","5072","0","6","0","-894","14","872","250","10806"
"20260703","14:00","10880","2968","508","1784","128","312","950","142","770","4728","0","4","0","-530","12","1140","248","10884"
"20260703","14:30","10894","2964","646","1794","134","328","976","142","790","4328","0","4","0","-284","-4","1164","248","10902"
"20260703","15:00","10914","2962","740","1872","128","330","972","142","810","3644","0","2","0","-262","-2","668","248","10918"
"20260703","15:30","10850","2962","786","2230","134","308","986","142","828","3062","0","4","0","-240","12","604","248","10858"
"20260703","16:00","10808","2956","806","2372","136","302","998","142","824","2654","0","2","0","106","6","740","248","10812"
"20260703","16:30","11016","2962","1004","2906","136","308","1096","142","830","2074","0","2","0","190","14","892","250","11022"
"20260703","17:00","10874","2960","1262","3394","136","314","1128","142","834","1466","0","4","0","214","4","1240","262","10880"
"20260703","17:30","10802","2954","1494","3684","142","338","1174","142","830","988","0","8","0","232","-2","1432","258","10810"
"20260703","18:00","10684","2952","1424","3832","138","344","1180","144","836","638","0","8","0","424","4","1516","282","10690"
"20260703","18:30","10638","2952","1356","3774","144","364","1198","142","832","344","0","10","0","208","-6","964","296","10650"
"20260703","19:00","10554","2954","1424","3832","144","370","1208","146","832","120","0","8","0","140","-12","912","300","10554"
"20260703","19:30","10520","2956","1428","3778","140","372","1210","144","826","62","0","14","0","130","-18","828","314","10528"
"20260703","20:00","10384","2956","1450","3830","140","344","1212","142","824","30","0","12","0","234","0","1088","302","10388"
"20260703","20:30","10108","2968","1364","3602","136","340","1210","142","826","16","0","16","0","156","0","956","296","10116"
"20260703","21:00","9962","2972","1436","3652","130","340","1132","144","826","2","0","10","0","128","-2","1092","288","9966"
"20260703","21:30","9678","2970","1458","3730","126","342","1088","142","828","0","0","14","0","136","2","1424","274","9686"
"20260703","22:00","9462","2964","1422","3702","114","340","1052","146","824","2","0","22","0","136","0","1524","266","9466"
"20260703","22:30","9340","2972","1430","3726","112","340","1044","144","824","0","0","44","0","122","0","1676","266","9348"
"20260703","23:00","9148","2966","1346","3732","108","336","1038","142","832","2","0","40","0","134","0","1788","264","9152"
"20260703","23:30","9088","2970","900","3458","104","338","1022","144","832","2","0","34","0","218","10","1196","262","9098"
"20260703","24:00","8786","2972","538","3390","94","330","1004","142","830","0","0","42","0","50","-8","860","264","8788"
"20260704","0:30","8446","2970","476","2952","94","322","1048","144","830","0","0","44","0","0","4","688","260","8456"
"20260704","1:00","8208","2970","488","2710","90","318","1048","142","828","2","0","48","0","-232","-10","452","260","8210"
"20260704","1:30","7896","2972","476","2478","88","308","1066","144","828","0","0","50","0","-296","-10","464","260","7900"
"20260704","2:00","7836","2972","492","2400","88","298","1092","144","832","2","0","62","0","-310","0","488","260","7844"
"20260704","2:30","7830","2968","478","2402","86","300","1116","146","828","0","0","66","0","-282","0","528","262","7842"
"20260704","3:00","7916","2966","518","2464","84","302","1126","142","832","2","0","70","0","-278","2","576","262","7916"
"20260704","3:30","8026","2968","484","2642","86","310","1188","144","830","0","0","100","0","-310","4","676","262","8032"
"20260704","4:00","8202","2964","502","2700","84","294","1192","144","832","0","0","114","0","-308","2","576","264","8208"
"20260704","4:30","8376","2968","550","2842","86","288","1202","144","830","0","0","126","0","-292","0","624","262","8382"
"20260704","5:00","8514","2962","550","3012","88","294","1196","142","832","0","0","154","0","-296","-10","668","264","8520"
"20260704","5:30","8630","2968","584","3146","90","300","1202","142","830","16","0","188","0","-306","-14","776","264","8634"
"20260704","6:00","8492","2966","520","2842","90","310","1198","144","834","30","0","228","0","-280","-8","636","262","8500"
"20260704","6:30","8330","2968","580","2488","92","298","1144","142","832","104","0","236","0","-298","-4","504","262","8340"
"20260704","7:00","8226","2966","522","2274","92","302","1126","142","832","200","0","228","0","-328","10","400","262","8228"
"20260704","7:30","8330","2968","564","2394","98","298","1082","142","826","378","0","276","0","-522","8","432","262","8342"
"20260704","8:00","8414","2970","576","2220","100","308","1064","140","830","544","0","314","0","-538","-2","376","264","8414"
"20260704","8:30","8838","2970","618","2448","104","324","1040","142","828","672","0","350","0","-296","2","616","260","8846"
"20260704","9:00","9108","2968","568","2226","106","310","1022","138","832","882","0","358","0","62","0","620","260","9112"
"20260704","9:30","9462","2970","552","2398","112","292","1004","140","826","1176","0","360","0","126","-14","732","262","9472"
"20260704","10:00","9558","2956","608","2452","110","292","956","140","820","1354","0","370","0","298","6","1060","260","9562"
"20260704","10:30","9716","2966","596","2152","114","288","932","142","800","1926","0","306","0","172","8","940","260","9722"
"20260704","11:00","9646","2966","554","2144","112","288","910","136","778","2310","0","266","0","-104","-4","964","260","9652"
"20260704","11:30","9770","2966","634","2184","116","278","902","140","774","2636","0","226","0","-168","2","1176","262","9776"
"20260704","12:00","9858","2964","580","1964","114","226","906","140","764","2902","0","204","0","132","-2","1292","262","9864"
"20260704","12:30","9818","2966","524","1760","116","190","906","140","766","3116","0","228","0","130","-4","1272","260","9826"
"20260704","13:00","9892","2966","588","1854","114","192","910","140","768","3046","0","334","0","134","14","1424","260","9896"
"20260704","13:30","9886","2962","554","1834","118","192","910","140","764","2880","0","388","0","142","4","1252","260","9896"
"20260704","14:00","9852","2962","670","2060","112","192","924","142","766","2632","0","402","0","150","2","1420","260","9854"
"20260704","14:30","9910","2964","662","2222","116","192","942","140","766","2652","0","416","0","142","10","1564","260","9920"
"20260704","15:00","9940","2956","582","2306","118","234","932","142","772","2520","0","402","0","126","6","1416","262","9942"
"20260704","15:30","9892","2960","682","2386","122","292","1010","144","790","2382","0","402","0","130","-16","1644","260","9900"
"20260704","16:00","9872","2950","574","2292","122","286","1038","138","818","2410","0","392","0","140","-12","1532","260","9876"
"20260704","16:30","10104","2956","516","2602","128","292","1090","140","826","1958","0","376","0","162","0","1192","260","10114"
"20260704","17:00","10108","2952","510","2858","128","306","1144","140","826","1344","0","388","0","172","-18","900","260","10110"
"20260704","17:30","10160","2946","518","3038","134","310","1150","140","828","972","0","368","0","146","-20","628","260","10162"
"20260704","18:00","10184","2954","500","3232","132","336","1158","140","822","650","0","362","0","130","-18","492","288","10194"
"20260704","18:30","10308","2948","512","3212","138","338","1160","140","824","414","0","344","0","140","-6","144","298","10318"
"20260704","19:00","10294","2952","512","3354","136","338","1160","138","828","172","0","330","0","130","-4","52","302","10296"
"20260704","19:30","10280","2954","544","3578","136","336","1160","140","828","66","0","310","0","142","14","224","302","10286"
"20260704","20:00","10174","2954","490","3434","134","338","1164","140","830","28","0","272","0","126","16","48","304","10182"
"20260704","20:30","9992","2962","598","3728","132","334","1160","140","826","28","0","258","0","138","16","616","300","10004"
"20260704","21:00","9824","2960","484","3532","126","340","1140","140","826","4","0","214","0","136","4","384","302","9824"
"20260704","21:30","9596","2968","480","3280","122","334","1136","142","826","2","0","240","0","134","-2","332","278","9608"
"20260704","22:00","9342","2968","500","3106","116","310","1076","138","828","0","0","226","0","122","4","320","268","9342"
"20260704","22:30","9242","2968","558","3052","112","296","1048","142","828","2","0","192","0","134","12","360","268","9252"
"20260704","23:00","9042","2962","496","2736","104","296","1038","138","826","0","0","160","0","108","2","88","266","9044"
"20260704","23:30","9010","2968","502","2802","104","294","1032","140","830","2","0","164","0","0","14","100","266","9018"
"20260704","24:00","8644","2968","452","2474","94","298","998","140","828","0","0","162","0","102","-6","128","266","8648"
"20260705","0:30","8388","2968","426","2064","96","306","952","142","830","2","0","130","0","170","-12","-72","256","8402"
"20260705","1:00","8102","2968","384","1828","90","320","976","140","812","0","0","124","0","94","-6","-116","254","8100"
"20260705","1:30","7894","2968","494","1640","88","318","992","142","806","2","0","122","0","-108","-22","-208","252","7902"
"20260705","2:00","7746","2968","472","1588","84","312","1002","140","808","2","0","138","0","-282","-16","-280","254","7750"
"20260705","2:30","7746","2966","474","1678","86","308","1098","142","806","2","0","132","0","-286","-20","-120","252","7758"
"20260705","3:00","7796","2962","492","1612","82","310","1104","140","824","2","0","114","0","-136","-4","-40","254","7796"
"20260705","3:30","7984","2970","456","1570","86","320","1106","142","832","2","0","118","0","62","-10","-88","254","7996"
"20260705","4:00","8144","2962","502","1772","84","320","1106","138","828","0","0","104","0","126","18","68","252","8144"
"20260705","4:30","8288","2962","554","1838","84","316","1114","142","828","2","0","94","0","126","14","28","252","8298"
"20260705","5:00","8416","2962","536","1824","84","328","1116","140","826","0","0","86","0","268","18","24","254","8418"
"20260705","5:30","8558","2964","562","1798","88","328","1114","142","830","2","0","130","0","324","-16","-52","252","8570"
"20260705","6:00","8342","2962","432","1714","88","326","1114","142","832","24","0","156","0","262","-20","-56","254","8342"
"20260705","6:30","8174","2966","452","1600","90","330","992","142","830","130","0","162","0","200","-12","-52","252","8186"
"20260705","7:00","8022","2966","382","1418","88","314","964","140","830","262","0","158","0","-226","-22","-496","252","8022"
"20260705","7:30","8066","2970","428","1488","92","308","956","142","828","470","0","174","0","-288","-10","-264","252","8074"
"20260705","8:00","8264","2964","504","1482","92","310","854","116","828","596","0","156","0","-274","-10","-396","254","8268"
"20260705","8:30","8458","2964","564","1634","96","328","828","74","800","636","0","162","0","-256","-14","-400","252","8468"
"20260705","9:00","8768","2962","586","2010","96","300","786","64","776","634","0","174","0","-40","4","-168","250","8770"
"20260705","9:30","8964","2964","506","1980","100","280","780","68","776","674","0","174","0","158","-18","-280","250","8972"
"20260705","10:00","9096","2964","516","1976","98","238","764","70","768","856","0","192","0","40","14","-352","250","9098"
"20260705","10:30","9144","2966","490","2098","102","190","714","74","770","1176","0","222","0","-100","16","-184","250","9152"
"20260705","11:00","8942","2968","534","2216","98","186","696","70","768","1620","0","204","0","-316","-4","344","250","8946"
"20260705","11:30","9080","2962","524","2324","102","172","694","74","770","1954","0","190","0","-290","16","656","250","9086"
"20260705","12:00","8980","2966","500","2498","98","168","690","70","770","2194","0","206","0","-288","-2","1136","250","8984"
"20260705","12:30","9150","2966","416","2544","104","168","688","74","772","2694","0","214","0","-312","-2","1420","250","9156"
"20260705","13:00","9066","2968","408","2214","110","170","694","72","772","3416","0","190","0","-646","-6","1540","250","9072"
"20260705","13:30","9110","2966","374","2046","110","168","748","74","770","3936","0","178","0","-598","2","1904","250","9120"
"20260705","14:00","9082","2966","564","1890","112","170","782","72","770","4204","0","184","0","-604","4","2280","250","9084"
"20260705","14:30","9364","2966","602","1958","114","168","796","74","768","4268","0","148","0","-586","6","2160","250","9372"
"20260705","15:00","9414","2962","600","2166","114","168","806","68","774","3786","0","152","0","-452","16","1992","250","9418"
"20260705","15:30","9536","2964","606","1952","116","168","804","70","766","3454","0","140","0","-276","6","1480","250","9540"
"20260705","16:00","9690","2956","570","2062","118","178","854","70","768","2888","0","112","0","-272","0","856","250","9698"
"20260705","16:30","9670","2964","654","1982","122","236","860","70","770","2296","0","84","0","-836","0","-224","248","9674"
"20260705","17:00","9510","2958","766","2044","126","280","902","70","770","1598","0","94","0","-772","-12","-444","252","9520"
"20260705","17:30","9828","2954","766","2276","132","284","1050","72","770","1198","0","128","0","-248","-6","-212","252","9840"
"20260705","18:00","10058","2944","790","2822","134","292","1076","70","780","732","0","162","0","160","-12","168","276","10058"
"20260705","18:30","10124","2950","796","3358","140","292","1076","72","794","314","0","168","0","294","-8","400","288","10134"
"20260705","19:00","10106","2954","810","3472","138","302","1070","70","822","116","0","170","0","316","12","436","292","10108"
"20260705","19:30","10092","2958","834","3482","138","300","1076","72","830","38","0","186","0","430","18","552","292","10102"
"20260705","20:00","10014","2958","788","3498","132","302","1074","70","830","24","0","172","0","340","0","464","294","10018"
"20260705","20:30","9806","2974","760","3532","134","300","1070","72","830","14","0","192","0","534","0","888","292","9816"
"20260705","21:00","9728","2966","776","3528","128","308","1072","70","828","0","0","218","0","214","6","672","288","9730"
"20260705","21:30","9454","2974","758","3354","122","312","940","72","830","2","0","164","0","142","-2","472","268","9464"
"20260705","22:00","9232","2964","770","2878","118","328","876","78","832","0","0","140","0","136","14","156","256","9234"
"20260705","22:30","9118","2972","774","2888","114","328","842","98","828","2","0","122","0","138","0","232","254","9128"
"20260705","23:00","8884","2972","740","2582","102","328","830","108","832","0","0","112","0","126","6","108","256","8886"
"20260705","23:30","8774","2968","728","2536","104","330","822","112","830","2","0","112","0","126","2","144","254","8782"
"20260705","24:00","8508","2970","498","2434","96","324","818","110","834","2","0","118","0","18","-10","-44","256","8512"
"20260706","0:30","8248","2968","620","2440","96","328","822","112","832","2","0","112","0","-176","-18","132","254","8260"
"20260706","1:00","7998","2970","660","2394","90","324","820","108","830","2","0","118","0","-282","-12","276","252","7998"
"20260706","1:30","7800","2966","680","2232","88","288","842","108","832","2","0","114","0","-290","-16","292","254","7808"
"20260706","2:00","7674","2970","654","2118","86","288","866","110","830","2","0","126","0","-280","-14","332","254","7678"
"20260706","2:30","7694","2968","668","2238","86","310","872","110","830","2","0","144","0","-282","-18","480","254","7702"
"20260706","3:00","7802","2966","644","2352","86","314","874","108","832","2","0","156","0","-292","-2","488","254","7806"
"20260706","3:30","8016","2970","732","2594","88","302","882","112","828","2","0","178","0","-284","0","632","254","8026"
"20260706","4:00","8152","2962","698","2602","84","302","1020","106","830","0","0","172","0","-266","6","616","254","8154"
"20260706","4:30","8394","2966","700","2870","88","294","1048","112","828","2","0","182","0","-252","0","684","252","8406"
"20260706","5:00","8602","2962","698","2866","88","294","1042","108","828","0","0","182","0","-158","14","576","254","8602"
"20260706","5:30","8806","2960","674","2868","94","292","1048","112","828","2","0","202","0","116","10","640","252","8818"
"20260706","6:00","8840","2960","646","2684","94","288","1048","108","828","40","0","208","0","124","14","456","254","8840"
"20260706","6:30","8746","2964","684","2364","96","296","1050","110","826","240","0","202","0","130","-6","452","254","8758"
"20260706","7:00","8828","2962","740","2390","100","292","906","110","832","548","0","214","0","126","-20","628","254","8826"
"20260706","7:30","9070","2966","858","2514","104","294","876","110","824","892","0","196","0","130","-20","916","254","9082"
"20260706","8:00","9590","2962","844","2960","104","296","878","110","830","1344","0","200","0","126","-18","1304","258","9590"
"20260706","8:30","10118","2968","916","3220","118","330","854","110","826","1798","0","194","0","170","-10","1620","252","10126"
"20260706","9:00","10998","2964","972","3480","124","336","852","112","804","2250","0","180","0","156","-4","1472","250","11004"
"20260706","9:30","11448","2966","982","3670","128","338","846","112","802","2332","0","166","0","130","-4","1264","252","11456"
"20260706","10:00","11620","2904","1018","3798","128","332","846","110","796","2102","0","162","0","540","16","1380","252","11624"
"20260706","10:30","11666","2876","1024","3832","128","334","852","110","798","2228","0","146","0","778","8","1688","248","11674"
"20260706","11:00","11628","2878","894","3842","124","332","856","110","808","2594","0","112","0","288","-6","1448","248","11632"
"20260706","11:30","11566","2884","756","3700","128","338","852","110","802","3044","0","148","0","132","2","1572","248","11572"
"20260706","12:00","11524","2898","922","3664","126","332","832","112","812","3402","0","134","0","138","0","2088","248","11532"
"20260706","12:30","11336","2906","760","3234","132","338","830","112","818","3644","0","166","0","-214","-10","1616","248","11348"
"20260706","13:00","11106","2920","770","3364","126","332","828","110","822","3388","0","200","0","-274","0","1728","248","11106"
"20260706","13:30","11638","2932","772","3646","130","332","832","112","822","3650","0","194","0","-82","0","1940","248","11648"
"20260706","14:00","11698","2946","858","3586","126","332","836","110","822","3616","0","258","0","114","0","2152","248","11700"
"20260706","14:30","11688","2954","928","3736","132","332","894","112","822","3596","0","310","0","128","2","2492","246","11700"
"20260706","15:00","11872","2960","966","3458","132","328","908","110","820","3338","0","280","0","136","-2","1812","248","11870"
"20260706","15:30","11752","2964","1058","3402","134","334","918","112","824","3046","0","274","0","128","2","1680","248","11764"
"20260706","16:00","11788","2958","1206","3442","138","334","948","108","822","3104","0","188","0","134","-8","1832","248","11790"
"20260706","16:30","11944","2948","1286","3718","144","318","980","112","824","2698","0","152","0","142","6","1624","248","11952"
"20260706","17:00","11868","2948","1300","3798","144","332","1012","108","826","2272","0","192","0","132","-12","1428","248","11872"
"20260706","17:30","11656","2946","1482","3644","146","338","1166","112","806","1784","0","176","0","146","-12","1320","254","11668"
"20260706","18:00","11664","2948","1506","3728","148","340","1186","110","806","1342","0","154","0","154","-6","1036","284","11664"
"20260706","18:30","11638","2952","1738","3850","150","340","1198","116","818","856","0","132","0","140","20","952","288","11646"
"20260706","19:00","11602","2950","1806","3840","154","338","1220","116","820","438","0","134","0","154","20","680","298","11608"
"20260706","19:30","11502","2960","1798","3850","148","338","1216","116","812","136","0","116","0","158","2","428","292","11514"
"20260706","20:00","11428","2966","1750","3846","148","336","1212","118","814","20","0","98","0","134","-6","296","288","11428"
"20260706","20:30","11112","2964","1658","3844","144","338","1212","116","800","22","0","106","0","40","2","408","282","11120"
"20260706","21:00","10856","2966","1560","3848","138","338","1074","118","802","12","0","118","0","0","-6","384","276","10860"
"20260706","21:30","10512","2966","1652","3850","134","338","1044","116","810","14","0","104","0","0","2","768","260","10522"
"20260706","22:00","10250","2964","1538","3844","120","336","1040","118","820","4","0","98","0","0","-8","876","254","10252"
"20260706","22:30","10092","2968","1436","3852","122","336","1042","118","826","10","0","78","0","0","-4","936","256","10104"
"20260706","23:00","9824","2964","1312","3828","110","332","1000","116","828","6","0","60","0","0","-6","980","254","9824"
"20260706","23:30","9686","2968","1192","3614","110","338","984","116","828","2","0","48","0","0","4","760","252","9696"
"20260706","24:00","9362","2968","982","3038","102","338","972","118","830","0","0","52","0","0","10","296","250","9364"
"20260707","0:30","9014","2968","1060","3392","98","300","942","118","826","2","0","50","0","0","0","988","254","9022"
"20260707","1:00","8692","2966","1060","3426","96","260","936","116","826","0","0","48","0","0","4","1300","258","8696"
"20260707","1:30","8426","2964","1012","3220","90","244","932","116","826","2","0","62","0","0","2","1292","256","8434"
"20260707","2:00","8346","2966","1014","3208","90","248","934","118","830","0","0","54","0","0","16","1384","256","8350"
"20260707","2:30","8340","2968","1032","3220","90","250","932","116","828","2","0","54","0","0","10","1404","256","8354"
"20260707","3:00","8384","2966","978","3232","86","256","970","118","828","0","0","58","0","0","-8","1356","254","8382"
"20260707","3:30","8468","2966","990","3220","88","260","1152","116","828","2","0","52","0","0","-18","1432","254","8478"
"20260707","4:00","8646","2962","1212","3320","88","266","1190","118","826","0","0","56","0","0","-14","1632","256","8648"
"20260707","4:30","8854","2966","1124","3452","88","264","1182","116","830","4","0","60","0","0","-4","1472","256","8866"
"20260707","5:00","9058","2962","1048","3472","88","262","1196","118","826","8","0","56","0","0","22","1256","256","9058"
"20260707","5:30","9196","2962","1068","3454","94","260","1186","116","830","8","0","50","0","0","10","1088","256","9206"
"20260707","6:00","9174","2960","994","3446","96","264","1184","118","830","106","0","38","0","0","-6","1112","256","9174"
"20260707","6:30","9192","2966","988","3098","98","262","1040","116","828","426","0","36","0","0","-16","896","256","9202"
"20260707","7:00","9162","2960","990","2912","100","260","982","116","826","898","0","34","0","0","10","1180","256","9164"
"20260707","7:30","9428","2962","1038","2556","106","258","960","116","826","1620","0","34","0","-40","-18","1240","256","9434"
"20260707","8:00","9796","2966","964","2554","106","258","956","114","826","2248","0","22","0","-306","-18","1144","256","9802"
"20260707","8:30","10482","2964","1072","2932","120","250","946","116","820","3076","0","20","0","-358","8","1728","254","10492"
"20260707","9:00","11180","2966","902","3158","124","216","942","114","818","3734","0","10","0","-260","16","1812","254","11182"
"20260707","9:30","11716","2970","798","3450","130","194","948","116","816","4356","0","12","0","-264","4","2056","252","11726"
"20260707","10:00","12192","2968","666","3258","132","190","946","114","816","4994","0","10","0","-282","-12","1856","250","12194"
"20260707","10:30","12196","2972","582","2882","132","196","946","116","818","5120","0","16","0","-292","-2","1528","248","12206"
"20260707","11:00","12468","2970","594","2932","130","194","950","114","816","5432","0","18","0","-300","-14","1612","248","12472"
"20260707","11:30","12826","2970","738","2716","134","184","952","116","816","5948","0","18","0","-286","-2","1724","250","12830"
"20260707","12:00","12972","2972","836","3072","134","186","954","114","816","6046","0","10","0","-278","6","2136","250","12982"
"20260707","12:30","12666","2966","708","2690","134","188","928","114","820","6066","0","10","0","-546","-16","1640","252","12674"
"20260707","13:00","12644","2970","740","2528","134","172","924","114","818","6404","0","8","0","-652","-18","1744","250","12648"
"20260707","13:30","13148","2970","708","2508","136","178","934","116","816","6714","0","12","0","-422","-2","1760","248","13156"
"20260707","14:00","13162","2964","736","2568","136","182","948","112","816","6356","0","10","0","-288","-2","1620","248","13166"
"20260707","14:30","12994","2964","902","2676","140","196","948","116","816","5914","0","18","0","-296","-2","1632","246","13006"
"20260707","15:00","13176","2964","1180","2708","138","266","990","112","820","5814","0","22","0","-292","-2","1792","248","13176"
"20260707","15:30","12982","2966","1408","3192","142","310","1026","114","818","5006","0","28","0","-272","-4","1992","248","12990"
"20260707","16:00","13422","2960","1822","3666","138","318","1046","114","818","4590","0","28","0","-252","-10","2060","248","13426"
"20260707","16:30","13400","2962","1894","3844","146","326","1048","114","824","3802","0","30","0","-56","-4","1768","248","13410"
"20260707","17:00","13344","2962","2128","3776","150","328","1052","114","824","2942","0","28","0","138","-16","1336","254","13344"
"20260707","17:30","13182","2946","2496","3844","148","328","1198","116","824","2232","0","28","0","0","4","1224","254","13194"
"20260707","18:00","13102","2950","2802","3844","152","334","1222","112","822","1400","0","34","0","36","20","912","286","13102"
"20260707","18:30","12980","2950","2758","3842","156","336","1226","114","824","838","0","34","0","144","8","532","292","12990"
"20260707","19:00","12826","2950","2852","3844","154","352","1228","114","824","406","0","36","0","162","12","400","294","12828"
"20260707","19:30","12650","2950","2854","3842","152","360","1226","116","820","118","0","54","0","270","8","404","296","12662"
"20260707","20:00","12440","2948","2852","3836","150","336","1226","112","820","46","0","70","0","350","2","600","294","12442"
"20260707","20:30","12132","2962","2822","3848","144","332","1224","116","816","34","0","82","0","200","-6","720","284","12138"
"20260707","21:00","11794","2960","2418","3848","142","334","1224","112","818","20","0","88","0","66","8","516","278","11800"
"20260707","21:30","11400","2966","2288","3848","136","334","1084","114","820","8","0","80","0","0","-2","536","264","11404"
"20260707","22:00","11038","2970","2114","3756","128","334","1058","116","820","4","0","90","0","0","-20","580","256","11046"
"20260707","22:30","10850","2964","1700","3830","124","336","1022","116","820","2","0","108","0","0","6","424","258","10862"
"20260707","23:00","10542","2966","1478","3780","116","334","1020","116","822","0","0","128","0","0","2","472","252","10542"
"20260707","23:30","10344","2966","1524","3808","112","336","1008","116","822","0","0","136","0","0","-12","716","252","10352"
"20260707","24:00","9994","2970","1282","3502","102","336","996","116","820","0","0","116","0","0","-2","492","252","9998"
"20260708","0:30","9542","2966","1184","3396","102","304","966","116","820","2","0","122","0","0","10","676","246","9558"
"20260708","1:00","9190","2964","844","3524","94","286","952","116","820","0","0","108","0","0","2","768","244","9186"
"20260708","1:30","8914","2968","576","3188","94","286","950","118","816","2","0","112","0","0","-4","424","244","8926"
"20260708","2:00","8758","2960","568","2976","88","282","948","116","822","0","0","94","0","0","-4","336","244","8758"
"20260708","2:30","8714","2968","564","2916","90","284","952","116","818","2","0","102","0","0","-14","316","242","8724"
"20260708","3:00","8720","2964","584","2736","88","288","972","118","818","0","0","102","0","0","6","196","242","8722"
"20260708","3:30","8826","2966","616","3122","90","284","1174","116","820","0","0","98","0","0","4","700","242","8832"
"20260708","4:00","8976","2964","590","3222","88","288","1208","118","822","2","0","96","0","0","2","660","242","8982"
"20260708","4:30","9078","2962","662","3410","92","284","1208","116","820","2","0","102","0","0","-4","808","242","9088"
"20260708","5:00","9314","2960","776","3566","90","286","1208","118","820","0","0","94","0","26","0","876","248","9316"
"20260708","5:30","9456","2958","730","3628","94","278","1212","116","820","10","0","90","0","126","-2","844","248","9464"
"20260708","6:00","9484","2962","596","3230","94","274","1204","118","826","98","0","88","0","164","-6","404","244","9488"
"20260708","6:30","9456","2964","560","3112","100","280","1208","116","822","396","0","104","0","132","-8","564","242","9464"
"20260708","7:00","9522","2960","530","2950","104","272","1066","118","820","816","0","114","0","126","-10","584","244","9526"
"20260708","7:30","9796","2962","640","2972","106","240","984","116","818","1414","0","98","0","146","-4","928","242","9806"
"20260708","8:00","10232","2960","578","2994","108","218","976","118","822","2124","0","94","0","182","8","1192","242","10232"
"20260708","8:30","10986","2964","690","3098","120","196","934","116","816","2936","0","96","0","176","12","1396","240","10998"
"20260708","9:00","11624","2964","758","3164","120","184","924","114","816","3722","0","88","0","228","6","1704","240","11624"
"20260708","9:30","12154","2970","538","3008","128","182","910","116","812","4538","0","104","0","152","0","1536","238","12160"
"20260708","10:00","12496","2970","644","3000","122","188","914","114","812","5158","0","122","0","106","-4","1880","236","12502"
"20260708","10:30","12872","2968","602","2504","126","204","912","116","812","6028","0","134","0","-164","-2","1596","234","12878"
"20260708","11:00","13150","2972","572","2744","126","224","916","114","806","6604","0","136","0","-584","4","1712","234","13156"
"20260708","11:30","13406","2970","464","2470","128","222","884","116","810","7210","0","154","0","-462","-10","1776","234","13414"
"20260708","12:00","13208","2970","644","2560","130","226","886","112","808","7086","0","156","0","-260","4","2344","234","13212"
"20260708","12:30","13174","2968","518","2456","132","226","868","116","812","7140","0","152","0","-402","-2","2036","234","13182"
"20260708","13:00","13178","2966","478","2436","132","226","860","112","810","7016","0","140","0","-590","-18","1624","236","13180"
"20260708","13:30","13534","2970","684","2588","134","220","866","116","806","6952","0","122","0","-576","18","1584","234","13550"
"20260708","14:00","13486","2962","600","2766","132","204","858","112","808","6608","0","104","0","-564","8","1348","232","13482"
"20260708","14:30","13464","2968","702","2938","134","186","862","116","810","6234","0","96","0","-286","10","1528","232","13474"
"20260708","15:00","13358","2960","854","2976","132","184","858","112","814","5816","0","88","0","-132","-4","1532","234","13360"
"20260708","15:30","13570","2958","1166","3226","136","188","972","116","816","5574","0","80","0","0","-8","1876","232","13580"
"20260708","16:00","13636","2958","1514","3418","138","194","996","112","816","4864","0","80","0","0","-4","1684","234","13636"
"20260708","16:30","13532","2944","1868","3644","142","230","1016","116","818","3966","0","86","0","92","-12","1604","234","13540"
"20260708","17:00","13534","2944","2300","3814","146","250","1168","112","820","3036","0","78","0","260","-8","1624","242","13538"
"20260708","17:30","13432","2942","2586","3842","148","288","1192","114","820","2248","0","84","0","148","-26","1200","248","13434"
"20260708","18:00","13354","2942","2860","3840","148","288","1216","114","820","1512","0","104","0","182","-18","916","272","13364"
"20260708","18:30","13220","2946","2678","3846","152","290","1222","116","820","840","0","130","0","170","-18","240","278","13230"
"20260708","19:00","13026","2938","2750","3840","148","296","1230","112","806","348","0","172","0","154","8","52","278","13028"
"20260708","19:30","12838","2952","2764","3844","148","296","1228","116","802","114","0","176","0","158","14","40","276","12848"
"20260708","20:00","12590","2950","2676","3846","148","298","1230","112","816","50","0","190","0","132","10","144","278","12592"
"20260708","20:30","12252","2956","2678","3848","142","294","1232","116","816","34","0","194","0","130","8","452","266","12262"
"20260708","21:00","11964","2948","2672","3844","142","298","1088","114","802","24","0","184","0","20","24","456","262","11966"
"20260708","21:30","11548","2954","2548","3848","134","302","1030","116","802","14","0","182","0","0","6","632","256","11560"
"20260708","22:00","11230","2954","2368","3850","126","304","1008","116","804","4","0","198","0","0","-6","740","244","11230"
"20260708","22:30","11000","2956","2142","3820","124","296","976","116","802","4","0","206","0","0","-8","664","242","11012"
"20260708","23:00","10620","2954","1942","3842","112","282","960","116","806","0","0","202","0","0","-8","832","244","10620"
"20260708","23:30","10378","2956","2060","3842","110","254","952","116","808","2","0","188","0","0","-2","1144","244","10386"
"20260708","24:00","9962","2958","1636","3768","102","250","942","118","806","0","0","176","0","0","-2","1028","240","9966"
"20260709","0:30","9606","2956","1188","3492","102","254","934","116","806","2","0","168","0","0","-16","632","244","9614"
"20260709","1:00","9288","2956","1132","3648","96","258","934","118","802","0","0","154","0","0","-18","1032","244","9292"
"20260709","1:30","8960","2958","1034","3574","96","252","934","116","802","2","0","152","0","0","-20","1176","244","8968"
"20260709","2:00","8756","2956","1072","3558","90","250","940","116","804","0","0","136","0","0","-18","1388","244","8760"
"20260709","2:30","8740","2960","948","3494","92","252","952","116","806","2","0","138","0","0","-10","1240","244","8754"
"20260709","3:00","8770","2958","1104","3588","88","254","982","118","806","0","0","148","0","0","6","1528","244","8768"
"20260709","3:30","8810","2960","1126","3656","92","254","1038","116","806","2","0","166","0","0","14","1656","244","8818"
"20260709","4:00","8928","2956","970","3702","90","252","1196","120","808","0","0","170","0","0","6","1584","246","8932"
"20260709","4:30","9070","2960","1076","3600","94","250","1222","120","810","2","0","182","0","0","18","1496","246","9084"
"20260709","5:00","9332","2958","1146","3520","94","254","1216","116","806","0","0","186","0","0","12","1224","246","9330"
"20260709","5:30","9476","2964","1168","3460","96","256","1190","118","812","6","0","202","0","0","16","1044","246","9490"
"20260709","6:00","9394","2962","1242","3350","98","252","1186","118","808","100","0","176","0","0","-2","1136","240","9394"
"20260709","6:30","9396","2964","1224","3266","102","278","1184","120","804","484","0","178","0","0","-10","1440","254","9408"
"20260709","7:00","9522","2964","1058","2916","108","320","1156","116","798","1028","0","154","0","0","-22","1368","294","9522"
"20260709","7:30","9818","2970","898","2466","112","318","1148","118","798","1826","0","142","0","-196","-16","1056","302","9830"
"20260709","8:00","10274","2962","772","2306","118","314","942","118","792","2786","0","156","0","-616","-2","672","300","10276"
"20260709","8:30","10840","2966","654","2704","126","312","898","116","786","3504","0","188","0","-630","-8","1076","302","10842"
"20260709","9:00","11472","2960","814","2944","132","308","890","120","784","4314","0","164","0","64","12","2328","304","11482"
"20260709","9:30","12104","2966","758","2918","134","310","864","118","786","5234","0","166","0","180","-8","2616","304","12114"
"20260709","10:00","12528","2960","696","2726","138","292","860","116","780","5938","0","160","0","186","-4","2624","306","12530"
"20260709","10:30","12500","2960","640","2256","136","276","856","116","774","6512","0","170","0","-18","-12","2464","306","12508"
"20260709","11:00","12946","2960","754","2510","134","282","854","116","768","6972","0","176","0","-464","8","2428","306","12948"
"20260709","11:30","13254","2962","716","2464","138","282","854","116","770","7398","0","166","0","-558","14","2368","308","13262"
"20260709","12:00","13410","2960","654","2134","138","282","846","114","768","7760","0","148","0","-566","2","2136","310","13414"
"20260709","12:30","13268","2956","624","2002","140","280","868","116","782","7830","0","124","0","-1496","-20","1248","314","13272"
"20260709","13:00","13022","2962","740","2164","138","276","876","114","790","7682","0","116","0","-1880","14","1276","314","13030"
"20260709","13:30","13620","2962","776","2352","138","278","870","116","798","7784","0","100","0","-1422","12","1448","314","13630"
"20260709","14:00","13672","2958","794","2278","142","276","872","112","802","7390","0","84","0","-1350","4","1000","312","13674"
"20260709","14:30","13666","2960","746","2152","144","274","868","116","800","6936","0","92","0","-1108","2","620","312","13674"
"20260709","15:00","13570","2962","1018","2248","142","278","874","112","802","6388","0","82","0","-1060","10","596","312","13572"
"20260709","15:30","13384","2960","1322","2354","148","278","882","116","800","5646","0","76","0","-612","10","896","312","13396"
"20260709","16:00","13790","2960","1518","2486","148","282","928","112","804","5202","0","78","0","96","-8","1128","312","13790"
"20260709","16:30","13902","2962","1772","2978","152","304","988","114","802","4410","0","84","0","186","-16","1132","306","13910"
"20260709","17:00","13856","2964","2294","3414","154","332","1032","114","814","3454","0","84","0","258","-18","1352","316","13860"
"20260709","17:30","13678","2950","2668","3620","154","336","1188","116","820","2562","0","82","0","368","-18","1480","320","13686"
"20260709","18:00","13654","2952","2990","3844","150","338","1220","112","826","1720","0","74","0","366","-16","1260","342","13658"
"20260709","18:30","13504","2950","2970","3850","156","338","1230","116","830","958","0","98","0","362","4","696","350","13516"
"20260709","19:00","13238","2950","2986","3844","158","336","1240","114","830","362","0","92","0","366","20","408","350","13240"
"20260709","19:30","12988","2950","3024","3848","154","336","1234","116","832","94","0","104","0","344","14","404","350","12996"
"20260709","20:00","12646","2950","3008","3844","148","330","1238","116","828","48","0","118","0","264","6","600","352","12650"
"20260709","20:30","12370","2958","3028","3850","150","324","1228","116","828","36","0","136","0","308","18","940","342","12382"
"20260709","21:00","12050","2956","3044","3844","142","322","1234","116","834","32","0","120","0","298","8","1236","336","12050"
"20260709","21:30","11708","2958","2888","3848","138","320","1084","116","834","32","0","140","0","324","6","1292","322","11718"
"20260709","22:00","11332","2958","2420","3848","132","312","1000","118","828","26","0","160","0","204","0","984","312","11334"
"20260709","22:30","11082","2960","2332","3854","126","332","988","116","832","12","0","176","0","188","2","1136","312","11094"
"20260709","23:00","10766","2958","2126","3844","120","332","974","118","834","2","0","172","0","126","8","1160","312","10766"
"20260709","23:30","10502","2958","1980","3846","116","334","966","116","832","0","0","144","0","132","2","1228","314","10512"
"20260709","24:00","10160","2960","1514","3692","110","336","962","120","834","0","0","134","0","-2","-10","800","312","10162"
"20260710","0:30","9676","2960","1472","3596","106","338","932","118","832","0","0","136","0","0","-18","1096","310","9686"
"20260710","1:00","9276","2962","1384","3526","98","334","924","118","830","0","0","146","0","0","-16","1336","308","9278"
"20260710","1:30","9036","2962","1502","3624","102","338","920","118","830","0","0","154","0","0","-18","1792","308","9048"
"20260710","2:00","8806","2956","1500","3558","98","336","952","118","824","0","0","142","0","0","-20","1968","310","8806"
"20260710","2:30","8784","2964","1520","3418","98","340","996","116","830","0","0","152","0","0","-14","1936","308","8792"
"20260710","3:00","8764","2962","1548","3360","98","336","1006","120","828","0","0","148","0","0","4","1952","310","8768"
"20260710","3:30","8850","2962","1546","3466","96","336","1016","118","830","0","0","178","0","0","6","2004","308","8858"
"20260710","4:00","8980","2966","1540","3442","94","338","1166","118","832","0","0","180","0","0","12","2012","308","8984"
"20260710","4:30","9124","2960","1500","3620","96","338","1210","118","832","0","0","198","0","0","10","2056","308","9134"
"20260710","5:00","9382","2960","1576","3654","98","336","1212","118","830","0","0","210","0","0","12","1936","314","9384"
"20260710","5:30","9542","2964","1590","3612","102","336","1206","118","830","6","0","200","0","0","12","1736","314","9554"
"20260710","6:00","9488","2962","1636","3298","104","336","1192","118","834","84","0","188","0","244","-4","1816","310","9486"
"20260710","6:30","9622","2968","1622","2996","110","338","1134","118","830","462","0","186","0","346","-14","1768","308","9636"
"20260710","7:00","9628","2964","1380","2648","108","336","1108","118","834","1024","0","198","0","302","-22","1680","308","9626"
"20260710","7:30","9972","2968","1000","2492","118","334","1104","118","828","1914","0","214","0","30","-18","1424","308","9986"
"20260710","8:00","10374","2964","974","2402","120","328","910","118","826","2784","0","200","0","0","-12","1552","308","10370"
"20260710","8:30","11138","2968","1014","2668","130","326","856","118","822","3698","0","190","0","0","-8","1936","300","11146"
"20260710","9:00","11974","2962","1216","2950","140","324","854","116","824","4592","0","204","0","0","-8","2496","300","11978"
"20260710","9:30","12566","2960","1034","2806","140","326","852","116","822","5404","0","236","0","0","2","2424","298","12572"
"20260710","10:00","13084","2962","1040","2808","138","326","848","116","822","6188","0","214","0","-224","10","2456","298","13090"
"20260710","10:30","13184","2960","1036","2772","142","324","854","116","822","6642","0","240","0","-618","2","2392","298","13198"
"20260710","11:00","13436","2960","1052","2758","136","328","858","112","820","6876","0","222","0","-790","4","2200","298","13434"
"20260710","11:30","13660","2960","1080","2990","140","324","862","114","818","6992","0","200","0","-980","2","2136","298","13664"
"20260710","12:00","14016","2958","1018","2906","146","328","864","116","818","7374","0","178","0","-1276","2","1712","304","14024"
"20260710","12:30","13750","2960","1114","2852","146","322","860","116","824","7188","0","166","0","-1506","6","1596","300","13752"
"20260710","13:00","13660","2956","1112","3016","142","300","868","114","820","7164","0","154","0","-1616","-2","1660","302","13670"
"20260710","13:30","14002","2962","1166","2780","144","284","858","116","822","7084","0","162","0","-1370","-2","1296","300","14010"
"20260710","14:00","14476","2962","1206","2972","146","288","862","112","822","7182","0","146","0","-1050","8","1476","298","14478"
"20260710","14:30","14464","2960","1260","3246","142","286","868","116","824","6872","0","136","0","-1000","6","1544","298","14470"
"20260710","15:00","14568","2962","1336","3354","146","306","868","112","824","6610","0","124","0","-510","2","1856","298","14576"
"20260710","15:30","14534","2962","1548","3462","148","344","900","116","824","6096","0","138","0","-176","8","2124","298","14544"
"20260710","16:00","14408","2962","1992","3638","150","386","950","112","824","5268","0","156","0","2","-8","2320","298","14410"
"20260710","16:30","14442","2960","2330","3770","152","412","964","116","826","4520","0","154","0","0","-4","2048","300","14452"
"20260710","17:00","14330","2962","2746","3848","154","420","1010","114","824","3564","0","156","0","510","-8","2276","306","14330"
"20260710","17:30","14202","2966","2818","3846","152","440","1188","116","826","2638","0","170","0","1206","-4","2468","318","14212"
"20260710","18:00","14156","2962","2836","3844","154","442","1214","112","826","1810","0","154","0","1606","-22","2124","344","14158"
"20260710","18:30","14066","2954","2868","3850","152","434","1214","116","824","1028","0","162","0","1650","22","1544","346","14076"
"20260710","19:00","13722","2950","2880","3844","152","422","1210","112","828","466","0","176","0","1620","20","1304","348","13724"
"20260710","19:30","13500","2958","2888","3854","150","432","1214","116","828","128","0","188","0","1546","18","1156","346","13510"
"20260710","20:00","13254","2954","2870","3850","148","432","1214","114","828","48","0","202","0","1222","4","976","346","13256"
"20260710","20:30","12856","2954","2882","3850","144","432","1204","116","824","38","0","246","0","768","4","928","332","12866"
"20260710","21:00","12552","2954","2736","3852","142","434","1212","116","830","32","0","256","0","494","-16","804","316","12554"
"20260710","21:30","12082","2960","2814","3852","136","420","1024","116","826","26","0","252","0","326","-10","968","318","12092"
"20260710","22:00","11754","2962","2460","3848","130","408","990","118","830","16","0","238","0","64","-24","600","316","11756"
"20260710","22:30","11428","2960","2158","3850","126","402","950","116","826","4","0","236","0","0","-18","488","308","11430"
"20260710","23:00","11046","2962","1862","3854","122","400","912","118","830","2","0","226","0","0","2","540","306","11056"
"20260710","23:30","10858","2962","1952","3852","114","366","896","116","832","0","0","220","0","0","2","728","280","10864"
"20260710","24:00","10362","2964","1332","3844","108","330","896","118","834","0","0","232","0","0","-12","520","242","10368"
"20260711","0:30","9860","2962","1174","3770","104","332","918","118","832","0","0","246","0","0","-2","820","234","9868"
"20260711","1:00","9476","2962","1032","3650","98","334","912","116","830","0","0","262","0","0","-18","932","234","9480"
"20260711","1:30","9214","2964","1126","3652","100","326","906","116","830","0","0","256","0","0","12","1296","234","9226"
"20260711","2:00","9018","2964","1056","3656","96","332","904","118","832","0","0","248","0","0","8","1428","232","9018"
"20260711","2:30","8900","2964","1018","3498","96","328","926","116","830","0","0","248","0","0","2","1352","232","8906"
"20260711","3:00","8898","2962","958","3468","94","328","932","120","830","0","0","246","0","0","0","1268","234","8904"
"20260711","3:30","8902","2962","1008","3514","96","328","960","116","832","0","0","230","0","0","-2","1368","234","8910"
"20260711","4:00","8964","2968","1056","3512","94","324","1120","120","832","0","0","238","0","0","6","1536","234","8968"
"20260711","4:30","9096","2962","1078","3480","96","328","1144","120","834","0","0","240","0","0","4","1416","234","9104"
"20260711","5:00","9280","2960","1270","3362","96","328","1158","116","836","0","0","258","0","0","8","1344","236","9284"
"20260711","5:30","9390","2966","1376","3450","100","330","1142","116","832","6","0","272","0","0","0","1432","236","9394"
"20260711","6:00","9312","2960","1236","3170","100","316","1104","120","838","140","0","282","0","0","-6","1176","236","9320"
"20260711","6:30","9140","2964","1224","2808","104","308","1000","118","834","518","0","304","0","0","-8","1264","236","9146"
"20260711","7:00","9088","2962","1014","2400","102","312","984","118","836","1036","0","294","0","-270","-10","920","236","9094"
"20260711","7:30","9172","2964","702","2248","110","310","828","116","832","1792","0","290","0","-580","-6","660","236","9182"
"20260711","8:00","9446","2966","534","2010","106","310","768","116","834","2690","0","318","0","-578","-10","852","236","9448"
"20260711","8:30","9888","2962","646","2114","118","266","742","116","828","3474","0","320","0","-554","-2","1368","232","9894"
"20260711","9:00","10348","2964","642","2046","120","214","712","116","826","4324","0","308","0","-566","-14","1568","232","10356"
"20260711","9:30","10962","2962","588","1950","126","210","708","116","828","5128","0","306","0","-304","2","1876","230","10974"
"20260711","10:00","11520","2962","518","1812","124","210","708","114","828","5922","0","298","0","-296","4","1912","228","11520"
"20260711","10:30","11892","2966","522","1594","126","214","710","116","826","6426","0","280","0","-434","12","1688","228","11898"
"20260711","11:00","11956","2960","528","1270","124","208","714","114","824","6834","0","278","0","-582","-4","1536","230","11962"
"20260711","11:30","12258","2962","422","1124","128","210","714","116","824","7276","0","256","0","-692","-4","1296","228","12268"
"20260711","12:00","12510","2960","486","1166","128","210","708","112","824","7600","0","256","0","-846","12","1336","230","12510"
"20260711","12:30","12486","2958","462","1288","130","212","682","116","826","7702","0","266","0","-766","0","1608","228","12496"
"20260711","13:00","12790","2956","524","1272","128","212","664","110","830","7792","0","256","0","-654","8","1536","230","12792"
"20260711","13:30","12674","2960","532","1386","130","212","660","114","826","7506","0","262","0","-794","-2","1336","228","12684"
"20260711","14:00","12834","2960","528","1600","128","212","666","112","826","7256","0","250","0","-552","14","1392","228","12836"
"20260711","14:30","13038","2958","452","1894","132","212","682","114","828","7170","0","236","0","-608","-6","1244","228","13048"
"20260711","15:00","12970","2960","616","2090","132","210","712","112","830","6528","0","224","0","-378","4","1296","228","12972"
"20260711","15:30","12972","2960","1034","2296","136","214","738","114","832","5948","0","222","0","-198","-4","1540","228","12980"
"20260711","16:00","13080","2960","1246","2576","136","264","776","112","834","5376","0","210","0","-164","6","1476","228","13084"
"20260711","16:30","13110","2964","1492","2802","138","296","830","116","832","4568","0","206","0","126","-8","1476","236","13122"
"20260711","17:00","13222","2960","1682","3134","142","330","944","112","834","3650","0","196","0","232","0","1232","238","13222"
"20260711","17:30","13250","2952","1978","3452","146","364","1128","114","830","2626","0","184","0","246","-4","992","232","13256"
"20260711","18:00","13436","2952","2098","3692","150","362","1182","114","832","1828","0","190","0","314","-18","516","262","13442"
"20260711","18:30","13172","2950","2292","3848","150","400","1194","116","828","1074","0","224","0","662","-22","800","266","13182"
"20260711","19:00","13020","2950","2330","3846","154","406","1204","112","830","470","0","246","0","1066","-10","856","274","13022"
"20260711","19:30","12858","2950","2368","3848","148","398","1208","116","828","136","0","244","0","1230","0","888","284","12870"
"20260711","20:00","12564","2954","2338","3848","148","400","1212","112","832","50","0","226","0","1178","4","1016","278","12564"
"20260711","20:30","12306","2960","2342","3848","144","396","1162","116","828","40","0","250","0","1002","-10","1036","274","12316"
"20260711","21:00","12080","2960","2168","3850","138","396","1154","112","824","22","0","252","0","726","-6","776","262","12082"
"20260711","21:30","11774","2958","1840","3850","134","376","1016","116","834","10","0","254","0","318","0","168","242","11780"
"20260711","22:00","11302","2960","1640","3820","130","380","970","116","836","8","0","242","0","48","8","84","234","11308"
"20260711","22:30","11080","2964","1682","3836","124","376","934","116","832","6","0","266","0","0","-6","272","232","11090"
"20260711","23:00","10730","2956","1378","3788","120","372","842","118","838","4","0","266","0","0","2","184","232","10732"
"20260711","23:30","10582","2962","1374","3826","116","374","806","116","836","2","0","256","0","0","6","312","232","10594"
"20260711","24:00","10100","2958","1058","3680","110","372","786","114","836","0","0","232","0","0","-6","272","232","10100"
"20260712","0:30","9620","2958","1076","3716","106","358","866","116","832","6","0","234","0","0","6","876","234","9632"
"20260712","1:00","9258","2954","1126","3604","102","350","872","116","836","0","0","248","0","0","-8","1176","234","9258"
"20260712","1:30","9036","2964","1210","3590","102","356","902","116","832","0","0","242","0","0","-20","1480","234","9048"
"20260712","2:00","8774","2960","1114","3460","96","352","902","114","834","0","0","238","0","0","2","1532","234","8774"
"20260712","2:30","8660","2962","1148","3434","96","356","906","116","832","0","0","240","0","0","-2","1652","234","8670"
"20260712","3:00","8690","2962","1180","3400","98","354","904","114","836","2","0","254","0","0","2","1648","234","8692"
"20260712","3:30","8760","2960","1230","3462","98","354","922","116","832","0","0","240","0","0","0","1680","234","8768"
"20260712","4:00","8780","2962","1220","3448","96","358","1092","116","838","2","0","206","0","0","-4","1784","234","8784"
"20260712","4:30","8846","2964","1132","3408","98","380","1134","116","836","0","0","220","0","108","6","1784","234","8852"
"20260712","5:00","9022","2958","1118","3320","100","384","1142","116","830","2","0","204","0","268","-8","1640","234","9028"
"20260712","5:30","9210","2960","1082","3270","102","382","1140","116","832","2","0","176","0","400","2","1484","240","9220"
"20260712","6:00","9102","2958","1202","3280","100","356","1126","118","834","38","0","172","0","408","4","1728","236","9104"
"20260712","6:30","8962","2960","1194","3080","102","342","954","118","832","316","0","192","0","410","8","1768","234","8974"
"20260712","7:00","8812","2960","1008","2800","102","344","860","116","836","910","0","156","0","198","-4","1708","236","8814"
"20260712","7:30","8924","2962","800","2574","106","346","650","116","836","1674","0","154","0","-178","-14","1328","236","8934"
"20260712","8:00","9048","2962","562","2304","104","342","590","118","834","2552","0","142","0","-318","-8","1372","236","9048"
"20260712","8:30","9416","2958","572","2350","112","304","578","116","830","3370","0","124","0","-528","10","1604","234","9426"
"20260712","9:00","9746","2960","440","2194","112","276","566","110","828","4220","0","114","0","-550","2","1756","232","9748"
"20260712","9:30","10410","2958","460","2038","116","276","570","116","832","5216","0","134","0","-802","4","1732","232","10418"
"20260712","10:00","10906","2956","462","1850","112","274","570","110","828","6068","0","144","0","-830","6","1872","232","10910"
"20260712","10:30","11174","2956","518","1852","116","270","574","114","830","6760","0","158","0","-1122","8","2080","232","11186"
"20260712","11:00","11530","2954","544","1726","116","270","568","112","830","7496","0","152","0","-1398","10","2080","230","11530"
"20260712","11:30","11938","2956","584","1704","116","246","562","114","830","7994","0","186","0","-1406","2","2168","230","11950"
"20260712","12:00","12116","2954","586","1676","120","236","562","112","836","8084","0","206","0","-1358","-2","2128","232","12116"
"20260712","12:30","12312","2958","726","1408","124","236","556","112","830","8036","0","210","0","-1288","8","1832","234","12318"
"20260712","13:00","12346","2956","672","1320","122","234","554","114","834","7988","0","196","0","-1564","-2","1308","236","12352"
"20260712","13:30","12350","2962","594","1504","126","236","556","112","830","7812","0","210","0","-1550","-2","1264","232","12358"
"20260712","14:00","12432","2960","580","1460","124","234","554","114","826","7606","0","182","0","-1484","-8","944","232","12436"
"20260712","14:30","12356","2956","652","1894","128","236","554","112","828","7214","0","150","0","-1412","10","1192","230","12360"
"20260712","15:00","12390","2962","784","2208","128","230","556","112","830","6682","0","134","0","-1056","-4","1400","230","12396"
"20260712","15:30","12426","2962","1074","2404","132","238","576","114","830","6128","0","132","0","-854","-12","1516","230","12438"
"20260712","16:00","12692","2960","1408","2728","136","280","642","110","834","5446","0","120","0","-662","-14","1524","228","12692"
"20260712","16:30","12818","2966","1848","3046","140","320","678","112","828","4438","0","112","0","-200","-14","1676","230","12828"
"20260712","17:00","13028","2960","2388","3642","138","322","846","112","828","3416","0","110","0","52","-6","2008","230","13030"
"20260712","17:30","13200","2952","2418","3746","146","324","1042","114","828","2502","0","118","0","160","0","1376","234","13208"
"20260712","18:00","13316","2948","2574","3830","148","356","1096","110","830","1660","0","112","0","152","-4","756","264","13320"
"20260712","18:30","13108","2952","2786","3846","154","362","1188","114","832","960","0","90","0","252","18","712","274","13116"
"20260712","19:00","12970","2946","2924","3838","156","362","1210","110","830","402","0","88","0","1158","16","1344","276","12972"
"20260712","19:30","12896","2952","2946","3840","154","364","1216","114","830","126","0","92","0","1354","2","1356","276","12910"
"20260712","20:00","12606","2948","2938","3838","154","362","1194","110","832","48","0","98","0","1260","-6","1444","274","12606"
"20260712","20:30","12344","2960","2974","3838","148","374","1168","114","820","50","0","92","0","1274","8","1744","276","12352"
"20260712","21:00","12100","2958","2982","3850","144","394","1128","110","814","30","0","74","0","1184","4","1836","268","12104"
"20260712","21:30","11808","2960","2904","3842","140","378","942","114","814","12","0","66","0","1050","-8","1640","246","11820"
"20260712","22:00","11450","2962","2476","3848","134","388","902","110","810","4","0","64","0","844","8","1336","236","11450"
"20260712","22:30","11156","2958","2368","3848","128","402","888","114","816","2","0","68","0","650","2","1308","234","11170"
"20260712","23:00","10728","2958","2362","3848","116","402","774","110","818","0","0","64","0","580","6","1544","232","10726"
"20260712","23:30","10446","2960","2300","3852","118","404","746","114","814","2","0","62","0","288","-4","1428","232","10460"
"20260712","24:00","9982","2956","2006","3848","108","406","732","112","818","0","0","56","0","68","-18","1344","232","9980"
"20260713","0:30","9544","2962","1310","3756","108","372","792","114","816","2","0","60","0","0","-16","948","232","9560"
"20260713","1:00","9170","2954","1124","3522","98","346","792","114","818","0","0","54","0","0","-14","872","230","9166"
"20260713","1:30","8924","2960","1076","3456","100","348","788","116","814","2","0","52","0","0","-14","992","230","8936"
"20260713","2:00","8724","2958","1110","3206","96","344","782","110","810","0","0","42","0","0","-6","960","232","8724"
"20260713","2:30","8718","2960","1142","3146","96","348","842","114","812","2","0","48","0","0","-2","1008","230","8730"
"20260713","3:00","8722","2958","1172","3190","96","344","842","112","818","0","0","50","0","0","4","1096","232","8722"
"20260713","3:30","8732","2958","1186","3160","96","348","1016","114","814","2","0","50","0","0","4","1232","230","8746"
"20260713","4:00","8874","2960","1178","3120","94","344","1072","112","816","0","0","48","0","0","-2","1100","230","8872"
"20260713","4:30","9046","2954","1038","3084","96","348","1078","116","814","2","0","44","0","0","2","748","230","9058"
"20260713","5:00","9284","2954","992","3206","94","346","1076","116","820","0","0","40","0","0","2","592","230","9284"
"20260713","5:30","9504","2956","1004","3284","100","346","1036","116","816","2","0","38","0","0","-2","420","234","9510"
"20260713","6:00","9560","2954","962","3062","104","346","1024","116","816","100","0","42","0","0","-8","184","232","9566"
"20260713","6:30","9738","2960","990","3172","106","368","886","116","812","530","0","36","0","0","-12","464","250","9750"
"20260713","7:00","9990","2950","974","3204","108","360","816","114","810","1112","0","26","0","-86","-4","684","290","9990"
"20260713","7:30","10544","2962","1118","3242","116","316","660","116","806","2026","0","30","0","-500","-2","632","298","10556"
"20260713","8:00","11032","2954","1338","3364","120","308","622","112","806","2892","0","32","0","-326","0","1488","298","11032"
"20260713","8:30","11972","2962","1606","3486","132","312","676","116","798","3742","0","34","0","-252","20","1944","296","11984"
"20260713","9:00","12952","2956","1468","3612","138","304","684","110","800","4738","0","36","0","-254","14","1948","294","12952"
"20260713","9:30","13432","2958","1508","3670","142","304","672","116","798","5468","0","40","0","-266","14","2276","294","13442"
"20260713","10:00","13806","2956","1438","3772","142","304","660","110","794","6078","0","40","0","-276","6","2508","294","13810"
"20260713","10:30","14196","2956","1178","3688","140","308","566","116","792","6872","0","44","0","-512","-14","2224","294","14204"
"20260713","11:00","14478","2952","1192","3774","136","302","530","110","790","7370","0","42","0","-794","-8","2208","294","14482"
"20260713","11:30","14734","2952","1286","3844","142","310","514","114","780","7712","0","46","0","-854","8","2416","298","14736"
"20260713","12:00","14744","2950","1178","3844","144","332","506","112","780","7818","0","44","0","-1116","6","2144","298","14752"
"20260713","12:30","14336","2948","1112","3814","146","332","506","114","780","7656","0","48","0","-1244","-4","2160","298","14346"
"20260713","13:00","14574","2950","1158","3838","140","316","512","110","786","7862","0","40","0","-1312","6","2132","300","14574"
"20260713","13:30","14564","2950","1180","3848","146","308","522","114","794","7724","0","44","0","-1296","-2","2056","298","14574"
"20260713","14:00","15066","2952","1256","3830","150","322","518","110","802","7614","0","32","0","-592","-2","2220","296","15068"
"20260713","14:30","14990","2952","1368","3826","150","368","524","114","802","7232","0","40","0","-216","4","2460","296","15000"
"20260713","15:00","15132","2952","1492","3742","150","398","530","110","802","6776","0","40","0","0","-8","2144","296","15136"
"20260713","15:30","15010","2954","1874","3744","152","416","660","114","802","6048","0","52","0","0","-18","2076","298","15020"
"20260713","16:00","15086","2948","2416","3852","154","450","738","112","810","5414","0","52","0","0","-12","2144","298","15088"
"20260713","16:30","15234","2950","3024","3844","158","494","1040","114","810","4654","0","56","0","44","-8","2232","300","15248"
"20260713","17:00","15320","2946","3152","3840","162","510","1096","110","808","3776","0","48","0","230","-14","1648","302","15318"
"20260713","17:30","15074","2930","3280","3846","162","508","1118","114","810","2834","0","48","0","402","-16","1256","308","15088"
"20260713","18:00","14966","2930","3268","3830","162","502","1130","110","808","1910","0","50","0","956","-16","1020","344","14964"
"20260713","18:30","14814","2934","3284","3848","166","508","1136","114","800","1158","0","54","0","1252","16","796","350","14824"
"20260713","19:00","14534","2934","3298","3850","164","504","1130","110","806","544","0","52","0","1266","18","492","350","14534"
"20260713","19:30","14318","2940","3296","3850","162","496","1122","114","800","136","0","62","0","1262","18","280","344","14322"
"20260713","20:00","13996","2938","3288","3846","160","494","1124","110","796","24","0","62","0","556","10","-232","342","13982"
"20260713","20:30","13522","2948","3234","3850","156","484","978","114","796","30","0","70","0","254","6","-272","338","13530"
"20260713","21:00","13138","2950","3206","3848","150","476","930","110","802","20","0","64","0","178","-4","-80","328","13138"
"20260713","21:30","12786","2954","3282","3848","144","478","840","114","800","12","0","64","0","180","-4","232","318","12798"
"20260713","22:00","12352","2948","3240","3850","136","476","814","112","800","2","0","60","0","186","0","580","306","12350"
"20260713","22:30","11954","2954","3258","3850","132","476","732","114","800","2","0","64","0","0","4","724","302","11964"
"20260713","23:00","11540","2952","3134","3844","118","476","700","112","802","0","0","66","0","0","10","976","304","11542"
"20260713","23:30","11366","2956","3046","3846","120","484","674","116","806","2","0","68","0","0","6","1048","304","11380"
"20260713","24:00","10808","2952","2644","3844","106","480","658","110","804","0","0","68","0","0","-8","1156","304","10806"
"20260714","0:30","10266","2954","2196","3780","106","478","730","114","802","2","0","74","0","0","-24","1240","304","10276"
"20260714","1:00","9854","2950","1852","3664","104","476","744","112","810","0","0","76","0","0","-20","1216","304","9856"
"20260714","1:30","9610","2952","1638","3694","98","482","748","114","802","2","0","84","0","0","-16","1280","304","9622"
"20260714","2:00","9368","2946","1736","3780","96","478","752","114","804","0","0","84","0","0","-18","1704","300","9368"
"20260714","2:30","9270","2952","1802","3838","96","478","752","116","802","2","0","74","0","0","-12","1920","300","9280"
"20260714","3:00","9288","2950","1678","3812","92","476","760","116","806","2","0","70","0","0","-6","1768","302","9290"
"20260714","3:30","9292","2952","1698","3732","94","476","938","118","806","2","0","64","0","0","4","1880","300","9304"
"20260714","4:00","9356","2950","1728","3764","92","474","956","114","808","0","0","64","0","0","2","1896","300","9356"
"20260714","4:30","9462","2952","1698","3810","96","474","924","116","806","2","0","62","0","0","14","1784","300","9470"
"20260714","5:00","9750","2946","1794","3776","94","474","934","116","804","2","0","54","0","0","18","1560","302","9754"
"20260714","5:30","9938","2954","1780","3812","100","474","934","116","806","2","0","60","0","0","8","1400","300","9946"
"20260714","6:00","9972","2950","1894","3838","102","476","862","118","808","76","0","54","0","0","10","1512","300","9976"
"20260714","6:30","10072","2954","1880","3846","106","474","834","116","808","428","0","60","0","0","-18","1704","300","10084"
"20260714","7:00","10254","2950","1516","3792","110","472","812","114","804","980","0","50","0","0","-14","1632","300","10254"
"20260714","7:30","10698","2956","1558","3770","116","470","624","116","804","1732","0","46","0","-258","-20","1504","300","10710"
"20260714","8:00","11104","2954","1476","3700","122","466","538","112","802","2576","0","56","0","-294","-18","1684","300","11106"
"20260714","8:30","11812","2954","1522","3806","134","466","540","116","800","3416","0","58","0","-288","-6","2000","302","11820"
"20260714","9:00","12700","2956","1410","3712","138","464","504","112","804","4404","0","52","0","-352","-6","1796","302","12704"
"20260714","9:30","13340","2958","1238","3824","142","464","466","116","800","5306","0","52","0","-590","8","1732","298","13350"
"20260714","10:00","13874","2950","1110","3842","142","466","458","112","800","6160","0","56","0","-850","16","1680","294","13876"
"20260714","10:30","14040","2958","1154","3846","142","464","462","112","796","6726","0","56","0","-1064","4","1900","292","14048"
"20260714","11:00","14238","2950","1412","3840","142","462","454","114","796","7094","0","62","0","-1340","18","2056","294","14242"
"20260714","11:30","14484","2952","1462","3834","142","466","456","114","796","7510","0","70","0","-1356","22","2264","292","14496"
"20260714","12:00","14774","2950","1432","3826","144","462","456","112","804","7914","0","62","0","-1400","2","2284","294","14774"
"20260714","12:30","14724","2950","1406","3828","142","462","458","114","802","8152","0","60","0","-1930","-24","1980","292","14732"
"20260714","13:00","14448","2946","1422","3810","144","458","450","112","804","7968","0","68","0","-1924","-16","2084","294","14452"
"20260714","13:30","14552","2948","1454","3822","144","458","442","114","800","7648","0","60","0","-1628","14","2004","292","14564"
"20260714","14:00","14874","2950","1460","3784","144","456","432","110","798","7570","0","58","0","-1382","6","1804","292","14874"
"20260714","14:30","14828","2950","1604","3582","146","462","452","114","798","7254","0","80","0","-1242","-12","1640","290","14838"
"20260714","15:00","14802","2952","1976","3280","148","464","518","110","798","6864","0","82","0","-1068","8","1620","292","14804"
"20260714","15:30","15014","2948","2286","3696","148","476","580","112","800","6398","0","94","0","-748","-18","2040","292","15024"
"20260714","16:00","15010","2952","2404","3830","154","474","776","112","802","5758","0","92","0","-576","-12","2052","296","15010"
"20260714","16:30","15078","2950","2894","3828","154","476","870","114","806","4972","0","112","0","-122","2","2272","304","15088"
"20260714","17:00","15160","2950","3062","3762","154","504","894","110","806","4014","0","120","0","218","4","1744","308","15162"
"20260714","17:30","14896","2936","3110","3814","158","506","1060","114","806","2932","0","122","0","444","-4","1392","302","14908"
"20260714","18:00","14808","2930","3156","3828","160","512","1098","110","802","1924","0","128","0","560","2","724","320","14806"
"20260714","18:30","14566","2950","3156","3842","166","514","1108","114","806","1048","0","138","0","958","2","556","328","14574"
"20260714","19:00","14148","2946","3174","3836","164","512","1116","110","810","432","0","150","0","1552","-4","984","338","14152"
"20260714","19:30","13938","2950","3182","3846","164","508","1110","114","806","118","0","160","0","1650","-4","996","338","13946"
"20260714","20:00","13610","2948","3186","3838","162","506","1116","110","808","48","0","192","0","1498","4","1136","334","13614"
"20260714","20:30","13328","2936","3186","3844","156","502","1096","114","802","52","0","210","0","1026","0","920","332","13336"
"20260714","21:00","12946","2936","3192","3842","150","476","1088","112","804","28","0","220","0","490","-10","700","322","12950"
"20260714","21:30","12518","2936","3176","3842","146","478","1084","114","804","18","0","182","0","232","-6","784","306","12528"
"20260714","22:00","12134","2946","3192","3846","134","476","866","112","806","8","0","172","0","222","4","944","296","12136"
"20260714","22:30","11794","2950","3108","3842","128","474","860","114","804","12","0","190","0","138","10","1124","294","11800"
"20260714","23:00","11456","2954","3090","3836","122","476","764","112","810","0","0","206","0","124","4","1332","296","11462"
"20260714","23:30","11230","2948","3128","3842","116","474","732","114","806","2","0","224","0","62","-6","1492","296","11246"
"20260714","24:00","10786","2948","2910","3838","108","476","654","112","808","0","0","222","0","0","2","1592","296","10782"
"20260715","0:30","10332","2950","2630","3846","106","474","678","116","806","2","0","216","0","0","-8","1768","298","10346"
"20260715","1:00","9966","2946","2108","3804","102","462","704","110","802","2","0","198","0","0","-16","1560","302","9964"
"20260715","1:30","9668","2946","2024","3734","102","454","696","114","806","2","0","206","0","0","-6","1696","300","9682"
"20260715","2:00","9466","2946","1946","3732","94","460","696","112","802","0","0","230","0","0","-20","1832","298","9464"
"20260715","2:30","9444","2952","1894","3776","96","476","722","114","806","2","0","232","0","0","-2","1912","298","9454"
"20260715","3:00","9426","2944","1798","3832","94","472","736","112","806","0","0","224","0","0","6","1896","300","9428"
"20260715","3:30","9462","2952","1830","3836","94","476","728","114","806","2","0","252","0","0","-12","1904","298","9472"
"20260715","4:00","9492","2948","1740","3830","92","472","872","112","810","0","0","256","0","0","-2","1936","300","9494"
"20260715","4:30","9690","2950","1974","3832","98","476","902","114","806","0","0","232","0","0","4","1984","298","9702"
"20260715","5:00","9918","2952","2020","3830","96","476","952","112","808","0","0","208","0","0","6","1840","298","9918"
"20260715","5:30","10190","2944","2056","3832","104","474","938","114","808","2","0","212","0","0","-2","1584","298","10196"
"20260715","6:00","10224","2950","1902","3832","104","476","940","112","808","64","0","198","0","0","-8","1448","300","10230"
"20260715","6:30","10362","2942","1902","3826","110","478","904","116","806","310","0","216","0","0","-4","1536","298","10368"
"20260715","7:00","10498","2950","1794","3828","110","476","878","110","816","610","0","232","0","-48","0","1552","298","10502"
"20260715","7:30","10856","2946","1856","3832","120","474","858","116","808","1030","0","244","0","-466","-6","1240","298","10870"
"20260715","8:00","11324","2952","2028","3824","122","476","714","110","808","1506","0","266","0","-570","2","1212","296","11322"
"20260715","8:30","11996","2946","2186","3826","134","478","676","114","802","1946","0","284","0","-294","18","1408","294","12002"
"20260715","9:00","12790","2952","2204","3816","144","476","678","114","796","2334","0","282","0","-54","16","1256","294","12796"
"20260715","9:30","13096","2952","2288","3816","144","446","668","114","800","2722","0","274","0","158","10","1548","264","13108"
"20260715","10:00","13324","2952","2272","3822","142","404","658","114","800","3278","0","268","0","108","-4","1716","226","13324"
"20260715","10:30","13434","2950","1956","3820","144","404","640","114","800","3956","0","330","0","-52","-20","1820","222","13444"
"20260715","11:00","13718","2946","2338","3818","146","406","640","112","798","4524","0","328","0","-262","16","2312","222","13720"
"20260715","11:30","13742","2950","2182","3808","144","404","556","114","802","4876","0","334","0","-112","-4","2520","222","13756"
"20260715","12:00","13982","2946","1994","3798","146","404","542","112","804","5240","0","314","0","0","-4","2536","220","13980"
"20260715","12:30","13772","2946","1920","3808","150","408","528","114","814","5318","0","320","0","-422","-12","2332","222","13782"
"20260715","13:00","13804","2948","2448","3792","142","404","528","112","818","5340","0","340","0","-1098","-8","2184","222","13804"
"20260715","13:30","13952","2944","2768","3822","148","408","600","114","812","5096","0","342","0","-1340","2","1976","222","13962"
"20260715","14:00","14002","2944","2850","3824","148","398","604","112","816","4848","0","342","0","-900","14","2216","220","14004"
"20260715","14:30","14112","2940","2856","3824","148","370","622","114","818","4684","0","342","0","-828","12","2000","220","14122"
"20260715","15:00","14166","2940","2556","3816","150","390","640","112","812","4426","0","330","0","-610","-8","1608","222","14168"
"20260715","15:30","14192","2940","2872","3822","152","418","694","114","818","4176","0","308","0","-488","-8","1836","222","14204"
"20260715","16:00","14470","2942","3088","3816","152","394","752","110","812","3870","0","294","0","116","-10","2088","222","14470"
"20260715","16:30","14510","2944","3192","3814","158","436","778","114","816","3392","0","282","0","378","-14","1996","224","14518"
"20260715","17:00","14296","2946","3194","3806","154","442","1048","112","816","2640","0","276","0","730","-8","2080","226","14302"
"20260715","17:30","14102","2942","3172","3816","158","442","1104","114","818","1848","0","272","0","1186","10","2000","232","14114"
"20260715","18:00","14078","2946","3196","3824","156","442","1108","112","824","1056","0","284","0","1710","20","1856","256","14078"
"20260715","18:30","13938","2928","3180","3820","162","440","1116","114","824","522","0","294","0","1788","24","1532","266","13946"
"20260715","19:00","13676","2934","3174","3818","160","436","1126","112","822","190","0","272","0","1674","10","1320","272","13680"
"20260715","19:30","13536","2944","3202","3818","160","416","1134","114","820","70","0","276","0","1826","2","1504","270","13548"
"20260715","20:00","13362","2948","3200","3820","158","410","1124","112","820","8","0","242","0","1468","-12","1204","268","13362"
"20260715","20:30","13006","2934","3202","3818","152","414","1062","114","816","2","0","190","0","1516","8","1472","262","13018"
"20260715","21:00","12742","2936","3206","3818","148","412","970","112","818","2","0","186","0","1080","2","1208","260","12742"
"20260715","21:30","12396","2936","3202","3822","144","412","784","114","818","2","0","182","0","858","4","1108","238","12408"
"20260715","22:00","12026","2934","3210","3820","132","410","708","112","818","2","0","162","0","642","-2","1148","226","12026"
"20260715","22:30","11744","2952","3220","3822","130","412","688","114","818","2","0","164","0","614","-8","1400","226","11754"
"20260715","23:00","11448","2950","3222","3818","124","408","676","112","826","0","0","154","0","302","0","1368","226","11450"
"20260715","23:30","11188","2952","3222","3818","116","412","662","114","822","2","0","182","0","174","10","1512","226","11200"
"20260715","24:00","10838","2952","3158","3816","110","412","654","110","824","0","0","176","0","120","-24","1696","226","10838"
"20260716","0:30","10354","2954","2360","3812","108","420","584","114","818","2","0","180","0","0","-18","1200","234","10368"
"20260716","1:00","9938","2948","1910","3808","100","426","642","110","818","0","0","170","0","-258","-18","956","236","9936"
"20260716","1:30","9622","2950","2114","3816","100","428","676","114","818","2","0","194","0","-300","16","1528","236","9636"
"20260716","2:00","9468","2954","2140","3822","96","428","674","112","816","0","0","178","0","-322","-20","1648","236","9466"
"20260716","2:30","9420","2948","2046","3820","96","428","674","114","818","2","0","180","0","-334","-18","1580","236","9430"
"20260716","3:00","9446","2946","2136","3824","96","428","664","110","822","0","0","182","0","-438","2","1560","236","9448"
"20260716","3:30","9466","2950","2442","3824","96","428","662","114","820","2","0","214","0","-660","18","1668","236","9478"
"20260716","4:00","9558","2950","2560","3820","94","432","828","110","820","0","0","238","0","-760","18","1788","236","9558"
"20260716","4:30","9652","2944","2622","3824","96","428","854","114","822","2","0","212","0","-750","10","1752","236","9662"
"20260716","5:00","9944","2944","2724","3818","98","426","858","110","832","0","0","226","0","-752","-4","1572","238","9946"
"20260716","5:30","10196","2950","2758","3814","102","426","856","114","822","2","0","234","0","-780","8","1336","236","10206"
"20260716","6:00","10240","2942","2774","3816","104","424","862","110","818","40","0","188","0","-750","4","1324","234","10242"
"20260716","6:30","10386","2952","2742","3824","108","450","856","114","814","200","0","180","0","-584","-10","1504","252","10394"
"20260716","7:00","10558","2950","2620","3816","112","498","862","110","816","444","0","188","0","-340","-18","1792","296","10562"
"20260716","7:30","10916","2952","2550","3820","118","490","842","112","810","900","0","200","0","-306","-24","1848","302","10918"
"20260716","8:00","11406","2946","2734","3818","124","492","708","112","800","1408","0","210","0","-484","-22","1732","300","11414"
"20260716","8:30","12156","2958","2724","3824","134","512","646","114","796","2012","0","214","0","-386","6","1688","298","12164"
"20260716","9:00","12858","2948","2674","3818","140","512","588","112","788","2570","0","244","0","-470","0","1360","298","12862"
"20260716","9:30","13296","2956","2668","3846","144","512","568","114","786","3116","0","236","0","-658","-20","1260","298","13306"
"20260716","10:00","13656","2950","2566","3838","142","510","548","112","770","3824","0","222","0","-1146","-14","960","296","13658"
"20260716","10:30","13660","2958","2802","3844","140","498","536","114","770","4132","0","212","0","-1152","-2","1480","296","13668"
"20260716","11:00","13794","2950","2654","3936","142","496","506","110","768","4522","0","206","0","-1326","-4","1460","298","13798"
"20260716","11:30","14048","2956","2722","4048","146","500","500","114","770","4878","0","194","0","-1668","-14","1384","296","14058"
"20260716","12:00","14178","2950","2726","4110","146","500","496","110","772","5120","0","182","0","-1842","-4","1384","298","14180"
"20260716","12:30","13722","2952","2688","4220","148","514","498","114","772","4994","0","188","0","-1164","-6","2480","296","13734"
"20260716","13:00","14176","2946","2702","4304","146","516","500","112","770","5474","0","206","0","-1146","6","2656","298","14178"
"20260716","13:30","14518","2948","2888","4312","148","512","496","114","768","5408","0","212","0","-878","4","2696","296","14532"
"20260716","14:00","14598","2950","3108","4310","148","510","506","110","768","5170","0","222","0","-822","6","2688","296","14594"
"20260716","14:30","14374","2946","3098","4306","154","514","540","114","770","4932","0","216","0","-802","4","2700","296","14388"
"20260716","15:00","14336","2950","3134","4304","152","516","622","112","774","4730","0","184","0","-764","4","2680","296","14334"
"20260716","15:30","14414","2944","3042","4266","156","516","698","118","768","4556","0","174","0","-594","-8","2512","296","14420"
"20260716","16:00","14342","2944","2998","4518","154","524","846","112","768","3936","0","174","0","-506","4","2424","300","14348"
"20260716","16:30","14604","2944","3008","4752","162","524","914","118","772","3228","0","172","0","22","10","2308","300","14618"
"20260716","17:00","14510","2942","3168","4780","164","532","1058","112","772","2476","0","160","0","478","26","2472","310","14506"
"20260716","17:30","14422","2944","3134","4780","160","532","1084","116","774","1928","0","138","0","754","12","2248","320","14428"
"20260716","18:00","14226","2946","3164","4778","160","536","1086","114","780","1292","0","122","0","894","16","2000","344","14232"
"20260716","18:30","14050","2936","3156","4786","164","528","1086","118","776","752","0","124","0","1254","44","2016","348","14056"
"20260716","19:00","13872","2932","3144","4784","162","520","1090","112","780","292","0","112","0","1414","48","1860","346","13876"
"20260716","19:30","13726","2940","3160","4788","164","520","1092","118","776","50","0","92","0","1254","50","1616","350","13738"
"20260716","20:00","13430","2938","3188","4786","162","518","1036","114","776","4","0","78","0","864","50","1432","350","13432"
"20260716","20:30","13072","2944","3196","4788","156","516","994","118","770","12","0","58","0","892","12","1708","334","13082"
"20260716","21:00","12768","2950","3132","4780","154","510","962","114","772","18","0","60","0","502","-22","1488","326","12770"
"20260716","21:30","12416","2958","2988","4788","146","508","806","118","774","16","0","50","0","228","-24","1232","310","12434"
"20260716","22:00","12006","2954","2924","4788","138","500","720","116","776","2","0","36","0","90","-12","1336","304","12000"
"20260716","22:30","11730","2958","2866","4792","134","496","694","118","772","6","0","56","0","0","-16","1444","304","11736"
"20260716","23:00","11406","2960","2378","4784","122","494","684","118","778","2","0","56","0","0","-6","1264","306","11412"
"20260716","23:30","11200","2960","2310","4790","120","496","672","120","774","2","0","62","0","0","6","1400","300","11212"
"20260716","24:00","10756","2960","2212","4776","112","494","590","116","774","0","0","74","0","0","4","1656","300","10756"
"20260717","0:30","10280","2962","2060","4786","110","502","552","120","774","2","0","70","0","0","2","1952","302","10290"
"20260717","1:00","9900","2952","1724","4782","106","506","534","114","776","2","0","80","0","0","12","1988","302","9902"
"20260717","1:30","9584","2962","1308","4788","104","504","638","120","772","2","0","84","0","0","-2","1988","302","9594"
"20260717","2:00","9456","2954","1158","4784","102","506","652","116","772","0","0","78","0","0","-6","1960","302","9458"
"20260717","2:30","9400","2958","1244","4726","102","506","658","120","772","2","0","88","0","-202","-6","1860","302","9410"
"20260717","3:00","9442","2956","1372","4788","98","502","662","114","772","0","0","102","0","-300","0","1924","302","9444"
"20260717","3:30","9484","2948","1450","4780","100","502","676","118","774","2","0","102","0","-300","2","1960","302","9496"
"20260717","4:00","9532","2956","1324","4700","98","500","816","116","780","0","0","102","0","-300","2","1864","302","9532"
"20260717","4:30","9576","2952","1390","4756","102","502","862","120","774","2","0","94","0","-300","10","1980","302","9586"
"20260717","5:00","9900","2950","1562","4794","102","498","870","112","780","0","0","76","0","-298","6","1852","302","9902"
"20260717","5:30","10114","2958","1624","4786","106","500","884","118","778","2","0","72","0","-100","-8","1900","302","10122"
"20260717","6:00","10206","2960","1558","4776","106","506","882","116","778","42","0","64","0","2","-10","1872","302","10210"
"20260717","6:30","10322","2948","1744","4780","114","504","826","118","776","282","0","54","0","0","-10","2108","302","10330"
"20260717","7:00","10456","2950","1602","4586","114","500","822","118","780","642","0","46","0","0","-14","1988","302","10460"
"20260717","7:30","10936","2956","1584","4656","124","498","814","118","778","1036","0","44","0","0","-10","1952","298","10944"
"20260717","8:00","11424","2952","1638","4680","126","502","598","116","766","1338","0","38","0","-204","-14","1408","300","11428"
"20260717","8:30","12100","2956","2226","4778","142","500","534","118","750","1766","0","32","0","-248","2","1744","298","12110"
"20260717","9:00","12798","2954","2202","4782","146","496","532","118","750","2220","0","20","0","-236","2","1488","302","12800"
"20260717","9:30","13266","2958","2026","4786","150","500","484","118","750","2840","0","24","0","-284","-10","1368","300","13274"
"20260717","10:00","13514","2952","1858","4784","152","500","450","116","754","3350","0","20","0","-526","-4","1188","300","13518"
"20260717","10:30","13630","2958","1796","4784","150","500","426","118","746","3866","0","30","0","-578","0","1456","298","13638"
"20260717","11:00","13816","2958","1658","4682","148","496","420","116","740","4246","0","32","0","-614","4","1360","294","13820"
"20260717","11:30","14064","2954","1644","4588","146","498","396","118","732","4476","0","26","0","-572","8","1236","294","14072"
"20260717","12:00","14194","2960","1768","4690","152","498","368","114","734","4686","0","20","0","-758","10","1340","294","14196"
"20260717","12:30","14060","2954","1768","4730","152","482","370","118","732","4916","0","22","0","-1132","0","1336","298","14074"
"20260717","13:00","14100","2964","1802","4582","152","480","366","112","742","5062","0","18","0","-1162","-4","1312","298","14100"
"20260717","13:30","14376","2952","2040","4764","154","484","362","116","742","4872","0","18","0","-726","6","1692","298","14390"
"20260717","14:00","14694","2954","1992","4736","154","484","364","114","746","4586","0","18","0","-306","12","1460","298","14692"
"20260717","14:30","14516","2954","2236","4780","156","500","368","114","750","4154","0","16","0","-270","8","1540","296","14522"
"20260717","15:00","14406","2946","2410","4780","152","502","378","116","752","3714","0","6","0","-214","6","1436","298","14410"
"20260717","15:30","14246","2948","2534","4778","158","500","550","116","758","3178","0","18","0","114","12","1708","298","14254"
"20260717","16:00","14384","2948","2412","4786","158","498","738","114","776","2864","0","14","0","128","-10","1336","298","14388"
"20260717","16:30","14468","2944","2400","4788","164","498","794","116","774","2540","0","18","0","154","-12","996","300","14482"
"20260717","17:00","14298","2946","2904","4782","166","496","830","114","772","2210","0","18","0","214","8","1484","318","14294"
"20260717","17:30","14164","2946","3182","4786","166","500","1030","116","778","1708","0","24","0","610","16","2016","328","14174"
"20260717","18:00","14040","2952","3258","4786","168","510","1060","114","778","1194","0","30","0","866","14","2032","344","14042"
"20260717","18:30","13898","2940","3236","4784","172","522","1072","116","776","674","0","28","0","1302","42","2112","354","13906"
"20260717","19:00","13838","2938","3242","4780","166","522","1074","114","780","260","0","28","0","1304","46","1768","356","13842"
"20260717","19:30","13732","2936","3214","4786","168","522","1068","116","778","66","0","34","0","1316","38","1652","352","13742"
"20260717","20:00","13408","2932","3220","4782","162","520","1032","114","772","12","0","36","0","1098","44","1664","350","13410"
"20260717","20:30","13100","2944","3194","4788","158","514","1018","118","766","4","0","38","0","686","30","1480","334","13112"
"20260717","21:00","12740","2948","3212","4790","154","512","914","112","760","2","0","36","0","566","0","1592","326","12740"
"20260717","21:30","12382","2956","3220","4784","148","508","868","118","754","4","0","36","0","562","4","1880","308","12390"
"20260717","22:00","12088","2958","3202","4796","138","502","706","114","758","2","0","34","0","228","0","1652","306","12092"
"20260717","22:30","11736","2958","3086","4796","134","498","676","118","750","2","0","36","0","24","0","1636","304","11746"
"20260717","23:00","11392","2954","2614","4782","126","496","660","114","746","0","0","38","0","0","12","1452","304","11394"
"20260717","23:30","11212","2960","2426","4796","122","460","576","118","738","2","0","34","0","0","2","1288","278","11224"
"20260717","24:00","10738","2964","2204","4786","114","426","542","114","738","0","0","46","0","0","-14","1424","242","10738"
"20260718","0:30","10218","2960","1968","4792","112","426","460","118","734","2","0","42","0","0","-18","1608","240","10228"
"20260718","1:00","9826","2958","1542","4760","108","420","418","114","738","0","0","44","0","0","-16","1496","238","9828"
"20260718","1:30","9492","2958","1386","4784","108","426","402","116","736","2","0","44","0","0","-20","1676","238","9504"
"20260718","2:00","9326","2960","1078","4732","100","424","406","116","736","0","0","34","0","0","-20","1480","240","9326"
"20260718","2:30","9238","2966","1078","4676","102","424","450","118","734","0","0","36","0","0","-12","1564","238","9246"
"20260718","3:00","9242","2958","1120","4690","98","424","486","116","738","0","0","28","0","0","4","1656","240","9246"
"20260718","3:30","9314","2958","1246","4702","102","426","534","118","738","0","0","36","0","0","10","1784","240","9326"
"20260718","4:00","9276","2954","1302","4616","98","424","562","116","738","0","0","40","0","0","12","1824","238","9276"
"20260718","4:30","9328","2960","1320","4614","102","426","590","118","740","0","0","50","0","0","6","1828","240","9338"
"20260718","5:00","9546","2952","1386","4614","102","420","718","116","744","0","0","52","0","0","18","1812","238","9548"
"20260718","5:30","9676","2952","1392","4626","106","424","804","118","738","2","0","54","0","0","12","1784","244","9688"
"20260718","6:00","9644","2950","1352","4634","104","424","720","116","746","38","0","52","0","0","2","1736","240","9642"
"20260718","6:30","9502","2954","1202","4606","108","426","492","118","740","290","0","52","0","0","-12","1708","244","9512"
"20260718","7:00","9428","2954","1002","4452","108","422","442","114","746","648","0","52","0","0","-24","1724","240","9432"
"20260718","7:30","9610","2956","796","4422","116","424","402","118","740","1142","0","54","0","0","-18","1768","238","9622"
"20260718","8:00","9902","2958","742","4240","118","422","372","114","738","1616","0","50","0","0","-14","1692","238","9902"
"20260718","8:30","10464","2960","754","4026","124","422","374","118","734","2134","0","52","0","-216","-10","1232","236","10476"
"20260718","9:00","10966","2958","950","3964","128","424","372","114","736","2708","0","50","0","-354","-16","1304","236","10966"
"20260718","9:30","11346","2962","938","3482","134","426","370","118","736","3214","0","50","0","-272","-2","1032","234","11358"
"20260718","10:00","11474","2952","940","2958","132","422","368","114","732","3756","0","52","0","-350","-10","824","232","11474"
"20260718","10:30","11710","2962","972","2972","136","412","364","118","734","4540","0","80","0","-570","-8","1220","232","11724"
"20260718","11:00","11982","2956","842","2752","134","402","358","112","736","5322","0","84","0","-662","0","1288","232","11980"
"20260718","11:30","12074","2964","844","2738","134","400","358","118","734","5838","0","70","0","-828","-4","1512","232","12086"
"20260718","12:00","12168","2958","922","2814","136","420","354","112","732","5976","0","58","0","-810","4","1744","234","12166"
"20260718","12:30","12310","2964","930","2780","138","420","356","116","734","6188","0","66","0","-806","2","1804","232","12316"
"20260718","13:00","12466","2960","866","2720","138","420","354","114","738","6380","0","54","0","-682","2","1824","232","12472"
"20260718","13:30","12488","2952","870","2778","138","422","356","116","732","6250","0","48","0","-582","2","1816","232","12498"
"20260718","14:00","12490","2956","798","2824","140","422","358","114","730","6182","0","42","0","-844","0","1468","236","12490"
"20260718","14:30","12418","2950","732","3426","140","424","358","114","730","5956","0","48","0","-944","-16","1728","234","12424"
"20260718","15:00","12786","2954","878","3730","142","420","364","116","734","5888","0","44","0","-836","14","1888","232","12792"
"20260718","15:30","12782","2944","1004","3888","144","426","362","114","732","5454","0","52","0","-538","18","2040","232","12792"
"20260718","16:00","13056","2942","1302","4130","148","420","394","114","730","4962","0","50","0","-66","12","2312","232","13058"
"20260718","16:30","13092","2940","1546","4286","154","426","602","114","732","4278","0","56","0","0","6","2272","230","13098"
"20260718","17:00","13286","2946","1694","4524","158","424","780","116","734","3490","0","48","0","0","40","1896","234","13292"
"20260718","17:30","13268","2942","1742","4744","164","414","984","114","734","2528","0","44","0","0","22","1392","234","13274"
"20260718","18:00","13288","2948","1896","4784","164","412","1032","116","736","1688","0","44","0","350","16","1148","256","13294"
"20260718","18:30","13192","2932","1914","4782","170","414","1040","116","736","980","0","44","0","858","36","1096","278","13204"
"20260718","19:00","13048","2936","1924","4788","166","410","1060","114","734","414","0","44","0","1302","48","1184","292","13048"
"20260718","19:30","12912","2934","1918","4786","166","404","1056","116","732","106","0","50","0","1582","40","1260","292","12922"
"20260718","20:00","12656","2930","1904","4790","162","406","1048","114","742","42","0","56","0","1472","38","1336","292","12660"
"20260718","20:30","12300","2934","1918","4794","160","404","1012","116","734","34","0","68","0","1052","4","1192","276","12314"
"20260718","21:00","12194","2938","1928","4788","150","402","986","114","738","32","0","68","0","516","-16","720","268","12192"
"20260718","21:30","11802","2952","1842","4788","148","406","798","118","740","28","0","68","0","76","-2","404","254","11812"
"20260718","22:00","11410","2950","1704","4788","142","404","676","112","744","18","0","66","0","-2","-4","424","238","11412"
"20260718","22:30","11192","2954","1802","4792","136","402","598","116","740","6","0","78","0","0","2","656","236","11206"
"20260718","23:00","10860","2948","1598","4762","126","396","552","114","740","0","0","66","0","0","-6","676","238","10858"
"20260718","23:30","10676","2952","1590","4768","124","396","470","118","724","2","0","68","0","0","6","768","236","10686"
"20260718","24:00","10226","2958","1338","4666","116","396","430","114","718","0","0","68","0","0","-10","804","238","10228"
"20260719","0:30","9798","2962","1246","4658","112","384","398","118","710","2","0","68","0","0","2","1084","236","9812"
"20260719","1:00","9438","2956","1138","4636","106","378","386","114","718","0","0","60","0","0","0","1292","236","9436"
"20260719","1:30","9156","2958","1126","4586","106","390","388","118","724","2","0","70","0","0","6","1540","234","9168"
"20260719","2:00","9012","2960","932","4666","104","398","390","114","730","0","0","62","0","0","-2","1576","234","9012"
"20260719","2:30","8868","2952","806","4706","102","398","396","118","732","0","0","62","0","0","-6","1624","234","8876"
"20260719","3:00","8872","2950","744","4786","96","406","404","114","736","0","0","54","0","0","4","1652","234","8876"
"20260719","3:30","8950","2954","758","4794","100","400","496","118","730","0","0","60","0","0","0","1680","234","8964"
"20260719","4:00","8996","2950","778","4746","98","392","566","114","734","0","0","46","0","0","-8","1656","234","8994"
"20260719","4:30","9050","2950","800","4766","100","388","604","118","734","0","0","50","0","0","-2","1680","234","9062"
"20260719","5:00","9268","2946","1010","4758","98","388","572","114","736","0","0","44","0","0","12","1644","234","9268"
"20260719","5:30","9366","2948","1138","4688","104","390","680","118","736","2","0","48","0","0","-14","1700","240","9378"
"20260719","6:00","9306","2950","1048","4692","102","390","656","114","736","48","0","42","0","0","-2","1708","236","9304"
"20260719","6:30","9228","2950","932","4590","108","390","446","118","722","330","0","50","0","0","2","1632","234","9240"
"20260719","7:00","9078","2940","720","4304","108","390","412","114","716","730","0","50","0","-94","-10","1536","234","9078"
"20260719","7:30","9260","2956","690","4026","114","372","388","118","716","1404","0","48","0","-336","-8","1448","232","9272"
"20260719","8:00","9418","2948","720","3934","110","380","390","114","720","2178","0","46","0","-584","0","1768","232","9420"
"20260719","8:30","9892","2954","854","3492","118","416","366","118","712","2990","0","40","0","-580","8","1812","230","9906"
"20260719","9:00","10264","2954","850","3248","120","414","360","114","724","3762","0","34","0","-560","-8","1980","230","10262"
"20260719","9:30","10806","2954","740","3160","126","418","370","118","734","4526","0","40","0","-588","-10","1996","226","10818"
"20260719","10:00","11120","2956","760","3170","126","412","368","114","738","4970","0","38","0","-644","-10","2104","226","11120"
"20260719","10:30","11366","2954","772","3198","130","416","368","118","736","5374","0","50","0","-1136","-14","1816","226","11376"
"20260719","11:00","11466","2952","652","3202","128","416","362","114","734","5880","0","48","0","-1724","-12","1508","224","11468"
"20260719","11:30","11586","2954","600","3148","134","416","352","118","732","6182","0","50","0","-1752","6","1572","224","11592"
"20260719","12:00","11944","2954","548","2740","132","400","352","112","732","6814","0","44","0","-1860","0","1244","226","11950"
"20260719","12:30","12366","2958","552","2654","136","398","348","116","732","7310","0","50","0","-1750","2","1352","224","12378"
"20260719","13:00","12450","2952","590","2808","132","396","348","114","732","7270","0","54","0","-1666","14","1520","226","12450"
"20260719","13:30","12194","2958","630","2844","138","398","348","116","732","6936","0","58","0","-1616","20","1584","224","12202"
"20260719","14:00","12128","2948","750","3114","134","410","346","114","734","6382","0","58","0","-1606","14","1492","226","12132"
"20260719","14:30","12072","2948","818","3322","140","396","348","116","734","5874","0","56","0","-1602","10","1304","226","12082"
"20260719","15:00","12180","2948","762","3414","138","380","356","114","734","5586","0","50","0","-1552","-24","948","224","12182"
"20260719","15:30","12204","2944","894","3334","146","384","352","116","732","5066","0","52","0","-1032","-18","984","224","12210"
"20260719","16:00","12164","2948","972","3884","142","380","386","114","734","4368","0","48","0","-560","-16","1456","226","12170"
"20260719","16:30","12428","2946","1202","4354","152","366","442","116","734","3752","0","44","0","-388","-12","1496","224","12436"
"20260719","17:00","12528","2944","1522","4182","150","360","484","114","736","3024","0","36","0","-42","6","1212","228","12532"
"20260719","17:30","12826","2934","1878","4554","158","362","670","116","734","2318","0","32","0","0","22","1176","236","12838"
"20260719","18:00","12920","2948","1924","4762","164","366","844","114","738","1504","0","26","0","122","36","880","250","12918"
"20260719","18:30","12876","2940","1906","4768","166","390","984","114","734","866","0","28","0","600","26","900","262","12884"
"20260719","19:00","12734","2932","1896","4764","162","388","1020","116","738","352","0","24","0","1126","34","1092","280","12740"
"20260719","19:30","12638","2924","1916","4782","164","390","1038","116","734","108","0","32","0","1496","36","1372","282","12646"
"20260719","20:00","12544","2928","1914","4794","160","392","1018","114","736","58","0","34","0","1358","34","1276","284","12548"
"20260719","20:30","12252","2930","1912","4788","154","392","954","114","734","48","0","28","0","654","30","756","276","12258"
"20260719","21:00","11920","2926","1828","4790","150","386","918","116","732","38","0","30","0","400","14","668","266","11926"
"20260719","21:30","11696","2938","1794","4798","146","372","900","118","732","34","0","38","0","294","0","704","250","11710"
"20260719","22:00","11346","2938","1888","4792","136","376","708","112","734","24","0","32","0","242","12","892","242","11344"
"20260719","22:30","11068","2944","1832","4788","134","370","588","118","732","14","0","28","0","270","4","976","234","11080"
"20260719","23:00","10764","2948","1702","4790","126","368","558","112","734","8","0","22","0","126","-20","944","234","10764"
"20260719","23:30","10586","2950","1766","4794","122","372","486","118","734","2","0","20","0","68","-2","1064","232","10598"
"20260719","24:00","10124","2944","1686","4786","110","386","426","112","734","0","0","18","0","0","-12","1300","234","10124"
"20260720","0:30","9732","2952","1640","4578","112","368","406","116","734","2","0","20","0","0","-4","1408","230","9746"
"20260720","1:00","9406","2954","1304","4474","102","358","400","114","738","0","0","22","0","0","2","1292","228","9404"
"20260720","1:30","9120","2956","1052","4492","104","368","388","118","732","2","0","16","0","0","0","1324","228","9132"
"20260720","2:00","8938","2948","1036","4314","102","378","382","114","732","0","0","14","0","0","8","1320","230","8938"
"20260720","2:30","8894","2952","1202","4142","100","380","384","118","736","2","0","16","0","0","4","1360","228","8904"
"20260720","3:00","8880","2948","1182","4052","94","378","390","114","740","0","0","10","0","0","-4","1252","230","8882"
"20260720","3:30","8892","2952","1152","4044","98","390","458","118","738","0","0","12","0","0","12","1300","228","8902"
"20260720","4:00","8930","2946","1166","3922","98","388","528","114","742","0","0","10","0","0","12","1224","230","8932"
"20260720","4:30","9098","2942","1184","3848","100","388","604","118","742","0","0","14","0","0","8","1068","228","9108"
"20260720","5:00","9362","2944","1154","3838","100","390","620","114","738","0","0","14","0","0","-6","772","230","9364"
"20260720","5:30","9626","2948","1190","3848","104","378","704","118","740","2","0","14","0","0","-6","636","232","9636"
"20260720","6:00","9578","2946","1184","3830","106","360","684","114","742","28","0","8","0","128","-12","768","230","9580"
"20260720","6:30","9538","2946","1114","3838","108","380","486","116","740","236","0","16","0","148","-14","816","248","9546"
"20260720","7:00","9578","2946","1090","3844","112","426","426","116","742","652","0","12","0","182","12","1268","290","9582"
"20260720","7:30","9880","2950","1130","3846","116","408","386","118","742","1258","0","16","0","212","8","1592","296","9894"
"20260720","8:00","10188","2950","1078","3774","116","420","356","114","738","1926","0","12","0","42","6","1640","296","10188"
"20260720","8:30","10612","2950","820","3582","124","452","338","118","736","2736","0","10","0","0","-16","1520","294","10624"
"20260720","9:00","11208","2946","946","3480","132","438","336","116","738","3540","0","8","0","-186","-6","1572","292","11208"
"20260720","9:30","11728","2956","870","3256","138","430","340","118","738","4386","0","10","0","92","2","1892","292","11736"
"20260720","10:00","12232","2952","922","3156","136","418","344","116","736","4902","0","8","0","176","2","1924","292","12236"
"20260720","10:30","12400","2960","1018","3368","136","416","342","118","734","5186","0","10","0","-176","8","2000","292","12412"
"20260720","11:00","12582","2958","822","3414","136","418","338","114","734","5474","0","10","0","-556","-8","1564","292","12582"
"20260720","11:30","12730","2964","778","3350","140","416","354","118","734","6006","0","14","0","-894","-10","1520","292","12742"
"20260720","12:00","12652","2960","772","3012","136","418","350","114","736","6220","0","10","0","-1372","-10","984","292","12654"
"20260720","12:30","12786","2960","842","3300","142","444","346","118","736","6766","0","14","0","-1422","-16","1728","292","12794"
"20260720","13:00","13158","2948","788","3156","142","446","346","112","736","7234","0","8","0","-1378","2","1672","294","13162"
"20260720","13:30","13036","2946","870","3240","146","444","332","118","736","7086","0","12","0","-1402","8","1780","292","13048"
"20260720","14:00","13320","2948","936","3292","144","444","332","112","732","7102","0","12","0","-1470","4","1560","292","13320"
"20260720","14:30","13308","2948","1108","3476","148","444","340","118","738","6866","0","12","0","-1686","16","1496","290","13322"
"20260720","15:00","13436","2942","1304","3548","142","458","342","112","740","6490","0","12","0","-1622","14","1340","292","13434"
"20260720","15:30","13582","2946","1434","3564","148","464","346","114","734","6026","0","18","0","-1060","-2","1432","290","13590"
"20260720","16:00","13672","2940","1802","3820","152","466","380","116","744","5202","0","18","0","-190","-12","2052","292","13678"
"20260720","16:30","13878","2944","2334","3840","154","440","424","114","738","4356","0","20","0","0","8","1780","294","13886"
"20260720","17:00","13748","2942","2618","3842","158","422","568","116","736","3354","0","16","0","142","-8","1452","296","13750"
"20260720","17:30","13858","2944","2816","3838","162","420","662","116","740","2350","0","20","0","764","16","1296","316","13868"
"20260720","18:00","13814","2946","2898","3838","164","418","938","114","742","1506","0","12","0","930","-14","1012","336","13816"
"20260720","18:30","13846","2940","2906","3838","170","414","992","116","740","860","0","6","0","1332","12","800","330","13856"
"20260720","19:00","13688","2946","2922","3836","166","412","994","114","744","354","0","0","0","1198","6","340","338","13690"
"20260720","19:30","13456","2934","2934","3840","168","406","1014","116","740","88","0","2","0","1268","2","384","338","13466"
"20260720","20:00","13210","2950","2940","3842","166","412","1012","114","744","34","0","4","0","1202","2","548","338","13212"
"20260720","20:30","12920","2930","2948","3840","160","406","998","118","742","34","0","2","0","1170","0","752","334","12930"
"20260720","21:00","12654","2936","2920","3844","156","410","912","114","742","36","0","0","0","1022","-6","756","326","12656"
"20260720","21:30","12322","2948","2978","3846","150","384","874","118","744","38","0","0","0","836","-4","884","302","12330"
"20260720","22:00","12032","2948","2980","3850","144","380","652","114","750","36","0","2","0","498","-2","612","296","12036"
"20260720","22:30","11620","2952","2922","3850","138","378","568","118","748","36","0","2","0","246","-6","616","296","11632"
"20260720","23:00","11306","2950","2878","3848","126","392","462","114","754","28","0","2","0","168","2","716","298","11306"
"20260720","23:30","11012","2960","2594","3852","124","402","416","118","754","10","0","2","0","140","-4","640","298","11026"
"20260720","24:00","10496","2948","2246","3846","118","440","398","114","754","0","0","0","0","42","-10","700","298","10494"
"20260721","0:30","10110","2958","1838","3852","114","434","378","118","756","2","0","0","0","-110","-12","500","294","10122"
"20260721","1:00","9674","2954","1838","3848","108","434","374","114","764","0","0","0","0","-286","-2","764","292","9674"
"20260721","1:30","9314","2954","1600","3848","108","436","376","118","770","0","0","0","0","-272","-18","888","292","9324"
"20260721","2:00","9230","2956","1532","3852","102","436","378","114","772","0","0","0","0","-354","-22","828","294","9232"
"20260721","2:30","9132","2958","1648","3856","100","436","358","116","772","0","0","2","0","-540","-18","840","292","9140"
"20260721","3:00","9180","2954","1634","3846","100","438","342","116","776","0","0","2","0","-722","-4","592","294","9184"
"20260721","3:30","9144","2954","1672","3850","98","446","508","118","774","0","0","2","0","-584","18","996","292","9152"
"20260721","4:00","9162","2954","1630","3848","98","446","538","114","774","2","0","2","0","-332","12","1212","292","9166"
"20260721","4:30","9292","2954","1510","3850","100","444","536","116","778","0","0","4","0","0","6","1288","292","9302"
"20260721","5:00","9676","2948","1782","3846","98","446","530","116","782","0","0","2","0","-202","14","976","292","9678"
"20260721","5:30","9926","2952","1678","3834","104","448","560","118","780","0","0","4","0","-278","-6","560","296","9930"
"20260721","6:00","10002","2948","1680","3850","106","456","580","116","784","42","0","4","0","-306","-20","524","294","10010"
"20260721","6:30","10102","2942","1694","3846","112","456","546","118","784","318","0","4","0","-286","6","720","292","10112"
"20260721","7:00","10236","2946","1438","3852","112","458","406","116","784","790","0","2","0","-288","-16","652","292","10240"
"20260721","7:30","10610","2948","1298","3852","120","452","374","118","780","1540","0","2","0","-90","-20","1044","292","10622"
"20260721","8:00","11234","2948","1432","3846","126","448","360","114","778","2376","0","2","0","0","14","1500","290","11234"
"20260721","8:30","12160","2952","1684","3846","138","456","482","118","770","3202","0","2","0","74","14","1856","290","12172"
"20260721","9:00","13168","2952","1700","3840","144","460","552","114","766","4048","0","0","0","172","-10","1860","290","13168"
"20260721","9:30","13638","2956","1724","3848","148","448","806","118","764","4776","0","4","0","132","-12","2344","288","13656"
"20260721","10:00","14272","2956","1570","3820","150","462","716","114","760","5662","0","6","0","138","-2","2372","286","14266"
"20260721","10:30","14480","2952","1554","3814","148","462","402","116","762","6314","0","10","0","-278","-14","2044","286","14484"
"20260721","11:00","14530","2954","1748","3844","148","432","338","116","760","6654","0","10","0","-576","6","2184","286","14536"
"20260721","11:30","15234","2960","1680","3862","152","384","340","118","750","7420","0","10","0","-528","0","2188","286","15246"
"20260721","12:00","15276","2954","1678","3884","152","376","342","112","740","7708","0","14","0","-996","-6","1968","286","15276"
"20260721","12:30","14934","2960","1738","3936","156","374","342","118","744","7670","0","16","0","-1144","2","2252","288","14948"
"20260721","13:00","14930","2958","1896","3992","150","370","340","114","750","7674","0","16","0","-1498","2","2124","288","14928"
"20260721","13:30","15222","2956","2332","4200","156","378","326","116","752","7554","0","24","0","-1368","-2","2480","288","15232"
"20260721","14:00","15268","2954","2336","4246","158","422","322","114","756","7256","0","24","0","-1426","-6","2172","286","15270"
"20260721","14:30","15164","2958","2146","4432","158","446","554","116","762","7084","0","24","0","-1628","10","2176","286","15172"
"20260721","15:00","15258","2952","2106","4428","158","448","590","114","760","6668","0","22","0","-1332","6","1948","288","15260"
"20260721","15:30","15332","2958","2228","4498","164","452","682","114","758","6098","0","20","0","-842","6","2088","292","15340"
"20260721","16:00","15416","2954","2706","4650","166","452","860","114","754","5330","0","14","0","-374","6","2500","288","15420"
"20260721","16:30","15466","2952","2984","4782","172","446","908","114","762","4444","0","14","0","124","14","2532","290","15474"
"20260721","17:00","15390","2942","2972","4782","172","466","924","114","768","3472","0","10","0","1008","18","2556","302","15394"
"20260721","17:30","15386","2946","2998","4784","172","500","1008","114","764","2574","0","16","0","1682","32","2516","320","15394"
"20260721","18:00","15290","2942","3018","4780","174","506","1034","116","768","1666","0","18","0","1838","30","1936","338","15292"
"20260721","18:30","15078","2948","3004","4792","176","508","1048","114","766","960","0","24","0","1858","34","1484","338","15086"
"20260721","19:00","14816","2940","3038","4780","178","514","1054","116","770","372","0","22","0","1758","30","1100","344","14816"
"20260721","19:30","14550","2938","3102","4788","174","512","1050","118","764","92","0","24","0","1842","34","1212","338","14564"
"20260721","20:00","14360","2932","3084","4784","170","512","1046","112","764","22","0","20","0","988","10","428","340","14356"
"20260721","20:30","13842","2934","2908","4788","166","508","864","116","764","22","0","20","0","772","-2","336","328","13852"
"20260721","21:00","13450","2934","2958","4782","160","502","820","114","764","26","0","16","0","734","-4","664","310","13452"
"20260721","21:30","13056","2940","2872","4790","154","468","734","118","764","34","0","14","0","668","-20","764","294","13066"
"20260721","22:00","12598","2936","2852","4790","146","448","714","112","762","38","0","10","0","558","-18","1040","292","12600"
"20260721","22:30","12260","2954","2930","4792","138","442","698","118","766","38","0","10","0","490","-12","1384","292","12272"
"20260721","23:00","11856","2952","3006","4788","126","430","630","114","766","28","0","24","0","298","10","1608","292","11856"
"20260721","23:30","11618","2954","3096","4792","124","432","596","118","768","20","0","46","0","250","0","1860","292","11628"
"20260721","24:00","11096","2956","2886","4792","112","430","514","114","764","10","0","50","0","122","6","1952","294","11098"
"20260722","0:30","10670","2958","2286","4644","114","392","482","118","766","12","0","42","0","44","6","1472","294","10686"
"20260722","1:00","10272","2954","2184","4118","106","370","484","114","764","6","0","48","0","-240","4","936","292","10268"
"20260722","1:30","9884","2962","2182","4088","104","372","476","118","766","8","0","50","0","-274","-2","1248","292","9894"
"20260722","2:00","9728","2954","2118","4202","100","366","404","114","764","8","0","76","0","-280","-2","1388","294","9730"
"20260722","2:30","9624","2962","1790","4606","100","352","372","118","768","2","0","96","0","-272","-2","1548","292","9636"
"20260722","3:00","9566","2952","1662","4794","98","358","344","114","770","0","0","82","0","-302","-4","1596","294","9566"
"20260722","3:30","9554","2956","1724","4792","98","366","486","118","774","2","0","62","0","-312","-12","1784","292","9562"
"20260722","4:00","9636","2958","1746","4796","98","370","490","114","772","0","0","66","0","-294","4","1772","292","9640"
"20260722","4:30","9618","2948","1654","4788","100","370","524","118","772","2","0","52","0","-312","-2","1676","292","9630"
"20260722","5:00","9920","2952","1632","4790","98","370","648","114","774","0","0","44","0","-300","12","1508","294","9920"
"20260722","5:30","10178","2942","1542","4790","104","372","700","120","772","2","0","28","0","-302","-6","1164","292","10192"
"20260722","6:00","10210","2946","1622","4784","108","370","666","116","772","42","0","18","0","-298","18","1248","292","10208"
"20260722","6:30","10318","2944","1732","4790","110","370","636","120","770","344","0","12","0","-300","4","1496","292","10328"
"20260722","7:00","10504","2946","1396","4788","112","368","440","116","774","898","0","4","0","-298","-18","1312","292","10506"
"20260722","7:30","10974","2948","1380","4688","122","370","350","118","766","1786","0","2","0","-300","-10","1532","292","10980"
"20260722","8:00","11592","2950","1312","4664","126","372","322","116","752","2756","0","2","0","-336","-20","1708","292","11600"
"20260722","8:30","12386","2950","1442","4678","138","372","316","118","740","3748","0","4","0","-570","-20","1812","290","12394"
"20260722","9:00","13286","2944","1504","4762","148","370","310","116","742","4698","0","2","0","-578","-8","2012","292","13290"
"20260722","9:30","13882","2958","1740","4786","154","338","314","118","738","5620","0","4","0","-870","10","2276","264","13898"
"20260722","10:00","14150","2952","1638","4784","150","300","326","114","738","6296","0","4","0","-1220","12","2104","226","14216"
"20260722","10:30","14430","2956","1700","4770","152","302","364","118","736","6878","0","10","0","-1402","8","2372","218","14438"
"20260722","11:00","14798","2958","1544","4780","152","306","390","114","742","7280","0","8","0","-1496","8","2272","220","14734"
"20260722","11:30","14920","2952","1498","4790","154","302","338","118","740","7644","0","6","0","-1514","6","2328","218","14924"
"20260722","12:00","15080","2958","1566","4780","154","304","316","114","736","7810","0","4","0","-1356","12","2568","220","15050"
"20260722","12:30","13688","2956","1398","4714","156","312","300","118","740","7874","0","2","0","-1764","-4","2212","220","14810"
"20260722","13:00","14904","2956","1258","4676","154","304","286","114","738","7902","0","6","0","-1762","8","1956","220","14904"
"20260722","13:30","15046","2954","1612","4788","158","298","294","116","736","7698","0","8","0","-1490","6","2340","220","15058"
"20260722","14:00","15364","2960","1894","4782","150","296","292","116","736","7578","0","6","0","-1240","2","2424","218","15366"
"20260722","14:30","15616","2956","2014","4776","156","298","324","118","734","7472","0","8","0","-948","4","2500","218","15630"
"20260722","15:00","15584","2954","2068","4788","158","306","350","114","736","6900","0","14","0","-820","-4","2200","220","15584"
"20260722","15:30","15600","2960","2264","4776","160","382","430","116","740","6334","0","14","0","-562","-12","2208","220","15614"
"20260722","16:00","15584","2952","2634","4792","164","432","766","114","740","5452","0","12","0","-386","-12","2296","218","15582"
"20260722","16:30","15716","2958","2762","4782","168","438","922","116","740","4560","0","8","0","18","-12","1956","220","15724"
"20260722","17:00","15490","2954","2960","4788","168","446","944","116","742","3528","0","6","0","318","-18","1700","238","15490"
"20260722","17:30","15242","2936","3000","4784","170","486","962","114","746","2566","0","2","0","650","-10","1420","264","15250"
"20260722","18:00","14978","2932","3000","4776","174","488","968","116","744","1716","0","6","0","1170","2","1396","284","14980"
"20260722","18:30","14826","2930","3016","4784","174","488","1028","116","742","942","0","4","0","1550","22","1240","286","14842"
"20260722","19:00","14596","2934","2992","4778","172","486","1024","114","750","376","0","2","0","1580","-2","900","288","14594"
"20260722","19:30","14312","2936","3004","4784","172","490","1020","116","744","98","0","8","0","1636","10","984","288","14322"
"20260722","20:00","13986","2930","3032","4782","170","486","840","114","748","42","0","8","0","1610","2","1064","286","13986"
"20260722","20:30","13708","2946","3022","4782","164","470","818","118","740","28","0","6","0","1750","18","1400","258","13720"
"20260722","21:00","13528","2950","3022","4784","162","404","766","114","742","18","0","8","0","1202","-20","864","240","13528"
"20260722","21:30","12984","2948","2998","4784","150","342","678","118","746","12","0","4","0","1068","-2","1076","224","12994"
"20260722","22:00","12588","2948","3008","4790","142","338","660","114","746","4","0","4","0","906","-20","1276","226","12590"
"20260722","22:30","12252","2950","3008","4796","136","332","628","120","744","2","0","6","0","1066","-4","1740","222","12266"
"20260722","23:00","11982","2950","3002","4788","132","320","594","114","750","2","0","2","0","524","0","1420","222","11980"
"20260722","23:30","11582","2948","3010","4798","124","320","568","120","748","2","0","6","0","348","-2","1616","224","11598"
"20260722","24:00","11110","2950","2970","4788","116","320","458","116","744","0","0","10","0","172","-10","1752","224","11106"
"20260723","0:30","10548","2952","2590","4788","114","318","354","120","744","2","0","10","0","0","2","1656","222","10560"
"20260723","1:00","10112","2948","2606","4758","106","320","318","116","746","4","0","16","0","0","0","2048","222","10112"
"20260723","1:30","9728","2954","2218","4582","106","320","302","120","748","0","0","18","0","0","0","1848","220","9740"
"20260723","2:00","9540","2956","2142","4594","106","318","310","114","746","2","0","24","0","0","-2","1992","222","9540"
"20260723","2:30","9394","2952","1866","4592","102","316","328","120","744","2","0","20","0","0","4","1856","220","9410"
"20260723","3:00","9352","2948","1818","4590","98","314","334","114","748","0","0","20","0","0","-2","1856","222","9348"
"20260723","3:30","9394","2960","1824","4492","98","316","458","120","746","2","0","20","0","0","2","1856","220","9402"
"20260723","4:00","9468","2956","1884","4644","98","314","472","116","748","0","0","24","0","-198","-16","1792","222","9472"
"20260723","4:30","9454","2958","1792","4750","100","314","582","120","748","2","0","22","0","-304","-2","1840","220","9462"
"20260723","5:00","9684","2956","1786","4750","102","314","634","116","746","0","0","22","0","-102","6","1864","222","9688"
"20260723","5:30","10002","2956","1808","4678","106","314","654","120","748","2","0","18","0","0","-4","1608","220","10012"
"20260723","6:00","10022","2950","1810","4698","106","316","658","116","752","46","0","14","0","0","0","1664","222","10024"
"20260723","6:30","10224","2956","1998","4660","112","342","554","120","748","382","0","12","0","0","-4","1888","240","10232"
"20260723","7:00","10500","2948","1690","4680","116","372","384","116","750","990","0","12","0","-226","0","1608","282","10506"
"20260723","7:30","10928","2954","1400","4732","122","372","364","120","746","1892","0","6","0","-294","-4","1756","288","10942"
"20260723","8:00","11552","2944","1250","4654","124","374","360","116","742","2870","0","2","0","-550","-4","1620","288","11550"
"20260723","8:30","12400","2950","1536","4758","138","376","320","120","744","3884","0","6","0","-830","10","1888","288","12412"
"20260723","9:00","13358","2942","1472","4790","144","376","314","114","738","4866","0","4","0","-832","-14","1844","288","13358"
"20260723","9:30","13936","2948","1456","4784","148","382","308","118","738","5768","0","4","0","-1144","0","1856","288","13942"
"20260723","10:00","14478","2948","1520","4788","152","386","308","116","742","6550","0","2","0","-1180","0","2136","286","14482"
"20260723","10:30","14822","2942","1482","4782","152","382","298","118","742","7230","0","4","0","-1552","6","2036","286","14836"
"20260723","11:00","15246","2948","1604","4782","148","386","298","114","740","7776","0","10","0","-1788","6","2068","288","15244"
"20260723","11:30","15410","2944","1616","4780","154","392","300","118","740","7952","0","20","0","-1780","4","2108","288","15420"
"20260723","12:00","15516","2944","1572","4780","152","406","306","114","740","8068","0","26","0","-1848","4","2032","288","15520"
"20260723","12:30","15476","2948","1500","4680","156","406","306","118","744","8212","0","56","0","-1984","6","1952","288","15484"
"20260723","13:00","15314","2948","1556","4708","156","410","300","114","748","8018","0","68","0","-2148","-6","1840","286","15318"
"20260723","13:30","15188","2950","2106","4790","156","420","314","116","758","7456","0","54","0","-2122","-2","2088","288","15196"
"20260723","14:00","15304","2952","2428","4782","160","392","316","116","762","7088","0","50","0","-1604","12","2432","286","15308"
"20260723","14:30","15324","2954","2322","4786","160","390","310","116","766","6768","0","50","0","-1426","6","2152","288","15338"
"20260723","15:00","15348","2950","2598","4784","166","398","314","114","770","6248","0","40","0","-874","0","2448","286","15346"
"20260723","15:30","15424","2948","2616","4772","166","408","362","116","774","5630","0","40","0","-518","-6","2156","286","15438"
"20260723","16:00","15376","2950","2884","4792","168","464","622","116","774","4912","0","38","0","-254","-10","2368","286","15374"
"20260723","16:30","15590","2944","3114","4784","174","516","870","116","776","4196","0","26","0","24","-10","2224","296","15602"
"20260723","17:00","15450","2950","3388","4780","172","542","922","116","780","3298","0","18","0","550","10","2388","312","15450"
"20260723","17:30","15412","2946","3560","4780","176","548","948","118","788","2490","0","20","0","1150","-16","2412","328","15424"
"20260723","18:00","15292","2950","3550","4780","180","548","958","114","796","1688","0","26","0","1360","20","2028","348","15290"
"20260723","18:30","15162","2936","3548","4778","180","548","994","118","796","968","0","22","0","1452","36","1556","352","15172"
"20260723","19:00","14870","2926","3538","4778","184","548","990","114","800","402","0","20","0","1308","24","1116","356","14872"
"20260723","19:30","14516","2928","3542","4768","178","550","958","118","798","86","0","20","0","1378","32","1184","354","14526"
"20260723","20:00","14232","2928","3568","4786","170","548","952","114","802","34","0","16","0","1064","26","1120","344","14232"
"20260723","20:30","13802","2938","3554","4780","168","540","948","118","796","32","0","14","0","788","0","1188","328","13816"
"20260723","21:00","13448","2926","3566","4778","162","512","756","114","802","24","0","12","0","926","14","1456","310","13446"
"20260723","21:30","13140","2942","3574","4790","156","504","648","118","816","16","0","12","0","782","20","1516","292","13154"
"20260723","22:00","12718","2938","3566","4784","144","498","624","116","820","6","0","16","0","756","-6","1836","290","12716"
"20260723","22:30","12412","2940","3576","4794","140","488","594","118","818","2","0","18","0","796","-2","2152","290","12420"
"20260723","23:00","12160","2942","3162","4786","134","480","562","116","820","0","0","16","0","212","-2","1352","288","12164"
"20260723","23:30","11758","2940","3108","4790","128","474","538","118","824","2","0","12","0","0","0","1456","290","11768"
"20260723","24:00","11312","2948","3042","4794","120","478","432","114","820","2","0","12","0","0","-16","1720","288","11314"
"20260724","0:30","10606","2942","2656","4790","118","464","398","118","820","4","0","14","0","0","-16","1984","290","10614"
"20260724","1:00","10116","2946","2128","4550","106","462","368","114","818","2","0","12","0","0","-18","1656","288","10120"
"20260724","1:30","9802","2942","2070","4168","108","458","328","120","820","2","0","10","0","0","-16","1488","288","9810"
"20260724","2:00","9578","2948","1678","4446","106","462","298","118","820","2","0","8","0","0","-2","1592","290","9582"
"20260724","2:30","9428","2954","1336","4788","104","462","298","120","820","2","0","8","0","0","-18","1720","288","9442"
"20260724","3:00","9454","2954","1402","4776","100","462","296","118","822","0","0","8","0","-214","6","1568","290","9452"
"20260724","3:30","9424","2956","1692","4794","102","460","306","120","822","2","0","6","0","-456","8","1664","288","9436"
"20260724","4:00","9394","2954","1736","4786","98","462","304","118","824","0","0","2","0","-566","2","1616","290","9394"
"20260724","4:30","9482","2956","1804","4796","102","460","318","120","824","2","0","2","0","-300","6","1888","288","9490"
"20260724","5:00","9758","2950","1804","4794","102","466","352","118","822","0","0","2","0","-296","6","1648","290","9762"
"20260724","5:30","9980","2958","1754","4790","106","470","352","120","822","2","0","4","0","-298","-8","1376","294","9990"
"20260724","6:00","10044","2954","1786","4784","112","446","342","118","826","42","0","2","0","-48","-8","1600","290","10046"
"20260724","6:30","10204","2954","1940","4794","114","444","318","120","830","358","0","2","0","0","-10","1936","288","10216"
"20260724","7:00","10444","2952","1824","4780","118","436","318","118","826","922","0","0","0","0","-4","2136","290","10444"
"20260724","7:30","10856","2950","1544","4794","124","428","296","120","824","1770","0","2","0","0","-22","2248","288","10870"
"20260724","8:00","11486","2948","1464","4756","128","416","286","114","822","2706","0","-2","0","-210","-10","2224","288","11482"
"20260724","8:30","12410","2948","1762","4770","144","416","292","118","820","3712","0","0","0","-498","12","2360","288","12424"
"20260724","9:00","13262","2944","1794","4790","148","418","294","114","814","4660","0","0","0","-544","-2","2456","288","13262"
"20260724","9:30","13998","2952","1456","4734","154","418","298","118","820","5578","0","0","0","-544","-6","2256","288","14010"
"20260724","10:00","14530","2942","1528","4762","154","412","286","114","826","6262","0","0","0","-870","0","2172","286","14530"
"20260724","10:30","14730","2948","1414","4782","152","422","288","118","826","6828","0","2","0","-1178","2","2148","286","14742"
"20260724","11:00","15120","2942","1174","4750","154","420","284","114","818","7416","0","2","0","-1414","-16","1812","286","15118"
"20260724","11:30","15194","2944","1184","4744","156","416","286","116","814","7704","0","8","0","-1446","4","2016","286","15200"
"20260724","12:00","15352","2940","1474","4784","158","418","284","116","812","7828","0","10","0","-1434","-16","2304","288","15358"
"20260724","12:30","15132","2940","1494","4580","162","428","280","116","814","7788","0","12","0","-1546","-6","2208","288","15142"
"20260724","13:00","15076","2944","1452","4664","160","444","278","116","824","7764","0","8","0","-1766","10","2108","286","15076"
"20260724","13:30","15452","2948","1702","4740","166","450","280","116","824","7796","0","8","0","-1696","24","2184","286","15460"
"20260724","14:00","15498","2940","1938","4758","164","452","302","114","832","7414","0","4","0","-1344","10","2368","286","15502"
"20260724","14:30","15532","2946","2168","4760","168","456","320","116","834","6900","0","6","0","-894","10","2528","286","15548"
"20260724","15:00","15426","2950","2242","4738","164","478","316","114","832","6452","0","4","0","-590","-4","2560","286","15422"
"20260724","15:30","15612","2950","2490","4760","172","480","432","116","834","5990","0","8","0","-244","-10","2640","286","15624"
"20260724","16:00","15596","2954","2878","4778","176","496","600","114","832","5190","0","10","0","-82","-6","2632","290","15598"
"20260724","16:30","15592","2942","3166","4758","178","502","834","116","834","4430","0","8","0","128","-14","2576","296","15602"
"20260724","17:00","15568","2938","3312","4778","182","498","880","114","836","3544","0","6","0","860","-24","2664","310","15570"
"20260724","17:30","15386","2940","3324","4778","180","506","892","116","836","2616","0","6","0","1406","-22","2520","334","15392"
"20260724","18:00","15316","2944","3346","4790","184","516","934","114","842","1736","0","4","0","1472","-20","1888","348","15322"
"20260724","18:30","15110","2948","3384","4786","186","516","962","116","836","1002","0","6","0","1576","16","1568","356","15122"
"20260724","19:00","14854","2948","3332","4780","182","512","978","114","836","420","0","8","0","1508","18","1148","366","14854"
"20260724","19:30","14470","2946","3324","4778","180","518","978","118","836","96","0","10","0","1722","20","1408","364","14482"
"20260724","20:00","14296","2944","3332","4780","174","506","954","114","836","34","0","12","0","1276","14","1032","350","14294"
"20260724","20:30","13874","2946","3344","4782","172","508","892","118","832","32","0","8","0","1048","4","1124","324","13886"
"20260724","21:00","13494","2948","3332","4770","164","500","730","114","836","24","0","6","0","906","-6","1136","306","13494"
"20260724","21:30","13080","2946","3336","4778","156","498","638","116","834","6","0","6","0","566","14","1096","290","13088"
"20260724","22:00","12580","2948","3328","4784","154","494","594","116","838","0","0","4","0","394","0","1360","290","12584"
"20260724","22:30","12290","2946","3186","4790","144","488","564","120","836","2","0","2","0","440","2","1512","288","12296"
"20260724","23:00","11912","2944","3032","4780","136","484","552","114","838","0","0","2","0","214","6","1472","288","11918"
"20260724","23:30","11600","2950","3028","4794","130","448","538","120","836","2","0","2","0","346","2","1848","262","11610"
"20260724","24:00","11060","2944","2976","4790","120","414","450","114","840","0","0","2","0","236","-2","2048","226","11062"
"20260725","0:30","10558","2946","2446","4786","120","414","370","120","838","6","0","6","0","88","-8","1780","220","10572"
"20260725","1:00","10054","2950","1672","4764","114","414","330","114","840","0","0","4","0","0","-18","1352","220","10052"
"20260725","1:30","9726","2948","1436","4648","112","416","324","120","836","2","0","6","0","0","-14","1312","218","9740"
"20260725","2:00","9470","2954","1374","4628","108","416","324","114","836","0","0","2","0","0","-22","1484","218","9468"
"20260725","2:30","9348","2952","1298","4630","108","416","302","120","838","2","0","10","0","0","-4","1532","218","9358"
"20260725","3:00","9398","2950","1364","4700","108","416","296","116","840","0","0","8","0","0","-2","1616","220","9400"
"20260725","3:30","9300","2952","1224","4720","106","416","314","120","840","2","0","14","0","0","-2","1616","220","9310"
"20260725","4:00","9296","2956","1160","4588","104","416","382","116","838","0","0","24","0","0","-16","1488","218","9298"
"20260725","4:30","9344","2954","1144","4596","104","416","438","120","840","2","0","28","0","0","10","1512","218","9358"
"20260725","5:00","9654","2954","1362","4690","106","414","468","116","842","0","0","26","0","0","8","1552","218","9652"
"20260725","5:30","9742","2960","1358","4776","112","416","520","118","840","2","0","30","0","0","12","1608","218","9754"
"20260725","6:00","9742","2950","1390","4780","110","414","526","118","844","40","0","18","0","0","6","1672","218","9742"
"20260725","6:30","9688","2952","1194","4748","114","416","402","120","840","350","0","24","0","0","-8","1672","218","9698"
"20260725","7:00","9702","2956","1024","4556","114","414","336","116","842","896","0","24","0","0","-24","1768","218","9704"
"20260725","7:30","9972","2952","780","4120","122","414","302","120","840","1742","0","22","0","0","-12","1632","218","9988"
"20260725","8:00","10346","2952","664","3880","124","412","298","114","840","2676","0","14","0","-116","-18","1716","218","10342"
"20260725","8:30","10946","2948","726","3556","132","412","294","120","836","3706","0","12","0","-278","-14","1712","218","10956"
"20260725","9:00","11650","2948","638","3544","138","414","296","118","836","4670","0","6","0","-558","-8","1608","218","11652"
"20260725","9:30","12354","2948","648","3348","142","416","294","120","836","5610","0","4","0","-674","-4","1540","218","12366"
"20260725","10:00","12752","2942","578","3186","138","416","300","114","836","6438","0","8","0","-898","22","1544","216","12752"
"20260725","10:30","13196","2946","566","2974","142","414","298","118","836","7190","0","8","0","-1208","0","1296","218","13206"
"20260725","11:00","13288","2942","568","2620","142","412","298","114","838","7544","0","8","0","-1428","2","988","218","13290"
"20260725","11:30","13522","2948","572","2870","148","416","308","116","834","7792","0","10","0","-1412","-6","1280","218","13534"
"20260725","12:00","13610","2942","566","3302","146","414","308","116","838","7908","0","10","0","-1546","2","1616","220","13610"
"20260725","12:30","13616","2938","612","3336","150","416","284","118","834","7988","0","16","0","-1728","-2","1552","218","13628"
"20260725","13:00","13570","2944","634","3330","150","412","278","116","836","7966","0","14","0","-1734","6","1600","218","13570"
"20260725","13:30","13574","2942","684","3412","152","414","290","118","832","7884","0","20","0","-1462","-2","1916","218","13586"
"20260725","14:00","14020","2946","700","3364","152","414","286","116","832","7900","0","14","0","-1416","6","1512","218","14020"
"20260725","14:30","13872","2942","820","3708","154","416","276","116","834","7390","0","24","0","-1250","16","1784","218","13880"
"20260725","15:00","13916","2944","872","4332","156","416","272","114","838","6906","0","20","0","-1080","16","2104","218","13920"
"20260725","15:30","13898","2942","1010","4454","158","418","322","116","834","6250","0","20","0","-900","-10","1924","218","13908"
"20260725","16:00","13844","2946","1362","4614","162","414","326","114","840","5528","0","20","0","-426","-18","2256","220","13846"
"20260725","16:30","13880","2948","1864","4768","164","416","378","116","838","4556","0","28","0","-180","-14","2216","224","13890"
"20260725","17:00","13938","2954","2316","4780","168","412","440","114","840","3576","0","26","0","222","12","2152","234","13942"
"20260725","17:30","13964","2958","2436","4782","174","420","602","116","838","2578","0","32","0","594","18","1824","250","13974"
"20260725","18:00","13950","2954","2446","4786","174","432","772","114","840","1746","0","38","0","834","34","1492","274","13952"
"20260725","18:30","13772","2950","2420","4786","178","440","926","116","838","958","0","42","0","1122","52","1320","276","13784"
"20260725","19:00","13558","2952","2444","4782","178","444","962","114","842","412","0","34","0","1458","48","1404","292","13558"
"20260725","19:30","13388","2948","2452","4786","174","446","956","118","838","108","0","34","0","1526","50","1328","290","13398"
"20260725","20:00","13136","2948","2472","4782","172","442","888","114","840","52","0","28","0","1200","38","1116","278","13138"
"20260725","20:30","12846","2944","2436","4788","166","440","584","118","838","32","0","32","0","1178","20","980","258","12854"
"20260725","21:00","12410","2938","2446","4784","162","438","472","116","838","22","0","32","0","1146","6","1228","242","12414"
"20260725","21:30","12074","2952","2468","4792","154","434","398","120","840","12","0","30","0","1110","-6","1440","226","12090"
"20260725","22:00","11784","2952","2500","4790","150","430","354","116","842","2","0","32","0","854","0","1464","222","11780"
"20260725","22:30","11490","2948","2476","4790","140","430","320","120","838","8","0","24","0","490","2","1304","222","11504"
"20260725","23:00","11126","2946","2332","4782","138","428","310","116","842","2","0","24","0","348","0","1364","220","11124"
"20260725","23:30","10852","2944","2402","4784","128","422","300","120","842","2","0","26","0","298","-8","1616","220","10864"
"20260725","24:00","10330","2944","2232","4778","122","420","304","116","844","0","0","24","0","168","6","1848","220","10330"
"20260726","0:30","9880","2946","1654","4784","118","382","296","120","838","8","0","36","0","136","-8","1640","220","9890"
"20260726","1:00","9530","2946","1034","4660","108","354","298","116","840","0","0","38","0","18","-14","1084","218","9532"
"20260726","1:30","9212","2948","1056","4678","110","352","298","120","840","2","0","50","0","0","-6","1444","218","9222"
"20260726","2:00","8996","2944","992","4680","106","348","306","116","840","0","0","60","0","0","-8","1604","218","8998"
"20260726","2:30","8906","2946","1152","4678","106","354","308","120","838","2","0","60","0","-176","-10","1680","218","8916"
"20260726","3:00","8826","2952","990","4756","106","354","290","116","838","0","0","66","0","-310","4","1552","218","8828"
"20260726","3:30","8746","2954","912","4794","104","350","304","120","840","2","0","66","0","-302","10","1612","218","8760"
"20260726","4:00","8816","2948","928","4788","102","350","304","118","842","0","0","66","0","-280","2","1572","218","8814"
"20260726","4:30","8840","2958","922","4786","104","352","302","120","838","2","0","60","0","-280","0","1532","218","8850"
"20260726","5:00","9100","2950","948","4790","106","352","340","118","838","0","0","54","0","-280","-2","1332","220","9102"
"20260726","5:30","9262","2954","1096","4794","108","354","474","120","838","2","0","50","0","-322","0","1420","224","9272"
"20260726","6:00","9178","2954","1148","4736","108","354","518","118","842","28","0","48","0","-280","-10","1608","224","9180"
"20260726","6:30","9104","2960","1080","4430","112","354","442","120","842","314","0","48","0","-46","-14","1744","220","9118"
"20260726","7:00","9074","2956","826","4026","114","352","358","120","842","948","0","36","0","-94","-18","1612","218","9072"
"20260726","7:30","9198","2962","594","3590","118","354","334","120","840","1852","0","34","0","-618","-20","1168","218","9210"
"20260726","8:00","9466","2960","516","3512","116","350","314","118","846","2880","0","28","0","-1164","-20","1208","218","9466"
"20260726","8:30","9820","2956","662","2926","124","342","312","120","840","3898","0","36","0","-946","-14","1640","218","9834"
"20260726","9:00","10424","2962","644","2612","130","344","294","118","840","4784","0","40","0","-582","-16","1968","218","10420"
"20260726","9:30","11004","2960","572","2590","132","342","300","120","838","5666","0","36","0","-680","-2","2080","218","11012"
"20260726","10:00","11484","2952","674","2540","130","342","304","116","836","6442","0","38","0","-992","20","2128","216","11490"
"20260726","10:30","11798","2956","648","2412","132","340","300","118","836","7022","0","28","0","-1078","24","2148","216","11806"
"20260726","11:00","12192","2950","606","2360","134","344","298","116","838","7638","0","24","0","-1064","6","2272","218","12196"
"20260726","11:30","12324","2946","608","2408","136","340","280","116","838","7838","0","26","0","-1158","0","2260","216","12334"
"20260726","12:00","12530","2946","586","2572","138","336","274","116","838","8098","0","20","0","-1350","-2","2256","218","12534"
"20260726","12:30","12540","2946","652","2660","142","334","284","118","838","7940","0","22","0","-1342","8","2272","216","12546"
"20260726","13:00","12666","2950","708","2838","140","340","290","116","836","7850","0","18","0","-1384","2","2252","218","12670"
"20260726","13:30","12612","2946","840","2904","146","342","278","116","836","7724","0","20","0","-1466","4","2284","216","12622"
"20260726","14:00","12644","2940","878","2782","144","340","272","118","834","7590","0","12","0","-1372","-6","2104","218","12646"
"20260726","14:30","12610","2952","740","3312","148","342","284","116","834","7232","0","18","0","-1248","-10","2316","216","12620"
"20260726","15:00","12942","2942","770","3474","150","342","286","114","818","7026","0","16","0","-958","6","2260","218","12944"
"20260726","15:30","13032","2956","912","3648","152","344","290","114","802","6410","0","20","0","-630","12","2208","216","13038"
"20260726","16:00","13240","2946","1370","3956","158","344","290","114","806","5676","0","26","0","-498","12","2172","218","13246"
"20260726","16:30","13458","2952","1602","4244","160","352","300","116","802","4816","0","34","0","-164","2","1968","218","13466"
"20260726","17:00","13732","2956","1872","4496","170","358","366","114","802","3842","0","40","0","2","4","1504","218","13736"
"20260726","17:30","13820","2948","2140","4780","174","368","452","116","806","2780","0","34","0","60","-6","1060","236","13828"
"20260726","18:00","13952","2950","2228","4784","172","384","746","116","800","1830","0","24","0","772","16","1136","272","13958"
"20260726","18:30","14022","2956","2090","4786","178","384","914","116","806","1000","0","22","0","818","22","336","276","14032"
"20260726","19:00","13830","2956","2006","4784","178","386","944","116","806","394","0","14","0","892","14","-68","274","13832"
"20260726","19:30","13494","2962","2034","4784","174","388","926","118","806","94","0","16","0","846","10","-72","274","13504"