単位[MW平均],,,供給力(確報),,,,,,,,,,,,,,,,
DATE,TIME,エリア需要,原子力,火力（ＬＮＧ）,火力（石炭）,火力（石油）,火力（その他）,水力,地熱,バイオマス,太陽光発電実績,太陽光出力制御量,風力発電実績,風力出力制御量,揚水,蓄電池,連系線,その他,合計
20251101,0:30,7564,3214,648,3320,78,52,246,154,558,0,0,114,0,116,-6,1132,202,7564
20251101,1:00,7276,3212,676,2852,74,78,244,150,538,0,0,122,0,120,2,992,200,7276
20251101,1:30,7122,3216,682,2798,74,58,246,154,544,0,0,138,0,120,-8,1100,200,7122
20251101,2:00,7122,3214,644,2800,70,72,252,150,538,0,0,148,0,116,-8,1076,202,7122
20251101,2:30,7182,3210,608,2814,72,56,294,154,540,0,0,164,0,118,-8,1040,200,7182
20251101,3:00,7422,3214,614,3046,72,68,322,150,532,0,0,194,0,120,-4,1108,202,7422
20251101,3:30,7752,3212,660,3290,74,56,330,154,542,0,0,188,0,122,-4,1072,200,7752
20251101,4:00,7952,3216,832,3304,72,66,342,150,530,0,0,166,0,134,-2,1060,202,7952
20251101,4:30,8166,3206,908,3484,74,54,396,154,542,0,0,226,0,140,2,1220,200,8166
20251101,5:00,8306,3212,916,3490,76,78,490,150,528,0,0,268,0,260,28,1392,202,8306
20251101,5:30,8342,3212,892,3494,80,46,524,154,546,0,0,264,0,296,8,1376,202,8342
20251101,6:00,8136,3208,908,3338,78,72,534,150,524,0,0,284,0,376,-2,1536,202,8136
20251101,6:30,7938,3210,868,3260,80,58,470,152,542,0,0,292,0,432,4,1632,202,7938
20251101,7:00,7756,3208,896,3006,82,78,436,136,534,8,0,308,0,478,4,1620,202,7756
20251101,7:30,7780,3216,906,2804,82,56,368,136,542,209,0,317,0,516,-8,1564,200,7780
20251101,8:00,7574,3212,852,2716,80,64,364,132,526,639,0,323,0,196,-12,1720,202,7574
20251101,8:30,7646,3214,778,2092,82,70,296,136,534,1495,0,271,85,156,4,1684,202,7646
20251101,9:00,7696,3216,508,1598,78,68,276,132,518,2671,0,267,82,-44,-16,1776,200,7696
20251101,9:30,7802,3214,434,1264,76,44,262,136,476,3911,0,257,89,-726,-18,1728,200,7802
20251101,10:00,7952,3212,456,1010,72,46,252,132,424,4805,0,273,93,-1178,-18,1736,202,7952
20251101,10:30,8074,3214,578,798,70,32,236,136,432,5069,100,289,93,-1364,2,1620,202,8074
20251101,11:00,8220,3216,632,754,72,56,234,132,420,5169,259,295,93,-1368,24,1616,200,8220
20251101,11:30,8080,3216,482,758,68,24,242,134,438,5301,221,319,94,-1414,-24,1664,200,8080
20251101,12:00,8136,3214,576,752,68,62,240,132,418,5357,411,325,94,-1518,-24,1668,202,8136
20251101,12:30,7966,3216,468,758,70,36,252,136,430,5471,598,317,94,-1716,-28,1644,200,7966
20251101,13:00,7724,3214,620,760,70,50,250,132,422,5047,904,297,94,-1688,4,1656,202,7724
20251101,13:30,7768,3210,512,762,70,34,242,134,434,5047,740,303,94,-1592,26,1616,202,7768
20251101,14:00,7702,3216,604,862,72,46,234,132,422,4843,395,299,94,-1552,20,1696,200,7702
20251101,14:30,7910,3216,602,936,72,44,238,134,428,4969,223,321,94,-1418,8,1840,200,7910
20251101,15:00,8044,3212,570,1200,72,58,232,132,454,4783,115,289,93,-1290,10,1880,202,8044
20251101,15:30,7958,3216,634,1482,76,60,246,134,520,4131,0,289,92,-1342,0,1688,200,7958
20251101,16:00,8034,3216,700,1692,84,62,284,134,528,3163,0,269,91,-666,-14,1620,202,8034
20251101,16:30,8076,3214,578,2530,88,52,338,136,540,1825,0,249,0,-54,-22,1600,202,8076
20251101,17:00,8156,3214,844,2954,88,66,404,132,528,737,0,251,0,526,0,1792,204,8156
20251101,17:30,8348,3212,744,3256,94,52,628,136,542,117,0,223,0,498,-32,1328,206,8348
20251101,18:00,8542,3212,838,3320,96,72,796,132,534,5,0,191,0,416,-30,1248,208,8542
20251101,18:30,8658,3210,860,3484,100,54,698,136,544,9,0,167,0,452,20,1284,208,8658
20251101,19:00,8558,3212,874,3486,100,74,592,134,532,0,0,162,0,410,16,1244,210,8558
20251101,19:30,8472,3214,898,3488,98,54,510,136,548,0,0,160,0,502,30,1376,210,8472
20251101,20:00,8370,3212,900,3490,98,78,372,134,534,0,0,190,0,402,28,1272,204,8370
20251101,20:30,8220,3214,890,3486,94,48,308,136,548,0,0,178,0,434,16,1336,204,8220
20251101,21:00,8112,3218,866,3488,90,70,296,134,524,0,0,184,0,320,-16,1264,202,8112
20251101,21:30,7992,3216,852,3490,90,56,286,136,548,0,0,190,0,136,10,1220,202,7992
20251101,22:00,7756,3212,696,3486,84,68,278,134,534,0,0,194,0,118,2,1252,202,7756
20251101,22:30,7632,3216,796,3490,84,46,242,136,548,0,0,216,0,126,-2,1468,202,7632
20251101,23:00,7456,3220,830,3486,80,72,234,134,536,0,0,202,0,114,-4,1648,200,7456
20251101,23:30,7418,3216,752,3490,78,50,232,136,550,0,0,234,0,110,-14,1616,200,7418
20251101,24:00:00,7222,3214,594,3372,76,66,236,134,534,0,0,218,0,104,-16,1512,202,7222
20251102,0:30,7088,3218,652,2752,74,52,244,136,554,0,0,226,0,116,-32,1104,200,7088
20251102,1:00,6750,3214,624,2242,74,64,262,132,536,0,0,238,0,116,-26,928,202,6750
20251102,1:30,6662,3220,632,2388,72,50,240,136,552,0,0,234,0,118,-28,1152,200,6662
20251102,2:00,6638,3214,624,2396,70,60,236,132,532,0,0,260,0,122,-34,1176,202,6638
20251102,2:30,6794,3216,700,2584,70,54,236,136,546,0,0,262,0,120,-10,1320,200,6794
20251102,3:00,7008,3220,698,2608,72,76,242,132,540,0,0,244,0,152,6,1184,202,7008
20251102,3:30,7270,3212,830,2626,72,54,266,136,548,0,0,232,0,316,24,1248,202,7270
20251102,4:00,7592,3216,888,2624,72,68,274,132,538,0,0,246,0,740,16,1424,202,7592
20251102,4:30,7770,3216,862,2628,76,52,314,136,546,0,0,242,0,810,6,1320,202,7770
20251102,5:00,7952,3216,896,2626,76,66,382,132,534,0,0,240,0,928,22,1368,202,7952
20251102,5:30,8024,3210,886,2628,80,54,426,136,546,0,0,228,0,926,10,1308,202,8024
20251102,6:00,7810,3212,862,2552,76,70,582,132,534,0,0,236,0,812,20,1480,202,7810
20251102,6:30,7594,3216,848,2484,80,54,588,134,542,0,0,232,0,820,-18,1588,202,7594
20251102,7:00,7338,3210,842,2394,76,62,392,132,542,8,0,226,0,874,-10,1612,202,7338
20251102,7:30,7228,3218,838,2332,80,52,316,134,550,210,0,220,0,616,-18,1520,200,7228
20251102,8:00,7018,3218,814,1914,80,66,268,132,524,624,0,208,0,148,-12,1168,202,7018
20251102,8:30,6962,3214,488,1544,82,48,252,134,530,1354,0,188,0,-94,-20,960,202,6962
20251102,9:00,7080,3218,494,1210,78,60,252,132,472,2232,0,188,91,-404,-36,1016,200,7080
20251102,9:30,7346,3216,456,1042,78,34,254,136,434,2966,19,204,90,-724,-8,944,202,7346
20251102,10:00,7450,3214,440,936,76,46,258,132,422,3472,134,172,101,-1008,8,920,202,7450
20251102,10:30,7548,3212,588,762,72,32,244,136,436,4064,203,180,97,-1312,12,1080,202,7548
20251102,11:00,7488,3218,648,752,70,54,240,132,422,4322,165,184,103,-1350,18,1424,202,7488
20251102,11:30,7408,3214,596,758,70,30,236,134,438,4668,30,172,103,-1472,6,1644,202,7408
20251102,12:00,7548,3216,466,760,74,50,234,134,426,4842,21,178,102,-1414,8,1628,202,7548
20251102,12:30,7494,3210,670,792,72,36,238,134,438,4272,21,198,103,-1204,32,1596,202,7494
20251102,13:00,7540,3214,658,962,74,48,246,132,418,3916,15,188,103,-948,8,1576,200,7540
20251102,13:30,7590,3214,726,1130,68,38,230,134,434,3478,14,196,101,-802,16,1472,200,7590
20251102,14:00,7516,3212,544,1336,72,46,234,132,424,3202,1,180,101,-1006,2,1064,202,7516
20251102,14:30,7496,3220,428,1514,72,32,236,134,434,3242,1,200,101,-1160,0,1056,200,7496
20251102,15:00,7190,3214,430,1808,74,50,262,132,420,2980,1,194,101,-1226,-14,1336,202,7190
20251102,15:30,7336,3220,460,2054,76,36,296,134,470,2834,0,210,101,-926,-8,1720,200,7336
20251102,16:00,7380,3212,528,2244,78,66,320,132,520,2294,0,218,102,-634,-16,1784,202,7380
20251102,16:30,7580,3214,602,2936,86,60,362,134,542,1382,0,236,0,-292,-20,1864,202,7580
20251102,17:00,7642,3214,822,3214,86,74,416,134,532,536,0,252,0,6,-24,1824,204,7642
20251102,17:30,7998,3212,836,3480,92,62,496,136,546,98,0,262,0,302,-28,1704,208,7998
20251102,18:00,8308,3212,726,3488,94,72,658,132,536,12,0,290,0,302,-32,1392,210,8308
20251102,18:30,8388,3214,828,3488,100,62,690,136,542,18,0,284,0,362,4,1552,212,8388
20251102,19:00,8350,3216,752,3490,100,68,650,132,534,0,0,322,0,398,-2,1524,214,8350
20251102,19:30,8278,3212,856,3492,96,56,552,136,550,0,0,322,0,398,32,1632,208,8278
20251102,20:00,8182,3218,910,3490,94,72,402,132,536,0,0,294,0,324,-2,1496,208,8182
20251102,20:30,8032,3218,954,3490,92,54,316,136,546,0,0,288,0,300,26,1592,204,8032
20251102,21:00,7916,3214,860,3490,86,72,290,132,532,0,0,282,0,296,-24,1516,202,7916
20251102,21:30,7816,3218,782,3494,90,56,288,136,544,0,0,294,0,150,14,1452,202,7816
20251102,22:00,7586,3216,804,3392,80,72,282,132,538,0,0,296,0,124,0,1552,202,7586
20251102,22:30,7602,3216,866,2814,84,54,274,136,546,0,0,336,0,256,34,1216,202,7602
20251102,23:00,7342,3214,908,2312,76,76,256,132,544,0,0,338,0,182,16,912,200,7342
20251102,23:30,7258,3216,892,2378,78,58,240,136,554,0,0,322,0,264,16,1096,200,7258
20251102,24:00:00,7076,3218,722,2330,74,72,238,134,536,0,0,308,0,140,-18,880,202,7076
20251103,0:30,6880,3218,788,2128,74,54,238,136,552,0,0,312,0,134,-14,940,200,6880
20251103,1:00,6640,3216,664,1876,70,78,252,134,536,0,0,300,0,122,-22,788,202,6640
20251103,1:30,6490,3218,664,1890,68,56,252,136,552,0,0,286,0,122,-34,920,200,6490
20251103,2:00,6558,3218,706,1954,68,72,250,134,538,0,0,258,0,122,-28,936,202,6558
20251103,2:30,6682,3214,722,1982,70,60,232,136,548,0,0,320,0,124,-6,920,200,6682
20251103,3:00,6934,3220,700,2136,70,66,232,134,542,0,0,316,0,124,-24,784,202,6934
20251103,3:30,7212,3216,864,2332,72,54,242,136,552,0,0,324,0,394,24,1200,202,7212
20251103,4:00,7502,3220,768,2498,72,74,248,134,538,0,0,320,0,352,8,932,202,7502
20251103,4:30,7824,3210,914,2632,74,56,340,136,550,0,0,306,0,594,14,1204,202,7824
20251103,5:00,8008,3216,890,2632,74,80,380,134,536,0,0,288,0,660,32,1116,202,8008
20251103,5:30,8138,3216,884,2630,78,58,496,136,550,0,0,276,0,764,4,1156,202,8138
20251103,6:00,8024,3218,900,2572,78,72,650,134,536,0,0,252,0,550,0,1140,202,8024
20251103,6:30,7966,3214,898,2538,82,58,668,136,546,0,0,254,0,660,-26,1264,202,7966
20251103,7:00,7714,3210,890,2338,80,70,454,134,534,17,0,255,0,754,-22,1200,200,7714
20251103,7:30,7556,3222,876,2214,84,54,362,136,546,417,0,245,0,752,8,1560,200,7556
20251103,8:00,7444,3216,778,1816,78,70,326,134,526,1341,0,259,0,334,-28,1608,202,7444
20251103,8:30,7424,3218,584,1668,80,54,266,136,530,2507,0,241,100,-268,-18,1776,202,7424
20251103,9:00,7658,3220,542,1182,78,64,252,134,472,3851,0,203,102,-716,-24,1800,200,7658
20251103,9:30,7998,3216,418,1096,80,40,226,136,430,5147,10,183,102,-1266,-12,1896,200,7998
20251103,10:00,7876,3214,408,940,76,46,222,134,420,5715,266,181,103,-1878,-8,1792,198,7876
20251103,10:30,7768,3222,400,774,72,50,224,136,428,5555,528,193,101,-1812,16,1688,198,7768
20251103,11:00,7636,3218,400,760,72,50,228,134,424,5667,671,173,95,-1928,-26,1736,200,7636
20251103,11:30,7636,3220,446,754,68,38,242,136,434,5709,960,171,93,-1950,-24,1808,200,7636
20251103,12:00,7736,3214,424,760,76,50,250,132,420,5837,1142,187,91,-1944,-22,1848,200,7736
20251103,12:30,7612,3218,422,760,74,28,254,136,438,5453,1443,139,88,-1810,4,1704,200,7612
20251103,13:00,7402,3216,436,760,66,62,240,132,414,5245,1486,165,81,-1828,20,1724,198,7402
20251103,13:30,7558,3218,442,766,70,36,236,136,436,5113,1407,193,89,-1650,28,1664,198,7558
20251103,14:00,7672,3216,426,760,78,54,234,132,416,5123,837,189,94,-1504,20,1672,200,7672
20251103,14:30,7910,3216,440,766,74,42,234,136,432,5143,455,179,96,-1344,30,1636,198,7910
20251103,15:00,8102,3216,556,986,78,56,248,132,420,4845,298,173,88,-1102,30,1736,200,8102
20251103,15:30,7866,3214,560,1090,82,52,284,136,470,3992,1,188,0,-1100,-8,1292,198,7866
20251103,16:00,7972,3218,700,1296,86,76,286,132,514,2802,1,164,0,-160,4,1344,198,7972
20251103,16:30,8124,3218,652,2220,90,52,288,136,538,1582,0,184,0,242,-28,1248,198,8124
20251103,17:00,8338,3220,800,2786,92,76,306,132,532,560,0,212,0,412,-28,960,198,8338
20251103,17:30,8548,3208,824,3232,98,54,428,136,546,90,0,208,0,938,-26,1392,204,8548
20251103,18:00,8910,3214,824,3312,100,72,560,132,532,12,0,220,0,1372,-30,1616,206,8910
20251103,18:30,9138,3214,796,3480,104,56,606,136,544,20,0,184,0,1058,18,1288,210,9138
20251103,19:00,9002,3214,810,3488,102,76,564,132,532,0,0,178,0,854,26,1184,210,9002
20251103,19:30,8922,3212,838,3490,102,56,478,136,548,0,0,162,0,1136,18,1460,206,8922
20251103,20:00,8854,3214,860,3492,98,78,406,132,530,0,0,170,0,996,-4,1324,206,8854
20251103,20:30,8728,3218,836,3494,96,52,344,136,544,0,0,148,0,940,16,1300,204,8728
20251103,21:00,8582,3216,850,3496,92,84,326,132,532,0,0,148,0,732,2,1228,200,8582
20251103,21:30,8430,3218,836,3496,90,64,316,136,546,0,0,134,0,582,0,1188,200,8430
20251103,22:00,8282,3214,842,3492,90,66,276,134,534,0,0,126,0,514,-2,1204,200,8282
20251103,22:30,8108,3218,864,3496,86,58,252,136,544,0,0,120,0,356,0,1220,198,8108
20251103,23:00,7934,3218,850,3492,82,70,240,134,542,0,0,108,0,234,12,1248,200,7934
20251103,23:30,7812,3212,908,3496,80,54,236,136,548,0,0,108,0,220,12,1396,198,7812
20251103,24:00:00,7642,3220,712,3494,76,72,238,134,536,0,0,98,0,174,-20,1292,200,7642
20251104,0:30,7468,3216,862,3120,74,60,232,136,552,0,0,108,0,120,-16,1192,196,7468
20251104,1:00,7148,3216,800,2616,74,78,232,134,538,0,0,92,0,116,-16,928,196,7148
20251104,1:30,7028,3218,744,2592,72,56,234,136,548,0,0,102,0,120,-30,960,196,7028
20251104,2:00,7026,3218,748,2896,70,76,236,134,546,0,0,92,0,120,-18,1288,196,7026
20251104,2:30,7250,3218,790,3426,70,54,232,136,550,0,0,80,0,120,-22,1600,196,7250
20251104,3:00,7530,3214,812,3484,70,74,222,134,540,0,0,72,0,120,-24,1384,196,7530
20251104,3:30,7838,3216,822,3498,74,54,236,136,548,0,0,64,0,124,6,1136,196,7838
20251104,4:00,8144,3222,834,3490,70,72,248,134,536,0,0,64,0,116,2,840,196,8144
20251104,4:30,8436,3212,984,3498,76,52,308,136,550,0,0,68,0,124,32,800,196,8436
20251104,5:00,8596,3216,990,3492,74,78,410,132,530,0,0,70,0,136,24,752,196,8596
20251104,5:30,8792,3212,932,3496,82,56,446,136,546,0,0,76,0,164,26,576,196,8792
20251104,6:00,8804,3216,960,3494,82,74,426,132,536,0,0,80,0,188,0,580,196,8804
20251104,6:30,8858,3212,916,3498,86,54,422,136,546,0,0,86,0,194,-24,464,196,8858
20251104,7:00,8834,3218,960,3494,88,76,354,132,532,8,0,90,0,182,-16,480,196,8834
20251104,7:30,8784,3220,948,3496,90,52,312,136,544,191,0,99,0,254,-6,748,196,8784
20251104,8:00,8660,3216,862,3494,90,76,314,132,528,629,0,81,0,358,-16,1300,196,8660
20251104,8:30,8886,3218,916,3346,92,50,298,136,544,1417,0,75,0,476,2,1880,196,8886
20251104,9:00,9088,3220,900,3282,90,66,234,132,520,2195,0,69,0,294,-22,2088,196,9088
20251104,9:30,9412,3216,886,2758,94,64,220,134,530,2810,0,62,0,268,0,1824,194,9412
20251104,10:00,9410,3220,768,2334,88,72,224,132,528,3580,0,56,0,46,-2,1828,192,9410
20251104,10:30,9240,3218,764,2322,90,62,236,134,530,4022,0,54,0,-506,-14,1864,192,9240
20251104,11:00,9228,3220,808,2294,84,68,242,132,528,4538,0,44,0,-1248,-12,1664,194,9228
20251104,11:30,9260,3216,688,2266,88,50,256,136,536,4911,0,45,0,-1604,8,1528,192,9260
20251104,12:00,9258,3216,684,2278,86,84,244,130,520,4953,0,43,0,-1856,18,1336,194,9258
20251104,12:30,8958,3220,716,2326,86,68,224,134,532,4609,0,35,0,-1780,20,1424,192,8958
20251104,13:00,8818,3216,768,2286,84,60,222,132,530,4351,0,31,0,-1706,10,1360,194,8818
20251104,13:30,9012,3216,972,2400,90,58,234,134,536,4201,0,37,0,-1270,0,1788,192,9012
20251104,14:00,9220,3220,972,2712,92,78,242,132,518,3783,0,33,0,-810,6,1952,194,9220
20251104,14:30,9288,3214,1000,2790,94,74,242,134,526,3263,0,33,0,-354,8,1928,192,9288
20251104,15:00,9134,3218,900,2768,96,70,232,132,524,2623,0,31,0,114,0,1768,194,9134
20251104,15:30,9118,3220,880,2836,96,66,264,134,528,2075,0,43,0,214,-6,1424,192,9118
20251104,16:00,9116,3216,852,3600,96,72,268,130,524,1427,0,47,0,176,-22,1464,194,9116
20251104,16:30,9240,3222,1014,4086,100,72,290,132,530,763,0,59,0,248,-24,1448,196,9240
20251104,17:00,9266,3212,1240,4146,102,72,314,128,522,243,0,63,0,566,-28,1512,198,9266
20251104,17:30,9456,3220,1370,4146,104,66,396,132,528,45,0,67,0,688,-28,1480,202,9456
20251104,18:00,9542,3218,1398,4148,104,72,550,130,530,19,0,71,0,938,-36,1800,200,9542
20251104,18:30,9638,3216,1390,4148,108,74,732,132,530,7,0,83,0,1148,24,2156,202,9638
20251104,19:00,9608,3214,1400,4146,106,72,752,130,526,0,0,78,0,912,34,1968,206,9608
20251104,19:30,9492,3214,1398,4150,104,60,516,134,536,0,0,76,0,818,34,1752,204,9492
20251104,20:00,9354,3218,1416,4144,102,80,392,130,524,0,0,70,0,614,32,1568,200,9354
20251104,20:30,9146,3210,1384,4148,98,58,338,134,538,0,0,72,0,436,24,1492,198,9146
20251104,21:00,8952,3218,1370,4144,96,76,320,132,524,0,0,74,0,216,-8,1408,198,8952
20251104,21:30,8800,3218,1096,4132,94,66,316,134,532,0,0,74,0,48,-22,1084,196,8800
20251104,22:00,8540,3220,1070,4132,90,72,274,132,530,0,0,66,0,0,-30,1212,196,8540
20251104,22:30,8440,3216,990,4150,90,60,272,134,536,0,0,68,0,-232,20,1060,196,8440
20251104,23:00,8210,3216,922,4138,82,66,270,132,536,0,0,70,0,-280,10,1148,196,8210
20251104,23:30,8116,3220,932,4150,82,60,264,134,534,0,0,68,0,-274,16,1264,194,8116
20251104,24:00:00,7822,3216,676,4122,76,58,254,132,536,0,0,70,0,-262,-28,1224,196,7822
20251105,0:30,7726,3216,692,3696,76,56,236,136,538,0,0,68,0,-456,-10,720,198,7726
20251105,1:00,7344,3220,836,3288,74,64,230,130,532,0,0,58,0,-546,-30,712,200,7344
20251105,1:30,7144,3216,922,3286,72,40,234,134,540,0,0,66,0,-508,8,1064,198,7144
20251105,2:00,7172,3216,838,3464,70,76,238,132,524,0,0,64,0,-280,-10,1360,200,7172
20251105,2:30,7410,3220,700,4088,70,48,236,134,538,0,0,60,0,-290,-24,1568,198,7410
20251105,3:00,7634,3214,676,4000,72,70,228,132,528,0,0,52,0,-292,-4,1240,198,7634
20251105,3:30,7942,3216,768,4102,74,48,234,134,538,0,0,60,0,-282,0,1148,198,7942
20251105,4:00,8240,3218,886,4148,72,66,242,132,528,0,0,66,0,-274,28,1072,200,8240
20251105,4:30,8494,3216,850,4148,76,48,334,134,542,0,0,62,0,-18,-8,1088,198,8494
20251105,5:00,8628,3218,832,4146,78,68,426,132,520,0,0,58,0,0,-26,1024,200,8628
20251105,5:30,8734,3214,656,4120,80,54,440,134,540,0,0,66,0,0,-8,760,198,8734
20251105,6:00,8642,3214,710,4126,82,60,436,132,528,0,0,60,0,0,-10,896,200,8642
20251105,6:30,8654,3218,860,4144,86,54,432,126,542,0,0,74,0,126,-6,1200,198,8654
20251105,7:00,8682,3216,850,4148,84,68,378,108,530,1,0,79,0,118,-18,1080,200,8682
20251105,7:30,8656,3216,862,4148,90,42,316,108,540,81,0,85,0,264,-6,1288,198,8656
20251105,8:00,8678,3220,818,4140,94,80,292,98,528,257,0,73,0,320,-20,1420,198,8678
20251105,8:30,8912,3218,938,3640,96,58,276,104,536,608,0,82,0,552,-6,1384,194,8912
20251105,9:00,9224,3216,960,3306,96,76,228,82,520,1106,0,86,0,952,4,1600,192,9224
20251105,9:30,9346,3218,924,3296,98,62,216,62,534,1711,0,97,0,746,12,1820,190,9346
20251105,10:00,9526,3222,862,3098,96,78,220,60,528,2033,0,87,0,382,-12,1316,188,9526
20251105,10:30,9390,3216,736,2916,94,74,230,60,534,2385,0,85,0,-24,10,1116,190,9390
20251105,11:00,9538,3216,654,2846,96,82,236,60,524,2727,0,85,0,-614,8,572,190,9538
20251105,11:30,9476,3220,812,2812,94,66,222,60,536,2877,0,67,0,-1140,28,368,190,9476
20251105,12:00,9314,3218,832,2730,92,82,224,60,524,3049,0,53,0,-1296,-4,440,190,9314
20251105,12:30,8866,3216,814,2714,90,72,234,60,532,3230,0,48,0,-1584,-2,748,190,8866
20251105,13:00,8824,3218,850,2770,86,66,244,60,536,3554,0,44,0,-1754,8,1048,190,8824
20251105,13:30,8994,3216,954,2856,88,68,238,60,534,3320,0,40,0,-1494,12,1088,190,8994
20251105,14:00,9160,3218,892,3122,88,82,224,60,524,2866,0,28,0,-734,10,1408,188,9160
20251105,14:30,9084,3214,752,3560,88,64,226,60,534,2660,0,32,0,-330,-28,1936,188,9084
20251105,15:00,9198,3218,838,3350,90,80,224,58,524,2506,0,42,0,-314,-4,1604,190,9198
20251105,15:30,9086,3216,1082,3980,92,66,276,60,532,2032,0,48,0,-288,4,2204,190,9086
20251105,16:00,9240,3216,1292,4146,94,72,296,58,530,1442,0,58,0,-80,-12,2060,188,9240
20251105,16:30,9260,3218,1320,4146,98,64,602,60,534,814,0,74,0,318,-34,2148,194,9260
20251105,17:00,9256,3216,1294,4142,98,76,660,60,532,316,0,84,0,418,-30,1804,194,9256
20251105,17:30,9374,3214,1426,4146,100,58,758,60,538,68,0,128,0,972,-20,2272,198,9374
20251105,18:00,9584,3214,1466,4140,102,76,878,84,524,18,0,122,0,726,-4,1960,198,9584
20251105,18:30,9618,3212,1476,4146,104,64,900,102,538,5,0,143,0,402,10,1688,204,9618
20251105,19:00,9522,3218,1438,4144,104,80,912,98,532,0,0,156,0,358,12,1736,206,9522
20251105,19:30,9364,3212,1472,4142,102,64,622,102,542,0,0,156,0,498,26,1776,202,9364
20251105,20:00,9168,3214,1240,4144,102,76,750,104,530,0,0,154,0,362,18,1728,202,9168
20251105,20:30,9054,3216,1280,4150,98,64,470,112,538,0,0,146,0,388,6,1612,198,9054
20251105,21:00,8840,3218,1138,4138,98,76,392,114,526,0,0,144,0,136,-2,1336,198,8840
20251105,21:30,8678,3216,1084,4146,96,54,346,116,540,0,0,140,0,118,-6,1368,196,8678
20251105,22:00,8458,3216,836,4148,88,82,292,116,522,0,0,124,0,116,-6,1272,196,8458
20251105,22:30,8338,3218,890,4152,88,66,266,128,534,0,0,120,0,172,-4,1488,196,8338
20251105,23:00,8128,3214,900,4148,84,68,258,136,532,0,0,120,0,216,0,1744,196,8128
20251105,23:30,8072,3216,844,4152,84,50,248,136,544,0,0,128,0,252,10,1788,196,8072
20251105,24:00:00,7830,3220,632,4122,74,78,238,136,520,0,0,154,0,36,4,1580,196,7830
20251106,0:30,7612,3214,626,3736,78,68,234,136,516,0,0,156,0,-216,-4,1128,196,7612
20251106,1:00,7304,3216,662,3240,72,74,238,136,518,0,0,154,0,-246,0,956,196,7304
20251106,1:30,7184,3214,650,3184,74,64,254,136,518,0,0,156,0,-248,-10,1004,196,7184
20251106,2:00,7134,3216,540,3356,70,72,254,136,514,0,0,140,0,-280,-20,1060,196,7134
20251106,2:30,7334,3218,588,4066,72,62,238,136,520,0,0,134,0,-296,-16,1584,196,7334
20251106,3:00,7552,3214,656,4152,70,70,230,136,508,0,0,128,0,-270,-8,1532,198,7552
20251106,3:30,7822,3214,676,4146,74,66,244,136,522,0,0,138,0,-270,4,1324,196,7822
20251106,4:00,8150,3216,710,4142,74,80,266,136,510,0,0,130,0,-274,2,1040,198,8150
20251106,4:30,8350,3214,718,4150,76,62,316,136,524,0,0,130,0,-250,6,928,196,8350
20251106,5:00,8536,3212,656,4144,74,82,398,136,508,0,0,120,0,44,12,1048,198,8536
20251106,5:30,8626,3212,712,4148,80,62,412,136,520,0,0,120,0,138,-6,1104,196,8626
20251106,6:00,8574,3218,720,4144,82,78,418,136,512,0,0,118,0,122,-4,1168,198,8574
20251106,6:30,8520,3212,724,3982,84,72,476,136,520,0,0,118,0,154,-26,1128,196,8520
20251106,7:00,8520,3214,768,3858,86,68,510,136,512,10,0,116,0,376,-28,1304,198,8520
20251106,7:30,8448,3218,866,3660,88,64,394,136,524,337,0,121,0,726,-10,1872,196,8448
20251106,8:00,8384,3216,782,3110,88,74,350,136,512,1237,0,111,0,522,-24,1928,198,8384
20251106,8:30,8314,3214,910,2270,88,56,316,136,524,2471,0,103,0,242,4,2216,196,8314
20251106,9:00,8682,3218,688,1862,84,80,252,138,498,3875,0,95,0,-158,-22,2124,196,8682
20251106,9:30,8900,3218,630,1724,86,62,236,136,508,5159,0,87,0,-1180,-26,1932,192,8900
20251106,10:00,8924,3218,680,1354,88,86,224,134,486,6143,0,101,0,-1720,6,2068,192,8924
20251106,10:30,8500,3214,634,1020,82,62,228,134,452,6214,106,140,0,-1900,-28,1944,192,8500
20251106,11:00,8706,3216,652,850,82,52,230,134,400,6262,273,166,0,-1772,12,1768,190,8706
20251106,11:30,8750,3218,626,846,82,50,238,134,414,6360,440,196,0,-1904,-4,1696,190,8750
20251106,12:00,8680,3216,634,846,86,52,242,124,402,6164,856,222,0,-1828,20,1692,192,8680
20251106,12:30,8326,3216,622,850,82,46,222,106,414,5799,1233,251,0,-1732,28,1768,190,8326
20251106,13:00,8264,3216,648,850,82,56,216,104,406,5679,1239,225,0,-1718,32,1724,192,8264
20251106,13:30,8738,3216,724,864,82,52,220,106,414,5993,663,213,0,-1562,14,1788,190,8738
20251106,14:00,8614,3212,726,948,84,68,236,104,432,5991,322,207,0,-1674,8,1920,192,8614
20251106,14:30,8940,3220,816,1186,86,74,246,106,490,6058,38,198,0,-1558,12,2184,190,8940
20251106,15:00,9086,3218,772,1410,88,80,230,104,496,5514,0,214,0,-1402,-14,1816,192,9086
20251106,15:30,8924,3212,786,1646,90,74,264,106,506,4380,0,226,0,-818,-18,1720,190,8924
20251106,16:00,9018,3218,834,2066,92,78,274,116,502,3080,0,246,0,218,6,1904,192,9018
20251106,16:30,9188,3214,930,3020,96,100,290,134,508,1698,0,242,0,624,-22,1840,194,9188
20251106,17:00,9222,3216,918,3576,96,102,554,136,504,654,0,244,0,604,-34,1544,196,9222
20251106,17:30,9312,3212,800,3820,100,100,662,136,510,114,0,244,0,528,-24,1088,198,9312
20251106,18:00,9426,3216,802,3790,102,104,568,134,500,18,0,240,0,474,-32,688,198,9426
20251106,18:30,9366,3214,870,4116,106,104,536,136,508,24,0,232,0,650,24,1360,206,9366
20251106,19:00,9464,3212,848,4142,102,112,478,136,504,0,0,248,0,596,16,1136,206,9464
20251106,19:30,9204,3220,860,4142,102,106,456,136,510,0,0,212,0,620,26,1388,202,9204
20251106,20:00,9084,3220,848,4142,102,106,396,134,508,0,0,208,0,556,12,1348,200,9084
20251106,20:30,8894,3220,744,4146,100,66,322,136,514,0,0,204,0,516,8,1280,198,8894
20251106,21:00,8608,3212,760,4142,94,82,300,134,500,0,0,196,0,680,18,1708,198,8608
20251106,21:30,8602,3220,734,4144,92,62,304,136,518,0,0,200,0,462,-2,1464,196,8602
20251106,22:00,8332,3218,694,4138,92,82,310,136,508,0,0,182,0,352,0,1576,196,8332
20251106,22:30,8240,3218,866,4148,86,60,276,136,512,0,0,168,0,270,16,1712,196,8240
20251106,23:00,8030,3216,816,4144,84,76,268,138,514,0,0,164,0,138,20,1744,196,8030
20251106,23:30,8010,3218,846,4146,82,50,266,136,520,0,0,152,0,160,-10,1752,196,8010
20251106,24:00:00,7738,3218,574,3868,78,82,260,136,502,0,0,130,0,118,-24,1400,196,7738
20251107,0:30,7472,3216,572,3802,76,52,256,136,522,0,0,114,0,114,-32,1552,196,7472
20251107,1:00,7296,3216,722,3696,76,82,256,138,500,0,0,102,0,118,-24,1784,198,7296
20251107,1:30,7128,3220,646,3498,72,60,236,140,510,0,0,104,0,120,-24,1652,198,7128
20251107,2:00,7168,3216,578,3424,70,74,232,134,506,0,0,124,0,118,-30,1476,198,7168
20251107,2:30,7318,3214,540,3446,72,64,234,140,508,0,0,120,0,120,-18,1320,198,7318
20251107,3:00,7532,3218,640,3326,70,66,240,134,504,0,0,108,0,120,2,1096,200,7532
20251107,3:30,7820,3216,742,3212,72,60,272,138,514,0,0,110,0,132,10,856,198,7820
20251107,4:00,8126,3216,878,3200,74,70,286,138,506,0,0,108,0,214,36,800,200,8126
20251107,4:30,8372,3216,888,3202,76,60,318,138,516,0,0,116,0,450,10,816,198,8372
20251107,5:00,8600,3210,892,3204,74,70,368,136,506,0,0,108,0,512,18,696,198,8600
20251107,5:30,8724,3218,886,3202,80,64,442,138,516,0,0,110,0,602,12,744,198,8724
20251107,6:00,8694,3212,888,3204,82,78,454,136,502,0,0,112,0,666,18,856,198,8694
20251107,6:30,8722,3214,878,3204,86,68,440,138,514,0,0,110,0,950,-14,1064,198,8722
20251107,7:00,8668,3216,892,3204,86,84,362,136,506,14,0,90,0,1074,-18,1176,198,8668
20251107,7:30,8622,3216,956,3198,90,64,304,138,516,338,0,94,0,664,-34,1120,198,8622
20251107,8:00,8394,3222,922,2900,90,88,276,136,502,1086,0,90,0,378,-24,1468,196,8394
20251107,8:30,8420,3222,756,2420,92,66,244,138,510,2314,0,82,33,152,-16,1756,196,8420
20251107,9:00,8750,3216,646,1652,88,72,250,136,498,3694,0,76,35,-426,-32,1316,196,8750
20251107,9:30,8974,3218,530,1028,90,70,250,136,502,5022,1,74,36,-1102,-4,1032,192,8974
20251107,10:00,8930,3220,608,968,88,74,246,136,486,6088,1,80,47,-1638,-8,1608,190,8930
20251107,10:30,8690,3220,594,878,86,74,226,136,446,6418,102,82,47,-1890,-14,1752,186,8690
20251107,11:00,8828,3218,648,820,88,72,226,136,400,6358,110,82,38,-1694,32,1744,186,8828
20251107,11:30,8854,3220,700,742,90,68,226,136,406,6372,581,82,36,-1752,34,1656,186,8854
20251107,12:00,8838,3222,664,724,82,74,232,134,404,6324,788,68,43,-1708,32,1600,186,8838
20251107,12:30,8474,3214,646,722,84,66,234,136,412,6008,1061,56,41,-1682,20,1628,186,8474
20251107,13:00,8378,3222,644,726,82,80,234,134,400,5892,1016,40,41,-1644,12,1632,188,8378
20251107,13:30,8802,3220,634,732,82,68,236,136,408,6211,434,41,31,-1588,4,1568,186,8802
20251107,14:00,8980,3220,790,858,86,80,230,132,434,6215,135,29,27,-1582,14,1712,186,8980
20251107,14:30,9086,3218,778,1064,88,72,222,134,488,6177,1,37,26,-1578,0,1800,186,9086
20251107,15:00,9112,3218,910,1430,86,76,218,132,504,5389,1,35,26,-1132,-4,1936,186,9112
20251107,15:30,9064,3222,956,1770,92,68,232,134,518,4201,1,41,0,-608,-4,1744,186,9064
20251107,16:00,9092,3224,1180,2156,94,82,232,132,514,2863,1,39,0,76,-10,1676,186,9092
20251107,16:30,9262,3216,1346,2800,98,94,244,134,526,1621,0,49,0,402,-32,1424,188,9262
20251107,17:00,9302,3222,1510,3114,98,112,254,132,512,615,0,51,0,868,-32,1344,190,9302
20251107,17:30,9172,3216,1446,3204,104,98,584,134,520,85,0,59,0,982,-34,1420,194,9172
20251107,18:00,9472,3224,1402,3202,100,102,712,130,514,0,0,76,0,842,-36,988,192,9472
20251107,18:30,9342,3214,1416,3202,106,96,542,134,524,15,0,99,0,1152,-22,1336,200,9342
20251107,19:00,9304,3216,1414,3204,104,94,494,132,512,0,0,118,0,1192,-30,1348,202,9304
20251107,19:30,9236,3224,1442,3204,104,86,474,136,524,0,0,88,0,1020,14,1276,196,9236
20251107,20:00,9018,3216,1390,3204,98,106,442,134,512,0,0,78,0,788,30,1176,196,9018
20251107,20:30,8888,3216,1398,3204,98,66,402,138,524,0,0,86,0,686,-12,1112,194,8888
20251107,21:00,8684,3216,1290,3206,94,70,386,138,512,0,0,98,0,568,-4,1084,194,8684
20251107,21:30,8490,3218,1198,3204,92,66,366,138,522,0,0,110,0,414,4,1036,194,8490
20251107,22:00,8344,3216,1174,3208,88,78,340,136,516,0,0,88,0,120,4,816,192,8344
20251107,22:30,8240,3224,1258,3208,88,60,308,138,528,0,0,80,0,120,-4,960,192,8240
20251107,23:00,8110,3218,1060,3164,80,86,302,136,522,0,0,64,0,130,2,848,194,8110
20251107,23:30,8050,3222,908,3158,82,64,262,138,530,0,0,70,0,146,22,744,192,8050
20251107,24:00:00,7742,3218,760,3130,76,82,244,136,516,0,0,72,0,120,-4,800,192,7742
20251108,0:30,7496,3220,898,3198,76,64,248,140,528,0,0,94,0,126,12,1300,192,7496
20251108,1:00,7266,3224,728,3206,72,84,236,136,514,0,0,96,0,118,-16,1324,192,7266
20251108,1:30,7138,3214,730,3100,72,62,230,140,528,0,0,92,0,122,-8,1336,192,7138
20251108,2:00,7148,3224,744,3152,70,88,240,136,516,0,0,80,0,120,6,1420,192,7148
20251108,2:30,7276,3218,828,3160,70,68,238,140,526,0,0,120,0,120,-8,1396,192,7276
20251108,3:00,7510,3222,846,3170,70,86,236,136,516,0,0,156,0,132,-12,1240,192,7510
20251108,3:30,7796,3216,876,3116,72,58,234,140,528,0,0,150,0,124,-10,900,192,7796
20251108,4:00,8020,3220,962,3192,72,86,226,136,514,0,0,122,0,142,2,844,190,8020
20251108,4:30,8270,3214,978,3208,76,66,254,140,524,0,0,134,0,282,22,820,192,8270
20251108,5:00,8398,3214,972,3204,74,80,316,136,520,0,0,140,0,642,12,1104,192,8398
20251108,5:30,8510,3212,990,3208,78,58,436,140,530,0,0,144,0,594,-12,1060,192,8510
20251108,6:00,8356,3218,926,3204,78,86,476,136,516,0,0,150,0,300,-2,924,192,8356
20251108,6:30,8210,3216,974,3174,82,74,448,138,524,0,0,158,0,346,-20,1096,192,8210
20251108,7:00,7986,3212,1000,3088,84,76,390,136,514,8,0,148,0,394,-24,1232,192,7986
20251108,7:30,7840,3220,1020,2984,86,62,318,138,522,282,0,136,0,468,-36,1552,192,7840
20251108,8:00,7628,3222,958,2372,82,72,264,136,508,1050,0,132,0,214,-30,1544,192,7628
20251108,8:30,7648,3222,872,1596,84,62,250,134,508,2130,0,114,75,246,-26,1736,192,7648
20251108,9:00,7786,3218,576,1090,82,60,246,134,460,3382,0,120,79,-272,-34,1468,192,7786
20251108,9:30,7894,3222,370,846,80,50,238,134,422,4592,0,138,79,-874,-12,1504,192,7894
20251108,10:00,8226,3222,432,720,78,48,228,134,418,5402,173,136,81,-1318,30,1496,192,8226
20251108,10:30,8158,3220,292,724,76,46,226,134,420,5784,259,142,83,-1528,-2,1568,192,8158
20251108,11:00,7904,3220,300,728,76,56,234,132,416,5754,582,122,82,-1832,2,1496,192,7904
20251108,11:30,7950,3224,304,728,78,46,234,134,422,5724,871,116,77,-1774,26,1504,192,7950
20251108,12:00,7930,3222,276,726,80,58,234,130,414,5772,894,100,75,-1770,32,1536,192,7930
20251108,12:30,7912,3222,254,730,82,40,230,134,424,5676,812,92,72,-1672,28,1520,192,7912
20251108,13:00,7846,3226,236,726,84,60,216,130,412,5674,705,78,75,-1686,34,1536,192,7846
20251108,13:30,8070,3222,284,730,84,42,214,134,428,5784,352,76,80,-1626,18,1512,192,8070
20251108,14:00,8174,3226,342,744,88,60,232,130,412,5654,99,86,86,-1478,14,1528,192,8174
20251108,14:30,8174,3224,366,880,86,40,250,134,424,5128,0,110,88,-1100,26,1584,190,8174
20251108,15:00,8074,3222,482,1202,88,70,244,132,444,3920,0,124,86,-392,10,1664,192,8074
20251108,15:30,8148,3226,508,1478,90,62,226,134,502,2720,0,124,79,-44,-20,1048,190,8148
20251108,16:00,8214,3224,656,1950,96,72,256,132,506,1542,0,120,77,350,-14,868,192,8214
20251108,16:30,8352,3220,616,2748,96,70,282,134,516,704,0,144,0,362,-28,704,192,8352
20251108,17:00,8312,3222,830,2930,98,70,298,130,518,230,0,156,0,312,-24,652,194,8312
20251108,17:30,8508,3218,986,3058,100,96,594,134,524,45,0,157,0,518,-28,1092,198,8508
20251108,18:00,8782,3220,1000,3060,102,106,706,132,516,1,0,159,0,476,-32,864,200,8782
20251108,18:30,8790,3224,1006,3058,104,100,548,134,528,17,0,167,0,612,22,932,202,8790
20251108,19:00,8618,3218,988,3062,102,110,526,132,516,0,0,192,0,812,34,1272,198,8618
20251108,19:30,8558,3220,1006,3062,102,94,454,134,532,0,0,204,0,1060,32,1540,198,8558
20251108,20:00,8498,3224,1004,3062,100,114,376,132,518,0,0,198,0,806,32,1264,196,8498
20251108,20:30,8290,3226,1004,3168,100,106,330,134,526,0,0,216,0,590,0,1304,194,8290
20251108,21:00,8106,3220,1018,3204,92,102,324,132,520,0,0,224,0,454,4,1380,192,8106
20251108,21:30,8036,3222,920,3204,92,58,284,134,530,0,0,262,0,218,-8,1072,192,8036
20251108,22:00,7842,3224,786,3204,88,78,264,130,518,0,0,272,0,140,-14,1040,192,7842
20251108,22:30,7724,3222,854,3202,86,60,248,134,528,0,0,272,0,120,-32,1160,190,7724
20251108,23:00,7526,3222,700,3164,84,72,232,132,522,0,0,252,0,116,-10,1152,192,7526
20251108,23:30,7514,3222,610,3192,82,64,234,134,526,0,0,260,0,126,10,1136,190,7514
20251108,24:00:00,7306,3220,550,3064,80,70,234,130,522,0,0,268,0,124,12,1160,192,7306
20251109,0:30,7026,3226,598,3094,78,58,224,134,534,0,0,276,0,122,-4,1504,190,7026
20251109,1:00,6930,3224,628,3008,78,72,226,130,520,0,0,300,0,124,4,1576,192,6930
20251109,1:30,6810,3226,558,2996,76,56,238,134,526,0,0,290,0,120,-16,1584,190,6810
20251109,2:00,6844,3222,528,3004,74,70,246,130,522,0,0,302,0,126,-4,1568,192,6844
20251109,2:30,6948,3228,552,3096,74,68,230,132,526,0,0,300,0,136,-8,1576,190,6948
20251109,3:00,7104,3218,534,3170,72,76,216,132,520,0,0,252,0,122,16,1416,192,7104
20251109,3:30,7432,3226,644,3206,76,56,218,132,532,0,0,222,0,174,-4,1240,190,7432
20251109,4:00,7698,3220,650,3202,76,76,224,132,520,0,0,208,0,140,10,952,192,7698
20251109,4:30,7780,3220,712,3204,76,60,310,130,532,0,0,210,0,136,-8,992,190,7780
20251109,5:00,7984,3224,716,3204,78,74,378,130,516,0,0,196,0,156,0,880,192,7984
20251109,5:30,7946,3220,720,3202,82,56,456,132,532,0,0,176,0,140,0,960,190,7946
20251109,6:00,7678,3220,604,3194,80,74,446,130,522,0,0,158,0,212,-18,1136,192,7678
20251109,6:30,7406,3222,682,3202,80,60,424,132,528,0,0,186,0,204,-24,1480,190,7406
20251109,7:00,7214,3220,678,3188,78,66,384,130,518,0,0,168,0,208,-24,1592,192,7214
20251109,7:30,7290,3222,750,3200,82,64,288,132,530,28,0,158,0,244,-22,1576,190,7290
20251109,8:00,7266,3222,670,3200,86,74,264,130,518,102,0,154,0,200,-18,1528,192,7266
20251109,8:30,7410,3222,802,2988,86,60,260,132,528,324,0,160,0,88,10,1440,190,7410
20251109,9:00,7514,3222,870,2364,84,66,250,130,512,728,0,142,0,-108,-10,928,192,7514
20251109,9:30,7648,3224,794,2324,88,68,250,132,520,1144,0,98,0,-406,-10,768,190,7648
20251109,10:00,7728,3222,672,2338,86,72,252,128,518,1778,0,80,0,-872,-22,716,192,7728
20251109,10:30,7722,3228,732,2334,86,62,254,132,520,2270,0,82,0,-872,0,1296,190,7722
20251109,11:00,7794,3222,718,2336,88,76,266,128,516,2510,0,108,0,-708,6,1664,192,7794
20251109,11:30,7910,3222,664,2336,86,62,258,132,520,2656,0,222,0,-560,26,1904,190,7910
20251109,12:00,8010,3224,640,2336,90,64,244,128,516,3058,0,220,0,-820,14,1896,192,8010
20251109,12:30,7966,3224,702,2316,92,64,242,132,520,2926,0,214,0,-812,6,1840,180,7966
20251109,13:00,7940,3222,684,2312,86,70,250,128,518,2872,0,278,0,-804,6,1860,178,7940
20251109,13:30,7936,3222,678,2332,86,66,250,132,520,2862,0,264,0,-820,10,1844,178,7936
20251109,14:00,7660,3224,714,2334,90,68,264,128,514,2222,0,250,0,-506,8,1828,178,7660
20251109,14:30,7560,3224,766,2338,90,64,270,132,518,1966,0,252,0,-420,2,1820,178,7560
20251109,15:00,7664,3220,758,2362,88,72,252,130,520,1882,0,248,0,-260,2,1788,178,7664
20251109,15:30,7808,3228,590,2960,92,60,286,132,520,1640,0,226,0,-280,-24,1800,178,7808
20251109,16:00,7834,3220,640,3182,94,70,330,130,512,1050,0,160,0,-164,4,1572,178,7834
20251109,16:30,7912,3224,774,3176,98,72,360,132,520,600,0,132,0,182,-28,1508,178,7912
20251109,17:00,8016,3222,1080,3198,98,68,390,130,522,240,0,124,0,428,-14,1648,178,8016
20251109,17:30,8384,3218,1090,3198,102,62,628,132,526,54,0,122,0,658,-28,1560,182,8384
20251109,18:00,8672,3220,1048,3194,104,72,768,132,516,10,0,112,0,610,-34,1264,184,8672
20251109,18:30,8716,3216,898,3198,108,64,622,132,522,0,0,116,0,668,20,1032,184,8716
20251109,19:00,8654,3222,912,3200,104,70,594,132,514,0,0,132,0,612,32,1056,186,8654
20251109,19:30,8510,3224,928,3200,106,56,472,134,524,0,0,146,0,650,30,1144,184,8510
20251109,20:00,8348,3220,944,3198,102,76,396,130,516,0,0,162,0,488,30,1096,182,8348
20251109,20:30,8202,3222,930,3198,102,58,346,134,526,0,0,164,0,542,22,1224,182,8202
20251109,21:00,8060,3226,832,3198,94,70,338,132,518,0,0,148,0,480,20,1176,180,8060
20251109,21:30,7922,3220,718,3200,94,64,344,134,522,0,0,124,0,192,-2,868,180,7922
20251109,22:00,7702,3224,694,3198,90,68,340,132,520,0,0,124,0,116,6,988,178,7702
20251109,22:30,7554,3222,684,3200,86,62,280,134,522,0,0,160,0,116,-6,1084,178,7554
20251109,23:00,7398,3224,682,3200,84,74,264,132,516,0,0,168,0,114,2,1240,178,7398
20251109,23:30,7320,3220,692,3200,82,58,248,134,524,0,0,206,0,116,-14,1324,178,7320
20251109,24:00:00,7142,3226,644,3196,80,74,252,132,514,0,0,238,0,116,-20,1488,178,7142
20251110,0:30,6972,3224,654,2750,78,56,258,134,524,0,0,236,0,116,-24,1212,178,6972
20251110,1:00,6726,3224,708,2340,72,78,246,132,518,0,0,240,0,118,-16,1112,178,6726
20251110,1:30,6590,3224,682,2338,74,64,238,134,524,0,0,282,0,0,-32,1116,178,6590
20251110,2:00,6526,3222,686,2626,74,72,228,132,512,0,0,282,0,-150,-16,1320,178,6526
20251110,2:30,6762,3226,692,3154,74,66,240,136,522,0,0,326,0,-326,-18,1508,178,6762
20251110,3:00,6982,3220,712,3196,70,86,244,134,508,0,0,358,0,-326,-18,1380,178,6982
20251110,3:30,7318,3224,776,3200,74,68,234,136,524,0,0,364,0,-284,16,1192,178,7318
20251110,4:00,7568,3224,712,3198,72,88,258,134,512,0,0,376,0,-318,18,884,178,7568
20251110,4:30,7742,3222,686,3202,76,64,322,136,528,0,0,370,0,-320,30,752,178,7742
20251110,5:00,7870,3218,788,3204,76,86,416,134,508,0,0,354,0,-236,8,864,178,7870
20251110,5:30,8086,3222,584,3202,82,54,596,136,522,0,0,384,0,0,-6,868,178,8086
20251110,6:00,8052,3224,546,3186,80,92,600,132,496,0,0,390,0,72,8,952,178,8052
20251110,6:30,8126,3220,748,3184,84,66,438,136,510,0,0,388,0,118,-8,936,178,8126
20251110,7:00,8092,3220,716,3172,86,78,376,134,498,0,0,382,0,118,-34,832,178,8092
20251110,7:30,8106,3226,856,3202,92,68,320,136,506,117,0,363,0,150,-32,1076,178,8106
20251110,8:00,8126,3222,902,3202,88,82,302,134,492,411,0,319,0,178,0,1384,178,8126
20251110,8:30,8262,3224,952,2710,92,66,242,136,498,1145,0,233,91,402,-4,1612,178,8262
20251110,9:00,8510,3224,948,1904,92,86,226,134,482,2095,0,211,91,424,-6,1488,178,8510
20251110,9:30,8796,3226,746,1662,90,58,220,130,452,3245,0,227,91,52,-2,1488,178,8796
20251110,10:00,8958,3222,780,1500,90,62,230,128,402,3975,0,217,92,-916,-4,904,176,8958
20251110,10:30,8726,3228,884,1384,86,48,234,130,410,4501,0,219,92,-1748,4,832,178,8726
20251110,11:00,8538,3224,962,1104,84,58,216,128,402,4771,0,197,93,-1550,12,1248,178,8538
20251110,11:30,8534,3224,858,1004,82,46,214,130,408,5195,0,205,93,-1492,2,1520,178,8534
20251110,12:00,8548,3224,838,744,80,52,216,128,406,5643,0,181,93,-1588,-6,1548,178,8548
20251110,12:30,8300,3226,692,724,78,50,224,130,412,5979,48,151,94,-1852,-8,1684,178,8300
20251110,13:00,8068,3224,718,722,80,56,230,128,400,5435,265,155,93,-1660,10,1608,178,8068
20251110,13:30,8408,3222,834,728,80,46,218,130,412,5573,0,149,88,-1574,8,1596,178,8408
20251110,14:00,8628,3226,892,886,80,60,214,128,398,5267,0,141,80,-1536,10,1316,178,8628
20251110,14:30,8852,3224,862,1122,84,48,218,130,412,5053,0,113,0,-1554,-2,1036,178,8852
20251110,15:00,8750,3224,816,1508,86,68,234,128,428,4577,0,99,0,-1496,-6,1092,176,8750
20251110,15:30,8910,3222,916,2064,88,66,244,130,490,3862,0,90,0,-784,-6,1648,176,8910
20251110,16:00,8888,3222,1178,2776,92,76,226,130,494,2800,0,72,0,-468,-8,1880,178,8888
20251110,16:30,9114,3226,1402,3180,96,58,284,132,518,1456,0,72,0,402,-4,1888,180,9114
20251110,17:00,9100,3222,1660,3194,98,108,304,134,500,490,0,58,0,946,-4,1792,182,9100
20251110,17:30,9350,3220,1750,3194,100,94,414,136,516,58,0,64,0,1136,-8,1512,188,9350
20251110,18:00,9484,3218,1754,3192,106,104,480,134,512,18,0,68,0,1022,-14,1300,190,9484
20251110,18:30,9474,3218,1742,3196,106,96,596,136,516,18,0,76,0,1188,8,1616,194,9474
20251110,19:00,9520,3220,1780,3192,106,84,606,134,512,0,0,102,0,1086,10,1504,192,9520
20251110,19:30,9456,3218,1804,3196,106,56,516,136,524,0,0,84,0,828,12,1212,188,9456
20251110,20:00,9268,3224,1784,3198,102,82,468,136,506,0,0,64,0,576,8,1068,188,9268
20251110,20:30,9144,3226,1762,3198,100,60,366,136,522,0,0,62,0,638,0,1112,186,9144
20251110,21:00,9002,3224,1788,3202,98,78,316,136,504,0,0,60,0,468,0,1056,184,9002
20251110,21:30,8896,3226,1736,3204,94,62,300,136,518,0,0,54,0,240,-2,856,184,8896
20251110,22:00,8614,3226,1594,3196,90,76,264,136,510,0,0,44,0,122,-2,824,182,8614
20251110,22:30,8476,3224,1466,3204,90,64,270,136,516,0,0,48,0,122,-2,844,182,8476
20251110,23:00,8250,3226,1010,3180,86,74,270,136,516,0,0,38,0,148,-6,612,184,8250
20251110,23:30,8226,3228,894,3204,82,56,272,136,524,0,0,46,0,116,-2,512,182,8226
20251110,24:00:00,7934,3226,566,3194,80,76,254,136,508,0,0,28,0,60,-2,376,184,7934
20251111,0:30,7704,3224,558,3180,78,60,256,136,520,0,0,34,0,-46,-6,472,182,7704
20251111,1:00,7442,3226,572,3206,74,76,256,136,510,0,0,32,0,-288,2,544,184,7442
20251111,1:30,7326,3226,598,3210,74,60,262,136,522,0,0,26,0,-290,-4,676,182,7326
20251111,2:00,7408,3224,640,3210,72,78,272,136,512,0,0,18,0,-274,0,664,184,7408
20251111,2:30,7494,3228,604,3210,72,74,272,136,516,0,0,20,0,-268,0,552,182,7494
20251111,3:00,7828,3224,784,3204,72,72,278,136,510,0,0,16,0,-82,6,576,184,7828
20251111,3:30,8152,3228,996,3208,74,62,272,136,520,0,0,22,0,82,2,632,182,8152
20251111,4:00,8408,3220,1226,3204,74,78,260,136,512,0,0,18,0,124,0,628,184,8408
20251111,4:30,8692,3224,1224,3208,78,58,282,136,528,0,0,28,0,122,-2,376,182,8692
20251111,5:00,8856,3226,1374,3204,78,92,292,136,502,0,0,20,0,230,-2,480,184,8856
20251111,5:30,9078,3218,1372,3206,82,84,292,136,522,0,0,32,0,500,0,548,182,9078
20251111,6:00,9144,3224,1374,3204,86,98,292,134,512,0,0,28,0,462,-6,448,184,9144
20251111,6:30,9270,3224,1372,3208,88,78,316,136,524,0,0,36,0,628,-2,520,182,9270
20251111,7:00,9224,3226,1376,3200,90,100,310,134,510,2,0,54,0,500,-6,456,184,9224
20251111,7:30,9198,3226,1284,3208,96,92,324,136,524,122,0,48,0,390,-10,424,182,9198
20251111,8:00,9172,3222,1036,3202,94,130,376,134,506,394,0,28,0,316,-10,440,184,9172
20251111,8:30,9444,3228,1084,3054,96,110,386,136,520,791,0,31,0,478,4,656,182,9444
20251111,9:00,9764,3220,1190,2782,98,118,500,134,500,1245,0,27,0,258,-12,480,184,9764
20251111,9:30,9868,3226,1278,2374,102,102,474,136,510,1544,0,22,0,250,8,340,182,9868
20251111,10:00,9948,3182,1126,2324,98,136,340,134,488,1848,0,16,0,-124,-2,-200,182,9948
20251111,10:30,9844,3136,1092,2232,98,110,306,136,452,2156,0,20,0,-272,0,-196,182,9844
20251111,11:00,9864,3142,1040,2200,94,112,306,134,406,2354,0,16,0,-312,-4,-194,182,9864
20251111,11:30,9852,3152,1030,2196,96,98,254,138,418,2440,0,14,0,-306,0,-140,182,9852
20251111,12:00,9668,3166,1012,2084,92,118,254,132,404,2654,0,6,0,-464,-6,-34,182,9668
20251111,12:30,9488,3184,790,1824,92,134,236,138,450,3105,0,9,0,-666,2,-8,182,9488
20251111,13:00,9282,3198,882,2052,84,184,230,134,486,3129,0,7,0,-1448,2,-160,182,9282
20251111,13:30,9500,3218,1002,2218,92,166,240,136,512,3095,0,9,0,-1532,10,-152,182,9500
20251111,14:00,9562,3222,948,2432,90,178,242,134,504,3029,0,9,0,-1262,-10,136,182,9562
20251111,14:30,9406,3230,996,2564,94,164,246,136,512,2845,0,17,0,-1202,6,384,182,9406
20251111,15:00,9458,3226,1162,2772,92,176,276,134,508,2547,0,21,0,-748,2,892,182,9458
20251111,15:30,9296,3226,1334,3116,96,166,278,130,514,1979,0,25,0,-536,6,1220,182,9296
20251111,16:00,9412,3224,1704,3344,96,184,286,134,510,1365,0,27,0,-144,-4,1496,182,9412
20251111,16:30,9720,3228,1790,3334,100,160,296,136,518,767,0,33,0,196,-6,1016,184,9720
20251111,17:00,9620,3226,2488,3534,98,210,296,134,510,223,0,57,0,446,-12,1776,186,9620
20251111,17:30,9850,3224,2494,3522,104,194,406,136,520,22,0,98,0,752,-12,1800,190,9850
20251111,18:00,10052,3226,2498,3582,106,210,538,134,510,0,0,98,0,972,-12,2000,190,10052
20251111,18:30,10182,3230,2388,3720,110,192,592,138,520,0,0,84,0,404,-8,1380,192,10182
20251111,19:00,10096,3226,2212,3804,106,198,490,134,510,0,0,80,0,154,-4,1008,194,10096
20251111,19:30,9842,3222,2458,3812,104,168,398,136,520,0,0,92,0,130,6,1392,188,9842
20251111,20:00,9692,3222,2238,3810,104,176,364,134,514,0,0,96,0,118,0,1272,188,9692
20251111,20:30,9554,3224,2292,3812,98,158,310,136,522,0,0,106,0,134,4,1428,186,9554
20251111,21:00,9428,3222,1942,3810,96,188,282,134,482,0,0,112,0,16,4,1044,184,9428
20251111,21:30,9198,3224,1618,3816,94,154,270,138,478,0,0,102,0,-212,0,668,184,9198
20251111,22:00,8930,3222,1236,3810,88,188,268,132,466,0,0,90,0,-272,-4,476,182,8930
20251111,22:30,8792,3224,1212,3818,90,168,246,138,472,0,0,86,0,-280,-4,560,182,8792
20251111,23:00,8560,3222,1134,3812,84,180,232,136,472,0,0,102,0,-410,0,588,184,8560
20251111,23:30,8480,3226,1028,3814,82,164,240,138,478,0,0,106,0,-548,6,436,182,8480
20251111,24:00:00,8136,3224,912,3816,76,178,250,132,466,0,0,106,0,-590,-2,616,184,8136
20251112,0:30,7830,3228,1004,3520,78,164,264,138,474,0,0,110,0,-302,10,1040,182,7830
20251112,1:00,7610,3220,914,3294,74,180,250,134,448,0,0,118,0,0,4,1208,182,7610
20251112,1:30,7456,3226,822,3296,72,158,244,138,452,0,0,118,0,118,-6,1364,182,7456
20251112,2:00,7526,3224,910,3336,72,186,234,134,432,0,0,108,0,118,-6,1404,182,7526
20251112,2:30,7630,3224,826,3770,70,166,248,138,426,0,0,116,0,120,-8,1648,182,7630
20251112,3:00,7958,3226,918,3804,70,182,260,134,424,0,0,126,0,40,0,1408,182,7958
20251112,3:30,8280,3228,986,3816,72,166,256,138,424,0,0,140,0,-238,4,896,184,8280
20251112,4:00,8482,3220,872,3806,74,182,244,134,420,0,0,144,0,-296,-6,496,184,8482
20251112,4:30,8728,3224,1006,3810,76,164,264,138,426,0,0,150,0,-246,8,476,184,8728
20251112,5:00,8894,3226,888,3810,74,180,282,134,414,0,0,132,0,44,2,476,184,8894
20251112,5:30,9026,3224,1008,3810,80,158,328,138,428,0,0,126,0,120,0,576,182,9026
20251112,6:00,9020,3220,954,3812,82,188,342,134,418,0,0,124,0,120,2,560,184,9020
20251112,6:30,9008,3226,1354,3812,86,164,338,138,428,1,0,133,0,122,-8,968,182,9008
20251112,7:00,9054,3226,1534,3806,90,176,304,134,420,0,0,144,0,352,-12,1304,184,9054
20251112,7:30,9084,3224,1614,3814,92,162,316,138,428,87,0,149,0,166,-12,1276,182,9084
20251112,8:00,8978,3228,1454,3812,94,172,334,134,416,305,0,161,0,120,-8,1428,184,8978
20251112,8:30,9172,3224,1506,3812,96,172,316,138,422,783,0,151,0,386,-4,2012,182,9172
20251112,9:00,9438,3226,1638,3808,100,188,324,134,414,1323,0,131,0,234,-8,2256,182,9438
20251112,9:30,9676,3228,1514,3810,102,176,280,136,422,1679,0,123,0,202,6,2184,182,9676
20251112,10:00,9738,3224,1366,3788,96,186,252,134,412,2093,0,121,0,46,0,2160,180,9738
20251112,10:30,9764,3228,1616,3142,98,178,216,136,420,2540,0,126,0,-528,0,1588,180,9764
20251112,11:00,9654,3224,1548,3054,96,194,210,132,416,2522,0,108,0,-670,6,1368,182,9654
20251112,11:30,9706,3224,1368,3038,98,196,218,136,424,2563,0,93,0,-1016,8,824,180,9706
20251112,12:00,9626,3228,1442,3038,94,198,222,132,416,2241,0,95,0,-1020,14,656,182,9626
20251112,12:30,9424,3224,1250,3038,94,188,222,136,422,2213,0,93,0,-1480,0,156,180,9424
20251112,13:00,9156,3224,1136,3036,92,200,208,132,418,2139,0,75,0,-1670,4,20,182,9156
20251112,13:30,9476,3226,1326,3058,96,188,204,136,424,1693,0,73,0,-682,2,448,180,9476
20251112,14:00,9624,3226,1276,3208,98,200,220,132,414,1383,0,71,0,-288,6,504,182,9624
20251112,14:30,9560,3226,1284,3558,96,174,224,136,420,1151,0,85,0,-174,-2,800,182,9560
20251112,15:00,9520,3218,1234,3468,98,174,230,130,418,921,0,67,0,14,-4,628,180,9520
20251112,15:30,9452,3228,1094,3766,100,162,264,134,424,679,0,71,0,176,-6,820,180,9452
20251112,16:00,9580,3218,1420,3810,98,204,272,132,416,381,0,69,0,290,-8,904,182,9580
20251112,16:30,9684,3226,1514,3808,102,188,280,136,428,175,0,85,0,698,-4,1136,184,9684
20251112,17:00,9794,3220,1512,3808,104,220,298,130,420,45,0,79,0,1044,-12,1260,186,9794
20251112,17:30,9896,3226,1518,4006,104,194,540,134,428,5,0,83,0,826,-12,1344,188,9896
20251112,18:00,10050,3224,1504,4140,104,206,618,132,420,1,0,75,0,698,-14,1248,190,10050
20251112,18:30,10108,3218,1550,4142,110,194,562,134,426,1,0,55,0,666,10,1152,192,10108
20251112,19:00,10008,3224,1554,4140,108,186,510,132,422,0,0,60,0,784,10,1312,190,10008
20251112,19:30,9910,3220,1570,4144,106,170,408,134,428,0,0,64,0,882,12,1416,188,9910
20251112,20:00,9724,3218,1566,4140,104,180,394,132,420,0,0,54,0,654,8,1332,186,9724
20251112,20:30,9566,3224,1512,4148,100,162,340,136,428,0,0,56,0,354,4,1084,186,9566
20251112,21:00,9326,3220,1466,4140,96,184,338,130,414,0,0,64,0,124,2,1036,184,9326
20251112,21:30,9152,3228,1200,4144,94,164,288,132,426,0,0,38,0,-54,-4,688,184,9152
20251112,22:00,8834,3224,1048,4144,90,176,270,132,420,0,0,28,0,-312,8,576,182,8834
20251112,22:30,8740,3222,968,4148,90,156,254,134,428,0,0,28,0,-338,-4,528,182,8740
20251112,23:00,8550,3224,744,4132,82,178,250,130,416,0,0,40,0,-498,4,336,184,8550
20251112,23:30,8414,3228,844,4150,82,160,252,134,426,0,0,28,0,-620,4,456,182,8414
20251112,24:00:00,8150,3222,698,4150,78,172,254,130,422,0,0,16,0,-762,-6,408,184,8150
20251113,0:30,7828,3224,804,4146,78,164,270,134,424,0,0,32,0,-940,-12,680,184,7828
20251113,1:00,7574,3224,626,4088,74,168,264,130,428,0,0,8,0,-974,-14,632,184,7574
20251113,1:30,7506,3226,732,4038,72,156,272,134,428,0,0,4,0,-1086,-10,644,184,7506
20251113,2:00,7476,3222,792,4034,74,176,280,130,422,0,0,14,0,-1214,-10,628,184,7476
20251113,2:30,7674,3224,762,4094,72,164,280,134,426,0,0,18,0,-1176,-8,500,184,7674
20251113,3:00,7820,3226,688,4148,70,172,282,130,426,0,0,14,0,-1104,2,416,182,7820
20251113,3:30,8152,3224,768,4148,74,160,278,134,430,0,0,14,0,-830,6,436,182,8152
20251113,4:00,8400,3222,790,4144,72,174,280,132,426,0,0,14,0,-616,10,432,184,8400
20251113,4:30,8620,3226,842,4148,76,162,290,134,434,0,0,22,0,-302,2,596,182,8620
20251113,5:00,8772,3226,826,4144,80,170,310,132,422,0,0,22,0,-248,-4,492,184,8772
20251113,5:30,8890,3220,924,4150,80,162,370,134,432,0,0,26,0,-236,6,560,182,8890
20251113,6:00,8814,3226,914,4140,82,174,386,132,422,0,0,32,0,-304,2,576,184,8814
20251113,6:30,8800,3224,1196,4142,86,160,382,134,436,0,0,54,0,-22,-4,1172,184,8800
20251113,7:00,8848,3222,1296,4050,88,178,358,132,420,0,0,54,0,120,-10,1244,184,8848
20251113,7:30,8936,3228,1442,4116,92,168,390,134,434,6,0,58,0,120,-10,1428,186,8936
20251113,8:00,9062,3226,1536,4130,92,178,378,132,420,42,0,56,0,116,-12,1416,184,9062
20251113,8:30,9402,3226,1870,4150,96,170,384,130,428,172,0,66,0,136,-8,1600,182,9402
20251113,9:00,9694,3224,1964,4142,102,188,364,126,412,340,0,60,0,124,-4,1532,184,9694
20251113,9:30,9926,3226,1694,4132,100,170,320,130,420,537,0,59,0,134,2,1180,182,9926
20251113,10:00,9922,3226,1630,4016,102,174,278,126,412,819,0,45,0,38,-2,1124,182,9922
20251113,10:30,9930,3228,1608,4134,102,174,266,130,418,1033,0,53,0,-256,10,1152,182,9930
20251113,11:00,9874,3222,1526,4144,98,176,274,126,410,1185,0,55,0,-298,10,1236,182,9874
20251113,11:30,9876,3226,1420,3932,100,166,276,130,422,1587,0,45,0,-312,-2,1296,182,9876
20251113,12:00,9850,3228,1404,4032,98,182,274,126,412,1581,0,45,0,-306,8,1416,182,9850
20251113,12:30,9466,3224,1238,4074,96,168,274,128,420,1591,0,43,0,-340,4,1636,182,9466
20251113,13:00,9426,3228,1356,4146,96,174,264,128,414,1457,0,37,0,-476,8,1588,182,9426
20251113,13:30,9678,3226,1172,4150,96,158,260,128,420,1331,0,33,0,-506,4,976,182,9678
20251113,14:00,9738,3228,1136,4142,102,188,274,126,408,1187,0,41,0,-284,-4,988,182,9738
20251113,14:30,9664,3226,1228,4144,98,172,278,128,416,1116,0,42,0,-96,-6,1264,182,9664
20251113,15:00,9614,3228,1276,4114,96,176,288,126,416,1064,0,38,0,100,2,1492,182,9614
20251113,15:30,9596,3228,1358,4078,96,192,316,128,420,911,0,43,0,122,-2,1476,182,9596
20251113,16:00,9666,3224,1480,4140,98,168,312,126,416,623,0,55,0,196,-10,1344,182,9666
20251113,16:30,9706,3228,1494,4142,100,168,346,128,428,311,0,53,0,292,-10,1160,186,9706
20251113,17:00,9758,3226,1504,4140,100,182,512,128,410,127,0,61,0,288,-12,1096,188,9758
20251113,17:30,9902,3228,1568,4144,104,172,628,128,418,31,0,59,0,306,-12,1064,192,9902
20251113,18:00,9994,3222,1560,4140,106,170,572,128,414,5,0,63,0,412,-8,984,194,9994
20251113,18:30,9962,3226,1454,4138,110,172,512,128,424,0,0,64,0,656,10,1128,196,9962
20251113,19:00,9964,3222,1334,4140,108,186,454,128,414,0,0,64,0,824,12,1116,194,9964
20251113,19:30,9820,3224,1324,4142,104,172,378,128,420,0,0,62,0,900,8,1232,190,9820
20251113,20:00,9622,3220,1348,4142,102,178,376,132,418,0,0,50,0,722,10,1264,188,9622
20251113,20:30,9458,3222,1300,4148,100,164,324,132,424,0,0,38,0,638,12,1232,188,9458
20251113,21:00,9262,3226,1204,4144,98,184,320,132,412,0,0,40,0,484,6,1176,188,9262
20251113,21:30,9092,3228,1100,4146,94,166,320,134,424,0,0,46,0,286,0,1040,188,9092
20251113,22:00,8820,3222,902,4142,90,180,302,130,418,0,0,42,0,154,-4,944,186,8820
20251113,22:30,8746,3230,868,4104,88,164,280,134,426,0,0,38,0,116,-6,880,184,8746
20251113,23:00,8468,3222,762,3950,86,174,278,132,420,0,0,42,0,112,4,896,182,8468
20251113,23:30,8378,3226,696,3956,84,168,284,134,432,0,0,48,0,112,10,956,184,8378
20251113,24:00:00,8208,3226,568,3474,76,186,288,132,420,0,0,54,0,134,0,532,182,8208
20251114,0:30,7848,3226,552,3278,78,160,282,134,432,0,0,46,0,132,-8,648,184,7848
20251114,1:00,7610,3226,694,3278,76,180,272,132,416,0,0,46,0,118,-8,1004,184,7610
20251114,1:30,7514,3224,618,3282,72,172,270,134,428,0,0,58,0,130,-10,1048,184,7514
20251114,2:00,7526,3226,754,3242,72,176,284,132,416,0,0,60,0,132,-8,1144,184,7526
20251114,2:30,7654,3226,750,3716,74,166,292,134,426,0,0,62,0,150,-6,1520,184,7654
20251114,3:00,7950,3220,746,3808,72,178,294,132,418,0,0,60,0,118,-12,1268,184,7950
20251114,3:30,8346,3228,840,3820,76,164,298,134,430,0,0,56,0,124,4,1012,184,8346
20251114,4:00,8566,3224,868,3730,74,186,290,132,420,0,0,50,0,118,-2,708,184,8566
20251114,4:30,8850,3220,962,3678,80,160,294,134,430,0,0,60,0,230,10,592,184,8850
20251114,5:00,9002,3226,1002,3568,76,180,352,132,416,0,0,60,0,374,4,572,184,9002
20251114,5:30,9146,3226,1008,3496,82,160,382,134,430,0,0,66,0,530,8,560,184,9146
20251114,6:00,9188,3222,1064,3478,86,180,420,130,420,0,0,56,0,300,0,352,184,9188
20251114,6:30,9122,3226,1154,3416,86,166,402,134,430,0,0,56,0,268,0,400,184,9122
20251114,7:00,9200,3222,1192,3336,90,168,356,130,422,3,0,59,0,526,-2,488,186,9200
20251114,7:30,9202,3226,1162,3156,94,160,320,134,428,217,0,53,0,304,-12,224,184,9202
20251114,8:00,9000,3222,874,3006,90,172,316,132,410,859,0,47,0,138,-8,444,186,9000
20251114,8:30,8960,3228,964,2494,90,132,318,134,422,1922,0,32,0,-296,4,668,184,8960
20251114,9:00,9044,3224,896,2088,90,130,282,132,398,3234,0,18,0,-544,-10,1080,186,9044
20251114,9:30,9150,3226,1022,1860,88,94,276,134,382,4548,1,16,0,-626,2,2056,184,9150
20251114,10:00,9242,3228,794,1624,84,104,266,132,332,5686,1,10,0,-1110,0,2092,184,9242
20251114,10:30,9224,3226,714,1334,80,82,272,134,344,6570,1,8,0,-1708,0,2016,184,9224
20251114,11:00,9178,3228,682,1106,78,106,276,130,336,7036,141,12,0,-1944,-4,2048,184,9178
20251114,11:30,9372,3224,788,942,76,84,280,132,346,6888,596,8,0,-1790,-6,1784,184,9372
20251114,12:00,9356,3228,890,772,80,106,276,130,338,6686,959,4,0,-1666,8,1680,184,9356
20251114,12:30,8982,3226,834,748,78,82,256,134,352,6444,1212,8,0,-1662,-2,1700,184,8982
20251114,13:00,8818,3224,916,750,78,102,250,130,330,6104,1392,6,0,-1588,4,1672,184,8818
20251114,13:30,9282,3226,930,756,80,90,260,134,342,6456,742,14,0,-1544,10,1656,184,9282
20251114,14:00,9456,3226,940,904,80,104,266,128,326,6582,318,16,0,-1486,2,1816,184,9456
20251114,14:30,9234,3226,876,1076,82,98,268,134,366,6170,1,18,0,-1372,-4,1888,184,9234
20251114,15:00,9112,3222,980,1548,84,142,262,128,392,5192,1,24,0,-890,0,2156,184,9112
20251114,15:30,9116,3224,1112,1614,86,158,268,134,418,4054,0,32,0,-374,-4,1792,186,9116
20251114,16:00,9170,3224,1270,1842,96,182,310,128,414,2736,0,26,0,396,8,1648,186,9170
20251114,16:30,9306,3228,1436,2486,98,164,334,134,428,1466,0,44,0,590,0,1288,186,9306
20251114,17:00,9342,3218,1514,2668,98,184,380,130,416,458,0,54,0,1122,-4,1088,192,9342
20251114,17:30,9506,3228,1500,2920,104,188,510,134,424,37,0,55,0,1160,-8,944,198,9506
20251114,18:00,9662,3224,1472,3148,102,208,522,130,422,15,0,69,0,1010,-8,848,196,9662
20251114,18:30,9586,3220,1514,3466,106,192,516,134,422,19,0,59,0,910,4,1176,200,9586
20251114,19:00,9606,3222,1512,3486,104,204,504,130,424,0,0,74,0,878,10,1144,202,9606
20251114,19:30,9414,3224,1522,3490,104,182,398,134,424,0,0,70,0,866,4,1200,196,9414
20251114,20:00,9368,3220,1498,3486,102,180,370,130,418,0,0,48,0,662,2,944,196,9368
20251114,20:30,9068,3220,1512,3490,100,164,320,134,422,0,0,54,0,604,0,1144,192,9068
20251114,21:00,9018,3224,1536,3490,96,178,298,130,418,0,0,32,0,510,-4,1080,190,9018
20251114,21:30,8822,3228,1434,3488,94,162,264,134,426,0,0,34,0,386,2,1020,190,8822
20251114,22:00,8670,3222,1178,3490,88,180,262,130,422,0,0,36,0,178,-4,700,188,8670
20251114,22:30,8522,3228,1094,3490,86,166,266,134,424,0,0,32,0,122,2,708,186,8522
20251114,23:00,8360,3228,812,3420,86,170,266,130,426,0,0,28,0,120,0,512,186,8360
20251114,23:30,8324,3226,814,3472,82,160,264,134,432,0,0,30,0,122,-4,592,184,8324
20251114,24:00:00,8054,3224,746,3188,80,174,256,130,422,0,0,28,0,118,-10,488,186,8054
20251115,0:30,7760,3228,664,2950,78,156,250,134,432,0,0,36,0,120,-10,464,186,7760
20251115,1:00,7516,3228,642,2960,72,176,254,130,422,0,0,34,0,120,-8,700,186,7516
20251115,1:30,7376,3230,610,2952,72,168,274,132,428,0,0,34,0,122,-4,828,186,7376
20251115,2:00,7406,3224,642,3002,68,172,276,132,420,0,0,30,0,118,-8,856,186,7406
20251115,2:30,7552,3228,694,3012,72,158,262,134,428,0,0,34,0,124,-4,776,186,7552
20251115,3:00,7780,3226,720,2990,72,178,256,130,422,0,0,32,0,118,-2,548,186,7780
20251115,3:30,8086,3224,850,3006,74,156,250,134,430,0,0,34,0,130,4,392,186,8086
20251115,4:00,8360,3228,1044,3008,72,178,262,130,424,0,0,30,0,326,8,536,186,8360
20251115,4:30,8584,3224,1060,3004,76,156,292,134,434,0,0,26,0,430,10,448,186,8584
20251115,5:00,8704,3224,1100,3004,78,178,312,130,418,0,0,28,0,466,-4,416,186,8704
20251115,5:30,8768,3220,1070,3010,80,156,378,134,436,0,0,28,0,606,0,536,186,8768
20251115,6:00,8738,3226,1126,3002,80,178,392,130,422,0,0,34,0,424,0,464,188,8738
20251115,6:30,8550,3226,1106,3006,84,156,380,134,436,0,0,42,0,594,0,800,186,8550
20251115,7:00,8416,3222,1156,3004,84,178,370,130,420,2,0,52,0,498,-6,880,186,8416
20251115,7:30,8308,3222,1148,3006,86,154,312,134,430,204,0,50,0,288,4,916,186,8308
20251115,8:00,8134,3226,1034,2882,86,144,296,130,414,874,0,36,0,222,-4,1392,186,8134
20251115,8:30,7994,3226,854,2164,84,116,298,134,416,1922,0,18,34,0,2,1424,184,7994
20251115,9:00,8072,3224,566,1594,78,116,272,128,374,3266,0,8,33,-640,-4,1096,186,8072
20251115,9:30,8260,3226,760,1298,78,84,268,132,350,4438,148,2,43,-1154,2,1408,184,8260
20251115,10:00,8478,3226,534,1158,76,110,252,128,336,5298,437,0,65,-1172,-12,1640,184,8478
20251115,10:30,8372,3226,558,976,72,94,238,132,350,5736,880,2,58,-1584,0,1612,184,8372
20251115,11:00,8342,3224,654,884,70,118,228,128,340,5730,1521,0,60,-1640,6,1584,184,8342
20251115,11:30,8284,3224,590,792,68,94,242,130,350,5908,1761,2,54,-1674,-2,1624,184,8284
20251115,12:00,8204,3226,664,756,66,110,246,130,340,5716,2196,2,62,-1596,-4,1636,184,8204
20251115,12:30,8112,3226,672,762,68,86,240,130,352,5580,2356,0,66,-1566,-10,1612,184,8112
20251115,13:00,7964,3222,640,762,68,98,240,130,338,5480,2276,0,94,-1560,-14,1624,184,7964
20251115,13:30,8114,3230,604,754,68,84,254,130,352,5658,1758,0,92,-1608,-4,1592,184,8114
20251115,14:00,8162,3224,690,762,68,102,254,130,338,5532,1441,0,99,-1534,-4,1584,184,8162
20251115,14:30,8218,3226,634,782,72,84,264,130,350,5436,772,0,113,-1304,12,1652,184,8218
20251115,15:00,8158,3228,708,916,72,106,264,128,336,5014,166,0,120,-1196,4,1608,186,8158
20251115,15:30,7880,3224,670,1270,76,104,282,130,372,4116,1,16,106,-1046,0,1520,186,7880
20251115,16:00,8072,3226,768,2012,82,140,286,128,402,2792,1,24,113,-314,-4,1656,186,8072
20251115,16:30,8138,3228,934,2270,88,158,326,130,422,1472,0,56,0,526,2,1660,186,8138
20251115,17:00,8308,3228,1018,2674,94,182,386,128,412,470,0,64,0,814,-4,1348,190,8308
20251115,17:30,8486,3222,1030,2770,96,192,486,130,428,56,0,58,0,942,-12,1108,196,8486
20251115,18:00,8816,3220,1048,2814,102,206,520,130,418,16,0,46,0,746,-12,636,198,8816
20251115,18:30,8784,3226,1036,2988,106,202,518,130,422,20,0,46,0,768,-10,864,196,8784
20251115,19:00,8864,3222,1050,3004,102,202,474,130,422,0,0,58,0,702,0,700,198,8864
20251115,19:30,8730,3226,1064,2912,102,192,380,130,428,0,0,34,0,646,8,592,200,8730
20251115,20:00,8652,3220,1078,2906,100,196,340,130,418,0,0,22,0,464,6,424,196,8652
20251115,20:30,8504,3228,1060,2908,98,168,316,130,432,0,0,20,0,356,6,412,194,8504
20251115,21:00,8384,3228,1096,2912,94,178,304,130,418,0,0,18,0,288,2,476,192,8384
20251115,21:30,8274,3228,842,2910,92,160,266,130,430,0,0,24,0,196,-6,188,190,8274
20251115,22:00,8070,3222,758,2900,88,184,252,130,422,0,0,30,0,126,2,232,188,8070
20251115,22:30,7928,3230,708,2906,86,160,230,130,434,0,0,34,0,118,2,296,186,7928
20251115,23:00,7772,3224,718,2886,80,176,226,130,424,0,0,32,0,116,-2,424,186,7772
20251115,23:30,7714,3226,730,2900,82,164,222,130,432,0,0,30,0,120,6,512,184,7714
20251115,24:00:00,7520,3226,736,2876,74,172,230,130,430,0,0,24,0,16,0,580,186,7520
20251116,0:30,7326,3226,744,2720,76,166,256,130,436,0,0,16,0,-244,0,384,184,7326
20251116,1:00,7026,3228,668,2662,72,176,238,130,428,0,0,10,0,-278,4,496,184,7026
20251116,1:30,6972,3224,684,2578,70,168,238,130,436,0,0,8,0,-280,0,468,184,6972
20251116,2:00,6958,3226,630,2574,70,176,236,130,428,0,0,10,0,-290,0,416,184,6958
20251116,2:30,7154,3228,668,2824,70,164,254,130,432,0,0,6,0,-290,4,520,184,7154
20251116,3:00,7446,3222,694,2892,72,180,254,130,422,0,0,4,0,-272,0,336,184,7446
20251116,3:30,7676,3228,940,2912,74,154,242,130,436,0,0,4,0,18,-2,644,184,7676
20251116,4:00,7990,3224,1016,2908,72,182,232,130,424,0,0,4,0,294,-6,672,182,7990
20251116,4:30,8196,3224,1094,2908,76,158,238,132,438,0,0,8,0,440,0,704,184,8196
20251116,5:00,8248,3226,1106,2914,76,178,364,130,418,0,0,6,0,704,-6,1052,184,8248
20251116,5:30,8422,3224,1120,2916,80,152,428,132,434,0,0,8,0,1102,-2,1356,184,8422
20251116,6:00,8304,3226,1102,2910,78,180,430,130,424,0,0,8,0,836,0,1204,184,8304
20251116,6:30,8092,3224,1092,2846,82,160,404,132,430,0,0,14,0,898,-2,1372,184,8092
20251116,7:00,7872,3222,1112,2490,78,180,326,130,426,0,0,16,0,858,-6,1144,184,7872
20251116,7:30,7686,3230,1118,2272,84,120,308,132,434,160,0,26,0,892,-10,1264,184,7686
20251116,8:00,7530,3226,1056,1976,82,134,312,130,406,746,0,18,0,468,-8,1200,184,7530
20251116,8:30,7404,3228,688,1476,80,100,292,132,390,1776,0,16,0,188,-10,1136,184,7404
20251116,9:00,7258,3228,500,1016,76,94,256,130,342,3144,0,6,0,-572,-4,1140,182,7258
20251116,9:30,7568,3228,720,970,72,90,242,130,354,3870,637,14,0,-1084,4,1224,182,7568
20251116,10:00,7520,3224,860,874,64,96,250,132,340,4340,1144,18,0,-1144,2,1720,184,7520
20251116,10:30,7612,3230,636,852,64,84,252,130,352,4784,1549,28,0,-1204,-6,1772,182,7612
20251116,11:00,7540,3228,632,852,64,94,252,128,342,4828,1999,40,0,-1410,6,1700,184,7540
20251116,11:30,7498,3224,608,854,64,82,238,132,352,5050,2200,34,0,-1614,8,1716,182,7498
20251116,12:00,7474,3224,700,850,62,92,228,126,346,5106,2419,20,0,-1714,2,1752,184,7474
20251116,12:30,7496,3226,650,854,64,82,234,130,368,5180,2343,18,0,-1752,-4,1736,182,7496
20251116,13:00,7518,3226,636,858,70,92,236,128,360,5220,2156,18,0,-1736,2,1776,184,7518
20251116,13:30,7528,3224,588,852,66,84,234,130,370,5294,1791,12,0,-1718,4,1796,184,7528
20251116,14:00,7596,3224,636,858,68,90,226,128,356,5240,1304,10,0,-1648,2,1776,182,7596
20251116,14:30,7558,3228,642,862,68,92,226,130,364,5196,636,4,0,-1668,-2,1768,184,7558
20251116,15:00,7544,3228,726,992,70,96,240,128,358,4740,91,4,0,-1592,2,1632,184,7544
20251116,15:30,7472,3222,668,1178,76,84,258,130,370,3864,0,4,0,-1410,0,1156,184,7472
20251116,16:00,7556,3226,766,1570,78,120,290,128,380,2620,0,4,0,-700,-6,1104,184,7556
20251116,16:30,7684,3230,808,2298,86,134,310,130,432,1324,0,2,0,-268,2,988,184,7684
20251116,17:00,7872,3222,866,2590,92,164,322,128,434,442,0,2,0,306,-12,872,188,7872
20251116,17:30,8190,3226,1042,2774,98,162,378,130,442,54,0,4,0,596,8,916,192,8190
20251116,18:00,8558,3226,1062,2768,100,176,518,128,438,18,0,4,0,738,-10,800,192,8558
20251116,18:30,8684,3222,1088,2940,102,162,518,130,442,20,0,4,0,718,-6,848,192,8684
20251116,19:00,8736,3220,1092,2998,102,204,480,128,440,0,0,20,0,548,-10,680,194,8736
20251116,19:30,8654,3226,1012,3000,100,198,396,130,444,0,0,2,0,360,-2,404,192,8654
20251116,20:00,8526,3222,942,3002,96,206,386,130,440,0,0,0,0,296,-4,380,190,8526
20251116,20:30,8376,3222,986,3002,96,196,318,130,444,0,0,2,0,406,-6,608,188,8376
20251116,21:00,8282,3220,910,3008,94,210,300,128,442,0,0,2,0,340,-10,548,186,8282
20251116,21:30,8144,3228,880,3008,90,170,266,130,444,0,0,4,0,142,-6,396,184,8144
20251116,22:00,7930,3226,726,2980,86,180,242,126,430,0,0,2,0,130,8,392,186,7930
20251116,22:30,7812,3224,766,2946,84,168,228,130,446,0,0,6,0,120,-2,488,184,7812
20251116,23:00,7626,3224,762,2914,80,178,220,126,440,0,0,6,0,116,0,624,184,7626
20251116,23:30,7534,3224,818,2836,80,164,218,130,450,0,0,8,0,116,6,700,184,7534
20251116,24:00:00,7318,3224,720,2758,76,180,222,126,438,0,0,10,0,118,6,744,184,7318
20251117,0:30,7130,3226,682,2568,76,162,226,130,452,0,0,18,0,160,10,764,184,7130
20251117,1:00,6982,3226,702,2202,72,186,230,126,440,0,0,22,0,116,4,528,184,6982
20251117,1:30,6868,3226,834,1986,70,164,222,130,448,0,0,20,0,120,0,536,184,6868
20251117,2:00,6908,3224,792,2068,72,176,226,128,442,0,0,24,0,120,-4,544,184,6908
20251117,2:30,7028,3226,922,2232,74,168,244,130,448,0,0,28,0,126,-2,752,184,7028
20251117,3:00,7388,3224,972,2730,70,182,248,130,440,0,0,30,0,176,2,1000,184,7388
20251117,3:30,7812,3226,882,2836,72,166,238,130,448,0,0,38,0,190,-6,592,184,7812
20251117,4:00,8022,3224,754,2952,72,176,234,128,442,0,0,58,0,122,-2,320,182,8022
20251117,4:30,8258,3224,976,3468,76,158,246,130,454,0,0,74,0,118,-6,844,184,8258
20251117,5:00,8488,3222,994,3484,76,184,368,128,430,0,0,86,0,132,0,800,184,8488
20251117,5:30,8628,3226,1082,3492,82,164,412,130,444,0,0,88,0,182,2,860,184,8628
20251117,6:00,8648,3222,1096,3488,82,178,424,130,440,0,0,98,0,200,10,904,184,8648
20251117,6:30,8778,3226,1108,3492,86,164,352,130,442,0,0,98,0,330,-2,836,188,8778
20251117,7:00,8750,3222,1086,3488,86,186,320,130,438,0,0,90,0,384,-6,860,186,8750
20251117,7:30,8772,3222,1058,3492,92,176,282,130,440,162,0,100,0,420,-12,976,186,8772
20251117,8:00,8712,3226,904,3416,88,194,278,130,430,722,0,98,0,294,-8,1240,180,8712
20251117,8:30,8812,3228,864,3220,90,174,272,130,440,1698,0,112,0,260,-8,1848,180,8812
20251117,9:00,9086,3220,886,2856,86,186,240,128,426,2818,0,126,0,-22,-14,2032,182,9086
20251117,9:30,9166,3224,1092,2494,86,138,222,130,428,3514,0,122,0,-254,6,2216,180,9166
20251117,10:00,9440,3224,1026,2356,86,124,208,128,408,3786,0,92,0,-390,12,1800,180,9440
20251117,10:30,9430,3228,902,2326,84,96,206,130,392,3670,0,54,0,-914,4,928,180,9430
20251117,11:00,9396,3220,838,2296,88,102,204,128,346,3578,0,46,0,-1308,6,328,180,9396
20251117,11:30,9570,3226,812,2280,88,96,212,130,354,3332,0,72,0,-1394,10,-172,180,9570
20251117,12:00,9458,3222,756,2254,84,106,218,128,350,3420,0,86,0,-1482,6,-130,180,9458
20251117,12:30,9200,3226,716,2222,88,94,216,130,358,3464,0,104,0,-1750,0,-152,180,9200
20251117,13:00,9012,3222,690,2446,88,108,220,128,352,3284,0,116,0,-1944,0,-122,180,9012
20251117,13:30,9160,3224,714,2632,90,114,216,130,384,3346,0,116,0,-1376,-2,608,180,9160
20251117,14:00,9210,3226,840,2752,94,152,218,128,404,3024,0,116,0,-700,0,1224,180,9210
20251117,14:30,9272,3222,964,2786,96,172,218,130,426,2614,0,204,0,-16,4,1728,180,9272
20251117,15:00,9328,3224,1094,2842,100,182,216,128,424,2094,0,260,0,624,0,2040,180,9328
20251117,15:30,9304,3226,1044,3400,102,178,218,130,436,1568,0,242,0,714,-2,2132,180,9304
20251117,16:00,9414,3224,976,4018,98,188,238,130,432,1010,0,220,0,482,-4,1780,182,9414
20251117,16:30,9638,3224,1094,4076,106,174,248,130,438,624,0,200,0,334,-6,1188,184,9638
20251117,17:00,9482,3226,1270,4142,102,202,256,130,430,226,0,198,0,276,-14,1148,186,9482
20251117,17:30,9662,3228,1306,4146,108,192,386,130,434,40,0,200,0,346,-12,1032,190,9662
20251117,18:00,9804,3220,1124,4142,108,206,530,130,432,18,0,216,0,282,-10,784,190,9804
20251117,18:30,9834,3224,1178,4150,114,200,570,130,434,20,0,248,0,386,10,1024,194,9834
20251117,19:00,9808,3222,1118,4146,108,196,542,130,432,0,0,268,0,464,4,1016,194,9808
20251117,19:30,9670,3222,1124,4148,108,180,440,130,438,0,0,292,0,408,6,1016,190,9670
20251117,20:00,9480,3224,1056,4144,104,186,418,130,430,0,0,294,0,256,2,952,188,9480
20251117,20:30,9316,3222,1036,4150,102,168,320,130,442,0,0,292,0,258,8,1000,188,9316
20251117,21:00,9146,3224,976,4146,100,198,304,130,428,0,0,296,0,142,0,984,186,9146
20251117,21:30,9000,3226,774,4118,98,172,306,130,446,0,0,300,0,68,2,824,184,9000
20251117,22:00,8758,3224,814,4136,90,194,270,130,430,0,0,280,0,-176,-2,816,184,8758
20251117,22:30,8660,3226,762,3998,90,176,262,130,440,0,0,316,0,-268,2,656,182,8660
20251117,23:00,8388,3226,712,3958,84,190,244,130,432,0,0,322,0,-280,10,824,184,8388
20251117,23:30,8240,3226,642,3946,82,172,226,130,446,0,0,328,0,-314,10,836,182,8240
20251117,24:00:00,8094,3224,478,3542,80,194,222,130,440,0,0,326,0,-266,2,460,182,8094
20251118,0:30,7712,3230,532,3238,78,172,230,130,448,0,0,326,0,-284,-10,560,182,7712
20251118,1:00,7540,3222,518,3210,72,192,228,130,440,0,0,294,0,-298,-10,640,182,7540
20251118,1:30,7462,3228,514,3268,72,172,228,130,448,0,0,284,0,-288,-12,764,182,7462
20251118,2:00,7410,3228,538,3272,72,188,232,130,436,0,0,308,0,-308,-12,856,182,7410
20251118,2:30,7598,3228,506,3886,72,176,242,132,444,0,0,370,0,-300,-8,1332,182,7598
20251118,3:00,7838,3226,544,4042,70,194,242,128,434,0,0,370,0,-178,-12,1404,182,7838
20251118,3:30,8194,3226,666,4052,76,172,248,132,442,0,0,382,0,100,4,1488,182,8194
20251118,4:00,8516,3228,644,4104,72,194,248,128,438,0,0,368,0,120,2,1212,182,8516
20251118,4:30,8722,3222,752,4150,78,170,264,132,448,0,0,334,0,122,-8,1124,182,8722
20251118,5:00,8914,3226,762,4152,76,192,340,128,434,0,0,356,0,166,0,1100,182,8914
20251118,5:30,9082,3226,744,4086,84,172,418,132,448,0,0,362,0,194,2,968,182,9082
20251118,6:00,9156,3224,858,4028,82,188,440,130,432,0,0,368,0,192,8,976,182,9156
20251118,6:30,9214,3226,1054,3924,90,172,360,132,444,0,0,372,0,256,-2,996,182,9214
20251118,7:00,9218,3224,1094,3826,92,190,332,130,440,1,0,367,0,236,-10,888,184,9218
20251118,7:30,9260,3226,1082,3940,96,172,310,132,448,45,0,357,0,390,-4,1116,182,9260
20251118,8:00,9342,3224,976,4112,98,190,312,128,426,291,0,349,0,428,-8,1368,184,9342
20251118,8:30,9610,3226,1206,4142,98,180,286,132,436,849,0,367,0,594,0,2088,182,9610
20251118,9:00,10038,3224,1402,4150,100,186,250,128,430,1529,0,367,0,528,-10,2424,178,10038
20251118,9:30,10274,3228,1144,4148,102,174,236,132,436,2073,0,419,0,130,2,2128,178,10274
20251118,10:00,10244,3224,1190,4148,92,188,222,128,428,2577,0,427,0,-242,6,2324,180,10244
20251118,10:30,10440,3224,1192,3830,94,180,216,132,438,3115,0,333,0,-860,4,1636,178,10440
20251118,11:00,10350,3228,1358,3054,88,188,208,128,428,3407,0,389,0,-1062,4,1248,180,10350
20251118,11:30,10146,3222,1508,2856,92,172,210,132,438,3199,0,333,0,-1024,6,1176,178,10146
20251118,12:00,10106,3228,1448,2800,84,192,212,128,424,2841,0,349,0,-858,6,928,180,10106
20251118,12:30,9862,3226,1444,2804,84,178,212,132,438,2735,0,373,0,-732,6,1216,178,9862
20251118,13:00,9786,3228,1330,2828,88,186,214,128,432,2489,0,383,0,-842,-2,856,180,9786
20251118,13:30,9970,3220,1138,2944,88,176,206,132,436,2509,0,373,0,-904,-6,520,178,9970
20251118,14:00,10116,3230,1118,3356,92,192,214,128,428,2821,0,367,0,-1098,-8,904,180,10116
20251118,14:30,9938,3228,1294,3790,94,180,216,132,438,2877,0,335,0,-1622,6,1208,178,9938
20251118,15:00,9900,3224,1380,4148,92,188,218,128,436,2763,0,337,0,-1378,8,1824,180,9900
20251118,15:30,10084,3230,1496,4146,96,180,236,132,442,2245,0,337,0,-670,2,1968,180,10084
20251118,16:00,10148,3228,1774,4142,96,178,230,128,442,1561,0,295,0,-268,-8,1832,182,10148
20251118,16:30,10212,3232,2266,4146,102,178,338,132,450,791,0,269,0,414,-8,2280,182,10212
20251118,17:00,10464,3224,2304,4146,106,214,388,128,438,257,0,239,0,1144,-14,2296,186,10464
20251118,17:30,10778,3228,2320,4146,106,200,406,132,450,41,0,235,0,1284,-2,1956,188,10778
20251118,18:00,10922,3230,2274,4144,112,214,432,128,438,13,0,215,0,1486,-12,1940,188,10922
20251118,18:30,11192,3228,2266,4150,114,184,524,132,446,1,0,203,0,1426,6,1680,192,11192
20251118,19:00,11062,3228,2264,4142,114,186,496,128,450,0,0,202,0,700,10,1052,194,11062
20251118,19:30,10998,3226,2256,4148,114,174,426,132,454,0,0,234,0,708,6,1068,188,10998
20251118,20:00,10768,3226,2266,4146,108,194,382,128,440,0,0,206,0,634,10,1160,188,10768
20251118,20:30,10584,3226,2298,4148,108,176,310,132,454,0,0,192,0,896,10,1552,186,10584
20251118,21:00,10522,3222,2312,4150,106,198,266,128,444,0,0,182,0,856,4,1532,186,10522
20251118,21:30,10314,3226,2288,4148,102,172,258,132,454,0,0,166,0,270,-2,1084,184,10314
20251118,22:00,9858,3222,2090,4146,98,194,254,128,442,0,0,134,0,112,-6,1140,184,9858
20251118,22:30,9674,3226,2020,4154,92,178,246,132,454,0,0,138,0,386,6,1540,182,9674
20251118,23:00,9386,3222,1242,4074,88,194,246,128,446,0,0,152,0,174,-4,760,184,9386
20251118,23:30,9122,3226,1086,3960,86,178,238,132,450,0,0,162,0,128,-2,704,182,9122
20251118,24:00:00,8794,3224,986,3998,80,188,240,128,450,0,0,182,0,-2,-6,856,182,8794
20251119,0:30,8578,3228,984,4020,78,178,238,132,460,0,0,226,0,-416,-8,728,186,8578
20251119,1:00,8124,3224,972,4006,74,192,244,128,446,0,0,236,0,-608,-8,968,186,8124
20251119,1:30,8076,3228,988,3932,76,170,250,132,456,0,0,242,0,-696,0,888,186,8076
20251119,2:00,7996,3224,906,3876,74,196,248,128,450,0,0,262,0,-620,-10,924,186,7996
20251119,2:30,8262,3230,944,3900,74,184,260,132,452,0,0,274,0,-540,2,836,186,8262
20251119,3:00,8466,3224,956,3956,72,186,262,128,452,0,0,312,0,-544,8,732,186,8466
20251119,3:30,8874,3228,1086,4142,76,166,246,132,466,0,0,282,0,-534,6,608,186,8874
20251119,4:00,9086,3224,1368,4122,74,194,244,128,442,0,0,178,0,-560,-2,512,186,9086
20251119,4:30,9330,3226,1662,4128,80,176,248,132,458,0,0,160,0,-556,-2,568,186,9330
20251119,5:00,9500,3228,1780,4130,80,194,292,128,442,0,0,178,0,-350,-4,784,186,9500
20251119,5:30,9788,3222,1694,4154,86,176,390,132,458,0,0,198,0,-296,-4,608,186,9788
20251119,6:00,9830,3226,1686,4142,88,190,402,128,452,0,0,154,0,-164,4,664,186,9830
20251119,6:30,10096,3226,2226,4156,92,200,330,132,458,0,0,136,0,124,-2,1184,202,10096
20251119,7:00,10264,3224,2422,4152,96,270,300,128,446,0,0,104,0,308,-8,1432,254,10264
20251119,7:30,10338,3234,2412,4152,100,252,270,132,460,60,0,140,0,412,-10,1544,268,10338
20251119,8:00,10216,3226,2194,4150,104,282,272,128,442,332,0,122,0,262,-12,1552,266,10216
20251119,8:30,10284,3234,2086,4150,102,246,266,132,458,1055,0,117,0,242,-4,2064,264,10284
20251119,9:00,10556,3226,1924,4150,100,280,268,128,432,1909,0,123,0,72,-6,2316,266,10556
20251119,9:30,10556,3226,1434,4148,98,254,232,132,446,2746,0,94,0,-646,-12,1860,264,10556
20251119,10:00,10556,3230,1348,4142,94,276,224,128,440,3936,0,54,0,-1284,-6,2288,262,10556
20251119,10:30,10296,3226,1248,3858,92,256,224,132,446,4814,0,58,0,-1940,-8,2372,262,10296
20251119,11:00,10224,3228,1112,3790,98,268,222,128,440,5064,0,58,0,-2030,-2,2416,264,10224
20251119,11:30,10288,3228,1138,3646,92,250,210,130,450,5228,0,54,0,-2032,-4,2364,262,10288
20251119,12:00,10458,3228,1138,3780,88,276,206,128,438,4980,0,34,0,-1956,10,2156,264,10458
20251119,12:30,10172,3224,1346,3514,90,258,202,130,450,4496,0,36,0,-1750,24,2112,264,10172
20251119,13:00,9980,3226,1202,3412,82,278,202,128,440,4028,0,36,0,-1296,2,2024,264,9980
20251119,13:30,10106,3230,1322,3470,88,254,202,132,452,3360,0,38,0,-1150,20,1576,264,10106
20251119,14:00,10164,3224,1164,3450,90,282,202,126,434,2974,0,40,0,-1076,0,1008,262,10164
20251119,14:30,10226,3230,1178,4046,94,256,204,130,450,2710,0,46,0,-868,-16,1496,262,10226
20251119,15:00,10198,3230,1264,4046,92,272,214,128,436,2188,0,46,0,-694,0,1288,264,10198
20251119,15:30,10236,3226,1192,4032,96,270,224,130,444,1718,0,40,0,-514,4,888,262,10236
20251119,16:00,10350,3226,1500,4140,98,300,224,128,440,1188,0,36,0,-310,-20,864,264,10350
20251119,16:30,10364,3228,2084,4140,102,286,280,130,454,594,0,38,0,84,-8,1312,264,10364
20251119,17:00,10572,3226,2344,4142,106,302,364,128,440,178,0,34,0,994,24,1976,266,10572
20251119,17:30,10882,3224,2424,4142,106,286,450,132,454,34,0,28,0,926,-26,1568,270,10882
20251119,18:00,10994,3226,2410,4142,114,300,498,126,444,18,0,24,0,1050,-24,1604,270,10994
20251119,18:30,11212,3226,2376,4146,114,264,642,130,446,2,0,28,0,774,-4,1204,272,11212
20251119,19:00,11164,3224,2418,4142,114,266,608,128,454,0,0,36,0,734,0,1232,272,11164
20251119,19:30,11044,3222,2208,4144,114,256,518,130,450,0,0,50,0,492,0,812,272,11044
20251119,20:00,10880,3228,2118,4140,114,268,456,128,446,0,0,54,0,424,0,768,272,10880
20251119,20:30,10686,3226,2220,4146,108,252,330,130,452,0,0,36,0,424,16,924,270,10686
20251119,21:00,10530,3224,2362,4148,104,270,274,128,446,0,0,46,0,342,22,1104,268,10530
20251119,21:30,10342,3228,2320,4148,102,254,262,130,454,0,0,62,0,334,16,1236,268,10342
20251119,22:00,9950,3228,1692,4142,96,274,260,128,438,0,0,64,0,118,-20,736,266,9950
20251119,22:30,9690,3230,1730,4150,94,252,258,132,452,0,0,72,0,118,0,1064,266,9690
20251119,23:00,9314,3224,1108,4116,86,278,250,126,440,0,0,78,0,118,0,776,266,9314
20251119,23:30,9204,3230,1040,4140,86,256,224,130,454,0,0,94,0,122,2,840,266,9204
20251119,24:00:00,8922,3226,762,4116,80,274,220,128,444,0,0,80,0,116,-6,784,266,8922
20251120,0:30,8500,3228,568,4116,80,252,216,130,452,0,0,78,0,114,-16,984,266,8500
20251120,1:00,8244,3232,514,4104,74,276,218,128,436,0,0,100,0,118,-22,1200,266,8244
20251120,1:30,8148,3226,548,3960,76,254,218,130,446,0,0,106,0,120,-26,1176,266,8148
20251120,2:00,8204,3230,474,3898,70,272,220,128,440,0,0,140,0,122,-12,1044,266,8204
20251120,2:30,8380,3224,556,4058,72,260,220,130,446,0,0,168,0,120,-4,1136,266,8380
20251120,3:00,8626,3228,530,4142,72,262,222,128,444,0,0,160,0,118,-10,936,266,8626
20251120,3:30,8956,3230,816,4152,78,250,228,130,454,0,0,176,0,120,-4,940,266,8956
20251120,4:00,9234,3222,1022,4148,74,278,232,128,440,0,0,198,0,118,26,916,264,9234
20251120,4:30,9428,3228,1158,4148,80,252,256,130,450,0,0,200,0,120,14,872,264,9428
20251120,5:00,9652,3224,1094,4148,80,272,388,128,436,0,0,226,0,120,-2,728,266,9652
20251120,5:30,9798,3226,1080,4152,86,256,410,130,454,0,0,268,0,120,8,656,264,9798
20251120,6:00,9920,3222,1110,4146,88,274,404,128,432,0,0,268,0,118,24,560,266,9920
20251120,6:30,10054,3224,1248,4150,92,256,332,130,448,0,0,268,0,382,2,744,266,10054
20251120,7:00,10116,3222,1270,4148,98,276,310,128,434,0,0,250,0,862,-20,1128,266,10116
20251120,7:30,10266,3224,1286,4150,100,248,278,130,442,126,0,212,0,1066,-8,1256,268,10266
20251120,8:00,10130,3224,1228,4146,98,288,268,128,420,548,0,158,0,662,-8,1296,266,10130
20251120,8:30,10194,3228,1126,4022,96,264,238,130,426,1308,0,112,0,678,-26,1672,264,10194
20251120,9:00,10484,3224,908,3850,94,272,226,128,416,2198,0,122,0,366,-24,1560,264,10484
20251120,9:30,10376,3224,766,3350,88,260,224,130,424,3078,1,172,0,180,-6,1776,262,10376
20251120,10:00,10552,3224,730,3028,86,272,224,128,416,3906,1,176,0,22,12,1936,264,10552
20251120,10:30,10400,3230,744,2428,82,260,224,130,426,4474,1,172,0,-638,18,1412,262,10400
20251120,11:00,10228,3220,790,2238,82,270,222,128,414,4786,1,150,0,-890,6,1452,264,10228
20251120,11:30,10292,3228,818,1954,80,256,210,130,424,5044,1,178,0,-1308,4,988,262,10292
20251120,12:00,10178,3228,730,1750,76,272,208,126,414,5056,1,158,0,-1854,-6,244,264,10178
20251120,12:30,9710,3224,816,1868,78,260,206,130,426,4928,1,114,0,-1948,6,660,262,9710
20251120,13:00,9350,3228,652,1808,76,270,206,126,420,4942,1,118,0,-2084,-4,672,264,9350
20251120,13:30,9602,3226,648,1880,78,256,210,130,424,5238,1,110,0,-2054,-4,804,264,9602
20251120,14:00,9374,3226,688,2220,78,270,214,126,414,4878,1,110,0,-1694,10,1432,266,9374
20251120,14:30,9458,3228,832,2402,78,264,208,130,420,4586,1,116,0,-1240,10,1840,264,9458
20251120,15:00,9566,3228,908,2792,86,268,234,126,422,4102,1,110,0,-964,0,2012,266,9566
20251120,15:30,9608,3226,828,3112,88,256,256,130,426,3198,0,110,0,-586,-20,1680,264,9608
20251120,16:00,9884,3226,1074,3770,88,292,258,128,416,2102,0,122,0,-554,-24,1280,266,9884
20251120,16:30,9912,3230,1356,4120,98,276,300,132,426,1020,0,138,0,-170,-26,1252,264,9912
20251120,17:00,9890,3226,1842,4136,100,296,374,128,418,292,0,122,0,702,-24,1992,270,9890
20251120,17:30,10260,3226,1888,4136,104,292,638,132,424,38,0,128,0,994,-26,1984,270,10260
20251120,18:00,10528,3228,1914,4138,108,308,726,128,418,18,0,128,0,1288,-10,2136,272,10528
20251120,18:30,10670,3224,1974,4144,112,266,622,132,428,6,0,182,0,1306,20,2020,274,10670
20251120,19:00,10738,3226,2052,4142,110,274,548,128,422,0,0,160,0,1242,26,1868,276,10738
20251120,19:30,10686,3226,2046,4144,110,260,466,132,430,0,0,166,0,1034,26,1628,274,10686
20251120,20:00,10504,3226,2056,4142,104,280,428,128,410,0,0,184,0,864,2,1592,272,10504
20251120,20:30,10340,3230,2032,4144,102,258,382,132,428,0,0,180,0,650,0,1468,270,10340
20251120,21:00,10222,3226,1992,4142,100,282,288,130,420,0,0,200,0,348,-4,1168,266,10222
20251120,21:30,9986,3228,1964,4144,98,220,262,132,432,0,0,232,0,332,-4,1320,266,9986
20251120,22:00,9750,3234,1546,4146,94,202,258,130,416,0,0,252,0,166,0,960,266,9750
20251120,22:30,9454,3228,1210,4148,90,176,246,132,436,0,0,248,0,156,0,816,200,9454
20251120,23:00,9188,3228,932,4136,86,196,246,130,422,0,0,222,0,124,0,720,186,9188
20251120,23:30,9002,3232,906,4146,84,172,232,132,440,0,0,212,0,118,-2,856,186,9002
20251120,24:00:00,8722,3228,758,4118,74,196,222,130,422,0,0,204,0,26,0,840,184,8722
20251121,0:30,8398,3232,636,3858,78,174,218,132,440,0,0,208,0,-252,-4,504,182,8398
20251121,1:00,8082,3228,596,3580,70,194,218,130,424,0,0,196,0,-280,-4,452,182,8082
20251121,1:30,8036,3232,624,3606,74,184,226,132,436,0,0,210,0,-294,8,584,182,8036
20251121,2:00,8030,3228,620,3468,72,190,224,130,428,0,0,246,0,-294,0,464,182,8030
20251121,2:30,8238,3226,616,4000,72,182,244,132,432,0,0,264,0,-284,-16,812,182,8238
20251121,3:00,8440,3232,616,4106,72,190,254,130,434,0,0,244,0,-36,-8,976,182,8440
20251121,3:30,8796,3230,780,4148,74,174,250,132,442,0,0,234,0,98,-4,944,182,8796
20251121,4:00,9066,3228,1002,4146,74,196,250,130,420,0,0,212,0,152,-4,920,180,9066
20251121,4:30,9318,3226,1004,4150,80,174,328,132,438,0,0,222,0,254,-8,864,182,9318
20251121,5:00,9468,3230,868,4144,80,194,414,130,422,0,0,222,0,358,-20,756,182,9468
20251121,5:30,9604,3230,790,4150,84,178,434,132,434,0,0,218,0,574,6,808,182,9604
20251121,6:00,9746,3226,644,4146,82,200,424,130,418,0,0,206,0,632,-8,536,182,9746
20251121,6:30,9900,3230,796,4148,90,182,340,132,434,0,0,182,0,836,-4,648,182,9900
20251121,7:00,10020,3228,858,4144,92,198,374,130,420,0,0,200,0,1102,-8,904,186,10020
20251121,7:30,10120,3232,838,4148,96,188,358,132,432,118,0,192,0,1104,-6,896,184,10120
20251121,8:00,10070,3226,866,4146,98,200,296,128,434,642,0,174,0,478,-8,792,182,10070
20251121,8:30,10054,3232,934,3946,98,184,242,132,440,1556,0,176,0,352,-4,1416,182,10054
20251121,9:00,10186,3232,1054,3738,102,194,228,130,434,2418,0,178,0,350,4,2056,180,10186
20251121,9:30,10096,3228,1214,3226,96,172,218,132,438,3610,0,168,0,-160,2,2428,180,10096
20251121,10:00,9892,3230,856,2504,92,170,220,130,414,4562,0,168,0,-532,6,2108,180,9892
20251121,10:30,9728,3232,610,2270,84,132,222,132,430,5628,0,168,0,-992,-24,2344,180,9728
20251121,11:00,9622,3228,638,2014,82,130,224,128,396,6280,0,164,0,-1610,0,2232,180,9622
20251121,11:30,9658,3232,912,1872,78,102,210,130,394,6414,183,170,0,-1700,16,2352,180,9658
20251121,12:00,9664,3228,924,1734,80,112,208,128,392,6108,624,184,0,-1472,26,2168,180,9664
20251121,12:30,9244,3232,840,1572,78,94,206,130,404,5647,922,195,0,-1402,20,1952,180,9244
20251121,13:00,9044,3228,844,1630,74,114,208,130,394,5495,933,225,0,-1612,-10,1856,180,9044
20251121,13:30,9322,3230,858,1884,76,100,206,130,406,5869,335,241,0,-1966,-20,1872,180,9322
20251121,14:00,9412,3228,704,2062,78,130,202,130,408,6011,0,203,0,-2046,-22,1856,180,9412
20251121,14:30,9328,3228,816,1986,80,132,204,130,460,5335,0,205,0,-2020,-12,1396,180,9328
20251121,15:00,9138,3232,1052,2152,82,182,220,130,454,4477,0,207,0,-1800,26,1456,180,9138
20251121,15:30,9296,3232,1262,2584,86,178,232,130,476,3599,0,183,0,-530,-8,2308,180,9296
20251121,16:00,9392,3226,1282,3556,92,190,266,130,462,2349,0,165,0,-48,-26,2432,180,9392
20251121,16:30,9636,3228,1306,3836,96,176,270,130,482,1215,0,183,0,192,-16,1644,182,9636
20251121,17:00,9566,3230,1360,4064,100,198,276,130,458,355,0,185,0,1282,0,2256,184,9566
20251121,17:30,10004,3228,1394,4144,104,168,358,132,478,45,0,193,0,1232,-16,1644,188,10004
20251121,18:00,10222,3228,1406,4132,106,212,448,128,460,15,0,175,0,1328,-26,1580,190,10222
20251121,18:30,10376,3230,1436,4144,112,202,658,132,472,3,0,155,0,1034,16,1412,194,10376
20251121,19:00,10296,3226,1430,4142,108,208,764,132,464,0,0,174,0,596,18,1160,194,10296
20251121,19:30,10264,3228,1426,4148,108,182,544,134,484,0,0,144,0,762,26,1112,190,10264
20251121,20:00,10120,3228,1404,4144,108,214,486,130,460,0,0,152,0,552,18,964,188,10120
20251121,20:30,10028,3228,1408,4144,102,182,452,134,478,0,0,160,0,364,8,820,188,10028
20251121,21:00,9892,3230,1288,4142,100,194,418,130,468,0,0,138,0,158,4,564,186,9892
20251121,21:30,9672,3230,1348,4148,96,174,336,134,480,0,0,132,0,136,0,728,186,9672
20251121,22:00,9388,3228,1044,4130,94,196,308,130,464,0,0,130,0,112,0,632,184,9388
20251121,22:30,9324,3232,968,4132,90,174,278,134,484,0,0,130,0,116,2,600,184,9324
20251121,23:00,9134,3230,934,4088,86,190,246,130,468,0,0,130,0,116,0,668,184,9134
20251121,23:30,8976,3230,922,4096,82,176,224,134,480,0,0,130,0,114,-16,780,184,8976
20251121,24:00:00,8668,3232,940,3982,78,182,212,130,474,0,0,130,0,110,-14,972,184,8668
20251122,0:30,8378,3228,928,3858,76,154,212,134,486,0,0,124,0,136,-6,1136,184,8378
20251122,1:00,8070,3230,866,3748,72,152,212,130,468,0,0,114,0,120,-20,1208,186,8070
20251122,1:30,8054,3232,954,3708,74,124,214,134,482,0,0,104,0,120,-16,1260,184,8054
20251122,2:00,8078,3230,900,3622,70,136,212,130,472,0,0,96,0,118,-26,1068,186,8078
20251122,2:30,8230,3230,882,3518,72,116,208,134,486,0,0,94,0,122,4,820,184,8230
20251122,3:00,8528,3226,966,3558,74,134,210,130,472,0,0,96,0,118,10,652,186,8528
20251122,3:30,8838,3236,1252,3518,74,116,240,134,482,0,0,80,0,150,16,644,184,8838
20251122,4:00,9054,3226,1322,3482,74,136,256,130,472,0,0,64,0,376,26,696,186,9054
20251122,4:30,9234,3228,1312,3490,78,112,280,134,482,0,0,54,0,590,18,728,184,9234
20251122,5:00,9398,3230,1306,3486,76,136,336,130,466,0,0,48,0,620,10,632,186,9398
20251122,5:30,9512,3226,1298,3486,82,114,456,134,484,0,0,48,0,570,10,580,184,9512
20251122,6:00,9466,3228,1268,3486,84,140,456,130,468,0,0,48,0,450,2,480,186,9466
20251122,6:30,9384,3230,1280,3488,86,116,358,134,482,0,0,52,0,612,-14,624,184,9384
20251122,7:00,9320,3226,1272,3486,90,132,324,130,468,0,0,44,0,640,-12,668,188,9320
20251122,7:30,9380,3230,1304,3162,92,122,276,134,478,132,0,46,0,710,-24,468,186,9380
20251122,8:00,9206,3232,1042,2948,92,132,262,130,460,744,0,42,0,516,-18,560,184,9206
20251122,8:30,9034,3230,1070,2540,92,110,254,134,480,1866,0,32,17,410,-16,1352,184,9034
20251122,9:00,8984,3230,746,1794,86,136,222,128,456,3166,0,24,17,-34,-24,1132,186,8984
20251122,9:30,8880,3232,702,1300,80,112,210,132,462,4480,1,16,15,-664,10,1376,184,8880
20251122,10:00,8754,3228,668,1056,78,120,208,130,420,5604,1,6,13,-1326,-20,1600,182,8754
20251122,10:30,8780,3232,722,958,72,88,212,134,392,6122,264,8,14,-1702,16,1656,182,8780
20251122,11:00,8714,3226,652,956,66,122,210,130,380,6530,447,6,13,-1902,18,1864,184,8714
20251122,11:30,8666,3230,568,962,66,98,214,132,394,6610,808,6,7,-1954,14,1856,182,8666
20251122,12:00,8558,3230,600,952,66,110,214,132,382,6452,1067,12,4,-1972,20,1824,184,8558
20251122,12:30,8402,3230,660,956,64,100,216,132,398,6196,1317,4,8,-1936,16,1816,182,8402
20251122,13:00,8288,3226,638,960,68,110,222,132,382,6114,1328,2,12,-1916,2,1836,184,8288
20251122,13:30,8278,3232,630,956,66,98,220,132,396,6058,959,8,11,-1880,0,1820,182,8278
20251122,14:00,8346,3226,646,1006,64,124,216,132,384,6062,478,10,20,-1888,-2,1816,182,8346
20251122,14:30,8368,3228,582,1098,68,100,210,134,394,5958,61,14,19,-1802,-6,1792,182,8368
20251122,15:00,8102,3232,482,1090,70,118,212,130,410,5134,1,14,11,-1606,-12,1356,184,8102
20251122,15:30,8090,3230,634,1288,74,120,216,134,464,3986,1,14,14,-1008,-8,1236,182,8090
20251122,16:00,8262,3224,886,1802,78,162,214,130,460,2658,1,8,17,-318,-8,1216,182,8262
20251122,16:30,8412,3230,1188,2676,88,158,280,132,478,1377,0,15,0,348,4,1744,182,8412
20251122,17:00,8672,3228,1102,3158,88,184,304,132,468,369,0,15,0,596,-14,1144,186,8672
20251122,17:30,8940,3222,1248,3258,94,186,426,132,482,21,0,23,0,684,-18,1008,190,8940
20251122,18:00,9334,3228,1128,3450,96,214,588,132,464,11,0,23,0,630,-20,800,190,9334
20251122,18:30,9440,3228,1312,3484,106,198,772,134,472,17,0,27,0,654,10,1164,190,9440
20251122,19:00,9398,3224,1156,3484,106,206,804,132,476,0,0,36,0,574,-18,972,190,9398
20251122,19:30,9440,3226,1074,3486,104,190,498,134,482,0,0,46,0,688,-20,660,192,9440
20251122,20:00,9292,3226,1138,3484,102,214,406,132,474,0,0,46,0,474,-2,592,190,9292
20251122,20:30,9182,3230,1280,3484,98,174,302,134,486,0,0,20,0,646,14,872,186,9182
20251122,21:00,9088,3226,1184,3486,94,186,278,132,476,0,0,16,0,562,-18,720,186,9088
20251122,21:30,8938,3232,1072,3486,96,160,262,134,486,0,0,24,0,488,16,704,186,8938
20251122,22:00,8768,3230,834,3484,88,190,260,132,468,0,0,20,0,472,-20,572,182,8768
20251122,22:30,8678,3230,890,3488,88,164,254,134,486,0,0,22,0,214,-10,464,182,8678
20251122,23:00,8420,3230,780,3474,82,180,234,132,474,0,0,18,0,116,4,488,184,8420
20251122,23:30,8386,3232,870,3490,82,146,224,134,494,0,0,26,0,118,12,624,182,8386
20251122,24:00:00,8064,3228,852,3392,74,148,224,132,474,0,0,24,0,58,10,736,184,8064
20251123,0:30,7942,3230,962,3142,76,128,210,134,490,0,0,22,0,-198,16,452,182,7942
20251123,1:00,7688,3228,884,3066,74,134,212,132,480,0,0,14,0,-270,14,464,184,7688
20251123,1:30,7598,3230,954,3170,74,124,210,134,488,0,0,16,0,-268,4,720,182,7598
20251123,2:00,7650,3232,930,3196,72,126,208,132,478,0,0,20,0,-18,-6,904,184,7650
20251123,2:30,7854,3226,746,3422,72,118,206,134,488,0,0,18,0,122,-10,872,184,7854
20251123,3:00,8186,3232,844,3450,74,130,206,130,482,0,0,12,0,160,-10,708,184,8186
20251123,3:30,8374,3230,1046,3486,72,120,216,134,488,0,0,16,0,224,-12,828,182,8374
20251123,4:00,8658,3224,1060,3486,76,142,220,130,480,0,0,24,0,480,-8,840,184,8658
20251123,4:30,8926,3232,1034,3488,80,114,268,134,492,0,0,34,0,628,-14,748,184,8926
20251123,5:00,8998,3228,1034,3484,78,136,396,130,470,0,0,36,0,558,8,744,184,8998
20251123,5:30,9090,3228,1022,3390,82,124,424,134,488,0,0,54,0,724,20,784,184,9090
20251123,6:00,8978,3228,1036,3212,82,140,434,130,476,0,0,58,0,632,14,648,184,8978
20251123,6:30,8754,3228,940,2952,84,122,400,132,482,0,0,66,0,892,-12,716,184,8754
20251123,7:00,8754,3226,1030,2664,86,134,338,132,482,0,0,76,0,966,-14,548,182,8754
20251123,7:30,8498,3232,1018,2674,88,120,234,132,488,116,0,88,0,1038,-20,892,182,8498
20251123,8:00,8458,3230,864,2594,86,132,218,132,476,680,0,70,0,784,-16,976,184,8458
20251123,8:30,8166,3232,612,1928,86,116,212,132,478,1726,0,62,0,294,-22,872,182,8166
20251123,9:00,8094,3230,506,1432,80,130,216,132,458,2996,0,58,0,-284,-4,1040,184,8094
20251123,9:30,7880,3232,532,1058,78,100,208,132,438,4278,1,44,0,-1074,-16,1312,182,7880
20251123,10:00,8102,3230,718,768,68,116,210,132,380,4854,656,42,0,-1212,2,1388,182,8102
20251123,10:30,8052,3234,638,750,66,90,208,132,398,5388,851,32,0,-1416,2,1652,182,8052
20251123,11:00,7982,3226,494,752,66,118,210,132,386,5780,977,26,0,-1718,16,1688,182,7982
20251123,11:30,7874,3234,560,754,64,100,212,132,396,5921,1367,21,0,-2072,4,1632,180,7874
20251123,12:00,7834,3228,482,754,66,106,212,132,390,5875,1571,17,0,-1984,10,1636,182,7834
20251123,12:30,7896,3230,534,754,66,102,214,132,400,5821,1700,7,0,-1972,-2,1572,182,7896
20251123,13:00,7842,3232,584,760,66,116,218,132,386,5679,1619,3,0,-1886,2,1632,182,7842
20251123,13:30,7632,3232,572,758,66,94,210,132,400,5555,1209,7,0,-1918,2,1660,182,7632
20251123,14:00,7630,3228,638,754,68,122,212,132,386,5419,883,9,0,-1906,-6,1608,182,7630
20251123,14:30,7674,3228,686,790,68,96,216,132,398,5309,0,21,0,-1828,8,1632,182,7674
20251123,15:00,7656,3230,772,1050,72,112,216,132,386,4677,0,27,0,-1626,14,1588,182,7656
20251123,15:30,7506,3230,640,1224,74,114,216,132,430,3757,0,33,0,-1136,-6,1384,182,7506
20251123,16:00,7666,3226,784,1348,76,166,214,132,462,2537,0,17,0,-460,8,1028,184,7666
20251123,16:30,7872,3234,732,2174,82,166,218,132,488,1347,0,13,0,-274,-14,608,182,7872
20251123,17:00,7898,3230,990,2438,88,180,354,132,468,341,0,9,0,604,0,1124,188,7898
20251123,17:30,8556,3230,786,2700,94,168,534,132,488,19,0,11,0,646,-10,432,190,8556
20251123,18:00,8778,3228,868,2972,96,180,800,132,478,13,0,19,0,480,0,680,192,8778
20251123,18:30,9002,3230,922,3176,102,166,856,132,484,18,0,18,0,564,4,860,190,9002
20251123,19:00,9006,3226,962,3256,100,182,720,132,476,0,0,28,0,476,20,764,192,9006
20251123,19:30,9042,3226,834,3464,100,164,558,134,488,0,0,30,0,470,4,620,190,9042
20251123,20:00,8956,3228,980,3480,98,192,394,132,476,0,0,30,0,450,8,704,192,8956
20251123,20:30,8820,3228,1036,3482,96,168,314,134,490,0,0,44,0,460,-4,816,188,8820
20251123,21:00,8796,3228,1052,3484,92,184,306,132,474,0,0,50,0,298,2,692,186,8796
20251123,21:30,8646,3226,992,3484,92,164,282,134,492,0,0,38,0,138,-10,572,186,8646
20251123,22:00,8448,3228,882,3484,86,196,256,132,476,0,0,48,0,124,-12,636,184,8448
20251123,22:30,8336,3228,1008,3492,86,162,240,134,492,0,0,44,0,212,6,952,184,8336
20251123,23:00,8132,3230,902,3482,82,198,226,132,476,0,0,36,0,142,12,968,182,8132
20251123,23:30,8006,3230,892,3492,78,162,214,134,494,0,0,34,0,116,10,1032,182,8006
20251123,24:00:00,7784,3230,702,3436,76,152,212,132,484,0,0,30,0,112,-6,960,184,7784
20251124,0:30,7676,3230,658,2904,74,130,208,134,494,0,0,30,0,118,-14,476,186,7676
20251124,1:00,7378,3228,634,2632,72,138,210,132,482,0,0,20,0,140,-18,480,188,7378
20251124,1:30,7304,3232,664,2626,72,120,214,134,494,0,0,36,0,216,-18,672,186,7304
20251124,2:00,7338,3226,618,2642,68,136,212,132,482,0,0,44,0,272,-14,668,188,7338
20251124,2:30,7526,3230,712,3296,72,130,214,134,492,0,0,36,0,204,-16,1164,186,7526
20251124,3:00,7864,3230,674,3358,70,134,216,132,488,0,0,28,0,278,-4,928,188,7864
20251124,3:30,8204,3230,702,3334,74,124,220,134,494,0,0,40,0,292,-2,624,186,8204
20251124,4:00,8432,3224,668,3390,72,144,226,132,482,0,0,46,0,374,10,524,188,8432
20251124,4:30,8672,3228,680,3450,76,120,238,134,492,0,0,54,0,716,6,708,186,8672
20251124,5:00,8780,3228,688,3484,76,142,382,132,476,0,0,72,0,778,14,880,188,8780
20251124,5:30,8922,3224,880,3488,82,120,440,134,492,0,0,66,0,832,6,1028,186,8922
20251124,6:00,8834,3226,890,3484,76,172,442,132,474,0,0,60,0,724,-2,1032,188,8834
20251124,6:30,8784,3226,882,3488,84,154,362,134,488,0,0,56,0,740,-16,1000,186,8784
20251124,7:00,8700,3228,972,3484,84,164,320,132,482,0,0,48,0,598,-6,996,190,8700
20251124,7:30,8734,3232,1018,3486,88,138,280,134,488,100,0,36,0,448,-6,896,188,8734
20251124,8:00,8736,3230,994,3486,86,134,264,132,478,498,0,26,0,226,-8,996,186,8736
20251124,8:30,8908,3232,878,3316,86,112,222,134,488,1156,0,32,0,206,4,1144,186,8908
20251124,9:00,8804,3230,624,3018,80,142,220,130,474,1982,0,26,0,-124,-16,1168,186,8804
20251124,9:30,8966,3230,638,2472,82,114,212,132,480,2928,1,18,0,-474,0,1052,186,8966
20251124,10:00,8968,3230,586,2148,76,146,214,132,454,3794,1,6,0,-894,-12,1096,184,8968
20251124,10:30,8790,3230,662,1878,74,124,216,132,432,4260,1,10,0,-1118,18,1312,184,8790
20251124,11:00,8680,3228,554,1614,76,172,220,132,388,4710,1,8,0,-1174,10,1444,186,8680
20251124,11:30,8774,3234,618,1358,72,182,222,132,404,5016,1,4,0,-1406,8,1256,186,8774
20251124,12:00,8878,3230,552,1302,74,264,226,132,380,5320,1,0,0,-1414,12,1384,184,8878
20251124,12:30,8882,3232,516,1172,72,270,222,132,426,5087,1,3,0,-1446,0,988,184,8882
20251124,13:00,8682,3228,490,1082,74,382,230,132,452,4699,1,1,0,-1698,0,576,186,8682
20251124,13:30,8484,3234,410,1062,74,422,218,132,482,4714,1,0,0,-1846,-10,592,184,8484
20251124,14:00,8432,3228,420,1138,72,440,224,132,460,4680,1,0,0,-1782,4,768,184,8432
20251124,14:30,8618,3228,586,1518,76,380,222,132,482,4197,0,3,0,-1454,16,952,184,8618
20251124,15:00,8640,3232,630,1684,74,390,218,132,474,3203,0,1,0,-910,6,680,186,8640
20251124,15:30,8434,3230,590,2398,78,394,222,132,484,2287,0,3,0,-362,6,1216,188,8434
20251124,16:00,8644,3226,730,3044,84,444,228,132,474,1475,0,1,0,226,-16,1592,188,8644
20251124,16:30,8820,3228,894,3388,88,466,268,132,488,681,0,5,0,332,-14,1324,188,8820
20251124,17:00,8974,3228,956,3476,90,508,336,132,478,151,0,9,0,382,-8,952,188,8974
20251124,17:30,9368,3226,1006,3482,96,492,672,132,484,7,0,5,0,408,2,840,196,9368
20251124,18:00,9662,3226,1002,3480,102,512,804,132,476,0,0,2,0,282,-2,552,198,9662
20251124,18:30,9678,3228,1036,3484,104,490,680,134,482,15,0,7,0,338,-12,508,200,9678
20251124,19:00,9660,3228,1044,3484,100,514,652,130,478,0,0,16,0,430,-12,604,200,9660
20251124,19:30,9518,3228,1046,3486,102,500,626,132,486,0,0,34,0,452,-10,760,196,9518
20251124,20:00,9436,3232,1060,3484,98,514,602,132,472,0,0,38,0,332,-14,708,194,9436
20251124,20:30,9260,3230,1044,3488,96,474,422,132,488,0,0,44,0,386,-4,732,192,9260
20251124,21:00,9120,3228,1064,3484,96,476,354,132,476,0,0,40,0,364,-2,780,188,9120
20251124,21:30,9010,3228,984,3484,92,472,282,132,486,0,0,52,0,186,16,592,188,9010
20251124,22:00,8744,3230,752,3486,90,486,270,132,480,0,0,62,0,114,8,552,186,8744
20251124,22:30,8654,3232,756,3490,86,466,254,132,490,0,0,78,0,120,-2,636,188,8654
20251124,23:00,8442,3226,696,3366,84,480,234,132,476,0,0,76,0,114,-12,616,186,8442
20251124,23:30,8344,3234,620,3308,80,432,220,132,490,0,0,84,0,126,6,576,188,8344
20251124,24:00:00,8022,3230,622,2704,74,380,216,130,478,0,0,88,0,124,-10,200,186,8022
20251125,0:30,7878,3228,646,2862,76,324,216,132,494,0,0,78,0,118,6,488,186,7878
20251125,1:00,7594,3232,634,2466,68,318,220,130,482,0,0,76,0,116,0,336,188,7594
20251125,1:30,7572,3234,644,2420,72,302,218,132,494,0,0,134,0,118,-2,380,186,7572
20251125,2:00,7588,3224,642,2466,70,318,218,130,478,0,0,78,0,120,0,344,188,7588
20251125,2:30,7762,3234,638,2870,70,302,218,132,490,0,0,48,0,120,6,552,186,7762
20251125,3:00,8006,3230,642,3094,70,322,224,130,476,0,0,40,0,118,0,528,188,8006
20251125,3:30,8380,3232,736,3222,72,314,244,132,490,0,0,44,0,122,6,420,186,8380
20251125,4:00,8568,3226,794,3308,72,374,258,130,478,0,0,34,0,120,2,416,188,8568
20251125,4:30,8828,3232,974,3482,76,400,278,132,492,0,0,56,0,238,2,720,186,8828
20251125,5:00,8940,3224,1000,3484,76,416,354,132,472,0,0,80,0,258,-12,732,188,8940
20251125,5:30,8990,3228,918,3488,82,404,464,132,486,0,0,84,0,332,-2,812,186,8990
20251125,6:00,8998,3228,824,3454,80,436,416,132,478,0,0,110,0,258,-6,600,188,8998
20251125,6:30,8950,3228,836,3462,84,428,334,132,488,0,0,138,0,362,-8,720,186,8950
20251125,7:00,9102,3228,890,3482,88,456,310,132,476,0,0,156,0,328,-8,624,188,9102
20251125,7:30,9322,3224,1096,3492,92,438,300,132,486,10,0,168,0,580,-4,880,188,9322
20251125,8:00,9272,3228,1172,3482,90,452,248,132,472,126,0,174,0,694,-12,1172,186,9272
20251125,8:30,9560,3232,1166,3482,92,442,232,134,480,564,0,182,0,1194,10,1836,186,9560
20251125,9:00,9784,3228,1222,3486,92,412,240,130,472,1078,0,208,0,1196,-6,2160,186,9784
20251125,9:30,9798,3230,1156,3504,92,338,224,132,486,1988,0,240,0,290,-6,2060,184,9798
20251125,10:00,9734,3192,956,3408,88,320,214,132,512,3052,0,272,0,-30,4,2572,186,9734
20251125,10:30,9866,3152,936,2758,90,290,214,132,532,4166,0,320,0,-422,16,2504,186,9866
20251125,11:00,9754,3152,920,2310,88,294,214,132,536,4744,0,360,0,-916,8,2272,184,9754
20251125,11:30,9940,3168,1060,2572,88,284,216,132,544,4633,0,341,0,-1094,20,2208,184,9940
20251125,12:00,9990,3184,1282,2764,86,294,216,128,538,4201,0,357,0,-1048,16,2212,184,9990
20251125,12:30,9588,3198,1002,2600,88,276,214,132,546,4339,0,363,0,-1150,-8,2196,184,9588
20251125,13:00,9728,3212,1084,2472,84,318,212,130,538,4401,0,285,0,-1308,12,1896,184,9728
20251125,13:30,10084,3228,1146,2878,80,356,210,132,552,3543,0,375,0,-620,8,1988,184,10084
20251125,14:00,10250,3228,1208,2876,82,406,214,132,548,2903,0,411,0,-290,8,1660,184,10250
20251125,14:30,10224,3232,1286,2936,84,390,218,132,564,2677,0,441,0,-330,-2,1588,184,10224
20251125,15:00,9964,3230,1302,3070,86,406,220,132,554,2195,0,487,0,-304,-6,1592,184,9964
20251125,15:30,9866,3234,1204,3674,90,418,220,134,570,1685,0,517,0,-216,-4,1844,184,9866
20251125,16:00,10164,3228,1176,3736,94,466,220,132,556,1189,0,497,0,220,-4,1532,186,10164
20251125,16:30,10172,3234,1230,3738,96,474,234,134,570,573,0,499,0,326,-18,1104,186,10172
20251125,17:00,10150,3228,1414,3732,100,486,394,132,554,173,0,509,0,576,-18,1320,190,10150
20251125,17:30,10422,3232,1544,3834,102,484,538,134,568,29,0,497,0,780,-20,1492,192,10422
20251125,18:00,10574,3230,1520,3904,106,468,802,132,556,19,0,487,0,654,-12,1488,196,10574
20251125,18:30,10628,3232,1536,4094,112,450,822,134,566,17,0,483,0,526,18,1560,198,10628
20251125,19:00,10606,3234,1602,4120,110,428,692,132,564,0,0,492,0,630,14,1612,200,10606
20251125,19:30,10514,3226,1574,4118,108,410,558,134,568,0,0,474,0,538,4,1396,198,10514
20251125,20:00,10350,3230,1550,4146,108,426,388,132,562,0,0,460,0,174,16,1036,194,10350
20251125,20:30,10198,3230,1480,4146,102,416,338,134,574,0,0,428,0,128,10,980,192,10198
20251125,21:00,9992,3224,1374,4142,98,414,304,132,566,0,0,424,0,118,-4,990,190,9992
20251125,21:30,9776,3232,1148,4148,96,418,266,134,574,0,0,438,0,118,-2,984,190,9776
20251125,22:00,9512,3230,1158,4142,94,430,250,132,562,0,0,420,0,116,2,1210,186,9512
20251125,22:30,9374,3228,976,4144,90,426,244,134,576,0,0,420,0,120,2,1172,186,9374
20251125,23:00,9080,3230,806,4112,84,426,236,132,564,0,0,408,0,116,-2,1220,188,9080
20251125,23:30,8974,3234,780,4136,82,396,226,134,576,0,0,392,0,118,-8,1280,188,8974
20251125,24:00:00,8656,3228,622,3864,76,390,218,132,572,0,0,364,0,118,-10,1104,186,8656
20251126,0:30,8434,3232,716,3486,76,370,214,134,578,0,0,372,0,118,-8,1040,186,8434
20251126,1:00,8082,3230,636,3208,72,388,212,132,572,0,0,362,0,116,-18,1016,188,8082
20251126,1:30,7956,3234,614,3230,72,368,212,134,574,0,0,330,0,120,-6,1112,186,7956
20251126,2:00,7968,3228,644,3292,70,386,216,132,570,0,0,268,0,118,-8,1136,188,7968
20251126,2:30,8166,3230,682,3940,72,374,218,134,570,0,0,226,0,144,-6,1604,186,8166
20251126,3:00,8480,3232,682,4006,68,390,238,132,572,0,0,248,0,118,-10,1384,188,8480
20251126,3:30,8828,3232,596,3992,76,408,240,134,578,0,0,250,0,118,2,984,186,8828
20251126,4:00,9102,3228,614,4116,74,456,236,132,570,0,0,240,0,116,-8,860,188,9102
20251126,4:30,9322,3232,780,4142,80,426,260,134,582,0,0,240,0,118,18,876,186,9322
20251126,5:00,9520,3230,890,4146,82,456,342,132,562,0,0,200,0,116,0,824,188,9520
20251126,5:30,9798,3226,1066,4148,86,430,386,134,578,0,0,176,0,140,18,776,186,9798
20251126,6:00,9802,3232,1072,4142,86,454,352,132,560,0,0,168,0,182,14,780,188,9802
20251126,6:30,9988,3232,1066,4146,92,434,364,134,572,0,0,172,0,420,-14,816,186,9988
20251126,7:00,10180,3226,1092,4140,94,446,354,132,566,0,0,172,0,768,-16,984,190,10180
20251126,7:30,10274,3230,1182,4144,100,430,322,134,576,71,0,169,0,998,-14,1256,188,10274
20251126,8:00,10278,3230,1200,3984,96,454,260,132,558,435,0,157,0,684,-10,1088,186,10278
20251126,8:30,10410,3236,1130,3900,98,434,218,134,568,1158,0,144,0,678,-2,1472,186,10410
20251126,9:00,10486,3224,1038,3526,96,422,216,132,562,2160,0,104,0,308,-22,1464,184,10486
20251126,9:30,10522,3238,1040,2846,94,386,214,134,560,3184,0,72,0,118,4,1552,184,10522
20251126,10:00,10500,3234,794,2310,88,320,210,132,546,4130,0,46,0,-110,-2,1384,186,10500
20251126,10:30,10258,3234,766,1890,86,274,206,132,510,4838,0,40,0,-430,0,1472,184,10258
20251126,11:00,10110,3236,990,1828,82,274,208,134,460,5382,0,24,0,-556,6,2144,186,10110
20251126,11:30,10012,3236,932,1680,82,268,206,132,468,5718,0,20,0,-556,6,2368,188,10012
20251126,12:00,10030,3236,1060,1378,80,276,206,132,462,5970,0,14,0,-764,8,2216,188,10030
20251126,12:30,9900,3230,1198,1026,82,272,208,132,460,5820,95,24,0,-848,20,1912,188,9900
20251126,13:00,9694,3234,1126,1194,78,278,206,132,454,5684,293,32,0,-848,-8,2056,188,9694
20251126,13:30,10076,3230,1166,1554,82,264,210,132,462,5758,152,34,0,-844,14,2172,186,10076
20251126,14:00,10206,3228,1138,1874,82,276,214,132,454,5374,23,34,0,-586,-4,2196,186,10206
20251126,14:30,9978,3232,1094,2014,84,316,216,132,490,4852,0,38,0,-584,4,2096,186,9978
20251126,15:00,9882,3230,1034,2560,86,386,216,132,540,3998,0,30,0,-580,0,1936,186,9882
20251126,15:30,9812,3234,1076,2960,86,410,222,132,558,3150,0,26,0,-438,-10,1780,186,9812
20251126,16:00,9960,3224,1306,3482,88,422,226,132,556,2138,0,20,0,-288,-16,1516,186,9960
20251126,16:30,9976,3232,1592,3968,94,394,220,132,574,1148,0,10,0,-90,-10,1476,188,9976
20251126,17:00,10022,3228,1812,4138,98,424,512,134,558,308,0,16,0,242,-12,1628,192,10022
20251126,17:30,10298,3228,2014,4144,102,404,656,132,572,22,0,24,0,478,-20,1652,194,10298
20251126,18:00,10618,3230,1874,4136,112,418,780,134,560,16,0,14,0,500,-16,1336,196,10618
20251126,18:30,10746,3228,2014,4140,112,410,800,132,566,4,0,16,0,486,2,1360,196,10746
20251126,19:00,10764,3226,2000,4136,110,414,710,134,568,0,0,8,0,478,14,1228,194,10764
20251126,19:30,10692,3228,1918,4140,110,438,542,134,564,0,0,10,0,320,18,924,194,10692
20251126,20:00,10468,3228,1748,4138,110,450,514,132,558,0,0,32,0,302,6,944,194,10468
20251126,20:30,10354,3230,1852,4142,108,430,404,134,564,0,0,30,0,206,10,952,196,10354
20251126,21:00,10210,3228,2076,4136,104,452,342,132,562,0,0,6,0,108,4,1132,192,10210
20251126,21:30,9944,3228,1818,4144,100,438,306,132,566,0,0,12,0,0,-8,984,192,9944
20251126,22:00,9756,3232,1766,4146,94,442,302,134,558,0,0,18,0,0,4,1132,192,9756
20251126,22:30,9680,3228,1626,4146,92,426,268,134,562,0,0,18,0,0,-2,1008,190,9680
20251126,23:00,9432,3228,1354,4140,88,428,244,132,562,0,0,16,0,0,6,954,188,9432
20251126,23:30,9272,3230,1142,4114,84,406,226,134,574,0,0,18,0,0,10,856,190,9272
20251126,24:00:00,8944,3228,1138,3924,78,426,218,132,556,0,0,18,0,0,0,962,188,8944
20251127,0:30,8666,3228,1184,4046,80,404,212,134,568,0,0,14,0,-88,0,1304,188,8666
20251127,1:00,8352,3226,1198,3776,72,402,208,132,568,0,0,14,0,-256,-10,1168,190,8352
20251127,1:30,8308,3234,1248,3736,76,372,208,134,572,0,0,20,0,-258,-18,1204,188,8308
20251127,2:00,8360,3226,1290,3612,70,396,208,132,564,0,0,16,0,-254,-6,1084,190,8360
20251127,2:30,8490,3230,1306,3890,72,374,216,134,570,0,0,22,0,-256,-6,1252,190,8490
20251127,3:00,8758,3232,1290,3890,70,392,214,132,562,0,0,34,0,-254,-10,984,190,8758
20251127,3:30,9106,3228,1304,3976,76,372,214,134,574,0,0,58,0,-256,-4,760,190,9106
20251127,4:00,9384,3224,1490,4116,74,394,210,132,562,0,0,94,0,-252,0,848,188,9384
20251127,4:30,9556,3228,1474,4104,78,376,266,134,568,0,0,84,0,-154,-2,788,188,9556
20251127,5:00,9660,3228,1496,4112,76,390,350,130,564,0,0,72,0,2,-6,944,190,9660
20251127,5:30,9608,3228,1728,4148,84,374,376,132,568,0,0,84,0,0,-6,1296,188,9608
20251127,6:00,9696,3224,1630,4144,82,390,382,132,558,0,0,84,0,0,-8,1112,190,9696
20251127,6:30,9932,3230,1666,4110,88,376,378,132,566,0,0,104,0,0,-4,904,190,9932
20251127,7:00,10066,3226,1992,4148,90,390,512,132,558,0,0,142,0,0,-2,1312,190,10066
20251127,7:30,10160,3226,2054,4150,96,376,482,132,562,74,0,150,0,134,-10,1456,190,10160
20251127,8:00,10054,3230,1860,4146,94,382,268,134,560,462,0,196,0,178,-18,1628,190,10054
20251127,8:30,10196,3228,1578,4142,96,378,220,132,568,1341,0,185,0,126,-14,1972,188,10196
20251127,9:00,10306,3228,1158,4090,90,378,222,134,554,2445,0,169,0,0,-6,2344,188,10306
20251127,9:30,10410,3230,810,3648,92,360,216,132,558,3536,0,174,0,-4,0,2528,186,10410
20251127,10:00,10504,3230,774,3366,84,382,212,132,528,4308,0,148,0,-300,12,2560,188,10504
20251127,10:30,10550,3230,862,2880,82,364,208,132,522,4675,0,165,0,-298,14,2472,186,10550
20251127,11:00,10424,3226,984,2582,82,302,216,130,478,4675,0,225,0,-296,10,2376,186,10424
20251127,11:30,10416,3230,666,2078,78,236,214,130,436,5367,0,255,0,-296,-12,2152,186,10416
20251127,12:00,10124,3230,672,1810,80,238,206,130,436,5593,0,287,0,-528,0,2216,186,10124
20251127,12:30,9906,3230,752,1624,78,250,198,132,434,5481,0,325,0,-794,10,2000,186,9906
20251127,13:00,9792,3232,946,1672,76,244,198,130,436,4825,0,321,0,-738,2,1740,188,9792
20251127,13:30,9950,3232,832,1898,80,244,200,132,432,4804,0,350,0,-90,4,2356,188,9950
20251127,14:00,10018,3228,790,2114,84,288,202,130,472,4492,0,388,0,0,-6,2352,188,10018
20251127,14:30,10062,3228,914,2530,86,334,208,130,518,3649,0,381,0,0,-4,2100,188,10062
20251127,15:00,9974,3230,1056,3060,88,370,218,132,534,2893,0,361,0,0,16,2172,188,9974
20251127,15:30,9840,3226,1152,3454,92,382,218,130,536,2083,0,381,0,202,4,2208,188,9840
20251127,16:00,10076,3226,1242,3754,88,374,212,132,544,1453,0,389,0,224,-6,1744,188,10076
20251127,16:30,9970,3230,1384,4116,96,374,210,130,546,640,0,386,0,218,-12,1536,188,9970
20251127,17:00,10020,3228,1526,4140,102,380,386,130,544,156,0,396,0,360,-18,1500,190,10020
20251127,17:30,10206,3228,1562,4144,104,380,534,130,544,29,0,397,0,316,-20,1336,194,10206
20251127,18:00,10362,3224,1428,4144,110,382,696,130,542,3,0,399,0,304,-16,1176,192,10362
20251127,18:30,10416,3226,1632,4146,110,374,680,132,554,0,0,424,0,306,6,1368,194,10416
20251127,19:00,10364,3228,1662,4144,110,388,652,130,542,0,0,418,0,302,16,1424,196,10364
20251127,19:30,10228,3220,1614,4146,108,374,556,130,554,0,0,436,0,240,8,1352,194,10228
20251127,20:00,10072,3228,1596,4144,106,388,402,132,550,0,0,446,0,176,0,1288,192,10072
20251127,20:30,9986,3228,1540,4148,104,372,338,132,568,0,0,436,0,176,12,1260,192,9986
20251127,21:00,9948,3224,1550,4146,98,388,294,130,556,0,0,418,0,176,0,1224,192,9948
20251127,21:30,9774,3232,1438,4148,98,366,274,132,568,0,0,430,0,30,-4,1128,190,9774
20251127,22:00,9482,3228,1164,4144,90,392,260,130,558,0,0,428,0,0,6,1108,190,9482
20251127,22:30,9330,3228,1050,4150,90,376,238,132,566,0,0,428,0,0,2,1120,190,9330
20251127,23:00,9096,3230,984,4094,84,390,228,132,558,0,0,428,0,0,12,1234,190,9096
20251127,23:30,8952,3234,914,4086,82,374,216,132,568,0,0,440,0,0,6,1288,188,8952
20251127,24:00:00,8600,3222,824,3926,78,372,208,132,564,0,0,440,0,0,-10,1346,190,8600
20251128,0:30,8462,3234,898,3554,76,320,202,132,570,0,0,464,0,0,-16,1160,188,8462
20251128,1:00,8038,3230,828,3012,68,328,202,132,558,0,0,456,0,0,-20,944,188,8038
20251128,1:30,7936,3232,826,3072,72,320,204,132,568,0,0,442,0,0,-16,1104,188,7936
20251128,2:00,7984,3226,862,2980,68,324,204,132,564,0,0,448,0,0,-18,996,190,7984
20251128,2:30,8168,3230,788,3722,72,322,206,132,568,0,0,428,0,0,-16,1472,188,8168
20251128,3:00,8442,3232,770,3794,72,344,204,132,560,0,0,420,0,0,-12,1264,190,8442
20251128,3:30,8786,3230,890,3790,74,378,218,132,568,0,0,414,0,0,8,1104,188,8786
20251128,4:00,9066,3228,970,3820,72,386,232,132,572,0,0,418,0,0,4,956,188,9066
20251128,4:30,9340,3230,1160,3762,78,370,248,132,594,0,0,376,0,0,10,808,188,9340
20251128,5:00,9426,3226,1326,3648,78,394,324,134,574,0,0,368,0,0,10,844,188,9426
20251128,5:30,9610,3226,1318,3780,84,376,356,132,594,0,0,336,0,0,16,796,188,9610
20251128,6:00,9680,3230,1312,3692,82,388,358,134,586,0,0,332,0,0,10,632,188,9680
20251128,6:30,9804,3234,1338,3928,90,374,360,134,596,0,0,314,0,0,-16,736,188,9804
20251128,7:00,9966,3230,1572,4008,94,388,334,132,584,0,0,270,0,184,-14,1008,192,9966
20251128,7:30,10026,3228,1634,4006,98,374,300,134,588,57,0,249,0,196,-16,1012,190,10026
20251128,8:00,9940,3232,1196,3952,98,388,232,132,588,495,0,231,0,196,-12,976,188,9940
20251128,8:30,9990,3232,1246,3830,100,370,210,134,592,1475,0,183,0,76,-16,1628,186,9990
20251128,9:00,10082,3228,1216,3422,100,392,214,132,578,2603,0,169,0,-2,-16,2136,182,10082
20251128,9:30,10164,3234,902,3050,94,344,212,134,584,3691,0,179,0,-2,-2,2440,184,10164
20251128,10:00,10188,3230,858,2754,88,300,212,132,564,4599,0,161,0,-378,4,2520,184,10188
20251128,10:30,10040,3232,986,2196,88,238,206,134,526,5085,0,153,0,-558,22,2452,184,10040
20251128,11:00,9994,3228,1024,1812,84,206,204,132,470,5393,0,133,0,-556,10,2332,186,9994
20251128,11:30,10236,3234,1122,1796,86,176,208,134,478,5554,130,118,0,-554,10,2312,186,10236
20251128,12:00,10046,3232,1002,1792,88,192,204,136,470,5452,216,108,0,-554,12,2272,184,10046
20251128,12:30,9636,3228,1042,1646,84,180,198,140,480,5160,373,124,0,-554,12,2288,184,9636
20251128,13:00,9642,3232,942,1612,84,192,200,140,468,5476,169,122,0,-668,28,2368,182,9642
20251128,13:30,10042,3236,1068,1810,86,184,194,146,478,5556,100,122,0,-842,14,2192,182,10042
20251128,14:00,9664,3228,804,1786,86,196,196,152,472,5134,0,120,0,-790,-8,1896,184,9664
20251128,14:30,9848,3232,982,2108,88,220,198,152,512,4796,0,120,0,-548,6,2200,182,9848
20251128,15:00,9918,3230,966,2292,90,270,206,152,574,4240,0,112,0,-544,-6,1848,184,9918
20251128,15:30,9652,3232,1180,3004,92,288,218,142,596,3232,0,96,0,-298,-10,2304,184,9652
20251128,16:00,9982,3230,1534,3492,92,354,212,132,590,2228,0,82,0,2,-32,2120,186,9982
20251128,16:30,10128,3232,1628,3874,100,372,370,134,612,1220,0,66,0,0,-26,1640,186,10128
20251128,17:00,10178,3232,1934,4136,102,396,638,132,604,312,0,58,0,112,-26,1640,188,10178
20251128,17:30,10484,3232,1956,4140,106,368,772,134,618,38,0,60,0,252,-32,1352,192,10484
20251128,18:00,10770,3226,1950,4134,112,390,668,136,606,16,0,62,0,284,-24,984,194,10770
20251128,18:30,10840,3232,1938,4136,114,380,654,154,620,4,0,56,0,278,-38,884,196,10840
20251128,19:00,10838,3230,1958,4138,114,384,628,154,612,0,0,48,0,268,20,912,196,10838
20251128,19:30,10642,3228,1624,4142,114,366,784,154,628,0,0,44,0,218,14,872,198,10642
20251128,20:00,10714,3226,1870,4136,112,394,450,154,616,0,0,34,0,254,30,756,194,10714
20251128,20:30,10484,3232,1990,4140,110,376,332,154,628,0,0,36,0,236,24,968,194,10484
20251128,21:00,10358,3230,1688,4140,106,388,308,154,614,0,0,34,0,218,14,728,192,10358
20251128,21:30,10084,3230,1304,4142,102,380,292,154,624,0,0,32,0,214,-6,576,192,10084
20251128,22:00,9880,3232,1306,4144,100,384,284,154,614,0,0,26,0,124,30,708,190,9880
20251128,22:30,9730,3232,1370,4150,96,370,240,154,626,0,0,32,0,0,28,760,192,9730
20251128,23:00,9536,3228,1216,4022,92,368,222,154,612,0,0,30,0,0,-6,592,190,9536
20251128,23:30,9340,3234,1194,4084,88,360,216,154,620,0,0,28,0,0,-2,824,188,9340
20251128,24:00:00,9006,3228,994,4088,82,316,212,154,620,0,0,26,0,0,12,916,190,9006
20251129,0:30,8796,3232,822,3918,82,284,202,154,630,0,0,26,0,0,-22,720,188,8796
20251129,1:00,8534,3232,784,3690,78,292,200,154,614,0,0,30,0,0,-34,696,190,8534
20251129,1:30,8488,3232,762,3872,76,278,200,154,626,0,0,32,0,0,-36,896,188,8488
20251129,2:00,8492,3232,776,3734,74,290,200,154,624,0,0,30,0,0,-24,788,190,8492
20251129,2:30,8686,3228,752,3816,78,322,200,154,630,0,0,34,0,0,-4,712,188,8686
20251129,3:00,8924,3230,718,4062,74,380,204,154,616,0,0,30,0,0,-6,728,190,8924
20251129,3:30,9210,3234,798,4146,78,374,218,154,626,0,0,30,0,78,-4,712,190,9210
20251129,4:00,9526,3228,862,4148,80,396,272,154,618,0,0,20,0,236,0,680,192,9526
20251129,4:30,9778,3230,1176,4150,82,370,296,154,634,0,0,22,0,246,36,808,190,9778
20251129,5:00,9836,3230,1222,4146,82,392,380,154,610,0,0,20,0,226,16,832,190,9836
20251129,5:30,9962,3228,1288,4150,88,368,506,154,626,0,0,22,0,246,12,916,190,9962
20251129,6:00,9912,3230,1104,4094,88,392,550,154,624,0,0,14,0,226,0,752,188,9912
20251129,6:30,9942,3230,1208,3880,92,372,592,154,628,0,0,16,0,342,-34,728,190,9942
20251129,7:00,9948,3230,1196,3792,96,400,568,154,624,0,0,12,0,326,-34,608,192,9948
20251129,7:30,10028,3228,1428,3726,98,380,310,154,630,66,0,12,0,528,-30,692,190,10028
20251129,8:00,9930,3232,1310,3528,98,338,256,154,624,542,0,8,0,498,-24,824,190,9930
20251129,8:30,9818,3234,1274,3134,98,264,222,154,630,1584,0,4,0,714,-20,1664,190,9818
20251129,9:00,9776,3228,1234,2292,94,246,218,154,602,2838,0,6,0,382,-20,1688,190,9776
20251129,9:30,9464,3234,1016,1586,90,202,210,154,560,4092,0,6,0,0,10,1884,188,9464
20251129,10:00,9664,3232,918,1312,80,226,208,152,486,4836,345,0,15,-130,16,1860,188,9664
20251129,10:30,9402,3232,860,1176,80,206,206,154,494,4782,1279,0,10,-258,22,1740,188,9402
20251129,11:00,9208,3228,688,1024,72,212,206,154,492,4968,1748,0,0,-254,18,1788,188,9208
20251129,11:30,9102,3236,570,848,72,214,204,154,500,5532,1538,0,2,-562,2,1856,188,9102
20251129,12:00,8992,3228,670,838,74,218,204,154,498,5590,1756,0,5,-864,6,1812,188,8992
20251129,12:30,8740,3232,610,844,72,208,204,154,504,5442,1935,0,1,-858,-26,1832,186,8740
20251129,13:00,8684,3232,732,846,70,214,202,154,494,5200,2133,0,1,-854,-6,1788,188,8684
20251129,13:30,8650,3230,656,844,70,204,204,154,500,5294,1621,0,6,-852,-8,1832,186,8650
20251129,14:00,8644,3228,746,844,74,208,204,154,496,5122,1351,0,29,-848,28,1800,188,8644
20251129,14:30,8566,3232,852,1090,76,212,204,154,500,4658,998,0,32,-842,40,1796,186,8566
20251129,15:00,8418,3230,928,1322,76,214,208,154,498,4242,333,0,19,-842,16,1816,188,8418
20251129,15:30,8590,3234,964,1598,82,206,210,154,500,3558,64,0,33,-518,-4,1584,190,8590
20251129,16:00,8662,3226,936,1986,82,224,280,154,534,2454,0,6,22,-90,-32,1288,190,8662
20251129,16:30,8712,3230,1178,2592,90,272,332,154,604,1258,0,20,0,252,-12,1448,190,8712
20251129,17:00,8842,3228,1228,3372,92,362,346,154,614,312,0,32,0,398,-22,1468,194,8842
20251129,17:30,9376,3228,1208,3960,100,376,418,154,624,18,0,28,0,234,-34,1136,198,9376
20251129,18:00,9690,3228,974,4106,100,398,534,154,622,16,0,34,0,178,-30,824,200,9690
20251129,18:30,9898,3228,912,4140,108,410,536,154,624,18,0,24,0,196,16,668,200,9898
20251129,19:00,9922,3224,1092,4140,106,418,486,154,622,0,0,14,0,186,40,760,200,9922
20251129,19:30,9860,3228,1186,4140,106,406,412,154,630,0,0,30,0,182,18,832,200,9860
20251129,20:00,9774,3226,1042,4142,102,420,364,154,626,0,0,30,0,174,10,712,196,9774
20251129,20:30,9702,3228,1086,4142,100,402,308,154,634,0,0,42,0,178,32,800,196,9702
20251129,21:00,9618,3226,1024,4140,98,394,260,154,624,0,0,34,0,148,14,690,192,9618
20251129,21:30,9442,3230,1114,4142,96,380,246,154,630,0,0,44,0,0,12,796,190,9442
20251129,22:00,9210,3232,782,4142,88,388,236,154,622,0,0,50,0,0,6,680,190,9210
20251129,22:30,9094,3230,770,4144,90,374,228,154,636,0,0,48,0,0,2,772,190,9094
20251129,23:00,8892,3226,750,4140,82,392,222,154,624,0,0,48,0,0,6,942,190,8892
20251129,23:30,8808,3232,828,4146,82,340,212,154,636,0,0,50,0,0,-22,1040,190,8808
20251129,24:00:00,8500,3230,682,4032,76,306,208,154,632,0,0,60,0,0,-22,1048,190,8500
20251130,0:30,8318,3228,760,3756,78,296,206,154,638,0,0,74,0,0,-30,1032,190,8318
20251130,1:00,8002,3226,828,3444,72,310,206,154,626,0,0,86,0,0,-26,1116,192,8002
20251130,1:30,7932,3232,890,3364,74,300,204,154,636,0,0,84,0,0,-20,1176,190,7932
20251130,2:00,7886,3228,820,3448,72,306,206,154,632,0,0,90,0,0,-26,1232,188,7886
20251130,2:30,8114,3230,740,4060,74,296,208,154,638,0,0,72,0,0,-10,1536,188,8114
20251130,3:00,8390,3230,740,4108,74,352,206,154,630,0,0,62,0,0,-12,1344,190,8390
20251130,3:30,8728,3230,878,4148,74,362,210,154,638,0,0,52,0,0,0,1208,190,8728
20251130,4:00,8896,3224,1014,4144,76,376,212,154,630,0,0,50,0,0,4,1176,188,8896
20251130,4:30,9158,3230,1286,4148,76,366,260,154,638,0,0,48,0,0,16,1252,188,9158
20251130,5:00,9204,3230,1222,4140,76,370,348,154,620,0,0,42,0,0,20,1208,190,9204
20251130,5:30,9296,3224,1296,4148,80,360,376,154,634,0,0,52,0,0,32,1248,188,9296
20251130,6:00,9108,3232,1278,4000,82,376,350,154,626,0,0,48,0,0,30,1256,188,9108
20251130,6:30,8928,3230,1194,3916,84,372,312,154,636,1,0,59,0,166,-16,1368,188,8928
20251130,7:00,8770,3230,1128,3770,82,392,280,154,626,0,0,58,0,278,-34,1384,190,8770
20251130,7:30,8740,3230,1196,3306,86,378,260,154,638,65,0,65,0,546,-20,1352,188,8740
20251130,8:00,8668,3228,1196,2942,84,340,298,154,616,473,0,67,0,682,-30,1572,190,8668
20251130,8:30,8624,3234,980,2128,84,284,234,154,612,1463,0,55,0,350,-26,1116,188,8624
20251130,9:00,8290,3228,684,1350,80,250,226,154,544,2667,0,49,0,74,-24,1180,188,8290
20251130,9:30,8340,3232,726,1096,78,196,210,154,498,3717,22,49,0,-170,-6,1628,188,8340
20251130,10:00,8358,3232,804,858,70,188,210,154,498,4241,567,37,0,-516,30,1636,188,8358
20251130,10:30,8198,3230,876,842,72,190,206,154,496,4188,1470,34,0,-560,20,1736,186,8198
20251130,11:00,8074,3228,684,842,68,200,204,152,492,4318,1957,30,0,-558,-6,1768,188,8074
20251130,11:30,8060,3232,728,844,68,184,206,152,498,4278,2400,34,0,-558,0,1792,186,8060
20251130,12:00,7886,3232,814,844,70,202,204,152,498,4272,2489,38,0,-856,20,1792,188,7886
20251130,12:30,7844,3230,596,850,66,184,204,152,504,4532,2363,38,0,-854,8,1852,186,7844
20251130,13:00,7862,3232,628,850,66,200,204,152,492,4492,2409,40,0,-846,2,1836,186,7862
20251130,13:30,7854,3230,700,846,68,186,206,152,506,4410,2094,42,0,-844,10,1844,186,7854
20251130,14:00,7650,3230,760,850,68,208,208,152,494,4132,1574,44,0,-840,10,1852,186,7650
20251130,14:30,7638,3232,854,914,70,190,208,152,500,3936,956,46,0,-836,18,1832,186,7638
20251130,15:00,7564,3232,948,1128,68,200,204,152,496,3540,444,44,0,-828,2,1808,186,7564
20251130,15:30,7792,3228,870,1342,76,188,210,154,502,2926,255,52,0,-736,2,1208,186,7792
20251130,16:00,7730,3228,722,1714,76,200,236,150,534,2108,0,52,0,-758,-24,696,188,7730
20251130,16:30,7774,3234,1022,2270,84,230,258,152,610,1092,0,66,0,-368,-24,1040,188,7774
20251130,17:00,8130,3228,1108,3204,86,340,480,152,616,254,0,90,0,170,-28,1768,198,8130
20251130,17:30,8636,3234,1218,3678,94,362,396,152,628,28,0,92,0,178,-30,1600,206,8636
20251130,18:00,8964,3224,988,3848,100,364,562,152,626,20,0,100,0,174,-34,1368,208,8964
20251130,18:30,9188,3230,1022,4130,102,360,574,154,630,4,0,122,0,30,14,1392,208,9188
20251130,19:00,9164,3228,964,4142,104,372,540,152,626,0,0,124,0,0,-24,1272,208,9164
20251130,19:30,9122,3226,984,4142,102,356,412,152,640,0,0,142,0,0,34,1276,208,9122
20251130,20:00,9058,3228,1058,4142,98,366,340,152,624,0,0,152,0,0,-12,1296,206,9058
20251130,20:30,8872,3228,1228,4140,98,360,276,152,642,0,0,152,0,170,26,1808,208,8872
20251130,21:00,8826,3226,1282,4142,96,374,262,154,620,0,0,142,0,200,20,1896,204,8826
20251130,21:30,8658,3230,1182,4146,92,366,250,154,636,0,0,152,0,166,-38,1880,202,8658
20251130,22:00,8458,3228,1024,4140,88,366,250,150,622,0,0,162,0,106,-28,1854,204,8458
20251130,22:30,8328,3228,1092,3986,88,354,234,154,638,0,0,154,0,0,-6,1796,202,8328
20251130,23:00,8042,3228,922,3738,78,370,218,150,630,0,0,168,0,0,-6,1654,200,8042
20251130,23:30,8026,3230,1114,3724,80,328,210,154,644,0,0,166,0,0,-4,1820,200,8026
20251130,24:00:00,7840,3230,942,3462,74,310,204,150,624,0,0,146,0,-498,8,1012,200,7840
