単位[MW平均],,,供給力(確報),,,,,,,,,,,,,,,,
DATE,TIME,エリア需要,原子力,火力（ＬＮＧ）,火力（石炭）,火力（石油）,火力（その他）,水力,地熱,バイオマス,太陽光発電実績,太陽光出力制御量,風力発電実績,風力出力制御量,揚水,蓄電池,連系線,その他,合計
20240701,0:30,8242,3216,798,2506,104,322,1134,150,640,0,0,252,0,0,24,1112,208,8242
20240701,1:00,7980,3218,736,2630,94,328,1124,148,642,0,0,258,0,0,34,1440,208,7980
20240701,1:30,7738,3218,784,2492,96,314,1120,150,646,0,0,258,0,0,4,1552,208,7738
20240701,2:00,7680,3218,778,2502,94,334,1116,148,640,0,0,252,0,0,-12,1600,210,7680
20240701,2:30,7750,3216,720,2524,94,316,1136,150,650,0,0,258,0,0,-26,1496,208,7750
20240701,3:00,7828,3216,644,2612,92,338,1128,148,644,0,0,272,0,0,-46,1428,208,7828
20240701,3:30,8050,3222,762,2666,94,312,1154,150,650,0,0,260,0,0,-20,1408,208,8050
20240701,4:00,8250,3218,806,2672,92,334,1152,148,642,0,0,246,0,0,-12,1256,208,8250
20240701,4:30,8460,3212,822,3006,96,314,1140,150,650,0,0,248,0,166,-12,1540,208,8460
20240701,5:00,8678,3216,916,2718,94,334,1132,148,638,0,0,238,0,312,12,1288,208,8678
20240701,5:30,8802,3214,846,2858,100,324,1134,150,640,2,0,228,0,502,0,1404,208,8802
20240701,6:00,8832,3218,764,2830,94,328,1132,148,632,46,0,228,0,434,-2,1228,208,8832
20240701,6:30,8856,3212,912,2916,104,316,1154,150,634,178,0,232,0,324,4,1488,208,8856
20240701,7:00,9002,3216,936,2984,106,340,1156,150,626,328,0,226,0,232,6,1512,208,9002
20240701,7:30,9364,3216,878,3456,114,326,1158,152,620,550,0,228,0,62,-8,1596,208,9364
20240701,8:00,9722,3218,856,3470,118,342,1154,146,596,776,0,216,0,0,-2,1376,208,9722
20240701,8:30,10362,3216,1096,4226,128,340,1140,150,594,987,0,203,0,96,-2,2020,208,10362
20240701,9:00,10934,3214,1296,4454,130,346,1138,146,592,1093,0,181,0,16,2,1880,206,10934
20240701,9:30,11474,3216,1254,4752,136,306,1116,150,596,1267,0,189,0,0,2,1716,206,11474
20240701,10:00,11582,3214,894,4686,130,308,1118,148,592,1537,0,181,0,0,0,1432,206,11582
20240701,10:30,11810,3214,1058,4256,136,308,1140,150,596,1897,0,163,0,0,6,1320,206,11810
20240701,11:00,12072,3218,970,4634,138,314,1144,148,582,1897,0,165,0,0,8,1352,206,12072
20240701,11:30,12166,3216,956,4590,140,296,1156,150,594,2027,0,163,0,0,8,1336,206,12166
20240701,12:00,12046,3218,1044,4566,144,314,1140,148,592,1881,0,155,0,0,2,1364,206,12046
20240701,12:30,11750,3216,1056,4216,140,304,1114,150,592,1845,0,155,0,0,-8,1236,206,11750
20240701,13:00,11506,3216,1068,3968,138,316,1100,148,584,1781,0,159,0,0,-2,1176,206,11506
20240701,13:30,11742,3218,1102,4306,142,304,1094,150,584,1769,0,157,0,0,2,1292,206,11742
20240701,14:00,11892,3218,1056,4438,142,386,1078,148,578,1747,0,169,0,0,2,1276,206,11892
20240701,14:30,11706,3218,1006,4438,146,428,1090,150,582,1619,0,165,0,0,2,1344,206,11706
20240701,15:00,11788,3220,1050,4644,142,462,1090,148,578,1605,0,167,0,0,2,1528,208,11788
20240701,15:30,11620,3218,1104,4480,144,450,1088,150,588,1321,0,149,0,0,2,1280,206,11620
20240701,16:00,11634,3218,1086,4704,148,458,1088,146,578,1139,0,151,0,0,2,1292,208,11634
20240701,16:30,11686,3216,1248,4692,150,452,1082,150,590,891,0,139,0,0,2,1132,206,11686
20240701,17:00,11536,3220,1328,4750,150,456,1074,146,592,771,0,123,0,0,2,1284,208,11536
20240701,17:30,11338,3214,1390,4704,152,446,1060,150,594,672,0,130,0,0,2,1384,208,11338
20240701,18:00,11300,3216,1814,4674,154,456,1064,150,584,506,0,130,0,0,2,1656,206,11300
20240701,18:30,11302,3216,1986,4688,156,446,1086,150,592,300,0,136,0,98,2,1764,210,11302
20240701,19:00,11328,3212,1944,4686,154,456,1092,150,592,102,0,128,0,98,2,1500,212,11328
20240701,19:30,11104,3212,1786,4690,154,448,1084,152,598,18,0,108,0,32,2,1392,212,11104
20240701,20:00,10878,3218,1430,4690,152,460,1082,150,582,0,0,86,0,-2,2,1184,212,10878
20240701,20:30,10622,3214,1140,4690,150,446,1062,152,590,0,0,94,0,0,2,1128,210,10622
20240701,21:00,10392,3218,1086,4514,142,456,1060,150,584,0,0,88,0,0,2,1116,208,10392
20240701,21:30,10148,3218,1068,4376,140,456,1058,152,592,0,0,80,0,0,2,1204,210,10148
20240701,22:00,9814,3220,1028,4278,130,456,1060,150,588,0,0,76,0,0,2,1384,210,9814
20240701,22:30,9658,3218,1054,4010,128,410,1080,152,598,0,0,76,0,0,2,1280,210,9658
20240701,23:00,9406,3218,1032,3780,122,348,1080,150,586,0,0,78,0,0,2,1200,210,9406
20240701,23:30,9296,3218,1108,3722,116,328,1078,152,596,0,0,94,0,0,2,1328,210,9296
20240701,24:00,9024,3220,994,3686,106,338,1082,150,592,0,0,100,0,0,2,1456,210,9024
20240702,0:30,8648,3220,926,3398,106,306,1058,152,602,0,0,114,0,0,2,1444,208,8648
20240702,1:00,8342,3220,784,3366,102,326,1054,148,594,0,0,114,0,0,2,1576,208,8342
20240702,1:30,8178,3218,856,3032,100,312,1052,152,598,0,0,116,0,0,2,1468,208,8178
20240702,2:00,8096,3218,856,2942,96,318,1056,148,600,0,0,120,0,0,2,1468,208,8096
20240702,2:30,8138,3218,826,3010,96,308,1076,152,600,0,0,130,0,0,2,1488,208,8138
20240702,3:00,8254,3220,832,3024,96,322,1066,148,598,0,0,130,0,0,2,1392,208,8254
20240702,3:30,8446,3220,856,3242,96,304,1072,152,606,0,0,128,0,0,2,1440,208,8446
20240702,4:00,8656,3218,890,3448,96,324,1066,148,592,0,0,136,0,0,2,1472,208,8656
20240702,4:30,8840,3214,878,3552,96,302,1048,152,598,0,0,138,0,0,2,1348,208,8840
20240702,5:00,9052,3220,982,3734,98,326,1052,148,584,0,0,150,0,0,2,1452,208,9052
20240702,5:30,9140,3218,878,3974,100,302,1050,152,602,3,0,159,0,0,2,1508,208,9140
20240702,6:00,9056,3218,798,3804,100,326,1048,148,594,43,0,155,0,0,2,1388,208,9056
20240702,6:30,9004,3214,852,3640,104,314,1072,152,592,192,0,158,0,0,2,1496,208,9004
20240702,7:00,9126,3216,796,3562,106,314,1074,148,594,450,0,160,0,0,2,1504,208,9126
20240702,7:30,9398,3218,840,3418,116,304,1072,152,598,830,0,152,0,0,2,1512,208,9398
20240702,8:00,9806,3220,856,3408,116,326,1072,148,594,1370,0,158,0,0,2,1672,208,9806
20240702,8:30,10478,3218,938,3582,128,326,1056,152,600,1900,0,154,0,0,2,1784,206,10478
20240702,9:00,11150,3212,826,3730,132,326,1054,148,594,2372,0,142,0,0,2,1592,204,11150
20240702,9:30,11612,3216,936,3970,138,294,1036,150,594,2776,0,148,0,0,2,1852,204,11612
20240702,10:00,11820,3214,660,3914,138,314,1038,150,588,3342,0,144,0,0,2,1888,204,11820
20240702,10:30,12158,3218,710,3256,144,290,1068,152,590,4249,0,143,0,0,2,1868,204,12158
20240702,11:00,12674,3212,546,3230,136,318,1068,148,578,5069,0,147,0,-256,2,1728,204,12674
20240702,11:30,12934,3214,554,3440,138,288,1072,148,590,5637,0,139,0,-302,0,2188,204,12934
20240702,12:00,13000,3214,644,3424,138,310,1090,148,586,5859,0,135,0,-532,-2,2216,202,13000
20240702,12:30,12834,3214,556,3018,142,306,1074,150,590,6341,0,153,0,-716,0,2196,202,12834
20240702,13:00,12684,3216,634,3154,136,308,1076,146,580,6397,0,159,0,-998,-4,2324,204,12684
20240702,13:30,12840,3218,622,3536,142,294,1070,150,590,6327,0,169,0,-748,4,2736,202,12840
20240702,14:00,13128,3216,654,3420,138,314,1072,146,582,6275,0,161,0,-306,-4,2744,204,13128
20240702,14:30,13174,3218,678,3320,144,304,1096,150,584,6157,0,163,0,-164,6,2684,202,13174
20240702,15:00,13158,3214,674,3702,142,326,1100,146,584,5699,0,161,0,2,-4,2792,204,13158
20240702,15:30,13236,3220,736,3758,150,322,1130,150,590,5540,0,166,0,0,0,2728,202,13236
20240702,16:00,13044,3214,1052,3922,150,392,1136,148,578,4846,0,170,0,0,0,2768,204,13044
20240702,16:30,13136,3218,1292,4254,156,408,1146,150,592,4180,0,154,0,0,0,2616,202,13136
20240702,17:00,13154,3212,1594,4638,154,426,1146,148,584,3526,0,140,0,0,-2,2616,204,13154
20240702,17:30,13086,3216,1944,4686,156,444,1152,150,596,2630,0,142,0,0,4,2240,206,13086
20240702,18:00,13024,3212,2258,4672,160,458,1164,148,582,1756,0,132,0,0,4,1728,206,13024
20240702,18:30,12794,3212,2390,4684,166,446,1184,150,592,987,0,133,0,120,2,1480,208,12794
20240702,19:00,12600,3214,2434,4652,170,448,1192,148,580,367,0,131,0,546,-4,1488,210,12600
20240702,19:30,12518,3220,2390,4682,166,452,1204,152,596,50,0,134,0,568,6,1312,210,12518
20240702,20:00,12254,3216,2000,4688,164,460,1210,148,586,0,0,124,0,530,-2,1080,210,12254
20240702,20:30,11934,3218,1806,4660,158,454,1192,152,590,0,0,138,0,462,0,1104,208,11934
20240702,21:00,11602,3214,1756,4636,154,452,1194,148,590,0,0,140,0,202,4,1096,208,11602
20240702,21:30,11278,3220,1828,4482,148,442,1190,152,592,0,0,144,0,20,-4,1144,208,11278
20240702,22:00,10902,3216,1600,4296,144,460,1194,148,586,0,0,146,0,0,2,1096,206,10902
20240702,22:30,10720,3220,1600,4248,136,440,1232,152,590,0,0,150,0,0,-2,1252,206,10720
20240702,23:00,10420,3214,1162,4494,134,400,1240,148,598,0,0,158,0,0,0,1336,208,10420
20240702,23:30,10188,3216,1190,4274,126,312,1238,152,600,0,0,156,0,0,0,1284,208,10188
20240702,24:00,9756,3216,1066,3892,114,324,1240,148,590,0,0,150,0,0,-4,1188,208,9756
20240703,0:30,9360,3218,1112,3856,110,312,1234,152,602,0,0,164,0,0,0,1608,208,9360
20240703,1:00,8988,3218,968,3702,108,318,1230,148,600,0,0,170,0,0,-6,1676,208,8988
20240703,1:30,8726,3222,1026,3310,106,306,1234,152,600,0,0,172,0,0,2,1612,208,8726
20240703,2:00,8576,3214,932,3284,98,318,1230,148,600,0,0,170,0,0,-8,1620,210,8576
20240703,2:30,8612,3222,978,3218,102,312,1254,152,598,0,0,174,0,0,2,1608,208,8612
20240703,3:00,8688,3220,916,3282,100,322,1252,148,594,0,0,182,0,0,0,1536,208,8688
20240703,3:30,8800,3218,936,3428,102,312,1252,152,600,0,0,182,0,0,-6,1584,208,8800
20240703,4:00,9008,3220,914,3730,100,318,1254,148,606,0,0,192,0,0,-2,1680,208,9008
20240703,4:30,9122,3212,918,3922,102,306,1214,152,608,0,0,184,0,0,4,1708,208,9122
20240703,5:00,9364,3218,910,4038,104,322,1204,148,602,0,0,182,0,0,-4,1568,208,9364
20240703,5:30,9408,3214,994,4172,106,300,1208,152,606,2,0,172,0,0,2,1728,208,9408
20240703,6:00,9302,3220,920,4152,104,324,1204,148,600,112,0,170,0,0,0,1860,208,9302
20240703,6:30,9318,3218,1006,3754,112,300,1228,152,608,450,0,172,0,0,2,1892,208,9318
20240703,7:00,9420,3216,868,3286,114,326,1226,148,604,928,0,166,0,0,6,1676,208,9420
20240703,7:30,9778,3216,908,3248,122,306,1230,150,600,1636,0,162,0,0,-4,2004,208,9778
20240703,8:00,10150,3224,892,3078,122,318,1228,150,594,2348,0,140,0,0,0,2152,208,10150
20240703,8:30,11062,3220,932,3332,136,308,1218,150,590,3276,0,130,0,0,4,2440,206,11062
20240703,9:00,11756,3216,864,3582,140,314,1214,150,602,3940,0,122,0,0,-2,2592,206,11756
20240703,9:30,12444,3218,626,3696,144,294,1216,150,598,4817,0,131,0,0,6,2656,204,12444
20240703,10:00,13006,3218,488,3566,146,310,1220,148,586,5773,0,137,0,0,-16,2772,202,13006
20240703,10:30,13450,3216,506,3164,142,306,1244,150,594,6437,0,131,0,0,2,2644,202,13450
20240703,11:00,13532,3214,622,2836,148,328,1242,146,582,6819,0,135,0,-218,-4,2520,202,13532
20240703,11:30,14020,3218,568,2642,148,312,1226,148,590,7498,0,128,0,-238,2,2424,202,14020
20240703,12:00,14080,3212,522,2504,146,324,1220,148,592,7606,0,130,0,-298,-8,2220,202,14080
20240703,12:30,14088,3216,526,2400,148,314,1248,148,592,7788,0,122,0,-774,-14,1828,202,14088
20240703,13:00,13840,3216,564,2498,148,316,1242,146,588,7508,0,116,0,-802,0,1904,204,13840
20240703,13:30,13952,3214,728,3154,150,308,1230,148,590,7314,0,120,0,-626,12,2592,202,13952
20240703,14:00,14208,3212,608,3430,150,322,1224,146,578,7290,0,120,0,-340,-10,2724,202,14208
20240703,14:30,14194,3214,624,3340,154,358,1244,148,586,7062,0,118,0,-132,0,2724,202,14194
20240703,15:00,14134,3216,694,3694,154,364,1242,146,576,6484,0,118,0,2,6,2764,202,14134
20240703,15:30,14160,3216,808,4048,154,374,1246,148,588,6059,0,113,0,0,-4,2792,202,14160
20240703,16:00,14242,3218,1070,4514,156,402,1240,148,574,5347,0,109,0,0,2,2740,202,14242
20240703,16:30,14294,3210,1542,4632,160,416,1226,148,588,4547,0,93,0,0,2,2472,202,14294
20240703,17:00,14170,3216,2104,4796,160,456,1220,148,580,3635,0,101,0,0,-2,2448,204,14170
20240703,17:30,13764,3208,2410,4802,164,426,1246,150,598,2621,0,103,0,62,8,2240,206,13764
20240703,18:00,13656,3212,2578,4796,160,450,1242,146,578,1717,0,103,0,852,16,2400,206,13656
20240703,18:30,13574,3214,2802,4796,168,416,1274,150,588,971,0,115,0,898,10,2036,208,13574
20240703,19:00,13280,3212,2722,4798,166,440,1274,148,586,359,0,109,0,1032,0,1776,210,13280
20240703,19:30,13086,3212,2564,4804,164,450,1274,150,588,67,0,115,0,1126,2,1640,210,13086
20240703,20:00,12896,3214,2550,4802,162,466,1272,148,582,0,0,112,0,928,0,1548,208,12896
20240703,20:30,12472,3216,2440,4806,158,466,1256,150,586,0,0,108,0,312,0,1232,206,12472
20240703,21:00,12166,3216,2302,4800,152,476,1252,148,586,0,0,104,0,56,-4,1128,206,12166
20240703,21:30,11730,3216,1986,4806,148,456,1250,150,592,0,0,114,0,0,-2,1192,206,11730
20240703,22:00,11360,3218,1716,4804,138,474,1246,148,576,0,0,118,0,0,0,1284,206,11360
20240703,22:30,11138,3216,1434,4748,132,462,1268,150,588,0,0,116,0,0,2,1184,206,11138
20240703,23:00,10778,3216,1086,4714,126,430,1270,150,584,0,0,100,0,0,-4,1100,206,10778
20240703,23:30,10532,3212,1312,4548,120,356,1268,150,594,0,0,110,0,0,0,1344,206,10532
20240703,24:00,10136,3218,1110,4266,112,330,1268,150,596,0,0,118,0,0,-4,1236,208,10136
20240704,0:30,9656,3216,986,3928,108,320,1232,150,598,0,0,114,0,0,-4,1200,208,9656
20240704,1:00,9270,3216,968,3582,102,328,1222,150,594,0,0,122,0,0,-20,1204,210,9270
20240704,1:30,8948,3218,592,3738,100,320,1224,152,596,0,0,114,0,0,-22,1292,208,8948
20240704,2:00,8796,3214,656,3530,96,328,1222,148,590,0,0,120,0,0,2,1320,210,8796
20240704,2:30,8746,3218,608,3674,96,322,1242,152,596,0,0,108,0,0,2,1480,208,8746
20240704,3:00,8842,3216,646,3696,94,326,1242,148,598,0,0,106,0,0,0,1440,210,8842
20240704,3:30,8964,3220,660,3874,94,322,1264,152,600,0,0,98,0,0,0,1528,208,8964
20240704,4:00,9142,3214,662,4072,92,326,1270,148,596,0,0,100,0,0,0,1548,210,9142
20240704,4:30,9250,3210,662,4282,96,326,1250,152,598,0,0,98,0,0,-4,1628,208,9250
20240704,5:00,9420,3214,752,4388,96,324,1246,150,596,0,0,100,0,0,0,1656,210,9420
20240704,5:30,9508,3210,826,4406,102,318,1246,152,600,0,0,106,0,0,2,1668,208,9508
20240704,6:00,9472,3214,790,4344,100,336,1246,150,588,86,0,88,0,0,-4,1676,210,9472
20240704,6:30,9556,3210,662,4192,106,340,1268,152,604,436,0,82,0,0,4,1708,208,9556
20240704,7:00,9686,3214,518,3884,110,364,1270,148,592,982,0,74,0,0,8,1688,210,9686
20240704,7:30,9972,3216,568,3656,116,356,1250,152,600,1682,0,70,0,0,-2,1900,208,9972
20240704,8:00,10438,3214,544,3750,118,348,1248,148,590,2390,0,70,0,0,4,2192,206,10438
20240704,8:30,11298,3214,692,3896,134,340,1218,152,588,3154,0,74,0,0,4,2376,208,11298
20240704,9:00,12228,3212,634,3916,136,332,1212,148,582,4070,0,68,0,0,2,2292,208,12228
20240704,9:30,12808,3214,854,4210,146,324,1210,150,586,4490,0,72,0,0,4,2660,208,12808
20240704,10:00,13288,3212,788,4294,146,326,1206,150,576,5002,0,78,0,0,-4,2696,210,13288
20240704,10:30,13504,3216,622,4284,146,314,1228,150,590,5520,0,70,0,-186,-6,2652,208,13504
20240704,11:00,13612,3214,628,4020,148,324,1226,150,582,5712,0,68,0,-538,0,2132,210,13612
20240704,11:30,13806,3208,670,4282,148,326,1234,150,590,6058,0,76,0,-768,0,2376,208,13806
20240704,12:00,13808,3214,630,3878,148,326,1238,148,588,6256,0,76,0,-948,-4,1952,210,13808
20240704,12:30,13562,3212,598,3698,150,310,1222,150,590,6584,0,80,0,-1098,-6,2136,208,13562
20240704,13:00,13554,3212,756,3724,148,338,1210,150,580,6686,0,82,0,-1076,-2,2464,210,13554
20240704,13:30,13724,3212,610,4234,150,314,1218,150,584,6590,0,88,0,-934,4,2704,208,13724
20240704,14:00,13950,3214,706,4296,150,324,1208,148,580,6630,0,76,0,-808,0,2784,210,13950
20240704,14:30,13962,3212,726,4250,150,326,1238,150,580,6476,0,82,0,-702,2,2736,208,13962
20240704,15:00,14162,3212,722,4342,148,328,1228,148,576,6360,0,82,0,-508,-4,2680,208,14162
20240704,15:30,14008,3216,760,4252,154,378,1254,150,588,5886,0,84,0,-224,2,2696,204,14008
20240704,16:00,14160,3208,860,4688,152,452,1254,148,576,5246,0,92,0,2,0,2720,202,14160
20240704,16:30,14000,3214,1356,4792,158,432,1238,152,592,4440,0,88,0,0,4,2668,202,14000
20240704,17:00,14080,3214,2012,4790,162,442,1232,146,582,3778,0,88,0,64,2,2636,204,14080
20240704,17:30,13956,3214,2364,4776,160,434,1234,150,592,2921,0,85,0,298,12,2488,204,13956
20240704,18:00,13680,3212,2412,4798,164,444,1226,148,586,1863,0,77,0,812,4,2272,206,13680
20240704,18:30,13702,3214,2422,4798,166,434,1260,152,596,1074,0,74,0,1106,6,1808,208,13702
20240704,19:00,13266,3214,2436,4796,166,438,1256,148,588,386,0,80,0,1198,-2,1648,210,13266
20240704,19:30,12968,3214,2416,4796,164,434,1258,152,594,62,0,90,0,1174,4,1600,210,12968
20240704,20:00,12662,3212,2428,4798,160,446,1256,148,582,0,0,94,0,1040,0,1712,210,12662
20240704,20:30,12356,3208,2410,4796,158,454,1236,152,578,0,0,98,0,600,4,1544,206,12356
20240704,21:00,11960,3210,2390,4792,150,460,1234,148,562,0,0,102,0,304,2,1600,206,11960
20240704,21:30,11606,3214,2064,4782,148,462,1230,152,570,0,0,114,0,36,-2,1368,204,11606
20240704,22:00,11154,3214,1618,4784,136,452,1236,148,560,0,0,122,0,0,2,1324,206,11154
20240704,22:30,10984,3214,1430,4796,130,404,1254,152,566,0,0,132,0,0,2,1300,204,10984
20240704,23:00,10738,3216,1198,4720,124,362,1250,148,564,0,0,136,0,0,10,1196,206,10738
20240704,23:30,10466,3216,1416,4412,118,342,1232,152,566,0,0,134,0,0,24,1352,206,10466
20240704,24:00,10044,3212,984,4358,110,348,1228,148,552,0,0,122,0,0,8,1232,206,10044
20240705,0:30,9560,3214,916,4104,106,338,1208,152,546,0,0,116,0,0,-10,1336,206,9560
20240705,1:00,9196,3208,932,3746,100,344,1206,148,548,0,0,126,0,0,-16,1352,206,9196
20240705,1:30,8902,3210,926,3584,100,326,1206,152,544,0,0,132,0,0,-20,1464,206,8902
20240705,2:00,8778,3212,840,3538,98,342,1192,148,548,0,0,134,0,0,-24,1456,206,8778
20240705,2:30,8764,3210,830,3662,96,322,1220,152,552,0,0,152,0,0,-22,1616,206,8764
20240705,3:00,8832,3208,836,3744,92,342,1220,148,540,0,0,154,0,0,-10,1648,206,8832
20240705,3:30,8970,3214,876,3810,94,328,1242,152,552,0,0,148,0,0,-12,1640,206,8970
20240705,4:00,9118,3212,984,3898,94,344,1244,148,538,0,0,150,0,0,0,1700,206,9118
20240705,4:30,9182,3206,960,4038,96,322,1230,152,546,0,0,162,0,0,-4,1732,206,9182
20240705,5:00,9442,3210,1012,4180,96,326,1224,148,538,0,0,154,0,0,4,1656,206,9442
20240705,5:30,9512,3210,970,4250,100,322,1226,152,542,2,0,148,0,0,0,1616,206,9512
20240705,6:00,9488,3206,950,4126,102,330,1220,148,540,112,0,148,0,0,4,1604,206,9488
20240705,6:30,9614,3210,904,3868,106,312,1244,152,552,553,0,141,0,0,6,1640,206,9614
20240705,7:00,9720,3208,792,3612,104,340,1234,148,546,1127,0,127,0,0,4,1728,206,9720
20240705,7:30,10110,3216,764,3310,114,326,1218,152,550,1947,0,125,0,0,-2,1816,206,10110
20240705,8:00,10662,3214,740,3180,122,326,1214,148,544,2759,0,115,0,0,0,1904,204,10662
20240705,8:30,11520,3214,814,3412,134,316,1184,150,546,3481,0,127,0,0,-2,2060,204,11520
20240705,9:00,12388,3212,760,3644,138,314,1178,148,530,4217,0,141,0,0,-4,2096,206,12388
20240705,9:30,12956,3218,602,3376,144,316,1178,150,540,5053,0,149,0,0,-2,1972,204,12956
20240705,10:00,13266,3212,498,3078,146,330,1174,148,532,5743,0,159,0,-96,2,1864,204,13266
20240705,10:30,13550,3214,616,3170,144,314,1196,150,534,6341,0,137,0,-278,0,2192,204,13550
20240705,11:00,13992,3210,534,3036,144,334,1190,146,530,6703,0,145,0,-578,-6,1600,204,13992
20240705,11:30,14218,3214,544,2678,150,328,1194,150,538,7087,0,153,0,-1050,0,972,204,14218
20240705,12:00,14388,3210,570,2672,146,338,1194,146,536,7255,0,143,0,-1050,4,980,204,14388
20240705,12:30,14042,3214,574,2802,154,320,1156,150,542,6849,0,159,0,-1098,0,984,204,14042
20240705,13:00,13866,3210,584,2952,146,332,1148,146,530,6613,0,153,0,-1018,2,1136,204,13866
20240705,13:30,14224,3206,542,3258,150,316,1150,148,542,6515,0,155,0,-1078,0,884,204,14224
20240705,14:00,14062,3208,622,3230,150,332,1150,148,524,6065,0,151,0,-816,0,904,202,14062
20240705,14:30,14214,3210,578,3518,154,314,1162,148,534,5617,0,139,0,-294,4,1072,202,14214
20240705,15:00,14222,3206,646,3662,154,346,1154,148,534,5119,0,129,0,2,-2,1080,204,14222
20240705,15:30,14010,3204,850,4338,156,372,1156,150,540,4497,0,129,0,0,4,1588,202,14010
20240705,16:00,14114,3210,1450,4568,156,436,1150,148,530,3931,0,121,0,0,-2,1788,204,14114
20240705,16:30,14088,3210,1956,4772,164,438,1192,150,542,3297,0,113,0,18,8,1976,204,14088
20240705,17:00,14060,3206,2338,4792,160,476,1204,146,534,2597,0,101,0,368,-4,2064,206,14060
20240705,17:30,13776,3208,2450,4794,164,464,1208,150,544,1953,0,101,0,662,8,2136,206,13776
20240705,18:00,13560,3208,2472,4768,164,476,1204,146,538,1331,0,101,0,832,-2,1884,206,13560
20240705,18:30,13422,3206,2436,4798,166,468,1234,150,540,741,0,101,0,1250,2,1880,210,13422
20240705,19:00,13138,3210,2442,4800,166,480,1230,148,538,261,0,103,0,1394,0,1844,210,13138
20240705,19:30,12930,3208,2458,4804,164,480,1230,150,542,35,0,101,0,1312,0,1764,210,12930
20240705,20:00,12690,3208,2462,4808,162,482,1226,148,538,0,0,94,0,1026,2,1672,206,12690
20240705,20:30,12346,3216,2480,4806,156,468,1206,150,548,0,0,110,0,658,-2,1656,206,12346
20240705,21:00,12018,3214,2384,4802,154,476,1202,148,530,0,0,104,0,408,0,1608,204,12018
20240705,21:30,11742,3218,2232,4802,144,462,1198,150,544,0,0,118,0,404,6,1740,204,11742
20240705,22:00,11260,3218,2098,4806,140,472,1196,148,534,0,0,116,0,122,-2,1792,204,11260
20240705,22:30,11036,3214,1970,4594,132,438,1220,150,540,0,0,108,0,10,0,1544,204,11036
20240705,23:00,10692,3216,1862,4338,124,398,1212,148,534,0,0,104,0,0,8,1456,204,10692
20240705,23:30,10540,3214,1654,4326,118,350,1194,150,542,0,0,102,0,0,10,1324,204,10540
20240705,24:00,10100,3214,1282,4314,112,368,1188,148,542,0,0,92,0,0,8,1372,204,10100
20240706,0:30,9714,3214,1232,3878,110,356,1150,150,548,0,0,86,0,0,12,1216,194,9714
20240706,1:00,9340,3210,1128,3722,102,368,1136,148,548,0,0,74,0,0,2,1288,190,9340
20240706,1:30,9046,3212,1034,3394,100,362,1136,150,552,0,0,76,0,0,-8,1152,190,9046
20240706,2:00,8886,3210,1062,3380,100,366,1132,148,552,0,0,64,0,0,-8,1312,192,8886
20240706,2:30,8792,3214,918,3376,98,352,1154,150,558,0,0,70,0,0,-16,1272,190,8792
20240706,3:00,8846,3212,974,3348,96,366,1154,148,548,0,0,76,0,0,-12,1256,192,8846
20240706,3:30,8936,3212,1048,3628,96,352,1180,150,556,0,0,70,0,0,-14,1532,190,8936
20240706,4:00,9108,3214,1094,3726,96,374,1190,148,550,0,0,62,0,0,-10,1528,192,9108
20240706,4:30,9160,3208,1120,3706,98,358,1172,150,562,0,0,76,0,0,-4,1476,190,9160
20240706,5:00,9266,3206,1102,3644,98,368,1180,148,552,0,0,90,0,128,2,1444,192,9266
20240706,5:30,9336,3204,902,3472,102,362,1172,152,556,0,0,106,0,494,0,1376,190,9336
20240706,6:00,9172,3210,1120,2982,98,374,1172,148,548,105,0,103,0,564,-4,1440,192,9172
20240706,6:30,9144,3210,1030,2542,104,358,1192,152,556,533,0,97,0,732,-4,1548,190,9144
20240706,7:00,9146,3208,898,2002,104,372,1188,148,546,1209,0,89,0,346,0,1156,192,9146
20240706,7:30,9326,3214,1014,1836,110,360,1182,152,556,2131,0,81,0,76,-8,1568,190,9326
20240706,8:00,9638,3216,646,1682,108,374,1186,148,544,3047,0,89,0,-2,0,1592,192,9638
20240706,8:30,10278,3214,510,1444,120,338,1168,152,548,4094,0,90,0,0,-6,1584,190,10278
20240706,9:00,10828,3218,494,1426,122,338,1160,148,540,4922,0,92,0,0,0,1824,192,10828
20240706,9:30,11342,3216,500,1356,128,312,1148,150,546,5693,0,101,0,0,-6,1992,190,11342
20240706,10:00,11928,3214,474,1310,124,338,1076,148,532,6501,0,109,0,0,-8,2080,190,11928
20240706,10:30,12222,3214,492,1310,128,328,1062,150,540,7102,0,118,0,-294,2,2120,190,12222
20240706,11:00,12572,3214,460,1312,128,326,1060,146,542,7626,0,114,0,-564,-10,1972,190,12572
20240706,11:30,12652,3212,562,1380,132,320,1058,150,550,7835,0,127,0,-830,6,2040,190,12652
20240706,12:00,12992,3212,550,1484,136,340,1054,146,536,8155,0,131,0,-812,10,2140,190,12992
20240706,12:30,12962,3208,536,1438,140,328,1026,148,548,8229,0,133,0,-786,0,2176,190,12962
20240706,13:00,12580,3214,454,1280,136,344,1014,148,540,7887,0,123,0,-514,0,2236,190,12580
20240706,13:30,12948,3210,526,1348,140,336,1026,148,546,7917,0,127,0,-512,2,2056,190,12948
20240706,14:00,12868,3208,530,1408,136,348,1004,146,540,7639,0,129,0,-448,2,1964,190,12868
20240706,14:30,12798,3210,544,1692,140,336,1018,146,544,7329,0,133,0,-254,-2,2228,190,12798
20240706,15:00,12822,3208,704,1812,142,332,1088,146,538,6943,0,149,0,-248,2,2184,190,12822
20240706,15:30,12958,3202,760,2154,144,332,1130,148,542,6559,0,163,0,-202,4,2168,190,12958
20240706,16:00,13026,3206,932,2384,146,368,1138,144,540,5849,0,149,0,34,10,2064,190,13026
20240706,16:30,13104,3206,1190,2992,152,424,1172,148,550,4969,0,149,0,176,2,2216,190,13104
20240706,17:00,13018,3206,1554,3606,154,422,1188,146,538,3923,0,143,0,68,0,2120,190,13018
20240706,17:30,12946,3204,1852,3976,160,434,1186,148,550,2789,0,141,0,54,6,1744,190,12946
20240706,18:00,13002,3206,1826,3972,162,480,1186,148,536,1901,0,137,0,398,2,1144,192,13002
20240706,18:30,12934,3202,1878,4056,166,472,1204,150,546,1107,0,131,0,836,0,1008,194,12934
20240706,19:00,12772,3208,1958,4070,166,480,1206,146,546,401,0,119,0,1052,2,776,194,12772
20240706,19:30,12512,3204,2022,4092,166,464,1200,150,552,61,0,111,0,942,6,652,194,12512
20240706,20:00,12338,3212,2034,4090,160,490,1200,146,542,0,0,104,0,950,-2,784,196,12338
20240706,20:30,11974,3216,2022,4090,158,468,1180,150,552,0,0,102,0,622,-2,776,192,11974
20240706,21:00,11646,3218,1892,4080,156,484,1176,148,542,0,0,118,0,532,0,892,192,11646
20240706,21:30,11344,3216,1800,4012,148,474,1152,150,550,0,0,134,0,276,4,764,192,11344
20240706,22:00,10956,3220,1680,4012,144,480,1154,148,544,0,0,144,0,266,2,1028,190,10956
20240706,22:30,10738,3220,1694,4014,136,438,1138,150,548,0,0,152,0,202,0,1144,190,10738
20240706,23:00,10440,3220,1628,3690,124,382,1126,148,548,0,0,134,0,78,2,832,192,10440
20240706,23:30,10256,3214,1840,3302,122,344,1124,150,562,0,0,148,0,110,6,856,190,10256
20240706,24:00,9820,3216,1440,3224,112,360,1122,148,544,0,0,130,0,50,-6,712,192,9820
20240707,0:30,9388,3218,1326,3338,112,342,994,152,556,0,0,132,0,0,-18,952,188,9388
20240707,1:00,9028,3212,1232,3164,104,354,926,148,552,0,0,128,0,0,-24,956,188,9028
20240707,1:30,8768,3212,1168,3024,104,342,920,150,560,0,0,128,0,0,-8,1020,188,8768
20240707,2:00,8548,3212,1136,2896,98,352,902,150,550,0,0,126,0,0,-2,1060,188,8548
20240707,2:30,8488,3210,1142,2884,100,346,944,150,558,0,0,142,0,0,4,1180,188,8488
20240707,3:00,8570,3206,1074,2962,98,358,972,150,550,0,0,148,0,0,4,1140,188,8570
20240707,3:30,8596,3210,860,3002,98,344,1082,152,558,0,0,140,0,178,0,1216,188,8596
20240707,4:00,8786,3212,942,2918,98,358,1130,148,548,0,0,126,0,244,-6,1120,188,8786
20240707,4:30,8812,3206,1008,2942,100,342,1122,152,556,0,0,120,0,384,4,1312,188,8812
20240707,5:00,8958,3204,968,3046,98,364,1110,148,546,0,0,116,0,418,0,1248,188,8958
20240707,5:30,9034,3210,990,3174,100,346,1098,148,540,0,0,122,0,512,2,1392,184,9034
20240707,6:00,8964,3206,862,3026,104,346,1118,150,558,95,0,127,0,356,4,1176,188,8964
20240707,6:30,8896,3210,946,2634,104,340,1110,150,558,515,0,121,0,134,-2,1112,188,8896
20240707,7:00,8734,3210,924,2108,104,358,1102,150,544,1095,0,107,0,0,-4,1152,188,8734
20240707,7:30,8976,3216,1138,1650,110,316,1018,150,558,1994,0,110,0,0,0,1472,188,8976
20240707,8:00,9376,3216,742,1456,110,316,924,150,540,3030,0,112,0,-92,-12,1304,188,9376
20240707,8:30,9586,3214,848,1322,116,292,854,150,534,3839,0,121,0,-662,10,1240,188,9586
20240707,9:00,10048,3210,744,1216,120,272,838,148,480,4627,0,129,0,-516,0,1408,188,10048
20240707,9:30,10770,3216,676,1206,124,246,824,150,434,5536,0,120,0,-506,-4,1440,188,10770
20240707,10:00,11270,3214,612,1112,124,264,810,148,424,6242,0,118,0,-504,-2,1480,188,11270
20240707,10:30,11570,3214,686,1118,128,242,786,150,438,6867,0,135,0,-510,0,1872,188,11570
20240707,11:00,11960,3210,508,1114,126,254,754,146,426,7513,0,145,0,-650,-6,1768,188,11960
20240707,11:30,12068,3212,736,1114,128,238,744,148,434,7674,0,150,0,-1066,0,1632,188,12068
20240707,12:00,12112,3210,562,1218,128,252,730,148,462,7720,0,150,0,-1170,2,1488,188,12112
20240707,12:30,12332,3214,532,1428,134,238,686,148,522,7923,0,159,0,-1326,-2,1512,188,12332
20240707,13:00,12312,3210,516,1484,130,260,672,146,528,7899,0,153,0,-1374,-4,1496,188,12312
20240707,13:30,12398,3208,538,1644,134,254,672,148,536,7717,0,143,0,-1296,-4,1484,188,12398
20240707,14:00,12222,3210,652,1752,136,264,664,144,536,7497,0,139,0,-1614,2,1348,188,12222
20240707,14:30,12104,3210,716,2110,138,278,694,148,540,7045,0,135,0,-1620,-2,1476,188,12104
20240707,15:00,12056,3208,610,2356,138,304,696,144,542,6607,0,121,0,-1700,-2,1156,188,12056
20240707,15:30,12038,3210,620,2090,142,316,802,148,540,6216,0,122,0,-1758,-10,588,188,12038
20240707,16:00,12204,3206,848,2326,144,308,902,146,548,5656,0,114,0,-1378,8,812,188,12204
20240707,16:30,12186,3212,1138,2784,146,306,1060,148,548,4682,0,132,0,-1416,-14,728,188,12186
20240707,17:00,12200,3210,1454,3626,154,324,1120,148,542,3756,0,124,0,-510,6,1944,190,12200
20240707,17:30,12500,3204,1608,4204,156,328,1136,150,546,2827,0,117,0,-272,-6,1688,190,12500
20240707,18:00,12784,3200,2244,4550,160,416,1132,146,544,1877,0,113,0,22,10,1824,194,12784
20240707,18:30,12788,3208,2232,4716,166,446,1164,150,550,1040,0,108,0,534,12,1732,194,12788
20240707,19:00,12534,3206,2290,4748,166,454,1162,148,542,320,0,92,0,684,8,1480,194,12534
20240707,19:30,12320,3208,2304,4744,164,442,1162,150,552,46,0,102,0,700,16,1464,194,12320
20240707,20:00,12052,3208,2298,4752,160,462,1154,148,546,0,0,100,0,424,-2,1392,194,12052
20240707,20:30,11846,3210,2270,4752,158,458,1108,150,550,0,0,108,0,274,-2,1384,194,11846
20240707,21:00,11562,3212,2176,4748,154,466,1088,148,544,0,0,114,0,110,2,1392,192,11562
20240707,21:30,11278,3218,1994,4750,150,458,1090,150,550,0,0,112,0,0,-2,1384,192,11278
20240707,22:00,10848,3216,1446,4540,140,468,1040,148,548,0,0,120,0,0,2,1012,192,10848
20240707,22:30,10574,3218,1660,4398,136,428,1044,150,554,0,0,130,0,0,-4,1332,192,10574
20240707,23:00,10248,3214,1306,4380,130,390,1034,148,546,0,0,130,0,0,0,1224,194,10248
20240707,23:30,9988,3216,1196,4356,122,328,1034,150,554,0,0,126,0,0,-2,1284,192,9988
20240707,24:00,9586,3216,1136,3964,112,338,1034,148,552,0,0,122,0,0,-2,1228,194,9586
20240708,0:30,9250,3212,1044,3846,110,326,856,150,564,0,0,120,0,0,2,1172,192,9250
20240708,1:00,8842,3212,776,3756,104,348,806,148,550,0,0,116,0,0,-2,1164,192,8842
20240708,1:30,8598,3212,768,3544,104,332,818,150,560,0,0,110,0,0,-4,1188,192,8598
20240708,2:00,8436,3212,906,3280,100,338,818,148,550,0,0,106,0,0,2,1216,192,8436
20240708,2:30,8398,3212,858,3258,100,328,930,150,560,0,0,108,0,0,-2,1296,192,8398
20240708,3:00,8468,3210,892,3262,96,342,1058,148,552,0,0,104,0,0,4,1392,192,8468
20240708,3:30,8604,3206,902,3348,100,330,1084,150,562,0,0,114,0,0,8,1392,192,8604
20240708,4:00,8734,3212,850,3584,98,346,1072,150,552,0,0,106,0,0,-4,1424,192,8734
20240708,4:30,8892,3208,914,3722,100,326,1064,150,558,0,0,102,0,0,0,1444,192,8892
20240708,5:00,9164,3202,880,4062,102,346,1066,150,546,0,0,96,0,0,2,1480,192,9164
20240708,5:30,9330,3206,886,4124,106,334,1066,150,550,1,0,93,0,0,-2,1376,192,9330
20240708,6:00,9346,3204,892,4126,102,334,1058,150,552,119,0,103,0,0,-6,1480,192,9346
20240708,6:30,9602,3210,742,4052,108,332,1076,150,556,584,0,104,0,0,0,1504,192,9602
20240708,7:00,9826,3206,726,3832,112,346,1074,150,540,1120,0,90,0,-28,-6,1528,192,9826
20240708,7:30,10312,3216,768,3538,120,336,1018,150,554,1883,0,95,0,-250,-12,1296,192,10312
20240708,8:00,10900,3212,684,3532,122,326,918,148,542,2757,0,93,0,-248,-2,1376,192,10900
20240708,8:30,11962,3208,742,3788,136,314,880,150,542,3681,0,99,0,-248,6,1528,192,11962
20240708,9:00,12858,3218,806,4108,140,316,772,148,540,4271,0,93,0,-82,4,1668,192,12858
20240708,9:30,13410,3214,876,4258,148,298,712,150,548,4931,0,95,0,0,10,2020,190,13410
20240708,10:00,13872,3214,1022,4304,146,344,684,146,530,5401,0,87,0,0,0,2196,190,13872
20240708,10:30,14128,3214,882,4452,150,324,702,150,544,6037,0,89,0,108,-6,2708,190,14128
20240708,11:00,14286,3214,684,4276,146,342,678,144,522,6721,0,105,0,14,-2,2744,186,14286
20240708,11:30,14914,3216,728,4404,152,330,680,150,546,7497,0,109,0,-342,2,2748,190,14914
20240708,12:00,14908,3214,686,4494,152,346,670,146,536,7619,0,107,0,-506,-14,2732,190,14908
20240708,12:30,14806,3216,732,4444,156,324,644,148,548,7703,0,105,0,-666,-22,2716,190,14806
20240708,13:00,14530,3210,838,4488,150,346,634,148,538,7451,0,109,0,-870,-20,2684,192,14530
20240708,13:30,14612,3210,970,4518,154,322,718,148,546,7153,0,103,0,-818,-10,2592,190,14612
20240708,14:00,14822,3206,1136,4488,156,350,730,146,542,7045,0,107,0,-850,0,2424,190,14822
20240708,14:30,14836,3210,1236,4548,156,364,736,148,540,6876,0,122,0,-904,2,2388,190,14836
20240708,15:00,15084,3206,1200,4546,160,430,730,144,536,6840,0,128,0,-434,0,2592,190,15084
20240708,15:30,14874,3202,1574,4618,164,414,740,146,542,6043,0,141,0,-272,0,2628,190,14874
20240708,16:00,14966,3206,2050,4652,164,466,896,146,540,5279,0,143,0,-84,2,2684,190,14966
20240708,16:30,15098,3210,2484,4664,170,492,1000,146,550,4557,0,143,0,174,-2,2680,190,15098
20240708,17:00,14918,3206,2424,4694,174,508,1062,148,540,3597,0,127,0,716,14,2484,192,14918
20240708,17:30,14698,3202,2462,4698,172,512,1116,148,548,2585,0,121,0,1472,16,2548,194,14698
20240708,18:00,14568,3202,2642,4690,172,546,1134,146,544,1653,0,111,0,1804,2,2272,194,14568
20240708,18:30,14304,3204,2848,4698,174,528,1150,150,556,872,0,118,0,1610,0,1800,196,14304
20240708,19:00,13910,3204,2830,4696,174,540,1144,146,546,284,0,114,0,1424,2,1392,198,13910
20240708,19:30,13664,3206,2854,4696,172,520,1140,150,554,50,0,120,0,1598,-2,1592,198,13664
20240708,20:00,13338,3204,2850,4680,170,548,1138,146,544,0,0,126,0,1576,0,1840,196,13338
20240708,20:30,13124,3210,2832,4690,166,514,1108,150,550,0,0,128,0,1014,4,1436,194,13124
20240708,21:00,12668,3212,2770,4660,160,532,1084,146,542,0,0,134,0,662,-6,1420,192,12668
20240708,21:30,12212,3212,2640,4658,152,504,1076,150,552,0,0,132,0,642,-2,1696,192,12212
20240708,22:00,11882,3206,2584,4656,146,528,1064,146,538,0,0,122,0,244,0,1544,192,11882
20240708,22:30,11558,3212,2500,4658,138,508,1078,150,542,0,0,126,0,88,-2,1632,192,11558
20240708,23:00,11160,3214,2004,4652,128,516,1036,148,550,0,0,132,0,-2,14,1424,192,11160
20240708,23:30,10948,3216,1868,4656,124,498,950,150,552,0,0,150,0,0,16,1424,192,10948
20240708,24:00,10436,3212,1152,4610,116,478,916,146,548,0,0,152,0,0,6,1092,192,10436
20240709,0:30,10032,3214,1240,4530,114,448,792,150,552,0,0,172,0,0,12,1384,192,10032
20240709,1:00,9652,3208,1054,4498,104,468,764,146,554,0,0,172,0,-314,-18,1176,192,9652
20240709,1:30,9310,3210,1030,4514,106,452,758,150,554,0,0,168,0,-558,-12,1256,194,9310
20240709,2:00,9170,3212,1030,4506,104,460,756,146,552,0,0,164,0,-762,-8,1184,194,9170
20240709,2:30,9108,3212,1020,4636,102,444,820,150,558,0,0,158,0,-882,-24,1280,194,9108
20240709,3:00,9088,3210,1064,4564,100,464,828,146,544,0,0,158,0,-874,-14,1296,194,9088
20240709,3:30,9164,3208,1030,4636,100,442,894,150,560,0,0,152,0,-616,-14,1572,194,9164
20240709,4:00,9286,3210,1076,4634,98,464,910,146,550,0,0,140,0,-540,-2,1592,192,9286
20240709,4:30,9312,3202,1120,4640,100,448,908,150,560,0,0,140,0,-294,0,1856,194,9312
20240709,5:00,9570,3204,1276,4648,102,464,904,146,544,0,0,134,0,-238,0,1808,194,9570
20240709,5:30,9790,3200,1500,4640,104,452,912,150,552,0,0,148,0,-242,-4,1816,194,9790
20240709,6:00,9842,3202,1398,4616,106,454,852,148,552,83,0,145,0,-240,-4,1664,194,9842
20240709,6:30,9934,3204,1094,4594,110,428,834,150,554,405,0,145,0,-256,-2,1520,194,9934
20240709,7:00,10144,3206,1112,4584,116,418,746,146,554,905,0,151,0,-576,0,1412,194,10144
20240709,7:30,10544,3208,1128,4646,124,406,748,150,562,1485,0,153,0,-800,0,1460,194,10544
20240709,8:00,10954,3206,1152,4632,128,454,742,146,542,2037,0,147,0,-896,0,1528,192,10954
20240709,8:30,11896,3212,1268,4646,142,450,682,150,550,2851,0,135,0,-840,2,1544,192,11896
20240709,9:00,12880,3208,1360,4648,146,448,826,146,542,3625,0,117,0,-730,-2,1648,194,12880
20240709,9:30,13336,3210,1308,4616,152,454,870,150,550,4445,0,107,0,-762,4,1960,192,13336
20240709,10:00,13742,3176,1132,4542,154,462,874,146,540,5371,0,109,0,-554,-6,2396,192,13742
20240709,10:30,13868,3130,1156,4474,152,454,754,150,548,6082,0,110,0,-568,6,2772,192,13868
20240709,11:00,14610,3128,1118,4612,150,458,688,146,536,6896,0,122,0,-684,0,2752,192,14610
20240709,11:30,14806,3142,1144,4642,154,466,620,148,542,7048,0,126,0,-716,2,2704,192,14806
20240709,12:00,14798,3150,1094,4636,152,488,592,146,536,7104,0,122,0,-716,-2,2696,192,14798
20240709,12:30,14956,3170,1122,4630,158,470,588,146,544,7384,0,132,0,-940,0,2640,192,14956
20240709,13:00,15144,3180,1138,4640,154,474,584,148,542,7514,0,126,0,-1198,2,2352,192,15144
20240709,13:30,14850,3198,1238,4644,158,472,630,146,544,6872,0,120,0,-776,4,2592,192,14850
20240709,14:00,15154,3208,1110,4622,154,478,790,146,538,7048,0,104,0,-554,6,2688,192,15154
20240709,14:30,15106,3206,1212,4622,160,468,850,146,538,6863,0,109,0,-550,2,2712,192,15106
20240709,15:00,14940,3206,1328,4636,160,488,868,146,536,6297,0,103,0,-334,2,2688,192,14940
20240709,15:30,14770,3202,1582,4634,166,488,928,148,546,5671,0,107,0,-198,0,2696,192,14770
20240709,16:00,14856,3204,1978,4640,164,508,998,146,538,5047,0,107,0,2,4,2672,192,14856
20240709,16:30,14968,3208,2692,4642,170,504,1020,148,548,4250,0,116,0,100,22,2644,192,14968
20240709,17:00,14668,3208,2802,4640,172,534,1036,148,544,3182,0,118,0,668,-2,2576,194,14668
20240709,17:30,14336,3200,2832,4644,172,518,1116,148,546,2300,0,110,0,1106,4,2556,196,14336
20240709,18:00,14250,3202,2936,4682,172,526,1132,150,542,1566,0,96,0,1098,2,2048,194,14250
20240709,18:30,14116,3206,3034,4694,174,516,1136,150,554,932,0,98,0,1170,4,1748,196,14116
20240709,19:00,13662,3202,2902,4692,176,530,1154,148,538,338,0,86,0,1566,0,1868,198,13662
20240709,19:30,13452,3204,2890,4664,170,510,1138,150,550,54,0,84,0,1692,24,1876,198,13452
20240709,20:00,13218,3206,2868,4660,170,498,1126,148,540,0,0,78,0,1440,-2,1712,198,13218
20240709,20:30,12948,3208,2846,4660,166,488,1082,150,548,0,0,92,0,910,2,1400,196,12948
20240709,21:00,12488,3206,2800,4654,162,498,1058,148,534,0,0,92,0,510,2,1368,192,12488
20240709,21:30,12114,3208,2700,4658,154,490,1048,150,550,0,0,94,0,276,2,1408,192,12114
20240709,22:00,11668,3208,2404,4650,144,506,1040,150,532,0,0,96,0,14,-14,1256,194,11668
20240709,22:30,11444,3210,1894,4660,140,480,1060,150,546,0,0,112,0,0,0,1000,192,11444
20240709,23:00,11064,3212,1476,4652,130,460,1018,150,544,0,0,120,0,0,4,896,194,11064
20240709,23:30,10784,3214,1564,4544,126,436,1008,150,552,0,0,132,0,0,10,1144,192,10784
20240709,24:00,10426,3210,1180,4456,118,450,1002,150,546,0,0,136,0,-46,2,972,194,10426
20240710,0:30,9878,3214,1188,4402,114,430,912,152,562,0,0,132,0,-256,-8,1160,196,9878
20240710,1:00,9464,3212,976,4556,108,442,878,148,548,0,0,134,0,-332,-20,1384,198,9464
20240710,1:30,9180,3210,1002,4560,106,424,798,154,560,0,0,144,0,-544,-22,1408,196,9180
20240710,2:00,8968,3206,1028,4556,104,450,776,146,556,0,0,146,0,-568,-22,1608,198,8968
20240710,2:30,8988,3206,1088,4560,102,428,798,152,556,0,0,144,0,-588,-14,1640,196,8988
20240710,3:00,9018,3210,1036,4542,104,446,796,148,540,0,0,146,0,-594,-10,1544,198,9018
20240710,3:30,9036,3208,984,4510,102,428,848,152,544,0,0,158,0,-306,-8,1780,196,9036
20240710,4:00,9116,3208,922,4572,100,446,890,148,534,0,0,156,0,-234,-2,1820,196,9116
20240710,4:30,9272,3198,908,4616,104,426,908,152,532,0,0,168,0,0,0,1936,196,9272
20240710,5:00,9488,3204,946,4664,104,448,936,148,516,0,0,158,0,0,-4,1832,200,9488
20240710,5:30,9706,3202,832,4666,110,432,960,152,526,0,0,180,0,0,-8,1544,198,9706
20240710,6:00,9676,3202,786,4522,108,444,1048,148,526,52,0,186,0,0,-2,1544,200,9676
20240710,6:30,9782,3200,892,4584,114,426,1064,150,532,290,0,210,0,-236,-2,1640,198,9782
20240710,7:00,9920,3204,882,4464,118,452,1062,148,508,684,0,234,0,-286,0,1748,198,9920
20240710,7:30,10266,3206,944,4520,126,430,1094,150,528,1252,0,230,0,-302,0,2108,196,10266
20240710,8:00,10816,3208,1002,4480,132,452,1092,148,508,1936,0,230,0,-334,4,2240,198,10816
20240710,8:30,11628,3206,1382,4646,142,442,1070,150,516,2338,0,234,0,-218,8,2484,196,11628
20240710,9:00,12478,3208,1536,4664,154,446,1070,146,514,2790,0,246,0,2,2,2496,196,12478
20240710,9:30,13290,3210,1954,4666,154,436,998,150,522,3288,0,258,0,0,-2,2540,196,13290
20240710,10:00,13340,3208,1992,4642,152,430,958,146,508,3382,0,272,0,120,-6,2660,196,13340
20240710,10:30,13588,3208,1442,4612,156,396,966,150,522,3962,0,280,0,22,-8,2316,196,13588
20240710,11:00,13822,3208,1682,4648,158,404,944,146,502,4062,0,258,0,-2,0,2384,196,13822
20240710,11:30,13892,3206,2070,4594,160,370,938,150,520,4120,0,240,0,0,0,2672,196,13892
20240710,12:00,13768,3208,1862,4586,156,372,942,146,512,4168,0,230,0,0,10,2620,196,13768
20240710,12:30,13730,3208,1454,4336,162,358,942,150,528,4662,0,208,0,-636,-6,1832,196,13730
20240710,13:00,13232,3202,1560,4560,164,366,956,146,518,4486,0,198,0,-816,4,2308,196,13232
20240710,13:30,13482,3206,1636,4642,168,356,994,150,536,4504,0,208,0,-406,4,2712,196,13482
20240710,14:00,13818,3204,1922,4642,166,374,1018,146,524,4202,0,212,0,-38,-2,2748,196,13818
20240710,14:30,13696,3204,1978,4640,164,374,1020,150,546,4036,0,236,0,0,0,2848,196,13696
20240710,15:00,13720,3202,2052,4646,164,402,1054,146,536,3848,0,234,0,0,0,2760,196,13720
20240710,15:30,13748,3200,2424,4692,164,388,1092,150,550,3304,0,242,0,0,6,2660,196,13748
20240710,16:00,13680,3200,2592,4688,164,466,1094,146,542,2772,0,246,0,256,-2,2680,196,13680
20240710,16:30,13738,3202,2642,4694,168,498,1084,150,550,2410,0,242,0,276,4,2380,198,13738
20240710,17:00,13548,3198,2614,4690,168,522,1100,146,540,1728,0,226,0,588,4,2176,200,13548
20240710,17:30,13318,3202,2620,4702,168,506,1132,150,554,1074,0,224,0,766,22,2004,202,13318
20240710,18:00,13114,3188,2632,4702,164,532,1132,146,548,660,0,214,0,830,24,1860,202,13114
20240710,18:30,12976,3198,2646,4702,168,528,1126,150,552,322,0,222,0,972,20,1832,202,12976
20240710,19:00,12856,3200,2656,4712,166,540,1112,146,552,110,0,236,0,1014,2,1792,202,12856
20240710,19:30,12594,3204,2646,4686,162,522,1078,146,536,17,0,233,0,798,-2,1632,200,12594
20240710,20:00,12534,3198,2660,4710,160,528,1078,148,558,0,0,220,0,530,0,1456,200,12534
20240710,20:30,12144,3206,2556,4712,158,528,1068,150,552,0,0,202,0,258,0,1444,198,12144
20240710,21:00,11862,3206,2560,4680,154,538,1066,146,546,0,0,200,0,58,-2,1488,198,11862
20240710,21:30,11512,3206,2148,4664,150,518,1064,150,552,0,0,204,0,0,-2,1340,198,11512
20240710,22:00,11166,3208,1692,4656,142,542,1058,146,540,0,0,180,0,0,0,1196,198,11166
20240710,22:30,10984,3210,1778,4656,138,470,986,150,546,0,0,196,0,0,0,1344,198,10984
20240710,23:00,10682,3206,1404,4654,126,424,960,146,546,0,0,192,0,0,4,1180,200,10682
20240710,23:30,10456,3214,1346,4654,122,396,952,150,554,0,0,196,0,0,-2,1324,198,10456
20240710,24:00,10134,3208,1124,4400,114,386,948,146,546,0,0,198,0,0,2,1136,198,10134
20240711,0:30,9768,3210,1054,4092,110,320,882,150,552,0,0,210,0,-62,-4,944,198,9768
20240711,1:00,9450,3208,1102,4202,108,324,860,146,554,0,0,206,0,-628,-10,820,198,9450
20240711,1:30,9164,3212,1098,4164,106,316,864,150,554,0,0,216,0,-896,-26,792,198,9164
20240711,2:00,8930,3206,1122,4186,102,314,842,146,550,0,0,220,0,-1116,-18,824,200,8930
20240711,2:30,8948,3210,1096,4118,102,308,862,150,556,0,0,232,0,-1182,-22,680,198,8948
20240711,3:00,8936,3204,1102,4186,100,332,858,146,546,0,0,226,0,-1388,-22,552,198,8936
20240711,3:30,9094,3204,1092,4176,102,302,892,150,560,0,0,220,0,-1116,-6,680,198,9094
20240711,4:00,9212,3208,1120,4222,100,334,900,146,548,0,0,210,0,-1082,-4,688,198,9212
20240711,4:30,9332,3200,1108,4242,102,310,902,150,560,0,0,210,0,-716,-2,932,198,9332
20240711,5:00,9550,3196,1142,4318,102,324,912,144,550,0,0,196,0,-562,6,976,198,9550
20240711,5:30,9698,3198,1128,4096,108,312,908,150,558,1,0,201,0,-338,-2,820,198,9698
20240711,6:00,9684,3198,1188,3466,106,340,910,146,548,11,0,189,0,-128,-4,484,198,9684
20240711,6:30,9770,3200,1008,3352,114,314,934,150,556,50,0,202,0,0,-12,296,198,9770
20240711,7:00,9874,3198,1182,3562,116,338,938,146,542,116,0,194,0,0,-12,644,198,9874
20240711,7:30,10162,3204,1224,3982,126,318,988,150,556,278,0,184,0,0,-2,1044,198,10162
20240711,8:00,10646,3202,1238,4436,128,336,994,146,550,444,0,192,0,0,2,1220,198,10646
20240711,8:30,11150,3204,1226,4826,140,316,1026,150,554,748,0,178,0,0,8,1424,198,11150
20240711,9:00,11678,3206,1266,4946,146,334,1044,148,538,1110,0,156,0,0,-2,1412,198,11678
20240711,9:30,12206,3206,1554,4946,154,322,1056,150,552,1664,0,138,0,0,-4,1732,200,12206
20240711,10:00,12366,3204,1774,4940,148,360,1048,148,536,1874,0,138,0,0,4,2008,200,12366
20240711,10:30,12288,3210,1712,4944,152,352,1082,152,552,2116,0,108,0,0,4,2296,200,12288
20240711,11:00,12296,3208,1310,4936,152,384,1084,148,536,2388,0,86,0,0,0,2136,200,12296
20240711,11:30,12410,3208,1198,4922,154,352,1070,152,546,2638,0,80,0,0,2,2112,200,12410
20240711,12:00,12480,3210,1152,4684,154,384,1076,148,538,2740,0,88,0,0,0,1896,202,12480
20240711,12:30,12140,3202,1158,4050,156,354,1080,152,548,2803,0,89,0,0,2,1656,202,12140
20240711,13:00,12120,3208,1298,4338,154,384,1066,148,538,2655,0,97,0,0,16,1984,202,12120
20240711,13:30,12418,3208,1524,4560,158,364,1086,150,544,2354,0,90,0,0,10,1832,202,12418
20240711,14:00,12362,3206,1640,4826,158,374,1084,148,536,1710,0,78,0,0,4,1604,202,12362
20240711,14:30,12226,3208,1704,4276,164,380,1070,150,546,1691,0,73,0,0,-2,1236,202,12226
20240711,15:00,12200,3204,1728,4436,160,416,1064,148,534,1649,0,69,0,0,0,1412,204,12200
20240711,15:30,12084,3208,1796,4606,162,420,1062,152,550,1277,0,75,0,0,10,1440,206,12084
20240711,16:00,11994,3206,1704,4322,162,472,1058,148,542,987,0,75,0,0,0,888,206,11994
20240711,16:30,12012,3210,2128,4630,166,508,1094,152,554,783,0,59,0,0,2,1480,206,12012
20240711,17:00,11876,3198,2226,4656,164,528,1098,150,544,541,0,67,0,0,0,1504,208,11876
20240711,17:30,11736,3204,2134,4666,166,512,1130,152,552,335,0,97,0,0,0,1420,208,11736
20240711,18:00,11618,3202,2456,4662,164,524,1136,148,550,169,0,101,0,0,-2,1700,208,11618
20240711,18:30,11606,3206,2606,4666,164,510,1148,150,558,102,0,122,0,0,4,1840,210,11606
20240711,19:00,11468,3202,2368,4662,164,532,1144,148,550,12,0,144,0,0,0,1668,210,11468
20240711,19:30,11314,3202,2378,4664,162,510,1128,152,562,1,0,103,0,0,2,1760,210,11314
20240711,20:00,11064,3206,1946,4660,158,530,1110,148,552,0,0,102,0,0,-2,1552,206,11064
20240711,20:30,10768,3208,1642,4662,154,500,1102,150,562,0,0,112,0,0,0,1528,204,10768
20240711,21:00,10552,3212,1394,4654,148,540,1102,150,546,0,0,112,0,0,2,1512,204,10552
20240711,21:30,10260,3212,1234,4656,144,508,1124,152,560,0,0,116,0,0,-2,1648,204,10260
20240711,22:00,9960,3208,1052,4642,138,530,1114,148,548,0,0,122,0,0,-2,1744,204,9960
20240711,22:30,9808,3212,1102,4362,132,494,1104,152,562,0,0,140,0,0,8,1664,204,9808
20240711,23:00,9612,3212,1102,4078,122,472,1100,148,550,0,0,134,0,0,6,1516,204,9612
20240711,23:30,9492,3212,1040,3952,122,454,1104,152,554,0,0,126,0,0,-2,1420,198,9492
20240711,24:00,9196,3210,1060,3634,106,424,1100,146,560,0,0,140,0,0,2,1384,198,9196
20240712,0:30,8824,3214,1050,3538,108,372,1082,152,556,0,0,136,0,0,-4,1576,196,8824
20240712,1:00,8478,3214,1046,3500,104,308,1070,150,562,0,0,146,0,0,-2,1816,196,8478
20240712,1:30,8254,3212,982,3460,104,290,1068,152,566,0,0,136,0,0,0,1912,196,8254
20240712,2:00,8168,3212,1006,3322,98,326,1066,150,552,0,0,126,0,0,2,1888,196,8168
20240712,2:30,8162,3210,978,3358,100,298,1068,152,562,0,0,118,0,0,2,1880,196,8162
20240712,3:00,8290,3214,970,3388,98,316,1068,150,552,0,0,94,0,0,0,1756,196,8290
20240712,3:30,8350,3210,1008,3504,100,298,1090,152,566,0,0,70,0,0,8,1852,196,8350
20240712,4:00,8492,3208,974,3728,98,318,1096,150,558,0,0,72,0,0,22,1928,196,8492
20240712,4:30,8630,3204,930,3984,102,298,1080,154,566,0,0,76,0,0,4,1964,196,8630
20240712,5:00,8834,3198,954,4108,100,318,1076,152,556,0,0,66,0,0,6,1896,196,8834
20240712,5:30,9038,3202,968,4330,106,324,1062,154,566,0,0,54,0,0,0,1924,196,9038
20240712,6:00,9040,3202,872,4496,104,338,1084,154,554,27,0,59,0,0,-6,2040,196,9040
20240712,6:30,8942,3202,894,4096,108,318,1082,154,570,241,0,71,0,0,2,1992,196,8942
20240712,7:00,8896,3200,902,3842,114,340,1082,154,550,569,0,77,0,0,-6,2124,196,8896
20240712,7:30,9106,3210,906,3626,120,324,1078,154,566,1063,0,79,0,0,-8,2208,196,9106
20240712,8:00,9528,3206,894,3606,124,338,1082,154,554,1603,0,49,0,0,-22,2256,196,9528
20240712,8:30,10144,3210,804,4018,136,328,1110,154,552,2147,0,45,0,0,16,2572,196,10144
20240712,9:00,10778,3204,802,4290,146,336,1114,154,550,2479,0,63,0,0,8,2564,196,10778
20240712,9:30,11298,3210,762,4650,150,336,1108,154,554,2863,0,63,0,0,-4,2744,196,11298
20240712,10:00,11538,3212,908,4442,144,368,1110,150,538,2971,0,45,0,0,2,2548,196,11538
20240712,10:30,11604,3208,788,4402,146,334,1096,154,556,3156,0,38,0,0,0,2468,194,11604
20240712,11:00,11590,3212,574,4590,142,348,1088,150,540,3360,0,30,0,0,-4,2636,196,11590
20240712,11:30,11578,3206,586,4344,146,326,1110,154,562,3830,0,26,0,0,-18,2888,194,11578
20240712,12:00,11584,3210,570,3896,146,332,1116,150,556,4204,0,12,0,0,-20,2784,196,11584
20240712,12:30,11448,3210,460,3584,150,322,1138,154,580,4381,0,9,0,-2,-4,2728,194,11448
20240712,13:00,11410,3212,540,3514,148,316,1144,150,562,4441,0,1,0,-282,-12,2520,196,11410
20240712,13:30,11858,3212,612,3756,150,298,1170,154,584,4305,0,1,0,-124,2,2456,194,11858
20240712,14:00,12046,3212,588,3908,146,320,1164,148,558,4181,0,1,0,2,-6,2372,196,12046
20240712,14:30,12152,3210,582,4228,150,324,1168,152,576,4158,0,4,0,0,-2,2592,194,12152
20240712,15:00,12210,3208,664,4086,144,352,1174,150,568,4026,0,0,0,0,-10,2348,196,12210
20240712,15:30,12274,3212,936,4240,152,376,1138,152,582,3560,0,4,0,0,12,2284,194,12274
20240712,16:00,12196,3208,946,4322,150,448,1122,148,580,3086,0,6,0,0,0,2016,196,12196
20240712,16:30,12390,3208,1012,4634,154,426,1126,152,604,2814,0,12,0,0,2,1952,198,12390
20240712,17:00,12252,3204,1224,4548,154,456,1118,148,590,2220,0,16,0,0,-4,1620,198,12252
20240712,17:30,12084,3206,1276,4984,156,428,1122,152,606,1562,0,16,0,0,2,1624,198,12084
20240712,18:00,11776,3208,1392,5126,154,456,1120,148,584,930,0,14,0,118,4,1676,198,11776
20240712,18:30,11644,3202,1378,5178,156,426,1164,152,608,520,0,16,0,178,0,1532,198,11644
20240712,19:00,11556,3198,1436,5200,154,454,1172,150,594,192,0,14,0,232,0,1440,200,11556
20240712,19:30,11424,3202,1578,5256,156,426,1168,152,606,31,0,21,0,104,6,1480,198,11424
20240712,20:00,11284,3204,1348,5158,152,452,1168,150,592,0,0,30,0,102,4,1272,196,11284
20240712,20:30,10980,3198,1288,5110,150,438,1154,152,600,0,0,24,0,106,-4,1432,196,10980
20240712,21:00,10696,3206,1126,5050,140,442,1154,150,596,0,0,22,0,36,-2,1420,196,10696
20240712,21:30,10386,3208,1170,4888,138,432,1152,152,600,0,0,24,0,0,-2,1572,196,10386
20240712,22:00,10102,3206,1220,4690,126,452,1150,150,594,0,0,22,0,0,-4,1700,196,10102
20240712,22:30,9982,3212,1308,4466,126,420,1130,152,602,0,0,16,0,0,-2,1644,196,9982
20240712,23:00,9744,3210,1184,4334,120,410,1122,150,602,0,0,10,0,0,10,1604,196,9744
20240712,23:30,9614,3210,1200,4054,118,380,1146,152,606,0,0,22,0,0,10,1480,196,9614
20240712,24:00,9278,3216,1248,3736,106,390,1148,150,600,0,0,26,0,0,6,1544,196,9278
20240713,0:30,8934,3212,1390,3432,108,346,1138,154,608,0,0,34,0,0,12,1696,196,8934
20240713,1:00,8512,3214,1196,3324,102,358,1134,150,598,0,0,40,0,0,2,1800,194,8512
20240713,1:30,8318,3210,1204,3104,100,332,1112,154,610,0,0,52,0,0,-10,1744,194,8318
20240713,2:00,8222,3216,1168,3034,94,346,1100,152,596,0,0,50,0,0,-14,1716,196,8222
20240713,2:30,8114,3214,1102,2928,96,320,1098,154,612,0,0,52,0,0,-8,1648,194,8114
20240713,3:00,8248,3214,1126,3056,94,340,1098,148,602,0,0,46,0,0,-8,1664,196,8248
20240713,3:30,8352,3212,1216,3182,98,334,1116,152,616,0,0,34,0,0,-14,1788,194,8352
20240713,4:00,8474,3208,1158,3288,96,358,1142,148,608,0,0,28,0,66,-14,1808,196,8474
20240713,4:30,8600,3206,1142,3356,96,340,1152,152,616,0,0,24,0,140,-10,1808,194,8600
20240713,5:00,8744,3208,1206,3342,96,352,1154,148,608,0,0,22,0,224,0,1812,196,8744
20240713,5:30,8852,3206,1342,3344,100,320,1136,152,616,0,0,18,0,224,0,1800,194,8852
20240713,6:00,8830,3204,1458,3104,102,340,1114,148,606,18,0,18,0,106,-8,1576,196,8830
20240713,6:30,8554,3208,1298,2568,102,318,1104,152,614,70,0,18,0,92,0,1184,194,8554
20240713,7:00,8368,3206,1352,2300,104,336,1104,148,608,130,0,16,0,0,4,1136,196,8368
20240713,7:30,8512,3210,1300,2368,110,292,1104,152,618,252,0,22,0,0,2,1112,194,8512
20240713,8:00,8776,3208,1182,2338,112,288,1104,148,602,484,0,16,0,0,2,904,196,8776
20240713,8:30,9120,3206,1174,2524,124,264,1124,152,610,812,0,30,0,0,2,1096,194,9120
20240713,9:00,9498,3206,890,2430,132,260,1120,148,602,1068,0,36,0,0,-22,568,196,9498
20240713,9:30,9970,3210,826,2378,136,238,1124,152,616,1498,0,36,0,0,-6,432,194,9970
20240713,10:00,10252,3206,1180,2692,132,256,1122,148,598,1804,0,34,0,80,-4,1192,196,10252
20240713,10:30,10484,3206,1082,2856,136,234,1108,152,614,2266,0,24,0,64,2,1456,196,10484
20240713,11:00,10218,3212,860,2708,136,260,1104,148,600,2528,0,26,0,0,0,1560,196,10218
20240713,11:30,10500,3212,828,2562,138,232,1108,152,616,3230,0,40,0,-140,2,1676,196,10500
20240713,12:00,10422,3208,840,2480,138,262,1040,148,602,3398,0,48,0,-238,0,1700,196,10422
20240713,12:30,10522,3212,828,2304,142,236,1028,152,620,3568,0,60,0,-254,-2,1568,196,10522
20240713,13:00,10420,3210,908,2362,142,252,1020,148,616,3298,0,62,0,-246,-4,1544,196,10420
20240713,13:30,10744,3214,1228,2758,144,242,1052,152,622,3206,0,72,0,-112,2,2032,196,10744
20240713,14:00,10800,3212,1246,2506,140,252,1118,148,612,2552,0,82,0,-212,16,1068,196,10800
20240713,14:30,10702,3210,1294,2614,142,242,1136,152,614,1854,0,92,0,54,30,928,196,10702
20240713,15:00,10656,3208,1014,2742,142,298,1132,148,614,1302,0,66,0,206,4,416,196,10656
20240713,15:30,10468,3212,1194,2848,144,316,1114,152,622,1008,0,50,0,30,10,428,196,10468
20240713,16:00,10336,3210,1068,3242,142,360,1118,148,616,878,0,30,0,0,-36,636,196,10336
20240713,16:30,10382,3210,998,3746,148,368,1116,152,624,838,0,22,0,0,-44,992,196,10382
20240713,17:00,10410,3208,1208,3766,148,392,1114,148,616,710,0,10,0,0,4,1112,198,10410
20240713,17:30,10418,3204,1138,4088,152,410,1112,152,626,598,0,18,0,0,2,1280,198,10418
20240713,18:00,10326,3206,1336,3940,152,468,1130,146,608,384,0,46,0,0,0,1288,198,10326
20240713,18:30,10440,3206,1388,3882,156,464,1160,152,620,240,0,66,0,0,0,1092,198,10440
20240713,19:00,10500,3204,1486,4024,154,472,1158,148,618,80,0,66,0,0,-4,1104,198,10500
20240713,19:30,10444,3202,1440,4080,154,462,1158,152,618,10,0,78,0,0,-4,1104,198,10444
20240713,20:00,10264,3206,1384,4054,152,464,1098,150,612,0,0,70,0,0,2,1124,196,10264
20240713,20:30,10042,3210,1350,3900,148,452,1066,152,616,0,0,58,0,0,-2,1104,196,10042
20240713,21:00,9838,3210,1098,4110,142,416,1062,150,616,0,0,44,0,0,2,1208,196,9838
20240713,21:30,9646,3206,1136,4116,140,400,1028,152,620,0,0,60,0,0,0,1408,196,9646
20240713,22:00,9318,3212,970,3914,132,410,1014,150,612,0,0,64,0,0,-4,1352,196,9318
20240713,22:30,9282,3212,990,3724,130,384,1006,152,616,0,0,70,0,0,-2,1196,196,9282
20240713,23:00,9060,3212,1008,3476,120,348,1004,148,614,0,0,76,0,0,6,1148,196,9060
20240713,23:30,8894,3210,1098,3162,118,314,1030,152,620,0,0,84,0,0,14,1104,196,8894
20240713,24:00,8590,3214,1082,2930,110,322,1034,148,622,0,0,74,0,0,2,1144,196,8590
20240714,0:30,8398,3214,1068,2992,110,310,978,152,626,0,0,84,0,0,12,1344,196,8398
20240714,1:00,8080,3214,1034,2938,100,342,958,150,622,0,0,76,0,0,6,1556,196,8080
20240714,1:30,7908,3216,1044,2298,102,330,942,152,628,0,0,70,0,0,-10,1060,196,7908
20240714,2:00,7698,3210,928,2160,98,348,936,148,614,0,0,60,0,0,2,1000,194,7698
20240714,2:30,7680,3214,924,2022,98,330,1074,152,630,0,0,56,0,0,-6,1008,194,7680
20240714,3:00,7826,3212,952,2154,94,336,1098,148,616,0,0,62,0,0,-8,1032,194,7826
20240714,3:30,7904,3214,992,2286,96,338,1140,152,626,0,0,60,0,0,-18,1176,194,7904
20240714,4:00,8088,3208,1020,2522,96,336,1138,148,618,0,0,74,0,0,-10,1256,194,8088
20240714,4:30,8138,3202,1000,2750,94,348,1110,148,604,0,0,80,0,0,-6,1384,192,8138
20240714,5:00,8430,3208,1002,2996,98,322,1134,152,638,0,0,76,0,0,-2,1388,194,8430
20240714,5:30,8510,3206,998,3070,102,348,1112,152,624,1,0,73,0,0,2,1372,194,8510
20240714,6:00,8340,3208,1104,2528,98,358,1110,150,620,11,0,83,0,0,10,1136,196,8340
20240714,6:30,8082,3210,974,2216,104,356,1088,152,620,59,0,101,0,0,0,992,194,8082
20240714,7:00,7838,3202,894,1916,102,354,1092,150,626,175,0,93,0,0,10,972,196,7838
20240714,7:30,7868,3212,1010,2014,110,322,960,152,634,374,0,76,0,0,10,1200,194,7868
20240714,8:00,8092,3214,954,2284,110,362,942,150,614,570,0,102,0,0,-2,1404,196,8092
20240714,8:30,8284,3208,1032,2334,114,336,968,152,618,669,0,105,0,0,2,1448,194,8284
20240714,9:00,8592,3212,1020,2530,122,306,974,152,620,883,0,113,0,0,0,1536,196,8592
20240714,9:30,8866,3212,1064,2536,128,294,942,152,624,1197,0,127,0,0,-6,1600,196,8866
20240714,10:00,9246,3214,1152,2630,128,312,948,148,604,1459,0,99,0,0,4,1648,196,9246
20240714,10:30,9282,3214,1172,2656,130,266,954,152,622,1402,0,112,0,0,6,1600,196,9282
20240714,11:00,9258,3210,1168,2720,130,262,958,148,608,1388,0,90,0,0,-2,1616,194,9258
20240714,11:30,9278,3208,1258,2834,130,246,954,150,622,1371,0,109,0,0,4,1804,196,9278
20240714,12:00,9278,3214,1256,2858,128,256,960,148,612,1509,0,107,0,0,0,1964,194,9278
20240714,12:30,9232,3212,1134,2858,132,236,956,150,624,1561,0,87,0,0,2,1916,196,9232
20240714,13:00,9210,3214,1056,2924,134,254,958,148,610,1589,0,77,0,0,-4,1944,194,9210
20240714,13:30,9228,3210,1068,2866,140,236,978,152,616,1618,0,98,0,0,0,1948,194,9228
20240714,14:00,9132,3212,1052,2660,134,246,944,148,610,1812,0,88,0,0,2,1972,196,9132
20240714,14:30,9296,3210,1078,2584,136,264,970,152,616,1936,0,64,0,-40,4,1872,194,9296
20240714,15:00,9226,3214,986,2638,136,356,974,148,614,1750,0,68,0,-246,-8,1600,196,9226
20240714,15:30,9086,3212,834,2726,138,428,960,152,618,1597,0,61,0,-94,-12,1728,194,9086
20240714,16:00,9212,3206,946,2972,136,446,1098,148,606,1437,0,65,0,0,-4,2040,196,9212
20240714,16:30,9128,3214,864,2978,144,434,1118,152,622,1061,0,61,0,-172,-6,1536,194,9128
20240714,17:00,9206,3212,1020,3326,142,446,1120,148,612,905,0,61,0,-196,-14,1772,196,9206
20240714,17:30,9350,3210,1006,3606,148,430,1118,152,622,691,0,55,0,0,10,1892,194,9350
20240714,18:00,9414,3202,882,4010,146,460,1112,148,618,487,0,55,0,0,2,1904,196,9414
20240714,18:30,9548,3208,950,4504,152,460,1138,152,626,307,0,63,0,0,4,2212,196,9548
20240714,19:00,9678,3208,1028,4848,152,472,1138,150,612,109,0,65,0,0,-2,2300,198,9678
20240714,19:30,9644,3206,1072,4888,152,466,1132,152,616,14,0,66,0,0,0,2316,196,9644
20240714,20:00,9554,3206,1040,4756,150,442,1134,148,616,0,0,64,0,0,0,2200,198,9554
20240714,20:30,9344,3208,1092,4444,148,418,1116,152,616,0,0,60,0,0,6,2112,196,9344
20240714,21:00,9200,3210,1032,4178,144,428,974,150,614,0,0,52,0,0,-4,1772,194,9200
20240714,21:30,8916,3212,1052,4126,138,424,952,152,622,0,0,54,0,-208,-6,1796,194,8916
20240714,22:00,8790,3208,828,3838,132,432,952,150,620,0,0,54,0,2,2,1624,196,8790
20240714,22:30,8724,3208,820,3566,130,388,968,152,622,0,0,62,0,0,-2,1384,194,8724
20240714,23:00,8532,3210,846,3058,122,354,972,150,618,0,0,60,0,0,10,1064,196,8532
20240714,23:30,8336,3210,858,2744,118,308,968,152,630,0,0,74,0,0,0,920,194,8336
20240714,24:00,8070,3212,858,2366,112,326,968,148,628,0,0,70,0,0,10,824,196,8070
20240715,0:30,7794,3210,872,2270,106,310,930,152,630,0,0,74,0,0,2,956,194,7794
20240715,1:00,7536,3212,896,2270,102,320,926,148,626,0,0,84,0,0,6,1248,194,7536
20240715,1:30,7394,3216,814,2058,102,314,928,152,632,0,0,90,0,0,-6,1100,194,7394
20240715,2:00,7286,3212,708,1962,98,324,1060,148,624,0,0,104,0,0,-38,1112,196,7286
20240715,2:30,7314,3214,744,1986,100,310,1108,150,630,0,0,108,0,-266,-12,952,194,7314
20240715,3:00,7512,3214,782,2062,98,326,1106,148,622,0,0,130,0,-270,-20,880,194,7512
20240715,3:30,7630,3212,860,2074,98,302,1126,152,632,0,0,106,0,-106,-12,1008,194,7630
20240715,4:00,7880,3218,832,2290,100,334,1130,148,620,0,0,74,0,0,-10,1048,192,7880
20240715,4:30,8048,3204,866,2316,100,308,1134,150,630,0,0,66,0,0,-6,912,192,8048
20240715,5:00,8322,3208,912,2456,100,330,1132,150,620,0,0,68,0,0,0,848,194,8322
20240715,5:30,8444,3206,1210,2802,104,304,1118,152,632,0,0,66,0,0,2,1344,192,8444
20240715,6:00,8284,3210,896,2632,100,330,1122,148,614,3,0,59,0,0,0,1024,194,8284
20240715,6:30,8154,3208,854,2514,104,306,1116,152,624,23,0,47,0,0,-10,976,192,8154
20240715,7:00,8050,3206,912,2472,110,324,982,150,616,69,0,49,0,0,10,1044,194,8050
20240715,7:30,8194,3210,978,2524,112,310,984,152,628,171,0,61,0,0,4,1132,192,8194
20240715,8:00,8414,3214,1038,2488,116,328,974,146,610,207,0,47,0,0,4,952,194,8414
20240715,8:30,8850,3210,986,2744,124,306,960,150,626,245,0,59,0,0,0,752,192,8850
20240715,9:00,9268,3212,1114,2492,130,326,958,148,612,217,0,65,0,0,10,210,194,9268
20240715,9:30,9582,3214,1184,2406,134,298,956,152,628,292,0,78,0,0,6,-40,194,9582
20240715,10:00,9760,3208,1102,2384,134,336,954,150,604,452,0,76,0,0,0,-168,192,9760
20240715,10:30,9804,3214,1060,2234,134,310,974,154,614,690,0,86,0,0,0,-140,194,9804
20240715,11:00,9710,3214,978,2072,132,314,976,150,612,864,0,94,0,0,2,-110,192,9710
20240715,11:30,9680,3214,964,2032,136,298,956,154,616,979,0,97,0,0,0,-40,194,9680
20240715,12:00,9652,3212,956,2062,136,316,960,150,610,1265,0,83,0,0,-2,288,192,9652
20240715,12:30,9546,3212,720,2010,134,300,958,154,622,1641,0,87,0,-170,-28,288,194,9546
20240715,13:00,9184,3216,700,2002,132,306,966,150,606,1957,0,87,0,-320,-26,784,192,9184
20240715,13:30,9350,3218,718,2026,134,304,1120,152,618,2569,0,103,0,-282,-14,1508,192,9350
20240715,14:00,9460,3210,718,2044,136,308,1146,150,612,3147,0,75,0,-568,-10,1700,192,9460
20240715,14:30,9514,3216,986,2076,136,304,1128,152,618,3351,0,69,0,-514,4,2204,192,9514
20240715,15:00,9632,3218,854,2030,134,352,1128,150,612,3567,0,59,0,-314,-2,2348,192,9632
20240715,15:30,9634,3212,786,2040,140,400,1128,152,620,3609,0,49,0,-372,-10,2312,192,9634
20240715,16:00,9822,3210,1162,2066,142,426,1122,150,608,3127,0,47,0,-248,2,2184,192,9822
20240715,16:30,9978,3216,1050,2634,150,410,1142,152,620,2513,0,55,0,0,20,2176,192,9978
20240715,17:00,10054,3214,1070,3186,148,422,1140,148,606,1801,0,47,0,0,6,1928,194,10054
20240715,17:30,10078,3212,1080,3658,152,410,1122,152,620,1223,0,37,0,0,10,1792,194,10078
20240715,18:00,10184,3216,1080,3882,150,420,1118,150,610,803,0,39,0,0,2,1480,194,10184
20240715,18:30,10250,3212,1026,4066,158,410,1120,152,614,467,0,49,0,0,6,1224,194,10250
20240715,19:00,10248,3214,1082,4546,154,412,1132,150,616,143,0,57,0,0,20,1472,194,10248
20240715,19:30,10270,3216,1050,4434,156,414,1168,154,622,19,0,49,0,0,2,1208,194,10270
20240715,20:00,10146,3210,1048,4328,154,424,1160,150,608,0,0,48,0,0,-4,1176,196,10146
20240715,20:30,9924,3208,1036,4296,150,416,1146,154,622,0,0,54,0,0,0,1352,194,9924
20240715,21:00,9778,3206,1060,4010,144,432,1142,150,614,0,0,46,0,0,2,1224,196,9778
20240715,21:30,9512,3206,998,3958,140,406,1140,152,628,0,0,58,0,0,0,1368,194,9512
20240715,22:00,9292,3208,1014,3822,130,436,1140,150,604,0,0,46,0,0,4,1456,194,9292
20240715,22:30,9188,3216,956,3846,130,414,1156,152,620,0,0,38,0,0,-2,1532,194,9188
20240715,23:00,8936,3208,954,3500,120,394,1156,150,616,0,0,16,0,0,2,1372,192,8936
20240715,23:30,8788,3210,1062,3200,116,334,1136,152,626,0,0,16,0,0,16,1272,192,8788
20240715,24:00,8490,3208,1062,2926,108,350,1132,150,612,0,0,10,0,0,2,1264,194,8490
20240716,0:30,8252,3212,1184,2950,106,326,1128,152,628,0,0,14,0,0,14,1656,194,8252
20240716,1:00,7912,3214,1146,2652,100,354,1120,150,612,0,0,6,0,0,12,1648,194,7912
20240716,1:30,7716,3210,1122,2346,100,332,1104,152,628,0,0,16,0,0,0,1488,194,7716
20240716,2:00,7594,3214,994,2334,96,350,1100,150,614,0,0,16,0,0,-4,1464,194,7594
20240716,2:30,7648,3214,1052,2342,96,332,1100,152,624,0,0,22,0,0,-8,1472,194,7648
20240716,3:00,7768,3214,1070,2302,94,352,1100,150,620,0,0,24,0,0,-6,1344,192,7768
20240716,3:30,7982,3218,1064,2466,98,328,1126,152,634,0,0,30,0,0,-14,1312,192,7982
20240716,4:00,8120,3210,1076,2724,92,364,1128,150,616,0,0,26,0,0,-12,1448,194,8120
20240716,4:30,8346,3212,1154,2958,96,342,1150,152,636,0,0,24,0,0,-10,1560,192,8346
20240716,5:00,8528,3208,1100,3064,98,360,1150,150,618,0,0,22,0,0,-4,1432,194,8528
20240716,5:30,8716,3212,1110,3158,100,352,1148,152,626,0,0,22,0,0,12,1368,192,8716
20240716,6:00,8666,3206,1026,3104,102,356,1152,150,622,33,0,29,0,0,0,1308,194,8666
20240716,6:30,8542,3210,994,3206,106,342,1132,152,630,215,0,37,0,0,-6,1668,192,8542
20240716,7:00,8704,3210,964,3288,108,362,1128,148,614,545,0,31,0,-48,-16,1824,194,8704
20240716,7:30,8934,3214,836,3300,116,344,1130,152,628,1117,0,31,0,-294,0,1832,192,8934
20240716,8:00,9322,3212,860,3292,124,368,1126,148,608,1763,0,27,0,-470,-30,1900,194,9322
20240716,8:30,9860,3214,926,3486,136,322,1128,152,620,2329,0,25,0,-372,-6,2292,192,9860
20240716,9:00,10542,3212,1026,3530,138,340,1132,148,606,2845,0,23,0,-94,-2,2556,194,10542
20240716,9:30,11096,3212,978,3614,150,312,1148,152,616,3370,0,18,0,0,4,2672,194,11096
20240716,10:00,11492,3212,776,3750,142,338,1146,148,608,3982,0,12,0,0,0,2816,194,11492
20240716,10:30,11570,3210,696,3328,148,312,1138,152,616,4715,0,19,0,0,-4,2952,192,11570
20240716,11:00,11834,3216,734,3250,146,336,1130,148,600,5089,0,17,0,-198,10,2836,192,11834
20240716,11:30,12084,3210,814,3052,154,316,1124,150,616,5431,0,19,0,-248,14,2760,192,12084
20240716,12:00,12258,3214,848,3038,146,332,1122,150,606,5539,0,23,0,-246,38,2744,192,12258
20240716,12:30,12060,3214,768,3030,152,310,1162,150,622,5750,0,22,0,-488,0,2824,192,12060
20240716,13:00,12084,3212,748,2956,150,336,1154,148,600,6084,0,24,0,-828,0,2692,192,12084
20240716,13:30,12410,3212,752,3016,154,314,1162,150,612,6110,0,26,0,-602,0,2688,192,12410
20240716,14:00,12670,3218,746,3230,152,350,1154,146,600,5872,0,22,0,-260,0,2752,192,12670
20240716,14:30,12798,3212,768,3460,160,364,1168,150,608,5641,0,29,0,-242,0,2712,192,12798
20240716,15:00,12982,3216,854,3752,158,402,1164,146,598,5245,0,27,0,-40,0,2732,192,12982
20240716,15:30,13038,3214,946,4034,164,440,1168,146,610,4731,0,45,0,0,0,2652,192,13038
20240716,16:00,13018,3216,1206,4604,166,418,1162,144,602,3827,0,41,0,120,0,2680,192,13018
20240716,16:30,13066,3216,990,4994,170,396,1164,150,612,3051,0,35,0,158,0,2064,194,13066
20240716,17:00,12990,3210,854,5424,170,428,1166,146,604,2403,0,21,0,120,0,1752,196,12990
20240716,17:30,12744,3216,866,5530,170,428,1166,150,616,1754,0,26,0,98,0,1472,196,12744
20240716,18:00,12576,3214,1008,5700,170,464,1158,146,598,1200,0,20,0,96,0,1392,194,12576
20240716,18:30,12448,3216,1240,5706,172,440,1190,150,608,660,0,22,0,114,-6,1260,196,12448
20240716,19:00,12392,3216,1364,5730,174,452,1196,146,604,276,0,20,0,260,-2,1240,196,12392
20240716,19:30,12234,3212,1386,5744,170,436,1202,150,620,46,0,20,0,154,-2,1100,196,12234
20240716,20:00,11998,3208,1032,5716,168,454,1208,148,602,0,0,16,0,64,4,816,194,11998
20240716,20:30,11588,3200,908,5678,164,430,1192,150,622,0,0,20,0,0,2,972,194,11588
20240716,21:00,11294,3198,820,5606,158,466,1188,150,602,0,0,20,0,0,-2,1104,192,11294
20240716,21:30,11000,3202,964,5328,150,436,1188,150,616,0,0,22,0,0,0,1248,192,11000
20240716,22:00,10602,3198,1066,5078,142,456,1188,148,600,0,0,24,0,0,0,1492,194,10602
20240716,22:30,10418,3210,1292,5116,138,416,1164,150,610,0,0,34,0,0,-6,1900,194,10418
20240716,23:00,10138,3206,1040,4978,128,394,1158,148,610,0,0,34,0,0,10,1760,192,10138
20240716,23:30,9938,3202,1112,4922,126,312,1160,152,620,0,0,40,0,0,12,1912,192,9938
20240716,24:00,9534,3204,1008,4454,114,330,1154,148,608,0,0,42,0,0,14,1736,194,9534
20240717,0:30,9192,3212,1090,4204,112,302,1180,152,626,0,0,40,0,0,16,1936,194,9192
20240717,1:00,8828,3210,1100,3832,106,330,1178,148,610,0,0,40,0,0,-16,1904,194,8828
20240717,1:30,8502,3210,1026,3448,104,306,1178,152,624,0,0,46,0,0,-26,1760,194,8502
20240717,2:00,8392,3210,1036,3258,100,326,1180,148,612,0,0,38,0,0,-22,1688,194,8392
20240717,2:30,8360,3208,1030,3080,102,306,1160,152,624,0,0,36,0,0,-12,1520,194,8360
20240717,3:00,8468,3210,1014,3236,96,334,1160,148,606,0,0,24,0,0,-10,1544,194,8468
20240717,3:30,8548,3214,1030,3158,100,312,1180,152,624,0,0,26,0,0,-10,1432,194,8548
20240717,4:00,8674,3210,1030,3368,100,330,1178,148,608,0,0,22,0,0,-16,1496,192,8674
20240717,4:30,8848,3204,1046,3416,102,310,1178,152,626,0,0,20,0,102,2,1504,194,8848
20240717,5:00,9078,3210,1102,3464,102,328,1178,150,608,0,0,22,0,192,0,1472,194,9078
20240717,5:30,9134,3206,1162,3604,104,314,1164,148,604,0,0,22,0,198,-2,1580,190,9134
20240717,6:00,9124,3210,1312,3204,108,316,1182,152,628,97,0,21,0,180,-4,1476,194,9124
20240717,6:30,9180,3202,1338,2864,112,318,1200,152,618,525,0,23,0,108,0,1472,192,9180
20240717,7:00,9222,3210,1154,2770,110,318,1196,148,620,1097,0,23,0,0,2,1620,194,9222
20240717,7:30,9568,3212,974,2514,120,318,1200,152,622,1977,0,23,0,0,0,1736,192,9568
20240717,8:00,10116,3216,914,2426,128,330,1200,148,610,2945,0,19,0,0,-10,2004,194,10116
20240717,8:30,10798,3206,946,2728,138,296,1182,150,608,3869,0,19,0,0,-2,2536,194,10798
20240717,9:00,11692,3212,768,2994,138,256,1178,150,604,4807,0,21,0,0,-12,2616,192,11692
20240717,9:30,12374,3210,834,2894,150,238,1046,152,602,5693,0,21,0,0,2,2660,192,12374
20240717,10:00,12696,3214,762,2846,148,236,1014,152,602,6249,0,25,0,0,0,2744,192,12696
20240717,10:30,13146,3212,714,2804,150,228,1014,152,606,6999,0,25,0,-134,-4,2812,192,13146
20240717,11:00,13248,3208,684,2710,148,224,1010,150,600,7367,0,25,0,-326,0,2744,192,13248
20240717,11:30,13486,3210,618,2710,148,214,1022,152,610,7755,0,27,0,-370,-2,2800,192,13486
20240717,12:00,13614,3212,658,2702,144,226,1024,148,598,8029,0,21,0,-542,0,2800,194,13614
20240717,12:30,13656,3214,776,2704,150,206,1048,152,612,8287,0,25,0,-972,-6,2732,192,13656
20240717,13:00,13528,3206,768,2704,148,230,1044,148,600,8373,0,25,0,-1214,-2,2696,194,13528
20240717,13:30,13886,3214,772,2748,152,210,1044,150,608,8225,0,29,0,-764,-2,2692,192,13886
20240717,14:00,14092,3214,846,2846,152,228,1046,148,600,7809,0,31,0,-366,4,2660,194,14092
20240717,14:30,14218,3212,990,3086,154,256,1158,150,606,7249,0,35,0,-208,2,2664,192,14218
20240717,15:00,14202,3212,1104,3318,154,342,1182,148,600,6581,0,29,0,2,0,2664,194,14202
20240717,15:30,14086,3212,1214,3668,158,392,1178,148,612,5985,0,35,0,0,2,2712,194,14086
20240717,16:00,14102,3212,1592,4134,162,426,1178,148,596,5109,0,33,0,0,6,2688,194,14102
20240717,16:30,14336,3214,1840,4812,168,414,1184,148,608,4455,0,33,0,0,10,2744,194,14336
20240717,17:00,14052,3208,2052,4998,166,424,1190,148,604,3409,0,31,0,50,6,2432,198,14052
20240717,17:30,13894,3212,2076,5398,172,416,1192,150,608,2592,0,36,0,342,0,2496,196,13894
20240717,18:00,13710,3220,2070,5652,170,472,1196,146,602,1692,0,32,0,320,-2,2056,196,13710
20240717,18:30,13466,3208,2016,5740,174,460,1214,150,616,1033,0,35,0,364,2,1744,198,13466
20240717,19:00,13252,3206,2364,5740,170,480,1210,146,596,413,0,41,0,504,0,1816,198,13252
20240717,19:30,13106,3206,2430,5746,172,454,1208,150,614,65,0,41,0,480,2,1660,198,13106
20240717,20:00,12792,3198,2290,5742,166,444,1208,148,596,0,0,40,0,378,0,1616,198,12792
20240717,20:30,12362,3200,1914,5748,164,388,1196,150,608,0,0,46,0,242,2,1492,196,12362
20240717,21:00,11948,3200,1448,5744,160,374,1182,150,600,0,0,42,0,200,2,1348,194,11948
20240717,21:30,11602,3202,1244,5684,152,358,1190,152,616,0,0,50,0,192,0,1432,194,11602
20240717,22:00,11240,3204,1196,5376,144,374,1050,148,598,0,0,56,0,100,-2,1200,196,11240
20240717,22:30,10952,3208,1206,5266,138,338,1010,152,608,0,0,60,0,178,2,1408,194,10952
20240717,23:00,10586,3206,1202,5242,130,286,998,148,612,0,0,68,0,0,2,1504,196,10586
20240717,23:30,10360,3210,1314,4620,126,266,1002,152,618,0,0,76,0,0,-10,1208,194,10360
20240717,24:00,9886,3206,1146,4240,118,270,996,148,608,0,0,78,0,0,-8,1112,196,9886
20240718,0:30,9374,3208,1204,4164,112,250,1022,152,622,0,0,78,0,0,-4,1628,194,9374
20240718,1:00,8992,3210,1106,3910,108,274,1016,148,606,0,0,76,0,0,-2,1652,192,8992
20240718,1:30,8722,3208,1056,3764,106,260,1022,152,618,0,0,86,0,0,-2,1740,192,8722
20240718,2:00,8558,3210,1046,3592,100,266,1014,148,614,0,0,94,0,0,0,1720,194,8558
20240718,2:30,8514,3212,1028,3584,102,250,1000,152,624,0,0,104,0,0,2,1736,192,8514
20240718,3:00,8544,3214,1020,3524,98,278,996,148,612,0,0,104,0,0,0,1644,194,8544
20240718,3:30,8654,3212,1030,3558,100,250,1152,152,624,0,0,104,0,0,-4,1716,192,8654
20240718,4:00,8834,3214,1028,3686,100,272,1176,150,610,0,0,106,0,0,0,1700,192,8834
20240718,4:30,8928,3204,1004,3792,100,264,1184,154,626,0,0,110,0,0,2,1704,192,8928
20240718,5:00,9200,3208,1004,4068,102,272,1178,150,612,0,0,112,0,0,-2,1696,192,9200
20240718,5:30,9328,3204,1004,4190,106,262,1186,154,624,0,0,114,0,0,-4,1704,192,9328
20240718,6:00,9200,3210,1000,3724,106,262,1180,152,616,65,0,111,0,0,-2,1416,192,9200
20240718,6:30,9228,3204,998,3448,110,254,1204,152,628,421,0,113,0,0,0,1496,192,9228
20240718,7:00,9382,3206,776,3362,116,280,1198,152,606,891,0,117,0,0,4,1520,194,9382
20240718,7:30,9782,3210,706,3476,126,248,1200,152,624,1399,0,105,0,0,0,1656,192,9782
20240718,8:00,10264,3206,708,3278,130,280,1200,148,602,1777,0,99,0,-228,0,1128,192,10264
20240718,8:30,10984,3210,740,3502,140,250,1050,152,608,2211,0,97,0,-64,4,1108,192,10984
20240718,9:00,11752,3202,748,3890,146,238,1022,146,600,2891,0,83,0,2,0,1408,192,11752
20240718,9:30,12548,3210,778,4140,150,218,976,150,606,3587,0,77,0,0,4,1540,192,12548
20240718,10:00,12702,3206,798,4234,152,244,970,148,570,3881,0,79,0,0,-6,1764,190,12702
20240718,10:30,13044,3208,874,4258,154,218,972,150,588,4866,0,74,0,0,-4,2504,190,13044
20240718,11:00,13306,3206,762,4030,156,240,968,148,590,5574,0,72,0,0,0,2632,192,13306
20240718,11:30,13786,3208,760,3820,160,222,978,150,612,6364,0,94,0,0,4,2776,190,13786
20240718,12:00,14072,3210,752,3980,160,242,976,146,602,6622,0,102,0,-230,2,2684,192,14072
20240718,12:30,14054,3206,762,3836,164,222,998,150,610,6727,0,107,0,-564,-4,2352,192,14054
20240718,13:00,13656,3202,792,3880,162,240,996,146,596,6211,0,113,0,-780,-2,2092,192,13656
20240718,13:30,13794,3204,808,4124,162,234,994,150,606,6203,0,119,0,-430,4,2576,192,13794
20240718,14:00,13964,3206,776,4022,160,298,992,146,584,6227,0,119,0,-128,2,2632,192,13964
20240718,14:30,14238,3206,838,4350,166,304,984,148,596,6053,0,109,0,0,0,2708,192,14238
20240718,15:00,14398,3210,990,4886,168,322,984,146,584,5531,0,103,0,0,-2,2716,192,14398
20240718,15:30,14288,3206,1166,5352,168,320,994,148,600,4751,0,109,0,0,-2,2716,192,14288
20240718,16:00,14252,3206,1656,5732,168,380,1008,144,586,3837,0,113,0,0,-2,2768,192,14252
20240718,16:30,14216,3208,2284,5744,170,398,1032,150,602,3015,0,113,0,0,8,2700,192,14216
20240718,17:00,14158,3210,2302,5732,174,444,1170,146,590,2611,0,113,0,0,10,2536,192,14158
20240718,17:30,13910,3210,2416,5740,172,396,1192,150,602,2102,0,114,0,36,6,2420,194,13910
20240718,18:00,13766,3210,2432,5738,170,390,1188,146,602,1406,0,100,0,606,12,2428,194,13766
20240718,18:30,13642,3206,2344,5744,176,376,1206,150,618,812,0,98,0,1000,2,2288,198,13642
20240718,19:00,13520,3208,2480,5740,180,406,1192,146,602,350,0,90,0,1118,2,2192,198,13520
20240718,19:30,13358,3206,2396,5742,176,360,1190,150,618,54,0,100,0,1250,-2,2080,198,13358
20240718,20:00,13116,3204,2372,5742,170,382,1178,146,598,0,0,100,0,860,0,1832,196,13116
20240718,20:30,12736,3204,2266,5744,170,340,1164,150,618,0,0,94,0,490,2,1700,194,12736
20240718,21:00,12416,3202,2176,5744,160,344,1156,146,596,0,0,112,0,176,0,1588,192,12416
20240718,21:30,12032,3206,1970,5744,154,298,1156,150,614,0,0,120,0,16,0,1588,192,12032
20240718,22:00,11664,3206,1468,5740,148,306,1022,146,604,0,0,124,0,-2,0,1292,194,11664
20240718,22:30,11450,3204,1352,5736,140,270,970,150,610,0,0,118,0,0,0,1292,192,11450
20240718,23:00,11112,3204,1172,5716,134,274,960,146,606,0,0,114,0,0,8,1416,194,11112
20240718,23:30,10844,3206,1238,5682,128,256,964,150,616,0,0,118,0,0,6,1712,192,10844
20240718,24:00,10528,3204,1184,5300,122,272,964,146,612,0,0,116,0,0,6,1592,194,10528
20240719,0:30,9998,3202,1058,5190,116,242,994,150,624,0,0,138,0,0,-4,1904,192,9998
20240719,1:00,9648,3210,1032,4834,106,252,988,146,608,0,0,144,0,0,-10,1856,194,9648
20240719,1:30,9306,3202,956,4740,108,220,910,150,622,0,0,150,0,0,-12,1932,192,9306
20240719,2:00,9130,3204,828,4720,102,246,890,146,606,0,0,150,0,0,-8,1948,194,9130
20240719,2:30,9082,3202,816,4688,104,212,866,150,620,0,0,152,0,0,-8,1912,192,9082
20240719,3:00,9146,3204,818,4692,102,212,954,146,606,0,0,154,0,0,-8,1928,194,9146
20240719,3:30,9236,3206,824,4782,104,192,990,150,626,0,0,160,0,0,-2,1988,192,9236
20240719,4:00,9356,3212,914,4816,100,212,986,146,610,0,0,148,0,0,-2,1980,194,9356
20240719,4:30,9474,3200,986,4858,104,188,984,150,624,0,0,148,0,0,4,1964,192,9474
20240719,5:00,9664,3202,934,5008,104,212,1118,146,610,0,0,144,0,0,-4,2004,194,9664
20240719,5:30,9876,3206,956,5058,108,200,1142,150,620,0,0,156,0,0,0,1912,192,9876
20240719,6:00,9832,3204,970,4820,108,212,1144,146,610,58,0,162,0,0,0,1796,194,9832
20240719,6:30,9976,3202,1026,4610,114,196,1168,150,622,434,0,160,0,0,2,1900,192,9976
20240719,7:00,10236,3198,914,4604,118,210,1096,146,608,1040,0,152,0,0,0,2044,194,10236
20240719,7:30,10668,3206,1010,4310,128,196,1080,150,618,1814,0,156,0,0,0,2192,192,10668
20240719,8:00,11210,3202,970,4096,132,210,1072,146,602,2664,0,136,0,0,2,2216,194,11210
20240719,8:30,12024,3206,892,4462,148,168,1040,150,606,3518,0,138,0,0,4,2500,192,12024
20240719,9:00,12874,3202,736,4774,160,186,1028,146,594,4272,0,132,0,0,-2,2548,194,12874
20240719,9:30,13748,3202,796,4994,158,166,846,150,604,5140,0,136,0,0,4,2640,192,13748
20240719,10:00,14056,3200,800,5086,160,168,810,146,598,5476,0,128,0,0,0,2712,196,14056
20240719,10:30,14254,3206,822,5096,162,156,808,150,604,5622,0,118,0,0,2,2688,196,14254
20240719,11:00,14456,3200,858,5070,158,184,790,146,594,5568,0,106,0,174,-4,2584,196,14456
20240719,11:30,14558,3196,764,5006,162,164,794,148,608,6003,0,103,0,8,-2,2592,196,14558
20240719,12:00,14594,3202,944,4678,162,184,784,146,598,6393,0,91,0,-426,-18,2340,196,14594
20240719,12:30,14424,3202,1194,4108,166,158,784,148,604,6802,0,92,0,-922,-20,2088,196,14424
20240719,13:00,14318,3200,1244,4300,160,176,788,146,600,6948,0,90,0,-968,-6,2556,196,14318
20240719,13:30,14770,3200,1272,4668,164,166,804,148,602,7002,0,90,0,-810,4,2736,196,14770
20240719,14:00,14952,3198,1218,4646,160,176,806,146,604,6776,0,84,0,-322,0,2736,196,14952
20240719,14:30,14938,3198,1372,4876,162,196,806,148,608,6385,0,107,0,-324,-10,2780,194,14938
20240719,15:00,14686,3202,1598,4456,160,206,812,146,594,6335,0,95,0,-322,-2,2788,194,14686
20240719,15:30,14772,3204,1712,4452,166,198,874,148,602,6199,0,85,0,-290,0,2772,194,14772
20240719,16:00,14940,3198,1816,5082,170,208,922,146,600,5481,0,73,0,-226,8,2732,194,14940
20240719,16:30,14830,3202,1960,5420,172,236,972,148,608,4612,0,84,0,0,0,2780,196,14830
20240719,17:00,15012,3200,2296,5690,176,264,1114,146,604,3914,0,98,0,0,-2,2684,196,15012
20240719,17:30,14608,3198,2548,5738,174,258,1138,150,602,2750,0,100,0,378,0,2624,198,14608
20240719,18:00,14464,3200,2580,5740,176,300,1136,146,606,1810,0,94,0,1032,14,2568,198,14464
20240719,18:30,14240,3204,2578,5740,176,292,1142,150,600,942,0,94,0,1368,4,2248,198,14240
20240719,19:00,13932,3208,2566,5740,178,294,1140,146,602,310,0,86,0,1510,-4,2044,200,13932
20240719,19:30,13684,3206,2572,5744,174,286,1134,150,604,42,0,78,0,1406,-2,1908,198,13684
20240719,20:00,13330,3202,2540,5744,170,302,1134,146,598,0,0,74,0,1010,0,1788,198,13330
20240719,20:30,13070,3206,2530,5746,168,286,1166,150,610,0,0,78,0,538,0,1604,196,13070
20240719,21:00,12630,3200,2470,5738,158,310,1162,146,580,0,0,88,0,112,2,1532,196,12630
20240719,21:30,12204,3202,2418,5748,156,286,1012,150,592,0,0,96,0,0,-2,1648,194,12204
20240719,22:00,11882,3204,2350,5746,148,292,980,146,582,0,0,100,0,0,2,1864,196,11882
20240719,22:30,11616,3198,2018,5750,142,266,956,150,584,0,0,106,0,0,2,1752,196,11616
20240719,23:00,11254,3198,1646,5746,134,222,922,146,584,0,0,114,0,0,12,1664,194,11254
20240719,23:30,11018,3200,1232,5734,130,212,858,150,598,0,0,130,0,0,12,1432,194,11018
20240719,24:00,10652,3202,1174,5448,122,232,842,146,596,0,0,122,0,0,4,1432,196,10652
20240720,0:30,10232,3204,1242,5294,118,200,856,150,612,0,0,126,0,0,-4,1756,190,10232
20240720,1:00,9796,3198,1140,4882,114,226,832,146,598,0,0,118,0,0,-14,1632,188,9796
20240720,1:30,9480,3202,870,4848,112,196,806,150,614,0,0,130,0,0,-12,1624,188,9480
20240720,2:00,9298,3202,994,4646,108,230,776,146,602,0,0,106,0,0,-6,1696,190,9298
20240720,2:30,9180,3206,942,4614,106,202,772,150,620,0,0,110,0,0,-10,1720,188,9180
20240720,3:00,9206,3204,928,4696,102,226,770,146,604,0,0,102,0,0,-10,1752,190,9206
20240720,3:30,9226,3198,864,4642,106,206,876,150,610,0,0,112,0,0,-2,1724,188,9226
20240720,4:00,9316,3204,924,4734,102,220,894,146,610,0,0,114,0,0,0,1820,188,9316
20240720,4:30,9380,3196,930,4768,106,198,940,150,626,0,0,108,0,0,2,1832,188,9380
20240720,5:00,9522,3202,1082,4778,104,228,932,146,600,0,0,94,0,0,-2,1832,190,9522
20240720,5:30,9640,3190,1148,4804,108,202,924,150,618,1,0,85,0,0,6,1784,188,9640
20240720,6:00,9506,3202,1050,4742,108,216,920,146,602,59,0,85,0,0,-6,1808,190,9506
20240720,6:30,9444,3198,1040,4398,110,218,918,150,608,323,0,91,0,0,2,1800,188,9444
20240720,7:00,9438,3196,968,3814,114,214,912,146,618,801,0,85,0,0,4,1624,190,9438
20240720,7:30,9654,3208,926,3568,120,204,828,150,622,1532,0,70,0,0,-2,1760,188,9654
20240720,8:00,10032,3196,970,3114,120,222,806,146,598,2450,0,62,0,0,6,1848,190,10032
20240720,8:30,10756,3206,1086,2848,132,178,812,150,608,3419,0,55,0,0,2,1928,188,10756
20240720,9:00,11356,3202,1138,2618,134,178,806,146,602,4245,0,39,0,0,2,1944,190,11356
20240720,9:30,12150,3206,1122,2554,142,168,784,150,604,5229,0,35,0,0,0,2032,188,12150
20240720,10:00,12388,3196,1004,2346,142,172,736,146,604,5963,0,27,0,0,0,2136,188,12388
20240720,10:30,12808,3202,974,2184,146,172,682,150,604,6840,0,32,0,-168,-10,2188,188,12808
20240720,11:00,13012,3198,1004,2216,140,170,652,146,610,7226,0,34,0,-382,-14,2176,188,13012
20240720,11:30,13578,3198,1068,2260,142,166,650,148,606,7860,0,42,0,-530,0,2220,188,13578
20240720,12:00,13750,3198,1092,2228,144,164,640,146,606,8136,0,40,0,-586,-2,2244,188,13750
20240720,12:30,13938,3194,1190,2316,148,148,668,148,608,8346,0,38,0,-826,4,2232,188,13938
20240720,13:00,13916,3196,1036,2454,148,164,662,144,602,8430,0,34,0,-882,-4,2256,188,13916
20240720,13:30,14006,3196,1052,2582,152,148,650,148,606,8325,0,33,0,-838,4,2240,188,14006
20240720,14:00,13706,3194,1112,2812,152,170,644,144,596,7717,0,29,0,-836,0,2216,188,13706
20240720,14:30,13536,3194,1002,3118,154,168,668,148,604,7289,0,35,0,-778,-6,2248,188,13536
20240720,15:00,13680,3196,1062,3032,152,172,696,144,602,7097,0,31,0,-454,-6,2232,188,13680
20240720,15:30,13558,3198,1070,3226,156,166,722,146,604,6531,0,35,0,-252,0,2232,188,13558
20240720,16:00,13686,3196,990,3798,156,178,818,146,608,5915,0,29,0,0,-20,2316,188,13686
20240720,16:30,13840,3202,1164,4356,162,192,952,148,616,5067,0,33,0,0,4,2244,188,13840
20240720,17:00,13840,3198,1384,4948,166,246,976,144,600,4051,0,33,0,42,14,2152,190,13840
20240720,17:30,13770,3202,1392,5516,170,272,998,148,612,2957,0,43,0,342,0,2072,190,13770
20240720,18:00,13906,3204,1726,5740,174,292,1004,144,594,2013,0,43,0,436,4,1660,192,13906
20240720,18:30,13590,3204,1828,5748,178,274,1004,148,606,1102,0,52,0,940,4,1692,194,13590
20240720,19:00,13346,3206,1834,5746,178,296,1000,146,602,378,0,54,0,1250,-6,1532,194,13346
20240720,19:30,12992,3202,1842,5748,174,274,1002,150,618,48,0,54,0,1184,-2,1496,194,12992
20240720,20:00,12690,3204,1766,5748,172,292,998,146,598,0,0,54,0,1086,-2,1568,196,12690
20240720,20:30,12384,3208,1210,5750,168,274,1026,150,610,0,0,66,0,924,0,1192,190,12384
20240720,21:00,12032,3202,1070,5742,166,292,1010,146,590,0,0,66,0,744,2,1188,190,12032
20240720,21:30,11668,3204,974,5748,156,290,988,150,602,0,0,78,0,538,-4,1244,188,11668
20240720,22:00,11302,3196,976,5648,152,310,974,146,600,0,0,78,0,276,0,1244,190,11302
20240720,22:30,11052,3204,988,5596,146,266,940,150,600,0,0,88,0,230,0,1344,188,11052
20240720,23:00,10744,3200,1016,5420,132,212,928,146,602,0,0,86,0,74,2,1264,190,10744
20240720,23:30,10570,3202,1038,5324,132,204,924,150,616,0,0,90,0,0,-2,1296,188,10570
20240720,24:00,10216,3198,1172,4722,122,220,852,148,606,0,0,88,0,0,-2,1100,190,10216
20240721,0:30,9700,3198,1096,4262,120,196,856,150,614,0,0,104,0,0,0,1084,188,9700
20240721,1:00,9260,3198,1068,4178,110,212,840,148,610,0,0,94,0,0,4,1392,190,9260
20240721,1:30,9022,3198,1034,4176,112,194,896,150,614,0,0,96,0,0,2,1640,190,9022
20240721,2:00,8810,3200,1060,3826,104,208,884,148,610,0,0,92,0,0,0,1512,190,8810
20240721,2:30,8744,3198,1036,3778,106,194,884,150,616,0,0,96,0,0,0,1504,190,8744
20240721,3:00,8820,3198,1028,3848,106,206,888,148,614,0,0,90,0,0,2,1496,188,8820
20240721,3:30,8834,3202,1054,3786,106,192,946,150,620,0,0,94,0,0,0,1504,188,8834
20240721,4:00,8898,3204,1046,3926,104,202,954,146,608,0,0,90,0,0,-4,1568,190,8898
20240721,4:30,9012,3196,1042,4152,106,194,958,150,612,0,0,94,0,0,-2,1680,190,9012
20240721,5:00,9214,3198,1120,4226,106,210,952,146,610,0,0,80,0,0,0,1624,190,9214
20240721,5:30,9302,3198,1126,4354,108,198,964,150,614,4,0,66,0,0,-2,1668,190,9302
20240721,6:00,9222,3202,1150,4072,108,200,960,146,604,62,0,66,0,0,-2,1536,190,9222
20240721,6:30,9076,3196,1222,3420,110,200,956,150,614,390,0,58,0,0,-4,1424,188,9076
20240721,7:00,9000,3192,1234,3222,110,198,896,146,612,856,0,40,0,0,0,1696,190,9000
20240721,7:30,9230,3202,1260,2704,116,200,854,150,616,1582,0,32,0,0,4,1680,190,9230
20240721,8:00,9532,3198,1244,2350,116,224,798,146,610,2446,0,24,0,-204,0,1608,188,9532
20240721,8:30,9864,3200,1216,2092,126,214,772,150,608,3186,0,20,0,-376,-6,1528,190,9864
20240721,9:00,10424,3194,1264,2060,124,168,740,146,618,4002,0,26,0,-758,-6,1344,190,10424
20240721,9:30,11030,3198,1266,2052,132,158,702,150,614,4804,0,26,0,-740,0,1520,188,11030
20240721,10:00,11512,3202,1308,2240,130,166,694,144,606,5188,0,24,0,-1084,2,1296,188,11512
20240721,10:30,11826,3198,1468,2368,136,152,694,148,606,5236,0,30,0,-1028,14,1384,188,11826
20240721,11:00,11704,3198,1350,2570,134,154,684,146,614,5276,0,22,0,-654,-2,1976,188,11704
20240721,11:30,11816,3192,1226,2574,138,154,682,148,614,5672,0,22,0,-740,2,2056,188,11816
20240721,12:00,12426,3196,1378,2272,138,178,676,146,602,6470,0,22,0,-1246,2,1596,188,12426
20240721,12:30,12508,3194,1318,2552,142,176,702,150,610,6330,0,26,0,-1342,2,1540,188,12508
20240721,13:00,12326,3196,1498,2832,142,184,700,146,604,6244,0,22,0,-1304,6,2132,188,12326
20240721,13:30,12324,3198,1354,2904,144,168,690,150,612,6684,0,36,0,-1716,-8,2080,188,12324
20240721,14:00,12658,3194,1438,2762,148,182,688,146,602,6948,0,28,0,-1680,-2,1984,188,12658
20240721,14:30,12488,3194,1446,3028,146,158,682,150,614,6688,0,30,0,-1682,2,2156,188,12488
20240721,15:00,12672,3188,1328,3028,148,180,710,146,596,6750,0,20,0,-1714,-12,1884,188,12672
20240721,15:30,12812,3192,1330,3144,152,172,714,148,608,6402,0,22,0,-1508,0,1752,188,12812
20240721,16:00,13042,3196,1480,3262,152,204,720,146,604,5642,0,22,0,-1438,0,1136,188,13042
20240721,16:30,13144,3192,1832,3760,154,194,776,146,612,4866,0,22,0,-1102,0,1496,188,13144
20240721,17:00,13036,3190,1964,4286,160,248,858,146,608,3724,0,20,0,-446,-6,1904,188,13036
20240721,17:30,13452,3200,2166,5130,164,260,950,146,616,2827,0,21,0,0,6,2224,190,13452
20240721,18:00,13662,3198,2546,5602,168,280,968,148,604,1887,0,9,0,42,0,1980,190,13662
20240721,18:30,13684,3206,2616,5734,170,268,1000,148,610,1057,0,15,0,372,2,1708,194,13684
20240721,19:00,13290,3204,2590,5722,172,278,1000,146,610,321,0,17,0,584,-2,1548,196,13290
20240721,19:30,13112,3208,2542,5744,170,264,988,148,612,35,0,19,0,852,0,1664,194,13112
20240721,20:00,12924,3208,2540,5742,168,274,982,146,608,0,0,20,0,552,-4,1508,196,12924
20240721,20:30,12572,3202,2586,5746,162,258,918,150,618,0,0,24,0,208,2,1492,190,12572
20240721,21:00,12356,3204,2534,5742,154,284,904,146,602,0,0,24,0,48,0,1476,190,12356
20240721,21:30,11980,3200,2208,5746,152,274,842,150,610,0,0,22,0,0,0,1412,188,11980
20240721,22:00,11626,3198,1974,5658,146,288,752,146,604,0,0,20,0,0,2,1352,190,11626
20240721,22:30,11312,3200,1820,5732,140,252,704,150,612,0,0,28,0,0,-2,1512,188,11312
20240721,23:00,10880,3200,1604,5740,130,210,686,148,610,0,0,26,0,0,0,1664,190,10880
20240721,23:30,10650,3202,1674,5550,128,182,660,150,618,0,0,28,0,0,2,1732,188,10650
20240721,24:00,10160,3204,1538,5066,118,210,642,148,604,0,0,26,0,0,2,1588,190,10160
20240722,0:30,9660,3200,1242,4772,114,198,610,150,610,0,0,30,0,0,-6,1448,188,9660
20240722,1:00,9226,3202,1056,4602,108,202,604,148,612,0,0,22,0,0,-4,1516,190,9226
20240722,1:30,8952,3196,998,4420,106,188,602,150,620,0,0,22,0,0,6,1544,188,8952
20240722,2:00,8780,3200,968,4158,106,210,580,148,606,0,0,22,0,0,0,1408,190,8780
20240722,2:30,8650,3202,1034,4100,102,192,592,150,614,0,0,24,0,0,-4,1544,188,8650
20240722,3:00,8766,3204,1028,4196,102,206,610,148,610,0,0,22,0,0,-14,1536,190,8766
20240722,3:30,8826,3198,1040,4384,104,198,644,150,618,0,0,26,0,0,-20,1704,188,8826
20240722,4:00,8904,3204,1058,4376,102,206,654,148,610,0,0,20,0,0,-16,1648,190,8904
20240722,4:30,9006,3196,1034,4530,106,194,708,150,622,0,0,20,0,0,-6,1736,188,9006
20240722,5:00,9194,3198,1074,4584,104,210,848,148,606,0,0,14,0,0,2,1784,190,9194
20240722,5:30,9510,3200,1040,4798,108,198,880,152,616,5,0,15,0,0,-2,1688,188,9510
20240722,6:00,9556,3200,1148,4602,108,208,752,148,610,67,0,15,0,0,0,1492,190,9556
20240722,6:30,9810,3200,1122,4564,112,196,724,152,612,481,0,15,0,0,0,1556,188,9810
20240722,7:00,10042,3208,1202,3922,118,208,654,150,608,1085,0,15,0,0,2,1320,190,10042
20240722,7:30,10626,3214,1240,3908,124,188,648,152,612,2069,0,15,0,0,4,1736,188,10626
20240722,8:00,11370,3212,1354,3690,128,214,640,146,600,3131,0,15,0,-276,6,1680,190,11370
20240722,8:30,12360,3206,1392,3954,142,176,578,150,606,4225,0,13,0,-48,2,2224,188,12360
20240722,9:00,13338,3210,1376,4282,154,170,562,148,596,5097,0,15,0,0,-2,2460,190,13338
20240722,9:30,14096,3208,1278,4512,156,168,546,150,608,5915,0,13,0,0,-2,2644,188,14096
20240722,10:00,14612,3174,1262,4140,156,174,550,150,600,6739,0,11,0,0,-4,2528,188,14612
20240722,10:30,14956,3126,1298,4176,158,158,546,148,604,7356,0,14,0,-176,0,2640,188,14956
20240722,11:00,15194,3128,1368,4286,154,178,530,148,602,7676,0,18,0,-504,2,2580,188,15194
20240722,11:30,15104,3142,1330,4228,160,162,508,148,610,7818,0,22,0,-584,0,2628,188,15104
20240722,12:00,15234,3154,1282,4252,158,182,496,146,594,8112,0,26,0,-582,2,2776,188,15234
20240722,12:30,15094,3168,1406,3896,164,168,494,148,606,8170,0,20,0,-784,2,2552,188,15094
20240722,13:00,15064,3184,1514,3828,160,178,506,146,600,8118,0,18,0,-804,4,2576,188,15064
20240722,13:30,15474,3194,1532,4226,162,162,502,148,612,8080,0,20,0,-754,2,2600,188,15474
20240722,14:00,15402,3198,1620,4052,162,210,484,146,594,7666,0,16,0,-628,2,2308,188,15402
20240722,14:30,15680,3196,1690,4300,168,206,482,146,606,7687,0,25,0,-428,-2,2584,188,15680
20240722,15:00,15670,3192,2034,4154,166,232,490,142,596,7209,0,25,0,-56,-2,2700,188,15670
20240722,15:30,15554,3192,2102,4608,168,240,578,144,602,6477,0,31,0,0,0,2776,188,15554
20240722,16:00,15648,3190,2480,5004,172,276,634,144,600,5695,0,33,0,0,0,2768,188,15648
20240722,16:30,15742,3188,2850,5326,176,300,774,144,608,4831,0,29,0,24,0,2696,188,15742
20240722,17:00,15666,3190,2894,5724,178,302,792,144,598,3771,0,29,0,476,2,2624,190,15666
20240722,17:30,15384,3190,2780,5730,178,292,962,144,612,2749,0,31,0,992,0,2468,192,15384
20240722,18:00,15260,3198,2770,5734,178,334,1034,144,596,1857,0,31,0,1618,4,2432,194,15260
20240722,18:30,14970,3194,2864,5740,182,348,1078,144,612,987,0,27,0,1672,4,2072,190,14970
20240722,19:00,14710,3202,2874,5740,186,368,1092,146,602,347,0,23,0,1854,0,1912,188,14710
20240722,19:30,14380,3202,2968,5742,178,348,1074,146,614,45,0,27,0,1824,0,1976,188,14380
20240722,20:00,14094,3204,2928,5738,180,370,1052,144,596,0,0,30,0,1476,4,1816,188,14094
20240722,20:30,13656,3210,2802,5742,172,346,1044,146,608,0,0,44,0,1008,4,1656,186,13656
20240722,21:00,13192,3198,2810,5738,166,296,1004,144,598,0,0,42,0,978,4,1972,186,13192
20240722,21:30,12846,3202,2778,5744,160,274,862,148,606,0,0,52,0,568,4,1736,184,12846
20240722,22:00,12300,3194,2644,5740,152,292,848,142,602,0,0,60,0,104,-4,1660,186,12300
20240722,22:30,11984,3200,2494,5746,146,276,832,148,604,0,0,74,0,16,0,1736,184,11984
20240722,23:00,11558,3196,2102,5742,136,262,796,142,602,0,0,80,0,-2,8,1692,186,11558
20240722,23:30,11274,3198,2034,5748,132,220,692,146,610,0,0,108,0,0,10,1808,184,11274
20240722,24:00,10808,3198,1300,5742,126,220,670,144,604,0,0,126,0,0,4,1512,186,10808
20240723,0:30,10316,3202,1148,5734,120,196,726,148,612,0,0,124,0,0,-6,1872,184,10316
20240723,1:00,9924,3194,1104,5626,114,222,744,144,604,0,0,124,0,-356,-16,1764,184,9924
20240723,1:30,9554,3200,1142,5470,112,208,672,148,610,0,0,114,0,-566,-16,1724,184,9554
20240723,2:00,9384,3196,1144,5404,108,218,632,144,606,0,0,114,0,-722,-14,1632,186,9384
20240723,2:30,9240,3190,1134,5414,108,196,650,148,616,0,0,110,0,-788,-10,1712,184,9240
20240723,3:00,9260,3196,1102,5414,104,224,656,144,604,0,0,96,0,-732,-12,1720,184,9260
20240723,3:30,9292,3196,1100,5400,106,204,668,148,614,0,0,84,0,-590,-14,1808,184,9292
20240723,4:00,9334,3198,1104,5410,106,210,690,144,610,0,0,82,0,-390,-14,2000,184,9334
20240723,4:30,9464,3186,1070,5418,108,218,734,148,612,0,0,78,0,-266,-2,2024,184,9464
20240723,5:00,9666,3192,1128,5410,108,216,856,144,614,0,0,64,0,-240,-4,2008,186,9666
20240723,5:30,9878,3194,1294,5332,114,206,884,148,612,5,0,61,0,-150,-2,2004,184,9878
20240723,6:00,9970,3198,1714,4950,112,218,734,146,610,79,0,57,0,0,-4,2028,184,9970
20240723,6:30,10150,3196,1768,4714,118,196,632,148,614,491,0,49,0,0,0,1960,184,10150
20240723,7:00,10374,3198,1742,4508,120,226,626,146,606,1109,0,49,0,-330,-2,1808,184,10374
20240723,7:30,10972,3206,1748,4472,128,208,616,148,614,2054,0,40,0,-790,-8,1648,184,10972
20240723,8:00,11552,3208,1888,4346,132,188,588,146,608,3046,0,40,0,-1222,0,1600,184,11552
20240723,8:30,12378,3204,1860,5084,148,170,536,146,608,3949,0,47,0,-1108,-2,2448,184,12378
20240723,9:00,13478,3204,1954,5070,152,190,504,142,606,4825,0,53,0,-1054,0,2352,184,13478
20240723,9:30,14304,3200,1932,4966,156,184,488,144,602,5672,0,60,0,-800,-2,2480,182,14304
20240723,10:00,14626,3208,1806,4910,152,180,480,138,600,6036,0,60,0,-414,-8,2704,182,14626
20240723,10:30,14812,3204,1630,4500,156,174,472,138,606,6561,0,67,0,-248,2,2632,182,14812
20240723,11:00,14982,3210,1516,4556,152,176,452,140,598,6847,0,59,0,-254,-4,2648,182,14982
20240723,11:30,14988,3204,1752,4650,158,166,452,140,606,6937,0,63,0,-548,2,2776,182,14988
20240723,12:00,15100,3206,1802,4614,162,190,444,136,600,6975,0,59,0,-570,-2,2696,180,15100
20240723,12:30,15088,3202,1736,4652,164,158,446,138,610,7225,0,59,0,-750,-2,2732,182,15088
20240723,13:00,15276,3204,1758,4644,156,180,456,138,592,7413,0,55,0,-852,2,2652,182,15276
20240723,13:30,15540,3206,1782,4854,164,170,446,138,596,7239,0,57,0,-662,0,2632,182,15540
20240723,14:00,15608,3200,1760,4918,164,184,422,140,592,6849,0,61,0,-524,-4,2336,182,15608
20240723,14:30,15794,3202,1890,5050,162,184,420,140,602,6767,0,63,0,-348,4,2524,182,15794
20240723,15:00,15786,3196,2084,5132,164,216,444,138,590,6219,0,65,0,-294,-4,2344,180,15786
20240723,15:30,15672,3196,2258,5128,168,200,434,140,600,5760,0,60,0,-50,0,2404,182,15672
20240723,16:00,15746,3198,2518,5336,168,304,454,138,596,5086,0,60,0,2,-2,2292,180,15746
20240723,16:30,15760,3196,2760,5728,174,354,614,140,604,4226,0,66,0,148,10,2440,180,15760
20240723,17:00,15608,3192,2856,5736,174,368,644,138,596,3252,0,76,0,594,16,2216,182,15608
20240723,17:30,15410,3194,2934,5734,178,388,730,140,602,2492,0,84,0,932,2,2184,184,15410
20240723,18:00,15170,3194,3112,5730,174,398,892,138,606,1610,0,84,0,1322,-2,2272,184,15170
20240723,18:30,15076,3190,3212,5734,178,380,968,142,608,848,0,90,0,1766,-2,2224,186,15076
20240723,19:00,14756,3186,3262,5730,178,390,1008,138,598,330,0,72,0,1634,0,1956,186,14756
20240723,19:30,14460,3196,3424,5734,176,382,1006,142,614,52,0,78,0,1576,2,2108,186,14460
20240723,20:00,14070,3196,3268,5734,172,380,992,140,590,0,0,82,0,1344,0,2012,184,14070
20240723,20:30,13786,3200,3102,5732,170,336,986,146,606,0,0,82,0,1242,4,2004,184,13786
20240723,21:00,13346,3204,3042,5736,168,334,988,142,602,0,0,88,0,804,0,1944,182,13346
20240723,21:30,12958,3208,3152,5740,158,330,838,146,600,0,0,86,0,394,0,1876,182,12958
20240723,22:00,12430,3204,2908,5740,150,336,736,142,598,0,0,82,0,18,-2,1664,182,12430
20240723,22:30,12114,3204,2786,5748,146,292,698,146,600,0,0,104,0,0,8,1800,182,12114
20240723,23:00,11724,3198,2492,5744,136,278,662,142,602,0,0,90,0,0,6,1808,182,11724
20240723,23:30,11410,3204,1776,5742,130,216,596,146,610,0,0,100,0,0,12,1304,182,11410
20240723,24:00,10924,3206,1520,5740,124,204,552,144,608,0,0,102,0,0,10,1468,182,10924
20240724,0:30,10396,3194,1390,5640,120,198,570,146,608,0,0,100,0,0,12,1764,182,10396
20240724,1:00,9996,3198,1266,5644,114,206,586,144,606,0,0,96,0,-114,4,1936,182,9996
20240724,1:30,9676,3198,1164,5674,112,198,592,146,616,0,0,92,0,-418,-12,1868,182,9676
20240724,2:00,9416,3200,1130,5694,108,206,574,144,602,0,0,98,0,-648,-10,1864,182,9416
20240724,2:30,9330,3202,1128,5660,106,184,588,146,618,0,0,96,0,-630,-14,1936,182,9330
20240724,3:00,9370,3192,1154,5610,104,216,596,144,598,0,0,82,0,-624,-12,1872,182,9370
20240724,3:30,9412,3196,1170,5612,108,186,598,146,618,0,0,74,0,-626,-16,1836,182,9412
20240724,4:00,9454,3198,1192,5666,104,216,610,144,602,0,0,64,0,-630,-10,1884,182,9454
20240724,4:30,9488,3188,1154,5742,106,196,682,146,612,0,0,72,0,-600,-8,1984,182,9488
20240724,5:00,9742,3188,1220,5742,108,198,814,144,600,0,0,70,0,-514,2,2012,182,9742
20240724,5:30,10000,3192,1246,5746,112,196,856,146,616,4,0,62,0,-476,-6,1876,182,10000
20240724,6:00,10088,3198,1558,5736,110,206,740,144,606,44,0,58,0,-508,-2,1984,182,10088
20240724,6:30,10186,3192,1742,5694,116,186,604,148,624,318,0,56,0,-588,0,2088,182,10186
20240724,7:00,10406,3200,1776,5610,118,210,576,144,604,908,0,60,0,-944,-6,2032,182,10406
20240724,7:30,10792,3200,1790,5470,126,192,548,148,612,1684,0,54,0,-1046,8,2176,182,10792
20240724,8:00,11414,3204,1794,5346,128,214,496,144,598,2544,0,58,0,-1026,-4,2264,182,11414
20240724,8:30,12340,3204,1764,5578,142,208,456,146,604,3404,0,64,0,-830,2,2584,182,12340
20240724,9:00,13218,3204,1796,5690,146,214,442,144,602,4060,0,64,0,-782,0,2544,182,13218
20240724,9:30,13818,3202,1792,5700,150,194,420,146,598,4634,0,62,0,-642,-2,2616,180,13818
20240724,10:00,14126,3204,1858,5714,150,208,418,142,588,4832,0,48,0,-544,0,2672,180,14126
20240724,10:30,14044,3204,1820,5736,148,198,416,146,596,4825,0,49,0,-544,-2,2728,180,14044
20240724,11:00,14226,3204,1816,5582,148,212,394,140,596,5187,0,43,0,-542,2,2736,180,14226
20240724,11:30,14332,3202,1850,5420,156,194,390,144,600,5421,0,49,0,-544,-2,2728,180,14332
20240724,12:00,14428,3204,1796,5508,158,202,382,142,590,5601,0,51,0,-642,0,2744,180,14428
20240724,12:30,14212,3202,1776,5054,158,202,364,146,600,6002,0,54,0,-814,0,2712,180,14212
20240724,13:00,14190,3200,1756,5202,152,210,370,142,592,5840,0,42,0,-796,2,2704,182,14190
20240724,13:30,14824,3204,1830,5682,160,188,378,146,600,5909,0,43,0,-780,4,2720,180,14824
20240724,14:00,14900,3194,1850,5740,156,234,362,142,584,5517,0,43,0,-412,-4,2688,182,14900
20240724,14:30,14714,3204,1860,5738,158,242,366,144,600,5035,0,37,0,-146,0,2704,180,14714
20240724,15:00,14684,3194,1812,5568,158,276,530,142,590,4971,0,39,0,2,-4,2776,182,14684
20240724,15:30,14894,3202,1890,5198,162,278,644,144,600,5314,0,32,0,0,2,2752,180,14894
20240724,16:00,15170,3194,2172,5718,162,348,664,142,586,4750,0,24,0,0,-4,2768,182,15170
20240724,16:30,15092,3198,2596,5740,164,382,706,144,600,4002,0,24,0,106,0,2752,182,15092
20240724,17:00,15026,3192,2728,5732,158,398,732,142,602,3110,0,26,0,702,0,2680,184,15026
20240724,17:30,14754,3198,2716,5738,158,372,890,146,616,2339,0,39,0,1012,0,2656,186,14754
20240724,18:00,14628,3186,2734,5738,160,404,928,140,616,1639,0,57,0,1366,2,2528,186,14628
20240724,18:30,14540,3186,2736,5734,164,372,998,144,644,952,0,64,0,1632,0,2272,186,14540
20240724,19:00,14280,3194,2724,5736,164,408,1010,142,632,326,0,58,0,1886,-2,2184,186,14280
20240724,19:30,14040,3196,2762,5740,164,368,996,146,646,50,0,58,0,1878,18,2168,186,14040
20240724,20:00,13822,3196,2782,5740,162,412,994,140,626,0,0,72,0,1192,-4,1676,186,13822
20240724,20:30,13374,3198,2730,5744,156,374,844,146,636,0,0,86,0,952,4,1680,184,13374
20240724,21:00,12962,3198,2752,5738,150,396,804,142,634,0,0,82,0,638,-2,1752,182,12962
20240724,21:30,12662,3196,2732,5744,142,376,758,146,644,0,0,80,0,470,0,1808,182,12662
20240724,22:00,12180,3202,2608,5740,138,394,672,142,638,0,0,72,0,190,0,1800,184,12180
20240724,22:30,11824,3204,2346,5746,132,376,666,146,638,0,0,72,0,30,-2,1712,182,11824
20240724,23:00,11408,3202,1646,5742,120,362,658,142,640,0,0,74,0,0,6,1368,184,11408
20240724,23:30,11174,3202,1642,5748,118,300,598,146,646,0,0,66,0,0,-2,1472,182,11174
20240724,24:00,10720,3204,1320,5722,106,274,580,142,644,0,0,60,0,0,4,1520,184,10720
20240725,0:30,10248,3200,1144,5510,108,264,516,146,644,0,0,52,0,0,-2,1516,182,10248
20240725,1:00,9800,3196,1166,5382,102,268,486,142,644,0,0,52,0,-40,-4,1776,182,9800
20240725,1:30,9496,3198,1206,5398,102,250,490,146,648,0,0,56,0,-246,2,1936,182,9496
20240725,2:00,9312,3202,1098,5362,100,270,482,142,640,0,0,54,0,-284,4,1940,182,9312
20240725,2:30,9204,3204,1158,5258,98,258,466,146,650,0,0,48,0,-330,2,1936,182,9204
20240725,3:00,9242,3200,1106,5318,98,270,462,144,636,0,0,42,0,-286,2,1932,182,9242
20240725,3:30,9274,3202,1072,5376,98,252,470,146,652,0,0,48,0,-264,0,1960,182,9274
20240725,4:00,9326,3198,1084,5406,96,268,490,144,640,0,0,42,0,-238,2,1988,182,9326
20240725,4:30,9376,3190,1118,5470,98,252,636,146,656,0,0,42,0,-314,-16,2084,182,9376
20240725,5:00,9658,3188,1192,5592,100,278,676,144,636,0,0,40,0,-348,-6,2016,182,9658
20240725,5:30,9860,3188,1258,5746,104,254,688,148,652,4,0,40,0,-476,0,1928,182,9860
20240725,6:00,9856,3190,1390,5726,104,274,672,142,644,50,0,48,0,-508,-2,2056,182,9856
20240725,6:30,10060,3196,1630,5726,108,252,540,148,656,372,0,52,0,-736,-10,2056,182,10060
20240725,7:00,10284,3190,1500,5742,108,268,510,144,636,996,0,48,0,-928,0,2112,182,10284
20240725,7:30,10732,3198,1458,5722,118,236,504,146,650,1883,0,49,0,-1188,-2,2224,182,10732
20240725,8:00,11382,3206,1670,5220,122,250,500,144,640,2961,0,45,0,-1334,4,2228,182,11382
20240725,8:30,12402,3208,1694,5440,136,224,446,146,648,4107,0,55,0,-1300,4,2588,182,12402
20240725,9:00,13456,3206,1682,5448,144,236,488,144,636,5127,0,65,0,-1278,2,2624,180,13456
20240725,9:30,14104,3196,1740,5090,146,222,536,144,642,5959,0,61,0,-1150,2,2664,180,14104
20240725,10:00,14588,3200,1718,4746,142,234,472,140,626,6709,0,69,0,-884,-4,2760,180,14588
20240725,10:30,14924,3206,1586,4674,144,216,410,142,642,7317,0,69,0,-860,2,2804,180,14924
20240725,11:00,15094,3202,1600,4620,146,246,398,142,620,7601,0,79,0,-934,-2,2804,180,15094
20240725,11:30,15352,3204,1726,4506,148,212,394,142,644,7963,0,77,0,-1024,0,2820,180,15352
20240725,12:00,15630,3208,1734,4502,150,240,388,142,630,8217,0,85,0,-1034,0,2812,180,15630
20240725,12:30,15772,3204,1736,4670,146,222,362,142,638,8235,0,111,0,-1186,0,2688,180,15772
20240725,13:00,15586,3210,1750,4962,144,232,350,142,630,7799,0,125,0,-1240,-2,2696,180,15586
20240725,13:30,15992,3202,1758,5042,146,228,362,142,618,7591,0,113,0,-710,0,2680,180,15992
20240725,14:00,16158,3204,1766,5364,148,228,368,140,614,7083,0,115,0,-338,-2,2712,180,16158
20240725,14:30,15948,3204,1906,5594,148,216,408,142,626,6125,0,127,0,0,0,2728,180,15948
20240725,15:00,15962,3198,2422,5722,146,240,578,140,618,5293,0,123,0,0,-2,2696,180,15962
20240725,15:30,15630,3202,2560,5734,148,262,572,140,632,4147,0,133,0,616,-2,2696,182,15630
20240725,16:00,15572,3194,2622,5738,152,366,576,138,636,3231,0,121,0,1212,20,2616,182,15572
20240725,16:30,15158,3202,2674,5736,156,410,690,140,642,2673,0,131,0,770,16,2264,182,15158
20240725,17:00,14714,3198,2826,5738,162,422,732,142,632,2149,0,111,0,708,0,2292,186,14714
20240725,17:30,14430,3194,2738,5740,160,408,908,144,648,1721,0,125,0,1008,0,2552,188,14430
20240725,18:00,14314,3198,2780,5738,158,442,932,146,632,1113,0,149,0,1416,2,2580,188,14314
20240725,18:30,14142,3194,2790,5740,158,392,996,146,650,563,0,169,0,1724,2,2568,186,14142
20240725,19:00,13916,3194,2830,5740,156,400,1010,144,636,161,0,129,0,1838,0,2508,186,13916
20240725,19:30,13720,3200,2840,5738,152,386,998,146,650,26,0,108,0,1806,0,2516,186,13720
20240725,20:00,13422,3200,2854,5734,150,406,860,144,632,0,0,106,0,1604,2,2452,182,13422
20240725,20:30,13030,3204,2770,5742,146,386,818,146,644,0,0,84,0,1294,2,2388,182,13030
20240725,21:00,12676,3208,2640,5740,142,400,732,144,634,0,0,74,0,1110,4,2336,184,12676
20240725,21:30,12306,3208,2584,5742,136,386,676,148,646,0,0,82,0,830,2,2316,182,12306
20240725,22:00,11952,3208,2562,5744,130,412,650,144,638,0,0,92,0,388,0,2200,184,11952
20240725,22:30,11602,3206,2530,5744,126,382,614,148,648,0,0,94,0,138,-2,2208,182,11602
20240725,23:00,11276,3208,2194,5750,116,356,562,144,636,0,0,110,0,42,-2,2024,184,11276
20240725,23:30,11004,3212,2014,5746,114,240,504,148,650,0,0,106,0,0,0,1912,182,11004
20240725,24:00,10598,3210,1694,5698,110,212,478,144,648,0,0,94,0,0,2,1876,184,10598
20240726,0:30,10068,3206,1224,5328,106,194,496,148,652,0,0,108,0,0,-20,1556,182,10068
20240726,1:00,9698,3208,1132,5468,100,196,498,144,648,0,0,106,0,0,-18,1968,184,9698
20240726,1:30,9454,3206,1136,5236,102,172,512,148,654,0,0,124,0,-56,-6,1956,182,9454
20240726,2:00,9202,3204,1122,5386,98,200,518,144,640,0,0,126,0,-456,0,1964,184,9202
20240726,2:30,9136,3206,1142,5406,98,178,510,148,656,0,0,142,0,-582,2,1952,182,9136
20240726,3:00,9110,3198,1144,5420,96,206,504,144,634,0,0,126,0,-580,0,1964,182,9110
20240726,3:30,9144,3206,1190,5382,96,172,516,148,656,0,0,160,0,-578,2,1988,182,9144
20240726,4:00,9246,3208,1208,5432,96,204,528,144,644,0,0,172,0,-574,2,2000,182,9246
20240726,4:30,9350,3196,1238,5498,98,182,610,148,656,0,0,156,0,-576,-14,2024,182,9350
20240726,5:00,9564,3196,1264,5656,100,198,640,144,636,0,0,152,0,-580,-6,2020,184,9564
20240726,5:30,9818,3192,1326,5740,102,180,646,148,654,0,0,144,0,-520,0,1976,182,9818
20240726,6:00,9834,3198,1606,5572,104,196,618,144,640,30,0,144,0,-534,-4,2064,184,9834
20240726,6:30,9984,3198,1878,5232,106,176,576,148,650,291,0,157,0,-556,-2,2052,182,9984
20240726,7:00,10108,3198,1900,5118,110,190,558,144,642,843,0,155,0,-858,2,2076,182,10108
20240726,7:30,10588,3200,1968,5054,116,174,522,148,654,1731,0,159,0,-1156,0,2164,182,10588
20240726,8:00,11254,3206,1986,4958,116,198,490,144,638,2589,0,161,0,-1134,4,2284,182,11254
20240726,8:30,12042,3212,1982,5068,130,198,446,146,644,3406,0,172,0,-1128,0,2416,182,12042
20240726,9:00,12960,3214,2002,5294,134,216,432,144,638,4190,0,158,0,-1128,-8,2508,182,12960
20240726,9:30,13762,3200,1920,5426,142,254,486,144,642,4989,0,161,0,-1134,0,2648,180,13762
20240726,10:00,14192,3208,1930,5320,142,274,544,146,634,5485,0,151,0,-1096,2,2728,180,14192
20240726,10:30,14488,3204,1870,4810,140,254,508,142,646,6112,0,150,0,-1054,2,2476,180,14488
20240726,11:00,14764,3208,1868,4680,138,272,442,140,636,6540,0,154,0,-1074,0,2420,180,14764
20240726,11:30,15188,3206,1894,4772,140,260,422,140,646,6788,0,180,0,-992,4,2452,180,15188
20240726,12:00,15584,3204,1934,4980,142,270,412,140,632,6684,0,154,0,-810,2,2340,180,15584
20240726,12:30,15290,3200,2284,5042,142,266,394,140,644,6137,0,151,0,-932,6,2364,180,15290
20240726,13:00,14828,3202,2074,5048,144,270,392,142,638,5333,0,139,0,-216,0,2520,182,14828
20240726,13:30,15224,3202,1926,5116,146,262,410,142,642,5397,0,163,0,0,-4,2360,182,15224
20240726,14:00,15274,3194,2012,5084,146,318,418,138,632,5363,0,173,0,0,-2,2384,182,15274
20240726,14:30,15310,3200,2202,5602,148,314,534,144,642,4699,0,187,0,0,8,2552,182,15310
20240726,15:00,15238,3194,2532,5728,148,334,726,138,634,3993,0,181,0,0,16,2568,182,15238
20240726,15:30,14996,3200,2500,5722,152,310,786,144,642,3535,0,185,0,0,2,2364,182,14996
20240726,16:00,14520,3198,2780,5734,154,370,920,144,634,2827,0,181,0,92,-2,2692,180,14520
20240726,16:30,14448,3202,2754,5742,158,382,956,148,644,2403,0,185,0,384,2,2692,180,14448
20240726,17:00,14282,3200,2724,5742,156,404,980,144,646,1871,0,155,0,772,-6,2688,182,14282
20240726,17:30,13968,3198,2718,5740,154,388,986,148,648,1522,0,144,0,768,0,2632,186,13968
20240726,18:00,13786,3194,2720,5740,154,398,980,144,634,1144,0,132,0,820,-2,2456,184,13786
20240726,18:30,13512,3190,2736,5742,156,382,1000,148,644,697,0,125,0,962,0,2456,186,13512
20240726,19:00,13460,3198,2780,5738,158,392,1004,146,636,237,0,111,0,1352,-2,2476,186,13460
20240726,19:30,13308,3200,2820,5734,156,386,992,148,648,32,0,112,0,1134,-2,2236,184,13308
20240726,20:00,13040,3200,2794,5742,152,396,998,144,632,0,0,108,0,980,-2,2288,184,13040
20240726,20:30,12752,3202,2672,5744,152,380,846,148,644,0,0,128,0,642,0,1988,182,12752
20240726,21:00,12412,3202,2676,5748,144,408,794,144,636,0,0,126,0,206,-2,1852,182,12412
20240726,21:30,12008,3206,2356,5744,140,382,770,148,640,0,0,116,0,36,0,1712,182,12008
20240726,22:00,11644,3206,2154,5740,132,390,754,146,630,0,0,110,0,0,0,1800,182,11644
20240726,22:30,11338,3204,2000,5750,128,390,598,148,636,0,0,110,0,0,0,1808,182,11338
20240726,23:00,10986,3208,1826,5706,120,390,532,144,642,0,0,102,0,0,6,1872,182,10986
20240726,23:30,10740,3204,1804,5654,116,346,500,148,650,0,0,112,0,0,12,1988,182,10740
20240726,24:00,10294,3208,1170,5584,110,302,496,144,640,0,0,106,0,0,8,1656,182,10294
20240727,0:30,9872,3206,1050,5462,108,284,494,148,648,0,0,98,0,0,2,1816,188,9872
20240727,1:00,9432,3208,1006,5126,102,290,468,146,642,0,0,94,0,0,-4,1836,190,9432
20240727,1:30,9170,3204,1010,4780,102,274,480,150,652,0,0,94,0,0,-10,1756,190,9170
20240727,2:00,8998,3208,976,4642,98,306,484,144,642,0,0,84,0,0,-16,1760,190,8998
20240727,2:30,8894,3204,970,4610,98,250,462,150,654,0,0,102,0,0,-12,1784,190,8894
20240727,3:00,8954,3202,992,4676,96,280,462,146,638,0,0,110,0,0,-14,1824,190,8954
20240727,3:30,9038,3202,1090,4556,98,254,492,150,652,0,0,104,0,0,-6,1744,190,9038
20240727,4:00,9072,3204,1060,4694,94,264,516,146,642,0,0,88,0,0,-4,1820,188,9072
20240727,4:30,9114,3194,1244,4506,100,240,624,150,648,0,0,92,0,0,-2,1872,190,9114
20240727,5:00,9282,3192,1340,4444,98,248,760,146,644,0,0,92,0,0,0,1872,190,9282
20240727,5:30,9466,3190,1398,4430,104,242,798,150,650,0,0,102,0,0,0,1788,190,9466
20240727,6:00,9456,3190,1646,4258,102,258,700,144,648,36,0,114,0,0,-2,1828,190,9456
20240727,6:30,9252,3192,1626,3950,104,240,566,144,634,310,0,112,0,0,-4,1808,186,9252
20240727,7:00,9306,3192,1624,3416,110,250,538,148,656,878,0,102,0,0,2,1800,190,9306
20240727,7:30,9680,3198,1548,2910,114,240,496,150,652,1864,0,92,0,-156,-4,1612,188,9680
20240727,8:00,9956,3198,1628,2736,116,252,492,142,644,2802,0,74,0,-538,0,1780,190,9956
20240727,8:30,10640,3200,1638,2580,124,226,448,148,650,3826,0,70,0,-508,2,1952,188,10640
20240727,9:00,11242,3208,1562,2316,126,232,438,144,640,4744,0,68,0,-526,-4,1896,190,11242
20240727,9:30,11956,3202,1582,2188,134,214,434,146,644,5747,0,77,0,-542,2,2060,188,11956
20240727,10:00,12560,3204,1564,2148,132,232,434,144,638,6597,0,83,0,-654,-2,2148,188,12560
20240727,10:30,12826,3204,1566,2158,136,216,450,146,642,7091,0,81,0,-852,0,2200,188,12826
20240727,11:00,13178,3202,1578,2162,134,230,452,142,634,7633,0,71,0,-1030,-2,2216,188,13178
20240727,11:30,13334,3208,1574,2178,138,210,444,144,640,7807,0,75,0,-1034,2,2240,188,13334
20240727,12:00,13654,3202,1582,2178,142,204,444,144,636,8135,0,71,0,-1014,-2,2256,188,13654
20240727,12:30,13880,3206,1596,2252,144,192,414,144,642,8251,0,77,0,-1010,0,2216,188,13880
20240727,13:00,13716,3206,1562,2336,144,220,414,144,634,7875,0,73,0,-844,4,2240,188,13716
20240727,13:30,13686,3208,1574,2352,146,208,424,144,640,7555,0,77,0,-516,2,2316,188,13686
20240727,14:00,13738,3200,1616,2660,148,214,430,144,636,7239,0,59,0,-512,-4,2280,188,13738
20240727,14:30,13806,3206,1648,2878,146,204,418,144,642,6728,0,62,0,-240,2,2220,188,13806
20240727,15:00,13816,3198,1668,3054,146,232,414,144,624,6424,0,56,0,-74,-2,2256,188,13816
20240727,15:30,13804,3196,1768,3216,152,284,458,144,642,5969,0,51,0,0,4,2268,188,13804
20240727,16:00,13844,3194,2024,3520,154,352,476,144,634,5261,0,47,0,0,18,2168,188,13844
20240727,16:30,13926,3194,1986,4258,162,386,558,144,638,4486,0,48,0,0,6,2128,188,13926
20240727,17:00,13950,3194,2076,5152,166,418,598,144,642,3504,0,52,0,0,6,2192,190,13950
20240727,17:30,13812,3186,1928,5416,168,392,878,144,642,2522,0,54,0,506,0,2216,192,13812
20240727,18:00,13858,3184,2140,5628,172,400,934,144,636,1652,0,50,0,918,2,2192,190,13858
20240727,18:30,13620,3182,2268,5734,172,406,978,146,642,871,0,51,0,1084,2,2108,192,13620
20240727,19:00,13368,3184,2462,5728,174,400,1000,144,642,351,0,47,0,1130,0,2088,194,13368
20240727,19:30,13002,3188,2428,5732,170,394,980,146,650,61,0,49,0,1124,-2,2112,194,13002
20240727,20:00,12836,3188,2252,5738,170,402,998,144,640,0,0,38,0,1006,0,1932,192,12836
20240727,20:30,12534,3194,2002,5740,164,388,856,146,648,0,0,42,0,708,0,1544,190,12534
20240727,21:00,12234,3204,1922,5738,156,416,782,144,642,0,0,36,0,558,2,1556,190,12234
20240727,21:30,11878,3198,1816,5738,152,394,704,148,650,0,0,34,0,472,0,1616,188,11878
20240727,22:00,11524,3198,1532,5742,150,410,686,144,638,0,0,32,0,490,0,1688,190,11524
20240727,22:30,11248,3190,1458,5744,140,398,680,148,648,0,0,34,0,342,4,1728,190,11248
20240727,23:00,10902,3190,1326,5726,134,370,654,146,646,0,0,32,0,140,10,1662,190,10902
20240727,23:30,10666,3192,1338,5728,128,280,578,148,650,0,0,32,0,86,8,1692,190,10666
20240727,24:00,10360,3194,1290,5224,116,286,512,146,646,0,0,34,0,-2,14,1290,190,10360
20240728,0:30,9766,3196,1496,4612,116,256,488,150,654,0,0,32,0,0,-2,1420,188,9766
20240728,1:00,9340,3198,1378,4482,108,264,474,146,648,0,0,28,0,0,-18,1556,188,9340
20240728,1:30,9044,3200,1308,4386,108,256,480,148,652,0,0,20,0,0,-14,1688,188,9044
20240728,2:00,8828,3196,1308,4106,106,262,470,146,648,0,0,20,0,0,-10,1612,188,8828
20240728,2:30,8756,3196,1304,4150,106,256,450,148,656,0,0,14,0,0,-16,1696,188,8756
20240728,3:00,8740,3202,1296,4138,100,264,448,146,642,0,0,12,0,0,-16,1680,188,8740
20240728,3:30,8736,3198,1310,4182,104,246,464,150,656,0,0,12,0,0,-10,1764,188,8736
20240728,4:00,8786,3200,1316,4196,104,274,482,146,642,0,0,10,0,0,0,1772,188,8786
20240728,4:30,8802,3192,1304,4106,102,246,564,150,656,0,0,16,0,0,2,1724,188,8802
20240728,5:00,9024,3190,1292,4294,106,280,728,146,644,0,0,14,0,0,0,1860,190,9024
20240728,5:30,9140,3190,1282,4254,108,260,882,150,644,0,0,20,0,0,-6,1832,188,9140
20240728,6:00,9086,3190,1252,4264,104,256,786,146,650,34,0,22,0,0,-4,1804,190,9086
20240728,6:30,9078,3192,1308,3884,110,264,674,150,656,378,0,24,0,0,2,1752,188,9078
20240728,7:00,9026,3192,1384,3076,108,290,638,146,636,1052,0,26,0,0,0,1712,190,9026
20240728,7:30,9210,3192,1298,2556,112,276,644,150,646,2031,0,19,0,-98,-4,1800,188,9210
20240728,8:00,9488,3200,1190,2040,116,282,626,146,650,3135,0,9,0,-274,4,1824,188,9488
20240728,8:30,9974,3202,1188,2004,118,268,518,148,646,4225,0,15,0,-580,2,1968,188,9974
20240728,9:00,10472,3196,1166,1878,120,266,452,146,646,5219,0,9,0,-786,4,2032,188,10472
20240728,9:30,11264,3200,1210,1666,126,236,416,150,648,6261,0,17,0,-806,0,2048,188,11264
20240728,10:00,11776,3192,1194,1656,126,244,410,144,640,7029,0,13,0,-998,-4,2056,186,11776
20240728,10:30,12148,3200,1124,1660,130,232,410,146,640,7613,0,13,0,-1058,-2,2148,188,12148
20240728,11:00,12342,3198,1202,1682,126,234,418,144,644,7963,0,9,0,-1266,-2,2196,186,12342
20240728,11:30,12546,3198,1274,1660,132,236,402,146,644,8231,0,11,0,-1444,2,2132,186,12546
20240728,12:00,12686,3198,1250,1670,134,246,390,144,640,8297,0,7,0,-1350,4,2132,188,12686
20240728,12:30,13006,3198,1236,1844,138,232,374,144,640,8543,0,11,0,-1346,-2,2192,186,13006
20240728,13:00,13140,3202,1244,1902,138,244,368,144,646,8547,0,15,0,-1414,0,2084,188,13140
20240728,13:30,12948,3196,1356,2040,138,240,382,146,630,8125,0,15,0,-1332,4,2180,188,12948
20240728,14:00,12940,3202,1256,2488,140,232,384,142,640,7877,0,15,0,-1316,-8,2300,188,12940
20240728,14:30,13040,3194,1212,3012,142,232,364,144,636,7627,0,19,0,-1440,-2,2288,188,13040
20240728,15:00,12924,3196,1256,3370,138,248,356,144,636,6923,0,13,0,-1332,6,2216,186,12924
20240728,15:30,13016,3196,1280,3548,144,250,366,144,634,6527,0,15,0,-1128,4,2152,188,13016
20240728,16:00,13070,3188,1400,3598,146,352,410,144,642,5821,0,17,0,-782,6,2060,188,13070
20240728,16:30,13312,3184,1774,4020,150,394,546,146,642,5031,0,19,0,-646,4,2140,188,13312
20240728,17:00,13476,3180,1982,4558,156,408,614,140,642,3923,0,13,0,-130,12,2212,190,13476
20240728,17:30,13394,3184,2170,5220,160,390,796,144,644,2719,0,17,0,0,0,2240,190,13394
20240728,18:00,13602,3178,2602,5712,170,414,822,144,628,1771,0,15,0,68,0,2112,190,13602
20240728,18:30,13410,3180,2798,5738,170,398,990,144,636,921,0,11,0,278,-4,2040,190,13410
20240728,19:00,13236,3172,2828,5738,174,402,1012,146,642,325,0,7,0,876,2,2280,192,13236
20240728,19:30,13080,3188,2838,5738,168,392,960,148,648,43,0,5,0,860,0,2100,192,13080
20240728,20:00,12852,3180,2818,5740,166,406,962,144,642,0,0,4,0,424,-2,1824,192,12852
20240728,20:30,12520,3190,2822,5748,164,398,942,148,638,0,0,6,0,162,4,1892,190,12520
20240728,21:00,12168,3186,2742,5740,158,406,766,144,640,0,0,0,0,92,0,1896,190,12168
20240728,21:30,11818,3196,2566,5744,152,402,726,148,638,0,0,8,0,56,2,2008,188,11818
20240728,22:00,11486,3190,1920,5742,146,400,706,144,644,0,0,4,0,0,0,1600,190,11486
20240728,22:30,11132,3192,1736,5740,140,402,700,148,644,0,0,12,0,0,-2,1768,188,11132
20240728,23:00,10748,3192,1636,5710,132,404,684,146,646,0,0,14,0,0,-4,2000,188,10748
20240728,23:30,10524,3192,1542,5678,126,362,586,148,650,0,0,22,0,0,-2,1968,188,10524
20240728,24:00,10078,3188,1202,5276,118,334,506,146,648,0,0,18,0,0,-2,1544,188,10078
20240729,0:30,9658,3192,1210,5152,116,306,494,148,648,0,0,24,0,0,-4,1816,188,9658
20240729,1:00,9212,3184,1124,4772,110,314,500,146,650,0,0,32,0,0,2,1808,186,9212
20240729,1:30,8846,3188,1032,4470,108,298,488,148,656,0,0,32,0,0,4,1764,186,8846
20240729,2:00,8676,3194,1012,4324,104,324,486,146,646,0,0,26,0,0,-6,1768,188,8676
20240729,2:30,8608,3192,976,4310,106,288,520,148,650,0,0,26,0,0,-18,1776,186,8608
20240729,3:00,8624,3190,978,4352,104,284,520,146,650,0,0,26,0,0,-10,1804,188,8624
20240729,3:30,8650,3190,1040,4316,102,268,538,148,660,0,0,32,0,0,-10,1820,186,8650
20240729,4:00,8760,3198,1048,4424,102,290,560,148,636,0,0,36,0,0,-2,1868,188,8760
20240729,4:30,8742,3190,1044,4430,100,282,556,146,632,0,0,32,0,0,-2,1852,184,8742
20240729,5:00,8990,3192,1050,4410,106,264,798,148,650,0,0,32,0,0,0,1844,184,8990
20240729,5:30,9340,3190,1092,4572,108,274,868,150,654,0,0,40,0,0,-6,1788,186,9340
20240729,6:00,9390,3190,1412,4486,108,290,668,148,638,31,0,45,0,0,2,1816,188,9390
20240729,6:30,9586,3190,1628,4206,114,294,550,150,656,369,0,41,0,0,2,1800,186,9586
20240729,7:00,9854,3190,1618,3828,112,332,532,148,636,1021,0,37,0,0,0,1788,188,9854
20240729,7:30,10474,3200,1630,3568,120,302,514,150,654,2037,0,25,0,-100,0,1812,186,10474
20240729,8:00,11090,3196,1608,3444,126,320,492,146,636,3101,0,17,0,-290,2,1896,188,11090
20240729,8:30,11996,3204,1686,3746,138,292,432,146,628,4101,0,15,0,-50,2,2528,184,11996
20240729,9:00,13126,3204,1574,3894,148,296,416,148,646,5209,0,15,0,2,0,2612,186,13126
20240729,9:30,13900,3202,1638,3818,152,286,382,150,646,6137,0,15,0,0,-4,2708,186,13900
20240729,10:00,14494,3148,1610,3688,152,306,392,146,626,7039,0,13,0,0,-18,2792,184,14494
20240729,10:30,14706,3106,1640,3268,154,292,386,148,642,7590,0,16,0,0,8,2728,184,14706
20240729,11:00,15060,3108,1580,3198,150,304,378,146,632,8098,0,18,0,0,14,2752,186,15060
20240729,11:30,15438,3116,1604,3146,154,288,374,146,644,8500,0,22,0,0,0,2740,184,15438
20240729,12:00,15520,3130,1626,3056,156,310,364,144,632,8560,0,24,0,0,0,2668,186,15520
20240729,12:30,15398,3144,1602,2922,160,290,346,144,646,8686,0,26,0,-2,-4,2748,186,15398
20240729,13:00,15216,3152,1686,3024,160,308,336,144,630,8484,0,24,0,-232,-2,2684,186,15216
20240729,13:30,15522,3168,1792,3172,162,288,338,146,636,8392,0,30,0,-78,2,2712,186,15522
20240729,14:00,15734,3182,1852,3328,160,306,336,142,632,8212,0,30,0,0,4,2636,186,15734
20240729,14:30,15700,3196,2010,3568,164,296,344,144,634,7846,0,46,0,0,-2,2732,186,15700
20240729,15:00,15806,3196,2070,3902,162,306,348,144,634,7414,0,56,0,0,-4,2608,186,15806
20240729,15:30,15698,3198,2094,4502,168,292,354,146,644,6800,0,64,0,0,2,2752,186,15698
20240729,16:00,15810,3192,2198,5190,172,374,390,142,624,6056,0,70,0,0,0,2784,186,15810
20240729,16:30,15964,3184,2594,5640,174,414,438,146,636,5196,0,70,0,0,2,2716,186,15964
20240729,17:00,15890,3188,3120,5734,174,436,618,142,640,4138,0,68,0,94,0,2652,190,15890
20240729,17:30,15590,3190,3166,5738,174,392,698,144,650,3002,0,72,0,786,2,2616,192,15590
20240729,18:00,15530,3180,3048,5738,176,408,874,144,628,1986,0,70,0,1618,2,2536,194,15530
20240729,18:30,15268,3178,3046,5738,180,392,934,144,652,1037,0,71,0,1752,0,2048,192,15268
20240729,19:00,14872,3178,3262,5738,182,412,930,146,638,325,0,61,0,1676,2,1872,194,14872
20240729,19:30,14352,3176,3106,5742,178,380,916,146,648,33,0,53,0,1874,0,2092,192,14352
20240729,20:00,14048,3176,3072,5746,176,402,896,144,642,0,0,48,0,1870,2,2316,190,14048
20240729,20:30,13674,3182,3042,5744,172,378,892,146,648,0,0,50,0,1120,0,1888,188,13674
20240729,21:00,13226,3176,2968,5740,166,400,886,144,634,0,0,48,0,778,-4,1898,188,13226
20240729,21:30,12770,3186,2880,5736,160,388,658,148,642,0,0,58,0,960,2,2236,188,12770
20240729,22:00,12412,3190,2832,5750,150,382,594,146,636,0,0,60,0,428,-2,1942,188,12412
20240729,22:30,11988,3192,2748,5748,144,366,532,148,638,0,0,56,0,110,2,1884,188,11988
20240729,23:00,11580,3194,2620,5744,136,338,506,146,652,0,0,62,0,90,12,2110,190,11580
20240729,23:30,11246,3198,2418,5752,130,314,438,148,648,0,0,90,0,0,10,2088,188,11246
20240729,24:00,10732,3204,1484,5736,118,290,408,146,648,0,0,106,0,0,16,1614,190,10732
20240730,0:30,10226,3200,1260,5626,118,268,434,148,654,0,0,102,0,0,12,1784,188,10226
20240730,1:00,9806,3200,1236,5454,110,286,436,146,644,0,0,96,0,0,10,2000,188,9806
20240730,1:30,9468,3196,1124,5226,112,266,442,148,652,0,0,104,0,0,-6,1984,188,9468
20240730,2:00,9268,3198,1122,5016,102,278,438,146,640,0,0,102,0,0,-6,1956,188,9268
20240730,2:30,9138,3198,1134,4882,106,268,440,150,648,0,0,114,0,0,-18,1972,188,9138
20240730,3:00,9144,3192,1140,4874,104,274,452,146,648,0,0,122,0,0,-12,1984,188,9144
20240730,3:30,9200,3190,1210,4836,102,260,482,150,658,0,0,118,0,0,-10,1984,188,9200
20240730,4:00,9256,3188,1188,4922,100,280,508,146,646,0,0,110,0,0,-12,2008,188,9256
20240730,4:30,9342,3184,1196,5008,102,264,532,150,656,0,0,120,0,0,-2,2056,188,9342
20240730,5:00,9582,3184,1428,4924,106,278,632,146,648,0,0,116,0,0,4,2072,188,9582
20240730,5:30,9866,3186,1784,4790,110,290,610,150,652,0,0,112,0,0,-2,2004,188,9866
20240730,6:00,9888,3184,1752,4928,110,308,522,146,648,29,0,109,0,0,0,2036,188,9888
20240730,6:30,10022,3186,1746,4818,114,312,476,150,652,327,0,107,0,0,2,2056,188,10022
20240730,7:00,10244,3184,1746,4836,116,328,466,146,648,893,0,91,0,-230,-30,2136,186,10244
20240730,7:30,10720,3194,1770,4896,124,304,484,150,656,1887,0,85,0,-838,-14,2164,186,10720
20240730,8:00,11360,3188,1728,4740,124,334,480,146,644,2835,0,69,0,-868,-4,2244,188,11360
20240730,8:30,12328,3194,1702,4950,140,310,436,150,644,3793,0,65,0,-776,2,2468,186,12328
20240730,9:00,13210,3192,1656,5124,148,316,416,146,648,4729,0,55,0,-838,-2,2568,188,13210
20240730,9:30,14152,3194,1674,5302,150,288,398,148,642,5838,0,64,0,-1054,0,2680,188,14152
20240730,10:00,14748,3186,1684,5302,148,310,372,146,636,6724,0,70,0,-1234,-8,2776,188,14748
20240730,10:30,14940,3190,1696,4806,150,300,364,146,642,7368,0,74,0,-1296,4,2692,188,14940
20240730,11:00,15310,3186,1634,5040,146,316,360,144,638,7954,0,80,0,-1636,-6,2736,190,15310
20240730,11:30,15454,3188,1656,5078,152,294,336,144,638,8236,0,86,0,-1894,0,2648,188,15454
20240730,12:00,15676,3188,1634,4820,152,292,328,146,642,8524,0,88,0,-1808,0,2520,190,15676
20240730,12:30,15524,3184,1648,4472,154,286,328,146,644,8696,0,94,0,-1970,4,2352,190,15524
20240730,13:00,15476,3192,1574,4870,150,288,330,144,636,8716,0,96,0,-2050,-4,2656,190,15476
20240730,13:30,15676,3188,1574,5036,156,298,338,146,638,8548,0,96,0,-1808,4,2728,190,15676
20240730,14:00,15936,3200,1602,4854,160,288,342,142,636,8434,0,94,0,-1422,0,2584,190,15936
20240730,14:30,15976,3194,1620,4910,162,264,328,144,640,8101,0,91,0,-1006,2,2664,190,15976
20240730,15:00,15968,3198,1598,5114,164,280,334,144,634,7625,0,75,0,-718,2,2672,190,15968
20240730,15:30,15790,3204,1722,5218,166,302,348,144,640,6904,0,88,0,-328,-8,2800,190,15790
20240730,16:00,15956,3206,2006,5334,170,372,438,144,630,6168,0,88,0,-40,-22,2728,190,15956
20240730,16:30,16058,3204,2472,5408,176,398,614,144,636,5321,0,95,0,0,-2,2600,192,16058
20240730,17:00,15844,3202,2824,5706,172,214,820,144,638,4159,0,87,0,298,10,2624,194,15844
20240730,17:30,15546,3190,2908,5724,178,102,924,144,640,3014,0,84,0,1080,2,2640,196,15546
20240730,18:00,15578,3186,3122,5740,178,110,960,144,634,2008,0,86,0,1760,12,2560,198,15578
20240730,18:30,15260,3186,3228,5738,182,100,950,146,636,988,0,92,0,1924,28,2136,198,15260
20240730,19:00,14842,3186,3256,5736,182,114,954,144,646,310,0,92,0,1916,20,1912,198,14842
20240730,19:30,14418,3188,3206,5740,180,104,934,146,644,26,0,94,0,1914,20,1976,198,14418
20240730,20:00,14118,3188,2966,5736,176,112,930,144,642,0,0,80,0,1466,-4,1512,194,14118
20240730,20:30,13638,3196,2926,5736,174,100,790,146,644,0,0,88,0,1258,0,1612,192,13638
20240730,21:00,13244,3186,2934,5740,164,122,740,144,636,0,0,90,0,792,0,1496,192,13244
20240730,21:30,12814,3190,2894,5744,158,92,636,146,642,0,0,94,0,258,0,1232,192,12814
20240730,22:00,12322,3190,2840,5740,154,124,524,144,638,0,0,94,0,94,0,1412,192,12322
20240730,22:30,11912,3192,2420,5748,144,110,454,148,648,0,0,92,0,0,0,1236,192,11912
20240730,23:00,11476,3190,2398,5742,138,172,384,146,638,0,0,84,0,0,2,1610,192,11476
20240730,23:30,11200,3192,1866,5752,130,154,368,148,646,0,0,84,0,0,8,1340,192,11200
20240730,24:00,10718,3194,1594,5712,120,184,360,146,644,0,0,86,0,0,12,1526,192,10718
20240731,0:30,10204,3198,1280,5488,118,182,362,150,646,0,0,76,0,0,-12,1476,192,10204
20240731,1:00,9740,3200,1208,5294,112,214,364,146,650,0,0,78,0,0,-16,1700,190,9740
20240731,1:30,9396,3200,1108,5178,110,232,354,150,652,0,0,72,0,0,-10,1840,190,9396
20240731,2:00,9202,3198,1066,5070,106,254,372,148,646,0,0,72,0,0,-6,1916,192,9202
20240731,2:30,9104,3192,1036,5006,108,238,376,150,654,0,0,78,0,0,-8,1916,190,9104
20240731,3:00,9096,3188,1014,5002,106,262,430,148,642,0,0,80,0,0,-12,1956,192,9096
20240731,3:30,9124,3190,1066,4958,106,246,502,150,658,0,0,84,0,0,-30,1996,190,9124
20240731,4:00,9160,3186,1112,4852,104,266,548,148,640,0,0,86,0,0,2,1976,192,9160
20240731,4:30,9230,3182,1084,4970,106,252,586,150,656,0,0,90,0,0,-4,2032,190,9230
20240731,5:00,9476,3180,1136,5122,104,258,608,146,640,0,0,96,0,0,10,2016,192,9476
20240731,5:30,9710,3180,1284,5152,108,252,682,150,654,0,0,94,0,0,-4,2032,190,9710
20240731,6:00,9790,3182,1706,4758,112,262,638,146,646,26,0,100,0,0,-2,1976,192,9790
20240731,6:30,9898,3178,1670,4706,116,282,578,150,654,327,0,97,0,0,-2,2048,190,9898
20240731,7:00,10170,3188,1670,4610,116,294,508,146,646,933,0,81,0,-126,-4,2084,192,10170
20240731,7:30,10636,3188,1686,4664,126,284,426,150,650,1885,0,79,0,-546,-6,2140,190,10636
20240731,8:00,11238,3192,1714,4384,132,302,404,146,646,2879,0,69,0,-586,4,2240,192,11238
20240731,8:30,12122,3196,1710,4710,142,272,386,150,646,3765,0,61,0,-558,4,2552,190,12122
20240731,9:00,13092,3192,1670,4840,148,276,378,146,640,4773,0,41,0,-584,-4,2616,192,13092
20240731,9:30,13964,3192,1716,4796,154,258,356,148,650,5817,0,47,0,-648,-8,2704,190,13964
20240731,10:00,14326,3196,1736,4696,154,268,352,148,622,6559,0,41,0,-896,-2,2736,188,14326
20240731,10:30,14666,3186,1734,4574,154,256,354,148,634,7313,0,35,0,-1134,0,2776,188,14666
20240731,11:00,14990,3192,1732,4484,152,260,356,144,620,7899,0,29,0,-1332,0,2736,190,14990
20240731,11:30,15440,3192,1734,4660,156,238,342,146,628,8409,0,25,0,-1672,2,2608,188,15440
20240731,12:00,15576,3188,1732,4498,156,256,338,144,624,8671,0,25,0,-1806,-8,2432,190,15576
20240731,12:30,15244,3194,1742,4174,160,234,326,146,638,8631,0,23,0,-1732,-2,2480,190,15244
20240731,13:00,15474,3192,1726,4328,156,262,336,144,628,8749,0,15,0,-1652,0,2600,190,15474
20240731,13:30,15630,3188,1656,4568,160,252,326,144,648,8565,0,21,0,-1608,-8,2472,190,15630
20240731,14:00,15676,3194,1548,4542,164,314,322,144,640,8291,0,13,0,-1248,-2,2436,190,15676
20240731,14:30,15692,3196,1564,4582,166,298,322,146,644,7981,0,15,0,-740,0,2672,190,15692
20240731,15:00,15848,3196,1594,4568,164,318,328,144,654,7585,0,13,0,-270,-8,2628,190,15848
20240731,15:30,15902,3194,1716,4742,170,338,360,146,658,7029,0,19,0,0,0,2660,190,15902
20240731,16:00,15934,3200,2028,5288,170,368,384,144,648,6191,0,17,0,0,-2,2692,190,15934
20240731,16:30,16082,3204,2578,5724,178,348,412,146,656,5259,0,21,0,0,4,2640,192,16082
20240731,17:00,15984,3204,2982,5718,182,378,622,144,642,4167,0,23,0,378,-6,2644,194,15984
20240731,17:30,15706,3204,3170,5710,182,376,880,146,654,2979,0,25,0,786,0,2604,198,15706
20240731,18:00,15574,3194,3264,5732,186,402,932,144,646,1915,0,25,0,1498,-2,2560,198,15574
20240731,18:30,15360,3190,3300,5746,190,378,984,146,656,961,0,25,0,1942,44,2400,198,15360
20240731,19:00,14986,3190,3500,5738,188,396,972,144,644,287,0,21,0,1922,46,2260,198,14986
20240731,19:30,14602,3176,3556,5724,186,388,938,146,652,23,0,33,0,1858,16,2292,198,14602
20240731,20:00,14308,3182,3534,5718,182,390,804,144,646,0,0,36,0,1714,0,2236,194,14308
20240731,20:30,13888,3188,3492,5696,178,384,722,146,656,0,0,42,0,1356,0,2164,192,13888
20240731,21:00,13524,3186,3388,5726,170,394,704,144,658,0,0,46,0,784,0,1868,192,13524
20240731,21:30,13020,3190,3258,5656,162,380,526,142,634,0,0,44,0,470,-2,1628,188,13020
20240731,22:00,12656,3196,3038,5664,160,384,498,146,662,0,0,44,0,146,0,1472,190,12656
20240731,22:30,12222,3194,2752,5732,150,382,424,146,648,0,0,42,0,0,0,1440,192,12222
20240731,23:00,11822,3192,2578,5742,142,388,382,144,660,0,0,42,0,0,-2,1638,192,11822
20240731,23:30,11508,3198,2354,5742,134,380,366,146,658,0,0,36,0,0,-10,1688,192,11508
20240731,24:00,10974,3192,1666,5510,128,382,360,144,660,0,0,40,0,0,-10,1290,192,10974
