単位[MW平均],,,供給力(確報),,,,,,,,,,,,,,,,
DATE,TIME,エリア需要,原子力,火力（ＬＮＧ）,火力（石炭）,火力（石油）,火力（その他）,水力,地熱,バイオマス,太陽光発電実績,太陽光出力制御量,風力発電実績,風力出力制御量,揚水,蓄電池,連系線,その他,合計
20250801,0:30,9834,2964,932,4742,110,478,502,148,746,0,0,52,0,0,-28,1004,192,9834
20250801,1:00,9414,2958,686,4602,102,498,478,148,738,0,0,48,0,0,-36,1000,192,9414
20250801,1:30,9098,2962,612,4466,102,476,468,148,744,0,0,50,0,0,-32,1092,194,9098
20250801,2:00,8894,2962,614,4288,98,498,530,148,738,0,0,50,0,0,2,1228,194,8894
20250801,2:30,8760,2958,576,4382,98,456,556,148,746,0,0,52,0,0,10,1416,194,8760
20250801,3:00,8760,2960,584,4440,96,462,574,148,738,0,0,48,0,0,-6,1480,196,8760
20250801,3:30,8774,2960,548,4512,96,452,594,148,750,0,0,44,0,0,-24,1500,194,8774
20250801,4:00,8792,2960,570,4494,94,468,858,148,736,0,0,38,0,0,-26,1744,196,8792
20250801,4:30,8926,2956,562,4422,98,442,934,148,752,0,0,42,0,-192,12,1444,194,8926
20250801,5:00,9108,2956,598,4498,98,462,968,148,730,0,0,40,0,-286,12,1312,196,9108
20250801,5:30,9400,2956,612,4534,102,450,978,148,752,0,0,42,0,-288,8,1092,198,9400
20250801,6:00,9388,2950,582,4480,102,480,986,148,734,8,0,40,0,-304,-6,1020,208,9388
20250801,6:30,9524,2956,658,4258,108,466,864,148,746,270,0,40,0,-268,-6,932,216,9524
20250801,7:00,9656,2956,634,3930,108,506,832,148,742,918,0,34,0,-538,-32,816,234,9656
20250801,7:30,10482,2954,724,3356,116,526,818,148,752,2152,0,36,0,-844,-26,496,266,10482
20250801,8:00,10796,2958,758,2864,118,556,814,148,738,3192,0,30,0,-1130,-18,520,288,10796
20250801,8:30,11708,2956,716,3126,130,542,652,148,738,4346,0,30,0,-1074,-28,864,290,11708
20250801,9:00,12600,2956,726,3298,136,538,538,146,742,5426,0,26,0,-1124,-34,1064,290,12600
20250801,9:30,13414,2960,1006,3328,142,540,504,146,732,6510,0,24,0,-1158,8,1616,288,13414
20250801,10:00,14054,2956,1016,3318,138,536,494,146,726,7502,0,20,0,-1178,-26,1880,286,14054
20250801,10:30,14476,2960,1048,3314,140,538,432,146,714,8236,0,20,0,-1118,12,2252,286,14476
20250801,11:00,14856,2956,972,3272,142,526,420,146,714,8826,0,12,0,-1374,28,2072,288,14856
20250801,11:30,15166,2958,972,3238,144,540,398,148,716,9218,0,10,0,-1432,34,2064,286,15166
20250801,12:00,15514,2960,956,2996,140,540,388,146,718,9532,0,4,0,-1374,36,1816,288,15514
20250801,12:30,15400,2956,930,2836,146,536,366,146,722,9556,0,4,0,-1620,22,1488,288,15400
20250801,13:00,15518,2960,940,2952,144,540,360,148,734,9530,0,0,0,-1614,32,1496,288,15518
20250801,13:30,15686,2954,1012,3378,148,536,346,146,738,9224,0,4,0,-1458,10,1640,288,15686
20250801,14:00,15786,2956,1064,3674,148,574,344,148,732,8828,0,6,0,-1116,-26,1832,286,15786
20250801,14:30,15714,2954,1190,3650,150,566,348,146,728,8372,0,8,0,-758,0,1928,288,15714
20250801,15:00,15694,2960,1276,3612,152,592,490,150,718,7804,0,8,0,-212,18,2160,286,15694
20250801,15:30,15564,2956,1286,3710,156,630,516,150,716,7044,0,8,0,0,-30,1864,286,15564
20250801,16:00,15534,2954,1580,4570,158,660,478,148,716,6056,0,10,0,0,-30,2056,290,15534
20250801,16:30,15550,2954,1982,4760,162,662,494,148,722,5078,0,16,0,22,-26,1716,292,15550
20250801,17:00,15494,2956,2886,4784,166,668,602,148,724,3898,0,14,0,314,-34,1924,292,15494
20250801,17:30,15170,2948,3134,4784,164,658,902,148,726,2734,0,18,0,660,-36,1964,294,15170
20250801,18:00,14930,2950,3182,4780,166,668,966,148,742,1694,0,18,0,1448,-10,2120,298,14930
20250801,18:30,14680,2944,3234,4792,168,662,970,148,746,820,0,24,0,1694,36,1860,302,14680
20250801,19:00,14266,2944,3318,4782,170,668,976,146,742,176,0,22,0,1704,34,1720,304,14266
20250801,19:30,13940,2946,3372,4790,164,652,976,148,746,4,0,26,0,1708,38,1932,302,13940
20250801,20:00,13620,2946,3230,4782,160,674,976,148,740,0,0,24,0,1640,14,2012,298,13620
20250801,20:30,13180,2948,3208,4788,156,652,982,148,746,0,0,28,0,1480,2,2256,298,13180
20250801,21:00,12840,2952,3128,4790,146,670,978,148,736,0,0,26,0,1108,-6,2136,300,12840
20250801,21:30,12408,2956,3046,4784,144,654,784,148,744,0,0,18,0,1042,-2,2208,298,12408
20250801,22:00,12040,2960,2696,4792,136,666,744,148,738,0,0,20,0,472,0,1632,300,12040
20250801,22:30,11650,2954,2858,4796,132,644,642,150,746,0,0,16,0,252,2,1840,298,11650
20250801,23:00,11238,2960,2314,4788,122,682,628,148,738,0,0,10,0,32,14,1496,298,11238
20250801,23:30,10912,2958,2102,4794,120,650,592,150,750,0,0,8,0,0,-12,1496,296,10912
20250801,24:00:00,10418,2956,1520,4790,110,668,556,148,736,0,0,6,0,0,-16,1352,296,10418
20250802,0:30,10014,2960,1166,4788,110,608,460,150,744,0,0,12,0,0,-24,1260,300,10014
20250802,1:00,9526,2960,746,4666,102,564,404,148,742,0,0,18,0,0,-26,1100,302,9526
20250802,1:30,9222,2958,728,4676,102,540,402,150,744,0,0,16,0,0,-30,1364,300,9222
20250802,2:00,9000,2958,690,4628,98,536,388,148,742,0,0,18,0,0,-34,1472,300,9000
20250802,2:30,8876,2960,720,4586,98,500,422,150,748,0,0,26,0,0,-30,1604,300,8876
20250802,3:00,8894,2962,738,4472,94,500,486,148,742,0,0,34,0,0,-26,1556,300,8894
20250802,3:30,8902,2958,734,4536,96,484,514,150,746,0,0,40,0,0,0,1656,300,8902
20250802,4:00,8920,2958,670,4532,94,492,556,148,750,0,0,46,0,0,-2,1624,300,8920
20250802,4:30,8952,2952,688,4572,98,476,598,150,754,0,0,54,0,0,30,1720,300,8952
20250802,5:00,9156,2950,702,4630,96,496,786,148,746,0,0,50,0,0,20,1768,300,9156
20250802,5:30,9388,2952,700,4578,102,476,810,150,760,0,0,60,0,0,36,1536,300,9388
20250802,6:00,9306,2954,650,4572,102,496,806,148,740,6,0,60,0,0,32,1560,300,9306
20250802,6:30,9164,2950,748,4156,104,474,782,150,758,236,0,50,0,0,-16,1528,300,9164
20250802,7:00,9132,2954,698,3830,106,502,620,148,744,850,0,36,0,0,-22,1632,298,9132
20250802,7:30,9682,2954,732,3240,110,484,524,150,750,2020,0,34,0,-40,-20,1556,300,9682
20250802,8:00,9926,2956,814,2730,108,496,466,148,748,3022,0,26,0,-330,-32,1524,298,9926
20250802,8:30,10492,2952,918,2434,118,484,430,150,750,4158,0,14,0,-522,-18,1672,296,10492
20250802,9:00,11084,2958,914,2076,122,460,428,150,746,5122,0,6,0,-542,-26,1624,294,11084
20250802,9:30,11884,2958,738,1734,128,398,378,150,746,6302,0,6,0,-784,18,1152,264,11884
20250802,10:00,12200,2952,634,1642,122,336,364,148,740,7208,0,4,0,-848,-6,1320,224,12200
20250802,10:30,12708,2962,642,1528,130,354,340,150,744,8096,0,4,0,-1080,16,1392,214,12708
20250802,11:00,13086,2954,622,1530,128,346,330,148,740,8734,0,4,0,-1124,30,1568,212,13086
20250802,11:30,13406,2958,614,1550,134,370,330,148,744,9222,0,4,0,-1114,2,1768,212,13406
20250802,12:00,13650,2956,590,1568,132,362,340,146,746,9468,0,6,0,-1108,30,1800,214,13650
20250802,12:30,13692,2960,682,1614,136,340,326,148,746,9524,0,6,0,-1100,26,1928,212,13692
20250802,13:00,13750,2960,638,1642,136,336,322,146,748,9470,0,4,0,-1046,4,1824,214,13750
20250802,13:30,13780,2958,572,1674,140,350,326,148,746,9196,0,8,0,-1000,2,1552,212,13780
20250802,14:00,13984,2960,570,1854,140,360,324,144,742,9062,0,8,0,-1062,6,1336,212,13984
20250802,14:30,13872,2954,672,2058,142,358,346,148,744,8618,0,10,0,-852,6,1544,212,13872
20250802,15:00,13898,2956,706,2460,142,358,336,146,748,8059,0,13,0,-206,0,2032,212,13898
20250802,15:30,13860,2956,686,2830,146,422,426,148,744,7271,0,19,0,0,-16,1984,212,13860
20250802,16:00,13822,2956,842,3510,146,538,486,146,746,6395,0,11,0,152,18,2336,212,13822
20250802,16:30,13926,2948,1034,4322,152,584,532,148,748,5373,0,17,0,242,-12,2392,230,13926
20250802,17:00,13890,2938,1464,4518,158,672,668,144,748,4173,0,13,0,438,-14,2312,282,13890
20250802,17:30,13794,2946,1904,4612,160,680,702,148,750,2925,0,11,0,594,-22,1912,296,13794
20250802,18:00,13640,2944,2490,4646,164,708,920,148,740,1810,0,14,0,1136,-34,2344,298,13640
20250802,18:30,13466,2942,2700,4642,166,692,946,148,744,874,0,18,0,1602,12,2320,300,13466
20250802,19:00,13164,2946,2764,4642,166,702,938,148,746,200,0,20,0,1472,32,1916,304,13164
20250802,19:30,12940,2954,2780,4648,164,692,940,150,750,0,0,30,0,1476,16,1964,304,12940
20250802,20:00,12596,2956,2800,4648,154,700,944,148,748,0,0,28,0,1460,-2,2288,300,12596
20250802,20:30,12254,2956,2788,4646,154,694,942,150,750,0,0,34,0,1108,4,2272,300,12254
20250802,21:00,11954,2956,2772,4650,150,696,932,150,750,0,0,34,0,652,2,2088,298,11954
20250802,21:30,11582,2960,2634,4650,140,688,902,150,752,0,0,36,0,458,18,2104,298,11582
20250802,22:00,11260,2956,2126,4652,134,702,716,150,744,0,0,32,0,112,-4,1356,296,11260
20250802,22:30,10930,2960,1966,4656,130,674,652,150,746,0,0,36,0,0,-2,1336,298,10930
20250802,23:00,10506,2958,1392,4648,120,646,656,150,748,0,0,36,0,0,12,1156,296,10506
20250802,23:30,10306,2960,1088,4654,118,624,562,150,748,0,0,38,0,0,6,940,298,10306
20250802,24:00:00,9930,2956,884,4468,112,620,526,150,748,0,0,38,0,0,-18,852,298,9930
20250803,0:30,9452,2958,878,4528,110,588,424,150,750,0,0,40,0,0,-16,1256,298,9452
20250803,1:00,9026,2960,610,4374,102,556,388,150,744,0,0,38,0,0,-32,1160,296,9026
20250803,1:30,8712,2958,482,4364,102,538,400,150,746,0,0,38,0,0,-34,1328,296,8712
20250803,2:00,8560,2958,480,4220,98,534,382,150,748,0,0,34,0,-50,-30,1260,296,8560
20250803,2:30,8498,2956,576,4070,98,520,384,150,748,0,0,38,0,-266,-20,1052,296,8498
20250803,3:00,8452,2954,500,3922,94,508,438,150,748,0,0,38,0,-288,-16,892,296,8452
20250803,3:30,8422,2952,518,4024,96,506,494,150,748,0,0,36,0,-292,-18,1088,296,8422
20250803,4:00,8488,2952,500,4036,94,512,512,150,750,0,0,34,0,-294,10,1064,296,8488
20250803,4:30,8532,2952,526,4008,96,500,562,150,752,0,0,38,0,-280,36,1104,296,8532
20250803,5:00,8734,2948,560,4026,98,514,736,150,746,0,0,38,0,-276,18,1120,296,8734
20250803,5:30,8934,2950,514,4054,102,488,742,150,754,0,0,34,0,-290,-8,852,296,8934
20250803,6:00,8776,2952,508,3958,100,518,748,150,740,9,0,37,0,-282,30,988,296,8776
20250803,6:30,8626,2948,536,3718,102,514,728,150,746,269,0,35,0,0,-32,1384,296,8626
20250803,7:00,8540,2950,610,3278,104,538,580,150,748,811,0,29,0,0,-26,1528,296,8540
20250803,7:30,8850,2950,678,2606,108,552,464,150,748,1797,0,23,0,0,-34,1488,296,8850
20250803,8:00,9090,2956,550,2086,106,546,384,150,748,2779,0,17,0,-498,-30,1000,296,9090
20250803,8:30,9414,2954,744,1910,112,534,360,150,740,3821,0,9,0,-804,-18,1392,294,9414
20250803,9:00,9752,2952,760,1724,108,480,334,150,736,4649,0,5,0,-762,-20,1656,292,9752
20250803,9:30,10544,2954,666,1792,120,376,316,150,740,5755,0,7,0,-860,18,1752,262,10544
20250803,10:00,10952,2954,606,1494,118,330,304,150,724,6632,0,2,0,-1206,6,1384,222,10952
20250803,10:30,11368,2954,732,1564,122,316,316,150,658,7438,0,2,0,-1400,26,1720,210,11368
20250803,11:00,11702,2958,604,1376,122,308,308,148,588,8126,0,0,0,-1388,6,1664,210,11702
20250803,11:30,12092,2952,606,1280,126,296,306,148,602,8774,0,0,0,-1750,14,1472,210,12092
20250803,12:00,12304,2950,672,1418,124,314,308,148,592,9004,0,2,0,-1668,18,1788,210,12304
20250803,12:30,12590,2950,846,1574,130,304,298,148,602,9129,0,5,0,-1492,34,2148,210,12590
20250803,13:00,12672,2956,888,1578,122,312,298,146,634,9124,0,10,0,-1476,18,2148,210,12672
20250803,13:30,12570,2954,740,1508,130,320,280,148,724,8865,0,15,0,-1710,-22,1592,210,12570
20250803,14:00,12566,2954,692,1524,130,350,278,146,738,8567,0,17,0,-1630,8,1416,208,12566
20250803,14:30,12576,2954,754,1676,134,350,278,148,744,8175,0,23,0,-1350,0,1520,210,12576
20250803,15:00,12600,2954,738,1682,134,436,294,146,738,7651,0,27,0,-1178,-6,1224,208,12600
20250803,15:30,12640,2954,726,1800,138,488,370,148,748,6963,0,23,0,-798,-20,1108,208,12640
20250803,16:00,12714,2956,912,2512,140,514,408,146,742,6031,0,31,0,-306,-32,1552,212,12714
20250803,16:30,12916,2960,1106,3148,144,550,494,146,748,5007,0,31,0,-274,-14,1340,210,12916
20250803,17:00,12932,2956,1574,3804,150,600,626,144,744,3865,0,31,0,-40,-26,1708,212,12932
20250803,17:30,12986,2946,2268,4404,158,610,696,146,748,2615,0,35,0,104,-10,1948,214,12986
20250803,18:00,13010,2946,2708,4680,158,626,890,146,744,1539,0,33,0,300,-22,1952,214,13010
20250803,18:30,12874,2944,2854,4784,164,610,934,146,750,727,0,29,0,816,32,2132,216,12874
20250803,19:00,12678,2948,2852,4788,164,618,942,146,740,151,0,31,0,1250,32,2204,220,12678
20250803,19:30,12640,2948,2828,4794,164,602,942,146,750,3,0,41,0,1212,30,2040,220,12640
20250803,20:00,12364,2944,2798,4788,162,622,940,146,738,0,0,38,0,964,30,2024,218,12364
20250803,20:30,12012,2960,2392,4796,156,604,916,148,748,0,0,50,0,1116,-26,2064,216,12012
20250803,21:00,11756,2956,2148,4794,152,618,926,146,738,0,0,50,0,1098,-26,2060,216,11756
20250803,21:30,11484,2960,1636,4796,146,610,872,148,746,0,0,54,0,718,-36,1380,214,11484
20250803,22:00,11094,2956,1280,4778,138,620,690,146,740,0,0,54,0,656,-36,1140,212,11094
20250803,22:30,10830,2956,1196,4728,132,606,640,146,744,0,0,58,0,454,-14,1028,212,10830
20250803,23:00,10508,2954,982,4796,126,588,568,150,742,0,0,60,0,148,32,852,214,10508
20250803,23:30,10312,2954,866,4798,120,588,520,150,748,0,0,74,0,0,-16,704,214,10312
20250803,24:00:00,9840,2954,662,4782,118,606,428,148,738,0,0,80,0,0,6,896,214,9840
20250804,0:30,9440,2952,500,4524,112,588,396,150,748,0,0,78,0,-256,-6,560,214,9440
20250804,1:00,9020,2952,418,4554,106,594,384,148,742,0,0,72,0,-292,2,872,212,9020
20250804,1:30,8744,2950,432,4636,104,596,380,150,750,0,0,76,0,-302,-16,1224,212,8744
20250804,2:00,8604,2948,426,4604,100,604,390,148,740,0,0,84,0,-488,-8,1156,212,8604
20250804,2:30,8552,2952,412,4452,100,590,382,148,746,0,0,94,0,-534,18,1020,212,8552
20250804,3:00,8584,2948,438,4436,100,604,436,148,740,0,0,98,0,-534,10,1052,212,8584
20250804,3:30,8634,2950,450,4366,98,590,624,148,752,0,0,104,0,-542,-38,1080,212,8634
20250804,4:00,8734,2954,408,4624,98,596,664,146,744,0,0,98,0,-706,-24,1080,212,8734
20250804,4:30,8796,2942,446,4548,100,588,730,148,752,0,0,106,0,-862,-10,904,212,8796
20250804,5:00,9130,2946,646,4620,102,606,744,146,740,0,0,82,0,-806,12,920,212,9130
20250804,5:30,9342,2940,684,4800,104,588,748,148,748,0,0,68,0,-416,28,1312,214,9342
20250804,6:00,9532,2946,544,4790,106,602,764,146,740,3,0,63,0,-250,32,1168,214,9532
20250804,6:30,9656,2944,738,4700,110,582,736,148,748,175,0,81,0,-256,-16,1248,214,9656
20250804,7:00,9954,2944,746,4342,112,604,726,146,736,485,0,91,0,-278,-6,908,214,9954
20250804,7:30,10560,2944,888,3800,118,588,476,148,748,973,0,109,0,-134,-2,308,212,10560
20250804,8:00,11010,2952,974,3616,126,600,400,146,736,1293,0,107,0,124,-6,272,214,11010
20250804,8:30,11898,2948,1272,3612,136,598,356,148,736,1663,0,89,0,594,0,468,214,11898
20250804,9:00,12802,2942,1522,3612,144,608,326,146,728,1663,0,77,0,864,-12,32,214,12802
20250804,9:30,13056,2950,1750,3610,144,576,310,148,730,1694,0,98,0,744,-8,-96,214,13056
20250804,10:00,13282,2948,1990,3604,146,508,302,146,736,1997,0,99,0,432,-10,-172,212,13282
20250804,10:30,13170,2942,2256,3606,146,448,312,146,732,2235,0,109,0,104,-10,68,212,13170
20250804,11:00,13288,2946,1996,3580,146,446,308,144,738,2816,0,118,0,0,-8,152,210,13288
20250804,11:30,13248,2942,1990,3552,148,464,302,144,732,3428,0,134,0,0,-22,776,210,13248
20250804,12:00,13304,2944,1896,3558,150,456,304,146,742,4153,0,135,0,0,0,1392,212,13304
20250804,12:30,13426,2942,1838,3366,154,462,290,144,734,4951,0,147,0,-448,-12,1352,210,13426
20250804,13:00,13676,2940,1908,3544,152,440,292,146,730,5163,0,149,0,-724,36,1312,212,13676
20250804,13:30,14002,2942,2018,3654,154,442,302,146,728,5209,0,143,0,-582,24,1388,210,14002
20250804,14:00,14222,2938,2078,3924,152,454,310,142,726,5172,0,144,0,-246,2,1784,210,14222
20250804,14:30,14430,2940,2106,3910,156,456,298,146,726,5192,0,146,0,0,-8,1848,210,14430
20250804,15:00,14062,2942,2332,4052,158,558,302,142,720,4418,0,134,0,0,-2,1904,210,14062
20250804,15:30,14100,2930,2292,4576,160,588,310,146,722,4134,0,134,0,0,-30,2072,210,14100
20250804,16:00,14312,2934,2802,4674,162,600,320,142,724,3648,0,122,0,0,-36,1992,212,14312
20250804,16:30,14360,2936,3180,4784,170,620,490,146,736,3072,0,116,0,0,-14,2088,212,14360
20250804,17:00,14256,2946,3528,4790,172,618,628,142,738,2380,0,106,0,52,-16,2040,212,14256
20250804,17:30,14034,2936,3580,4796,172,612,688,146,746,1847,0,105,0,232,-34,2008,216,14034
20250804,18:00,13794,2946,3568,4790,172,630,848,142,732,1099,0,97,0,920,-26,2340,216,13794
20250804,18:30,13726,2930,3556,4790,176,616,906,146,742,575,0,83,0,1392,26,2432,220,13726
20250804,19:00,13606,2922,3562,4798,176,626,928,142,742,105,0,77,0,1648,36,2380,224,13606
20250804,19:30,13508,2938,3572,4796,174,614,932,144,742,1,0,83,0,1480,36,2228,224,13508
20250804,20:00,13242,2942,3574,4794,172,616,942,146,734,0,0,88,0,1324,14,2324,220,13242
20250804,20:30,12860,2926,3538,4794,166,614,938,146,740,0,0,90,0,1060,4,2376,220,12860
20250804,21:00,12526,2926,3556,4792,162,628,958,144,736,0,0,74,0,610,4,2284,220,12526
20250804,21:30,12160,2930,3522,4802,156,612,940,146,738,0,0,76,0,258,6,2244,218,12160
20250804,22:00,11766,2928,3436,4794,148,620,794,144,734,0,0,64,0,84,12,2212,220,11766
20250804,22:30,11456,2938,3168,4796,142,620,740,146,742,0,0,66,0,0,4,2120,214,11456
20250804,23:00,11144,2942,2844,4798,136,612,660,146,736,0,0,76,0,0,8,2028,214,11144
20250804,23:30,10944,2942,2716,4796,130,616,514,146,742,0,0,68,0,0,0,1940,214,10944
20250804,24:00:00,10360,2940,2046,4708,116,606,466,146,740,0,0,60,0,0,-10,1672,214,10360
20250805,0:30,9910,2944,1472,4534,116,588,554,148,744,0,0,64,0,0,-4,1464,214,9910
20250805,1:00,9576,2940,1062,4556,110,596,568,146,734,0,0,58,0,0,-12,1396,214,9576
20250805,1:30,9294,2942,832,4512,108,586,574,148,744,0,0,70,0,-252,-12,1172,214,9294
20250805,2:00,9132,2946,734,4488,106,598,570,146,734,0,0,58,0,-536,-4,924,216,9132
20250805,2:30,8988,2944,740,4476,106,588,572,148,742,0,0,58,0,-586,-6,1008,214,8988
20250805,3:00,9032,2950,726,4418,102,598,578,146,740,0,0,60,0,-582,-8,912,216,9032
20250805,3:30,9024,2942,620,4584,102,584,756,148,748,0,0,64,0,-588,-30,1120,214,9024
20250805,4:00,9144,2948,628,4632,100,602,806,148,730,0,0,64,0,-584,-24,1120,214,9144
20250805,4:30,9192,2946,618,4696,102,590,828,148,746,0,0,60,0,-580,-32,1144,214,9192
20250805,5:00,9432,2942,654,4596,104,590,870,146,748,0,0,54,0,-360,-8,1120,216,9432
20250805,5:30,9758,2944,658,4790,108,590,836,148,748,0,0,52,0,-282,-8,1040,214,9758
20250805,6:00,9808,2944,642,4780,108,598,822,144,742,3,0,45,0,-282,-4,948,214,9808
20250805,6:30,9880,2942,756,4766,112,566,808,148,742,193,0,55,0,-304,-26,1092,214,9880
20250805,7:00,10014,2940,730,4712,110,564,722,144,740,746,0,60,0,-308,-6,1352,212,10014
20250805,7:30,10676,2946,836,4614,122,556,518,146,748,1869,0,63,0,-494,0,1460,212,10676
20250805,8:00,11166,2942,854,4596,128,580,420,146,732,2757,0,61,0,-550,2,1716,214,11166
20250805,8:30,12274,2936,988,4784,140,574,372,148,734,3951,0,65,0,-536,22,2116,212,12274
20250805,9:00,13106,2940,1034,4764,144,576,352,144,728,4897,0,63,0,-562,-36,2152,214,13106
20250805,9:30,14016,2940,1016,4780,150,538,336,148,730,5801,0,71,0,-562,6,2152,214,14016
20250805,10:00,14398,2938,974,4758,150,484,324,144,734,6365,0,71,0,-588,30,2200,214,14398
20250805,10:30,14978,2938,998,4794,150,496,318,146,732,7077,0,79,0,-762,14,2216,214,14978
20250805,11:00,15062,2938,998,4790,150,488,340,142,730,7338,0,80,0,-1270,6,1880,212,15062
20250805,11:30,15088,2940,1360,4790,150,488,312,146,732,7294,0,92,0,-1264,36,2200,212,15088
20250805,12:00,15408,2936,1528,4796,152,498,302,142,732,7405,0,89,0,-1428,34,1992,214,15408
20250805,12:30,15136,2936,1492,4784,154,478,300,146,736,7371,0,89,0,-1772,-6,1784,212,15136
20250805,13:00,14940,2940,1508,4788,152,500,282,144,732,7309,0,91,0,-1776,8,1952,214,14940
20250805,13:30,15310,2938,1626,4798,158,478,302,146,734,7123,0,87,0,-1460,24,1856,212,15310
20250805,14:00,15572,2940,1740,4792,158,502,304,144,726,7029,0,75,0,-834,-4,2212,212,15572
20250805,14:30,15578,2938,1766,4794,162,498,318,146,734,6841,0,59,0,-634,4,2260,212,15578
20250805,15:00,15294,2942,1816,4786,158,574,308,142,726,6299,0,41,0,-404,0,2308,214,15294
20250805,15:30,15428,2946,2070,4790,166,610,304,146,726,5849,0,37,0,52,-24,2456,212,15428
20250805,16:00,15384,2942,2608,4788,166,622,498,144,728,5085,0,31,0,64,-34,2472,214,15384
20250805,16:30,15222,2940,3262,4796,172,618,620,146,736,4147,0,27,0,22,-14,2464,214,15222
20250805,17:00,15116,2938,3494,4790,170,628,666,144,740,3375,0,17,0,424,-40,2444,214,15116
20250805,17:30,14828,2938,3546,4796,172,620,930,146,746,2417,0,23,0,632,-34,2320,216,14828
20250805,18:00,14598,2940,3572,4790,172,644,996,144,734,1519,0,17,0,1270,-32,2388,220,14598
20250805,18:30,14514,2926,3582,4796,176,620,974,146,738,735,0,25,0,1720,30,2180,226,14514
20250805,19:00,14176,2926,3606,4794,176,620,960,146,744,127,0,19,0,1714,30,1912,226,14176
20250805,19:30,13966,2926,3586,4792,174,624,960,146,742,1,0,23,0,1714,36,1984,226,13966
20250805,20:00,13752,2926,3544,4796,170,620,962,146,734,0,0,22,0,1414,20,1824,222,13752
20250805,20:30,13250,2928,3574,4798,166,620,930,148,744,0,0,34,0,1346,18,2280,224,13250
20250805,21:00,13006,2922,3570,4794,162,632,932,146,732,0,0,32,0,1124,8,2272,224,13006
20250805,21:30,12608,2940,3556,4798,156,616,754,148,738,0,0,44,0,824,-4,2184,222,12608
20250805,22:00,12134,2936,3568,4796,148,618,688,146,738,0,0,48,0,446,-2,2216,220,12134
20250805,22:30,11882,2940,3572,4798,140,608,612,148,740,0,0,50,0,158,0,2100,216,11882
20250805,23:00,11550,2938,3340,4794,134,626,602,146,740,0,0,40,0,2,18,2044,214,11550
20250805,23:30,11264,2940,2638,4796,128,606,576,148,746,0,0,46,0,0,-4,1572,216,11264
20250805,24:00:00,10722,2942,2000,4800,122,614,492,146,742,0,0,40,0,0,-20,1372,216,10722
20250806,0:30,10284,2940,1700,4798,118,602,542,148,746,0,0,54,0,0,-24,1556,216,10284
20250806,1:00,9834,2940,1306,4798,106,618,548,146,738,0,0,66,0,0,-34,1612,214,9834
20250806,1:30,9562,2940,1024,4802,110,602,532,148,746,0,0,86,0,0,-36,1608,216,9562
20250806,2:00,9392,2938,910,4790,104,620,532,146,738,0,0,108,0,-100,-34,1576,216,9392
20250806,2:30,9230,2944,992,4798,104,600,530,148,744,0,0,118,0,-434,-2,1528,216,9230
20250806,3:00,9248,2938,996,4796,100,622,536,146,736,0,0,124,0,-616,0,1344,214,9248
20250806,3:30,9254,2940,1014,4798,102,608,560,148,744,0,0,116,0,-608,8,1392,216,9254
20250806,4:00,9226,2940,1116,4794,102,614,562,148,740,0,0,110,0,-602,14,1528,216,9226
20250806,4:30,9354,2936,1018,4798,104,610,774,148,752,0,0,102,0,-588,28,1544,216,9354
20250806,5:00,9708,2938,988,4760,106,620,822,148,746,0,0,108,0,-580,12,1176,216,9708
20250806,5:30,9936,2934,1198,4796,108,612,866,148,756,0,0,102,0,-372,16,1444,216,9936
20250806,6:00,10068,2940,1148,4794,108,622,870,146,752,10,0,104,0,-286,20,1376,216,10068
20250806,6:30,10110,2932,1190,4796,114,614,822,148,750,178,0,92,0,-262,-24,1456,216,10110
20250806,7:00,10310,2936,908,4772,118,610,724,146,752,548,0,60,0,-334,-32,1112,214,10310
20250806,7:30,10836,2934,1006,4744,124,614,676,148,746,1439,0,61,0,-608,-30,1232,214,10836
20250806,8:00,11430,2938,1106,4760,132,606,628,146,746,2229,0,43,0,-844,-32,1244,216,11430
20250806,8:30,12194,2938,1374,4796,140,610,622,146,742,2913,0,47,0,-764,-26,1556,212,12194
20250806,9:00,13192,2934,1396,4790,152,618,466,146,730,3947,0,57,0,-738,-16,1500,210,13192
20250806,9:30,13962,2936,1190,4762,154,610,430,146,736,4985,0,69,0,-828,2,1440,210,13962
20250806,10:00,14202,2888,1060,4582,154,616,428,144,730,5713,0,67,0,-840,18,1568,210,14202
20250806,10:30,14534,2856,1266,4696,154,606,368,144,734,6263,0,87,0,-786,22,2084,208,14534
20250806,11:00,15176,2860,1112,4778,152,616,362,146,732,6807,0,103,0,-794,30,1936,208,15176
20250806,11:30,15424,2864,1216,4782,152,612,338,144,736,7109,0,107,0,-1090,34,1788,208,15424
20250806,12:00,15522,2874,1124,4772,152,620,330,146,726,7321,0,113,0,-1114,2,1752,208,15522
20250806,12:30,15210,2886,1516,4796,154,606,298,146,724,6989,0,129,0,-1090,8,2160,208,15210
20250806,13:00,15174,2896,1630,4792,160,614,286,142,714,6837,0,129,0,-1072,14,2176,208,15174
20250806,13:30,15154,2912,1630,4792,158,602,300,146,710,6459,0,143,0,-718,-4,2184,208,15154
20250806,14:00,15260,2920,1460,4754,162,614,302,140,700,6477,0,155,0,-580,-10,2040,206,15260
20250806,14:30,15316,2938,1686,4788,160,618,288,144,712,6295,0,161,0,-762,10,1928,206,15316
20250806,15:00,15224,2938,1868,4788,156,612,432,144,700,5839,0,167,0,-678,10,1960,208,15224
20250806,15:30,15152,2932,1998,4792,164,606,560,146,710,5458,0,166,0,-438,-26,2124,208,15152
20250806,16:00,15302,2936,2322,4766,172,618,574,142,710,4802,0,164,0,2,-22,2092,208,15302
20250806,16:30,15128,2926,3050,4792,172,614,580,146,732,3840,0,172,0,300,-2,2408,214,15128
20250806,17:00,15146,2924,3384,4792,174,622,650,144,730,2927,0,169,0,546,-24,2108,216,15146
20250806,17:30,14750,2922,3300,4796,172,634,894,146,742,1997,0,173,0,570,-36,1780,220,14750
20250806,18:00,14506,2926,3522,4790,176,640,926,144,734,1161,0,165,0,1142,-34,2008,222,14506
20250806,18:30,14330,2922,3514,4796,176,632,942,146,734,501,0,167,0,1570,26,2024,228,14330
20250806,19:00,14094,2918,3500,4790,176,640,930,144,740,41,0,171,0,1660,36,1880,228,14094
20250806,19:30,13926,2926,3510,4798,172,634,920,146,738,1,0,171,0,1668,30,2016,228,13926
20250806,20:00,13696,2926,3494,4792,168,668,926,144,734,0,0,174,0,1380,0,1936,226,13696
20250806,20:30,13350,2932,3522,4790,166,644,858,146,734,0,0,194,0,998,0,1856,222,13350
20250806,21:00,13034,2930,3510,4794,158,640,846,146,734,0,0,198,0,626,6,1776,222,13034
20250806,21:30,12630,2928,3480,4796,154,638,682,146,740,0,0,202,0,558,-2,1912,220,12630
20250806,22:00,12280,2934,3066,4794,146,638,612,146,732,0,0,212,0,82,2,1304,220,12280
20250806,22:30,11954,2930,2798,4796,140,636,556,146,740,0,0,222,0,0,-2,1224,216,11954
20250806,23:00,11602,2934,2320,4794,132,638,544,146,740,0,0,212,0,0,12,1084,214,11602
20250806,23:30,11322,2924,1882,4796,126,626,536,146,752,0,0,234,0,0,-10,904,214,11322
20250806,24:00:00,10784,2924,1362,4704,116,634,528,146,740,0,0,244,0,0,-18,812,216,10784
20250807,0:30,10288,2926,1132,4696,116,606,510,146,748,0,0,246,0,0,-24,1028,214,10288
20250807,1:00,9972,2920,1004,4638,112,590,512,146,740,0,0,250,0,0,-16,1136,212,9972
20250807,1:30,9766,2926,872,4570,106,556,528,146,744,0,0,262,0,-254,-38,864,212,9766
20250807,2:00,9502,2926,864,4598,106,554,530,146,734,0,0,266,0,-334,-38,1064,214,9502
20250807,2:30,9442,2930,884,4558,102,544,556,146,746,0,0,270,0,-588,-32,888,214,9442
20250807,3:00,9462,2926,904,4624,102,556,558,146,738,0,0,266,0,-696,-28,848,214,9462
20250807,3:30,9416,2926,868,4800,102,542,696,146,748,0,0,272,0,-830,36,1104,214,9416
20250807,4:00,9480,2928,844,4794,100,554,754,146,744,0,0,286,0,-848,38,1072,212,9480
20250807,4:30,9518,2920,864,4802,102,548,796,146,746,0,0,290,0,-854,32,1088,214,9518
20250807,5:00,9650,2924,898,4798,102,556,810,146,752,0,0,276,0,-600,20,1244,212,9650
20250807,5:30,10000,2922,1042,4802,108,588,814,146,750,0,0,270,0,-252,12,1416,214,10000
20250807,6:00,10066,2924,1110,4790,106,612,806,144,746,1,0,257,0,-250,14,1408,214,10066
20250807,6:30,10262,2924,1088,4802,114,644,704,146,754,38,0,262,0,-270,-30,1144,230,10262
20250807,7:00,10446,2924,1434,4798,114,708,674,144,748,155,0,257,0,-244,-36,1512,282,10446
20250807,7:30,10914,2928,1688,4794,126,718,478,144,752,415,0,247,0,-278,-32,1360,294,10914
20250807,8:00,11326,2930,1936,4796,130,716,440,146,746,851,0,241,0,-292,-32,1576,294,11326
20250807,8:30,12198,2930,2444,4794,140,720,446,144,736,1353,0,231,0,-288,-24,1720,292,12198
20250807,9:00,12892,2930,2600,4792,150,698,440,146,742,1568,0,222,0,-50,6,1644,292,12892
20250807,9:30,13442,2926,2672,4782,152,704,482,144,740,1900,0,220,0,0,-8,1564,292,13442
20250807,10:00,13580,2932,2614,4770,152,712,398,146,730,2150,0,196,0,0,-18,1492,290,13580
20250807,10:30,13646,2922,2500,4792,152,708,362,146,736,2448,0,194,0,0,-20,1584,290,13646
20250807,11:00,13784,2924,2526,4788,156,710,352,146,734,2540,0,174,0,-138,40,1460,292,13784
20250807,11:30,13776,2916,2228,4792,158,704,316,148,738,2544,0,172,0,-250,32,1012,290,13776
20250807,12:00,13888,2920,2306,4788,154,712,292,144,734,2512,0,170,0,-250,18,904,292,13888
20250807,12:30,13926,2920,1716,4634,158,690,282,146,738,2930,0,176,0,-250,-24,480,290,13926
20250807,13:00,13652,2914,2074,4724,156,672,292,144,740,2544,0,158,0,-248,14,824,292,13652
20250807,13:30,13886,2916,2294,4794,162,674,342,146,742,2328,0,174,0,-248,36,764,290,13886
20250807,14:00,13840,2916,2100,4794,160,684,502,144,734,2018,0,174,0,-206,-10,460,290,13840
20250807,14:30,13896,2920,2296,4796,160,670,554,146,740,1658,0,180,0,0,10,524,290,13896
20250807,15:00,13758,2920,2098,4776,156,686,588,142,734,1588,0,176,0,0,10,408,292,13758
20250807,15:30,13702,2920,2288,4728,160,700,558,146,742,1480,0,180,0,0,-10,480,290,13702
20250807,16:00,13826,2922,2512,4788,164,706,562,142,734,1558,0,176,0,0,-34,696,292,13826
20250807,16:30,13642,2916,3000,4794,166,690,674,146,742,1172,0,174,0,328,-36,1416,292,13642
20250807,17:00,13482,2924,2992,4790,168,700,868,144,740,838,0,164,0,490,-36,1596,296,13482
20250807,17:30,13268,2928,3268,4794,166,688,924,146,746,592,0,184,0,550,-32,1984,298,13268
20250807,18:00,13062,2930,3350,4788,166,700,930,146,746,352,0,170,0,702,-32,2184,298,13062
20250807,18:30,12922,2920,3340,4794,170,692,832,148,740,208,0,146,0,1078,26,2472,300,12922
20250807,19:00,12986,2916,3326,4788,170,714,834,144,738,40,0,132,0,1294,32,2444,302,12986
20250807,19:30,12844,2920,3330,4792,166,692,834,146,740,2,0,122,0,1172,36,2408,300,12844
20250807,20:00,12618,2910,3350,4794,162,704,830,148,736,0,0,106,0,562,20,2000,296,12618
20250807,20:30,12218,2926,3330,4794,158,696,846,148,742,0,0,96,0,456,20,2288,294,12218
20250807,21:00,12008,2924,3106,4792,154,710,844,146,736,0,0,94,0,112,12,1916,294,12008
20250807,21:30,11584,2930,2488,4800,150,698,842,148,742,0,0,92,0,0,-2,1596,292,11584
20250807,22:00,11260,2932,2182,4794,142,700,846,146,744,0,0,80,0,0,24,1624,294,11260
20250807,22:30,11050,2926,1908,4802,134,696,836,146,744,0,0,92,0,0,-16,1512,294,11050
20250807,23:00,10726,2924,1444,4766,132,702,834,148,740,0,0,78,0,0,-8,1328,294,10726
20250807,23:30,10476,2924,1478,4750,124,694,820,146,756,0,0,94,0,0,4,1608,294,10476
20250807,24:00:00,10074,2924,928,4742,114,694,822,148,744,0,0,82,0,0,-20,1400,296,10074
20250808,0:30,9720,2914,594,4692,112,674,886,146,748,0,0,94,0,0,-18,1416,294,9720
20250808,1:00,9322,2912,494,4718,108,662,910,148,744,0,0,88,0,0,-30,1728,296,9322
20250808,1:30,9114,2922,498,4582,104,640,922,148,750,0,0,84,0,-72,-34,1724,294,9114
20250808,2:00,8928,2920,532,4666,102,662,924,146,740,0,0,72,0,-488,-12,1632,296,8928
20250808,2:30,8862,2920,526,4792,100,646,920,150,742,0,0,76,0,-586,-10,1708,294,8862
20250808,3:00,8928,2924,572,4738,100,626,928,146,742,0,0,86,0,-576,2,1656,296,8928
20250808,3:30,8966,2926,698,4670,100,536,906,148,744,0,0,82,0,-568,10,1580,294,8966
20250808,4:00,8988,2932,542,4712,100,498,870,150,740,0,0,76,0,-338,22,1612,296,8988
20250808,4:30,9036,2926,494,4780,102,442,780,148,750,0,0,64,0,-120,0,1624,294,9036
20250808,5:00,9324,2930,608,4680,102,414,764,150,742,0,0,52,0,2,20,1436,296,9324
20250808,5:30,9566,2928,712,4796,106,356,762,148,756,0,0,44,0,0,36,1372,294,9566
20250808,6:00,9524,2934,628,4796,106,360,758,150,740,4,0,46,0,0,2,1296,296,9524
20250808,6:30,9616,2932,694,4804,110,350,782,150,750,42,0,46,0,0,-34,1304,294,9616
20250808,7:00,9628,2932,648,4778,114,354,760,148,736,158,0,52,0,-410,-26,912,296,9628
20250808,7:30,9844,2942,766,4794,120,362,744,150,746,446,0,48,0,-612,-36,920,294,9844
20250808,8:00,10214,2938,796,4778,122,356,742,148,744,754,0,48,0,-586,-32,888,294,10214
20250808,8:30,10890,2942,958,4792,134,362,724,150,732,1216,0,46,0,-522,-14,924,294,10890
20250808,9:00,11636,2940,1138,4796,142,360,718,148,734,1780,0,56,0,-380,-34,1056,294,11636
20250808,9:30,11996,2936,1208,4782,148,358,680,150,734,2376,0,48,0,-660,-26,1028,290,11996
20250808,10:00,12038,2936,1242,4792,146,362,670,148,730,2978,0,40,0,-860,8,1444,290,12038
20250808,10:30,12102,2934,1272,4790,146,358,660,150,734,3484,0,46,0,-926,0,1836,290,12102
20250808,11:00,12402,2930,1314,4792,148,358,676,148,732,4108,0,52,0,-904,18,2260,290,12402
20250808,11:30,12578,2932,1242,4792,146,358,674,150,738,4332,0,56,0,-816,0,2316,290,12578
20250808,12:00,12524,2930,1388,4790,150,360,678,148,736,4222,0,68,0,-830,24,2428,288,12524
20250808,12:30,12410,2932,1268,4792,152,356,674,148,744,4282,0,74,0,-1164,6,2140,286,12410
20250808,13:00,12234,2932,1164,4792,154,364,672,150,740,4366,0,64,0,-1420,8,2044,292,12234
20250808,13:30,12766,2934,1256,4796,154,366,674,148,740,4478,0,66,0,-1532,2,1604,288,12766
20250808,14:00,12870,2938,1562,4790,152,362,706,148,736,3982,0,48,0,-1198,22,1668,290,12870
20250808,14:30,12896,2934,1574,4796,154,362,802,148,738,3464,0,48,0,-848,0,1568,292,12896
20250808,15:00,12710,2940,1744,4792,150,362,818,148,738,2926,0,42,0,-732,18,1528,292,12710
20250808,15:30,12762,2940,1632,4676,154,354,872,150,740,2630,0,52,0,-572,-28,1128,290,12762
20250808,16:00,12796,2942,2006,4400,156,368,896,146,736,2458,0,50,0,-490,-32,1132,292,12796
20250808,16:30,12672,2944,2118,4554,162,382,898,150,742,2010,0,58,0,-40,-30,1572,296,12672
20250808,17:00,12664,2946,2564,4768,164,398,908,150,742,1606,0,50,0,0,-34,1896,298,12664
20250808,17:30,12366,2948,2868,4786,164,414,910,150,746,1142,0,64,0,162,-36,2256,304,12366
20250808,18:00,12276,2948,2184,4792,160,470,910,150,738,752,0,50,0,508,-38,1652,304,12276
20250808,18:30,12162,2942,2650,4786,164,510,936,150,740,308,0,50,0,520,18,1920,308,12162
20250808,19:00,12164,2944,2822,4794,160,560,944,150,746,36,0,64,0,496,36,1896,308,12164
20250808,19:30,11996,2938,2518,4796,162,604,950,150,744,0,0,70,0,406,36,1684,306,11996
20250808,20:00,11796,2932,2002,4794,158,612,944,152,738,0,0,50,0,412,0,1300,302,11796
20250808,20:30,11436,2934,1644,4796,152,602,918,152,740,0,0,54,0,352,-36,1172,300,11436
20250808,21:00,11076,2934,1496,4706,148,660,924,150,740,0,0,48,0,272,-34,1268,300,11076
20250808,21:30,10810,2934,1126,4296,144,692,914,152,748,0,0,48,0,418,22,984,300,10810
20250808,22:00,10436,2940,1104,4156,140,706,910,150,734,0,0,70,0,294,-36,1032,300,10436
20250808,22:30,10204,2946,1090,4188,132,672,906,152,742,0,0,90,0,376,2,1388,296,10204
20250808,23:00,10002,2948,750,4302,122,670,912,150,736,0,0,60,0,170,26,1140,296,10002
20250808,23:30,9800,2944,862,4430,118,666,908,152,742,0,0,58,0,0,28,1404,296,9800
20250808,24:00:00,9510,2946,432,4372,112,662,902,150,746,0,0,42,0,0,-20,1128,294,9510
20250809,0:30,9070,2940,266,3902,110,640,830,150,752,0,0,34,0,0,-8,844,298,9070
20250809,1:00,8694,2940,258,3560,100,628,816,150,740,0,0,32,0,0,8,836,298,8694
20250809,1:30,8430,2944,308,3572,102,604,814,150,752,0,0,32,0,0,22,1168,298,8430
20250809,2:00,8280,2942,244,3424,98,618,802,150,742,0,0,34,0,0,16,1088,298,8280
20250809,2:30,8212,2942,276,3428,100,596,776,150,754,0,0,34,0,0,-34,1108,298,8212
20250809,3:00,8282,2948,248,3530,96,614,772,150,750,0,0,32,0,0,10,1164,296,8282
20250809,3:30,8378,2952,286,3672,96,596,764,150,760,0,0,30,0,0,10,1236,298,8378
20250809,4:00,8390,2948,276,3630,96,612,760,148,748,0,0,30,0,0,-34,1120,296,8390
20250809,4:30,8562,2944,330,3910,98,594,794,150,756,0,0,40,0,0,8,1360,298,8562
20250809,5:00,8786,2948,386,3948,98,616,798,148,744,0,0,46,0,0,-10,1232,296,8786
20250809,5:30,8918,2944,332,4090,102,594,800,150,754,0,0,60,0,0,26,1232,298,8918
20250809,6:00,8854,2948,308,4098,100,614,798,148,746,0,0,66,0,0,-36,1232,296,8854
20250809,6:30,8778,2948,300,3928,106,598,774,150,752,12,0,96,0,0,-38,1144,296,8778
20250809,7:00,8644,2948,334,3710,106,610,764,150,744,44,0,84,0,0,-36,1112,298,8644
20250809,7:30,8752,2948,490,3694,112,602,716,152,756,222,0,84,0,0,-28,1292,296,8752
20250809,8:00,9112,2948,718,3760,120,610,712,148,738,302,0,90,0,0,-32,1300,298,9112
20250809,8:30,9626,2950,944,3958,126,584,704,152,748,314,0,98,0,0,24,1272,296,9626
20250809,9:00,10034,2946,882,3966,130,566,698,148,736,340,0,98,0,0,-30,744,298,10034
20250809,9:30,10324,2944,718,3914,138,526,694,152,744,534,0,92,0,0,26,424,266,10324
20250809,10:00,10392,2946,688,3998,140,472,694,148,738,718,0,94,0,0,6,476,226,10392
20250809,10:30,10362,2948,680,3934,138,454,702,150,748,926,0,98,0,0,8,640,216,10362
20250809,11:00,10354,2950,680,3674,142,452,718,148,746,1374,0,82,0,0,20,848,216,10354
20250809,11:30,10416,2948,690,3564,142,440,726,150,756,1736,0,88,0,0,12,1052,216,10416
20250809,12:00,10270,2950,750,3550,144,452,742,148,740,1897,0,89,0,0,8,1416,216,10270
20250809,12:30,10228,2946,800,3770,144,436,750,150,750,2268,0,92,0,0,10,2104,216,10228
20250809,13:00,10086,2946,742,3674,148,474,798,148,742,2566,0,94,0,0,2,2464,216,10086
20250809,13:30,10308,2948,766,3646,146,456,818,150,750,2818,0,104,0,0,2,2512,216,10308
20250809,14:00,10618,2944,736,3640,144,472,824,146,740,3166,0,104,0,0,-14,2500,216,10618
20250809,14:30,10538,2946,720,3298,144,456,918,148,748,3306,0,116,0,0,10,2488,216,10538
20250809,15:00,10524,2948,818,3260,142,490,938,148,742,3182,0,128,0,0,-6,2480,214,10524
20250809,15:30,10642,2948,1022,3678,148,468,948,150,746,2598,0,142,0,0,-4,2416,214,10642
20250809,16:00,10620,2948,1176,4084,150,526,950,146,740,1742,0,144,0,0,-20,2184,218,10620
20250809,16:30,10634,2950,1108,4128,150,600,980,148,750,1074,0,156,0,0,-22,1624,236,10634
20250809,17:00,10688,2950,1266,4124,152,684,986,148,744,602,0,166,0,0,-30,1392,288,10688
20250809,17:30,10676,2934,1232,4130,152,678,984,148,754,360,0,176,0,84,-34,1224,302,10676
20250809,18:00,10664,2938,1250,4130,152,692,986,146,738,194,0,170,0,376,-22,1388,302,10664
20250809,18:30,10780,2938,1416,4136,156,684,1006,148,744,82,0,182,0,486,2,1508,308,10780
20250809,19:00,10818,2938,1516,4130,154,684,1028,146,748,0,0,188,0,532,14,1568,308,10818
20250809,19:30,10806,2938,1540,4134,154,658,1004,148,752,2,0,198,0,544,34,1608,308,10806
20250809,20:00,10730,2938,1472,4130,154,704,990,146,736,0,0,198,0,502,26,1572,306,10730
20250809,20:30,10500,2954,1294,4136,148,680,984,148,744,0,0,212,0,308,16,1428,304,10500
20250809,21:00,10268,2952,1048,4130,142,682,984,146,740,0,0,212,0,242,-4,1312,306,10268
20250809,21:30,10052,2948,986,4132,138,684,906,148,742,0,0,192,0,246,4,1376,302,10052
20250809,22:00,9936,2956,860,4132,132,676,890,148,744,0,0,216,0,100,-12,1208,302,9936
20250809,22:30,9900,2950,912,4136,126,638,868,150,746,0,0,216,0,0,4,1144,298,9900
20250809,23:00,9690,2952,856,4122,122,610,870,146,740,0,0,222,0,0,2,1248,296,9690
20250809,23:30,9596,2952,934,4126,118,590,840,150,752,0,0,202,0,0,20,1384,296,9596
20250809,24:00:00,9168,2950,612,4048,110,604,838,146,734,0,0,172,0,0,8,1352,298,9168
20250810,0:30,8776,2950,518,3696,108,580,834,148,752,0,0,180,0,0,2,1288,296,8776
20250810,1:00,8424,2944,468,3668,100,602,834,148,736,0,0,160,0,0,8,1540,296,8424
20250810,1:30,8204,2948,424,3172,102,584,832,148,748,0,0,154,0,0,-4,1200,296,8204
20250810,2:00,8058,2948,420,2982,98,598,838,148,742,0,0,160,0,0,-36,1136,296,8058
20250810,2:30,7964,2942,418,2904,96,578,850,148,752,0,0,158,0,0,-10,1168,296,7964
20250810,3:00,8104,2946,406,3170,96,606,850,146,746,0,0,166,0,0,-8,1316,296,8104
20250810,3:30,8190,2944,428,3224,98,584,932,148,750,0,0,182,0,0,0,1396,296,8190
20250810,4:00,8214,2948,386,3022,96,604,962,146,740,0,0,184,0,0,-2,1168,296,8214
20250810,4:30,8386,2940,346,3112,98,586,972,148,750,0,0,204,0,0,-10,1056,296,8386
20250810,5:00,8650,2942,398,3478,98,602,986,146,740,0,0,204,0,0,2,1240,294,8650
20250810,5:30,8808,2944,392,3490,100,590,1002,148,750,0,0,212,0,0,4,1120,296,8808
20250810,6:00,8700,2940,390,3264,104,598,1010,146,742,2,0,216,0,0,0,1008,296,8700
20250810,6:30,8588,2946,400,3020,106,588,998,148,746,14,0,192,0,0,-2,864,296,8588
20250810,7:00,8394,2946,410,2922,106,596,998,146,740,80,0,202,0,0,-24,1024,296,8394
20250810,7:30,8412,2950,484,2674,110,586,998,148,742,330,0,210,0,0,-28,1088,296,8412
20250810,8:00,8584,2948,558,2874,114,596,1008,146,736,678,0,222,0,0,-10,1580,294,8584
20250810,8:30,9060,2952,736,3196,120,564,934,146,740,1002,0,228,0,0,18,1872,296,9060
20250810,9:00,9428,2950,834,3442,118,552,916,148,732,1152,0,230,0,0,-32,1908,294,9428
20250810,9:30,9732,2948,774,3752,128,494,886,148,738,1206,0,240,0,0,-8,1840,266,9732
20250810,10:00,9882,2946,812,3912,126,460,874,146,736,1416,0,242,0,0,-2,2008,222,9882
20250810,10:30,10102,2948,800,3956,130,450,824,148,746,1602,0,236,0,0,0,1952,214,10102
20250810,11:00,10284,2944,958,4120,128,450,902,146,740,1430,0,236,0,0,24,2008,214,10284
20250810,11:30,10182,2946,892,4100,130,406,942,148,750,1340,0,258,0,0,0,1944,214,10182
20250810,12:00,10142,2934,882,4076,130,412,940,144,738,1260,0,236,0,0,16,1840,214,10142
20250810,12:30,10162,2936,890,3918,138,390,928,148,752,1246,0,252,0,0,6,1656,214,10162
20250810,13:00,10146,2932,898,3886,134,412,924,146,736,1200,0,244,0,0,2,1584,216,10146
20250810,13:30,10128,2934,938,3926,136,396,928,148,744,1130,0,246,0,0,12,1624,214,10128
20250810,14:00,10020,2938,1058,3798,138,410,938,146,736,980,0,244,0,0,10,1592,216,10020
20250810,14:30,9996,2932,1026,4066,138,396,944,148,742,802,0,234,0,0,14,1660,214,9996
20250810,15:00,9916,2934,970,4056,138,440,880,146,738,612,0,228,0,0,6,1448,216,9916
20250810,15:30,9884,2938,802,4114,138,458,898,148,744,510,0,240,0,0,-20,1300,214,9884
20250810,16:00,9928,2934,780,4042,142,504,904,146,746,490,0,244,0,0,-28,1192,216,9928
20250810,16:30,10042,2932,738,3906,144,578,880,148,750,412,0,254,0,0,-28,912,240,10042
20250810,17:00,10214,2936,840,3968,150,660,964,144,738,294,0,240,0,0,-36,984,300,10214
20250810,17:30,10388,2932,790,4080,150,648,1008,146,752,180,0,240,0,0,-32,820,314,10388
20250810,18:00,10530,2932,958,4088,152,680,1036,144,738,72,0,218,0,0,-28,776,316,10530
20250810,18:30,10594,2936,824,4134,156,666,1094,148,746,34,0,206,0,0,0,672,322,10594
20250810,19:00,10640,2936,968,4130,152,674,1070,144,744,0,0,196,0,0,30,728,324,10640
20250810,19:30,10588,2924,1146,4132,150,666,1034,96,752,0,0,196,0,0,36,864,320,10588
20250810,20:00,10358,2924,916,4134,152,670,950,86,732,0,0,190,0,0,28,744,320,10358
20250810,20:30,10196,2924,1012,3992,146,664,916,84,736,0,0,168,0,0,12,776,318,10196
20250810,21:00,9970,2926,766,3936,138,670,906,84,732,0,0,158,0,0,14,680,320,9970
20250810,21:30,9770,2928,660,3768,138,668,882,80,734,0,0,146,0,0,8,560,318,9770
20250810,22:00,9496,2930,646,3396,130,672,864,78,732,0,0,136,0,0,16,420,316,9496
20250810,22:30,9322,2946,776,3638,128,654,810,80,730,0,0,132,0,0,16,896,308,9322
20250810,23:00,9078,2940,656,3716,120,632,802,78,726,0,0,128,0,0,6,1032,306,9078
20250810,23:30,8990,2942,648,3552,118,622,780,84,738,0,0,130,0,0,-2,928,306,8990
20250810,24:00:00,8688,2942,586,3496,112,624,782,114,734,0,0,110,0,0,-22,1096,306,8688
20250811,0:30,8340,2938,520,3252,108,612,770,120,744,0,0,118,0,0,-30,1120,308,8340
20250811,1:00,8150,2936,438,3010,104,620,778,130,740,0,0,116,0,0,-32,1000,310,8150
20250811,1:30,7854,2934,362,2584,102,618,794,132,746,0,0,120,0,0,-30,816,308,7854
20250811,2:00,7736,2932,328,2470,100,626,840,130,744,0,0,108,0,0,-32,820,310,7736
20250811,2:30,7730,2932,346,2312,98,622,908,138,748,0,0,122,0,0,-12,792,308,7730
20250811,3:00,7834,2930,238,2490,94,622,902,142,752,0,0,116,0,0,-10,752,310,7834
20250811,3:30,7950,2932,296,2774,96,590,904,144,750,0,0,116,0,0,26,988,310,7950
20250811,4:00,8018,2930,298,2734,96,584,932,146,740,0,0,110,0,0,34,896,310,8018
20250811,4:30,8148,2932,416,3036,98,566,938,146,750,0,0,106,0,0,26,1176,310,8148
20250811,5:00,8412,2936,352,3454,98,578,942,144,740,0,0,120,0,0,4,1264,308,8412
20250811,5:30,8598,2936,456,3390,102,566,942,146,744,0,0,112,0,0,6,1112,310,8598
20250811,6:00,8552,2942,430,3362,102,576,944,144,746,0,0,106,0,0,18,1128,310,8552
20250811,6:30,8442,2936,490,3020,106,568,940,148,744,2,0,112,0,0,-20,912,308,8442
20250811,7:00,8362,2942,582,2876,104,572,944,144,744,10,0,104,0,0,-26,944,310,8362
20250811,7:30,8560,2942,652,2714,110,558,946,146,734,45,0,109,0,0,-24,680,308,8560
20250811,8:00,8768,2944,688,2952,110,556,950,144,714,93,0,103,0,0,-24,772,310,8768
20250811,8:30,9192,2946,820,3406,120,524,946,146,720,193,0,107,0,0,-12,1036,312,9192
20250811,9:00,9592,2946,1036,3704,124,536,958,144,710,279,0,105,0,0,-16,1248,314,9592
20250811,9:30,9866,2948,1108,3594,128,514,948,146,700,311,0,87,0,0,26,956,312,9866
20250811,10:00,10002,2946,1030,3586,130,526,944,144,668,439,0,81,0,0,14,816,310,10002
20250811,10:30,10042,2950,958,3728,134,514,936,146,678,635,0,77,0,0,-2,1020,308,10042
20250811,11:00,10074,2946,882,3732,134,524,934,144,672,850,0,76,0,0,8,1136,308,10074
20250811,11:30,10054,2946,888,3640,138,490,944,146,678,1070,0,82,0,0,4,1280,308,10054
20250811,12:00,10198,2948,858,3478,136,500,958,144,666,1504,0,88,0,0,-26,1364,308,10198
20250811,12:30,10080,2942,790,3246,142,482,962,146,678,1632,0,84,0,0,-12,1320,308,10080
20250811,13:00,10124,2944,886,3540,146,502,968,144,666,1690,0,82,0,0,24,1776,308,10124
20250811,13:30,10134,2938,866,3672,144,482,962,144,676,1668,0,86,0,0,28,1840,308,10134
20250811,14:00,10040,2934,852,3758,146,510,970,146,666,1608,0,94,0,0,2,1952,306,10040
20250811,14:30,10090,2940,898,3916,146,536,978,146,674,1600,0,84,0,0,-24,2112,308,10090
20250811,15:00,10032,2936,876,3712,140,554,974,144,666,1476,0,82,0,0,28,1864,308,10032
20250811,15:30,10126,2942,886,3852,146,554,978,146,676,1376,0,86,0,0,-24,1800,308,10126
20250811,16:00,10110,2942,806,3634,148,592,984,144,666,1260,0,94,0,0,-36,1432,308,10110
20250811,16:30,10294,2944,854,3766,148,644,970,146,678,1052,0,110,0,0,-34,1292,308,10294
20250811,17:00,10402,2944,922,3840,152,666,960,144,672,788,0,104,0,0,-34,1064,308,10402
20250811,17:30,10336,2930,988,3838,150,660,954,146,678,570,0,96,0,0,-32,952,310,10336
20250811,18:00,10428,2934,1020,3836,152,672,958,144,674,366,0,100,0,174,-30,884,312,10428
20250811,18:30,10484,2934,918,4080,154,656,954,146,676,166,0,118,0,184,14,832,316,10484
20250811,19:00,10556,2936,1008,4134,152,672,954,144,672,22,0,124,0,238,6,824,318,10556
20250811,19:30,10638,2938,1080,4132,150,652,946,146,680,2,0,128,0,162,32,728,318,10638
20250811,20:00,10426,2942,890,4130,150,668,942,144,672,0,0,130,0,120,4,680,314,10426
20250811,20:30,10206,2950,882,4064,144,648,950,146,682,0,0,134,0,38,22,768,314,10206
20250811,21:00,10008,2950,916,3922,142,668,952,144,668,0,0,142,0,0,22,832,314,10008
20250811,21:30,9732,2952,898,3566,134,652,954,146,674,0,0,140,0,0,16,712,312,9732
20250811,22:00,9502,2950,764,3450,126,658,962,144,666,0,0,138,0,0,14,684,314,9502
20250811,22:30,9368,2952,690,3554,124,636,960,146,676,0,0,144,0,0,2,828,312,9368
20250811,23:00,9130,2946,648,3464,120,616,962,144,670,0,0,140,0,0,4,896,312,9130
20250811,23:30,9048,2950,712,3634,118,586,962,146,684,0,0,138,0,0,-16,1176,310,9048
20250811,24:00:00,8748,2950,478,3204,102,598,960,144,660,0,0,144,0,0,-16,784,308,8748
20250812,0:30,8456,2946,466,2880,108,568,960,146,676,0,0,142,0,0,-6,736,306,8456
20250812,1:00,8068,2952,500,2856,98,568,958,144,670,0,0,140,0,0,-24,1100,306,8068
20250812,1:30,7894,2942,502,2648,102,558,958,144,676,0,0,144,0,0,-26,1060,306,7894
20250812,2:00,7758,2944,402,2508,94,564,960,146,660,0,0,144,0,0,-26,944,306,7758
20250812,2:30,7740,2942,392,2682,96,560,958,146,674,0,0,138,0,0,-10,1144,306,7740
20250812,3:00,7864,2942,364,2720,96,570,956,144,668,0,0,136,0,0,-8,1032,308,7864
20250812,3:30,8026,2942,386,2912,96,560,958,146,680,0,0,128,0,0,16,1104,306,8026
20250812,4:00,8140,2944,434,2998,94,574,960,142,670,0,0,112,0,0,12,1108,308,8140
20250812,4:30,8262,2944,486,3034,96,562,966,146,682,0,0,96,0,0,12,1068,306,8262
20250812,5:00,8482,2944,398,3240,96,588,966,144,664,0,0,82,0,0,-2,944,306,8482
20250812,5:30,8666,2946,362,3404,100,578,966,144,676,2,0,76,0,0,38,932,306,8666
20250812,6:00,8710,2946,408,3328,102,578,968,146,672,0,0,82,0,0,0,828,308,8710
20250812,6:30,8636,2944,420,3054,106,560,968,146,678,40,0,90,0,0,-14,664,308,8636
20250812,7:00,8492,2946,476,2804,104,574,966,144,666,232,0,82,0,0,-34,776,308,8492
20250812,7:30,8742,2950,494,2754,114,572,964,146,678,748,0,64,0,0,-30,1020,308,8742
20250812,8:00,9286,2958,556,2646,116,586,968,144,668,1476,0,66,0,0,-28,1176,306,9286
20250812,8:30,9870,2952,686,2710,130,556,960,146,668,2176,0,72,0,0,-4,1488,306,9870
20250812,9:00,10498,2954,650,2842,134,566,956,144,672,2978,0,72,0,0,-38,1736,304,10498
20250812,9:30,11018,2956,688,2686,142,548,958,146,670,3846,0,84,0,0,12,2020,302,11018
20250812,10:00,11416,2914,644,2574,138,580,958,144,668,4648,0,78,0,0,0,2232,302,11416
20250812,10:30,11954,2876,588,2298,144,564,964,146,672,5698,0,90,0,0,-34,2352,300,11954
20250812,11:00,12176,2874,628,2112,142,570,976,142,668,6086,0,84,0,0,-22,2384,300,12176
20250812,11:30,12076,2892,642,1762,144,554,1000,144,674,6354,0,76,0,0,-8,2456,298,12076
20250812,12:00,12564,2898,726,1612,144,576,1006,144,668,6814,0,70,0,0,10,2404,300,12564
20250812,12:30,12442,2916,668,1450,150,572,990,146,670,6830,0,70,0,0,6,2324,298,12442
20250812,13:00,12398,2934,658,1646,146,568,990,140,668,6690,0,56,0,0,6,2404,300,12398
20250812,13:30,12310,2942,708,1806,148,550,1010,144,672,6366,0,58,0,0,24,2416,298,12310
20250812,14:00,12540,2950,622,2038,150,576,1010,144,664,6506,0,50,0,0,-6,2464,300,12540
20250812,14:30,12298,2944,634,2732,150,568,1014,146,674,5856,0,52,0,-198,-20,2552,298,12298
20250812,15:00,12334,2942,760,3084,148,580,1016,144,666,5512,0,48,0,-452,30,2444,300,12334
20250812,15:30,12614,2942,848,3252,152,568,1014,148,672,5078,0,48,0,-42,28,2392,298,12614
20250812,16:00,12358,2946,1032,3482,160,562,1008,142,668,4120,0,34,0,0,8,2104,300,12358
20250812,16:30,12394,2934,930,3840,158,560,1042,146,678,3378,0,40,0,24,-20,1616,300,12394
20250812,17:00,12402,2932,842,4446,162,614,1052,144,670,2598,0,38,0,304,-24,1676,300,12402
20250812,17:30,12302,2928,812,4520,162,598,1054,148,684,1854,0,38,0,346,-34,1108,300,12302
20250812,18:00,12288,2932,870,4758,164,614,1062,144,668,1166,0,38,0,266,-32,664,302,12288
20250812,18:30,12066,2936,1006,4792,164,604,1056,146,678,496,0,38,0,402,-16,544,308,12066
20250812,19:00,11976,2938,992,4790,164,604,1060,146,676,46,0,34,0,548,10,340,308,11976
20250812,19:30,11938,2946,1068,4794,162,600,1062,148,680,0,0,30,0,592,36,488,308,11938
20250812,20:00,11662,2946,814,4788,162,608,1066,144,680,0,0,26,0,576,34,488,306,11662
20250812,20:30,11386,2952,688,4748,154,600,1064,148,674,0,0,28,0,284,-16,244,306,11386
20250812,21:00,11058,2942,676,4688,150,604,1068,144,678,0,0,20,0,84,14,316,306,11058
20250812,21:30,10652,2948,634,4650,146,596,894,148,676,0,0,26,0,0,12,384,306,10652
20250812,22:00,10326,2950,652,4612,142,608,852,144,680,0,0,28,0,0,6,656,308,10326
20250812,22:30,10080,2952,648,4310,134,590,850,146,680,0,0,26,0,0,6,568,306,10080
20250812,23:00,9760,2948,548,3964,120,578,854,146,680,0,0,24,0,0,-6,404,308,9760
20250812,23:30,9562,2948,518,3736,122,572,842,148,686,0,0,30,0,0,24,368,304,9562
20250812,24:00:00,9206,2950,486,3408,112,582,842,144,678,0,0,26,0,0,-22,304,304,9206
20250813,0:30,8872,2946,558,3542,112,566,814,148,690,0,0,30,0,220,-4,1056,306,8872
20250813,1:00,8482,2948,420,3482,106,578,822,146,670,0,0,34,0,152,-22,1160,306,8482
20250813,1:30,8182,2948,384,3518,104,578,810,148,682,0,0,36,0,132,-16,1448,306,8182
20250813,2:00,8082,2948,360,3342,102,580,808,146,680,0,0,38,0,20,-18,1232,308,8082
20250813,2:30,7974,2946,348,3214,100,580,802,146,682,0,0,36,0,0,-20,1168,308,7974
20250813,3:00,8012,2944,354,3160,98,580,806,146,680,0,0,34,0,0,6,1104,308,8012
20250813,3:30,8112,2946,348,3248,100,592,824,146,686,0,0,34,0,0,8,1128,308,8112
20250813,4:00,8166,2944,372,3404,96,606,836,146,680,0,0,36,0,0,-2,1260,308,8166
20250813,4:30,8250,2944,400,3504,100,590,872,146,690,0,0,36,0,0,8,1348,308,8250
20250813,5:00,8462,2942,504,3516,102,610,1008,146,676,0,0,28,0,0,-12,1364,306,8462
20250813,5:30,8634,2946,464,3274,104,600,1030,146,684,0,0,24,0,314,36,1296,308,8634
20250813,6:00,8614,2944,444,2844,104,594,1030,146,680,2,0,26,0,558,26,1092,308,8614
20250813,6:30,8488,2946,406,2510,108,574,1028,146,686,150,0,22,0,564,-30,932,310,8488
20250813,7:00,8432,2950,424,2298,110,586,1040,146,672,614,0,18,0,554,-30,1260,310,8432
20250813,7:30,8846,2948,612,1754,116,558,1028,146,686,1586,0,22,0,218,-18,1120,310,8846
20250813,8:00,9034,2954,680,1550,122,540,884,146,668,2576,0,22,0,-190,-34,1192,308,9034
20250813,8:30,9636,2956,606,1528,134,502,822,146,670,3812,0,24,0,-280,-8,1584,308,9636
20250813,9:00,10324,2948,648,1310,136,488,800,146,662,4982,0,14,0,-440,-28,1648,306,10324
20250813,9:30,10894,2960,562,1176,140,482,796,146,662,5838,0,14,0,-928,-16,1244,306,10894
20250813,10:00,11312,2960,620,1158,144,470,798,144,662,6704,0,12,0,-1178,6,1492,304,11312
20250813,10:30,11732,2962,566,1150,144,464,802,146,666,7370,0,18,0,-1292,0,1568,304,11732
20250813,11:00,11938,2960,622,1178,140,456,814,144,658,7858,0,18,0,-1432,30,1812,304,11938
20250813,11:30,12138,2956,632,1254,144,438,808,144,670,8022,0,16,0,-1304,26,1972,304,12138
20250813,12:00,12348,2960,544,1202,146,444,812,146,666,8266,0,12,0,-1340,20,1832,302,12348
20250813,12:30,12572,2956,552,1160,150,436,816,146,680,8392,0,10,0,-1292,14,1752,304,12572
20250813,13:00,12444,2954,584,1228,152,448,810,144,674,8200,0,10,0,-1264,8,1808,304,12444
20250813,13:30,12502,2948,508,1230,150,432,824,146,680,8102,0,10,0,-1164,0,1668,304,12502
20250813,14:00,12540,2948,566,1400,150,486,822,144,670,7839,0,9,0,-1320,-20,1456,302,12540
20250813,14:30,12486,2946,600,1630,154,516,818,146,680,7360,0,10,0,-1216,12,1472,302,12486
20250813,15:00,12420,2940,572,1952,154,534,810,144,672,6848,0,10,0,-878,-6,1636,304,12420
20250813,15:30,12458,2942,620,2308,158,526,850,146,678,6162,0,12,0,-330,14,1932,304,12458
20250813,16:00,12506,2938,618,2766,162,544,882,144,674,5374,0,12,0,82,-18,1976,304,12506
20250813,16:30,12662,2938,730,3544,166,568,898,146,678,4518,0,8,0,132,-24,1944,304,12662
20250813,17:00,12700,2940,938,4004,172,602,910,144,674,3414,0,10,0,168,20,1600,304,12700
20250813,17:30,12494,2934,972,4372,172,588,914,144,682,2204,0,8,0,298,-22,1076,304,12494
20250813,18:00,12406,2940,1090,4624,176,600,1058,146,674,1261,0,3,0,568,-28,1012,306,12406
20250813,18:30,12232,2938,1152,4782,176,584,1090,144,680,546,0,4,0,906,38,1120,312,12232
20250813,19:00,12106,2942,1166,4788,176,602,1076,144,676,75,0,3,0,1162,34,1052,314,12106
20250813,19:30,12050,2948,1012,4788,170,588,1074,146,686,1,0,5,0,1336,-26,992,314,12050
20250813,20:00,11800,2944,740,4780,166,608,1078,144,676,0,0,4,0,1246,-40,856,310,11800
20250813,20:30,11430,2946,674,4788,164,590,1068,146,684,0,0,2,0,1054,-36,960,310,11430
20250813,21:00,11134,2946,678,4792,156,606,1070,144,674,0,0,0,0,638,-34,848,312,11134
20250813,21:30,10788,2944,686,4790,152,594,858,146,684,0,0,2,0,526,-34,872,312,10788
20250813,22:00,10432,2946,682,4790,148,604,816,144,670,0,0,2,0,334,-32,984,312,10432
20250813,22:30,10264,2954,588,4792,140,594,810,146,680,0,0,2,0,204,-22,936,312,10264
20250813,23:00,9920,2948,480,4790,134,596,806,144,680,0,0,0,0,128,4,1100,310,9920
20250813,23:30,9620,2950,418,4616,128,546,802,146,686,0,0,0,0,184,20,1156,280,9620
20250813,24:00:00,9286,2956,362,4316,118,506,794,144,674,0,0,0,0,46,26,892,236,9286
20250814,0:30,8874,2954,546,4014,112,490,712,146,680,0,0,0,0,0,26,1032,226,8874
20250814,1:00,8386,2954,432,3770,110,500,686,146,684,0,0,2,0,0,12,1136,226,8386
20250814,1:30,8158,2948,388,3606,108,490,656,146,686,0,0,2,0,0,30,1128,226,8158
20250814,2:00,7974,2950,374,3420,100,502,646,146,682,0,0,0,0,0,-18,1056,228,7974
20250814,2:30,7878,2952,314,3106,102,488,640,146,684,0,0,4,0,0,-18,768,228,7878
20250814,3:00,7882,2946,336,3038,102,496,650,146,684,0,0,0,0,0,16,760,228,7882
20250814,3:30,7926,2950,370,3076,100,488,646,146,688,0,0,2,0,0,16,784,228,7926
20250814,4:00,8002,2950,312,3026,98,504,808,146,684,0,0,2,0,0,-28,728,228,8002
20250814,4:30,8068,2946,280,3072,100,488,844,148,690,0,0,2,0,0,-26,704,228,8068
20250814,5:00,8310,2942,320,3212,100,498,966,148,676,0,0,0,0,0,-24,756,228,8310
20250814,5:30,8502,2946,338,3428,102,498,998,148,690,0,0,2,0,0,32,908,228,8502
20250814,6:00,8396,2950,326,3136,104,526,1002,148,680,2,0,0,0,0,-24,680,226,8396
20250814,6:30,8344,2946,566,2676,108,518,994,148,690,144,0,0,0,0,14,704,244,8344
20250814,7:00,8246,2950,506,1958,110,572,994,148,680,690,0,0,0,0,-20,636,294,8246
20250814,7:30,8618,2958,436,1720,116,532,844,146,690,1722,0,0,0,0,-24,828,306,8618
20250814,8:00,8858,2954,600,1488,120,534,708,146,674,2764,0,0,0,-464,-26,948,308,8858
20250814,8:30,9382,2956,590,1290,130,516,648,146,678,3890,0,0,0,-558,-2,1208,306,9382
20250814,9:00,10086,2958,494,1206,136,512,640,144,674,5024,0,0,0,-906,-36,1064,304,10086
20250814,9:30,10696,2960,430,1126,142,476,618,146,686,6084,0,0,0,-1146,-2,1128,304,10696
20250814,10:00,11144,2962,472,1044,144,470,614,144,670,6802,0,0,0,-1152,28,1360,306,11144
20250814,10:30,11728,2960,550,1044,144,442,590,146,674,7702,0,0,0,-1350,26,1504,304,11728
20250814,11:00,11950,2960,388,1044,142,444,596,146,674,8082,0,2,0,-1520,-24,1288,304,11950
20250814,11:30,12282,2958,402,1048,146,436,582,146,678,8506,0,0,0,-1428,4,1500,304,12282
20250814,12:00,12558,2960,602,1046,142,442,578,146,668,8760,0,0,0,-1344,34,1780,304,12558
20250814,12:30,12664,2956,632,1050,146,436,556,146,682,8840,0,0,0,-1194,30,1920,304,12664
20250814,13:00,12806,2954,566,1046,152,438,550,144,670,8870,0,0,0,-954,32,1968,306,12806
20250814,13:30,13010,2956,478,1168,150,434,558,146,680,8772,0,0,0,-1146,2,1492,304,13010
20250814,14:00,12584,2950,582,1354,152,442,564,144,668,8268,0,6,0,-990,6,1868,306,12584
20250814,14:30,12726,2954,536,1616,150,440,594,146,678,7750,0,6,0,-590,-6,1852,304,12726
20250814,15:00,12722,2954,594,1884,156,444,672,142,676,7214,0,6,0,-754,8,1580,306,12722
20250814,15:30,12766,2946,596,1964,162,450,742,144,676,6392,0,8,0,-382,-12,1224,304,12766
20250814,16:00,12606,2948,760,2492,162,490,744,144,672,5444,0,2,0,-14,-32,1512,306,12606
20250814,16:30,12658,2934,838,3054,168,534,786,146,676,4400,0,8,0,128,-32,1288,306,12658
20250814,17:00,12818,2932,976,3748,170,598,816,142,672,3374,0,2,0,128,-22,1024,306,12818
20250814,17:30,12668,2930,1012,4120,174,576,990,146,682,2204,0,6,0,344,-32,792,308,12668
20250814,18:00,12616,2932,888,4562,174,598,1020,144,662,1300,0,2,0,1114,-36,1052,308,12616
20250814,18:30,12474,2938,1148,4672,174,582,1038,146,672,580,0,2,0,1426,18,1236,314,12474
20250814,19:00,12280,2938,1416,4786,170,604,1044,144,666,102,0,2,0,1528,34,1468,314,12280
20250814,19:30,12160,2950,1452,4792,168,584,1036,146,674,2,0,4,0,1634,34,1628,312,12160
20250814,20:00,11886,2956,1130,4790,166,608,1038,146,664,0,0,4,0,1582,6,1512,308,11886
20250814,20:30,11638,2950,992,4794,160,578,1006,146,676,0,0,2,0,1286,0,1260,308,11638
20250814,21:00,11336,2956,916,4794,156,602,860,146,658,0,0,2,0,932,4,1000,310,11336
20250814,21:30,10964,2952,690,4800,152,580,828,146,674,0,0,2,0,618,-2,784,308,10964
20250814,22:00,10594,2958,588,4796,146,598,758,146,668,0,0,2,0,292,-4,664,310,10594
20250814,22:30,10382,2956,580,4796,136,576,744,146,678,0,0,2,0,208,4,752,308,10382
20250814,23:00,10062,2954,556,4722,132,592,730,148,668,0,0,0,0,70,-6,812,308,10062
20250814,23:30,9838,2958,548,4792,122,570,686,148,682,0,0,2,0,0,14,992,308,9838
20250814,24:00:00,9468,2960,334,4440,122,600,670,146,662,0,0,0,0,0,8,780,306,9468
20250815,0:30,9036,2960,420,3992,114,560,760,148,680,0,0,0,0,0,0,904,306,9036
20250815,1:00,8614,2958,382,3366,106,578,752,146,660,0,0,0,0,0,-8,632,306,8614
20250815,1:30,8284,2952,328,3072,106,552,754,148,676,0,0,2,0,0,-16,596,306,8284
20250815,2:00,8114,2956,332,2786,100,582,756,146,662,0,0,2,0,0,-4,512,308,8114
20250815,2:30,8006,2954,320,2650,100,554,764,146,678,0,0,2,0,0,-4,464,306,8006
20250815,3:00,8272,2952,336,3036,98,580,746,146,666,0,0,2,0,0,-14,584,308,8272
20250815,3:30,8084,2950,346,2914,98,558,734,148,686,0,0,2,0,0,-10,648,306,8084
20250815,4:00,8132,2948,372,3094,96,588,738,146,664,0,0,6,0,0,6,832,306,8132
20250815,4:30,8206,2948,366,2976,100,556,906,148,686,0,0,4,0,0,-18,772,306,8206
20250815,5:00,8436,2944,466,3084,98,582,938,146,664,0,0,2,0,0,2,796,306,8436
20250815,5:30,8542,2948,384,3170,102,558,998,148,680,0,0,4,0,150,-30,876,306,8542
20250815,6:00,8534,2948,326,2914,108,588,996,146,668,0,0,2,0,220,-32,656,306,8534
20250815,6:30,8400,2946,338,2622,108,558,920,148,684,124,0,8,0,180,-18,524,306,8400
20250815,7:00,8374,2952,336,2312,108,582,892,146,666,670,0,10,0,14,-22,596,304,8374
20250815,7:30,8806,2952,500,1736,118,536,846,146,680,1744,0,6,0,-290,-16,456,304,8806
20250815,8:00,9026,2954,636,1542,120,534,680,146,664,2736,0,4,0,-708,-4,584,306,9026
20250815,8:30,9668,2952,476,1398,132,522,598,146,676,3906,0,4,0,-814,24,656,304,9668
20250815,9:00,10268,2958,490,1280,136,510,568,146,656,5058,0,2,0,-1088,-2,752,306,10268
20250815,9:30,10894,2958,500,1182,142,478,558,146,666,6138,0,0,0,-1142,20,1056,304,10894
20250815,10:00,11382,2956,468,1138,142,496,550,146,662,6976,0,0,0,-1146,8,1320,306,11382
20250815,10:30,11830,2958,494,1080,144,482,554,146,666,7720,0,0,0,-1372,8,1352,302,11830
20250815,11:00,12162,2958,644,1042,146,472,534,146,664,8292,0,0,0,-1308,14,1744,302,12162
20250815,11:30,12620,2958,684,1046,148,462,518,146,686,8783,0,1,0,-1242,24,1896,302,12620
20250815,12:00,12920,2960,650,1046,146,474,506,146,678,9019,0,1,0,-1096,10,1920,300,12920
20250815,12:30,13044,2958,636,1122,150,478,506,146,684,8949,0,3,0,-1040,8,1856,300,13044
20250815,13:00,13000,2960,638,1288,156,464,520,146,690,8787,0,1,0,-1074,22,1900,302,13000
20250815,13:30,13080,2956,502,1462,152,466,494,146,692,8657,0,3,0,-1106,8,1652,300,13080
20250815,14:00,13234,2954,480,1500,154,492,508,146,688,8472,0,0,0,-1084,10,1388,302,13234
20250815,14:30,13204,2960,578,1692,156,498,516,146,702,8050,0,4,0,-1058,8,1348,300,13204
20250815,15:00,13060,2952,516,2132,156,500,524,146,704,7342,0,0,0,-598,8,1624,302,13060
20250815,15:30,12864,2954,578,2436,160,508,644,146,716,6456,0,4,0,-64,-28,1948,302,12864
20250815,16:00,12988,2954,516,3224,158,546,726,144,710,5538,0,4,0,152,-30,1956,302,12988
20250815,16:30,13084,2956,654,3668,166,566,800,146,720,4598,0,6,0,170,-24,1644,302,13084
20250815,17:00,13128,2950,890,4164,168,596,836,142,720,3488,0,6,0,334,-30,1440,304,13128
20250815,17:30,13066,2940,840,4622,172,592,866,146,722,2368,0,8,0,554,-34,1036,306,13066
20250815,18:00,13008,2940,850,4788,174,594,1034,144,718,1414,0,8,0,866,-36,792,306,13008
20250815,18:30,12762,2938,946,4788,170,572,1066,146,724,620,0,10,0,1152,10,692,312,12762
20250815,19:00,12604,2934,1020,4786,174,600,1052,144,710,76,0,8,0,1376,36,624,312,12604
20250815,19:30,12540,2938,1050,4786,168,580,1046,146,726,2,0,14,0,1162,34,424,312,12540
20250815,20:00,12186,2942,928,4784,166,596,1032,144,712,0,0,12,0,792,34,264,308,12186
20250815,20:30,11842,2952,880,4790,160,574,1026,146,738,0,0,10,0,656,34,432,308,11842
20250815,21:00,11472,2950,858,4786,152,600,876,144,714,0,0,8,0,556,8,488,308,11472
20250815,21:30,11106,2954,646,4792,150,582,820,146,736,0,0,6,0,550,0,584,308,11106
20250815,22:00,10846,2950,600,4792,142,594,718,146,722,0,0,6,0,460,0,592,308,10846
20250815,22:30,10594,2950,690,4364,136,588,664,146,738,0,0,6,0,570,12,576,306,10594
20250815,23:00,10156,2946,560,3986,128,600,636,146,730,0,0,4,0,358,6,252,308,10156
20250815,23:30,9912,2950,564,3948,126,580,586,148,740,0,0,2,0,322,-16,344,306,9912
20250815,24:00:00,9512,2948,354,3750,116,590,580,146,738,0,0,2,0,146,-28,136,306,9512
20250816,0:30,9022,2948,484,3590,114,562,550,148,746,0,0,2,0,106,-30,504,306,9022
20250816,1:00,8632,2952,412,3596,106,570,550,148,732,0,0,0,0,-2,-32,704,304,8632
20250816,1:30,8336,2952,274,3116,104,554,702,148,744,0,0,2,0,0,-32,532,304,8336
20250816,2:00,8128,2950,284,2906,102,568,718,148,732,0,0,2,0,0,-22,564,304,8128
20250816,2:30,8076,2956,296,2856,100,554,730,148,748,0,0,2,0,0,-34,584,304,8076
20250816,3:00,8112,2954,304,2766,98,574,736,148,736,0,0,2,0,0,-18,492,304,8112
20250816,3:30,8122,2952,316,2748,98,564,746,148,750,0,0,2,0,0,-2,504,304,8122
20250816,4:00,8234,2952,316,2856,96,582,762,148,732,0,0,4,0,0,34,552,304,8234
20250816,4:30,8270,2950,280,2834,100,562,936,148,740,0,0,2,0,0,22,608,304,8270
20250816,5:00,8508,2950,290,3060,98,580,988,150,736,0,0,2,0,0,14,664,304,8508
20250816,5:30,8612,2948,336,2840,102,556,978,150,740,0,0,2,0,0,16,360,304,8612
20250816,6:00,8532,2946,370,2768,100,570,982,148,732,0,0,0,0,0,28,416,304,8532
20250816,6:30,8436,2944,326,2544,104,556,998,150,742,136,0,0,0,0,-4,364,304,8436
20250816,7:00,8356,2950,240,2198,104,568,964,144,736,664,0,0,0,-52,-32,432,304,8356
20250816,7:30,8820,2950,376,1878,110,526,738,148,744,1718,0,0,0,-340,-20,312,304,8820
20250816,8:00,9038,2952,396,1568,114,536,640,146,734,2702,0,0,0,-856,-30,168,304,9038
20250816,8:30,9602,2952,448,1644,122,514,612,146,740,3896,0,0,0,-1164,-20,592,304,9602
20250816,9:00,10298,2942,454,1396,130,500,594,146,728,5016,0,0,0,-1082,-28,800,302,10298
20250816,9:30,11020,2950,448,1384,132,448,492,146,734,6064,0,0,0,-962,-16,1072,272,11020
20250816,10:00,11342,2946,414,1384,136,406,466,146,730,6834,0,0,0,-1166,-22,1164,232,11342
20250816,10:30,11708,2956,410,1510,138,398,458,146,736,7517,0,1,0,-984,-6,1792,220,11708
20250816,11:00,12242,2954,482,1416,134,416,434,146,728,8101,0,1,0,-934,-12,1844,220,12242
20250816,11:30,12612,2958,572,1402,138,412,412,148,734,8501,0,1,0,-862,24,2048,220,12612
20250816,12:00,12704,2960,550,1398,140,408,384,146,732,8571,0,1,0,-882,12,1936,220,12704
20250816,12:30,12792,2960,708,1518,142,400,392,146,744,8550,0,2,0,-788,30,2232,220,12792
20250816,13:00,13094,2966,570,1386,142,426,390,146,732,8770,0,4,0,-940,-2,1716,220,13094
20250816,13:30,13166,2962,550,1424,144,412,392,146,740,8644,0,4,0,-1286,10,1196,220,13166
20250816,14:00,13116,2958,700,1634,144,428,378,146,724,8290,0,4,0,-1198,36,1348,220,13116
20250816,14:30,12998,2956,764,1954,144,412,402,146,730,7619,0,5,0,-1082,12,1284,220,12998
20250816,15:00,12864,2956,896,2174,146,426,420,146,732,6777,0,1,0,-602,36,1464,220,12864
20250816,15:30,12676,2956,848,2924,150,442,476,146,732,5863,0,7,0,-512,-20,1556,220,12676
20250816,16:00,12940,2954,960,3590,148,498,542,146,738,5095,0,19,0,-296,-34,1640,220,12940
20250816,16:30,12948,2944,1110,3832,156,518,660,146,736,4047,0,7,0,-130,-24,1292,238,12948
20250816,17:00,12982,2944,1272,3476,162,582,834,144,732,2935,0,3,0,160,-22,528,288,12982
20250816,17:30,12912,2936,1524,3794,166,582,1022,146,732,1993,0,3,0,322,-28,584,304,12912
20250816,18:00,12890,2938,1470,4122,170,598,1044,146,730,1097,0,1,0,616,-36,312,306,12890
20250816,18:30,12618,2944,1454,4132,168,590,1066,146,732,475,0,1,0,1250,4,652,308,12618
20250816,19:00,12444,2940,1480,4132,168,598,1066,146,712,75,0,1,0,1622,22,828,310,12444
20250816,19:30,12442,2952,1556,4136,166,584,1052,146,698,3,0,3,0,1722,34,920,310,12442
20250816,20:00,12174,2954,1454,4134,162,588,1014,146,686,0,0,0,0,1434,22,728,308,12174
20250816,20:30,11786,2950,1428,4132,156,584,840,146,696,0,0,2,0,1052,14,520,306,11786
20250816,21:00,11436,2952,1108,4136,152,596,826,146,684,0,0,0,0,1216,16,704,308,11436
20250816,21:30,11110,2954,984,4140,146,580,826,146,690,0,0,2,0,902,6,572,306,11110
20250816,22:00,10590,2950,952,4006,140,598,810,146,686,0,0,0,0,308,-22,288,304,10590
20250816,22:30,10196,2952,794,3916,132,578,830,146,692,0,0,4,0,462,10,624,304,10196
20250816,23:00,9908,2952,666,3848,124,600,716,148,686,0,0,2,0,510,8,656,304,9908
20250816,23:30,9662,2954,556,3954,120,584,666,148,692,0,0,4,0,516,-12,824,304,9662
20250816,24:00:00,9332,2948,572,3968,114,594,650,146,688,0,0,4,0,236,-20,872,304,9332
20250817,0:30,9206,2952,722,3380,112,576,584,146,690,0,0,4,0,32,-32,264,304,9206
20250817,1:00,8788,2950,500,3386,102,566,580,148,676,0,0,2,0,0,-24,400,302,8788
20250817,1:30,8510,2950,500,3292,104,544,574,148,676,0,0,4,0,0,-30,556,304,8510
20250817,2:00,8302,2948,494,3098,102,576,570,146,654,0,0,2,0,0,-20,572,304,8302
20250817,2:30,8220,2952,354,3118,102,556,604,146,660,0,0,2,0,0,-10,568,304,8220
20250817,3:00,8222,2952,364,3000,98,568,644,146,642,0,0,0,0,0,2,496,302,8222
20250817,3:30,8344,2946,336,2994,98,552,750,148,654,0,0,2,0,0,8,448,304,8344
20250817,4:00,8312,2950,328,3004,92,574,794,146,642,0,0,4,0,0,4,528,302,8312
20250817,4:30,8356,2944,344,2912,98,552,968,148,654,0,0,2,0,0,0,568,302,8356
20250817,5:00,8634,2948,550,2806,96,566,1038,146,636,0,0,2,0,34,20,512,304,8634
20250817,5:30,8814,2942,348,2720,102,550,1044,148,652,0,0,2,0,186,34,216,302,8814
20250817,6:00,8700,2954,354,2724,102,568,1038,144,640,0,0,0,0,230,26,384,304,8700
20250817,6:30,8552,2948,434,2760,104,550,1030,146,650,109,0,5,0,180,-18,648,302,8552
20250817,7:00,8482,2948,352,2620,104,578,1010,146,642,589,0,3,0,-64,-36,712,302,8482
20250817,7:30,8968,2956,484,2208,108,538,762,148,650,1559,0,3,0,-512,-14,224,302,8968
20250817,8:00,8968,2954,488,1868,106,528,636,146,644,2455,0,1,0,-924,-32,204,302,8968
20250817,8:30,9400,2956,568,1934,112,520,622,146,646,3436,0,0,0,-1052,-26,764,302,9400
20250817,9:00,10030,2956,470,1770,112,504,562,146,636,4424,0,0,0,-1168,-36,648,302,10030
20250817,9:30,10636,2954,446,1498,122,454,552,146,644,5320,0,0,0,-1422,10,360,272,10636
20250817,10:00,10778,2954,446,1484,116,408,546,146,636,5930,0,0,0,-1472,26,672,230,10778
20250817,10:30,11340,2950,432,1478,126,402,510,146,640,6745,0,1,0,-1442,24,892,220,11340
20250817,11:00,11814,2950,422,1472,120,414,506,146,640,7465,0,1,0,-1702,16,856,220,11814
20250817,11:30,12078,2950,458,1518,128,408,498,146,642,7932,0,0,0,-1828,22,1016,220,12078
20250817,12:00,12084,2950,518,1590,126,412,472,146,640,7950,0,0,0,-1658,22,1304,220,12084
20250817,12:30,12428,2956,514,1678,132,410,456,146,640,8076,0,2,0,-1134,4,1672,220,12428
20250817,13:00,12476,2956,510,1686,132,404,452,146,642,8056,0,2,0,-1380,12,1360,218,12476
20250817,13:30,12484,2958,490,1572,132,408,570,146,644,7874,0,10,0,-1208,12,1344,220,12484
20250817,14:00,12508,2952,556,1734,134,414,582,146,636,7296,0,12,0,-836,6,1344,220,12508
20250817,14:30,12472,2958,512,1880,136,400,594,146,644,6700,0,12,0,-796,18,952,220,12472
20250817,15:00,12162,2954,600,2100,134,416,584,146,636,5646,0,4,0,-466,-4,808,220,12162
20250817,15:30,11926,2954,714,2372,142,414,548,146,642,4336,0,6,0,-142,-26,400,220,11926
20250817,16:00,12088,2954,818,3232,140,456,604,146,634,3366,0,2,0,194,-36,640,218,12088
20250817,16:30,12132,2950,890,3982,146,506,708,146,644,2619,0,1,0,148,-34,812,238,12132
20250817,17:00,12222,2952,1188,4058,156,592,818,146,630,1883,0,1,0,180,-22,648,288,12222
20250817,17:30,12132,2938,1608,4114,158,586,880,146,644,1219,0,1,0,232,-8,688,302,12132
20250817,18:00,12052,2932,1742,4318,164,598,1032,146,634,667,0,3,0,862,-34,1320,308,12052
20250817,18:30,12036,2934,1722,4402,164,586,1052,146,640,289,0,3,0,862,20,1096,312,12036
20250817,19:00,11864,2930,1628,4642,164,588,1062,146,638,29,0,1,0,1042,-2,1316,312,11864
20250817,19:30,11812,2938,1690,4800,162,586,1066,146,646,3,0,1,0,828,0,1364,310,11812
20250817,20:00,11550,2934,1608,4796,160,602,984,148,638,0,0,0,0,424,-12,1040,308,11550
20250817,20:30,11238,2948,1522,4794,152,580,936,148,648,0,0,2,0,176,24,1000,308,11238
20250817,21:00,10964,2948,1582,4796,150,606,780,146,638,0,0,0,0,-2,-2,984,306,10964
20250817,21:30,10620,2952,1096,4792,142,584,728,148,646,0,0,4,0,0,-10,768,306,10620
20250817,22:00,10258,2950,746,4756,136,604,708,146,636,0,0,2,0,0,-26,704,304,10258
20250817,22:30,10022,2946,844,4792,130,578,664,148,656,0,0,4,0,0,10,1056,306,10022
20250817,23:00,9646,2948,658,4690,120,610,642,148,632,0,0,2,0,0,-4,1104,304,9646
20250817,23:30,9412,2950,644,4624,118,578,634,148,650,0,0,6,0,0,22,1264,302,9412
20250817,24:00:00,9100,2950,334,4580,112,586,642,148,646,0,0,0,0,0,-10,1192,304,9100
20250818,0:30,8726,2952,322,4442,108,560,626,148,658,0,0,4,0,0,-20,1376,302,8726
20250818,1:00,8362,2950,336,4136,104,590,620,148,642,0,0,0,0,0,8,1472,300,8362
20250818,1:30,8114,2954,344,3970,102,546,644,148,656,0,0,4,0,0,-4,1552,302,8114
20250818,2:00,8002,2954,264,3820,100,574,642,148,644,0,0,0,0,0,-30,1416,302,8002
20250818,2:30,8002,2950,412,3292,98,556,636,148,658,0,0,2,0,0,4,1056,302,8002
20250818,3:00,7942,2956,292,3080,96,574,692,148,642,0,0,0,0,0,0,840,302,7942
20250818,3:30,8012,2948,362,3092,96,550,934,148,656,0,0,2,0,0,-6,1072,302,8012
20250818,4:00,8060,2954,302,3276,94,574,974,148,646,0,0,0,0,0,-18,1192,302,8060
20250818,4:30,8214,2950,344,3710,96,556,966,150,658,0,0,2,0,0,-16,1504,302,8214
20250818,5:00,8560,2946,432,3930,98,596,992,146,638,0,0,0,0,0,34,1552,300,8560
20250818,5:30,8866,2946,362,4404,102,596,1002,150,654,2,0,0,0,0,34,1688,302,8866
20250818,6:00,8908,2950,392,4470,102,644,996,148,640,0,0,0,0,0,-30,1704,300,8908
20250818,6:30,9060,2950,590,3872,106,632,782,150,654,120,0,0,0,0,16,1112,300,9060
20250818,7:00,9078,2948,434,3792,110,648,700,148,640,624,0,0,0,134,-10,1392,302,9078
20250818,7:30,9628,2950,506,3654,116,632,708,148,654,1622,0,0,0,142,-36,1768,300,9628
20250818,8:00,10212,2954,520,3532,118,656,704,146,636,2588,0,0,0,26,-34,1936,302,10212
20250818,8:30,11172,2944,552,3996,132,642,678,148,644,3752,0,0,0,-266,-2,2348,300,11172
20250818,9:00,12170,2954,470,4350,142,646,612,146,638,4798,0,0,0,-434,-24,2428,300,12170
20250818,9:30,12954,2950,504,4244,146,640,548,146,642,5850,0,0,0,-534,-12,2468,298,12954
20250818,10:00,13486,2952,538,4332,146,654,530,148,636,6678,0,0,0,-822,-8,2596,298,13486
20250818,10:30,13804,2948,686,3882,148,640,488,146,638,7262,0,0,0,-822,6,2516,298,13804
20250818,11:00,14054,2950,674,3732,146,650,436,146,636,7728,0,0,0,-832,-4,2504,296,14054
20250818,11:30,14424,2950,740,3762,148,642,430,146,642,8150,0,0,0,-1108,38,2412,296,14424
20250818,12:00,14758,2946,782,3734,152,652,424,146,638,8418,0,0,0,-1124,34,2340,296,14758
20250818,12:30,14510,2952,792,3482,152,636,448,146,648,8336,0,2,0,-1110,2,2272,296,14510
20250818,13:00,14888,2952,832,3634,152,660,440,146,624,8672,0,0,0,-1108,4,2416,296,14888
20250818,13:30,15216,2952,962,3720,154,648,440,146,630,8518,0,2,0,-1094,10,2168,296,15216
20250818,14:00,15286,2960,1230,3838,156,646,432,146,630,8290,0,2,0,-774,-16,2552,298,15286
20250818,14:30,15378,2958,1522,3990,156,642,430,146,630,7712,0,2,0,-526,-34,2548,298,15378
20250818,15:00,15224,2964,1584,4010,160,652,432,144,628,7042,0,2,0,-498,2,2196,298,15224
20250818,15:30,14966,2958,1746,4512,162,638,528,146,632,6106,0,2,0,-292,10,2480,298,14966
20250818,16:00,15224,2966,2214,4790,168,650,650,144,630,5208,0,2,0,2,-26,2472,298,15224
20250818,16:30,15166,2960,2624,4788,168,640,816,146,636,4214,0,4,0,66,-10,2188,302,15166
20250818,17:00,15076,2958,2712,4792,170,646,830,144,642,3062,0,2,0,470,-28,1628,304,15076
20250818,17:30,14558,2950,2686,4790,168,634,1002,146,646,2046,0,6,0,790,-36,1576,306,14558
20250818,18:00,14288,2934,2678,4794,172,642,1040,146,640,1158,0,4,0,1320,-36,1508,304,14288
20250818,18:30,14044,2938,2690,4792,170,640,1068,146,648,502,0,2,0,1746,26,1632,308,14044
20250818,19:00,13952,2940,2694,4790,172,654,1076,146,640,42,0,2,0,1820,34,1368,310,13952
20250818,19:30,13824,2940,2726,4796,168,642,1082,146,648,2,0,4,0,1484,38,1160,308,13824
20250818,20:00,13402,2940,2710,4788,162,652,1074,146,638,0,0,6,0,996,30,1044,304,13402
20250818,20:30,13014,2950,2632,4794,154,634,920,146,646,0,0,8,0,572,22,768,304,13014
20250818,21:00,12578,2958,2454,4794,152,652,886,146,636,0,0,8,0,442,-8,844,302,12578
20250818,21:30,12216,2948,2518,4798,146,632,850,148,642,0,0,6,0,340,26,1140,302,12216
20250818,22:00,11838,2952,2088,4794,138,644,778,146,636,0,0,6,0,160,-6,800,302,11838
20250818,22:30,11488,2948,2256,4806,132,616,686,148,638,0,0,4,0,0,-24,1024,302,11488
20250818,23:00,11138,2952,1692,4800,122,602,656,146,640,0,0,0,0,0,2,776,302,11138
20250818,23:30,10786,2952,1288,4780,120,582,642,148,648,0,0,2,0,0,-6,672,302,10786
20250818,24:00:00,10350,2948,1032,4672,112,584,616,146,632,0,0,0,0,0,-14,680,302,10350
20250819,0:30,9892,2954,718,4652,108,568,734,148,654,0,0,2,0,0,-6,940,300,9892
20250819,1:00,9542,2950,674,4714,106,592,752,146,636,0,0,2,0,0,-24,1304,298,9542
20250819,1:30,9274,2948,806,4704,104,570,612,146,646,0,0,2,0,-154,-26,1384,300,9274
20250819,2:00,9048,2950,758,4804,100,572,690,148,634,0,0,0,0,-300,2,1608,298,9048
20250819,2:30,8968,2950,734,4610,98,554,726,146,648,0,0,2,0,-302,-18,1480,300,8968
20250819,3:00,8996,2952,652,4522,94,580,764,146,630,0,0,0,0,-298,-2,1344,300,8996
20250819,3:30,8986,2946,642,4476,98,558,980,148,648,0,0,2,0,-300,0,1512,300,8986
20250819,4:00,9020,2950,622,4348,94,576,1006,144,642,0,0,0,0,-298,4,1368,300,9020
20250819,4:30,9120,2946,588,4420,96,566,1048,148,666,0,0,2,0,-298,2,1364,300,9120
20250819,5:00,9378,2944,660,4404,98,600,1062,144,644,0,0,2,0,-296,34,1216,298,9378
20250819,5:30,9636,2946,600,4536,102,628,1064,148,666,0,0,2,0,-296,32,1092,300,9636
20250819,6:00,9676,2948,632,4540,102,688,1062,146,650,0,0,4,0,-294,6,1108,300,9676
20250819,6:30,9726,2942,688,4460,106,676,902,148,666,94,0,4,0,-50,-10,1200,300,9726
20250819,7:00,9760,2948,630,4210,108,682,870,146,660,536,0,2,0,2,-36,1296,298,9760
20250819,7:30,10254,2952,766,3968,114,668,844,148,678,1524,0,2,0,0,-14,1696,300,10254
20250819,8:00,10680,2948,744,4098,116,692,688,146,670,2450,0,4,0,0,-32,2144,300,10680
20250819,8:30,11792,2950,732,4410,132,688,654,148,684,3634,0,0,0,-228,-22,2288,298,11792
20250819,9:00,12706,2952,678,4484,138,698,638,146,678,4680,0,0,0,-288,-36,2360,298,12706
20250819,9:30,13524,2952,670,4282,146,680,596,146,690,5752,0,0,0,-304,16,2400,298,13524
20250819,10:00,14010,2948,446,4426,144,692,560,146,678,6416,0,0,0,-492,4,2256,298,14010
20250819,10:30,14298,2954,552,4350,142,694,510,146,682,6986,0,0,0,-780,32,2264,294,14298
20250819,11:00,14730,2948,468,4106,140,684,494,146,680,7538,0,0,0,-828,4,1944,294,14730
20250819,11:30,14888,2950,480,4244,142,662,646,146,688,7668,0,0,0,-1280,32,1784,294,14888
20250819,12:00,14990,2948,490,4312,146,674,658,146,678,7890,0,4,0,-1416,6,1840,294,14990
20250819,12:30,15066,2946,508,4570,146,664,614,146,688,7950,0,4,0,-1830,-2,1632,294,15066
20250819,13:00,14738,2950,670,4554,144,674,596,146,674,7498,0,6,0,-1842,14,1640,294,14738
20250819,13:30,15384,2950,816,4658,148,680,452,146,676,7582,0,14,0,-1142,30,1920,294,15384
20250819,14:00,15218,2950,1092,4552,146,698,420,146,672,6870,0,8,0,-864,-10,1756,294,15218
20250819,14:30,15358,2956,1268,4656,150,662,450,146,682,6404,0,12,0,-504,14,1832,294,15358
20250819,15:00,15344,2954,1422,4752,150,682,474,144,676,5918,0,12,0,-286,-8,1840,294,15344
20250819,15:30,15144,2956,1808,4542,154,668,556,146,684,5096,0,12,0,-242,-10,1520,294,15144
20250819,16:00,14958,2948,2068,4788,158,690,606,144,682,4096,0,6,0,22,-36,1512,298,14958
20250819,16:30,14972,2944,2358,4794,158,692,764,146,692,3346,0,10,0,360,-36,1556,300,14972
20250819,17:00,14694,2938,2604,4794,160,706,948,144,688,2364,0,2,0,1046,-26,1976,302,14694
20250819,17:30,14262,2948,2588,4794,160,718,1052,146,692,1610,0,2,0,1446,-36,2168,310,14262
20250819,18:00,14076,2946,2578,4792,160,734,1082,144,686,1074,0,0,0,1722,-40,2112,310,14076
20250819,18:30,13882,2942,2634,4802,160,714,1100,146,694,528,0,2,0,1972,26,2152,314,13882
20250819,19:00,13766,2944,2730,4794,164,738,1094,144,682,86,0,2,0,2088,36,2052,316,13766
20250819,19:30,13636,2932,2440,4796,156,712,1076,146,692,0,0,8,0,1732,20,1388,314,13636
20250819,20:00,13328,2926,2186,4798,156,744,1068,146,680,0,0,8,0,1250,2,944,308,13328
20250819,20:30,12900,2932,2076,4794,150,704,890,146,690,0,0,10,0,1094,-2,888,304,12900
20250819,21:00,12594,2934,1678,4800,146,682,862,146,680,0,0,4,0,1056,8,704,302,12594
20250819,21:30,12254,2936,1452,4806,144,674,854,146,692,0,0,12,0,746,6,516,302,12254
20250819,22:00,11792,2934,1438,4796,136,686,860,146,676,0,0,8,0,350,-6,536,304,11792
20250819,22:30,11570,2948,1546,4800,136,654,778,146,688,0,0,16,0,108,6,560,304,11570
20250819,23:00,11180,2946,1358,4770,128,628,724,146,680,0,0,14,0,0,4,524,306,11180
20250819,23:30,10928,2942,1100,4624,128,606,680,148,690,0,0,20,0,0,18,332,304,10928
20250819,24:00:00,10476,2946,846,4660,120,598,652,146,686,0,0,22,0,0,2,504,302,10476
20250820,0:30,10106,2946,774,4724,120,566,688,148,690,0,0,30,0,-82,-18,776,296,10106
20250820,1:00,9634,2944,688,4698,114,556,696,146,682,0,0,26,0,-528,-12,672,296,9634
20250820,1:30,9334,2946,642,4506,112,552,716,148,686,0,0,32,0,-576,-18,708,296,9334
20250820,2:00,9142,2946,528,4546,112,564,694,146,688,0,0,34,0,-844,-32,536,296,9142
20250820,2:30,9014,2948,418,4770,112,554,698,148,690,0,0,30,0,-870,12,792,296,9014
20250820,3:00,9046,2948,430,4700,110,570,724,146,686,0,0,28,0,-862,4,736,298,9046
20250820,3:30,9096,2950,486,4798,110,554,758,146,692,0,0,24,0,-858,-4,856,296,9096
20250820,4:00,9110,2948,446,4790,110,568,874,148,684,0,0,16,0,-874,-2,896,298,9110
20250820,4:30,9220,2944,450,4790,114,560,940,148,694,0,0,14,0,-862,-4,864,296,9220
20250820,5:00,9468,2946,532,4586,112,590,942,146,682,0,0,14,0,-832,0,548,298,9468
20250820,5:30,9688,2942,826,4718,116,602,888,148,698,0,0,10,0,-880,4,680,296,9688
20250820,6:00,9786,2946,664,4692,118,634,864,146,684,0,0,4,0,-852,-4,408,298,9786
20250820,6:30,9758,2944,646,4690,120,614,834,148,702,106,0,4,0,-874,-32,440,296,9758
20250820,7:00,9884,2948,592,4508,122,646,826,146,680,588,0,8,0,-884,-30,564,298,9884
20250820,7:30,10374,2948,456,4536,126,622,820,148,692,1638,0,8,0,-1006,-26,884,296,10374
20250820,8:00,10916,2948,438,4480,126,632,658,146,688,2538,0,6,0,-892,-22,1128,298,10916
20250820,8:30,11858,2948,508,4734,138,622,548,148,688,3636,0,8,0,-848,0,1568,296,11858
20250820,9:00,12830,2946,598,4794,144,634,524,146,680,4688,0,10,0,-792,-16,1820,294,12830
20250820,9:30,13532,2946,542,4794,146,618,468,146,690,5432,0,10,0,-734,36,1856,294,13532
20250820,10:00,14024,2948,558,4778,148,632,430,148,674,5982,0,16,0,-756,22,1848,292,14024
20250820,10:30,13988,2944,418,4696,146,624,414,148,686,6170,0,24,0,-790,32,1816,292,13988
20250820,11:00,14428,2946,450,4612,142,634,410,146,682,6450,0,22,0,-754,36,1640,292,14428
20250820,11:30,14794,2944,580,4656,144,618,402,148,688,6392,0,34,0,-790,26,1340,292,14794
20250820,12:00,14584,2944,654,4768,146,634,408,146,682,5730,0,50,0,-794,0,1076,292,14584
20250820,12:30,14438,2940,588,4548,146,628,436,148,690,5534,0,46,0,-666,-8,884,292,14438
20250820,13:00,14528,2944,664,4406,148,632,456,146,684,5642,0,54,0,-826,-10,704,292,14528
20250820,13:30,14618,2942,944,4308,150,628,468,148,690,5315,0,63,0,-646,-12,672,292,14618
20250820,14:00,14848,2944,1134,4652,148,652,484,146,680,5127,0,49,0,-530,0,932,294,14848
20250820,14:30,14362,2950,1468,4636,150,632,492,148,688,4021,0,43,0,-468,4,696,294,14362
20250820,15:00,14340,2954,1744,4720,154,662,554,146,682,3457,0,55,0,4,-22,1064,294,14340
20250820,15:30,13980,2956,2060,4592,152,664,614,146,688,2871,0,53,0,26,-20,1116,294,13980
20250820,16:00,13890,2960,2612,4794,154,662,702,148,684,2339,0,49,0,160,-34,1636,296,13890
20250820,16:30,13640,2960,2690,4788,156,664,798,148,690,1734,0,60,0,416,-22,1740,298,13640
20250820,17:00,13344,2964,2694,4794,160,664,954,146,682,1318,0,64,0,634,-38,1992,300,13344
20250820,17:30,12930,2948,2684,4796,162,650,988,148,694,1057,0,57,0,650,-36,2168,300,12930
20250820,18:00,12890,2948,2684,4790,164,668,1006,146,682,685,0,57,0,1304,-32,2512,300,12890
20250820,18:30,12852,2940,2690,4796,164,660,1002,148,686,287,0,65,0,1624,26,2540,304,12852
20250820,19:00,12826,2934,2714,4794,162,666,990,148,690,15,0,57,0,1680,36,2364,304,12826
20250820,19:30,12772,2934,2686,4800,158,662,1012,148,692,1,0,51,0,1084,12,1772,304,12772
20250820,20:00,12456,2936,2584,4794,152,668,1004,148,680,0,0,58,0,638,-8,1496,298,12456
20250820,20:30,12084,2942,2652,4800,150,660,844,148,688,0,0,66,0,562,24,1752,300,12084
20250820,21:00,11778,2944,2646,4794,148,668,810,148,682,0,0,64,0,334,20,1780,300,11778
20250820,21:30,11456,2952,2296,4798,146,664,808,148,688,0,0,70,0,224,14,1652,300,11456
20250820,22:00,11098,2954,2046,4800,144,666,808,146,680,0,0,76,0,58,16,1596,300,11098
20250820,22:30,10874,2952,1912,4796,142,624,782,148,692,0,0,90,0,0,0,1564,300,10874
20250820,23:00,10546,2954,1470,4704,138,620,622,146,680,0,0,84,0,0,16,1188,300,10546
20250820,23:30,10308,2948,1300,4658,138,546,556,148,698,0,0,100,0,0,-14,1040,270,10308
20250820,24:00:00,9854,2950,1116,4458,130,514,546,146,688,0,0,90,0,0,-26,984,226,9854
20250821,0:30,9426,2948,786,4264,132,478,606,148,704,0,0,90,0,0,-36,912,218,9426
20250821,1:00,9122,2952,490,4416,130,490,618,146,684,0,0,72,0,0,-36,1056,216,9122
20250821,1:30,8902,2948,484,4352,130,470,606,148,700,0,0,76,0,-246,-30,952,216,8902
20250821,2:00,8724,2946,500,4206,110,490,600,146,686,0,0,78,0,-286,-34,936,218,8724
20250821,2:30,8618,2946,514,4270,104,464,668,148,700,0,0,80,0,-286,-8,1200,218,8618
20250821,3:00,8656,2946,498,4206,102,494,850,146,686,0,0,94,0,-284,4,1304,218,8656
20250821,3:30,8718,2948,560,4174,102,474,898,148,704,0,0,90,0,-284,14,1328,218,8718
20250821,4:00,8806,2952,500,4296,102,496,916,146,686,0,0,98,0,-284,8,1328,218,8806
20250821,4:30,8872,2944,466,4306,104,480,918,148,706,0,0,94,0,-284,36,1264,218,8872
20250821,5:00,9160,2948,528,4234,102,524,938,146,684,0,0,88,0,-274,28,1004,218,9160
20250821,5:30,9418,2940,500,4376,108,520,900,148,706,0,0,104,0,-242,24,884,218,9418
20250821,6:00,9456,2946,474,4306,106,554,886,148,686,0,0,104,0,-4,20,988,218,9456
20250821,6:30,9412,2944,446,4386,110,558,852,148,698,129,0,109,0,0,-26,1176,234,9412
20250821,7:00,9492,2942,490,4104,108,630,710,146,690,537,0,103,0,-94,-30,1128,284,9492
20250821,7:30,9968,2942,548,4258,114,610,616,148,698,1111,0,97,0,-572,-32,868,298,9968
20250821,8:00,10374,2946,640,4156,114,640,576,148,678,1573,0,101,0,-574,-30,892,298,10374
20250821,8:30,11222,2948,774,4414,118,624,538,148,688,2193,0,107,0,-566,-22,1036,294,11222
20250821,9:00,12040,2946,618,4336,120,634,518,146,676,2923,0,105,0,-588,-32,656,294,12040
20250821,9:30,12714,2944,588,3960,124,616,476,146,688,3763,0,113,0,-598,-16,384,294,12714
20250821,10:00,13066,2944,644,3792,122,634,440,146,680,4345,0,121,0,-566,24,552,292,13066
20250821,10:30,13410,2938,734,3964,122,620,432,146,682,5000,0,132,0,-770,6,888,292,13410
20250821,11:00,13708,2946,740,4188,120,626,438,146,684,5220,0,130,0,-792,36,1064,290,13708
20250821,11:30,14048,2940,666,4352,124,618,432,146,690,5419,0,135,0,-830,34,968,290,14048
20250821,12:00,14204,2938,758,4388,126,628,430,146,680,5267,0,127,0,-806,34,804,292,14204
20250821,12:30,13970,2942,706,3788,124,618,442,146,692,5116,0,138,0,-1082,2,-48,290,13970
20250821,13:00,13806,2942,880,3556,122,632,444,146,678,5026,0,144,0,-830,6,232,292,13806
20250821,13:30,14198,2946,1284,4092,122,614,588,146,688,4679,0,153,0,-518,22,908,290,14198
20250821,14:00,14302,2938,1364,4382,118,640,600,146,672,4121,0,143,0,-508,26,632,292,14302
20250821,14:30,14384,2942,1356,4532,122,638,482,146,688,3819,0,161,0,-270,-4,520,292,14384
20250821,15:00,14340,2944,1612,4682,120,652,476,146,676,3375,0,145,0,2,-2,780,292,14340
20250821,15:30,14172,2946,2092,4766,126,638,552,146,690,2957,0,125,0,0,-8,1148,290,14172
20250821,16:00,14066,2952,2478,4790,126,654,676,146,678,2457,0,117,0,0,-16,1284,292,14066
20250821,16:30,13846,2956,2606,4788,130,654,770,146,684,1903,0,119,0,178,-28,1352,292,13846
20250821,17:00,13454,2956,2794,4792,130,664,968,146,682,1301,0,123,0,276,-36,1636,294,13454
20250821,17:30,13220,2956,2880,4792,132,660,1016,146,690,909,0,125,0,604,-34,1956,300,13220
20250821,18:00,13074,2958,2820,4784,130,664,1024,146,688,515,0,127,0,1166,-32,2216,300,13074
20250821,18:30,12976,2944,2818,4790,152,650,1022,146,690,179,0,145,0,1334,26,2224,304,12976
20250821,19:00,12922,2942,2822,4786,162,666,1030,146,688,0,0,148,0,1200,34,2008,306,12922
20250821,19:30,12798,2938,2792,4790,158,652,1034,148,696,0,0,130,0,780,22,1644,302,12798
20250821,20:00,12386,2942,2698,4788,154,666,1040,146,678,0,0,108,0,498,16,1648,300,12386
20250821,20:30,12018,2942,2686,4786,148,656,1012,148,692,0,0,114,0,318,6,1788,298,12018
20250821,21:00,11728,2944,2692,4786,144,666,872,146,678,0,0,112,0,214,0,1824,298,11728
20250821,21:30,11348,2952,2328,4790,138,650,850,148,696,0,0,116,0,90,0,1708,298,11348
20250821,22:00,11018,2954,1954,4792,130,668,754,146,676,0,0,112,0,-2,-2,1460,296,11018
20250821,22:30,10812,2952,2152,4794,126,638,722,148,690,0,0,94,0,0,18,1820,298,10812
20250821,23:00,10526,2954,2052,4460,118,612,720,146,680,0,0,84,0,0,12,1608,296,10526
20250821,23:30,10266,2954,1990,4250,114,570,744,148,692,0,0,84,0,0,-8,1568,296,10266
20250821,24:00:00,10000,2952,1758,4164,106,570,746,146,686,0,0,80,0,0,-26,1480,298,10000
20250822,0:30,9532,2948,1440,4158,104,562,978,148,698,0,0,68,0,0,-30,1832,290,9532
20250822,1:00,9208,2952,808,4452,104,560,1006,146,684,0,0,64,0,-60,-32,1764,288,9208
20250822,1:30,8864,2948,980,4126,98,556,1014,148,696,0,0,74,0,-296,-20,1748,288,8864
20250822,2:00,8744,2948,918,4254,96,572,872,148,680,0,0,84,0,-294,-20,1800,286,8744
20250822,2:30,8686,2948,902,4190,94,556,850,148,696,0,0,90,0,-294,-36,1744,286,8686
20250822,3:00,8726,2950,836,4330,92,578,858,146,686,0,0,72,0,-294,-12,1804,288,8726
20250822,3:30,8790,2944,744,4446,92,564,858,146,700,0,0,66,0,-294,36,1800,288,8790
20250822,4:00,8830,2952,678,4484,92,584,852,146,686,0,0,78,0,-290,30,1748,286,8830
20250822,4:30,8966,2950,728,4572,94,576,836,146,698,0,0,70,0,-292,34,1732,286,8966
20250822,5:00,9176,2948,748,4626,96,596,832,146,690,0,0,70,0,-94,-2,1768,288,9176
20250822,5:30,9436,2946,696,4340,100,606,766,146,704,0,0,72,0,0,8,1236,288,9436
20250822,6:00,9564,2948,738,4378,100,646,736,148,682,0,0,62,0,0,8,1180,298,9564
20250822,6:30,9536,2948,758,4418,102,618,724,148,702,37,0,71,0,0,-28,1260,298,9536
20250822,7:00,9560,2948,814,4262,106,634,724,146,686,273,0,61,0,-154,-30,1208,298,9560
20250822,7:30,9972,2946,874,4246,116,614,742,146,700,827,0,43,0,-324,-32,1224,298,9972
20250822,8:00,10380,2954,962,4212,116,630,790,146,680,1359,0,33,0,-312,-32,1456,298,10380
20250822,8:30,11282,2946,1116,4654,130,606,768,148,690,2007,0,33,0,-248,-10,1856,298,11282
20250822,9:00,12006,2948,968,4588,142,624,762,146,674,2673,0,27,0,-334,-38,1472,298,12006
20250822,9:30,12684,2946,860,4534,144,604,740,146,690,3227,0,37,0,-318,4,1224,294,12684
20250822,10:00,13016,2948,1038,4746,146,636,734,146,678,3685,0,35,0,-318,-14,1736,292,13016
20250822,10:30,13452,2948,856,4524,144,626,632,146,684,4330,0,50,0,-526,22,1276,292,13452
20250822,11:00,13758,2944,884,4642,148,626,610,146,676,4858,0,44,0,-580,2,1536,294,13758
20250822,11:30,13810,2946,988,4696,148,626,616,146,690,4849,0,45,0,-598,-14,1620,292,13810
20250822,12:00,13888,2944,1156,4782,150,624,618,146,682,4773,0,55,0,-840,12,1508,294,13888
20250822,12:30,13998,2944,1034,4384,152,622,620,146,698,5134,0,64,0,-866,-26,1200,292,13998
20250822,13:00,13916,2942,1116,4102,152,634,614,144,684,5304,0,66,0,-1198,-36,900,292,13916
20250822,13:30,14106,2942,1384,4364,154,602,696,146,696,5384,0,66,0,-1162,14,1472,292,14106
20250822,14:00,14376,2942,1368,4342,154,606,714,144,682,5468,0,56,0,-824,36,1604,292,14376
20250822,14:30,14362,2948,1642,4176,156,608,726,146,692,5128,0,52,0,-446,18,1776,292,14362
20250822,15:00,14408,2946,1880,4098,156,638,704,144,696,4514,0,50,0,-78,28,1660,292,14408
20250822,15:30,14286,2944,1974,4312,160,642,742,146,712,4154,0,58,0,0,-6,1844,292,14286
20250822,16:00,14508,2946,2132,4608,160,678,746,146,702,3858,0,52,0,0,-2,1812,294,14508
20250822,16:30,14260,2942,2354,4786,164,652,816,146,724,3198,0,54,0,0,-36,1832,292,14260
20250822,17:00,14194,2946,2858,4784,168,666,828,144,716,2500,0,46,0,318,28,2104,296,14194
20250822,17:30,13988,2944,2774,4788,166,646,824,146,732,1744,0,50,0,954,-24,2056,300,13988
20250822,18:00,13658,2946,2778,4786,160,674,966,144,726,970,0,40,0,1484,-38,2280,302,13658
20250822,18:30,13510,2954,2754,4794,166,642,976,146,732,374,0,38,0,1738,26,2136,306,13510
20250822,19:00,13324,2954,2738,4788,166,678,984,144,730,22,0,34,0,1952,36,2208,306,13324
20250822,19:30,13224,2948,2746,4794,166,644,964,146,734,0,0,38,0,1884,32,2176,304,13224
20250822,20:00,12980,2952,2766,4792,162,658,950,146,716,0,0,34,0,1240,30,1768,302,12980
20250822,20:30,12510,2952,2724,4792,156,640,918,146,718,0,0,34,0,584,-2,1452,300,12510
20250822,21:00,12238,2950,2656,4790,146,664,770,146,710,0,0,24,0,462,2,1380,298,12238
20250822,21:30,11772,2946,2434,4796,144,642,748,146,712,0,0,28,0,200,-34,1288,298,11772
20250822,22:00,11402,2950,1702,4796,140,656,662,146,692,0,0,32,0,178,0,852,300,11402
20250822,22:30,11234,2954,1678,4796,132,616,642,146,698,0,0,32,0,58,-8,808,298,11234
20250822,23:00,10892,2954,1376,4778,124,604,654,146,672,0,0,36,0,2,2,756,300,10892
20250822,23:30,10634,2956,1352,4740,122,562,658,146,684,0,0,34,0,0,-10,908,298,10634
20250822,24:00:00,10192,2948,986,4512,112,568,638,146,680,0,0,28,0,0,-14,712,300,10192
20250823,0:30,9768,2954,898,4632,112,538,668,146,682,0,0,26,0,0,-12,1176,300,9768
20250823,1:00,9400,2954,762,4706,104,538,652,146,674,0,0,22,0,0,-16,1440,298,9400
20250823,1:30,9124,2950,586,4518,104,502,626,146,686,0,0,26,0,0,0,1320,300,9124
20250823,2:00,8940,2954,620,4152,100,512,638,146,672,0,0,28,0,0,-4,1176,298,8940
20250823,2:30,8854,2952,630,4106,100,502,636,146,688,0,0,28,0,0,6,1240,300,8854
20250823,3:00,8888,2950,614,4030,100,514,652,146,670,0,0,26,0,0,2,1116,300,8888
20250823,3:30,8854,2948,572,3998,100,504,668,146,690,0,0,30,0,0,-26,1076,300,8854
20250823,4:00,8884,2948,602,4008,94,518,694,146,684,0,0,30,0,0,-24,1116,300,8884
20250823,4:30,8996,2944,674,3804,98,498,740,146,694,0,0,34,0,0,20,956,300,8996
20250823,5:00,9178,2942,646,3810,100,518,760,146,680,0,0,34,0,0,22,780,300,9178
20250823,5:30,9370,2940,676,3848,104,506,788,146,698,0,0,30,0,0,14,680,300,9370
20250823,6:00,9334,2942,656,3752,102,536,780,146,674,0,0,30,0,0,14,600,302,9334
20250823,6:30,9128,2948,704,3600,104,510,756,146,692,64,0,24,0,0,0,720,300,9128
20250823,7:00,9000,2944,658,2878,108,540,740,148,680,458,0,20,0,0,-2,472,300,9000
20250823,7:30,9228,2950,796,2738,114,514,632,148,690,1246,0,24,0,0,-32,892,300,9228
20250823,8:00,9538,2952,744,2578,116,532,572,146,678,2010,0,20,0,0,-30,1080,300,9538
20250823,8:30,10222,2948,990,2426,124,506,510,146,688,2904,0,18,0,394,-10,1720,298,10222
20250823,9:00,10698,2948,998,2460,126,490,494,146,678,3560,0,14,0,432,-32,1912,296,10698
20250823,9:30,11472,2952,1000,2560,132,432,456,146,688,4622,0,18,0,256,-8,2048,266,11472
20250823,10:00,11898,2950,896,2720,130,404,438,146,676,5340,0,16,0,138,16,2196,224,11898
20250823,10:30,12176,2950,804,2758,138,384,460,146,684,5868,0,12,0,70,6,2316,212,12176
20250823,11:00,12658,2946,786,2858,138,404,464,146,676,6360,0,16,0,-70,-4,2276,214,12658
20250823,11:30,12746,2948,826,3022,140,392,450,146,684,6466,0,18,0,-284,-2,2272,212,12746
20250823,12:00,13078,2948,806,3074,144,394,446,146,676,6846,0,20,0,-282,0,2352,212,13078
20250823,12:30,13178,2946,778,3296,144,422,450,146,688,6994,0,26,0,-570,6,2360,212,13178
20250823,13:00,13090,2948,800,3428,142,430,456,146,680,7162,0,26,0,-870,2,2472,212,13090
20250823,13:30,13318,2948,782,3368,146,422,454,146,688,7152,0,26,0,-1142,12,1896,212,13318
20250823,14:00,12884,2950,758,3706,148,434,438,144,674,6672,0,22,0,-912,26,2388,212,12884
20250823,14:30,13316,2946,852,3962,150,424,464,146,686,6766,0,22,0,-880,2,2436,212,13316
20250823,15:00,13476,2948,892,4296,150,436,462,142,678,6242,0,22,0,-586,4,2420,210,13476
20250823,15:30,13106,2942,996,4322,154,430,572,146,686,5338,0,28,0,-276,-6,2436,210,13106
20250823,16:00,13026,2942,1246,4296,156,434,634,142,674,4402,0,28,0,-78,10,2072,212,13026
20250823,16:30,13040,2942,1452,4596,156,452,678,144,682,3484,0,30,0,0,6,1812,230,13040
20250823,17:00,12946,2946,1574,4794,164,512,704,144,686,2550,0,30,0,92,-30,1500,280,12946
20250823,17:30,12938,2940,1682,4794,164,504,918,144,684,1786,0,26,0,218,-20,1200,298,12938
20250823,18:00,12774,2938,1906,4788,166,520,990,144,684,1016,0,20,0,338,-20,1020,304,12774
20250823,18:30,12546,2944,1994,4794,168,504,998,144,684,334,0,16,0,814,22,1176,306,12546
20250823,19:00,12480,2944,2084,4792,164,502,1002,144,680,0,0,10,0,1020,20,1192,310,12480
20250823,19:30,12432,2950,2274,4792,164,504,986,146,688,0,0,12,0,1070,38,1500,308,12432
20250823,20:00,12204,2950,2106,4794,164,508,980,144,682,0,0,10,0,680,-26,1092,304,12204
20250823,20:30,11758,2958,1878,4792,156,508,966,146,688,0,0,12,0,550,-32,1168,304,11758
20250823,21:00,11476,2954,2124,4792,150,514,764,144,678,0,0,10,0,170,-16,1112,304,11476
20250823,21:30,11148,2962,1834,4798,144,492,714,146,686,0,0,14,0,52,-20,976,302,11148
20250823,22:00,10796,2952,1452,4804,140,520,664,146,676,0,0,14,0,0,-14,860,302,10796
20250823,22:30,10610,2956,1382,4800,132,498,664,146,686,0,0,12,0,0,-28,940,302,10610
20250823,23:00,10316,2954,1034,4784,124,522,664,144,678,0,0,10,0,0,-20,880,302,10316
20250823,23:30,10164,2950,918,4730,120,494,644,146,692,0,0,12,0,0,16,860,302,10164
20250823,24:00:00,9800,2956,646,4654,114,520,638,144,680,0,0,10,0,0,-4,860,302,9800
20250824,0:30,9426,2954,608,4402,110,484,640,146,684,0,0,12,0,0,4,920,302,9426
20250824,1:00,9016,2950,534,4054,106,496,636,144,688,0,0,10,0,0,18,924,304,9016
20250824,1:30,8744,2950,538,3534,102,484,784,146,686,0,0,10,0,0,8,800,302,8744
20250824,2:00,8538,2950,594,2994,102,512,812,146,678,0,0,8,0,0,6,568,304,8538
20250824,2:30,8464,2952,568,2996,100,500,826,146,690,0,0,10,0,0,-18,608,302,8464
20250824,3:00,8502,2952,588,2960,98,518,838,146,674,0,0,8,0,0,-36,548,304,8502
20250824,3:30,8492,2954,580,3030,98,498,746,146,694,0,0,12,0,0,-36,532,302,8492
20250824,4:00,8564,2950,568,3180,96,520,728,146,678,0,0,10,0,0,14,628,302,8564
20250824,4:30,8580,2952,548,3176,98,504,758,146,692,0,0,10,0,0,14,620,302,8580
20250824,5:00,8828,2956,620,3358,98,510,776,148,678,0,0,10,0,0,24,652,302,8828
20250824,5:30,9018,2952,610,3340,100,506,836,148,688,0,0,10,0,0,-2,472,302,9018
20250824,6:00,9014,2954,568,3402,102,508,808,146,676,0,0,10,0,0,0,464,304,9014
20250824,6:30,8872,2950,556,3358,104,506,790,146,684,34,0,10,0,0,-16,552,302,8872
20250824,7:00,8594,2954,516,2746,106,512,780,146,680,264,0,10,0,0,-10,412,302,8594
20250824,7:30,8776,2958,432,2396,108,500,682,146,692,922,0,10,0,-328,-28,16,302,8776
20250824,8:00,8808,2956,466,2182,110,514,794,146,672,1732,0,6,0,-560,-2,512,304,8808
20250824,8:30,9278,2954,566,2158,116,496,690,146,688,2740,0,4,0,-824,-14,740,298,9278
20250824,9:00,9918,2954,496,2062,114,524,650,146,680,3862,0,4,0,-882,-4,984,296,9918
20250824,9:30,10472,2954,574,2390,122,476,626,146,686,4930,0,2,0,-1130,12,1580,264,10472
20250824,10:00,10744,2944,452,2470,124,432,614,146,678,5580,0,0,0,-1108,16,1824,220,10744
20250824,10:30,11226,2950,478,2390,126,418,588,146,686,6272,0,2,0,-1136,22,1928,212,11226
20250824,11:00,11594,2950,606,2314,128,438,586,144,680,6752,0,0,0,-1174,6,2048,212,11594
20250824,11:30,12268,2944,622,2514,130,416,428,146,686,7310,0,2,0,-1402,16,1756,212,12268
20250824,12:00,11992,2946,702,2692,132,430,376,142,672,6962,0,0,0,-1386,12,1900,212,11992
20250824,12:30,12294,2948,776,2698,134,422,378,146,684,7124,0,2,0,-1170,20,2080,212,12294
20250824,13:00,12530,2940,618,2544,136,436,390,142,678,7274,0,0,0,-1158,-2,1680,212,12530
20250824,13:30,12674,2942,628,2544,134,416,394,146,684,7202,0,4,0,-1156,4,1480,212,12674
20250824,14:00,12430,2938,712,2488,134,436,392,140,676,6830,0,0,0,-998,2,1532,212,12430
20250824,14:30,12658,2944,710,2794,136,408,448,144,684,6634,0,4,0,-840,12,1632,212,12658
20250824,15:00,12564,2946,742,3126,138,398,474,144,684,5964,0,4,0,-660,8,1616,212,12564
20250824,15:30,12382,2944,892,3462,142,390,594,144,686,5172,0,6,0,-282,-20,1960,212,12382
20250824,16:00,12090,2948,960,3990,144,422,616,144,676,4126,0,0,0,0,-38,2112,214,12090
20250824,16:30,12202,2932,1254,4460,150,438,706,146,688,3362,0,2,0,0,-14,2152,230,12202
20250824,17:00,12548,2932,1454,4378,158,504,740,140,680,2640,0,2,0,0,-24,1336,280,12548
20250824,17:30,12716,2936,1616,4556,158,494,808,146,688,1824,0,4,0,0,-28,784,298,12716
20250824,18:00,12740,2940,2130,4786,162,506,968,142,680,948,0,2,0,334,-30,1132,304,12740
20250824,18:30,12664,2944,2210,4786,164,492,1024,146,686,308,0,2,0,460,30,896,308,12664
20250824,19:00,12512,2940,2260,4784,162,504,1034,142,684,0,0,2,0,576,38,920,306,12512
20250824,19:30,12474,2956,2246,4788,158,486,1004,146,688,0,0,2,0,652,40,1000,308,12474
20250824,20:00,12142,2956,2000,4786,156,510,982,144,686,0,0,2,0,502,-2,884,304,12142
20250824,20:30,11750,2952,1758,4786,150,490,986,146,694,0,0,2,0,416,6,940,304,11750
20250824,21:00,11550,2960,1620,4786,142,516,966,144,678,0,0,0,0,200,2,768,304,11550
20250824,21:30,11226,2954,1250,4796,140,492,838,146,692,0,0,0,0,228,4,616,302,11226
20250824,22:00,10842,2958,1004,4636,132,508,766,144,680,0,0,0,0,46,-2,332,302,10842
20250824,22:30,10558,2956,896,4724,130,488,724,146,686,0,0,2,0,0,-8,488,302,10558
20250824,23:00,10232,2954,746,4696,118,508,678,144,680,0,0,4,0,0,4,600,300,10232
20250824,23:30,10068,2956,796,4762,116,492,642,146,692,0,0,4,0,0,16,856,302,10068
20250824,24:00:00,9648,2946,582,4442,110,512,626,146,682,0,0,2,0,0,10,712,302,9648
20250825,0:30,9272,2948,586,4228,108,494,616,146,690,0,0,4,0,0,-2,848,302,9272
20250825,1:00,8940,2952,594,4240,104,508,606,146,676,0,0,6,0,-42,-6,1148,304,8940
20250825,1:30,8684,2948,604,4420,102,500,752,146,686,0,0,4,0,-294,-20,1468,304,8684
20250825,2:00,8534,2952,534,4228,98,516,760,146,682,0,0,6,0,-520,-14,1156,302,8534
20250825,2:30,8566,2948,588,4194,98,494,766,146,694,0,0,8,0,-556,10,1128,304,8566
20250825,3:00,8490,2950,604,4008,96,522,796,146,672,0,0,2,0,-568,-6,1036,304,8490
20250825,3:30,8588,2952,648,4056,98,496,828,146,690,0,0,4,0,-570,-32,1032,304,8588
20250825,4:00,8640,2952,674,4024,96,510,702,146,682,0,0,0,0,-418,-12,1020,304,8640
20250825,4:30,8780,2948,602,3814,98,504,762,146,696,0,0,2,0,-34,-22,1040,304,8780
20250825,5:00,9084,2948,576,3894,98,520,822,146,674,0,0,2,0,2,-14,888,304,9084
20250825,5:30,9320,2952,574,4002,102,496,862,146,690,0,0,2,0,0,-30,780,304,9320
20250825,6:00,9464,2952,594,3990,102,514,856,146,678,0,0,0,0,0,24,696,304,9464
20250825,6:30,9616,2952,710,4056,108,496,836,146,690,66,0,2,0,0,26,776,304,9616
20250825,7:00,9714,2956,678,3580,110,514,794,146,678,476,0,0,0,0,-18,504,304,9714
20250825,7:30,10316,2954,900,3608,116,500,642,146,688,1440,0,0,0,0,-14,968,304,10316
20250825,8:00,10728,2954,876,3792,124,522,572,146,676,2286,0,0,0,76,-8,1592,304,10728
20250825,8:30,11856,2950,808,4534,134,504,644,146,680,3312,0,0,0,52,6,2216,302,11856
20250825,9:00,12888,2960,834,4702,148,524,642,144,662,4308,0,0,0,0,-24,2312,300,12888
20250825,9:30,13670,2952,902,4608,148,506,570,146,682,5402,0,0,0,-258,-4,2280,296,13670
20250825,10:00,14186,2950,972,4482,150,526,554,142,660,6140,0,0,0,-418,16,2284,296,14186
20250825,10:30,14310,2952,1150,3986,148,512,562,146,674,6468,0,0,0,-502,36,2116,294,14310
20250825,11:00,14762,2950,982,3604,152,522,568,142,672,7074,0,0,0,-534,20,1684,294,14762
20250825,11:30,15082,2954,990,3482,152,508,424,146,682,7244,0,2,0,-786,20,1028,292,15082
20250825,12:00,15126,2952,980,3530,156,530,394,142,680,7318,0,0,0,-804,0,1044,292,15126
20250825,12:30,14910,2952,958,3500,156,514,400,144,686,7496,0,2,0,-828,6,1368,292,14910
20250825,13:00,14764,2948,1108,3264,158,522,406,144,674,7226,0,8,0,-748,-4,1236,294,14764
20250825,13:30,14916,2944,1250,3612,158,504,400,144,680,6954,0,4,0,-252,22,1796,292,14916
20250825,14:00,15178,2948,1272,3722,164,528,416,142,670,6930,0,6,0,2,-12,1904,294,15178
20250825,14:30,15398,2944,1384,3912,158,508,410,144,692,6568,0,10,0,0,-4,1620,292,15398
20250825,15:00,15286,2948,1574,4396,160,524,458,140,680,5900,0,6,0,0,22,1816,294,15286
20250825,15:30,15234,2948,1986,4780,162,512,584,144,698,5130,0,12,0,0,-16,2000,294,15234
20250825,16:00,15190,2948,2534,4788,168,520,604,142,698,4304,0,12,0,142,-38,1928,296,15190
20250825,16:30,15104,2948,2766,4788,170,510,782,144,716,3270,0,16,0,786,-36,2052,296,15104
20250825,17:00,14952,2948,2932,4782,174,524,996,140,720,2162,0,10,0,1564,-34,2264,298,14952
20250825,17:30,14836,2936,2906,4792,174,514,1026,146,730,1388,0,8,0,1860,-30,1920,306,14836
20250825,18:00,14408,2928,3038,4786,172,530,1034,140,722,658,0,8,0,2178,-34,2060,308,14408
20250825,18:30,14162,2928,3100,4786,176,516,1056,146,730,238,0,8,0,2196,24,2052,310,14162
20250825,19:00,14006,2936,3020,4786,172,522,1076,140,728,12,0,6,0,2190,36,1932,314,14006
20250825,19:30,13874,2934,2954,4788,172,528,1058,146,730,0,0,6,0,2066,36,1852,308,13874
20250825,20:00,13418,2938,2878,4788,170,536,1038,142,724,0,0,2,0,1788,36,1928,306,13418
20250825,20:30,12978,2954,2890,4792,162,526,1018,146,724,0,0,2,0,1496,26,2064,306,12978
20250825,21:00,12668,2956,2792,4786,154,536,878,142,730,0,0,4,0,1190,2,1808,306,12668
20250825,21:30,12280,2950,2728,4792,150,520,854,146,730,0,0,4,0,754,-4,1648,304,12280
20250825,22:00,11916,2954,2268,4792,142,538,834,142,724,0,0,4,0,88,2,876,304,11916
20250825,22:30,11476,2956,1844,4792,136,520,794,146,728,0,0,10,0,0,6,760,304,11476
20250825,23:00,11072,2954,1366,4798,126,534,790,142,724,0,0,6,0,0,0,672,304,11072
20250825,23:30,10912,2956,1336,4782,122,522,782,146,730,0,0,8,0,0,4,776,300,10912
20250825,24:00:00,10444,2954,752,4654,114,528,768,142,728,0,0,4,0,0,-26,472,298,10444
20250826,0:30,10004,2950,798,4698,112,524,764,146,734,0,0,8,0,0,-28,1000,298,10004
20250826,1:00,9576,2950,654,4772,106,532,758,144,726,0,0,8,0,0,-32,1340,298,9576
20250826,1:30,9364,2948,416,4774,104,518,892,146,732,0,0,16,0,-146,-38,1296,298,9364
20250826,2:00,9112,2952,392,4646,102,544,908,144,726,0,0,12,0,-580,-32,1000,298,9112
20250826,2:30,9044,2954,412,4768,102,522,896,146,732,0,0,10,0,-754,-28,1016,300,9044
20250826,3:00,9066,2950,398,4794,98,536,916,144,724,0,0,10,0,-918,-4,880,298,9066
20250826,3:30,9092,2952,408,4790,100,526,902,146,734,0,0,14,0,-846,4,936,298,9092
20250826,4:00,9088,2952,404,4788,96,530,764,144,734,0,0,8,0,-652,20,1000,300,9088
20250826,4:30,9180,2948,576,4796,100,526,796,146,738,0,0,10,0,-294,28,1488,298,9180
20250826,5:00,9438,2948,658,4792,100,528,834,144,728,0,0,8,0,-98,36,1540,300,9438
20250826,5:30,9758,2944,634,4790,104,526,890,146,736,0,0,10,0,0,32,1352,298,9758
20250826,6:00,9798,2950,548,4748,104,534,892,144,722,0,0,10,0,0,16,1168,298,9798
20250826,6:30,9834,2942,600,4764,108,528,876,146,736,70,0,12,0,0,-30,1216,298,9834
20250826,7:00,10026,2950,578,4696,110,568,808,144,730,514,0,8,0,-126,-28,1224,298,10026
20250826,7:30,10582,2950,660,4676,118,546,700,146,734,1530,0,10,0,-364,-38,1384,298,10582
20250826,8:00,11082,2954,852,4738,122,560,640,146,722,2482,0,10,0,-802,-26,1616,300,11082
20250826,8:30,12096,2954,828,4762,136,552,744,144,728,3692,0,10,0,-978,-18,1752,294,12096
20250826,9:00,12992,2950,1002,4722,146,556,738,146,716,4664,0,10,0,-1274,-34,1644,294,12992
20250826,9:30,13668,2954,1138,4740,150,552,654,146,724,5514,0,10,0,-1412,26,1820,292,13668
20250826,10:00,13976,2952,1184,4786,152,562,622,144,722,6136,0,6,0,-1562,30,2052,294,13976
20250826,10:30,14436,2956,1100,4386,148,550,604,146,724,6852,0,12,0,-1728,20,1624,290,14436
20250826,11:00,14620,2952,1148,4124,150,564,588,144,718,7046,0,10,0,-1648,30,1496,290,14620
20250826,11:30,15026,2952,1116,4102,150,516,438,146,726,7592,0,12,0,-1688,14,1340,290,15026
20250826,12:00,14878,2952,1126,3986,156,492,406,142,722,7468,0,16,0,-1730,14,1160,288,14878
20250826,12:30,14644,2952,1388,4050,152,462,402,146,730,7222,0,12,0,-1792,22,1392,290,14644
20250826,13:00,14434,2950,1380,4048,150,492,408,144,726,6936,0,6,0,-1632,2,1464,288,14434
20250826,13:30,14292,2952,1534,4240,154,512,392,146,728,6322,0,12,0,-1284,0,1704,288,14292
20250826,14:00,14774,2946,1328,4372,152,532,424,142,714,6488,0,10,0,-1228,-30,1364,288,14774
20250826,14:30,14848,2948,1340,4686,152,524,434,146,730,6430,0,12,0,-1246,-24,1572,288,14848
20250826,15:00,14654,2952,1446,4778,154,522,454,142,716,5982,0,10,0,-658,8,2140,288,14654
20250826,15:30,14864,2954,1716,4786,156,492,572,144,732,5617,0,17,0,-50,-20,2540,288,14864
20250826,16:00,14860,2950,2242,4788,158,488,650,144,718,4797,0,21,0,0,-24,2360,288,14860
20250826,16:30,14910,2942,2854,4790,162,472,788,146,728,3942,0,22,0,218,-30,2412,288,14910
20250826,17:00,14812,2936,2942,4786,166,480,982,142,722,2916,0,24,0,592,-36,2132,292,14812
20250826,17:30,14552,2940,3050,4792,168,490,1046,146,730,2012,0,26,0,1338,-34,2448,296,14552
20250826,18:00,14536,2942,3042,4784,170,550,1038,142,722,1100,0,30,0,2072,-34,2320,298,14536
20250826,18:30,14280,2944,3022,4786,172,538,1046,146,726,364,0,26,0,2198,26,2016,302,14280
20250826,19:00,14050,2946,3010,4788,172,544,1046,142,730,0,0,24,0,2190,34,1880,304,14050
20250826,19:30,13884,2938,3052,4790,166,534,996,146,734,0,0,26,0,1978,32,1812,304,13884
20250826,20:00,13504,2932,3070,4784,166,564,968,142,722,0,0,20,0,1428,20,1612,300,13504
20250826,20:30,13040,2938,3018,4792,156,542,802,146,726,0,0,20,0,1506,18,1924,300,13040
20250826,21:00,12774,2940,2872,4788,150,552,760,142,728,0,0,18,0,802,12,1288,298,12774
20250826,21:30,12330,2938,2494,4794,144,540,762,146,730,0,0,20,0,222,2,760,298,12330
20250826,22:00,11844,2940,2142,4792,138,552,690,142,730,0,0,16,0,0,4,600,298,11844
20250826,22:30,11526,2948,1976,4796,132,542,660,146,732,0,0,20,0,0,-8,716,298,11526
20250826,23:00,11110,2948,1526,4760,120,548,642,144,726,0,0,14,0,0,16,632,298,11110
20250826,23:30,10968,2950,1492,4792,118,536,642,146,734,0,0,18,0,0,-6,752,298,10968
20250826,24:00:00,10510,2956,996,4694,110,544,626,144,728,0,0,16,0,0,-24,576,296,10510
20250827,0:30,10048,2950,682,4638,108,536,632,146,736,0,0,10,0,0,-30,656,296,10048
20250827,1:00,9598,2950,506,4650,106,550,628,144,724,0,0,6,0,0,-32,932,298,9598
20250827,1:30,9354,2948,516,4670,100,544,764,144,732,0,0,12,0,-202,-34,1136,296,9354
20250827,2:00,9144,2942,474,4692,98,548,764,146,730,0,0,16,0,-310,-30,1224,298,9144
20250827,2:30,9038,2948,518,4674,98,536,766,146,738,0,0,18,0,-296,-30,1376,298,9038
20250827,3:00,9076,2948,528,4612,96,558,774,146,728,0,0,14,0,-258,0,1368,298,9076
20250827,3:30,9140,2948,498,4568,96,536,778,148,734,0,0,12,0,-286,10,1200,298,9140
20250827,4:00,9154,2950,466,4386,94,562,786,144,732,0,0,14,0,-276,18,1020,298,9154
20250827,4:30,9194,2942,468,4496,96,550,688,148,738,0,0,26,0,-286,22,992,298,9194
20250827,5:00,9408,2946,518,4586,100,582,728,144,730,0,0,34,0,-282,18,992,296,9408
20250827,5:30,9694,2944,502,4742,104,566,836,148,742,0,0,26,0,-284,22,952,298,9694
20250827,6:00,9774,2946,500,4672,102,586,838,144,722,0,0,16,0,-284,10,776,298,9774
20250827,6:30,9790,2952,568,4770,108,574,822,146,726,82,0,22,0,-284,-24,968,296,9790
20250827,7:00,9930,2950,570,4572,108,584,730,144,722,428,0,20,0,-386,-26,784,298,9930
20250827,7:30,10326,2952,694,4662,116,570,648,146,726,1086,0,16,0,-590,-32,964,296,10326
20250827,8:00,10738,2952,814,4776,120,580,608,144,714,1706,0,10,0,-824,-32,1128,298,10738
20250827,8:30,11592,2956,788,4756,134,576,728,146,718,2522,0,8,0,-870,-28,1136,294,11592
20250827,9:00,12170,2954,1344,4786,140,536,686,144,712,3274,0,0,0,-1102,-22,1576,294,12170
20250827,9:30,12924,2954,1330,4792,146,522,586,146,720,4282,0,0,0,-1094,18,1768,290,12924
20250827,10:00,13266,2962,1206,4794,144,548,562,144,716,5056,0,0,0,-1142,2,2016,290,13266
20250827,10:30,13474,2956,1140,4794,146,522,570,146,714,5628,0,2,0,-1204,24,2252,288,13474
20250827,11:00,13804,2962,1172,4788,148,514,578,142,718,6198,0,0,0,-1330,-30,2344,288,13804
20250827,11:30,14072,2958,1132,4790,152,488,442,146,720,6566,0,2,0,-1406,26,2232,288,14072
20250827,12:00,14098,2950,1200,4790,156,498,390,142,716,6892,0,0,0,-1420,6,2508,286,14098
20250827,12:30,14438,2948,1088,4752,154,488,390,146,726,7586,0,4,0,-1610,14,2536,288,14438
20250827,13:00,14528,2946,1114,4634,146,502,392,142,716,7690,0,2,0,-1632,24,2436,288,14528
20250827,13:30,14812,2950,1188,4790,148,496,394,146,722,7544,0,4,0,-1276,14,2596,288,14812
20250827,14:00,15024,2942,1400,4790,152,542,390,142,718,7238,0,2,0,-958,-4,2616,286,15024
20250827,14:30,15140,2944,1452,4794,152,530,382,144,730,6944,0,6,0,-656,16,2584,286,15140
20250827,15:00,15034,2944,1742,4782,154,566,420,142,706,5972,0,6,0,-80,-12,2596,288,15034
20250827,15:30,14690,2940,2290,4792,156,546,544,144,726,4786,0,16,0,0,6,2544,288,14690
20250827,16:00,14856,2946,2666,4790,160,578,610,140,714,3768,0,14,0,442,-6,2256,290,14856
20250827,16:30,14636,2942,2798,4792,166,566,904,146,722,2604,0,18,0,660,-36,1936,290,14636
20250827,17:00,14494,2948,2852,4786,168,598,980,140,718,1680,0,10,0,1188,-34,1832,292,14494
20250827,17:30,14172,2940,2932,4792,168,572,986,144,734,1194,0,16,0,1012,-36,1580,298,14172
20250827,18:00,13858,2946,2928,4786,168,590,1000,142,728,706,0,10,0,1166,-34,1576,298,13858
20250827,18:30,13766,2934,2956,4794,170,578,1016,146,728,310,0,12,0,1254,26,1460,302,13766
20250827,19:00,13552,2928,2960,4786,168,586,1026,142,732,16,0,2,0,1416,34,1548,304,13552
20250827,19:30,13558,2930,2818,4790,168,574,1026,148,728,0,0,4,0,1252,22,1204,302,13558
20250827,20:00,13072,2932,2174,4790,162,582,922,144,734,0,0,0,0,1432,-4,1096,300,13072
20250827,20:30,12736,2940,2022,4788,156,564,762,146,730,0,0,2,0,1538,34,1244,298,12736
20250827,21:00,12362,2942,1874,4794,150,578,728,144,730,0,0,0,0,1162,22,1060,298,12362
20250827,21:30,11998,2952,1596,4798,146,564,686,146,734,0,0,6,0,822,2,752,298,11998
20250827,22:00,11616,2950,1792,4794,134,584,672,144,720,0,0,8,0,204,0,684,298,11616
20250827,22:30,11286,2950,1620,4802,132,562,664,146,728,0,0,4,0,76,4,700,298,11286
20250827,23:00,10862,2950,1302,4760,122,582,656,144,712,0,0,2,0,-2,-10,654,298,10862
20250827,23:30,10660,2950,1126,4744,118,526,648,144,722,0,0,6,0,0,-8,584,268,10660
20250827,24:00:00,10180,2954,962,4570,110,458,638,146,710,0,0,10,0,0,-24,582,228,10180
20250828,0:30,9648,2952,872,4376,108,428,646,146,722,0,0,8,0,0,-16,812,218,9648
20250828,1:00,9316,2944,744,4584,104,458,624,146,702,0,0,2,0,0,-8,1200,216,9316
20250828,1:30,9064,2948,530,4518,102,438,612,146,716,0,0,4,0,0,-34,1132,216,9064
20250828,2:00,8888,2946,426,4430,96,448,610,144,708,0,0,6,0,-78,-32,1032,216,8888
20250828,2:30,8824,2944,492,4658,98,428,474,148,716,0,0,4,0,-244,18,1128,216,8824
20250828,3:00,8748,2950,354,4784,96,438,440,144,712,0,0,2,0,-242,-4,1144,218,8748
20250828,3:30,8854,2948,356,4738,96,432,462,148,722,0,0,2,0,0,-12,1256,218,8854
20250828,4:00,8888,2948,366,4678,94,444,498,144,710,0,0,2,0,0,8,1220,216,8888
20250828,4:30,8984,2950,342,4578,98,438,612,146,730,0,0,2,0,0,-28,1100,216,8984
20250828,5:00,9242,2940,402,4470,98,484,648,146,712,0,0,0,0,0,32,908,218,9242
20250828,5:30,9486,2946,466,4536,102,462,834,146,728,0,0,0,0,0,34,984,216,9486
20250828,6:00,9592,2944,442,4658,104,470,854,146,712,0,0,0,0,0,28,984,218,9592
20250828,6:30,9626,2946,576,4594,108,480,782,146,722,66,0,0,0,0,-18,1008,232,9626
20250828,7:00,9734,2948,682,4714,112,554,544,146,690,504,0,0,0,-230,-14,1200,284,9734
20250828,7:30,10202,2948,738,4746,118,538,506,148,688,1446,0,0,0,-406,-36,1528,296,10202
20250828,8:00,10642,2950,766,4754,122,544,494,142,678,2430,0,0,0,-744,-30,1760,296,10642
20250828,8:30,11562,2952,914,4788,134,530,470,146,680,3564,0,0,0,-810,-30,2068,292,11562
20250828,9:00,12518,2960,1086,4792,144,562,410,144,660,4538,0,0,0,-896,-28,2144,290,12518
20250828,9:30,13176,2962,1158,4788,148,548,402,146,674,5446,0,0,0,-1132,8,2264,292,13176
20250828,10:00,13746,2962,1154,4792,144,550,398,142,664,6130,0,0,0,-1056,22,2448,292,13746
20250828,10:30,14216,2960,1092,4796,150,524,396,146,676,6676,0,0,0,-1416,2,2076,290,14216
20250828,11:00,14252,2958,1136,4788,150,538,374,142,662,6800,0,0,0,-1558,-2,2028,292,14252
20250828,11:30,14706,2962,1122,4744,150,518,358,146,674,7134,0,0,0,-1656,24,1760,290,14706
20250828,12:00,14612,2958,1120,4772,154,530,358,142,672,7064,0,0,0,-1934,-2,1512,290,14612
20250828,12:30,14358,2956,1098,4684,158,508,372,146,682,6952,0,0,0,-2034,-2,1452,290,14358
20250828,13:00,14364,2960,1160,4552,156,526,370,140,670,6768,0,0,0,-1876,-2,1352,292,14364
20250828,13:30,14654,2956,1284,4620,156,516,382,144,678,6376,0,0,0,-1520,28,1256,290,14654
20250828,14:00,14896,2954,1246,4514,158,556,368,140,662,6136,0,0,0,-1258,24,896,292,14896
20250828,14:30,15058,2954,1380,4488,160,540,382,142,674,5878,0,0,0,-960,0,872,292,15058
20250828,15:00,14738,2956,1784,4704,164,550,422,138,672,4960,0,0,0,-570,0,1332,290,14738
20250828,15:30,14530,2954,2196,4792,162,538,470,140,670,4204,0,0,0,-52,-28,1808,292,14530
20250828,16:00,14562,2954,2702,4788,168,552,594,142,666,3550,0,0,0,184,-32,2000,294,14562
20250828,16:30,14664,2958,2792,4792,170,546,680,142,682,2933,0,3,0,406,-30,1704,294,14664
20250828,17:00,14522,2954,2848,4792,174,544,880,140,682,2249,0,1,0,1196,-34,2200,296,14522
20250828,17:30,14438,2944,2818,4796,172,530,1032,142,694,1420,0,2,0,1656,-30,2040,302,14438
20250828,18:00,14442,2940,2848,4792,172,548,1044,140,686,806,0,2,0,1974,-38,1776,304,14442
20250828,18:30,14162,2948,2874,4796,174,536,1054,140,694,274,0,4,0,1806,22,1468,308,14162
20250828,19:00,13988,2946,2888,4794,168,548,1056,144,692,2,0,0,0,1690,38,1288,310,13988
20250828,19:30,13736,2942,2884,4796,168,534,1046,144,702,0,0,0,0,1338,36,1160,306,13736
20250828,20:00,13400,2940,2790,4792,166,550,1004,140,690,0,0,0,0,834,18,828,304,13400
20250828,20:30,12884,2948,2720,4802,160,536,788,146,694,0,0,0,0,664,-36,840,302,12884
20250828,21:00,12514,2946,2240,4794,150,540,696,144,694,0,0,0,0,704,-12,684,302,12514
20250828,21:30,12190,2954,2196,4802,148,540,680,144,696,0,0,0,0,378,26,676,302,12190
20250828,22:00,11682,2950,2230,4798,140,540,666,142,696,0,0,0,0,60,0,842,302,11682
20250828,22:30,11328,2954,2006,4802,134,542,660,142,698,0,0,0,0,0,24,936,302,11328
20250828,23:00,11046,2956,1570,4796,122,542,582,144,694,0,0,0,0,0,-8,654,302,11046
20250828,23:30,10792,2950,1320,4800,118,540,538,144,702,0,0,0,0,0,2,624,302,10792
20250828,24:00:00,10286,2952,966,4782,116,524,500,142,692,0,0,0,0,0,-10,680,302,10286
20250829,0:30,9788,2952,758,4678,110,506,440,144,704,0,0,0,0,0,-16,788,300,9788
20250829,1:00,9426,2954,530,4744,102,522,406,142,694,0,0,0,0,0,-18,948,298,9426
20250829,1:30,9168,2952,516,4684,104,500,408,144,702,0,0,0,0,0,-16,1124,298,9168
20250829,2:00,8970,2948,528,4556,100,522,374,142,694,0,0,0,0,0,14,1208,300,8970
20250829,2:30,8912,2952,552,4530,98,498,526,144,700,0,0,2,0,0,-34,1356,300,8912
20250829,3:00,8990,2950,604,4464,96,522,552,144,694,0,0,0,0,0,-2,1332,298,8990
20250829,3:30,8946,2950,468,4396,98,508,672,144,704,0,0,0,0,0,-2,1292,300,8946
20250829,4:00,9010,2956,462,4420,94,514,764,142,700,0,0,0,0,0,-12,1328,298,9010
20250829,4:30,9066,2952,476,4330,96,514,804,144,706,0,0,0,0,0,26,1280,298,9066
20250829,5:00,9348,2952,552,4382,98,548,836,142,692,0,0,0,0,0,22,1176,300,9348
20250829,5:30,9656,2954,694,4414,104,526,772,144,710,0,0,0,0,0,-8,952,298,9656
20250829,6:00,9694,2956,508,4562,102,550,762,142,694,0,0,2,0,0,6,888,298,9694
20250829,6:30,9684,2950,598,4690,110,530,638,142,702,58,0,0,0,0,-16,1016,298,9684
20250829,7:00,9744,2956,532,4680,110,546,560,144,694,428,0,0,0,-150,-34,1020,298,9744
20250829,7:30,10182,2960,592,4704,118,534,504,142,700,1352,0,0,0,-380,-30,1312,298,10182
20250829,8:00,10594,2960,764,4520,118,546,506,144,690,2322,0,0,0,-556,-10,1704,294,10594
20250829,8:30,11524,2962,814,4634,136,540,474,144,690,3436,0,0,0,-582,-18,2000,294,11524
20250829,9:00,12492,2958,802,4776,144,548,414,142,686,4448,0,0,0,-734,-24,1960,292,12492
20250829,9:30,13278,2962,836,4794,148,534,380,142,726,5414,0,0,0,-930,24,2044,292,13278
20250829,10:00,13886,2962,852,4762,148,554,370,142,722,6248,0,0,0,-1270,6,1900,290,13886
20250829,10:30,14078,2958,902,4472,148,540,376,140,730,6740,0,0,0,-1444,18,1792,290,14078
20250829,11:00,14584,2960,976,4322,152,550,364,142,720,7360,0,0,0,-1466,34,1820,290,14584
20250829,11:30,15030,2954,944,4288,154,538,360,142,732,7772,0,0,0,-1688,24,1480,290,15030
20250829,12:00,15096,2958,874,4112,154,546,350,138,730,7906,0,0,0,-1738,-8,1216,290,15096
20250829,12:30,15120,2958,966,4076,154,542,340,140,730,8150,0,0,0,-1686,-4,1536,290,15120
20250829,13:00,15310,2954,988,3916,158,546,352,142,732,8332,0,0,0,-1662,-6,1432,290,15310
20250829,13:30,15272,2956,1032,4320,158,538,356,140,734,7872,0,0,0,-1452,8,1680,290,15272
20250829,14:00,15456,2954,1070,4474,162,548,354,140,722,7484,0,0,0,-946,36,1832,290,15456
20250829,14:30,15556,2958,1180,4710,162,540,518,142,726,6936,0,2,0,-576,4,2036,290,15556
20250829,15:00,15436,2948,1424,4770,166,544,560,142,728,6132,0,0,0,-442,-2,1824,290,15436
20250829,15:30,15388,2952,1788,4676,166,538,598,144,734,5456,0,2,0,-166,-30,1760,290,15388
20250829,16:00,15444,2952,2266,4788,168,556,638,142,724,4548,0,2,0,2,-34,1600,292,15444
20250829,16:30,15242,2950,2634,4792,172,544,892,144,732,3648,0,4,0,180,-32,1708,290,15242
20250829,17:00,15022,2952,2728,4790,178,542,960,142,732,2602,0,2,0,1222,-36,2088,296,15022
20250829,17:30,14870,2952,2794,4788,174,548,1010,144,734,1686,0,2,0,1714,-36,1936,296,14870
20250829,18:00,14562,2946,2840,4792,176,540,1016,146,736,864,0,2,0,1992,0,1784,296,14562
20250829,18:30,14486,2952,2876,4790,174,548,1010,146,738,306,0,2,0,1906,36,1296,298,14486
20250829,19:00,14164,2944,2856,4792,176,546,1016,146,734,16,0,2,0,1842,36,1240,298,14164
20250829,19:30,14080,2948,2860,4794,170,540,1004,146,736,0,0,0,0,1472,6,896,300,14080
20250829,20:00,13674,2948,2790,4790,166,552,1008,146,728,0,0,0,0,1076,-8,820,298,13674
20250829,20:30,13182,2946,2758,4790,162,538,836,146,734,0,0,2,0,702,0,732,300,13182
20250829,21:00,12828,2948,2670,4794,152,560,768,146,732,0,0,0,0,378,0,620,300,12828
20250829,21:30,12330,2948,2224,4798,148,542,696,146,734,0,0,2,0,194,-18,384,300,12330
20250829,22:00,11956,2952,2038,4796,142,556,628,146,730,0,0,2,0,174,-4,504,300,11956
20250829,22:30,11658,2950,1930,4800,134,538,602,146,736,0,0,2,0,32,12,524,300,11658
20250829,23:00,11322,2948,1440,4738,130,552,592,146,728,0,0,4,0,-2,20,274,300,11322
20250829,23:30,11074,2952,1350,4568,126,540,584,146,738,0,0,4,0,0,8,240,298,11074
20250829,24:00:00,10568,2948,848,4654,116,532,562,146,730,0,0,2,0,0,4,270,296,10568
20250830,0:30,10080,2948,584,4622,114,510,494,146,734,0,0,2,0,0,10,384,300,10080
20250830,1:00,9798,2950,542,4478,108,516,442,146,732,0,0,0,0,0,-14,404,302,9798
20250830,1:30,9504,2952,418,4374,106,510,442,146,738,0,0,2,0,0,-8,476,300,9504
20250830,2:00,9260,2952,388,4204,104,518,418,148,732,0,0,2,0,0,-8,500,302,9260
20250830,2:30,9174,2950,416,3994,102,504,422,146,742,0,0,2,0,0,-4,400,300,9174
20250830,3:00,9138,2950,388,4092,100,524,432,146,730,0,0,0,0,0,-6,520,302,9138
20250830,3:30,9062,2950,428,3964,100,510,672,146,742,0,0,2,0,0,-10,744,302,9062
20250830,4:00,9104,2946,386,3888,98,526,720,146,732,0,0,0,0,0,-6,632,300,9104
20250830,4:30,9194,2946,404,3658,100,508,752,146,748,0,0,2,0,0,6,376,300,9194
20250830,5:00,9356,2948,412,3932,102,530,778,146,728,0,0,4,0,0,0,528,304,9356
20250830,5:30,9600,2946,398,3950,104,502,814,146,750,0,0,2,0,0,-2,312,302,9600
20250830,6:00,9506,2948,390,3876,104,526,796,146,726,0,0,2,0,0,-10,300,302,9506
20250830,6:30,9346,2950,444,4100,108,510,528,146,744,56,0,4,0,0,-24,520,300,9346
20250830,7:00,9224,2956,488,3904,106,516,486,148,732,452,0,0,0,0,-18,848,302,9224
20250830,7:30,9510,2952,538,3634,112,504,490,146,746,1386,0,2,0,-356,-26,920,302,9510
20250830,8:00,9858,2960,552,3352,116,522,466,146,732,2400,0,0,0,-818,-14,856,300,9858
20250830,8:30,10494,2958,598,3372,128,514,442,146,736,3474,0,0,0,-870,-2,1300,298,10494
20250830,9:00,11156,2954,558,3288,132,488,398,144,728,4490,0,0,0,-878,14,1456,296,11156
20250830,9:30,11752,2966,544,3262,140,442,384,146,738,5502,0,0,0,-906,4,1736,266,11752
20250830,10:00,12326,2966,572,3326,140,404,376,144,728,6330,0,0,0,-1052,6,1840,226,12326
20250830,10:30,12596,2964,570,3352,140,398,376,146,736,6808,0,0,0,-1114,20,2016,216,12596
20250830,11:00,12900,2962,550,3438,144,404,374,142,730,7270,0,0,0,-1120,14,2224,216,12900
20250830,11:30,13356,2962,558,3328,146,392,366,144,740,7728,0,0,0,-1102,24,2144,214,13356
20250830,12:00,13486,2962,588,3392,146,398,360,144,730,7736,0,0,0,-1122,4,2064,212,13486
20250830,12:30,13734,2964,622,3384,148,386,362,144,740,7682,0,4,0,-1090,16,1840,212,13734
20250830,13:00,13448,2962,666,3432,144,400,360,144,728,7068,0,4,0,-1110,2,1564,212,13448
20250830,13:30,13576,2958,622,3614,144,388,362,144,738,6744,0,6,0,-1100,4,1260,212,13576
20250830,14:00,13608,2954,664,3744,140,400,360,144,724,6378,0,2,0,-922,-4,1188,212,13608
20250830,14:30,13510,2958,700,3892,140,402,468,144,730,5506,0,2,0,-644,8,1008,212,13510
20250830,15:00,13400,2956,904,4026,142,420,496,144,728,4694,0,4,0,-144,0,1184,214,13400
20250830,15:30,13364,2962,1102,4116,148,434,562,144,738,3764,0,6,0,0,-16,808,212,13364
20250830,16:00,13246,2960,1156,4316,152,450,596,144,728,2900,0,8,0,0,-26,352,214,13246
20250830,16:30,13024,2952,1318,4338,154,462,754,144,742,2266,0,6,0,0,-26,300,214,13024
20250830,17:00,12856,2960,1746,4610,158,516,936,144,728,1546,0,6,0,124,-34,804,220,12856
20250830,17:30,12706,2946,1832,4648,158,502,988,144,742,1018,0,6,0,426,-36,892,224,12706
20250830,18:00,12566,2948,2102,4642,160,550,1002,92,726,534,0,4,0,1516,-28,1908,226,12566
20250830,18:30,12676,2956,2338,4646,162,534,1006,80,734,134,0,8,0,1888,26,2064,228,12676
20250830,19:00,12670,2948,2292,4652,162,522,1020,78,734,0,0,4,0,1650,34,1656,230,12670
20250830,19:30,12526,2958,2148,4652,160,522,996,94,744,0,0,8,0,1676,30,1688,226,12526
20250830,20:00,12312,2958,2028,4650,158,550,1006,118,730,0,0,12,0,1568,32,1724,226,12312
20250830,20:30,11910,2956,1498,4650,152,530,982,124,736,0,0,12,0,1204,14,1172,224,11910
20250830,21:00,11626,2950,1342,4650,148,542,848,128,738,0,0,10,0,1116,4,1072,222,11626
20250830,21:30,11234,2958,1320,4654,142,536,806,130,740,0,0,8,0,892,-6,1168,222,11234
20250830,22:00,10996,2958,1230,4650,132,542,810,132,738,0,0,6,0,370,-2,792,222,10996
20250830,22:30,10688,2956,1228,4656,130,532,796,138,738,0,0,6,0,126,8,848,222,10688
20250830,23:00,10352,2956,978,4618,126,522,788,136,738,0,0,2,0,64,6,804,222,10352
20250830,23:30,10196,2952,1038,4568,120,500,758,146,736,0,0,6,0,0,6,856,222,10196
20250830,24:00:00,9890,2948,724,4526,114,518,716,146,734,0,0,4,0,0,-12,748,220,9890
20250831,0:30,9422,2952,468,4374,112,506,704,146,740,0,0,8,0,0,-32,772,216,9422
20250831,1:00,9004,2950,364,4080,104,506,696,146,732,0,0,6,0,0,-38,760,218,9004
20250831,1:30,8716,2956,350,3758,104,512,684,146,738,0,0,8,0,0,-24,732,216,8716
20250831,2:00,8620,2952,360,3608,104,512,536,146,736,0,0,8,0,0,-24,536,218,8620
20250831,2:30,8420,2950,328,3698,102,508,482,146,738,0,0,8,0,0,-36,720,216,8420
20250831,3:00,8460,2956,326,3712,96,516,470,146,732,0,0,12,0,0,-28,696,218,8460
20250831,3:30,8420,2952,380,3308,98,504,612,146,744,0,0,8,0,0,4,552,216,8420
20250831,4:00,8488,2952,356,3520,96,516,624,146,732,0,0,4,0,0,-4,672,218,8488
20250831,4:30,8498,2950,328,3518,100,508,780,146,744,0,0,6,0,0,20,820,218,8498
20250831,5:00,8756,2952,410,3764,98,518,820,146,734,0,0,6,0,0,26,936,218,8756
20250831,5:30,8940,2952,336,3632,102,512,878,146,738,0,0,10,0,0,32,616,218,8940
20250831,6:00,8902,2950,320,3670,100,518,856,146,734,0,0,12,0,0,34,656,218,8902
20250831,6:30,8680,2958,460,3544,104,504,672,146,740,72,0,12,0,0,-16,732,216,8680
20250831,7:00,8578,2958,506,3308,104,520,606,146,736,514,0,8,0,-216,-34,796,218,8578
20250831,7:30,8748,2952,642,3032,110,510,562,146,738,1408,0,12,0,-776,-34,768,214,8748
20250831,8:00,8758,2958,574,2778,106,512,548,146,732,2282,0,12,0,-1226,-30,848,214,8758
20250831,8:30,9276,2956,580,2750,114,504,480,146,736,3406,0,12,0,-1450,-30,1140,212,9276
20250831,9:00,9778,2958,560,2440,116,490,386,146,734,4398,0,12,0,-1400,-28,1244,210,9778
20250831,9:30,10342,2960,550,2410,120,488,368,146,740,5262,0,14,0,-1402,16,1540,210,10342
20250831,10:00,10898,2960,540,2256,120,484,368,146,734,6018,0,16,0,-1434,6,1528,212,10898
20250831,10:30,11354,2960,590,2368,126,482,352,146,742,6432,0,16,0,-1310,32,1792,210,11354
20250831,11:00,11626,2956,562,2842,128,490,338,146,728,6552,0,12,0,-1302,34,2072,212,11626
20250831,11:30,11640,2956,562,2980,132,482,332,146,740,6366,0,20,0,-1314,36,2008,210,11640
20250831,12:00,11842,2962,610,3254,130,490,332,144,730,6230,0,22,0,-1256,16,2032,210,11842
20250831,12:30,12320,2956,606,3264,134,480,330,146,738,6394,0,26,0,-1274,2,1692,210,12320
20250831,13:00,12102,2958,584,2938,140,490,334,144,730,6094,0,24,0,-1360,8,1192,210,12102
20250831,13:30,12378,2960,556,2792,136,480,328,146,738,6116,0,34,0,-1322,12,808,210,12378
20250831,14:00,11754,2960,624,2672,134,496,326,142,730,5630,0,26,0,-1048,-4,1144,210,11754
20250831,14:30,12116,2954,640,3080,134,482,348,144,742,5504,0,30,0,-508,-16,1628,210,12116
20250831,15:00,11840,2954,644,3338,138,510,338,140,728,4526,0,38,0,-426,2,1300,210,11840
20250831,15:30,11854,2954,800,3586,138,500,434,134,736,3772,0,48,0,-38,-12,1408,210,11854
20250831,16:00,11694,2950,764,3734,138,530,636,134,728,2968,0,42,0,0,-36,1104,210,11694
20250831,16:30,11914,2948,920,4340,144,536,714,134,738,2422,0,44,0,0,-28,1208,210,11914
20250831,17:00,11982,2948,1268,4652,148,540,776,134,738,1670,0,52,0,2,-12,1148,214,11982
20250831,17:30,12050,2936,1564,4758,152,532,970,134,742,1062,0,60,0,184,-30,1228,214,12050
20250831,18:00,12024,2940,1986,4790,158,540,1008,134,732,492,0,58,0,886,-34,1884,218,12024
20250831,18:30,12132,2940,1868,4794,156,536,1028,134,740,94,0,76,0,1578,24,2056,220,12132
20250831,19:00,12254,2942,1832,4790,156,534,1024,134,730,0,0,82,0,1516,34,1740,220,12254
20250831,19:30,12030,2942,1834,4788,158,536,978,134,740,0,0,62,0,1452,34,1844,216,12030
20250831,20:00,11858,2938,1770,4794,150,544,940,136,732,0,0,78,0,1452,20,1912,216,11858
20250831,20:30,11598,2946,1556,4794,150,526,912,136,742,0,0,102,0,736,8,1224,214,11598
20250831,21:00,11314,2952,1482,4786,146,550,904,134,734,0,0,94,0,388,14,1082,212,11314
20250831,21:30,11052,2954,1434,4796,140,532,760,136,740,0,0,90,0,202,8,952,212,11052
20250831,22:00,10696,2956,1062,4790,132,542,658,134,734,0,0,70,0,96,-8,682,212,10696
20250831,22:30,10466,2954,1086,4784,126,540,628,136,734,0,0,70,0,0,6,812,214,10466
20250831,23:00,10118,2954,794,4684,118,528,600,134,736,0,0,58,0,0,10,710,212,10118
20250831,23:30,9902,2958,880,4752,116,508,594,136,740,0,0,52,0,0,-10,1040,216,9902
20250831,24:00:00,9542,2954,530,4604,110,522,576,134,740,0,0,46,0,0,-22,866,214,9542
