単位[MW平均],,,供給力(確報),,,,,,,,,,,,,,,,
DATE,TIME,エリア需要,原子力,火力（ＬＮＧ）,火力（石炭）,火力（石油）,火力（その他）,水力,地熱,バイオマス,太陽光発電実績,太陽光出力制御量,風力発電実績,風力出力制御量,揚水,蓄電池,連系線,その他,合計
20241001,0:30,8552,3206,814,4256,92,84,472,150,612,0,0,4,0,0,-4,1324,190,8552
20241001,1:00,8136,3200,706,4130,88,106,434,150,598,0,0,0,0,0,-12,1452,188,8136
20241001,1:30,7936,3204,726,3976,86,78,424,152,610,0,0,2,0,0,-12,1500,190,7936
20241001,2:00,7784,3198,710,3770,86,112,422,148,596,0,0,0,0,0,-12,1436,190,7784
20241001,2:30,7742,3204,668,3756,84,80,504,152,608,0,0,2,0,0,-10,1496,190,7742
20241001,3:00,7822,3204,706,3720,84,108,538,148,596,0,0,0,0,0,-16,1456,190,7822
20241001,3:30,7918,3202,622,3768,84,84,702,152,610,0,0,2,0,0,-32,1464,188,7918
20241001,4:00,8098,3204,634,3856,84,106,724,152,598,0,0,0,0,0,-14,1436,190,8098
20241001,4:30,8198,3192,672,3994,86,84,790,152,606,0,0,2,0,0,-2,1568,190,8198
20241001,5:00,8510,3200,790,4130,86,102,846,152,592,0,0,0,0,0,2,1580,190,8510
20241001,5:30,8748,3196,894,4406,90,82,854,152,604,0,0,2,0,0,-2,1720,190,8748
20241001,6:00,8750,3200,822,4378,92,92,844,152,592,0,0,0,0,0,-4,1608,190,8750
20241001,6:30,8762,3196,956,4318,94,86,812,154,598,8,0,4,0,0,-4,1648,188,8762
20241001,7:00,8640,3196,808,4000,96,96,792,152,594,230,0,4,0,0,-10,1504,186,8640
20241001,7:30,8910,3204,822,3610,100,78,590,152,598,1118,0,6,0,-236,-6,1312,186,8910
20241001,8:00,9276,3200,774,3450,100,100,518,152,578,2276,0,6,0,-682,-4,1376,184,9276
20241001,8:30,9764,3202,876,3158,106,82,478,152,582,3432,0,8,0,-1128,0,1368,184,9764
20241001,9:00,10526,3202,900,2776,106,98,436,142,556,4544,0,6,0,-1120,10,1312,182,10526
20241001,9:30,11286,3202,940,2560,114,60,416,132,562,5812,0,6,0,-1170,-10,1520,182,11286
20241001,10:00,11844,3200,874,2346,112,60,404,134,552,6826,0,4,0,-1464,-40,1344,180,11844
20241001,10:30,11996,3200,884,2144,114,30,408,132,564,7386,0,4,0,-1546,-40,1464,180,11996
20241001,11:00,12336,3200,1042,2198,108,72,384,130,552,7668,0,2,0,-1314,-12,1872,178,12336
20241001,11:30,12604,3202,936,2194,116,32,394,132,568,7886,0,6,0,-1440,-8,1592,178,12604
20241001,12:00,12812,3198,1084,2208,114,64,388,130,556,7940,0,6,0,-1292,28,1792,180,12812
20241001,12:30,12696,3200,1020,2210,118,48,394,132,570,7853,0,9,0,-1292,6,1752,180,12696
20241001,13:00,12508,3200,970,2198,116,60,376,130,558,7607,0,7,0,-1404,-2,1488,180,12508
20241001,13:30,12774,3198,1018,2438,122,42,406,132,576,7335,0,17,0,-1284,-14,1392,180,12774
20241001,14:00,13116,3202,1034,2958,120,66,398,130,578,7155,0,13,0,-882,-22,1812,178,13116
20241001,14:30,13332,3200,1092,3244,126,64,418,132,594,6761,0,15,0,-548,0,1944,178,13332
20241001,15:00,13294,3196,1348,3434,124,96,404,130,588,6009,0,17,0,-240,24,2016,180,13294
20241001,15:30,13192,3198,1518,3768,132,94,418,132,598,5119,0,25,0,0,-16,1972,178,13192
20241001,16:00,13110,3200,2070,4128,136,120,460,130,582,3991,0,23,0,78,10,2000,182,13110
20241001,16:30,13034,3198,2618,4394,140,102,598,132,590,2853,0,29,0,202,2,2008,184,13034
20241001,17:00,12874,3196,2802,4424,140,118,790,130,566,1679,0,25,0,560,10,1752,186,12874
20241001,17:30,12446,3192,2842,4430,144,108,904,132,578,685,0,23,0,952,6,1736,186,12446
20241001,18:00,12224,3192,2844,4426,142,120,932,130,570,119,0,25,0,1244,8,1716,188,12224
20241001,18:30,12162,3192,2848,4428,144,102,894,132,580,1,0,19,0,1088,0,1452,186,12162
20241001,19:00,12018,3192,2848,4422,148,122,894,130,576,0,0,14,0,880,-4,1392,188,12018
20241001,19:30,11650,3194,2872,4426,142,102,888,132,586,0,0,12,0,632,0,1520,184,11650
20241001,20:00,11358,3192,2776,4424,138,132,850,130,568,0,0,6,0,440,12,1492,182,11358
20241001,20:30,10988,3202,2678,4428,134,106,806,132,578,0,0,6,0,290,14,1568,182,10988
20241001,21:00,10732,3198,2680,4426,130,106,648,130,570,0,0,4,0,154,0,1496,182,10732
20241001,21:30,10364,3200,2436,4430,126,78,544,132,578,0,0,6,0,36,4,1388,182,10364
20241001,22:00,10046,3200,1844,4428,118,100,518,130,562,0,0,2,0,0,8,1048,184,10046
20241001,22:30,9846,3202,1752,4432,114,70,490,132,578,0,0,4,0,0,2,1112,182,9846
20241001,23:00,9560,3196,1504,4430,108,92,464,132,574,0,0,2,0,0,4,1128,182,9560
20241001,23:30,9450,3200,1476,4432,104,64,468,132,582,0,0,6,0,0,8,1204,182,9450
20241001,24:00:00,9126,3200,1180,4362,98,94,448,132,568,0,0,8,0,0,16,1164,184,9126
20241002,0:30,8780,3198,1028,4212,96,74,390,132,582,0,0,10,0,0,4,1128,182,8780
20241002,1:00,8430,3198,962,3998,90,84,376,130,568,0,0,16,0,0,-4,1172,184,8430
20241002,1:30,8166,3194,934,4082,88,70,358,132,582,0,0,16,0,0,-20,1452,182,8166
20241002,2:00,8046,3198,806,4018,86,88,358,130,566,0,0,12,0,0,-10,1388,182,8046
20241002,2:30,8044,3200,808,4006,86,68,362,132,588,0,0,22,0,0,-10,1400,182,8044
20241002,3:00,8116,3196,828,4082,86,90,362,130,586,0,0,24,0,0,-12,1440,184,8116
20241002,3:30,8264,3196,1028,4148,86,64,450,132,594,0,0,50,0,0,-10,1656,182,8264
20241002,4:00,8374,3196,884,4268,86,90,494,130,582,0,0,60,0,0,-34,1564,182,8374
20241002,4:30,8496,3194,874,4420,88,78,512,132,594,0,0,116,0,0,-8,1688,184,8496
20241002,5:00,8732,3192,1028,4420,90,90,574,130,588,0,0,118,0,0,-6,1676,184,8732
20241002,5:30,8908,3192,1022,4434,94,66,592,132,610,0,0,116,0,0,2,1536,184,8908
20241002,6:00,8874,3194,970,4436,92,94,656,130,594,0,0,102,0,0,-2,1576,184,8874
20241002,6:30,8910,3194,916,4432,94,74,656,132,610,9,0,109,0,0,-2,1496,182,8910
20241002,7:00,8850,3196,814,4306,96,86,624,130,614,107,0,109,0,0,0,1416,184,8850
20241002,7:30,9016,3200,1060,4108,102,66,610,132,636,325,0,113,0,0,-2,1516,182,9016
20241002,8:00,9280,3202,1248,3872,106,92,578,130,626,603,0,107,0,0,-12,1452,180,9280
20241002,8:30,9748,3202,1320,3962,112,74,534,132,642,869,0,119,0,0,2,1400,180,9748
20241002,9:00,10236,3202,1352,4064,110,86,592,130,638,965,0,131,0,0,0,1216,182,10236
20241002,9:30,10522,3198,1364,4288,116,70,554,132,646,1173,0,131,0,0,-2,1328,180,10522
20241002,10:00,10692,3202,1318,4156,114,88,550,132,640,1587,0,125,0,0,2,1400,178,10692
20241002,10:30,10620,3202,1446,3972,116,76,536,132,644,1701,0,109,0,0,6,1496,176,10620
20241002,11:00,10748,3202,1606,3898,120,82,522,132,638,1767,0,121,0,0,-4,1512,176,10748
20241002,11:30,10714,3196,1420,3898,122,68,424,134,644,1895,0,119,0,0,2,1384,176,10714
20241002,12:00,10752,3202,1260,3730,122,90,390,132,640,1967,0,119,0,0,-28,1048,176,10752
20241002,12:30,10388,3202,1766,3804,120,76,352,134,654,1717,0,133,0,0,22,1768,176,10388
20241002,13:00,10168,3198,1874,3878,114,82,346,132,642,1463,0,127,0,0,6,1872,178,10168
20241002,13:30,10390,3196,2124,4070,122,76,344,134,646,1213,0,127,0,0,10,1848,176,10390
20241002,14:00,10452,3200,1792,4230,116,84,336,132,644,1133,0,129,0,0,2,1524,178,10452
20241002,14:30,10420,3200,2116,4402,122,72,362,134,648,957,0,127,0,0,4,1900,176,10420
20241002,15:00,10318,3196,2296,4424,122,86,452,132,636,855,0,123,0,0,2,2184,178,10318
20241002,15:30,10262,3200,2186,4426,124,80,614,134,652,833,0,141,0,0,4,2308,176,10262
20241002,16:00,10272,3198,2220,4414,122,108,752,132,642,745,0,133,0,0,4,2376,178,10272
20241002,16:30,10318,3200,2308,4422,126,104,852,134,654,623,0,119,0,0,0,2404,180,10318
20241002,17:00,10292,3202,2384,4420,124,106,950,132,642,409,0,109,0,0,28,2396,182,10292
20241002,17:30,10202,3202,2302,4424,124,86,950,134,634,231,0,115,0,198,2,2384,184,10202
20241002,18:00,10194,3200,2356,4420,128,120,944,132,626,41,0,123,0,272,0,2352,184,10194
20241002,18:30,10268,3198,2372,4426,130,90,948,134,634,1,0,125,0,210,4,2188,184,10268
20241002,19:00,10188,3206,2132,4418,128,114,938,132,622,0,0,126,0,116,0,1928,184,10188
20241002,19:30,9966,3194,2036,4424,128,96,810,134,630,0,0,138,0,30,0,1836,182,9966
20241002,20:00,9718,3196,1956,4428,124,106,644,132,624,0,0,142,0,0,2,1816,180,9718
20241002,20:30,9420,3196,1786,4424,122,90,584,134,632,0,0,138,0,0,4,1872,182,9420
20241002,21:00,9218,3198,1400,4420,114,112,550,134,622,0,0,122,0,0,4,1640,182,9218
20241002,21:30,9000,3202,1200,4422,108,86,528,134,630,0,0,108,0,0,10,1608,180,9000
20241002,22:00,8800,3196,1052,4430,100,84,516,134,620,0,0,86,0,0,2,1600,180,8800
20241002,22:30,8698,3206,1088,4424,100,68,478,134,632,0,0,92,0,0,8,1712,180,8698
20241002,23:00,8428,3206,858,4426,96,92,462,134,620,0,0,86,0,0,6,1736,178,8428
20241002,23:30,8378,3204,924,4430,92,74,456,134,628,0,0,90,0,0,14,1848,180,8378
20241002,24:00:00,8144,3202,810,4354,86,84,446,134,620,0,0,82,0,0,10,1864,180,8144
20241003,0:30,7852,3204,788,4112,84,68,412,134,630,0,0,82,0,0,-8,1836,182,7852
20241003,1:00,7598,3208,760,3818,82,92,412,134,620,0,0,84,0,0,-20,1772,180,7598
20241003,1:30,7444,3202,718,3666,82,70,392,134,628,0,0,94,0,0,-18,1704,180,7444
20241003,2:00,7378,3204,676,3674,80,88,386,134,616,0,0,90,0,0,-40,1712,182,7378
20241003,2:30,7428,3206,708,3700,80,74,386,134,626,0,0,84,0,0,-38,1712,180,7428
20241003,3:00,7538,3204,700,3810,78,86,390,134,620,0,0,52,0,0,-22,1696,182,7538
20241003,3:30,7742,3206,712,3996,80,70,442,134,630,0,0,56,0,0,-12,1752,180,7742
20241003,4:00,7936,3204,714,4060,80,90,486,134,618,0,0,52,0,0,-4,1680,182,7936
20241003,4:30,8144,3198,732,4158,84,64,558,134,634,0,0,54,0,0,2,1656,182,8144
20241003,5:00,8442,3200,762,4426,82,96,586,132,622,0,0,56,0,0,2,1704,182,8442
20241003,5:30,8566,3202,960,4432,86,66,620,134,632,0,0,60,0,0,8,1816,182,8566
20241003,6:00,8590,3196,924,4412,86,92,622,132,624,0,0,44,0,0,12,1736,182,8590
20241003,6:30,8578,3204,784,4306,92,78,624,134,628,1,0,57,0,0,-16,1496,182,8578
20241003,7:00,8426,3204,690,4160,92,86,596,132,630,61,0,49,0,0,-20,1436,182,8426
20241003,7:30,8480,3202,756,4014,98,74,494,134,652,409,0,63,0,0,-4,1592,180,8480
20241003,8:00,8572,3206,810,3944,98,86,438,132,646,833,0,45,0,0,2,1848,180,8572
20241003,8:30,9014,3204,842,4174,108,70,414,134,654,1445,0,55,0,0,-2,2264,180,9014
20241003,9:00,9474,3208,828,3904,110,86,400,132,638,2229,0,51,0,0,-2,2288,178,9474
20241003,9:30,9880,3206,780,3850,118,76,614,132,652,2635,0,39,0,0,-20,2380,178,9880
20241003,10:00,10088,3204,968,3818,116,82,652,130,638,2657,0,33,0,0,0,2388,178,10088
20241003,10:30,10236,3206,958,3712,118,76,606,132,652,2953,0,29,0,0,20,2404,178,10236
20241003,11:00,10388,3206,1036,3848,120,88,604,130,638,2847,0,23,0,0,32,2360,176,10388
20241003,11:30,10426,3202,1216,3858,122,70,602,132,654,2713,0,21,0,0,20,2360,176,10426
20241003,12:00,10388,3204,1156,3994,122,90,576,130,642,2593,0,19,0,0,0,2316,178,10388
20241003,12:30,10030,3208,1100,4090,124,78,408,132,650,2289,0,23,0,0,0,2248,176,10030
20241003,13:00,9858,3202,1124,4050,122,96,382,130,642,2203,0,19,0,0,-6,2284,178,9858
20241003,13:30,10154,3204,1246,4096,128,70,362,132,648,2411,0,15,0,0,-10,2324,176,10154
20241003,14:00,10394,3200,1232,4236,122,98,362,130,634,2597,0,11,0,0,-34,2372,178,10394
20241003,14:30,10344,3206,1214,4286,126,84,380,132,646,2509,0,5,0,0,-4,2416,176,10344
20241003,15:00,10350,3208,1240,4336,124,108,376,132,644,2387,0,1,0,0,0,2384,178,10350
20241003,15:30,10218,3204,1334,4422,126,92,436,130,652,1965,0,1,0,34,30,2384,176,10218
20241003,16:00,10318,3202,1578,4418,128,110,604,126,642,1443,0,1,0,268,2,2384,180,10318
20241003,16:30,10362,3204,1820,4424,128,94,796,126,654,959,0,3,0,252,6,2288,184,10362
20241003,17:00,10320,3206,1704,4420,126,110,880,134,644,561,0,1,0,222,0,1872,184,10320
20241003,17:30,10238,3204,1592,4418,130,90,930,136,638,243,0,3,0,288,2,1624,188,10238
20241003,18:00,10236,3206,1714,4422,126,114,936,136,626,17,0,3,0,252,0,1504,188,10236
20241003,18:30,10308,3196,1604,4422,130,96,956,136,632,1,0,5,0,254,0,1312,188,10308
20241003,19:00,10168,3198,1502,4414,128,106,952,136,632,0,0,0,0,230,2,1320,188,10168
20241003,19:30,9984,3198,1398,4420,124,92,804,136,636,0,0,4,0,208,0,1220,184,9984
20241003,20:00,9756,3200,1266,4422,116,110,682,136,624,0,0,4,0,162,-2,1148,184,9756
20241003,20:30,9476,3198,1366,4422,114,94,674,136,630,0,0,6,0,30,4,1384,186,9476
20241003,21:00,9266,3198,1160,4244,106,110,598,136,626,0,0,8,0,0,2,1108,186,9266
20241003,21:30,9072,3204,1034,4334,108,88,542,136,634,0,0,18,0,0,0,1212,186,9072
20241003,22:00,8898,3204,860,4424,96,102,508,138,616,0,0,18,0,0,-2,1252,186,8898
20241003,22:30,8732,3202,760,4334,98,66,460,138,632,0,0,24,0,0,0,1168,186,8732
20241003,23:00,8524,3206,718,4182,94,94,428,136,618,0,0,30,0,0,10,1176,184,8524
20241003,23:30,8448,3204,822,4130,90,66,430,136,632,0,0,34,0,0,14,1296,186,8448
20241003,24:00:00,8218,3204,648,4048,84,92,416,136,620,0,0,38,0,0,10,1264,186,8218
20241004,0:30,7928,3206,674,3918,84,70,382,136,632,0,0,48,0,0,4,1412,186,7928
20241004,1:00,7596,3200,620,3838,80,86,366,136,620,0,0,50,0,0,-8,1580,188,7596
20241004,1:30,7440,3206,548,3694,80,70,378,136,630,0,0,98,0,0,-10,1576,186,7440
20241004,2:00,7368,3202,584,3524,78,86,390,136,618,0,0,112,0,0,-14,1536,188,7368
20241004,2:30,7394,3204,558,3668,80,70,386,136,632,0,0,120,0,0,-10,1636,186,7394
20241004,3:00,7556,3206,628,3832,76,84,384,136,620,0,0,118,0,0,-10,1704,186,7556
20241004,3:30,7762,3202,616,3998,80,72,422,136,632,0,0,128,0,0,-10,1700,186,7762
20241004,4:00,7932,3208,574,4048,78,82,456,136,630,0,0,128,0,0,-2,1592,186,7932
20241004,4:30,8118,3200,574,4288,80,80,546,136,636,0,0,130,0,0,-4,1736,188,8118
20241004,5:00,8392,3198,656,4398,80,80,570,140,626,0,0,132,0,0,4,1680,188,8392
20241004,5:30,8552,3200,800,4426,86,72,594,138,634,0,0,144,0,0,2,1732,188,8552
20241004,6:00,8572,3204,772,4426,84,90,626,138,626,0,0,142,0,0,0,1724,188,8572
20241004,6:30,8536,3200,862,4430,90,68,586,138,638,1,0,133,0,0,-2,1796,188,8536
20241004,7:00,8462,3198,710,4426,90,88,568,138,646,35,0,129,0,0,4,1756,186,8462
20241004,7:30,8550,3210,780,4426,96,72,516,138,660,233,0,137,0,0,0,1904,186,8550
20241004,8:00,8614,3206,696,4418,100,78,472,138,654,559,0,135,0,0,0,2028,186,8614
20241004,8:30,9058,3208,828,4408,106,66,472,138,658,1109,0,133,0,0,6,2260,186,9058
20241004,9:00,9518,3204,638,4368,104,106,522,138,648,1757,0,125,0,0,-14,2264,186,9518
20241004,9:30,9782,3208,630,3956,110,88,680,136,656,2371,0,127,0,0,-12,2352,184,9782
20241004,10:00,9964,3206,586,3750,106,108,682,136,640,3041,0,135,0,0,-36,2576,186,9964
20241004,10:30,10048,3210,546,3548,108,74,604,136,636,3775,0,139,0,-392,-26,2496,186,10048
20241004,11:00,10228,3202,794,3334,106,62,476,134,616,4321,0,139,0,-746,14,2408,184,10228
20241004,11:30,10242,3210,802,3160,112,32,418,136,620,4467,0,139,0,-664,22,2396,184,10242
20241004,12:00,10190,3206,790,2822,108,58,402,134,598,4619,0,137,0,-528,2,2340,182,10190
20241004,12:30,10002,3206,736,2540,110,34,390,136,610,4891,0,145,0,-696,0,2284,184,10002
20241004,13:00,10128,3204,810,2534,110,50,368,134,606,4997,0,149,0,-764,6,2260,184,10128
20241004,13:30,10292,3204,874,2662,110,30,370,136,618,4681,0,149,0,-460,6,2272,184,10292
20241004,14:00,10440,3204,852,3106,116,56,366,136,604,4287,0,151,0,-236,0,2384,182,10440
20241004,14:30,10550,3208,1050,3284,114,46,370,138,622,3883,0,153,0,-156,0,2344,182,10550
20241004,15:00,10498,3202,1006,3552,116,70,370,138,626,3495,0,137,0,0,0,2396,182,10498
20241004,15:30,10452,3206,1228,3652,118,82,390,138,648,2931,0,137,0,22,20,2304,184,10452
20241004,16:00,10414,3204,1084,4136,120,126,566,140,642,2261,0,131,0,190,4,2376,186,10414
20241004,16:30,10412,3206,1026,4384,122,92,802,138,654,1675,0,129,0,398,2,2404,188,10412
20241004,17:00,10364,3204,1136,4420,122,120,908,138,644,1013,0,115,0,744,0,2392,192,10364
20241004,17:30,10178,3198,1230,4424,122,96,954,138,658,435,0,117,0,992,2,2376,188,10178
20241004,18:00,10050,3198,1384,4426,122,112,972,140,650,65,0,115,0,1032,-2,2356,192,10050
20241004,18:30,9990,3202,1266,4370,122,114,944,138,630,1,0,125,0,1052,0,2160,186,9990
20241004,19:00,9948,3202,1160,4414,124,100,910,140,648,0,0,128,0,1052,-2,2116,188,9948
20241004,19:30,9760,3200,1020,4422,122,98,920,140,638,0,0,130,0,590,-4,1700,184,9760
20241004,20:00,9482,3208,1034,4426,116,100,720,140,622,0,0,130,0,500,6,1704,184,9482
20241004,20:30,9266,3208,1090,4426,116,74,626,140,636,0,0,136,0,410,0,1780,184,9266
20241004,21:00,9010,3206,944,4422,110,90,598,140,622,0,0,126,0,232,-2,1664,186,9010
20241004,21:30,8782,3208,918,4426,108,70,572,140,636,0,0,140,0,108,0,1728,184,8782
20241004,22:00,8564,3210,894,4342,100,92,510,140,620,0,0,120,0,-2,4,1652,186,8564
20241004,22:30,8438,3208,946,4310,100,78,462,140,632,0,0,112,0,0,-6,1728,184,8438
20241004,23:00,8256,3210,868,4148,92,88,444,140,624,0,0,106,0,0,12,1660,184,8256
20241004,23:30,8294,3206,868,4002,94,74,462,140,634,0,0,102,0,0,-16,1456,184,8294
20241004,24:00:00,7988,3210,800,3850,90,86,444,140,630,0,0,88,0,0,-6,1528,184,7988
20241005,0:30,7706,3210,814,3650,86,76,418,140,636,0,0,88,0,0,8,1604,184,7706
20241005,1:00,7450,3208,830,3154,84,88,402,140,632,0,0,74,0,0,8,1356,186,7450
20241005,1:30,7244,3206,824,2886,84,72,410,140,634,0,0,78,0,0,-2,1272,184,7244
20241005,2:00,7138,3208,862,2852,78,86,402,140,620,0,0,72,0,0,-8,1360,186,7138
20241005,2:30,7170,3210,820,2742,82,76,416,140,630,0,0,72,0,0,-14,1188,184,7170
20241005,3:00,7280,3206,860,2780,80,90,442,140,622,0,0,66,0,0,-10,1180,184,7280
20241005,3:30,7480,3208,994,2988,82,68,464,140,640,0,0,70,0,0,10,1368,184,7480
20241005,4:00,7670,3208,972,3006,80,94,524,140,620,0,0,74,0,0,-18,1216,186,7670
20241005,4:30,7758,3204,1052,3004,82,74,734,140,638,0,0,76,0,0,8,1440,186,7758
20241005,5:00,8058,3204,932,3006,84,88,844,140,630,0,0,74,0,94,0,1224,186,8058
20241005,5:30,8216,3200,1014,2986,86,72,878,140,638,0,0,86,0,220,-2,1288,186,8216
20241005,6:00,8162,3206,984,2572,84,90,968,140,630,0,0,84,0,528,2,1312,186,8162
20241005,6:30,7968,3204,808,2384,88,72,948,140,640,3,0,93,0,510,-4,1104,186,7968
20241005,7:00,7654,3206,710,2128,90,90,822,138,638,109,0,95,0,204,-20,740,184,7654
20241005,7:30,7640,3206,746,1856,92,74,610,140,652,587,0,95,0,222,-4,820,184,7640
20241005,8:00,7682,3210,782,1644,96,90,530,138,650,1235,0,89,0,144,-8,1104,186,7682
20241005,8:30,7900,3208,748,1732,94,80,490,140,658,2007,0,87,0,-214,2,1316,184,7900
20241005,9:00,8292,3208,556,1558,96,76,472,138,648,3017,0,79,0,-320,-22,1400,186,8292
20241005,9:30,8506,3208,628,1544,100,46,466,140,632,3905,0,65,0,-628,-8,1776,184,8506
20241005,10:00,9070,3210,590,1512,98,52,410,138,548,4997,0,53,0,-842,-4,1876,184,9070
20241005,10:30,9136,3208,620,1384,100,34,408,138,490,5449,0,41,0,-1044,-6,1868,182,9136
20241005,11:00,9258,3210,586,1288,94,52,422,138,458,5697,0,33,0,-1102,0,1800,182,9258
20241005,11:30,9334,3204,554,1270,98,50,386,136,452,5781,0,35,0,-1012,2,1800,178,9334
20241005,12:00,9578,3212,610,1288,102,30,392,136,478,5869,0,29,0,-1020,6,1736,182,9578
20241005,12:30,9498,3208,678,1290,106,30,362,138,476,5671,0,29,0,-934,6,1744,182,9498
20241005,13:00,9560,3208,624,1376,108,54,350,136,458,5379,0,25,0,-600,2,1744,184,9560
20241005,13:30,9736,3206,718,1526,108,32,358,136,486,4931,0,37,0,-308,12,1688,182,9736
20241005,14:00,9730,3206,668,1720,108,50,350,136,526,4077,0,29,0,2,26,1352,184,9730
20241005,14:30,9612,3208,598,1950,112,60,356,136,628,3459,0,27,0,-164,12,952,182,9612
20241005,15:00,9622,3210,486,2264,108,86,364,134,636,2915,0,29,0,-242,10,560,182,9622
20241005,15:30,9516,3204,422,2334,114,82,392,136,646,2473,0,37,0,-256,-12,240,184,9516
20241005,16:00,9410,3210,476,3288,114,80,402,136,644,1995,0,37,0,-244,-20,892,184,9410
20241005,16:30,9470,3206,474,3788,120,66,640,138,660,1479,0,41,0,0,6,1332,184,9470
20241005,17:00,9428,3210,776,4158,120,92,792,136,644,783,0,53,0,158,-8,1676,190,9428
20241005,17:30,9542,3200,800,4318,122,72,946,136,658,305,0,49,0,434,2,1692,192,9542
20241005,18:00,9490,3200,800,4420,122,84,968,138,650,25,0,55,0,536,0,1700,192,9490
20241005,18:30,9688,3204,840,4426,126,72,964,136,658,1,0,55,0,678,0,1664,192,9688
20241005,19:00,9618,3200,778,4422,124,88,970,138,654,0,0,52,0,456,-4,1448,188,9618
20241005,19:30,9426,3204,688,4426,124,70,936,138,658,0,0,56,0,576,0,1636,186,9426
20241005,20:00,9246,3202,708,4428,118,88,882,136,648,0,0,62,0,526,0,1736,184,9246
20241005,20:30,9060,3206,668,4424,116,68,664,138,660,0,0,60,0,472,30,1632,186,9060
20241005,21:00,8872,3208,536,4420,108,90,598,136,652,0,0,66,0,188,4,1320,186,8872
20241005,21:30,8612,3206,568,4424,108,64,562,138,656,0,0,76,0,84,-4,1456,186,8612
20241005,22:00,8434,3206,544,4374,102,92,508,136,652,0,0,70,0,-2,0,1432,184,8434
20241005,22:30,8254,3208,592,4364,100,74,484,138,656,0,0,72,0,0,-2,1616,184,8254
20241005,23:00,8098,3208,512,4272,92,88,470,136,656,0,0,64,0,0,8,1592,184,8098
20241005,23:30,7998,3208,686,3878,94,60,454,138,660,0,0,58,0,0,18,1440,184,7998
20241005,24:00:00,7792,3204,754,3794,90,100,430,136,652,0,0,40,0,0,14,1608,186,7792
20241006,0:30,7584,3210,616,3348,86,70,396,138,664,0,0,42,0,0,6,1176,184,7584
20241006,1:00,7336,3206,814,2732,86,92,378,136,648,0,0,34,0,0,8,984,186,7336
20241006,1:30,7110,3210,724,2092,82,74,380,138,658,0,0,36,0,0,-12,456,184,7110
20241006,2:00,6958,3202,754,1658,80,86,378,136,648,0,0,30,0,0,-8,192,186,6958
20241006,2:30,6974,3208,822,1640,80,74,404,138,658,0,0,28,0,0,-6,256,184,6974
20241006,3:00,7094,3208,814,1600,80,86,428,138,652,0,0,24,0,0,-24,98,186,7094
20241006,3:30,7266,3206,900,1772,82,80,478,138,656,0,0,26,0,0,-24,232,184,7266
20241006,4:00,7442,3206,898,1868,82,82,664,136,656,0,0,26,0,0,-2,360,186,7442
20241006,4:30,7616,3202,836,1944,82,74,822,138,658,0,0,24,0,0,2,352,186,7616
20241006,5:00,7852,3202,886,2116,82,86,894,138,654,0,0,26,0,74,0,492,186,7852
20241006,5:30,7932,3206,880,2146,86,70,884,138,662,0,0,32,0,212,-2,568,186,7932
20241006,6:00,7810,3202,942,2008,86,98,936,136,648,0,0,34,0,228,-2,692,186,7810
20241006,6:30,7620,3208,942,1898,88,66,870,138,662,5,0,31,0,236,22,732,186,7620
20241006,7:00,7254,3204,726,1730,84,92,668,136,650,139,0,31,0,114,-26,480,186,7254
20241006,7:30,7268,3210,748,1630,90,44,610,138,664,759,0,25,0,34,-18,852,186,7268
20241006,8:00,7288,3206,682,1554,94,62,584,136,648,1467,0,27,0,0,-14,1344,186,7288
20241006,8:30,7520,3212,644,1522,92,34,526,138,636,2283,0,21,0,0,-16,1756,184,7520
20241006,9:00,7886,3210,534,1432,92,50,502,136,550,3203,0,15,0,-256,-20,1748,186,7886
20241006,9:30,8280,3212,560,1340,96,32,442,136,516,4075,0,15,0,-524,-4,1800,184,8280
20241006,10:00,8628,3212,478,1284,96,42,414,136,502,4885,0,15,0,-718,-24,1880,186,8628
20241006,10:30,9052,3208,468,1286,98,44,396,136,510,5995,0,7,0,-1388,-4,1888,184,9052
20241006,11:00,9176,3214,464,1284,96,46,404,136,510,6165,167,5,0,-1522,-2,1808,184,9176
20241006,11:30,9548,3208,600,1284,100,36,390,136,514,6273,375,7,0,-1448,0,1736,184,9548
20241006,12:00,9700,3208,788,1292,96,46,390,132,502,5717,666,7,0,-1096,18,1584,184,9700
20241006,12:30,9912,3208,748,1408,104,32,386,134,512,5451,377,7,0,-664,10,1608,184,9912
20241006,13:00,9834,3212,662,1532,102,50,380,134,502,5081,85,3,0,-312,0,1696,184,9834
20241006,13:30,10134,3210,522,1564,108,32,394,136,518,5083,0,7,0,-786,-6,832,184,10134
20241006,14:00,10014,3206,470,1534,108,52,384,136,540,4907,0,5,0,-1220,-28,264,184,10014
20241006,14:30,9676,3210,670,1606,112,24,374,136,632,3883,0,9,0,-1076,-2,86,184,9676
20241006,15:00,9502,3206,760,1850,108,56,380,132,640,3163,0,3,0,-624,-4,352,184,9502
20241006,15:30,9750,3210,810,1988,116,38,430,136,640,2505,0,7,0,48,26,388,184,9750
20241006,16:00,9680,3202,666,2874,116,74,442,132,622,1685,0,7,0,180,8,512,184,9680
20241006,16:30,9628,3208,620,3920,120,70,466,136,642,1173,0,15,0,0,-24,904,186,9628
20241006,17:00,9728,3206,628,4272,122,94,652,134,640,713,0,21,0,0,-4,940,190,9728
20241006,17:30,9836,3200,778,4416,128,86,832,136,656,279,0,33,0,122,14,1036,192,9836
20241006,18:00,10062,3200,828,4422,128,116,914,134,648,0,0,36,0,696,22,1272,190,10062
20241006,18:30,10158,3200,822,4426,130,90,906,136,658,1,0,61,0,544,0,1008,192,10158
20241006,19:00,10090,3200,846,4426,128,106,944,134,650,0,0,60,0,380,-2,972,190,10090
20241006,19:30,9908,3204,756,4430,128,94,974,136,660,0,0,60,0,110,4,836,188,9908
20241006,20:00,9660,3200,768,4420,120,110,884,134,650,0,0,56,0,0,-6,864,188,9660
20241006,20:30,9340,3208,696,4426,118,94,814,136,660,0,0,60,0,0,-8,1052,188,9340
20241006,21:00,9156,3208,678,4422,110,94,662,134,656,0,0,56,0,0,4,1056,188,9156
20241006,21:30,8944,3204,594,4352,110,70,632,136,660,0,0,46,0,0,2,1048,186,8944
20241006,22:00,8716,3206,666,4298,106,86,626,134,648,0,0,50,0,0,-2,1288,186,8716
20241006,22:30,8502,3208,642,3972,102,72,632,136,654,0,0,46,0,0,-8,1140,186,8502
20241006,23:00,8314,3206,588,3986,94,84,638,136,650,0,0,40,0,0,10,1304,186,8314
20241006,23:30,8258,3208,736,3568,94,68,602,136,664,0,0,38,0,0,10,1052,186,8258
20241006,24:00:00,7996,3204,726,2972,90,88,576,136,646,0,0,36,0,0,4,668,186,7996
20241007,0:30,7648,3210,782,2612,86,76,506,136,658,0,0,32,0,0,4,640,186,7648
20241007,1:00,7286,3206,740,2372,84,80,458,136,656,0,0,28,0,0,-22,640,188,7286
20241007,1:30,7186,3206,740,2596,82,74,458,136,658,0,0,26,0,0,-16,960,186,7186
20241007,2:00,7096,3206,794,2752,80,82,432,136,654,0,0,26,0,0,-6,1248,188,7096
20241007,2:30,7110,3206,800,2652,80,74,426,138,660,0,0,20,0,0,-12,1120,186,7110
20241007,3:00,7302,3204,794,2630,82,82,434,136,652,0,0,16,0,0,-14,900,186,7302
20241007,3:30,7380,3204,790,2762,80,74,466,136,656,0,0,18,0,0,-8,984,186,7380
20241007,4:00,7566,3204,950,2884,78,82,504,136,654,0,0,12,0,0,0,1124,186,7566
20241007,4:30,7784,3200,1014,3208,82,70,596,136,662,0,0,12,0,0,16,1400,188,7784
20241007,5:00,8110,3200,974,3778,84,86,612,136,654,0,0,14,0,0,-24,1592,188,8110
20241007,5:30,8328,3204,960,3982,86,68,602,136,664,0,0,16,0,0,-6,1572,188,8328
20241007,6:00,8340,3196,996,3866,86,84,596,136,654,0,0,14,0,0,-16,1460,188,8340
20241007,6:30,8434,3204,930,3984,90,80,600,136,658,8,0,18,0,0,0,1460,186,8434
20241007,7:00,8404,3206,910,3824,90,80,628,136,656,114,0,32,0,0,-6,1452,186,8404
20241007,7:30,8664,3208,908,3748,98,74,634,136,660,524,0,46,0,0,-2,1556,186,8664
20241007,8:00,8888,3208,960,3776,96,88,608,136,648,806,0,46,0,0,-2,1668,186,8888
20241007,8:30,9458,3208,1226,4240,104,66,702,136,654,1091,0,57,0,0,4,2216,186,9458
20241007,9:00,10084,3212,1282,4160,108,90,718,136,640,1389,0,59,0,0,-4,1892,186,10084
20241007,9:30,10554,3210,1486,4070,114,68,688,136,648,1744,0,58,0,0,0,1852,184,10554
20241007,10:00,10702,3208,1638,4156,114,80,664,136,632,1776,0,50,0,0,4,1940,184,10702
20241007,10:30,10702,3212,1154,4028,118,78,616,136,628,2132,0,46,0,0,-4,1624,182,10702
20241007,11:00,10842,3208,1390,3914,118,96,610,136,614,2388,0,44,0,-240,-2,1616,182,10842
20241007,11:30,11008,3208,1478,3894,122,78,594,136,604,2704,0,42,0,-80,6,1960,182,11008
20241007,12:00,10642,3210,1088,3654,118,82,446,136,600,2618,0,42,0,0,2,1536,182,10642
20241007,12:30,10268,3210,1080,3732,122,64,420,136,610,2614,0,44,0,0,0,1948,184,10268
20241007,13:00,10352,3206,1292,3738,118,100,414,136,594,2808,0,42,0,-162,-2,2116,184,10352
20241007,13:30,10600,3210,1582,4116,120,102,438,138,604,2392,0,34,0,-78,18,2260,184,10600
20241007,14:00,10736,3204,1828,4232,122,106,436,136,600,2120,0,32,0,0,4,2268,184,10736
20241007,14:30,10620,3210,1822,4402,124,92,428,138,590,1816,0,36,0,0,4,2224,182,10620
20241007,15:00,10646,3206,1856,4422,124,108,454,136,584,1702,0,38,0,0,-2,2164,182,10646
20241007,15:30,10494,3210,1956,4414,126,94,496,138,596,1426,0,36,0,0,4,2184,182,10494
20241007,16:00,10506,3210,2444,4420,126,100,594,136,582,1044,0,32,0,0,4,2368,182,10506
20241007,16:30,10540,3200,2374,4420,132,90,758,138,600,759,0,33,0,0,2,2152,186,10540
20241007,17:00,10530,3212,2334,4422,134,116,894,136,586,453,0,39,0,62,0,2048,190,10530
20241007,17:30,10448,3196,2564,4422,134,86,982,138,606,209,0,37,0,240,2,2360,192,10448
20241007,18:00,10386,3202,2548,4422,132,114,992,136,584,11,0,43,0,352,2,2344,192,10386
20241007,18:30,10444,3200,2258,4426,136,88,988,138,602,1,0,53,0,512,34,2184,192,10444
20241007,19:00,10288,3200,2230,4418,134,112,1002,136,594,0,0,52,0,270,4,2056,192,10288
20241007,19:30,10068,3206,2144,4420,130,88,968,138,616,0,0,56,0,120,2,2008,188,10068
20241007,20:00,9844,3204,1918,4422,124,108,960,136,602,0,0,56,0,66,0,1940,188,9844
20241007,20:30,9520,3206,1788,4424,122,86,784,138,618,0,0,56,0,0,2,1892,188,9520
20241007,21:00,9306,3204,1528,4424,116,106,676,136,602,0,0,54,0,0,6,1736,190,9306
20241007,21:30,9100,3210,1226,4422,114,68,668,138,610,0,0,56,0,0,0,1600,188,9100
20241007,22:00,8860,3206,944,4426,102,84,650,138,604,0,0,46,0,0,2,1528,186,8860
20241007,22:30,8798,3204,1010,4430,104,74,630,138,614,0,0,50,0,0,10,1652,186,8798
20241007,23:00,8562,3202,816,4260,94,84,626,138,606,0,0,46,0,0,14,1508,184,8562
20241007,23:30,8470,3210,782,4366,96,74,574,140,620,0,0,42,0,0,22,1640,184,8470
20241007,24:00:00,8212,3208,714,4306,90,86,546,138,604,0,0,36,0,0,2,1704,186,8212
20241008,0:30,7926,3200,740,4088,90,66,540,138,612,0,0,40,0,0,-26,1748,186,7926
20241008,1:00,7654,3208,776,3816,86,90,518,140,608,0,0,40,0,0,-10,1804,186,7654
20241008,1:30,7508,3206,758,3692,84,70,520,140,618,0,0,40,0,0,-10,1796,186,7508
20241008,2:00,7412,3206,728,3624,82,86,512,138,600,0,0,42,0,0,-14,1776,184,7412
20241008,2:30,7442,3204,692,3610,80,68,520,138,612,0,0,36,0,0,-14,1688,184,7442
20241008,3:00,7582,3206,754,3610,82,84,526,140,600,0,0,36,0,0,-12,1628,184,7582
20241008,3:30,7724,3208,662,3850,82,68,542,140,610,0,0,52,0,0,-2,1672,184,7724
20241008,4:00,7932,3208,842,3968,80,92,600,138,596,0,0,70,0,0,-2,1844,184,7932
20241008,4:30,8166,3200,752,4144,84,68,812,140,614,0,0,92,0,0,-6,1920,186,8166
20241008,5:00,8452,3204,800,4206,82,90,852,138,602,0,0,88,0,0,-16,1780,186,8452
20241008,5:30,8620,3204,892,4422,88,72,834,140,614,0,0,104,0,0,-4,1932,186,8620
20241008,6:00,8586,3206,764,4414,88,84,840,138,604,0,0,108,0,0,-6,1840,186,8586
20241008,6:30,8592,3202,822,4350,92,72,808,140,618,0,0,114,0,0,18,1828,184,8592
20241008,7:00,8544,3204,724,4374,98,90,812,138,600,66,0,116,0,0,-14,1848,184,8544
20241008,7:30,8502,3210,752,3898,98,78,822,140,614,412,0,116,0,0,6,1828,184,8502
20241008,8:00,8556,3206,792,3896,102,92,606,138,600,792,0,126,0,0,2,1980,184,8556
20241008,8:30,8996,3212,864,4024,108,74,566,140,610,1375,0,113,0,0,-26,2248,184,8996
20241008,9:00,9352,3202,794,3914,108,92,544,140,594,1995,0,99,0,0,-16,2296,182,9352
20241008,9:30,9710,3212,800,3724,110,68,516,140,606,2675,0,105,0,-2,-38,2388,182,9710
20241008,10:00,9884,3164,814,3726,108,94,510,140,600,3165,0,89,0,-256,-2,2452,184,9884
20241008,10:30,10130,3122,656,3666,106,68,482,140,606,3795,0,85,0,-326,-10,2440,180,10130
20241008,11:00,10410,3124,772,3392,98,84,478,140,588,4159,0,75,0,-258,-2,2420,180,10410
20241008,11:30,10176,3130,786,3152,106,76,452,140,598,4131,0,71,0,-236,-2,2408,180,10176
20241008,12:00,10298,3146,830,3012,106,82,432,138,588,4325,0,69,0,-284,2,2328,180,10298
20241008,12:30,10112,3162,820,2942,104,76,428,138,598,4256,0,78,0,-400,-8,2264,182,10112
20241008,13:00,9730,3176,810,3034,98,78,426,140,594,3844,0,74,0,-468,-2,2256,182,9730
20241008,13:30,10186,3190,838,3218,102,78,446,140,604,3926,0,70,0,-276,-4,2328,182,10186
20241008,14:00,10350,3208,862,3482,98,112,442,140,592,3782,0,60,0,-240,-2,2368,182,10350
20241008,14:30,10304,3212,894,3900,100,96,432,140,602,3089,0,69,0,-34,0,2376,180,10304
20241008,15:00,10338,3206,912,4152,100,106,448,140,598,2765,0,65,0,0,-6,2328,180,10338
20241008,15:30,10214,3214,968,4394,106,98,486,140,604,2283,0,69,0,0,8,2336,180,10214
20241008,16:00,10052,3208,1156,4416,106,108,566,140,600,1563,0,71,0,244,2,2312,184,10052
20241008,16:30,10126,3212,1310,4418,114,90,616,140,610,1151,0,79,0,534,0,2336,188,10126
20241008,17:00,10038,3212,1362,4416,114,108,728,140,598,611,0,83,0,704,-2,2224,188,10038
20241008,17:30,9988,3200,1356,4420,116,86,790,140,616,229,0,83,0,1074,0,2312,190,9988
20241008,18:00,9954,3206,1228,4422,118,110,816,140,598,29,0,89,0,1134,0,2128,192,9954
20241008,18:30,10018,3204,1244,4420,120,96,804,140,614,1,0,101,0,1096,2,2016,192,10018
20241008,19:00,9966,3202,1248,4424,120,110,796,140,600,0,0,100,0,720,-2,1680,188,9966
20241008,19:30,9690,3208,1168,4426,118,88,744,140,616,0,0,112,0,576,-4,1688,186,9690
20241008,20:00,9482,3206,1032,4426,114,112,710,140,596,0,0,116,0,396,2,1552,184,9482
20241008,20:30,9240,3210,1116,4426,112,90,716,140,614,0,0,124,0,122,2,1616,184,9240
20241008,21:00,9024,3210,976,4300,104,106,648,140,598,0,0,112,0,24,-2,1376,184,9024
20241008,21:30,8820,3210,874,4338,106,94,628,140,616,0,0,120,0,0,6,1496,184,8820
20241008,22:00,8652,3212,702,4336,92,98,600,140,604,0,0,122,0,0,10,1448,184,8652
20241008,22:30,8482,3212,622,4342,98,66,584,140,612,0,0,126,0,0,0,1504,184,8482
20241008,23:00,8248,3208,492,4310,90,90,552,140,602,0,0,118,0,0,8,1544,182,8248
20241008,23:30,8230,3212,490,4138,88,66,518,140,614,0,0,128,0,0,6,1352,182,8230
20241008,24:00:00,7954,3210,432,4026,84,90,518,140,594,0,0,122,0,0,2,1448,184,7954
20241009,0:30,7794,3214,596,3622,82,64,484,140,616,0,0,126,0,-204,2,1132,184,7794
20241009,1:00,7322,3210,700,3020,80,92,454,140,606,0,0,124,0,-244,-2,1044,186,7322
20241009,1:30,7240,3210,660,2908,78,64,462,140,618,0,0,128,0,0,-4,1208,184,7240
20241009,2:00,7166,3214,584,2696,78,92,454,140,600,0,0,130,0,0,-8,1000,186,7166
20241009,2:30,7150,3210,590,2756,80,64,460,140,616,0,0,146,0,0,0,1096,184,7150
20241009,3:00,7290,3212,586,2894,76,92,472,140,600,0,0,140,0,0,-10,1096,184,7290
20241009,3:30,7566,3210,618,3412,78,68,488,140,618,0,0,144,0,0,-6,1388,184,7566
20241009,4:00,7824,3210,618,3644,78,84,502,140,604,0,0,122,0,0,10,1372,184,7824
20241009,4:30,8070,3208,710,3792,80,76,624,140,618,0,0,118,0,0,6,1488,186,8070
20241009,5:00,8314,3208,708,3894,80,84,692,140,610,0,0,106,0,0,0,1392,184,8314
20241009,5:30,8476,3208,818,3932,84,64,680,140,620,0,0,112,0,0,0,1368,186,8476
20241009,6:00,8456,3210,576,4000,86,92,634,140,604,0,0,122,0,0,-2,1192,186,8456
20241009,6:30,8362,3208,564,3950,88,70,620,140,622,5,0,131,0,154,2,1376,184,8362
20241009,7:00,8112,3208,448,3726,88,90,560,140,604,157,0,141,0,212,2,1448,184,8112
20241009,7:30,8098,3214,450,3398,94,70,540,140,616,975,0,139,0,-204,-14,1504,184,8098
20241009,8:00,8200,3210,636,2278,90,86,514,140,608,2199,0,135,0,-534,2,1348,184,8200
20241009,8:30,8470,3216,760,1582,94,60,522,140,594,3423,0,123,0,-562,2,1668,184,8470
20241009,9:00,8784,3214,708,1486,92,56,520,140,518,4567,0,139,0,-572,0,2268,184,8784
20241009,9:30,9234,3214,584,1402,98,38,486,140,494,5695,0,143,0,-800,-18,2424,182,9234
20241009,10:00,9702,3216,656,1302,96,50,486,140,478,6231,325,139,0,-940,-4,2332,184,9702
20241009,10:30,9806,3218,582,1294,92,34,474,140,490,6729,488,139,0,-1196,-18,2352,180,9806
20241009,11:00,9926,3218,582,1290,92,62,454,140,460,7041,701,135,0,-1280,-36,2412,180,9926
20241009,11:30,10110,3220,604,1290,94,40,454,140,482,7171,839,143,0,-1260,-32,2416,180,10110
20241009,12:00,10232,3210,574,1296,88,50,466,140,464,7493,694,125,0,-1274,-28,2552,180,10232
20241009,12:30,10002,3214,618,1294,92,32,436,140,488,6979,1084,121,0,-1258,4,2340,182,10002
20241009,13:00,9908,3218,742,1294,90,60,422,140,462,6357,1477,121,0,-1100,36,2116,182,9908
20241009,13:30,10234,3210,926,1406,98,34,450,140,486,6145,1058,121,0,-1060,40,1944,182,10234
20241009,14:00,10336,3210,952,1544,96,50,436,140,472,5731,742,119,0,-840,40,1796,182,10336
20241009,14:30,10362,3214,680,1788,96,34,424,140,490,5673,299,119,0,-236,8,2248,180,10362
20241009,15:00,10162,3210,684,1912,98,62,438,140,468,5407,0,113,0,-246,8,2312,180,10162
20241009,15:30,10074,3212,772,2482,104,42,486,140,528,4765,0,125,0,-292,-22,2448,180,10074
20241009,16:00,10206,3212,884,3308,104,80,672,140,564,3455,0,139,0,-184,16,2364,180,10206
20241009,16:30,10334,3214,1110,4060,110,84,722,140,600,2283,0,143,0,0,10,2328,186,10334
20241009,17:00,10186,3210,1106,4308,110,116,734,140,598,1435,0,133,0,0,-12,1880,188,10186
20241009,17:30,9970,3208,1428,4336,114,94,792,140,612,575,0,135,0,156,4,1812,188,9970
20241009,18:00,9888,3202,1320,4338,114,110,826,140,604,33,0,149,0,746,0,1884,190,9888
20241009,18:30,9978,3206,1264,4340,120,98,708,140,616,1,0,151,0,1016,2,1872,188,9978
20241009,19:00,9902,3210,1092,4336,118,116,690,140,610,0,0,146,0,884,-4,1624,188,9902
20241009,19:30,9734,3206,1056,4376,116,82,690,140,612,0,0,144,0,688,2,1564,186,9734
20241009,20:00,9448,3210,948,4396,110,92,684,140,602,0,0,144,0,426,0,1488,184,9448
20241009,20:30,9178,3214,864,4402,110,70,694,140,618,0,0,146,0,282,6,1552,184,9178
20241009,21:00,9018,3210,738,4392,102,96,632,140,606,0,0,126,0,150,0,1360,186,9018
20241009,21:30,8840,3216,712,4394,102,72,606,140,614,0,0,120,0,86,2,1408,184,8840
20241009,22:00,8600,3214,616,4344,96,92,572,140,598,0,0,112,0,-2,0,1368,186,8600
20241009,22:30,8450,3212,702,4174,92,66,564,140,616,0,0,106,0,0,2,1408,184,8450
20241009,23:00,8182,3212,646,3930,90,94,534,140,598,0,0,98,0,0,10,1352,182,8182
20241009,23:30,8174,3214,724,4008,86,74,476,140,614,0,0,94,0,0,16,1456,184,8174
20241009,24:00:00,7904,3214,478,3706,84,96,468,140,596,0,0,80,0,0,-6,1136,184,7904
20241010,0:30,7690,3210,570,3440,80,66,460,140,618,0,0,76,0,0,4,1160,186,7690
20241010,1:00,7368,3212,634,2498,78,100,440,140,594,0,0,78,0,-210,2,384,186,7368
20241010,1:30,7106,3212,742,2194,76,76,444,140,616,0,0,78,0,-234,-16,408,186,7106
20241010,2:00,7102,3214,810,2196,74,90,438,140,602,0,0,62,0,-232,-6,472,186,7102
20241010,2:30,7092,3210,782,2206,76,72,444,140,616,0,0,48,0,-194,-8,484,184,7092
20241010,3:00,7280,3212,694,2374,76,92,456,140,602,0,0,44,0,2,2,600,186,7280
20241010,3:30,7456,3214,718,2798,78,70,474,140,624,0,0,46,0,0,-10,880,184,7456
20241010,4:00,7646,3212,736,3330,74,94,486,140,602,0,0,36,0,0,-2,1248,186,7646
20241010,4:30,7980,3208,738,3640,78,66,568,140,626,0,0,40,0,0,2,1312,186,7980
20241010,5:00,8230,3208,736,3688,78,92,676,140,604,0,0,34,0,68,0,1280,186,8230
20241010,5:30,8432,3212,776,3776,84,70,676,142,622,0,0,32,0,220,4,1368,186,8432
20241010,6:00,8434,3208,782,3692,80,98,628,140,606,0,0,24,0,246,0,1256,186,8434
20241010,6:30,8370,3210,960,3554,86,84,574,142,616,5,0,29,0,250,26,1352,186,8370
20241010,7:00,8074,3214,856,3528,88,80,488,140,610,157,0,25,0,194,-2,1488,184,8074
20241010,7:30,8110,3214,926,3062,90,56,478,142,616,983,0,21,0,0,2,1664,184,8110
20241010,8:00,8104,3216,872,1960,88,64,468,138,592,2153,0,13,0,0,-12,1632,184,8104
20241010,8:30,8234,3212,902,1444,92,32,492,142,546,3297,0,17,0,0,-6,2120,184,8234
20241010,9:00,8870,3212,800,1400,92,58,492,130,478,4223,204,9,0,0,0,2208,184,8870
20241010,9:30,9368,3216,808,1298,92,28,462,130,496,4931,602,11,0,0,0,2288,184,9368
20241010,10:00,9792,3216,692,1290,88,64,434,130,482,5647,826,9,0,-112,-10,2320,182,9792
20241010,10:30,9996,3210,722,1294,92,30,430,130,502,6125,1191,13,0,-398,-8,2328,182,9996
20241010,11:00,10080,3220,978,1290,90,62,422,130,478,6161,1576,13,0,-610,2,2336,180,10080
20241010,11:30,10142,3214,894,1292,94,38,430,130,496,6310,1685,18,0,-610,8,2352,180,10142
20241010,12:00,10282,3214,816,1294,92,52,434,130,486,6480,1647,24,9,-602,0,2320,182,10282
20241010,12:30,10096,3216,702,1292,94,36,410,130,498,6400,1691,28,9,-602,-34,2256,182,10096
20241010,13:00,10020,3212,730,1296,90,52,390,130,482,6296,1532,34,9,-598,-38,2240,184,10020
20241010,13:30,10436,3214,996,1294,96,40,414,130,494,6406,1067,38,9,-594,6,2280,182,10436
20241010,14:00,10552,3214,1032,1412,96,58,406,130,478,6384,480,42,9,-592,-4,2288,184,10552
20241010,14:30,10660,3216,1090,1550,100,34,394,130,498,6188,169,42,9,-492,16,2288,182,10660
20241010,15:00,10582,3210,932,1652,100,60,392,130,476,5798,0,46,9,-292,2,2104,180,10582
20241010,15:30,10340,3216,934,1742,106,44,426,130,530,5006,0,50,9,-294,2,1732,180,10340
20241010,16:00,10274,3212,948,2290,108,78,496,130,570,3910,0,52,9,-292,-30,1380,182,10274
20241010,16:30,10412,3214,1016,3350,114,76,616,130,604,2740,0,56,0,-292,-4,1392,184,10412
20241010,17:00,10434,3210,1136,3646,112,98,730,130,596,1530,0,46,0,0,20,1008,188,10434
20241010,17:30,10144,3206,1354,3922,116,78,774,130,612,526,0,48,0,68,0,880,190,10144
20241010,18:00,10006,3210,1260,4190,118,96,810,130,604,24,0,50,0,426,0,1100,188,10006
20241010,18:30,10092,3204,1212,4224,122,78,792,130,612,4,0,52,0,502,0,1028,188,10092
20241010,19:00,9990,3208,1180,4276,120,98,732,130,612,0,0,58,0,408,0,1020,188,9990
20241010,19:30,9666,3204,1138,4190,118,84,666,130,608,0,0,64,0,494,0,1216,186,9666
20241010,20:00,9442,3210,916,4338,114,90,646,130,590,0,0,62,0,566,-4,1400,184,9442
20241010,20:30,9266,3212,904,4096,110,78,650,130,596,0,0,66,0,504,2,1268,186,9266
20241010,21:00,9050,3212,908,3762,106,90,650,130,582,0,0,78,0,336,-6,984,186,9050
20241010,21:30,8836,3210,920,3660,102,76,562,130,594,0,0,80,0,232,0,916,186,8836
20241010,22:00,8590,3214,882,3478,96,92,508,130,582,0,0,72,0,30,0,680,186,8590
20241010,22:30,8430,3210,894,3278,94,76,506,130,592,0,0,70,0,0,0,604,184,8430
20241010,23:00,8182,3214,686,3160,92,94,482,130,578,0,0,60,0,0,6,504,184,8182
20241010,23:30,8068,3212,734,3212,86,74,446,130,592,0,0,58,0,0,12,672,184,8068
20241010,24:00:00,7850,3214,582,3114,84,92,440,130,578,0,0,50,0,0,6,624,184,7850
20241011,0:30,7514,3214,606,2998,80,72,422,130,596,0,0,50,0,0,4,844,186,7514
20241011,1:00,7300,3214,584,2858,80,92,412,130,578,0,0,42,0,0,-4,872,186,7300
20241011,1:30,7148,3214,538,2662,78,70,414,132,592,0,0,48,0,0,-10,776,186,7148
20241011,2:00,7062,3210,602,2504,76,94,408,128,580,0,0,44,0,0,-2,768,186,7062
20241011,2:30,7112,3214,658,2506,76,78,410,132,590,0,0,48,0,0,-8,776,184,7112
20241011,3:00,7278,3214,646,2482,74,86,416,130,584,0,0,48,0,0,-4,584,186,7278
20241011,3:30,7442,3212,692,2506,78,72,434,132,592,0,0,52,0,0,-8,504,184,7442
20241011,4:00,7652,3212,770,2732,78,92,450,130,584,0,0,48,0,0,2,632,186,7652
20241011,4:30,7910,3208,844,3018,80,72,520,132,592,0,0,54,0,0,8,804,186,7910
20241011,5:00,8130,3208,806,3262,78,94,528,128,586,0,0,48,0,18,40,852,186,8130
20241011,5:30,8382,3212,920,3394,84,84,572,132,598,0,0,56,0,246,6,1112,190,8382
20241011,6:00,8316,3208,958,3226,84,106,582,130,586,0,0,50,0,196,2,1012,200,8316
20241011,6:30,8294,3212,1026,3100,86,98,624,132,596,6,0,42,0,196,2,1032,206,8294
20241011,7:00,8086,3208,1064,2764,90,126,600,130,590,112,0,44,0,64,4,932,222,8086
20241011,7:30,8118,3216,976,2318,90,132,496,132,598,922,0,50,0,0,-12,1056,256,8118
20241011,8:00,8124,3212,1000,1796,90,146,464,130,558,1852,0,46,0,0,6,1444,268,8124
20241011,8:30,8484,3212,1156,1390,94,124,464,130,514,2848,0,44,0,0,28,1788,268,8484
20241011,9:00,8814,3214,986,1316,92,144,466,130,452,3748,0,38,0,0,-6,2036,270,8814
20241011,9:30,9334,3210,958,948,94,124,432,130,468,4562,119,40,0,0,-8,1892,268,9334
20241011,10:00,9616,3214,710,920,92,140,416,130,452,5220,204,40,0,-24,-2,1960,268,9616
20241011,10:30,9654,3208,658,824,90,116,406,130,470,6066,257,34,0,-508,-26,2080,266,9654
20241011,11:00,9916,3210,680,804,92,144,394,130,454,6398,717,22,0,-614,-16,2048,266,9916
20241011,11:30,10086,3216,738,800,96,126,388,130,468,6492,1125,24,0,-608,-2,2048,266,10086
20241011,12:00,10088,3212,730,802,92,136,386,128,454,6520,1348,24,0,-604,-10,2048,266,10088
20241011,12:30,9860,3210,654,804,98,124,366,130,468,6404,1543,26,0,-602,-18,2072,268,9860
20241011,13:00,9780,3212,718,808,94,138,358,128,456,6206,1588,30,0,-596,4,2044,268,9780
20241011,13:30,10236,3214,906,812,98,126,380,128,464,6442,1202,32,0,-596,-10,2028,268,10236
20241011,14:00,10452,3206,958,886,96,138,378,130,452,6298,907,34,0,-426,-2,1964,268,10452
20241011,14:30,10536,3212,946,962,100,120,362,130,464,6318,410,32,0,-300,-20,2056,266,10536
20241011,15:00,10518,3214,1140,1046,98,136,366,130,452,5798,85,38,0,-178,0,1988,266,10518
20241011,15:30,10154,3208,1304,1216,106,136,378,130,492,4820,0,46,0,0,-20,1928,266,10154
20241011,16:00,10332,3210,1634,1420,110,162,416,130,552,3802,0,52,0,-246,-4,1172,266,10332
20241011,16:30,10278,3210,1770,2096,116,158,544,130,584,2642,0,60,0,-146,2,1156,268,10278
20241011,17:00,10264,3212,1664,2622,116,180,832,130,570,1424,0,64,0,364,-20,1164,270,10264
20241011,17:30,10054,3212,1808,2820,118,160,922,130,594,524,0,60,0,550,-2,1116,274,10054
20241011,18:00,9938,3214,1792,2820,118,176,958,130,588,16,0,62,0,810,-2,1020,276,9938
20241011,18:30,10008,3204,1796,2824,122,162,982,130,592,4,0,66,0,858,2,1008,274,10008
20241011,19:00,9880,3206,1750,2820,118,176,788,130,594,0,0,62,0,886,-2,920,272,9880
20241011,19:30,9662,3208,1840,2824,118,154,680,132,596,0,0,68,0,806,4,1036,268,9662
20241011,20:00,9408,3206,1616,2824,112,182,666,130,582,0,0,60,0,728,22,988,268,9408
20241011,20:30,9186,3208,1532,2826,110,158,658,132,592,0,0,72,0,596,24,992,270,9186
20241011,21:00,9014,3210,1528,2824,102,180,658,130,586,0,0,70,0,332,0,876,270,9014
20241011,21:30,8742,3212,1510,2824,104,164,558,132,588,0,0,72,0,182,-2,872,270,8742
20241011,22:00,8476,3216,1326,2830,96,174,490,130,584,0,0,62,0,74,-2,776,272,8476
20241011,22:30,8310,3210,1464,2828,94,156,468,132,588,0,0,64,0,0,-2,960,268,8310
20241011,23:00,8094,3212,1260,2822,88,180,416,130,588,0,0,54,0,0,8,932,268,8094
20241011,23:30,8086,3214,1276,2820,86,162,390,132,594,0,0,68,0,0,8,932,268,8086
20241011,24:00:00,7848,3212,1024,2766,84,174,380,130,584,0,0,68,0,0,16,860,270,7848
20241012,0:30,7576,3214,924,2490,80,158,346,132,594,0,0,70,0,0,10,712,270,7576
20241012,1:00,7254,3210,772,2116,80,182,344,130,582,0,0,64,0,0,-20,476,270,7254
20241012,1:30,7122,3216,746,2070,78,160,352,132,598,0,0,66,0,0,-14,552,270,7122
20241012,2:00,7026,3214,722,2002,76,180,350,130,582,0,0,60,0,0,-12,548,270,7026
20241012,2:30,7058,3214,796,2090,74,158,346,132,602,0,0,64,0,0,-16,672,270,7058
20241012,3:00,7228,3208,788,2164,76,182,352,130,584,0,0,58,0,0,-14,568,268,7228
20241012,3:30,7456,3212,1022,2064,76,166,398,132,598,0,0,64,0,0,-8,536,268,7456
20241012,4:00,7682,3216,1080,1706,78,176,436,130,584,0,0,62,0,240,-4,292,270,7682
20241012,4:30,7810,3206,1086,1814,80,156,524,132,602,0,0,64,0,466,14,604,270,7810
20241012,5:00,8062,3210,1112,2062,78,182,598,130,592,0,0,60,0,538,22,792,270,8062
20241012,5:30,8206,3210,1118,2080,84,166,586,132,602,0,0,64,0,648,-2,752,270,8206
20241012,6:00,8122,3208,1118,1924,80,178,590,130,586,0,0,58,0,696,8,724,270,8122
20241012,6:30,7934,3214,1138,1804,84,164,600,132,600,6,0,62,0,672,4,816,270,7934
20241012,7:00,7514,3208,1118,1518,86,180,578,130,586,162,0,64,0,438,-2,820,268,7514
20241012,7:30,7424,3214,744,1174,84,136,440,132,580,998,0,66,0,152,-12,552,268,7424
20241012,8:00,7282,3212,816,880,84,152,412,130,494,2170,0,52,0,-246,0,1144,270,7282
20241012,8:30,7354,3216,780,868,86,120,444,132,474,3280,1,52,0,-728,4,1644,270,7354
20241012,9:00,7682,3210,626,824,86,156,444,130,458,4078,493,50,0,-882,-8,1760,270,7682
20241012,9:30,8104,3216,638,728,88,92,364,132,476,4718,1021,46,0,-872,-8,1760,246,8104
20241012,10:00,8310,3212,524,722,84,80,338,130,454,5414,1239,46,0,-1090,-8,1808,212,8310
20241012,10:30,8436,3212,498,724,86,58,342,132,472,5952,1472,44,0,-1446,-6,1836,204,8436
20241012,11:00,8492,3214,448,722,84,76,336,128,456,6210,1687,34,0,-1536,-8,1876,204,8492
20241012,11:30,8646,3212,430,728,88,58,340,130,470,6308,1871,34,0,-1470,2,1888,204,8646
20241012,12:00,8720,3212,488,726,90,82,342,130,460,6254,1831,36,0,-1438,0,1868,206,8720
20241012,12:30,8690,3212,500,726,88,56,318,130,472,6214,2020,32,0,-1454,-2,1808,206,8690
20241012,13:00,8692,3214,554,732,88,76,304,130,456,6044,1900,34,0,-1348,0,1800,208,8692
20241012,13:30,8834,3210,508,782,90,52,332,130,470,6218,1678,42,0,-1382,0,1824,206,8834
20241012,14:00,8900,3216,522,828,88,82,330,130,454,6174,1388,42,0,-1400,2,1776,208,8900
20241012,14:30,8982,3212,600,828,94,50,314,130,472,6164,877,54,0,-1360,10,1792,206,8982
20241012,15:00,9088,3214,616,830,92,84,318,130,456,6022,117,54,0,-1204,6,1736,206,9088
20241012,15:30,8776,3210,558,852,100,54,362,130,472,5050,1,54,0,-806,14,1480,206,8776
20241012,16:00,8800,3214,792,944,104,84,392,130,488,3944,1,52,0,-262,20,1312,210,8800
20241012,16:30,8890,3214,790,1142,108,106,598,130,566,2832,0,60,0,326,-2,1208,228,8890
20241012,17:00,9078,3212,966,1584,108,174,720,130,568,1524,0,66,0,654,12,912,272,9078
20241012,17:30,9106,3206,954,1768,114,174,816,130,590,470,0,64,0,1128,8,600,284,9106
20241012,18:00,9022,3204,900,2012,114,172,868,130,590,4,0,64,0,1122,-2,440,284,9022
20241012,18:30,9208,3208,712,2058,120,162,890,130,596,4,0,70,0,924,-4,-56,282,9208
20241012,19:00,9084,3210,754,2152,118,182,836,130,592,0,0,62,0,660,-6,-114,280,9084
20241012,19:30,8848,3208,720,2156,116,162,816,130,598,0,0,78,0,876,-6,286,280,8848
20241012,20:00,8724,3208,800,2154,108,184,754,130,588,0,0,86,0,806,0,372,278,8724
20241012,20:30,8568,3216,678,2154,110,158,730,130,602,0,0,82,0,768,-6,332,278,8568
20241012,21:00,8330,3214,776,2150,102,186,702,130,588,0,0,78,0,400,-4,268,276,8330
20241012,21:30,8134,3210,750,2158,104,160,668,132,600,0,0,84,0,342,-2,348,276,8134
20241012,22:00,7942,3212,692,2152,96,184,544,130,588,0,0,76,0,276,0,284,276,7942
20241012,22:30,7796,3214,672,2154,98,160,476,132,598,0,0,78,0,350,-2,408,274,7796
20241012,23:00,7624,3210,588,2152,90,180,430,130,592,0,0,80,0,196,-6,292,274,7624
20241012,23:30,7496,3214,548,2156,88,160,450,132,600,0,0,84,0,188,6,404,274,7496
20241012,24:00:00,7286,3212,568,1960,86,176,452,130,582,0,0,78,0,106,10,344,270,7286
20241013,0:30,7078,3210,532,1796,84,164,426,132,600,0,0,80,0,0,0,220,274,7078
20241013,1:00,6738,3212,546,1372,76,176,414,132,592,0,0,70,0,0,-22,104,274,6738
20241013,1:30,6642,3216,636,1414,78,162,418,132,600,0,0,68,0,0,-20,336,274,6642
20241013,2:00,6644,3212,704,1416,78,176,412,132,590,0,0,74,0,0,-16,408,274,6644
20241013,2:30,6698,3214,700,1438,78,158,414,132,602,0,0,72,0,0,-16,368,274,6698
20241013,3:00,6858,3212,762,1566,76,180,430,132,592,0,0,74,0,0,-8,432,274,6858
20241013,3:30,7118,3214,860,1636,78,158,484,132,602,0,0,78,0,0,-6,392,274,7118
20241013,4:00,7270,3216,1002,1646,78,180,528,132,590,0,0,74,0,124,2,576,274,7270
20241013,4:30,7486,3210,944,1650,80,162,604,132,604,0,0,74,0,416,-8,656,274,7486
20241013,5:00,7754,3208,1032,1596,80,176,662,132,588,0,0,72,0,542,0,608,274,7754
20241013,5:30,7844,3210,1086,1418,82,160,658,132,598,0,0,78,0,704,-4,552,274,7844
20241013,6:00,7802,3210,1118,1266,82,178,650,132,588,0,0,76,0,708,22,504,276,7802
20241013,6:30,7488,3214,1112,1166,84,154,652,132,600,5,0,77,0,618,0,600,274,7488
20241013,7:00,7060,3210,1072,1016,82,158,624,132,566,149,0,73,0,528,6,832,276,7060
20241013,7:30,6956,3214,788,968,84,126,496,132,518,971,0,69,0,158,-14,828,274,6956
20241013,8:00,6796,3212,666,904,84,142,456,132,460,2169,0,61,0,-714,-18,1032,274,6796
20241013,8:30,6930,3214,804,830,82,122,468,132,474,3231,99,59,0,-1110,18,1668,274,6930
20241013,9:00,7204,3214,558,822,82,148,452,130,458,3801,757,49,0,-1100,-4,1680,274,7204
20241013,9:30,7324,3212,522,822,76,88,436,132,474,4123,1538,53,0,-1108,-2,1752,248,7324
20241013,10:00,7558,3214,558,820,76,76,428,128,454,4543,2189,37,0,-1194,4,1800,214,7558
20241013,10:30,7698,3212,444,822,76,58,422,130,470,4891,2554,29,0,-1490,2,1576,208,7698
20241013,11:00,7704,3214,368,826,80,74,414,130,458,5069,2786,17,0,-1590,-26,1536,206,7704
20241013,11:30,7832,3214,348,822,78,62,396,130,468,5147,3018,21,0,-1586,-38,1436,206,7832
20241013,12:00,7934,3208,346,826,78,68,334,130,460,5323,3004,25,0,-1590,-38,1444,208,7934
20241013,12:30,8036,3212,398,822,80,54,310,130,470,5519,2826,21,0,-1528,-30,1628,206,8036
20241013,13:00,8068,3214,524,826,84,74,300,130,460,5269,3074,15,0,-1378,-6,1652,208,8068
20241013,13:30,8162,3210,556,826,82,60,322,130,470,5345,2694,23,0,-1290,6,1784,206,8162
20241013,14:00,8234,3212,736,824,86,74,316,130,456,5075,2581,19,0,-1200,30,1732,208,8234
20241013,14:30,8320,3210,568,824,84,56,304,130,472,5219,1722,23,0,-1028,24,1772,206,8320
20241013,15:00,8356,3214,654,824,86,74,352,130,452,5025,1136,27,0,-982,20,1728,208,8356
20241013,15:30,8494,3212,716,838,90,54,376,130,472,4563,394,41,0,-564,24,1664,206,8494
20241013,16:00,8446,3216,516,934,90,84,406,130,480,3865,2,47,0,-778,-4,748,208,8446
20241013,16:30,8470,3208,822,990,98,98,508,130,558,2651,0,59,0,-454,26,448,224,8470
20241013,17:00,8556,3216,940,1266,102,180,672,130,568,1401,0,65,0,220,34,504,266,8556
20241013,17:30,8596,3208,966,1624,108,152,794,130,592,489,0,61,0,918,0,724,278,8596
20241013,18:00,8892,3206,1248,1918,112,186,836,130,584,7,0,45,0,1140,0,800,280,8892
20241013,18:30,8998,3204,1230,2064,116,152,880,130,602,5,0,51,0,964,2,684,282,8998
20241013,19:00,8938,3208,970,2158,116,186,870,130,584,0,0,56,0,1060,0,680,280,8938
20241013,19:30,8808,3208,716,2154,112,154,848,130,602,0,0,56,0,1052,2,504,278,8808
20241013,20:00,8552,3210,698,2154,102,180,768,130,582,0,0,56,0,1012,-6,612,278,8552
20241013,20:30,8414,3212,648,2158,106,158,724,130,602,0,0,68,0,984,-2,652,278,8414
20241013,21:00,8252,3214,664,2156,102,184,638,130,584,0,0,72,0,948,2,720,278,8252
20241013,21:30,8048,3212,702,2158,100,160,592,130,600,0,0,68,0,614,-4,560,276,8048
20241013,22:00,7928,3212,818,2118,98,178,506,130,588,0,0,66,0,378,0,440,276,7928
20241013,22:30,7732,3214,894,1946,94,156,436,130,600,0,0,54,0,176,4,248,276,7732
20241013,23:00,7542,3210,946,1732,90,180,418,130,584,0,0,52,0,22,0,96,274,7542
20241013,23:30,7500,3214,992,1656,86,158,442,130,600,0,0,60,0,0,0,112,274,7500
20241013,24:00:00,7262,3210,670,1644,84,178,452,130,588,0,0,66,0,0,-2,32,274,7262
20241014,0:30,7050,3216,756,1462,82,156,424,130,600,0,0,92,0,0,-8,136,276,7050
20241014,1:00,6774,3210,724,1422,76,182,426,130,590,0,0,84,0,0,-18,328,276,6774
20241014,1:30,6700,3212,622,1424,80,160,434,130,602,0,0,72,0,0,-16,296,276,6700
20241014,2:00,6666,3214,598,1438,76,178,420,130,576,0,0,68,0,-200,-16,92,276,6666
20241014,2:30,6698,3214,706,1576,78,156,420,130,602,0,0,88,0,-180,-20,348,276,6698
20241014,3:00,6914,3208,690,1662,78,182,424,130,584,0,0,70,0,2,-10,380,274,6914
20241014,3:30,7128,3212,730,1926,78,162,454,130,600,0,0,74,0,0,-8,504,274,7128
20241014,4:00,7352,3214,758,2086,76,176,494,130,584,0,0,80,0,0,2,524,276,7352
20241014,4:30,7528,3210,688,2140,80,160,676,130,602,0,0,76,0,0,-6,504,276,7528
20241014,5:00,7760,3208,674,2156,80,178,698,130,586,0,0,66,0,284,2,580,278,7760
20241014,5:30,8022,3208,656,2156,84,160,692,130,602,0,0,82,0,386,-6,404,276,8022
20241014,6:00,7884,3208,752,2098,82,176,592,130,584,0,0,100,0,98,-6,208,278,7884
20241014,6:30,7690,3212,842,2100,86,158,562,130,596,1,0,93,0,0,10,376,276,7690
20241014,7:00,7392,3212,610,1726,84,180,538,130,582,67,0,87,0,0,-14,84,274,7392
20241014,7:30,7408,3212,940,1468,86,154,374,130,600,425,0,73,0,0,0,328,274,7408
20241014,8:00,7478,3210,748,1386,92,158,346,130,574,801,0,103,0,0,14,360,276,7478
20241014,8:30,7628,3218,768,1412,94,126,378,128,594,1219,0,89,0,0,8,680,274,7628
20241014,9:00,7958,3208,720,1400,92,144,374,130,576,1755,0,79,0,0,4,800,276,7958
20241014,9:30,8276,3214,630,1346,96,122,360,128,572,2142,0,78,0,0,-14,672,274,8276
20241014,10:00,8690,3212,646,1304,96,140,362,128,496,2680,0,72,0,-328,-8,384,274,8690
20241014,10:30,8498,3212,602,1390,96,120,362,128,470,2866,0,82,0,-698,-6,400,274,8498
20241014,11:00,8644,3212,638,1380,90,142,342,128,452,3040,0,84,0,-862,-6,268,272,8644
20241014,11:30,8646,3208,796,1414,96,116,338,128,470,3056,0,76,0,-672,4,656,272,8646
20241014,12:00,8804,3210,718,1460,96,146,348,128,448,2976,0,74,0,0,-2,1072,274,8804
20241014,12:30,8760,3214,516,1448,98,120,350,128,468,3244,0,76,0,-282,-22,872,274,8760
20241014,13:00,8724,3206,566,1418,98,140,342,128,450,3594,0,76,0,-730,-22,816,274,8724
20241014,13:30,9074,3212,652,1434,104,114,356,128,474,4084,0,72,0,-956,-2,872,274,9074
20241014,14:00,9076,3208,772,1614,102,148,354,128,476,3942,0,70,0,-582,30,1460,274,9076
20241014,14:30,9082,3212,758,1588,106,120,344,128,556,3574,0,64,0,-336,6,1312,274,9082
20241014,15:00,9256,3212,936,1600,106,142,344,128,552,3184,0,62,0,4,2,1288,272,9256
20241014,15:30,9020,3208,1048,1722,112,124,354,128,586,2546,0,70,0,0,6,1156,272,9020
20241014,16:00,9070,3210,1340,1888,114,168,370,130,578,1980,0,74,0,0,12,1068,274,9070
20241014,16:30,9152,3212,1266,2090,118,158,464,128,600,1412,0,76,0,0,-6,640,274,9152
20241014,17:00,9214,3216,1232,2190,120,178,656,130,586,798,0,80,0,0,2,256,282,9214
20241014,17:30,9384,3202,1640,2328,122,154,730,130,602,276,0,78,0,78,20,260,284,9384
20241014,18:00,9486,3208,1704,2402,122,184,768,128,584,4,0,80,0,158,6,144,282,9486
20241014,18:30,9604,3208,1654,2472,126,158,908,130,596,0,0,82,0,114,-2,124,282,9604
20241014,19:00,9558,3206,1404,2656,128,174,922,128,588,0,0,86,0,100,-4,112,282,9558
20241014,19:30,9380,3208,1296,2810,124,164,740,130,596,0,0,102,0,110,-2,180,282,9380
20241014,20:00,9188,3210,1418,2812,118,176,664,128,582,0,0,96,0,80,2,376,278,9188
20241014,20:30,8960,3212,1406,2812,118,156,546,130,610,0,0,100,0,0,0,408,278,8960
20241014,21:00,8820,3212,1428,2808,114,180,490,128,600,0,0,106,0,0,4,528,278,8820
20241014,21:30,8562,3208,1242,2812,110,156,418,128,616,0,0,118,0,0,-8,516,278,8562
20241014,22:00,8440,3212,1116,2812,104,176,408,130,596,0,0,116,0,0,2,508,276,8440
20241014,22:30,8290,3212,922,2802,102,156,388,128,626,0,0,116,0,0,-2,436,276,8290
20241014,23:00,8090,3214,874,2640,94,180,368,130,612,0,0,124,0,0,8,428,274,8090
20241014,23:30,8040,3206,928,2390,96,156,368,128,636,0,0,136,0,0,6,284,274,8040
20241014,24:00:00,7686,3206,666,1998,88,184,358,128,622,0,0,136,0,0,-8,-32,276,7686
20241015,0:30,7442,3214,794,1954,86,154,350,128,636,0,0,134,0,0,-8,276,276,7442
20241015,1:00,7284,3214,762,2182,84,182,342,130,622,0,0,134,0,0,-4,640,276,7284
20241015,1:30,7082,3210,658,2232,84,160,348,130,632,0,0,140,0,0,-28,760,276,7082
20241015,2:00,7028,3216,670,2026,80,178,344,128,614,0,0,134,0,0,-18,620,276,7028
20241015,2:30,7108,3212,734,2090,82,154,352,130,614,0,0,116,0,0,-16,636,276,7108
20241015,3:00,7310,3214,692,2214,78,182,368,128,598,0,0,106,0,0,-8,536,274,7310
20241015,3:30,7516,3214,678,2370,82,156,396,130,614,0,0,110,0,0,-8,500,274,7516
20241015,4:00,7748,3210,696,2462,82,180,432,128,596,0,0,100,0,0,-14,400,276,7748
20241015,4:30,7912,3214,692,2514,84,152,492,130,616,0,0,92,0,0,-22,328,276,7912
20241015,5:00,8176,3210,834,2610,82,184,514,128,596,0,0,102,0,0,2,364,278,8176
20241015,5:30,8382,3208,1022,2778,88,156,572,128,618,0,0,90,0,138,24,716,276,8382
20241015,6:00,8316,3212,1058,2788,86,180,582,130,600,0,0,86,0,100,0,784,278,8316
20241015,6:30,8280,3208,1004,2804,94,152,622,128,620,5,0,89,0,204,22,948,276,8280
20241015,7:00,8218,3214,942,2816,98,184,588,128,594,93,0,93,0,68,-8,868,276,8218
20241015,7:30,8342,3214,890,2778,100,156,582,128,618,537,0,107,0,0,-6,1036,274,8342
20241015,8:00,8620,3210,726,2488,104,184,598,128,596,1021,0,99,0,0,-22,788,276,8620
20241015,8:30,9116,3212,786,2360,114,154,456,128,614,1521,0,85,0,-180,-12,396,274,9116
20241015,9:00,9642,3216,930,2550,114,180,430,128,592,1989,0,73,0,-332,8,512,276,9642
20241015,9:30,9884,3214,916,2744,116,152,394,128,610,2515,0,79,0,-382,-4,872,274,9884
20241015,10:00,10090,3216,738,2566,110,154,370,128,588,2981,0,87,0,-326,-2,792,272,10090
20241015,10:30,10172,3212,802,2354,114,124,354,128,604,3639,0,89,0,-338,-6,1176,272,10172
20241015,11:00,10470,3210,858,2372,114,138,330,126,584,4143,0,63,0,-336,-2,1400,270,10470
20241015,11:30,10746,3220,968,2462,118,130,330,128,588,4259,0,55,0,-302,0,1480,270,10746
20241015,12:00,10664,3212,998,2392,122,136,340,126,592,4073,0,55,0,-546,-4,1104,272,10664
20241015,12:30,10432,3212,988,2284,122,122,334,128,612,4055,0,51,0,-316,-8,1424,272,10432
20241015,13:00,10312,3212,904,2460,118,136,322,126,592,3981,0,47,0,-288,-4,1568,274,10312
20241015,13:30,10852,3214,1074,2726,122,118,350,128,604,3909,0,57,0,-268,0,1456,274,10852
20241015,14:00,11010,3212,1410,2812,126,150,348,126,598,3173,0,67,0,280,36,1600,272,11010
20241015,14:30,10990,3210,1584,2810,128,146,334,128,620,2495,0,59,0,584,28,1408,272,10990
20241015,15:00,10962,3212,1918,2804,126,186,340,126,608,2245,0,45,0,222,2,1144,272,10962
20241015,15:30,10778,3212,2236,2810,130,162,378,128,628,1871,0,43,0,168,4,1264,272,10778
20241015,16:00,10928,3214,2456,2806,128,194,426,126,610,1517,0,31,0,26,16,896,274,10928
20241015,16:30,10892,3212,2436,2808,130,164,496,128,632,1075,0,37,0,0,-4,500,278,10892
20241015,17:00,10720,3214,2608,2806,130,180,844,126,620,569,0,41,0,88,8,796,282,10720
20241015,17:30,10672,3212,2614,2808,132,158,928,128,630,217,0,43,0,488,28,996,282,10672
20241015,18:00,10688,3214,2596,2806,128,174,932,126,626,0,0,48,0,582,22,848,282,10688
20241015,18:30,10672,3202,2618,2812,132,156,962,128,632,0,0,56,0,476,0,784,282,10672
20241015,19:00,10580,3210,2612,2806,130,176,960,126,626,0,0,52,0,304,0,704,282,10580
20241015,19:30,10330,3208,2628,2814,130,148,768,128,634,0,0,38,0,180,2,628,280,10330
20241015,20:00,10016,3208,2518,2808,128,184,706,126,622,0,0,34,0,44,-2,636,276,10016
20241015,20:30,9736,3210,2294,2810,122,160,664,128,632,0,0,34,0,0,4,600,278,9736
20241015,21:00,9564,3210,2046,2808,118,174,546,128,624,0,0,32,0,0,-26,372,276,9564
20241015,21:30,9312,3214,1860,2812,114,158,494,128,636,0,0,38,0,0,-42,376,276,9312
20241015,22:00,9100,3214,1586,2810,106,174,442,128,620,0,0,40,0,0,-34,264,278,9100
20241015,22:30,8946,3214,1474,2816,104,156,412,128,634,0,0,48,0,0,0,316,276,8946
20241015,23:00,8726,3214,1328,2812,100,176,394,128,626,0,0,52,0,0,10,388,274,8726
20241015,23:30,8638,3214,1360,2814,98,160,400,128,638,0,0,46,0,0,6,500,274,8638
20241015,24:00:00,8394,3212,1078,2756,92,170,406,128,616,0,0,50,0,0,10,400,276,8394
20241016,0:30,8116,3214,1094,2702,88,160,382,128,612,0,0,46,0,0,4,592,278,8116
20241016,1:00,7826,3214,940,2710,84,180,370,128,570,0,0,54,0,-122,-22,560,280,7826
20241016,1:30,7658,3214,1056,2708,84,162,372,128,566,0,0,56,0,-292,-30,644,278,7658
20241016,2:00,7542,3214,1010,2698,86,186,370,128,554,0,0,66,0,-322,-20,708,280,7542
20241016,2:30,7576,3214,966,2754,84,158,380,128,568,0,0,68,0,-324,-22,676,278,7576
20241016,3:00,7730,3208,1008,2816,82,180,382,128,562,0,0,58,0,-480,-10,480,276,7730
20241016,3:30,7822,3214,1090,2820,82,164,412,128,570,0,0,50,0,-302,-10,672,276,7822
20241016,4:00,8054,3216,1174,2810,82,170,456,128,554,0,0,50,0,-40,-12,812,278,8054
20241016,4:30,8308,3208,1248,2818,84,160,482,128,572,0,0,58,0,0,4,732,278,8308
20241016,5:00,8506,3210,1320,2816,84,182,530,128,556,0,0,62,0,0,2,664,280,8506
20241016,5:30,8688,3210,1568,2816,90,160,542,128,572,0,0,58,0,0,-4,732,280,8688
20241016,6:00,8632,3212,1622,2814,88,178,520,128,560,0,0,48,0,0,6,824,280,8632
20241016,6:30,8638,3214,1778,2816,94,160,580,128,574,1,0,49,0,0,6,1040,278,8638
20241016,7:00,8664,3212,1868,2812,96,176,554,128,560,25,0,45,0,0,6,1096,278,8664
20241016,7:30,8706,3210,1760,2814,102,156,554,128,572,339,0,51,0,94,0,1352,278,8706
20241016,8:00,8904,3214,1674,2816,102,178,562,128,544,905,0,47,0,14,2,1560,278,8904
20241016,8:30,9406,3216,1750,2810,114,156,444,128,554,1631,0,43,0,0,2,1720,278,9406
20241016,9:00,9826,3212,1776,2810,118,184,418,128,538,2365,0,37,0,0,10,2048,278,9826
20241016,9:30,10292,3214,1814,2812,122,156,402,128,554,3079,0,49,0,0,-2,2312,276,10292
20241016,10:00,10636,3214,1632,2806,120,174,388,126,532,3717,0,51,0,0,0,2400,276,10636
20241016,10:30,10782,3214,1296,2810,120,164,358,128,550,4281,0,59,0,0,0,2472,274,10782
20241016,11:00,10934,3214,1360,2798,118,174,324,126,540,4701,0,65,0,-328,0,2432,274,10934
20241016,11:30,11052,3210,1326,2668,120,152,346,128,548,5369,0,67,0,-684,-4,2468,274,11052
20241016,12:00,11094,3212,1268,2478,112,176,354,126,538,5717,0,67,0,-898,6,2336,274,11094
20241016,12:30,11086,3214,1266,2470,116,158,328,128,548,5753,0,69,0,-984,0,2256,276,11086
20241016,13:00,11114,3214,1454,2442,108,180,312,126,540,5683,0,73,0,-1124,4,2172,274,11114
20241016,13:30,11612,3212,1622,2514,116,162,326,128,548,5637,0,85,0,-922,30,2120,274,11612
20241016,14:00,11654,3206,1678,2800,114,170,324,126,538,5023,0,87,0,-646,38,2080,276,11654
20241016,14:30,11566,3212,1934,2934,118,158,330,128,546,4331,0,83,0,-238,4,2248,274,11566
20241016,15:00,11624,3214,1778,3000,116,180,330,126,536,3971,0,71,0,-418,-4,1548,272,11624
20241016,15:30,11470,3212,2438,3008,120,162,352,126,548,3263,0,79,0,-198,14,1928,274,11470
20241016,16:00,11506,3212,2510,3000,124,186,382,128,538,2319,0,87,0,112,4,1372,276,11506
20241016,16:30,11498,3210,2660,3004,128,174,458,128,552,1499,0,103,0,232,2,932,280,11498
20241016,17:00,11174,3218,2708,3004,128,206,808,126,534,773,0,115,0,518,-4,1240,280,11174
20241016,17:30,11040,3202,2758,3006,130,180,884,128,548,267,0,121,0,852,2,1320,282,11040
20241016,18:00,11002,3208,2760,3002,128,194,900,126,548,0,0,128,0,920,-4,1192,284,11002
20241016,18:30,10988,3206,2762,3008,134,182,912,128,562,1,0,129,0,636,2,956,282,10988
20241016,19:00,10802,3206,2686,3008,130,196,868,126,560,0,0,120,0,468,-4,840,278,10802
20241016,19:30,10512,3208,2630,3008,130,182,732,128,568,0,0,120,0,390,2,864,278,10512
20241016,20:00,10236,3206,2546,3004,124,196,716,128,558,0,0,114,0,150,0,784,278,10236
20241016,20:30,9942,3214,2370,3008,122,178,626,128,570,0,0,112,0,60,4,728,278,9942
20241016,21:00,9656,3212,2130,3006,116,196,532,128,552,0,0,98,0,0,2,596,280,9656
20241016,21:30,9490,3214,2036,3008,114,166,496,128,570,0,0,96,0,0,0,616,278,9490
20241016,22:00,9228,3210,1644,3000,110,182,466,128,548,0,0,94,0,0,-2,432,280,9228
20241016,22:30,9072,3212,1528,2882,104,158,430,128,566,0,0,100,0,0,-2,312,278,9072
20241016,23:00,8802,3214,1390,2886,96,176,418,130,558,0,0,94,0,0,2,440,278,8802
20241016,23:30,8696,3210,1428,2886,98,124,410,128,572,0,0,92,0,0,4,508,252,8696
20241016,24:00:00,8338,3212,1128,2826,92,112,416,132,552,0,0,84,0,0,6,440,218,8338
20241017,0:30,8046,3208,1032,2776,86,94,406,130,572,0,0,100,0,0,-18,552,212,8046
20241017,1:00,7784,3214,906,2696,86,122,396,130,554,0,0,98,0,0,-40,592,214,7784
20241017,1:30,7620,3208,940,2696,84,96,404,130,570,0,0,90,0,-204,-38,568,212,7620
20241017,2:00,7504,3214,1002,2622,84,110,392,128,552,0,0,84,0,-300,-30,568,214,7504
20241017,2:30,7542,3210,1014,2650,82,102,406,128,568,0,0,80,0,-302,-8,600,212,7542
20241017,3:00,7676,3212,1016,2714,84,112,398,130,552,0,0,74,0,-298,-18,512,212,7676
20241017,3:30,7816,3212,990,2780,82,94,478,128,572,0,0,76,0,-202,-10,596,212,7816
20241017,4:00,7960,3212,1050,2822,82,116,512,130,556,0,0,74,0,2,2,808,210,7960
20241017,4:30,8232,3206,1220,2888,82,96,556,128,574,0,0,72,0,0,-2,800,212,8232
20241017,5:00,8478,3208,1424,2890,88,108,552,128,556,0,0,66,0,0,-4,752,214,8478
20241017,5:30,8664,3208,1586,3010,88,98,544,130,576,0,0,70,0,0,0,860,214,8664
20241017,6:00,8652,3214,1822,3008,90,118,518,128,560,0,0,74,0,0,-10,1084,214,8652
20241017,6:30,8600,3208,1722,3010,92,118,504,128,574,1,0,75,0,0,-2,1060,230,8600
20241017,7:00,8532,3208,1630,3004,100,180,476,128,558,67,0,77,0,0,0,1168,272,8532
20241017,7:30,8686,3214,1662,2774,100,158,488,128,576,511,0,69,0,0,0,1272,278,8686
20241017,8:00,8814,3214,1638,2278,106,184,494,128,560,1043,0,63,0,-258,-4,912,280,8814
20241017,8:30,9204,3212,1734,2360,112,176,428,128,570,1635,0,53,0,-296,6,1192,278,9204
20241017,9:00,9776,3212,1556,2312,116,176,404,128,556,2385,0,57,0,-294,-4,1108,280,9776
20241017,9:30,10294,3212,1664,2522,122,162,398,128,570,3049,0,51,0,-296,-2,1564,278,10294
20241017,10:00,10654,3214,1658,2438,118,166,388,126,548,3403,0,39,0,-292,-4,1424,276,10654
20241017,10:30,10870,3216,1722,2514,122,132,356,128,564,3571,0,43,0,-390,12,1396,276,10870
20241017,11:00,11072,3210,1566,2378,120,150,346,126,554,3793,0,39,0,-584,-8,892,274,11072
20241017,11:30,11218,3214,1664,2356,122,128,342,128,564,3749,0,29,0,-580,8,780,274,11218
20241017,12:00,11148,3214,1428,2014,120,146,344,126,556,3593,0,25,0,-576,-2,116,276,11148
20241017,12:30,10812,3212,1128,1900,120,128,340,128,570,3459,0,23,0,-536,0,-64,276,10812
20241017,13:00,10808,3210,1146,1824,116,148,332,126,552,3467,0,23,0,-398,-20,-4,278,10808
20241017,13:30,11144,3212,1342,1984,128,136,340,128,564,3187,0,29,0,-118,-8,56,276,11144
20241017,14:00,11288,3212,1686,2058,128,170,344,126,544,2739,0,35,0,0,-34,-4,276,11288
20241017,14:30,11330,3210,2016,2462,128,164,354,128,560,2129,0,43,0,0,4,144,276,11330
20241017,15:00,11268,3214,2378,2678,128,176,406,126,550,1523,0,37,0,0,6,228,274,11268
20241017,15:30,10972,3208,2722,2864,130,170,656,128,564,1003,0,39,0,256,26,1068,274,10972
20241017,16:00,11082,3214,2602,2992,126,204,722,126,554,733,0,35,0,504,4,1012,278,11082
20241017,16:30,11076,3214,2442,3238,132,180,754,128,568,449,0,43,0,562,0,912,278,11076
20241017,17:00,10988,3212,2884,3238,132,206,780,126,552,171,0,43,0,602,2,1240,280,10988
20241017,17:30,10940,3202,3096,3246,130,180,840,128,568,87,0,49,0,858,2,1728,282,10940
20241017,18:00,11050,3208,3058,3236,132,210,846,126,556,7,0,53,0,1028,18,1712,284,11050
20241017,18:30,10988,3206,3078,3096,134,182,878,128,568,1,0,61,0,818,4,1448,282,10988
20241017,19:00,10786,3208,3022,3004,134,208,884,126,564,0,0,74,0,712,-2,1432,284,10786
20241017,19:30,10580,3206,2876,3006,130,182,746,128,572,0,0,70,0,774,0,1392,282,10580
20241017,20:00,10372,3210,2790,3004,128,202,650,126,554,0,0,56,0,266,8,900,278,10372
20241017,20:30,9992,3212,2600,3008,126,176,622,128,568,0,0,64,0,110,4,904,278,9992
20241017,21:00,9734,3212,2124,3004,120,210,592,126,556,0,0,60,0,102,-4,648,280,9734
20241017,21:30,9542,3214,1908,3010,118,178,528,128,570,0,0,70,0,156,16,632,278,9542
20241017,22:00,9318,3210,1532,3004,104,200,494,126,548,0,0,58,0,122,8,368,280,9318
20241017,22:30,9152,3214,1550,3010,106,166,478,128,562,0,0,60,0,140,8,548,278,9152
20241017,23:00,8884,3216,1376,3004,100,182,450,126,558,0,0,50,0,92,8,556,278,8884
20241017,23:30,8842,3216,1494,3012,98,164,448,128,568,0,0,60,0,32,12,668,278,8842
20241017,24:00:00,8514,3210,1144,2944,96,182,448,126,556,0,0,60,0,0,12,544,280,8514
20241018,0:30,8200,3214,1040,2968,90,158,418,128,570,0,0,50,0,0,10,728,282,8200
20241018,1:00,7962,3212,1168,2984,88,188,404,126,554,0,0,32,0,-122,6,960,282,7962
20241018,1:30,7736,3212,1106,2984,88,168,414,128,566,0,0,28,0,-242,-6,992,282,7736
20241018,2:00,7636,3216,1074,2980,82,178,406,126,556,0,0,32,0,-240,-8,1048,282,7636
20241018,2:30,7650,3206,1028,3018,84,168,414,128,568,0,0,34,0,-278,-12,988,280,7650
20241018,3:00,7800,3214,1012,3078,84,188,410,126,552,0,0,40,0,-272,-32,880,280,7800
20241018,3:30,7970,3212,1016,3090,86,166,432,128,570,0,0,52,0,-246,-16,800,280,7970
20241018,4:00,8144,3214,1112,3092,86,180,456,126,558,0,0,50,0,-244,-14,752,280,8144
20241018,4:30,8314,3208,1274,3090,88,162,568,128,570,0,0,48,0,-242,-6,856,282,8314
20241018,5:00,8616,3212,1478,3106,86,182,580,126,552,0,0,50,0,-84,22,976,282,8616
20241018,5:30,8768,3210,1390,3244,92,164,572,128,570,0,0,62,0,0,2,948,282,8768
20241018,6:00,8708,3216,1706,3242,90,176,570,126,552,0,0,58,0,0,26,1336,282,8708
20241018,6:30,8678,3206,1784,3248,98,166,532,128,574,0,0,68,0,0,0,1408,282,8678
20241018,7:00,8642,3214,1886,3240,98,190,500,126,558,76,0,64,0,0,2,1592,280,8642
20241018,7:30,8780,3216,1870,3230,104,162,502,128,576,540,0,66,0,0,2,1896,280,8780
20241018,8:00,8888,3214,1548,3090,102,194,512,126,554,1302,0,56,0,0,-2,2088,280,8888
20241018,8:30,9474,3214,1308,3084,114,166,492,128,568,2338,0,48,0,0,6,2272,280,9474
20241018,9:00,9984,3216,1268,2774,110,178,474,126,554,3384,0,36,0,-120,0,2296,280,9984
20241018,9:30,10638,3218,1244,2744,118,160,390,128,564,4512,0,40,0,-398,-2,2360,280,10638
20241018,10:00,11090,3212,1248,2606,114,186,378,126,554,5402,0,34,0,-602,2,2448,278,11090
20241018,10:30,11388,3214,1178,2550,118,158,384,128,564,6156,0,40,0,-928,4,2456,278,11388
20241018,11:00,11694,3218,1098,2524,118,188,376,126,548,6634,0,30,0,-968,-10,2464,276,11694
20241018,11:30,11972,3214,1180,2520,124,162,382,128,566,6940,0,36,0,-1086,-38,2432,276,11972
20241018,12:00,12116,3216,1308,2568,120,188,390,126,552,6770,0,44,0,-1066,-40,2336,276,12116
20241018,12:30,12052,3212,1318,2522,124,170,380,126,560,6688,0,56,0,-1082,-12,2288,278,12052
20241018,13:00,12122,3212,1548,2546,118,178,364,124,560,6410,0,62,0,-1052,6,2232,278,12122
20241018,13:30,12524,3214,1696,2942,126,160,368,126,560,5881,0,73,0,-648,-4,2248,278,12524
20241018,14:00,12358,3210,1860,3092,124,180,360,124,548,5127,0,63,0,-296,0,2312,278,12358
20241018,14:30,12588,3210,2312,3088,128,160,420,126,562,4533,0,67,0,0,14,2308,276,12588
20241018,15:00,12284,3216,2812,3102,130,182,426,124,546,3561,0,71,0,0,30,2192,276,12284
20241018,15:30,12182,3210,3034,3380,134,170,456,126,566,2793,0,81,0,72,36,2152,276,12182
20241018,16:00,12104,3216,3106,3476,136,212,738,124,544,1889,0,79,0,294,2,1992,280,12104
20241018,16:30,12088,3212,2766,3476,138,188,806,126,566,1475,0,91,0,326,-6,1360,284,12088
20241018,17:00,11970,3210,3178,3478,136,206,800,124,554,999,0,101,0,344,0,1444,284,11970
20241018,17:30,11776,3212,3362,3478,138,188,842,126,566,359,0,111,0,662,2,1556,286,11776
20241018,18:00,11696,3216,3354,3474,136,192,836,124,554,0,0,114,0,1114,14,1720,288,11696
20241018,18:30,11648,3206,3378,3458,142,184,830,126,566,1,0,121,0,1014,0,1664,286,11648
20241018,19:00,11500,3204,3392,3138,138,200,824,126,558,0,0,118,0,980,2,1464,284,11500
20241018,19:30,11164,3210,3376,3006,138,188,804,126,568,0,0,124,0,872,-2,1528,282,11164
20241018,20:00,10850,3208,3384,3010,132,202,602,126,558,0,0,128,0,666,2,1448,280,10850
20241018,20:30,10506,3208,3376,3212,130,180,550,126,572,0,0,128,0,264,6,1528,282,10506
20241018,21:00,10314,3210,3256,3242,124,194,534,126,554,0,0,128,0,58,14,1408,282,10314
20241018,21:30,10016,3210,3126,3248,120,170,464,126,562,0,0,132,0,0,10,1432,280,10016
20241018,22:00,9730,3214,2562,3242,110,178,434,126,556,0,0,134,0,0,-12,1096,282,9730
20241018,22:30,9566,3214,2322,3244,110,162,366,126,564,0,0,146,0,0,-12,956,280,9566
20241018,23:00,9312,3214,1826,3232,104,184,350,126,556,0,0,144,0,0,0,704,280,9312
20241018,23:30,9254,3212,1722,3162,100,162,354,126,568,0,0,152,0,0,0,584,280,9254
20241018,24:00:00,8906,3216,1280,3082,94,184,350,128,556,0,0,154,0,0,-14,404,280,8906
20241019,0:30,8486,3214,1182,2978,94,160,330,128,570,0,0,144,0,0,-24,572,282,8486
20241019,1:00,8254,3214,1192,3040,84,188,316,126,554,0,0,142,0,0,-10,876,284,8254
20241019,1:30,8000,3212,1130,3022,86,162,320,128,564,0,0,142,0,0,-16,1032,282,8000
20241019,2:00,7858,3214,1118,2996,84,180,312,126,558,0,0,132,0,0,-14,1132,284,7858
20241019,2:30,7842,3214,990,3070,84,160,324,128,570,0,0,134,0,0,-14,1100,282,7842
20241019,3:00,7952,3214,958,3040,84,188,324,126,554,0,0,114,0,0,-4,928,282,7952
20241019,3:30,8010,3206,1168,3108,86,160,372,128,572,0,0,114,0,0,-6,1180,282,8010
20241019,4:00,8180,3214,1252,3206,84,186,418,126,558,0,0,94,0,0,4,1244,282,8180
20241019,4:30,8292,3210,1210,3354,86,160,538,128,572,0,0,88,0,0,-6,1332,284,8292
20241019,5:00,8532,3210,1342,3472,88,180,568,126,562,0,0,96,0,0,4,1400,284,8532
20241019,5:30,8620,3204,1264,3412,90,164,546,128,572,0,0,104,0,0,-4,1144,284,8620
20241019,6:00,8476,3214,1360,3476,88,176,524,126,562,0,0,90,0,0,-4,1420,284,8476
20241019,6:30,8356,3212,1464,3376,92,166,520,126,570,5,0,79,0,0,0,1536,282,8356
20241019,7:00,8244,3210,1212,3208,92,180,488,126,558,81,0,81,0,0,2,1276,282,8244
20241019,7:30,8366,3214,1208,3138,96,158,474,126,576,269,0,79,0,0,-6,1248,282,8366
20241019,8:00,8586,3214,1228,3096,96,186,440,126,554,407,0,67,0,0,-10,1100,282,8586
20241019,8:30,9040,3214,1582,3300,100,162,428,126,568,521,0,67,0,0,18,1328,282,9040
20241019,9:00,9346,3212,1374,3302,104,178,418,126,558,767,0,45,0,0,-4,1016,282,9346
20241019,9:30,9640,3214,1174,3220,110,130,378,126,564,1340,0,34,0,0,0,904,254,9640
20241019,10:00,9870,3210,1106,3044,112,110,352,126,554,1904,0,34,0,0,-10,892,220,9870
20241019,10:30,10140,3216,1224,2950,114,96,354,126,558,2324,0,52,0,0,-6,1080,212,10140
20241019,11:00,10276,3214,1470,3010,112,108,360,126,554,2592,0,54,0,0,10,1544,210,10276
20241019,11:30,10212,3214,1332,3106,116,92,394,126,566,2885,0,35,0,0,0,1864,210,10212
20241019,12:00,10268,3210,1280,2792,114,112,402,126,552,3305,0,33,0,0,-2,1868,212,10268
20241019,12:30,10242,3214,1232,2660,116,96,376,126,566,3493,0,29,0,-40,-10,1828,212,10242
20241019,13:00,9864,3214,1424,2698,114,108,368,126,554,3069,0,37,0,-240,-2,1820,214,9864
20241019,13:30,10186,3212,1346,2794,118,94,382,126,566,3113,0,39,0,-40,0,1776,212,10186
20241019,14:00,10168,3210,1352,3010,114,110,392,126,552,2817,0,41,0,0,2,1772,214,10168
20241019,14:30,9974,3212,1564,3126,118,90,414,126,566,2263,0,51,0,0,0,1768,212,9974
20241019,15:00,9928,3210,1586,3422,120,114,468,126,550,1843,0,47,0,0,4,1772,210,9928
20241019,15:30,9748,3214,1550,3472,120,96,504,128,568,1378,0,48,0,0,4,1544,210,9748
20241019,16:00,9772,3212,1416,3474,120,108,524,126,552,1122,0,46,0,0,8,1148,212,9772
20241019,16:30,9814,3208,1216,3474,124,116,562,128,570,858,0,46,0,0,-10,708,230,9814
20241019,17:00,9792,3210,1254,3472,124,184,564,126,550,474,0,46,0,22,0,512,278,9792
20241019,17:30,9782,3214,1350,3478,126,164,650,128,570,166,0,58,0,306,2,716,286,9782
20241019,18:00,9844,3210,1366,3472,126,182,888,126,560,0,0,70,0,616,-6,1052,286,9844
20241019,18:30,9922,3206,1490,3478,128,162,970,128,570,0,0,84,0,592,2,1172,284,9922
20241019,19:00,9720,3208,1142,3472,126,184,988,126,558,0,0,96,0,460,-4,920,284,9720
20241019,19:30,9610,3206,1162,3476,124,164,824,128,574,0,0,102,0,262,-2,692,282,9610
20241019,20:00,9244,3208,1136,3482,122,182,788,126,562,0,0,100,0,30,-8,768,284,9244
20241019,20:30,8976,3204,1028,3472,120,164,778,128,572,0,0,104,0,0,0,876,282,8976
20241019,21:00,8732,3208,1050,3334,112,172,700,126,568,0,0,92,0,0,-6,908,284,8732
20241019,21:30,8546,3214,1026,3214,110,162,654,128,578,0,0,102,0,0,4,928,282,8546
20241019,22:00,8234,3212,902,3144,102,182,612,128,558,0,0,108,0,0,-26,972,284,8234
20241019,22:30,8094,3214,940,3120,104,164,578,128,574,0,0,114,0,0,4,1128,282,8094
20241019,23:00,7884,3206,1244,2932,92,178,508,130,560,0,0,110,0,0,16,1372,280,7884
20241019,23:30,7726,3214,1306,2752,94,158,480,130,578,0,0,108,0,0,14,1388,280,7726
20241019,24:00:00,7466,3212,1186,2594,92,182,454,128,552,0,0,112,0,0,12,1336,278,7466
20241020,0:30,7212,3212,1118,2610,88,158,456,130,576,0,0,112,0,0,18,1548,282,7212
20241020,1:00,6904,3208,1000,2396,84,178,462,128,562,0,0,110,0,0,6,1512,282,6904
20241020,1:30,6860,3214,956,2292,86,170,458,130,576,0,0,116,0,0,4,1424,282,6860
20241020,2:00,6750,3212,808,2206,80,178,442,128,562,0,0,118,0,0,-6,1260,282,6750
20241020,2:30,6748,3212,802,2146,84,158,428,130,574,0,0,116,0,0,-12,1172,282,6748
20241020,3:00,6898,3210,930,2164,82,186,418,128,560,0,0,126,0,0,-12,1176,282,6898
20241020,3:30,7108,3210,1262,2206,84,166,424,130,572,0,0,140,0,0,-8,1360,282,7108
20241020,4:00,7300,3214,1196,2372,84,178,428,128,564,0,0,136,0,0,-14,1268,282,7300
20241020,4:30,7430,3210,1104,2536,84,164,550,130,580,0,0,138,0,0,-12,1336,282,7430
20241020,5:00,7670,3208,1324,2538,86,180,592,130,566,0,0,148,0,0,4,1388,282,7670
20241020,5:30,7824,3204,1372,2538,90,162,586,130,574,0,0,152,0,132,2,1400,282,7824
20241020,6:00,7696,3214,1182,2424,88,182,576,130,560,0,0,150,0,322,-2,1412,282,7696
20241020,6:30,7602,3212,1328,1818,90,164,560,130,574,0,0,146,0,406,4,1112,282,7602
20241020,7:00,7102,3212,1192,1394,88,174,550,130,564,44,0,144,0,336,-4,1004,282,7102
20241020,7:30,7012,3214,1242,1070,94,142,520,130,572,424,0,162,0,266,-2,1104,282,7012
20241020,8:00,6978,3214,1148,978,94,152,492,130,540,974,0,148,0,58,16,1248,282,6978
20241020,8:30,6954,3214,1016,882,96,112,488,130,504,1848,0,72,140,0,26,1716,282,6954
20241020,9:00,7030,3214,496,886,94,158,476,130,444,2848,0,70,143,-216,-26,1824,280,7030
20241020,9:30,7330,3212,498,866,98,98,394,130,454,3554,238,24,265,-542,0,1708,252,7330
20241020,10:00,7566,3214,474,784,94,70,372,132,444,4052,681,10,268,-526,-8,1764,218,7566
20241020,10:30,7618,3212,414,784,96,54,380,132,456,4304,1018,6,238,-656,-4,1772,212,7618
20241020,11:00,7568,3214,422,786,92,76,386,130,446,4602,1015,6,225,-1042,-4,1756,210,7568
20241020,11:30,7622,3214,434,786,96,58,378,132,458,4914,1188,6,224,-1278,-6,1780,210,7622
20241020,12:00,7708,3214,338,786,92,74,354,130,440,5114,1398,8,246,-1258,-8,1788,212,7708
20241020,12:30,7794,3212,358,780,98,56,352,132,458,5052,1162,8,231,-1178,12,1756,210,7794
20241020,13:00,7684,3212,476,778,92,76,344,130,442,4938,1030,6,236,-1170,-8,1844,212,7684
20241020,13:30,7738,3216,528,782,98,58,358,132,454,4952,735,6,244,-1218,-14,1824,210,7738
20241020,14:00,7720,3210,600,854,96,76,350,130,434,4688,596,8,255,-1210,4,1732,212,7720
20241020,14:30,7744,3216,782,918,100,64,364,132,454,4140,219,10,249,-942,4,1708,210,7744
20241020,15:00,7684,3212,780,1008,102,70,426,128,444,3862,39,10,237,-826,0,1744,212,7684
20241020,15:30,7642,3218,938,1008,104,54,450,132,458,3334,0,60,132,-640,8,1692,210,7642
20241020,16:00,7664,3210,1026,1068,104,84,458,130,472,2364,0,68,126,-478,-2,1052,212,7664
20241020,16:30,7656,3214,1108,1206,110,106,478,132,550,1434,0,164,0,-298,-10,768,230,7656
20241020,17:00,7862,3216,988,2012,110,180,512,130,554,684,0,212,0,0,-10,1004,278,7862
20241020,17:30,8110,3206,1286,2502,114,166,676,132,574,170,0,218,0,0,0,1220,286,8110
20241020,18:00,8334,3208,1332,2514,116,166,854,130,560,0,0,224,0,404,2,1464,288,8334
20241020,18:30,8554,3206,1460,2516,122,166,908,132,572,0,0,226,0,490,-2,1528,286,8554
20241020,19:00,8502,3210,1424,2518,120,180,932,130,568,0,0,218,0,462,0,1548,288,8502
20241020,19:30,8456,3212,1204,2518,118,166,896,132,574,0,0,222,0,386,18,1276,286,8456
20241020,20:00,8274,3214,1104,2520,112,180,754,130,570,0,0,228,0,334,4,1160,284,8274
20241020,20:30,8138,3216,1124,2520,114,158,630,132,578,0,0,232,0,210,4,1064,284,8138
20241020,21:00,7978,3214,1244,2516,104,194,482,130,556,0,0,208,0,30,14,996,282,7978
20241020,21:30,7812,3218,1212,2520,106,164,434,132,576,0,0,192,0,0,20,1044,282,7812
20241020,22:00,7596,3216,1074,2318,98,186,394,130,562,0,0,172,0,0,-18,820,284,7596
20241020,22:30,7522,3212,1148,2264,98,168,386,132,574,0,0,176,0,0,-6,912,282,7522
20241020,23:00,7310,3216,1058,2164,92,184,388,128,568,0,0,174,0,0,-12,932,282,7310
20241020,23:30,7292,3216,1020,2226,92,162,372,130,574,0,0,158,0,0,20,960,282,7292
20241020,24:00:00,7078,3216,724,2244,90,184,364,130,564,0,0,154,0,0,-10,864,282,7078
20241021,0:30,6860,3216,686,2188,86,160,360,130,580,0,0,136,0,0,-16,948,282,6860
20241021,1:00,6704,3212,740,1878,82,182,334,130,560,0,0,128,0,0,-8,816,282,6704
20241021,1:30,6526,3216,648,1834,80,168,334,130,576,0,0,130,0,0,-16,856,282,6526
20241021,2:00,6488,3214,710,1854,80,182,322,130,566,0,0,120,0,0,-8,964,282,6488
20241021,2:30,6592,3214,792,1906,80,162,354,130,580,0,0,116,0,0,-8,1016,282,6592
20241021,3:00,6816,3216,840,1994,78,184,388,130,560,0,0,124,0,0,-6,972,280,6816
20241021,3:30,7046,3216,734,2216,82,166,396,130,576,0,0,124,0,0,-6,868,280,7046
20241021,4:00,7278,3216,630,2650,80,184,452,130,568,0,0,126,0,0,0,1040,282,7278
20241021,4:30,7596,3212,684,2934,84,162,538,130,576,0,0,116,0,0,2,1124,282,7596
20241021,5:00,7880,3212,730,3102,82,182,564,130,560,0,0,110,0,0,20,1096,284,7880
20241021,5:30,8060,3212,792,3358,88,166,550,130,578,0,0,106,0,0,22,1224,282,8060
20241021,6:00,8072,3212,820,3370,88,182,512,130,558,0,0,102,0,0,2,1188,284,8072
20241021,6:30,8028,3214,860,3370,90,160,508,130,578,0,0,106,0,0,-2,1268,282,8028
20241021,7:00,7924,3214,754,3328,94,186,476,130,556,34,0,104,0,0,-8,1224,280,7924
20241021,7:30,7978,3212,748,3200,98,162,444,130,574,366,0,102,0,0,-22,1316,280,7978
20241021,8:00,8048,3220,604,2836,98,188,438,130,554,994,0,104,0,0,-16,1384,282,8048
20241021,8:30,8416,3216,688,2734,110,160,438,130,568,1814,0,98,0,0,-8,1812,280,8416
20241021,9:00,8874,3216,834,2602,108,164,376,130,546,2510,0,90,0,0,-2,1980,280,8874
20241021,9:30,9278,3208,724,2306,116,132,362,130,568,3086,0,84,0,324,38,2080,280,9278
20241021,10:00,9646,3156,624,1754,110,148,396,128,550,3666,0,84,0,182,4,1436,280,9646
20241021,10:30,9590,3126,544,1384,112,126,418,128,568,4294,0,82,0,-606,-18,848,280,9590
20241021,11:00,9922,3126,664,1394,104,150,422,128,554,4776,0,70,0,-900,-16,828,278,9922
20241021,11:30,10094,3132,700,1526,110,126,420,128,572,4858,0,78,0,-836,26,1024,278,10094
20241021,12:00,9998,3138,692,1530,112,146,396,128,542,4796,0,72,0,-588,8,1252,278,9998
20241021,12:30,9914,3156,610,1432,110,126,390,128,548,5113,0,95,0,-906,-36,1132,280,9914
20241021,13:00,9876,3162,668,1454,108,148,396,128,512,5027,0,99,0,-1044,-18,1044,280,9876
20241021,13:30,10292,3180,770,1774,110,128,400,128,516,4685,0,91,0,-568,6,1208,280,10292
20241021,14:00,10410,3194,778,2036,110,152,424,128,496,4455,0,95,0,110,-16,1832,280,10410
20241021,14:30,10450,3206,894,2846,116,148,492,128,512,4015,0,107,0,52,-10,2336,280,10450
20241021,15:00,10294,3210,1028,3072,110,186,508,128,500,3251,0,115,0,0,-8,2084,278,10294
20241021,15:30,9846,3210,1248,3264,120,156,514,128,516,2467,0,123,0,0,14,2192,278,9846
20241021,16:00,10424,3216,1252,3754,122,182,520,128,494,1989,0,135,0,0,-2,1644,278,10424
20241021,16:30,10478,3214,1434,3532,126,166,598,128,520,1377,0,147,0,0,-30,1016,282,10478
20241021,17:00,10328,3214,1734,3892,124,186,718,128,498,685,0,155,0,84,-4,1372,286,10328
20241021,17:30,10244,3210,2008,3954,128,158,866,128,524,205,0,161,0,356,-2,1740,288,10244
20241021,18:00,10242,3216,1862,3942,128,176,880,128,502,0,0,158,0,454,0,1492,288,10242
20241021,18:30,10268,3208,1804,3954,132,162,734,128,516,0,0,170,0,466,22,1316,288,10268
20241021,19:00,10150,3208,1720,4150,130,182,708,128,498,0,0,178,0,386,-2,1420,284,10150
20241021,19:30,9854,3218,1466,4390,130,158,712,128,508,0,0,170,0,164,-2,1472,284,9854
20241021,20:00,9680,3212,1378,4414,124,184,646,128,484,0,0,160,0,42,2,1380,286,9680
20241021,20:30,9364,3216,1310,4384,120,164,640,128,496,0,0,158,0,0,0,1536,284,9364
20241021,21:00,9226,3214,1076,4408,118,180,582,128,482,0,0,164,0,0,4,1416,286,9226
20241021,21:30,9014,3208,1012,4144,112,166,560,128,488,0,0,182,0,0,-6,1264,284,9014
20241021,22:00,8774,3210,844,4064,106,186,528,128,466,0,0,186,0,0,0,1228,284,8774
20241021,22:30,8550,3208,788,4078,102,174,514,126,458,0,0,184,0,0,0,1360,278,8550
20241021,23:00,8438,3212,784,4046,100,166,538,128,486,0,0,198,0,0,14,1516,282,8438
20241021,23:30,8392,3216,774,4084,96,158,538,128,484,0,0,190,0,0,14,1572,282,8392
20241021,24:00:00,8188,3214,764,3898,88,182,546,128,464,0,0,182,0,0,8,1568,282,8188
20241022,0:30,7874,3220,798,3772,90,156,526,128,480,0,0,198,0,0,14,1792,284,7874
20241022,1:00,7642,3216,728,3724,86,184,528,128,464,0,0,188,0,0,-10,1880,286,7642
20241022,1:30,7448,3214,656,3544,84,154,520,128,486,0,0,194,0,0,-8,1808,284,7448
20241022,2:00,7386,3214,578,3576,82,186,520,128,462,0,0,184,0,0,-10,1820,286,7386
20241022,2:30,7488,3216,604,3638,82,162,524,128,482,0,0,196,0,0,-12,1816,284,7488
20241022,3:00,7618,3216,600,3792,82,178,528,128,460,0,0,196,0,0,-10,1836,284,7618
20241022,3:30,7830,3214,628,3976,82,160,548,128,478,0,0,190,0,0,-10,1848,284,7830
20241022,4:00,7982,3214,582,4210,80,182,558,128,468,0,0,184,0,0,-12,1896,284,7982
20241022,4:30,8258,3212,640,4390,84,160,566,128,484,0,0,206,0,0,-4,1892,284,8258
20241022,5:00,8470,3212,726,4422,84,184,582,128,462,0,0,202,0,0,-2,1816,286,8470
20241022,5:30,8640,3214,836,4436,86,158,666,128,484,0,0,182,0,0,16,1852,286,8640
20241022,6:00,8626,3206,846,4428,88,180,670,116,468,0,0,168,0,0,2,1832,286,8626
20241022,6:30,8606,3216,732,4434,90,160,718,102,484,3,0,181,0,0,-2,1796,284,8606
20241022,7:00,8494,3214,728,4386,98,186,658,100,464,45,0,173,0,0,-14,1828,284,8494
20241022,7:30,8758,3216,830,4434,102,158,658,102,484,155,0,187,0,0,0,1852,284,8758
20241022,8:00,9172,3214,864,4402,100,180,650,100,468,253,0,175,0,0,-22,1496,284,9172
20241022,8:30,9652,3216,1086,4420,114,164,620,102,482,395,0,185,0,0,-18,1396,282,9652
20241022,9:00,10232,3214,1358,4428,114,182,612,98,458,651,0,153,0,0,-2,1316,282,10232
20241022,9:30,10512,3216,1282,4434,124,160,520,102,480,683,0,143,0,0,10,924,282,10512
20241022,10:00,10670,3212,1450,4442,126,180,510,100,452,695,0,151,0,0,0,928,280,10670
20241022,10:30,10708,3216,1564,4448,124,156,518,102,478,559,0,133,0,0,2,872,280,10708
20241022,11:00,10702,3220,1386,4490,126,190,514,98,456,483,0,141,0,0,4,684,278,10702
20241022,11:30,10654,3214,1214,4548,126,160,522,102,478,631,0,137,0,0,8,764,278,10654
20241022,12:00,10642,3216,1126,4498,126,178,510,98,464,821,0,127,0,0,-2,800,280,10642
20241022,12:30,10286,3218,1152,4308,124,160,522,100,478,1069,0,117,0,0,-22,1220,280,10286
20241022,13:00,10094,3216,1180,4364,120,172,562,100,458,1157,0,117,0,0,2,1636,282,10094
20241022,13:30,10362,3214,1464,4384,120,160,588,100,476,1357,0,131,0,0,0,1912,280,10362
20241022,14:00,10502,3216,1656,4714,120,180,588,100,454,1355,0,131,0,0,0,2292,280,10502
20241022,14:30,10590,3216,1566,4750,124,158,656,100,472,1595,0,129,0,0,4,2460,280,10590
20241022,15:00,10556,3214,1576,4772,126,178,666,100,454,1447,0,143,0,0,2,2400,278,10556
20241022,15:30,10470,3218,1504,4956,128,170,694,100,474,1171,0,143,0,0,4,2372,280,10470
20241022,16:00,10536,3216,1482,5018,130,202,722,100,456,941,0,135,0,0,0,2148,282,10536
20241022,16:30,10616,3212,1710,5084,134,184,738,100,474,765,0,117,0,0,0,2188,286,10616
20241022,17:00,10510,3218,2082,5080,132,190,810,100,458,403,0,97,0,48,4,2400,288,10510
20241022,17:30,10488,3214,2162,5082,132,184,846,100,480,121,0,77,0,196,6,2400,288,10488
20241022,18:00,10436,3216,2126,5080,134,190,868,100,462,0,0,72,0,216,2,2320,290,10436
20241022,18:30,10434,3210,2056,5078,138,182,896,100,476,1,0,67,0,214,0,2272,288,10434
20241022,19:00,10372,3218,2084,5080,136,204,820,100,458,0,0,70,0,192,0,2276,286,10372
20241022,19:30,10072,3206,1794,5082,134,174,818,100,476,0,0,76,0,198,4,2276,286,10072
20241022,20:00,9832,3210,1520,5080,124,212,814,100,460,0,0,70,0,150,-2,2188,282,9832
20241022,20:30,9642,3204,1334,4968,124,182,816,100,478,0,0,66,0,0,22,1936,284,9642
20241022,21:00,9516,3208,1012,4900,118,190,798,100,454,0,0,60,0,0,2,1612,286,9516
20241022,21:30,9376,3206,790,5064,116,164,812,100,482,0,0,56,0,0,30,1728,284,9376
20241022,22:00,9064,3214,746,4914,108,188,798,100,454,0,0,38,0,0,-6,1776,286,9064
20241022,22:30,8992,3212,626,4942,104,154,790,100,480,0,0,40,0,0,8,1748,284,8992
20241022,23:00,8756,3212,614,4680,98,186,790,100,456,0,0,30,0,0,14,1708,284,8756
20241022,23:30,8722,3216,730,4644,96,158,802,100,476,0,0,32,0,0,8,1824,284,8722
20241022,24:00:00,8470,3212,566,4530,92,184,784,100,460,0,0,34,0,0,12,1788,284,8470
20241023,0:30,8216,3216,602,4108,90,160,790,100,474,0,0,44,0,0,6,1660,286,8216
20241023,1:00,7888,3214,534,3658,88,184,788,100,460,0,0,44,0,0,-6,1460,284,7888
20241023,1:30,7678,3214,562,3492,86,160,788,100,478,0,0,60,0,0,-6,1540,284,7678
20241023,2:00,7562,3214,524,3358,82,182,782,100,456,0,0,68,0,0,-10,1480,286,7562
20241023,2:30,7632,3216,600,3432,84,152,770,100,484,0,0,74,0,0,-16,1548,284,7632
20241023,3:00,7736,3208,550,3494,82,192,762,100,458,0,0,76,0,0,-30,1440,284,7736
20241023,3:30,7944,3216,572,3598,84,160,776,100,480,0,0,94,0,0,0,1420,284,7944
20241023,4:00,8088,3214,560,3684,82,182,784,100,454,0,0,122,0,0,2,1380,284,8088
20241023,4:30,8354,3208,720,4076,84,160,784,100,474,0,0,124,0,0,-2,1660,286,8354
20241023,5:00,8602,3208,756,4026,84,180,776,100,466,0,0,124,0,0,-4,1400,286,8602
20241023,5:30,8702,3208,728,4634,88,170,780,100,478,0,0,126,0,0,-4,1892,286,8702
20241023,6:00,8684,3212,706,4392,88,178,776,100,466,0,0,136,0,0,0,1656,286,8684
20241023,6:30,8618,3208,766,4478,92,164,766,100,484,1,0,137,0,0,10,1872,284,8618
20241023,7:00,8546,3210,776,4498,94,180,766,100,462,27,0,149,0,0,-40,1960,284,8546
20241023,7:30,8706,3212,766,4396,98,164,796,102,482,219,0,151,0,0,-8,1956,284,8706
20241023,8:00,8804,3212,722,4172,98,184,808,100,458,429,0,157,0,0,0,1820,284,8804
20241023,8:30,9192,3216,750,4140,108,156,802,102,478,872,0,146,0,0,-2,1860,284,9192
20241023,9:00,9622,3214,784,4268,112,186,800,100,458,1360,0,146,0,0,-4,2084,282,9622
20241023,9:30,9896,3208,824,4308,116,158,782,102,476,1778,0,140,0,0,6,2284,282,9896
20241023,10:00,10052,3214,792,4030,110,172,778,100,458,2378,0,128,0,0,-2,2388,282,10052
20241023,10:30,10204,3212,786,3458,106,140,760,102,466,3152,0,134,0,0,4,2396,280,10204
20241023,11:00,10202,3216,732,2952,108,154,750,100,414,3832,0,122,0,0,2,2460,280,10202
20241023,11:30,10200,3212,508,2548,110,132,742,102,398,4504,0,126,0,0,-34,2428,280,10200
20241023,12:00,10078,3212,380,2278,106,160,744,100,380,4924,0,110,0,-50,-38,2508,280,10078
20241023,12:30,9550,3216,404,1908,108,134,746,102,400,4992,0,108,0,-508,-8,2332,280,9550
20241023,13:00,9380,3212,424,1788,104,158,746,100,382,5034,0,102,0,-594,-22,2336,282,9380
20241023,13:30,9948,3212,500,1864,108,132,744,102,396,5474,0,92,0,-592,0,2364,280,9948
20241023,14:00,9824,3210,422,1902,106,148,740,102,408,5440,0,78,0,-588,-26,2400,282,9824
20241023,14:30,9872,3216,360,2268,108,132,740,102,458,5148,0,88,0,-584,-12,2432,280,9872
20241023,15:00,9898,3210,396,2886,106,178,736,104,456,4470,0,76,0,-582,-6,2412,280,9898
20241023,15:30,9844,3212,670,3130,106,176,746,102,470,3706,0,70,0,-542,42,2324,280,9844
20241023,16:00,9886,3210,764,3610,108,206,824,104,454,2788,0,68,0,-242,30,2320,282,9886
20241023,16:30,9962,3214,868,4040,112,174,854,106,474,1761,0,63,0,20,32,2040,284,9962
20241023,17:00,9810,3214,958,4404,110,210,848,108,460,783,0,51,0,560,32,2216,288,9810
20241023,17:30,9750,3204,882,4646,116,184,896,116,476,181,0,51,0,898,32,2220,288,9750
20241023,18:00,9696,3208,734,5100,118,186,902,114,464,0,0,50,0,816,-4,2280,288,9696
20241023,18:30,9792,3208,846,5090,122,184,904,116,476,0,0,60,0,734,0,2236,288,9792
20241023,19:00,9704,3212,808,5088,120,216,842,114,472,0,0,54,0,738,2,2248,286,9704
20241023,19:30,9484,3208,764,5090,118,184,826,116,478,0,0,54,0,634,2,2276,286,9484
20241023,20:00,9220,3208,704,5090,112,188,810,116,464,0,0,54,0,430,0,2240,284,9220
20241023,20:30,9072,3214,568,5090,112,168,790,116,480,0,0,42,0,180,4,1976,284,9072
20241023,21:00,8882,3214,542,5020,106,170,780,116,468,0,0,42,0,16,0,1876,284,8882
20241023,21:30,8646,3218,534,4844,106,166,788,116,482,0,0,48,0,0,0,1940,284,8646
20241023,22:00,8334,3212,576,4640,100,180,774,116,466,0,0,50,0,0,-4,2060,284,8334
20241023,22:30,8280,3214,560,4504,98,162,788,116,480,0,0,48,0,0,-2,1972,284,8280
20241023,23:00,8064,3212,528,4274,92,186,786,116,466,0,0,42,0,0,8,1928,282,8064
20241023,23:30,8000,3218,632,4048,92,130,774,116,476,0,0,44,0,0,10,1796,256,8000
20241023,24:00:00,7700,3212,512,4150,88,108,754,116,464,0,0,48,0,0,6,1980,222,7700
20241024,0:30,7608,3214,746,3668,86,90,678,116,476,0,0,46,0,-218,-2,1504,212,7608
20241024,1:00,7258,3214,648,3242,82,108,662,116,456,0,0,40,0,-298,-16,1208,212,7258
20241024,1:30,7120,3216,692,2876,80,94,666,116,472,0,0,44,0,-298,-14,1036,212,7120
20241024,2:00,7038,3214,646,2724,78,102,674,116,458,0,0,44,0,-294,-12,924,212,7038
20241024,2:30,7178,3212,706,2934,78,98,680,116,472,0,0,48,0,-296,-12,1068,210,7178
20241024,3:00,7322,3214,678,2938,78,112,678,116,454,0,0,44,0,-244,-14,944,212,7322
20241024,3:30,7534,3216,644,3282,80,94,668,116,472,0,0,50,0,0,-18,1280,210,7534
20241024,4:00,7844,3212,698,3574,80,106,666,116,462,0,0,50,0,0,0,1332,212,7844
20241024,4:30,8038,3210,688,4084,82,92,720,116,478,0,0,54,0,0,-6,1692,212,8038
20241024,5:00,8410,3214,678,4528,80,112,720,116,464,0,0,56,0,0,6,1776,212,8410
20241024,5:30,8534,3210,662,4562,86,92,726,116,476,0,0,58,0,110,-4,1772,212,8534
20241024,6:00,8482,3214,642,4486,86,110,734,116,464,0,0,52,0,108,-2,1740,212,8482
20241024,6:30,8456,3208,602,4706,92,114,730,116,476,0,0,50,0,32,0,1900,230,8456
20241024,7:00,8274,3214,566,4446,90,182,718,116,464,41,0,49,0,0,-4,1880,272,8274
20241024,7:30,8292,3214,582,3954,98,160,734,116,480,439,0,49,0,0,6,1820,280,8292
20241024,8:00,8272,3216,496,3504,98,182,680,114,462,963,0,41,0,0,-30,1732,278,8272
20241024,8:30,8492,3214,550,3416,106,162,668,116,468,1466,0,42,0,0,-10,1984,278,8492
20241024,9:00,8914,3214,580,3344,106,180,676,112,452,2024,0,30,0,0,0,2084,280,8914
20241024,9:30,9250,3216,638,3038,108,134,668,96,464,2460,0,30,0,0,18,1896,276,9250
20241024,10:00,9340,3214,534,2644,106,150,666,72,462,2962,0,28,0,0,-4,1768,274,9340
20241024,10:30,9434,3216,712,2124,106,124,646,70,472,3290,0,26,0,0,0,1624,272,9434
20241024,11:00,9496,3214,748,2196,106,148,642,70,456,3454,0,32,0,0,-4,1836,270,9496
20241024,11:30,9518,3214,676,2034,106,124,610,70,468,3550,0,34,0,0,-22,1616,270,9518
20241024,12:00,9602,3216,952,2178,102,144,610,70,444,3206,0,40,0,0,20,1652,272,9602
20241024,12:30,9290,3216,992,2000,104,118,620,70,454,2922,0,58,0,0,-2,1536,274,9290
20241024,13:00,9208,3212,1080,1926,98,150,626,70,436,2704,0,66,0,0,0,1432,272,9208
20241024,13:30,9562,3212,1320,2310,102,136,622,70,452,2396,0,58,0,0,16,1404,272,9562
20241024,14:00,9556,3218,1632,2820,104,160,600,70,446,1924,0,50,0,130,20,1892,274,9556
20241024,14:30,9664,3212,1430,3876,104,162,598,70,470,1734,0,50,0,60,2,2376,272,9664
20241024,15:00,9648,3212,1132,4322,100,186,592,70,460,1488,0,56,0,0,0,2240,270,9648
20241024,15:30,9602,3216,1058,4790,104,174,598,70,474,1176,0,58,0,0,-20,2368,272,9602
20241024,16:00,9676,3214,1100,5068,104,202,608,70,466,854,0,56,0,0,2,2340,272,9676
20241024,16:30,9708,3216,1166,5084,108,194,762,72,474,561,0,67,0,0,0,2272,276,9708
20241024,17:00,9660,3212,1140,5026,106,214,810,108,468,267,0,87,0,0,-28,2028,278,9660
20241024,17:30,9680,3206,1498,5086,112,202,824,114,478,77,0,93,0,0,14,2304,280,9680
20241024,18:00,9732,3210,1576,5082,110,222,822,114,460,1,0,113,0,0,10,2272,284,9732
20241024,18:30,9808,3208,1480,5084,114,196,826,116,478,3,0,137,0,0,22,2140,284,9808
20241024,19:00,9704,3212,1140,5088,112,212,826,114,460,0,0,124,0,0,6,1876,286,9704
20241024,19:30,9432,3206,954,5088,110,196,760,116,480,0,0,122,0,0,-2,1880,282,9432
20241024,20:00,9236,3212,788,5084,108,218,720,114,460,0,0,136,0,0,2,1888,282,9236
20241024,20:30,9058,3214,776,4982,108,192,686,116,474,0,0,134,0,0,0,1904,280,9058
20241024,21:00,8860,3216,702,4812,100,224,662,114,462,0,0,138,0,0,0,1852,282,8860
20241024,21:30,8656,3212,686,4734,102,188,644,116,480,0,0,136,0,0,-2,1920,280,8656
20241024,22:00,8502,3214,712,4636,96,198,640,114,464,0,0,144,0,0,6,2004,282,8502
20241024,22:30,8324,3216,724,4160,94,166,654,116,484,0,0,160,0,0,10,1740,280,8324
20241024,23:00,8108,3214,664,3956,88,180,660,114,462,0,0,170,0,0,10,1688,278,8108
20241024,23:30,8088,3216,760,3982,86,158,658,116,482,0,0,140,0,0,18,1808,280,8088
20241024,24:00:00,7814,3218,598,3740,84,186,628,114,470,0,0,116,0,0,12,1632,280,7814
20241025,0:30,7644,3214,670,3318,82,156,624,116,486,0,0,124,0,0,-6,1420,280,7644
20241025,1:00,7288,3214,590,2522,78,184,620,114,462,0,0,110,0,0,-12,876,282,7288
20241025,1:30,7092,3218,522,2418,78,158,624,116,482,0,0,120,0,0,-16,908,280,7092
20241025,2:00,7080,3216,428,2394,76,182,622,112,468,0,0,132,0,0,-28,804,282,7080
20241025,2:30,7150,3214,452,2396,76,154,622,116,488,0,0,138,0,0,-14,772,280,7150
20241025,3:00,7370,3214,570,2412,76,186,608,112,468,0,0,154,0,0,-26,684,280,7370
20241025,3:30,7614,3212,564,2806,78,152,612,116,484,0,0,142,0,0,-8,824,280,7614
20241025,4:00,7852,3218,524,3468,78,190,626,114,468,0,0,142,0,0,-4,1252,280,7852
20241025,4:30,8044,3210,576,3610,80,156,686,116,480,0,0,148,0,0,0,1300,282,8044
20241025,5:00,8234,3210,678,3970,80,184,690,114,468,0,0,154,0,0,6,1600,280,8234
20241025,5:30,8478,3212,764,4338,84,158,674,116,488,0,0,144,0,0,26,1808,282,8478
20241025,6:00,8388,3212,690,4290,86,178,676,112,474,0,0,132,0,0,8,1752,282,8388
20241025,6:30,8328,3210,714,4020,88,164,676,116,494,3,0,157,0,0,-2,1592,280,8328
20241025,7:00,8224,3210,748,3798,92,182,680,112,474,23,0,155,0,0,-2,1528,280,8224
20241025,7:30,8268,3214,684,3590,98,154,698,114,494,357,0,173,0,0,-24,1564,280,8268
20241025,8:00,8316,3214,602,3302,94,184,638,114,472,941,0,167,0,-146,2,1548,280,8316
20241025,8:30,8466,3218,800,3424,104,160,626,114,486,1539,0,165,0,-270,4,2184,280,8466
20241025,9:00,8802,3214,592,3220,104,184,632,114,468,2143,0,165,0,-292,-10,2012,280,8802
20241025,9:30,9128,3212,592,3012,108,166,634,114,480,2852,0,162,0,-276,6,2212,278,9128
20241025,10:00,9286,3214,512,2996,106,176,636,114,474,3424,0,134,0,-318,-34,2428,280,9286
20241025,10:30,9410,3214,560,2738,108,170,626,114,480,3984,0,132,0,-592,-26,2376,278,9410
20241025,11:00,9480,3216,650,2352,104,176,622,114,474,4178,0,138,0,-576,0,2244,276,9480
20241025,11:30,9538,3210,686,2204,108,164,606,114,482,4288,0,140,0,-460,-4,2276,276,9538
20241025,12:00,9660,3216,524,2126,106,174,610,114,468,4374,0,132,0,-400,4,2064,276,9660
20241025,12:30,9394,3214,560,2024,108,168,606,114,484,4154,0,130,0,-604,6,1848,278,9394
20241025,13:00,9348,3212,650,2368,100,178,590,112,468,3710,0,138,0,-324,10,2144,280,9348
20241025,13:30,9662,3212,782,3004,108,168,590,112,480,3128,0,128,0,-62,10,2276,278,9662
20241025,14:00,9802,3214,830,3256,108,180,598,112,464,2724,0,122,0,-56,-6,2024,280,9802
20241025,14:30,9864,3214,912,3474,110,158,610,110,486,2281,0,145,0,-294,12,1632,278,9864
20241025,15:00,9812,3214,982,3820,110,180,614,112,472,1797,0,149,0,-98,-4,1812,276,9812
20241025,15:30,9844,3210,992,4164,110,162,598,112,494,1376,0,138,0,0,2,1792,278,9844
20241025,16:00,9890,3214,858,4738,112,192,598,112,490,972,0,136,0,-2,-12,1796,278,9890
20241025,16:30,9910,3216,898,4860,114,186,740,112,516,664,0,144,0,64,0,1884,280,9910
20241025,17:00,9856,3212,882,5088,114,202,742,112,504,316,0,148,0,256,0,2004,284,9856
20241025,17:30,9802,3204,958,5086,116,184,772,112,522,72,0,140,0,600,0,2252,288,9802
20241025,18:00,9870,3208,890,5082,118,196,798,112,506,0,0,148,0,560,2,2036,286,9870
20241025,18:30,9852,3206,892,5086,120,188,802,114,522,0,0,164,0,456,4,1988,286,9852
20241025,19:00,9704,3210,886,5076,120,206,808,110,508,0,0,178,0,414,-2,2096,286,9704
20241025,19:30,9482,3206,860,5088,120,186,788,114,526,0,0,184,0,198,14,2084,282,9482
20241025,20:00,9248,3208,856,5078,110,190,752,116,504,0,0,170,0,30,10,2060,284,9248
20241025,20:30,9110,3214,784,5004,114,160,734,130,528,0,0,154,0,0,2,1996,282,9110
20241025,21:00,8948,3216,780,4694,108,182,732,138,506,0,0,144,0,0,-10,1824,282,8948
20241025,21:30,8730,3216,750,4662,108,152,650,140,528,0,0,128,0,0,-2,1884,282,8730
20241025,22:00,8534,3212,756,4606,100,198,596,142,504,0,0,118,0,0,0,1980,282,8534
20241025,22:30,8474,3216,746,4420,100,160,588,140,528,0,0,130,0,0,-2,1832,280,8474
20241025,23:00,8290,3216,704,4116,90,178,596,142,510,0,0,130,0,0,-4,1668,280,8290
20241025,23:30,8216,3212,846,4014,94,166,604,140,528,0,0,114,0,0,6,1788,280,8216
20241025,24:00:00,8028,3218,882,3400,88,182,584,140,504,0,0,104,0,0,14,1368,280,8028
20241026,0:30,7746,3214,850,2636,86,162,560,140,528,0,0,112,0,0,2,824,280,7746
20241026,1:00,7450,3218,698,2470,86,186,566,142,504,0,0,100,0,0,-6,796,282,7450
20241026,1:30,7248,3214,834,2466,82,160,572,140,522,0,0,90,0,-82,-8,1024,282,7248
20241026,2:00,7214,3214,752,2534,82,186,572,140,508,0,0,80,0,-236,-14,884,280,7214
20241026,2:30,7320,3216,786,2548,82,156,570,140,524,0,0,90,0,-236,-12,824,280,7320
20241026,3:00,7366,3214,748,2616,78,190,554,140,506,0,0,76,0,-236,-16,784,280,7366
20241026,3:30,7554,3214,790,2960,80,162,612,140,530,0,0,76,0,-40,-14,1236,280,7554
20241026,4:00,7840,3210,792,3306,80,184,650,142,508,0,0,90,0,0,-6,1396,280,7840
20241026,4:30,8080,3212,818,3634,82,154,664,140,532,0,0,82,0,0,-4,1516,282,8080
20241026,5:00,8244,3206,846,3814,84,186,664,142,506,0,0,86,0,0,4,1576,282,8244
20241026,5:30,8276,3212,898,3932,86,162,652,140,526,0,0,104,0,0,2,1720,282,8276
20241026,6:00,8176,3210,880,3860,86,186,644,142,514,0,0,86,0,0,-2,1712,282,8176
20241026,6:30,7946,3206,856,3652,88,164,626,140,530,0,0,112,0,0,-10,1700,282,7946
20241026,7:00,7734,3214,878,3392,88,192,602,142,508,4,0,112,0,0,-2,1676,280,7734
20241026,7:30,7748,3214,926,3290,92,168,578,140,532,65,0,117,0,0,-2,1652,280,7748
20241026,8:00,7922,3210,908,2946,96,190,566,140,510,189,0,121,0,0,6,1240,280,7922
20241026,8:30,8086,3216,964,2894,98,166,538,140,528,434,0,112,0,0,16,1300,280,8086
20241026,9:00,8234,3212,970,2868,98,178,548,140,516,786,0,102,0,152,24,1640,280,8234
20241026,9:30,8332,3212,752,2732,102,124,558,140,524,1331,0,103,0,48,2,1548,252,8332
20241026,10:00,8438,3214,652,2604,98,124,560,140,500,1979,0,87,0,0,-8,1728,216,8438
20241026,10:30,8610,3214,426,2586,102,98,548,140,530,2600,0,88,0,0,-34,1896,208,8610
20241026,11:00,8574,3212,366,2388,96,114,540,140,508,2820,0,82,0,-168,-26,1708,210,8574
20241026,11:30,8532,3214,406,2254,104,102,530,140,520,3090,0,74,0,-270,0,1840,208,8532
20241026,12:00,8576,3210,390,2156,104,116,530,140,510,3510,0,70,0,-410,-26,1932,208,8576
20241026,12:30,8474,3212,472,2174,106,94,526,140,524,3500,0,76,0,-784,20,1796,210,8474
20241026,13:00,8440,3216,396,2242,102,118,506,140,514,3344,0,72,0,-632,-8,1780,210,8440
20241026,13:30,8548,3206,402,2456,106,100,510,140,520,3144,0,68,0,-484,6,1836,210,8548
20241026,14:00,8570,3212,464,2640,104,108,516,140,510,2814,0,60,0,-444,4,1768,210,8570
20241026,14:30,8664,3214,498,2770,106,86,520,140,528,2380,0,60,0,-194,34,1688,210,8664
20241026,15:00,8616,3216,542,2888,106,120,524,140,502,1786,0,60,0,2,2,1480,208,8616
20241026,15:30,8488,3210,538,3380,110,94,566,140,522,1396,0,68,0,78,-30,1792,208,8488
20241026,16:00,8496,3214,570,3458,110,110,568,140,508,958,0,76,0,352,-40,1740,212,8496
20241026,16:30,8596,3214,562,3470,112,110,578,140,524,586,0,74,0,606,-38,1572,230,8596
20241026,17:00,8636,3210,660,3488,110,176,618,138,512,298,0,68,0,812,-32,1700,278,8636
20241026,17:30,8844,3208,800,3614,116,172,652,140,526,88,0,82,0,1002,4,1848,288,8844
20241026,18:00,9040,3204,748,3848,118,168,646,138,510,0,0,84,0,1080,26,1820,290,9040
20241026,18:30,9040,3208,756,3776,122,160,640,140,528,0,0,98,0,1072,40,1788,288,9040
20241026,19:00,9008,3208,778,3994,120,182,648,140,512,0,0,96,0,992,36,1984,286,9008
20241026,19:30,8892,3208,774,4052,118,164,654,140,522,0,0,102,0,760,26,1912,284,8892
20241026,20:00,8686,3208,766,3924,112,178,600,140,514,0,0,88,0,614,0,1740,282,8686
20241026,20:30,8528,3214,822,3890,112,160,562,140,524,0,0,94,0,422,6,1700,282,8528
20241026,21:00,8386,3214,804,4042,108,182,546,140,510,0,0,80,0,46,8,1576,282,8386
20241026,21:30,8214,3214,734,4002,104,154,546,140,534,0,0,92,0,0,4,1592,282,8214
20241026,22:00,8006,3210,652,3686,96,188,550,140,502,0,0,78,0,0,-4,1376,284,8006
20241026,22:30,8030,3212,814,3220,98,160,510,140,528,0,0,72,0,0,26,1032,282,8030
20241026,23:00,7780,3214,766,2648,94,180,502,140,518,0,0,56,0,0,18,636,280,7780
20241026,23:30,7724,3216,740,2632,92,164,496,140,522,0,0,56,0,0,2,616,280,7724
20241026,24:00:00,7408,3206,576,2474,88,182,502,140,498,0,0,66,0,0,-14,592,282,7408
20241027,0:30,7202,3216,516,2302,86,164,500,140,526,0,0,76,0,0,-24,580,280,7202
20241027,1:00,6960,3212,712,1816,86,184,496,140,510,0,0,70,0,0,-10,536,280,6960
20241027,1:30,6790,3214,758,1698,82,162,486,140,530,0,0,74,0,0,-10,624,280,6790
20241027,2:00,6734,3208,662,1694,80,184,480,140,516,0,0,66,0,0,-14,564,282,6734
20241027,2:30,6826,3216,704,1744,80,154,480,140,536,0,0,66,0,0,-10,564,280,6826
20241027,3:00,6978,3216,626,1960,80,192,490,140,508,0,0,62,0,0,-6,568,278,6978
20241027,3:30,7218,3214,576,2112,80,160,550,140,532,0,0,70,0,0,-2,492,278,7218
20241027,4:00,7416,3212,600,2476,78,188,582,140,508,0,0,62,0,0,2,712,280,7416
20241027,4:30,7538,3210,698,3034,80,180,624,138,504,0,0,50,0,0,-8,1248,276,7538
20241027,5:00,7880,3212,792,3174,82,166,652,140,534,0,0,44,0,0,12,1208,280,7880
20241027,5:30,7842,3216,732,3048,86,156,650,140,532,0,0,44,0,148,6,1196,280,7842
20241027,6:00,7684,3210,708,3060,86,186,664,140,510,0,0,42,0,176,-8,1372,282,7684
20241027,6:30,7464,3212,758,2674,88,162,662,140,530,0,0,48,0,176,6,1272,280,7464
20241027,7:00,7152,3214,534,2336,88,184,654,140,516,38,0,42,0,176,-22,1028,280,7152
20241027,7:30,7022,3218,456,2086,92,152,608,140,536,432,0,44,0,216,-14,1224,280,7022
20241027,8:00,6986,3216,530,1890,90,166,552,140,492,1212,0,42,0,-70,-34,1520,280,6986
20241027,8:30,7076,3216,686,1414,94,130,532,140,468,2206,0,36,0,-398,-20,1708,280,7076
20241027,9:00,7264,3216,468,1280,88,150,518,140,404,3072,0,26,0,-588,-26,1764,280,7264
20241027,9:30,7420,3214,478,1272,94,92,486,140,422,3574,0,22,0,-876,-2,1748,252,7420
20241027,10:00,7630,3218,412,1278,90,68,484,140,410,4138,0,22,0,-910,-24,1912,216,7630
20241027,10:30,7994,3212,464,1280,92,56,442,140,422,4630,275,18,0,-1150,0,1820,208,7994
20241027,11:00,8132,3216,512,1278,90,72,436,138,408,4890,476,14,0,-1382,12,1760,208,8132
20241027,11:30,8258,3218,562,1282,94,54,436,140,420,4984,481,10,0,-1402,4,1752,208,8258
20241027,12:00,8402,3214,622,1280,88,76,444,138,406,4918,282,4,0,-1308,32,1720,208,8402
20241027,12:30,8406,3214,590,1282,96,54,448,140,418,4580,352,10,0,-1030,40,1644,208,8406
20241027,13:00,8508,3218,564,1294,94,74,446,138,402,4522,209,12,0,-770,20,1716,210,8508
20241027,13:30,8550,3214,546,1526,98,54,436,140,422,4026,122,14,0,-458,12,1688,208,8550
20241027,14:00,8490,3218,556,1680,96,74,430,138,400,3376,0,12,0,-40,-4,1656,210,8490
20241027,14:30,8520,3212,574,1712,102,54,426,140,422,2844,0,16,0,0,-18,1168,204,8520
20241027,15:00,8358,3216,638,1920,104,74,430,138,404,2112,0,20,0,26,-2,924,202,8358
20241027,15:30,8416,3216,714,2096,108,58,466,140,450,1412,0,30,0,520,36,1032,202,8416
20241027,16:00,8352,3218,694,2722,108,80,486,138,490,882,0,46,0,284,-34,968,206,8352
20241027,16:30,8464,3214,738,3274,116,92,544,138,514,626,0,68,0,34,-38,1080,224,8464
20241027,17:00,8598,3218,688,3878,114,190,558,140,502,270,0,70,0,0,-34,1264,268,8598
20241027,17:30,8926,3216,772,4042,120,166,758,138,518,60,0,64,0,-40,-8,1160,280,8926
20241027,18:00,9102,3218,850,4202,122,172,828,140,508,0,0,58,0,-240,12,1052,284,9102
20241027,18:30,9122,3210,874,4392,124,164,842,140,518,0,0,66,0,0,2,1492,282,9122
20241027,19:00,9034,3212,768,4342,122,182,850,138,510,0,0,66,0,0,-6,1432,282,9034
20241027,19:30,8922,3212,872,4254,120,162,704,140,522,0,0,76,0,0,4,1424,280,8922
20241027,20:00,8698,3210,826,4106,114,184,650,138,508,0,0,74,0,0,2,1392,278,8698
20241027,20:30,8446,3210,754,3968,112,164,648,140,520,0,0,72,0,0,0,1420,278,8446
20241027,21:00,8302,3212,746,3866,106,182,590,138,504,0,0,70,0,0,2,1392,278,8302
20241027,21:30,8156,3218,660,3322,106,164,584,140,526,0,0,76,0,0,28,944,276,8156
20241027,22:00,7982,3216,692,2862,102,184,552,138,510,0,0,90,0,0,14,656,278,7982
20241027,22:30,7870,3216,788,2622,98,160,488,140,528,0,0,108,0,0,22,576,276,7870
20241027,23:00,7630,3218,664,2380,94,190,472,140,510,0,0,104,0,0,10,426,274,7630
20241027,23:30,7526,3212,708,2200,90,168,466,140,528,0,0,110,0,0,14,384,274,7526
20241027,24:00:00,7326,3218,542,2176,84,184,476,140,512,0,0,104,0,0,4,390,276,7326
20241028,0:30,7118,3216,482,1996,86,164,470,140,530,0,0,86,0,0,-8,320,276,7118
20241028,1:00,6870,3212,516,1782,80,190,448,140,514,0,0,86,0,0,-14,360,276,6870
20241028,1:30,6762,3218,496,1616,82,162,454,140,530,0,0,80,0,0,-12,280,276,6762
20241028,2:00,6730,3218,428,1622,78,194,460,140,512,0,0,64,0,0,-20,244,278,6730
20241028,2:30,6824,3214,470,1630,78,168,464,140,528,0,0,54,0,0,-6,192,276,6824
20241028,3:00,6828,3220,404,1820,78,184,546,140,514,0,0,40,0,0,-24,368,274,6828
20241028,3:30,7272,3212,516,2332,80,166,560,140,530,0,0,44,0,0,-16,568,276,7272
20241028,4:00,7490,3218,536,2462,78,184,568,140,512,0,0,50,0,0,-14,520,276,7490
20241028,4:30,7698,3214,550,2934,82,168,606,140,524,0,0,54,0,0,-14,836,276,7698
20241028,5:00,7906,3212,520,3488,82,180,628,140,510,0,0,58,0,0,-10,1180,278,7906
20241028,5:30,8184,3212,532,4016,86,160,638,140,524,0,0,72,0,0,-16,1456,276,8184
20241028,6:00,8104,3214,486,4056,86,190,630,140,502,0,0,86,0,0,-20,1544,278,8104
20241028,6:30,8064,3216,518,3810,90,164,604,140,524,0,0,82,0,0,-36,1324,276,8064
20241028,7:00,8118,3214,584,3732,90,184,616,140,502,6,0,84,0,0,-36,1268,270,8118
20241028,7:30,8250,3214,642,3792,96,166,588,142,518,127,0,85,0,0,-2,1384,266,8250
20241028,8:00,8368,3218,492,3652,96,184,538,138,502,355,0,69,0,0,-30,1112,266,8368
20241028,8:30,8758,3216,596,3556,98,160,518,142,520,673,0,85,0,76,4,1152,266,8758
20241028,9:00,9206,3218,584,3758,96,190,452,138,496,1141,0,69,0,196,26,1424,266,9206
20241028,9:30,9466,3216,518,3600,104,162,442,134,518,1613,0,65,0,100,22,1292,264,9466
20241028,10:00,9546,3182,566,3342,100,188,438,132,498,2221,0,57,0,102,4,1548,264,9546
20241028,10:30,9604,3140,530,3044,106,158,434,134,512,3044,0,52,0,0,-4,1808,262,9604
20241028,11:00,9548,3138,538,3054,102,162,420,132,498,3690,0,52,0,-66,-14,2420,262,9548
20241028,11:30,9644,3150,448,3048,106,136,390,134,518,4390,0,58,0,-438,-26,2532,262,9644
20241028,12:00,9628,3170,522,2776,106,142,392,132,494,5112,0,56,0,-1118,-14,2404,262,9628
20241028,12:30,9502,3182,548,2334,110,134,394,134,498,5482,0,54,0,-1294,-22,2316,264,9502
20241028,13:00,9172,3200,578,2092,106,142,386,130,494,5128,0,44,0,-1136,8,2264,264,9172
20241028,13:30,9370,3212,620,2544,114,126,388,134,496,4885,0,43,0,-1100,4,2360,264,9370
20241028,14:00,9448,3214,762,3004,114,140,382,130,480,4391,0,41,0,-1084,-4,2384,262,9448
20241028,14:30,9650,3216,872,3052,116,134,426,132,500,4002,0,46,0,-750,2,2360,262,9650
20241028,15:00,9596,3220,836,3474,112,170,500,132,494,3472,0,40,0,-740,0,2376,262,9596
20241028,15:30,9616,3214,1010,3546,116,160,530,132,500,2642,0,46,0,-214,14,2344,264,9616
20241028,16:00,9716,3216,1066,3906,114,188,750,134,494,1766,0,52,0,60,34,2328,264,9716
20241028,16:30,9896,3216,1154,4116,118,164,802,134,510,1100,0,64,0,460,6,2216,268,9896
20241028,17:00,9934,3218,1046,4780,120,186,812,132,486,438,0,80,0,346,0,1980,270,9934
20241028,17:30,9788,3212,984,4962,118,164,848,140,516,76,0,104,0,258,10,1876,272,9788
20241028,18:00,9888,3206,888,5066,122,180,888,142,502,0,0,104,0,288,6,1780,276,9888
20241028,18:30,9876,3212,898,4686,124,168,926,142,522,0,0,114,0,430,0,1620,274,9876
20241028,19:00,9744,3212,910,4480,124,186,938,138,504,0,0,120,0,432,0,1572,272,9744
20241028,19:30,9538,3212,894,4548,118,168,878,142,518,0,0,122,0,406,0,1736,268,9538
20241028,20:00,9338,3212,890,4554,114,184,784,142,504,0,0,122,0,350,0,1784,266,9338
20241028,20:30,9094,3220,928,4498,112,164,756,142,518,0,0,122,0,208,0,1840,266,9094
20241028,21:00,8938,3218,870,4312,106,182,708,140,504,0,0,126,0,160,0,1656,268,8938
20241028,21:30,8718,3218,932,4320,104,168,680,142,522,0,0,130,0,0,0,1764,266,8718
20241028,22:00,8510,3220,830,4172,98,186,584,140,502,0,0,130,0,0,0,1620,268,8510
20241028,22:30,8434,3212,896,4218,98,164,490,142,522,0,0,124,0,0,-2,1696,266,8434
20241028,23:00,8122,3220,756,3996,92,184,470,140,506,0,0,116,0,0,6,1628,264,8122
20241028,23:30,8128,3220,630,3864,92,166,468,142,524,0,0,128,0,0,14,1384,264,8128
20241028,24:00:00,7896,3216,582,3144,84,190,454,140,508,0,0,122,0,0,10,820,266,7896
20241029,0:30,7590,3218,526,2950,84,164,446,142,522,0,0,128,0,0,4,864,270,7590
20241029,1:00,7318,3222,454,2876,80,180,428,140,510,0,0,132,0,0,-2,972,270,7318
20241029,1:30,7166,3216,418,2864,80,168,422,142,522,0,0,130,0,0,-24,1044,272,7166
20241029,2:00,7146,3216,422,2966,76,184,412,140,506,0,0,124,0,0,-20,1152,272,7146
20241029,2:30,7248,3220,488,2904,78,160,422,142,524,0,0,128,0,0,-8,1080,270,7248
20241029,3:00,7428,3214,494,3088,80,188,424,140,508,0,0,126,0,0,-8,1096,270,7428
20241029,3:30,7542,3220,552,3448,76,178,434,140,500,0,0,114,0,0,-10,1376,266,7542
20241029,4:00,7938,3218,608,3826,80,170,438,142,522,0,0,118,0,0,-6,1448,270,7938
20241029,4:30,8116,3212,492,4100,82,160,512,142,524,0,0,124,0,0,0,1504,272,8116
20241029,5:00,8406,3218,548,4288,80,188,530,140,506,0,0,126,0,0,10,1500,272,8406
20241029,5:30,8494,3214,576,4730,84,162,540,142,526,0,0,116,0,0,0,1868,272,8494
20241029,6:00,8486,3214,550,4610,86,182,546,140,512,0,0,114,0,0,0,1740,272,8486
20241029,6:30,8478,3212,538,4430,90,166,520,142,526,0,0,114,0,0,6,1536,270,8478
20241029,7:00,8426,3218,572,4270,94,182,482,140,516,6,0,114,0,0,10,1448,270,8426
20241029,7:30,8446,3216,660,4274,96,170,412,142,526,118,0,114,0,0,-4,1548,270,8446
20241029,8:00,8536,3218,696,4172,98,176,416,140,504,358,0,112,0,0,8,1632,270,8536
20241029,8:30,8978,3216,650,4296,106,158,440,142,510,644,0,116,0,0,2,1572,270,8978
20241029,9:00,9334,3216,692,4576,104,194,446,140,500,948,0,96,0,0,0,1848,270,9334
20241029,9:30,9674,3220,728,4356,110,166,492,140,518,1302,0,102,0,0,0,1728,268,9674
20241029,10:00,9840,3216,784,4496,104,180,496,142,504,1454,0,98,0,0,28,1928,266,9840
20241029,10:30,9830,3216,742,4486,104,164,508,140,512,1656,0,90,0,0,2,2056,266,9830
20241029,11:00,9794,3214,774,4342,102,180,494,140,502,1522,0,70,0,0,6,1816,264,9794
20241029,11:30,9840,3218,814,4654,106,162,506,140,514,1665,0,67,0,136,2,2408,264,9840
20241029,12:00,9824,3216,776,4482,106,184,512,140,502,1807,0,61,0,112,0,2340,266,9824
20241029,12:30,9378,3218,744,4080,108,164,492,138,512,1851,0,45,0,50,2,2292,266,9378
20241029,13:00,9286,3216,746,4018,102,182,472,140,494,1939,0,37,0,0,0,2328,268,9286
20241029,13:30,9702,3220,866,4370,108,154,480,140,508,1893,0,31,0,0,2,2336,266,9702
20241029,14:00,9864,3216,854,4686,106,188,490,140,496,1753,0,31,0,0,0,2364,268,9864
20241029,14:30,9930,3216,928,4982,108,164,448,140,498,1499,0,39,0,0,2,2360,266,9930
20241029,15:00,9794,3216,1048,5018,108,182,446,140,480,1127,0,45,0,0,0,2280,264,9794
20241029,15:30,9758,3218,1080,5010,112,178,480,140,510,926,0,58,0,0,0,2220,266,9758
20241029,16:00,9884,3218,998,4874,110,204,532,140,498,602,0,76,0,0,0,1636,268,9884
20241029,16:30,9834,3216,938,4748,114,186,618,140,512,318,0,80,0,60,0,1368,272,9834
20241029,17:00,9858,3218,874,5002,112,204,642,140,500,154,0,92,0,294,0,1648,274,9858
20241029,17:30,9816,3220,898,4836,116,182,830,140,516,49,0,91,0,392,0,1736,282,9816
20241029,18:00,9910,3216,856,5060,118,208,892,140,502,0,0,96,0,358,0,1820,284,9910
20241029,18:30,9950,3212,856,5062,122,182,942,140,518,3,0,101,0,204,0,1676,284,9950
20241029,19:00,9774,3210,896,4730,118,194,944,140,504,0,0,108,0,326,0,1676,280,9774
20241029,19:30,9544,3210,868,4610,116,166,952,140,520,0,0,112,0,216,0,1644,278,9544
20241029,20:00,9382,3214,918,4268,110,180,868,140,504,0,0,112,0,276,0,1486,278,9382
20241029,20:30,9118,3214,840,4394,108,170,852,140,516,0,0,110,0,246,0,1752,280,9118
20241029,21:00,8968,3210,850,4208,106,174,712,140,506,0,0,98,0,266,0,1582,280,8968
20241029,21:30,8784,3216,874,4078,104,162,646,140,518,0,0,98,0,288,0,1620,280,8784
20241029,22:00,8510,3218,730,4088,98,182,618,140,502,0,0,92,0,210,0,1648,280,8510
20241029,22:30,8404,3218,796,3868,96,160,556,140,514,0,0,98,0,238,2,1560,278,8404
20241029,23:00,8136,3216,788,3714,94,184,532,140,488,0,0,102,0,276,12,1688,278,8136
20241029,23:30,8296,3216,866,3798,88,162,540,140,494,0,0,102,0,94,18,1500,278,8296
20241029,24:00:00,7900,3216,744,3214,84,182,546,140,472,0,0,100,0,-2,0,1076,280,7900
20241030,0:30,7648,3218,630,3050,84,160,542,140,486,0,0,98,0,0,-24,1016,280,7648
20241030,1:00,7428,3216,662,2660,84,182,524,140,460,0,0,104,0,0,-14,872,282,7428
20241030,1:30,7252,3216,572,2464,80,164,516,140,464,0,0,112,0,0,-12,744,280,7252
20241030,2:00,7190,3218,628,2366,76,178,508,140,438,0,0,110,0,0,-10,744,282,7190
20241030,2:30,7282,3216,598,2500,80,162,520,140,446,0,0,136,0,0,-8,788,280,7282
20241030,3:00,7362,3216,594,2712,80,182,518,140,434,0,0,128,0,0,-12,908,278,7362
20241030,3:30,7642,3214,606,3324,80,168,508,140,442,0,0,126,0,0,-4,1240,278,7642
20241030,4:00,7968,3214,680,3610,80,176,488,140,436,0,0,142,0,0,2,1280,280,7968
20241030,4:30,8158,3214,674,3898,84,164,492,142,446,0,0,140,0,0,8,1384,280,8158
20241030,5:00,8386,3212,606,4294,80,180,498,142,432,0,0,148,0,0,0,1488,282,8386
20241030,5:30,8540,3212,660,4444,88,160,568,142,450,0,0,154,0,0,42,1660,280,8540
20241030,6:00,8468,3212,708,4172,86,186,576,140,430,0,0,156,0,0,12,1492,282,8468
20241030,6:30,8420,3216,768,4064,90,166,554,142,444,1,0,155,0,170,4,1632,278,8420
20241030,7:00,8358,3218,734,3756,92,180,536,140,438,19,0,173,0,194,2,1400,276,8358
20241030,7:30,8332,3218,736,3586,98,158,514,142,442,329,0,185,0,62,2,1416,276,8332
20241030,8:00,8324,3214,830,2774,98,190,512,140,430,763,0,173,0,0,14,1088,274,8324
20241030,8:30,8422,3216,680,2250,102,162,520,142,434,1562,0,160,0,62,-6,1136,274,8422
20241030,9:00,8718,3220,626,1874,104,182,522,140,422,2526,0,162,0,84,-24,1392,272,8718
20241030,9:30,9020,3216,562,1858,108,166,504,142,430,3678,0,160,0,-202,-26,1848,272,9020
20241030,10:00,9134,3218,660,1746,106,176,482,138,418,4704,0,152,0,-800,-16,2124,274,9134
20241030,10:30,9224,3216,600,1604,110,146,460,140,422,5490,0,150,0,-884,-24,2476,270,9224
20241030,11:00,9334,3218,640,1472,100,146,438,138,388,5934,0,144,0,-1092,-6,2456,270,9334
20241030,11:30,9310,3218,606,1424,104,132,446,140,354,6457,0,145,0,-1422,-20,2544,270,9310
20241030,12:00,9506,3218,544,1368,102,142,448,138,352,6745,442,141,0,-1554,-16,2392,270,9506
20241030,12:30,9156,3216,518,1316,100,128,414,138,360,6647,583,139,0,-1594,-24,2476,274,9156
20241030,13:00,8986,3218,518,1318,92,138,396,140,348,6613,591,139,0,-1598,-28,2580,272,8986
20241030,13:30,9422,3220,594,1356,98,130,398,140,350,6441,582,143,0,-1386,6,2340,272,9422
20241030,14:00,9542,3214,722,1428,98,148,402,136,370,6229,126,139,0,-1272,8,2352,272,9542
20241030,14:30,9440,3216,674,1624,102,152,422,134,420,5441,0,143,0,-806,0,2352,270,9440
20241030,15:00,9562,3218,752,1964,102,170,426,134,406,4681,0,131,0,-392,2,2304,272,9562
20241030,15:30,9518,3216,732,2474,104,172,534,136,434,3594,0,130,0,-40,2,2240,270,9518
20241030,16:00,9474,3216,686,3276,108,178,750,134,444,2380,0,134,0,286,2,2392,272,9474
20241030,16:30,9588,3212,754,3914,110,164,802,138,478,1356,0,128,0,564,12,2320,276,9588
20241030,17:00,9640,3220,716,4352,108,176,854,136,472,546,0,128,0,528,16,1888,276,9640
20241030,17:30,9584,3214,662,4692,112,164,902,138,498,100,0,140,0,640,12,1968,278,9584
20241030,18:00,9708,3216,666,4706,114,168,924,140,482,0,0,138,0,594,0,1720,280,9708
20241030,18:30,9686,3208,664,4662,116,162,946,142,498,0,0,158,0,584,2,1736,280,9686
20241030,19:00,9592,3214,694,4572,118,182,934,140,488,0,0,158,0,560,0,1748,280,9592
20241030,19:30,9372,3210,676,4614,112,162,924,142,500,0,0,158,0,438,2,1844,278,9372
20241030,20:00,9146,3212,698,4698,108,178,728,140,492,0,0,184,0,294,0,1864,278,9146
20241030,20:30,8884,3212,664,4618,108,166,694,142,498,0,0,192,0,296,2,1984,276,8884
20241030,21:00,8776,3212,688,4212,102,170,676,140,488,0,0,198,0,152,-18,1522,278,8776
20241030,21:30,8480,3220,656,3998,104,174,662,142,494,0,0,194,0,118,-10,1548,276,8480
20241030,22:00,8274,3218,748,3422,92,166,636,140,484,0,0,188,0,204,4,1298,270,8274
20241030,22:30,8186,3218,848,3364,94,170,596,142,494,0,0,200,0,128,-2,1340,274,8186
20241030,23:00,7944,3218,782,3306,92,172,580,142,494,0,0,180,0,-2,2,1294,272,7944
20241030,23:30,7910,3218,850,3240,86,130,556,142,494,0,0,166,0,0,10,1228,246,7910
20241030,24:00:00,7652,3218,740,2736,84,108,546,140,486,0,0,164,0,0,-6,774,210,7652
20241031,0:30,7358,3222,766,2230,82,98,566,142,494,0,0,178,0,0,16,640,204,7358
20241031,1:00,7132,3216,734,2146,78,100,560,140,492,0,0,170,0,0,6,716,206,7132
20241031,1:30,6982,3216,676,2098,78,100,560,142,494,0,0,162,0,0,-8,740,204,6982
20241031,2:00,6994,3220,698,2024,74,102,558,140,494,0,0,166,0,0,-8,680,206,6994
20241031,2:30,7018,3218,696,2020,76,92,570,142,494,0,0,164,0,0,-10,648,204,7018
20241031,3:00,7206,3218,662,2238,74,108,564,142,486,0,0,170,0,0,-10,648,202,7206
20241031,3:30,7478,3216,692,2436,78,92,578,142,498,0,0,176,0,0,-8,624,202,7478
20241031,4:00,7682,3218,750,2958,76,104,558,142,480,0,0,182,0,0,-10,980,204,7682
20241031,4:30,7950,3212,630,3586,82,98,568,142,490,0,0,192,0,0,-18,1236,204,7950
20241031,5:00,8244,3216,782,3834,80,104,582,142,482,0,0,170,0,0,-2,1352,206,8244
20241031,5:30,8340,3214,800,4442,86,100,590,142,490,0,0,168,0,0,8,1904,204,8340
20241031,6:00,8336,3214,686,4534,82,100,598,142,484,0,0,158,0,0,-4,1864,206,8336
20241031,6:30,8308,3216,738,4058,88,112,590,142,492,0,0,162,0,0,4,1516,222,8308
20241031,7:00,8218,3218,602,4018,90,186,568,142,482,8,0,158,0,0,-32,1488,266,8218
20241031,7:30,8230,3212,648,3650,96,166,560,142,484,162,0,160,0,0,-20,1304,274,8230
20241031,8:00,8202,3220,558,3522,98,178,554,142,474,418,0,158,0,0,-28,1368,276,8202
20241031,8:30,8492,3218,654,3392,106,168,550,142,476,842,0,144,0,0,-2,1472,274,8492
20241031,9:00,8858,3216,650,3198,106,178,550,142,474,1342,0,124,0,-264,-2,1132,276,8858
20241031,9:30,9106,3218,676,3146,110,170,536,142,488,1788,0,104,0,-264,12,1296,276,9106
20241031,10:00,9202,3218,826,2734,110,168,522,142,494,2080,0,84,0,-254,14,1212,276,9202
20241031,10:30,9238,3216,862,2552,108,162,494,140,506,2493,0,81,0,-236,22,1436,274,9238
20241031,11:00,9228,3218,774,2092,106,156,498,140,500,2847,0,91,0,-76,-8,1384,274,9228
20241031,11:30,9344,3218,822,1928,108,138,484,140,512,2972,0,88,0,-204,16,1152,274,9344
20241031,12:00,9376,3214,934,2264,108,140,480,140,494,2658,0,82,0,-454,20,980,276,9376
20241031,12:30,9004,3218,908,2140,106,132,484,140,506,2476,0,76,0,-376,22,1104,276,9004
20241031,13:00,8906,3218,756,2232,104,134,486,140,500,2460,0,74,0,-518,-14,944,278,8906
20241031,13:30,9246,3218,852,2764,108,144,492,140,506,2436,0,72,0,-642,-12,1108,276,9246
20241031,14:00,9314,3212,948,3540,106,148,486,140,496,2096,0,62,0,-396,-10,1792,278,9314
20241031,14:30,9378,3222,988,4192,110,170,490,140,508,1774,0,70,0,-336,-10,2216,276,9378
20241031,15:00,9440,3216,1000,4104,110,176,492,142,502,1308,0,62,0,-200,-4,1744,276,9440
20241031,15:30,9270,3214,918,4440,114,170,522,142,506,892,0,62,0,-98,8,1896,276,9270
20241031,16:00,9346,3216,762,4892,112,172,742,140,510,596,0,84,0,0,-6,2152,278,9346
20241031,16:30,9478,3216,800,4848,118,162,830,142,514,361,0,83,0,0,-18,1860,282,9478
20241031,17:00,9508,3216,924,4786,116,180,920,140,506,135,0,99,0,0,-34,1764,284,9508
20241031,17:30,9524,3218,834,5048,120,168,968,142,512,20,0,102,0,84,-2,1976,286,9524
20241031,18:00,9652,3218,854,4780,122,170,982,140,508,0,0,110,0,286,0,1804,286,9652
20241031,18:30,9690,3208,786,4896,126,170,972,142,512,1,0,101,0,292,24,1824,284,9690
20241031,19:00,9572,3214,806,4796,122,176,962,140,506,0,0,100,0,286,-2,1816,282,9572
20241031,19:30,9358,3212,794,4586,120,166,832,142,516,0,0,112,0,286,32,1720,280,9358
20241031,20:00,9134,3212,784,4520,114,176,750,140,508,0,0,116,0,288,8,1760,278,9134
20241031,20:30,8906,3210,698,4498,112,166,748,142,512,0,0,116,0,290,2,1868,280,8906
20241031,21:00,8790,3214,828,4174,108,180,660,140,510,0,0,110,0,144,-2,1558,282,8790
20241031,21:30,8632,3218,882,4092,108,166,628,142,516,0,0,108,0,62,-2,1568,280,8632
20241031,22:00,8462,3222,804,3714,100,182,620,140,508,0,0,110,0,0,-6,1214,282,8462
20241031,22:30,8358,3214,830,3132,98,168,600,142,514,0,0,112,0,0,-12,720,280,8358
20241031,23:00,8076,3218,798,2654,96,178,590,140,512,0,0,108,0,0,12,510,280,8076
20241031,23:30,8052,3216,902,2498,92,162,550,142,516,0,0,108,0,0,14,428,280,8052
20241031,24:00:00,7872,3218,768,2336,88,182,536,140,498,0,0,94,0,0,30,298,280,7872
