単位[MW平均],,,供給力(確報),,,,,,,,,,,,,,,,
DATE,TIME,エリア需要,原子力,火力（ＬＮＧ）,火力（石炭）,火力（石油）,火力（その他）,水力,地熱,バイオマス,太陽光発電実績,太陽光出力制御量,風力発電実績,風力出力制御量,揚水,蓄電池,連系線,その他,合計
20250401,0:30,8996,2996,1456,3852,86,350,240,164,716,0,0,74,0,120,-22,1240,204,8996
20250401,1:00,8748,2990,1512,3856,86,366,226,162,704,0,0,54,0,118,-40,1488,202,8748
20250401,1:30,8708,2996,1554,3938,82,348,226,164,714,0,0,60,0,122,-34,1664,202,8708
20250401,2:00,8796,2988,1546,3984,78,368,226,162,704,0,0,56,0,120,-40,1600,204,8796
20250401,2:30,8992,2994,1662,4058,80,346,238,164,712,0,0,44,0,122,-14,1616,202,8992
20250401,3:00,9254,2992,1910,4152,78,364,242,162,698,0,0,34,0,122,16,1720,204,9254
20250401,3:30,9610,2992,2304,4150,82,346,246,164,714,0,0,38,0,136,16,1780,202,9610
20250401,4:00,9776,2992,2318,4150,80,362,238,160,696,0,0,60,0,120,28,1632,204,9776
20250401,4:30,9948,2992,2374,4158,86,348,370,164,708,0,0,72,0,122,30,1680,204,9948
20250401,5:00,9992,2990,2036,4150,88,368,512,162,688,0,0,70,0,216,-4,1488,204,9992
20250401,5:30,10196,2990,2052,4158,92,342,606,164,702,1,0,77,0,242,2,1436,204,10196
20250401,6:00,10318,2994,2040,4154,90,344,604,160,684,0,0,86,0,236,-2,1276,204,10318
20250401,6:30,10460,2988,2058,4154,98,292,722,164,688,4,0,106,0,242,6,1268,206,10460
20250401,7:00,10526,2992,1914,4136,100,314,656,162,672,114,0,116,0,238,-30,1064,206,10526
20250401,7:30,10640,2996,1718,3986,104,264,448,164,672,468,0,116,0,234,-40,696,206,10640
20250401,8:00,10606,2990,1458,3728,108,268,386,162,648,806,0,114,0,328,-38,556,204,10606
20250401,8:30,10756,2994,1512,3838,108,232,320,164,654,1250,0,126,0,306,-32,920,204,10756
20250401,9:00,11040,2990,1526,3918,110,236,320,160,642,1686,0,122,0,294,-42,1124,202,11040
20250401,9:30,11088,2996,1276,3206,112,234,244,164,646,2191,0,125,0,308,-12,604,202,11088
20250401,10:00,10882,2994,1052,2876,102,226,222,160,632,2903,0,149,0,86,4,724,200,10882
20250401,10:30,10626,2990,1080,2666,108,184,222,164,640,3490,0,166,0,-308,10,984,198,10626
20250401,11:00,10524,2996,1106,2892,104,172,224,160,640,3646,0,160,0,-574,32,1232,198,10524
20250401,11:30,10452,2992,1204,2966,102,156,234,162,644,3628,0,154,0,-382,34,1640,198,10452
20250401,12:00,10394,2992,820,2966,102,162,240,162,642,3622,0,150,0,-260,42,1444,198,10394
20250401,12:30,10254,2994,800,2828,100,168,234,164,648,3610,0,146,0,-828,-4,804,198,10254
20250401,13:00,9956,2994,900,2912,98,190,226,160,634,3350,0,136,0,-1044,10,808,198,9956
20250401,13:30,10216,2992,920,2968,98,182,222,164,634,3200,0,144,0,-674,4,836,198,10216
20250401,14:00,10204,2994,836,2968,96,188,224,160,630,3032,0,134,0,-394,-2,860,198,10204
20250401,14:30,10258,2994,1120,2972,94,176,230,164,636,2894,0,128,0,-256,8,1100,198,10258
20250401,15:00,10158,2988,1110,2966,92,192,238,160,632,2562,0,132,0,-142,18,988,198,10158
20250401,15:30,10146,2996,1124,2972,96,182,238,164,652,2132,0,134,0,236,-22,956,198,10146
20250401,16:00,10284,2994,1182,2974,96,212,232,160,654,1722,0,140,0,390,-38,632,198,10284
20250401,16:30,10376,2992,1242,3218,98,226,288,164,664,1510,0,144,0,198,-46,520,198,10376
20250401,17:00,10442,2992,1290,3322,98,248,302,162,656,1170,0,142,0,152,-34,256,198,10442
20250401,17:30,10404,2990,1168,3910,104,232,344,164,682,756,0,140,0,120,-34,372,200,10404
20250401,18:00,10624,2988,1512,4098,106,258,412,162,678,400,0,136,0,122,2,452,202,10624
20250401,18:30,10782,2988,1932,4154,112,296,450,164,696,68,0,138,0,424,30,872,202,10782
20250401,19:00,11116,2990,1826,4148,114,302,800,162,694,0,0,134,0,372,40,672,206,11116
20250401,19:30,11098,2994,1806,4152,116,302,844,164,700,0,0,144,0,334,24,688,206,11098
20250401,20:00,10914,2988,1670,4156,114,308,846,162,686,0,0,140,0,292,2,656,206,10914
20250401,20:30,10830,2996,1804,4154,110,302,672,164,694,0,0,148,0,322,14,752,202,10830
20250401,21:00,10706,2994,1788,4150,110,284,640,162,688,0,0,150,0,290,10,760,200,10706
20250401,21:30,10520,2996,1732,4152,108,274,596,164,698,0,0,124,0,178,2,704,200,10520
20250401,22:00,10248,2996,1500,4150,98,280,464,162,686,0,0,96,0,120,2,504,198,10248
20250401,22:30,10088,2994,1748,4152,96,262,298,164,700,0,0,84,0,120,26,756,200,10088
20250401,23:00,9700,2996,1254,4150,92,282,236,162,690,0,0,98,0,118,12,588,198,9700
20250401,23:30,9490,2992,1320,4154,88,252,232,164,702,0,0,86,0,120,14,832,198,9490
20250401,24:00:00,9134,2994,1148,3954,84,252,232,162,696,0,0,66,0,116,-2,768,200,9134
20250402,0:30,8790,2994,1138,3576,80,234,236,164,702,0,0,44,0,120,-34,664,200,8790
20250402,1:00,8518,2992,1108,3608,80,250,228,162,696,0,0,34,0,120,-36,924,200,8518
20250402,1:30,8464,2994,1116,3508,78,232,236,164,702,0,0,38,0,124,-36,892,200,8464
20250402,2:00,8506,2992,1158,3638,74,254,230,162,692,0,0,36,0,122,-36,1016,200,8506
20250402,2:30,8736,2992,1244,3988,78,234,244,164,706,0,0,38,0,122,-38,1236,200,8736
20250402,3:00,8964,2994,1296,4156,76,256,246,162,692,0,0,46,0,122,-38,1244,200,8964
20250402,3:30,9286,2992,1786,4156,78,262,262,164,712,0,0,50,0,122,10,1508,200,9286
20250402,4:00,9460,2992,1830,4152,78,322,252,162,680,0,0,46,0,118,28,1400,200,9460
20250402,4:30,9606,2994,1860,4154,82,284,368,164,706,0,0,50,0,120,32,1408,200,9606
20250402,5:00,9682,2994,1638,4150,84,320,554,162,684,0,0,38,0,118,28,1288,200,9682
20250402,5:30,9758,2992,1568,4150,86,304,646,164,696,0,0,48,0,118,30,1244,200,9758
20250402,6:00,9746,2994,1400,4154,86,342,668,160,676,0,0,52,0,116,4,1108,202,9746
20250402,6:30,9788,2994,1468,4156,92,330,800,164,692,2,0,56,0,118,-24,1260,200,9788
20250402,7:00,9664,2994,1394,4140,94,330,724,162,692,188,0,52,0,112,-44,1376,202,9664
20250402,7:30,9726,2996,1268,3926,98,312,518,164,696,850,0,48,0,168,-30,1488,200,9726
20250402,8:00,9570,2994,1044,3674,96,306,414,160,682,1500,0,46,0,126,-38,1636,202,9570
20250402,8:30,9720,2996,1202,3306,94,278,354,162,694,2423,0,53,0,126,0,2168,200,9720
20250402,9:00,9912,2992,1020,2718,92,278,344,162,676,3423,0,51,0,124,-32,2136,200,9912
20250402,9:30,9864,2994,804,2284,90,242,266,164,678,4268,0,60,0,42,22,2248,198,9864
20250402,10:00,9608,2942,922,1686,88,234,232,160,648,4914,0,54,0,-244,38,2264,198,9608
20250402,10:30,9536,2918,636,1308,80,208,240,162,610,5658,1,58,0,-584,28,1980,194,9536
20250402,11:00,9656,2920,480,1136,72,224,240,162,546,6046,337,60,0,-746,28,1700,188,9656
20250402,11:30,9718,2924,506,1086,76,198,244,162,572,6308,475,60,0,-734,38,1904,182,9718
20250402,12:00,9552,2938,602,1058,78,220,242,160,554,6280,620,52,0,-716,16,2112,180,9552
20250402,12:30,9376,2946,564,1056,76,204,242,162,572,6204,1033,60,0,-760,-4,2124,178,9376
20250402,13:00,9390,2964,668,1064,78,218,228,160,562,6258,1224,70,0,-938,8,2128,178,9390
20250402,13:30,9514,2976,750,1064,78,192,224,164,570,6322,874,78,0,-934,-2,2144,176,9514
20250402,14:00,9264,2980,520,1058,76,224,216,160,554,6260,308,84,0,-894,-4,2148,178,9264
20250402,14:30,9200,2994,522,1066,70,210,226,162,570,6124,320,74,0,-896,6,2104,176,9200
20250402,15:00,8812,2994,508,1082,70,236,236,158,552,6034,1,70,0,-1088,-18,2200,178,8812
20250402,15:30,8624,2994,612,1392,70,242,236,162,602,5696,0,66,0,-1366,10,2268,176,8624
20250402,16:00,8750,2990,746,1682,76,310,226,162,646,4990,0,68,0,-1074,-38,2212,178,8750
20250402,16:30,8922,2992,684,2352,80,324,292,162,678,4317,0,65,0,-870,-42,2288,176,8922
20250402,17:00,9092,2992,736,3026,84,344,310,160,676,3263,0,59,0,-524,-36,2176,178,9092
20250402,17:30,9270,2986,922,3366,88,332,352,164,688,2261,0,55,0,-240,-38,1844,178,9270
20250402,18:00,9368,2988,914,3556,92,354,410,162,682,1115,0,43,0,62,-42,1148,180,9368
20250402,18:30,9464,2988,1114,3790,100,354,440,164,682,296,0,40,0,316,-14,992,186,9464
20250402,19:00,9758,2992,1140,3954,104,318,780,162,686,0,0,34,0,642,36,1276,186,9758
20250402,19:30,9974,2992,1078,3894,112,340,848,164,688,0,0,38,0,656,46,1064,182,9974
20250402,20:00,9886,2992,1088,3690,108,354,848,162,676,0,0,44,0,696,40,996,184,9886
20250402,20:30,9820,2996,1214,3866,110,348,708,164,688,0,0,52,0,632,14,1156,184,9820
20250402,21:00,9696,2992,1180,4110,110,346,648,162,680,0,0,58,0,518,-2,1284,178,9696
20250402,21:30,9596,2994,1180,4122,104,336,560,166,684,0,0,56,0,556,4,1344,178,9596
20250402,22:00,9430,2994,1148,4106,98,342,368,160,680,0,0,62,0,516,6,1228,178,9430
20250402,22:30,9350,2992,1346,4082,96,338,238,164,686,0,0,66,0,518,26,1380,178,9350
20250402,23:00,9126,2994,1196,4074,90,346,218,164,682,0,0,74,0,384,6,1280,178,9126
20250402,23:30,9010,2994,1294,3980,86,332,228,166,690,0,0,86,0,292,-4,1312,178,9010
20250402,24:00:00,8692,2992,1114,3874,82,348,232,162,678,0,0,90,0,120,-2,1176,178,8692
20250403,0:30,8424,2994,1180,3800,78,320,240,166,692,0,0,104,0,120,-20,1436,186,8424
20250403,1:00,8228,2992,1188,3542,78,342,228,162,674,0,0,104,0,118,-10,1376,186,8228
20250403,1:30,8234,2996,1200,3664,76,320,218,164,690,0,0,112,0,122,-10,1504,186,8234
20250403,2:00,8330,2990,1186,3678,74,338,222,164,678,0,0,114,0,120,-24,1396,186,8330
20250403,2:30,8598,2996,1272,3890,76,318,236,166,690,0,0,114,0,124,-6,1464,186,8598
20250403,3:00,8882,2990,1386,4108,76,340,244,162,678,0,0,106,0,124,2,1520,186,8882
20250403,3:30,9212,2996,1420,4146,78,318,316,164,688,0,0,110,0,240,14,1464,186,9212
20250403,4:00,9478,2992,1238,4080,80,340,360,164,674,0,0,96,0,238,20,992,188,9478
20250403,4:30,9626,2994,1380,4140,80,322,364,164,688,0,0,92,0,236,4,1024,186,9626
20250403,5:00,9728,2994,1254,4128,80,334,446,164,682,0,0,84,0,240,6,872,188,9728
20250403,5:30,9824,2994,1226,3888,84,320,514,164,694,1,0,105,0,424,4,784,190,9824
20250403,6:00,9860,2994,1154,3596,86,342,528,164,682,1,0,105,0,612,-14,576,186,9860
20250403,6:30,9870,2996,1340,3540,92,340,538,164,688,29,0,101,0,860,-40,964,186,9870
20250403,7:00,9726,2990,1236,3228,92,344,518,162,684,407,0,75,0,856,-42,1012,188,9726
20250403,7:30,9672,2996,1188,2958,96,302,446,164,692,1415,0,77,0,558,-34,1372,186,9672
20250403,8:00,9342,2996,852,2740,90,302,458,162,678,2437,0,63,0,110,-38,1696,188,9342
20250403,8:30,9302,2994,786,2578,90,280,284,164,682,3615,1,75,0,-184,-32,2216,186,9302
20250403,9:00,9382,2992,610,1934,86,282,252,162,674,4897,1,89,0,-488,-38,2256,186,9382
20250403,9:30,9544,2994,532,1594,84,268,230,164,658,6012,2,94,0,-964,18,2324,184,9544
20250403,10:00,9490,2994,496,1582,82,284,212,160,578,6826,2,92,0,-1616,12,2396,184,9490
20250403,10:30,9694,2994,784,1586,78,266,212,164,546,6569,684,95,0,-1570,34,2248,184,9694
20250403,11:00,9748,2992,844,1586,78,282,208,162,538,6333,1159,87,0,-1302,36,2280,184,9748
20250403,11:30,9820,2994,780,1588,78,262,222,164,558,6242,1584,94,0,-1092,38,2292,184,9820
20250403,12:00,9700,2996,644,1584,74,292,232,160,536,6154,1777,94,0,-1012,26,2264,184,9700
20250403,12:30,9444,2994,504,1590,72,272,228,164,554,6334,1969,96,0,-1316,-4,2228,184,9444
20250403,13:00,9144,2994,524,1584,74,284,216,162,542,6448,1780,100,0,-1728,8,2248,184,9144
20250403,13:30,9390,2996,584,1590,72,264,208,164,556,6680,1396,92,0,-1736,4,2268,184,9390
20250403,14:00,9484,2990,584,1588,78,278,206,160,540,6824,1069,100,0,-1716,-4,2328,184,9484
20250403,14:30,9476,2996,538,1588,76,264,220,164,556,6752,595,88,0,-1628,2,2324,184,9476
20250403,15:00,9240,2994,646,1588,72,284,228,160,544,6280,120,74,0,-1580,14,2248,184,9240
20250403,15:30,8858,2994,550,1592,76,266,218,164,558,5775,1,85,0,-1684,-24,1896,184,8858
20250403,16:00,8754,2992,624,1830,78,304,218,162,574,5009,1,85,0,-1086,-36,2184,184,8754
20250403,16:30,9084,2994,782,2098,82,294,230,164,654,4119,0,91,0,-370,-22,2216,184,9084
20250403,17:00,9286,2994,1024,2644,84,336,284,162,666,3017,0,83,0,86,-34,2244,184,9286
20250403,17:30,9304,2992,948,3304,88,352,352,164,684,1802,0,80,0,400,-36,2012,186,9304
20250403,18:00,9594,2992,758,3486,96,382,588,160,684,938,0,78,0,560,-30,1288,190,9594
20250403,18:30,9738,2994,830,3796,102,370,652,164,690,237,0,83,0,694,12,1080,194,9738
20250403,19:00,10066,2986,890,4050,108,342,820,160,688,0,0,78,0,678,38,968,196,10066
20250403,19:30,10216,2992,948,4150,112,362,826,164,690,3,0,71,0,542,32,872,196,10216
20250403,20:00,10096,2986,882,4082,110,372,832,160,682,0,0,70,0,422,-6,688,192,10096
20250403,20:30,10094,2994,906,4062,112,354,804,164,692,0,0,66,0,454,24,728,190,10094
20250403,21:00,9952,2984,948,4066,106,376,652,160,680,0,0,60,0,372,18,656,186,9952
20250403,21:30,9848,2992,998,4064,104,354,588,164,692,0,0,72,0,416,4,784,184,9848
20250403,22:00,9638,2992,976,4062,102,370,472,160,684,0,0,64,0,436,10,872,182,9638
20250403,22:30,9534,2992,998,4128,96,352,430,164,694,0,0,66,0,352,0,920,182,9534
20250403,23:00,9322,2992,918,4130,92,368,282,160,682,0,0,62,0,290,6,840,180,9322
20250403,23:30,9206,2994,904,4102,90,360,224,164,692,0,0,60,0,372,-8,928,180,9206
20250403,24:00:00,8914,2992,882,3910,80,368,212,160,684,0,0,56,0,156,-16,752,182,8914
20250404,0:30,8612,2996,974,3738,82,360,228,164,692,0,0,52,0,118,-30,944,182,8612
20250404,1:00,8390,2992,960,3520,76,384,234,160,682,0,0,32,0,116,-36,912,182,8390
20250404,1:30,8448,2994,946,3750,76,346,232,164,694,0,0,28,0,116,-40,1040,182,8448
20250404,2:00,8554,2990,956,3834,76,372,218,162,676,0,0,18,0,114,-36,1008,182,8554
20250404,2:30,8734,2996,910,3970,78,360,218,164,694,0,0,24,0,118,-4,976,182,8734
20250404,3:00,8936,2994,948,4094,76,432,218,162,678,0,0,32,0,232,16,1128,182,8936
20250404,3:30,9258,2990,986,4120,80,406,282,164,692,0,0,34,0,514,20,1212,182,9258
20250404,4:00,9492,2996,860,4146,78,432,352,164,682,0,0,28,0,716,24,1168,182,9492
20250404,4:30,9746,2992,1022,4148,84,404,366,164,698,0,0,46,0,822,26,1208,182,9746
20250404,5:00,9844,2992,978,4048,84,426,378,162,682,0,0,48,0,902,26,1064,182,9844
20250404,5:30,10012,2994,1178,3976,88,404,568,164,692,4,0,54,0,1014,6,1312,182,10012
20250404,6:00,10088,2994,1186,3818,88,418,750,162,684,2,0,48,0,884,10,1140,184,10088
20250404,6:30,10176,2996,1448,3616,94,404,774,164,690,40,0,38,0,968,-26,1216,186,10176
20250404,7:00,10100,2988,1036,3338,98,418,650,162,680,490,0,26,0,880,-42,808,184,10100
20250404,7:30,10042,2996,1200,2944,98,380,444,164,694,1656,0,24,0,604,-42,1304,184,10042
20250404,8:00,9656,2994,724,2668,92,344,324,162,674,2824,0,16,0,-34,-44,1272,184,9656
20250404,8:30,9412,2994,920,2064,88,288,248,164,668,4106,2,14,0,-508,-32,1784,182,9412
20250404,9:00,9356,2994,568,1732,80,290,228,164,590,5374,2,16,0,-590,-34,2240,184,9356
20250404,9:30,9950,2994,660,1606,78,278,208,164,542,6192,346,22,0,-776,32,2232,182,9950
20250404,10:00,9920,2992,522,1586,70,298,204,160,528,6458,1116,18,0,-782,34,2352,184,9920
20250404,10:30,9792,2992,508,1590,72,278,206,164,544,6584,1867,16,0,-1010,38,2372,182,9792
20250404,11:00,9686,2996,548,1584,68,320,218,160,526,6762,2268,16,0,-1358,18,2356,184,9686
20250404,11:30,9624,2996,510,1588,68,290,220,164,546,6868,2587,22,0,-1460,6,2376,182,9624
20250404,12:00,9556,2990,546,1592,60,320,220,162,530,6742,2979,24,0,-1490,0,2324,184,9556
20250404,12:30,9224,2996,564,1590,64,294,196,164,548,6274,3587,26,0,-1444,6,2236,182,9224
20250404,13:00,9088,2990,632,1590,64,316,192,160,524,5946,3889,24,0,-1336,10,2208,184,9088
20250404,13:30,9310,2996,652,1362,64,278,200,164,544,6306,3134,26,0,-1222,14,2256,182,9310
20250404,14:00,9246,2992,650,1104,64,298,200,160,530,6518,2542,26,0,-1274,-2,2200,180,9246
20250404,14:30,9132,2994,538,1104,66,274,210,164,548,6518,1942,32,0,-1266,6,2236,180,9132
20250404,15:00,9068,2996,614,1188,68,272,216,160,528,6220,1567,38,0,-1226,4,2192,182,9068
20250404,15:30,8972,2990,654,1364,68,250,216,164,550,5918,960,38,0,-1198,-26,2196,180,8972
20250404,16:00,9014,2994,634,1528,72,288,204,160,528,5524,261,32,0,-970,-34,2128,182,9014
20250404,16:30,8926,2994,660,1648,76,262,218,164,592,4878,0,30,0,-674,-32,2072,182,8926
20250404,17:00,9178,2994,910,2136,78,312,276,160,646,3752,0,24,0,-358,-34,1900,182,9178
20250404,17:30,9192,2990,1226,2290,86,306,306,164,680,2430,0,28,0,420,-36,1880,182,9192
20250404,18:00,9224,2988,1332,2862,90,384,580,160,682,1198,0,22,0,594,-42,1812,186,9224
20250404,18:30,9358,2990,1380,3358,100,376,814,164,690,302,0,30,0,548,26,1612,192,9358
20250404,19:00,9634,2984,1100,3548,104,360,846,160,682,0,0,32,0,486,16,880,196,9634
20250404,19:30,9904,2994,1066,3670,108,356,796,164,694,4,0,32,0,592,40,808,196,9904
20250404,20:00,9880,2990,1070,3670,108,382,592,160,682,0,0,26,0,548,40,580,192,9880
20250404,20:30,9742,2992,1122,3678,106,354,518,164,690,0,0,34,0,376,42,524,190,9742
20250404,21:00,9716,2996,1458,3668,102,384,486,160,678,0,0,28,0,382,40,852,186,9716
20250404,21:30,9724,2996,1562,3602,100,360,394,164,688,0,0,26,0,352,-2,704,186,9724
20250404,22:00,9486,2994,1500,3430,96,374,270,160,680,0,0,14,0,288,2,504,182,9486
20250404,22:30,9360,2994,1580,3422,96,374,224,164,690,0,0,12,0,468,10,856,182,9360
20250404,23:00,9120,2994,1306,3416,90,392,204,160,684,0,0,4,0,258,8,580,184,9120
20250404,23:30,9040,2994,1362,3418,88,382,198,164,690,0,0,8,0,236,-12,672,184,9040
20250404,24:00:00,8638,2994,926,3338,80,396,198,160,686,0,0,6,0,138,-26,440,182,8638
20250405,0:30,8382,2994,956,3190,80,376,200,164,696,0,0,8,0,118,-42,540,182,8382
20250405,1:00,8160,2996,888,3184,76,396,200,160,682,0,0,12,0,118,-38,696,182,8160
20250405,1:30,8048,2996,1074,3182,76,382,214,164,696,0,0,22,0,118,-42,1016,182,8048
20250405,2:00,8158,2992,1044,3170,76,410,216,160,684,0,0,24,0,118,-38,880,182,8158
20250405,2:30,8342,2996,1052,3182,76,390,216,164,696,0,0,28,0,120,-40,720,182,8342
20250405,3:00,8586,2994,1226,3172,74,412,212,160,682,0,0,18,0,178,-28,696,182,8586
20250405,3:30,8892,2994,1400,3178,80,384,230,164,696,0,0,26,0,334,24,800,182,8892
20250405,4:00,9068,2992,1306,3176,78,418,256,160,686,0,0,28,0,486,36,736,182,9068
20250405,4:30,9194,2994,1302,3180,82,396,446,164,694,0,0,48,0,492,38,824,182,9194
20250405,5:00,9294,2994,1134,3178,82,418,562,160,680,0,0,38,0,492,36,664,184,9294
20250405,5:30,9260,2994,1114,3176,84,398,534,164,696,3,0,37,0,498,34,656,184,9260
20250405,6:00,9178,2994,1130,3008,82,416,466,160,680,3,0,43,0,496,22,504,182,9178
20250405,6:30,8988,2994,1176,2754,88,400,398,164,696,11,0,45,0,690,-22,588,182,8988
20250405,7:00,8720,2992,1278,2362,86,420,332,160,686,189,0,53,0,812,-38,796,184,8720
20250405,7:30,8720,2994,1230,2166,88,376,232,164,696,674,0,76,0,272,-38,392,182,8720
20250405,8:00,8618,2992,1250,2102,84,364,218,160,686,1104,0,70,0,172,-24,744,184,8618
20250405,8:30,8708,2994,804,2118,84,324,210,164,690,1640,0,78,0,130,-38,672,182,8708
20250405,9:00,8780,2992,836,1452,80,312,206,160,676,2314,0,96,0,-26,-28,472,182,8780
20250405,9:30,8616,2994,562,1038,78,274,350,164,674,3152,1,108,0,-290,-10,660,182,8616
20250405,10:00,8506,2990,480,808,74,290,248,160,590,3874,1,118,0,-300,6,1012,180,8506
20250405,10:30,8356,2994,468,716,70,266,228,164,546,4330,1,124,0,-296,-2,1432,180,8356
20250405,11:00,8286,2990,336,694,68,294,210,160,530,4704,1,130,0,-478,-10,1524,182,8286
20250405,11:30,8132,2994,310,626,66,266,210,164,548,5056,1,140,0,-900,28,1556,180,8132
20250405,12:00,8066,2990,264,466,70,288,208,160,532,5580,1,148,0,-1322,40,1540,182,8066
20250405,12:30,7858,2994,240,462,72,268,198,164,548,5804,121,132,0,-1722,26,1508,180,7858
20250405,13:00,7646,2996,324,468,74,294,196,160,532,5528,517,136,0,-1742,2,1504,182,7646
20250405,13:30,7902,2990,388,472,70,264,206,164,550,5502,537,146,0,-1536,10,1504,180,7902
20250405,14:00,7784,2996,394,478,72,294,212,160,530,5464,303,142,0,-1646,-6,1488,182,7784
20250405,14:30,7754,2990,472,480,68,270,214,164,546,5306,176,152,0,-1630,18,1476,180,7754
20250405,15:00,7666,2992,468,522,72,294,200,158,534,5098,1,140,0,-1550,12,1456,182,7666
20250405,15:30,7858,2996,454,690,78,258,202,162,552,4579,0,139,0,-964,-16,1452,180,7858
20250405,16:00,8022,2994,752,786,78,310,210,160,572,3547,0,129,0,16,-42,1672,182,8022
20250405,16:30,8048,2994,904,1274,80,298,214,162,666,2613,0,115,0,300,-20,1732,180,8048
20250405,17:00,8220,2994,932,1590,86,336,212,160,676,1811,0,101,0,326,-26,1160,182,8220
20250405,17:30,8334,2992,904,1742,90,338,308,162,696,1151,0,95,0,374,-32,668,182,8334
20250405,18:00,8498,2986,970,1862,92,402,368,160,688,507,0,97,0,722,-36,504,184,8498
20250405,18:30,8670,2994,942,2240,100,378,526,162,696,115,0,87,0,760,28,544,186,8670
20250405,19:00,8870,2986,930,2292,98,382,766,160,690,0,0,60,0,706,36,424,188,8870
20250405,19:30,8968,2990,872,2354,104,378,772,162,694,3,0,75,0,768,38,432,190,8968
20250405,20:00,8888,2994,880,2218,98,398,720,160,690,0,0,84,0,760,14,320,192,8888
20250405,20:30,8794,2990,908,2366,98,374,570,162,698,0,0,72,0,768,14,416,190,8794
20250405,21:00,8712,2992,914,2462,96,400,466,160,690,0,0,58,0,690,12,416,188,8712
20250405,21:30,8476,2996,872,2484,94,374,322,162,700,0,0,56,0,694,8,472,186,8476
20250405,22:00,8314,2990,938,2428,90,382,256,160,690,0,0,50,0,690,-2,544,186,8314
20250405,22:30,8242,2994,994,2412,88,352,232,162,698,0,0,64,0,672,6,616,184,8242
20250405,23:00,8030,2992,942,2340,86,358,208,160,692,0,0,64,0,534,4,536,186,8030
20250405,23:30,7954,2996,1066,2366,84,350,208,162,704,0,0,64,0,436,6,672,184,7954
20250405,24:00:00,7670,2990,1078,2344,76,372,202,160,690,0,0,46,0,142,-20,592,182,7670
20250406,0:30,7484,2996,1084,2348,76,342,206,162,708,0,0,52,0,116,-40,748,182,7484
20250406,1:00,7244,2998,956,2272,74,376,206,160,684,0,0,42,0,118,-38,788,184,7244
20250406,1:30,7236,2994,942,2280,74,348,216,162,702,0,0,50,0,122,-36,800,182,7236
20250406,2:00,7258,2990,912,2284,74,370,224,160,690,0,0,44,0,120,-38,756,184,7258
20250406,2:30,7422,2994,1154,2348,74,346,222,162,704,0,0,42,0,164,-14,956,182,7422
20250406,3:00,7686,2994,1314,2396,72,370,210,160,688,0,0,34,0,234,4,972,182,7686
20250406,3:30,8000,2990,1428,2466,76,348,230,162,700,0,0,38,0,366,30,1016,182,8000
20250406,4:00,8158,2992,1354,2484,74,364,246,160,690,0,0,32,0,416,22,860,184,8158
20250406,4:30,8270,2998,1436,2520,76,350,346,162,704,0,0,34,0,402,16,956,182,8270
20250406,5:00,8306,2990,1156,2514,78,372,492,160,684,0,0,38,0,482,4,848,184,8306
20250406,5:30,8288,2994,1266,2324,78,348,488,162,702,3,0,45,0,510,6,820,182,8288
20250406,6:00,8102,2994,1064,2076,76,372,440,160,680,3,0,41,0,680,12,680,184,8102
20250406,6:30,7802,2994,1262,1808,80,340,376,162,698,47,0,43,0,766,-28,928,182,7802
20250406,7:00,7444,2994,1244,1716,82,340,324,160,690,443,0,43,0,500,-44,1232,184,7444
20250406,7:30,7366,2992,998,1390,80,308,240,162,694,1414,0,52,0,260,-38,1368,182,7366
20250406,8:00,7190,2998,700,854,78,308,220,160,666,2464,0,40,0,-276,-38,1168,184,7190
20250406,8:30,6980,2994,460,552,76,272,210,162,604,3603,2,19,72,-808,-38,1308,182,6980
20250406,9:00,7358,2992,420,474,74,270,204,160,532,4803,19,7,110,-1298,-28,1436,184,7358
20250406,9:30,7622,2996,384,470,74,250,218,162,552,5194,988,2,106,-1410,12,1464,182,7622
20250406,10:00,7678,2992,400,478,72,254,224,160,536,5120,2310,2,121,-1358,28,1412,182,7678
20250406,10:30,7596,2996,286,474,70,230,222,162,556,5458,2631,2,124,-1544,22,1520,182,7596
20250406,11:00,7580,2992,238,476,74,246,212,160,536,5854,3093,2,145,-1858,2,1536,182,7580
20250406,11:30,7562,2996,320,480,72,216,206,162,560,5508,3997,4,152,-1656,32,1520,182,7562
20250406,12:00,7582,2990,334,476,74,258,206,160,536,5600,4007,2,155,-1738,34,1532,182,7582
20250406,12:30,7552,2996,348,478,72,222,196,162,558,5610,4104,4,175,-1778,22,1520,182,7552
20250406,13:00,7502,2990,398,476,74,248,192,160,532,5566,4198,6,184,-1812,10,1520,182,7502
20250406,13:30,7310,2992,328,478,70,228,206,162,558,5454,4021,4,174,-1826,10,1536,182,7310
20250406,14:00,7222,2990,330,476,74,258,210,160,542,5306,3801,6,174,-1806,4,1508,180,7222
20250406,14:30,7118,2992,326,480,72,228,224,162,564,5264,3368,6,182,-1882,-4,1496,182,7118
20250406,15:00,7168,2992,356,476,74,246,208,160,548,5038,3038,4,191,-1644,10,1480,180,7168
20250406,15:30,7194,2988,360,482,74,220,204,162,570,5066,2160,8,185,-1618,-20,1484,182,7194
20250406,16:00,7226,2994,368,476,72,250,200,160,552,5016,1191,8,189,-1526,-36,1488,180,7226
20250406,16:30,7432,2992,494,480,74,254,202,162,572,4706,411,10,168,-1338,-30,1328,182,7432
20250406,17:00,7326,2986,642,514,78,264,208,160,594,3910,0,44,96,-1282,-26,948,182,7326
20250406,17:30,7580,2992,866,780,84,262,398,162,688,2601,0,101,0,-216,-24,1296,182,7580
20250406,18:00,7902,2986,1000,1296,90,290,488,160,700,1351,0,123,0,442,-30,1176,182,7902
20250406,18:30,8082,2990,914,1588,96,332,666,164,714,369,0,121,0,468,-14,512,186,8082
20250406,19:00,8242,2988,866,1748,96,332,796,158,706,0,0,102,0,648,-4,380,186,8242
20250406,19:30,8436,2990,774,1836,102,332,772,164,708,3,0,105,0,736,24,300,190,8436
20250406,20:00,8412,2992,778,1780,100,356,716,160,692,0,0,96,0,748,38,232,188,8412
20250406,20:30,8336,2988,752,1730,100,330,612,164,702,0,0,94,0,746,42,112,188,8336
20250406,21:00,8338,2992,830,1834,96,364,412,160,682,0,0,88,0,746,38,88,184,8338
20250406,21:30,8248,2990,1072,1974,96,332,278,164,696,0,0,94,0,676,24,332,184,8248
20250406,22:00,8052,2992,1042,1968,88,366,236,160,680,0,0,84,0,562,-12,296,182,8052
20250406,22:30,7970,2990,880,1912,88,340,222,164,696,0,0,86,0,622,0,212,182,7970
20250406,23:00,7852,2994,898,1880,84,360,202,160,688,0,0,90,0,642,-8,320,182,7852
20250406,23:30,7772,2992,942,1876,80,316,190,164,700,0,0,88,0,560,10,328,182,7772
20250406,24:00:00,7586,2988,980,1922,78,328,184,160,690,0,0,72,0,318,-12,304,182,7586
20250407,0:30,7364,2996,1150,1978,74,310,194,164,698,0,0,70,0,200,-12,640,182,7364
20250407,1:00,7274,2992,1018,2034,70,326,198,160,692,0,0,74,0,142,-14,600,182,7274
20250407,1:30,7280,2990,984,2060,72,306,214,164,700,0,0,80,0,122,-18,576,182,7280
20250407,2:00,7410,2996,988,1992,70,328,222,160,684,0,0,86,0,120,-44,376,184,7410
20250407,2:30,7724,2990,1060,2214,74,326,220,164,700,0,0,96,0,240,-38,504,182,7724
20250407,3:00,8032,2994,1176,2356,70,370,200,160,688,0,0,82,0,468,-34,680,182,8032
20250407,3:30,8382,2990,1190,2452,76,344,216,164,702,0,0,94,0,620,-40,608,182,8382
20250407,4:00,8650,2990,1130,2472,74,368,300,160,682,0,0,76,0,784,-32,536,182,8650
20250407,4:30,8872,2994,1064,2502,78,348,380,164,698,0,0,74,0,816,36,464,182,8872
20250407,5:00,9086,2988,978,2532,80,364,462,160,680,0,0,74,0,914,40,368,182,9086
20250407,5:30,9248,2996,1100,2538,84,344,476,164,696,3,0,71,0,1084,38,528,182,9248
20250407,6:00,9364,2992,970,2398,84,364,618,160,680,1,0,63,0,1114,36,300,184,9364
20250407,6:30,9502,2994,1252,2256,90,346,556,164,690,68,0,62,0,1322,-4,476,182,9502
20250407,7:00,9380,2994,1178,1918,92,320,404,160,682,624,0,64,0,1130,-26,344,184,9380
20250407,7:30,9206,2992,896,1698,92,262,356,164,678,1902,0,54,0,562,-40,592,182,9206
20250407,8:00,8812,2994,422,1128,80,254,306,160,658,3078,0,44,0,-130,-42,324,184,8812
20250407,8:30,8502,2996,420,736,80,228,276,164,594,4362,3,34,0,-518,-36,1016,182,8502
20250407,9:00,9206,2992,654,714,78,250,230,160,510,5408,179,26,0,-688,-28,1284,184,9206
20250407,9:30,9336,2996,502,700,72,232,216,164,520,5954,937,24,0,-812,-12,1400,180,9336
20250407,10:00,9330,2992,506,520,66,248,202,160,500,6090,1904,24,0,-792,0,1368,182,9330
20250407,10:30,9302,2996,508,478,64,232,196,164,514,6554,2179,18,0,-1156,10,1456,180,9302
20250407,11:00,9246,2992,554,472,64,262,196,160,500,6848,2484,18,0,-1626,28,1404,182,9246
20250407,11:30,9222,2996,548,476,62,246,196,164,516,6872,2899,22,0,-1668,24,1412,180,9222
20250407,12:00,9186,2990,536,478,58,266,206,160,504,6870,3140,20,0,-1696,14,1400,180,9186
20250407,12:30,8904,2994,488,478,62,242,202,164,522,6678,3419,18,0,-1730,20,1416,182,8904
20250407,13:00,8766,2996,492,476,60,260,204,160,520,6424,3610,16,0,-1636,8,1400,186,8766
20250407,13:30,8946,2992,518,478,60,268,204,164,530,6552,3154,22,0,-1612,8,1428,190,8946
20250407,14:00,8974,2990,506,478,60,316,196,158,522,6554,2846,24,0,-1640,2,1388,196,8974
20250407,14:30,8986,2990,534,476,62,304,200,164,534,6452,2485,30,0,-1584,8,1384,200,8986
20250407,15:00,8836,2992,512,478,64,326,246,158,520,6244,1953,34,0,-1566,6,1380,202,8836
20250407,15:30,8844,2992,634,490,64,306,260,162,532,5888,1498,38,0,-1306,-26,1392,202,8844
20250407,16:00,8942,2992,734,604,68,320,266,160,520,5688,478,28,0,-1252,-28,1360,202,8942
20250407,16:30,8806,2996,726,764,72,320,282,162,582,5130,0,28,0,-1454,-28,976,202,8806
20250407,17:00,8838,2988,1036,1074,78,376,278,160,646,3750,0,30,0,-676,-32,1072,202,8838
20250407,17:30,9008,2990,1268,1664,84,382,294,164,678,2370,0,22,0,-130,-40,940,202,9008
20250407,18:00,8974,2988,1224,1886,84,408,348,160,682,1172,0,20,0,14,-28,190,206,8974
20250407,18:30,9016,2990,1114,2304,94,394,618,164,690,347,0,23,0,464,24,420,210,9016
20250407,19:00,9254,2986,1232,2370,96,384,726,160,680,0,0,24,0,868,32,516,212,9254
20250407,19:30,9450,2990,1100,2468,104,396,646,164,690,3,0,35,0,692,18,68,212,9450
20250407,20:00,9232,2990,1098,2224,100,414,624,160,682,0,0,42,0,768,28,106,208,9232
20250407,20:30,9134,2990,1084,2382,98,398,534,164,690,0,0,28,0,806,40,288,208,9134
20250407,21:00,9110,2990,1060,2488,94,420,508,160,682,0,0,24,0,766,4,288,202,9110
20250407,21:30,8942,2994,1070,2380,96,404,354,164,688,0,0,30,0,768,4,212,202,8942
20250407,22:00,8698,2992,1074,2310,88,406,260,160,686,0,0,24,0,758,-4,260,204,8698
20250407,22:30,8588,2994,1086,2390,88,396,220,164,690,0,0,28,0,766,0,436,202,8588
20250407,23:00,8390,2990,1066,2390,82,412,220,160,688,0,0,28,0,658,12,520,204,8390
20250407,23:30,8352,2996,1072,2416,80,404,210,164,694,0,0,26,0,532,8,452,202,8352
20250407,24:00:00,8054,2988,1076,2358,74,408,192,160,694,0,0,30,0,252,-22,360,204,8054
20250408,0:30,7774,2994,1054,2230,76,398,198,164,698,0,0,34,0,118,-32,360,202,7774
20250408,1:00,7586,2990,1020,2266,70,414,198,160,686,0,0,36,0,114,-44,528,204,7586
20250408,1:30,7592,2996,1076,2160,70,380,196,164,698,0,0,42,0,120,-34,480,204,7592
20250408,2:00,7662,2990,1112,2264,70,394,210,160,680,0,0,42,0,116,-38,540,202,7662
20250408,2:30,7900,2994,1096,2430,72,382,214,164,692,0,0,54,0,120,-16,504,202,7900
20250408,3:00,8122,2994,1080,2480,72,414,216,160,686,0,0,66,0,352,18,620,204,8122
20250408,3:30,8520,2992,1324,2536,74,396,214,164,696,0,0,70,0,478,22,648,202,8520
20250408,4:00,8768,2994,1258,2534,76,414,296,160,680,0,0,76,0,660,24,608,204,8768
20250408,4:30,8980,2992,1434,2536,78,390,414,164,694,0,0,78,0,718,24,748,206,8980
20250408,5:00,9046,2996,1294,2540,76,426,436,160,680,0,0,72,0,794,10,640,202,9046
20250408,5:30,9202,2994,1532,2540,80,396,466,164,700,2,0,74,0,886,10,848,206,9202
20250408,6:00,9212,2990,1242,2380,82,418,608,160,680,2,0,76,0,878,4,512,204,9212
20250408,6:30,9146,2998,1196,2236,86,394,572,164,688,36,0,82,0,892,-34,368,204,9146
20250408,7:00,8924,2992,980,1870,84,418,432,160,692,368,0,84,0,878,-30,208,204,8924
20250408,7:30,8842,2994,1114,1724,90,376,336,164,684,1208,0,92,0,558,-38,664,204,8842
20250408,8:00,8616,2996,740,1428,84,362,310,160,668,2234,0,78,0,-48,-34,564,202,8616
20250408,8:30,8710,2994,864,952,84,322,260,164,590,3276,2,42,68,-142,-30,868,202,8710
20250408,9:00,8612,2994,656,684,84,264,220,160,524,4338,2,38,79,-210,-40,1304,204,8612
20250408,9:30,9110,2992,624,504,82,254,216,164,530,5270,156,12,103,-398,22,1364,202,9110
20250408,10:00,9264,2996,554,476,72,278,214,160,510,5788,777,0,107,-634,32,1384,202,9264
20250408,10:30,9156,2996,490,476,78,256,202,164,530,6456,1209,6,126,-1300,18,1416,200,9156
20250408,11:00,9150,2992,576,472,74,276,196,158,514,6580,1717,8,149,-1574,36,1360,202,9150
20250408,11:30,9020,2994,600,478,72,254,198,162,530,6450,2437,10,143,-1588,40,1380,200,9020
20250408,12:00,9036,2992,418,478,72,278,198,158,514,6660,2873,10,158,-1596,32,1380,202,9036
20250408,12:30,8726,2994,334,480,68,252,208,162,532,6502,3137,6,145,-1622,0,1392,202,8726
20250408,13:00,8594,2992,370,478,70,278,214,160,518,6372,3158,4,140,-1668,4,1400,202,8594
20250408,13:30,8828,2994,524,480,66,254,220,162,528,6348,2919,4,149,-1594,-2,1356,200,8828
20250408,14:00,8836,2992,452,478,68,282,208,160,516,6416,2455,4,174,-1566,4,1380,202,8836
20250408,14:30,8878,2996,504,478,68,260,202,162,530,6442,1978,6,183,-1592,-2,1376,200,8878
20250408,15:00,8846,2994,530,478,70,270,200,160,514,6402,1290,8,193,-1602,-4,1376,202,8846
20250408,15:30,8924,2992,608,482,72,264,198,162,532,6318,628,6,167,-1546,-20,1344,200,8924
20250408,16:00,8604,2994,536,572,74,276,210,160,516,6064,5,64,103,-1624,-32,1408,202,8604
20250408,16:30,8784,2994,684,762,74,310,300,162,530,5012,0,66,91,-1012,-36,1264,202,8784
20250408,17:00,8824,2988,788,956,78,362,308,160,570,3698,0,64,82,-464,-38,848,202,8824
20250408,17:30,8830,2990,778,1488,82,358,318,162,662,2422,0,134,0,316,-42,1040,202,8830
20250408,18:00,8910,2984,826,1956,90,408,418,160,670,1176,0,158,0,354,-22,472,204,8910
20250408,18:30,8846,2994,856,2306,94,412,670,162,684,336,0,162,0,424,-14,448,208,8846
20250408,19:00,8952,2986,1016,2448,98,390,778,160,690,0,0,148,0,458,28,460,212,8952
20250408,19:30,9080,2992,734,2540,102,412,778,162,690,2,0,148,0,450,14,156,212,9080
20250408,20:00,8932,2990,700,2536,98,422,650,160,692,0,0,160,0,478,18,184,212,8932
20250408,20:30,8830,2992,858,2542,100,418,604,162,698,0,0,154,0,424,38,364,204,8830
20250408,21:00,8762,2996,998,2536,96,428,536,160,686,0,0,146,0,334,22,380,204,8762
20250408,21:30,8636,2994,1208,2540,92,406,320,162,700,0,0,138,0,308,10,444,202,8636
20250408,22:00,8390,2988,1106,2536,90,426,254,160,688,0,0,144,0,296,6,508,204,8390
20250408,22:30,8274,2994,1204,2542,86,380,220,162,696,0,0,126,0,302,0,640,202,8274
20250408,23:00,8060,2986,1062,2520,84,380,222,160,698,0,0,98,0,310,8,672,204,8060
20250408,23:30,8046,2994,1048,2470,82,370,234,162,702,0,0,106,0,360,6,692,204,8046
20250408,24:00:00,7786,2988,990,2352,74,388,234,160,694,0,0,104,0,148,-24,524,202,7786
20250409,0:30,7534,2992,1136,2264,76,358,198,162,702,0,0,104,0,120,-34,748,204,7534
20250409,1:00,7340,2992,1034,1938,72,378,198,158,690,0,0,90,0,132,-38,508,204,7340
20250409,1:30,7252,2988,1096,1974,72,354,194,162,704,0,0,80,0,120,-40,656,204,7252
20250409,2:00,7346,2992,1080,2154,68,366,196,158,692,0,0,68,0,120,-26,728,206,7346
20250409,2:30,7574,2994,1128,2284,74,342,210,162,698,0,0,72,0,122,-20,696,204,7574
20250409,3:00,7852,2986,1242,2440,70,350,226,160,692,0,0,64,0,120,-6,696,204,7852
20250409,3:30,8206,2994,1598,2522,76,356,218,162,702,0,0,74,0,124,0,824,204,8206
20250409,4:00,8370,2988,1680,2542,74,356,258,160,694,0,0,72,0,268,-4,924,206,8370
20250409,4:30,8582,2994,1582,2540,78,338,338,162,700,0,0,66,0,556,32,1012,208,8582
20250409,5:00,8704,2988,1522,2538,78,358,492,160,686,0,0,54,0,520,44,940,204,8704
20250409,5:30,8746,2992,1400,2520,82,350,568,162,700,4,0,44,0,586,38,904,204,8746
20250409,6:00,8620,2994,1200,2244,80,410,480,160,688,2,0,38,0,854,38,772,204,8620
20250409,6:30,8428,2988,1322,1930,86,388,498,162,698,66,0,30,0,1094,-26,1012,204,8428
20250409,7:00,8350,2996,1198,1718,86,412,454,160,694,472,0,16,0,768,-44,784,204,8350
20250409,7:30,8194,2992,1270,1430,86,368,366,162,700,1414,0,14,0,444,-36,1220,204,8194
20250409,8:00,8080,2992,668,1010,82,358,328,160,688,2498,0,4,0,290,-28,1176,206,8080
20250409,8:30,8144,2992,474,642,82,312,276,162,670,3654,3,2,1,66,-20,1372,204,8144
20250409,9:00,8306,2990,410,514,78,262,220,160,606,4864,3,0,4,-562,-34,1404,202,8306
20250409,9:30,8862,2996,546,474,76,250,212,162,576,5526,538,0,7,-858,20,1320,202,8862
20250409,10:00,8928,2994,454,480,78,270,218,160,560,5628,1460,2,16,-832,28,1312,200,8928
20250409,10:30,8944,2998,366,476,74,256,206,160,572,5822,2318,2,23,-902,18,1304,200,8944
20250409,11:00,9026,2994,392,482,70,260,190,160,562,5914,2928,2,52,-902,20,1320,202,9026
20250409,11:30,8980,2992,478,478,72,254,186,160,570,5926,3298,2,71,-994,20,1364,200,8980
20250409,12:00,8948,2998,450,478,68,274,182,158,560,6024,3372,2,87,-1098,22,1372,202,8948
20250409,12:30,8746,2990,532,480,66,250,182,160,560,5952,3678,2,77,-1264,4,1368,200,8746
20250409,13:00,8544,2992,652,480,62,268,200,160,554,5672,3763,2,94,-1330,6,1376,202,8544
20250409,13:30,8808,2992,614,482,66,246,228,160,562,5960,3185,4,96,-1328,6,1384,200,8808
20250409,14:00,8908,2994,554,504,66,274,226,158,554,6076,2649,4,91,-1342,2,1364,202,8908
20250409,14:30,8920,2996,622,594,68,254,214,160,564,5890,2328,4,98,-1312,6,1340,200,8920
20250409,15:00,8860,2990,662,618,72,264,210,158,554,5594,1777,8,109,-1154,-2,1316,202,8860
20250409,15:30,8858,2996,568,760,76,254,198,160,562,5472,851,6,133,-1110,-20,1264,200,8858
20250409,16:00,8952,2992,678,910,78,262,198,158,560,5000,171,2,122,-830,6,1264,202,8952
20250409,16:30,8788,2996,672,1260,78,294,224,160,594,3938,0,12,63,-346,-6,1288,200,8788
20250409,17:00,8884,2996,704,1428,82,366,282,160,630,2946,0,14,51,-332,-26,568,202,8884
20250409,17:30,8790,2990,692,1902,88,380,328,162,666,1966,0,52,0,-62,-36,540,202,8790
20250409,18:00,8838,2986,890,2426,88,402,370,158,672,1002,0,80,0,124,-42,524,206,8838
20250409,18:30,8846,2988,1260,2450,96,392,660,162,684,280,0,84,0,194,26,640,210,8846
20250409,19:00,9006,2988,1262,2446,96,374,762,158,682,0,0,74,0,340,36,420,208,9006
20250409,19:30,9102,2990,1192,2448,100,386,790,162,688,4,0,68,0,162,18,116,210,9102
20250409,20:00,8936,2988,1190,2448,100,408,642,158,678,0,0,52,0,294,28,260,210,8936
20250409,20:30,8782,2994,1204,2450,98,392,592,162,690,0,0,60,0,340,6,412,206,8782
20250409,21:00,8616,2992,1296,2448,96,408,584,158,688,0,0,62,0,296,0,616,204,8616
20250409,21:30,8514,2990,1272,2450,92,388,332,162,696,0,0,62,0,502,6,640,202,8514
20250409,22:00,8392,2992,1286,2450,88,404,236,158,684,0,0,66,0,406,2,584,204,8392
20250409,22:30,8278,2996,1280,2452,86,374,198,162,694,0,0,82,0,506,-2,752,202,8278
20250409,23:00,8094,2990,1114,2450,80,370,208,158,692,0,0,92,0,254,10,528,204,8094
20250409,23:30,8012,2992,1330,2452,82,358,212,162,696,0,0,106,0,122,10,712,202,8012
20250409,24:00:00,7730,2994,1014,2232,76,372,198,158,688,0,0,112,0,114,-32,400,204,7730
20250410,0:30,7534,2990,860,2262,74,356,210,162,686,0,0,120,0,116,-42,464,204,7534
20250410,1:00,7280,2992,748,2074,70,346,214,158,692,0,0,124,0,116,-34,424,204,7280
20250410,1:30,7220,2988,714,2108,70,316,220,162,696,0,0,126,0,120,8,512,204,7220
20250410,2:00,7314,2992,708,2112,68,320,226,158,686,0,0,132,0,120,14,428,206,7314
20250410,2:30,7510,2998,784,2300,72,302,196,162,696,0,0,124,0,122,-2,448,204,7510
20250410,3:00,7744,2986,864,2434,70,316,240,158,694,0,0,116,0,124,4,468,206,7744
20250410,3:30,8008,2996,1054,2442,74,298,300,162,702,0,0,122,0,124,14,484,204,8008
20250410,4:00,8236,2990,1240,2482,74,322,330,158,688,0,0,130,0,120,14,520,208,8236
20250410,4:30,8412,2992,1330,2538,76,312,348,162,698,0,0,124,0,124,0,500,208,8412
20250410,5:00,8480,2990,1238,2536,74,352,470,158,688,0,0,130,0,120,-8,476,208,8480
20250410,5:30,8368,2994,1166,2470,76,340,512,162,696,0,0,114,0,120,-8,480,206,8368
20250410,6:00,8252,2992,1124,2510,80,360,444,158,694,1,0,91,0,118,12,536,204,8252
20250410,6:30,8092,2990,1110,2526,82,390,452,162,698,33,0,101,0,120,-32,744,204,8092
20250410,7:00,7888,2994,1050,2222,80,404,370,158,694,259,0,91,0,114,-42,712,206,7888
20250410,7:30,7856,2992,1130,2178,86,380,330,162,700,776,0,92,0,114,-40,1248,204,7856
20250410,8:00,7996,2992,978,2210,88,410,268,158,690,1338,0,92,0,116,-38,1512,206,7996
20250410,8:30,8328,2994,928,2250,90,358,240,162,692,1909,0,97,0,124,-28,1692,204,8328
20250410,9:00,8670,2990,1252,2370,90,320,240,158,674,2279,0,91,0,118,-42,2072,202,8670
20250410,9:30,8832,2994,1282,2500,94,306,212,162,672,2411,0,87,0,122,4,2216,202,8832
20250410,10:00,8922,2992,1142,2530,90,322,204,158,668,2595,0,81,0,116,0,2176,200,8922
20250410,10:30,9082,2994,996,2536,88,310,236,162,670,2617,0,85,0,118,6,1936,200,9082
20250410,11:00,9210,2992,1030,2534,84,322,238,158,674,2463,0,95,0,118,0,1700,202,9210
20250410,11:30,9156,2992,726,2288,82,306,222,162,680,2673,0,93,0,118,14,1400,200,9156
20250410,12:00,9386,2992,624,2072,78,322,220,158,670,3021,0,81,0,12,26,1092,202,9386
20250410,12:30,9066,2992,860,2342,76,304,204,162,678,2497,0,69,0,-236,38,1120,200,9066
20250410,13:00,8906,2990,936,2544,80,322,202,158,666,2095,0,71,0,-236,40,1164,202,8906
20250410,13:30,9238,2992,1104,2502,82,308,192,162,676,1953,0,73,0,-182,0,824,200,9238
20250410,14:00,9400,2992,1082,2462,84,318,186,158,664,1689,0,73,0,-92,-10,408,202,9400
20250410,14:30,9284,2994,1110,2518,80,308,210,162,672,1519,0,65,0,-188,14,380,200,9284
20250410,15:00,9288,2990,1006,2496,80,318,220,158,670,1379,0,61,0,62,30,384,202,9288
20250410,15:30,9176,2994,1118,2540,82,304,218,162,676,1023,0,73,0,126,-28,312,200,9176
20250410,16:00,9266,2990,1630,2542,84,326,264,158,674,867,0,59,0,120,-42,608,202,9266
20250410,16:30,9318,2990,1330,2540,90,342,290,162,682,895,0,55,0,122,-36,344,200,9318
20250410,17:00,9184,2988,1404,2540,88,400,338,158,674,717,0,51,0,116,-44,448,202,9184
20250410,17:30,9136,2990,1506,2540,94,392,356,162,676,601,0,49,0,114,-44,504,204,9136
20250410,18:00,9094,2988,1582,2534,94,396,384,158,676,361,0,45,0,118,-38,412,208,9094
20250410,18:30,9094,2990,1448,2542,100,394,756,162,680,110,0,40,0,118,12,468,210,9094
20250410,19:00,9252,2990,1396,2540,100,398,826,158,674,0,0,46,0,118,42,248,212,9252
20250410,19:30,9288,2996,1318,2542,104,390,776,160,678,0,0,46,0,120,44,100,214,9288
20250410,20:00,9138,2990,1400,2538,96,402,644,158,668,0,0,26,0,116,38,148,210,9138
20250410,20:30,8982,2992,1440,2544,102,394,618,160,678,0,0,12,0,118,44,324,204,8982
20250410,21:00,8794,2990,1508,2540,94,396,384,160,670,0,0,10,0,118,22,300,202,8794
20250410,21:30,8644,2990,1718,2544,94,402,302,162,672,0,0,16,0,116,-4,572,204,8644
20250410,22:00,8428,2990,1300,2490,90,394,300,158,678,0,0,16,0,116,-2,308,206,8428
20250410,22:30,8264,2994,1376,2492,88,392,264,162,676,0,0,20,0,118,2,524,204,8264
20250410,23:00,8046,2988,1326,2308,84,370,258,158,674,0,0,16,0,116,6,464,206,8046
20250410,23:30,7970,2992,1496,2096,80,362,248,162,682,0,0,16,0,118,-22,464,204,7970
20250410,24:00:00,7694,2990,1390,1842,78,372,246,158,696,0,0,12,0,114,-34,376,206,7694
20250411,0:30,7452,2992,1232,1718,76,360,232,162,698,0,0,16,0,116,-42,312,204,7452
20250411,1:00,7152,2990,950,1706,70,366,222,158,702,0,0,6,0,116,-34,304,204,7152
20250411,1:30,7070,2992,1056,1768,72,360,236,162,696,0,0,8,0,116,-40,560,204,7070
20250411,2:00,7192,2986,1122,1772,70,364,238,158,702,0,0,6,0,118,-32,516,204,7192
20250411,2:30,7414,2992,1080,1770,74,358,246,162,700,0,0,10,0,118,-32,268,204,7414
20250411,3:00,7646,2988,1150,2022,70,406,236,158,692,0,0,16,0,178,-6,468,204,7646
20250411,3:30,7952,2990,1170,2132,76,392,318,162,698,0,0,18,0,298,22,528,204,7952
20250411,4:00,8234,2988,1078,2226,72,400,336,158,698,0,0,16,0,372,30,344,204,8234
20250411,4:30,8382,2992,1094,2430,78,378,358,162,704,0,0,22,0,464,36,540,204,8382
20250411,5:00,8490,2988,1072,2236,76,410,516,158,690,0,0,26,0,548,42,476,204,8490
20250411,5:30,8546,2990,1182,2040,82,388,536,162,700,0,0,40,0,656,34,472,208,8546
20250411,6:00,8394,2992,1076,1904,80,402,456,158,694,0,0,38,0,734,0,344,204,8394
20250411,6:30,8282,2994,1204,1726,86,384,434,162,704,72,0,38,0,884,-34,576,204,8282
20250411,7:00,8066,2990,922,1582,84,402,388,160,694,502,0,26,0,846,-38,696,204,8066
20250411,7:30,8050,2990,1174,1372,86,354,356,162,702,1534,0,36,0,538,-34,1424,204,8050
20250411,8:00,7858,2990,760,1180,76,356,302,160,692,2652,0,40,0,-44,-34,1476,204,7858
20250411,8:30,8048,2994,556,1000,80,304,232,162,674,3912,3,42,0,-380,-32,1700,204,8048
20250411,9:00,8246,2988,400,702,80,254,232,160,610,5106,3,54,0,-932,-40,1572,204,8246
20250411,9:30,8708,2996,444,484,80,254,244,162,554,5821,390,57,0,-1170,16,1436,202,8708
20250411,10:00,8886,2988,470,482,76,258,232,160,540,6049,1200,41,0,-1216,24,1420,202,8886
20250411,10:30,8982,2994,446,484,76,246,228,162,550,6314,1731,44,0,-1452,40,1352,202,8982
20250411,11:00,8966,2988,458,484,74,266,226,160,542,6322,2263,34,0,-1378,12,1424,202,8966
20250411,11:30,9008,2992,502,484,74,248,214,162,544,6366,2784,28,0,-1396,8,1420,202,9008
20250411,12:00,9018,2992,538,484,68,260,214,156,520,6298,3100,22,0,-1416,4,1324,202,9018
20250411,12:30,8676,2990,538,486,68,250,198,162,534,5998,3381,24,0,-1386,0,1388,202,8676
20250411,13:00,8644,2988,544,482,68,266,192,156,510,6082,3286,26,0,-1482,10,1400,202,8644
20250411,13:30,8894,2990,614,484,68,246,192,162,502,6420,2637,26,0,-1632,12,1392,202,8894
20250411,14:00,8920,2990,628,482,72,264,196,158,488,6448,2270,26,0,-1636,10,1408,202,8920
20250411,14:30,8926,2992,634,488,68,248,212,162,496,6434,1819,34,0,-1668,4,1380,202,8926
20250411,15:00,8884,2992,658,480,70,266,202,158,480,6360,1267,34,0,-1640,8,1384,200,8884
20250411,15:30,8854,2992,678,522,72,246,200,162,494,6222,571,36,0,-1594,-30,1348,202,8854
20250411,16:00,8964,2990,670,882,72,268,200,158,488,5806,111,34,0,-1256,-36,1512,200,8964
20250411,16:30,8788,2992,712,1130,76,248,268,162,524,5016,0,48,0,-862,-32,1696,202,8788
20250411,17:00,8878,2988,884,1298,84,314,324,158,576,3800,0,44,0,40,-40,1792,200,8878
20250411,17:30,8968,2992,1162,1766,88,352,346,162,618,2556,0,48,0,170,-36,1456,200,8968
20250411,18:00,8900,2988,1282,1978,90,396,464,158,618,1324,0,54,0,238,-32,864,206,8900
20250411,18:30,8816,2986,1448,2312,96,390,720,162,624,378,0,50,0,482,30,1072,210,8816
20250411,19:00,8948,2988,1496,2446,100,376,786,158,622,0,0,66,0,494,42,836,210,8948
20250411,19:30,9046,2988,1066,2522,102,396,768,162,628,0,0,72,0,482,40,388,208,9046
20250411,20:00,8850,2986,1034,2512,100,402,556,160,618,0,0,62,0,470,36,292,206,8850
20250411,20:30,8736,2994,1072,2498,100,388,486,162,630,0,0,66,0,478,42,384,204,8736
20250411,21:00,8564,2994,1166,2532,94,402,464,160,620,0,0,58,0,474,14,616,202,8564
20250411,21:30,8546,2992,1286,2544,94,392,348,162,634,0,0,56,0,476,0,640,202,8546
20250411,22:00,8290,2992,1186,2546,88,412,252,160,622,0,0,38,0,474,-8,672,200,8290
20250411,22:30,8280,2996,1554,2546,86,368,244,162,632,0,0,36,0,334,-40,840,202,8280
20250411,23:00,8060,2988,1250,2518,84,370,226,160,622,0,0,32,0,248,-16,624,202,8060
20250411,23:30,8010,2994,1390,2530,80,362,204,164,636,0,0,26,0,242,8,828,202,8010
20250411,24:00:00,7792,2992,1196,2408,76,378,206,160,622,0,0,18,0,116,-2,580,202,7792
20250412,0:30,7522,2992,1194,2368,76,362,206,164,636,0,0,22,0,116,-20,796,202,7522
20250412,1:00,7316,2988,1090,2352,70,386,192,160,624,0,0,18,0,118,-34,852,204,7316
20250412,1:30,7258,2992,1114,2318,72,362,192,164,640,0,0,22,0,120,-40,900,202,7258
20250412,2:00,7298,2990,1104,2316,70,384,186,160,628,0,0,14,0,118,-36,840,204,7298
20250412,2:30,7516,2990,1160,2372,72,360,196,164,636,0,0,10,0,158,-16,788,202,7516
20250412,3:00,7756,2994,1118,2432,70,386,210,160,620,0,0,6,0,194,-4,632,202,7756
20250412,3:30,8036,2992,1290,2544,74,386,224,164,636,0,0,4,0,388,-8,860,202,8036
20250412,4:00,8306,2990,1242,2540,72,408,238,160,626,0,0,6,0,598,-6,772,204,8306
20250412,4:30,8462,2994,1390,2546,78,382,276,164,640,0,0,2,0,666,-2,876,202,8462
20250412,5:00,8586,2992,1410,2544,76,412,466,160,630,0,0,2,0,694,4,1008,204,8586
20250412,5:30,8592,2994,1380,2546,80,386,490,164,644,0,0,6,0,692,-2,992,204,8592
20250412,6:00,8460,2990,1334,2524,78,410,438,160,628,0,0,0,0,644,32,980,202,8460
20250412,6:30,8128,2992,1198,2212,84,388,424,164,632,158,0,12,0,658,16,1012,202,8128
20250412,7:00,7740,2994,948,1702,78,370,324,160,630,712,0,10,0,648,-40,1000,204,7740
20250412,7:30,7574,2992,804,1486,80,342,282,164,624,1604,0,14,0,406,-38,1388,202,7574
20250412,8:00,7452,2990,684,992,80,354,264,160,546,2280,0,20,0,340,-36,1424,202,7452
20250412,8:30,7590,2994,398,748,76,306,228,164,500,3026,1,34,0,190,-8,1268,202,7590
20250412,9:00,7772,2992,450,512,78,288,224,158,486,3818,1,46,0,-578,-28,876,202,7772
20250412,9:30,7996,2994,432,480,80,248,208,162,496,4124,1,42,0,-1464,32,40,202,7996
20250412,10:00,7860,2992,684,482,78,266,214,160,492,3796,1,42,0,-942,24,628,200,7860
20250412,10:30,7794,2994,614,482,76,248,218,162,496,3744,1,52,0,-506,42,1028,200,7794
20250412,11:00,7824,2992,342,482,74,262,204,160,488,4244,1,66,0,-1310,-24,356,200,7824
20250412,11:30,7734,2994,466,484,78,246,198,162,498,4582,1,76,0,-1568,38,720,200,7734
20250412,12:00,7928,2994,494,484,82,268,196,160,484,4412,1,66,0,-1692,32,252,200,7928
20250412,12:30,7786,2992,506,484,78,246,198,160,496,4031,2,69,0,-1680,14,0,192,7786
20250412,13:00,7640,2988,412,486,80,264,208,162,484,3577,2,67,0,-1246,-12,20,190,7640
20250412,13:30,7774,2996,480,482,82,244,190,162,496,3319,1,87,0,-962,4,-4,190,7774
20250412,14:00,7698,2992,434,484,86,268,184,160,516,3087,1,85,0,-808,16,-4,190,7698
20250412,14:30,7702,2992,420,584,86,246,194,162,602,2954,1,98,0,-706,16,136,190,7702
20250412,15:00,7770,2988,500,710,86,278,210,158,604,2726,1,116,0,-588,-8,200,190,7770
20250412,15:30,7762,2996,672,776,86,278,216,162,620,2241,0,119,0,-182,-28,384,190,7762
20250412,16:00,7816,2992,698,1018,90,348,204,160,620,1801,0,131,0,398,-34,800,190,7816
20250412,16:30,8008,2992,992,1174,90,398,216,162,628,1219,0,131,0,562,-30,716,190,8008
20250412,17:00,8072,2996,792,1644,92,402,256,160,630,701,0,143,0,662,-42,556,192,8072
20250412,17:30,8182,2986,820,2048,94,390,342,162,632,303,0,175,0,598,-30,528,190,8182
20250412,18:00,8330,2990,798,2056,98,402,480,160,628,45,0,201,0,696,-42,376,194,8330
20250412,18:30,8548,2988,820,2206,100,394,722,162,634,0,0,202,0,720,30,628,198,8548
20250412,19:00,8646,2988,850,2276,98,398,750,158,636,1,0,215,0,648,36,608,200,8646
20250412,19:30,8594,2988,820,2264,100,392,730,162,638,0,0,218,0,638,42,596,198,8594
20250412,20:00,8516,2996,872,2088,98,400,480,158,630,0,0,238,0,712,12,368,200,8516
20250412,20:30,8424,2992,808,2326,98,386,306,162,634,0,0,250,0,628,8,368,194,8424
20250412,21:00,8214,2994,774,2306,92,404,262,158,628,0,0,258,0,568,-12,412,194,8214
20250412,21:30,8064,2994,764,2132,92,388,268,162,634,0,0,294,0,572,4,432,192,8064
20250412,22:00,7950,2992,824,2092,86,400,268,158,634,0,0,312,0,578,30,616,192,7950
20250412,22:30,7806,2996,882,2326,84,384,220,162,636,0,0,316,0,422,10,824,192,7806
20250412,23:00,7674,2992,822,2206,84,404,216,158,634,0,0,340,0,410,2,784,190,7674
20250412,23:30,7588,2996,848,2168,80,388,228,162,636,0,0,352,0,396,-18,840,192,7588
20250412,24:00:00,7344,2994,840,1656,76,382,244,158,632,0,0,346,0,254,-18,412,192,7344
20250413,0:30,7014,2994,658,1570,74,362,230,160,634,0,0,354,0,122,-24,312,192,7014
20250413,1:00,6898,2992,718,1678,72,370,230,160,638,0,0,338,0,120,-38,572,192,6898
20250413,1:30,6842,2996,716,1600,70,356,240,162,636,0,0,324,0,120,-42,528,192,6842
20250413,2:00,6844,2994,692,1648,68,370,248,158,630,0,0,320,0,116,-44,548,192,6844
20250413,2:30,7050,2990,796,1724,70,362,248,158,618,0,0,294,0,122,-28,496,192,7050
20250413,3:00,7284,2994,820,1966,64,372,252,160,614,0,0,280,0,208,18,656,192,7284
20250413,3:30,7646,2990,878,2256,70,382,314,160,622,0,0,300,0,312,26,856,192,7646
20250413,4:00,7834,2990,808,2340,68,406,422,158,618,0,0,304,0,316,26,816,194,7834
20250413,4:30,7990,2994,768,2330,72,390,492,162,616,0,0,306,0,634,38,1004,192,7990
20250413,5:00,8032,2990,826,2296,74,402,670,158,612,0,0,304,0,746,16,1256,194,8032
20250413,5:30,8046,2994,1026,2190,76,388,674,162,618,0,0,304,0,764,10,1352,192,8046
20250413,6:00,7744,2990,968,1982,74,402,490,158,612,0,0,284,0,964,-2,1372,194,7744
20250413,6:30,7538,2996,1102,1828,76,388,442,162,618,4,0,292,0,1008,2,1572,192,7538
20250413,7:00,7282,2990,1238,1710,78,376,394,158,618,126,0,290,0,558,-38,1408,192,7282
20250413,7:30,7070,2994,816,1436,80,342,372,162,618,738,0,288,0,94,-34,1028,192,7070
20250413,8:00,6890,2992,638,1128,76,350,320,160,598,1712,0,278,0,-538,-26,988,190,6890
20250413,8:30,6498,2990,352,604,80,298,304,164,542,3146,0,280,0,-958,-36,1460,192,6498
20250413,9:00,6994,2996,272,538,78,286,308,160,466,4282,674,284,0,-1422,-36,1408,190,6994
20250413,9:30,7174,2992,300,488,80,248,310,164,480,4478,1725,282,0,-1488,-26,1324,190,7174
20250413,10:00,7152,2988,370,482,78,268,316,160,476,4314,2907,276,0,-1570,42,1236,188,7152
20250413,10:30,7242,2994,332,486,76,252,294,164,482,4450,3829,280,0,-1560,36,1232,188,7242
20250413,11:00,7266,2990,420,482,74,262,290,160,474,4340,4467,266,0,-1538,40,1184,190,7266
20250413,11:30,7236,2996,338,484,74,248,300,164,484,4422,4325,272,0,-1572,26,1188,188,7236
20250413,12:00,7294,2992,594,482,72,268,298,160,474,4324,4261,264,0,-1672,28,1180,190,7294
20250413,12:30,7242,2996,538,486,72,256,296,164,484,4391,4200,269,0,-1626,10,1284,190,7242
20250413,13:00,7094,2990,408,486,72,264,290,160,472,4513,4076,275,0,-1678,-2,1344,188,7094
20250413,13:30,7066,2994,276,486,74,246,292,164,486,4661,3749,257,0,-1694,4,1368,188,7066
20250413,14:00,7048,2994,248,484,74,268,288,160,472,4967,3389,249,0,-1884,-30,1432,190,7048
20250413,14:30,7056,2990,206,486,72,252,288,164,486,5159,2906,253,0,-2082,-20,1388,190,7056
20250413,15:00,6958,2990,238,482,68,268,284,160,474,4783,2377,259,0,-1938,32,1332,190,6958
20250413,15:30,6992,2994,344,484,70,250,276,164,482,4593,1631,253,0,-1790,-22,1296,190,6992
20250413,16:00,7130,2984,396,518,72,274,274,158,474,4229,1191,239,0,-1354,-36,1288,190,7130
20250413,16:30,7292,2994,394,620,74,280,284,164,482,3915,464,237,0,-1030,-28,1284,190,7292
20250413,17:00,7394,2988,538,704,76,348,288,158,512,3263,0,245,0,-766,-30,1120,190,7394
20250413,17:30,7662,2986,658,970,84,350,624,164,588,2006,0,236,0,172,-32,1336,192,7662
20250413,18:00,8082,2982,742,1166,88,388,708,160,598,992,0,224,0,776,-34,900,192,8082
20250413,18:30,8240,2992,608,1872,98,386,818,164,612,250,0,212,0,570,-18,520,196,8240
20250413,19:00,8494,2986,678,2298,102,364,712,160,606,0,0,198,0,580,16,404,198,8494
20250413,19:30,8718,2988,562,2466,106,386,680,164,620,0,0,218,0,552,38,260,198,8718
20250413,20:00,8566,2990,490,2352,106,404,674,160,608,0,0,206,0,466,30,120,200,8566
20250413,20:30,8490,2990,538,2486,104,384,564,164,616,0,0,196,0,486,26,260,196,8490
20250413,21:00,8432,2992,704,2526,102,406,400,160,612,0,0,180,0,542,26,412,194,8432
20250413,21:30,8348,2992,852,2542,98,386,334,164,618,0,0,176,0,552,26,584,192,8348
20250413,22:00,8120,2990,778,2540,92,408,290,160,610,0,0,198,0,304,12,452,190,8120
20250413,22:30,7918,2992,720,2524,90,392,264,164,618,0,0,204,0,314,10,564,190,7918
20250413,23:00,7854,2986,644,2454,84,402,244,160,616,0,0,214,0,252,14,408,192,7854
20250413,23:30,7762,2992,672,2412,82,390,228,164,622,0,0,198,0,302,-6,484,190,7762
20250413,24:00:00,7496,2992,662,2254,80,406,244,160,614,0,0,166,0,154,-28,400,192,7496
20250414,0:30,7248,2988,740,2102,76,388,250,164,620,0,0,142,0,116,-38,492,192,7248
20250414,1:00,7134,2988,768,1820,74,408,256,160,616,0,0,118,0,120,-30,356,192,7134
20250414,1:30,7194,2992,710,1986,72,382,238,164,620,0,0,102,0,120,-36,348,192,7194
20250414,2:00,7290,2990,626,2024,74,414,238,160,608,0,0,78,0,118,-32,200,192,7290
20250414,2:30,7568,2986,924,2044,74,386,246,164,620,0,0,80,0,122,-38,232,192,7568
20250414,3:00,7956,2988,980,2414,72,410,294,160,610,0,0,74,0,120,-42,316,192,7956
20250414,3:30,8318,2988,1054,2458,76,390,452,164,620,0,0,86,0,122,-32,252,192,8318
20250414,4:00,8610,2988,1122,2514,76,406,582,160,612,0,0,96,0,120,-10,248,192,8610
20250414,4:30,8854,2990,1432,2542,80,382,606,164,622,0,0,88,0,128,40,412,192,8854
20250414,5:00,9042,2988,1478,2540,78,414,612,160,600,0,0,98,0,196,34,348,192,9042
20250414,5:30,9298,2990,1562,2544,84,386,620,164,618,0,0,124,0,214,40,240,192,9298
20250414,6:00,9288,2990,1546,2538,88,406,630,160,600,1,0,141,0,138,40,184,194,9288
20250414,6:30,9264,2990,1468,2542,92,384,606,164,612,167,0,145,0,322,-14,404,190,9264
20250414,7:00,9096,2994,1120,2368,92,408,444,160,606,725,0,153,0,274,-30,408,190,9096
20250414,7:30,8932,2986,794,2022,96,386,386,164,610,1669,0,167,0,126,-34,628,188,8932
20250414,8:00,8946,2988,574,1634,94,406,382,160,596,2323,0,177,0,-46,-30,500,188,8946
20250414,8:30,9150,2992,824,1408,92,360,334,164,606,2922,2,190,0,-210,4,724,188,9150
20250414,9:00,9608,2990,724,1370,88,354,310,160,602,3192,2,210,0,0,-38,540,186,9608
20250414,9:30,10052,2996,714,1370,86,338,238,164,604,3211,3,239,0,-218,34,-92,184,10052
20250414,10:00,10182,2992,606,1540,82,340,240,160,602,3349,3,235,0,-258,28,-80,186,10182
20250414,10:30,10148,2996,500,1422,80,334,250,162,608,3694,4,260,0,-308,26,60,184,10148
20250414,11:00,10264,2990,542,1320,78,342,256,160,608,3660,4,296,0,-276,32,-72,184,10264
20250414,11:30,10244,2996,558,1310,76,296,236,162,610,3734,4,296,0,-286,2,-68,186,10244
20250414,12:00,10130,2990,748,1296,68,226,228,160,614,3808,4,278,0,-268,12,216,186,10130
20250414,12:30,10088,2992,722,1170,68,192,266,162,618,3818,3,296,0,-296,2,108,186,10088
20250414,13:00,9324,2990,658,1418,64,164,268,160,616,3414,3,284,0,-310,-12,576,186,9324
20250414,13:30,9758,2990,806,1500,66,130,262,160,618,3583,2,277,0,-32,24,812,186,9758
20250414,14:00,9740,2988,1102,1818,66,136,248,158,612,3079,2,259,0,320,16,1248,186,9740
20250414,14:30,9950,2986,1122,1732,70,60,288,158,618,3129,1,273,0,142,10,824,186,9950
20250414,15:00,9526,2990,1114,1394,74,74,302,156,610,3809,1,259,0,-258,-28,1156,186,9526
20250414,15:30,9694,2990,1360,1730,78,78,308,158,618,3795,1,271,0,-458,8,1428,186,9694
20250414,16:00,9548,2988,1268,1640,82,114,312,154,616,3089,1,271,0,118,-44,1244,184,9548
20250414,16:30,9600,2992,1500,1936,82,114,326,158,620,2654,0,280,0,126,-22,1352,186,9600
20250414,17:00,9588,2984,1900,2274,86,130,332,154,618,1950,0,288,0,196,-14,1496,186,9588
20250414,17:30,9474,2986,1344,2530,94,128,390,158,616,1296,0,276,0,118,-28,620,186,9474
20250414,18:00,9508,2984,1588,2534,92,130,526,154,618,830,0,274,0,122,-28,504,188,9508
20250414,18:30,9660,2982,1738,2540,100,126,690,158,620,352,0,294,0,124,14,272,194,9660
20250414,19:00,9916,2986,2114,2540,108,134,846,156,612,0,0,286,0,136,34,232,196,9916
20250414,19:30,9976,2984,1854,2542,106,132,808,160,620,0,0,282,0,120,32,-144,192,9976
20250414,20:00,9826,2986,2154,2540,106,142,802,160,616,0,0,278,0,306,28,484,192,9826
20250414,20:30,9746,2992,2162,2542,102,128,680,162,624,0,0,294,0,478,36,644,190,9746
20250414,21:00,9658,2992,1760,2536,100,164,640,160,616,0,0,288,0,150,-4,-68,188,9658
20250414,21:30,9428,2990,2150,2544,96,168,460,162,620,0,0,304,0,190,22,464,186,9428
20250414,22:00,9136,2990,1550,2538,92,228,412,160,612,0,0,306,0,118,-8,48,186,9136
20250414,22:30,9014,2996,1622,2540,88,270,352,162,620,0,0,320,0,122,4,268,186,9014
20250414,23:00,8798,2988,1396,2414,84,336,342,160,622,0,0,320,0,118,-20,148,186,8798
20250414,23:30,8674,2994,1518,2348,80,350,342,162,628,0,0,320,0,120,30,404,186,8674
20250414,24:00:00,8306,2990,1256,2008,78,366,338,160,620,0,0,332,0,116,-26,120,188,8306
20250415,0:30,8038,2994,1058,2124,76,352,278,162,628,0,0,318,0,122,-2,260,188,8038
20250415,1:00,7840,2992,1154,2280,70,380,266,160,620,0,0,306,0,122,4,704,190,7840
20250415,1:30,7690,2992,1084,2290,72,366,276,162,628,0,0,298,0,118,-12,772,188,7690
20250415,2:00,7792,2990,1072,2294,70,404,272,160,616,0,0,300,0,120,-12,684,190,7792
20250415,2:30,8034,2990,1308,2362,72,374,278,162,626,0,0,292,0,120,-14,724,188,8034
20250415,3:00,8304,2992,1434,2436,68,396,314,160,618,0,0,302,0,122,-2,724,188,8304
20250415,3:30,8632,2990,1630,2526,74,380,368,164,626,0,0,300,0,120,-2,732,188,8632
20250415,4:00,8746,2986,1356,2444,74,394,556,160,616,0,0,294,0,316,4,644,190,8746
20250415,4:30,9056,2992,1592,2542,76,380,626,164,626,0,0,308,0,386,8,832,188,9056
20250415,5:00,9188,2988,1594,2536,76,398,638,160,610,0,0,300,0,432,10,744,190,9188
20250415,5:30,9320,2990,1826,2362,82,382,636,164,630,0,0,274,0,696,2,916,192,9320
20250415,6:00,9456,2990,1920,2210,80,400,636,160,614,0,0,274,0,870,-4,884,190,9456
20250415,6:30,9428,2988,2022,1924,88,372,540,164,632,120,0,260,0,862,-32,700,188,9428
20250415,7:00,9326,2986,1920,1762,86,404,512,160,610,488,0,248,0,850,-42,848,190,9326
20250415,7:30,9436,2990,1952,1710,90,380,430,164,626,1198,0,254,0,702,-40,1208,188,9436
20250415,8:00,9400,2992,1750,1492,86,386,414,160,616,2026,0,258,0,504,-24,1448,188,9400
20250415,8:30,9458,2994,1558,1016,84,332,392,164,616,2859,1,271,0,126,-38,1104,188,9458
20250415,9:00,9508,2988,1420,798,80,332,376,160,594,3629,1,263,0,124,-40,1404,188,9508
20250415,9:30,9828,2992,810,798,80,300,352,164,556,4700,3,264,0,44,-14,1404,186,9828
20250415,10:00,9876,2992,530,778,72,318,298,160,496,5470,3,272,0,-790,10,916,186,9876
20250415,10:30,9658,2994,324,600,70,300,274,164,504,6207,3,271,0,-1316,8,928,186,9658
20250415,11:00,9790,2994,414,482,72,306,272,160,500,7043,3,269,0,-1586,34,1356,186,9790
20250415,11:30,10004,2994,570,480,70,286,274,164,512,6912,740,270,0,-1458,36,1292,186,10004
20250415,12:00,10182,2992,570,482,66,300,266,160,504,7044,1536,266,0,-1302,34,1388,188,10182
20250415,12:30,9844,2992,632,486,68,288,254,164,518,6626,2400,278,0,-1338,34,1344,186,9844
20250415,13:00,9666,2994,716,484,66,308,252,160,500,6348,2635,272,0,-1284,18,1356,188,9666
20250415,13:30,9640,2992,764,482,64,294,252,164,512,6380,2139,266,0,-1320,20,1416,186,9640
20250415,14:00,9710,2990,684,484,66,318,248,160,508,6502,1907,256,0,-1264,-10,1420,188,9710
20250415,14:30,9492,2994,548,482,64,312,252,164,516,6524,1380,234,0,-1400,4,1388,186,9492
20250415,15:00,9388,2992,468,488,64,326,288,160,508,6558,868,228,0,-1476,0,1404,188,9388
20250415,15:30,9332,2992,574,484,68,304,314,164,520,6528,338,220,0,-1602,-18,1404,188,9332
20250415,16:00,9022,2992,636,588,70,336,326,160,534,6262,3,212,0,-1824,-30,1428,188,9022
20250415,16:30,9112,2994,972,1002,74,358,334,164,598,5331,0,207,0,-1380,-30,1700,188,9112
20250415,17:00,9236,2992,1182,1208,76,450,378,158,612,4031,0,201,0,-462,-40,1740,190,9236
20250415,17:30,9470,2988,1716,1662,86,446,404,164,618,2801,0,199,0,20,-40,1784,190,9470
20250415,18:00,9680,2990,1912,1816,90,452,524,158,612,1531,0,191,0,270,-30,1028,192,9680
20250415,18:30,9658,2988,2150,2232,100,436,630,164,620,499,0,185,0,364,32,940,198,9658
20250415,19:00,9814,2990,2152,2306,104,434,730,160,618,0,0,174,0,640,38,732,200,9814
20250415,19:30,10138,2990,2168,2494,108,446,722,164,618,0,0,168,0,800,40,776,196,10138
20250415,20:00,10080,2992,2222,2540,108,446,714,160,618,0,0,160,0,572,40,688,196,10080
20250415,20:30,9916,2992,2232,2542,106,434,664,164,624,0,0,142,0,636,44,856,192,9916
20250415,21:00,9914,2994,2230,2542,102,452,708,160,610,0,0,138,0,702,-2,912,190,9914
20250415,21:30,9744,2996,2280,2540,98,442,612,164,620,0,0,150,0,480,-4,824,190,9744
20250415,22:00,9554,2990,2326,2540,90,454,488,160,614,0,0,144,0,378,-6,812,188,9554
20250415,22:30,9356,2994,2134,2544,92,428,438,164,616,0,0,136,0,172,-6,544,188,9356
20250415,23:00,9050,2996,2050,2540,86,426,344,160,618,0,0,140,0,116,10,624,188,9050
20250415,23:30,8856,2996,1754,2544,84,414,314,164,630,0,0,156,0,116,-20,484,188,8856
20250415,24:00:00,8510,2992,1358,2540,76,434,272,160,608,0,0,146,0,114,-32,348,190,8510
20250416,0:30,8256,2996,1564,2528,76,414,262,162,600,0,0,150,0,118,-38,764,188,8256
20250416,1:00,8004,2996,1554,2530,74,432,268,160,562,0,0,140,0,114,-42,972,188,8004
20250416,1:30,7944,2994,1360,2530,72,410,258,162,560,0,0,134,0,118,-38,804,188,7944
20250416,2:00,8010,2994,1670,2538,72,438,254,160,546,0,0,122,0,116,-42,1044,186,8010
20250416,2:30,8216,2994,1946,2540,72,414,274,162,556,0,0,104,0,120,-28,1124,186,8216
20250416,3:00,8486,2992,1912,2542,74,432,430,160,550,0,0,104,0,304,-2,1200,188,8486
20250416,3:30,8746,2994,1968,2542,76,438,560,162,558,0,0,102,0,496,26,1364,188,8746
20250416,4:00,9044,2992,1786,2542,74,462,708,160,544,0,0,96,0,596,28,1132,188,9044
20250416,4:30,9322,2994,1932,2544,80,438,764,162,558,0,0,90,0,648,28,1104,188,9322
20250416,5:00,9398,2992,1962,2540,78,450,770,160,542,0,0,70,0,616,44,1012,186,9398
20250416,5:30,9566,2992,1914,2544,82,436,732,162,558,0,0,66,0,784,30,924,190,9566
20250416,6:00,9490,2994,1992,2386,86,446,672,160,550,1,0,69,0,906,4,964,188,9490
20250416,6:30,9578,2992,1786,2236,88,448,632,162,558,176,0,74,0,760,-32,488,186,9578
20250416,7:00,9242,2996,1518,1738,90,454,470,160,554,722,0,70,0,570,-40,248,188,9242
20250416,7:30,9202,2996,1070,1428,88,414,424,162,556,1824,0,72,0,368,-30,356,186,9202
20250416,8:00,8842,2992,1006,958,84,410,374,160,536,2876,0,62,0,36,-42,796,186,8842
20250416,8:30,8622,2996,730,734,82,364,338,162,504,4049,3,17,39,-258,6,1288,186,8622
20250416,9:00,9002,2994,404,612,80,318,336,160,448,5251,6,5,82,-344,-24,1424,186,9002
20250416,9:30,9392,2996,608,520,80,308,310,162,462,5560,994,2,99,-516,22,1308,186,9392
20250416,10:00,9404,2990,468,488,74,322,308,160,446,6008,1312,0,119,-608,8,1444,184,9404
20250416,10:30,9374,2998,400,482,72,312,266,162,458,6354,1769,2,129,-896,4,1424,184,9374
20250416,11:00,9334,2996,394,484,68,320,258,160,446,6590,2130,4,136,-1138,-6,1428,186,9334
20250416,11:30,9240,2996,422,486,68,302,250,162,460,6668,2433,4,144,-1336,-6,1420,184,9240
20250416,12:00,9230,2994,498,486,66,320,248,158,452,6564,2780,2,147,-1370,22,1396,186,9230
20250416,12:30,8882,2996,370,486,66,310,266,162,462,6378,3043,4,167,-1392,6,1416,184,8882
20250416,13:00,8716,2994,430,486,66,322,262,158,452,6200,3072,4,173,-1454,6,1396,186,8716
20250416,13:30,8920,2996,468,486,66,306,246,162,460,6446,2362,4,163,-1458,0,1448,186,8920
20250416,14:00,9092,2988,524,484,66,318,242,158,450,6456,2073,2,161,-1384,0,1396,184,9092
20250416,14:30,9070,2998,502,488,68,304,250,162,458,6482,1127,4,170,-1404,-4,1424,186,9070
20250416,15:00,9074,2990,590,484,72,308,250,158,452,6290,525,4,164,-1336,14,1388,186,9074
20250416,15:30,8974,2994,582,488,70,268,304,162,458,5868,48,4,166,-1138,-20,1252,186,8974
20250416,16:00,8780,2992,576,640,78,294,316,158,448,5122,4,28,107,-1040,-26,992,186,8780
20250416,16:30,8790,2988,710,754,76,314,338,162,486,4195,0,33,92,-584,-12,856,186,8790
20250416,17:00,8986,2984,932,1066,84,366,348,158,528,2975,0,35,88,162,-24,816,188,8986
20250416,17:30,8950,2990,1200,1294,84,386,344,162,546,1834,0,86,0,424,-40,548,188,8950
20250416,18:00,8800,2988,836,1752,92,402,480,158,552,984,0,96,0,338,-38,28,188,8800
20250416,18:30,8944,2988,982,2136,96,384,554,162,558,377,0,93,0,752,14,344,192,8944
20250416,19:00,9144,2990,1124,2312,96,402,574,158,542,0,0,78,0,892,38,252,190,9144
20250416,19:30,9256,2996,924,2524,102,386,530,162,554,1,0,89,0,890,26,120,192,9256
20250416,20:00,9138,2988,814,2412,104,412,522,158,542,0,0,96,0,892,0,-8,190,9138
20250416,20:30,9014,2994,816,2464,98,384,464,162,558,0,0,98,0,896,2,108,186,9014
20250416,21:00,8924,2990,862,2520,98,412,424,160,544,0,0,116,0,720,2,112,188,8924
20250416,21:30,8720,2994,972,2546,94,384,378,162,560,0,0,128,0,696,32,412,186,8720
20250416,22:00,8526,2992,900,2540,90,412,376,160,542,0,0,130,0,686,26,516,188,8526
20250416,22:30,8422,2994,1078,2528,86,394,316,162,550,0,0,116,0,680,-4,664,186,8422
20250416,23:00,8190,2990,970,2518,80,404,250,160,556,0,0,122,0,654,2,704,188,8190
20250416,23:30,8156,2994,980,2436,82,390,248,162,558,0,0,126,0,524,-12,520,188,8156
20250416,24:00:00,7916,2994,970,2448,74,410,248,160,554,0,0,116,0,178,-22,400,186,7916
20250417,0:30,7622,2992,986,2414,74,402,256,162,560,0,0,118,0,122,-12,640,188,7622
20250417,1:00,7436,2996,852,2300,70,418,262,160,554,0,0,114,0,116,-42,552,188,7436
20250417,1:30,7418,2994,902,2234,70,396,260,162,562,0,0,120,0,120,-38,552,188,7418
20250417,2:00,7460,2992,998,2170,72,424,256,158,556,0,0,104,0,120,-42,536,188,7460
20250417,2:30,7648,2994,1082,2342,72,408,284,162,564,0,0,110,0,122,-40,640,188,7648
20250417,3:00,7912,2994,1176,2472,70,432,284,158,548,0,0,100,0,130,-8,632,188,7912
20250417,3:30,8190,2994,1228,2546,74,412,356,162,560,0,0,104,0,298,26,756,186,8190
20250417,4:00,8410,2992,1036,2544,72,432,478,158,554,0,0,104,0,482,34,664,188,8410
20250417,4:30,8552,2996,1124,2548,76,412,614,162,560,0,0,122,0,520,42,812,188,8552
20250417,5:00,8690,2992,1078,2544,76,436,640,158,552,0,0,126,0,514,28,640,186,8690
20250417,5:30,8716,2994,1116,2402,78,416,636,162,566,0,0,132,0,612,-4,584,190,8716
20250417,6:00,8610,2996,1174,2304,78,428,566,158,552,1,0,119,0,758,-8,704,188,8610
20250417,6:30,8458,2990,1244,1954,82,416,458,162,562,145,0,125,0,748,-14,600,186,8458
20250417,7:00,8138,2998,996,1796,82,422,404,158,560,611,0,119,0,466,-38,624,188,8138
20250417,7:30,8208,2998,666,1704,84,414,374,162,562,1583,0,133,0,180,-42,796,186,8208
20250417,8:00,7982,2992,488,1396,82,404,348,158,554,2419,0,123,0,-588,-34,548,188,7982
20250417,8:30,8056,2996,614,836,84,328,318,162,556,3427,1,137,0,-782,-14,792,186,8056
20250417,9:00,8272,2992,486,582,82,298,308,158,534,4403,1,153,0,-806,-18,1088,188,8272
20250417,9:30,8624,2998,418,498,80,274,248,162,498,5386,2,158,0,-938,8,1352,186,8624
20250417,10:00,9040,2990,596,484,82,292,240,158,456,5838,316,166,0,-1104,34,1380,188,9040
20250417,10:30,9256,2994,564,488,82,286,238,160,458,6164,1024,164,0,-1140,22,1412,188,9256
20250417,11:00,9214,2994,624,482,80,296,240,158,448,6002,1381,168,0,-1110,24,1380,188,9214
20250417,11:30,9286,2994,566,488,76,280,258,160,454,6224,1339,178,0,-1186,42,1436,188,9286
20250417,12:00,9194,2992,602,486,76,300,258,158,454,6186,1540,184,0,-1300,16,1408,190,9194
20250417,12:30,8936,2994,634,486,74,284,232,158,460,5862,2065,190,0,-1270,18,1376,190,8936
20250417,13:00,8800,2994,510,488,70,294,224,158,452,5972,1868,192,0,-1342,6,1408,190,8800
20250417,13:30,9228,2994,540,486,72,276,232,158,452,6514,1168,188,0,-1448,6,1432,190,9228
20250417,14:00,9366,2992,570,488,70,282,232,158,446,6688,660,188,0,-1526,0,1412,190,9366
20250417,14:30,9280,2994,560,488,72,276,236,160,454,6630,191,186,0,-1562,-4,1400,190,9280
20250417,15:00,9054,2984,466,572,76,288,234,156,438,6414,3,180,0,-1536,6,1416,192,9054
20250417,15:30,9054,2994,568,726,78,272,238,160,448,5708,2,192,0,-1114,-22,1384,190,9054
20250417,16:00,9114,2988,502,904,82,316,276,156,476,4770,2,186,0,-1058,-40,636,192,9114
20250417,16:30,9114,2992,654,1082,80,348,296,160,532,3955,0,175,0,-640,-38,672,190,9114
20250417,17:00,9140,2990,992,1582,88,380,310,156,542,2931,0,177,0,88,-44,1244,192,9140
20250417,17:30,9110,2988,1224,2106,92,394,350,160,546,1884,0,180,0,212,-34,1184,192,9110
20250417,18:00,9150,2984,1126,2144,92,416,502,156,544,932,0,168,0,296,-26,376,192,9150
20250417,18:30,9036,2984,1384,2324,98,384,660,160,548,300,0,168,0,350,30,548,194,9036
20250417,19:00,9204,2988,1388,2530,102,356,742,156,546,0,0,156,0,436,38,432,198,9204
20250417,19:30,9172,2992,1062,2544,104,376,772,160,550,0,0,160,0,378,0,124,198,9172
20250417,20:00,9042,2986,1012,2356,100,382,716,158,548,0,0,156,0,290,4,-136,198,9042
20250417,20:30,8848,2992,976,2464,100,372,626,160,552,0,0,144,0,294,26,52,194,8848
20250417,21:00,8692,2988,964,2480,98,384,532,158,544,0,0,136,0,292,8,84,192,8692
20250417,21:30,8552,2996,1162,2532,94,372,492,160,550,0,0,134,0,294,18,444,192,8552
20250417,22:00,8386,2992,1004,2516,88,386,482,158,546,0,0,130,0,292,0,400,192,8386
20250417,22:30,8328,2994,1128,2524,86,376,310,160,544,0,0,134,0,120,0,240,192,8328
20250417,23:00,8150,2994,974,2432,82,392,278,158,552,0,0,126,0,118,12,160,192,8150
20250417,23:30,8078,2992,1090,2488,80,386,246,160,556,0,0,126,0,132,-10,356,188,8078
20250417,24:00:00,7834,2994,814,2244,80,402,240,158,550,0,0,114,0,116,-22,44,188,7834
20250418,0:30,7578,2996,862,2310,76,400,262,160,558,0,0,112,0,116,-36,424,186,7578
20250418,1:00,7374,2990,740,2380,72,410,260,158,540,0,0,102,0,118,-40,544,188,7374
20250418,1:30,7358,2996,790,2332,72,388,252,158,556,0,0,108,0,116,-40,556,186,7358
20250418,2:00,7390,2990,768,2392,70,412,254,160,546,0,0,92,0,118,-40,560,188,7390
20250418,2:30,7556,2996,926,2458,72,392,256,158,554,0,0,90,0,120,-10,644,188,7556
20250418,3:00,7854,2990,1152,2508,74,406,258,160,546,0,0,96,0,186,10,720,188,7854
20250418,3:30,8082,2992,834,2546,74,388,340,160,554,0,0,104,0,540,24,660,186,8082
20250418,4:00,8298,2990,794,2542,74,408,456,156,540,0,0,96,0,644,30,620,188,8298
20250418,4:30,8414,2992,830,2544,76,392,580,158,556,0,0,90,0,688,34,712,186,8414
20250418,5:00,8476,2994,754,2542,74,416,614,158,540,0,0,68,0,720,24,616,188,8476
20250418,5:30,8446,2990,776,2546,80,394,548,160,556,0,0,76,0,726,0,596,190,8446
20250418,6:00,8226,2992,710,2348,78,420,496,158,546,0,0,82,0,678,-10,460,188,8226
20250418,6:30,8092,2994,798,2120,82,394,440,162,560,44,0,90,0,792,-34,536,186,8092
20250418,7:00,7972,2992,744,1872,82,420,424,158,546,278,0,76,0,722,-34,496,188,7972
20250418,7:30,8048,2992,942,1750,88,400,392,160,556,690,0,72,0,378,-34,524,186,8048
20250418,8:00,8130,2994,790,1686,86,416,366,158,550,1226,0,54,0,156,-38,500,186,8130
20250418,8:30,8372,2992,1068,1858,90,366,312,160,552,2073,0,57,0,170,-8,1504,186,8372
20250418,9:00,8706,2994,1030,1570,86,322,298,158,538,3149,0,43,0,124,-32,1760,186,8706
20250418,9:30,8954,2990,656,972,88,288,270,160,528,4416,1,38,0,-144,20,1512,184,8954
20250418,10:00,8910,2996,500,708,86,290,270,158,480,5194,1,34,0,-530,22,1484,186,8910
20250418,10:30,8938,2992,458,554,84,274,256,160,438,6018,1,36,0,-1082,38,1472,184,8938
20250418,11:00,8962,2996,454,480,82,292,254,158,430,6780,1,38,0,-1682,4,1508,184,8962
20250418,11:30,9186,2992,456,482,82,280,266,160,440,7322,221,58,0,-2022,-10,1504,184,9186
20250418,12:00,9304,2994,442,484,82,288,264,158,434,7528,592,62,0,-2112,-6,1500,186,9304
20250418,12:30,9080,2996,344,482,80,280,250,158,446,7544,873,72,0,-2186,-12,1560,186,9080
20250418,13:00,8892,2992,400,484,80,290,244,158,446,6822,1545,76,0,-1880,26,1432,186,8892
20250418,13:30,9208,2996,622,486,80,276,236,158,454,6722,1151,82,0,-1706,36,1420,186,9208
20250418,14:00,9536,2986,596,484,76,288,232,156,454,6962,787,74,0,-1572,12,1396,184,9536
20250418,14:30,9570,2996,628,486,78,272,240,158,464,6924,302,68,0,-1556,42,1416,186,9570
20250418,15:00,9620,2990,498,522,80,296,240,156,490,6932,1,64,0,-1706,-8,1120,186,9620
20250418,15:30,9234,2990,530,622,80,302,254,158,548,6310,1,60,0,-1724,-26,1056,186,9234
20250418,16:00,9272,2992,636,892,84,352,256,158,564,5652,1,52,0,-1258,-34,1260,186,9272
20250418,16:30,9340,2984,708,1438,84,390,312,160,576,4583,0,57,0,-632,-36,1468,184,9340
20250418,17:00,9360,2982,1100,1584,84,418,328,156,568,3341,0,51,0,146,-38,1548,188,9360
20250418,17:30,9394,2988,1084,1924,90,396,346,160,574,2277,0,51,0,152,-32,804,188,9394
20250418,18:00,9220,2980,986,2042,92,414,512,156,574,1179,0,45,0,346,-38,256,188,9220
20250418,18:30,9086,2990,886,2062,96,404,718,160,580,394,0,46,0,894,20,356,192,9086
20250418,19:00,9162,2982,908,2182,100,396,832,156,584,0,0,42,0,978,26,216,192,9162
20250418,19:30,9154,2992,926,2248,102,406,830,160,584,0,0,34,0,942,24,284,190,9154
20250418,20:00,9068,2990,864,2166,98,418,758,156,582,0,0,36,0,972,18,178,188,9068
20250418,20:30,8744,2994,892,2144,98,394,654,160,592,0,0,32,0,964,28,396,188,8744
20250418,21:00,8690,2990,898,2164,92,424,570,156,574,0,0,34,0,954,16,368,186,8690
20250418,21:30,8488,2988,836,1962,92,398,506,160,590,0,0,20,0,914,6,172,188,8488
20250418,22:00,8266,2992,730,1956,88,420,502,156,588,0,0,16,0,850,2,220,186,8266
20250418,22:30,8252,2994,828,2202,86,402,332,160,588,0,0,24,0,796,10,356,186,8252
20250418,23:00,8082,2990,662,2276,84,414,294,158,588,0,0,16,0,464,22,74,188,8082
20250418,23:30,7960,2992,976,2396,80,398,268,160,594,0,0,16,0,338,-10,436,188,7960
20250418,24:00:00,7754,2990,794,2330,76,414,260,158,586,0,0,14,0,178,-26,208,188,7754
20250419,0:30,7478,2994,810,2328,74,378,250,160,600,0,0,12,0,122,-30,408,188,7478
20250419,1:00,7282,2992,696,2158,70,400,244,158,584,0,0,12,0,198,-38,380,188,7282
20250419,1:30,7198,2992,718,2060,72,384,244,160,592,0,0,18,0,202,-40,392,188,7198
20250419,2:00,7244,2992,662,2034,70,398,250,158,582,0,0,24,0,198,-36,276,188,7244
20250419,2:30,7352,2992,634,2110,72,396,272,160,592,0,0,26,0,282,-28,344,188,7352
20250419,3:00,7580,2990,594,2148,70,422,274,158,588,0,0,26,0,444,-2,320,188,7580
20250419,3:30,7820,2990,810,2244,72,396,422,160,598,0,0,28,0,438,-14,512,188,7820
20250419,4:00,7962,2994,700,2210,72,422,564,158,582,0,0,28,0,554,12,524,190,7962
20250419,4:30,8112,2990,512,1922,76,398,664,160,596,0,0,26,0,1102,38,560,188,8112
20250419,5:00,8156,2992,520,1900,72,422,660,158,582,0,0,20,0,1172,34,564,188,8156
20250419,5:30,8108,2990,532,1792,78,394,608,160,594,0,0,20,0,1376,40,664,188,8108
20250419,6:00,7822,2990,438,1588,74,424,582,160,584,0,0,22,0,1166,30,424,188,7822
20250419,6:30,7492,2994,524,1440,78,402,478,160,594,224,0,24,0,1138,-28,724,188,7492
20250419,7:00,7256,2992,544,1016,78,406,324,160,590,798,0,18,0,572,-34,396,188,7256
20250419,7:30,7282,2992,374,720,78,360,280,160,594,1966,0,24,0,-208,-42,204,188,7282
20250419,8:00,7132,2990,374,632,76,368,274,158,566,3028,0,18,0,-1318,-32,188,186,7132
20250419,8:30,7064,2994,278,626,76,306,268,160,528,4202,3,16,32,-1898,-34,644,186,7064
20250419,9:00,7610,2988,514,586,76,272,262,158,454,4984,529,4,60,-1662,-18,1196,188,7610
20250419,9:30,8064,2992,622,492,74,244,240,160,470,5156,1652,2,58,-1348,26,1252,186,8064
20250419,10:00,8168,2992,638,484,70,278,236,156,452,5188,2543,0,80,-1294,34,1252,186,8168
20250419,10:30,8242,2992,556,482,70,246,260,158,470,5242,3311,4,79,-1312,32,1144,186,8242
20250419,11:00,8312,2990,322,482,66,278,264,156,454,5746,3144,2,92,-1416,16,1232,184,8312
20250419,11:30,8418,2992,318,486,66,250,244,158,472,6214,3158,4,105,-1764,12,1220,186,8418
20250419,12:00,8440,2990,482,486,66,270,238,156,452,6132,3463,4,128,-1858,22,1184,184,8440
20250419,12:30,8338,2994,556,486,68,256,232,156,470,5974,3393,4,133,-1854,10,1200,186,8338
20250419,13:00,8190,2988,504,488,66,276,234,156,454,5772,3294,4,132,-1742,0,1196,186,8190
20250419,13:30,8240,2990,462,484,68,252,224,156,466,5768,2848,8,126,-1606,2,1220,186,8240
20250419,14:00,8322,2992,294,488,70,268,222,154,456,5986,2235,10,142,-1516,0,1288,186,8322
20250419,14:30,8346,2990,400,486,68,260,224,156,468,6044,1688,10,151,-1678,8,1276,186,8346
20250419,15:00,8354,2988,420,482,70,272,224,154,458,6030,908,14,148,-1650,-2,1292,186,8354
20250419,15:30,8446,2990,500,486,72,250,234,156,470,5934,225,10,140,-1580,-18,1244,186,8446
20250419,16:00,8176,2988,486,484,74,282,236,156,456,5478,4,50,96,-1430,-18,1252,186,8176
20250419,16:30,8306,2988,512,598,78,302,270,158,512,4416,0,50,88,-784,-36,944,186,8306
20250419,17:00,8264,2986,634,736,82,364,274,154,552,3094,0,46,75,-286,-12,548,188,8264
20250419,17:30,8328,2986,606,1128,86,388,328,158,586,2008,0,92,0,250,-36,440,188,8328
20250419,18:00,8192,2978,508,1726,90,418,460,154,584,1096,0,134,0,794,-36,904,190,8192
20250419,18:30,8414,2982,672,2166,96,406,590,158,588,395,0,145,0,906,28,912,194,8414
20250419,19:00,8474,2980,736,2312,96,384,686,154,588,0,0,150,0,856,40,704,196,8474
20250419,19:30,8562,2982,574,2494,100,402,594,158,592,0,0,138,0,784,34,484,194,8562
20250419,20:00,8298,2986,402,2522,96,422,528,156,590,0,0,112,0,760,16,488,196,8298
20250419,20:30,8208,2988,542,2490,96,402,444,160,596,0,0,108,0,812,28,648,190,8208
20250419,21:00,8158,2990,618,2510,94,418,348,156,584,0,0,106,0,606,6,468,190,8158
20250419,21:30,7920,2990,536,2428,92,402,302,160,588,0,0,118,0,522,-6,400,188,7920
20250419,22:00,7744,2990,452,2402,84,418,266,156,594,0,0,138,0,418,-2,360,188,7744
20250419,22:30,7644,2988,598,2396,84,394,264,160,594,0,0,122,0,224,4,372,188,7644
20250419,23:00,7458,2986,496,2282,84,392,264,156,594,0,0,114,0,112,-6,204,188,7458
20250419,23:30,7436,2992,536,2140,80,380,242,160,600,0,0,120,0,114,12,128,188,7436
20250419,24:00:00,7222,2992,468,1886,78,392,240,156,588,0,0,108,0,114,-24,-36,188,7222
20250420,0:30,7006,2988,468,1898,74,376,226,160,600,0,0,110,0,114,-38,156,186,7006
20250420,1:00,6896,2990,398,1534,72,396,222,158,590,0,0,108,0,112,-22,-152,186,6896
20250420,1:30,6768,2990,448,1244,72,384,234,160,598,0,0,108,0,118,-30,-256,186,6768
20250420,2:00,6796,2988,430,1236,68,392,242,156,588,0,0,120,0,118,8,-264,186,6796
20250420,2:30,6890,2994,414,1352,72,378,248,160,596,0,0,118,0,118,-14,-268,186,6890
20250420,3:00,7132,2986,420,1868,70,400,246,156,588,0,0,108,0,178,6,80,186,7132
20250420,3:30,7344,2990,564,2150,74,370,264,158,606,0,0,104,0,160,-6,276,186,7344
20250420,4:00,7610,2990,458,2282,72,406,270,158,580,0,0,90,0,422,-6,300,188,7610
20250420,4:30,7684,2990,452,2444,76,372,402,160,600,0,0,98,0,408,24,528,186,7684
20250420,5:00,7790,2992,470,2416,74,404,544,156,578,0,0,94,0,412,2,540,188,7790
20250420,5:30,7770,2988,506,2374,78,378,600,158,596,0,0,70,0,416,2,584,188,7770
20250420,6:00,7486,2988,494,2284,76,398,490,158,584,0,0,62,0,386,-2,620,188,7486
20250420,6:30,7258,2990,688,2304,78,386,388,158,594,0,0,80,0,280,0,876,188,7258
20250420,7:00,7006,2992,566,2062,76,402,288,158,588,16,0,86,0,194,-34,576,188,7006
20250420,7:30,6982,2990,558,1812,80,378,274,158,600,106,0,92,0,152,-26,380,188,6982
20250420,8:00,6922,2990,552,1654,80,404,274,156,588,200,0,98,0,124,-32,352,186,6922
20250420,8:30,7116,2992,522,1686,84,318,264,158,594,372,0,80,0,124,-28,236,186,7116
20250420,9:00,7314,2988,404,1678,86,306,262,156,562,508,0,74,0,126,-30,-8,186,7314
20250420,9:30,7516,2994,460,1716,90,264,256,158,518,654,0,90,0,124,-36,-44,184,7516
20250420,10:00,7598,2994,434,1728,90,274,240,156,454,802,0,84,0,124,-22,-56,184,7598
20250420,10:30,7614,2990,386,1460,88,252,242,158,470,1148,0,114,0,84,18,-20,184,7614
20250420,11:00,7522,2994,418,1630,86,276,246,156,454,1308,0,110,0,-374,34,0,184,7522
20250420,11:30,7578,2990,446,1680,86,248,266,158,474,1546,0,60,0,-598,14,-24,184,7578
20250420,12:00,7562,2994,396,1540,88,276,264,156,450,1828,0,26,0,-628,0,12,184,7562
20250420,12:30,7560,2992,396,1542,88,254,236,156,472,2264,0,20,0,-1032,4,16,184,7560
20250420,13:00,7510,2990,434,1460,84,272,234,158,448,2422,0,16,0,-1196,12,8,184,7510
20250420,13:30,7612,2994,394,1512,82,254,232,156,514,2448,0,18,0,-1210,14,-20,184,7612
20250420,14:00,7422,2990,372,1356,78,296,230,158,554,2436,0,18,0,-1212,26,64,184,7422
20250420,14:30,7466,2994,394,1312,78,266,228,156,594,2754,0,14,0,-1418,2,92,184,7466
20250420,15:00,7386,2994,424,1308,76,302,230,156,580,2972,0,10,0,-1732,-2,116,184,7386
20250420,15:30,7346,2990,372,1386,82,272,236,156,592,3037,0,13,0,-1586,-20,368,184,7346
20250420,16:00,7428,2990,478,1430,82,308,236,156,586,2581,0,11,0,-784,-38,792,184,7428
20250420,16:30,7620,2984,526,1388,82,346,256,156,598,2217,0,25,0,-580,-38,524,184,7620
20250420,17:00,7636,2984,660,1498,84,372,264,154,584,1645,0,31,0,-498,-20,308,186,7636
20250420,17:30,7960,2984,676,2040,88,384,278,156,598,1141,0,25,0,-274,-30,292,186,7960
20250420,18:00,7958,2984,772,2554,90,422,440,154,582,619,0,25,0,174,-12,1032,186,7958
20250420,18:30,8222,2988,640,2488,96,402,706,156,592,231,0,45,0,484,4,796,186,8222
20250420,19:00,8300,2984,710,2356,98,402,828,158,580,0,0,42,0,530,38,612,186,8300
20250420,19:30,8318,2992,640,2306,100,394,786,158,596,0,0,38,0,464,36,380,188,8318
20250420,20:00,8258,2992,612,2172,98,424,710,156,584,0,0,38,0,572,38,328,190,8258
20250420,20:30,8076,2988,612,2162,98,402,584,158,594,0,0,38,0,570,32,348,186,8076
20250420,21:00,7970,2990,592,2270,92,420,494,156,584,0,0,42,0,580,38,476,188,7970
20250420,21:30,7846,2988,656,2428,90,398,320,158,598,0,0,44,0,510,2,536,190,7846
20250420,22:00,7630,2990,612,2378,86,422,262,156,584,0,0,40,0,396,-2,480,186,7630
20250420,22:30,7540,2990,602,2390,86,384,242,158,596,0,0,46,0,398,2,540,186,7540
20250420,23:00,7408,2990,582,2282,80,400,234,156,584,0,0,44,0,392,8,528,184,7408
20250420,23:30,7344,2992,644,2210,80,382,236,156,598,0,0,48,0,412,-16,584,186,7344
20250420,24:00:00,7162,2990,520,1730,76,396,238,158,586,0,0,46,0,364,-28,100,186,7162
20250421,0:30,6920,2992,542,1954,76,376,234,158,598,0,0,42,0,236,-42,432,186,6920
20250421,1:00,6782,2992,580,1902,70,406,236,156,584,0,0,34,0,238,-36,564,184,6782
20250421,1:30,6680,2990,530,1834,70,382,250,158,598,0,0,32,0,238,-42,544,184,6680
20250421,2:00,6770,2992,548,1792,68,398,254,156,588,0,0,28,0,240,-36,444,186,6770
20250421,2:30,6904,2992,574,1984,72,380,252,156,598,0,0,40,0,350,-34,644,184,6904
20250421,3:00,7144,2990,550,2016,70,404,288,158,584,0,0,40,0,568,-6,704,186,7144
20250421,3:30,7434,2990,582,1998,74,404,316,160,602,0,0,38,0,890,-6,800,186,7434
20250421,4:00,7684,2992,540,2080,72,416,392,158,584,0,0,34,0,986,0,756,186,7684
20250421,4:30,7896,2992,596,2272,76,396,460,158,600,0,0,38,0,992,-2,868,186,7896
20250421,5:00,8026,2986,602,2240,74,420,506,160,580,0,0,36,0,1002,34,800,186,8026
20250421,5:30,8044,2992,628,2288,78,396,532,160,598,2,0,34,0,1004,36,892,188,8044
20250421,6:00,7834,2990,624,2072,80,422,486,158,582,2,0,40,0,1100,40,948,186,7834
20250421,6:30,7816,2994,728,1728,82,406,436,160,594,182,0,42,0,882,8,612,186,7816
20250421,7:00,7506,2986,788,1566,82,416,408,158,586,614,0,50,0,384,-22,696,186,7506
20250421,7:30,7720,2992,626,1092,86,372,324,160,596,1583,0,63,0,98,-26,432,186,7720
20250421,8:00,7696,2992,432,656,82,372,294,158,574,2545,0,65,0,-506,-40,112,184,7696
20250421,8:30,7878,2990,598,630,84,338,256,160,574,3641,2,69,0,-952,-38,656,184,7878
20250421,9:00,8244,2986,564,594,86,282,242,156,522,4951,2,69,0,-1368,-38,988,186,8244
20250421,9:30,8788,2990,774,498,86,256,240,158,478,5658,390,60,0,-1350,24,1268,184,8788
20250421,10:00,9056,2948,734,482,86,272,232,156,470,6056,932,46,0,-1266,38,1380,182,9056
20250421,10:30,9192,2914,500,482,82,248,248,158,484,6662,1104,36,0,-1408,40,1436,182,9192
20250421,11:00,9456,2914,510,482,82,282,246,156,466,7124,1485,18,0,-1624,36,1420,184,9456
20250421,11:30,9430,2922,562,482,80,252,232,158,482,7070,1833,12,0,-1614,6,1396,182,9430
20250421,12:00,9560,2934,748,480,78,274,230,154,472,6930,2365,6,0,-1558,4,1376,184,9560
20250421,12:30,9324,2950,706,486,76,256,220,158,480,6728,2693,10,0,-1538,2,1392,182,9324
20250421,13:00,9238,2964,748,482,74,270,222,156,472,6532,2791,10,0,-1518,14,1372,184,9238
20250421,13:30,9480,2970,792,484,76,254,224,156,482,6584,2271,16,0,-1424,4,1320,182,9480
20250421,14:00,9642,2982,612,484,74,276,222,152,468,6666,1706,22,0,-1114,-6,1380,184,9642
20250421,14:30,9736,2990,556,482,76,250,224,154,480,6876,833,24,0,-1160,-4,1396,184,9736
20250421,15:00,9724,2990,488,486,76,278,226,152,468,6918,290,20,0,-1168,6,1400,184,9724
20250421,15:30,9428,2992,502,506,80,270,228,154,512,6504,2,14,0,-1460,-22,1036,184,9428
20250421,16:00,9364,2990,734,678,80,300,226,152,554,5502,2,10,0,-798,-32,1216,184,9364
20250421,16:30,9640,2994,690,778,88,342,242,154,576,4552,0,14,0,-432,-34,508,184,9640
20250421,17:00,9410,2986,966,1178,86,408,324,154,572,3234,0,14,0,208,-34,872,186,9410
20250421,17:30,9508,2984,890,1812,92,402,380,156,584,2150,0,22,0,376,-34,492,186,9508
20250421,18:00,9336,2984,960,2208,94,416,570,152,572,1154,0,22,0,294,-40,236,186,9336
20250421,18:30,9256,2980,1140,2336,100,406,718,156,584,454,0,24,0,574,28,432,188,9256
20250421,19:00,9332,2982,1178,2538,102,412,796,154,582,12,0,26,0,662,38,340,190,9332
20250421,19:30,9444,2980,1152,2542,104,406,780,156,584,2,0,26,0,612,38,128,190,9444
20250421,20:00,9174,2986,1170,2540,104,416,774,154,576,0,0,26,0,374,30,164,188,9174
20250421,20:30,8998,2990,1144,2544,102,400,658,156,584,0,0,28,0,204,18,16,186,8998
20250421,21:00,8804,2984,1136,2540,94,420,584,152,578,0,0,22,0,150,2,44,186,8804
20250421,21:30,8652,2990,1126,2544,94,404,420,156,584,0,0,30,0,150,-8,24,186,8652
20250421,22:00,8400,2990,930,2544,88,418,330,154,574,0,0,28,0,120,0,-38,186,8400
20250421,22:30,8312,2988,1062,2544,88,386,258,156,584,0,0,38,0,152,2,132,186,8312
20250421,23:00,8122,2988,962,2542,80,396,250,154,576,0,0,38,0,122,6,176,184,8122
20250421,23:30,8080,2990,1092,2544,82,388,238,156,586,0,0,46,0,134,-10,352,186,8080
20250421,24:00:00,7804,2988,808,2324,78,394,234,156,584,0,0,62,0,116,-24,102,186,7804
20250422,0:30,7602,2988,834,2318,76,384,230,158,590,0,0,72,0,118,-32,320,186,7602
20250422,1:00,7318,2990,674,2092,72,398,232,154,582,0,0,70,0,116,-44,204,186,7318
20250422,1:30,7242,2992,594,1964,72,380,242,158,588,0,0,80,0,118,-36,96,186,7242
20250422,2:00,7278,2986,656,1958,70,390,244,154,582,0,0,86,0,120,-32,120,184,7278
20250422,2:30,7386,2992,802,2002,72,348,244,158,592,0,0,102,0,122,-32,200,184,7386
20250422,3:00,7598,2988,914,2344,72,380,278,154,578,0,0,100,0,118,6,520,186,7598
20250422,3:30,7876,2990,1074,2526,74,370,340,158,586,0,0,124,0,120,26,696,184,7876
20250422,4:00,8078,2988,1190,2542,74,392,344,154,578,0,0,136,0,122,36,664,186,8078
20250422,4:30,8262,2992,1378,2542,78,392,342,158,588,0,0,134,0,166,34,728,186,8262
20250422,5:00,8442,2986,1396,2540,76,424,402,154,574,0,0,116,0,200,36,652,190,8442
20250422,5:30,8444,2990,1360,2544,80,394,420,158,592,2,0,124,0,246,-8,644,186,8444
20250422,6:00,8294,2990,1112,2540,82,422,446,154,574,2,0,128,0,240,-10,572,186,8294
20250422,6:30,8086,2994,1090,2540,84,400,450,158,590,92,0,120,0,124,-32,708,184,8086
20250422,7:00,7894,2988,888,2204,86,412,412,154,580,344,0,130,0,-254,-36,200,186,7894
20250422,7:30,7984,2992,904,2130,90,374,310,156,584,700,0,164,0,-526,-30,48,184,7984
20250422,8:00,8142,2986,868,2258,88,330,272,158,582,954,0,164,0,-570,-40,92,184,8142
20250422,8:30,8600,2992,1238,2504,92,326,258,156,580,1106,0,180,0,-564,-32,420,184,8600
20250422,9:00,9000,2988,1184,2538,94,336,252,158,574,1184,0,168,0,-574,-42,44,184,9000
20250422,9:30,9250,2988,1106,2542,98,332,232,156,576,1324,0,178,0,-576,4,-108,182,9250
20250422,10:00,9406,2990,1164,2540,96,350,232,158,570,1404,0,180,0,-572,30,-84,180,9406
20250422,10:30,9362,2988,1046,2548,98,330,244,158,570,1489,0,189,0,-572,22,-72,180,9362
20250422,11:00,9400,2986,1048,2540,92,324,244,156,572,1583,0,187,0,-566,32,-20,182,9400
20250422,11:30,9464,2990,998,2444,98,316,230,154,576,1829,0,179,0,-618,14,-72,182,9464
20250422,12:00,9412,2986,1158,2510,92,328,226,160,574,1811,0,193,0,-568,16,256,182,9412
20250422,12:30,9198,2992,992,2426,94,310,224,154,582,1726,0,232,0,-718,2,0,182,9198
20250422,13:00,8948,2988,1118,2550,92,334,220,152,572,1544,0,252,0,-784,24,296,182,8948
20250422,13:30,9276,2990,1006,2536,92,312,224,154,580,1667,0,271,0,-684,6,60,182,9276
20250422,14:00,9410,2988,1050,2480,94,332,224,152,574,1573,0,275,0,-542,12,-16,182,9410
20250422,14:30,9410,2988,1340,2542,94,310,224,154,586,1289,0,287,0,-288,10,308,182,9410
20250422,15:00,9446,2990,1646,2544,94,332,224,152,584,933,0,313,0,184,6,740,184,9446
20250422,15:30,9370,2986,1526,2546,96,322,224,154,594,774,0,328,0,232,-22,572,182,9370
20250422,16:00,9406,2990,1458,2542,94,348,230,152,592,530,0,334,0,564,-34,576,182,9406
20250422,16:30,9468,2994,1490,2548,98,334,276,154,612,421,0,339,0,694,-38,636,182,9468
20250422,17:00,9396,2986,1622,2542,100,362,398,154,606,303,0,335,0,516,-38,672,182,9396
20250422,17:30,9374,2984,1440,2546,102,364,484,156,630,210,0,318,0,188,-36,196,184,9374
20250422,18:00,9252,2980,1478,2542,100,404,636,154,626,64,0,308,0,120,-38,308,186,9252
20250422,18:30,9366,2984,1624,2550,106,384,764,154,636,11,0,303,0,170,22,532,190,9366
20250422,19:00,9460,2982,1496,2544,104,398,798,156,628,1,0,281,0,140,38,296,190,9460
20250422,19:30,9342,2984,1450,2544,106,386,754,154,636,1,0,267,0,120,38,288,190,9342
20250422,20:00,9160,2982,1322,2544,102,396,668,154,626,0,0,246,0,118,40,224,186,9160
20250422,20:30,9022,2988,1436,2550,102,382,642,154,636,0,0,188,0,124,38,404,186,9022
20250422,21:00,8870,2990,1438,2542,100,406,574,154,620,0,0,158,0,120,4,420,184,8870
20250422,21:30,8694,2990,1308,2550,98,388,460,154,634,0,0,130,0,122,0,324,184,8694
20250422,22:00,8444,2984,1064,2420,90,398,388,154,622,0,0,108,0,120,0,88,184,8444
20250422,22:30,8362,2986,1194,2520,90,370,304,154,632,0,0,108,0,122,-2,300,184,8362
20250422,23:00,8202,2988,1086,2474,84,376,302,154,630,0,0,106,0,122,12,316,184,8202
20250422,23:30,8118,2988,1206,2434,82,364,298,154,638,0,0,90,0,122,10,452,184,8118
20250422,24:00:00,7836,2986,948,2064,80,386,294,152,630,0,0,90,0,114,-26,68,186,7836
20250423,0:30,7646,2988,1160,1936,80,370,284,152,636,0,0,78,0,172,-38,356,184,7646
20250423,1:00,7394,2988,836,1744,72,386,278,156,632,0,0,62,0,102,-40,8,186,7394
20250423,1:30,7314,2992,688,1752,74,368,276,152,640,0,0,68,0,124,-36,-32,184,7314
20250423,2:00,7356,2984,658,1842,74,386,276,154,624,0,0,86,0,118,-40,-8,186,7356
20250423,2:30,7448,2990,734,1894,72,372,276,156,634,0,0,80,0,106,-30,20,184,7448
20250423,3:00,7620,2986,836,1998,72,382,346,152,634,0,0,66,0,116,-18,136,186,7620
20250423,3:30,7928,2992,914,2192,74,380,350,154,640,0,0,70,0,114,28,164,184,7928
20250423,4:00,8122,2988,930,2432,78,416,352,154,626,0,0,64,0,120,44,268,186,8122
20250423,4:30,8298,2986,1188,2546,76,400,380,154,636,0,0,66,0,118,36,476,188,8298
20250423,5:00,8398,2990,1322,2544,78,420,388,154,624,0,0,58,0,140,12,516,184,8398
20250423,5:30,8406,2986,1198,2544,80,402,462,154,640,2,0,72,0,122,-8,436,188,8406
20250423,6:00,8254,2992,1002,2540,80,418,488,156,634,2,0,86,0,116,0,444,184,8254
20250423,6:30,8166,2988,874,2544,84,410,486,154,640,54,0,108,0,118,-18,460,184,8166
20250423,7:00,8164,2986,856,2542,84,416,406,156,634,136,0,100,0,120,-38,420,186,8164
20250423,7:30,8172,2990,864,2546,90,402,340,156,642,308,0,112,0,118,-36,544,184,8172
20250423,8:00,8366,2986,1126,2538,90,422,316,154,632,426,0,110,0,120,-38,700,184,8366
20250423,8:30,8710,2988,1418,2542,96,408,268,154,644,592,0,116,0,222,-14,908,184,8710
20250423,9:00,9112,2986,1306,2542,96,382,252,158,632,886,0,124,0,244,-42,636,182,9112
20250423,9:30,9370,2992,946,2460,102,328,256,156,644,1138,0,132,0,102,-30,36,180,9370
20250423,10:00,9348,2990,882,2508,98,352,254,156,624,1350,0,134,0,-312,28,-104,180,9348
20250423,10:30,9406,2992,914,2468,100,304,250,156,638,1750,0,136,0,-586,36,-68,180,9406
20250423,11:00,9528,2990,736,2542,90,302,250,154,638,2232,0,126,0,-820,30,-76,182,9528
20250423,11:30,9516,2994,722,2538,92,286,254,156,638,2624,0,128,0,-1134,26,-12,180,9516
20250423,12:00,9288,2988,664,2444,88,284,250,154,640,3062,0,128,0,-1218,2,380,182,9288
20250423,12:30,9192,2990,658,2226,90,286,248,156,642,3438,0,126,0,-1604,12,256,180,9192
20250423,13:00,8932,2988,664,2502,84,308,244,156,634,3634,0,114,0,-1810,-4,764,182,8932
20250423,13:30,9180,2988,768,2544,86,322,246,156,644,3708,0,114,0,-1466,30,1140,180,9180
20250423,14:00,9226,2990,752,2540,84,354,240,154,626,3574,0,106,0,-950,34,1460,182,9226
20250423,14:30,9518,2988,812,2544,86,336,242,156,638,3584,0,112,0,-556,8,1612,180,9518
20250423,15:00,9442,2992,890,2540,82,350,238,154,634,3080,0,116,0,-446,2,1372,182,9442
20250423,15:30,9212,2990,1070,2528,86,332,236,156,644,2452,0,126,0,-250,-26,1312,180,9212
20250423,16:00,9406,2988,890,2422,88,356,238,158,632,2020,0,132,0,178,-26,852,182,9406
20250423,16:30,9246,2992,854,2424,92,372,308,158,646,1370,0,128,0,250,-24,504,180,9246
20250423,17:00,9142,2988,840,2384,92,406,324,156,636,944,0,130,0,340,-36,244,182,9142
20250423,17:30,9150,2986,834,2294,98,360,376,158,648,829,0,127,0,336,-38,40,182,9150
20250423,18:00,9032,2982,900,2542,98,382,550,156,636,457,0,133,0,386,-38,336,184,9032
20250423,18:30,9118,2984,958,2544,104,350,710,158,644,159,0,129,0,632,12,452,186,9118
20250423,19:00,9242,2984,924,2542,104,360,806,158,642,0,0,126,0,732,28,352,188,9242
20250423,19:30,9214,2986,856,2544,106,346,778,160,646,1,0,113,0,724,20,256,190,9214
20250423,20:00,9080,2984,846,2540,104,336,772,156,636,0,0,98,0,640,24,244,188,9080
20250423,20:30,8910,2992,942,2544,102,326,642,160,644,0,0,90,0,574,20,312,186,8910
20250423,21:00,8756,2988,1040,2544,100,344,474,158,628,0,0,100,0,588,18,412,186,8756
20250423,21:30,8678,2994,990,2544,96,312,354,160,646,0,0,98,0,608,12,320,184,8678
20250423,22:00,8460,2986,860,2536,90,324,336,160,628,0,0,102,0,582,2,332,186,8460
20250423,22:30,8366,2988,978,2546,88,300,278,160,642,0,0,96,0,562,0,456,184,8366
20250423,23:00,8184,2988,790,2472,86,280,268,158,638,0,0,76,0,352,18,128,186,8184
20250423,23:30,8114,2990,968,2454,84,254,268,160,648,0,0,74,0,276,0,248,186,8114
20250423,24:00:00,7828,2988,718,2250,74,282,266,158,636,0,0,76,0,190,-22,-28,184,7828
20250424,0:30,7536,2988,896,2426,76,258,258,160,650,0,0,92,0,156,-36,572,184,7536
20250424,1:00,7316,2988,870,2348,74,278,254,160,640,0,0,92,0,172,-38,708,186,7316
20250424,1:30,7214,2994,732,2252,74,258,256,160,650,0,0,98,0,120,-44,520,184,7214
20250424,2:00,7266,2986,742,2316,72,278,262,160,630,0,0,88,0,118,-36,536,186,7266
20250424,2:30,7382,2992,770,2362,72,254,256,162,646,0,0,84,0,122,-38,484,184,7382
20250424,3:00,7612,2988,880,2386,72,282,318,158,632,0,0,72,0,264,-30,596,186,7612
20250424,3:30,7984,2990,1004,2440,76,258,342,162,648,0,0,66,0,458,-16,628,184,7984
20250424,4:00,8188,2988,886,2472,76,280,360,158,642,0,0,72,0,648,0,580,186,8188
20250424,4:30,8362,2992,784,2392,78,250,434,162,656,0,0,82,0,994,42,692,188,8362
20250424,5:00,8536,2990,806,2056,76,284,676,158,632,0,0,80,0,1096,38,544,188,8536
20250424,5:30,8622,2988,894,1786,82,256,732,162,650,0,0,84,0,1254,36,488,186,8622
20250424,6:00,8490,2992,656,1590,82,274,666,158,632,4,0,84,0,1324,34,192,186,8490
20250424,6:30,8438,2992,744,1420,86,254,606,162,650,292,0,90,0,1296,-16,324,186,8438
20250424,7:00,8172,2986,614,1310,82,276,426,158,636,888,0,94,0,510,-36,-44,184,8172
20250424,7:30,8138,2994,758,1182,84,264,292,162,644,2042,0,88,0,-24,-28,504,184,8138
20250424,8:00,7934,2990,686,1050,80,276,258,158,614,3032,0,80,0,-732,-24,720,186,7934
20250424,8:30,8168,2992,848,658,78,250,242,162,584,4060,3,44,53,-770,-28,1136,184,8168
20250424,9:00,8672,2988,938,486,78,258,236,158,532,4960,119,12,68,-776,-34,1348,184,8672
20250424,9:30,9032,2990,888,484,76,236,246,162,538,5288,989,8,77,-746,24,1344,182,9032
20250424,10:00,9088,2992,432,482,76,260,248,158,534,6464,951,6,78,-1218,0,1528,182,9088
20250424,10:30,9190,2992,390,482,74,242,238,162,540,7064,1627,8,78,-1782,-2,1400,182,9190
20250424,11:00,9306,2988,402,480,72,252,236,158,528,7242,2301,6,85,-1818,26,1448,182,9306
20250424,11:30,9402,2994,528,486,72,240,236,162,540,7156,2919,10,87,-1828,40,1416,182,9402
20250424,12:00,9402,2986,556,482,72,266,232,158,534,6924,3360,6,113,-1664,40,1372,182,9402
20250424,12:30,9096,2990,580,486,68,246,222,160,538,6678,3488,6,139,-1706,34,1388,182,9096
20250424,13:00,8918,2990,566,482,68,252,222,160,536,6628,3319,4,156,-1794,8,1388,184,8918
20250424,13:30,9156,2990,580,484,68,242,220,160,542,6876,2752,6,148,-1786,4,1412,182,9156
20250424,14:00,9168,2990,598,482,68,258,216,158,528,6728,2560,4,135,-1684,-2,1360,184,9168
20250424,14:30,9190,2990,486,486,70,244,220,160,540,6912,1705,6,137,-1682,10,1436,184,9190
20250424,15:00,9134,2990,410,482,70,278,216,156,524,6964,1021,6,138,-1676,-6,1464,184,9134
20250424,15:30,9182,2992,458,534,74,262,220,160,540,6950,343,8,133,-1674,-34,1492,184,9182
20250424,16:00,8982,2986,532,560,76,292,216,156,562,6546,4,22,97,-1704,-30,1416,184,8982
20250424,16:30,9046,2986,702,732,76,274,252,160,630,5439,0,31,96,-1170,-26,1224,184,9046
20250424,17:00,9034,2986,808,1228,82,302,292,156,626,4027,0,31,91,-284,-28,1376,184,9034
20250424,17:30,9144,2988,870,1530,86,280,524,160,648,2725,0,49,0,512,-32,1380,184,9144
20250424,18:00,9106,2982,912,1778,92,318,666,158,636,1613,0,57,0,628,-38,884,188,9106
20250424,18:30,9034,2988,1108,2060,96,306,780,160,644,607,0,51,0,800,28,784,190,9034
20250424,19:00,8966,2982,1122,2236,100,306,760,158,650,0,0,46,0,848,42,472,188,8966
20250424,19:30,9134,2980,1282,2314,102,298,740,160,652,1,0,53,0,760,36,432,188,9134
20250424,20:00,9004,2984,1268,2516,100,318,672,158,634,0,0,64,0,812,40,752,190,9004
20250424,20:30,8804,2990,1062,2540,100,304,522,160,646,0,0,82,0,542,6,336,186,8804
20250424,21:00,8640,2986,1044,2544,94,314,454,160,634,0,0,86,0,436,0,296,184,8640
20250424,21:30,8526,2992,1106,2546,92,296,378,162,652,0,0,82,0,422,-2,384,184,8526
20250424,22:00,8332,2988,900,2538,88,322,338,158,634,0,0,76,0,420,-4,312,186,8332
20250424,22:30,8238,2992,894,2548,86,310,262,162,642,0,0,76,0,424,2,344,184,8238
20250424,23:00,7986,2986,674,2506,80,322,242,158,644,0,0,68,0,418,6,302,184,7986
20250424,23:30,7952,2990,946,2510,80,308,240,162,648,0,0,66,0,420,10,612,184,7952
20250424,24:00:00,7718,2992,698,2384,76,326,236,158,644,0,0,66,0,236,-36,246,184,7718
20250425,0:30,7432,2988,714,2342,74,290,260,162,654,0,0,74,0,122,-40,392,184,7432
20250425,1:00,7162,2990,690,2074,72,310,258,158,638,0,0,78,0,118,-40,368,184,7162
20250425,1:30,7098,2990,626,2112,70,284,248,162,650,0,0,104,0,118,-42,408,184,7098
20250425,2:00,7172,2988,654,2218,68,310,246,158,636,0,0,104,0,120,-42,472,184,7172
20250425,2:30,7284,2994,630,2374,70,288,248,162,648,0,0,116,0,122,-40,512,184,7284
20250425,3:00,7458,2990,670,2444,72,312,250,158,642,0,0,130,0,354,16,764,184,7458
20250425,3:30,7776,2992,712,2508,72,330,334,162,654,0,0,142,0,566,28,908,184,7776
20250425,4:00,8052,2994,610,2512,72,352,366,158,640,0,0,136,0,862,30,864,184,8052
20250425,4:30,8220,2988,792,2542,76,338,424,162,648,0,0,102,0,876,30,944,186,8220
20250425,5:00,8364,2992,642,2542,74,350,566,158,646,0,0,116,0,806,12,728,188,8364
20250425,5:30,8422,2992,642,2538,78,330,604,162,658,0,0,120,0,858,0,744,184,8422
20250425,6:00,8372,2990,654,2436,82,354,502,158,644,1,0,131,0,716,30,512,186,8372
20250425,6:30,8140,2994,644,2296,82,318,434,162,654,109,0,147,0,678,-26,536,184,8140
20250425,7:00,7958,2990,614,2118,82,302,400,158,648,463,0,163,0,342,-36,472,186,7958
20250425,7:30,7888,2992,794,1952,84,286,306,162,650,1041,0,167,0,124,-34,820,184,7888
20250425,8:00,7918,2988,660,1934,84,306,252,158,650,1617,0,159,0,124,-36,1164,186,7918
20250425,8:30,8062,2994,602,1474,86,270,232,162,646,2365,0,145,0,126,-32,1192,184,8062
20250425,9:00,8260,2992,662,1174,84,290,232,158,644,3255,0,129,0,124,-36,1632,184,8260
20250425,9:30,8598,2992,564,1126,84,302,230,162,644,3912,1,134,0,-90,28,1672,182,8598
20250425,10:00,8698,2990,392,1110,84,326,230,158,620,4406,1,138,0,-212,30,1756,182,8698
20250425,10:30,8624,2990,340,990,82,322,226,162,576,5076,1,142,0,-676,-8,1780,182,8624
20250425,11:00,8598,2990,390,872,84,342,212,158,508,5606,1,126,0,-1102,-10,1760,182,8598
20250425,11:30,8562,2994,488,680,82,338,196,162,524,5844,1,144,0,-1362,18,1728,182,8562
20250425,12:00,8536,2990,500,584,82,376,196,158,508,5750,1,134,0,-1636,36,1324,182,8536
20250425,12:30,8410,2992,708,494,80,336,202,162,524,5280,138,124,0,-1528,42,1188,182,8410
20250425,13:00,8214,2988,760,500,84,360,210,158,514,4692,165,114,0,-1252,24,1120,182,8214
20250425,13:30,8472,2992,518,680,82,366,212,162,524,4484,1,100,0,-790,8,1048,182,8472
20250425,14:00,8462,2988,482,756,78,404,212,158,510,4158,1,94,0,-948,-20,592,182,8462
20250425,14:30,8516,2992,520,918,82,384,240,162,520,3972,1,80,0,-1066,-14,456,182,8516
20250425,15:00,8464,2990,586,1078,80,406,242,158,508,3556,1,74,0,-580,-16,800,182,8464
20250425,15:30,8474,2992,416,1324,82,406,220,162,566,3284,1,60,0,-328,-36,856,182,8474
20250425,16:00,8656,2992,506,1584,84,440,210,158,610,2940,1,54,0,-302,-42,760,182,8656
20250425,16:30,8632,2996,620,1878,84,394,232,162,648,2410,0,58,0,-74,-38,920,182,8632
20250425,17:00,8606,2988,402,2106,90,418,276,158,646,2048,0,60,0,126,-44,852,184,8606
20250425,17:30,8632,2988,602,2080,90,394,332,162,656,1876,0,58,0,164,-38,916,184,8632
20250425,18:00,8860,2986,882,2394,94,436,352,158,642,1316,0,64,0,236,-32,852,184,8860
20250425,18:30,8742,2984,856,2468,98,414,590,162,654,606,0,72,0,194,6,548,186,8742
20250425,19:00,8762,2988,948,2544,100,446,696,158,640,50,0,76,0,374,36,484,190,8762
20250425,19:30,8820,2988,958,2540,102,416,756,162,648,0,0,98,0,398,42,480,192,8820
20250425,20:00,8790,2990,1090,2538,100,442,762,160,636,0,0,96,0,260,40,512,188,8790
20250425,20:30,8638,2992,976,2542,98,420,730,162,650,0,0,94,0,236,38,488,188,8638
20250425,21:00,8566,2990,1264,2542,92,444,648,160,636,0,0,92,0,266,30,784,186,8566
20250425,21:30,8400,2994,1106,2542,92,426,536,162,644,0,0,106,0,240,-2,632,186,8400
20250425,22:00,8198,2990,986,2526,90,436,468,160,644,0,0,100,0,324,-2,708,184,8198
20250425,22:30,8194,2990,1288,2264,86,422,278,162,646,0,0,102,0,338,10,576,184,8194
20250425,23:00,7962,2992,1142,1902,82,432,242,160,646,0,0,94,0,348,6,268,184,7962
20250425,23:30,7900,2988,1208,1866,80,420,230,164,654,0,0,104,0,298,8,304,184,7900
20250425,24:00:00,7602,2992,1014,1656,76,442,230,160,644,0,0,122,0,130,-12,36,184,7602
20250426,0:30,7402,2990,1004,1514,74,416,224,164,652,0,0,132,0,222,-14,160,184,7402
20250426,1:00,7208,2992,926,1426,74,440,224,160,642,0,0,118,0,234,-20,192,184,7208
20250426,1:30,7116,2990,916,1300,72,420,232,164,652,0,0,116,0,232,-18,144,184,7116
20250426,2:00,7128,2990,938,1248,68,436,232,160,642,0,0,100,0,232,-14,88,184,7128
20250426,2:30,7290,2994,918,1322,68,416,238,164,656,0,0,110,0,236,-8,8,184,7290
20250426,3:00,7580,2986,994,1590,68,440,240,160,640,0,0,114,0,236,0,72,184,7580
20250426,3:30,7896,2990,1060,1596,72,412,396,164,658,0,0,110,0,242,8,-4,184,7896
20250426,4:00,8102,2990,1000,1596,74,446,430,160,644,0,0,98,0,498,6,24,184,8102
20250426,4:30,8344,2992,998,1480,76,414,530,164,662,0,0,112,0,936,2,208,186,8344
20250426,5:00,8554,2988,1122,1310,74,444,644,162,636,0,0,108,0,918,8,44,184,8554
20250426,5:30,8612,2990,1088,1092,78,418,658,164,658,0,0,112,0,896,-34,-308,184,8612
20250426,6:00,8358,2990,1002,1026,76,436,650,160,644,15,0,107,0,896,12,-160,184,8358
20250426,6:30,8154,2994,1174,902,80,412,540,164,660,490,0,114,0,1124,-24,660,184,8154
20250426,7:00,7758,2986,1070,828,76,448,332,160,640,1220,0,108,0,320,-42,572,184,7758
20250426,7:30,7694,2994,620,564,78,416,258,162,654,2620,0,102,0,-70,-32,856,184,7694
20250426,8:00,7160,2988,300,554,72,442,234,160,628,3704,0,102,0,-1204,-32,972,184,7160
20250426,8:30,7326,2992,460,430,72,388,218,162,592,4430,556,90,0,-1458,-22,1212,184,7326
20250426,9:00,7562,2988,488,352,72,382,212,160,514,5032,1192,78,0,-1594,-6,1300,184,7562
20250426,9:30,7826,2992,354,282,70,362,240,162,512,5512,1949,74,0,-1628,2,1292,184,7826
20250426,10:00,7934,2990,368,208,70,392,236,160,490,5638,2916,70,0,-1564,6,1312,182,7934
20250426,10:30,7898,2992,294,212,68,356,222,162,500,6002,3199,66,0,-1808,2,1352,182,7898
20250426,11:00,7942,2986,304,210,68,372,216,160,488,6086,3718,66,0,-1892,34,1340,184,7942
20250426,11:30,7978,2992,290,212,66,350,220,162,502,6338,3759,66,0,-2042,16,1376,182,7978
20250426,12:00,7964,2988,282,214,64,368,214,160,486,6418,3880,56,0,-2092,8,1384,182,7964
20250426,12:30,7938,2992,294,214,64,338,216,162,502,6410,3933,44,0,-2118,10,1372,182,7938
20250426,13:00,7830,2988,300,214,62,370,218,160,488,6338,3920,24,0,-2132,4,1388,184,7830
20250426,13:30,7854,2988,352,210,64,322,208,162,500,6208,3867,18,0,-1986,10,1384,182,7854
20250426,14:00,7822,2986,320,214,64,350,210,160,486,6134,3554,16,0,-1918,-2,1380,182,7822
20250426,14:30,7834,2990,366,214,66,332,208,162,498,5884,3385,20,0,-1788,4,1304,182,7834
20250426,15:00,7792,2986,378,224,64,346,210,160,494,5528,3038,20,0,-1490,-2,1308,182,7792
20250426,15:30,7840,2992,352,312,66,328,228,162,500,5290,2435,20,0,-1338,-22,1232,182,7840
20250426,16:00,7850,2988,416,354,70,356,226,158,490,5094,1529,26,0,-1268,-30,1212,182,7850
20250426,16:30,7926,2982,510,436,72,400,232,162,534,4676,901,24,0,-1084,-28,1172,182,7926
20250426,17:00,8080,2984,666,642,76,430,240,158,580,4094,167,22,0,-838,-18,1140,184,8080
20250426,17:30,8160,2984,664,754,82,410,284,162,606,3042,0,18,0,-268,-38,724,184,8160
20250426,18:00,8160,2982,614,984,84,432,430,158,604,1708,0,14,0,378,-28,384,184,8160
20250426,18:30,8072,2988,738,1036,92,414,480,162,608,662,0,10,0,922,20,244,184,8072
20250426,19:00,8068,2982,742,1388,94,430,502,158,610,30,0,12,0,1158,26,252,188,8068
20250426,19:30,8272,2992,738,1600,98,414,556,162,612,0,0,10,0,1172,36,308,190,8272
20250426,20:00,8132,2986,580,1600,94,432,500,160,604,0,0,4,0,1176,18,212,190,8132
20250426,20:30,8048,2994,590,1602,94,414,378,162,612,0,0,2,0,1160,10,160,190,8048
20250426,21:00,7934,2990,582,1602,94,436,310,160,606,0,0,0,0,1160,-8,184,186,7934
20250426,21:30,7812,2990,530,1562,90,406,254,162,614,0,0,4,0,1078,-2,60,184,7812
20250426,22:00,7644,2992,568,1376,86,434,242,160,602,0,0,4,0,986,2,-8,184,7644
20250426,22:30,7502,2990,562,1406,84,404,228,162,614,0,0,4,0,974,34,144,184,7502
20250426,23:00,7344,2990,534,1200,82,434,224,160,602,0,0,2,0,894,38,0,184,7344
20250426,23:30,7292,2992,582,1226,78,404,238,162,618,0,0,14,0,1050,4,260,184,7292
20250426,24:00:00,7144,2988,556,1096,78,430,242,160,606,0,0,20,0,814,-14,16,184,7144
20250427,0:30,6908,2990,722,1188,70,400,222,162,618,0,0,26,0,268,-38,-96,184,6908
20250427,1:00,6678,2988,666,1208,70,426,214,160,604,0,0,22,0,276,-28,112,184,6678
20250427,1:30,6686,2992,506,1232,70,408,220,162,618,0,0,22,0,248,-20,-44,184,6686
20250427,2:00,6652,2990,518,1184,68,424,224,160,606,0,0,10,0,234,-36,-86,184,6652
20250427,2:30,6876,2986,652,1284,68,380,230,162,620,0,0,8,0,246,-16,-72,184,6876
20250427,3:00,7106,2992,690,1488,70,380,228,160,600,0,0,4,0,362,-14,38,184,7106
20250427,3:30,7506,2992,664,1602,72,356,278,162,620,0,0,4,0,538,4,-32,182,7506
20250427,4:00,7744,2988,788,1596,72,388,348,160,606,0,0,6,0,620,-2,12,186,7744
20250427,4:30,7844,2996,750,1602,74,400,426,162,620,0,0,4,0,792,2,168,184,7844
20250427,5:00,8010,2990,790,1408,74,428,488,160,596,0,0,6,0,966,40,120,184,8010
20250427,5:30,7988,2994,1080,1298,76,402,564,162,618,0,0,2,0,1174,10,576,184,7988
20250427,6:00,7710,2988,774,1216,76,432,472,160,600,13,0,3,0,1388,-4,592,184,7710
20250427,6:30,7548,2994,772,912,78,396,354,162,618,463,0,13,0,1112,-22,488,184,7548
20250427,7:00,7110,2994,526,814,74,436,252,160,602,1249,0,17,0,308,-42,464,184,7110
20250427,7:30,7150,2994,406,564,72,408,238,162,604,2794,0,22,0,-342,-44,912,184,7150
20250427,8:00,6574,2990,274,544,74,408,230,160,544,3728,0,10,0,-1596,-40,936,184,6574
20250427,8:30,6702,2996,278,430,68,358,216,162,500,4278,758,4,14,-1658,-18,1096,184,6702
20250427,9:00,7022,2990,240,352,64,322,212,160,490,5186,1047,0,15,-1788,-38,1352,184,7022
20250427,9:30,7284,2994,210,290,64,310,208,162,506,5564,1944,2,26,-1874,-22,1312,182,7284
20250427,10:00,7426,2990,344,210,62,340,200,158,488,5318,3235,0,48,-1606,28,1288,182,7426
20250427,10:30,7442,2994,384,212,62,304,214,162,504,5320,3877,2,35,-1584,30,1344,182,7442
20250427,11:00,7492,2990,352,212,64,340,212,158,486,5496,4089,0,37,-1690,34,1344,182,7492
20250427,11:30,7520,2992,362,214,62,310,216,162,498,5670,4216,2,49,-1820,38,1368,182,7520
20250427,12:00,7550,2988,380,212,62,322,208,158,492,5754,4235,0,61,-1888,32,1352,182,7550
20250427,12:30,7556,2992,412,216,62,292,230,162,504,5726,4219,2,73,-1898,14,1340,182,7556
20250427,13:00,7468,2990,388,212,58,330,232,158,484,5734,4105,2,97,-1958,12,1356,182,7468
20250427,13:30,7514,2988,316,214,60,294,214,162,504,5890,3721,4,98,-1958,12,1368,182,7514
20250427,14:00,7550,2990,358,214,60,326,210,158,484,5864,3477,2,94,-1978,0,1320,182,7550
20250427,14:30,7504,2990,422,214,62,304,202,160,498,5590,3194,4,79,-1854,10,1280,182,7504
20250427,15:00,7470,2986,384,212,64,330,200,160,484,5196,2857,6,90,-1492,14,1256,182,7470
20250427,15:30,7534,2990,358,274,68,302,202,160,500,5080,2267,8,88,-1246,-28,1316,182,7534
20250427,16:00,7674,2992,388,348,72,336,202,158,484,4980,1321,6,104,-1092,-34,1348,182,7674
20250427,16:30,7710,2984,600,472,72,354,208,160,500,4170,885,4,93,-1056,-12,928,182,7710
20250427,17:00,7542,2990,546,658,78,396,208,158,480,3560,7,26,40,-764,-34,952,192,7542
20250427,17:30,7760,2988,752,876,82,406,358,160,536,2195,0,55,0,296,-30,1108,194,7760
20250427,18:00,7826,2984,558,864,88,424,564,160,574,1069,0,61,0,452,-38,128,194,7826
20250427,18:30,7832,2984,804,1246,90,402,652,162,606,345,0,63,0,456,24,196,194,7832
20250427,19:00,7982,2982,1000,1414,96,420,690,158,600,0,0,60,0,798,38,472,198,7982
20250427,19:30,8110,2988,1028,1596,98,406,630,162,612,3,0,55,0,724,38,428,198,8110
20250427,20:00,7994,2984,1026,1602,96,428,576,158,600,0,0,48,0,742,18,484,200,7994
20250427,20:30,7830,2988,1038,1602,96,402,560,162,614,0,0,46,0,750,8,636,200,7830
20250427,21:00,7816,2990,1034,1598,92,432,440,158,602,0,0,32,0,564,-2,320,196,7816
20250427,21:30,7578,2988,998,1602,90,410,294,162,610,0,0,40,0,432,-2,240,194,7578
20250427,22:00,7440,2992,998,1602,86,430,232,158,604,0,0,38,0,282,-8,168,194,7440
20250427,22:30,7324,2994,994,1600,84,416,238,162,604,0,0,34,0,232,20,248,194,7324
20250427,23:00,7078,2990,722,1600,80,420,238,158,610,0,0,32,0,118,4,88,194,7078
20250427,23:30,7052,2990,894,1602,80,410,214,162,614,0,0,34,0,118,-12,248,194,7052
20250427,24:00:00,6852,2990,596,1426,74,426,212,158,602,0,0,30,0,114,-30,-60,194,6852
20250428,0:30,6750,2994,796,1470,76,410,202,162,612,0,0,36,0,130,-36,296,194,6750
20250428,1:00,6544,2990,680,1454,70,428,206,158,604,0,0,30,0,114,-36,348,194,6544
20250428,1:30,6466,2988,636,1526,72,408,220,162,616,0,0,24,0,114,-38,456,194,6466
20250428,2:00,6550,2988,744,1436,68,432,218,158,604,0,0,22,0,116,-36,396,196,6550
20250428,2:30,6702,2988,746,1362,70,400,238,162,608,0,0,28,0,118,-28,184,194,6702
20250428,3:00,6966,2990,790,1576,72,406,242,158,604,0,0,38,0,116,22,244,196,6966
20250428,3:30,7186,2988,804,1602,74,386,290,162,612,0,0,44,0,156,38,164,194,7186
20250428,4:00,7462,2990,774,1596,72,432,404,158,600,0,0,44,0,448,28,280,196,7462
20250428,4:30,7692,2992,1154,1602,78,406,526,162,608,0,0,50,0,546,26,652,194,7692
20250428,5:00,7846,2986,1148,1602,76,430,490,156,596,0,0,48,0,440,10,332,196,7846
20250428,5:30,7864,2994,1220,1600,80,400,482,162,614,4,0,52,0,574,12,524,194,7864
20250428,6:00,7734,2990,1014,1600,78,436,414,158,588,2,0,58,0,590,-14,376,196,7734
20250428,6:30,7600,2988,948,1604,86,408,336,162,608,42,0,72,0,592,-24,416,194,7600
20250428,7:00,7430,2992,826,1498,82,432,256,158,602,154,0,68,0,312,-38,108,196,7430
20250428,7:30,7490,2990,1174,1592,88,414,246,162,602,314,0,84,0,296,-38,628,194,7490
20250428,8:00,7652,2988,1306,1600,90,424,240,158,598,448,0,72,0,292,-34,724,194,7652
20250428,8:30,8020,2996,1250,1604,96,408,216,162,600,662,0,84,0,290,-38,504,194,8020
20250428,9:00,8360,2988,864,1596,100,432,212,158,590,738,0,106,0,278,-38,-144,192,8360
20250428,9:30,8572,2994,878,1586,100,414,206,162,586,1010,0,114,0,174,16,-140,192,8572
20250428,10:00,8696,2950,938,1582,100,426,206,156,576,1110,0,104,0,176,30,-152,190,8696
20250428,10:30,8682,2912,966,1572,94,414,194,160,572,1196,0,86,0,178,24,-124,190,8682
20250428,11:00,8756,2916,1182,1600,94,412,206,158,516,1352,0,62,0,-64,34,-96,192,8756
20250428,11:30,8654,2922,1354,1602,94,332,224,160,476,1598,1,68,0,-190,40,216,190,8654
20250428,12:00,8480,2938,1342,1600,94,304,226,156,466,2170,1,64,0,-320,16,768,192,8480
20250428,12:30,8282,2956,898,1486,92,280,216,160,480,3050,0,74,0,-784,-32,784,190,8282
20250428,13:00,8324,2970,972,1578,90,290,218,158,470,3610,0,72,0,-1098,34,1232,192,8324
20250428,13:30,8464,2980,1194,1600,90,270,220,160,480,3610,1,66,0,-1022,10,1384,190,8464
20250428,14:00,8352,2988,1082,1600,92,286,224,158,468,3620,1,52,0,-1040,-14,1356,192,8352
20250428,14:30,8148,2990,812,1346,92,268,234,160,476,3902,1,62,0,-998,-10,1376,190,8148
20250428,15:00,8334,2988,716,1054,88,286,234,158,468,4380,1,54,0,-900,4,1388,192,8334
20250428,15:30,8166,2988,564,1038,90,282,236,160,512,4682,1,66,0,-1224,-22,1396,190,8166
20250428,16:00,8294,2988,450,1034,90,336,240,158,558,4654,1,80,0,-1080,-38,1368,192,8294
20250428,16:30,8412,2988,488,1058,94,394,260,160,590,4218,0,90,0,-732,-36,1352,192,8412
20250428,17:00,8448,2986,562,1162,96,434,260,158,594,3496,0,70,0,-206,-36,1320,192,8448
20250428,17:30,8618,2992,760,1482,96,448,264,160,612,2791,0,83,0,154,-40,1376,192,8618
20250428,18:00,8576,2990,908,1602,96,470,550,158,596,1649,0,83,0,460,-38,1144,196,8576
20250428,18:30,8402,2986,1000,1602,98,450,662,160,612,649,0,93,0,1040,20,1168,198,8402
20250428,19:00,8390,2982,1136,1600,100,468,698,158,600,43,0,97,0,1260,42,992,198,8390
20250428,19:30,8502,2990,928,1602,100,444,702,162,610,2,0,106,0,1158,38,540,200,8502
20250428,20:00,8440,2984,950,1600,98,480,638,158,596,0,0,136,0,944,36,380,200,8440
20250428,20:30,8242,2988,1068,1602,96,452,606,162,606,0,0,150,0,776,28,488,196,8242
20250428,21:00,8170,2988,1026,1600,94,474,520,158,596,0,0,180,0,680,28,368,194,8170
20250428,21:30,7966,2990,1022,1602,92,444,340,162,610,0,0,162,0,622,6,280,194,7966
20250428,22:00,7712,2990,998,1600,86,478,302,158,598,0,0,158,0,480,8,336,192,7712
20250428,22:30,7702,2994,980,1604,86,454,250,162,608,0,0,176,0,626,10,440,192,7702
20250428,23:00,7590,2990,850,1442,82,470,240,158,604,0,0,190,0,358,12,0,194,7590
20250428,23:30,7480,2990,986,1584,80,444,230,162,612,0,0,192,0,232,-16,208,192,7480
20250428,24:00:00,7262,2988,816,1272,74,436,226,158,604,0,0,194,0,158,-22,-164,194,7262
20250429,0:30,7068,2994,874,1468,74,406,222,162,614,0,0,204,0,142,-34,252,194,7068
20250429,1:00,6832,2992,868,1326,70,432,220,160,598,0,0,206,0,118,-40,312,194,6832
20250429,1:30,6724,2988,894,1302,70,410,218,162,612,0,0,202,0,120,-36,412,194,6724
20250429,2:00,6784,2990,868,1330,68,426,216,160,602,0,0,212,0,118,-36,364,194,6784
20250429,2:30,6896,2990,840,1368,70,410,224,162,614,0,0,218,0,160,-18,336,194,6896
20250429,3:00,7180,2992,854,1392,66,464,232,160,600,0,0,214,0,340,-16,312,194,7180
20250429,3:30,7574,2988,848,1586,70,450,270,162,614,0,0,206,0,420,2,236,194,7574
20250429,4:00,7718,2988,900,1598,72,472,436,160,602,0,0,190,0,570,8,472,194,7718
20250429,4:30,7882,2990,1196,1566,74,454,554,162,610,0,0,192,0,990,36,1140,198,7882
20250429,5:00,8036,2986,1356,1252,76,466,598,158,600,0,0,176,0,1268,42,1136,194,8036
20250429,5:30,8124,2994,1318,1028,76,450,586,162,616,2,0,170,0,1316,36,824,194,8124
20250429,6:00,7858,2990,1086,760,78,468,534,160,600,22,0,158,0,1228,22,444,196,7858
20250429,6:30,7638,2992,1280,642,78,452,438,162,606,501,0,145,0,882,-26,708,194,7638
20250429,7:00,7188,2992,754,538,78,440,410,160,596,1253,0,127,0,170,-40,484,194,7188
20250429,7:30,7290,2992,496,420,74,366,280,162,554,2747,0,99,0,-666,-28,400,194,7290
20250429,8:00,6706,2992,476,350,74,344,238,160,484,3703,0,77,0,-1180,-16,1192,196,6706
20250429,8:30,7004,2992,380,296,72,320,216,162,498,4538,419,64,0,-1382,-18,1328,194,7004
20250429,9:00,7400,2986,510,214,72,334,214,160,480,4720,1662,52,0,-1376,-40,1120,194,7400
20250429,9:30,7626,2998,476,212,70,298,228,162,498,5070,2531,44,0,-1400,18,1240,192,7626
20250429,10:00,7796,2988,438,210,66,326,226,160,486,5270,3313,30,0,-1372,40,1264,192,7796
20250429,10:30,7830,2992,518,214,66,302,218,162,494,5294,4053,30,0,-1424,36,1264,192,7830
20250429,11:00,7774,2990,394,212,66,318,218,160,488,5696,4004,24,0,-1656,8,1336,192,7774
20250429,11:30,7860,2992,392,214,64,300,214,162,500,5842,4349,26,0,-1728,26,1336,192,7860
20250429,12:00,7808,2990,400,210,64,326,212,160,480,6094,4152,22,0,-1996,6,1352,192,7808
20250429,12:30,7852,2988,372,214,62,314,200,162,498,6222,4191,28,0,-2050,-6,1344,192,7852
20250429,13:00,7760,2990,372,216,62,322,208,160,490,6128,4248,26,0,-2078,-2,1328,194,7760
20250429,13:30,7788,2990,536,214,64,308,204,162,494,5858,4275,32,0,-1964,10,1312,192,7788
20250429,14:00,7732,2986,492,212,62,320,204,158,488,5862,3812,30,0,-1940,2,1336,192,7732
20250429,14:30,7676,2990,452,212,64,304,202,162,492,5756,3494,40,0,-1858,12,1344,192,7676
20250429,15:00,7658,2990,434,212,64,314,200,158,488,5564,3016,48,0,-1696,0,1312,194,7658
20250429,15:30,7656,2986,418,216,66,294,214,162,498,5532,2084,46,0,-1614,-18,1336,192,7656
20250429,16:00,7712,2988,426,212,68,358,224,158,478,5264,1343,40,0,-1396,-30,1272,194,7712
20250429,16:30,7868,2990,494,216,72,366,230,162,500,5074,381,38,0,-1224,-18,1224,192,7868
20250429,17:00,7770,2990,516,288,76,426,230,158,520,4228,7,40,0,-902,-26,968,194,7770
20250429,17:30,7962,2982,768,444,82,438,236,162,590,2952,0,36,0,-10,8,920,194,7962
20250429,18:00,8108,2982,1072,618,88,476,394,158,592,1728,0,26,0,732,-32,920,194,8108
20250429,18:30,8074,2986,948,794,94,454,516,162,608,706,0,28,0,964,12,392,194,8074
20250429,19:00,8052,2980,976,1196,94,478,564,158,602,82,0,32,0,1320,34,664,200,8052
20250429,19:30,8224,2990,1030,1380,98,460,568,162,608,20,0,40,0,1240,16,588,200,8224
20250429,20:00,8190,2986,814,1568,98,482,568,160,604,0,0,50,0,976,8,324,200,8190
20250429,20:30,8082,2992,920,1580,96,458,532,162,610,0,0,52,0,812,20,352,200,8082
20250429,21:00,7994,2986,866,1582,94,486,420,160,598,0,0,40,0,936,0,368,194,7994
20250429,21:30,7834,2992,1050,1602,92,462,320,162,608,0,0,44,0,1018,6,716,194,7834
20250429,22:00,7656,2988,868,1582,86,480,244,160,602,0,0,40,0,890,-10,468,194,7656
20250429,22:30,7586,2990,966,1584,86,454,214,162,606,0,0,50,0,740,4,464,194,7586
20250429,23:00,7388,2988,928,1558,80,456,208,160,612,0,0,40,0,264,4,104,194,7388
20250429,23:30,7318,2994,1070,1598,78,430,210,162,616,0,0,44,0,206,24,308,194,7318
20250429,24:00:00,7084,2986,746,1552,74,450,210,160,600,0,0,40,0,148,-8,68,194,7084
20250430,0:30,6848,2990,698,1572,74,428,204,162,614,0,0,40,0,120,-6,244,196,6848
20250430,1:00,6658,2988,620,1584,72,454,212,160,604,0,0,34,0,144,-16,392,194,6658
20250430,1:30,6638,2992,690,1602,70,434,214,164,616,0,0,32,0,128,-14,484,194,6638
20250430,2:00,6654,2986,682,1590,68,456,214,158,602,0,0,30,0,120,-28,420,196,6654
20250430,2:30,6852,2990,682,1594,70,440,230,164,606,0,0,34,0,228,2,384,196,6852
20250430,3:00,7140,2990,916,1592,68,450,234,158,610,0,0,30,0,342,-10,436,196,7140
20250430,3:30,7490,2990,842,1596,72,434,242,164,614,0,0,28,0,768,10,464,194,7490
20250430,4:00,7778,2986,896,1586,70,456,248,158,606,0,0,28,0,1024,16,492,196,7778
20250430,4:30,7978,2988,1000,1600,74,428,274,164,616,0,0,32,0,1198,2,596,198,7978
20250430,5:00,8224,2990,992,1590,76,458,546,158,600,0,0,32,0,1122,-8,528,196,8224
20250430,5:30,8222,2990,1184,1272,80,412,652,164,616,20,0,18,0,1152,14,548,196,8222
20250430,6:00,8142,2992,1144,1172,82,434,634,158,596,50,0,22,0,1070,0,408,196,8142
20250430,6:30,8062,2990,1332,822,84,410,548,162,614,602,0,24,0,842,-8,556,196,8062
20250430,7:00,7648,2990,1014,786,80,422,414,160,606,1270,0,18,0,626,-40,892,194,7648
20250430,7:30,7790,2992,504,562,82,388,286,162,612,2496,0,22,0,224,-38,696,194,7790
20250430,8:00,7284,2992,410,414,78,396,242,160,602,3206,0,14,0,-692,-32,700,194,7284
20250430,8:30,7408,2994,556,342,78,360,228,162,598,4230,2,14,0,-1084,-2,1260,192,7408
20250430,9:00,7660,2990,248,242,76,360,216,160,546,5354,2,14,0,-1392,-34,1312,192,7660
20250430,9:30,8164,2994,480,212,76,338,210,162,496,5854,535,14,0,-1594,24,1292,190,8164
20250430,10:00,8308,2992,484,212,76,340,204,160,486,5952,1104,18,0,-1544,26,1288,190,8308
20250430,10:30,8302,2992,398,212,72,320,204,162,496,6068,1755,18,0,-1530,16,1316,190,8302
20250430,11:00,8354,2994,388,212,74,350,198,158,490,6336,1856,20,0,-1732,8,1332,190,8354
20250430,11:30,8388,2990,310,214,70,324,200,160,516,6554,2057,22,0,-1832,4,1340,196,8388
20250430,12:00,8340,2992,358,212,72,352,210,158,512,6414,2440,20,0,-1840,32,1348,196,8340
20250430,12:30,8190,2994,536,214,70,330,194,160,538,6102,2844,30,0,-1858,8,1324,196,8190
20250430,13:00,8024,2990,550,214,72,348,194,158,524,5824,2756,34,0,-1786,8,1304,198,8024
20250430,13:30,8256,2992,486,214,72,330,194,160,536,6128,2264,40,0,-1782,2,1312,196,8256
20250430,14:00,8362,2986,502,214,76,346,194,158,524,5976,2181,34,0,-1554,4,1296,198,8362
20250430,14:30,8402,2994,290,216,74,330,180,158,538,6348,1484,44,0,-1608,-6,1352,196,8402
20250430,15:00,8536,2988,284,212,76,362,190,160,524,6432,909,46,0,-1644,12,1304,198,8536
20250430,15:30,8468,2990,430,284,76,334,202,160,542,5988,220,48,0,-1506,-28,1248,196,8468
20250430,16:00,8296,2990,506,428,82,412,200,158,564,5232,3,42,0,-1568,-32,916,198,8296
20250430,16:30,8428,2986,662,556,82,416,216,160,636,4396,0,42,0,-1224,-36,660,196,8428
20250430,17:00,8494,2992,744,818,86,444,218,158,636,3436,0,38,0,-890,-40,344,198,8494
20250430,17:30,8362,2986,730,1024,86,444,294,160,650,2468,0,50,0,146,-26,848,198,8362
20250430,18:00,8446,2982,620,1244,86,462,314,158,648,1556,0,60,0,362,-30,216,200,8446
20250430,18:30,8426,2990,860,1350,94,454,606,162,648,718,0,62,0,454,-32,144,204,8426
20250430,19:00,8394,2986,894,1846,98,464,754,158,650,76,0,62,0,862,-28,632,204,8394
20250430,19:30,8658,2986,792,1796,100,454,766,162,652,20,0,62,0,766,36,140,206,8658
20250430,20:00,8454,2988,810,1560,98,464,638,158,646,0,0,88,0,584,4,-212,204,8454
20250430,20:30,8298,2990,850,1714,98,450,458,162,656,0,0,92,0,482,34,-112,200,8298
20250430,21:00,8162,2988,838,1674,96,468,320,158,648,0,0,86,0,478,40,-168,200,8162
20250430,21:30,7940,2988,818,1676,92,450,212,162,656,0,0,98,0,542,32,-16,198,7940
20250430,22:00,7708,2994,864,1464,88,470,206,158,650,0,0,90,0,520,40,36,200,7708
20250430,22:30,7582,2992,862,1640,86,454,204,162,648,0,0,110,0,558,-8,324,198,7582
20250430,23:00,7402,2988,846,1274,82,464,198,158,660,0,0,122,0,566,12,168,200,7402
20250430,23:30,7376,2994,952,1204,80,454,202,162,660,0,0,142,0,544,-8,208,198,7376
20250430,24:00:00,7120,2988,950,1100,78,466,202,158,650,0,0,148,0,346,-24,140,198,7120
