単位[MW平均],,,供給力,,,,,,,,,,,,,,,,,,
DATE,TIME,エリア需要,原子力,火力(LNG),火力(石炭),火力(石油),火力(その他),火力出力制御量,水力,地熱,バイオマス,バイオマス出力制御量,太陽光発電実績,太陽光出力制御量,風力発電実績,風力出力制御量,揚水,蓄電池,連系線,その他,合計
2025/09/01,00:00,2425,0,13,1251,112,220,0,450,1,247,0,0,0,378,0,32,-9,-270,0,2425
2025/09/01,00:30,2359,0,10,1213,111,220,0,446,1,246,0,0,0,425,0,22,-9,-326,0,2359
2025/09/01,01:00,2351,0,10,1179,111,220,0,444,1,247,0,0,0,405,0,21,-8,-279,0,2351
2025/09/01,01:30,2349,0,10,1205,111,220,0,443,1,248,0,0,0,405,0,22,-8,-308,0,2349
2025/09/01,02:00,2377,0,10,1252,111,220,0,448,1,247,0,0,0,391,0,21,-7,-317,0,2377
2025/09/01,02:30,2427,0,10,1276,111,220,0,449,1,247,0,0,0,410,0,22,-7,-312,0,2427
2025/09/01,03:00,2517,0,10,1238,111,220,0,443,1,247,0,0,0,412,0,27,-6,-186,0,2517
2025/09/01,03:30,2583,0,10,1235,113,220,0,468,1,248,0,0,0,392,0,22,-6,-120,0,2583
2025/09/01,04:00,2619,0,10,1269,147,220,0,479,1,247,0,0,0,364,0,21,-6,-133,0,2619
2025/09/01,04:30,2631,0,10,1300,163,220,0,484,1,247,0,0,0,338,0,22,-6,-148,0,2631
2025/09/01,05:00,2618,0,10,1287,161,220,0,484,1,247,0,12,0,330,0,22,-6,-150,0,2618
2025/09/01,05:30,2598,0,10,1287,193,220,0,438,1,247,0,104,0,281,0,10,-6,-187,0,2598
2025/09/01,06:00,2684,0,9,1305,257,220,0,437,1,247,0,228,0,229,0,0,-5,-244,0,2684
2025/09/01,06:30,2784,0,10,1294,336,220,0,433,1,247,0,339,0,192,0,0,-6,-282,0,2784
2025/09/01,07:00,2916,0,10,1303,343,220,0,437,1,247,0,414,0,177,0,0,-6,-230,0,2916
2025/09/01,07:30,3058,0,10,1288,268,220,0,440,1,246,0,535,0,198,0,0,-5,-143,0,3058
2025/09/01,08:00,3264,0,30,1312,276,220,0,417,1,246,0,591,0,237,0,14,-6,-74,0,3264
2025/09/01,08:30,3472,0,33,1207,285,220,0,391,1,247,0,646,0,296,0,96,-4,54,0,3472
2025/09/01,09:00,3655,0,41,1176,230,219,0,365,1,247,0,705,0,318,0,95,-6,264,0,3655
2025/09/01,09:30,3735,0,44,1211,225,218,0,351,1,246,0,732,0,312,0,58,-6,343,0,3735
2025/09/01,10:00,3760,0,43,1279,209,218,0,312,1,246,0,758,0,261,0,65,-1,369,0,3760
2025/09/01,10:30,3754,0,43,1253,221,218,0,307,1,246,0,744,0,273,0,83,-1,366,0,3754
2025/09/01,11:00,3770,0,43,1143,238,218,0,306,1,246,0,766,0,278,0,127,-2,406,0,3770
2025/09/01,11:30,3770,0,43,1178,254,218,0,317,1,246,0,737,0,291,0,95,0,390,0,3770
2025/09/01,12:00,3714,0,43,1300,306,218,0,347,1,247,0,588,0,324,0,18,7,315,0,3714
2025/09/01,12:30,3702,0,43,1328,335,218,0,365,1,247,0,509,0,362,0,22,-1,273,0,3702
2025/09/01,13:00,3772,0,44,1349,303,218,0,411,1,234,0,421,0,376,0,95,-7,327,0,3772
2025/09/01,13:30,3772,0,44,1286,291,218,0,419,1,226,0,380,0,483,0,95,-8,337,0,3772
2025/09/01,14:00,3786,0,44,1285,290,219,0,431,1,239,0,329,0,565,0,95,-7,295,0,3786
2025/09/01,14:30,3818,0,45,1304,448,219,0,465,1,248,0,251,0,610,0,95,-6,138,0,3818
2025/09/01,15:00,3749,0,45,1318,596,220,0,542,1,248,0,189,0,528,0,100,-5,-33,0,3749
2025/09/01,15:30,3769,0,45,1318,715,219,0,591,1,248,0,137,0,452,0,144,-6,-95,0,3769
2025/09/01,16:00,3773,0,46,1336,624,219,0,644,1,248,0,82,0,487,0,254,-5,-163,0,3773
2025/09/01,16:30,3735,0,47,1323,614,221,0,653,1,248,0,43,0,514,0,296,-6,-219,0,3735
2025/09/01,17:00,3680,0,47,1328,647,221,0,670,1,248,0,8,0,505,0,293,-6,-282,0,3680
2025/09/01,17:30,3672,0,47,1317,626,221,0,693,1,248,0,2,0,550,0,268,-6,-295,0,3672
2025/09/01,18:00,3671,0,46,1329,594,222,0,696,1,248,0,0,0,549,0,208,-5,-217,0,3671
2025/09/01,18:30,3669,0,46,1320,705,222,0,724,1,247,0,0,0,549,0,141,-6,-280,0,3669
2025/09/01,19:00,3613,0,46,1330,666,222,0,665,1,247,0,0,0,535,0,112,-6,-205,0,3613
2025/09/01,19:30,3503,0,45,1320,759,221,0,660,1,247,0,0,0,436,0,102,-2,-286,0,3503
2025/09/01,20:00,3389,0,45,1337,816,221,0,615,1,247,0,0,0,350,0,94,-1,-336,0,3389
2025/09/01,20:30,3313,0,46,1332,785,221,0,611,1,247,0,0,0,307,0,94,-2,-329,0,3313
2025/09/01,21:00,3202,0,46,1323,492,219,0,613,1,248,0,0,0,279,0,93,-2,-110,0,3202
2025/09/01,21:30,3092,0,46,1293,361,219,0,603,1,248,0,0,0,285,0,93,-3,-54,0,3092
2025/09/01,22:00,3017,0,46,1295,289,219,0,594,1,248,0,0,0,280,0,93,-2,-46,0,3017
2025/09/01,22:30,2911,0,47,1303,238,219,0,580,1,250,0,0,0,283,0,14,-4,-20,0,2911
2025/09/01,23:00,2886,0,33,1318,262,219,0,577,1,251,0,0,0,316,0,0,-3,-88,0,2886
2025/09/01,23:30,2826,0,34,1308,198,219,0,578,1,253,0,0,0,389,0,0,-3,-151,0,2826
2025/09/02,00:00,2724,0,34,1250,120,219,0,567,1,254,0,0,0,342,0,16,22,-101,0,2724
2025/09/02,00:30,2598,0,34,1223,112,219,0,567,1,255,0,0,0,294,0,19,-2,-124,0,2598
2025/09/02,01:00,2591,0,34,1243,113,219,0,599,1,257,0,0,0,242,0,23,-3,-137,0,2591
2025/09/02,01:30,2583,0,34,1261,159,219,0,604,1,259,0,0,0,203,0,22,-3,-176,0,2583
2025/09/02,02:00,2608,0,34,1277,135,220,0,603,1,263,0,0,0,161,0,19,-4,-101,0,2608
2025/09/02,02:30,2672,0,34,1277,176,219,0,593,1,267,0,0,0,156,0,10,-4,-57,0,2672
2025/09/02,03:00,2756,0,34,1251,149,220,0,584,1,269,0,0,0,135,0,53,-2,62,0,2756
2025/09/02,03:30,2842,0,34,1286,164,220,0,578,1,273,0,0,0,133,0,61,-4,96,0,2842
2025/09/02,04:00,2896,0,34,1287,180,220,0,577,1,280,0,0,0,122,0,61,-2,136,0,2896
2025/09/02,04:30,2874,0,34,1264,151,220,0,574,1,283,0,0,0,110,0,74,0,163,0,2874
2025/09/02,05:00,2855,0,34,1215,129,219,0,574,1,284,0,13,0,123,0,75,-3,191,0,2855
2025/09/02,05:30,2783,0,34,1115,135,219,0,574,1,284,0,101,0,138,0,75,-3,110,0,2783
2025/09/02,06:00,2842,0,34,1141,155,219,0,577,1,287,0,220,0,128,0,78,-8,10,0,2842
2025/09/02,06:30,2932,0,34,1160,163,219,0,580,1,287,0,297,0,121,0,95,-10,-15,0,2932
2025/09/02,07:00,3052,0,34,1228,172,219,0,612,1,286,0,392,0,117,0,92,-25,-76,0,3052
2025/09/02,07:30,3198,0,34,1217,250,217,0,603,1,287,0,508,0,133,0,98,-55,-95,0,3198
2025/09/02,08:00,3477,0,13,1248,392,219,0,559,1,285,0,571,0,137,0,116,-9,-55,0,3477
2025/09/02,08:30,3687,0,11,1253,397,219,0,559,1,285,0,627,0,140,0,117,-8,86,0,3687
2025/09/02,09:00,3763,0,11,1270,400,218,0,552,1,285,0,653,0,135,0,96,-8,150,0,3763
2025/09/02,09:30,3773,0,11,1206,305,218,0,567,1,286,0,774,0,132,0,95,-9,187,0,3773
2025/09/02,10:00,3772,0,31,1233,285,218,0,563,1,285,0,717,0,110,0,95,-9,243,0,3772
2025/09/02,10:30,3820,0,34,1240,266,218,0,564,1,285,0,767,0,136,0,95,-5,219,0,3820
2025/09/02,11:00,3866,0,33,1262,328,219,0,563,1,285,0,738,0,131,0,123,-7,190,0,3866
2025/09/02,11:30,3886,0,34,1238,357,219,0,551,1,286,0,703,0,118,0,119,-7,267,0,3886
2025/09/02,12:00,3768,0,34,1254,417,219,0,544,1,286,0,637,0,108,0,124,-6,150,0,3768
2025/09/02,12:30,3696,0,34,1243,392,219,0,547,1,286,0,539,0,109,0,122,-4,208,0,3696
2025/09/02,13:00,3818,0,34,1253,428,219,0,561,1,275,0,421,0,106,0,118,-5,407,0,3818
2025/09/02,13:30,3806,0,33,1249,547,219,0,575,1,265,0,332,0,90,0,114,-3,384,0,3806
2025/09/02,14:00,3743,0,34,1265,498,219,0,576,1,279,0,259,0,109,0,119,-6,390,0,3743
2025/09/02,14:30,3735,0,34,1281,459,219,0,593,1,286,0,204,0,127,0,135,-3,399,0,3735
2025/09/02,15:00,3616,0,34,1277,347,220,0,624,1,287,0,170,0,156,0,136,-2,366,0,3616
2025/09/02,15:30,3626,0,34,1267,443,220,0,693,1,286,0,146,0,156,0,135,-3,248,0,3626
2025/09/02,16:00,3631,0,35,1302,616,220,0,722,1,287,0,91,0,146,0,167,-5,49,0,3631
2025/09/02,16:30,3607,0,34,1261,584,221,0,730,1,287,0,54,0,180,0,317,15,-77,0,3607
2025/09/02,17:00,3550,0,34,1319,683,221,0,730,1,287,0,11,0,206,0,263,-6,-199,0,3550
2025/09/02,17:30,3562,0,34,1318,601,221,0,725,1,287,0,4,0,240,0,258,-3,-124,0,3562
2025/09/02,18:00,3626,0,38,1324,641,223,0,716,1,287,0,0,0,246,0,231,43,-124,0,3626
2025/09/02,18:30,3608,0,39,1321,689,224,0,704,1,287,0,0,0,243,0,211,39,-150,0,3608
2025/09/02,19:00,3522,0,39,1330,687,223,0,608,1,288,0,0,0,258,0,140,8,-60,0,3522
2025/09/02,19:30,3424,0,39,1347,607,220,0,589,1,288,0,0,0,286,0,112,0,-65,0,3424
2025/09/02,20:00,3299,0,39,1360,421,218,0,590,1,288,0,0,0,248,0,110,-2,26,0,3299
2025/09/02,20:30,3205,0,39,1320,292,218,0,590,1,288,0,0,0,260,0,116,-15,96,0,3205
2025/09/02,21:00,3091,0,39,1279,268,219,0,575,1,287,0,0,0,248,0,127,-13,61,0,3091
2025/09/02,21:30,2989,0,40,1275,266,219,0,580,1,288,0,0,0,221,0,109,-3,-7,0,2989
2025/09/02,22:00,2884,0,39,1291,154,219,0,583,1,287,0,0,0,191,0,120,0,-1,0,2884
2025/09/02,22:30,2808,0,39,1242,115,219,0,583,1,288,0,0,0,186,0,114,-1,22,0,2808
2025/09/02,23:00,2765,0,33,1250,113,219,0,589,1,288,0,0,0,193,0,112,-2,-31,0,2765
2025/09/02,23:30,2675,0,33,1228,110,219,0,591,1,288,0,0,0,211,0,110,-2,-114,0,2675
2025/09/03,00:00,2612,0,40,1175,111,219,0,571,1,288,0,0,0,245,0,106,-3,-141,0,2612
2025/09/03,00:30,2526,0,40,1097,130,217,0,567,1,288,0,0,0,294,0,97,-4,-201,0,2526
2025/09/03,01:00,2501,0,40,1064,114,217,0,588,1,287,0,0,0,321,0,96,-48,-179,0,2501
2025/09/03,01:30,2469,0,40,927,110,218,0,585,1,287,0,0,0,407,0,95,-50,-151,0,2469
2025/09/03,02:00,2506,0,40,1021,110,217,0,593,1,287,0,0,0,341,0,95,-41,-158,0,2506
2025/09/03,02:30,2580,0,41,1115,113,217,0,620,1,288,0,0,0,299,0,95,-4,-205,0,2580
2025/09/03,03:00,2649,0,41,1223,157,218,0,650,1,288,0,0,0,210,0,95,-2,-232,0,2649
2025/09/03,03:30,2747,0,41,1171,242,217,0,677,1,287,0,0,0,131,0,129,-2,-147,0,2747
2025/09/03,04:00,2777,0,41,1128,140,217,0,690,1,287,0,0,0,139,0,157,-1,-22,0,2777
2025/09/03,04:30,2749,0,41,1162,135,216,0,690,1,287,0,0,0,121,0,130,-1,-33,0,2749
2025/09/03,05:00,2743,0,41,1139,123,215,0,695,1,287,0,13,0,123,0,96,-2,12,0,2743
2025/09/03,05:30,2761,0,40,1165,124,215,0,702,1,287,0,111,0,139,0,96,-1,-118,0,2761
2025/09/03,06:00,2872,0,41,1185,141,211,0,694,1,287,0,309,0,109,0,95,-4,-197,0,2872
2025/09/03,06:30,2936,0,40,1161,125,186,0,689,1,286,0,551,0,116,0,95,-4,-310,0,2936
2025/09/03,07:00,3065,0,12,1182,120,185,0,681,1,287,0,758,0,119,0,95,-8,-367,0,3065
2025/09/03,07:30,3187,0,10,995,117,190,0,676,1,286,0,987,0,126,0,95,-13,-283,0,3187
2025/09/03,08:00,3388,0,10,940,120,187,0,637,1,287,0,1158,0,147,0,95,-11,-183,0,3388
2025/09/03,08:30,3618,0,10,1020,167,185,0,620,1,285,0,1349,0,164,0,18,-11,-190,0,3618
2025/09/03,09:00,3734,0,11,1077,182,184,0,611,1,285,0,1497,0,164,0,-111,-11,-156,0,3734
2025/09/03,09:30,3770,0,11,963,157,184,0,626,1,285,0,1612,0,177,0,-121,-9,-116,0,3770
2025/09/03,10:00,3830,0,10,1021,153,184,0,622,1,286,0,1670,0,160,0,-123,-8,-146,0,3830
2025/09/03,10:30,3816,0,10,835,134,184,0,622,1,287,0,1740,0,183,0,-122,-7,-51,0,3816
2025/09/03,11:00,3912,0,10,870,100,188,0,623,1,288,0,1715,0,282,0,-122,-7,-36,0,3912
2025/09/03,11:30,3900,0,9,838,101,188,0,591,1,287,0,1669,0,358,0,-119,-6,-17,0,3900
2025/09/03,12:00,3752,0,9,811,102,202,0,575,1,286,0,1553,0,373,0,-125,-7,-28,0,3752
2025/09/03,12:30,3704,0,9,799,102,226,0,572,1,286,0,1532,0,394,0,-135,-6,-76,0,3704
2025/09/03,13:00,3834,0,9,1004,103,217,0,586,1,275,0,1436,0,385,0,-128,-6,-48,0,3834
2025/09/03,13:30,3876,0,9,1220,149,187,0,595,1,264,0,1279,0,432,0,-130,-4,-126,0,3876
2025/09/03,14:00,3812,0,9,1275,153,181,0,603,1,269,0,1156,0,437,0,-130,-5,-137,0,3812
2025/09/03,14:30,3734,0,9,1295,171,202,0,611,1,285,0,965,0,425,0,-119,-3,-108,0,3734
2025/09/03,15:00,3687,0,9,1171,169,229,0,634,1,288,0,770,0,417,0,5,-5,-1,0,3687
2025/09/03,15:30,3659,0,9,1233,165,234,0,651,1,287,0,586,0,319,0,95,-6,85,0,3659
2025/09/03,16:00,3681,0,10,1341,227,234,0,661,1,287,0,384,0,265,0,171,-4,104,0,3681
2025/09/03,16:30,3639,0,10,1323,224,235,0,705,1,288,0,176,0,255,0,259,-6,169,0,3639
2025/09/03,17:00,3568,0,9,1352,313,236,0,722,1,287,0,36,0,231,0,236,5,140,0,3568
2025/09/03,17:30,3570,0,9,1343,383,236,0,727,1,288,0,6,0,235,0,266,6,70,0,3570
2025/09/03,18:00,3612,0,40,1340,427,238,0,728,1,287,0,0,0,233,0,266,54,-2,0,3612
2025/09/03,18:30,3610,0,46,1331,494,238,0,677,1,287,0,0,0,231,0,264,55,-14,0,3610
2025/09/03,19:00,3521,0,46,1361,439,236,0,662,1,287,0,0,0,182,0,261,24,22,0,3521
2025/09/03,19:30,3407,0,46,1329,389,235,0,653,1,287,0,0,0,170,0,246,7,44,0,3407
2025/09/03,20:00,3280,0,47,1326,341,235,0,648,1,287,0,0,0,118,0,172,-3,108,0,3280
2025/09/03,20:30,3190,0,47,1328,253,235,0,646,1,286,0,0,0,92,0,96,-3,209,0,3190
2025/09/03,21:00,3069,0,47,1331,194,233,0,641,1,287,0,0,0,67,0,95,-2,175,0,3069
2025/09/03,21:30,2963,0,47,1295,225,233,0,621,1,286,0,0,0,41,0,95,0,119,0,2963
2025/09/03,22:00,2875,0,47,1262,118,234,0,619,1,285,0,0,0,38,0,95,-7,183,0,2875
2025/09/03,22:30,2807,0,47,1211,116,234,0,618,1,287,0,0,0,47,0,95,-5,156,0,2807
2025/09/03,23:00,2746,0,41,1189,113,234,0,601,1,286,0,0,0,66,0,94,-4,125,0,2746
2025/09/03,23:30,2638,0,41,1132,113,231,0,583,1,287,0,0,0,72,0,116,-3,65,0,2638
2025/09/04,00:00,2592,0,41,1193,122,220,0,568,1,286,0,0,0,56,0,113,-3,-5,0,2592
2025/09/04,00:30,2564,0,41,1199,189,210,0,565,1,285,0,0,0,48,0,102,-4,-72,0,2564
2025/09/04,01:00,2530,0,41,1205,167,212,0,579,1,286,0,0,0,47,0,95,-4,-99,0,2530
2025/09/04,01:30,2492,0,41,1157,111,215,0,583,1,287,0,0,0,49,0,97,-3,-46,0,2492
2025/09/04,02:00,2532,0,41,1164,110,218,0,595,1,289,0,0,0,38,0,97,-4,-17,0,2532
2025/09/04,02:30,2604,0,41,1186,121,218,0,599,1,288,0,0,0,40,0,97,-4,17,0,2604
2025/09/04,03:00,2663,0,42,1206,110,219,0,599,1,289,0,0,0,34,0,97,-4,70,0,2663
2025/09/04,03:30,2707,0,42,1210,113,219,0,598,1,288,0,0,0,27,0,97,-3,115,0,2707
2025/09/04,04:00,2770,0,41,1219,212,219,0,598,1,289,0,0,0,12,0,96,1,82,0,2770
2025/09/04,04:30,2790,0,42,1204,260,219,0,580,1,289,0,0,0,15,0,96,-2,86,0,2790
2025/09/04,05:00,2736,0,42,1184,201,219,0,576,1,290,0,14,0,12,0,95,-6,108,0,2736
2025/09/04,05:30,2722,0,41,1164,188,219,0,576,1,289,0,140,0,13,0,95,-8,4,0,2722
2025/09/04,06:00,2804,0,41,1158,188,219,0,572,1,289,0,360,0,13,0,95,-7,-125,0,2804
2025/09/04,06:30,2868,0,41,1168,219,219,0,567,1,289,0,601,0,21,0,95,-7,-346,0,2868
2025/09/04,07:00,2978,0,13,1163,192,218,0,563,1,289,0,868,0,21,0,95,-53,-392,0,2978
2025/09/04,07:30,3100,0,11,1181,205,218,0,552,1,289,0,1101,0,22,0,94,-51,-523,0,3100
2025/09/04,08:00,3247,0,11,1143,215,218,0,534,1,289,0,1279,0,16,0,95,-6,-548,0,3247
2025/09/04,08:30,3473,0,11,1166,189,218,0,534,1,289,0,1470,0,14,0,94,-5,-508,0,3473
2025/09/04,09:00,3644,0,11,1196,229,218,0,533,1,289,0,1620,0,10,0,95,-6,-552,0,3644
2025/09/04,09:30,3740,0,11,1184,314,218,0,552,1,289,0,1672,0,13,0,95,-6,-603,0,3740
2025/09/04,10:00,3882,0,11,1206,359,218,0,557,1,289,0,1781,0,5,0,95,-4,-636,0,3882
2025/09/04,10:30,3936,0,11,1214,417,218,0,565,1,290,0,1762,0,9,0,95,-6,-640,0,3936
2025/09/04,11:00,3935,0,11,1223,342,218,0,551,1,290,0,1746,0,8,0,95,-5,-545,0,3935
2025/09/04,11:30,3833,0,11,1228,274,217,0,551,1,291,0,1674,0,7,0,95,-5,-511,0,3833
2025/09/04,12:00,3735,0,11,1270,274,218,0,547,1,290,0,1619,0,5,0,95,-5,-590,0,3735
2025/09/04,12:30,3661,0,11,1273,245,218,0,543,1,290,0,1581,0,9,0,95,-2,-603,0,3661
2025/09/04,13:00,3786,0,11,1324,358,217,0,547,1,279,0,1530,0,8,0,95,44,-628,0,3786
2025/09/04,13:30,3804,0,11,1341,416,217,0,556,1,269,0,1349,0,19,0,129,-3,-501,0,3804
2025/09/04,14:00,3737,0,11,1320,296,218,0,594,1,278,0,1209,0,29,0,188,-3,-404,0,3737
2025/09/04,14:30,3717,0,11,1329,231,218,0,622,1,289,0,1018,0,45,0,155,2,-204,0,3717
2025/09/04,15:00,3716,0,11,1346,372,219,0,667,1,289,0,767,0,54,0,190,-6,-194,0,3716
2025/09/04,15:30,3716,0,11,1315,513,218,0,678,1,290,0,513,0,56,0,173,-5,-47,0,3716
2025/09/04,16:00,3680,0,11,1322,319,218,0,689,1,290,0,289,0,63,0,266,-6,218,0,3680
2025/09/04,16:30,3610,0,11,1318,307,219,0,691,1,290,0,134,0,80,0,253,-5,311,0,3610
2025/09/04,17:00,3558,0,11,1340,303,219,0,689,1,290,0,27,0,83,0,276,-5,324,0,3558
2025/09/04,17:30,3568,0,11,1330,331,219,0,687,1,291,0,3,0,102,0,276,-4,321,0,3568
2025/09/04,18:00,3630,0,41,1332,368,221,0,689,1,290,0,0,0,103,0,189,42,354,0,3630
2025/09/04,18:30,3588,0,46,1322,371,221,0,643,1,290,0,1,0,118,0,190,26,359,0,3588
2025/09/04,19:00,3513,0,46,1334,330,221,0,627,1,289,0,0,0,124,0,173,-5,373,0,3513
2025/09/04,19:30,3419,0,46,1334,350,220,0,594,1,289,0,0,0,153,0,95,-6,343,0,3419
2025/09/04,20:00,3273,0,46,1325,266,220,0,573,1,288,0,0,0,154,0,94,-7,313,0,3273
2025/09/04,20:30,3205,0,46,1340,252,220,0,569,1,287,0,0,0,162,0,94,-4,238,0,3205
2025/09/04,21:00,3085,0,46,1344,255,218,0,565,1,288,0,0,0,159,0,94,-6,121,0,3085
2025/09/04,21:30,2969,0,47,1326,248,216,0,548,1,287,0,0,0,161,0,94,-6,47,0,2969
2025/09/04,22:00,2962,0,47,1337,279,218,0,548,1,287,0,0,0,142,0,96,-6,13,0,2962
2025/09/04,22:30,2898,0,47,1309,279,218,0,546,1,287,0,0,0,148,0,114,-5,-46,0,2898
2025/09/04,23:00,2834,0,41,1268,183,218,0,546,1,286,0,0,0,188,0,138,-6,-29,0,2834
2025/09/04,23:30,2778,0,41,1234,194,219,0,545,1,287,0,0,0,230,0,108,-4,-77,0,2778
2025/09/05,00:00,2650,0,41,1219,190,218,0,524,1,286,0,0,0,225,0,95,-5,-144,0,2650
2025/09/05,00:30,2622,0,41,1232,164,218,0,524,1,288,0,0,0,244,0,96,-5,-181,0,2622
2025/09/05,01:00,2566,0,41,1212,137,219,0,523,1,287,0,0,0,262,0,96,-6,-206,0,2566
2025/09/05,01:30,2552,0,41,1175,137,219,0,538,1,288,0,0,0,286,0,96,-46,-183,0,2552
2025/09/05,02:00,2559,0,41,1159,134,219,0,551,1,288,0,0,0,301,0,96,-52,-179,0,2559
2025/09/05,02:30,2637,0,41,1175,156,219,0,555,1,287,0,0,0,325,0,96,-50,-168,0,2637
2025/09/05,03:00,2715,0,41,1220,178,219,0,550,1,271,0,0,0,320,0,96,-6,-175,0,2715
2025/09/05,03:30,2787,0,41,1227,220,219,0,550,1,249,0,0,0,318,0,96,-7,-127,0,2787
2025/09/05,04:00,2789,0,41,1150,165,219,0,587,1,239,0,0,0,313,0,113,-5,-34,0,2789
2025/09/05,04:30,2801,0,41,1027,114,219,0,575,1,231,0,0,0,328,0,213,-5,57,0,2801
2025/09/05,05:00,2795,0,41,1186,132,219,0,544,1,219,0,9,0,332,0,209,-5,-92,0,2795
2025/09/05,05:30,2803,0,41,1259,115,219,0,509,1,219,0,110,0,336,0,230,-6,-230,0,2803
2025/09/05,06:00,2913,0,41,1264,122,219,0,502,1,218,0,306,0,312,0,239,-4,-307,0,2913
2025/09/05,06:30,2995,0,41,1162,129,219,0,517,1,219,0,531,0,268,0,235,-7,-320,0,2995
2025/09/05,07:00,3091,0,41,1127,117,218,0,536,1,218,0,737,0,216,0,175,-6,-289,0,3091
2025/09/05,07:30,3179,0,41,1090,117,218,0,546,1,218,0,911,0,208,0,95,-5,-261,0,3179
2025/09/05,08:00,3383,0,13,1116,114,218,0,532,1,218,0,1069,0,191,0,118,-5,-202,0,3383
2025/09/05,08:30,3613,0,11,1194,179,218,0,529,1,218,0,1231,0,193,0,164,-5,-320,0,3613
2025/09/05,09:00,3773,0,11,1202,119,218,0,524,1,219,0,1365,0,183,0,119,-4,-184,0,3773
2025/09/05,09:30,3837,0,11,1213,198,218,0,506,1,219,0,1464,0,185,0,95,-3,-270,0,3837
2025/09/05,10:00,3899,0,11,1315,216,218,0,482,1,218,0,1505,0,136,0,95,-5,-293,0,3899
2025/09/05,10:30,3999,0,11,1320,293,217,0,482,1,219,0,1507,0,155,0,96,-3,-299,0,3999
2025/09/05,11:00,4060,0,11,1299,252,217,0,467,1,219,0,1545,0,143,0,97,-4,-187,0,4060
2025/09/05,11:30,3972,0,11,1302,163,218,0,465,1,219,0,1523,0,140,0,95,-4,-161,0,3972
2025/09/05,12:00,3852,0,11,1318,137,218,0,470,1,219,0,1447,0,129,0,107,-4,-201,0,3852
2025/09/05,12:30,3858,0,11,1349,135,218,0,475,1,219,0,1418,0,144,0,114,-5,-221,0,3858
2025/09/05,13:00,3916,0,11,1342,146,217,0,510,1,218,0,1329,0,148,0,113,-5,-114,0,3916
2025/09/05,13:30,3908,0,11,1353,249,207,0,516,1,219,0,1159,0,114,0,124,-10,-35,0,3908
2025/09/05,14:00,3876,0,11,1324,272,205,0,541,1,219,0,1025,0,97,0,185,-9,5,0,3876
2025/09/05,14:30,3836,0,11,1323,303,205,0,577,1,219,0,871,0,91,0,189,-10,56,0,3836
2025/09/05,15:00,3765,0,11,1326,423,215,0,593,1,219,0,687,0,82,0,158,-9,59,0,3765
2025/09/05,15:30,3751,0,11,1313,524,219,0,636,1,219,0,494,0,85,0,193,-8,64,0,3751
2025/09/05,16:00,3759,0,37,1341,578,220,0,702,1,219,0,301,0,63,0,246,-8,59,0,3759
2025/09/05,16:30,3711,0,42,1356,568,219,0,744,1,220,0,157,0,67,0,277,-6,66,0,3711
2025/09/05,17:00,3652,0,42,1367,611,220,0,744,1,220,0,44,0,76,0,290,-7,44,0,3652
2025/09/05,17:30,3648,0,42,1351,626,220,0,743,1,220,0,9,0,85,0,297,-5,59,0,3648
2025/09/05,18:00,3684,0,41,1365,622,222,0,732,1,220,0,0,0,91,0,294,43,53,0,3684
2025/09/05,18:30,3668,0,42,1360,635,222,0,735,1,219,0,0,0,99,0,283,43,29,0,3668
2025/09/05,19:00,3563,0,42,1368,590,222,0,727,1,219,0,1,0,95,0,261,-4,41,0,3563
2025/09/05,19:30,3439,0,42,1362,559,220,0,726,1,219,0,0,0,93,0,177,-3,43,0,3439
2025/09/05,20:00,3321,0,42,1362,589,220,0,665,1,219,0,0,0,80,0,114,0,29,0,3321
2025/09/05,20:30,3229,0,42,1359,520,220,0,646,1,222,0,0,0,82,0,115,-4,26,0,3229
2025/09/05,21:00,3102,0,53,1365,396,220,0,577,1,247,0,0,0,89,0,116,-4,42,0,3102
2025/09/05,21:30,3018,0,54,1358,315,218,0,554,1,272,0,0,0,107,0,115,-2,26,0,3018
2025/09/05,22:00,2974,0,54,1359,269,218,0,527,1,285,0,0,0,104,0,123,-2,36,0,2974
2025/09/05,22:30,2848,0,54,1326,241,216,0,500,1,287,0,0,0,98,0,111,-4,18,0,2848
2025/09/05,23:00,2830,0,41,1324,229,217,0,475,1,287,0,0,0,133,0,111,-3,15,0,2830
2025/09/05,23:30,2700,0,42,1240,184,217,0,471,1,287,0,0,0,198,0,97,-3,-34,0,2700
2025/09/06,00:00,2639,0,14,1302,207,217,0,471,1,287,0,0,0,163,0,94,-1,-116,0,2639
2025/09/06,00:30,2559,0,11,1277,206,217,0,471,1,289,0,0,0,158,0,94,-3,-162,0,2559
2025/09/06,01:00,2519,0,11,1243,203,217,0,476,1,288,0,0,0,153,0,94,-3,-164,0,2519
2025/09/06,01:30,2497,0,11,1225,195,217,0,495,1,288,0,0,0,147,0,97,-33,-146,0,2497
2025/09/06,02:00,2539,0,11,1166,158,217,0,496,1,288,0,0,0,175,0,141,-47,-67,0,2539
2025/09/06,02:30,2563,0,11,1147,166,217,0,521,1,289,0,0,0,194,0,119,-46,-56,0,2563
2025/09/06,03:00,2694,0,11,1206,220,218,0,519,1,290,0,0,0,156,0,132,-2,-57,0,2694
2025/09/06,03:30,2720,0,11,1087,353,217,0,528,1,289,0,0,0,140,0,115,-1,-20,0,2720
2025/09/06,04:00,2754,0,11,1014,328,218,0,571,1,289,0,0,0,194,0,112,-3,19,0,2754
2025/09/06,04:30,2752,0,11,1010,317,215,0,562,1,289,0,0,0,232,0,119,-5,1,0,2752
2025/09/06,05:00,2717,0,11,1013,278,215,0,518,1,289,0,10,0,264,0,160,-6,-36,0,2717
2025/09/06,05:30,2655,0,11,980,306,216,0,518,1,289,0,121,0,272,0,107,-4,-162,0,2655
2025/09/06,06:00,2746,0,11,913,377,217,0,517,1,289,0,331,0,267,0,93,14,-284,0,2746
2025/09/06,06:30,2732,0,11,879,239,226,0,514,1,288,0,542,0,232,0,94,-3,-291,0,2732
2025/09/06,07:00,2800,0,11,836,169,226,0,511,1,288,0,772,0,199,0,94,-4,-303,0,2800
2025/09/06,07:30,2908,0,11,798,169,232,0,511,1,287,0,972,0,194,0,62,-6,-323,0,2908
2025/09/06,08:00,2985,0,11,933,175,234,0,468,1,287,0,1188,0,184,0,-135,-5,-356,0,2985
2025/09/06,08:30,3093,0,11,810,161,234,0,457,1,287,0,1438,0,176,0,-132,-5,-345,0,3093
2025/09/06,09:00,3244,0,11,790,161,217,0,454,1,288,0,1617,0,179,0,-143,-9,-322,0,3244
2025/09/06,09:30,3350,0,11,774,161,185,0,460,1,287,0,1748,0,185,0,-136,-8,-318,0,3350
2025/09/06,10:00,3449,0,11,797,130,171,0,462,1,287,0,1897,0,143,0,-133,-8,-309,0,3449
2025/09/06,10:30,3551,0,11,866,108,171,0,444,1,287,0,1950,0,148,0,-134,-7,-294,0,3551
2025/09/06,11:00,3671,0,11,929,121,172,0,443,1,287,0,1917,0,154,0,-123,-4,-237,0,3671
2025/09/06,11:30,3709,0,11,943,207,171,0,437,1,289,0,1867,0,155,0,-129,-5,-238,0,3709
2025/09/06,12:00,3701,0,11,946,279,171,0,430,1,289,0,1751,0,176,0,-127,-5,-221,0,3701
2025/09/06,12:30,3665,0,11,910,396,172,0,430,1,289,0,1550,0,159,0,-107,-36,-110,0,3665
2025/09/06,13:00,3618,0,11,1037,440,172,0,434,1,278,0,1305,0,157,0,-114,-6,-97,0,3618
2025/09/06,13:30,3480,0,11,1149,340,195,0,444,1,269,0,1137,0,160,0,-118,-5,-103,0,3480
2025/09/06,14:00,3378,0,11,1206,290,226,0,485,1,282,0,958,0,146,0,-126,-4,-97,0,3378
2025/09/06,14:30,3282,0,11,1222,296,234,0,510,1,289,0,837,0,86,0,-117,-5,-82,0,3282
2025/09/06,15:00,3279,0,11,1305,343,234,0,526,1,289,0,685,0,123,0,-114,-5,-119,0,3279
2025/09/06,15:30,3301,0,11,1211,327,234,0,544,1,289,0,508,0,178,0,15,-4,-13,0,3301
2025/09/06,16:00,3302,0,41,1172,315,234,0,659,1,289,0,331,0,160,0,94,-6,12,0,3302
2025/09/06,16:30,3318,0,46,1310,318,235,0,699,1,289,0,134,0,167,0,94,-4,29,0,3318
2025/09/06,17:00,3375,0,47,1340,343,235,0,731,1,289,0,29,0,170,0,188,-6,8,0,3375
2025/09/06,17:30,3421,0,47,1283,339,235,0,735,1,290,0,5,0,181,0,279,-3,29,0,3421
2025/09/06,18:00,3498,0,47,1334,354,237,0,735,1,289,0,0,0,185,0,262,41,13,0,3498
2025/09/06,18:30,3516,0,47,1351,382,237,0,736,1,288,0,0,0,192,0,249,30,3,0,3516
2025/09/06,19:00,3412,0,47,1349,392,237,0,734,1,289,0,0,0,179,0,181,-6,9,0,3412
2025/09/06,19:30,3368,0,47,1343,328,235,0,733,1,289,0,0,0,219,0,174,-6,5,0,3368
2025/09/06,20:00,3242,0,46,1347,316,236,0,695,1,289,0,0,0,232,0,137,-47,-10,0,3242
2025/09/06,20:30,3154,0,46,1342,365,236,0,640,1,290,0,0,0,189,0,93,-50,2,0,3154
2025/09/06,21:00,3042,0,47,1323,317,235,0,605,1,290,0,0,0,182,0,93,-4,-47,0,3042
2025/09/06,21:30,2940,0,47,1325,281,234,0,521,1,289,0,0,0,183,0,93,0,-34,0,2940
2025/09/06,22:00,2872,0,26,1312,286,234,0,500,1,289,0,0,0,182,0,96,3,-57,0,2872
2025/09/06,22:30,2796,0,24,1272,259,234,0,497,1,289,0,0,0,181,0,96,0,-57,0,2796
2025/09/06,23:00,2759,0,12,1245,228,234,0,497,1,289,0,0,0,211,0,96,-5,-49,0,2759
2025/09/06,23:30,2675,0,11,1177,230,234,0,496,1,289,0,0,0,260,0,96,-2,-117,0,2675
2025/09/07,00:00,2583,0,11,1168,230,234,0,469,1,289,0,0,0,190,0,96,-6,-99,0,2583
2025/09/07,00:30,2521,0,11,1191,304,234,0,456,1,290,0,0,0,143,0,96,-6,-199,0,2521
2025/09/07,01:00,2504,0,11,1184,315,234,0,459,1,289,0,0,0,138,0,96,-7,-216,0,2504
2025/09/07,01:30,2486,0,11,1147,301,234,0,483,1,290,0,0,0,111,0,100,-5,-187,0,2486
2025/09/07,02:00,2488,0,11,1149,217,234,0,488,1,288,0,0,0,133,0,113,-4,-142,0,2488
2025/09/07,02:30,2556,0,11,1093,225,234,0,491,1,290,0,0,0,158,0,127,-4,-70,0,2556
2025/09/07,03:00,2630,0,11,1094,242,234,0,511,1,291,0,0,0,146,0,137,-5,-32,0,2630
2025/09/07,03:30,2694,0,11,1101,247,234,0,518,1,291,0,0,0,180,0,145,-4,-30,0,2694
2025/09/07,04:00,2738,0,11,1158,230,234,0,510,1,290,0,0,0,203,0,109,-4,-4,0,2738
2025/09/07,04:30,2746,0,11,1131,217,234,0,536,1,290,0,0,0,221,0,96,-5,14,0,2746
2025/09/07,05:00,2697,0,11,1132,216,234,0,522,1,290,0,6,0,228,0,96,-5,-34,0,2697
2025/09/07,05:30,2651,0,11,1111,228,234,0,485,1,289,0,80,0,214,0,96,-5,-93,0,2651
2025/09/07,06:00,2703,0,10,1155,227,234,0,478,1,290,0,161,0,208,0,96,-4,-153,0,2703
2025/09/07,06:30,2751,0,10,1163,235,221,0,486,1,289,0,230,0,216,0,96,-4,-192,0,2751
2025/09/07,07:00,2838,0,9,1206,287,195,0,478,1,290,0,284,0,214,0,14,-6,-134,0,2838
2025/09/07,07:30,2814,0,10,1128,273,187,0,478,1,290,0,295,0,232,0,0,-29,-51,0,2814
2025/09/07,08:00,2901,0,10,1097,216,189,0,460,1,290,0,351,0,284,0,0,-5,8,0,2901
2025/09/07,08:30,2973,0,9,1086,212,189,0,455,1,290,0,402,0,326,0,0,-6,9,0,2973
2025/09/07,09:00,3030,0,9,1089,208,189,0,458,1,289,0,427,0,357,0,0,-6,9,0,3030
2025/09/07,09:30,3094,0,9,1055,170,189,0,472,1,289,0,482,0,407,0,0,-4,24,0,3094
2025/09/07,10:00,3026,0,9,1168,205,189,0,465,1,289,0,486,0,368,0,-191,-3,40,0,3026
2025/09/07,10:30,3026,0,9,1179,202,189,0,450,1,287,0,549,0,368,0,-227,-4,23,0,3026
2025/09/07,11:00,3048,0,9,1169,167,189,0,454,1,289,0,605,0,357,0,-226,-4,38,0,3048
2025/09/07,11:30,3022,0,9,1162,170,185,0,458,1,289,0,599,0,326,0,-222,-3,48,0,3022
2025/09/07,12:00,3021,0,10,1168,221,160,0,466,1,289,0,604,0,322,0,-230,-3,13,0,3021
2025/09/07,12:30,2951,0,10,983,178,155,0,481,1,290,0,621,0,311,0,-25,-6,-48,0,2951
2025/09/07,13:00,2849,0,10,907,159,169,0,483,1,279,0,573,0,290,0,101,-4,-119,0,2849
2025/09/07,13:30,2907,0,10,970,159,194,0,504,1,268,0,549,0,313,0,96,-4,-153,0,2907
2025/09/07,14:00,2916,0,40,1062,159,200,0,510,1,279,0,497,0,377,0,101,-3,-307,0,2916
2025/09/07,14:30,2916,0,46,964,147,200,0,513,1,290,0,442,0,416,0,116,-1,-218,0,2916
2025/09/07,15:00,2931,0,46,1075,107,201,0,517,1,289,0,368,0,374,0,96,-4,-139,0,2931
2025/09/07,15:30,2925,0,45,1037,106,211,0,520,1,289,0,296,0,397,0,96,-3,-70,0,2925
2025/09/07,16:00,2948,0,44,1042,106,216,0,563,1,289,0,198,0,404,0,96,-3,-8,0,2948
2025/09/07,16:30,2996,0,44,1081,106,218,0,632,1,290,0,107,0,435,0,96,-3,-11,0,2996
2025/09/07,17:00,3082,0,45,1189,143,220,0,657,1,290,0,27,0,428,0,112,-4,-26,0,3082
2025/09/07,17:30,3164,0,46,1195,159,219,0,668,1,290,0,7,0,384,0,255,-4,-56,0,3164
2025/09/07,18:00,3261,0,47,1280,166,221,0,663,1,290,0,0,0,375,0,238,-4,-16,0,3261
2025/09/07,18:30,3273,0,46,1312,199,221,0,657,1,290,0,0,0,390,0,186,-5,-24,0,3273
2025/09/07,19:00,3223,0,45,1310,189,221,0,663,1,290,0,0,0,340,0,173,-6,-3,0,3223
2025/09/07,19:30,3143,0,46,1344,203,220,0,647,1,290,0,0,0,258,0,95,-4,43,0,3143
2025/09/07,20:00,3073,0,46,1339,365,221,0,538,1,290,0,0,0,154,0,96,-3,26,0,3073
2025/09/07,20:30,2983,0,46,1341,416,220,0,497,1,290,0,0,0,103,0,95,-20,-6,0,2983
2025/09/07,21:00,2882,0,47,1322,362,221,0,477,1,290,0,0,0,77,0,95,-5,-5,0,2882
2025/09/07,21:30,2800,0,47,1317,314,218,0,456,1,290,0,0,0,76,0,95,-5,-9,0,2800
2025/09/07,22:00,2734,0,47,1284,299,218,0,444,1,289,0,0,0,64,0,98,-3,-7,0,2734
2025/09/07,22:30,2654,0,47,1219,272,219,0,440,1,289,0,0,0,61,0,138,-4,-28,0,2654
2025/09/07,23:00,2616,0,33,1216,285,219,0,436,1,289,0,0,0,50,0,132,-4,-41,0,2616
2025/09/07,23:30,2532,0,34,1173,316,219,0,436,1,289,0,0,0,56,0,120,-4,-108,0,2532
2025/09/08,00:00,2485,0,12,1186,251,219,0,440,1,290,0,0,0,59,0,132,-6,-99,0,2485
2025/09/08,00:30,2351,0,11,1141,189,219,0,439,1,290,0,0,0,82,0,109,-4,-126,0,2351
2025/09/08,01:00,2322,0,11,1161,146,219,0,446,1,289,0,0,0,82,0,100,-5,-128,0,2322
2025/09/08,01:30,2374,0,11,1178,207,219,0,444,1,290,0,0,0,100,0,94,-5,-165,0,2374
2025/09/08,02:00,2415,0,11,1184,245,219,0,442,1,290,0,0,0,87,0,94,-4,-154,0,2415
2025/09/08,02:30,2461,0,11,1133,199,219,0,459,1,291,0,0,0,86,0,124,-10,-52,0,2461
2025/09/08,03:00,2563,0,11,1197,205,219,0,465,1,291,0,0,0,59,0,104,3,8,0,2563
2025/09/08,03:30,2625,0,11,1207,260,219,0,471,1,290,0,0,0,47,0,94,9,16,0,2625
2025/09/08,04:00,2666,0,11,1218,288,219,0,485,1,291,0,0,0,26,0,111,9,7,0,2666
2025/09/08,04:30,2680,0,11,1219,260,219,0,528,1,291,0,0,0,26,0,113,11,1,0,2680
2025/09/08,05:00,2648,0,11,1231,280,219,0,473,1,291,0,6,0,17,0,110,10,-1,0,2648
2025/09/08,05:30,2606,0,11,1196,225,219,0,443,1,289,0,131,0,14,0,108,-2,-29,0,2606
2025/09/08,06:00,2758,0,11,1200,236,219,0,441,1,290,0,390,0,10,0,105,-4,-141,0,2758
2025/09/08,06:30,2812,0,11,1198,138,219,0,447,1,290,0,663,0,9,0,102,-4,-262,0,2812
2025/09/08,07:00,2923,0,11,1123,111,219,0,447,1,289,0,947,0,7,0,94,-4,-322,0,2923
2025/09/08,07:30,3055,0,11,1014,126,218,0,429,1,290,0,1215,0,11,0,94,-5,-349,0,3055
2025/09/08,08:00,3275,0,11,1006,184,212,0,425,1,288,0,1425,0,11,0,94,-6,-376,0,3275
2025/09/08,08:30,3485,0,11,956,226,181,0,417,1,290,0,1643,0,52,0,94,-5,-381,0,3485
2025/09/08,09:00,3697,0,11,1028,228,164,0,387,1,289,0,1807,0,105,0,77,-4,-396,0,3697
2025/09/08,09:30,3817,0,11,1058,229,164,0,400,1,289,0,1918,0,166,0,0,-5,-414,0,3817
2025/09/08,10:00,3850,0,11,986,228,164,0,388,1,290,0,1990,0,220,0,0,-4,-424,0,3850
2025/09/08,10:30,3928,0,11,1039,185,164,0,390,1,290,0,2036,0,229,0,0,-3,-414,0,3928
2025/09/08,11:00,4019,0,11,1155,200,164,0,374,1,289,0,2039,0,219,0,0,-4,-429,0,4019
2025/09/08,11:30,3961,0,11,1085,203,164,0,367,1,291,0,2025,0,230,0,0,-3,-413,0,3961
2025/09/08,12:00,3819,0,11,1035,152,164,0,359,1,291,0,1979,0,234,0,0,-4,-403,0,3819
2025/09/08,12:30,3797,0,11,1081,152,164,0,364,1,291,0,1909,0,237,0,0,-4,-409,0,3797
2025/09/08,13:00,3877,0,11,1192,195,164,0,395,1,278,0,1800,0,246,0,0,-4,-401,0,3877
2025/09/08,13:30,3837,0,11,1171,240,164,0,416,1,268,0,1650,0,290,0,0,-2,-372,0,3837
2025/09/08,14:00,3802,0,31,1154,227,164,0,447,1,282,0,1455,0,312,0,58,-4,-325,0,3802
2025/09/08,14:30,3744,0,33,1203,216,164,0,479,1,290,0,1249,0,324,0,58,-2,-271,0,3744
2025/09/08,15:00,3700,0,34,1323,261,168,0,554,1,291,0,999,0,308,0,58,-4,-293,0,3700
2025/09/08,15:30,3696,0,34,1321,409,165,0,605,1,290,0,721,0,265,0,95,-6,-204,0,3696
2025/09/08,16:00,3724,0,37,1309,547,169,0,699,1,291,0,453,0,238,0,139,-7,-152,0,3724
2025/09/08,16:30,3716,0,38,1309,469,200,0,712,1,291,0,210,0,233,0,325,-7,-65,0,3716
2025/09/08,17:00,3689,0,38,1321,662,201,0,688,1,291,0,38,0,219,0,305,-8,-67,0,3689
2025/09/08,17:30,3689,0,38,1308,697,201,0,685,1,291,0,2,0,216,0,295,-8,-37,0,3689
2025/09/08,18:00,3723,0,38,1317,737,200,0,680,1,291,0,0,0,213,0,210,-6,42,0,3723
2025/09/08,18:30,3679,0,38,1316,735,201,0,681,1,291,0,0,0,224,0,167,-3,28,0,3679
2025/09/08,19:00,3595,0,39,1322,700,201,0,674,1,291,0,0,0,188,0,174,-4,9,0,3595
2025/09/08,19:30,3481,0,39,1316,705,199,0,640,1,290,0,0,0,165,0,161,-5,-30,0,3481
2025/09/08,20:00,3330,0,39,1210,735,195,0,633,1,289,0,0,0,147,0,131,-42,-8,0,3330
2025/09/08,20:30,3230,0,39,1110,730,197,0,601,1,290,0,0,0,151,0,117,-49,43,0,3230
2025/09/08,21:00,3100,0,39,1064,654,211,0,502,1,290,0,0,0,150,0,101,-4,92,0,3100
2025/09/08,21:30,2992,0,39,1058,556,218,0,493,1,290,0,0,0,158,0,103,-4,80,0,2992
2025/09/08,22:00,2892,0,39,1054,465,218,0,486,1,290,0,0,0,158,0,61,-3,123,0,2892
2025/09/08,22:30,2804,0,39,1050,455,218,0,476,1,291,0,0,0,164,0,0,-4,114,0,2804
2025/09/08,23:00,2741,0,33,1051,464,219,0,466,1,291,0,0,0,208,0,0,-5,13,0,2741
2025/09/08,23:30,2673,0,33,991,329,219,0,466,1,291,0,0,0,310,0,0,-5,38,0,2673
2025/09/09,00:00,2619,0,34,854,287,216,0,480,1,291,0,0,0,385,0,14,-5,62,0,2619
2025/09/09,00:30,2539,0,34,807,343,201,0,489,1,291,0,0,0,376,0,25,-5,-23,0,2539
2025/09/09,01:00,2487,0,34,848,331,201,0,488,1,291,0,0,0,356,0,7,-4,-66,0,2487
2025/09/09,01:30,2483,0,33,882,308,201,0,485,1,291,0,0,0,312,0,0,-4,-26,0,2483
2025/09/09,02:00,2502,0,33,916,318,201,0,490,1,292,0,0,0,253,0,4,-4,-2,0,2502
2025/09/09,02:30,2566,0,33,936,339,200,0,493,1,291,0,0,0,199,0,48,-14,40,0,2566
2025/09/09,03:00,2628,0,33,1036,376,201,0,469,1,292,0,0,0,124,0,39,-3,60,0,2628
2025/09/09,03:30,2736,0,33,1044,464,201,0,468,1,292,0,0,0,115,0,29,-4,93,0,2736
2025/09/09,04:00,2746,0,33,1050,400,211,0,502,1,291,0,0,0,103,0,58,-4,101,0,2746
2025/09/09,04:30,2770,0,33,1044,355,215,0,506,1,292,0,0,0,124,0,81,-3,122,0,2770
2025/09/09,05:00,2731,0,33,1054,418,215,0,460,1,291,0,3,0,125,0,32,-2,101,0,2731
2025/09/09,05:30,2731,0,33,1041,319,215,0,467,1,291,0,84,0,158,0,19,-9,112,0,2731
2025/09/09,06:00,2834,0,25,1033,301,215,0,464,1,290,0,194,0,219,0,22,-10,80,0,2834
2025/09/09,06:30,2982,0,25,945,318,215,0,450,1,291,0,298,0,316,0,48,-9,84,0,2982
2025/09/09,07:00,3129,0,21,954,357,215,0,456,1,291,0,381,0,316,0,28,-8,117,0,3129
2025/09/09,07:30,3207,0,25,953,384,214,0,465,1,290,0,435,0,312,0,0,-8,136,0,3207
2025/09/09,08:00,3377,0,22,1015,380,207,0,510,1,289,0,511,0,295,0,0,-8,155,0,3377
2025/09/09,08:30,3615,0,34,1032,399,178,0,628,1,289,0,617,0,295,0,0,-8,150,0,3615
2025/09/09,09:00,3718,0,34,1019,431,171,0,624,1,288,0,701,0,288,0,0,-6,167,0,3718
2025/09/09,09:30,3762,0,34,1004,496,171,0,562,1,288,0,765,0,282,0,0,-8,167,0,3762
2025/09/09,10:00,3748,0,34,995,546,173,0,543,1,286,0,742,0,241,0,0,-7,194,0,3748
2025/09/09,10:30,3800,0,34,1024,543,171,0,545,1,287,0,800,0,222,0,0,-6,179,0,3800
2025/09/09,11:00,3833,0,33,1042,665,162,0,429,1,288,0,795,0,232,0,9,3,174,0,3833
2025/09/09,11:30,3805,0,26,1018,694,166,0,430,1,289,0,770,0,264,0,0,-6,153,0,3805
2025/09/09,12:00,3674,0,26,1045,620,191,0,433,1,289,0,745,0,267,0,0,-8,65,0,3674
2025/09/09,12:30,3602,0,33,1014,604,191,0,460,1,288,0,690,0,285,0,0,-6,42,0,3602
2025/09/09,13:00,3669,0,33,1048,486,194,0,584,1,289,0,607,0,283,0,0,-5,149,0,3669
2025/09/09,13:30,3749,0,33,1047,524,191,0,608,1,288,0,566,0,336,0,0,-5,160,0,3749
2025/09/09,14:00,3749,0,33,1035,503,184,0,634,1,289,0,477,0,409,0,53,-7,138,0,3749
2025/09/09,14:30,3677,0,33,972,447,180,0,640,1,290,0,426,0,458,0,94,-3,139,0,3677
2025/09/09,15:00,3619,0,33,1158,428,182,0,635,1,290,0,300,0,462,0,95,-4,39,0,3619
2025/09/09,15:30,3663,0,34,1242,527,162,0,656,1,290,0,219,0,423,0,97,-5,17,0,3663
2025/09/09,16:00,3680,0,33,1264,580,161,0,681,1,289,0,138,0,397,0,149,-5,-8,0,3680
2025/09/09,16:30,3648,0,33,1276,616,164,0,663,1,289,0,63,0,421,0,155,-6,-27,0,3648
2025/09/09,17:00,3586,0,33,1307,538,171,0,665,1,290,0,11,0,433,0,155,-6,-12,0,3586
2025/09/09,17:30,3600,0,34,1300,541,165,0,667,1,290,0,3,0,441,0,155,-4,7,0,3600
2025/09/09,18:00,3634,0,37,1307,551,164,0,672,1,290,0,0,0,419,0,158,28,7,0,3634
2025/09/09,18:30,3602,0,38,1296,596,164,0,674,1,289,0,0,0,414,0,151,1,-22,0,3602
2025/09/09,19:00,3516,0,38,1307,590,163,0,667,1,290,0,0,0,368,0,95,2,-5,0,3516
2025/09/09,19:30,3440,0,38,1303,648,162,0,665,1,289,0,0,0,278,0,79,-3,-20,0,3440
2025/09/09,20:00,3322,0,38,1307,673,160,0,556,1,290,0,0,0,247,0,68,-10,-8,0,3322
2025/09/09,20:30,3210,0,38,1296,593,169,0,503,1,289,0,0,0,251,0,94,-47,23,0,3210
2025/09/09,21:00,3085,0,37,1277,460,187,0,458,1,288,0,0,0,251,0,94,-2,34,0,3085
2025/09/09,21:30,2995,0,37,1266,359,213,0,450,1,288,0,0,0,294,0,60,-2,29,0,2995
2025/09/09,22:00,2932,0,37,1272,330,215,0,434,1,288,0,0,0,297,0,44,-3,17,0,2932
2025/09/09,22:30,2846,0,37,1258,355,214,0,435,1,289,0,0,0,262,0,0,-3,-2,0,2846
2025/09/09,23:00,2791,0,32,1254,304,214,0,418,1,288,0,0,0,284,0,0,-2,-2,0,2791
2025/09/09,23:30,2723,0,33,1205,247,217,0,402,1,288,0,0,0,335,0,0,-2,-3,0,2723
2025/09/10,00:00,2632,0,33,1182,217,218,0,362,1,289,0,0,0,314,0,20,-3,-1,0,2632
2025/09/10,00:30,2586,0,33,1185,201,218,0,363,1,288,0,0,0,307,0,23,-2,-31,0,2586
2025/09/10,01:00,2540,0,33,1212,163,219,0,362,1,289,0,0,0,319,0,0,-12,-46,0,2540
2025/09/10,01:30,2526,0,33,1149,147,218,0,370,1,290,0,0,0,337,0,0,-3,-16,0,2526
2025/09/10,02:00,2586,0,33,1210,183,219,0,368,1,290,0,0,0,278,0,0,-3,7,0,2586
2025/09/10,02:30,2660,0,34,1251,280,219,0,363,1,289,0,0,0,222,0,0,-3,4,0,2660
2025/09/10,03:00,2721,0,34,1259,389,219,0,346,1,290,0,0,0,174,0,0,-2,11,0,2721
2025/09/10,03:30,2785,0,34,1278,461,218,0,353,1,290,0,0,0,142,0,0,-1,9,0,2785
2025/09/10,04:00,2810,0,34,1298,453,219,0,397,1,291,0,0,0,93,0,0,-3,27,0,2810
2025/09/10,04:30,2810,0,34,1292,464,219,0,420,1,290,0,0,0,90,0,0,-2,2,0,2810
2025/09/10,05:00,2737,0,34,1296,410,219,0,410,1,291,0,4,0,70,0,0,-5,7,0,2737
2025/09/10,05:30,2703,0,34,1281,320,219,0,369,1,290,0,108,0,81,0,0,-5,5,0,2703
2025/09/10,06:00,2861,0,34,1304,295,219,0,363,1,290,0,274,0,81,0,0,-5,5,0,2861
2025/09/10,06:30,2901,0,34,1256,241,218,0,372,1,290,0,452,0,64,0,0,-6,-21,0,2901
2025/09/10,07:00,3002,0,29,1214,174,218,0,369,1,288,0,671,0,58,0,0,-6,-14,0,3002
2025/09/10,07:30,3034,0,34,1078,163,218,0,357,1,288,0,862,0,67,0,0,-7,-27,0,3034
2025/09/10,08:00,3242,0,33,1042,166,211,0,357,1,288,0,1098,0,80,0,0,-4,-30,0,3242
2025/09/10,08:30,3436,0,12,1026,125,181,0,356,1,288,0,1327,0,126,0,0,2,-8,0,3436
2025/09/10,09:00,3615,0,11,1087,130,157,0,349,1,287,0,1479,0,133,0,0,0,-19,0,3615
2025/09/10,09:30,3683,0,11,1042,161,131,0,360,1,287,0,1567,0,144,0,0,-1,-20,0,3683
2025/09/10,10:00,3790,0,11,1051,198,121,0,342,1,287,0,1683,0,121,0,0,-1,-24,0,3790
2025/09/10,10:30,3846,0,11,1088,160,119,0,336,1,287,0,1729,0,135,0,0,0,-20,0,3846
2025/09/10,11:00,3953,0,11,1194,165,119,0,338,1,288,0,1730,0,129,0,0,-3,-19,0,3953
2025/09/10,11:30,3869,0,11,1145,160,119,0,336,1,289,0,1701,0,112,0,0,-4,-1,0,3869
2025/09/10,12:00,3743,0,11,1112,163,117,0,322,1,289,0,1629,0,102,0,0,-3,0,0,3743
2025/09/10,12:30,3735,0,11,1200,255,130,0,326,1,288,0,1432,0,96,0,0,0,-4,0,3735
2025/09/10,13:00,3855,0,11,1296,343,155,0,373,1,278,0,1301,0,87,0,12,-12,10,0,3855
2025/09/10,13:30,3843,0,11,1276,474,163,0,445,1,268,0,1050,0,48,0,95,-6,18,0,3843
2025/09/10,14:00,3787,0,31,1241,557,166,0,494,1,281,0,880,0,27,0,96,-9,22,0,3787
2025/09/10,14:30,3711,0,34,1255,551,179,0,521,1,289,0,714,0,28,0,96,-6,49,0,3711
2025/09/10,15:00,3679,0,34,1315,650,164,0,540,1,288,0,519,0,33,0,95,-7,47,0,3679
2025/09/10,15:30,3661,0,34,1302,734,182,0,581,1,288,0,366,0,34,0,115,-5,29,0,3661
2025/09/10,16:00,3652,0,34,1303,781,202,0,620,1,289,0,209,0,30,0,149,-7,41,0,3652
2025/09/10,16:30,3610,0,34,1298,779,202,0,661,1,289,0,90,0,34,0,178,-5,49,0,3610
2025/09/10,17:00,3573,0,34,1306,816,202,0,652,1,290,0,11,0,43,0,184,-8,42,0,3573
2025/09/10,17:30,3597,0,34,1293,755,202,0,668,1,289,0,4,0,78,0,227,-3,49,0,3597
2025/09/10,18:00,3625,0,37,1298,732,203,0,674,1,289,0,0,0,83,0,245,23,40,0,3625
2025/09/10,18:30,3569,0,38,1289,762,202,0,608,1,289,0,0,0,86,0,237,-6,63,0,3569
2025/09/10,19:00,3487,0,39,1295,761,188,0,593,1,289,0,0,0,73,0,213,-9,44,0,3487
2025/09/10,19:30,3375,0,39,1289,667,168,0,582,1,289,0,0,0,109,0,191,-9,49,0,3375
2025/09/10,20:00,3242,0,39,1288,656,169,0,580,1,288,0,0,0,117,0,104,-16,16,0,3242
2025/09/10,20:30,3164,0,39,1282,664,165,0,555,1,288,0,0,0,122,0,96,-50,2,0,3164
2025/09/10,21:00,3053,0,39,1277,603,180,0,555,1,288,0,0,0,114,0,15,-5,-14,0,3053
2025/09/10,21:30,2941,0,39,1268,480,211,0,531,1,289,0,0,0,121,0,0,-5,6,0,2941
2025/09/10,22:00,2854,0,39,1157,481,218,0,493,1,288,0,0,0,119,0,40,-5,23,0,2854
2025/09/10,22:30,2802,0,39,1084,469,218,0,487,1,288,0,0,0,116,0,86,-7,21,0,2802
2025/09/10,23:00,2778,0,34,1087,497,218,0,438,1,289,0,0,0,152,0,55,-5,12,0,2778
2025/09/10,23:30,2696,0,34,1111,445,218,0,391,1,290,0,0,0,170,0,21,-4,19,0,2696
2025/09/11,00:00,2613,0,34,1109,427,218,0,354,1,289,0,0,0,166,0,14,-5,6,0,2613
2025/09/11,00:30,2555,0,34,1102,391,218,0,353,1,289,0,0,0,158,0,0,-6,15,0,2555
2025/09/11,01:00,2508,0,34,1080,365,218,0,371,1,289,0,0,0,134,0,0,-1,17,0,2508
2025/09/11,01:30,2490,0,34,1068,386,218,0,383,1,289,0,0,0,92,0,0,-6,25,0,2490
2025/09/11,02:00,2533,0,34,1046,468,219,0,395,1,289,0,0,0,73,0,1,-5,12,0,2533
2025/09/11,02:30,2615,0,34,1044,491,218,0,430,1,290,0,0,0,80,0,22,-10,15,0,2615
2025/09/11,03:00,2673,0,34,1068,520,218,0,442,1,290,0,0,0,60,0,20,-4,24,0,2673
2025/09/11,03:30,2741,0,34,1065,558,218,0,457,1,290,0,0,0,68,0,25,-4,29,0,2741
2025/09/11,04:00,2767,0,34,1073,550,218,0,507,1,289,0,0,0,65,0,19,-3,14,0,2767
2025/09/11,04:30,2777,0,33,1070,535,218,0,522,1,290,0,0,0,73,0,19,-4,20,0,2777
2025/09/11,05:00,2743,0,33,1066,535,218,0,509,1,289,0,2,0,60,0,18,-4,16,0,2743
2025/09/11,05:30,2743,0,33,1055,438,218,0,489,1,290,0,100,0,89,0,18,-4,16,0,2743
2025/09/11,06:00,2850,0,33,1068,393,218,0,436,1,290,0,263,0,108,0,19,-4,25,0,2850
2025/09/11,06:30,2906,0,33,1044,319,218,0,418,1,288,0,453,0,106,0,18,-4,12,0,2906
2025/09/11,07:00,2994,0,34,986,285,218,0,388,1,289,0,697,0,93,0,16,-7,-6,0,2994
2025/09/11,07:30,3086,0,34,928,241,218,0,376,1,289,0,903,0,98,0,1,-10,7,0,3086
2025/09/11,08:00,3284,0,34,932,250,211,0,358,1,288,0,1100,0,89,0,0,-9,30,0,3284
2025/09/11,08:30,3486,0,34,957,268,180,0,350,1,289,0,1293,0,105,0,0,-9,18,0,3486
2025/09/11,09:00,3623,0,34,934,262,163,0,338,1,289,0,1415,0,178,0,0,-8,17,0,3623
2025/09/11,09:30,3659,0,34,912,231,152,0,344,1,290,0,1526,0,183,0,0,-8,-6,0,3659
2025/09/11,10:00,3672,0,13,939,243,147,0,327,1,288,0,1614,0,121,0,0,-8,-13,0,3672
2025/09/11,10:30,3728,0,11,931,303,145,0,306,1,288,0,1671,0,96,0,0,-7,-17,0,3728
2025/09/11,11:00,3809,0,11,955,336,145,0,293,1,291,0,1711,0,38,0,0,-6,34,0,3809
2025/09/11,11:30,3829,0,11,934,412,145,0,318,1,292,0,1729,0,28,0,0,-6,-35,0,3829
2025/09/11,12:00,3723,0,11,969,395,146,0,332,1,291,0,1695,0,21,0,0,-5,-133,0,3723
2025/09/11,12:30,3667,0,10,991,399,147,0,340,1,291,0,1603,0,41,0,0,-6,-150,0,3667
2025/09/11,13:00,3766,0,10,1002,442,158,0,375,1,278,0,1477,0,56,0,0,-5,-28,0,3766
2025/09/11,13:30,3760,0,10,1033,437,165,0,400,1,271,0,1331,0,98,0,0,-4,18,0,3760
2025/09/11,14:00,3722,0,30,1073,544,161,0,424,1,283,0,1087,0,114,0,0,-5,10,0,3722
2025/09/11,14:30,3696,0,33,1061,661,178,0,458,1,292,0,827,0,101,0,52,0,32,0,3696
2025/09/11,15:00,3636,0,37,1072,723,179,0,519,1,291,0,644,0,92,0,60,-3,21,0,3636
2025/09/11,15:30,3592,0,38,1051,767,180,0,604,1,291,0,450,0,91,0,100,-4,23,0,3592
2025/09/11,16:00,3605,0,38,1053,834,181,0,615,1,291,0,278,0,76,0,184,-6,60,0,3605
2025/09/11,16:30,3571,0,39,1040,882,182,0,635,1,291,0,127,0,79,0,225,17,53,0,3571
2025/09/11,17:00,3525,0,39,1053,885,182,0,655,1,291,0,22,0,78,0,255,3,61,0,3525
2025/09/11,17:30,3555,0,39,1056,909,182,0,672,1,292,0,2,0,79,0,263,7,53,0,3555
2025/09/11,18:00,3586,0,39,1079,915,177,0,677,1,290,0,0,0,77,0,260,6,65,0,3586
2025/09/11,18:30,3542,0,39,1082,887,167,0,671,1,290,0,0,0,87,0,269,4,45,0,3542
2025/09/11,19:00,3463,0,39,1089,882,159,0,650,1,291,0,0,0,55,0,264,-8,41,0,3463
2025/09/11,19:30,3347,0,39,1079,883,157,0,650,1,290,0,0,0,32,0,181,-7,42,0,3347
2025/09/11,20:00,3231,0,39,1082,857,179,0,649,1,291,0,0,0,14,0,111,-7,15,0,3231
2025/09/11,20:30,3139,0,39,1126,748,179,0,646,1,289,0,0,0,14,0,105,-23,15,0,3139
2025/09/11,21:00,3015,0,39,1117,774,192,0,502,1,291,0,0,0,5,0,58,-2,38,0,3015
2025/09/11,21:30,2911,0,39,1093,743,200,0,466,1,290,0,0,0,10,0,57,-5,17,0,2911
2025/09/11,22:00,2826,0,39,1096,621,200,0,456,1,290,0,0,0,9,0,95,-5,24,0,2826
2025/09/11,22:30,2768,0,39,1186,488,200,0,441,1,291,0,0,0,12,0,95,-5,20,0,2768
2025/09/11,23:00,2746,0,34,1326,363,200,0,435,1,290,0,0,0,11,0,78,-4,12,0,2746
2025/09/11,23:30,2662,0,34,1356,332,200,0,419,1,290,0,0,0,13,0,0,-5,22,0,2662
2025/09/12,00:00,2574,0,34,1342,277,200,0,388,1,290,0,0,0,12,0,3,7,20,0,2574
2025/09/12,00:30,2480,0,34,1326,202,201,0,371,1,291,0,0,0,16,0,17,5,16,0,2480
2025/09/12,01:00,2462,0,34,1317,235,201,0,362,1,290,0,0,0,12,0,0,-3,13,0,2462
2025/09/12,01:30,2484,0,34,1328,233,200,0,368,1,291,0,0,0,15,0,0,4,10,0,2484
2025/09/12,02:00,2511,0,34,1333,258,200,0,376,1,290,0,0,0,12,0,0,4,3,0,2511
2025/09/12,02:30,2573,0,34,1335,291,200,0,395,1,290,0,0,0,22,0,0,1,4,0,2573
2025/09/12,03:00,2623,0,34,1342,268,201,0,411,1,290,0,0,0,23,0,54,-14,13,0,2623
2025/09/12,03:30,2701,0,34,1336,270,200,0,444,1,290,0,0,0,27,0,95,-8,12,0,2701
2025/09/12,04:00,2728,0,33,1325,288,201,0,491,1,289,0,0,0,32,0,58,-9,19,0,2728
2025/09/12,04:30,2752,0,34,1337,264,200,0,492,1,290,0,0,0,45,0,93,-9,5,0,2752
2025/09/12,05:00,2709,0,34,1347,270,200,0,421,1,290,0,3,0,46,0,95,-9,11,0,2709
2025/09/12,05:30,2679,0,34,1356,184,200,0,404,1,289,0,123,0,54,0,31,-7,10,0,2679
2025/09/12,06:00,2775,0,34,1342,165,200,0,394,1,289,0,358,0,41,0,16,-9,-56,0,2775
2025/09/12,06:30,2809,0,34,1266,139,200,0,391,1,289,0,608,0,39,0,9,-8,-159,0,2809
2025/09/12,07:00,2903,0,34,1093,115,200,0,332,1,289,0,877,0,30,0,0,-8,-60,0,2903
2025/09/12,07:30,3013,0,34,1086,116,200,0,322,1,288,0,1139,0,34,0,-158,-8,-41,0,3013
2025/09/12,08:00,3185,0,38,1125,129,193,0,305,1,288,0,1365,0,29,0,-234,-6,-48,0,3185
2025/09/12,08:30,3387,0,39,1137,130,162,0,298,1,287,0,1588,0,38,0,-234,-7,-52,0,3387
2025/09/12,09:00,3544,0,39,1216,127,146,0,283,1,287,0,1766,0,27,0,-235,-8,-105,0,3544
2025/09/12,09:30,3626,0,39,1191,127,145,0,287,1,287,0,1897,0,32,0,-233,-7,-140,0,3626
2025/09/12,10:00,3692,0,39,1229,134,145,0,269,1,286,0,1946,0,23,0,-232,-6,-142,0,3692
2025/09/12,10:30,3752,0,39,1283,224,145,0,268,1,287,0,1965,0,24,0,-208,-4,-272,0,3752
2025/09/12,11:00,3801,0,39,1249,183,145,0,247,1,288,0,1967,0,23,0,-99,-5,-237,0,3801
2025/09/12,11:30,3753,0,39,1252,151,145,0,244,1,289,0,1951,0,28,0,-133,-5,-209,0,3753
2025/09/12,12:00,3660,0,39,1276,157,147,0,256,1,288,0,1915,0,30,0,-133,-6,-310,0,3660
2025/09/12,12:30,3598,0,39,1245,126,156,0,258,1,289,0,1847,0,45,0,-125,-5,-278,0,3598
2025/09/12,13:00,3729,0,39,1256,136,170,0,299,1,274,0,1725,0,49,0,-71,-4,-145,0,3729
2025/09/12,13:30,3685,0,39,1181,138,187,0,329,1,267,0,1553,0,61,0,17,-5,-83,0,3685
2025/09/12,14:00,3600,0,38,1218,171,166,0,353,1,280,0,1322,0,65,0,7,-5,-16,0,3600
2025/09/12,14:30,3580,0,38,1257,248,164,0,372,1,288,0,1126,0,76,0,0,-6,16,0,3580
2025/09/12,15:00,3507,0,38,1269,275,181,0,433,1,288,0,877,0,89,0,52,-5,9,0,3507
2025/09/12,15:30,3527,0,38,1334,306,194,0,518,1,288,0,616,0,101,0,96,-4,39,0,3527
2025/09/12,16:00,3565,0,38,1366,493,198,0,587,1,288,0,356,0,97,0,96,-5,50,0,3565
2025/09/12,16:30,3561,0,38,1348,526,200,0,631,1,288,0,153,0,105,0,208,14,49,0,3561
2025/09/12,17:00,3520,0,38,1372,556,200,0,645,1,288,0,21,0,110,0,250,-4,43,0,3520
2025/09/12,17:30,3524,0,38,1353,541,199,0,657,1,289,0,4,0,128,0,273,-5,46,0,3524
2025/09/12,18:00,3565,0,38,1366,541,200,0,674,1,288,0,0,0,138,0,276,-3,46,0,3565
2025/09/12,18:30,3505,0,38,1357,476,200,0,676,1,287,0,1,0,148,0,268,25,28,0,3505
2025/09/12,19:00,3425,0,38,1369,495,200,0,675,1,286,0,0,0,163,0,179,-5,24,0,3425
2025/09/12,19:30,3327,0,38,1362,446,199,0,678,1,288,0,0,0,195,0,95,-4,29,0,3327
2025/09/12,20:00,3205,0,39,1363,320,199,0,697,1,287,0,0,0,200,0,105,-17,11,0,3205
2025/09/12,20:30,3117,0,39,1362,253,199,0,691,1,287,0,0,0,193,0,114,-51,29,0,3117
2025/09/12,21:00,3003,0,39,1363,255,211,0,523,1,289,0,0,0,197,0,115,-5,15,0,3003
2025/09/12,21:30,2933,0,39,1356,247,218,0,460,1,287,0,0,0,232,0,108,-4,-11,0,2933
2025/09/12,22:00,2830,0,39,1359,193,218,0,437,1,288,0,0,0,210,0,86,-2,1,0,2830
2025/09/12,22:30,2754,0,38,1353,150,218,0,434,1,289,0,0,0,218,0,36,-4,21,0,2754
2025/09/12,23:00,2769,0,33,1322,177,219,0,427,1,288,0,0,0,259,0,25,9,9,0,2769
2025/09/12,23:30,2665,0,33,1210,170,218,0,414,1,288,0,0,0,337,0,17,4,-27,0,2665
2025/09/13,00:00,2589,0,33,1121,220,219,0,357,1,288,0,0,0,370,0,20,-8,-32,0,2589
2025/09/13,00:30,2479,0,33,1043,213,219,0,347,1,288,0,0,0,410,0,0,-8,-67,0,2479
2025/09/13,01:00,2498,0,33,1062,216,218,0,351,1,289,0,0,0,406,0,0,-15,-63,0,2498
2025/09/13,01:30,2472,0,33,1079,203,218,0,356,1,289,0,0,0,426,0,0,-6,-127,0,2472
2025/09/13,02:00,2508,0,33,1085,222,218,0,363,1,288,0,0,0,428,0,0,-6,-124,0,2508
2025/09/13,02:30,2546,0,33,1094,192,218,0,379,1,289,0,0,0,465,0,0,-6,-119,0,2546
2025/09/13,03:00,2652,0,33,1062,171,218,0,379,1,289,0,0,0,526,0,0,-5,-22,0,2652
2025/09/13,03:30,2708,0,33,1041,166,218,0,418,1,289,0,0,0,565,0,0,-4,-19,0,2708
2025/09/13,04:00,2750,0,33,1041,166,217,0,441,1,289,0,0,0,574,0,0,-4,-8,0,2750
2025/09/13,04:30,2742,0,33,1036,166,217,0,446,1,289,0,0,0,579,0,0,-3,-22,0,2742
2025/09/13,05:00,2654,0,33,996,166,217,0,433,1,289,0,2,0,561,0,0,-9,-35,0,2654
2025/09/13,05:30,2604,0,33,1005,166,216,0,389,1,289,0,104,0,547,0,0,-9,-137,0,2604
2025/09/13,06:00,2645,0,33,989,167,219,0,391,1,289,0,245,0,517,0,0,2,-208,0,2645
2025/09/13,06:30,2649,0,32,961,167,224,0,377,1,289,0,386,0,497,0,0,-4,-281,0,2649
2025/09/13,07:00,2728,0,31,953,165,227,0,376,1,288,0,532,0,474,0,0,-5,-314,0,2728
2025/09/13,07:30,2740,0,32,834,130,234,0,370,1,288,0,687,0,494,0,0,-21,-309,0,2740
2025/09/13,08:00,2839,0,32,1063,113,234,0,365,1,288,0,796,0,491,0,-201,-5,-338,0,2839
2025/09/13,08:30,2955,0,32,954,113,234,0,373,1,287,0,985,0,555,0,-233,-5,-341,0,2955
2025/09/13,09:00,3021,0,32,943,120,234,0,343,1,288,0,1089,0,561,0,-233,-5,-352,0,3021
2025/09/13,09:30,3085,0,32,935,119,234,0,337,1,289,0,1112,0,590,0,-221,-4,-339,0,3085
2025/09/13,10:00,3254,0,32,1003,119,234,0,334,1,288,0,1190,0,525,0,-114,-4,-354,0,3254
2025/09/13,10:30,3276,0,32,972,163,234,0,306,1,288,0,1176,0,478,0,0,-5,-369,0,3276
2025/09/13,11:00,3291,0,32,1069,171,233,0,300,1,289,0,1054,0,494,0,0,-3,-349,0,3291
2025/09/13,11:30,3235,0,32,1065,180,234,0,287,1,289,0,1003,0,485,0,0,-4,-337,0,3235
2025/09/13,12:00,3192,0,32,1152,179,234,0,272,1,289,0,951,0,446,0,0,-4,-360,0,3192
2025/09/13,12:30,3180,0,31,1192,216,234,0,267,1,289,0,853,0,435,0,0,-4,-334,0,3180
2025/09/13,13:00,3237,0,32,1221,234,234,0,302,1,280,0,709,0,405,0,13,-3,-191,0,3237
2025/09/13,13:30,3219,0,32,1220,260,234,0,370,1,268,0,546,0,385,0,27,-5,-119,0,3219
2025/09/13,14:00,3177,0,32,1226,243,234,0,391,1,274,0,426,0,356,0,3,-4,-5,0,3177
2025/09/13,14:30,3141,0,32,1196,245,234,0,406,1,288,0,327,0,394,0,0,-5,23,0,3141
2025/09/13,15:00,3109,0,32,1247,225,234,0,434,1,288,0,222,0,410,0,0,5,11,0,3109
2025/09/13,15:30,3123,0,32,1267,196,234,0,471,1,288,0,142,0,416,0,43,12,21,0,3123
2025/09/13,16:00,3134,0,32,1268,176,233,0,522,1,289,0,72,0,416,0,94,11,20,0,3134
2025/09/13,16:30,3146,0,32,1286,175,234,0,547,1,289,0,30,0,435,0,94,-4,27,0,3146
2025/09/13,17:00,3169,0,33,1304,186,234,0,563,1,290,0,3,0,425,0,94,-4,40,0,3169
2025/09/13,17:30,3241,0,32,1322,192,234,0,588,1,290,0,0,0,416,0,131,-1,36,0,3241
2025/09/13,18:00,3245,0,33,1267,160,236,0,579,1,289,0,0,0,418,0,239,30,-7,0,3245
2025/09/13,18:30,3199,0,33,1177,161,236,0,580,1,290,0,0,0,446,0,273,-1,3,0,3199
2025/09/13,19:00,3147,0,33,1190,161,236,0,575,1,291,0,0,0,436,0,212,-5,17,0,3147
2025/09/13,19:30,3091,0,32,1145,161,235,0,568,1,291,0,0,0,458,0,209,-5,-4,0,3091
2025/09/13,20:00,3004,0,33,1165,160,235,0,566,1,291,0,0,0,455,0,119,-5,-16,0,3004
2025/09/13,20:30,2944,0,33,1124,166,235,0,554,1,290,0,0,0,445,0,117,-4,-17,0,2944
2025/09/13,21:00,2859,0,32,1078,166,235,0,542,1,290,0,0,0,429,0,115,-5,-24,0,2859
2025/09/13,21:30,2797,0,32,1044,165,233,0,542,1,290,0,0,0,451,0,97,-5,-53,0,2797
2025/09/13,22:00,2752,0,31,1069,161,233,0,548,1,290,0,0,0,456,0,98,-4,-131,0,2752
2025/09/13,22:30,2700,0,30,1062,159,233,0,565,1,289,0,0,0,460,0,94,-6,-187,0,2700
2025/09/13,23:00,2684,0,29,1058,159,234,0,584,1,290,0,0,0,574,0,41,-5,-281,0,2684
2025/09/13,23:30,2626,0,30,946,156,233,0,583,1,290,0,0,0,666,0,18,-5,-292,0,2626
2025/09/14,00:00,2577,0,25,851,111,236,0,606,1,290,0,0,0,735,0,12,-5,-285,0,2577
2025/09/14,00:30,2503,0,24,747,106,235,0,624,1,290,0,0,0,803,0,-27,-5,-295,0,2503
2025/09/14,01:00,2495,0,25,918,106,235,0,647,1,291,0,0,0,809,0,-220,-49,-268,0,2495
2025/09/14,01:30,2503,0,25,881,106,236,0,663,1,290,0,0,0,843,0,-227,-43,-272,0,2503
2025/09/14,02:00,2541,0,25,799,106,235,0,688,1,291,0,0,0,870,0,-206,-1,-267,0,2541
2025/09/14,02:30,2601,0,24,776,106,235,0,706,1,291,0,0,0,876,0,-147,-1,-266,0,2601
2025/09/14,03:00,2627,0,24,769,106,235,0,712,1,291,0,0,0,877,0,-89,0,-299,0,2627
2025/09/14,03:30,2709,0,24,854,115,235,0,702,1,290,0,0,0,851,0,-85,0,-278,0,2709
2025/09/14,04:00,2742,0,24,832,172,233,0,710,1,290,0,0,0,859,0,-84,-1,-294,0,2742
2025/09/14,04:30,2740,0,24,612,222,233,0,705,1,290,0,0,0,882,0,65,0,-294,0,2740
2025/09/14,05:00,2693,0,24,511,159,233,0,694,1,291,0,2,0,888,0,196,-2,-304,0,2693
2025/09/14,05:30,2649,0,24,505,157,233,0,693,1,289,0,107,0,910,0,45,-2,-313,0,2649
2025/09/14,06:00,2695,0,24,521,112,233,0,689,1,287,0,286,0,861,0,-5,-3,-311,0,2695
2025/09/14,06:30,2649,0,24,520,130,218,0,689,1,277,0,465,43,532,274,93,2,-302,0,2649
2025/09/14,07:00,2632,0,23,441,173,185,0,694,1,258,0,631,103,451,315,105,-3,-327,0,2632
2025/09/14,07:30,2730,0,10,463,175,163,0,706,1,242,0,797,136,449,312,42,-4,-314,0,2730
2025/09/14,08:00,2772,0,9,529,243,130,0,733,1,210,0,889,161,454,188,-114,-6,-306,0,2772
2025/09/14,08:30,2910,0,9,519,325,116,0,715,1,197,89,1070,112,463,196,-190,-3,-312,0,2910
2025/09/14,09:00,2963,0,9,456,200,117,0,706,1,198,89,1250,94,588,39,-207,-10,-345,0,2963
2025/09/14,09:30,2987,0,9,357,178,116,0,715,1,199,89,1348,101,474,203,-58,-5,-347,0,2987
2025/09/14,10:00,2996,0,9,341,178,116,0,725,1,199,89,1435,77,580,19,-231,-3,-354,0,2996
2025/09/14,10:30,2988,0,9,381,184,116,0,734,1,199,89,1514,81,527,18,-304,-13,-360,0,2988
2025/09/14,11:00,3003,0,9,532,224,116,0,731,1,199,89,1469,86,346,132,-291,-2,-331,0,3003
2025/09/14,11:30,3009,0,9,520,216,116,0,732,1,198,89,1425,115,321,131,-197,-2,-330,0,3009
2025/09/14,12:00,2983,0,9,463,196,116,0,717,1,199,89,1413,78,364,17,-179,-4,-312,0,2983
2025/09/14,12:30,2923,0,9,394,200,116,0,719,1,198,89,1478,0,392,0,-242,-6,-336,0,2923
2025/09/14,13:00,2836,0,9,461,201,116,0,701,1,198,77,1401,0,381,0,-305,-9,-319,0,2836
2025/09/14,13:30,2768,0,9,449,206,116,0,702,1,198,66,1324,0,379,0,-298,-7,-311,0,2768
2025/09/14,14:00,2710,0,23,474,210,140,0,702,1,218,0,1185,0,373,0,-282,-7,-327,0,2710
2025/09/14,14:30,2716,0,25,537,228,185,0,700,1,246,0,1035,0,360,0,-273,-6,-322,0,2716
2025/09/14,15:00,2716,0,25,618,240,225,0,701,1,261,0,828,0,303,0,-180,-3,-303,0,2716
2025/09/14,15:30,2744,0,26,642,257,233,0,708,1,275,0,605,0,255,0,20,-2,-276,0,2744
2025/09/14,16:00,2811,0,26,779,244,233,0,697,1,283,0,382,0,198,0,262,-4,-290,0,2811
2025/09/14,16:30,2905,0,26,1056,252,234,0,703,1,285,0,177,0,186,0,284,-15,-284,0,2905
2025/09/14,17:00,2964,0,26,1078,292,235,0,712,1,287,0,27,0,163,0,277,-16,-118,0,2964
2025/09/14,17:30,3056,0,26,1060,309,235,0,719,1,287,0,3,0,154,0,270,-6,-2,0,3056
2025/09/14,18:00,3141,0,26,1097,230,237,0,744,1,286,0,0,0,145,0,366,-8,17,0,3141
2025/09/14,18:30,3123,0,26,1103,197,237,0,751,1,287,0,0,0,144,0,406,-7,-22,0,3123
2025/09/14,19:00,3054,0,26,1166,186,237,0,757,1,288,0,0,0,80,0,355,-6,-36,0,3054
2025/09/14,19:30,2976,0,26,1167,184,235,0,759,1,287,0,0,0,52,0,311,-6,-40,0,2976
2025/09/14,20:00,2881,0,26,1124,183,235,0,757,1,287,0,0,0,61,0,245,-7,-31,0,2881
2025/09/14,20:30,2799,0,26,1075,183,235,0,749,1,287,0,0,0,73,0,211,-6,-35,0,2799
2025/09/14,21:00,2716,0,26,1040,180,235,0,734,1,287,0,0,0,77,0,209,-6,-67,0,2716
2025/09/14,21:30,2644,0,26,1046,180,233,0,733,1,287,0,0,0,85,0,209,-6,-150,0,2644
2025/09/14,22:00,2563,0,26,1004,181,234,0,713,1,286,0,0,0,95,0,207,-5,-179,0,2563
2025/09/14,22:30,2485,0,26,1024,182,233,0,720,1,287,0,0,0,104,0,212,-5,-299,0,2485
2025/09/14,23:00,2453,0,26,964,178,233,0,720,1,287,0,0,0,147,0,202,-5,-300,0,2453
2025/09/14,23:30,2377,0,26,816,135,234,0,720,1,288,0,0,0,245,0,213,-6,-295,0,2377
2025/09/15,00:00,2337,0,33,836,130,233,0,692,1,287,0,0,0,292,0,126,-5,-288,0,2337
2025/09/15,00:30,2265,0,33,697,131,233,0,689,1,288,0,0,0,355,0,115,-5,-272,0,2265
2025/09/15,01:00,2233,0,33,656,131,233,0,683,1,287,0,0,0,373,0,118,-7,-275,0,2233
2025/09/15,01:30,2231,0,33,652,129,233,0,689,1,288,0,0,0,438,0,62,0,-294,0,2231
2025/09/15,02:00,2274,0,33,656,126,234,0,686,1,287,0,0,0,445,0,107,-1,-300,0,2274
2025/09/15,02:30,2358,0,32,702,126,234,0,678,1,287,0,0,0,442,0,113,0,-257,0,2358
2025/09/15,03:00,2442,0,33,760,126,234,0,671,1,287,0,0,0,412,0,198,0,-280,0,2442
2025/09/15,03:30,2498,0,33,819,125,233,0,673,1,287,0,0,0,405,0,217,0,-295,0,2498
2025/09/15,04:00,2532,0,33,786,140,234,0,725,1,288,0,0,0,427,0,213,0,-315,0,2532
2025/09/15,04:30,2534,0,33,696,225,234,0,728,1,289,0,0,0,407,0,216,-1,-294,0,2534
2025/09/15,05:00,2487,0,33,664,212,233,0,727,1,289,0,2,0,430,0,209,-3,-310,0,2487
2025/09/15,05:30,2453,0,33,584,181,233,0,671,1,288,0,117,0,440,0,187,-3,-279,0,2453
2025/09/15,06:00,2516,0,33,578,210,234,0,654,1,289,0,362,0,429,0,27,-3,-298,0,2516
2025/09/15,06:30,2490,0,33,532,186,217,0,652,1,288,0,625,0,377,0,-110,-3,-308,0,2490
2025/09/15,07:00,2552,0,12,534,177,169,0,650,1,288,0,900,0,373,0,-235,-3,-314,0,2552
2025/09/15,07:30,2628,0,11,454,176,130,0,651,1,288,0,1171,0,377,0,-314,-10,-307,0,2628
2025/09/15,08:00,2760,0,11,490,121,119,0,656,1,289,0,1345,0,389,0,-334,-4,-323,0,2760
2025/09/15,08:30,2888,0,11,419,118,130,0,649,1,288,0,1537,0,405,0,-335,-3,-332,0,2888
2025/09/15,09:00,2998,0,11,409,117,135,0,648,1,288,0,1681,0,408,0,-338,-4,-358,0,2998
2025/09/15,09:30,3048,0,11,344,114,134,0,655,1,288,0,1779,0,417,0,-339,-6,-350,0,3048
2025/09/15,10:00,3082,0,11,325,112,134,0,655,1,288,0,1816,0,461,0,-335,-16,-370,0,3082
2025/09/15,10:30,3182,0,10,355,111,134,0,656,1,288,0,1868,0,479,0,-335,-16,-369,0,3182
2025/09/15,11:00,3207,0,10,390,113,134,0,639,1,288,0,1885,0,454,0,-333,-16,-358,0,3207
2025/09/15,11:30,3205,0,11,424,113,134,0,634,1,287,0,1840,0,486,0,-335,-16,-374,0,3205
2025/09/15,12:00,3171,0,11,446,114,135,0,630,1,288,0,1777,0,501,0,-334,-14,-384,0,3171
2025/09/15,12:30,3117,0,11,458,113,134,0,628,1,288,0,1696,0,506,0,-334,-3,-381,0,3117
2025/09/15,13:00,3144,0,11,526,111,134,0,619,1,278,0,1583,0,501,0,-262,-3,-355,0,3144
2025/09/15,13:30,3120,0,34,575,157,149,0,608,1,267,0,1403,0,525,0,-233,-3,-363,0,3120
2025/09/15,14:00,3109,0,36,677,198,172,0,604,1,276,0,1220,0,524,0,-235,-4,-360,0,3109
2025/09/15,14:30,3093,0,36,722,286,194,0,604,1,288,0,1002,0,546,0,-225,-4,-357,0,3093
2025/09/15,15:00,3078,0,36,743,293,226,0,606,1,288,0,761,0,556,0,-176,-1,-255,0,3078
2025/09/15,15:30,3090,0,35,938,270,233,0,613,1,288,0,515,0,532,0,-53,-1,-281,0,3090
2025/09/15,16:00,3119,0,35,1026,218,233,0,657,1,288,0,288,0,538,0,94,-4,-255,0,3119
2025/09/15,16:30,3157,0,28,1196,260,234,0,673,1,288,0,126,0,568,0,94,-5,-306,0,3157
2025/09/15,17:00,3230,0,27,1310,298,234,0,710,1,289,0,28,0,576,0,117,-5,-355,0,3230
2025/09/15,17:30,3310,0,28,1328,293,234,0,723,1,290,0,18,0,586,0,154,-5,-340,0,3310
2025/09/15,18:00,3380,0,29,1347,334,236,0,717,1,290,0,16,0,584,0,153,-6,-321,0,3380
2025/09/15,18:30,3350,0,29,1347,355,237,0,717,1,291,0,16,0,584,0,118,-5,-340,0,3350
2025/09/15,19:00,3298,0,29,1357,344,236,0,657,1,290,0,6,0,611,0,93,-6,-320,0,3298
2025/09/15,19:30,3226,0,30,1343,299,235,0,659,1,291,0,0,0,596,0,93,-6,-315,0,3226
2025/09/15,20:00,3128,0,30,1341,282,236,0,656,1,290,0,0,0,573,0,95,-6,-370,0,3128
2025/09/15,20:30,3052,0,30,1296,223,236,0,640,1,290,0,0,0,578,0,95,-5,-332,0,3052
2025/09/15,21:00,2969,0,30,1254,197,235,0,641,1,290,0,0,0,577,0,95,-5,-346,0,2969
2025/09/15,21:30,2873,0,30,1150,196,234,0,642,1,290,0,0,0,579,0,95,-5,-339,0,2873
2025/09/15,22:00,2803,0,31,1012,160,234,0,633,1,289,0,0,0,571,0,186,-6,-308,0,2803
2025/09/15,22:30,2711,0,30,937,143,233,0,615,1,290,0,0,0,586,0,197,-5,-316,0,2711
2025/09/15,23:00,2686,0,25,983,143,233,0,614,1,290,0,0,0,599,0,116,-5,-313,0,2686
2025/09/15,23:30,2592,0,25,891,144,234,0,612,1,290,0,0,0,608,0,116,-5,-324,0,2592
2025/09/16,00:00,2518,0,26,830,137,233,0,600,1,290,0,0,0,595,0,116,-4,-306,0,2518
2025/09/16,00:30,2466,0,26,799,95,234,0,594,1,290,0,0,0,611,0,117,-5,-296,0,2466
2025/09/16,01:00,2438,0,26,794,95,233,0,584,1,290,0,0,0,600,0,116,-14,-287,0,2438
2025/09/16,01:30,2434,0,26,812,95,234,0,586,1,290,0,0,0,554,0,119,-5,-278,0,2434
2025/09/16,02:00,2433,0,26,864,94,234,0,596,1,289,0,0,0,497,0,121,-6,-283,0,2433
2025/09/16,02:30,2537,0,26,943,95,234,0,597,1,291,0,0,0,513,0,119,-4,-278,0,2537
2025/09/16,03:00,2624,0,26,1025,97,234,0,602,1,290,0,0,0,466,0,207,-2,-322,0,2624
2025/09/16,03:30,2690,0,26,990,140,232,0,621,1,289,0,0,0,473,0,235,-2,-315,0,2690
2025/09/16,04:00,2700,0,26,947,143,232,0,668,1,289,0,0,0,482,0,230,-6,-312,0,2700
2025/09/16,04:30,2728,0,26,934,143,232,0,674,1,288,0,0,0,530,0,226,-8,-318,0,2728
2025/09/16,05:00,2677,0,26,920,143,234,0,669,1,288,0,2,0,481,0,227,-7,-307,0,2677
2025/09/16,05:30,2661,0,26,923,143,234,0,625,1,287,0,120,0,462,0,162,-5,-317,0,2661
2025/09/16,06:00,2761,0,26,842,143,234,0,607,1,288,0,370,0,463,0,121,-4,-330,0,2761
2025/09/16,06:30,2793,0,26,791,146,234,0,581,1,289,0,641,0,417,0,10,-5,-338,0,2793
2025/09/16,07:00,2889,0,25,708,148,220,0,580,1,288,0,928,0,407,0,-48,-6,-362,0,2889
2025/09/16,07:30,3121,0,25,848,158,195,0,568,1,288,0,1204,0,404,0,-231,-8,-331,0,3121
2025/09/16,08:00,3291,0,24,883,159,186,0,571,1,288,0,1403,0,410,0,-234,-5,-395,0,3291
2025/09/16,08:30,3455,0,25,804,157,188,0,560,1,287,0,1613,0,424,0,-234,-4,-366,0,3455
2025/09/16,09:00,3594,0,24,862,160,188,0,560,1,286,0,1748,0,430,0,-235,-5,-425,0,3594
2025/09/16,09:30,3670,0,25,699,156,187,0,555,1,287,0,1881,0,451,0,-234,-5,-333,0,3670
2025/09/16,10:00,3725,0,24,732,110,186,0,547,1,287,0,1943,0,465,0,-234,-5,-331,0,3725
2025/09/16,10:30,3775,0,24,732,109,188,0,546,1,288,0,1979,0,483,0,-234,-4,-337,0,3775
2025/09/16,11:00,3799,0,24,813,109,188,0,508,1,286,0,1984,0,446,0,-231,-5,-324,0,3799
2025/09/16,11:30,3769,0,24,810,109,188,0,501,1,287,0,1972,0,462,0,-234,-5,-346,0,3769
2025/09/16,12:00,3615,0,25,785,110,188,0,482,1,287,0,1930,0,472,0,-307,-4,-354,0,3615
2025/09/16,12:30,3577,0,24,808,110,188,0,475,1,287,0,1853,0,489,0,-317,-5,-336,0,3577
2025/09/16,13:00,3658,0,24,944,110,187,0,490,1,276,0,1731,0,488,0,-207,-6,-380,0,3658
2025/09/16,13:30,3642,0,24,841,106,202,0,503,1,266,0,1554,0,516,0,17,-4,-384,0,3642
2025/09/16,14:00,3584,0,24,875,121,227,0,518,1,278,0,1344,0,534,0,58,-3,-393,0,3584
2025/09/16,14:30,3584,0,24,940,173,233,0,514,1,285,0,1131,0,556,0,59,-4,-328,0,3584
2025/09/16,15:00,3574,0,24,1155,212,233,0,543,1,287,0,873,0,519,0,65,-4,-334,0,3574
2025/09/16,15:30,3570,0,25,1288,245,233,0,633,1,287,0,614,0,477,0,96,-3,-326,0,3570
2025/09/16,16:00,3598,0,24,1357,409,233,0,682,1,287,0,360,0,475,0,96,23,-349,0,3598
2025/09/16,16:30,3594,0,24,1334,548,235,0,703,1,287,0,149,0,494,0,186,-4,-363,0,3594
2025/09/16,17:00,3563,0,25,1344,502,234,0,711,1,287,0,14,0,499,0,273,-5,-322,0,3563
2025/09/16,17:30,3585,0,24,1346,535,236,0,721,1,288,0,1,0,495,0,271,-5,-328,0,3585
2025/09/16,18:00,3602,0,29,1353,565,236,0,714,1,286,0,0,0,485,0,268,-5,-330,0,3602
2025/09/16,18:30,3524,0,30,1344,579,236,0,714,1,286,0,0,0,477,0,181,-5,-319,0,3524
2025/09/16,19:00,3450,0,30,1356,517,237,0,672,1,287,0,0,0,499,0,187,-5,-331,0,3450
2025/09/16,19:30,3340,0,30,1349,493,234,0,662,1,287,0,0,0,473,0,167,-5,-351,0,3340
2025/09/16,20:00,3204,0,30,1347,437,235,0,651,1,287,0,0,0,462,0,95,-5,-336,0,3204
2025/09/16,20:30,3120,0,29,1319,262,235,0,641,1,287,0,0,0,480,0,94,-12,-216,0,3120
2025/09/16,21:00,3013,0,30,1337,190,235,0,588,1,287,0,0,0,476,0,94,-5,-220,0,3013
2025/09/16,21:30,2903,0,30,1317,207,233,0,561,1,287,0,0,0,469,0,94,-4,-292,0,2903
2025/09/16,22:00,2864,0,30,1305,154,234,0,544,1,287,0,0,0,457,0,94,-5,-237,0,2864
2025/09/16,22:30,2780,0,30,1256,161,234,0,537,1,287,0,0,0,456,0,91,-5,-268,0,2780
2025/09/16,23:00,2734,0,25,1196,156,234,0,536,1,287,0,0,0,482,0,90,-5,-268,0,2734
2025/09/16,23:30,2676,0,25,1151,150,234,0,535,1,288,0,0,0,515,0,69,-3,-289,0,2676
2025/09/17,00:00,2583,0,32,1116,150,234,0,511,1,287,0,0,0,515,0,0,19,-282,0,2583
2025/09/17,00:30,2531,0,33,1095,148,234,0,503,1,288,0,0,0,519,0,0,-6,-284,0,2531
2025/09/17,01:00,2481,0,33,1060,148,234,0,492,1,287,0,0,0,530,0,0,-37,-267,0,2481
2025/09/17,01:30,2469,0,33,981,148,234,0,501,1,287,0,0,0,555,0,0,-4,-267,0,2469
2025/09/17,02:00,2510,0,33,1012,148,234,0,517,1,287,0,0,0,556,0,0,-5,-273,0,2510
2025/09/17,02:30,2612,0,33,1091,148,234,0,535,1,287,0,0,0,551,0,0,-2,-266,0,2612
2025/09/17,03:00,2681,0,33,1164,154,235,0,535,1,287,0,0,0,556,0,0,-4,-280,0,2681
2025/09/17,03:30,2723,0,33,1166,155,234,0,529,1,289,0,0,0,565,0,0,-4,-245,0,2723
2025/09/17,04:00,2748,0,33,1182,162,234,0,544,1,289,0,0,0,488,0,0,-3,-182,0,2748
2025/09/17,04:30,2772,0,33,1183,238,234,0,558,1,289,0,0,0,417,0,0,-5,-176,0,2772
2025/09/17,05:00,2754,0,33,1200,347,234,0,506,1,289,0,1,0,316,0,0,-4,-169,0,2754
2025/09/17,05:30,2776,0,33,1194,361,235,0,509,1,288,0,82,0,245,0,0,-4,-168,0,2776
2025/09/17,06:00,2859,0,34,1206,305,234,0,435,1,289,0,185,0,263,0,0,15,-108,0,2859
2025/09/17,06:30,3003,0,34,1194,310,234,0,437,1,289,0,282,0,287,0,0,-2,-63,0,3003
2025/09/17,07:00,3141,0,33,1208,324,238,0,451,1,288,0,366,0,255,0,0,-4,-19,0,3141
2025/09/17,07:30,3221,0,34,1193,319,239,0,457,1,289,0,434,0,263,0,0,-41,33,0,3221
2025/09/17,08:00,3389,0,34,1216,416,238,0,438,1,288,0,495,0,251,0,0,-6,18,0,3389
2025/09/17,08:30,3615,0,33,1230,504,238,0,429,1,287,0,576,0,289,0,0,-5,33,0,3615
2025/09/17,09:00,3668,0,32,1223,398,238,0,451,1,285,0,680,0,344,0,0,-5,21,0,3668
2025/09/17,09:30,3668,0,31,1148,224,238,0,450,1,286,0,800,0,459,0,0,-6,37,0,3668
2025/09/17,10:00,3630,0,32,1074,165,238,0,451,1,286,0,860,0,516,0,0,-5,12,0,3630
2025/09/17,10:30,3598,0,32,945,157,237,0,457,1,285,0,969,0,519,0,0,-3,-1,0,3598
2025/09/17,11:00,3544,0,32,859,166,238,0,458,1,287,0,1096,0,469,0,-27,-7,-28,0,3544
2025/09/17,11:30,3460,0,32,901,167,238,0,452,1,287,0,1178,0,479,0,-205,-1,-69,0,3460
2025/09/17,12:00,3374,0,31,881,154,237,0,432,1,288,0,1259,0,478,0,-199,-5,-183,0,3374
2025/09/17,12:30,3416,0,32,930,110,236,0,433,1,289,0,1275,0,475,0,-181,-1,-183,0,3416
2025/09/17,13:00,3535,0,32,958,104,236,0,443,1,278,0,1218,0,450,0,-114,-6,-65,0,3535
2025/09/17,13:30,3545,0,32,829,100,236,0,455,1,267,0,1065,0,509,0,63,-4,-8,0,3545
2025/09/17,14:00,3496,0,32,827,100,236,0,516,1,275,0,920,0,526,0,100,-2,-35,0,3496
2025/09/17,14:30,3430,0,32,784,107,236,0,510,1,286,0,818,0,524,0,134,-2,0,0,3430
2025/09/17,15:00,3455,0,32,1070,160,234,0,525,1,287,0,598,0,503,0,169,1,-125,0,3455
2025/09/17,15:30,3465,0,40,1281,283,234,0,581,1,288,0,398,0,443,0,97,3,-184,0,3465
2025/09/17,16:00,3491,0,40,1350,399,236,0,617,1,288,0,215,0,410,0,160,-9,-216,0,3491
2025/09/17,16:30,3471,0,40,1336,407,237,0,657,1,289,0,84,0,440,0,210,-12,-218,0,3471
2025/09/17,17:00,3448,0,40,1334,391,239,0,694,1,289,0,5,0,443,0,233,-10,-211,0,3448
2025/09/17,17:30,3488,0,40,1304,364,238,0,730,1,288,0,1,0,471,0,233,-3,-179,0,3488
2025/09/17,18:00,3497,0,44,1299,470,240,0,719,1,288,0,0,0,475,0,231,15,-285,0,3497
2025/09/17,18:30,3445,0,45,1316,472,241,0,718,1,288,0,0,0,490,0,211,1,-338,0,3445
2025/09/17,19:00,3364,0,45,1357,463,238,0,671,1,288,0,0,0,438,0,183,1,-321,0,3364
2025/09/17,19:30,3250,0,46,1347,524,236,0,665,1,289,0,0,0,352,0,114,-7,-317,0,3250
2025/09/17,20:00,3124,0,46,1356,435,236,0,643,1,289,0,0,0,279,0,95,-7,-249,0,3124
2025/09/17,20:30,3050,0,45,1344,449,236,0,635,1,289,0,0,0,245,0,94,-37,-251,0,3050
2025/09/17,21:00,2951,0,46,1352,349,236,0,620,1,289,0,0,0,211,0,94,-5,-242,0,2951
2025/09/17,21:30,2843,0,38,1324,267,234,0,597,1,289,0,0,0,190,0,94,-5,-186,0,2843
2025/09/17,22:00,2781,0,39,1305,245,234,0,565,1,289,0,0,0,160,0,94,4,-155,0,2781
2025/09/17,22:30,2725,0,39,1268,231,234,0,534,1,289,0,0,0,163,0,100,-4,-130,0,2725
2025/09/17,23:00,2677,0,33,1277,216,233,0,502,1,289,0,0,0,129,0,126,-1,-128,0,2677
2025/09/17,23:30,2607,0,33,1265,255,232,0,501,1,289,0,0,0,126,0,77,-4,-168,0,2607
2025/09/18,00:00,2524,0,34,1269,279,234,0,497,1,289,0,0,0,86,0,0,-5,-160,0,2524
2025/09/18,00:30,2458,0,33,1263,277,235,0,499,1,289,0,0,0,74,0,0,-4,-209,0,2458
2025/09/18,01:00,2420,0,33,1264,222,234,0,502,1,289,0,0,0,66,0,0,-5,-186,0,2420
2025/09/18,01:30,2444,0,33,1228,226,234,0,495,1,290,0,0,0,72,0,0,11,-146,0,2444
2025/09/18,02:00,2474,0,33,1234,218,234,0,511,1,289,0,0,0,60,0,2,-5,-103,0,2474
2025/09/18,02:30,2570,0,34,1262,213,234,0,515,1,290,0,0,0,73,0,39,-40,-51,0,2570
2025/09/18,03:00,2630,0,34,1291,171,235,0,531,1,290,0,0,0,73,0,47,-4,-39,0,2630
2025/09/18,03:30,2698,0,33,1305,191,234,0,534,1,290,0,0,0,98,0,13,-4,3,0,2698
2025/09/18,04:00,2743,0,34,1331,161,234,0,568,1,290,0,0,0,110,0,0,-4,18,0,2743
2025/09/18,04:30,2759,0,34,1331,177,235,0,576,1,289,0,0,0,120,0,0,-3,-1,0,2759
2025/09/18,05:00,2750,0,34,1352,188,234,0,518,1,288,0,1,0,117,0,22,-3,-2,0,2750
2025/09/18,05:30,2722,0,34,1327,155,234,0,512,1,289,0,89,0,141,0,32,-3,-89,0,2722
2025/09/18,06:00,2821,0,34,1278,152,234,0,493,1,288,0,224,0,183,0,21,16,-103,0,2821
2025/09/18,06:30,2895,0,34,1255,175,234,0,477,1,288,0,364,0,181,0,21,-4,-131,0,2895
2025/09/18,07:00,3069,0,34,1260,300,234,0,467,1,289,0,478,0,189,0,25,-5,-203,0,3069
2025/09/18,07:30,3137,0,34,1244,264,234,0,470,1,288,0,557,0,203,0,29,-39,-148,0,3137
2025/09/18,08:00,3293,0,33,1222,180,218,0,487,1,288,0,663,0,221,0,40,-5,-55,0,3293
2025/09/18,08:30,3429,0,33,1249,239,187,0,475,1,287,0,751,0,244,0,35,-5,-67,0,3429
2025/09/18,09:00,3443,0,33,1254,245,189,0,457,1,288,0,784,0,270,0,4,-4,-78,0,3443
2025/09/18,09:30,3369,0,33,1170,190,195,0,443,1,287,0,872,0,307,0,0,-7,-122,0,3369
2025/09/18,10:00,3240,0,32,952,138,196,0,425,1,287,0,1048,0,342,0,0,-11,-170,0,3240
2025/09/18,10:30,3296,0,32,886,100,185,0,415,1,288,0,1162,0,392,0,0,-2,-163,0,3296
2025/09/18,11:00,3480,0,32,950,101,179,0,407,1,288,0,1281,0,416,0,65,-1,-239,0,3480
2025/09/18,11:30,3456,0,32,958,101,179,0,406,1,289,0,1308,0,447,0,82,-5,-342,0,3456
2025/09/18,12:00,3323,0,32,882,101,196,0,411,1,288,0,1316,0,454,0,1,-12,-347,0,3323
2025/09/18,12:30,3185,0,32,788,100,226,0,420,1,288,0,1316,0,452,0,-26,-6,-406,0,3185
2025/09/18,13:00,3289,0,32,829,100,233,0,437,1,278,0,1272,0,459,0,-12,-4,-336,0,3289
2025/09/18,13:30,3285,0,31,825,101,233,0,462,1,267,0,1183,0,545,0,-41,-4,-318,0,3285
2025/09/18,14:00,3242,0,32,827,101,233,0,527,1,276,0,1066,0,574,0,-113,-2,-280,0,3242
2025/09/18,14:30,3218,0,32,786,101,234,0,559,1,288,0,943,0,581,0,-116,-14,-177,0,3218
2025/09/18,15:00,3173,0,32,864,100,233,0,589,1,289,0,744,0,527,0,-106,-2,-98,0,3173
2025/09/18,15:30,3209,0,32,1111,132,234,0,624,1,289,0,506,0,485,0,-63,-3,-139,0,3209
2025/09/18,16:00,3316,0,32,1234,171,236,0,697,1,288,0,288,0,421,0,280,-14,-318,0,3316
2025/09/18,16:30,3366,0,32,1273,153,237,0,740,1,289,0,114,0,426,0,305,-8,-196,0,3366
2025/09/18,17:00,3344,0,32,1270,149,237,0,760,1,288,0,10,0,405,0,284,-1,-91,0,3344
2025/09/18,17:30,3380,0,33,1200,157,237,0,772,1,288,0,1,0,412,0,253,-1,27,0,3380
2025/09/18,18:00,3408,0,36,1259,175,237,0,768,1,288,0,0,0,415,0,125,44,60,0,3408
2025/09/18,18:30,3352,0,38,1315,168,237,0,770,1,288,0,1,0,430,0,97,-2,9,0,3352
2025/09/18,19:00,3266,0,38,1285,175,237,0,769,1,287,0,0,0,364,0,96,30,-16,0,3266
2025/09/18,19:30,3178,0,37,1304,187,234,0,702,1,288,0,0,0,367,0,96,-10,-28,0,3178
2025/09/18,20:00,3066,0,38,1288,159,234,0,652,1,288,0,0,0,379,0,96,-49,-20,0,3066
2025/09/18,20:30,2992,0,38,1228,150,234,0,642,1,288,0,0,0,380,0,96,-47,-18,0,2992
2025/09/18,21:00,2884,0,38,1169,150,234,0,569,1,288,0,0,0,359,0,96,-2,-18,0,2884
2025/09/18,21:30,2792,0,36,1148,110,234,0,530,1,288,0,0,0,367,0,96,-3,-15,0,2792
2025/09/18,22:00,2734,0,37,1146,94,234,0,512,1,287,0,0,0,340,0,96,-3,-10,0,2734
2025/09/18,22:30,2678,0,37,1113,94,234,0,496,1,288,0,0,0,341,0,97,-2,-21,0,2678
2025/09/18,23:00,2652,0,32,1080,94,235,0,494,1,288,0,0,0,359,0,92,-1,-22,0,2652
2025/09/18,23:30,2570,0,32,1023,94,235,0,494,1,288,0,0,0,419,0,2,0,-18,0,2570
2025/09/19,00:00,2509,0,33,884,94,236,0,493,1,288,0,0,0,451,0,84,19,-74,0,2509
2025/09/19,00:30,2423,0,34,903,94,236,0,501,1,288,0,0,0,348,0,143,-3,-122,0,2423
2025/09/19,01:00,2388,0,34,1005,94,237,0,500,1,288,0,0,0,242,0,144,3,-160,0,2388
2025/09/19,01:30,2392,0,34,1052,94,237,0,498,1,286,0,0,0,216,0,138,-6,-158,0,2392
2025/09/19,02:00,2414,0,34,1063,94,237,0,515,1,288,0,0,0,169,0,142,-5,-124,0,2414
2025/09/19,02:30,2482,0,34,1011,131,237,0,529,1,288,0,0,0,164,0,182,-41,-54,0,2482
2025/09/19,03:00,2563,0,34,988,147,237,0,550,1,288,0,0,0,146,0,198,-4,-22,0,2563
2025/09/19,03:30,2649,0,34,1006,162,237,0,556,1,288,0,0,0,149,0,237,-4,-17,0,2649
2025/09/19,04:00,2715,0,34,1028,178,237,0,581,1,288,0,0,0,143,0,238,-5,-8,0,2715
2025/09/19,04:30,2715,0,34,1020,224,237,0,585,1,289,0,0,0,110,0,236,-4,-17,0,2715
2025/09/19,05:00,2698,0,34,1028,277,237,0,543,1,288,0,2,0,72,0,238,-5,-17,0,2698
2025/09/19,05:30,2648,0,34,1013,322,237,0,544,1,289,0,108,0,65,0,179,-4,-140,0,2648
2025/09/19,06:00,2712,0,34,1013,246,224,0,526,1,289,0,343,0,55,0,134,15,-168,0,2712
2025/09/19,06:30,2730,0,34,1000,181,198,0,518,1,288,0,599,0,51,0,115,-1,-254,0,2730
2025/09/19,07:00,2759,0,34,847,147,190,0,494,1,288,0,881,0,46,0,3,-4,-168,0,2759
2025/09/19,07:30,2831,0,34,661,110,191,0,476,1,288,0,1154,0,47,0,-52,-5,-74,0,2831
2025/09/19,08:00,2965,0,34,799,93,191,0,469,1,286,0,1348,0,49,0,-183,-5,-117,0,2965
2025/09/19,08:30,3121,0,34,784,94,175,0,455,1,287,0,1537,0,57,0,-180,-5,-118,0,3121
2025/09/19,09:00,3280,0,34,780,94,144,0,417,1,287,0,1656,0,83,0,-181,-6,-29,0,3280
2025/09/19,09:30,3382,0,33,747,94,137,0,428,1,287,0,1746,0,108,0,-182,-4,-13,0,3382
2025/09/19,10:00,3469,0,34,906,94,137,0,422,1,286,0,1703,0,96,0,-190,-4,-16,0,3469
2025/09/19,10:30,3513,0,33,765,94,137,0,425,1,287,0,1705,0,156,0,-64,-4,-22,0,3513
2025/09/19,11:00,3505,0,33,652,94,137,0,423,1,287,0,1692,0,159,0,-7,-4,38,0,3505
2025/09/19,11:30,3419,0,33,833,94,137,0,429,1,288,0,1642,0,179,0,-185,-5,-27,0,3419
2025/09/19,12:00,3242,0,33,721,94,137,0,426,1,288,0,1600,0,180,0,-188,-41,-9,0,3242
2025/09/19,12:30,3186,0,33,793,94,138,0,410,1,288,0,1514,0,192,0,-220,-5,-52,0,3186
2025/09/19,13:00,3307,0,33,983,124,137,0,420,1,279,0,1367,0,195,0,-78,-7,-147,0,3307
2025/09/19,13:30,3263,0,33,1048,201,151,0,433,1,267,0,1208,0,183,0,11,-2,-271,0,3263
2025/09/19,14:00,3192,0,33,1056,175,191,0,481,1,276,0,1039,0,199,0,14,-4,-269,0,3192
2025/09/19,14:30,3138,0,33,926,147,228,0,512,1,288,0,926,0,211,0,13,-5,-142,0,3138
2025/09/19,15:00,3100,0,33,1022,149,236,0,532,1,288,0,740,0,193,0,23,-2,-115,0,3100
2025/09/19,15:30,3142,0,32,1077,155,236,0,588,1,287,0,540,0,155,0,96,-5,-20,0,3142
2025/09/19,16:00,3221,0,33,1243,160,237,0,641,1,288,0,317,0,123,0,200,-6,-16,0,3221
2025/09/19,16:30,3249,0,33,1278,170,238,0,722,1,288,0,126,0,128,0,289,-6,-18,0,3249
2025/09/19,17:00,3248,0,33,1336,207,238,0,747,1,288,0,8,0,116,0,286,-5,-7,0,3248
2025/09/19,17:30,3296,0,33,1387,177,238,0,751,1,288,0,1,0,124,0,284,-5,17,0,3296
2025/09/19,18:00,3312,0,37,1398,181,240,0,762,1,287,0,0,0,118,0,281,-5,12,0,3312
2025/09/19,18:30,3252,0,39,1380,129,240,0,763,1,287,0,1,0,128,0,280,-5,9,0,3252
2025/09/19,19:00,3189,0,39,1383,134,240,0,764,1,288,0,0,0,88,0,277,-4,-21,0,3189
2025/09/19,19:30,3093,0,39,1367,166,239,0,758,1,288,0,0,0,43,0,217,-4,-21,0,3093
2025/09/19,20:00,2990,0,39,1364,161,239,0,728,1,289,0,0,0,19,0,160,-5,-5,0,2990
2025/09/19,20:30,2912,0,39,1380,156,239,0,655,1,289,0,0,0,15,0,142,-6,2,0,2912
2025/09/19,21:00,2810,0,39,1346,185,236,0,622,1,289,0,0,0,16,0,96,-5,-15,0,2810
2025/09/19,21:30,2738,0,39,1304,160,237,0,604,1,289,0,0,0,20,0,96,-3,-9,0,2738
2025/09/19,22:00,2681,0,39,1289,191,237,0,531,1,288,0,0,0,22,0,96,0,-13,0,2681
2025/09/19,22:30,2627,0,39,1254,257,237,0,509,1,289,0,0,0,27,0,46,-5,-27,0,2627
2025/09/19,23:00,2618,0,34,1262,272,237,0,494,1,288,0,0,0,28,0,16,-5,-9,0,2618
2025/09/19,23:30,2518,0,34,1263,211,237,0,472,1,289,0,0,0,37,0,23,-3,-46,0,2518
2025/09/20,00:00,2498,0,40,1209,159,237,0,547,1,289,0,0,0,39,0,17,-7,-33,0,2498
2025/09/20,00:30,2418,0,41,1129,159,237,0,563,1,289,0,0,0,59,0,20,21,-101,0,2418
2025/09/20,01:00,2412,0,41,1208,159,239,0,567,1,289,0,0,0,67,0,6,-4,-161,0,2412
2025/09/20,01:30,2392,0,41,1194,159,238,0,570,1,289,0,0,0,85,0,0,-5,-180,0,2392
2025/09/20,02:00,2430,0,41,1224,159,237,0,582,1,289,0,0,0,90,0,0,-40,-153,0,2430
2025/09/20,02:30,2490,0,41,1217,161,238,0,591,1,290,0,0,0,115,0,0,-5,-159,0,2490
2025/09/20,03:00,2587,0,41,1250,198,238,0,633,1,289,0,0,0,125,0,0,-4,-184,0,2587
2025/09/20,03:30,2641,0,41,1240,245,237,0,638,1,290,0,0,0,139,0,0,-5,-185,0,2641
2025/09/20,04:00,2681,0,41,1219,274,238,0,605,1,290,0,0,0,151,0,0,-5,-133,0,2681
2025/09/20,04:30,2659,0,41,1234,201,238,0,607,1,290,0,0,0,172,0,13,-5,-133,0,2659
2025/09/20,05:00,2624,0,41,1248,202,237,0,561,1,289,0,1,0,206,0,14,-6,-170,0,2624
2025/09/20,05:30,2562,0,41,1184,228,237,0,561,1,290,0,91,0,235,0,0,-7,-299,0,2562
2025/09/20,06:00,2560,0,41,1071,158,238,0,563,1,289,0,229,0,270,0,0,-4,-296,0,2560
2025/09/20,06:30,2544,0,41,945,115,237,0,544,1,289,0,393,0,278,0,0,-4,-295,0,2544
2025/09/20,07:00,2553,0,40,811,106,237,0,541,1,289,0,605,0,258,0,-16,-4,-315,0,2553
2025/09/20,07:30,2551,0,41,831,106,237,0,539,1,288,0,752,0,250,0,-182,-5,-307,0,2551
2025/09/20,08:00,2621,0,46,854,106,237,0,512,1,288,0,868,0,233,0,-196,-9,-319,0,2621
2025/09/20,08:30,2765,0,47,830,106,237,0,500,1,287,0,1035,0,233,0,-184,-9,-318,0,2765
2025/09/20,09:00,2912,0,47,881,107,237,0,495,1,288,0,1153,0,240,0,-190,-24,-323,0,2912
2025/09/20,09:30,2962,0,47,809,106,237,0,516,1,288,0,1202,0,255,0,-177,-4,-318,0,2962
2025/09/20,10:00,3060,0,47,850,106,230,0,546,1,287,0,1255,0,185,0,-143,-2,-302,0,3060
2025/09/20,10:30,3138,0,47,913,106,229,0,522,1,289,0,1149,0,168,0,39,-4,-321,0,3138
2025/09/20,11:00,3178,0,47,968,106,227,0,523,1,288,0,1080,0,162,0,112,-5,-331,0,3178
2025/09/20,11:30,3128,0,47,949,148,232,0,517,1,289,0,980,0,183,0,125,-5,-338,0,3128
2025/09/20,12:00,2938,0,47,829,159,237,0,485,1,289,0,888,0,191,0,91,-5,-274,0,2938
2025/09/20,12:30,2858,0,47,862,159,237,0,483,1,289,0,813,0,205,0,-31,-6,-201,0,2858
2025/09/20,13:00,2900,0,47,1049,159,237,0,482,1,280,0,729,0,213,0,-53,-4,-240,0,2900
2025/09/20,13:30,2974,0,47,1192,183,237,0,533,1,268,0,590,0,234,0,0,2,-313,0,2974
2025/09/20,14:00,3002,0,47,1281,256,237,0,547,1,278,0,435,0,253,0,4,-4,-333,0,3002
2025/09/20,14:30,3022,0,47,1304,178,237,0,546,1,289,0,327,0,261,0,119,-4,-283,0,3022
2025/09/20,15:00,2966,0,47,1317,159,237,0,550,1,289,0,194,0,285,0,65,-4,-174,0,2966
2025/09/20,15:30,2974,0,47,1285,159,237,0,585,1,289,0,112,0,298,0,41,-2,-78,0,2974
2025/09/20,16:00,3010,0,47,1196,159,239,0,616,1,288,0,55,0,293,0,187,-6,-65,0,3010
2025/09/20,16:30,3036,0,47,1157,159,240,0,632,1,289,0,27,0,282,0,341,-3,-136,0,3036
2025/09/20,17:00,3083,0,47,1215,160,240,0,637,1,288,0,1,0,281,0,353,-4,-136,0,3083
2025/09/20,17:30,3147,0,47,1164,159,240,0,646,1,289,0,0,0,290,0,391,-4,-76,0,3147
2025/09/20,18:00,3132,0,47,1179,138,240,0,650,1,287,0,0,0,301,0,372,17,-100,0,3132
2025/09/20,18:30,3104,0,47,1179,107,240,0,651,1,288,0,0,0,323,0,399,-1,-130,0,3104
2025/09/20,19:00,3051,0,47,1220,106,240,0,640,1,288,0,0,0,325,0,394,-4,-206,0,3051
2025/09/20,19:30,3005,0,46,1163,106,237,0,640,1,288,0,0,0,360,0,322,-5,-153,0,3005
2025/09/20,20:00,2908,0,46,1086,107,237,0,622,1,287,0,0,0,355,0,301,-5,-129,0,2908
2025/09/20,20:30,2830,0,46,1104,107,237,0,624,1,289,0,0,0,338,0,190,-40,-66,0,2830
2025/09/20,21:00,2774,0,45,1130,112,237,0,630,1,288,0,0,0,327,0,174,-5,-165,0,2774
2025/09/20,21:30,2682,0,44,1060,168,237,0,620,1,287,0,0,0,335,0,122,-5,-187,0,2682
2025/09/20,22:00,2672,0,44,986,173,237,0,626,1,288,0,0,0,369,0,112,-4,-160,0,2672
2025/09/20,22:30,2592,0,43,828,160,237,0,654,1,288,0,0,0,424,0,120,-6,-157,0,2592
2025/09/20,23:00,2596,0,37,860,143,237,0,670,1,288,0,0,0,424,0,143,-4,-203,0,2596
2025/09/20,23:30,2530,0,39,870,107,237,0,665,1,287,0,0,0,467,0,134,-3,-274,0,2530
2025/09/21,00:00,2473,0,40,763,107,236,0,692,1,289,0,0,0,479,0,129,-5,-258,0,2473
2025/09/21,00:30,2383,0,40,650,106,239,0,713,1,288,0,0,0,508,0,113,-4,-271,0,2383
2025/09/21,01:00,2389,0,40,614,106,237,0,730,1,288,0,0,0,495,0,127,-4,-245,0,2389
2025/09/21,01:30,2413,0,40,685,106,238,0,731,1,283,0,0,0,451,0,143,-5,-260,0,2413
2025/09/21,02:00,2425,0,40,732,106,237,0,740,1,275,0,0,0,418,0,147,-4,-267,0,2425
2025/09/21,02:30,2503,0,40,659,106,235,0,751,1,273,0,0,0,509,0,68,-6,-133,0,2503
2025/09/21,03:00,2551,0,40,595,106,230,0,761,1,273,0,0,0,627,0,36,-4,-114,0,2551
2025/09/21,03:30,2633,0,39,777,119,222,0,768,1,273,0,0,0,660,0,27,-5,-248,0,2633
2025/09/21,04:00,2679,0,39,782,158,218,0,769,1,272,0,0,0,689,0,31,-3,-277,0,2679
2025/09/21,04:30,2675,0,40,747,163,220,0,780,1,274,0,0,0,742,0,17,-4,-305,0,2675
2025/09/21,05:00,2621,0,40,557,303,220,0,791,1,277,0,1,0,707,0,20,-3,-293,0,2621
2025/09/21,05:30,2559,0,40,510,192,219,0,789,1,277,0,76,0,741,0,16,-1,-301,0,2559
2025/09/21,06:00,2558,0,41,525,272,219,0,779,1,276,0,185,0,677,0,-135,11,-293,0,2558
2025/09/21,06:30,2556,0,41,508,305,211,0,759,1,274,0,310,0,620,0,-203,11,-281,0,2556
2025/09/21,07:00,2584,0,39,481,286,189,0,745,1,268,0,453,0,615,0,-200,4,-297,0,2584
2025/09/21,07:30,2608,0,40,455,176,184,0,737,1,262,0,598,0,650,0,-194,-3,-298,0,2608
2025/09/21,08:00,2646,0,45,406,162,183,0,728,1,257,0,719,0,687,0,-226,-5,-311,0,2646
2025/09/21,08:30,2688,0,44,409,167,183,0,727,1,247,0,851,0,727,0,-365,-5,-298,0,2688
2025/09/21,09:00,2682,0,12,378,162,168,0,729,1,239,0,974,0,744,0,-394,-5,-326,0,2682
2025/09/21,09:30,2688,0,9,295,127,136,0,742,1,214,0,1132,0,772,0,-420,-3,-317,0,2688
2025/09/21,10:00,2720,0,9,285,106,119,5,745,1,198,89,1192,0,758,0,-409,-1,-283,0,2720
2025/09/21,10:30,2812,0,9,282,110,118,5,749,1,198,89,1243,0,737,89,-416,-8,-211,0,2812
2025/09/21,11:00,2841,0,9,340,116,118,5,750,1,199,89,1259,0,688,61,-402,-3,-234,0,2841
2025/09/21,11:30,2859,0,9,423,143,117,5,741,1,199,89,1223,0,681,0,-369,-13,-296,0,2859
2025/09/21,12:00,2786,0,9,399,176,118,5,701,1,199,89,1123,0,673,0,-292,-2,-319,0,2786
2025/09/21,12:30,2742,0,9,333,185,118,5,703,1,200,89,1088,0,650,58,-237,-1,-307,0,2742
2025/09/21,13:00,2672,0,9,290,180,118,5,704,1,200,77,981,41,595,58,-95,-6,-305,0,2672
2025/09/21,13:30,2616,0,9,300,192,118,5,691,1,199,66,878,40,616,73,-86,-14,-288,0,2616
2025/09/21,14:00,2598,0,9,325,192,118,5,703,1,199,66,789,59,663,94,-87,-17,-297,0,2598
2025/09/21,14:30,2516,0,9,351,201,137,0,707,1,217,0,630,53,628,90,-86,-10,-269,0,2516
2025/09/21,15:00,2550,0,36,470,217,167,0,701,1,249,0,464,44,614,74,-83,-14,-272,0,2550
2025/09/21,15:30,2568,0,40,507,199,182,0,704,1,267,0,322,30,573,52,57,-11,-273,0,2568
2025/09/21,16:00,2639,0,41,582,206,199,0,711,1,279,0,209,2,517,7,179,-6,-279,0,2639
2025/09/21,16:30,2735,0,41,595,348,233,0,723,1,286,0,86,0,489,0,217,-2,-282,0,2735
2025/09/21,17:00,2831,0,41,608,405,240,0,733,1,287,0,5,0,445,0,226,-9,-151,0,2831
2025/09/21,17:30,2959,0,37,674,378,240,0,735,1,287,0,1,0,444,0,220,6,-64,0,2959
2025/09/21,18:00,2999,0,37,905,304,239,0,735,1,287,0,0,0,433,0,130,-6,-66,0,2999
2025/09/21,18:30,2957,0,38,931,191,237,0,736,1,287,0,1,0,424,0,179,-5,-63,0,2957
2025/09/21,19:00,2940,0,38,971,208,240,0,730,1,287,0,0,0,366,0,167,-5,-63,0,2940
2025/09/21,19:30,2874,0,38,966,207,238,0,731,1,287,0,0,0,261,0,219,-4,-70,0,2874
2025/09/21,20:00,2788,0,39,974,212,237,0,731,1,287,0,0,0,167,0,238,-6,-92,0,2788
2025/09/21,20:30,2738,0,39,966,210,237,0,720,1,288,0,0,0,152,0,232,-26,-81,0,2738
2025/09/21,21:00,2649,0,39,963,178,237,0,721,1,287,0,0,0,116,0,236,-4,-125,0,2649
2025/09/21,21:30,2557,0,39,922,171,237,0,721,1,286,0,0,0,91,0,237,-4,-144,0,2557
2025/09/21,22:00,2479,0,39,879,162,237,0,721,1,286,0,0,0,51,0,235,-2,-130,0,2479
2025/09/21,22:30,2393,0,39,802,159,237,0,720,1,286,0,0,0,41,0,236,-4,-124,0,2393
2025/09/21,23:00,2400,0,33,857,214,237,0,714,1,286,0,0,0,40,0,239,-5,-216,0,2400
2025/09/21,23:30,2336,0,33,864,223,237,0,703,1,286,0,0,0,32,0,235,-3,-275,0,2336
2025/09/22,00:00,2276,0,34,861,170,237,0,714,1,286,0,0,0,23,0,220,-5,-265,0,2276
2025/09/22,00:30,2234,0,34,857,120,238,0,713,1,287,0,0,0,30,0,216,-5,-257,0,2234
2025/09/22,01:00,2230,0,34,853,114,237,0,720,1,288,0,0,0,34,0,216,-10,-257,0,2230
2025/09/22,01:30,2246,0,34,801,111,238,0,720,1,287,0,0,0,31,0,225,-4,-198,0,2246
2025/09/22,02:00,2257,0,34,748,113,238,0,714,1,288,0,0,0,24,0,237,-4,-136,0,2257
2025/09/22,02:30,2365,0,34,777,111,238,0,707,1,287,0,0,0,31,0,229,-3,-47,0,2365
2025/09/22,03:00,2426,0,34,829,111,237,0,708,1,287,0,0,0,30,0,198,-4,-5,0,2426
2025/09/22,03:30,2512,0,34,858,162,238,0,708,1,288,0,0,0,35,0,195,-5,-2,0,2512
2025/09/22,04:00,2554,0,34,867,191,237,0,715,1,288,0,0,0,36,0,195,-5,-5,0,2554
2025/09/22,04:30,2540,0,34,859,175,238,0,715,1,288,0,0,0,40,0,196,-6,0,0,2540
2025/09/22,05:00,2534,0,34,865,147,237,0,697,1,288,0,2,0,41,0,244,-4,-18,0,2534
2025/09/22,05:30,2524,0,34,814,161,237,0,697,1,287,0,104,0,52,0,190,-5,-48,0,2524
2025/09/22,06:00,2587,0,34,777,160,238,0,674,1,287,0,335,0,61,0,197,-4,-173,0,2587
2025/09/22,06:30,2589,0,34,729,154,237,0,667,1,287,0,593,0,66,0,132,-5,-306,0,2589
2025/09/22,07:00,2651,0,34,619,183,224,0,661,1,287,0,856,0,52,0,56,-4,-318,0,2651
2025/09/22,07:30,2753,0,34,610,177,198,0,660,1,287,0,1125,0,55,0,-122,-4,-268,0,2753
2025/09/22,08:00,2869,0,34,505,154,174,0,665,1,288,0,1282,0,44,0,-114,-4,-160,0,2869
2025/09/22,08:30,3023,0,34,496,165,142,0,664,1,289,0,1470,0,45,0,-176,-3,-104,0,3023
2025/09/22,09:00,3134,0,13,547,147,131,0,664,1,288,0,1598,0,39,0,-294,-5,5,0,3134
2025/09/22,09:30,3192,0,11,516,103,141,0,663,1,288,0,1685,0,47,0,-287,-16,40,0,3192
2025/09/22,10:00,3190,0,11,444,120,142,0,674,1,288,0,1738,0,46,0,-283,-2,11,0,3190
2025/09/22,10:30,3232,0,11,348,170,142,0,671,1,288,0,1770,0,103,0,-281,-2,11,0,3232
2025/09/22,11:00,3283,0,11,355,169,142,0,670,1,289,0,1763,0,129,0,-285,-1,40,0,3283
2025/09/22,11:30,3343,0,11,343,312,142,0,671,1,289,0,1711,0,149,0,-226,-1,-59,0,3343
2025/09/22,12:00,3239,0,11,351,199,142,0,655,1,289,0,1580,0,149,0,-107,-2,-29,0,3239
2025/09/22,12:30,3129,0,11,338,228,149,0,648,1,289,0,1376,0,172,0,-75,-1,-7,0,3129
2025/09/22,13:00,3143,0,31,389,274,177,0,635,1,278,0,1251,0,175,0,116,-4,-180,0,3143
2025/09/22,13:30,3079,0,41,400,346,199,0,630,1,268,0,1118,0,160,0,151,-4,-231,0,3079
2025/09/22,14:00,3030,0,40,431,335,223,0,615,1,282,0,924,0,191,0,140,-4,-148,0,3030
2025/09/22,14:30,2996,0,39,432,280,230,0,602,1,289,0,817,0,234,0,132,-4,-56,0,2996
2025/09/22,15:00,2967,0,39,557,244,230,0,605,1,289,0,652,0,252,0,120,-3,-19,0,2967
2025/09/22,15:30,3015,0,40,773,231,230,0,625,1,289,0,452,0,267,0,99,-2,10,0,3015
2025/09/22,16:00,3075,0,40,832,375,233,0,628,1,289,0,254,0,230,0,172,-9,30,0,3075
2025/09/22,16:30,3133,0,41,821,576,238,0,636,1,289,0,91,0,232,0,211,-8,5,0,3133
2025/09/22,17:00,3164,0,41,827,536,214,0,684,1,286,0,3,0,214,0,345,-8,21,0,3164
2025/09/22,17:30,3242,0,41,819,627,190,0,702,1,286,0,1,0,213,0,380,-6,-12,0,3242
2025/09/22,18:00,3241,0,45,829,668,186,0,704,1,289,0,0,0,204,0,300,-7,22,0,3241
2025/09/22,18:30,3173,0,46,823,575,186,0,706,1,290,0,1,0,201,0,329,-7,22,0,3173
2025/09/22,19:00,3128,0,47,828,649,186,0,665,1,290,0,0,0,152,0,281,-6,35,0,3128
2025/09/22,19:30,3020,0,47,825,660,183,0,664,1,290,0,0,0,94,0,233,-6,29,0,3020
2025/09/22,20:00,2917,0,47,831,693,183,0,667,1,290,0,0,0,46,0,162,-13,10,0,2917
2025/09/22,20:30,2849,0,47,825,662,183,0,670,1,290,0,0,0,38,0,155,-5,-17,0,2849
2025/09/22,21:00,2757,0,47,827,611,183,0,638,1,290,0,0,0,34,0,157,-3,-28,0,2757
2025/09/22,21:30,2687,0,47,820,562,183,0,614,1,290,0,0,0,40,0,161,-3,-28,0,2687
2025/09/22,22:00,2613,0,47,820,437,183,0,613,1,289,0,0,0,28,0,217,-3,-19,0,2613
2025/09/22,22:30,2543,0,47,812,382,183,0,613,1,290,0,0,0,30,0,213,-4,-24,0,2543
2025/09/22,23:00,2510,0,41,823,339,183,0,613,1,290,0,0,0,39,0,211,-4,-26,0,2510
2025/09/22,23:30,2444,0,41,813,256,184,0,612,1,290,0,0,0,44,0,217,-3,-11,0,2444
2025/09/23,00:00,2401,0,31,820,202,199,0,604,1,291,0,0,0,24,0,224,-6,11,0,2401
2025/09/23,00:30,2357,0,30,773,191,229,0,604,1,290,0,0,0,27,0,215,-5,2,0,2357
2025/09/23,01:00,2338,0,30,737,192,237,0,620,1,290,0,0,0,22,0,219,-4,-6,0,2338
2025/09/23,01:30,2328,0,30,732,192,236,0,621,1,290,0,0,0,23,0,217,-4,-10,0,2328
2025/09/23,02:00,2368,0,29,757,192,235,0,620,1,290,0,0,0,15,0,217,2,10,0,2368
2025/09/23,02:30,2438,0,29,797,223,237,0,620,1,289,0,0,0,18,0,217,-1,8,0,2438
2025/09/23,03:00,2503,0,29,791,235,238,0,674,1,290,0,0,0,20,0,215,0,10,0,2503
2025/09/23,03:30,2579,0,27,815,302,238,0,682,1,289,0,0,0,44,0,174,-1,8,0,2579
2025/09/23,04:00,2600,0,26,821,286,238,0,681,1,290,0,0,0,63,0,179,-2,17,0,2600
2025/09/23,04:30,2650,0,26,805,338,238,0,681,1,290,0,0,0,89,0,177,-2,7,0,2650
2025/09/23,05:00,2603,0,26,820,363,238,0,616,1,290,0,1,0,108,0,151,-2,-9,0,2603
2025/09/23,05:30,2561,0,29,751,429,238,0,616,1,290,0,93,0,128,0,112,-4,-122,0,2561
2025/09/23,06:00,2574,0,29,493,547,238,0,606,1,291,0,276,0,138,0,107,12,-164,0,2574
2025/09/23,06:30,2548,0,30,419,433,237,0,606,1,290,0,485,0,153,0,115,13,-234,0,2548
2025/09/23,07:00,2570,0,29,409,336,224,0,606,1,289,0,723,0,141,0,90,14,-292,0,2570
2025/09/23,07:30,2662,0,26,377,429,197,0,608,1,289,0,959,0,148,0,-82,15,-305,0,2662
2025/09/23,08:00,2694,0,30,391,357,191,0,609,1,288,0,1117,0,132,0,-107,-1,-314,0,2694
2025/09/23,08:30,2792,0,32,378,278,176,0,624,1,289,0,1297,0,136,0,-111,-1,-307,0,2792
2025/09/23,09:00,2867,0,32,360,253,145,0,622,1,288,0,1454,0,134,0,-112,-2,-308,0,2867
2025/09/23,09:30,2877,0,31,311,198,138,0,607,1,288,0,1565,0,140,0,-275,-4,-123,0,2877
2025/09/23,10:00,2914,0,31,280,196,138,0,606,1,290,0,1668,0,136,0,-317,-3,-112,0,2914
2025/09/23,10:30,2974,0,32,247,196,138,0,606,1,289,0,1740,0,152,0,-324,-5,-98,0,2974
2025/09/23,11:00,2981,0,32,263,195,138,0,606,1,288,0,1742,0,147,0,-320,-49,-62,0,2981
2025/09/23,11:30,2983,0,32,360,196,138,0,609,1,289,0,1700,0,143,0,-309,-42,-134,0,2983
2025/09/23,12:00,2901,0,31,310,195,138,0,612,1,289,0,1628,0,144,0,-315,-5,-127,0,2901
2025/09/23,12:30,2881,0,31,307,196,154,0,616,1,289,0,1544,0,157,0,-308,-8,-98,0,2881
2025/09/23,13:00,2899,0,31,390,253,184,0,608,1,279,0,1416,0,153,0,-192,-6,-218,0,2899
2025/09/23,13:30,2835,0,31,376,357,206,0,614,1,269,0,1229,0,115,0,-104,-6,-253,0,2835
2025/09/23,14:00,2770,0,31,387,350,230,0,609,1,282,0,1060,0,53,0,62,-6,-289,0,2770
2025/09/23,14:30,2744,0,31,407,284,237,0,625,1,289,0,901,0,48,0,98,-6,-171,0,2744
2025/09/23,15:00,2731,0,31,459,196,237,0,628,1,289,0,713,0,56,0,143,-4,-18,0,2731
2025/09/23,15:30,2791,0,32,675,239,237,0,641,1,289,0,500,0,47,0,121,-4,13,0,2791
2025/09/23,16:00,2876,0,31,791,471,237,0,655,1,290,0,266,0,23,0,108,-4,7,0,2876
2025/09/23,16:30,2946,0,35,818,613,240,0,654,1,290,0,96,0,26,0,165,-4,12,0,2946
2025/09/23,17:00,3016,0,36,835,609,241,0,654,1,289,0,3,0,21,0,281,-4,50,0,3016
2025/09/23,17:30,3142,0,37,828,743,240,0,645,1,290,0,1,0,26,0,280,-4,55,0,3142
2025/09/23,18:00,3159,0,37,834,769,241,0,649,1,289,0,0,0,28,0,277,3,31,0,3159
2025/09/23,18:30,3107,0,37,827,686,239,0,649,1,289,0,0,0,43,0,273,18,45,0,3107
2025/09/23,19:00,3077,0,37,833,706,240,0,647,1,289,0,0,0,27,0,270,-11,38,0,3077
2025/09/23,19:30,2989,0,37,828,611,239,0,647,1,289,0,0,0,36,0,273,-10,38,0,2989
2025/09/23,20:00,2907,0,37,833,601,237,0,648,1,288,0,0,0,46,0,219,-19,16,0,2907
2025/09/23,20:30,2841,0,37,829,612,237,0,638,1,289,0,0,0,54,0,190,-51,5,0,2841
2025/09/23,21:00,2751,0,37,836,573,238,0,618,1,289,0,0,0,55,0,93,-7,18,0,2751
2025/09/23,21:30,2673,0,36,832,431,237,0,617,1,288,0,0,0,64,0,148,-7,26,0,2673
2025/09/23,22:00,2616,0,36,828,330,237,0,621,1,289,0,0,0,68,0,215,-5,-4,0,2616
2025/09/23,22:30,2542,0,36,821,268,238,0,623,1,289,0,0,0,74,0,214,-6,-16,0,2542
2025/09/23,23:00,2515,0,30,824,229,238,0,625,1,289,0,0,0,100,0,211,-5,-27,0,2515
2025/09/23,23:30,2473,0,30,797,202,237,0,629,1,289,0,0,0,138,0,179,-7,-22,0,2473
2025/09/24,00:00,2408,0,26,799,222,237,0,620,1,289,0,0,0,152,0,98,-6,-30,0,2408
2025/09/24,00:30,2340,0,26,734,196,237,0,618,1,289,0,0,0,171,0,93,-5,-20,0,2340
2025/09/24,01:00,2313,0,26,703,196,237,0,630,1,289,0,0,0,170,0,93,-11,-21,0,2313
2025/09/24,01:30,2321,0,26,696,196,237,0,626,1,289,0,0,0,189,0,71,-5,-5,0,2321
2025/09/24,02:00,2388,0,26,786,205,220,0,641,1,289,0,0,0,159,0,73,-6,-6,0,2388
2025/09/24,02:30,2478,0,26,793,197,202,0,648,1,290,0,0,0,163,0,170,-4,-8,0,2478
2025/09/24,03:00,2582,0,26,830,240,202,0,648,1,290,0,0,0,141,0,219,-4,-11,0,2582
2025/09/24,03:30,2666,0,25,813,221,202,0,648,1,290,0,0,0,157,0,306,-7,10,0,2666
2025/09/24,04:00,2739,0,25,818,229,202,0,694,1,290,0,0,0,176,0,302,-7,9,0,2739
2025/09/24,04:30,2733,0,25,808,215,202,0,702,1,289,0,0,0,199,0,304,-6,-6,0,2733
2025/09/24,05:00,2698,0,25,806,203,203,0,654,1,289,0,1,0,229,0,299,-5,-7,0,2698
2025/09/24,05:30,2650,0,25,806,204,211,0,649,1,289,0,89,0,216,0,174,-5,-9,0,2650
2025/09/24,06:00,2718,0,26,799,250,216,0,636,1,289,0,292,0,215,0,24,-5,-25,0,2718
2025/09/24,06:30,2704,0,26,638,196,219,0,635,1,288,0,519,0,223,0,0,-5,-36,0,2704
2025/09/24,07:00,2726,0,25,528,196,208,0,618,1,289,0,771,0,206,0,-41,-4,-71,0,2726
2025/09/24,07:30,2822,0,25,557,195,186,0,602,1,288,0,1034,0,206,0,-193,-3,-76,0,2822
2025/09/24,08:00,2926,0,26,558,153,189,0,573,1,288,0,1203,0,188,0,-202,-3,-48,0,2926
2025/09/24,08:30,3134,0,26,612,146,192,0,567,1,288,0,1345,0,197,0,-203,-3,-34,0,3134
2025/09/24,09:00,3224,0,26,631,146,191,0,550,1,287,0,1436,0,191,0,-213,-5,-17,0,3224
2025/09/24,09:30,3234,0,26,475,147,191,0,540,1,287,0,1598,0,220,0,-214,-5,-32,0,3234
2025/09/24,10:00,3252,0,25,528,147,192,0,538,1,289,0,1682,0,211,0,-338,-7,-16,0,3252
2025/09/24,10:30,3334,0,25,527,147,191,0,544,1,288,0,1748,0,275,0,-387,-6,-19,0,3334
2025/09/24,11:00,3375,0,25,574,150,191,0,533,1,289,0,1743,0,288,0,-384,-5,-30,0,3375
2025/09/24,11:30,3305,0,25,503,150,191,0,525,1,289,0,1714,0,326,0,-390,-5,-24,0,3305
2025/09/24,12:00,3164,0,25,499,150,191,0,516,1,289,0,1629,0,325,0,-449,-5,-7,0,3164
2025/09/24,12:30,3196,0,25,526,150,205,0,532,1,289,0,1517,0,339,0,-385,-3,0,0,3196
2025/09/24,13:00,3286,0,25,461,146,229,0,553,1,276,0,1339,0,322,0,-56,-6,-4,0,3286
2025/09/24,13:30,3234,0,25,453,145,236,0,574,1,267,0,1158,0,286,0,95,-3,-3,0,3234
2025/09/24,14:00,3270,0,25,668,178,237,0,603,1,279,0,943,0,237,0,102,-1,-2,0,3270
2025/09/24,14:30,3282,0,26,758,220,237,0,620,1,289,0,734,0,275,0,125,5,-8,0,3282
2025/09/24,15:00,3247,0,25,803,339,237,0,614,1,289,0,498,0,264,0,163,6,8,0,3247
2025/09/24,15:30,3285,0,25,804,472,237,0,637,1,289,0,304,0,269,0,236,-5,16,0,3285
2025/09/24,16:00,3301,0,29,842,555,237,0,688,1,288,0,142,0,248,0,252,-10,29,0,3301
2025/09/24,16:30,3321,0,29,824,656,238,0,709,1,289,0,50,0,259,0,251,-8,23,0,3321
2025/09/24,17:00,3313,0,30,825,675,225,0,726,1,289,0,0,0,242,0,285,-9,24,0,3313
2025/09/24,17:30,3369,0,30,824,766,195,0,725,1,289,0,0,0,238,0,291,-8,18,0,3369
2025/09/24,18:00,3341,0,36,832,707,191,0,722,1,288,0,0,0,248,0,299,-7,24,0,3341
2025/09/24,18:30,3283,0,35,829,659,205,0,720,1,288,0,0,0,278,0,256,-7,19,0,3283
2025/09/24,19:00,3233,0,36,834,596,202,0,722,1,288,0,0,0,288,0,254,-8,20,0,3233
2025/09/24,19:30,3123,0,36,823,545,197,0,678,1,288,0,0,0,305,0,237,-6,19,0,3123
2025/09/24,20:00,3025,0,35,824,541,188,0,673,1,289,0,0,0,326,0,140,-2,10,0,3025
2025/09/24,20:30,2949,0,34,824,497,185,0,650,1,289,0,0,0,354,0,113,-9,11,0,2949
2025/09/24,21:00,2866,0,35,822,426,183,0,645,1,287,0,0,0,361,0,116,-6,-4,0,2866
2025/09/24,21:30,2764,0,35,816,309,183,0,661,1,288,0,0,0,378,0,116,-6,-17,0,2764
2025/09/24,22:00,2741,0,34,823,299,184,0,661,1,288,0,0,0,358,0,115,-6,-16,0,2741
2025/09/24,22:30,2685,0,30,820,270,183,0,658,1,288,0,0,0,353,0,113,-5,-26,0,2685
2025/09/24,23:00,2679,0,24,827,259,183,0,630,1,289,0,0,0,390,0,113,-5,-32,0,2679
2025/09/24,23:30,2589,0,24,754,196,183,0,604,1,289,0,0,0,499,0,112,-4,-69,0,2589
2025/09/25,00:00,2530,0,31,745,195,199,0,574,1,288,0,0,0,544,0,51,-6,-92,0,2530
2025/09/25,00:30,2458,0,32,749,196,229,0,568,1,288,0,0,0,580,0,23,-5,-203,0,2458
2025/09/25,01:00,2463,0,32,810,202,238,0,576,1,289,0,0,0,555,0,24,-6,-258,0,2463
2025/09/25,01:30,2483,0,32,799,206,237,0,579,1,288,0,0,0,582,0,24,-5,-260,0,2483
2025/09/25,02:00,2527,0,32,743,195,237,0,594,1,288,0,0,0,618,0,21,-5,-197,0,2527
2025/09/25,02:30,2591,0,32,620,195,237,0,622,1,288,0,0,0,697,0,22,-4,-119,0,2591
2025/09/25,03:00,2687,0,32,640,155,237,0,632,1,288,0,0,0,715,0,23,-4,-32,0,2687
2025/09/25,03:30,2769,0,32,698,160,237,0,638,1,289,0,0,0,682,0,26,-4,10,0,2769
2025/09/25,04:00,2795,0,32,733,201,237,0,638,1,289,0,0,0,658,0,21,-5,-10,0,2795
2025/09/25,04:30,2781,0,32,686,195,237,0,642,1,289,0,0,0,686,0,22,-5,-4,0,2781
2025/09/25,05:00,2797,0,32,741,226,237,0,644,1,290,0,0,0,639,0,22,-5,-30,0,2797
2025/09/25,05:30,2735,0,32,705,199,237,0,644,1,290,0,46,0,614,0,24,-5,-52,0,2735
2025/09/25,06:00,2808,0,32,686,210,237,0,635,1,289,0,102,0,583,0,71,-5,-33,0,2808
2025/09/25,06:30,2868,0,32,719,199,237,0,649,1,288,0,140,0,576,0,28,-5,4,0,2868
2025/09/25,07:00,3004,0,32,767,254,224,0,647,1,288,0,186,0,575,0,22,-6,14,0,3004
2025/09/25,07:30,3096,0,31,784,280,198,0,640,1,288,0,202,0,603,0,70,-14,13,0,3096
2025/09/25,08:00,3257,0,31,829,305,188,0,646,1,288,0,210,0,612,0,116,-5,36,0,3257
2025/09/25,08:30,3443,0,31,822,417,191,0,642,1,287,0,246,0,622,0,155,-4,33,0,3443
2025/09/25,09:00,3530,0,31,830,413,190,0,640,1,287,0,251,0,685,0,179,-5,28,0,3530
2025/09/25,09:30,3570,0,31,822,432,190,0,640,1,286,0,268,0,709,0,194,-5,2,0,3570
2025/09/25,10:00,3545,0,30,830,388,190,0,644,1,286,0,267,0,717,0,194,-6,4,0,3545
2025/09/25,10:30,3519,0,31,818,387,189,0,670,1,287,0,258,0,707,0,196,-5,-20,0,3519
2025/09/25,11:00,3545,0,30,833,461,190,0,675,1,288,0,257,0,613,0,201,-5,1,0,3545
2025/09/25,11:30,3497,0,31,816,484,190,0,680,1,286,0,280,0,591,0,159,-4,-17,0,3497
2025/09/25,12:00,3321,0,31,831,380,190,0,686,1,288,0,282,0,558,0,80,-4,-2,0,3321
2025/09/25,12:30,3287,0,31,816,341,204,0,689,1,287,0,273,0,549,0,87,-4,13,0,3287
2025/09/25,13:00,3444,0,32,840,462,228,0,695,1,274,0,233,0,529,0,103,-5,52,0,3444
2025/09/25,13:30,3440,0,33,824,533,235,0,692,1,268,0,215,0,519,0,105,-4,19,0,3440
2025/09/25,14:00,3410,0,33,842,482,235,0,688,1,278,0,175,0,425,0,210,-4,45,0,3410
2025/09/25,14:30,3400,0,34,829,477,235,0,689,1,286,0,161,0,372,0,286,-5,35,0,3400
2025/09/25,15:00,3339,0,34,845,511,235,0,693,1,287,0,113,0,403,0,203,-3,17,0,3339
2025/09/25,15:30,3337,0,34,830,380,235,0,700,1,287,0,105,0,462,0,267,-4,40,0,3337
2025/09/25,16:00,3372,0,33,842,318,236,0,709,1,287,0,86,0,531,0,287,-4,46,0,3372
2025/09/25,16:30,3354,0,33,827,309,237,0,712,1,288,0,54,0,554,0,295,-4,48,0,3354
2025/09/25,17:00,3344,0,33,840,267,239,0,726,1,288,0,2,0,550,0,247,-5,156,0,3344
2025/09/25,17:30,3404,0,33,829,349,239,0,706,1,288,0,1,0,545,0,306,-3,110,0,3404
2025/09/25,18:00,3411,0,38,853,455,240,0,709,1,288,0,0,0,551,0,282,40,-46,0,3411
2025/09/25,18:30,3327,0,38,861,304,240,0,711,1,287,0,0,0,551,0,307,38,-11,0,3327
2025/09/25,19:00,3256,0,38,863,229,240,0,697,1,288,0,0,0,589,0,290,10,11,0,3256
2025/09/25,19:30,3174,0,37,849,233,239,0,689,1,287,0,0,0,643,0,224,-5,-23,0,3174
2025/09/25,20:00,3083,0,37,854,298,239,0,686,1,288,0,0,0,622,0,75,-4,-13,0,3083
2025/09/25,20:30,3007,0,37,839,226,237,0,681,1,288,0,0,0,590,0,28,-5,85,0,3007
2025/09/25,21:00,2899,0,37,863,201,237,0,657,1,287,0,0,0,531,0,20,-5,70,0,2899
2025/09/25,21:30,2829,0,38,857,191,237,0,626,1,287,0,0,0,536,0,24,-5,37,0,2829
2025/09/25,22:00,2807,0,38,796,200,235,0,603,1,287,0,0,0,528,0,72,-6,53,0,2807
2025/09/25,22:30,2735,0,37,803,161,229,0,600,1,287,0,0,0,554,0,71,-6,-2,0,2735
2025/09/25,23:00,2694,0,32,697,160,224,0,596,1,288,0,0,0,574,0,102,-4,24,0,2694
2025/09/25,23:30,2636,0,33,701,159,216,0,590,1,288,0,0,0,564,0,25,-5,64,0,2636
2025/09/26,00:00,2565,0,34,696,159,215,0,578,1,288,0,0,0,545,0,20,-6,35,0,2565
2025/09/26,00:30,2477,0,34,644,157,219,0,587,1,288,0,0,0,542,0,18,-5,-8,0,2477
2025/09/26,01:00,2496,0,34,686,112,219,0,593,1,288,0,0,0,548,0,29,-5,-9,0,2496
2025/09/26,01:30,2488,0,34,725,106,219,0,591,1,289,0,0,0,529,0,29,-4,-31,0,2488
2025/09/26,02:00,2504,0,34,728,106,219,0,594,1,289,0,0,0,490,0,34,-5,14,0,2504
2025/09/26,02:30,2618,0,34,729,124,219,0,608,1,289,0,0,0,487,0,64,-4,67,0,2618
2025/09/26,03:00,2696,0,34,684,159,219,0,604,1,289,0,0,0,496,0,79,-4,135,0,2696
2025/09/26,03:30,2778,0,34,664,159,219,0,604,1,289,0,0,0,506,0,156,-4,150,0,2778
2025/09/26,04:00,2777,0,34,743,191,219,0,643,1,289,0,0,0,431,0,171,-4,59,0,2777
2025/09/26,04:30,2751,0,34,738,196,219,0,661,1,289,0,0,0,371,0,151,-5,96,0,2751
2025/09/26,05:00,2743,0,34,743,249,219,0,644,1,288,0,1,0,329,0,110,-5,130,0,2743
2025/09/26,05:30,2687,0,34,723,176,219,0,644,1,289,0,66,0,335,0,92,-5,113,0,2687
2025/09/26,06:00,2797,0,34,707,162,219,0,656,1,289,0,287,0,343,0,14,-5,90,0,2797
2025/09/26,06:30,2765,0,34,623,159,219,0,601,1,288,0,527,0,374,0,12,-6,-67,0,2765
2025/09/26,07:00,2914,0,33,525,159,206,0,598,1,288,0,792,0,399,0,19,-5,-101,0,2914
2025/09/26,07:30,3040,0,32,485,159,180,0,611,1,288,0,1062,0,434,0,-92,-6,-114,0,3040
2025/09/26,08:00,3157,0,32,472,161,172,0,624,1,288,0,1241,0,479,0,-214,-5,-94,0,3157
2025/09/26,08:30,3331,0,32,541,129,172,0,610,1,287,0,1368,0,517,0,-213,-5,-108,0,3331
2025/09/26,09:00,3558,0,32,653,138,146,0,592,1,288,0,1493,0,513,0,-203,-5,-90,0,3558
2025/09/26,09:30,3656,0,31,649,158,121,0,574,1,287,0,1539,0,579,0,-209,-6,-68,0,3656
2025/09/26,10:00,3648,0,31,687,157,133,0,565,1,284,0,1502,0,581,0,-178,-4,-111,0,3648
2025/09/26,10:30,3542,0,31,450,120,138,0,553,1,285,0,1526,0,576,0,17,-49,-106,0,3542
2025/09/26,11:00,3527,0,31,423,111,139,0,555,1,287,0,1526,0,540,0,21,-18,-89,0,3527
2025/09/26,11:30,3507,0,31,515,150,142,0,551,1,285,0,1444,0,539,0,60,-6,-205,0,3507
2025/09/26,12:00,3398,0,31,521,133,143,0,546,1,287,0,1440,0,530,0,63,-46,-251,0,3398
2025/09/26,12:30,3316,0,31,455,123,140,0,554,1,285,0,1386,0,546,0,52,-45,-212,0,3316
2025/09/26,13:00,3424,0,31,525,154,164,0,584,1,274,0,1182,0,551,0,18,-3,-57,0,3424
2025/09/26,13:30,3324,0,32,499,141,201,0,649,1,267,0,978,0,558,0,17,-6,-13,0,3324
2025/09/26,14:00,3254,0,33,639,128,218,0,646,1,278,0,811,0,524,0,22,-4,-42,0,3254
2025/09/26,14:30,3180,0,32,661,162,218,0,662,1,288,0,697,0,478,0,23,-3,-39,0,3180
2025/09/26,15:00,3160,0,32,765,171,218,0,689,1,288,0,555,0,429,0,4,-5,13,0,3160
2025/09/26,15:30,3188,0,32,741,202,201,0,719,1,289,0,418,0,411,0,45,11,118,0,3188
2025/09/26,16:00,3270,0,33,748,242,171,0,784,1,289,0,214,0,346,0,214,-4,232,0,3270
2025/09/26,16:30,3292,0,32,775,429,167,0,791,1,289,0,65,0,346,0,293,-7,111,0,3292
2025/09/26,17:00,3300,0,33,782,420,185,0,793,1,288,0,0,0,341,0,307,-5,155,0,3300
2025/09/26,17:30,3338,0,33,820,354,215,0,797,1,289,0,0,0,331,0,304,-5,199,0,3338
2025/09/26,18:00,3307,0,33,837,315,222,0,806,1,289,0,0,0,327,0,302,38,137,0,3307
2025/09/26,18:30,3239,0,33,830,272,222,0,813,1,289,0,0,0,334,0,299,29,117,0,3239
2025/09/26,19:00,3189,0,38,839,270,222,0,824,1,288,0,0,0,292,0,284,15,116,0,3189
2025/09/26,19:30,3073,0,38,835,250,220,0,824,1,288,0,0,0,257,0,284,-6,82,0,3073
2025/09/26,20:00,2976,0,39,840,266,221,0,740,1,288,0,0,0,225,0,247,6,103,0,2976
2025/09/26,20:30,2906,0,39,828,324,219,0,723,1,288,0,0,0,221,0,151,-7,119,0,2906
2025/09/26,21:00,2824,0,39,841,310,219,0,696,1,288,0,0,0,182,0,117,-7,138,0,2824
2025/09/26,21:30,2740,0,39,829,253,219,0,679,1,288,0,0,0,176,0,116,-7,147,0,2740
2025/09/26,22:00,2739,0,39,834,233,219,0,674,1,288,0,0,0,162,0,113,-6,182,0,2739
2025/09/26,22:30,2715,0,39,827,205,218,0,675,1,288,0,0,0,150,0,120,-6,198,0,2715
2025/09/26,23:00,2708,0,33,835,259,218,0,673,1,288,0,0,0,161,0,46,-7,201,0,2708
2025/09/26,23:30,2582,0,33,768,183,219,0,671,1,289,0,0,0,212,0,15,-5,196,0,2582
2025/09/27,00:00,2554,0,33,723,159,219,0,688,1,289,0,0,0,213,0,20,-7,216,0,2554
2025/09/27,00:30,2432,0,33,764,159,219,0,688,1,288,0,0,0,219,0,22,-9,48,0,2432
2025/09/27,01:00,2425,0,33,680,159,219,0,694,1,288,0,0,0,228,0,31,-37,129,0,2425
2025/09/27,01:30,2401,0,33,642,159,219,0,700,1,289,0,0,0,206,0,41,-46,157,0,2401
2025/09/27,02:00,2474,0,34,666,159,219,0,699,1,289,0,0,0,166,0,100,-44,185,0,2474
2025/09/27,02:30,2528,0,34,678,159,219,0,727,1,289,0,0,0,138,0,85,-6,204,0,2528
2025/09/27,03:00,2660,0,34,727,159,220,0,745,1,290,0,0,0,140,0,102,-5,247,0,2660
2025/09/27,03:30,2686,0,34,715,159,220,0,747,1,289,0,0,0,156,0,101,-5,269,0,2686
2025/09/27,04:00,2724,0,34,730,159,219,0,743,1,290,0,0,0,147,0,145,-4,260,0,2724
2025/09/27,04:30,2698,0,34,695,159,219,0,724,1,290,0,0,0,160,0,152,-4,268,0,2698
2025/09/27,05:00,2691,0,33,724,160,219,0,714,1,290,0,1,0,152,0,159,-4,242,0,2691
2025/09/27,05:30,2555,0,33,636,159,219,0,704,1,290,0,62,0,141,0,182,-4,132,0,2555
2025/09/27,06:00,2629,0,33,648,159,220,0,689,1,289,0,295,0,125,0,184,40,-54,0,2629
2025/09/27,06:30,2583,0,33,651,159,219,0,663,1,289,0,554,0,142,0,136,38,-302,0,2583
2025/09/27,07:00,2571,0,33,525,159,206,0,662,1,288,0,834,0,150,0,2,8,-297,0,2571
2025/09/27,07:30,2631,0,33,446,159,180,0,648,1,287,0,1118,0,193,0,-214,-6,-214,0,2631
2025/09/27,08:00,2726,0,38,430,159,156,0,583,1,287,0,1331,0,244,0,-232,-6,-265,0,2726
2025/09/27,08:30,2798,0,38,335,167,127,0,581,1,287,0,1541,0,354,0,-387,-6,-240,0,2798
2025/09/27,09:00,2931,0,38,354,164,120,0,561,1,287,0,1706,0,392,0,-449,-5,-238,0,2931
2025/09/27,09:30,2983,0,38,340,171,119,0,544,1,287,0,1805,0,437,0,-526,-6,-227,0,2983
2025/09/27,10:00,3027,0,38,324,127,120,0,525,1,287,0,1847,0,480,0,-521,-47,-154,0,3027
2025/09/27,10:30,3051,0,38,245,106,120,0,523,1,287,0,1858,0,514,0,-439,-45,-157,0,3051
2025/09/27,11:00,3122,0,38,334,119,119,0,504,1,288,0,1861,0,455,0,-419,-5,-173,0,3122
2025/09/27,11:30,3088,0,37,322,158,119,0,504,1,288,0,1790,0,481,0,-424,-7,-181,0,3088
2025/09/27,12:00,3022,0,37,344,159,119,0,505,1,288,0,1715,0,492,0,-419,-41,-178,0,3022
2025/09/27,12:30,2948,0,37,292,162,120,0,505,1,288,0,1657,0,513,0,-402,-5,-220,0,2948
2025/09/27,13:00,2921,0,37,321,159,120,0,504,1,275,0,1549,0,511,0,-208,-6,-342,0,2921
2025/09/27,13:30,2849,0,38,269,161,119,0,506,1,267,0,1409,0,585,0,-206,-5,-295,0,2849
2025/09/27,14:00,2794,0,37,283,161,119,0,556,1,277,0,1218,0,643,0,-209,-5,-287,0,2794
2025/09/27,14:30,2794,0,37,310,169,149,0,574,1,288,0,1010,0,656,0,-194,-4,-202,0,2794
2025/09/27,15:00,2809,0,37,422,276,204,0,598,1,289,0,786,0,633,0,-184,0,-253,0,2809
2025/09/27,15:30,2853,0,37,425,255,217,0,647,1,289,0,536,0,582,0,28,14,-178,0,2853
2025/09/27,16:00,2948,0,37,506,161,217,0,728,1,289,0,283,0,564,0,273,8,-119,0,2948
2025/09/27,16:30,3030,0,38,673,159,217,0,796,1,289,0,103,0,576,0,314,-3,-133,0,3030
2025/09/27,17:00,3078,0,38,691,158,220,0,810,1,289,0,1,0,579,0,405,-5,-109,0,3078
2025/09/27,17:30,3190,0,38,726,113,225,0,823,1,289,0,0,0,597,0,414,-4,-32,0,3190
2025/09/27,18:00,3192,0,38,756,106,230,0,825,1,289,0,0,0,581,0,404,-4,-34,0,3192
2025/09/27,18:30,3126,0,38,682,106,236,0,821,1,288,0,0,0,592,0,394,-6,-26,0,3126
2025/09/27,19:00,3072,0,38,647,106,241,0,801,1,288,0,0,0,608,0,330,-6,18,0,3072
2025/09/27,19:30,2998,0,37,732,106,239,0,735,1,289,0,0,0,601,0,291,-5,-28,0,2998
2025/09/27,20:00,2910,0,37,708,106,239,0,671,1,289,0,0,0,562,0,291,-6,12,0,2910
2025/09/27,20:30,2820,0,38,627,106,237,0,647,1,290,0,0,0,539,0,287,-5,53,0,2820
2025/09/27,21:00,2757,0,37,641,106,237,0,637,1,289,0,0,0,504,0,288,-5,22,0,2757
2025/09/27,21:30,2665,0,38,696,106,237,0,624,1,289,0,0,0,496,0,232,-5,-49,0,2665
2025/09/27,22:00,2644,0,38,722,106,237,0,609,1,289,0,0,0,492,0,211,-5,-56,0,2644
2025/09/27,22:30,2590,0,39,766,106,238,0,607,1,289,0,0,0,494,0,141,0,-91,0,2590
2025/09/27,23:00,2592,0,39,687,106,238,0,599,1,289,0,0,0,495,0,144,3,-9,0,2592
2025/09/27,23:30,2472,0,38,680,106,238,0,573,1,289,0,0,0,495,0,131,2,-81,0,2472
2025/09/28,00:00,2404,0,40,707,106,238,0,537,1,290,0,0,0,475,0,113,0,-103,0,2404
2025/09/28,00:30,2358,0,40,700,106,238,0,536,1,290,0,0,0,479,0,87,-15,-104,0,2358
2025/09/28,01:00,2310,0,40,620,106,238,0,522,1,290,0,0,0,454,0,83,-2,-42,0,2310
2025/09/28,01:30,2310,0,40,577,106,238,0,510,1,290,0,0,0,460,0,80,-2,10,0,2310
2025/09/28,02:00,2351,0,40,529,106,238,0,520,1,290,0,0,0,428,0,161,-3,41,0,2351
2025/09/28,02:30,2449,0,39,569,111,238,0,511,1,290,0,0,0,435,0,146,-30,139,0,2449
2025/09/28,03:00,2533,0,38,620,157,238,0,545,1,289,0,0,0,422,0,77,-2,148,0,2533
2025/09/28,03:30,2581,0,37,564,159,238,0,578,1,289,0,0,0,447,0,80,-1,189,0,2581
2025/09/28,04:00,2623,0,37,560,159,238,0,566,1,289,0,0,0,455,0,83,-1,236,0,2623
2025/09/28,04:30,2611,0,38,555,159,238,0,565,1,290,0,0,0,479,0,77,-2,211,0,2611
2025/09/28,05:00,2576,0,40,500,159,237,0,559,1,289,0,1,0,475,0,83,-2,234,0,2576
2025/09/28,05:30,2444,0,40,450,160,236,0,514,1,289,0,59,0,470,0,80,-2,147,0,2444
2025/09/28,06:00,2472,0,40,369,265,236,0,479,1,289,0,284,0,445,0,85,-3,-18,0,2472
2025/09/28,06:30,2436,0,40,347,359,234,0,468,1,288,0,494,0,405,0,29,-3,-226,0,2436
2025/09/28,07:00,2442,0,38,355,273,235,0,472,1,287,0,703,0,408,0,15,-5,-340,0,2442
2025/09/28,07:30,2454,0,39,302,176,225,0,475,1,289,0,1019,0,423,0,-122,-24,-349,0,2454
2025/09/28,08:00,2504,0,38,335,161,183,0,478,1,290,0,1229,0,427,0,-240,-3,-395,0,2504
2025/09/28,08:30,2582,0,38,336,223,144,0,464,1,289,0,1379,0,459,0,-210,-2,-539,0,2582
2025/09/28,09:00,2646,0,38,271,185,138,0,454,1,290,0,1573,0,451,0,-277,-2,-476,0,2646
2025/09/28,09:30,2702,0,13,235,159,138,0,447,1,289,0,1660,0,471,0,-393,-2,-316,0,2702
2025/09/28,10:00,2768,0,11,310,159,139,0,435,1,289,0,1727,0,491,0,-370,-3,-421,0,2768
2025/09/28,10:30,2818,0,11,291,216,139,0,399,1,289,0,1831,0,489,0,-367,-3,-478,0,2818
2025/09/28,11:00,2838,0,11,296,225,139,0,389,1,288,0,1834,0,462,0,-370,-6,-431,0,2838
2025/09/28,11:30,2870,0,11,254,222,139,0,375,1,289,0,1767,0,480,0,-250,-7,-411,0,2870
2025/09/28,12:00,2873,0,11,279,214,139,0,371,1,289,0,1726,0,482,0,-255,-5,-379,0,2873
2025/09/28,12:30,2797,0,11,280,236,139,0,377,1,288,0,1616,0,495,0,-321,-7,-318,0,2797
2025/09/28,13:00,2690,0,11,462,170,139,0,377,1,275,0,1464,0,489,0,-362,-9,-327,0,2690
2025/09/28,13:30,2854,0,35,752,166,156,0,387,1,268,0,1212,0,499,0,-367,-10,-245,0,2854
2025/09/28,14:00,2838,0,38,708,172,185,0,420,1,275,0,933,0,493,0,-276,-10,-101,0,2838
2025/09/28,14:30,2836,0,38,688,186,207,0,457,1,288,0,710,0,500,0,-79,-11,-149,0,2836
2025/09/28,15:00,2848,0,38,751,243,231,0,484,1,289,0,481,0,486,0,0,-2,-154,0,2848
2025/09/28,15:30,2840,0,38,769,250,237,0,506,1,289,0,268,0,459,0,11,9,3,0,2840
2025/09/28,16:00,2876,0,37,797,160,238,0,615,1,290,0,109,0,453,0,21,-5,160,0,2876
2025/09/28,16:30,2914,0,38,741,159,239,0,673,1,290,0,37,0,458,0,35,-7,250,0,2914
2025/09/28,17:00,3013,0,38,736,159,241,0,697,1,291,0,0,0,450,0,122,-7,285,0,3013
2025/09/28,17:30,3139,0,38,788,168,241,0,731,1,293,0,0,0,451,0,196,-7,239,0,3139
2025/09/28,18:00,3105,0,38,732,183,242,0,733,1,295,0,0,0,439,0,215,-7,234,0,3105
2025/09/28,18:30,3049,0,38,770,193,241,0,729,1,296,0,0,0,454,0,179,-8,156,0,3049
2025/09/28,19:00,3038,0,38,818,280,241,0,676,1,297,0,0,0,460,0,31,-7,203,0,3038
2025/09/28,19:30,2966,0,38,772,332,240,0,666,1,299,0,0,0,472,0,0,-7,153,0,2966
2025/09/28,20:00,2904,0,38,796,339,240,0,597,1,301,0,0,0,471,0,0,-5,126,0,2904
2025/09/28,20:30,2832,0,37,835,293,238,0,562,1,306,0,0,0,469,0,15,-6,82,0,2832
2025/09/28,21:00,2744,0,38,763,158,238,0,538,1,311,0,0,0,467,0,20,-6,216,0,2744
2025/09/28,21:30,2652,0,38,736,159,238,0,546,1,314,0,0,0,475,0,23,-5,127,0,2652
2025/09/28,22:00,2612,0,39,857,172,238,0,521,1,313,0,0,0,454,0,21,-6,2,0,2612
2025/09/28,22:30,2524,0,39,839,179,238,0,481,1,313,0,0,0,468,0,23,-6,-51,0,2524
2025/09/28,23:00,2498,0,38,853,174,238,0,452,1,314,0,0,0,459,0,24,-6,-49,0,2498
2025/09/28,23:30,2408,0,39,813,196,238,0,431,1,318,0,0,0,454,0,21,-5,-98,0,2408
2025/09/29,00:00,2353,0,40,762,161,238,0,427,1,317,0,0,0,437,0,20,-5,-45,0,2353
2025/09/29,00:30,2315,0,40,752,166,238,0,444,1,316,0,0,0,432,0,19,-6,-87,0,2315
2025/09/29,01:00,2321,0,40,714,159,238,0,445,1,316,0,0,0,436,0,22,-5,-45,0,2321
2025/09/29,01:30,2283,0,40,660,159,238,0,445,1,317,0,0,0,412,0,51,-4,-36,0,2283
2025/09/29,02:00,2317,0,39,609,167,238,0,446,1,317,0,0,0,389,0,81,-35,65,0,2317
2025/09/29,02:30,2407,0,38,618,168,238,0,446,1,316,0,0,0,368,0,83,-4,135,0,2407
2025/09/29,03:00,2485,0,38,687,176,238,0,463,1,316,0,0,0,292,0,81,-3,196,0,2485
2025/09/29,03:30,2549,0,37,663,183,238,0,491,1,315,0,0,0,261,0,108,-5,257,0,2549
2025/09/29,04:00,2577,0,38,720,216,238,0,575,1,318,0,0,0,232,0,85,-4,158,0,2577
2025/09/29,04:30,2609,0,40,711,224,238,0,593,1,322,0,0,0,213,0,80,-4,191,0,2609
2025/09/29,05:00,2590,0,40,740,272,238,0,594,1,322,0,1,0,186,0,77,-4,123,0,2590
2025/09/29,05:30,2540,0,40,662,227,238,0,577,1,322,0,43,0,217,0,75,-3,141,0,2540
2025/09/29,06:00,2629,0,34,721,231,238,0,513,1,323,0,182,0,203,0,35,-6,154,0,2629
2025/09/29,06:30,2689,0,33,733,324,238,0,498,1,322,0,325,0,129,0,22,-5,69,0,2689
2025/09/29,07:00,2861,0,33,729,361,238,0,510,1,323,0,585,0,79,0,18,-7,-9,0,2861
2025/09/29,07:30,3099,0,34,736,441,237,0,543,1,321,0,743,0,78,0,36,-12,-59,0,3099
2025/09/29,08:00,3219,0,34,733,444,237,0,547,1,318,0,819,0,74,0,21,-3,-6,0,3219
2025/09/29,08:30,3383,0,34,692,478,237,0,548,1,317,0,893,0,68,0,7,-2,110,0,3383
2025/09/29,09:00,3540,0,34,689,585,237,0,548,1,317,0,856,0,62,0,0,7,204,0,3540
2025/09/29,09:30,3650,0,34,697,558,236,0,543,1,315,0,858,0,69,0,37,-7,309,0,3650
2025/09/29,10:00,3616,0,34,747,615,236,0,509,1,315,0,841,0,50,0,51,-8,225,0,3616
2025/09/29,10:30,3420,0,34,710,653,237,0,455,1,315,0,778,0,86,0,11,-9,149,0,3420
2025/09/29,11:00,3329,0,34,680,399,236,0,439,1,315,0,903,0,77,0,21,-5,229,0,3329
2025/09/29,11:30,3219,0,34,713,394,236,0,403,1,315,0,864,0,66,0,8,-6,191,0,3219
2025/09/29,12:00,3235,0,34,754,489,236,0,396,1,316,0,903,0,62,0,0,-6,50,0,3235
2025/09/29,12:30,3311,0,34,789,581,236,0,390,1,316,0,842,0,77,0,20,-5,30,0,3311
2025/09/29,13:00,3446,0,34,835,570,236,0,440,1,306,0,704,0,74,0,28,-5,223,0,3446
2025/09/29,13:30,3410,0,34,850,524,236,0,462,1,294,0,583,0,53,0,39,-5,339,0,3410
2025/09/29,14:00,3270,0,34,868,465,221,0,524,1,306,0,449,0,51,0,25,-5,331,0,3270
2025/09/29,14:30,3252,0,33,853,470,191,0,570,1,315,0,389,0,70,0,25,-5,340,0,3252
2025/09/29,15:00,3229,0,33,811,364,205,0,625,1,316,0,357,0,105,0,102,-4,314,0,3229
2025/09/29,15:30,3221,0,33,844,313,203,0,689,1,315,0,198,0,148,0,172,-4,309,0,3221
2025/09/29,16:00,3235,0,33,856,447,183,0,759,1,315,0,80,0,148,0,286,-4,131,0,3235
2025/09/29,16:30,3263,0,33,845,517,185,0,787,1,316,0,34,0,161,0,285,-3,102,0,3263
2025/09/29,17:00,3295,0,33,867,529,200,0,787,1,316,0,1,0,162,0,306,-4,97,0,3295
2025/09/29,17:30,3369,0,34,859,529,214,0,788,1,316,0,0,0,161,0,345,-5,127,0,3369
2025/09/29,18:00,3323,0,33,864,485,225,0,759,1,315,0,0,0,154,0,367,-5,125,0,3323
2025/09/29,18:30,3273,0,33,857,463,240,0,719,1,316,0,0,0,165,0,315,-6,170,0,3273
2025/09/29,19:00,3198,0,33,864,455,241,0,715,1,316,0,1,0,139,0,275,-6,164,0,3198
2025/09/29,19:30,3116,0,33,860,427,239,0,712,1,317,0,2,0,122,0,250,-5,158,0,3116
2025/09/29,20:00,3007,0,33,862,481,239,0,653,1,315,0,0,0,109,0,219,-6,101,0,3007
2025/09/29,20:30,2929,0,33,856,432,238,0,656,1,315,0,0,0,92,0,150,-6,162,0,2929
2025/09/29,21:00,2832,0,33,868,345,238,0,637,1,316,0,0,0,68,0,134,-5,197,0,2832
2025/09/29,21:30,2744,0,33,863,255,238,0,636,1,316,0,0,0,68,0,122,-6,218,0,2744
2025/09/29,22:00,2709,0,32,860,258,238,0,636,1,315,0,0,0,54,0,115,-6,206,0,2709
2025/09/29,22:30,2635,0,32,852,246,238,0,632,1,316,0,0,0,50,0,110,-5,163,0,2635
2025/09/29,23:00,2600,0,32,857,183,238,0,620,1,316,0,0,0,64,0,113,-5,181,0,2600
2025/09/29,23:30,2528,0,32,849,168,238,0,595,1,316,0,0,0,100,0,78,-5,156,0,2528
2025/09/30,00:00,2450,0,32,853,214,238,0,550,1,316,0,0,0,109,0,22,-3,118,0,2450
2025/09/30,00:30,2398,0,32,849,264,238,0,529,1,316,0,0,0,93,0,21,11,44,0,2398
2025/09/30,01:00,2379,0,32,854,209,238,0,507,1,316,0,0,0,75,0,25,-5,127,0,2379
2025/09/30,01:30,2393,0,32,850,244,238,0,506,1,317,0,0,0,58,0,21,-6,132,0,2393
2025/09/30,02:00,2418,0,32,855,203,238,0,513,1,316,0,0,0,42,0,21,-32,229,0,2418
2025/09/30,02:30,2532,0,32,849,210,238,0,553,1,316,0,0,0,31,0,43,-4,263,0,2532
2025/09/30,03:00,2614,0,32,846,232,238,0,602,1,316,0,0,0,18,0,55,-1,275,0,2614
2025/09/30,03:30,2676,0,32,853,243,238,0,620,1,317,0,0,0,18,0,105,0,249,0,2676
2025/09/30,04:00,2707,0,32,857,193,238,0,660,1,316,0,0,0,14,0,127,-3,272,0,2707
2025/09/30,04:30,2705,0,32,856,210,238,0,670,1,316,0,0,0,14,0,99,-2,271,0,2705
2025/09/30,05:00,2696,0,32,856,191,238,0,638,1,317,0,0,0,10,0,139,-4,278,0,2696
2025/09/30,05:30,2596,0,32,838,170,238,0,575,1,317,0,28,0,16,0,117,-3,267,0,2596
2025/09/30,06:00,2626,0,32,803,164,238,0,478,1,316,0,224,0,12,0,60,13,285,0,2626
2025/09/30,06:30,2670,0,32,798,159,238,0,437,1,316,0,558,0,25,0,23,-1,84,0,2670
2025/09/30,07:00,2809,0,32,808,168,223,0,403,1,316,0,966,0,27,0,9,-5,-139,0,2809
2025/09/30,07:30,2881,0,32,584,158,199,0,401,1,315,0,1251,0,28,0,5,-6,-87,0,2881
2025/09/30,08:00,3054,0,32,693,161,191,0,396,1,315,0,1499,0,21,0,-209,-6,-40,0,3054
2025/09/30,08:30,3190,0,32,630,161,178,0,393,1,315,0,1714,0,20,0,-214,-6,-34,0,3190
2025/09/30,09:00,3293,0,32,559,162,168,0,410,1,315,0,1868,0,17,0,-220,-6,-13,0,3293
2025/09/30,09:30,3333,0,32,681,161,167,0,410,1,315,0,1963,0,16,0,-416,-6,9,0,3333
2025/09/30,10:00,3344,0,32,732,162,169,0,408,1,316,0,2020,0,4,0,-428,-6,-66,0,3344
2025/09/30,10:30,3408,0,32,737,164,168,0,400,1,315,0,2060,0,7,0,-428,-4,-44,0,3408
2025/09/30,11:00,3437,0,32,770,229,168,0,367,1,316,0,2062,0,6,0,-505,4,-13,0,3437
2025/09/30,11:30,3385,0,32,695,178,176,0,352,1,316,0,2038,0,13,0,-439,-6,29,0,3385
2025/09/30,12:00,3244,0,32,613,171,191,0,341,1,316,0,1987,0,9,0,-356,-45,-16,0,3244
2025/09/30,12:30,3166,0,32,557,162,193,0,347,1,316,0,1896,0,12,0,-310,-7,-33,0,3166
2025/09/30,13:00,3242,0,32,665,219,192,0,417,1,308,0,1762,0,11,0,-396,-2,33,0,3242
2025/09/30,13:30,3236,0,32,797,185,190,0,521,1,296,0,1579,0,10,0,-226,-4,-145,0,3236
2025/09/30,14:00,3166,0,32,830,221,157,0,561,1,305,0,1353,0,6,0,-187,-16,-97,0,3166
2025/09/30,14:30,3078,0,32,816,209,141,0,597,1,315,0,1062,0,12,0,-96,-4,-7,0,3078
2025/09/30,15:00,3049,0,32,864,199,157,0,665,1,317,0,771,0,19,0,-50,-3,77,0,3049
2025/09/30,15:30,3041,0,32,848,309,171,0,700,1,317,0,418,0,20,0,35,-3,193,0,3041
2025/09/30,16:00,3143,0,32,861,304,185,0,768,1,317,0,156,0,10,0,260,-4,253,0,3143
2025/09/30,16:30,3235,0,32,857,332,207,0,779,1,319,0,43,0,14,0,321,-5,335,0,3235
2025/09/30,17:00,3262,0,32,859,428,190,0,783,1,324,0,1,0,29,0,299,-4,320,0,3262
2025/09/30,17:30,3318,0,32,854,472,190,0,779,1,325,0,0,0,40,0,299,-5,331,0,3318
2025/09/30,18:00,3273,0,32,855,412,205,0,767,1,325,0,0,0,55,0,296,44,281,0,3273
2025/09/30,18:30,3213,0,32,850,324,235,0,763,1,325,0,0,0,65,0,258,42,318,0,3213
2025/09/30,19:00,3177,0,32,862,394,240,0,713,1,325,0,0,0,67,0,223,-6,326,0,3177
2025/09/30,19:30,3059,0,32,857,392,239,0,713,1,325,0,0,0,83,0,153,-3,267,0,3059
2025/09/30,20:00,2973,0,32,860,355,240,0,678,1,325,0,0,0,102,0,124,-4,260,0,2973
2025/09/30,20:30,2915,0,32,851,321,238,0,646,1,324,0,0,0,116,0,125,-3,264,0,2915
2025/09/30,21:00,2811,0,31,860,247,238,0,621,1,325,0,0,0,122,0,116,-6,256,0,2811
2025/09/30,21:30,2707,0,32,818,167,238,0,612,1,324,0,0,0,136,0,116,-6,269,0,2707
2025/09/30,22:00,2683,0,31,842,171,238,0,591,1,324,0,0,0,139,0,121,-5,230,0,2683
2025/09/30,22:30,2599,0,31,833,161,238,0,572,1,324,0,0,0,155,0,114,-6,176,0,2599
2025/09/30,23:00,2568,0,31,780,159,238,0,553,1,325,0,0,0,193,0,113,-6,181,0,2568
2025/09/30,23:30,2482,0,31,732,159,238,0,523,1,324,0,0,0,273,0,65,-5,141,0,2482
,,,,,,,,,,,,,,,,,,,,,
,,,,,,,,,,,,,,,,,,,,,
,,,,,,,,,,,,,,,,,,,,,
,,,,,,,,,,,,,,,,,,,,,
,,,,,,,,,,,,,,,,,,,,,
,,,,,,,,,,,,,,,,,,,,,
,,,,,,,,,,,,,,,,,,,,,
,,,,,,,,,,,,,,,,,,,,,
,,,,,,,,,,,,,,,,,,,,,
,,,,,,,,,,,,,,,,,,,,,
,,,,,,,,,,,,,,,,,,,,,
,,,,,,,,,,,,,,,,,,,,,
,,,,,,,,,,,,,,,,,,,,,
,,,,,,,,,,,,,,,,,,,,,
,,,,,,,,,,,,,,,,,,,,,
,,,,,,,,,,,,,,,,,,,,,
,,,,,,,,,,,,,,,,,,,,,
,,,,,,,,,,,,,,,,,,,,,
,,,,,,,,,,,,,,,,,,,,,
,,,,,,,,,,,,,,,,,,,,,
,,,,,,,,,,,,,,,,,,,,,
,,,,,,,,,,,,,,,,,,,,,
,,,,,,,,,,,,,,,,,,,,,
,,,,,,,,,,,,,,,,,,,,,
,,,,,,,,,,,,,,,,,,,,,
,,,,,,,,,,,,,,,,,,,,,
,,,,,,,,,,,,,,,,,,,,,
,,,,,,,,,,,,,,,,,,,,,
,,,,,,,,,,,,,,,,,,,,,
,,,,,,,,,,,,,,,,,,,,,
,,,,,,,,,,,,,,,,,,,,,
,,,,,,,,,,,,,,,,,,,,,
,,,,,,,,,,,,,,,,,,,,,
,,,,,,,,,,,,,,,,,,,,,
,,,,,,,,,,,,,,,,,,,,,
,,,,,,,,,,,,,,,,,,,,,
,,,,,,,,,,,,,,,,,,,,,
,,,,,,,,,,,,,,,,,,,,,
,,,,,,,,,,,,,,,,,,,,,
,,,,,,,,,,,,,,,,,,,,,
,,,,,,,,,,,,,,,,,,,,,
,,,,,,,,,,,,,,,,,,,,,
,,,,,,,,,,,,,,,,,,,,,
,,,,,,,,,,,,,,,,,,,,,
,,,,,,,,,,,,,,,,,,,,,
,,,,,,,,,,,,,,,,,,,,,
,,,,,,,,,,,,,,,,,,,,,
,,,,,,,,,,,,,,,,,,,,,
