単位[MW平均],,,供給力,,,,,,,,,,,,,,,,
DATE,TIME,エリア需要,原子力,火力(LNG),火力(石炭),火力(石油),火力(その他),水力,地熱,バイオマス,太陽光発電実績,太陽光出力制御量,風力発電実績,風力出力制御量,揚水,蓄電池,連系線,その他,合計
2024/09/01,00:00,2582,0,221,749,46,234,701,17,241,0,0,646,0,20,0,-293,0,2582
2024/09/01,00:30,2478,0,148,756,46,234,701,17,241,0,0,607,0,19,-1,-290,0,2478
2024/09/01,01:00,2450,0,143,755,45,234,701,17,241,0,0,581,0,19,-1,-285,0,2450
2024/09/01,01:30,2394,0,104,765,46,234,701,17,242,0,0,543,0,20,-1,-277,0,2394
2024/09/01,02:00,2431,0,181,744,45,233,699,17,242,0,0,544,0,23,0,-297,0,2431
2024/09/01,02:30,2515,0,308,605,46,233,712,17,242,0,0,554,0,91,-1,-292,0,2515
2024/09/01,03:00,2585,0,335,606,45,234,710,17,242,0,0,528,0,169,-2,-299,0,2585
2024/09/01,03:30,2627,0,319,608,46,232,709,17,241,0,0,527,0,248,-10,-310,0,2627
2024/09/01,04:00,2678,0,319,589,46,234,753,17,241,0,0,523,0,278,-5,-317,0,2678
2024/09/01,04:30,2652,0,259,588,46,233,762,17,242,0,0,530,0,297,-3,-319,0,2652
2024/09/01,05:00,2578,0,281,582,47,234,762,17,241,18,0,483,0,200,-1,-286,0,2578
2024/09/01,05:30,2524,0,298,532,46,218,745,17,240,118,0,471,0,144,-1,-304,0,2524
2024/09/01,06:00,2539,0,277,473,47,187,727,17,236,359,0,445,0,87,-5,-311,0,2539
2024/09/01,06:30,2569,0,264,364,44,180,666,17,227,681,0,408,0,25,-4,-303,0,2569
2024/09/01,07:00,2643,0,269,394,13,179,662,17,217,964,0,388,0,-154,-3,-303,0,2643
2024/09/01,07:30,2717,0,275,315,11,164,663,17,210,1180,0,405,0,-220,-4,-299,0,2717
2024/09/01,08:00,2809,0,296,291,12,132,664,17,190,1399,0,444,0,-300,-8,-328,0,2809
2024/09/01,08:30,2917,0,226,293,12,113,664,17,174,1594,0,460,0,-301,-7,-328,0,2917
2024/09/01,09:00,3045,0,117,364,12,112,664,17,173,1763,0,464,0,-295,-3,-343,0,3045
2024/09/01,09:30,3123,0,83,381,11,113,664,17,172,1853,0,459,0,-289,-3,-338,0,3123
2024/09/01,10:00,3219,0,129,385,11,113,652,17,168,1928,0,478,0,-300,-3,-359,0,3219
2024/09/01,10:30,3235,0,144,356,11,112,638,17,166,1961,0,485,0,-301,-3,-351,0,3235
2024/09/01,11:00,3252,0,149,383,12,113,637,17,167,1969,0,454,0,-290,-2,-357,0,3252
2024/09/01,11:30,3298,0,192,443,12,113,632,17,168,1949,0,438,0,-301,-3,-362,0,3298
2024/09/01,12:00,3291,0,215,444,12,113,623,17,168,1925,0,439,0,-299,-6,-360,0,3291
2024/09/01,12:30,3233,0,234,444,12,112,618,17,169,1858,0,443,0,-301,-4,-369,0,3233
2024/09/01,13:00,3234,0,245,468,12,131,619,17,181,1767,0,439,0,-276,-4,-365,0,3234
2024/09/01,13:30,3194,0,165,510,11,162,618,17,207,1630,0,456,0,-209,-4,-369,0,3194
2024/09/01,14:00,3140,0,209,512,32,175,628,17,222,1449,0,453,0,-205,-6,-346,0,3140
2024/09/01,14:30,3116,0,335,509,53,191,627,17,230,1249,0,459,0,-208,-7,-339,0,3116
2024/09/01,15:00,3142,0,394,512,47,221,664,17,231,1017,0,458,0,-86,-5,-328,0,3142
2024/09/01,15:30,3112,0,508,571,47,228,680,17,231,705,0,399,0,33,-4,-303,0,3112
2024/09/01,16:00,3147,0,443,883,46,229,724,17,232,462,0,368,0,36,-1,-292,0,3147
2024/09/01,16:30,3161,0,408,1053,56,229,752,17,232,211,0,348,0,184,-1,-328,0,3161
2024/09/01,17:00,3182,0,457,1055,97,229,766,17,232,50,0,346,0,306,-1,-372,0,3182
2024/09/01,17:30,3268,0,520,1050,97,229,773,17,232,5,0,349,0,344,-2,-346,0,3268
2024/09/01,18:00,3345,0,581,1074,112,231,774,17,232,0,0,346,0,335,-2,-355,0,3345
2024/09/01,18:30,3383,0,564,1219,55,232,773,17,231,0,0,339,0,312,-3,-356,0,3383
2024/09/01,19:00,3366,0,536,1305,63,232,756,17,231,0,0,301,0,309,-2,-382,0,3366
2024/09/01,19:30,3288,0,489,1307,54,232,755,17,231,0,0,285,0,308,-3,-387,0,3288
2024/09/01,20:00,3172,0,389,1307,45,233,756,17,232,0,0,276,0,289,-2,-370,0,3172
2024/09/01,20:30,3110,0,343,1297,46,233,755,17,231,0,0,276,0,285,-3,-370,0,3110
2024/09/01,21:00,2973,0,312,1280,45,234,696,17,231,0,0,274,0,240,-6,-350,0,2973
2024/09/01,21:30,2883,0,327,1260,45,230,682,17,232,0,0,269,0,157,-7,-329,0,2883
2024/09/01,22:00,2796,0,238,1251,49,234,681,17,231,0,0,271,0,152,-7,-321,0,2796
2024/09/01,22:30,2692,0,242,1229,45,233,680,17,232,0,0,271,0,86,-8,-335,0,2692
2024/09/01,23:00,2656,0,206,1211,45,233,654,17,232,0,0,318,0,66,-8,-318,0,2656
2024/09/01,23:30,2582,0,188,1186,45,233,635,17,232,0,0,361,0,0,-13,-302,0,2582
2024/09/02,00:00,2478,0,157,1138,45,234,604,17,232,0,0,353,0,0,-10,-292,0,2478
2024/09/02,00:30,2390,0,164,1003,45,234,639,17,231,0,0,360,0,0,-8,-295,0,2390
2024/09/02,01:00,2353,0,164,987,45,234,648,17,231,0,0,311,0,0,-8,-276,0,2353
2024/09/02,01:30,2343,0,181,995,45,234,660,17,232,0,0,260,0,0,-7,-274,0,2343
2024/09/02,02:00,2386,0,221,1042,45,234,660,17,231,0,0,228,0,0,-6,-286,0,2386
2024/09/02,02:30,2470,0,204,1135,45,234,661,17,231,0,0,239,0,0,-5,-291,0,2470
2024/09/02,03:00,2550,0,186,1179,45,234,663,17,232,0,0,310,0,0,-5,-311,0,2550
2024/09/02,03:30,2622,0,174,1206,45,234,664,17,231,0,0,333,0,17,-5,-294,0,2622
2024/09/02,04:00,2681,0,263,1227,45,233,664,17,232,0,0,262,0,24,-5,-281,0,2681
2024/09/02,04:30,2681,0,343,1283,45,233,664,17,231,0,0,176,0,18,-5,-324,0,2681
2024/09/02,05:00,2637,0,277,1289,45,234,663,17,232,14,0,166,0,19,-5,-314,0,2637
2024/09/02,05:30,2595,0,230,1217,45,234,629,17,232,113,0,169,0,19,-5,-305,0,2595
2024/09/02,06:00,2673,0,230,1112,45,234,610,17,232,302,0,197,0,17,-8,-315,0,2673
2024/09/02,06:30,2775,0,168,1063,46,234,610,17,232,536,0,176,0,18,-8,-317,0,2775
2024/09/02,07:00,2898,0,183,993,52,233,596,17,232,789,0,140,0,18,-8,-347,0,2898
2024/09/02,07:30,3020,0,157,990,51,232,595,17,232,940,0,123,0,19,-8,-328,0,3020
2024/09/02,08:00,3216,0,191,1008,52,229,593,17,231,1148,0,110,0,22,-7,-378,0,3216
2024/09/02,08:30,3484,0,275,1043,52,228,575,17,231,1316,0,115,0,21,-7,-382,0,3484
2024/09/02,09:00,3635,0,216,1078,52,229,624,17,230,1462,0,140,0,17,-3,-427,0,3635
2024/09/02,09:30,3715,0,275,1101,52,227,653,17,230,1534,0,127,0,-97,-4,-400,0,3715
2024/09/02,10:00,3800,0,315,1176,52,226,665,17,230,1590,0,94,0,-145,-4,-416,0,3800
2024/09/02,10:30,3912,0,335,1201,52,226,668,17,230,1637,0,112,0,-146,-3,-417,0,3912
2024/09/02,11:00,4002,0,378,1269,52,228,612,17,230,1657,0,91,0,-145,-4,-383,0,4002
2024/09/02,11:30,4036,0,372,1365,52,226,604,17,231,1616,0,116,0,-144,-3,-416,0,4036
2024/09/02,12:00,3898,0,299,1360,52,227,592,17,231,1529,0,133,0,-143,-5,-394,0,3898
2024/09/02,12:30,3834,0,369,1437,58,228,592,17,231,1334,0,114,0,-143,-5,-398,0,3834
2024/09/02,13:00,3902,0,351,1446,103,228,603,17,220,1173,0,101,0,85,-5,-420,0,3902
2024/09/02,13:30,3838,0,331,1464,104,228,603,17,211,997,0,155,0,148,-5,-415,0,3838
2024/09/02,14:00,3796,0,323,1489,104,229,604,17,218,812,0,255,0,179,-5,-429,0,3796
2024/09/02,14:30,3800,0,426,1478,62,229,610,17,230,634,0,225,0,282,-4,-389,0,3800
2024/09/02,15:00,3736,0,528,1499,101,229,640,17,231,454,0,179,0,263,-4,-401,0,3736
2024/09/02,15:30,3746,0,518,1533,104,229,663,17,232,322,0,187,0,309,-4,-364,0,3746
2024/09/02,16:00,3701,0,494,1539,101,229,671,17,232,198,0,153,0,301,-6,-228,0,3701
2024/09/02,16:30,3653,0,530,1538,101,229,669,17,231,78,0,135,0,308,-7,-176,0,3653
2024/09/02,17:00,3595,0,555,1542,101,229,686,17,232,15,0,138,0,304,-6,-218,0,3595
2024/09/02,17:30,3619,0,560,1522,101,228,689,17,232,1,0,137,0,321,-4,-185,0,3619
2024/09/02,18:00,3634,0,570,1516,101,231,692,17,232,0,0,123,0,306,-4,-150,0,3634
2024/09/02,18:30,3642,0,577,1516,101,233,693,17,231,0,0,126,0,309,-3,-158,0,3642
2024/09/02,19:00,3550,0,584,1565,105,233,674,17,232,1,0,74,0,316,-3,-248,0,3550
2024/09/02,19:30,3466,0,586,1569,109,233,675,17,232,1,0,35,0,310,-3,-298,0,3466
2024/09/02,20:00,3346,0,572,1569,103,232,647,17,232,0,0,32,0,268,-3,-323,0,3346
2024/09/02,20:30,3236,0,531,1564,103,232,622,17,232,0,0,32,0,205,-4,-298,0,3236
2024/09/02,21:00,3137,0,510,1563,90,232,541,16,232,0,0,45,0,205,-5,-292,0,3137
2024/09/02,21:30,3011,0,446,1561,52,231,528,16,232,0,0,49,0,168,-4,-268,0,3011
2024/09/02,22:00,2943,0,395,1561,46,233,531,17,232,0,0,47,0,85,-6,-198,0,2943
2024/09/02,22:30,2863,0,448,1519,45,234,533,17,231,0,0,47,0,18,-5,-224,0,2863
2024/09/02,23:00,2797,0,399,1503,45,234,537,17,231,0,0,105,0,17,-5,-286,0,2797
2024/09/02,23:30,2727,0,270,1489,45,234,546,17,231,0,0,170,0,19,-5,-289,0,2727
2024/09/03,00:00,2615,0,233,1402,45,233,559,17,231,0,0,165,0,19,-4,-285,0,2615
2024/09/03,00:30,2541,0,226,1285,45,233,558,17,231,0,0,169,0,25,-5,-243,0,2541
2024/09/03,01:00,2493,0,214,1248,45,233,559,17,231,0,0,151,0,20,-5,-220,0,2493
2024/09/03,01:30,2489,0,184,1248,45,233,608,17,231,0,0,134,0,22,-6,-227,0,2489
2024/09/03,02:00,2505,0,213,1211,45,233,623,17,231,0,0,129,0,23,-4,-216,0,2505
2024/09/03,02:30,2591,0,299,1251,45,233,623,17,232,0,0,121,0,23,-4,-249,0,2591
2024/09/03,03:00,2643,0,283,1343,45,233,624,17,232,0,0,104,0,20,-6,-252,0,2643
2024/09/03,03:30,2731,0,293,1417,45,233,622,17,232,0,0,94,0,20,-5,-237,0,2731
2024/09/03,04:00,2751,0,289,1441,45,233,623,17,232,0,0,78,0,82,-5,-284,0,2751
2024/09/03,04:30,2759,0,448,1332,45,233,623,17,232,0,0,57,0,84,-5,-307,0,2759
2024/09/03,05:00,2715,0,458,1345,45,233,608,17,232,12,0,48,0,28,-5,-306,0,2715
2024/09/03,05:30,2681,0,287,1396,45,234,608,17,232,107,0,30,0,16,-5,-286,0,2681
2024/09/03,06:00,2746,0,197,1327,46,236,592,17,232,327,0,34,0,18,-5,-275,0,2746
2024/09/03,06:30,2862,0,167,1217,45,236,557,17,232,591,0,52,0,15,-4,-263,0,2862
2024/09/03,07:00,2998,0,176,1091,48,234,552,17,231,851,0,59,0,18,-5,-274,0,2998
2024/09/03,07:30,3122,0,172,1045,61,230,551,17,231,1086,0,47,0,19,-5,-332,0,3122
2024/09/03,08:00,3340,0,171,1061,71,228,549,17,231,1324,0,43,0,19,-5,-369,0,3340
2024/09/03,08:30,3528,0,172,1047,70,228,524,17,231,1539,0,58,0,19,-6,-371,0,3528
2024/09/03,09:00,3678,0,171,1006,67,227,533,17,231,1724,0,98,0,2,-6,-392,0,3678
2024/09/03,09:30,3792,0,174,974,68,227,533,17,231,1847,0,112,0,0,-5,-386,0,3792
2024/09/03,10:00,3844,0,188,1000,68,227,516,17,230,1932,0,114,0,-43,-5,-400,0,3844
2024/09/03,10:30,3896,0,223,1096,69,227,519,17,231,1964,0,154,0,-199,0,-405,0,3896
2024/09/03,11:00,3945,0,207,1089,69,228,519,17,231,1978,0,198,0,-188,-7,-396,0,3945
2024/09/03,11:30,3901,0,190,1057,69,228,519,17,232,1967,0,205,0,-189,0,-394,0,3901
2024/09/03,12:00,3775,0,179,994,67,228,512,17,232,1932,0,214,0,-219,-7,-374,0,3775
2024/09/03,12:30,3725,0,184,1014,65,227,503,17,232,1869,0,221,0,-219,-4,-384,0,3725
2024/09/03,13:00,3829,0,272,1084,63,228,505,17,222,1781,0,221,0,-218,-5,-341,0,3829
2024/09/03,13:30,3813,0,234,1042,63,227,504,17,211,1643,0,273,0,-39,-5,-357,0,3813
2024/09/03,14:00,3758,0,247,1064,63,226,548,17,217,1466,0,300,0,0,-6,-384,0,3758
2024/09/03,14:30,3714,0,370,1118,63,201,561,17,230,1262,0,286,0,0,-6,-388,0,3714
2024/09/03,15:00,3658,0,435,1188,63,179,560,17,231,1032,0,281,0,13,0,-341,0,3658
2024/09/03,15:30,3664,0,489,1348,87,178,561,17,231,752,0,253,0,93,-11,-334,0,3664
2024/09/03,16:00,3676,0,466,1436,114,178,571,17,231,509,0,230,0,232,-11,-297,0,3676
2024/09/03,16:30,3652,0,540,1500,119,179,573,17,231,243,0,227,0,311,-6,-282,0,3652
2024/09/03,17:00,3598,0,568,1534,128,177,589,17,231,65,0,214,0,327,-5,-247,0,3598
2024/09/03,17:30,3572,0,571,1520,113,178,611,17,231,2,0,204,0,335,-5,-205,0,3572
2024/09/03,18:00,3593,0,552,1499,120,201,631,17,231,0,0,189,0,300,-6,-141,0,3593
2024/09/03,18:30,3603,0,531,1500,122,229,635,17,231,0,0,193,0,296,-5,-146,0,3603
2024/09/03,19:00,3522,0,558,1540,122,232,630,17,231,0,0,151,0,289,-5,-243,0,3522
2024/09/03,19:30,3398,0,569,1556,154,232,574,17,232,0,0,130,0,257,-4,-319,0,3398
2024/09/03,20:00,3280,0,508,1557,122,233,539,17,233,0,0,124,0,307,-5,-355,0,3280
2024/09/03,20:30,3176,0,498,1554,121,233,525,17,233,0,0,115,0,240,-5,-355,0,3176
2024/09/03,21:00,3034,0,485,1553,122,233,495,17,233,0,0,117,0,127,-5,-343,0,3034
2024/09/03,21:30,2924,0,390,1554,119,232,496,17,233,0,0,128,0,94,-6,-333,0,2924
2024/09/03,22:00,2834,0,325,1553,81,233,491,17,234,0,0,130,0,94,-6,-318,0,2834
2024/09/03,22:30,2738,0,313,1506,45,230,489,17,234,0,0,130,0,95,-5,-316,0,2738
2024/09/03,23:00,2680,0,275,1456,45,230,486,17,233,0,0,184,0,70,-6,-310,0,2680
2024/09/03,23:30,2592,0,248,1437,45,232,485,17,233,0,0,200,0,0,-5,-300,0,2592
2024/09/04,00:00,2510,0,224,1387,45,231,485,17,233,0,0,202,0,0,-7,-307,0,2510
2024/09/04,00:30,2448,0,224,1319,46,228,484,17,233,0,0,200,0,0,-7,-296,0,2448
2024/09/04,01:00,2399,0,225,1259,45,230,463,17,234,0,0,210,0,0,-4,-280,0,2399
2024/09/04,01:30,2405,0,232,1245,45,230,462,17,234,0,0,209,0,0,-4,-265,0,2405
2024/09/04,02:00,2410,0,248,1271,45,233,474,17,234,0,0,176,0,0,-5,-283,0,2410
2024/09/04,02:30,2502,0,301,1294,45,233,487,17,234,0,0,177,0,0,-4,-282,0,2502
2024/09/04,03:00,2569,0,259,1305,45,233,543,17,233,0,0,216,0,0,-4,-278,0,2569
2024/09/04,03:30,2679,0,257,1368,45,233,559,17,233,0,0,260,0,0,-3,-290,0,2679
2024/09/04,04:00,2714,0,268,1378,45,233,555,17,232,0,0,293,0,0,-5,-302,0,2714
2024/09/04,04:30,2702,0,282,1399,45,233,549,17,232,0,0,262,0,0,-6,-311,0,2702
2024/09/04,05:00,2643,0,249,1396,45,232,537,17,233,12,0,226,0,0,-5,-299,0,2643
2024/09/04,05:30,2605,0,231,1316,45,229,503,17,232,109,0,239,0,0,-5,-311,0,2605
2024/09/04,06:00,2694,0,229,1275,45,216,449,17,233,298,0,222,0,18,-6,-302,0,2694
2024/09/04,06:30,2766,0,229,1197,45,190,420,17,232,535,0,201,0,19,-6,-313,0,2766
2024/09/04,07:00,2912,0,232,1118,45,185,406,17,232,781,0,183,0,22,-4,-305,0,2912
2024/09/04,07:30,3014,0,226,1089,48,186,405,17,233,935,0,171,0,19,-5,-310,0,3014
2024/09/04,08:00,3209,0,215,1094,51,182,397,17,231,1120,0,182,0,18,-5,-293,0,3209
2024/09/04,08:30,3387,0,187,1097,52,183,389,17,231,1329,0,186,0,18,-7,-295,0,3387
2024/09/04,09:00,3544,0,217,1098,48,177,375,16,231,1510,0,202,0,3,-6,-327,0,3544
2024/09/04,09:30,3612,0,234,1096,49,165,388,17,230,1604,0,211,0,0,-5,-377,0,3612
2024/09/04,10:00,3683,0,221,1090,49,160,402,17,230,1727,0,166,0,0,0,-379,0,3683
2024/09/04,10:30,3779,0,250,1097,48,161,405,17,230,1796,0,172,0,0,-6,-391,0,3779
2024/09/04,11:00,3874,0,300,1071,48,162,393,16,230,1847,0,193,0,0,-2,-384,0,3874
2024/09/04,11:30,3834,0,286,1047,49,162,389,16,230,1842,0,209,0,0,-6,-390,0,3834
2024/09/04,12:00,3695,0,326,1060,49,161,376,16,231,1795,0,216,0,-147,-7,-381,0,3695
2024/09/04,12:30,3649,0,354,1105,49,163,372,16,231,1731,0,214,0,-220,-6,-360,0,3649
2024/09/04,13:00,3778,0,327,1166,49,187,386,16,220,1622,0,206,0,-44,-4,-353,0,3778
2024/09/04,13:30,3770,0,371,1228,49,214,394,16,209,1507,0,155,0,0,-3,-370,0,3770
2024/09/04,14:00,3753,0,315,1372,49,227,415,16,218,1377,0,124,0,0,-4,-356,0,3753
2024/09/04,14:30,3705,0,324,1410,49,227,427,16,229,1206,0,150,0,5,-9,-329,0,3705
2024/09/04,15:00,3647,0,330,1451,49,230,466,16,231,988,0,120,0,50,-6,-278,0,3647
2024/09/04,15:30,3657,0,462,1521,90,227,478,16,231,702,0,103,0,109,-7,-275,0,3657
2024/09/04,16:00,3663,0,507,1588,215,228,513,16,231,442,0,110,0,134,-6,-315,0,3663
2024/09/04,16:30,3601,0,506,1613,118,227,535,16,231,193,0,133,0,149,-5,-115,0,3601
2024/09/04,17:00,3575,0,550,1623,114,229,574,16,231,46,0,152,0,264,-4,-220,0,3575
2024/09/04,17:30,3585,0,553,1672,113,228,595,16,231,2,0,177,0,297,-1,-298,0,3585
2024/09/04,18:00,3617,0,533,1673,103,231,606,16,231,0,0,174,0,295,-1,-244,0,3617
2024/09/04,18:30,3605,0,552,1673,136,232,610,17,233,0,0,178,0,264,-2,-288,0,3605
2024/09/04,19:00,3521,0,549,1679,109,232,596,17,233,1,0,157,0,206,-1,-257,0,3521
2024/09/04,19:30,3419,0,551,1682,105,232,563,17,233,0,0,162,0,169,-2,-293,0,3419
2024/09/04,20:00,3291,0,535,1675,145,232,490,17,233,0,0,170,0,170,-1,-375,0,3291
2024/09/04,20:30,3209,0,534,1675,151,232,474,17,233,0,0,193,0,164,-4,-460,0,3209
2024/09/04,21:00,3079,0,523,1669,131,233,440,17,233,0,0,211,0,111,-5,-484,0,3079
2024/09/04,21:30,2965,0,407,1651,100,232,442,17,233,0,0,231,0,108,-5,-451,0,2965
2024/09/04,22:00,2862,0,367,1616,98,233,447,17,234,0,0,231,0,24,-5,-400,0,2862
2024/09/04,22:30,2804,0,364,1532,98,233,451,17,234,0,0,228,0,0,-5,-348,0,2804
2024/09/04,23:00,2776,0,444,1495,97,234,443,17,234,0,0,291,0,0,-7,-472,0,2776
2024/09/04,23:30,2674,0,284,1446,91,233,444,17,234,0,0,408,0,5,-3,-485,0,2674
2024/09/05,00:00,2628,0,307,1415,46,232,435,17,234,0,0,478,0,30,-6,-560,0,2628
2024/09/05,00:30,2562,0,257,1359,45,229,433,17,234,0,0,526,0,38,-11,-565,0,2562
2024/09/05,01:00,2532,0,258,1263,46,228,431,17,234,0,0,579,0,35,-9,-550,0,2532
2024/09/05,01:30,2514,0,278,1148,46,228,431,17,234,0,0,568,0,20,-8,-448,0,2514
2024/09/05,02:00,2552,0,285,1187,46,228,461,17,234,0,0,553,0,0,-7,-452,0,2552
2024/09/05,02:30,2608,0,303,1250,45,230,466,17,234,0,0,540,0,0,-5,-472,0,2608
2024/09/05,03:00,2702,0,296,1338,45,228,473,17,233,0,0,532,0,0,-6,-454,0,2702
2024/09/05,03:30,2792,0,323,1377,46,228,474,17,233,0,0,519,0,9,-6,-428,0,2792
2024/09/05,04:00,2869,0,385,1388,45,229,531,17,233,0,0,528,0,67,-7,-547,0,2869
2024/09/05,04:30,2873,0,324,1379,45,230,542,17,233,0,0,560,0,109,-6,-560,0,2873
2024/09/05,05:00,2824,0,314,1372,45,230,524,17,233,10,0,560,0,71,-6,-546,0,2824
2024/09/05,05:30,2776,0,290,1337,45,231,507,17,233,99,0,545,0,33,-5,-556,0,2776
2024/09/05,06:00,2821,0,264,1216,45,230,474,17,233,273,0,513,0,19,-5,-458,0,2821
2024/09/05,06:30,2977,0,263,1135,45,231,473,17,233,469,0,469,0,31,-5,-384,0,2977
2024/09/05,07:00,3098,0,264,1125,45,233,455,17,232,658,0,461,0,16,-5,-403,0,3098
2024/09/05,07:30,3262,0,263,1186,47,217,433,17,231,812,0,462,0,42,-5,-443,0,3262
2024/09/05,08:00,3478,0,264,1267,84,189,411,17,232,913,0,472,0,32,-5,-398,0,3478
2024/09/05,08:30,3674,0,267,1316,104,179,391,16,231,983,0,494,0,21,-6,-322,0,3674
2024/09/05,09:00,3724,0,222,1323,98,180,386,16,231,995,0,498,0,13,-6,-232,0,3724
2024/09/05,09:30,3716,0,186,1293,53,181,398,16,230,1098,0,506,0,-148,-5,-92,0,3716
2024/09/05,10:00,3751,0,251,1175,49,180,400,16,230,1171,0,547,0,-231,-5,-32,0,3751
2024/09/05,10:30,3897,0,421,1303,49,180,399,16,231,1176,0,535,0,-217,-18,-178,0,3897
2024/09/05,11:00,3879,0,403,1389,49,180,380,16,231,1165,0,472,0,-231,-20,-155,0,3879
2024/09/05,11:30,3741,0,238,1313,49,181,380,16,231,1158,0,457,0,-234,-6,-42,0,3741
2024/09/05,12:00,3573,0,251,1145,49,200,371,16,230,1121,0,480,0,-233,-5,-52,0,3573
2024/09/05,12:30,3623,0,237,1258,49,223,362,16,231,1087,0,466,0,-229,-2,-75,0,3623
2024/09/05,13:00,3800,0,411,1508,49,226,377,16,220,1020,0,447,0,-226,-3,-245,0,3800
2024/09/05,13:30,3822,0,489,1571,56,227,380,16,209,923,0,492,0,-206,13,-348,0,3822
2024/09/05,14:00,3745,0,304,1438,56,225,403,16,221,808,0,572,0,-3,16,-311,0,3745
2024/09/05,14:30,3747,0,260,1549,48,199,430,16,231,678,0,588,0,41,21,-314,0,3747
2024/09/05,15:00,3737,0,375,1570,49,179,446,16,231,572,0,577,0,91,-39,-330,0,3737
2024/09/05,15:30,3831,0,509,1566,97,177,495,16,231,411,0,510,0,219,-30,-370,0,3831
2024/09/05,16:00,3831,0,490,1645,196,178,541,16,231,238,0,500,0,251,-19,-436,0,3831
2024/09/05,16:30,3725,0,437,1673,102,178,561,16,231,107,0,517,0,225,-5,-317,0,3725
2024/09/05,17:00,3656,0,425,1676,100,179,576,16,231,23,0,515,0,207,-5,-287,0,3656
2024/09/05,17:30,3688,0,494,1672,101,179,582,16,231,1,0,560,0,205,-6,-347,0,3688
2024/09/05,18:00,3731,0,497,1675,101,203,589,16,231,0,0,612,0,165,-6,-352,0,3731
2024/09/05,18:30,3719,0,438,1675,101,230,595,16,231,1,0,631,0,165,-5,-359,0,3719
2024/09/05,19:00,3679,0,473,1677,100,232,577,16,230,1,0,670,0,131,-6,-422,0,3679
2024/09/05,19:30,3587,0,520,1677,101,230,566,16,231,1,0,619,0,157,-5,-526,0,3587
2024/09/05,20:00,3469,0,495,1685,101,226,479,16,231,0,0,623,0,149,-5,-531,0,3469
2024/09/05,20:30,3387,0,452,1684,100,225,462,16,231,0,0,637,0,118,-5,-533,0,3387
2024/09/05,21:00,3259,0,349,1651,101,224,433,16,231,0,0,653,0,112,-5,-506,0,3259
2024/09/05,21:30,3139,0,342,1628,100,225,433,16,231,0,0,649,0,44,-5,-524,0,3139
2024/09/05,22:00,3077,0,389,1596,54,226,427,16,231,0,0,624,0,44,-5,-525,0,3077
2024/09/05,22:30,3023,0,362,1577,45,225,425,16,231,0,0,656,0,32,-5,-541,0,3023
2024/09/05,23:00,2982,0,339,1517,45,225,420,16,231,0,0,683,0,40,-5,-529,0,2982
2024/09/05,23:30,2866,0,378,1425,45,225,407,16,230,0,0,604,0,49,-6,-507,0,2866
2024/09/06,00:00,2809,0,374,1428,45,225,392,16,230,0,0,599,0,50,-5,-545,0,2809
2024/09/06,00:30,2705,0,312,1410,45,226,388,16,230,0,0,576,0,53,-5,-546,0,2705
2024/09/06,01:00,2661,0,321,1298,45,229,408,16,231,0,0,571,0,65,-5,-518,0,2661
2024/09/06,01:30,2645,0,316,1306,45,230,425,16,231,0,0,534,0,55,-3,-510,0,2645
2024/09/06,02:00,2696,0,306,1350,45,231,459,16,231,0,0,553,0,51,-3,-543,0,2696
2024/09/06,02:30,2766,0,318,1314,45,231,470,16,231,0,0,600,0,59,-4,-514,0,2766
2024/09/06,03:00,2826,0,331,1365,45,233,470,16,231,0,0,581,0,44,-4,-486,0,2826
2024/09/06,03:30,2848,0,295,1276,45,233,468,17,231,0,0,603,0,0,-5,-315,0,2848
2024/09/06,04:00,2898,0,364,1356,45,233,488,17,231,0,0,586,0,0,-5,-417,0,2898
2024/09/06,04:30,2918,0,428,1394,45,232,494,17,231,0,0,564,0,8,-5,-490,0,2918
2024/09/06,05:00,2886,0,420,1350,45,233,488,17,231,8,0,532,0,22,-6,-454,0,2886
2024/09/06,05:30,2874,0,460,1320,45,233,495,17,231,83,0,456,0,19,-5,-480,0,2874
2024/09/06,06:00,2974,0,477,1319,45,220,502,17,231,213,0,422,0,65,-5,-532,0,2974
2024/09/06,06:30,3034,0,412,1324,45,194,504,17,231,399,0,372,0,33,-6,-491,0,3034
2024/09/06,07:00,3054,0,393,1061,45,186,519,17,231,580,0,360,0,14,-5,-347,0,3054
2024/09/06,07:30,3108,0,332,915,48,186,525,17,230,776,0,410,0,16,-5,-342,0,3108
2024/09/06,08:00,3249,0,313,836,88,183,520,17,230,996,0,420,0,-17,-6,-331,0,3249
2024/09/06,08:30,3377,0,298,840,104,182,470,17,230,1261,0,425,0,-198,-5,-247,0,3377
2024/09/06,09:00,3561,0,292,834,79,182,459,17,229,1516,0,448,0,-204,-6,-285,0,3561
2024/09/06,09:30,3769,0,421,898,52,182,472,17,229,1700,0,459,0,-204,1,-458,0,3769
2024/09/06,10:00,3829,0,243,945,51,182,475,17,229,1843,0,507,0,-216,12,-459,0,3829
2024/09/06,10:30,3885,0,255,835,51,181,474,17,229,1909,0,511,0,-205,12,-384,0,3885
2024/09/06,11:00,3940,0,440,780,51,181,475,17,229,1941,0,425,0,-194,12,-417,0,3940
2024/09/06,11:30,3866,0,406,828,52,181,461,17,229,1898,0,391,0,-187,2,-412,0,3866
2024/09/06,12:00,3751,0,465,849,51,180,451,17,229,1861,0,381,0,-187,-5,-541,0,3751
2024/09/06,12:30,3733,0,406,950,52,182,431,17,229,1791,0,385,0,-185,-4,-521,0,3733
2024/09/06,13:00,3824,0,401,1064,51,180,434,17,216,1698,0,386,0,-198,-6,-419,0,3824
2024/09/06,13:30,3846,0,390,1218,52,181,435,17,208,1526,0,359,0,-73,-38,-429,0,3846
2024/09/06,14:00,3880,0,381,1369,53,200,478,17,222,1324,0,331,0,0,-27,-468,0,3880
2024/09/06,14:30,3830,0,396,1479,61,223,502,17,229,1026,0,292,0,0,-19,-376,0,3830
2024/09/06,15:00,3755,0,431,1582,106,227,518,17,229,786,0,288,0,32,13,-474,0,3755
2024/09/06,15:30,3729,0,545,1611,112,227,530,17,229,551,0,247,0,93,18,-451,0,3729
2024/09/06,16:00,3663,0,444,1617,98,228,577,17,229,328,0,248,0,179,22,-324,0,3663
2024/09/06,16:30,3613,0,539,1618,70,228,619,17,230,147,0,234,0,220,-4,-305,0,3613
2024/09/06,17:00,3561,0,550,1664,103,229,648,17,230,46,0,242,0,211,-6,-373,0,3561
2024/09/06,17:30,3551,0,509,1673,103,228,661,17,230,2,0,296,0,209,-5,-372,0,3551
2024/09/06,18:00,3608,0,522,1680,98,230,662,17,230,0,0,317,0,210,-5,-353,0,3608
2024/09/06,18:30,3618,0,553,1678,99,232,663,17,230,1,0,350,0,214,-5,-414,0,3618
2024/09/06,19:00,3530,0,526,1681,99,232,661,17,230,1,0,391,0,151,-5,-454,0,3530
2024/09/06,19:30,3448,0,530,1680,98,232,631,17,230,1,0,387,0,127,-4,-481,0,3448
2024/09/06,20:00,3318,0,538,1682,115,232,546,17,230,0,0,362,0,147,-5,-546,0,3318
2024/09/06,20:30,3246,0,529,1678,105,232,530,17,229,0,0,348,0,123,-5,-540,0,3246
2024/09/06,21:00,3096,0,480,1675,103,233,488,17,228,0,0,335,0,21,-4,-480,0,3096
2024/09/06,21:30,2990,0,412,1675,103,233,470,17,229,0,0,323,0,52,-4,-520,0,2990
2024/09/06,22:00,2921,0,379,1671,98,232,461,17,229,0,0,319,0,61,-3,-543,0,2921
2024/09/06,22:30,2855,0,323,1671,108,233,462,17,229,0,0,300,0,56,-4,-540,0,2855
2024/09/06,23:00,2784,0,180,1590,191,233,471,17,229,0,0,335,0,32,-4,-490,0,2784
2024/09/06,23:30,2708,0,48,1490,238,232,477,17,229,0,0,397,0,48,-3,-465,0,2708
2024/09/07,00:00,2634,0,11,1436,230,232,444,17,229,0,0,395,0,86,-3,-443,0,2634
2024/09/07,00:30,2578,0,11,1427,161,232,437,17,229,0,0,436,0,105,-6,-471,0,2578
2024/09/07,01:00,2528,0,11,1403,164,232,436,17,230,0,0,423,0,61,-5,-444,0,2528
2024/09/07,01:30,2484,0,11,1357,162,230,433,17,230,0,0,425,0,59,-5,-435,0,2484
2024/09/07,02:00,2560,0,11,1399,202,233,446,17,229,0,0,404,0,60,-5,-436,0,2560
2024/09/07,02:30,2598,0,11,1401,184,233,446,17,229,0,0,385,0,73,-4,-377,0,2598
2024/09/07,03:00,2645,0,11,1344,176,233,453,17,229,0,0,392,0,66,-6,-270,0,2645
2024/09/07,03:30,2691,0,11,1343,203,232,459,17,229,0,0,377,0,62,-5,-237,0,2691
2024/09/07,04:00,2726,0,11,1276,264,233,476,17,230,0,0,378,0,61,-4,-216,0,2726
2024/09/07,04:30,2742,0,11,1185,290,232,474,17,229,0,0,367,0,64,-5,-122,0,2742
2024/09/07,05:00,2711,0,11,1188,302,232,466,17,230,8,0,350,0,59,-5,-147,0,2711
2024/09/07,05:30,2635,0,11,1157,328,233,460,17,229,104,0,336,0,72,-6,-306,0,2635
2024/09/07,06:00,2696,0,11,1166,319,220,469,17,229,278,0,301,0,83,-5,-392,0,2696
2024/09/07,06:30,2732,0,11,1149,246,194,494,17,229,500,0,286,0,87,-5,-476,0,2732
2024/09/07,07:00,2802,0,11,1109,237,186,475,17,229,650,0,290,0,121,-5,-518,0,2802
2024/09/07,07:30,2806,0,11,975,186,185,476,17,229,793,0,313,0,120,-5,-494,0,2806
2024/09/07,08:00,2852,0,11,850,224,183,426,17,228,952,0,333,0,85,-8,-449,0,2852
2024/09/07,08:30,2914,0,11,785,179,183,425,17,229,1174,0,350,0,-147,-5,-287,0,2914
2024/09/07,09:00,3053,0,11,932,158,182,384,17,230,1372,0,371,0,-230,-4,-370,0,3053
2024/09/07,09:30,3121,0,11,933,152,182,371,17,230,1505,0,399,0,-231,-4,-444,0,3121
2024/09/07,10:00,3148,0,11,896,155,182,354,17,229,1598,0,449,0,-222,-4,-517,0,3148
2024/09/07,10:30,3200,0,11,931,154,182,353,17,230,1628,0,466,0,-218,-4,-550,0,3200
2024/09/07,11:00,3273,0,11,957,153,182,354,17,230,1708,0,431,0,-216,-4,-550,0,3273
2024/09/07,11:30,3291,0,11,971,157,183,330,17,230,1730,0,431,0,-216,-4,-549,0,3291
2024/09/07,12:00,3241,0,11,981,156,183,329,17,230,1668,0,435,0,-212,-6,-551,0,3241
2024/09/07,12:30,3163,0,11,934,166,182,326,17,230,1622,0,438,0,-212,-2,-549,0,3163
2024/09/07,13:00,3210,0,11,1029,187,183,313,17,218,1568,0,436,0,-212,-5,-535,0,3210
2024/09/07,13:30,3186,0,11,1033,180,182,322,17,209,1466,0,475,0,-215,-4,-490,0,3186
2024/09/07,14:00,3130,0,11,1019,150,200,359,17,220,1338,0,505,0,-217,-4,-468,0,3130
2024/09/07,14:30,3178,0,11,1162,183,223,374,17,229,1134,0,523,0,-200,-4,-474,0,3178
2024/09/07,15:00,3274,0,11,1318,230,228,410,17,230,862,0,521,0,-2,-2,-549,0,3274
2024/09/07,15:30,3290,0,11,1501,308,227,465,17,230,564,0,467,0,56,-7,-549,0,3290
2024/09/07,16:00,3294,0,65,1575,305,228,556,16,230,296,0,459,0,40,-4,-472,0,3294
2024/09/07,16:30,3244,0,79,1505,283,227,575,17,229,101,0,455,0,88,-5,-310,0,3244
2024/09/07,17:00,3235,0,79,1548,298,229,647,17,230,17,0,464,0,100,-4,-390,0,3235
2024/09/07,17:30,3303,0,79,1546,296,229,663,17,230,0,0,494,0,122,-4,-369,0,3303
2024/09/07,18:00,3362,0,21,1629,326,231,671,17,230,0,0,501,0,99,-4,-359,0,3362
2024/09/07,18:30,3364,0,11,1651,300,231,671,17,230,0,0,492,0,123,-5,-357,0,3364
2024/09/07,19:00,3303,0,11,1646,297,232,664,17,230,0,0,502,0,84,-5,-375,0,3303
2024/09/07,19:30,3231,0,11,1622,297,232,646,17,230,0,0,493,0,84,-5,-396,0,3231
2024/09/07,20:00,3122,0,11,1582,278,232,561,17,230,0,0,511,0,45,-5,-340,0,3122
2024/09/07,20:30,3034,0,11,1556,235,232,492,17,230,0,0,512,0,43,-4,-290,0,3034
2024/09/07,21:00,2963,0,11,1582,203,232,439,17,230,0,0,526,0,86,-5,-358,0,2963
2024/09/07,21:30,2865,0,11,1572,202,232,425,17,230,0,0,519,0,42,-5,-380,0,2865
2024/09/07,22:00,2764,0,11,1424,198,233,420,17,230,0,0,518,0,41,-4,-324,0,2764
2024/09/07,22:30,2702,0,11,1471,153,232,401,17,230,0,0,517,0,52,-5,-377,0,2702
2024/09/07,23:00,2683,0,11,1504,173,228,390,17,231,0,0,510,0,59,-5,-435,0,2683
2024/09/07,23:30,2577,0,11,1449,195,228,385,17,230,0,0,507,0,35,-5,-475,0,2577
2024/09/08,00:00,2535,0,11,1423,192,228,366,17,230,0,0,509,0,61,-4,-498,0,2535
2024/09/08,00:30,2491,0,11,1441,205,228,338,17,230,0,0,489,0,69,-5,-532,0,2491
2024/09/08,01:00,2452,0,11,1415,219,229,348,17,230,0,0,451,0,68,-4,-532,0,2452
2024/09/08,01:30,2412,0,11,1377,219,230,345,17,230,0,0,400,0,75,-4,-488,0,2412
2024/09/08,02:00,2422,0,11,1318,213,232,368,17,230,0,0,350,0,62,-5,-374,0,2422
2024/09/08,02:30,2546,0,11,1480,174,233,393,17,230,0,0,325,0,59,-4,-372,0,2546
2024/09/08,03:00,2591,0,11,1490,217,233,449,17,230,0,0,305,0,52,-4,-409,0,2591
2024/09/08,03:30,2653,0,11,1456,242,233,457,17,230,0,0,267,0,75,-4,-331,0,2653
2024/09/08,04:00,2680,0,11,1332,397,233,422,17,230,0,0,248,0,139,-4,-345,0,2680
2024/09/08,04:30,2654,0,11,1285,436,233,432,17,231,0,0,262,0,118,-5,-366,0,2654
2024/09/08,05:00,2612,0,11,1287,402,233,447,17,230,6,0,270,0,76,-5,-362,0,2612
2024/09/08,05:30,2542,0,11,1278,399,232,439,17,231,115,0,248,0,58,-4,-482,0,2542
2024/09/08,06:00,2530,0,11,1205,360,220,380,17,231,336,0,226,0,91,-5,-542,0,2530
2024/09/08,06:30,2540,0,11,1065,272,194,363,17,231,640,0,195,0,102,-6,-544,0,2540
2024/09/08,07:00,2601,0,11,890,242,186,362,17,231,951,0,178,0,80,-5,-542,0,2601
2024/09/08,07:30,2631,0,11,874,236,185,362,17,230,1170,0,153,0,-93,-3,-511,0,2631
2024/09/08,08:00,2748,0,11,902,221,184,357,17,231,1385,0,148,0,-155,-4,-549,0,2748
2024/09/08,08:30,2846,0,12,894,220,183,352,17,230,1575,0,154,0,-238,-4,-549,0,2846
2024/09/08,09:00,2943,0,11,905,207,184,332,16,230,1752,0,171,0,-312,-2,-551,0,2943
2024/09/08,09:30,3025,0,11,892,154,183,324,16,230,1862,0,196,0,-323,-3,-517,0,3025
2024/09/08,10:00,3071,0,11,854,165,183,306,17,230,1933,0,184,0,-322,-4,-486,0,3071
2024/09/08,10:30,3141,0,11,908,161,181,296,16,230,1963,0,250,0,-320,-4,-551,0,3141
2024/09/08,11:00,3197,0,11,907,161,182,284,16,230,1974,0,297,0,-320,-5,-540,0,3197
2024/09/08,11:30,3227,0,11,903,190,180,284,16,230,1952,0,323,0,-321,-4,-537,0,3227
2024/09/08,12:00,3259,0,11,909,219,180,281,16,230,1916,0,338,0,-285,-5,-551,0,3259
2024/09/08,12:30,3217,0,11,915,166,183,296,16,231,1844,0,336,0,-230,-4,-547,0,3217
2024/09/08,13:00,3202,0,11,997,145,183,304,16,219,1743,0,342,0,-204,-5,-549,0,3202
2024/09/08,13:30,3128,0,11,1063,145,183,316,16,209,1589,0,352,0,-201,-4,-551,0,3128
2024/09/08,14:00,3100,0,11,1165,167,201,327,16,216,1397,0,350,0,-197,-4,-549,0,3100
2024/09/08,14:30,3102,0,11,1179,272,225,329,16,228,1198,0,315,0,-119,-4,-548,0,3102
2024/09/08,15:00,3088,0,11,1173,286,228,362,16,230,970,0,291,0,76,-5,-550,0,3088
2024/09/08,15:30,3082,0,11,1294,354,228,410,16,230,696,0,287,0,42,-6,-480,0,3082
2024/09/08,16:00,3153,0,14,1487,278,228,438,16,230,444,0,307,0,94,-5,-378,0,3153
2024/09/08,16:30,3187,0,13,1592,243,228,509,16,230,200,0,311,0,104,-5,-254,0,3187
2024/09/08,17:00,3246,0,37,1581,299,228,561,16,231,41,0,314,0,235,-5,-292,0,3246
2024/09/08,17:30,3310,0,41,1625,295,229,570,16,231,0,0,319,0,291,-4,-303,0,3310
2024/09/08,18:00,3399,0,53,1645,324,230,616,16,231,0,0,340,0,291,-4,-343,0,3399
2024/09/08,18:30,3403,0,56,1630,406,231,626,16,230,0,0,358,0,265,-6,-409,0,3403
2024/09/08,19:00,3352,0,81,1549,314,231,622,16,231,0,0,415,0,264,-5,-366,0,3352
2024/09/08,19:30,3260,0,86,1569,318,231,565,16,231,0,0,437,0,122,-5,-310,0,3260
2024/09/08,20:00,3150,0,22,1665,371,232,505,16,230,0,0,440,0,77,-4,-404,0,3150
2024/09/08,20:30,3056,0,11,1674,321,233,458,16,230,0,0,455,0,58,-5,-395,0,3056
2024/09/08,21:00,2961,0,11,1677,307,233,393,16,230,0,0,452,0,16,-6,-368,0,2961
2024/09/08,21:30,2883,0,11,1671,251,233,382,17,230,0,0,463,0,19,-5,-389,0,2883
2024/09/08,22:00,2820,0,11,1648,273,233,397,16,230,0,0,453,0,17,-5,-453,0,2820
2024/09/08,22:30,2724,0,11,1602,237,232,412,16,231,0,0,463,0,17,-5,-492,0,2724
2024/09/08,23:00,2665,0,11,1498,219,232,417,16,231,0,0,475,0,9,-6,-437,0,2665
2024/09/08,23:30,2573,0,11,1481,222,232,407,17,231,0,0,403,0,0,-4,-427,0,2573
2024/09/09,00:00,2498,0,11,1468,250,232,372,17,229,0,0,347,0,0,-4,-424,0,2498
2024/09/09,00:30,2402,0,11,1408,304,232,367,17,229,0,0,253,0,0,-6,-413,0,2402
2024/09/09,01:00,2369,0,11,1308,306,233,393,17,229,0,0,215,0,0,-5,-338,0,2369
2024/09/09,01:30,2349,0,11,1231,323,233,404,17,230,0,0,198,0,0,-4,-294,0,2349
2024/09/09,02:00,2404,0,11,1227,315,233,425,17,230,0,0,214,0,0,-4,-264,0,2404
2024/09/09,02:30,2480,0,11,1231,328,233,435,17,230,0,0,191,0,13,-3,-206,0,2480
2024/09/09,03:00,2579,0,11,1272,310,232,495,17,230,0,0,164,0,59,-4,-207,0,2579
2024/09/09,03:30,2657,0,11,1323,277,232,528,17,229,0,0,132,0,60,-5,-147,0,2657
2024/09/09,04:00,2695,0,11,1370,277,233,492,17,229,0,0,95,0,60,-4,-85,0,2695
2024/09/09,04:30,2691,0,11,1398,277,233,499,17,229,0,0,75,0,60,-5,-103,0,2691
2024/09/09,05:00,2667,0,11,1395,330,233,465,17,229,5,0,66,0,59,-5,-138,0,2667
2024/09/09,05:30,2649,0,11,1477,407,233,444,17,229,109,0,56,0,-41,-5,-288,0,2649
2024/09/09,06:00,2704,0,11,1472,381,220,422,17,229,321,0,43,0,-106,-5,-301,0,2704
2024/09/09,06:30,2790,0,11,1462,243,194,425,17,229,618,0,34,0,-101,-5,-337,0,2790
2024/09/09,07:00,2942,0,11,1461,195,185,432,17,229,930,0,30,0,-103,-4,-441,0,2942
2024/09/09,07:30,3032,0,11,1433,174,185,389,16,229,1153,0,28,0,-99,-6,-481,0,3032
2024/09/09,08:00,3249,0,11,1471,183,183,345,16,229,1375,0,28,0,-91,-5,-496,0,3249
2024/09/09,08:30,3475,0,11,1460,202,182,326,16,228,1581,0,29,0,-69,-5,-486,0,3475
2024/09/09,09:00,3637,0,11,1481,210,182,300,16,228,1732,0,31,0,-44,-6,-504,0,3637
2024/09/09,09:30,3725,0,11,1428,206,182,264,16,227,1837,0,31,0,44,-5,-516,0,3725
2024/09/09,10:00,3759,0,11,1426,152,182,241,16,227,1917,0,30,0,48,-6,-485,0,3759
2024/09/09,10:30,3801,0,11,1410,148,182,240,16,227,1947,0,36,0,21,-6,-431,0,3801
2024/09/09,11:00,3851,0,11,1446,149,181,237,16,227,1951,0,37,0,19,-8,-415,0,3851
2024/09/09,11:30,3799,0,11,1428,148,181,237,16,227,1923,0,43,0,18,-17,-416,0,3799
2024/09/09,12:00,3664,0,11,1349,149,182,230,16,227,1899,0,47,0,22,-5,-463,0,3664
2024/09/09,12:30,3592,0,32,1313,149,182,231,16,228,1817,0,44,0,25,-5,-440,0,3592
2024/09/09,13:00,3715,0,57,1514,144,182,263,16,221,1724,0,43,0,36,-5,-480,0,3715
2024/09/09,13:30,3703,0,56,1611,128,182,282,16,208,1572,0,46,0,34,-3,-429,0,3703
2024/09/09,14:00,3642,0,115,1523,149,201,315,16,214,1384,0,66,0,18,-4,-355,0,3642
2024/09/09,14:30,3624,0,126,1535,134,224,337,16,227,1180,0,63,0,43,-4,-257,0,3624
2024/09/09,15:00,3575,0,121,1617,158,227,388,16,229,949,0,37,0,101,-9,-259,0,3575
2024/09/09,15:30,3609,0,138,1623,227,228,427,16,229,676,0,27,0,224,-27,-179,0,3609
2024/09/09,16:00,3625,0,240,1635,259,228,493,16,228,416,0,22,0,227,-29,-110,0,3625
2024/09/09,16:30,3603,0,535,1635,204,227,511,16,228,181,0,20,0,212,-7,-159,0,3603
2024/09/09,17:00,3578,0,553,1630,188,228,574,16,229,33,0,20,0,288,-5,-176,0,3578
2024/09/09,17:30,3576,0,600,1631,152,228,586,16,229,0,0,19,0,290,-5,-170,0,3576
2024/09/09,18:00,3613,0,589,1661,146,230,568,16,229,0,0,22,0,302,-5,-145,0,3613
2024/09/09,18:30,3573,0,577,1666,155,232,571,16,229,0,0,32,0,286,-5,-186,0,3573
2024/09/09,19:00,3501,0,593,1677,188,232,547,16,229,0,0,35,0,233,-5,-244,0,3501
2024/09/09,19:30,3369,0,604,1697,118,232,543,16,229,0,0,53,0,99,-6,-216,0,3369
2024/09/09,20:00,3251,0,608,1705,112,232,515,16,229,0,0,67,0,18,-5,-246,0,3251
2024/09/09,20:30,3163,0,616,1700,150,232,444,16,229,0,0,83,0,19,-4,-322,0,3163
2024/09/09,21:00,3048,0,609,1700,143,232,411,16,229,0,0,109,0,19,-5,-415,0,3048
2024/09/09,21:30,2950,0,599,1697,113,232,369,16,230,0,0,127,0,19,-5,-447,0,2950
2024/09/09,22:00,2884,0,547,1699,159,230,313,16,230,0,0,140,0,40,-4,-486,0,2884
2024/09/09,22:30,2818,0,540,1694,130,231,302,16,230,0,0,150,0,26,-4,-497,0,2818
2024/09/09,23:00,2797,0,481,1692,96,233,304,16,231,0,0,184,0,17,-5,-452,0,2797
2024/09/09,23:30,2723,0,391,1692,98,233,284,16,230,0,0,244,0,13,-4,-474,0,2723
2024/09/10,00:00,2595,0,292,1614,99,232,241,16,231,0,0,295,0,0,-5,-420,0,2595
2024/09/10,00:30,2503,0,271,1416,69,232,237,16,231,0,0,341,0,0,-5,-305,0,2503
2024/09/10,01:00,2518,0,315,1397,45,233,256,16,231,0,0,363,0,0,-5,-333,0,2518
2024/09/10,01:30,2534,0,293,1386,45,232,265,16,231,0,0,361,0,0,-4,-291,0,2534
2024/09/10,02:00,2578,0,351,1456,45,233,312,16,231,0,0,377,0,0,-5,-438,0,2578
2024/09/10,02:30,2660,0,358,1499,45,233,330,16,231,0,0,389,0,0,-4,-437,0,2660
2024/09/10,03:00,2702,0,289,1533,45,233,341,16,231,0,0,423,0,0,-5,-404,0,2702
2024/09/10,03:30,2752,0,207,1506,45,232,365,16,231,0,0,500,0,0,-4,-346,0,2752
2024/09/10,04:00,2795,0,251,1545,45,233,321,16,231,0,0,538,0,0,-4,-381,0,2795
2024/09/10,04:30,2843,0,297,1554,45,233,321,16,231,0,0,594,0,0,-5,-443,0,2843
2024/09/10,05:00,2802,0,349,1530,45,233,320,16,230,5,0,653,0,-51,-5,-523,0,2802
2024/09/10,05:30,2768,0,303,1509,45,233,314,16,231,114,0,663,0,-120,-4,-536,0,2768
2024/09/10,06:00,2825,0,296,1503,45,220,266,16,231,270,0,642,0,-117,-4,-543,0,2825
2024/09/10,06:30,2943,0,306,1455,45,194,266,16,231,488,0,606,0,-114,-5,-545,0,2943
2024/09/10,07:00,3007,0,314,1289,45,186,261,16,230,733,0,583,0,-97,-5,-548,0,3007
2024/09/10,07:30,3141,0,376,1211,47,186,241,16,230,901,0,577,0,-91,-6,-547,0,3141
2024/09/10,08:00,3407,0,341,1250,48,184,238,16,230,1104,0,583,0,-33,-5,-549,0,3407
2024/09/10,08:30,3667,0,338,1350,49,182,236,16,230,1178,0,607,0,35,-6,-548,0,3667
2024/09/10,09:00,3780,0,339,1379,48,182,215,16,229,1270,0,617,0,43,-16,-542,0,3780
2024/09/10,09:30,3862,0,342,1397,48,182,211,16,229,1340,0,621,0,29,-25,-528,0,3862
2024/09/10,10:00,3819,0,236,1372,48,183,192,16,229,1349,0,677,0,-37,-23,-423,0,3819
2024/09/10,10:30,3905,0,329,1494,48,182,190,16,229,1332,0,677,0,-187,-6,-399,0,3905
2024/09/10,11:00,3908,0,474,1639,48,182,191,16,229,1272,0,569,0,-348,-6,-358,0,3908
2024/09/10,11:30,3898,0,442,1673,48,182,202,16,230,1130,0,545,0,-333,-6,-231,0,3898
2024/09/10,12:00,3832,0,430,1673,48,182,191,16,230,1013,0,527,0,-141,-6,-331,0,3832
2024/09/10,12:30,3742,0,341,1698,49,182,192,16,230,875,0,526,0,-102,-6,-259,0,3742
2024/09/10,13:00,3877,0,416,1705,48,182,237,16,223,740,0,522,0,-36,-4,-172,0,3877
2024/09/10,13:30,3885,0,396,1707,48,182,251,16,211,599,0,592,0,59,-5,-171,0,3885
2024/09/10,14:00,3908,0,475,1708,48,197,295,16,216,489,0,662,0,43,-3,-238,0,3908
2024/09/10,14:30,3866,0,509,1708,57,194,322,16,228,389,0,644,0,21,-5,-217,0,3866
2024/09/10,15:00,3829,0,421,1708,100,178,392,16,230,284,0,617,0,140,-6,-251,0,3829
2024/09/10,15:30,3861,0,415,1707,104,178,495,16,230,194,0,551,0,285,-7,-307,0,3861
2024/09/10,16:00,3857,0,478,1698,211,179,559,16,230,118,0,554,0,284,-10,-460,0,3857
2024/09/10,16:30,3811,0,479,1694,168,178,583,16,230,51,0,563,0,282,-5,-428,0,3811
2024/09/10,17:00,3758,0,508,1700,127,179,594,16,230,9,0,561,0,281,-7,-440,0,3758
2024/09/10,17:30,3796,0,473,1691,235,180,598,16,230,0,0,583,0,302,-7,-505,0,3796
2024/09/10,18:00,3817,0,453,1672,248,202,582,16,230,0,0,583,0,282,-6,-445,0,3817
2024/09/10,18:30,3815,0,438,1670,205,229,582,16,230,0,0,593,0,281,-7,-422,0,3815
2024/09/10,19:00,3754,0,470,1670,114,232,569,16,230,0,0,637,0,238,-3,-419,0,3754
2024/09/10,19:30,3642,0,476,1658,115,232,571,16,230,0,0,615,0,171,-6,-436,0,3642
2024/09/10,20:00,3535,0,488,1650,139,233,532,16,230,0,0,614,0,94,-4,-457,0,3535
2024/09/10,20:30,3477,0,522,1601,184,232,531,16,230,0,0,610,0,93,-5,-537,0,3477
2024/09/10,21:00,3332,0,523,1621,230,231,406,16,230,0,0,569,0,40,-3,-531,0,3332
2024/09/10,21:30,3242,0,545,1630,182,230,354,16,230,0,0,573,0,24,-5,-537,0,3242
2024/09/10,22:00,3161,0,522,1550,195,229,344,16,230,0,0,563,0,50,-5,-533,0,3161
2024/09/10,22:30,3053,0,473,1505,198,229,337,16,230,0,0,563,0,11,-5,-504,0,3053
2024/09/10,23:00,2995,0,469,1438,215,229,307,16,230,0,0,553,0,0,-5,-457,0,2995
2024/09/10,23:30,2927,0,487,1382,220,229,297,16,230,0,0,556,0,15,-5,-500,0,2927
2024/09/11,00:00,2815,0,444,1363,150,229,287,16,230,0,0,512,0,11,-5,-422,0,2815
2024/09/11,00:30,2703,0,284,1294,96,230,323,16,230,0,0,508,0,-62,-5,-211,0,2703
2024/09/11,01:00,2673,0,372,1330,97,229,340,16,230,0,0,542,0,-216,-5,-262,0,2673
2024/09/11,01:30,2675,0,421,1382,97,229,338,16,231,0,0,519,0,-215,-4,-339,0,2675
2024/09/11,02:00,2702,0,340,1386,97,229,396,16,231,0,0,471,0,-196,-3,-265,0,2702
2024/09/11,02:30,2802,0,476,1383,126,229,375,16,231,0,0,420,0,8,-4,-458,0,2802
2024/09/11,03:00,2840,0,480,1415,163,229,342,16,231,0,0,399,0,8,-3,-440,0,2840
2024/09/11,03:30,2920,0,479,1415,180,226,322,16,230,0,0,426,0,0,-4,-370,0,2920
2024/09/11,04:00,2963,0,477,1417,242,226,326,16,230,0,0,411,0,0,-4,-378,0,2963
2024/09/11,04:30,2969,0,475,1416,237,226,327,16,230,0,0,388,0,0,-6,-340,0,2969
2024/09/11,05:00,2923,0,472,1414,186,226,317,16,230,3,0,399,0,0,-6,-334,0,2923
2024/09/11,05:30,2919,0,476,1414,140,226,309,16,230,79,0,394,0,0,-5,-360,0,2919
2024/09/11,06:00,3007,0,494,1369,169,226,248,16,231,177,0,359,0,0,-5,-277,0,3007
2024/09/11,06:30,3121,0,504,1359,240,226,231,16,230,253,0,314,0,0,-6,-246,0,3121
2024/09/11,07:00,3179,0,496,1394,311,226,206,16,230,247,0,305,0,-59,-5,-188,0,3179
2024/09/11,07:30,3323,0,532,1416,316,226,193,16,230,252,0,312,0,1,-5,-166,0,3323
2024/09/11,08:00,3441,0,504,1418,357,227,193,16,230,270,0,329,0,32,-6,-129,0,3441
2024/09/11,08:30,3557,0,488,1420,398,227,194,16,230,300,0,344,0,20,-7,-73,0,3557
2024/09/11,09:00,3609,0,446,1414,353,228,197,16,230,355,0,356,0,13,19,-18,0,3609
2024/09/11,09:30,3617,0,416,1413,345,215,220,16,229,399,0,373,0,0,20,-29,0,3617
2024/09/11,10:00,3630,0,418,1407,345,189,216,16,230,449,0,381,0,0,21,-42,0,3630
2024/09/11,10:30,3710,0,421,1415,400,180,216,16,230,483,0,356,0,0,21,-28,0,3710
2024/09/11,11:00,3713,0,374,1416,393,179,223,16,230,550,0,341,0,0,21,-30,0,3713
2024/09/11,11:30,3631,0,405,1415,366,154,208,16,230,538,0,346,0,0,21,-68,0,3631
2024/09/11,12:00,3387,0,353,1412,303,132,241,16,231,502,0,349,0,0,-5,-147,0,3387
2024/09/11,12:30,3331,0,270,1405,288,149,299,16,230,532,0,359,0,0,-4,-213,0,3331
2024/09/11,13:00,3437,0,214,1371,338,173,352,16,221,602,0,362,0,33,-4,-241,0,3437
2024/09/11,13:30,3527,0,318,1388,346,177,387,16,211,614,0,402,0,60,-25,-367,0,3527
2024/09/11,14:00,3601,0,311,1373,344,178,490,16,217,621,0,437,0,115,-25,-476,0,3601
2024/09/11,14:30,3603,0,382,1389,336,178,529,16,231,522,0,448,0,136,-27,-537,0,3603
2024/09/11,15:00,3532,0,401,1415,336,193,529,16,232,416,0,437,0,129,-28,-544,0,3532
2024/09/11,15:30,3536,0,521,1415,388,222,529,16,232,293,0,372,0,122,-27,-547,0,3536
2024/09/11,16:00,3559,0,550,1415,466,228,556,16,232,191,0,364,0,117,-28,-548,0,3559
2024/09/11,16:30,3543,0,560,1415,508,228,571,16,232,76,0,377,0,112,-5,-547,0,3543
2024/09/11,17:00,3525,0,573,1417,526,228,588,16,232,12,0,358,0,126,-4,-547,0,3525
2024/09/11,17:30,3557,0,571,1415,542,229,590,16,232,0,0,348,0,167,-4,-549,0,3557
2024/09/11,18:00,3610,0,573,1419,541,230,603,16,232,0,0,367,0,181,-5,-547,0,3610
2024/09/11,18:30,3578,0,573,1418,541,230,603,16,231,0,0,370,0,147,-5,-546,0,3578
2024/09/11,19:00,3470,0,571,1421,541,230,502,16,231,2,0,352,0,113,-4,-505,0,3470
2024/09/11,19:30,3398,0,567,1419,508,227,486,16,231,1,0,331,0,157,-4,-541,0,3398
2024/09/11,20:00,3282,0,573,1416,492,226,430,16,231,0,0,293,0,141,-4,-532,0,3282
2024/09/11,20:30,3194,0,572,1417,463,225,414,16,231,0,0,292,0,109,-5,-540,0,3194
2024/09/11,21:00,3083,0,515,1416,370,226,411,16,231,0,0,294,0,88,-6,-478,0,3083
2024/09/11,21:30,2947,0,514,1415,267,226,401,16,231,0,0,276,0,1,-5,-395,0,2947
2024/09/11,22:00,2892,0,514,1420,305,226,364,16,231,0,0,281,0,0,-6,-459,0,2892
2024/09/11,22:30,2820,0,510,1418,254,226,361,17,231,0,0,278,0,0,-5,-470,0,2820
2024/09/11,23:00,2767,0,487,1417,162,228,360,17,231,0,0,297,0,0,-4,-428,0,2767
2024/09/11,23:30,2687,0,491,1402,131,228,318,17,231,0,0,290,0,0,-6,-415,0,2687
2024/09/12,00:00,2598,0,471,1382,160,229,260,17,231,0,0,272,0,0,-5,-419,0,2598
2024/09/12,00:30,2508,0,383,1299,101,228,234,17,231,0,0,268,0,13,-5,-261,0,2508
2024/09/12,01:00,2448,0,385,1268,97,228,216,17,231,0,0,263,0,-158,-5,-94,0,2448
2024/09/12,01:30,2482,0,427,1325,98,229,217,17,228,0,0,252,0,-229,-4,-78,0,2482
2024/09/12,02:00,2533,0,483,1357,103,229,293,17,206,0,0,198,0,-196,-5,-152,0,2533
2024/09/12,02:30,2609,0,489,1389,149,229,269,17,199,0,0,137,0,14,-4,-279,0,2609
2024/09/12,03:00,2720,0,461,1413,267,228,274,17,195,0,0,112,0,0,-4,-243,0,2720
2024/09/12,03:30,2780,0,479,1411,307,228,271,17,189,0,0,103,0,8,-4,-229,0,2780
2024/09/12,04:00,2820,0,517,1412,308,228,276,17,184,0,0,87,0,23,-4,-228,0,2820
2024/09/12,04:30,2838,0,530,1412,310,228,278,17,176,0,0,72,0,22,-5,-202,0,2838
2024/09/12,05:00,2801,0,534,1411,311,229,273,17,162,3,0,72,0,21,-6,-226,0,2801
2024/09/12,05:30,2783,0,498,1411,295,228,269,17,162,80,0,56,0,16,-6,-243,0,2783
2024/09/12,06:00,2908,0,498,1415,300,229,242,17,162,193,0,56,0,22,-6,-220,0,2908
2024/09/12,06:30,2966,0,504,1415,292,229,240,17,162,284,0,46,0,19,-6,-236,0,2966
2024/09/12,07:00,2972,0,493,1409,266,229,227,17,162,355,0,48,0,15,-5,-244,0,2972
2024/09/12,07:30,3008,0,472,1386,224,228,225,17,162,477,0,51,0,0,-5,-229,0,3008
2024/09/12,08:00,3157,0,472,1385,262,228,223,17,162,562,0,54,0,0,-5,-203,0,3157
2024/09/12,08:30,3327,0,497,1386,294,227,207,17,161,675,0,61,0,17,-5,-210,0,3327
2024/09/12,09:00,3474,0,481,1404,268,227,185,17,161,815,0,73,0,19,34,-210,0,3474
2024/09/12,09:30,3616,0,502,1418,304,228,193,17,161,915,0,86,0,32,-37,-203,0,3616
2024/09/12,10:00,3609,0,460,1419,276,226,175,17,161,944,0,102,0,16,24,-211,0,3609
2024/09/12,10:30,3531,0,429,1418,218,226,174,17,161,995,0,148,0,5,-28,-232,0,3531
2024/09/12,11:00,3421,0,281,1290,158,227,175,17,161,1115,0,193,0,0,16,-212,0,3421
2024/09/12,11:30,3351,0,267,1209,167,227,178,17,161,1236,0,224,0,-89,-25,-221,0,3351
2024/09/12,12:00,3239,0,260,1164,146,227,174,17,162,1402,0,250,0,-234,-24,-305,0,3239
2024/09/12,12:30,3273,0,260,1159,113,227,181,17,161,1507,0,260,0,-234,-4,-374,0,3273
2024/09/12,13:00,3496,0,263,1321,111,227,235,17,162,1532,0,267,0,-233,-4,-402,0,3496
2024/09/12,13:30,3586,0,298,1422,107,226,284,17,162,1466,0,329,0,-230,-3,-492,0,3586
2024/09/12,14:00,3612,0,338,1429,99,226,336,17,161,1307,0,434,0,-213,-4,-518,0,3612
2024/09/12,14:30,3584,0,359,1425,141,200,386,17,160,1124,0,472,0,-211,-3,-486,0,3584
2024/09/12,15:00,3555,0,386,1381,133,177,434,17,156,895,0,438,0,-33,-3,-426,0,3555
2024/09/12,15:30,3575,0,436,1378,128,177,565,17,153,638,0,374,0,73,-3,-361,0,3575
2024/09/12,16:00,3626,0,530,1394,230,178,627,17,152,402,0,348,0,125,-4,-373,0,3626
2024/09/12,16:30,3652,0,554,1418,447,178,629,17,152,175,0,351,0,261,-4,-526,0,3652
2024/09/12,17:00,3616,0,564,1425,532,177,641,17,153,29,0,368,0,260,-3,-547,0,3616
2024/09/12,17:30,3618,0,603,1424,524,178,646,17,153,0,0,385,0,227,-4,-535,0,3618
2024/09/12,18:00,3643,0,610,1427,441,199,648,17,153,0,0,407,0,184,-6,-437,0,3643
2024/09/12,18:30,3597,0,610,1428,381,225,647,17,153,0,0,430,0,190,-6,-478,0,3597
2024/09/12,19:00,3557,0,610,1406,177,229,651,17,166,0,0,486,0,310,-6,-489,0,3557
2024/09/12,19:30,3475,0,611,1422,122,228,593,17,186,0,0,497,0,327,-5,-523,0,3475
2024/09/12,20:00,3376,0,593,1425,108,228,566,17,194,0,0,482,0,316,-5,-548,0,3376
2024/09/12,20:30,3264,0,594,1428,178,228,425,17,210,0,0,452,0,273,-4,-537,0,3264
2024/09/12,21:00,3097,0,588,1430,171,228,389,17,221,0,0,455,0,96,-5,-493,0,3097
2024/09/12,21:30,3001,0,546,1429,130,228,360,17,223,0,0,465,0,64,-5,-456,0,3001
2024/09/12,22:00,2941,0,534,1428,104,229,335,17,225,0,0,465,0,59,-5,-450,0,2941
2024/09/12,22:30,2871,0,490,1428,122,228,315,17,225,0,0,465,0,59,-6,-472,0,2871
2024/09/12,23:00,2848,0,483,1421,116,228,310,17,226,0,0,513,0,69,-4,-531,0,2848
2024/09/12,23:30,2786,0,452,1395,97,229,306,17,227,0,0,592,0,19,-5,-543,0,2786
2024/09/13,00:00,2674,0,410,1367,97,230,254,17,228,0,0,571,0,18,-4,-514,0,2674
2024/09/13,00:30,2562,0,332,1370,100,229,242,17,229,0,0,511,0,-155,-6,-307,0,2562
2024/09/13,01:00,2488,0,507,1396,102,229,230,17,230,0,0,454,0,-415,-3,-259,0,2488
2024/09/13,01:30,2504,0,534,1394,100,229,265,17,231,0,0,413,0,-440,-2,-237,0,2504
2024/09/13,02:00,2519,0,495,1398,113,229,278,17,231,0,0,342,0,-369,-4,-211,0,2519
2024/09/13,02:30,2593,0,467,1400,131,228,242,17,231,0,0,300,0,-116,-3,-304,0,2593
2024/09/13,03:00,2726,0,463,1418,188,229,254,17,231,0,0,276,0,0,-4,-346,0,2726
2024/09/13,03:30,2782,0,447,1427,141,228,254,17,231,0,0,291,0,0,-7,-247,0,2782
2024/09/13,04:00,2816,0,429,1431,102,229,267,17,231,0,0,305,0,0,-5,-190,0,2816
2024/09/13,04:30,2818,0,443,1425,124,229,277,17,231,0,0,264,0,0,-5,-187,0,2818
2024/09/13,05:00,2796,0,421,1421,258,229,276,17,231,3,0,211,0,0,-6,-265,0,2796
2024/09/13,05:30,2754,0,426,1422,296,229,263,17,231,84,0,181,0,0,-6,-389,0,2754
2024/09/13,06:00,2835,0,376,1427,168,229,260,17,231,243,0,169,0,18,-5,-298,0,2835
2024/09/13,06:30,2853,0,371,1417,100,229,234,17,231,437,0,144,0,-87,-6,-234,0,2853
2024/09/13,07:00,3058,0,402,1443,98,228,233,17,231,592,0,150,0,-138,-6,-192,0,3058
2024/09/13,07:30,3206,0,429,1443,98,228,230,17,231,703,0,166,0,-92,-6,-241,0,3206
2024/09/13,08:00,3413,0,453,1417,110,229,224,17,230,800,0,176,0,27,-5,-265,0,3413
2024/09/13,08:30,3609,0,451,1439,233,228,224,17,230,779,0,217,0,20,-6,-223,0,3609
2024/09/13,09:00,3744,0,429,1440,313,226,221,17,230,801,0,234,0,43,-4,-206,0,3744
2024/09/13,09:30,3672,0,462,1437,203,225,212,17,229,801,0,253,0,18,6,-191,0,3672
2024/09/13,10:00,3544,0,492,1437,111,221,191,17,229,775,0,228,0,19,9,-185,0,3544
2024/09/13,10:30,3490,0,439,1435,112,215,191,17,229,783,0,243,0,6,15,-195,0,3490
2024/09/13,11:00,3461,0,415,1438,106,210,188,17,230,806,0,276,0,0,-13,-212,0,3461
2024/09/13,11:30,3395,0,381,1440,110,205,176,17,230,916,0,280,0,0,-18,-342,0,3395
2024/09/13,12:00,3294,0,318,1404,100,205,172,17,231,1059,0,292,0,15,-22,-497,0,3294
2024/09/13,12:30,3276,0,243,1259,100,206,174,17,231,1126,0,329,0,18,-5,-422,0,3276
2024/09/13,13:00,3408,0,289,1186,102,206,190,17,221,1170,0,320,0,0,-5,-288,0,3408
2024/09/13,13:30,3500,0,300,1298,100,206,240,17,210,1194,0,376,0,2,-4,-439,0,3500
2024/09/13,14:00,3575,0,350,1373,73,202,328,17,218,1078,0,432,0,46,-5,-537,0,3575
2024/09/13,14:30,3565,0,400,1357,49,175,400,17,230,933,0,448,0,98,-4,-538,0,3565
2024/09/13,15:00,3517,0,416,1375,55,157,487,17,231,716,0,455,0,146,-5,-533,0,3517
2024/09/13,15:30,3571,0,394,1359,98,156,599,17,231,476,0,471,0,322,-5,-547,0,3571
2024/09/13,16:00,3569,0,493,1422,101,157,614,17,231,277,0,494,0,315,-4,-548,0,3569
2024/09/13,16:30,3553,0,585,1425,118,157,634,17,230,109,0,508,0,323,-4,-549,0,3553
2024/09/13,17:00,3502,0,590,1428,151,157,647,17,230,16,0,507,0,314,-5,-550,0,3502
2024/09/13,17:30,3500,0,591,1429,176,158,646,17,230,0,0,483,0,319,-4,-545,0,3500
2024/09/13,18:00,3506,0,560,1432,195,180,645,17,230,0,0,466,0,306,-5,-520,0,3506
2024/09/13,18:30,3464,0,504,1433,146,212,641,17,230,0,0,461,0,298,-6,-472,0,3464
2024/09/13,19:00,3382,0,478,1430,186,218,578,17,230,0,0,418,0,278,-3,-448,0,3382
2024/09/13,19:30,3286,0,565,1429,212,224,529,17,230,0,0,313,0,277,-4,-506,0,3286
2024/09/13,20:00,3169,0,554,1431,260,227,493,17,231,0,0,261,0,172,-4,-473,0,3169
2024/09/13,20:30,3083,0,570,1432,217,227,440,17,230,0,0,253,0,106,-4,-405,0,3083
2024/09/13,21:00,2965,0,551,1434,269,227,400,17,231,0,0,214,0,17,-5,-390,0,2965
2024/09/13,21:30,2859,0,525,1434,288,227,352,17,231,0,0,191,0,0,-5,-401,0,2859
2024/09/13,22:00,2807,0,554,1433,253,228,341,17,231,0,0,170,0,13,-4,-429,0,2807
2024/09/13,22:30,2763,0,557,1433,254,228,317,17,231,0,0,146,0,22,-5,-437,0,2763
2024/09/13,23:00,2718,0,552,1426,275,228,296,17,230,0,0,120,0,23,-5,-444,0,2718
2024/09/13,23:30,2646,0,529,1426,264,228,294,17,231,0,0,86,0,33,-5,-457,0,2646
2024/09/14,00:00,2530,0,438,1392,156,226,294,17,232,0,0,51,0,26,-5,-297,0,2530
2024/09/14,00:30,2398,0,340,1302,96,227,292,17,231,0,0,23,0,-35,-5,-90,0,2398
2024/09/14,01:00,2368,0,343,1364,97,227,278,17,231,0,0,24,0,-228,-4,19,0,2368
2024/09/14,01:30,2356,0,332,1414,96,226,298,17,231,0,0,28,0,-230,-5,-51,0,2356
2024/09/14,02:00,2447,0,373,1416,50,227,333,17,231,0,0,26,0,-227,-3,4,0,2447
2024/09/14,02:30,2505,0,377,1427,65,227,286,17,232,0,0,27,0,-185,-2,34,0,2505
2024/09/14,03:00,2590,0,381,1396,98,227,306,17,231,0,0,28,0,-144,-4,54,0,2590
2024/09/14,03:30,2662,0,428,1307,126,226,344,17,232,0,0,27,0,-99,-5,59,0,2662
2024/09/14,04:00,2676,0,457,1172,236,226,346,17,231,0,0,28,0,-92,-6,61,0,2676
2024/09/14,04:30,2634,0,395,1165,158,226,343,17,232,0,0,37,0,26,-5,40,0,2634
2024/09/14,05:00,2598,0,347,1152,97,228,353,17,232,3,0,44,0,153,-5,-23,0,2598
2024/09/14,05:30,2562,0,465,1165,201,229,337,17,232,101,0,48,0,30,-5,-258,0,2562
2024/09/14,06:00,2510,0,421,1122,189,228,299,17,232,299,0,60,0,20,-4,-373,0,2510
2024/09/14,06:30,2606,0,464,1089,171,226,276,17,231,549,0,55,0,55,-6,-521,0,2606
2024/09/14,07:00,2672,0,448,1031,124,214,231,17,231,810,0,61,0,60,-7,-548,0,2672
2024/09/14,07:30,2660,0,407,913,66,188,227,17,231,1027,0,73,0,64,-4,-549,0,2660
2024/09/14,08:00,2759,0,388,855,52,180,221,17,230,1237,0,77,0,58,-6,-550,0,2759
2024/09/14,08:30,2813,0,284,851,52,181,222,17,231,1404,0,79,0,47,-3,-552,0,2813
2024/09/14,09:00,2899,0,247,839,52,181,223,17,230,1554,0,79,0,31,-4,-550,0,2899
2024/09/14,09:30,2999,0,185,807,52,180,223,17,230,1738,0,88,0,33,-4,-550,0,2999
2024/09/14,10:00,3063,0,208,817,52,175,207,17,229,1806,0,68,0,40,-4,-552,0,3063
2024/09/14,10:30,3085,0,235,840,52,169,184,17,229,1804,0,70,0,40,-5,-550,0,3085
2024/09/14,11:00,3106,0,242,842,51,164,196,17,230,1806,0,77,0,33,-3,-549,0,3106
2024/09/14,11:30,3122,0,293,840,51,161,181,17,231,1759,0,102,0,41,-2,-552,0,3122
2024/09/14,12:00,3076,0,281,844,51,160,189,17,231,1700,0,119,0,38,-4,-550,0,3076
2024/09/14,12:30,3056,0,381,865,51,160,190,17,231,1545,0,128,0,41,-4,-549,0,3056
2024/09/14,13:00,3029,0,323,955,51,160,210,17,220,1460,0,150,0,37,-5,-549,0,3029
2024/09/14,13:30,2989,0,461,959,51,161,246,17,210,1231,0,144,0,44,-6,-529,0,2989
2024/09/14,14:00,2968,0,489,971,93,161,295,17,218,1035,0,156,0,67,-5,-529,0,2968
2024/09/14,14:30,2962,0,506,1050,226,177,329,17,230,773,0,146,0,40,-5,-527,0,2962
2024/09/14,15:00,2969,0,475,1089,225,201,393,17,231,549,0,167,0,14,-4,-388,0,2969
2024/09/14,15:30,2995,0,523,1246,170,205,456,17,231,348,0,167,0,37,-4,-401,0,2995
2024/09/14,16:00,3054,0,505,1382,114,206,505,17,231,183,0,196,0,141,-4,-422,0,3054
2024/09/14,16:30,3050,0,525,1411,119,206,531,17,230,62,0,208,0,144,-5,-398,0,3050
2024/09/14,17:00,3065,0,459,1422,100,206,595,17,231,9,0,213,0,117,-5,-299,0,3065
2024/09/14,17:30,3169,0,518,1423,104,206,604,17,231,0,0,212,0,167,-4,-309,0,3169
2024/09/14,18:00,3228,0,570,1422,195,206,549,17,231,0,0,198,0,287,-5,-442,0,3228
2024/09/14,18:30,3182,0,568,1423,176,214,542,17,231,0,0,185,0,289,-5,-458,0,3182
2024/09/14,19:00,3136,0,527,1428,100,218,544,17,231,1,0,164,0,283,-5,-372,0,3136
2024/09/14,19:30,3088,0,508,1416,101,225,564,17,231,1,0,165,0,271,-5,-406,0,3088
2024/09/14,20:00,2987,0,522,1391,101,227,545,17,231,0,0,176,0,220,-4,-439,0,2987
2024/09/14,20:30,2905,0,516,1402,102,226,515,17,231,0,0,174,0,120,-5,-393,0,2905
2024/09/14,21:00,2818,0,530,1401,134,226,488,17,231,0,0,178,0,92,-5,-474,0,2818
2024/09/14,21:30,2744,0,466,1387,156,226,489,17,231,0,0,178,0,124,-5,-525,0,2744
2024/09/14,22:00,2693,0,445,1387,197,227,480,17,231,0,0,170,0,76,-5,-532,0,2693
2024/09/14,22:30,2633,0,433,1386,156,226,472,17,231,0,0,158,0,42,-3,-485,0,2633
2024/09/14,23:00,2615,0,473,1374,176,226,450,17,231,0,0,152,0,64,-5,-543,0,2615
2024/09/14,23:30,2569,0,462,1374,164,226,441,17,231,0,0,139,0,61,-3,-543,0,2569
2024/09/15,00:00,2523,0,444,1389,118,226,430,17,231,0,0,150,0,52,-4,-530,0,2523
2024/09/15,00:30,2417,0,341,1396,97,226,431,17,231,0,0,177,0,31,-4,-526,0,2417
2024/09/15,01:00,2401,0,367,1335,98,228,434,17,231,0,0,166,0,54,-3,-526,0,2401
2024/09/15,01:30,2407,0,360,1337,98,227,445,17,231,0,0,159,0,65,-2,-530,0,2407
2024/09/15,02:00,2443,0,378,1335,98,228,470,17,231,0,0,166,0,59,-3,-536,0,2443
2024/09/15,02:30,2565,0,410,1393,97,226,491,17,231,0,0,176,0,59,-5,-530,0,2565
2024/09/15,03:00,2629,0,401,1424,97,227,502,17,231,0,0,169,0,52,-5,-486,0,2629
2024/09/15,03:30,2651,0,412,1414,97,226,512,17,231,0,0,178,0,27,-5,-458,0,2651
2024/09/15,04:00,2674,0,404,1374,97,227,537,17,231,0,0,163,0,17,-6,-387,0,2674
2024/09/15,04:30,2644,0,456,1336,97,227,545,17,231,0,0,142,0,24,-5,-426,0,2644
2024/09/15,05:00,2633,0,479,1309,142,228,553,17,231,2,0,117,0,17,-4,-458,0,2633
2024/09/15,05:30,2629,0,450,1310,115,227,567,17,231,67,0,115,0,41,-5,-506,0,2629
2024/09/15,06:00,2646,0,431,1241,93,227,569,17,231,148,0,127,0,22,-6,-454,0,2646
2024/09/15,06:30,2608,0,355,1044,48,226,574,17,231,236,0,170,0,19,-5,-307,0,2608
2024/09/15,07:00,2575,0,310,936,45,227,567,17,231,281,0,171,0,8,-4,-214,0,2575
2024/09/15,07:30,2583,0,332,937,45,226,573,17,231,365,0,153,0,-49,-4,-243,0,2583
2024/09/15,08:00,2621,0,325,1076,48,226,547,17,231,474,0,163,0,-221,-5,-260,0,2621
2024/09/15,08:30,2725,0,336,1078,46,226,532,17,231,549,0,172,0,-228,-5,-229,0,2725
2024/09/15,09:00,2838,0,410,1197,45,227,515,17,231,591,0,182,0,-230,-4,-343,0,2838
2024/09/15,09:30,2876,0,321,1202,45,226,512,17,230,680,0,200,0,-231,-5,-321,0,2876
2024/09/15,10:00,2894,0,344,1091,45,226,505,17,230,693,0,202,0,-226,-4,-229,0,2894
2024/09/15,10:30,2892,0,332,1099,45,226,505,17,231,711,0,193,0,-230,-5,-232,0,2892
2024/09/15,11:00,2926,0,424,1152,45,226,442,17,231,678,0,159,0,-227,-5,-216,0,2926
2024/09/15,11:30,2866,0,346,1202,45,227,417,17,231,683,0,157,0,-229,-5,-225,0,2866
2024/09/15,12:00,2814,0,341,1228,45,226,400,17,231,641,0,159,0,-231,-4,-239,0,2814
2024/09/15,12:30,2812,0,345,1243,45,226,400,17,231,616,0,158,0,-231,-5,-233,0,2812
2024/09/15,13:00,2809,0,341,1290,45,226,403,17,222,575,0,167,0,-231,-5,-241,0,2809
2024/09/15,13:30,2767,0,304,1331,45,226,418,17,210,519,0,192,0,-231,-4,-260,0,2767
2024/09/15,14:00,2737,0,198,1331,45,227,442,17,218,489,0,250,0,-229,-4,-247,0,2737
2024/09/15,14:30,2691,0,253,1340,45,226,443,17,231,386,0,233,0,-216,-4,-263,0,2691
2024/09/15,15:00,2692,0,193,1341,45,226,474,17,231,299,0,233,0,-13,-5,-349,0,2692
2024/09/15,15:30,2714,0,307,1356,63,226,490,17,231,239,0,238,0,0,-5,-448,0,2714
2024/09/15,16:00,2758,0,382,1384,97,226,501,17,231,156,0,226,0,0,-4,-458,0,2758
2024/09/15,16:30,2794,0,443,1387,80,226,519,17,231,64,0,242,0,0,-5,-410,0,2794
2024/09/15,17:00,2856,0,457,1395,45,226,526,17,231,12,0,257,0,92,-5,-397,0,2856
2024/09/15,17:30,3002,0,486,1407,45,226,566,17,231,0,0,276,0,249,-4,-497,0,3002
2024/09/15,18:00,3120,0,540,1423,45,227,587,17,231,0,0,297,0,290,-5,-532,0,3120
2024/09/15,18:30,3094,0,544,1396,45,227,575,17,231,0,0,307,0,302,-5,-545,0,3094
2024/09/15,19:00,3050,0,571,1389,45,227,523,17,231,1,0,259,0,303,-4,-512,0,3050
2024/09/15,19:30,2988,0,587,1392,45,227,517,17,231,0,0,214,0,250,-4,-488,0,2988
2024/09/15,20:00,2902,0,580,1393,45,226,502,17,231,0,0,191,0,205,-5,-483,0,2902
2024/09/15,20:30,2848,0,558,1392,98,226,498,17,231,0,0,169,0,171,-5,-507,0,2848
2024/09/15,21:00,2750,0,576,1394,140,228,450,17,231,0,0,149,0,47,-5,-477,0,2750
2024/09/15,21:30,2684,0,545,1393,146,225,432,17,231,0,0,120,0,30,-5,-450,0,2684
2024/09/15,22:00,2637,0,516,1387,166,227,417,17,232,0,0,104,0,30,-5,-454,0,2637
2024/09/15,22:30,2569,0,411,1409,97,227,420,17,232,0,0,86,0,11,-5,-336,0,2569
2024/09/15,23:00,2549,0,414,1417,99,227,405,17,232,0,0,92,0,0,-5,-349,0,2549
2024/09/15,23:30,2447,0,290,1407,98,228,396,17,233,0,0,100,0,0,-5,-317,0,2447
2024/09/16,00:00,2415,0,284,1414,97,231,405,17,233,0,0,105,0,0,-5,-366,0,2415
2024/09/16,00:30,2373,0,352,1420,54,231,403,17,233,0,0,96,0,0,-4,-429,0,2373
2024/09/16,01:00,2329,0,326,1353,45,230,401,17,232,0,0,76,0,0,-4,-347,0,2329
2024/09/16,01:30,2335,0,377,1322,45,231,405,17,232,0,0,64,0,0,-3,-355,0,2335
2024/09/16,02:00,2412,0,397,1398,48,231,435,17,233,0,0,53,0,0,-3,-397,0,2412
2024/09/16,02:30,2502,0,523,1285,115,231,439,17,233,0,0,48,0,52,-3,-438,0,2502
2024/09/16,03:00,2594,0,555,1176,237,230,433,17,232,0,0,41,0,158,-6,-479,0,2594
2024/09/16,03:30,2662,0,556,1170,221,231,441,17,232,0,0,44,0,145,-5,-390,0,2662
2024/09/16,04:00,2665,0,556,1172,100,230,452,17,232,0,0,45,0,127,-6,-260,0,2665
2024/09/16,04:30,2675,0,492,1162,97,231,470,17,232,0,0,38,0,187,-5,-246,0,2675
2024/09/16,05:00,2615,0,504,1125,165,230,484,17,232,3,0,40,0,180,-5,-360,0,2615
2024/09/16,05:30,2563,0,493,1072,256,230,409,17,232,104,0,43,0,179,-5,-467,0,2563
2024/09/16,06:00,2564,0,464,1034,212,231,378,17,232,313,0,56,0,155,-6,-522,0,2564
2024/09/16,06:30,2566,0,462,1010,132,230,332,17,232,614,0,55,0,33,-7,-544,0,2566
2024/09/16,07:00,2646,0,393,977,96,218,316,17,232,939,0,37,0,-27,-5,-547,0,2646
2024/09/16,07:30,2616,0,295,928,97,190,302,17,231,1153,0,29,0,-71,-6,-549,0,2616
2024/09/16,08:00,2702,0,231,866,97,179,303,17,231,1373,0,23,0,-67,-4,-547,0,2702
2024/09/16,08:30,2794,0,249,739,97,180,301,17,231,1579,0,22,0,-69,-4,-548,0,2794
2024/09/16,09:00,2880,0,283,729,107,180,298,17,230,1740,0,22,0,-176,-5,-545,0,2880
2024/09/16,09:30,2934,0,282,727,96,180,284,17,230,1836,0,36,0,-208,-6,-540,0,2934
2024/09/16,10:00,2981,0,257,727,97,180,279,17,230,1903,0,52,0,-208,-4,-549,0,2981
2024/09/16,10:30,3023,0,247,742,97,180,274,17,230,1922,0,78,0,-208,-5,-551,0,3023
2024/09/16,11:00,3051,0,249,760,97,180,266,17,230,1922,0,89,0,-205,-4,-550,0,3051
2024/09/16,11:30,3033,0,245,781,97,180,265,17,231,1875,0,105,0,-208,-5,-550,0,3033
2024/09/16,12:00,2962,0,239,723,98,181,261,17,231,1860,0,116,0,-211,-3,-550,0,2962
2024/09/16,12:30,2928,0,262,721,97,196,264,17,231,1774,0,121,0,-209,-3,-543,0,2928
2024/09/16,13:00,2922,0,379,793,100,220,265,17,221,1661,0,112,0,-388,-3,-455,0,2922
2024/09/16,13:30,2906,0,418,852,103,225,282,17,210,1430,0,117,0,-381,-3,-364,0,2906
2024/09/16,14:00,2985,0,426,921,110,226,312,17,215,1177,0,134,0,-123,-4,-426,0,2985
2024/09/16,14:30,3037,0,506,983,142,225,353,17,230,930,0,130,0,41,-4,-516,0,3037
2024/09/16,15:00,2989,0,524,1013,230,226,383,17,231,685,0,106,0,33,-5,-454,0,2989
2024/09/16,15:30,2991,0,533,1038,262,225,464,17,230,409,0,116,0,0,-5,-298,0,2991
2024/09/16,16:00,3012,0,552,1055,213,226,558,17,231,201,0,135,0,40,-6,-210,0,3012
2024/09/16,16:30,3008,0,549,1056,113,226,606,17,231,65,0,169,0,207,-5,-226,0,3008
2024/09/16,17:00,3036,0,536,1058,103,226,612,17,231,6,0,196,0,285,-4,-230,0,3036
2024/09/16,17:30,3148,0,562,1063,128,226,614,17,231,0,0,219,0,288,-4,-196,0,3148
2024/09/16,18:00,3184,0,570,1112,132,228,613,17,231,0,0,234,0,287,-5,-235,0,3184
2024/09/16,18:30,3142,0,567,1117,152,230,583,17,231,0,0,228,0,285,-5,-263,0,3142
2024/09/16,19:00,3119,0,561,1121,173,230,573,17,231,1,0,235,0,284,-4,-303,0,3119
2024/09/16,19:30,3055,0,550,1121,136,230,554,17,231,0,0,234,0,282,-4,-296,0,3055
2024/09/16,20:00,2962,0,555,1117,144,230,502,17,231,0,0,213,0,215,-4,-258,0,2962
2024/09/16,20:30,2902,0,548,1116,183,230,500,17,231,0,0,208,0,114,-5,-240,0,2902
2024/09/16,21:00,2809,0,554,1118,178,231,454,17,231,0,0,226,0,15,-5,-210,0,2809
2024/09/16,21:30,2731,0,518,1118,156,231,419,17,231,0,0,261,0,0,-5,-215,0,2731
2024/09/16,22:00,2710,0,497,1118,195,231,398,17,231,0,0,270,0,0,-5,-242,0,2710
2024/09/16,22:30,2626,0,495,1119,203,230,368,17,231,0,0,250,0,0,-5,-282,0,2626
2024/09/16,23:00,2575,0,477,1114,170,231,344,17,231,0,0,283,0,0,-5,-287,0,2575
2024/09/16,23:30,2487,0,348,1115,84,230,343,17,231,0,0,398,0,0,-5,-274,0,2487
2024/09/17,00:00,2456,0,400,1115,47,231,293,17,231,0,0,454,0,0,-4,-328,0,2456
2024/09/17,00:30,2424,0,380,1114,47,231,291,17,231,0,0,507,0,0,-5,-389,0,2424
2024/09/17,01:00,2415,0,401,1109,47,231,280,17,231,0,0,531,0,0,-5,-427,0,2415
2024/09/17,01:30,2411,0,436,1107,90,231,261,17,231,0,0,516,0,7,-4,-481,0,2411
2024/09/17,02:00,2469,0,469,1106,118,231,247,17,231,0,0,519,0,31,-4,-496,0,2469
2024/09/17,02:30,2529,0,483,1103,149,231,248,17,231,0,0,480,0,3,-5,-411,0,2529
2024/09/17,03:00,2599,0,476,1106,141,231,261,17,231,0,0,459,0,0,-4,-319,0,2599
2024/09/17,03:30,2667,0,485,1108,168,230,275,17,231,0,0,415,0,0,-5,-257,0,2667
2024/09/17,04:00,2670,0,437,1103,187,231,292,17,231,0,0,425,0,0,-5,-248,0,2670
2024/09/17,04:30,2696,0,472,1101,171,232,290,17,231,0,0,436,0,0,-5,-249,0,2696
2024/09/17,05:00,2672,0,465,1109,164,231,277,17,231,2,0,462,0,0,-5,-281,0,2672
2024/09/17,05:30,2708,0,478,1108,164,231,278,17,230,70,0,498,0,0,-4,-362,0,2708
2024/09/17,06:00,2809,0,479,1040,216,231,283,17,230,155,0,481,0,0,-4,-319,0,2809
2024/09/17,06:30,2859,0,468,984,215,231,279,17,231,216,0,425,0,0,-6,-201,0,2859
2024/09/17,07:00,2871,0,469,1025,136,231,265,17,231,222,0,414,0,0,-5,-134,0,2871
2024/09/17,07:30,2937,0,332,1043,98,228,264,17,231,257,0,441,0,0,-6,32,0,2937
2024/09/17,08:00,3041,0,296,1048,102,225,251,17,230,335,0,479,0,0,-6,64,0,3041
2024/09/17,08:30,3161,0,283,1044,102,226,254,17,230,436,0,474,0,76,-5,24,0,3161
2024/09/17,09:00,3166,0,232,1007,101,225,287,17,230,599,0,492,0,97,-5,-116,0,3166
2024/09/17,09:30,3170,0,285,862,58,225,310,17,229,762,0,493,0,80,-6,-145,0,3170
2024/09/17,10:00,3147,0,207,697,50,226,309,17,229,960,0,513,0,-48,-4,-9,0,3147
2024/09/17,10:30,3249,0,218,674,50,226,317,17,229,1170,0,509,0,-176,-4,19,0,3249
2024/09/17,11:00,3308,0,239,698,50,221,322,17,230,1290,0,481,0,-174,-4,-62,0,3308
2024/09/17,11:30,3394,0,330,750,51,193,316,17,230,1370,0,475,0,-50,-2,-286,0,3394
2024/09/17,12:00,3303,0,324,774,59,176,319,17,230,1380,0,475,0,0,0,-451,0,3303
2024/09/17,12:30,3285,0,327,731,72,176,324,17,230,1389,0,459,0,0,0,-440,0,3285
2024/09/17,13:00,3430,0,376,841,95,176,329,17,219,1333,0,454,0,0,-3,-407,0,3430
2024/09/17,13:30,3430,0,354,871,98,175,328,17,209,1185,0,521,0,0,-4,-324,0,3430
2024/09/17,14:00,3464,0,422,1027,108,176,375,17,224,962,0,547,0,0,-4,-390,0,3464
2024/09/17,14:30,3418,0,405,1054,160,176,395,16,230,820,0,504,0,122,-4,-460,0,3418
2024/09/17,15:00,3380,0,452,1057,171,176,490,17,230,623,0,469,0,248,-4,-549,0,3380
2024/09/17,15:30,3412,0,552,1056,282,176,528,17,231,417,0,422,0,287,-5,-551,0,3412
2024/09/17,16:00,3427,0,584,1052,407,176,613,16,231,240,0,393,0,269,-5,-549,0,3427
2024/09/17,16:30,3441,0,592,1114,446,176,631,16,231,101,0,389,0,300,-4,-551,0,3441
2024/09/17,17:00,3428,0,617,1178,419,176,642,16,230,8,0,395,0,300,-4,-549,0,3428
2024/09/17,17:30,3476,0,619,1182,427,177,646,16,231,0,0,396,0,290,-4,-504,0,3476
2024/09/17,18:00,3496,0,618,1183,359,203,650,17,231,0,0,395,0,332,-5,-487,0,3496
2024/09/17,18:30,3444,0,567,1207,236,228,652,17,231,0,0,382,0,311,-4,-383,0,3444
2024/09/17,19:00,3371,0,615,1212,155,230,592,16,231,1,0,354,0,312,-5,-342,0,3371
2024/09/17,19:30,3297,0,619,1212,102,230,592,16,231,0,0,369,0,344,-5,-413,0,3297
2024/09/17,20:00,3204,0,622,1216,102,231,620,16,231,0,0,332,0,332,-5,-493,0,3204
2024/09/17,20:30,3116,0,621,1215,105,230,614,17,231,0,0,293,0,335,-5,-540,0,3116
2024/09/17,21:00,2967,0,604,1237,197,230,488,17,231,0,0,268,0,218,-4,-519,0,2967
2024/09/17,21:30,2871,0,598,1265,251,230,411,17,230,0,0,265,0,136,-4,-528,0,2871
2024/09/17,22:00,2806,0,582,1297,144,230,363,17,231,0,0,258,0,84,-4,-396,0,2806
2024/09/17,22:30,2758,0,587,1319,166,230,306,17,231,0,0,240,0,116,-3,-451,0,2758
2024/09/17,23:00,2735,0,579,1368,131,231,302,17,231,0,0,261,0,78,-4,-459,0,2735
2024/09/17,23:30,2677,0,577,1387,130,230,281,17,230,0,0,256,0,98,-4,-525,0,2677
2024/09/18,00:00,2581,0,506,1395,138,232,270,17,231,0,0,248,0,29,-5,-480,0,2581
2024/09/18,00:30,2505,0,449,1422,98,232,253,17,231,0,0,238,0,14,-6,-443,0,2505
2024/09/18,01:00,2472,0,355,1431,75,230,249,17,231,0,0,235,0,0,-5,-346,0,2472
2024/09/18,01:30,2482,0,391,1434,47,231,262,17,231,0,0,204,0,0,-5,-330,0,2482
2024/09/18,02:00,2530,0,444,1431,76,232,261,17,231,0,0,173,0,0,-4,-331,0,2530
2024/09/18,02:30,2570,0,451,1433,101,231,261,17,231,0,0,153,0,0,-5,-303,0,2570
2024/09/18,03:00,2698,0,481,1434,119,231,276,17,231,0,0,132,0,0,-5,-218,0,2698
2024/09/18,03:30,2730,0,478,1435,150,231,286,17,231,0,0,108,0,0,-5,-201,0,2730
2024/09/18,04:00,2786,0,481,1437,116,232,281,17,231,0,0,108,0,77,-5,-189,0,2786
2024/09/18,04:30,2802,0,532,1438,101,231,284,17,231,0,0,91,0,78,-5,-196,0,2802
2024/09/18,05:00,2726,0,524,1433,148,227,264,17,231,3,0,86,0,19,-5,-221,0,2726
2024/09/18,05:30,2714,0,525,1433,152,225,263,17,231,88,0,96,0,19,-5,-330,0,2714
2024/09/18,06:00,2788,0,491,1428,107,230,253,17,232,247,0,110,0,22,-5,-344,0,2788
2024/09/18,06:30,2794,0,380,1395,113,231,241,17,232,457,0,129,0,19,-6,-414,0,2794
2024/09/18,07:00,2784,0,226,1290,71,231,251,17,232,738,0,147,0,9,-5,-423,0,2784
2024/09/18,07:30,2878,0,201,1131,47,229,247,17,232,1030,0,162,0,0,-5,-413,0,2878
2024/09/18,08:00,3107,0,259,1124,50,224,237,17,232,1303,0,178,0,14,-4,-527,0,3107
2024/09/18,08:30,3357,0,290,1153,50,195,217,17,231,1517,0,220,0,20,-5,-548,0,3357
2024/09/18,09:00,3504,0,294,1085,49,177,194,17,231,1699,0,291,0,17,-3,-547,0,3504
2024/09/18,09:30,3602,0,373,1170,49,176,194,17,231,1800,0,336,0,-207,-2,-535,0,3602
2024/09/18,10:00,3681,0,381,1225,49,176,174,17,232,1819,0,357,0,-201,-3,-545,0,3681
2024/09/18,10:30,3767,0,398,1314,80,176,165,17,231,1788,0,359,0,-211,-4,-546,0,3767
2024/09/18,11:00,3783,0,382,1334,103,176,161,17,231,1754,0,331,0,-239,-3,-464,0,3783
2024/09/18,11:30,3729,0,440,1390,107,176,152,17,231,1659,0,313,0,-328,-3,-425,0,3729
2024/09/18,12:00,3606,0,427,1406,100,176,150,17,232,1555,0,310,0,-327,-3,-437,0,3606
2024/09/18,12:30,3508,0,351,1329,101,179,158,17,232,1439,0,306,0,-168,-5,-431,0,3508
2024/09/18,13:00,3601,0,465,1370,134,178,162,17,218,1269,0,305,0,-110,-3,-404,0,3601
2024/09/18,13:30,3607,0,463,1380,241,176,186,17,211,1063,0,321,0,-14,-4,-433,0,3607
2024/09/18,14:00,3593,0,490,1396,180,177,222,17,222,921,0,327,0,30,-6,-383,0,3593
2024/09/18,14:30,3551,0,507,1415,102,176,302,17,232,739,0,321,0,18,-5,-273,0,3551
2024/09/18,15:00,3500,0,500,1442,118,176,382,17,232,533,0,313,0,75,-5,-283,0,3500
2024/09/18,15:30,3492,0,476,1449,116,176,498,17,231,354,0,296,0,147,-4,-264,0,3492
2024/09/18,16:00,3476,0,447,1449,100,176,578,17,231,200,0,289,0,247,-5,-253,0,3476
2024/09/18,16:30,3460,0,433,1448,101,177,595,17,231,87,0,295,0,285,-5,-204,0,3460
2024/09/18,17:00,3438,0,497,1454,108,177,606,17,231,14,0,316,0,285,-4,-263,0,3438
2024/09/18,17:30,3492,0,499,1455,139,178,607,17,231,0,0,335,0,286,-4,-251,0,3492
2024/09/18,18:00,3527,0,557,1453,176,201,592,17,231,0,0,336,0,303,-3,-336,0,3527
2024/09/18,18:30,3485,0,587,1452,164,226,593,17,231,0,0,350,0,304,-4,-435,0,3485
2024/09/18,19:00,3396,0,520,1451,101,229,587,17,231,1,0,358,0,269,-3,-365,0,3396
2024/09/18,19:30,3294,0,509,1495,100,229,522,17,231,0,0,378,0,159,-3,-343,0,3294
2024/09/18,20:00,3177,0,550,1494,129,231,448,17,231,0,0,373,0,95,-4,-387,0,3177
2024/09/18,20:30,3103,0,544,1493,180,231,421,17,231,0,0,381,0,75,-3,-467,0,3103
2024/09/18,21:00,2986,0,540,1495,153,230,373,17,231,0,0,384,0,24,-5,-456,0,2986
2024/09/18,21:30,2882,0,511,1495,176,229,309,17,231,0,0,384,0,24,-6,-488,0,2882
2024/09/18,22:00,2831,0,493,1495,196,230,248,17,231,0,0,375,0,37,-4,-487,0,2831
2024/09/18,22:30,2769,0,465,1484,144,228,245,17,231,0,0,400,0,0,-5,-440,0,2769
2024/09/18,23:00,2712,0,424,1444,97,227,245,17,231,0,0,474,0,0,-6,-441,0,2712
2024/09/18,23:30,2652,0,380,1397,69,226,245,17,231,0,0,580,0,31,-4,-520,0,2652
2024/09/19,00:00,2587,0,377,1367,45,225,242,17,231,0,0,589,0,28,-6,-528,0,2587
2024/09/19,00:30,2491,0,393,1339,46,225,239,17,231,0,0,513,0,36,-4,-544,0,2491
2024/09/19,01:00,2464,0,408,1358,45,226,238,17,231,0,0,443,0,37,-5,-534,0,2464
2024/09/19,01:30,2480,0,446,1403,63,226,242,17,230,0,0,351,0,42,-5,-535,0,2480
2024/09/19,02:00,2537,0,381,1489,99,225,266,17,231,0,0,332,0,44,-5,-542,0,2537
2024/09/19,02:30,2631,0,374,1537,98,227,288,17,231,0,0,325,0,45,-5,-506,0,2631
2024/09/19,03:00,2692,0,398,1544,98,229,236,17,231,0,0,335,0,24,-5,-415,0,2692
2024/09/19,03:30,2758,0,442,1547,108,229,240,17,231,0,0,339,0,25,-4,-416,0,2758
2024/09/19,04:00,2784,0,481,1619,136,229,223,17,231,0,0,304,0,1,-5,-452,0,2784
2024/09/19,04:30,2804,0,504,1627,162,229,237,17,232,0,0,262,0,0,-6,-460,0,2804
2024/09/19,05:00,2755,0,480,1626,140,230,241,17,231,3,0,257,0,2,-5,-467,0,2755
2024/09/19,05:30,2729,0,445,1624,111,229,249,17,231,98,0,221,0,22,-5,-513,0,2729
2024/09/19,06:00,2762,0,368,1579,97,230,245,17,231,295,0,200,0,25,-6,-519,0,2762
2024/09/19,06:30,2800,0,292,1472,71,227,237,17,231,583,0,187,0,35,-4,-548,0,2800
2024/09/19,07:00,2922,0,272,1361,45,216,246,17,230,903,0,166,0,20,-4,-550,0,2922
2024/09/19,07:30,2960,0,296,1169,46,188,243,17,230,1105,0,190,0,27,-4,-547,0,2960
2024/09/19,08:00,3120,0,303,1130,49,181,230,17,230,1309,0,208,0,18,-6,-549,0,3120
2024/09/19,08:30,3296,0,298,1125,49,182,223,17,230,1496,0,204,0,28,-5,-551,0,3296
2024/09/19,09:00,3403,0,277,1070,49,177,211,17,230,1656,0,208,0,-5,-4,-483,0,3403
2024/09/19,09:30,3455,0,286,1057,49,176,210,17,229,1766,0,212,0,-229,-4,-314,0,3455
2024/09/19,10:00,3523,0,306,1225,49,176,198,17,229,1817,0,192,0,-217,-4,-465,0,3523
2024/09/19,10:30,3595,0,336,1343,48,176,190,17,229,1809,0,193,0,-209,-4,-533,0,3595
2024/09/19,11:00,3628,0,349,1386,48,181,186,17,229,1765,0,176,0,-202,-4,-503,0,3628
2024/09/19,11:30,3546,0,344,1403,49,180,177,17,229,1729,0,154,0,-209,-4,-523,0,3546
2024/09/19,12:00,3385,0,291,1366,48,195,174,17,230,1682,0,146,0,-213,-1,-550,0,3385
2024/09/19,12:30,3329,0,257,1376,49,222,183,17,230,1602,0,150,0,-207,1,-551,0,3329
2024/09/19,13:00,3416,0,275,1467,49,227,189,17,230,1546,0,135,0,-214,0,-505,0,3416
2024/09/19,13:30,3380,0,257,1522,49,225,214,17,230,1411,0,106,0,-216,1,-436,0,3380
2024/09/19,14:00,3343,0,224,1558,52,226,248,17,230,1294,0,96,0,-229,-1,-372,0,3343
2024/09/19,14:30,3351,0,303,1626,51,226,327,17,231,1051,0,74,0,-229,-4,-322,0,3351
2024/09/19,15:00,3440,0,473,1603,57,226,404,17,223,778,0,56,0,9,-7,-399,0,3440
2024/09/19,15:30,3502,0,574,1732,129,226,481,17,211,488,0,39,0,146,-9,-532,0,3502
2024/09/19,16:00,3484,0,586,1747,173,228,503,17,216,232,0,30,0,217,-6,-459,0,3484
2024/09/19,16:30,3422,0,500,1741,114,226,568,17,228,80,0,26,0,233,-5,-306,0,3422
2024/09/19,17:00,3406,0,491,1746,108,227,594,17,231,8,0,27,0,295,-6,-332,0,3406
2024/09/19,17:30,3476,0,593,1749,117,227,596,17,231,0,0,24,0,304,-4,-378,0,3476
2024/09/19,18:00,3501,0,611,1745,232,225,573,17,231,0,0,25,0,306,-1,-463,0,3501
2024/09/19,18:30,3449,0,603,1745,218,224,573,17,231,1,0,23,0,313,0,-499,0,3449
2024/09/19,19:00,3372,0,569,1744,146,225,561,17,231,0,0,13,0,301,0,-435,0,3372
2024/09/19,19:30,3256,0,571,1743,158,225,521,17,231,0,0,16,0,183,0,-409,0,3256
2024/09/19,20:00,3135,0,523,1743,99,227,507,17,231,0,0,21,0,152,0,-385,0,3135
2024/09/19,20:30,3045,0,493,1740,100,228,426,17,231,0,0,35,0,104,0,-329,0,3045
2024/09/19,21:00,2936,0,546,1744,105,228,329,17,231,0,0,46,0,59,-8,-361,0,2936
2024/09/19,21:30,2840,0,504,1744,153,227,277,17,231,0,0,63,0,62,-8,-430,0,2840
2024/09/19,22:00,2779,0,478,1686,183,226,261,17,231,0,0,104,0,0,-7,-400,0,2779
2024/09/19,22:30,2715,0,483,1524,128,224,238,17,231,0,0,146,0,0,-7,-269,0,2715
2024/09/19,23:00,2667,0,415,1493,105,225,248,17,231,0,0,236,0,0,-8,-295,0,2667
2024/09/19,23:30,2607,0,345,1491,97,225,240,17,231,0,0,351,0,0,-8,-382,0,2607
2024/09/20,00:00,2568,0,411,1493,97,224,227,17,231,0,0,361,0,37,-8,-522,0,2568
2024/09/20,00:30,2494,0,391,1493,97,225,226,17,231,0,0,320,0,43,-8,-541,0,2494
2024/09/20,01:00,2477,0,407,1493,97,227,221,17,231,0,0,297,0,36,-8,-541,0,2477
2024/09/20,01:30,2487,0,456,1442,106,227,218,17,231,0,0,293,0,29,-7,-525,0,2487
2024/09/20,02:00,2497,0,387,1346,97,228,217,17,231,0,0,375,0,19,-9,-411,0,2497
2024/09/20,02:30,2583,0,315,1332,97,227,216,17,231,0,0,443,0,21,-9,-307,0,2583
2024/09/20,03:00,2673,0,317,1295,97,227,210,17,230,0,0,541,0,21,-8,-274,0,2673
2024/09/20,03:30,2741,0,310,1285,97,227,215,17,231,0,0,619,0,21,-8,-273,0,2741
2024/09/20,04:00,2784,0,312,1299,97,227,268,17,231,0,0,613,0,21,-8,-293,0,2784
2024/09/20,04:30,2822,0,422,1320,97,227,310,16,231,0,0,570,0,22,-8,-385,0,2822
2024/09/20,05:00,2833,0,517,1338,106,227,303,16,231,2,0,534,0,23,-8,-456,0,2833
2024/09/20,05:30,2833,0,518,1279,193,227,269,17,231,70,0,516,0,42,-8,-521,0,2833
2024/09/20,06:00,2886,0,474,1253,153,227,232,17,231,165,0,543,0,27,-6,-430,0,2886
2024/09/20,06:30,2942,0,480,1211,222,227,223,17,230,252,0,504,0,20,-9,-435,0,2942
2024/09/20,07:00,2917,0,300,1151,215,227,231,16,230,320,0,538,0,6,-5,-312,0,2917
2024/09/20,07:30,2943,0,231,1095,259,227,227,17,230,433,0,520,0,0,-8,-288,0,2943
2024/09/20,08:00,3055,0,250,1082,287,227,224,16,230,564,0,530,0,0,-10,-345,0,3055
2024/09/20,08:30,3323,0,309,1138,327,226,240,16,229,744,0,537,0,82,-6,-519,0,3323
2024/09/20,09:00,3432,0,274,1075,326,226,257,16,230,906,0,583,0,78,-4,-535,0,3432
2024/09/20,09:30,3454,0,192,950,295,226,271,17,230,1049,0,613,0,145,-5,-529,0,3454
2024/09/20,10:00,3411,0,235,876,275,225,280,16,230,1068,0,615,0,42,-3,-448,0,3411
2024/09/20,10:30,3469,0,277,937,275,212,294,16,230,1110,0,622,0,-99,-4,-401,0,3469
2024/09/20,11:00,3568,0,375,1015,274,186,288,16,230,1109,0,603,0,-91,-7,-430,0,3568
2024/09/20,11:30,3578,0,394,1048,274,179,297,16,230,1067,0,599,0,-116,-6,-404,0,3578
2024/09/20,12:00,3358,0,332,906,275,180,320,16,230,959,0,630,0,-91,-3,-396,0,3358
2024/09/20,12:30,3224,0,265,776,275,180,352,16,230,817,0,644,0,62,-2,-391,0,3224
2024/09/20,13:00,3323,0,265,736,275,181,386,16,220,702,0,644,0,182,-3,-281,0,3323
2024/09/20,13:30,3339,0,234,757,275,196,396,16,209,623,0,666,0,227,-3,-257,0,3339
2024/09/20,14:00,3278,0,174,746,274,218,430,17,219,535,0,780,0,90,0,-205,0,3278
2024/09/20,14:30,3292,0,211,821,275,224,445,17,230,466,0,822,0,51,-2,-268,0,3292
2024/09/20,15:00,3240,0,236,882,275,226,466,17,230,348,0,814,0,43,-7,-290,0,3240
2024/09/20,15:30,3316,0,359,1036,275,225,571,17,230,270,0,727,0,108,-4,-498,0,3316
2024/09/20,16:00,3342,0,430,1064,298,226,604,17,230,164,0,662,0,198,-4,-547,0,3342
2024/09/20,16:30,3322,0,408,1093,326,227,639,17,230,60,0,691,0,185,-3,-551,0,3322
2024/09/20,17:00,3318,0,421,1151,327,226,666,17,230,2,0,667,0,162,-4,-547,0,3318
2024/09/20,17:30,3392,0,396,1114,408,226,700,17,231,0,0,654,0,200,-5,-549,0,3392
2024/09/20,18:00,3361,0,349,1007,548,227,675,17,231,0,0,686,0,177,-6,-550,0,3361
2024/09/20,18:30,3267,0,379,967,526,227,564,17,232,1,0,698,0,87,-5,-426,0,3267
2024/09/20,19:00,3178,0,376,954,441,225,518,17,231,0,0,645,0,58,-7,-280,0,3178
2024/09/20,19:30,3100,0,416,1056,299,224,448,17,231,0,0,565,0,134,-5,-285,0,3100
2024/09/20,20:00,3005,0,451,1117,133,224,391,17,231,0,0,498,0,217,-4,-270,0,3005
2024/09/20,20:30,2945,0,552,1138,140,225,364,17,231,0,0,453,0,207,-6,-376,0,2945
2024/09/20,21:00,2828,0,555,1176,125,222,332,17,231,0,0,438,0,90,-8,-350,0,2828
2024/09/20,21:30,2728,0,552,1171,157,218,328,17,231,0,0,378,0,61,-8,-377,0,2728
2024/09/20,22:00,2678,0,498,1172,247,214,326,17,230,0,0,332,0,15,-9,-364,0,2678
2024/09/20,22:30,2658,0,478,1175,262,208,326,17,231,0,0,316,0,0,-9,-346,0,2658
2024/09/20,23:00,2605,0,474,1171,133,205,321,17,231,0,0,317,0,0,-9,-255,0,2605
2024/09/20,23:30,2525,0,412,1166,96,208,315,17,230,0,0,305,0,0,-8,-216,0,2525
2024/09/21,00:00,2495,0,461,1169,140,208,306,17,230,0,0,336,0,0,-4,-368,0,2495
2024/09/21,00:30,2421,0,472,1168,146,208,287,17,230,0,0,331,0,0,-5,-433,0,2421
2024/09/21,01:00,2371,0,469,1167,173,208,251,17,230,0,0,298,0,0,-4,-438,0,2371
2024/09/21,01:30,2387,0,484,1165,162,207,240,17,231,0,0,273,0,0,-2,-390,0,2387
2024/09/21,02:00,2437,0,469,1166,206,207,222,17,231,0,0,251,0,0,-4,-328,0,2437
2024/09/21,02:30,2497,0,463,1166,208,207,219,17,231,0,0,227,0,0,-3,-238,0,2497
2024/09/21,03:00,2553,0,475,1159,219,208,216,17,231,0,0,220,0,0,-2,-190,0,2553
2024/09/21,03:30,2621,0,486,1163,222,207,219,17,231,0,0,201,0,0,-3,-122,0,2621
2024/09/21,04:00,2651,0,487,1165,195,208,300,17,232,0,0,190,0,0,-3,-140,0,2651
2024/09/21,04:30,2661,0,485,1167,164,208,332,17,232,0,0,182,0,0,-4,-122,0,2661
2024/09/21,05:00,2634,0,480,1172,230,208,242,17,232,2,0,184,0,0,-5,-128,0,2634
2024/09/21,05:30,2600,0,449,1174,139,208,255,17,231,72,0,183,0,0,-5,-123,0,2600
2024/09/21,06:00,2624,0,440,1177,100,208,247,17,232,179,0,173,0,0,-4,-145,0,2624
2024/09/21,06:30,2680,0,462,1175,114,208,249,17,231,298,0,141,0,0,-4,-211,0,2680
2024/09/21,07:00,2688,0,411,1176,117,208,269,17,231,397,0,128,0,0,-4,-262,0,2688
2024/09/21,07:30,2716,0,379,1179,98,207,279,17,231,501,0,120,0,0,-3,-292,0,2716
2024/09/21,08:00,2834,0,431,1178,145,207,279,17,231,598,0,125,0,0,-4,-373,0,2834
2024/09/21,08:30,2932,0,460,1177,125,207,273,17,232,690,0,135,0,0,-2,-382,0,2932
2024/09/21,09:00,2989,0,470,1176,131,194,248,17,231,765,0,135,0,21,-3,-396,0,2989
2024/09/21,09:30,3013,0,399,1176,99,169,246,17,231,803,0,138,0,58,-3,-320,0,3013
2024/09/21,10:00,2964,0,374,1169,96,161,219,17,231,832,0,105,0,101,-3,-338,0,2964
2024/09/21,10:30,2968,0,360,1108,50,162,188,17,230,852,0,103,0,153,-4,-251,0,2968
2024/09/21,11:00,2963,0,403,1086,49,158,183,17,230,863,0,80,0,57,-2,-161,0,2963
2024/09/21,11:30,2915,0,415,1061,49,129,183,17,231,833,0,64,0,0,-3,-64,0,2915
2024/09/21,12:00,2804,0,333,1077,49,112,182,17,231,803,0,57,0,0,-3,-54,0,2804
2024/09/21,12:30,2720,0,257,1057,48,112,181,17,231,757,0,55,0,0,-3,8,0,2720
2024/09/21,13:00,2765,0,243,988,48,128,196,17,222,724,0,56,0,62,-3,84,0,2765
2024/09/21,13:30,2823,0,344,1113,48,152,207,17,210,649,0,29,0,141,-3,-84,0,2823
2024/09/21,14:00,2826,0,380,1176,89,157,230,17,218,598,0,22,0,138,-3,-196,0,2826
2024/09/21,14:30,2858,0,495,1178,107,158,258,17,229,502,0,21,0,55,-1,-161,0,2858
2024/09/21,15:00,2800,0,412,1174,140,181,292,17,231,372,0,39,0,158,-4,-212,0,2800
2024/09/21,15:30,2830,0,360,1176,190,207,371,17,231,265,0,37,0,72,-4,-92,0,2830
2024/09/21,16:00,2888,0,419,1181,244,209,458,17,232,142,0,29,0,57,-3,-97,0,2888
2024/09/21,16:30,2910,0,452,1182,318,210,502,17,232,52,0,29,0,71,-3,-152,0,2910
2024/09/21,17:00,2957,0,475,1188,326,209,532,17,232,2,0,42,0,207,-4,-269,0,2957
2024/09/21,17:30,3067,0,458,1188,326,209,533,17,232,0,0,56,0,260,-4,-208,0,3067
2024/09/21,18:00,3101,0,513,1185,371,209,534,17,232,0,0,64,0,232,-4,-252,0,3101
2024/09/21,18:30,3057,0,499,1187,427,209,539,17,232,0,0,81,0,264,-3,-395,0,3057
2024/09/21,19:00,3038,0,503,1188,497,209,515,17,232,0,0,79,0,209,-3,-408,0,3038
2024/09/21,19:30,2950,0,482,1185,445,208,480,17,232,0,0,95,0,138,-3,-329,0,2950
2024/09/21,20:00,2874,0,485,1187,369,208,394,17,232,0,0,98,0,95,-3,-208,0,2874
2024/09/21,20:30,2814,0,491,1187,340,207,370,17,232,0,0,94,0,60,-4,-180,0,2814
2024/09/21,21:00,2726,0,454,1191,330,208,293,17,232,0,0,89,0,59,-3,-144,0,2726
2024/09/21,21:30,2650,0,458,1190,258,207,262,17,232,0,0,100,0,14,-3,-85,0,2650
2024/09/21,22:00,2620,0,441,1193,198,208,244,17,233,0,0,114,0,0,-3,-25,0,2620
2024/09/21,22:30,2532,0,418,1191,134,208,236,17,232,0,0,110,0,0,-3,-11,0,2532
2024/09/21,23:00,2510,0,425,1192,103,208,233,17,232,0,0,121,0,0,-4,-17,0,2510
2024/09/21,23:30,2398,0,454,1192,161,209,219,17,232,0,0,137,0,0,-5,-218,0,2398
2024/09/22,00:00,2353,0,480,1185,192,208,198,17,232,0,0,155,0,0,-5,-309,0,2353
2024/09/22,00:30,2293,0,383,1186,228,208,192,17,232,0,0,172,0,0,-4,-321,0,2293
2024/09/22,01:00,2296,0,354,1193,96,208,194,17,232,0,0,191,0,0,-3,-186,0,2296
2024/09/22,01:30,2278,0,326,1194,97,207,187,17,232,0,0,205,0,0,-3,-184,0,2278
2024/09/22,02:00,2337,0,309,1187,70,208,185,17,232,0,0,234,0,0,-4,-101,0,2337
2024/09/22,02:30,2451,0,328,1189,45,207,187,17,232,0,0,244,0,0,-4,6,0,2451
2024/09/22,03:00,2522,0,333,1187,84,207,187,17,232,0,0,260,0,50,-2,-33,0,2522
2024/09/22,03:30,2542,0,334,1187,97,208,190,17,232,0,0,258,0,60,-3,-38,0,2542
2024/09/22,04:00,2596,0,327,1186,78,208,273,17,232,0,0,284,0,60,-3,-66,0,2596
2024/09/22,04:30,2574,0,350,1139,45,208,293,16,232,0,0,306,0,60,-3,-72,0,2574
2024/09/22,05:00,2531,0,406,1131,45,208,301,16,232,2,0,313,0,72,-3,-192,0,2531
2024/09/22,05:30,2477,0,428,1100,48,208,252,16,232,70,0,307,0,36,-3,-217,0,2477
2024/09/22,06:00,2481,0,429,1126,94,208,234,16,232,179,0,312,0,20,-3,-366,0,2481
2024/09/22,06:30,2531,0,342,1089,82,208,238,16,232,316,0,309,0,21,-3,-319,0,2531
2024/09/22,07:00,2609,0,329,1005,45,207,242,16,232,433,0,306,0,22,-4,-224,0,2609
2024/09/22,07:30,2619,0,316,965,45,208,242,16,232,526,0,312,0,21,-4,-260,0,2619
2024/09/22,08:00,2691,0,356,945,45,208,230,16,232,610,0,330,0,21,-4,-298,0,2691
2024/09/22,08:30,2743,0,303,940,45,207,238,16,232,675,0,373,0,20,-4,-302,0,2743
2024/09/22,09:00,2755,0,276,934,45,207,226,16,231,740,0,391,0,1,-4,-308,0,2755
2024/09/22,09:30,2777,0,276,893,45,208,213,16,231,803,0,404,0,0,-5,-307,0,2777
2024/09/22,10:00,2707,0,212,832,45,208,216,16,230,729,0,400,0,0,-4,-177,0,2707
2024/09/22,10:30,2659,0,262,673,45,207,207,16,230,752,0,406,0,0,-4,-135,0,2659
2024/09/22,11:00,2676,0,343,679,45,207,182,16,231,754,0,396,0,-100,-4,-73,0,2676
2024/09/22,11:30,2652,0,281,766,45,207,181,16,231,737,0,388,0,-182,-5,-13,0,2652
2024/09/22,12:00,2622,0,263,784,45,207,194,16,231,706,0,383,0,-181,-4,-22,0,2622
2024/09/22,12:30,2598,0,271,819,45,207,194,16,231,648,0,367,0,-182,-5,-13,0,2598
2024/09/22,13:00,2620,0,278,778,45,209,224,16,222,583,0,353,0,-77,-4,-7,0,2620
2024/09/22,13:30,2548,0,217,782,45,208,227,16,210,481,0,387,0,12,-4,-33,0,2548
2024/09/22,14:00,2524,0,237,743,45,208,232,16,220,403,0,423,0,90,-4,-89,0,2524
2024/09/22,14:30,2534,0,270,825,45,207,252,16,231,322,0,394,0,41,-5,-64,0,2534
2024/09/22,15:00,2573,0,292,892,45,208,258,16,231,242,0,412,0,32,-5,-50,0,2573
2024/09/22,15:30,2601,0,333,982,45,207,331,16,231,177,0,359,0,28,-3,-105,0,2601
2024/09/22,16:00,2657,0,391,1046,45,207,402,16,231,89,0,316,0,27,-4,-109,0,2657
2024/09/22,16:30,2737,0,372,1097,45,207,467,17,231,40,0,301,0,71,-5,-106,0,2737
2024/09/22,17:00,2827,0,366,1124,45,208,515,17,232,1,0,303,0,136,-4,-116,0,2827
2024/09/22,17:30,2979,0,418,1127,45,208,520,17,231,0,0,313,0,196,-3,-93,0,2979
2024/09/22,18:00,3026,0,500,1172,45,209,524,17,231,0,0,311,0,290,-5,-268,0,3026
2024/09/22,18:30,2988,0,471,1186,45,208,524,17,232,0,0,315,0,299,-4,-305,0,2988
2024/09/22,19:00,2967,0,539,1188,45,207,513,17,231,0,0,263,0,270,-4,-302,0,2967
2024/09/22,19:30,2905,0,556,1185,45,207,499,17,232,0,0,205,0,272,-5,-308,0,2905
2024/09/22,20:00,2838,0,543,1181,45,208,470,17,233,0,0,176,0,254,-4,-285,0,2838
2024/09/22,20:30,2752,0,544,1182,45,207,414,17,232,0,0,171,0,147,-4,-203,0,2752
2024/09/22,21:00,2659,0,540,1185,71,208,302,17,232,0,0,154,0,186,-4,-232,0,2659
2024/09/22,21:30,2573,0,526,1187,187,208,263,17,232,0,0,142,0,28,-5,-212,0,2573
2024/09/22,22:00,2503,0,456,1189,97,208,260,17,232,0,0,137,0,23,-4,-112,0,2503
2024/09/22,22:30,2407,0,370,1192,97,208,254,17,232,0,0,137,0,22,-4,-118,0,2407
2024/09/22,23:00,2417,0,436,1190,97,208,252,17,233,0,0,174,0,22,-5,-207,0,2417
2024/09/22,23:30,2339,0,413,1187,97,208,240,17,232,0,0,192,0,22,-4,-265,0,2339
2024/09/23,00:00,2297,0,414,1189,97,208,216,17,233,0,0,173,0,24,-5,-269,0,2297
2024/09/23,00:30,2253,0,376,1188,89,208,207,17,233,0,0,154,0,39,-5,-253,0,2253
2024/09/23,01:00,2229,0,397,1159,46,208,200,17,232,0,0,148,0,31,-4,-205,0,2229
2024/09/23,01:30,2205,0,308,1057,45,208,194,17,232,0,0,138,0,15,-4,-5,0,2205
2024/09/23,02:00,2278,0,346,1108,45,208,196,17,232,0,0,125,0,0,-4,5,0,2278
2024/09/23,02:30,2388,0,372,1169,45,208,210,17,232,0,0,126,0,0,-4,13,0,2388
2024/09/23,03:00,2475,0,395,1186,63,208,227,17,233,0,0,115,0,0,-5,36,0,2475
2024/09/23,03:30,2545,0,424,1185,103,208,243,17,233,0,0,107,0,10,-4,19,0,2545
2024/09/23,04:00,2571,0,415,1179,97,208,307,17,233,0,0,98,0,53,-5,-31,0,2571
2024/09/23,04:30,2595,0,514,980,217,208,321,17,233,0,0,95,0,48,-4,-34,0,2595
2024/09/23,05:00,2539,0,534,786,313,207,247,17,233,2,0,90,0,119,-5,-4,0,2539
2024/09/23,05:30,2473,0,516,786,312,208,232,17,233,80,0,81,0,38,-5,-25,0,2473
2024/09/23,06:00,2490,0,482,791,241,209,226,17,232,259,0,75,0,16,-5,-53,0,2490
2024/09/23,06:30,2460,0,449,720,96,208,215,17,232,499,0,65,0,19,-5,-55,0,2460
2024/09/23,07:00,2505,0,372,679,97,208,217,17,232,782,0,48,0,10,-6,-151,0,2505
2024/09/23,07:30,2519,0,336,621,97,207,220,17,232,998,0,44,0,-9,-5,-239,0,2519
2024/09/23,08:00,2561,0,383,637,94,207,207,17,232,1222,0,43,0,-217,-5,-259,0,2561
2024/09/23,08:30,2683,0,371,669,48,207,196,17,231,1448,0,43,0,-231,-5,-311,0,2683
2024/09/23,09:00,2777,0,314,673,45,194,199,17,231,1610,0,42,0,-229,-4,-315,0,2777
2024/09/23,09:30,2839,0,322,651,45,168,199,17,230,1708,0,40,0,-229,-4,-308,0,2839
2024/09/23,10:00,2853,0,346,697,45,160,175,17,231,1721,0,14,0,-229,-5,-319,0,2853
2024/09/23,10:30,2843,0,337,724,45,162,175,17,230,1695,0,16,0,-230,-5,-323,0,2843
2024/09/23,11:00,2861,0,359,725,45,162,174,17,231,1681,0,17,0,-230,-5,-315,0,2861
2024/09/23,11:30,2811,0,355,722,45,162,186,17,231,1636,0,18,0,-230,-4,-327,0,2811
2024/09/23,12:00,2717,0,308,713,45,161,185,17,232,1591,0,23,0,-230,-5,-323,0,2717
2024/09/23,12:30,2679,0,276,792,45,162,190,17,232,1494,0,26,0,-230,-4,-321,0,2679
2024/09/23,13:00,2654,0,172,925,46,178,216,17,222,1419,0,29,0,-229,-4,-337,0,2654
2024/09/23,13:30,2594,0,175,896,45,202,236,17,211,1305,0,37,0,-229,-4,-297,0,2594
2024/09/23,14:00,2612,0,195,997,45,208,266,17,220,1136,0,41,0,-227,-5,-281,0,2612
2024/09/23,14:30,2612,0,199,968,45,208,279,17,232,982,0,39,0,-40,-5,-312,0,2612
2024/09/23,15:00,2618,0,268,1059,45,207,294,17,232,761,0,35,0,1,-5,-296,0,2618
2024/09/23,15:30,2696,0,409,1083,45,207,378,17,232,515,0,28,0,38,-4,-252,0,2696
2024/09/23,16:00,2761,0,413,1112,45,207,460,17,231,289,0,26,0,88,-5,-122,0,2761
2024/09/23,16:30,2855,0,402,1140,45,207,473,17,231,113,0,28,0,199,-4,4,0,2855
2024/09/23,17:00,2925,0,427,1154,45,207,478,17,232,6,0,36,0,261,-4,66,0,2925
2024/09/23,17:30,3059,0,498,1180,45,207,485,17,232,0,0,57,0,271,-4,71,0,3059
2024/09/23,18:00,3110,0,538,1184,45,207,487,17,232,0,0,68,0,270,-5,67,0,3110
2024/09/23,18:30,3062,0,506,1183,45,207,470,17,232,0,0,78,0,255,-4,73,0,3062
2024/09/23,19:00,3023,0,522,1185,45,207,452,17,232,0,0,74,0,235,-4,58,0,3023
2024/09/23,19:30,2959,0,527,1181,45,207,428,17,232,0,0,74,0,195,-4,57,0,2959
2024/09/23,20:00,2867,0,511,1184,45,208,383,17,232,0,0,72,0,183,-4,36,0,2867
2024/09/23,20:30,2823,0,513,1182,45,207,325,17,233,0,0,59,0,187,-4,59,0,2823
2024/09/23,21:00,2719,0,519,1180,45,208,288,17,232,0,0,43,0,145,-5,47,0,2719
2024/09/23,21:30,2639,0,516,1179,45,207,276,17,232,0,0,37,0,97,-5,38,0,2639
2024/09/23,22:00,2589,0,483,1176,45,207,276,17,232,0,0,37,0,125,-4,-5,0,2589
2024/09/23,22:30,2531,0,480,1178,45,207,286,17,231,0,0,42,0,45,-5,5,0,2531
2024/09/23,23:00,2497,0,464,1179,45,208,285,17,232,0,0,49,0,15,-5,8,0,2497
2024/09/23,23:30,2445,0,401,1177,45,208,288,17,232,0,0,54,0,58,-5,-30,0,2445
2024/09/24,00:00,2399,0,410,1148,45,208,263,17,232,0,0,62,0,27,-4,-9,0,2399
2024/09/24,00:30,2347,0,369,1162,45,208,255,17,232,0,0,73,0,20,-5,-29,0,2347
2024/09/24,01:00,2319,0,331,1129,45,208,267,17,232,0,0,77,0,47,-5,-29,0,2319
2024/09/24,01:30,2331,0,312,1116,45,207,266,17,232,0,0,88,0,23,-3,28,0,2331
2024/09/24,02:00,2409,0,351,1144,45,208,279,17,232,0,0,93,0,20,-4,24,0,2409
2024/09/24,02:30,2503,0,404,1184,45,208,264,17,233,0,0,99,0,20,-4,33,0,2503
2024/09/24,03:00,2597,0,420,1228,45,208,280,17,232,0,0,100,0,22,-4,49,0,2597
2024/09/24,03:30,2661,0,396,1267,45,209,279,17,232,0,0,110,0,71,-4,39,0,2661
2024/09/24,04:00,2706,0,424,1215,45,208,333,17,233,0,0,112,0,80,-5,44,0,2706
2024/09/24,04:30,2734,0,464,1152,88,208,333,17,233,0,0,114,0,91,-5,39,0,2734
2024/09/24,05:00,2714,0,484,997,254,208,304,17,233,2,0,112,0,126,-5,-18,0,2714
2024/09/24,05:30,2640,0,556,883,291,208,244,17,233,70,0,108,0,161,-5,-126,0,2640
2024/09/24,06:00,2685,0,564,817,202,208,180,17,232,237,0,107,0,229,-6,-102,0,2685
2024/09/24,06:30,2709,0,512,772,103,207,183,17,232,504,0,97,0,105,-5,-18,0,2709
2024/09/24,07:00,2777,0,370,745,97,208,199,17,231,802,0,84,0,27,-6,3,0,2777
2024/09/24,07:30,2813,0,244,706,97,207,202,17,231,1023,0,86,0,17,-7,-10,0,2813
2024/09/24,08:00,2902,0,240,611,101,208,202,16,231,1257,0,87,0,-16,-5,-30,0,2902
2024/09/24,08:30,3098,0,363,721,101,207,203,16,230,1430,0,87,0,-198,-5,-57,0,3098
2024/09/24,09:00,3211,0,430,748,100,206,212,16,230,1573,0,85,0,-204,-26,-159,0,3211
2024/09/24,09:30,3321,0,446,746,101,206,212,17,230,1651,0,92,0,-205,-28,-147,0,3321
2024/09/24,10:00,3371,0,386,736,100,207,198,17,230,1688,0,103,0,-199,-8,-87,0,3371
2024/09/24,10:30,3375,0,414,722,101,193,203,17,229,1664,0,122,0,-198,-7,-85,0,3375
2024/09/24,11:00,3419,0,462,738,104,168,180,16,230,1626,0,142,0,-202,-7,-38,0,3419
2024/09/24,11:30,3335,0,481,790,121,160,179,16,230,1613,0,166,0,-209,-7,-205,0,3335
2024/09/24,12:00,3110,0,336,830,108,162,166,16,231,1532,0,175,0,-198,-7,-241,0,3110
2024/09/24,12:30,3028,0,250,829,100,162,166,16,231,1469,0,189,0,-206,-4,-174,0,3028
2024/09/24,13:00,3160,0,329,900,101,162,185,16,224,1388,0,189,0,-205,-4,-125,0,3160
2024/09/24,13:30,3126,0,456,940,101,177,201,16,210,1254,0,204,0,-207,-7,-219,0,3126
2024/09/24,14:00,3135,0,422,962,101,201,215,16,218,1087,0,244,0,-208,-7,-116,0,3135
2024/09/24,14:30,3131,0,476,1000,137,206,257,16,228,891,0,255,0,-100,-7,-228,0,3131
2024/09/24,15:00,3099,0,484,1049,175,205,314,16,224,672,0,259,0,33,-3,-329,0,3099
2024/09/24,15:30,3161,0,554,1196,100,207,409,16,222,449,0,238,0,90,-3,-317,0,3161
2024/09/24,16:00,3246,0,497,1478,81,207,473,16,222,247,0,240,0,121,-3,-333,0,3246
2024/09/24,16:30,3284,0,410,1724,48,208,486,16,223,79,0,254,0,155,-6,-313,0,3284
2024/09/24,17:00,3287,0,398,1726,49,208,486,16,225,2,0,275,0,187,-7,-278,0,3287
2024/09/24,17:30,3383,0,398,1748,48,208,490,16,229,0,0,308,0,186,-7,-241,0,3383
2024/09/24,18:00,3389,0,451,1754,48,207,501,16,230,0,0,337,0,161,-2,-314,0,3389
2024/09/24,18:30,3305,0,369,1690,48,207,501,16,230,0,0,368,0,139,-1,-262,0,3305
2024/09/24,19:00,3245,0,328,1628,48,207,470,16,230,1,0,364,0,139,-1,-185,0,3245
2024/09/24,19:30,3167,0,323,1590,48,207,466,16,230,0,0,344,0,105,-1,-161,0,3167
2024/09/24,20:00,3059,0,296,1595,48,208,403,17,230,0,0,351,0,116,-2,-203,0,3059
2024/09/24,20:30,2991,0,288,1597,49,208,393,17,231,0,0,360,0,44,-2,-194,0,2991
2024/09/24,21:00,2874,0,269,1540,48,208,285,17,231,0,0,371,0,55,-6,-144,0,2874
2024/09/24,21:30,2776,0,265,1572,48,208,253,17,230,0,0,383,0,125,-6,-319,0,2776
2024/09/24,22:00,2754,0,305,1527,45,208,218,17,230,0,0,387,0,116,-7,-292,0,2754
2024/09/24,22:30,2660,0,328,1461,45,207,207,17,230,0,0,382,0,104,-7,-314,0,2660
2024/09/24,23:00,2605,0,292,1413,45,208,185,17,231,0,0,419,0,106,-7,-304,0,2605
2024/09/24,23:30,2555,0,311,1349,45,208,173,16,230,0,0,449,0,66,-8,-284,0,2555
2024/09/25,00:00,2500,0,293,1317,45,208,162,17,230,0,0,475,0,33,-6,-274,0,2500
2024/09/25,00:30,2402,0,266,1240,45,208,172,17,231,0,0,490,0,20,-8,-279,0,2402
2024/09/25,01:00,2398,0,250,1175,45,208,198,17,230,0,0,516,0,20,-6,-255,0,2398
2024/09/25,01:30,2436,0,239,1219,45,208,208,17,231,0,0,529,0,20,-9,-271,0,2436
2024/09/25,02:00,2479,0,235,1242,45,209,225,17,231,0,0,553,0,20,-6,-292,0,2479
2024/09/25,02:30,2563,0,259,1302,45,208,224,17,231,0,0,562,0,21,-4,-302,0,2563
2024/09/25,03:00,2609,0,232,1331,45,207,268,17,232,0,0,572,0,21,-3,-313,0,2609
2024/09/25,03:30,2701,0,239,1379,45,207,277,17,232,0,0,576,0,24,-3,-292,0,2701
2024/09/25,04:00,2776,0,246,1425,45,208,311,16,232,0,0,579,0,21,-4,-303,0,2776
2024/09/25,04:30,2750,0,345,1339,45,208,273,17,232,0,0,582,0,23,-3,-311,0,2750
2024/09/25,05:00,2745,0,390,1320,45,208,253,16,231,2,0,568,0,23,-5,-306,0,2745
2024/09/25,05:30,2677,0,370,1255,45,208,239,16,232,51,0,561,0,20,-7,-313,0,2677
2024/09/25,06:00,2723,0,428,1166,45,208,177,16,232,197,0,542,0,23,-7,-304,0,2723
2024/09/25,06:30,2781,0,414,1138,45,207,178,16,231,362,0,478,0,23,-8,-303,0,2781
2024/09/25,07:00,2840,0,417,1095,45,208,182,16,231,524,0,423,0,23,-7,-317,0,2840
2024/09/25,07:30,2920,0,340,1091,49,207,188,16,231,688,0,414,0,22,-7,-319,0,2920
2024/09/25,08:00,3047,0,236,987,49,207,194,16,230,842,0,438,0,20,-7,-165,0,3047
2024/09/25,08:30,3157,0,243,1042,48,207,195,16,230,998,0,467,0,21,-7,-303,0,3157
2024/09/25,09:00,3212,0,265,991,48,208,210,16,229,1129,0,496,0,-30,-6,-344,0,3212
2024/09/25,09:30,3278,0,297,1030,48,208,200,17,229,1248,0,486,0,-183,-8,-294,0,3278
2024/09/25,10:00,3278,0,282,910,48,208,181,17,228,1352,0,438,0,-201,-6,-179,0,3278
2024/09/25,10:30,3290,0,261,876,48,195,179,17,228,1446,0,395,0,-215,-6,-134,0,3290
2024/09/25,11:00,3321,0,278,890,48,168,178,16,228,1477,0,378,0,-214,-6,-120,0,3321
2024/09/25,11:30,3283,0,345,1006,49,161,172,16,229,1466,0,362,0,-222,-6,-295,0,3283
2024/09/25,12:00,3104,0,267,962,49,163,163,16,228,1441,0,373,0,-216,-3,-339,0,3104
2024/09/25,12:30,3038,0,269,956,49,161,162,16,229,1362,0,384,0,-214,-3,-333,0,3038
2024/09/25,13:00,3157,0,301,1102,49,162,185,16,221,1270,0,390,0,-203,-4,-332,0,3157
2024/09/25,13:30,3165,0,291,1024,50,177,219,16,207,1154,0,384,0,-21,-3,-333,0,3165
2024/09/25,14:00,3182,0,268,1120,54,203,248,16,216,997,0,398,0,0,-3,-335,0,3182
2024/09/25,14:30,3180,0,371,1177,52,208,266,16,229,812,0,385,0,0,-3,-333,0,3180
2024/09/25,15:00,3161,0,389,1256,51,207,297,16,229,606,0,358,0,26,-2,-272,0,3161
2024/09/25,15:30,3203,0,415,1429,52,207,402,16,229,416,0,318,0,21,-3,-299,0,3203
2024/09/25,16:00,3283,0,394,1529,52,207,451,16,229,231,0,319,0,164,-2,-307,0,3283
2024/09/25,16:30,3309,0,363,1618,52,207,487,16,229,77,0,325,0,234,-2,-297,0,3309
2024/09/25,17:00,3297,0,306,1634,52,208,510,16,230,2,0,327,0,200,-2,-186,0,3297
2024/09/25,17:30,3415,0,379,1632,72,208,483,16,229,0,0,335,0,199,-2,-136,0,3415
2024/09/25,18:00,3402,0,424,1637,100,210,484,16,230,0,0,348,0,276,-4,-319,0,3402
2024/09/25,18:30,3328,0,398,1632,55,210,474,16,230,0,0,356,0,232,-6,-269,0,3328
2024/09/25,19:00,3276,0,332,1615,53,210,465,16,230,0,0,382,0,129,-7,-149,0,3276
2024/09/25,19:30,3170,0,312,1584,51,209,459,16,229,0,0,384,0,21,-6,-89,0,3170
2024/09/25,20:00,3078,0,323,1629,51,209,434,16,230,0,0,367,0,36,-3,-214,0,3078
2024/09/25,20:30,2994,0,302,1634,52,209,382,16,229,0,0,382,0,40,-4,-248,0,2994
2024/09/25,21:00,2868,0,245,1554,52,215,354,16,230,0,0,372,0,41,-4,-207,0,2868
2024/09/25,21:30,2804,0,320,1403,52,217,351,16,230,0,0,373,0,41,-3,-196,0,2804
2024/09/25,22:00,2754,0,366,1363,50,220,331,16,230,0,0,380,0,42,-3,-241,0,2754
2024/09/25,22:30,2706,0,370,1368,50,228,258,16,230,0,0,394,0,44,-5,-247,0,2706
2024/09/25,23:00,2676,0,362,1421,46,228,184,16,230,0,0,408,0,37,-5,-251,0,2676
2024/09/25,23:30,2586,0,218,1456,45,228,177,16,230,0,0,412,0,20,-4,-212,0,2586
2024/09/26,00:00,2518,0,226,1418,45,228,188,16,230,0,0,385,0,19,-6,-231,0,2518
2024/09/26,00:30,2422,0,210,1335,45,227,186,16,230,0,0,423,0,18,-6,-262,0,2422
2024/09/26,01:00,2406,0,208,1296,45,228,188,16,230,0,0,422,0,23,-7,-243,0,2406
2024/09/26,01:30,2422,0,217,1288,45,228,187,16,230,0,0,408,0,23,-7,-213,0,2422
2024/09/26,02:00,2478,0,230,1383,45,228,188,16,230,0,0,398,0,22,-6,-256,0,2478
2024/09/26,02:30,2534,0,198,1432,45,229,191,16,230,0,0,400,0,21,-6,-222,0,2534
2024/09/26,03:00,2629,0,198,1453,45,228,247,16,230,0,0,404,0,21,-4,-209,0,2629
2024/09/26,03:30,2695,0,225,1507,45,229,252,16,230,0,0,408,0,22,-3,-236,0,2695
2024/09/26,04:00,2725,0,239,1559,45,228,260,16,230,0,0,414,0,21,-3,-284,0,2725
2024/09/26,04:30,2761,0,289,1600,45,228,211,16,230,0,0,424,0,20,-6,-296,0,2761
2024/09/26,05:00,2741,0,274,1607,46,228,202,16,230,1,0,446,0,18,-4,-323,0,2741
2024/09/26,05:30,2705,0,238,1549,45,228,193,16,230,41,0,461,0,18,-5,-309,0,2705
2024/09/26,06:00,2847,0,315,1521,45,228,187,16,230,162,0,453,0,0,-7,-303,0,2847
2024/09/26,06:30,2887,0,285,1509,45,228,179,16,230,274,0,429,0,0,-4,-304,0,2887
2024/09/26,07:00,2910,0,172,1420,45,228,201,16,229,376,0,403,0,0,-8,-172,0,2910
2024/09/26,07:30,2918,0,144,1336,47,215,206,16,229,457,0,400,0,0,-7,-125,0,2918
2024/09/26,08:00,3028,0,145,1266,50,189,201,16,230,586,0,396,0,0,-7,-44,0,3028
2024/09/26,08:30,3180,0,147,1355,49,180,178,13,229,723,0,394,0,0,-6,-82,0,3180
2024/09/26,09:00,3270,0,143,1388,49,180,164,1,229,861,0,403,0,0,-9,-139,0,3270
2024/09/26,09:30,3284,0,151,1325,49,181,174,1,229,938,0,398,0,-16,-9,-137,0,3284
2024/09/26,10:00,3250,0,156,1338,55,180,178,1,229,1027,0,374,0,-225,-6,-57,0,3250
2024/09/26,10:30,3272,0,144,1244,54,180,176,1,228,1146,0,378,0,-230,-3,-46,0,3272
2024/09/26,11:00,3263,0,147,1264,51,180,166,1,229,1163,0,331,0,-228,-3,-38,0,3263
2024/09/26,11:30,3231,0,143,1358,51,197,157,1,230,1211,0,285,0,-230,-3,-169,0,3231
2024/09/26,12:00,3089,0,144,1147,51,220,155,1,230,1213,0,282,0,-229,0,-125,0,3089
2024/09/26,12:30,3077,0,179,1091,51,226,153,1,230,1134,0,273,0,-226,0,-35,0,3077
2024/09/26,13:00,3283,0,289,1120,49,226,164,1,219,1066,0,262,0,-115,2,0,0,3283
2024/09/26,13:30,3321,0,278,1231,49,226,181,1,208,903,0,258,0,0,1,-15,0,3321
2024/09/26,14:00,3353,0,341,1451,48,226,215,1,217,730,0,265,0,0,-3,-138,0,3353
2024/09/26,14:30,3379,0,454,1549,58,226,227,1,229,504,0,253,0,11,-2,-131,0,3379
2024/09/26,15:00,3329,0,448,1601,100,226,305,1,230,329,0,250,0,82,-4,-239,0,3329
2024/09/26,15:30,3371,0,465,1632,101,226,345,1,230,218,0,227,0,99,-3,-170,0,3371
2024/09/26,16:00,3389,0,425,1631,97,227,384,1,229,108,0,220,0,209,-3,-139,0,3389
2024/09/26,16:30,3393,0,476,1631,51,227,395,1,230,36,0,216,0,304,-4,-170,0,3393
2024/09/26,17:00,3422,0,430,1632,48,227,413,1,230,0,0,221,0,315,-3,-92,0,3422
2024/09/26,17:30,3478,0,521,1634,69,227,431,1,230,0,0,233,0,213,-6,-75,0,3478
2024/09/26,18:00,3448,0,549,1639,101,227,429,1,230,0,0,233,0,157,-9,-109,0,3448
2024/09/26,18:30,3430,0,603,1637,104,227,429,1,230,0,0,240,0,141,-8,-174,0,3430
2024/09/26,19:00,3369,0,600,1647,159,227,361,1,230,2,0,240,0,113,-6,-205,0,3369
2024/09/26,19:30,3269,0,588,1646,124,227,363,1,230,3,0,229,0,110,-5,-247,0,3269
2024/09/26,20:00,3170,0,535,1642,159,227,369,1,230,0,0,218,0,37,-5,-243,0,3170
2024/09/26,20:30,3106,0,535,1640,202,227,319,1,229,0,0,211,0,20,-5,-273,0,3106
2024/09/26,21:00,2994,0,537,1643,172,227,276,1,230,0,0,199,0,21,-5,-307,0,2994
2024/09/26,21:30,2898,0,539,1644,152,227,239,1,229,0,0,167,0,22,-4,-318,0,2898
2024/09/26,22:00,2855,0,538,1648,122,227,223,1,229,0,0,156,0,21,-6,-304,0,2855
2024/09/26,22:30,2799,0,532,1645,99,227,212,1,230,0,0,130,0,25,-3,-299,0,2799
2024/09/26,23:00,2759,0,524,1637,101,228,204,1,230,0,0,111,0,20,-5,-292,0,2759
2024/09/26,23:30,2667,0,465,1635,95,227,179,1,230,0,0,111,0,22,-8,-290,0,2667
2024/09/27,00:00,2601,0,453,1632,51,227,153,1,230,0,0,120,0,19,-8,-277,0,2601
2024/09/27,00:30,2557,0,442,1604,45,229,149,1,230,0,0,111,0,22,-9,-267,0,2557
2024/09/27,01:00,2555,0,446,1609,45,215,146,1,230,0,0,111,0,25,-7,-266,0,2555
2024/09/27,01:30,2505,0,448,1610,45,189,150,1,215,0,0,108,0,22,-7,-276,0,2505
2024/09/27,02:00,2557,0,485,1608,71,181,145,1,211,0,0,102,0,25,-7,-265,0,2557
2024/09/27,02:30,2629,0,453,1608,114,183,140,1,217,0,0,94,0,23,-6,-198,0,2629
2024/09/27,03:00,2726,0,518,1604,130,183,138,1,220,0,0,86,0,23,-4,-173,0,2726
2024/09/27,03:30,2774,0,511,1605,128,183,187,1,229,0,0,78,0,18,-4,-162,0,2774
2024/09/27,04:00,2783,0,484,1605,101,183,214,1,230,0,0,76,0,20,-5,-126,0,2783
2024/09/27,04:30,2801,0,456,1604,97,183,237,1,231,0,0,86,0,18,-3,-109,0,2801
2024/09/27,05:00,2791,0,507,1612,136,183,218,1,231,1,0,76,0,0,-4,-170,0,2791
2024/09/27,05:30,2705,0,501,1614,127,182,234,1,231,37,0,88,0,0,-5,-305,0,2705
2024/09/27,06:00,2794,0,440,1607,98,183,256,1,231,158,0,123,0,0,-4,-299,0,2794
2024/09/27,06:30,2900,0,321,1600,75,183,280,1,231,261,0,116,0,0,-5,-163,0,2900
2024/09/27,07:00,3066,0,331,1601,67,182,288,1,230,386,0,106,0,0,-4,-122,0,3066
2024/09/27,07:30,3116,0,290,1559,100,183,290,1,230,481,0,101,0,0,-8,-111,0,3116
2024/09/27,08:00,3213,0,311,1496,105,182,291,1,231,562,0,95,0,0,-4,-57,0,3213
2024/09/27,08:30,3327,0,254,1509,102,182,319,1,230,676,0,87,0,0,-5,-28,0,3327
2024/09/27,09:00,3421,0,286,1451,73,198,331,1,230,826,0,86,0,0,-5,-56,0,3421
2024/09/27,09:30,3441,0,296,1424,48,221,315,1,230,899,0,80,0,13,-4,-82,0,3441
2024/09/27,10:00,3417,0,300,1398,49,226,303,1,229,971,0,56,0,16,-4,-128,0,3417
2024/09/27,10:30,3461,0,358,1515,49,226,304,11,230,1058,0,68,0,-134,-5,-219,0,3461
2024/09/27,11:00,3485,0,316,1551,49,226,323,16,229,1094,0,92,0,-212,-6,-193,0,3485
2024/09/27,11:30,3431,0,348,1531,49,226,306,16,228,1068,0,104,0,-149,-7,-289,0,3431
2024/09/27,12:00,3310,0,313,1388,49,227,281,16,229,1047,0,104,0,1,-5,-340,0,3310
2024/09/27,12:30,3266,0,307,1430,49,226,273,16,229,975,0,105,0,0,-3,-341,0,3266
2024/09/27,13:00,3394,0,313,1552,49,227,268,16,228,919,0,113,0,0,-2,-289,0,3394
2024/09/27,13:30,3368,0,306,1624,49,226,263,16,228,812,0,126,0,22,-6,-298,0,3368
2024/09/27,14:00,3372,0,350,1659,49,227,263,16,229,658,0,142,0,73,-8,-286,0,3372
2024/09/27,14:30,3382,0,390,1716,49,227,261,16,228,560,0,135,0,173,-7,-366,0,3382
2024/09/27,15:00,3341,0,422,1739,60,218,267,16,229,468,0,139,0,138,-2,-353,0,3341
2024/09/27,15:30,3389,0,460,1742,102,210,360,16,228,288,0,146,0,191,-3,-351,0,3389
2024/09/27,16:00,3428,0,464,1741,109,211,455,16,228,149,0,139,0,191,-2,-273,0,3428
2024/09/27,16:30,3412,0,456,1740,103,211,489,16,229,57,0,133,0,170,-3,-189,0,3412
2024/09/27,17:00,3383,0,431,1738,106,212,500,16,229,1,0,141,0,98,-3,-86,0,3383
2024/09/27,17:30,3441,0,485,1738,101,212,509,16,229,0,0,137,0,35,-4,-17,0,3441
2024/09/27,18:00,3412,0,491,1742,101,212,490,16,229,0,0,146,0,21,-4,-32,0,3412
2024/09/27,18:30,3340,0,499,1742,101,212,496,16,228,0,0,156,0,21,-3,-128,0,3340
2024/09/27,19:00,3285,0,481,1745,120,212,481,16,229,0,0,144,0,18,-5,-156,0,3285
2024/09/27,19:30,3217,0,525,1739,136,211,481,16,229,0,0,130,0,21,-5,-266,0,3217
2024/09/27,20:00,3114,0,537,1701,171,213,418,16,229,0,0,104,0,24,-4,-295,0,3114
2024/09/27,20:30,3020,0,537,1664,154,212,329,16,229,0,0,80,0,27,-4,-224,0,3020
2024/09/27,21:00,2925,0,540,1639,174,212,290,16,229,0,0,48,0,23,-4,-242,0,2925
2024/09/27,21:30,2849,0,517,1642,150,212,273,16,229,0,0,31,0,19,-4,-236,0,2849
2024/09/27,22:00,2831,0,513,1639,127,213,256,16,229,0,0,35,0,23,-5,-215,0,2831
2024/09/27,22:30,2781,0,497,1640,120,213,241,16,229,0,0,36,0,20,-4,-227,0,2781
2024/09/27,23:00,2739,0,423,1639,97,212,239,16,229,0,0,47,0,21,-4,-180,0,2739
2024/09/27,23:30,2669,0,400,1638,97,213,228,16,229,0,0,69,0,20,-6,-235,0,2669
2024/09/28,00:00,2612,0,411,1633,97,215,218,16,229,0,0,88,0,8,-4,-299,0,2612
2024/09/28,00:30,2512,0,345,1633,67,214,217,16,229,0,0,81,0,0,-7,-283,0,2512
2024/09/28,01:00,2485,0,367,1634,45,215,212,16,229,0,0,58,0,0,-7,-284,0,2485
2024/09/28,01:30,2475,0,348,1631,45,215,223,16,229,0,0,64,0,0,-6,-290,0,2475
2024/09/28,02:00,2551,0,375,1633,67,216,225,16,229,0,0,90,0,0,-6,-294,0,2551
2024/09/28,02:30,2611,0,301,1634,97,216,240,16,229,0,0,114,0,0,-4,-232,0,2611
2024/09/28,03:00,2696,0,252,1631,98,215,302,16,229,0,0,128,0,0,-4,-171,0,2696
2024/09/28,03:30,2756,0,338,1631,74,215,319,16,228,0,0,133,0,0,-4,-194,0,2756
2024/09/28,04:00,2763,0,375,1604,45,214,264,16,228,0,0,143,0,0,-5,-121,0,2763
2024/09/28,04:30,2753,0,391,1592,45,214,263,16,228,0,0,127,0,0,-4,-119,0,2753
2024/09/28,05:00,2686,0,399,1509,45,215,263,16,228,1,0,141,0,6,-4,-133,0,2686
2024/09/28,05:30,2580,0,421,1433,58,214,227,16,228,41,0,116,0,23,-4,-193,0,2580
2024/09/28,06:00,2599,0,350,1356,97,215,226,16,228,214,0,103,0,21,-5,-222,0,2599
2024/09/28,06:30,2581,0,311,1277,89,215,216,16,228,412,0,106,0,21,-4,-306,0,2581
2024/09/28,07:00,2640,0,317,1162,46,202,222,16,228,633,0,111,0,22,-7,-312,0,2640
2024/09/28,07:30,2706,0,259,1122,45,176,217,16,228,824,0,114,0,21,-7,-309,0,2706
2024/09/28,08:00,2768,0,249,1084,49,167,204,16,228,978,0,114,0,21,-8,-334,0,2768
2024/09/28,08:30,2864,0,241,1064,49,172,204,16,228,1108,0,112,0,21,-7,-344,0,2864
2024/09/28,09:00,2931,0,227,1023,49,176,192,16,228,1256,0,117,0,2,-7,-348,0,2931
2024/09/28,09:30,2957,0,254,918,49,180,189,16,228,1358,0,122,0,0,-4,-353,0,2957
2024/09/28,10:00,3005,0,331,928,48,184,186,16,227,1414,0,88,0,-47,-7,-363,0,3005
2024/09/28,10:30,3029,0,326,1064,48,184,185,16,227,1474,0,102,0,-227,-6,-364,0,3029
2024/09/28,11:00,3061,0,291,1055,49,184,168,16,227,1517,0,131,0,-227,-7,-343,0,3061
2024/09/28,11:30,3065,0,301,1043,49,184,168,16,228,1512,0,150,0,-228,-7,-351,0,3065
2024/09/28,12:00,2970,0,233,1024,49,184,185,16,228,1475,0,162,0,-225,-6,-355,0,2970
2024/09/28,12:30,2908,0,247,939,49,200,195,16,228,1418,0,166,0,-198,-7,-345,0,2908
2024/09/28,13:00,2919,0,303,727,49,224,213,16,228,1349,0,177,0,-27,-6,-334,0,2919
2024/09/28,13:30,2851,0,225,839,49,229,228,16,228,1201,0,184,0,0,-7,-341,0,2851
2024/09/28,14:00,2804,0,177,932,49,230,236,16,228,1042,0,230,0,0,-7,-329,0,2804
2024/09/28,14:30,2806,0,189,1050,49,229,272,16,228,869,0,240,0,0,-7,-329,0,2806
2024/09/28,15:00,2839,0,243,1208,49,230,328,16,228,660,0,214,0,0,-6,-331,0,2839
2024/09/28,15:30,2907,0,404,1303,72,230,360,16,228,439,0,187,0,0,-4,-328,0,2907
2024/09/28,16:00,2996,0,482,1432,108,230,412,16,228,241,0,181,0,0,-3,-331,0,2996
2024/09/28,16:30,3036,0,454,1602,101,230,459,16,228,84,0,182,0,0,-4,-316,0,3036
2024/09/28,17:00,3124,0,424,1739,101,230,469,16,228,2,0,184,0,12,-4,-277,0,3124
2024/09/28,17:30,3210,0,452,1751,106,231,468,16,228,0,0,187,0,89,-3,-315,0,3210
2024/09/28,18:00,3227,0,464,1753,114,230,469,16,229,0,0,192,0,94,-3,-331,0,3227
2024/09/28,18:30,3173,0,479,1757,112,231,430,16,229,0,0,194,0,45,-4,-316,0,3173
2024/09/28,19:00,3110,0,448,1748,100,231,431,16,230,0,0,175,0,0,-4,-265,0,3110
2024/09/28,19:30,3048,0,476,1740,100,230,353,16,231,0,0,160,0,0,-4,-254,0,3048
2024/09/28,20:00,2972,0,496,1741,117,231,327,16,231,0,0,139,0,0,-4,-322,0,2972
2024/09/28,20:30,2896,0,501,1734,101,231,278,16,230,0,0,112,0,0,-4,-303,0,2896
2024/09/28,21:00,2801,0,449,1725,101,231,254,16,230,0,0,81,0,3,-3,-286,0,2801
2024/09/28,21:30,2705,0,410,1704,100,230,239,16,229,0,0,76,0,22,-4,-317,0,2705
2024/09/28,22:00,2657,0,373,1645,59,231,235,16,230,0,0,76,0,24,-4,-228,0,2657
2024/09/28,22:30,2583,0,407,1637,45,230,219,16,230,0,0,72,0,21,-5,-289,0,2583
2024/09/28,23:00,2564,0,306,1612,49,231,199,16,230,0,0,87,0,25,-4,-187,0,2564
2024/09/28,23:30,2482,0,276,1591,95,231,196,16,229,0,0,84,0,19,-5,-250,0,2482
2024/09/29,00:00,2411,0,163,1580,153,231,186,16,229,0,0,75,0,19,-5,-236,0,2411
2024/09/29,00:30,2301,0,144,1573,106,232,180,16,229,0,0,63,0,22,-4,-260,0,2301
2024/09/29,01:00,2309,0,118,1567,118,231,169,16,229,0,0,45,0,23,-4,-203,0,2309
2024/09/29,01:30,2331,0,122,1580,135,230,179,16,229,0,0,35,0,27,-3,-219,0,2331
2024/09/29,02:00,2386,0,119,1585,154,231,191,16,229,0,0,33,0,23,-3,-192,0,2386
2024/09/29,02:30,2458,0,169,1576,128,231,249,16,230,0,0,41,0,29,-4,-207,0,2458
2024/09/29,03:00,2509,0,350,1501,97,231,263,16,230,0,0,49,0,22,-4,-246,0,2509
2024/09/29,03:30,2555,0,322,1577,97,231,269,16,230,0,0,55,0,22,-4,-260,0,2555
2024/09/29,04:00,2614,0,507,1503,97,231,233,16,230,0,0,61,0,24,-4,-284,0,2614
2024/09/29,04:30,2616,0,537,1393,98,231,228,16,229,0,0,66,0,25,-3,-204,0,2616
2024/09/29,05:00,2597,0,539,1381,97,231,226,16,230,1,0,73,0,25,-4,-218,0,2597
2024/09/29,05:30,2435,0,375,1322,98,231,210,16,230,24,0,67,0,18,-4,-152,0,2435
2024/09/29,06:00,2444,0,449,1130,100,231,194,16,230,183,0,64,0,21,-4,-170,0,2444
2024/09/29,06:30,2362,0,422,925,99,231,196,16,230,424,0,65,0,19,-3,-262,0,2362
2024/09/29,07:00,2453,0,324,841,68,218,191,16,229,763,0,55,0,24,-6,-270,0,2453
2024/09/29,07:30,2541,0,399,692,49,192,188,16,230,1000,0,45,0,12,-7,-275,0,2541
2024/09/29,08:00,2577,0,350,615,48,184,188,16,229,1207,0,43,0,3,-8,-298,0,2577
2024/09/29,08:30,2619,0,213,555,48,185,188,16,229,1396,0,43,0,51,-6,-299,0,2619
2024/09/29,09:00,2675,0,204,469,49,184,189,16,229,1547,0,39,0,66,-6,-311,0,2675
2024/09/29,09:30,2741,0,215,428,47,159,177,16,228,1651,0,40,0,88,-7,-301,0,2741
2024/09/29,10:00,2754,0,258,381,47,133,173,16,228,1713,0,20,0,87,-6,-296,0,2754
2024/09/29,10:30,2794,0,281,431,47,131,170,16,228,1757,0,17,0,36,-7,-313,0,2794
2024/09/29,11:00,2842,0,344,442,47,131,157,16,228,1775,0,17,0,0,-4,-311,0,2842
2024/09/29,11:30,2854,0,344,432,47,131,159,16,229,1798,0,16,0,0,-3,-315,0,2854
2024/09/29,12:00,2806,0,341,435,47,132,148,16,229,1750,0,17,0,0,-4,-305,0,2806
2024/09/29,12:30,2742,0,342,425,48,147,150,16,229,1672,0,17,0,0,-4,-300,0,2742
2024/09/29,13:00,2743,0,323,568,47,172,154,16,229,1553,0,20,0,-19,-7,-313,0,2743
2024/09/29,13:30,2683,0,295,734,47,176,164,16,229,1430,0,17,0,-111,-6,-308,0,2683
2024/09/29,14:00,2628,0,293,846,45,176,192,16,229,1235,0,14,0,-122,-5,-291,0,2628
2024/09/29,14:30,2572,0,297,1016,45,176,195,16,229,956,0,13,0,-61,-6,-304,0,2572
2024/09/29,15:00,2542,0,316,1057,45,193,222,16,229,682,0,10,0,67,-5,-290,0,2542
2024/09/29,15:30,2522,0,429,1227,49,222,245,16,229,369,0,8,0,0,-3,-269,0,2522
2024/09/29,16:00,2645,0,422,1443,96,231,284,16,229,156,0,8,0,0,-4,-236,0,2645
2024/09/29,16:30,2771,0,489,1488,186,230,379,16,229,35,0,14,0,0,-4,-291,0,2771
2024/09/29,17:00,2916,0,487,1529,268,231,442,16,229,1,0,27,0,12,-6,-320,0,2916
2024/09/29,17:30,3054,0,510,1539,303,230,466,16,229,0,0,42,0,80,-5,-356,0,3054
2024/09/29,18:00,3054,0,527,1581,218,230,473,16,229,0,0,51,0,91,-5,-357,0,3054
2024/09/29,18:30,3040,0,528,1592,154,230,473,16,229,0,0,61,0,100,-3,-340,0,3040
2024/09/29,19:00,3011,0,500,1622,131,230,425,16,229,1,0,78,0,100,-3,-318,0,3011
2024/09/29,19:30,2959,0,495,1665,106,230,422,16,229,0,0,93,0,38,-2,-333,0,2959
2024/09/29,20:00,2892,0,455,1695,98,230,369,16,229,0,0,95,0,20,-3,-312,0,2892
2024/09/29,20:30,2802,0,425,1724,98,231,318,16,229,0,0,95,0,0,-4,-330,0,2802
2024/09/29,21:00,2741,0,384,1740,99,231,257,16,229,0,0,97,0,0,-3,-309,0,2741
2024/09/29,21:30,2675,0,332,1715,97,231,243,16,229,0,0,120,0,0,-4,-304,0,2675
2024/09/29,22:00,2585,0,311,1629,69,231,234,16,229,0,0,168,0,0,-3,-299,0,2585
2024/09/29,22:30,2489,0,277,1501,45,231,230,16,229,0,0,188,0,0,-4,-224,0,2489
2024/09/29,23:00,2495,0,298,1483,45,231,198,16,229,0,0,256,0,0,-4,-257,0,2495
2024/09/29,23:30,2417,0,242,1394,45,230,195,16,229,0,0,348,0,0,-5,-277,0,2417
2024/09/30,00:00,2367,0,267,1296,45,231,170,16,229,0,0,379,0,0,-8,-258,0,2367
2024/09/30,00:30,2299,0,267,1221,45,231,158,16,229,0,0,410,0,0,-7,-271,0,2299
2024/09/30,01:00,2276,0,242,1215,45,231,153,16,229,0,0,426,0,0,-7,-274,0,2276
2024/09/30,01:30,2272,0,228,1213,45,231,153,16,229,0,0,416,0,0,-6,-253,0,2272
2024/09/30,02:00,2322,0,251,1276,45,231,167,16,229,0,0,391,0,0,-4,-280,0,2322
2024/09/30,02:30,2414,0,316,1334,45,231,176,16,229,0,0,346,0,0,-3,-276,0,2414
2024/09/30,03:00,2531,0,338,1413,45,231,189,16,229,0,0,363,0,0,-4,-289,0,2531
2024/09/30,03:30,2597,0,423,1361,52,217,231,16,229,0,0,353,0,0,-3,-282,0,2597
2024/09/30,04:00,2594,0,465,1317,109,192,245,16,229,0,0,312,0,0,-3,-288,0,2594
2024/09/30,04:30,2612,0,477,1318,159,185,234,16,229,0,0,301,0,0,-4,-303,0,2612
2024/09/30,05:00,2607,0,472,1322,160,186,226,16,229,0,0,318,0,0,-4,-318,0,2607
2024/09/30,05:30,2519,0,479,1287,97,185,178,16,229,19,0,316,0,0,-4,-283,0,2519
2024/09/30,06:00,2548,0,432,1252,118,186,162,16,228,162,0,308,0,0,-4,-312,0,2548
2024/09/30,06:30,2624,0,375,1170,96,201,159,16,229,376,0,311,0,0,-4,-305,0,2624
2024/09/30,07:00,2796,0,343,1041,99,225,172,16,228,662,0,334,0,0,-5,-319,0,2796
2024/09/30,07:30,2870,0,309,916,99,230,170,16,229,855,0,375,0,0,-3,-326,0,2870
2024/09/30,08:00,3048,0,262,909,103,230,170,16,229,1084,0,405,0,-2,-4,-354,0,3048
2024/09/30,08:30,3208,0,400,950,88,230,169,16,228,1254,0,428,0,-210,-4,-341,0,3208
2024/09/30,09:00,3350,0,423,1002,52,229,168,16,228,1368,0,453,0,-230,-4,-355,0,3350
2024/09/30,09:30,3412,0,317,1043,51,229,158,16,228,1452,0,473,0,-223,-4,-328,0,3412
2024/09/30,10:00,3427,0,202,906,51,229,159,16,228,1516,0,536,0,-224,-7,-185,0,3427
2024/09/30,10:30,3419,0,184,821,52,229,152,16,228,1547,0,549,0,-230,-6,-123,0,3419
2024/09/30,11:00,3458,0,205,929,51,229,155,16,228,1516,0,485,0,-230,-7,-119,0,3458
2024/09/30,11:30,3404,0,322,980,52,229,150,16,229,1474,0,476,0,-228,-6,-290,0,3404
2024/09/30,12:00,3235,0,265,934,51,229,161,16,229,1404,0,476,0,-203,-7,-320,0,3235
2024/09/30,12:30,3197,0,247,837,51,229,150,16,228,1338,0,464,0,-22,-7,-334,0,3197
2024/09/30,13:00,3329,0,230,1081,51,229,150,16,215,1227,0,465,0,0,-4,-331,0,3329
2024/09/30,13:30,3299,0,251,1176,51,229,155,16,213,1080,0,513,0,0,-4,-381,0,3299
2024/09/30,14:00,3272,0,227,1253,49,229,166,16,227,926,0,570,0,0,-4,-387,0,3272
2024/09/30,14:30,3154,0,213,1319,48,229,180,16,236,721,0,577,0,0,-5,-380,0,3154
2024/09/30,15:00,3085,0,239,1358,48,229,221,16,235,524,0,569,0,0,-4,-350,0,3085
2024/09/30,15:30,3079,0,236,1502,49,230,291,16,235,288,0,548,0,0,-4,-312,0,3079
2024/09/30,16:00,3179,0,275,1692,49,230,386,16,235,118,0,525,0,12,-4,-355,0,3179
2024/09/30,16:30,3283,0,302,1759,49,230,460,16,235,19,0,538,0,61,-4,-382,0,3283
2024/09/30,17:00,3336,0,300,1766,49,230,485,16,236,0,0,556,0,95,-4,-393,0,3336
2024/09/30,17:30,3420,0,360,1769,48,230,491,16,235,0,0,571,0,95,-4,-391,0,3420
2024/09/30,18:00,3408,0,345,1774,49,231,499,16,235,0,0,604,0,59,-5,-399,0,3408
2024/09/30,18:30,3336,0,314,1774,48,231,466,16,236,0,0,623,0,24,-5,-391,0,3336
2024/09/30,19:00,3264,0,259,1707,49,231,454,16,236,0,0,682,0,0,-5,-365,0,3264
2024/09/30,19:30,3174,0,289,1632,48,230,400,16,235,0,0,692,0,0,-5,-363,0,3174
2024/09/30,20:00,3083,0,242,1617,49,231,368,16,236,0,0,679,0,0,-5,-350,0,3083
2024/09/30,20:30,3013,0,234,1587,49,230,361,16,235,0,0,652,0,0,-4,-347,0,3013
2024/09/30,21:00,2895,0,213,1491,48,231,350,16,235,0,0,635,0,0,-5,-319,0,2895
2024/09/30,21:30,2819,0,303,1416,48,230,282,16,235,0,0,602,0,0,-5,-308,0,2819
2024/09/30,22:00,2777,0,339,1375,46,231,262,16,236,0,0,580,0,0,-4,-304,0,2777
2024/09/30,22:30,2697,0,346,1324,45,230,258,16,236,0,0,557,0,0,-5,-310,0,2697
2024/09/30,23:00,2672,0,308,1339,45,231,222,16,236,0,0,572,0,0,-5,-292,0,2672
2024/09/30,23:30,2544,0,254,1252,45,232,215,16,236,0,0,587,0,0,-4,-289,0,2544
,,,,,,,,,,,,,,,,,,,
,,,,,,,,,,,,,,,,,,,
,,,,,,,,,,,,,,,,,,,
,,,,,,,,,,,,,,,,,,,
,,,,,,,,,,,,,,,,,,,
,,,,,,,,,,,,,,,,,,,
,,,,,,,,,,,,,,,,,,,
,,,,,,,,,,,,,,,,,,,
,,,,,,,,,,,,,,,,,,,
,,,,,,,,,,,,,,,,,,,
,,,,,,,,,,,,,,,,,,,
,,,,,,,,,,,,,,,,,,,
,,,,,,,,,,,,,,,,,,,
,,,,,,,,,,,,,,,,,,,
,,,,,,,,,,,,,,,,,,,
,,,,,,,,,,,,,,,,,,,
,,,,,,,,,,,,,,,,,,,
,,,,,,,,,,,,,,,,,,,
,,,,,,,,,,,,,,,,,,,
,,,,,,,,,,,,,,,,,,,
,,,,,,,,,,,,,,,,,,,
,,,,,,,,,,,,,,,,,,,
,,,,,,,,,,,,,,,,,,,
,,,,,,,,,,,,,,,,,,,
,,,,,,,,,,,,,,,,,,,
,,,,,,,,,,,,,,,,,,,
,,,,,,,,,,,,,,,,,,,
,,,,,,,,,,,,,,,,,,,
,,,,,,,,,,,,,,,,,,,
,,,,,,,,,,,,,,,,,,,
,,,,,,,,,,,,,,,,,,,
,,,,,,,,,,,,,,,,,,,
,,,,,,,,,,,,,,,,,,,
,,,,,,,,,,,,,,,,,,,
,,,,,,,,,,,,,,,,,,,
,,,,,,,,,,,,,,,,,,,
,,,,,,,,,,,,,,,,,,,
,,,,,,,,,,,,,,,,,,,
,,,,,,,,,,,,,,,,,,,
,,,,,,,,,,,,,,,,,,,
,,,,,,,,,,,,,,,,,,,
,,,,,,,,,,,,,,,,,,,
,,,,,,,,,,,,,,,,,,,
,,,,,,,,,,,,,,,,,,,
,,,,,,,,,,,,,,,,,,,
,,,,,,,,,,,,,,,,,,,
,,,,,,,,,,,,,,,,,,,
,,,,,,,,,,,,,,,,,,,
