単位[MW平均],,,供給力,,,,,,,,,,,,,,,,,,
DATE,TIME,エリア需要,原子力,火力(LNG),火力(石炭),火力(石油),火力(その他),火力出力制御量,水力,地熱,バイオマス,バイオマス出力制御量,太陽光発電実績,太陽光出力制御量,風力発電実績,風力出力制御量,揚水,蓄電池,連系線,その他,合計
2026/02/01,00:00,3978,0,570,1775,479,241,0,284,11,294,0,0,0,316,0,0,-5,13,0,3978
2026/02/01,00:30,3918,0,540,1771,449,240,0,295,11,295,0,0,0,304,0,0,-5,18,0,3918
2026/02/01,01:00,3981,0,507,1777,395,241,0,312,11,294,0,0,0,292,0,0,-3,155,0,3981
2026/02/01,01:30,4065,0,550,1771,425,240,0,333,11,296,0,0,0,261,0,0,-5,183,0,4065
2026/02/01,02:00,4125,0,548,1777,420,240,0,328,11,294,0,0,0,258,0,0,-4,253,0,4125
2026/02/01,02:30,4177,0,530,1769,396,240,0,381,11,296,0,0,0,256,0,0,-4,302,0,4177
2026/02/01,03:00,4226,0,516,1777,394,240,0,426,11,295,0,0,0,205,0,0,-6,368,0,4226
2026/02/01,03:30,4264,0,509,1769,394,240,0,456,11,296,0,0,0,206,0,0,-6,389,0,4264
2026/02/01,04:00,4274,0,483,1784,394,240,0,489,11,296,0,0,0,203,0,0,-6,380,0,4274
2026/02/01,04:30,4250,0,504,1775,394,241,0,442,11,295,0,0,0,191,0,12,-8,393,0,4250
2026/02/01,05:00,4254,0,505,1783,428,240,0,412,11,295,0,0,0,175,0,55,-31,381,0,4254
2026/02/01,05:30,4164,0,508,1776,442,241,0,395,11,295,0,0,0,145,0,0,-6,357,0,4164
2026/02/01,06:00,4113,0,492,1780,443,239,0,389,11,294,0,0,0,131,0,0,-4,338,0,4113
2026/02/01,06:30,4007,0,481,1775,442,240,0,393,11,294,0,4,0,107,0,0,18,242,0,4007
2026/02/01,07:00,3987,0,519,1785,415,240,0,381,11,294,0,143,0,91,0,0,20,88,0,3987
2026/02/01,07:30,4003,0,595,1773,407,239,0,376,11,295,0,259,0,102,0,0,18,-72,0,4003
2026/02/01,08:00,4059,0,590,1784,335,240,0,358,11,295,0,414,0,93,0,0,-5,-56,0,4059
2026/02/01,08:30,4069,0,585,1770,307,240,0,320,11,295,0,537,0,95,0,0,-5,-86,0,4069
2026/02/01,09:00,4019,0,549,1762,216,240,0,273,11,296,0,638,0,108,0,0,-6,-68,0,4019
2026/02/01,09:30,3927,0,424,1709,196,240,0,250,11,295,0,734,0,145,0,0,-7,-70,0,3927
2026/02/01,10:00,3894,0,354,1630,154,240,0,223,11,296,0,868,0,147,0,0,-3,-26,0,3894
2026/02/01,10:30,3842,0,329,1523,128,240,0,207,11,294,0,997,0,145,0,0,-6,-26,0,3842
2026/02/01,11:00,3849,0,334,1455,100,240,0,186,11,295,0,1019,0,134,0,-5,-2,82,0,3849
2026/02/01,11:30,3845,0,362,1551,101,240,0,186,11,295,0,1018,0,163,0,-209,1,126,0,3845
2026/02/01,12:00,3896,0,436,1632,101,240,0,186,11,295,0,920,0,173,0,-223,-10,135,0,3896
2026/02/01,12:30,3884,0,495,1619,101,240,0,186,11,296,0,859,0,201,0,-224,-23,123,0,3884
2026/02/01,13:00,3849,0,380,1625,101,240,0,205,11,284,0,786,0,202,0,-219,-24,258,0,3849
2026/02/01,13:30,3763,0,358,1616,146,240,0,209,11,274,0,699,0,233,0,-230,-26,233,0,3763
2026/02/01,14:00,3702,0,358,1597,166,240,0,242,11,287,0,492,0,254,0,-227,-6,288,0,3702
2026/02/01,14:30,3700,0,376,1494,256,240,0,245,11,295,0,366,0,289,0,-78,-4,210,0,3700
2026/02/01,15:00,3780,0,330,1504,254,240,0,292,11,295,0,268,0,292,0,0,-3,297,0,3780
2026/02/01,15:30,3852,0,399,1542,341,241,0,317,11,295,0,127,0,348,0,0,-3,234,0,3852
2026/02/01,16:00,3803,0,395,1594,393,240,0,413,11,294,0,23,0,353,0,0,-4,91,0,3803
2026/02/01,16:30,3979,0,400,1682,395,241,0,437,11,295,0,1,0,379,0,0,35,103,0,3979
2026/02/01,17:00,4172,0,524,1733,406,241,0,437,11,295,0,0,0,377,0,0,33,115,0,4172
2026/02/01,17:30,4192,0,520,1749,455,243,0,405,11,296,0,0,0,397,0,0,31,85,0,4192
2026/02/01,18:00,4230,0,520,1777,447,243,0,437,11,295,0,0,0,380,0,0,33,87,0,4230
2026/02/01,18:30,4218,0,561,1775,454,243,0,437,11,296,0,0,0,380,0,0,27,34,0,4218
2026/02/01,19:00,4175,0,612,1781,493,243,0,414,11,296,0,0,0,326,0,0,-8,7,0,4175
2026/02/01,19:30,4133,0,577,1776,520,241,0,401,11,296,0,0,0,291,0,0,-5,25,0,4133
2026/02/01,20:00,4146,0,579,1783,564,241,0,374,11,295,0,0,0,257,0,0,-3,45,0,4146
2026/02/01,20:30,4068,0,592,1765,560,242,0,354,11,295,0,0,0,239,0,0,-6,16,0,4068
2026/02/01,21:00,4089,0,522,1786,566,241,0,319,11,295,0,0,0,221,0,0,-6,134,0,4089
2026/02/01,21:30,4061,0,597,1776,432,240,0,312,11,295,0,0,0,198,0,0,-5,205,0,4061
2026/02/01,22:00,4035,0,594,1783,407,240,0,311,11,295,0,0,0,174,0,0,-5,225,0,4035
2026/02/01,22:30,3963,0,516,1765,446,240,0,302,11,295,0,0,0,192,0,0,-7,203,0,3963
2026/02/01,23:00,4134,0,520,1782,524,239,0,295,11,294,0,0,0,195,0,0,-6,280,0,4134
2026/02/01,23:30,4070,0,555,1775,489,240,0,292,11,294,0,0,0,198,0,0,-5,221,0,4070
2026/02/02,00:00,4075,0,528,1775,459,240,0,273,11,294,0,0,0,194,0,6,-6,301,0,4075
2026/02/02,00:30,4083,0,570,1739,464,240,0,272,11,294,0,0,0,180,0,16,-5,302,0,4083
2026/02/02,01:00,4150,0,555,1720,501,239,0,300,11,295,0,0,0,154,0,0,-4,379,0,4150
2026/02/02,01:30,4160,0,590,1691,518,240,0,301,11,296,0,0,0,153,0,0,-4,364,0,4160
2026/02/02,02:00,4227,0,594,1697,574,240,0,282,11,295,0,0,0,155,0,0,-4,383,0,4227
2026/02/02,02:30,4297,0,602,1712,596,240,0,302,11,295,0,0,0,153,0,0,-5,391,0,4297
2026/02/02,03:00,4322,0,601,1732,583,240,0,320,11,295,0,0,0,153,0,0,-6,393,0,4322
2026/02/02,03:30,4340,0,585,1756,603,239,0,319,11,295,0,0,0,153,0,0,-22,401,0,4340
2026/02/02,04:00,4398,0,585,1780,629,240,0,324,11,294,0,0,0,139,0,0,-5,401,0,4398
2026/02/02,04:30,4398,0,582,1812,606,239,0,313,11,294,0,0,0,147,0,0,-5,399,0,4398
2026/02/02,05:00,4472,0,590,1852,614,240,0,329,11,294,0,0,0,146,0,0,-5,401,0,4472
2026/02/02,05:30,4466,0,573,1871,544,239,0,338,11,295,0,0,0,138,0,56,-6,407,0,4466
2026/02/02,06:00,4524,0,542,1898,496,239,0,392,11,294,0,0,0,133,0,119,-5,405,0,4524
2026/02/02,06:30,4486,0,427,1856,447,240,0,464,11,295,0,3,0,118,0,188,39,398,0,4486
2026/02/02,07:00,4535,0,484,1894,448,239,0,497,11,293,0,117,0,109,0,172,40,231,0,4535
2026/02/02,07:30,4617,0,577,1895,590,240,0,483,11,293,0,206,0,115,0,173,28,6,0,4617
2026/02/02,08:00,4709,0,547,1896,525,238,0,495,11,295,0,332,0,120,0,140,-7,117,0,4709
2026/02/02,08:30,4797,0,557,1888,449,238,0,436,11,294,0,472,0,141,0,88,-6,229,0,4797
2026/02/02,09:00,4747,0,504,1901,453,240,0,365,11,294,0,564,0,145,0,14,-5,261,0,4747
2026/02/02,09:30,4599,0,396,1884,424,239,0,332,11,292,0,653,0,194,0,0,-5,179,0,4599
2026/02/02,10:00,4530,0,426,1899,398,237,0,246,11,293,0,800,0,190,0,0,-5,35,0,4530
2026/02/02,10:30,4492,0,451,1880,399,235,0,226,11,294,0,854,0,183,0,0,-3,-38,0,4492
2026/02/02,11:00,4514,0,495,1858,395,230,0,218,11,293,0,896,0,171,0,0,-2,-51,0,4514
2026/02/02,11:30,4428,0,447,1824,357,203,0,217,11,294,0,907,0,181,0,0,-5,-8,0,4428
2026/02/02,12:00,4398,0,459,1829,300,183,0,206,11,295,0,819,0,181,0,0,-22,137,0,4398
2026/02/02,12:30,4386,0,467,1824,350,180,0,202,11,292,0,805,0,192,0,0,-29,92,0,4386
2026/02/02,13:00,4434,0,577,1838,492,179,0,221,11,279,0,611,0,195,0,0,-28,59,0,4434
2026/02/02,13:30,4428,0,525,1839,486,197,0,260,11,270,0,500,0,239,0,0,-28,129,0,4428
2026/02/02,14:00,4418,0,397,1867,451,227,0,329,11,281,0,400,0,282,0,0,-7,180,0,4418
2026/02/02,14:30,4424,0,392,1867,452,235,0,378,11,284,0,318,0,297,0,0,-5,195,0,4424
2026/02/02,15:00,4494,0,497,1902,451,235,0,410,11,286,0,196,0,279,0,0,-4,231,0,4494
2026/02/02,15:30,4608,0,609,1888,500,234,0,447,11,285,0,102,0,281,0,0,-5,256,0,4608
2026/02/02,16:00,4489,0,553,1896,507,237,0,487,11,285,0,16,0,269,0,0,12,216,0,4489
2026/02/02,16:30,4573,0,418,1872,458,242,0,599,11,286,0,1,0,270,0,55,68,293,0,4573
2026/02/02,17:00,4637,0,399,1896,450,245,0,656,11,286,0,0,0,292,0,66,47,289,0,4637
2026/02/02,17:30,4583,0,483,1890,450,243,0,669,11,287,0,0,0,302,0,72,69,107,0,4583
2026/02/02,18:00,4581,0,489,1899,418,243,0,688,11,286,0,0,0,293,0,181,32,41,0,4581
2026/02/02,18:30,4557,0,554,1896,422,243,0,599,11,286,0,0,0,309,0,193,62,-18,0,4557
2026/02/02,19:00,4469,0,600,1910,396,243,0,544,11,286,0,0,0,266,0,211,-6,8,0,4469
2026/02/02,19:30,4399,0,629,1896,401,241,0,530,11,286,0,0,0,247,0,209,-6,-45,0,4399
2026/02/02,20:00,4367,0,620,1896,402,241,0,499,11,286,0,0,0,207,0,210,-7,2,0,4367
2026/02/02,20:30,4271,0,623,1890,404,241,0,488,11,284,0,0,0,171,0,120,-7,46,0,4271
2026/02/02,21:00,4278,0,640,1905,397,240,0,478,11,284,0,0,0,115,0,112,-6,102,0,4278
2026/02/02,21:30,4174,0,642,1894,377,240,0,470,11,284,0,0,0,99,0,62,-7,102,0,4174
2026/02/02,22:00,4085,0,651,1897,391,239,0,467,11,285,0,0,0,79,0,17,-6,54,0,4085
2026/02/02,22:30,4011,0,616,1889,388,241,0,444,11,284,0,0,0,84,0,17,-6,43,0,4011
2026/02/02,23:00,4139,0,630,1898,419,240,0,364,11,284,0,0,0,75,0,22,-6,202,0,4139
2026/02/02,23:30,4137,0,639,1891,420,240,0,347,11,284,0,0,0,81,0,27,-6,203,0,4137
2026/02/03,00:00,4109,0,639,1881,406,240,0,335,11,285,0,0,0,64,0,38,-5,215,0,4109
2026/02/03,00:30,4047,0,622,1869,378,240,0,322,11,286,0,0,0,70,0,21,-4,232,0,4047
2026/02/03,01:00,4169,0,569,1895,365,239,0,342,11,285,0,0,0,48,0,26,-1,390,0,4169
2026/02/03,01:30,4269,0,627,1891,404,239,0,338,11,285,0,0,0,53,0,27,-3,397,0,4269
2026/02/03,02:00,4331,0,626,1901,420,240,0,337,11,285,0,0,0,77,0,28,-3,409,0,4331
2026/02/03,02:30,4391,0,624,1892,424,244,0,357,11,286,0,0,0,111,0,30,-3,415,0,4391
2026/02/03,03:00,4448,0,624,1894,425,240,0,411,11,284,0,0,0,109,0,34,-6,422,0,4448
2026/02/03,03:30,4476,0,623,1891,412,240,0,423,11,286,0,0,0,152,0,25,-5,418,0,4476
2026/02/03,04:00,4552,0,625,1903,415,240,0,457,11,286,0,0,0,170,0,28,3,414,0,4552
2026/02/03,04:30,4580,0,628,1894,398,240,0,481,11,287,0,0,0,211,0,22,-5,413,0,4580
2026/02/03,05:00,4616,0,635,1900,402,238,0,484,11,286,0,0,0,225,0,22,-5,418,0,4616
2026/02/03,05:30,4590,0,621,1888,376,239,0,469,11,286,0,0,0,275,0,21,-6,410,0,4590
2026/02/03,06:00,4654,0,536,1909,391,242,0,516,11,287,0,0,0,309,0,58,-5,400,0,4654
2026/02/03,06:30,4636,0,338,1901,409,241,0,558,11,287,0,4,0,325,0,168,11,383,0,4636
2026/02/03,07:00,4693,0,395,1910,410,240,0,587,11,287,0,149,0,351,0,189,29,135,0,4693
2026/02/03,07:30,4719,0,534,1902,450,239,0,583,11,286,0,300,0,390,0,152,-8,-120,0,4719
2026/02/03,08:00,4749,0,374,1904,393,240,0,539,11,287,0,500,0,407,0,190,-6,-90,0,4749
2026/02/03,08:30,4895,0,429,1892,329,240,0,518,11,286,0,701,0,448,0,173,-5,-127,0,4895
2026/02/03,09:00,4904,0,497,1906,273,240,0,420,11,286,0,888,0,493,0,20,-5,-125,0,4904
2026/02/03,09:30,4752,0,390,1865,220,240,0,353,11,286,0,1003,0,525,0,4,-3,-142,0,4752
2026/02/03,10:00,4633,0,381,1726,186,239,0,281,11,286,0,1091,0,608,0,0,-5,-171,0,4633
2026/02/03,10:30,4613,0,464,1657,158,239,0,269,11,286,0,1113,0,634,0,26,5,-249,0,4613
2026/02/03,11:00,4643,0,531,1682,125,240,0,267,11,287,0,1124,0,626,0,57,-4,-303,0,4643
2026/02/03,11:30,4571,0,477,1663,131,240,0,254,11,287,0,1138,0,631,0,25,5,-291,0,4571
2026/02/03,12:00,4520,0,504,1677,116,235,0,253,11,287,0,1073,0,622,0,33,-49,-242,0,4520
2026/02/03,12:30,4466,0,515,1666,122,205,0,250,11,287,0,961,0,649,0,6,-13,-193,0,4466
2026/02/03,13:00,4456,0,418,1683,169,186,0,271,11,277,0,788,0,669,0,23,-4,-35,0,4456
2026/02/03,13:30,4382,0,355,1637,153,186,0,275,11,265,0,743,0,714,0,6,-14,51,0,4382
2026/02/03,14:00,4315,0,403,1661,116,187,0,306,11,272,0,593,0,738,0,7,-3,24,0,4315
2026/02/03,14:30,4321,0,444,1708,118,187,0,314,11,284,0,469,0,740,0,10,-6,42,0,4321
2026/02/03,15:00,4369,0,516,1755,127,187,0,361,11,287,0,339,0,711,0,3,-5,77,0,4369
2026/02/03,15:30,4481,0,552,1776,218,204,0,413,11,286,0,168,0,670,0,2,4,177,0,4481
2026/02/03,16:00,4425,0,479,1839,282,235,0,464,11,287,0,38,0,642,0,37,-4,115,0,4425
2026/02/03,16:30,4487,0,355,1857,318,240,0,596,11,287,0,2,0,650,0,116,71,-16,0,4487
2026/02/03,17:00,4578,0,465,1842,364,243,0,664,11,286,0,0,0,638,0,137,73,-145,0,4578
2026/02/03,17:30,4512,0,503,1889,364,243,0,688,11,286,0,2,0,649,0,136,73,-332,0,4512
2026/02/03,18:00,4518,0,557,1906,379,243,0,703,11,286,0,0,0,651,0,118,73,-409,0,4518
2026/02/03,18:30,4496,0,602,1893,417,241,0,642,11,286,0,0,0,701,0,128,29,-454,0,4496
2026/02/03,19:00,4401,0,565,1902,391,236,0,642,11,286,0,0,0,737,0,63,-6,-426,0,4401
2026/02/03,19:30,4321,0,513,1885,372,237,0,634,11,287,0,0,0,742,0,57,-6,-411,0,4321
2026/02/03,20:00,4328,0,591,1903,408,240,0,612,11,286,0,0,0,710,0,64,-6,-491,0,4328
2026/02/03,20:30,4234,0,607,1891,394,241,0,543,11,287,0,0,0,721,0,41,-7,-495,0,4234
2026/02/03,21:00,4181,0,544,1905,369,236,0,498,11,286,0,0,0,725,0,19,-5,-407,0,4181
2026/02/03,21:30,4047,0,456,1889,363,235,0,481,11,286,0,0,0,746,0,9,-5,-424,0,4047
2026/02/03,22:00,3982,0,487,1848,362,235,0,431,11,286,0,0,0,745,0,0,-5,-418,0,3982
2026/02/03,22:30,3890,0,414,1802,363,236,0,407,11,286,0,0,0,766,0,0,-5,-390,0,3890
2026/02/03,23:00,4011,0,458,1785,343,235,0,384,10,287,0,0,0,767,0,0,-6,-252,0,4011
2026/02/03,23:30,3951,0,437,1806,261,235,0,369,10,286,0,0,0,789,0,0,-6,-236,0,3951
2026/02/04,00:00,3891,0,495,1820,268,236,0,330,11,286,0,0,0,755,0,0,-4,-306,0,3891
2026/02/04,00:30,3847,0,451,1811,272,235,0,317,11,285,0,0,0,744,0,0,-5,-274,0,3847
2026/02/04,01:00,3918,0,510,1815,324,235,0,312,11,286,0,0,0,716,0,0,-4,-287,0,3918
2026/02/04,01:30,3976,0,488,1805,384,235,0,310,11,286,0,0,0,721,0,0,-5,-259,0,3976
2026/02/04,02:00,4025,0,514,1810,360,235,0,299,11,287,0,0,0,732,0,0,-4,-219,0,4025
2026/02/04,02:30,4069,0,444,1807,353,236,0,302,11,287,0,0,0,740,0,0,-3,-108,0,4069
2026/02/04,03:00,4136,0,446,1822,359,235,0,334,11,287,0,0,0,742,0,0,-6,-94,0,4136
2026/02/04,03:30,4156,0,509,1807,373,235,0,325,11,287,0,0,0,716,0,0,-6,-101,0,4156
2026/02/04,04:00,4193,0,520,1822,423,236,0,352,11,287,0,0,0,680,0,0,-24,-114,0,4193
2026/02/04,04:30,4195,0,539,1831,408,235,0,373,11,287,0,0,0,628,0,0,-5,-112,0,4195
2026/02/04,05:00,4222,0,556,1856,372,234,0,329,11,287,0,0,0,600,0,0,-5,-18,0,4222
2026/02/04,05:30,4198,0,562,1864,376,235,0,343,11,287,0,0,0,551,0,0,-6,-25,0,4198
2026/02/04,06:00,4273,0,475,1888,369,237,0,371,11,287,0,0,0,511,0,23,-6,107,0,4273
2026/02/04,06:30,4275,0,470,1893,359,239,0,466,11,286,0,5,0,507,0,95,-6,-50,0,4275
2026/02/04,07:00,4356,0,575,1905,370,239,0,484,11,286,0,190,0,490,0,75,-6,-263,0,4356
2026/02/04,07:30,4298,0,451,1886,377,239,0,486,11,285,0,391,0,495,0,0,-5,-318,0,4298
2026/02/04,08:00,4332,0,332,1821,323,236,0,508,10,286,0,626,0,477,0,0,-11,-276,0,4332
2026/02/04,08:30,4396,0,510,1784,195,228,0,440,10,286,0,841,0,474,0,3,0,-375,0,4396
2026/02/04,09:00,4416,0,490,1825,112,225,0,346,11,286,0,1083,0,445,0,23,-7,-423,0,4416
2026/02/04,09:30,4320,0,428,1749,65,225,0,315,11,285,0,1233,0,440,0,17,-3,-445,0,4320
2026/02/04,10:00,4223,0,425,1594,65,225,0,265,11,286,0,1339,0,409,0,10,-4,-402,0,4223
2026/02/04,10:30,4241,0,361,1393,65,225,0,265,11,286,0,1487,0,400,0,79,-18,-313,0,4241
2026/02/04,11:00,4194,0,405,1261,65,225,0,263,11,286,0,1478,0,423,0,52,-5,-270,0,4194
2026/02/04,11:30,4040,0,429,1294,65,225,0,261,11,285,0,1446,0,446,0,-118,-5,-299,0,4040
2026/02/04,12:00,4035,0,402,1304,65,225,0,266,11,287,0,1481,0,448,0,-173,-21,-260,0,4035
2026/02/04,12:30,3939,0,417,1272,65,227,0,269,11,287,0,1369,0,491,0,-120,-3,-346,0,3939
2026/02/04,13:00,4014,0,498,1481,66,227,0,273,11,275,0,1230,0,473,0,-152,-3,-365,0,4014
2026/02/04,13:30,3940,0,488,1545,66,221,0,273,11,265,0,1055,0,551,0,-116,-5,-414,0,3940
2026/02/04,14:00,3868,0,376,1470,65,194,0,287,11,279,0,912,0,607,0,27,-6,-354,0,3868
2026/02/04,14:30,3862,0,460,1377,64,176,0,293,11,287,0,733,0,568,0,53,1,-161,0,3862
2026/02/04,15:00,3896,0,473,1516,67,192,0,320,11,287,0,503,0,483,0,50,-4,-2,0,3896
2026/02/04,15:30,4030,0,597,1675,126,220,0,350,11,286,0,265,0,464,0,55,-5,-14,0,4030
2026/02/04,16:00,4105,0,558,1846,216,226,0,427,11,287,0,62,0,475,0,24,-5,-22,0,4105
2026/02/04,16:30,4217,0,403,1821,293,232,0,534,11,287,0,4,0,535,0,2,69,26,0,4217
2026/02/04,17:00,4306,0,379,1881,308,237,0,584,11,287,0,0,0,558,0,0,70,-9,0,4306
2026/02/04,17:30,4320,0,514,1895,341,241,0,551,11,287,0,1,0,559,0,0,69,-149,0,4320
2026/02/04,18:00,4331,0,539,1896,361,243,0,581,11,286,0,0,0,541,0,54,69,-250,0,4331
2026/02/04,18:30,4305,0,534,1888,400,243,0,539,11,286,0,0,0,541,0,56,41,-234,0,4305
2026/02/04,19:00,4231,0,512,1895,375,243,0,546,11,287,0,0,0,536,0,0,-5,-169,0,4231
2026/02/04,19:30,4151,0,476,1889,392,242,0,511,11,286,0,0,0,502,0,0,-5,-153,0,4151
2026/02/04,20:00,4117,0,537,1893,396,241,0,514,11,287,0,0,0,470,0,0,-4,-228,0,4117
2026/02/04,20:30,4035,0,567,1879,401,241,0,473,11,287,0,0,0,435,0,1,-6,-254,0,4035
2026/02/04,21:00,4000,0,599,1893,420,240,0,423,11,287,0,0,0,398,0,19,-6,-284,0,4000
2026/02/04,21:30,3872,0,464,1885,356,239,0,402,11,287,0,0,0,403,0,7,-2,-180,0,3872
2026/02/04,22:00,3777,0,409,1872,286,240,0,378,11,287,0,0,0,399,0,0,0,-105,0,3777
2026/02/04,22:30,3697,0,426,1812,331,240,0,376,11,287,0,0,0,400,0,0,-1,-185,0,3697
2026/02/04,23:00,3845,0,516,1807,388,239,0,338,11,287,0,0,0,444,0,0,-1,-184,0,3845
2026/02/04,23:30,3827,0,568,1774,374,240,0,327,11,287,0,0,0,479,0,8,-5,-236,0,3827
2026/02/05,00:00,3775,0,558,1776,360,240,0,316,11,287,0,0,0,430,0,18,-4,-217,0,3775
2026/02/05,00:30,3769,0,534,1769,360,240,0,315,11,287,0,0,0,432,0,1,-5,-175,0,3769
2026/02/05,01:00,3856,0,546,1781,375,240,0,304,11,287,0,0,0,431,0,0,-5,-114,0,3856
2026/02/05,01:30,3932,0,546,1766,359,239,0,308,11,287,0,0,0,453,0,0,-4,-33,0,3932
2026/02/05,02:00,3975,0,559,1780,372,240,0,313,11,287,0,0,0,418,0,0,-5,0,0,3975
2026/02/05,02:30,4003,0,460,1765,363,239,0,322,11,288,0,0,0,400,0,101,-6,60,0,4003
2026/02/05,03:00,4086,0,432,1788,356,239,0,361,11,287,0,0,0,398,0,119,-34,129,0,4086
2026/02/05,03:30,4160,0,420,1771,356,240,0,403,11,287,0,0,0,412,0,120,-5,145,0,4160
2026/02/05,04:00,4196,0,465,1779,356,240,0,399,11,287,0,0,0,384,0,149,-5,131,0,4196
2026/02/05,04:30,4188,0,447,1772,356,239,0,378,11,287,0,0,0,364,0,149,-6,191,0,4188
2026/02/05,05:00,4207,0,414,1788,356,240,0,383,11,287,0,0,0,338,0,149,-5,246,0,4207
2026/02/05,05:30,4191,0,490,1775,356,240,0,398,11,287,0,0,0,291,0,153,-1,191,0,4191
2026/02/05,06:00,4282,0,517,1783,358,240,0,468,11,286,0,0,0,265,0,112,-6,248,0,4282
2026/02/05,06:30,4236,0,523,1774,402,239,0,480,11,286,0,8,0,243,0,118,28,124,0,4236
2026/02/05,07:00,4344,0,597,1794,419,240,0,435,11,286,0,253,0,217,0,122,28,-58,0,4344
2026/02/05,07:30,4358,0,596,1757,383,239,0,438,11,285,0,509,0,220,0,135,-8,-207,0,4358
2026/02/05,08:00,4427,0,532,1641,340,238,0,454,11,286,0,808,0,196,0,134,-5,-208,0,4427
2026/02/05,08:30,4507,0,562,1639,303,233,0,480,11,285,0,1076,0,197,0,83,-6,-356,0,4507
2026/02/05,09:00,4486,0,515,1593,305,225,0,463,11,286,0,1283,0,188,0,32,-4,-411,0,4486
2026/02/05,09:30,4404,0,512,1531,266,226,0,382,11,285,0,1455,0,188,0,18,-2,-468,0,4404
2026/02/05,10:00,4296,0,525,1562,179,225,0,290,11,285,0,1544,0,133,0,29,-3,-484,0,4296
2026/02/05,10:30,4316,0,551,1606,121,226,0,276,11,285,0,1618,0,89,0,38,-18,-487,0,4316
2026/02/05,11:00,4313,0,536,1640,122,225,0,225,11,285,0,1619,0,90,0,53,-3,-490,0,4313
2026/02/05,11:30,4181,0,411,1608,110,225,0,221,11,285,0,1597,0,87,0,73,-5,-442,0,4181
2026/02/05,12:00,4145,0,455,1673,111,225,0,196,11,284,0,1529,0,88,0,-5,-23,-399,0,4145
2026/02/05,12:30,4055,0,509,1679,110,225,0,194,11,286,0,1421,0,93,0,-118,-4,-351,0,4055
2026/02/05,13:00,4103,0,524,1700,123,226,0,213,11,274,0,1263,0,92,0,-143,-5,-175,0,4103
2026/02/05,13:30,4071,0,501,1678,145,225,0,229,11,264,0,1086,0,49,0,-69,-3,-45,0,4071
2026/02/05,14:00,3977,0,456,1699,141,222,0,266,11,272,0,901,0,25,0,34,0,-50,0,3977
2026/02/05,14:30,3987,0,518,1711,231,193,0,279,11,286,0,680,0,29,0,15,-5,39,0,3987
2026/02/05,15:00,4010,0,472,1736,340,176,0,303,11,284,0,444,0,35,0,0,-5,214,0,4010
2026/02/05,15:30,4138,0,545,1742,399,191,0,394,11,283,0,218,0,37,0,0,-5,323,0,4138
2026/02/05,16:00,4159,0,525,1760,404,221,0,503,11,266,0,46,0,32,0,0,-2,393,0,4159
2026/02/05,16:30,4285,0,516,1772,367,229,0,526,11,269,0,3,0,49,0,77,66,400,0,4285
2026/02/05,17:00,4382,0,507,1785,371,234,0,544,11,284,0,0,0,67,0,95,69,415,0,4382
2026/02/05,17:30,4364,0,521,1775,419,241,0,566,11,285,0,0,0,94,0,59,67,326,0,4364
2026/02/05,18:00,4369,0,541,1787,392,243,0,533,11,285,0,0,0,129,0,71,33,344,0,4369
2026/02/05,18:30,4327,0,540,1778,380,243,0,542,11,286,0,0,0,190,0,64,26,267,0,4327
2026/02/05,19:00,4252,0,514,1795,354,243,0,537,11,285,0,0,0,210,0,57,-5,251,0,4252
2026/02/05,19:30,4172,0,552,1767,363,241,0,500,11,286,0,0,0,238,0,57,-4,161,0,4172
2026/02/05,20:00,4122,0,527,1782,391,240,0,467,11,285,0,0,0,258,0,77,-6,90,0,4122
2026/02/05,20:30,4014,0,549,1772,386,239,0,436,11,286,0,0,0,293,0,0,-8,50,0,4014
2026/02/05,21:00,3994,0,574,1780,419,240,0,411,10,286,0,0,0,326,0,0,-5,-47,0,3994
2026/02/05,21:30,3894,0,560,1772,401,239,0,408,11,285,0,0,0,343,0,0,-6,-119,0,3894
2026/02/05,22:00,3856,0,570,1774,403,239,0,375,11,285,0,0,0,351,0,0,-4,-148,0,3856
2026/02/05,22:30,3830,0,549,1764,379,239,0,349,11,284,0,0,0,376,0,0,-6,-115,0,3830
2026/02/05,23:00,3995,0,537,1780,419,240,0,303,11,285,0,0,0,430,0,0,-6,-4,0,3995
2026/02/05,23:30,3987,0,518,1779,368,240,0,292,11,286,0,0,0,549,0,0,-6,-50,0,3987
2026/02/06,00:00,4009,0,535,1770,338,240,0,292,11,286,0,0,0,586,0,0,-5,-44,0,4009
2026/02/06,00:30,3967,0,386,1754,270,240,0,295,11,285,0,0,0,688,0,0,-5,43,0,3967
2026/02/06,01:00,4055,0,331,1769,241,242,0,287,11,285,0,0,0,747,0,0,-5,147,0,4055
2026/02/06,01:30,4099,0,351,1761,264,240,0,301,11,285,0,0,0,773,0,0,-4,117,0,4099
2026/02/06,02:00,4131,0,463,1779,290,240,0,310,11,286,0,0,0,790,0,0,-5,-33,0,4131
2026/02/06,02:30,4197,0,470,1771,298,239,0,326,11,286,0,0,0,807,0,0,-4,-7,0,4197
2026/02/06,03:00,4230,0,395,1782,378,239,0,320,11,286,0,0,0,829,0,0,-3,-7,0,4230
2026/02/06,03:30,4264,0,413,1769,401,240,0,345,11,286,0,0,0,838,0,0,13,-52,0,4264
2026/02/06,04:00,4320,0,457,1779,366,240,0,361,11,286,0,0,0,819,0,0,-4,5,0,4320
2026/02/06,04:30,4358,0,515,1770,326,239,0,366,11,285,0,0,0,847,0,0,-5,4,0,4358
2026/02/06,05:00,4434,0,519,1775,320,240,0,381,11,286,0,0,0,868,0,0,-6,40,0,4434
2026/02/06,05:30,4398,0,456,1770,332,239,0,402,11,285,0,0,0,854,0,41,-6,14,0,4398
2026/02/06,06:00,4456,0,394,1788,358,240,0,400,11,286,0,0,0,782,0,95,-4,106,0,4456
2026/02/06,06:30,4394,0,388,1783,398,239,0,417,11,286,0,1,0,763,0,153,29,-74,0,4394
2026/02/06,07:00,4394,0,436,1791,398,239,0,432,11,285,0,30,0,793,0,153,7,-181,0,4394
2026/02/06,07:30,4450,0,411,1780,385,238,0,450,11,285,0,81,0,816,0,152,-6,-153,0,4450
2026/02/06,08:00,4507,0,420,1786,359,236,0,459,11,286,0,127,0,813,0,131,-6,-115,0,4507
2026/02/06,08:30,4573,0,433,1769,313,236,0,487,11,286,0,168,0,831,0,46,-6,-1,0,4573
2026/02/06,09:00,4496,0,347,1774,243,236,0,417,11,285,0,238,0,813,0,44,-5,93,0,4496
2026/02/06,09:30,4424,0,351,1708,163,237,0,359,11,285,0,354,0,823,0,98,-6,41,0,4424
2026/02/06,10:00,4270,0,324,1730,155,238,0,261,11,286,0,446,0,835,0,98,-5,-109,0,4270
2026/02/06,10:30,4198,0,341,1539,155,238,0,247,11,285,0,569,0,856,0,87,-18,-112,0,4198
2026/02/06,11:00,4120,0,355,1561,155,238,0,217,11,286,0,624,0,819,0,-117,-5,-24,0,4120
2026/02/06,11:30,4054,0,319,1600,155,238,0,204,11,286,0,660,0,802,0,-129,-7,-85,0,4054
2026/02/06,12:00,4028,0,362,1623,155,238,0,202,11,286,0,638,0,801,0,-133,-18,-137,0,4028
2026/02/06,12:30,3984,0,321,1595,155,238,0,204,11,286,0,647,0,810,0,-130,-37,-116,0,3984
2026/02/06,13:00,4127,0,423,1703,155,238,0,226,11,274,0,527,0,796,0,-127,-3,-96,0,4127
2026/02/06,13:30,4127,0,404,1617,155,236,0,226,11,265,0,539,0,850,0,-53,-2,-121,0,4127
2026/02/06,14:00,4201,0,374,1669,155,235,0,265,11,276,0,470,0,858,0,0,-4,-108,0,4201
2026/02/06,14:30,4311,0,487,1712,159,239,0,274,11,286,0,370,0,871,0,0,-4,-94,0,4311
2026/02/06,15:00,4445,0,428,1770,203,240,0,351,11,286,0,286,0,865,0,0,-1,6,0,4445
2026/02/06,15:30,4633,0,475,1749,267,240,0,460,11,278,0,134,0,823,0,74,0,122,0,4633
2026/02/06,16:00,4589,0,485,1736,313,239,0,501,11,267,0,32,0,798,0,94,2,111,0,4589
2026/02/06,16:30,4701,0,429,1779,384,241,0,505,11,280,0,3,0,818,0,94,62,95,0,4701
2026/02/06,17:00,4805,0,493,1782,421,243,0,456,11,286,0,0,0,811,0,77,38,187,0,4805
2026/02/06,17:30,4753,0,507,1777,457,243,0,435,11,287,0,0,0,810,0,0,39,187,0,4753
2026/02/06,18:00,4764,0,538,1782,441,243,0,422,11,286,0,0,0,818,0,41,37,145,0,4764
2026/02/06,18:30,4740,0,574,1776,439,242,0,414,11,285,0,0,0,825,0,64,30,80,0,4740
2026/02/06,19:00,4653,0,552,1778,465,243,0,415,11,285,0,0,0,847,0,24,-8,41,0,4653
2026/02/06,19:30,4579,0,501,1753,510,241,0,414,11,285,0,0,0,863,0,0,-13,14,0,4579
2026/02/06,20:00,4583,0,486,1780,451,241,0,416,11,285,0,0,0,865,0,0,-10,58,0,4583
2026/02/06,20:30,4477,0,518,1766,405,241,0,413,11,286,0,0,0,866,0,0,-8,-21,0,4477
2026/02/06,21:00,4521,0,574,1746,436,240,0,394,11,286,0,0,0,860,0,0,-8,-18,0,4521
2026/02/06,21:30,4427,0,559,1722,428,240,0,378,11,285,0,0,0,874,0,55,-7,-118,0,4427
2026/02/06,22:00,4346,0,581,1699,412,240,0,360,11,286,0,0,0,866,0,59,-3,-165,0,4346
2026/02/06,22:30,4254,0,587,1675,449,239,0,318,11,285,0,0,0,861,0,0,-1,-170,0,4254
2026/02/06,23:00,4398,0,584,1676,529,240,0,295,11,285,0,0,0,840,0,0,-27,-35,0,4398
2026/02/06,23:30,4330,0,529,1668,499,240,0,291,11,285,0,0,0,859,0,0,-3,-49,0,4330
2026/02/07,00:00,4356,0,575,1677,445,240,0,265,11,285,0,0,0,859,0,0,-2,1,0,4356
2026/02/07,00:30,4300,0,541,1668,427,240,0,252,11,286,0,0,0,881,0,0,-7,1,0,4300
2026/02/07,01:00,4386,0,547,1673,454,239,0,248,11,284,0,0,0,868,0,0,-10,72,0,4386
2026/02/07,01:30,4426,0,535,1666,507,240,0,247,11,285,0,0,0,848,0,0,-7,94,0,4426
2026/02/07,02:00,4475,0,506,1691,540,239,0,260,11,285,0,0,0,731,0,27,-7,192,0,4475
2026/02/07,02:30,4525,0,510,1706,543,240,0,261,11,286,0,0,0,643,0,30,-7,302,0,4525
2026/02/07,03:00,4567,0,532,1722,571,239,0,258,11,285,0,0,0,581,0,0,-5,373,0,4567
2026/02/07,03:30,4567,0,558,1713,553,240,0,263,11,286,0,0,0,555,0,0,-5,393,0,4567
2026/02/07,04:00,4608,0,543,1733,551,240,0,301,11,286,0,0,0,562,0,0,-4,385,0,4608
2026/02/07,04:30,4568,0,492,1732,500,240,0,334,11,286,0,0,0,566,0,0,-5,412,0,4568
2026/02/07,05:00,4573,0,516,1756,477,240,0,354,11,285,0,0,0,564,0,0,-4,374,0,4573
2026/02/07,05:30,4523,0,477,1758,441,240,0,394,11,285,0,0,0,590,0,13,-5,319,0,4523
2026/02/07,06:00,4507,0,461,1769,399,237,0,448,11,286,0,0,0,582,0,46,-7,275,0,4507
2026/02/07,06:30,4383,0,430,1781,399,238,0,446,11,284,0,5,0,552,0,94,-6,149,0,4383
2026/02/07,07:00,4382,0,427,1801,400,239,0,402,11,285,0,174,0,524,0,110,-4,13,0,4382
2026/02/07,07:30,4332,0,442,1789,399,239,0,389,11,284,0,369,0,516,0,34,-18,-122,0,4332
2026/02/07,08:00,4319,0,364,1767,375,239,0,388,11,285,0,578,0,507,0,-2,-6,-187,0,4319
2026/02/07,08:30,4355,0,321,1737,324,240,0,362,11,284,0,803,0,505,0,0,-6,-226,0,4355
2026/02/07,09:00,4368,0,323,1775,309,240,0,298,11,284,0,1009,0,510,0,-2,-4,-385,0,4368
2026/02/07,09:30,4312,0,360,1700,257,240,0,244,11,284,0,1160,0,522,0,0,-2,-464,0,4312
2026/02/07,10:00,4307,0,391,1598,223,240,0,238,11,284,0,1313,0,481,0,-3,-4,-465,0,4307
2026/02/07,10:30,4221,0,361,1464,176,241,0,236,11,285,0,1358,0,500,0,-13,-2,-396,0,4221
2026/02/07,11:00,4209,0,391,1432,111,239,0,219,11,285,0,1364,0,528,0,-13,-3,-355,0,4209
2026/02/07,11:30,4123,0,385,1370,106,241,0,219,11,285,0,1371,0,533,0,-13,-3,-382,0,4123
2026/02/07,12:00,4074,0,406,1430,106,239,0,215,11,285,0,1325,0,512,0,-2,-16,-437,0,4074
2026/02/07,12:30,3948,0,357,1389,106,240,0,215,11,285,0,1224,0,511,0,2,-12,-380,0,3948
2026/02/07,13:00,3883,0,397,1283,106,241,0,213,11,285,0,1122,0,497,0,17,-19,-270,0,3883
2026/02/07,13:30,3817,0,401,1292,106,240,0,220,11,285,0,974,0,520,0,-8,-11,-213,0,3817
2026/02/07,14:00,3753,0,425,1408,110,241,0,233,11,285,0,806,0,545,0,23,-12,-322,0,3753
2026/02/07,14:30,3735,0,410,1553,155,240,0,247,11,285,0,630,0,536,0,-23,-12,-297,0,3735
2026/02/07,15:00,3820,0,420,1684,186,240,0,297,11,285,0,440,0,525,0,0,-6,-262,0,3820
2026/02/07,15:30,3930,0,461,1749,247,240,0,352,11,284,0,243,0,479,0,0,-4,-132,0,3930
2026/02/07,16:00,3970,0,506,1781,331,239,0,418,11,285,0,68,0,424,0,0,3,-96,0,3970
2026/02/07,16:30,4120,0,538,1782,353,238,0,488,11,285,0,4,0,440,0,0,41,-60,0,4120
2026/02/07,17:00,4301,0,577,1804,375,239,0,533,11,285,0,0,0,419,0,0,40,18,0,4301
2026/02/07,17:30,4343,0,603,1795,390,237,0,508,11,285,0,0,0,431,0,23,41,19,0,4343
2026/02/07,18:00,4397,0,646,1803,388,238,0,498,11,284,0,0,0,423,0,17,33,56,0,4397
2026/02/07,18:30,4383,0,623,1792,361,238,0,476,11,284,0,0,0,438,0,24,26,110,0,4383
2026/02/07,19:00,4339,0,652,1807,397,237,0,446,11,284,0,0,0,385,0,24,-6,102,0,4339
2026/02/07,19:30,4299,0,628,1794,394,236,0,408,11,284,0,0,0,405,0,49,-6,96,0,4299
2026/02/07,20:00,4306,0,631,1800,402,236,0,383,11,285,0,0,0,400,0,84,-5,79,0,4306
2026/02/07,20:30,4218,0,628,1790,401,235,0,362,11,285,0,0,0,383,0,78,-5,50,0,4218
2026/02/07,21:00,4242,0,636,1799,362,235,0,345,11,285,0,0,0,364,0,99,-6,112,0,4242
2026/02/07,21:30,4140,0,624,1795,355,235,0,325,11,285,0,0,0,348,0,20,-6,148,0,4140
2026/02/07,22:00,4071,0,635,1795,353,235,0,292,11,286,0,0,0,316,0,21,-5,132,0,4071
2026/02/07,22:30,3999,0,611,1784,366,235,0,271,11,285,0,0,0,314,0,18,-7,111,0,3999
2026/02/07,23:00,4172,0,553,1794,371,235,0,338,11,285,0,0,0,311,0,24,-2,252,0,4172
2026/02/07,23:30,4142,0,595,1777,370,240,0,348,11,286,0,0,0,277,0,22,3,213,0,4142
2026/02/08,00:00,4184,0,638,1787,409,239,0,236,11,285,0,0,0,219,0,32,-1,329,0,4184
2026/02/08,00:30,4214,0,640,1786,415,240,0,229,11,286,0,0,0,192,0,42,-1,374,0,4214
2026/02/08,01:00,4287,0,641,1795,415,241,0,229,11,285,0,0,0,197,0,52,-5,426,0,4287
2026/02/08,01:30,4343,0,640,1787,415,241,0,246,11,285,0,0,0,206,0,77,-4,439,0,4343
2026/02/08,02:00,4395,0,640,1801,415,241,0,289,11,286,0,0,0,181,0,94,-5,442,0,4395
2026/02/08,02:30,4451,0,640,1793,415,240,0,290,11,286,0,0,0,195,0,161,-5,425,0,4451
2026/02/08,03:00,4496,0,639,1802,415,241,0,293,11,286,0,0,0,240,0,133,-5,441,0,4496
2026/02/08,03:30,4530,0,639,1791,416,242,0,279,11,286,0,0,0,321,0,127,-4,422,0,4530
2026/02/08,04:00,4562,0,639,1801,416,242,0,308,11,287,0,0,0,325,0,118,-5,420,0,4562
2026/02/08,04:30,4534,0,601,1791,415,242,0,314,11,286,0,0,0,367,0,97,-4,414,0,4534
2026/02/08,05:00,4529,0,633,1802,415,241,0,336,11,286,0,0,0,355,0,27,-4,427,0,4529
2026/02/08,05:30,4441,0,601,1793,415,240,0,346,11,286,0,0,0,346,0,22,-5,386,0,4441
2026/02/08,06:00,4435,0,627,1801,415,240,0,305,11,286,0,0,0,317,0,23,-5,415,0,4435
2026/02/08,06:30,4345,0,637,1788,398,240,0,308,11,286,0,7,0,277,0,19,-5,379,0,4345
2026/02/08,07:00,4263,0,572,1803,353,239,0,318,11,286,0,181,0,226,0,20,-6,260,0,4263
2026/02/08,07:30,4227,0,578,1788,353,240,0,303,11,285,0,374,0,245,0,11,-6,45,0,4227
2026/02/08,08:00,4143,0,517,1804,353,239,0,293,11,286,0,533,0,228,0,0,-5,-116,0,4143
2026/02/08,08:30,4173,0,545,1790,355,240,0,280,11,285,0,734,0,231,0,44,-5,-337,0,4173
2026/02/08,09:00,4136,0,561,1818,388,239,0,226,11,286,0,935,0,190,0,46,-5,-559,0,4136
2026/02/08,09:30,4058,0,502,1788,316,240,0,219,11,286,0,1099,0,193,0,0,-6,-590,0,4058
2026/02/08,10:00,3923,0,392,1730,271,240,0,203,11,286,0,1201,0,139,0,-66,-7,-477,0,3923
2026/02/08,10:30,3905,0,491,1719,207,240,0,194,11,287,0,1310,0,118,0,-219,-4,-449,0,3905
2026/02/08,11:00,3932,0,512,1718,161,240,0,189,11,287,0,1336,0,92,0,-225,-7,-382,0,3932
2026/02/08,11:30,3882,0,530,1691,171,240,0,188,11,287,0,1318,0,91,0,-230,-6,-409,0,3882
2026/02/08,12:00,3843,0,495,1689,265,239,0,185,11,287,0,1278,0,84,0,-334,-18,-338,0,3843
2026/02/08,12:30,3739,0,423,1679,235,240,0,201,11,288,0,1218,0,77,0,-457,-39,-137,0,3739
2026/02/08,13:00,3712,0,400,1715,220,240,0,203,11,287,0,1118,0,75,0,-466,-15,-76,0,3712
2026/02/08,13:30,3800,0,524,1719,344,240,0,219,11,287,0,961,0,84,0,-393,-16,-180,0,3800
2026/02/08,14:00,3873,0,557,1760,388,240,0,224,11,288,0,781,0,96,0,-157,-15,-300,0,3873
2026/02/08,14:30,3905,0,515,1762,344,242,0,229,11,287,0,602,0,141,0,0,-15,-213,0,3905
2026/02/08,15:00,4044,0,467,1805,356,240,0,263,11,288,0,394,0,207,0,0,0,13,0,4044
2026/02/08,15:30,4142,0,535,1813,409,240,0,325,11,288,0,189,0,264,0,1,-4,71,0,4142
2026/02/08,16:00,4080,0,530,1848,413,239,0,395,11,287,0,50,0,290,0,27,6,-16,0,4080
2026/02/08,16:30,4264,0,511,1855,410,242,0,434,11,288,0,4,0,360,0,15,45,89,0,4264
2026/02/08,17:00,4463,0,529,1888,438,243,0,532,11,287,0,0,0,411,0,42,47,35,0,4463
2026/02/08,17:30,4505,0,455,1876,477,243,0,566,11,288,0,1,0,439,0,236,30,-117,0,4505
2026/02/08,18:00,4555,0,453,1896,452,244,0,565,11,287,0,0,0,454,0,350,35,-192,0,4555
2026/02/08,18:30,4537,0,544,1889,479,245,0,511,11,287,0,0,0,510,0,347,28,-314,0,4537
2026/02/08,19:00,4461,0,567,1897,567,242,0,497,11,287,0,0,0,485,0,297,-4,-385,0,4461
2026/02/08,19:30,4425,0,603,1886,563,241,0,503,11,287,0,0,0,511,0,185,-4,-361,0,4425
2026/02/08,20:00,4440,0,632,1895,589,241,0,494,11,288,0,0,0,469,0,118,-6,-291,0,4440
2026/02/08,20:30,4352,0,557,1885,540,240,0,427,11,287,0,0,0,469,0,183,-6,-241,0,4352
2026/02/08,21:00,4388,0,559,1891,550,240,0,388,11,287,0,0,0,446,0,158,-5,-137,0,4388
2026/02/08,21:30,4314,0,550,1882,614,240,0,384,11,286,0,0,0,438,0,31,-6,-116,0,4314
2026/02/08,22:00,4200,0,529,1884,538,240,0,353,11,285,0,0,0,409,0,0,-6,-43,0,4200
2026/02/08,22:30,4140,0,487,1877,447,240,0,349,11,286,0,0,0,406,0,2,-8,43,0,4140
2026/02/08,23:00,4307,0,484,1887,468,240,0,375,11,286,0,0,0,455,0,0,-6,107,0,4307
2026/02/08,23:30,4247,0,430,1878,451,240,0,383,11,286,0,0,0,482,0,0,-6,92,0,4247
2026/02/09,00:00,4238,0,400,1896,385,239,0,355,11,286,0,0,0,508,0,0,-6,164,0,4238
2026/02/09,00:30,4228,0,532,1884,369,241,0,292,11,286,0,0,0,474,0,0,-6,145,0,4228
2026/02/09,01:00,4313,0,564,1895,422,241,0,269,11,286,0,0,0,428,0,0,-6,203,0,4313
2026/02/09,01:30,4343,0,577,1886,474,240,0,272,11,286,0,0,0,396,0,0,-10,211,0,4343
2026/02/09,02:00,4410,0,480,1896,460,239,0,288,11,286,0,0,0,402,0,0,-4,352,0,4410
2026/02/09,02:30,4486,0,466,1883,462,239,0,308,11,286,0,0,0,433,0,0,-5,403,0,4486
2026/02/09,03:00,4544,0,558,1898,465,239,0,283,11,286,0,0,0,413,0,0,-10,401,0,4544
2026/02/09,03:30,4570,0,559,1893,464,239,0,288,11,286,0,0,0,419,0,0,-5,416,0,4570
2026/02/09,04:00,4613,0,584,1898,464,239,0,318,11,286,0,0,0,409,0,0,-6,410,0,4613
2026/02/09,04:30,4611,0,580,1887,464,239,0,351,11,286,0,0,0,406,0,0,-6,393,0,4611
2026/02/09,05:00,4680,0,601,1904,519,238,0,375,11,286,0,0,0,366,0,0,-6,386,0,4680
2026/02/09,05:30,4660,0,563,1896,502,239,0,444,11,285,0,0,0,363,0,79,-6,284,0,4660
2026/02/09,06:00,4741,0,558,1905,496,239,0,515,11,285,0,0,0,356,0,180,-5,201,0,4741
2026/02/09,06:30,4715,0,580,1891,516,239,0,528,11,284,0,7,0,346,0,288,-5,30,0,4715
2026/02/09,07:00,4754,0,557,1906,559,239,0,544,11,285,0,161,0,361,0,293,-5,-157,0,4754
2026/02/09,07:30,4800,0,533,1895,545,240,0,581,11,285,0,316,0,418,0,275,-7,-292,0,4800
2026/02/09,08:00,4857,0,544,1897,536,241,0,577,11,284,0,471,0,496,0,170,-5,-365,0,4857
2026/02/09,08:30,4975,0,538,1885,511,240,0,562,11,284,0,617,0,528,0,85,-8,-278,0,4975
2026/02/09,09:00,4945,0,469,1893,459,239,0,441,11,284,0,739,0,564,0,8,-3,-159,0,4945
2026/02/09,09:30,4893,0,394,1888,434,239,0,347,11,284,0,828,0,630,0,-14,-5,-143,0,4893
2026/02/09,10:00,4764,0,458,1900,401,239,0,266,11,285,0,833,0,648,0,-98,-4,-175,0,4764
2026/02/09,10:30,4702,0,403,1838,385,239,0,244,11,285,0,876,0,638,0,-19,-4,-194,0,4702
2026/02/09,11:00,4690,0,432,1784,356,239,0,212,11,284,0,908,0,592,0,0,-5,-123,0,4690
2026/02/09,11:30,4606,0,460,1752,339,239,0,201,11,286,0,918,0,570,0,-14,-3,-153,0,4606
2026/02/09,12:00,4486,0,439,1729,282,239,0,204,11,286,0,882,0,586,0,-52,-3,-117,0,4486
2026/02/09,12:30,4428,0,394,1725,245,240,0,221,11,286,0,871,0,606,0,0,-30,-141,0,4428
2026/02/09,13:00,4502,0,456,1736,297,239,0,232,11,273,0,799,0,600,0,0,-15,-126,0,4502
2026/02/09,13:30,4462,0,373,1734,384,239,0,259,11,265,0,711,0,678,0,-42,-16,-134,0,4462
2026/02/09,14:00,4366,0,297,1710,439,239,0,280,11,271,0,606,0,757,0,-96,-17,-131,0,4366
2026/02/09,14:30,4344,0,301,1709,440,239,0,285,11,283,0,484,0,756,0,-89,-15,-60,0,4344
2026/02/09,15:00,4443,0,343,1812,440,239,0,358,11,285,0,341,0,771,0,-19,-7,-131,0,4443
2026/02/09,15:30,4553,0,480,1878,451,239,0,396,11,286,0,177,0,718,0,0,-6,-77,0,4553
2026/02/09,16:00,4516,0,490,1898,500,242,0,502,11,285,0,41,0,658,0,0,6,-117,0,4516
2026/02/09,16:30,4612,0,478,1889,450,242,0,618,11,286,0,2,0,676,0,54,44,-138,0,4612
2026/02/09,17:00,4714,0,513,1905,456,242,0,686,11,285,0,0,0,679,0,105,44,-212,0,4714
2026/02/09,17:30,4694,0,434,1891,438,243,0,714,11,285,0,1,0,693,0,226,44,-286,0,4694
2026/02/09,18:00,4690,0,424,1907,447,242,0,686,11,285,0,0,0,709,0,263,29,-313,0,4690
2026/02/09,18:30,4670,0,449,1902,450,242,0,694,11,285,0,0,0,745,0,295,26,-429,0,4670
2026/02/09,19:00,4577,0,510,1892,440,243,0,704,11,285,0,0,0,739,0,304,-7,-544,0,4577
2026/02/09,19:30,4483,0,548,1879,500,240,0,688,11,285,0,0,0,757,0,101,-8,-518,0,4483
2026/02/09,20:00,4444,0,546,1904,447,241,0,643,11,284,0,0,0,759,0,61,-6,-446,0,4444
2026/02/09,20:30,4338,0,539,1880,475,240,0,604,11,285,0,0,0,737,0,0,-6,-427,0,4338
2026/02/09,21:00,4286,0,517,1892,487,240,0,500,11,285,0,0,0,687,0,0,-5,-328,0,4286
2026/02/09,21:30,4178,0,566,1887,457,240,0,452,11,284,0,0,0,658,0,0,-5,-372,0,4178
2026/02/09,22:00,4108,0,578,1877,414,240,0,392,11,285,0,0,0,651,0,0,-5,-335,0,4108
2026/02/09,22:30,4024,0,543,1853,410,239,0,380,11,285,0,0,0,666,0,0,-5,-358,0,4024
2026/02/09,23:00,4149,0,549,1871,418,239,0,361,11,285,0,0,0,678,0,18,-6,-275,0,4149
2026/02/09,23:30,4051,0,527,1860,377,239,0,343,11,285,0,0,0,669,0,8,-6,-262,0,4051
2026/02/10,00:00,4042,0,473,1865,353,239,0,337,11,284,0,0,0,692,0,0,-6,-206,0,4042
2026/02/10,00:30,3954,0,417,1848,353,240,0,324,11,285,0,0,0,674,0,0,-6,-192,0,3954
2026/02/10,01:00,4026,0,429,1852,353,239,0,314,11,285,0,0,0,645,0,0,-6,-96,0,4026
2026/02/10,01:30,4074,0,568,1834,354,239,0,303,11,286,0,0,0,635,0,0,-6,-150,0,4074
2026/02/10,02:00,4129,0,564,1854,358,239,0,292,11,285,0,0,0,635,0,0,-5,-104,0,4129
2026/02/10,02:30,4185,0,548,1863,353,239,0,317,11,286,0,0,0,595,0,0,-5,-22,0,4185
2026/02/10,03:00,4258,0,593,1900,367,239,0,301,11,285,0,0,0,506,0,0,-4,60,0,4258
2026/02/10,03:30,4306,0,616,1888,409,239,0,310,11,286,0,0,0,465,0,0,-3,85,0,4306
2026/02/10,04:00,4352,0,600,1900,354,238,0,326,11,285,0,0,0,401,0,0,-5,242,0,4352
2026/02/10,04:30,4354,0,612,1895,362,235,0,327,11,285,0,0,0,386,0,0,-3,244,0,4354
2026/02/10,05:00,4427,0,631,1897,369,235,0,345,11,285,0,0,0,366,0,0,-4,292,0,4427
2026/02/10,05:30,4427,0,591,1889,359,239,0,411,11,285,0,0,0,326,0,3,-5,318,0,4427
2026/02/10,06:00,4500,0,488,1902,394,241,0,565,11,285,0,0,0,283,0,43,-22,310,0,4500
2026/02/10,06:30,4456,0,417,1897,401,239,0,617,11,285,0,7,0,274,0,196,-6,118,0,4456
2026/02/10,07:00,4461,0,482,1898,421,239,0,641,11,285,0,183,0,256,0,181,0,-136,0,4461
2026/02/10,07:30,4433,0,561,1888,434,239,0,536,11,285,0,338,0,245,0,47,-6,-145,0,4433
2026/02/10,08:00,4512,0,527,1907,402,239,0,530,11,285,0,559,0,283,0,16,-5,-242,0,4512
2026/02/10,08:30,4568,0,497,1888,415,238,0,522,11,284,0,735,0,339,0,0,-5,-356,0,4568
2026/02/10,09:00,4600,0,578,1904,540,238,0,436,11,285,0,919,0,318,0,-78,-4,-547,0,4600
2026/02/10,09:30,4518,0,485,1886,455,238,0,322,11,285,0,1129,0,354,0,-102,-3,-542,0,4518
2026/02/10,10:00,4468,0,369,1879,392,239,0,271,11,286,0,1290,0,365,0,-101,-2,-531,0,4468
2026/02/10,10:30,4414,0,345,1736,307,238,0,253,11,285,0,1380,0,422,0,-101,-5,-457,0,4414
2026/02/10,11:00,4407,0,390,1640,259,239,0,231,10,285,0,1452,0,431,0,-214,-3,-313,0,4407
2026/02/10,11:30,4319,0,409,1674,211,239,0,228,11,285,0,1489,0,416,0,-322,1,-322,0,4319
2026/02/10,12:00,4143,0,401,1742,187,239,0,217,11,286,0,1426,0,395,0,-323,-30,-408,0,4143
2026/02/10,12:30,4065,0,364,1758,164,238,0,214,11,286,0,1384,0,399,0,-312,-12,-429,0,4065
2026/02/10,13:00,4106,0,412,1787,229,239,0,216,11,278,0,1269,0,388,0,-317,-14,-392,0,4106
2026/02/10,13:30,4064,0,444,1789,268,239,0,235,11,265,0,1079,0,431,0,-232,-15,-450,0,4064
2026/02/10,14:00,4017,0,498,1831,312,239,0,249,11,273,0,880,0,476,0,-229,-17,-506,0,4017
2026/02/10,14:30,4003,0,484,1822,351,240,0,270,11,286,0,653,0,496,0,-82,-15,-513,0,4003
2026/02/10,15:00,4032,0,440,1856,349,240,0,320,11,287,0,457,0,494,0,0,-4,-418,0,4032
2026/02/10,15:30,4192,0,577,1862,402,239,0,354,11,286,0,233,0,442,0,6,-4,-216,0,4192
2026/02/10,16:00,4194,0,514,1897,409,239,0,458,11,285,0,69,0,398,0,84,5,-175,0,4194
2026/02/10,16:30,4284,0,415,1889,402,242,0,555,11,285,0,6,0,388,0,151,43,-103,0,4284
2026/02/10,17:00,4379,0,419,1903,402,243,0,611,11,286,0,0,0,376,0,176,42,-90,0,4379
2026/02/10,17:30,4339,0,462,1898,397,242,0,591,11,286,0,2,0,361,0,151,43,-105,0,4339
2026/02/10,18:00,4312,0,460,1902,357,242,0,642,11,286,0,0,0,360,0,150,33,-131,0,4312
2026/02/10,18:30,4294,0,477,1894,357,243,0,652,11,286,0,0,0,402,0,149,26,-203,0,4294
2026/02/10,19:00,4228,0,525,1895,358,243,0,615,11,285,0,0,0,398,0,152,-6,-248,0,4228
2026/02/10,19:30,4140,0,560,1894,410,241,0,600,11,285,0,0,0,353,0,153,-6,-361,0,4140
2026/02/10,20:00,4084,0,606,1898,376,240,0,559,11,286,0,0,0,359,0,172,-7,-416,0,4084
2026/02/10,20:30,3990,0,620,1880,344,239,0,549,11,286,0,0,0,333,0,167,-6,-433,0,3990
2026/02/10,21:00,3974,0,623,1897,360,240,0,511,11,285,0,0,0,285,0,54,-5,-287,0,3974
2026/02/10,21:30,3882,0,588,1888,337,239,0,433,11,285,0,0,0,292,0,9,-6,-194,0,3882
2026/02/10,22:00,3867,0,583,1876,318,240,0,387,11,285,0,0,0,282,0,0,-6,-109,0,3867
2026/02/10,22:30,3811,0,578,1832,351,239,0,361,11,285,0,0,0,213,0,0,-6,-53,0,3811
2026/02/10,23:00,3955,0,586,1825,401,238,0,352,11,285,0,0,0,160,0,0,-5,102,0,3955
2026/02/10,23:30,3887,0,579,1812,364,240,0,335,11,285,0,0,0,118,0,0,-5,148,0,3887
2026/02/11,00:00,3863,0,562,1821,404,240,0,309,11,285,0,0,0,79,0,0,-4,156,0,3863
2026/02/11,00:30,3845,0,578,1816,401,239,0,312,11,285,0,0,0,102,0,0,-5,106,0,3845
2026/02/11,01:00,3864,0,535,1819,405,240,0,314,11,285,0,0,0,98,0,0,-4,161,0,3864
2026/02/11,01:30,3866,0,478,1810,406,240,0,302,11,286,0,0,0,130,0,0,-4,207,0,3866
2026/02/11,02:00,3901,0,532,1819,404,240,0,266,11,286,0,0,0,134,0,0,-6,215,0,3901
2026/02/11,02:30,3987,0,587,1815,419,239,0,271,11,286,0,0,0,149,0,0,-3,213,0,3987
2026/02/11,03:00,4037,0,598,1817,479,239,0,279,11,286,0,0,0,145,0,0,-5,188,0,4037
2026/02/11,03:30,4073,0,575,1812,421,240,0,302,11,286,0,0,0,179,0,0,-5,252,0,4073
2026/02/11,04:00,4117,0,585,1817,452,239,0,314,11,286,0,0,0,193,0,0,-5,225,0,4117
2026/02/11,04:30,4123,0,573,1812,522,240,0,315,11,286,0,0,0,205,0,0,-4,163,0,4123
2026/02/11,05:00,4151,0,564,1820,592,237,0,331,11,286,0,0,0,197,0,0,-6,119,0,4151
2026/02/11,05:30,4079,0,502,1827,485,239,0,337,11,286,0,0,0,206,0,0,-5,191,0,4079
2026/02/11,06:00,4042,0,495,1841,449,239,0,343,11,285,0,0,0,209,0,0,-6,176,0,4042
2026/02/11,06:30,3906,0,420,1859,448,239,0,354,11,286,0,4,0,238,0,0,-6,53,0,3906
2026/02/11,07:00,3995,0,473,1893,410,239,0,402,11,286,0,153,0,250,0,0,-6,-116,0,3995
2026/02/11,07:30,4047,0,540,1888,435,240,0,437,11,284,0,271,0,314,0,0,-5,-368,0,4047
2026/02/11,08:00,4180,0,435,1900,512,241,0,456,11,284,0,420,0,371,0,75,-4,-521,0,4180
2026/02/11,08:30,4256,0,473,1889,412,240,0,474,11,285,0,561,0,415,0,96,-4,-596,0,4256
2026/02/11,09:00,4293,0,381,1892,379,237,0,497,11,284,0,692,0,473,0,96,17,-666,0,4293
2026/02/11,09:30,4283,0,316,1838,350,236,0,499,11,283,0,800,0,532,0,96,-6,-672,0,4283
2026/02/11,10:00,4164,0,315,1784,309,236,0,401,11,283,0,860,0,568,0,79,-5,-677,0,4164
2026/02/11,10:30,4068,0,336,1762,230,238,0,314,11,283,0,933,0,641,0,0,-5,-675,0,4068
2026/02/11,11:00,4072,0,325,1717,231,223,0,289,11,284,0,1003,0,662,0,0,-5,-668,0,4072
2026/02/11,11:30,4028,0,318,1645,257,199,0,258,11,285,0,1085,0,668,0,0,-40,-658,0,4028
2026/02/11,12:00,4012,0,325,1670,233,192,0,241,11,285,0,1043,0,676,0,0,-15,-649,0,4012
2026/02/11,12:30,3962,0,356,1762,164,195,0,236,11,286,0,916,0,699,0,0,-14,-649,0,3962
2026/02/11,13:00,3887,0,357,1793,141,195,0,246,11,278,0,831,0,669,0,0,-15,-619,0,3887
2026/02/11,13:30,3799,0,318,1721,152,208,0,248,11,265,0,760,0,688,0,0,-15,-557,0,3799
2026/02/11,14:00,3759,0,339,1745,153,233,0,270,11,274,0,639,0,665,0,0,-15,-555,0,3759
2026/02/11,14:30,3803,0,471,1815,160,239,0,296,11,285,0,520,0,634,0,0,-16,-612,0,3803
2026/02/11,15:00,3818,0,490,1845,195,239,0,322,11,286,0,353,0,584,0,0,-5,-502,0,3818
2026/02/11,15:30,3874,0,529,1849,233,240,0,343,11,285,0,202,0,500,0,0,-7,-311,0,3874
2026/02/11,16:00,3881,0,479,1875,294,241,0,387,11,285,0,64,0,474,0,0,5,-234,0,3881
2026/02/11,16:30,4023,0,353,1874,341,242,0,435,11,286,0,7,0,527,0,0,45,-98,0,4023
2026/02/11,17:00,4208,0,358,1899,353,242,0,516,11,287,0,0,0,569,0,0,43,-70,0,4208
2026/02/11,17:30,4274,0,441,1891,354,242,0,543,11,286,0,1,0,592,0,0,43,-130,0,4274
2026/02/11,18:00,4270,0,444,1896,350,243,0,549,11,286,0,0,0,632,0,0,35,-176,0,4270
2026/02/11,18:30,4270,0,464,1887,348,243,0,503,11,286,0,0,0,644,0,0,26,-142,0,4270
2026/02/11,19:00,4239,0,498,1899,332,243,0,495,11,286,0,0,0,669,0,0,-7,-187,0,4239
2026/02/11,19:30,4177,0,531,1892,344,240,0,480,11,286,0,0,0,693,0,0,-6,-294,0,4177
2026/02/11,20:00,4171,0,570,1899,372,239,0,441,11,285,0,0,0,646,0,0,-6,-286,0,4171
2026/02/11,20:30,4079,0,555,1887,386,240,0,395,11,285,0,0,0,609,0,0,-6,-283,0,4079
2026/02/11,21:00,4104,0,612,1894,416,240,0,369,11,285,0,0,0,550,0,0,-1,-272,0,4104
2026/02/11,21:30,3976,0,534,1872,366,240,0,341,11,285,0,0,0,505,0,0,-6,-172,0,3976
2026/02/11,22:00,3875,0,419,1855,353,240,0,332,11,286,0,0,0,437,0,0,-6,-52,0,3875
2026/02/11,22:30,3847,0,520,1809,377,240,0,315,11,286,0,0,0,427,0,0,-6,-132,0,3847
2026/02/11,23:00,3974,0,557,1820,376,240,0,289,11,285,0,0,0,431,0,0,-6,-29,0,3974
2026/02/11,23:30,3916,0,541,1810,391,240,0,268,11,286,0,0,0,425,0,0,-11,-45,0,3916
2026/02/12,00:00,3927,0,537,1816,358,240,0,267,11,286,0,0,0,408,0,0,-5,9,0,3927
2026/02/12,00:30,3907,0,544,1809,363,240,0,269,11,285,0,0,0,414,0,0,-6,-22,0,3907
2026/02/12,01:00,3976,0,506,1813,326,240,0,289,11,285,0,0,0,440,0,0,-7,73,0,3976
2026/02/12,01:30,4026,0,509,1802,354,239,0,307,11,287,0,0,0,432,0,0,-5,90,0,4026
2026/02/12,02:00,4054,0,503,1817,354,240,0,329,11,286,0,0,0,427,0,0,-7,94,0,4054
2026/02/12,02:30,4082,0,509,1812,354,239,0,311,11,286,0,0,0,410,0,0,-5,155,0,4082
2026/02/12,03:00,4165,0,548,1832,367,239,0,309,11,286,0,0,0,400,0,0,8,165,0,4165
2026/02/12,03:30,4197,0,553,1828,366,239,0,301,11,286,0,0,0,416,0,0,11,186,0,4197
2026/02/12,04:00,4253,0,562,1853,353,239,0,308,11,285,0,0,0,403,0,0,12,227,0,4253
2026/02/12,04:30,4273,0,554,1861,354,239,0,326,11,286,0,0,0,399,0,0,11,232,0,4273
2026/02/12,05:00,4329,0,541,1887,354,239,0,339,11,285,0,0,0,399,0,0,12,262,0,4329
2026/02/12,05:30,4309,0,558,1887,354,239,0,374,11,285,0,0,0,405,0,0,0,196,0,4309
2026/02/12,06:00,4404,0,460,1900,359,238,0,492,11,285,0,0,0,402,0,78,-46,225,0,4404
2026/02/12,06:30,4362,0,353,1892,354,241,0,612,11,284,0,11,0,379,0,155,-6,76,0,4362
2026/02/12,07:00,4384,0,387,1904,355,238,0,652,11,285,0,188,0,401,0,155,-5,-187,0,4384
2026/02/12,07:30,4414,0,450,1890,354,239,0,652,11,285,0,379,0,455,0,0,-8,-293,0,4414
2026/02/12,08:00,4465,0,372,1899,356,239,0,626,11,285,0,588,0,467,0,0,-6,-372,0,4465
2026/02/12,08:30,4587,0,412,1879,351,239,0,525,11,285,0,741,0,489,0,0,-28,-317,0,4587
2026/02/12,09:00,4618,0,463,1896,349,239,0,408,11,285,0,893,0,496,0,0,-4,-418,0,4618
2026/02/12,09:30,4584,0,397,1846,327,239,0,329,11,285,0,1006,0,536,0,0,-4,-388,0,4584
2026/02/12,10:00,4478,0,361,1797,241,239,0,291,11,285,0,1098,0,570,0,0,-3,-412,0,4478
2026/02/12,10:30,4428,0,401,1687,167,239,0,271,11,284,0,1179,0,600,0,0,-3,-408,0,4428
2026/02/12,11:00,4458,0,484,1711,161,239,0,235,11,285,0,1116,0,600,0,0,-3,-381,0,4458
2026/02/12,11:30,4406,0,398,1711,162,239,0,219,11,285,0,1149,0,631,0,0,-3,-396,0,4406
2026/02/12,12:00,4304,0,358,1704,162,240,0,212,11,286,0,1115,0,644,0,0,-21,-407,0,4304
2026/02/12,12:30,4228,0,421,1646,161,239,0,212,11,286,0,1040,0,636,0,0,-16,-408,0,4228
2026/02/12,13:00,4289,0,367,1711,162,239,0,213,11,273,0,946,0,619,0,0,-46,-206,0,4289
2026/02/12,13:30,4293,0,361,1722,169,239,0,238,11,264,0,838,0,608,0,0,-15,-142,0,4293
2026/02/12,14:00,4227,0,356,1746,162,239,0,263,11,273,0,751,0,564,0,0,-17,-121,0,4227
2026/02/12,14:30,4203,0,329,1725,200,240,0,283,11,285,0,634,0,588,0,0,-17,-75,0,4203
2026/02/12,15:00,4250,0,357,1811,284,239,0,300,11,285,0,425,0,601,0,0,-5,-58,0,4250
2026/02/12,15:30,4368,0,401,1839,340,239,0,342,11,286,0,273,0,651,0,11,-5,-20,0,4368
2026/02/12,16:00,4385,0,404,1881,356,239,0,476,11,286,0,83,0,681,0,94,7,-133,0,4385
2026/02/12,16:30,4473,0,357,1862,365,241,0,531,11,286,0,9,0,693,0,95,43,-20,0,4473
2026/02/12,17:00,4585,0,367,1827,368,242,0,597,11,286,0,0,0,738,0,59,45,45,0,4585
2026/02/12,17:30,4593,0,372,1860,369,244,0,645,11,286,0,0,0,760,0,76,48,-78,0,4593
2026/02/12,18:00,4658,0,477,1902,374,249,0,622,11,285,0,0,0,747,0,158,39,-206,0,4658
2026/02/12,18:30,4678,0,545,1896,368,249,0,623,11,285,0,0,0,786,0,155,25,-265,0,4678
2026/02/12,19:00,4580,0,495,1901,372,250,0,628,11,286,0,0,0,771,0,139,-7,-266,0,4580
2026/02/12,19:30,4502,0,461,1890,367,246,0,621,11,285,0,0,0,767,0,57,-8,-195,0,4502
2026/02/12,20:00,4507,0,549,1908,366,246,0,570,11,284,0,0,0,680,0,93,-7,-193,0,4507
2026/02/12,20:30,4381,0,615,1893,400,243,0,516,11,286,0,0,0,587,0,38,-4,-204,0,4381
2026/02/12,21:00,4387,0,595,1900,406,243,0,462,11,286,0,0,0,555,0,22,-7,-86,0,4387
2026/02/12,21:30,4279,0,564,1888,367,242,0,392,11,286,0,0,0,545,0,23,-6,-33,0,4279
2026/02/12,22:00,4161,0,553,1886,364,243,0,376,11,285,0,0,0,488,0,10,-6,-49,0,4161
2026/02/12,22:30,4071,0,515,1837,373,242,0,347,11,286,0,0,0,499,0,0,-6,-33,0,4071
2026/02/12,23:00,4181,0,543,1833,370,243,0,310,11,286,0,0,0,512,0,0,-6,79,0,4181
2026/02/12,23:30,4085,0,504,1809,365,242,0,298,11,286,0,0,0,534,0,0,-7,43,0,4085
2026/02/13,00:00,4049,0,489,1806,365,243,0,287,11,286,0,0,0,496,0,0,-8,74,0,4049
2026/02/13,00:30,4029,0,526,1813,410,243,0,289,11,286,0,0,0,456,0,0,-6,1,0,4029
2026/02/13,01:00,4094,0,527,1819,367,243,0,290,11,285,0,0,0,486,0,0,-6,72,0,4094
2026/02/13,01:30,4120,0,526,1811,364,241,0,303,11,286,0,0,0,524,0,0,-6,60,0,4120
2026/02/13,02:00,4161,0,441,1821,364,243,0,316,11,286,0,0,0,561,0,0,-7,125,0,4161
2026/02/13,02:30,4209,0,395,1815,364,242,0,332,11,285,0,0,0,604,0,0,-6,167,0,4209
2026/02/13,03:00,4282,0,445,1824,364,243,0,338,11,285,0,0,0,621,0,0,-5,156,0,4282
2026/02/13,03:30,4326,0,468,1813,364,242,0,329,11,284,0,0,0,674,0,0,-5,146,0,4326
2026/02/13,04:00,4393,0,430,1829,364,242,0,325,11,285,0,0,0,694,0,56,-4,161,0,4393
2026/02/13,04:30,4395,0,348,1821,364,243,0,327,11,284,0,0,0,766,0,56,-4,179,0,4395
2026/02/13,05:00,4379,0,323,1836,364,243,0,331,11,284,0,0,0,732,0,62,-4,197,0,4379
2026/02/13,05:30,4365,0,409,1848,364,242,0,368,11,284,0,0,0,634,0,62,-5,148,0,4365
2026/02/13,06:00,4437,0,446,1876,364,243,0,477,11,285,0,0,0,567,0,76,-6,98,0,4437
2026/02/13,06:30,4413,0,561,1887,385,242,0,608,11,284,0,10,0,485,0,95,-4,-151,0,4413
2026/02/13,07:00,4443,0,457,1901,383,243,0,623,11,285,0,184,0,476,0,172,24,-316,0,4443
2026/02/13,07:30,4433,0,442,1885,364,242,0,525,11,284,0,391,0,484,0,181,-6,-370,0,4433
2026/02/13,08:00,4456,0,394,1895,366,242,0,486,11,284,0,579,0,489,0,71,-8,-353,0,4456
2026/02/13,08:30,4552,0,342,1755,362,240,0,456,11,284,0,783,0,536,0,96,-30,-283,0,4552
2026/02/13,09:00,4653,0,415,1879,295,221,0,352,11,284,0,996,0,526,0,81,4,-411,0,4653
2026/02/13,09:30,4643,0,438,1854,207,218,0,309,11,283,0,1143,0,537,0,0,-7,-350,0,4643
2026/02/13,10:00,4499,0,309,1759,133,218,0,269,11,283,0,1197,0,520,0,0,-6,-194,0,4499
2026/02/13,10:30,4445,0,301,1526,119,217,0,250,11,285,0,1213,0,557,0,0,-6,-28,0,4445
2026/02/13,11:00,4462,0,309,1556,119,225,0,215,11,285,0,1200,0,504,0,0,-5,43,0,4462
2026/02/13,11:30,4508,0,479,1641,126,225,0,211,11,286,0,1090,0,497,0,1,-5,-54,0,4508
2026/02/13,12:00,4564,0,502,1701,170,225,0,200,11,285,0,1042,0,474,0,7,-16,-37,0,4564
2026/02/13,12:30,4522,0,541,1711,172,239,0,205,11,286,0,883,0,461,0,0,-38,51,0,4522
2026/02/13,13:00,4603,0,529,1789,172,249,0,210,11,272,0,716,0,440,0,7,-16,224,0,4603
2026/02/13,13:30,4625,0,591,1798,184,248,0,228,11,263,0,618,0,402,0,31,-9,260,0,4625
2026/02/13,14:00,4599,0,634,1826,233,249,0,255,11,270,0,466,0,346,0,52,-11,268,0,4599
2026/02/13,14:30,4545,0,635,1815,237,252,0,295,11,283,0,352,0,343,0,78,-10,254,0,4545
2026/02/13,15:00,4547,0,643,1842,305,249,0,361,11,284,0,240,0,309,0,46,-3,260,0,4547
2026/02/13,15:30,4623,0,624,1851,307,249,0,542,11,284,0,119,0,277,0,94,-5,270,0,4623
2026/02/13,16:00,4497,0,606,1878,290,246,0,591,11,285,0,39,0,251,0,31,5,264,0,4497
2026/02/13,16:30,4529,0,518,1884,303,246,0,609,10,285,0,5,0,260,0,119,38,252,0,4529
2026/02/13,17:00,4591,0,525,1901,309,253,0,648,11,285,0,0,0,256,0,261,42,100,0,4591
2026/02/13,17:30,4571,0,538,1887,308,254,0,668,11,286,0,0,0,294,0,255,45,25,0,4571
2026/02/13,18:00,4541,0,576,1899,320,256,0,682,11,285,0,0,0,299,0,191,34,-12,0,4541
2026/02/13,18:30,4487,0,530,1892,340,256,0,682,11,285,0,0,0,314,0,162,32,-17,0,4487
2026/02/13,19:00,4361,0,575,1894,348,254,0,508,11,285,0,0,0,274,0,152,-4,64,0,4361
2026/02/13,19:30,4267,0,577,1886,242,251,0,418,10,285,0,0,0,300,0,134,-6,170,0,4267
2026/02/13,20:00,4218,0,552,1894,174,249,0,367,10,285,0,0,0,322,0,150,-6,221,0,4218
2026/02/13,20:30,4098,0,532,1882,209,250,0,366,10,284,0,0,0,321,0,61,-6,189,0,4098
2026/02/13,21:00,4101,0,559,1893,206,249,0,342,11,286,0,0,0,279,0,57,-6,225,0,4101
2026/02/13,21:30,4001,0,583,1885,262,248,0,319,11,284,0,0,0,273,0,0,-5,141,0,4001
2026/02/13,22:00,3944,0,549,1892,219,249,0,315,11,284,0,0,0,250,0,0,-6,181,0,3944
2026/02/13,22:30,3844,0,518,1879,219,249,0,283,11,284,0,0,0,250,0,0,-6,157,0,3844
2026/02/13,23:00,4007,0,575,1877,250,249,0,279,11,285,0,0,0,260,0,0,-6,227,0,4007
2026/02/13,23:30,3931,0,574,1868,267,249,0,275,11,285,0,0,0,269,0,0,-14,147,0,3931
2026/02/14,00:00,3895,0,549,1874,260,242,0,284,16,286,0,0,0,228,0,57,-5,104,0,3895
2026/02/14,00:30,3837,0,544,1859,261,242,0,304,16,285,0,0,0,215,0,0,-4,115,0,3837
2026/02/14,01:00,3915,0,551,1826,257,242,0,269,16,285,0,0,0,193,0,0,-3,279,0,3915
2026/02/14,01:30,3963,0,561,1795,258,243,0,285,16,286,0,0,0,205,0,0,5,309,0,3963
2026/02/14,02:00,4032,0,557,1770,261,241,0,311,16,286,0,0,0,246,0,79,8,257,0,4032
2026/02/14,02:30,4072,0,505,1762,220,239,0,313,16,286,0,0,0,305,0,153,-3,276,0,4072
2026/02/14,03:00,4112,0,433,1773,179,239,0,346,16,286,0,0,0,315,0,183,-6,348,0,4112
2026/02/14,03:30,4124,0,459,1768,166,240,0,373,16,287,0,0,0,335,0,187,-6,299,0,4124
2026/02/14,04:00,4196,0,504,1775,166,242,0,393,16,286,0,0,0,355,0,178,-6,287,0,4196
2026/02/14,04:30,4180,0,544,1768,183,240,0,364,16,287,0,0,0,348,0,188,-6,248,0,4180
2026/02/14,05:00,4198,0,529,1776,246,239,0,376,16,286,0,0,0,343,0,154,-7,240,0,4198
2026/02/14,05:30,4128,0,555,1767,220,239,0,381,16,286,0,0,0,312,0,142,-5,215,0,4128
2026/02/14,06:00,4106,0,576,1776,220,241,0,361,16,285,0,0,0,298,0,168,19,146,0,4106
2026/02/14,06:30,3970,0,527,1765,182,242,0,365,16,286,0,10,0,314,0,95,1,167,0,3970
2026/02/14,07:00,4019,0,590,1780,196,242,0,365,16,286,0,161,0,286,0,12,41,44,0,4019
2026/02/14,07:30,4139,0,649,1766,181,242,0,341,16,285,0,286,0,296,0,163,-5,-81,0,4139
2026/02/14,08:00,4205,0,657,1777,182,242,0,338,16,284,0,453,0,285,0,70,-6,-93,0,4205
2026/02/14,08:30,4225,0,597,1749,132,241,0,323,16,285,0,605,0,267,0,17,-5,-2,0,4225
2026/02/14,09:00,4190,0,467,1751,119,241,0,297,16,285,0,734,0,254,0,5,-6,27,0,4190
2026/02/14,09:30,4096,0,319,1632,75,239,0,297,15,285,0,893,0,264,0,0,-8,85,0,4096
2026/02/14,10:00,3936,0,316,1472,65,240,0,278,15,285,0,1052,0,197,0,-122,-7,145,0,3936
2026/02/14,10:30,3838,0,327,1329,64,227,0,272,16,285,0,1175,0,147,0,-218,-7,221,0,3838
2026/02/14,11:00,3885,0,424,1372,63,208,0,218,16,285,0,1279,0,93,0,-211,-46,184,0,3885
2026/02/14,11:30,3801,0,332,1309,63,200,0,209,16,286,0,1314,0,77,0,-211,-48,254,0,3801
2026/02/14,12:00,3756,0,314,1216,61,202,0,204,16,286,0,1333,0,64,0,-211,-56,327,0,3756
2026/02/14,12:30,3598,0,310,1107,61,203,0,201,16,286,0,1271,0,50,0,-214,-15,322,0,3598
2026/02/14,13:00,3494,0,312,1124,61,202,0,207,16,273,0,1164,0,39,0,-209,-14,319,0,3494
2026/02/14,13:30,3458,0,337,1174,61,217,0,207,16,265,0,1060,0,36,0,-211,-15,311,0,3458
2026/02/14,14:00,3378,0,382,1210,60,243,0,210,16,276,0,900,0,32,0,-208,-15,272,0,3378
2026/02/14,14:30,3342,0,426,1186,60,247,0,211,15,286,0,701,0,29,0,-64,-15,260,0,3342
2026/02/14,15:00,3400,0,457,1422,91,249,0,232,15,286,0,485,0,29,0,0,-5,139,0,3400
2026/02/14,15:30,3496,0,549,1549,131,248,0,233,16,282,0,278,0,40,0,7,-6,169,0,3496
2026/02/14,16:00,3557,0,604,1609,129,249,0,297,16,283,0,97,0,45,0,20,-4,212,0,3557
2026/02/14,16:30,3725,0,533,1661,154,251,0,329,16,284,0,11,0,78,0,9,35,364,0,3725
2026/02/14,17:00,3923,0,539,1712,210,252,0,394,16,285,0,0,0,105,0,0,41,369,0,3923
2026/02/14,17:30,3999,0,493,1747,274,252,0,411,16,284,0,0,0,156,0,0,34,332,0,3999
2026/02/14,18:00,4028,0,439,1773,227,251,0,467,15,280,0,0,0,193,0,0,33,350,0,4028
2026/02/14,18:30,3996,0,441,1769,217,252,0,482,15,271,0,0,0,258,0,22,41,228,0,3996
2026/02/14,19:00,3952,0,522,1776,233,251,0,469,15,264,0,0,0,273,0,45,4,100,0,3952
2026/02/14,19:30,3906,0,539,1753,283,250,0,474,16,262,0,0,0,291,0,11,5,22,0,3906
2026/02/14,20:00,3902,0,511,1775,271,248,0,448,16,262,0,0,0,290,0,54,4,23,0,3902
2026/02/14,20:30,3786,0,520,1760,306,249,0,438,16,262,0,0,0,296,0,0,-5,-56,0,3786
2026/02/14,21:00,3756,0,530,1780,234,248,0,334,16,261,0,0,0,308,0,72,-5,-22,0,3756
2026/02/14,21:30,3662,0,562,1770,215,247,0,304,16,260,0,0,0,334,0,43,-6,-83,0,3662
2026/02/14,22:00,3581,0,577,1770,213,247,0,268,16,262,0,0,0,339,0,0,-6,-105,0,3581
2026/02/14,22:30,3491,0,510,1759,221,249,0,248,15,262,0,0,0,371,0,0,-4,-140,0,3491
2026/02/14,23:00,3640,0,509,1774,194,249,0,236,15,262,0,0,0,443,0,0,-2,-40,0,3640
2026/02/14,23:30,3592,0,541,1772,133,249,0,230,15,262,0,0,0,489,0,47,-4,-142,0,3592
2026/02/15,00:00,3606,0,536,1770,118,239,0,221,15,262,0,0,0,471,0,33,-1,-58,0,3606
2026/02/15,00:30,3620,0,536,1770,112,239,0,232,15,262,0,0,0,475,0,60,-1,-80,0,3620
2026/02/15,01:00,3647,0,464,1775,111,240,0,254,16,261,0,0,0,491,0,58,-6,-17,0,3647
2026/02/15,01:30,3673,0,394,1759,111,241,0,275,16,261,0,0,0,544,0,59,-6,19,0,3673
2026/02/15,02:00,3745,0,421,1770,111,242,0,278,15,262,0,0,0,562,0,59,-4,29,0,3745
2026/02/15,02:30,3773,0,445,1765,111,241,0,282,15,262,0,0,0,605,0,43,-5,9,0,3773
2026/02/15,03:00,3841,0,532,1778,117,242,0,293,15,262,0,0,0,590,0,0,-7,19,0,3841
2026/02/15,03:30,3873,0,468,1766,112,242,0,349,15,263,0,0,0,584,0,101,-6,-21,0,3873
2026/02/15,04:00,3890,0,460,1774,82,241,0,361,15,262,0,0,0,578,0,121,-6,2,0,3890
2026/02/15,04:30,3876,0,489,1766,58,242,0,375,16,262,0,0,0,577,0,120,-6,-23,0,3876
2026/02/15,05:00,3859,0,484,1766,58,241,0,345,16,262,0,0,0,560,0,118,-7,16,0,3859
2026/02/15,05:30,3825,0,533,1764,58,242,0,341,16,262,0,0,0,545,0,128,-6,-58,0,3825
2026/02/15,06:00,3767,0,492,1771,56,242,0,353,16,263,0,0,0,541,0,119,-6,-80,0,3767
2026/02/15,06:30,3683,0,502,1750,73,242,0,350,16,262,0,17,0,508,0,121,-6,-152,0,3683
2026/02/15,07:00,3716,0,581,1708,121,242,0,362,16,262,0,147,0,464,0,118,-6,-299,0,3716
2026/02/15,07:30,3772,0,642,1654,174,241,0,351,15,262,0,248,0,478,0,37,-7,-323,0,3772
2026/02/15,08:00,3834,0,590,1622,153,241,0,349,16,263,0,351,0,457,0,15,-5,-218,0,3834
2026/02/15,08:30,3862,0,510,1557,113,241,0,321,16,263,0,434,0,456,0,0,-14,-35,0,3862
2026/02/15,09:00,3893,0,509,1559,109,229,0,269,16,263,0,514,0,451,0,0,-6,-20,0,3893
2026/02/15,09:30,3841,0,491,1456,109,203,0,254,16,262,0,652,0,461,0,-148,-1,86,0,3841
2026/02/15,10:00,3759,0,487,1488,107,194,0,207,16,262,0,737,0,424,0,-218,-6,61,0,3759
2026/02/15,10:30,3737,0,499,1424,62,197,0,197,16,262,0,781,0,447,0,-205,-3,60,0,3737
2026/02/15,11:00,3752,0,423,1348,56,196,0,182,16,263,0,781,0,467,0,-200,-3,223,0,3752
2026/02/15,11:30,3790,0,442,1250,56,196,0,187,16,262,0,782,0,492,0,-207,-4,318,0,3790
2026/02/15,12:00,3784,0,449,1307,56,197,0,198,16,263,0,723,0,513,0,-214,-43,319,0,3784
2026/02/15,12:30,3710,0,373,1326,56,197,0,196,16,263,0,682,0,521,0,-220,-13,313,0,3710
2026/02/15,13:00,3665,0,327,1395,56,197,0,201,16,252,0,621,0,524,0,-218,-14,308,0,3665
2026/02/15,13:30,3617,0,301,1442,56,197,0,202,16,242,0,538,0,543,0,-213,-15,308,0,3617
2026/02/15,14:00,3567,0,310,1456,56,197,0,202,16,249,0,420,0,601,0,-211,-14,285,0,3567
2026/02/15,14:30,3621,0,388,1595,56,196,0,219,16,263,0,297,0,581,0,-221,-15,246,0,3621
2026/02/15,15:00,3688,0,420,1645,56,210,0,228,16,263,0,184,0,566,0,-194,-4,298,0,3688
2026/02/15,15:30,3798,0,416,1633,81,235,0,254,16,263,0,102,0,543,0,-14,-5,274,0,3798
2026/02/15,16:00,3742,0,369,1643,109,241,0,290,16,264,0,32,0,551,0,0,-4,231,0,3742
2026/02/15,16:30,3834,0,369,1658,109,241,0,338,16,263,0,4,0,567,0,22,33,214,0,3834
2026/02/15,17:00,4011,0,586,1703,131,245,0,389,16,263,0,0,0,529,0,36,33,80,0,4011
2026/02/15,17:30,4049,0,607,1701,113,245,0,414,16,263,0,1,0,564,0,23,35,67,0,4049
2026/02/15,18:00,4072,0,635,1728,142,244,0,479,16,263,0,0,0,531,0,32,33,-31,0,4072
2026/02/15,18:30,4070,0,638,1743,127,245,0,484,16,262,0,0,0,538,0,25,39,-47,0,4070
2026/02/15,19:00,4001,0,643,1775,116,245,0,485,16,263,0,0,0,471,0,22,6,-41,0,4001
2026/02/15,19:30,3941,0,639,1769,133,244,0,469,16,263,0,0,0,408,0,22,7,-29,0,3941
2026/02/15,20:00,3918,0,652,1775,171,244,0,460,16,263,0,0,0,343,0,48,6,-60,0,3918
2026/02/15,20:30,3832,0,653,1770,164,243,0,399,15,262,0,0,0,327,0,94,-6,-89,0,3832
2026/02/15,21:00,3837,0,657,1775,171,242,0,330,15,262,0,0,0,316,0,97,-6,-22,0,3837
2026/02/15,21:30,3743,0,657,1750,171,242,0,309,16,262,0,0,0,331,0,23,-6,-12,0,3743
2026/02/15,22:00,3729,0,657,1735,172,242,0,285,16,263,0,0,0,310,0,67,-6,-12,0,3729
2026/02/15,22:30,3655,0,640,1703,170,240,0,249,16,263,0,0,0,337,0,40,-5,2,0,3655
2026/02/15,23:00,3828,0,640,1693,167,241,0,237,16,263,0,0,0,347,0,43,-6,187,0,3828
2026/02/15,23:30,3750,0,639,1685,161,242,0,227,16,263,0,0,0,356,0,17,-7,151,0,3750
2026/02/16,00:00,3701,0,522,1694,114,241,0,218,16,263,0,0,0,353,0,21,-7,266,0,3701
2026/02/16,00:30,3633,0,489,1684,109,241,0,216,16,262,0,0,0,357,0,6,-5,258,0,3633
2026/02/16,01:00,3728,0,510,1697,109,242,0,232,16,262,0,0,0,368,0,0,-5,297,0,3728
2026/02/16,01:30,3756,0,492,1710,109,242,0,254,16,263,0,0,0,378,0,0,-5,297,0,3756
2026/02/16,02:00,3844,0,416,1737,109,242,0,255,16,262,0,0,0,439,0,0,-4,372,0,3844
2026/02/16,02:30,3912,0,467,1744,109,241,0,263,16,263,0,0,0,441,0,0,-4,372,0,3912
2026/02/16,03:00,3983,0,497,1768,109,240,0,291,16,262,0,0,0,433,0,0,-5,372,0,3983
2026/02/16,03:30,4015,0,519,1768,109,238,0,320,16,263,0,0,0,405,0,0,-6,383,0,4015
2026/02/16,04:00,4141,0,541,1765,109,210,0,492,16,263,0,0,0,370,0,0,-6,381,0,4141
2026/02/16,04:30,4189,0,548,1754,110,189,0,537,16,263,0,0,0,393,0,0,-6,385,0,4189
2026/02/16,05:00,4285,0,596,1752,131,204,0,556,16,263,0,0,0,396,0,0,-6,377,0,4285
2026/02/16,05:30,4311,0,524,1748,109,232,0,548,16,263,0,0,0,474,0,36,-6,367,0,4311
2026/02/16,06:00,4393,0,491,1782,109,241,0,436,16,263,0,1,0,510,0,208,-6,342,0,4393
2026/02/16,06:30,4363,0,572,1785,113,242,0,403,16,262,0,38,0,499,0,197,-6,242,0,4363
2026/02/16,07:00,4419,0,538,1785,114,243,0,376,16,263,0,234,0,498,0,195,-5,162,0,4419
2026/02/16,07:30,4515,0,509,1774,110,243,0,381,16,262,0,445,0,510,0,193,-6,78,0,4515
2026/02/16,08:00,4597,0,565,1790,116,243,0,337,16,262,0,600,0,482,0,133,-5,58,0,4597
2026/02/16,08:30,4709,0,486,1770,113,243,0,318,16,261,0,798,0,527,0,63,-6,120,0,4709
2026/02/16,09:00,4759,0,503,1782,112,242,0,305,16,262,0,944,0,503,0,10,-6,86,0,4759
2026/02/16,09:30,4671,0,450,1752,112,241,0,301,16,262,0,1032,0,481,0,0,-6,30,0,4671
2026/02/16,10:00,4504,0,378,1686,87,242,0,251,16,262,0,1092,0,417,0,0,-3,76,0,4504
2026/02/16,10:30,4420,0,330,1482,59,242,0,229,16,261,0,1197,0,404,0,0,-6,206,0,4420
2026/02/16,11:00,4436,0,365,1447,59,242,0,209,16,262,0,1240,0,398,0,-121,-4,323,0,4436
2026/02/16,11:30,4326,0,425,1540,62,242,0,207,16,262,0,1133,0,400,0,-229,-6,274,0,4326
2026/02/16,12:00,4192,0,361,1552,68,242,0,208,16,263,0,1025,0,401,0,-228,-15,299,0,4192
2026/02/16,12:30,4136,0,342,1670,68,242,0,213,16,263,0,956,0,402,0,-228,-13,205,0,4136
2026/02/16,13:00,4263,0,486,1757,68,242,0,225,15,248,0,827,0,399,0,-130,-14,140,0,4263
2026/02/16,13:30,4279,0,467,1795,107,240,0,229,15,241,0,754,0,360,0,2,-15,84,0,4279
2026/02/16,14:00,4208,0,442,1837,121,216,0,278,16,253,0,675,0,324,0,0,-14,60,0,4208
2026/02/16,14:30,4178,0,396,1859,126,197,0,300,16,262,0,577,0,320,0,0,-14,139,0,4178
2026/02/16,15:00,4224,0,437,1892,145,211,0,328,16,262,0,428,0,328,0,0,-7,184,0,4224
2026/02/16,15:30,4334,0,634,1814,178,239,0,366,16,262,0,269,0,330,0,72,-6,160,0,4334
2026/02/16,16:00,4298,0,649,1842,198,242,0,425,16,264,0,105,0,294,0,96,-5,172,0,4298
2026/02/16,16:30,4414,0,649,1810,195,244,0,511,16,265,0,17,0,310,0,87,33,277,0,4414
2026/02/16,17:00,4498,0,656,1747,178,242,0,637,16,268,0,0,0,311,0,35,33,375,0,4498
2026/02/16,17:30,4520,0,583,1834,185,218,0,683,16,274,0,2,0,299,0,22,34,370,0,4520
2026/02/16,18:00,4525,0,469,1899,177,202,0,719,16,278,0,0,0,274,0,66,44,381,0,4525
2026/02/16,18:30,4515,0,539,1891,198,196,0,665,16,278,0,0,0,267,0,66,51,348,0,4515
2026/02/16,19:00,4410,0,586,1893,224,198,0,667,16,278,0,0,0,225,0,60,0,263,0,4410
2026/02/16,19:30,4346,0,545,1880,205,197,0,628,16,277,0,0,0,213,0,60,2,323,0,4346
2026/02/16,20:00,4348,0,590,1894,308,194,0,507,16,277,0,0,0,174,0,60,-4,332,0,4348
2026/02/16,20:30,4242,0,573,1890,240,207,0,463,16,276,0,0,0,162,0,40,-5,380,0,4242
2026/02/16,21:00,4269,0,614,1897,246,199,0,393,16,277,0,0,0,148,0,96,-7,390,0,4269
2026/02/16,21:30,4143,0,597,1890,244,193,0,385,16,276,0,0,0,152,0,23,-7,374,0,4143
2026/02/16,22:00,4056,0,590,1898,213,192,0,368,16,278,0,0,0,141,0,0,-7,367,0,4056
2026/02/16,22:30,3920,0,498,1888,204,191,0,347,16,283,0,0,0,154,0,0,-6,345,0,3920
2026/02/16,23:00,4026,0,540,1892,266,193,0,329,16,285,0,0,0,161,0,0,-7,351,0,4026
2026/02/16,23:30,3936,0,524,1886,199,193,0,316,16,286,0,0,0,165,0,0,-7,358,0,3936
2026/02/17,00:00,3906,0,503,1875,197,208,0,299,16,286,0,0,0,148,0,0,-5,379,0,3906
2026/02/17,00:30,3880,0,455,1846,177,239,0,310,16,286,0,0,0,176,0,0,-5,380,0,3880
2026/02/17,01:00,3952,0,512,1856,145,246,0,324,16,285,0,0,0,156,0,22,-4,394,0,3952
2026/02/17,01:30,3986,0,501,1845,145,245,0,343,16,286,0,0,0,167,0,63,-5,380,0,3986
2026/02/17,02:00,4008,0,479,1845,146,242,0,367,16,287,0,0,0,173,0,63,-3,393,0,4008
2026/02/17,02:30,4064,0,499,1842,145,241,0,378,16,286,0,0,0,197,0,62,-4,402,0,4064
2026/02/17,03:00,4118,0,517,1866,160,246,0,380,16,287,0,0,0,186,0,77,-7,390,0,4118
2026/02/17,03:30,4180,0,495,1872,193,246,0,438,16,287,0,0,0,195,0,42,-7,403,0,4180
2026/02/17,04:00,4249,0,544,1888,197,246,0,496,16,287,0,0,0,178,0,0,-6,403,0,4249
2026/02/17,04:30,4227,0,495,1884,193,230,0,512,16,287,0,0,0,223,0,0,-6,393,0,4227
2026/02/17,05:00,4268,0,490,1893,192,200,0,529,16,287,0,0,0,276,0,11,-6,380,0,4268
2026/02/17,05:30,4262,0,475,1885,155,193,0,531,16,286,0,0,0,306,0,59,-6,362,0,4262
2026/02/17,06:00,4342,0,405,1874,150,208,0,546,16,286,0,0,0,290,0,223,-6,350,0,4342
2026/02/17,06:30,4292,0,489,1888,142,238,0,467,16,286,0,39,0,287,0,265,-6,181,0,4292
2026/02/17,07:00,4257,0,545,1898,142,246,0,422,16,286,0,227,0,283,0,172,19,1,0,4257
2026/02/17,07:30,4269,0,591,1884,154,245,0,405,16,286,0,452,0,316,0,112,-6,-186,0,4269
2026/02/17,08:00,4333,0,581,1892,144,253,0,352,16,286,0,730,0,339,0,34,-5,-289,0,4333
2026/02/17,08:30,4391,0,503,1853,147,253,0,345,16,285,0,962,0,346,0,12,-5,-326,0,4391
2026/02/17,09:00,4334,0,416,1791,117,253,0,325,16,286,0,1105,0,377,0,0,-6,-346,0,4334
2026/02/17,09:30,4272,0,340,1670,95,252,0,318,16,286,0,1262,0,406,0,0,-6,-367,0,4272
2026/02/17,10:00,4189,0,339,1656,95,252,0,262,16,286,0,1347,0,461,0,0,-6,-519,0,4189
2026/02/17,10:30,4239,0,320,1539,95,253,0,254,16,286,0,1422,0,499,0,0,-3,-442,0,4239
2026/02/17,11:00,4261,0,350,1472,95,253,0,249,16,287,0,1413,0,459,0,0,-2,-331,0,4261
2026/02/17,11:30,4211,0,333,1533,95,252,0,247,16,287,0,1407,0,460,0,0,-5,-414,0,4211
2026/02/17,12:00,4004,0,313,1404,95,253,0,254,15,287,0,1330,0,458,0,0,-60,-345,0,4004
2026/02/17,12:30,3968,0,305,1308,95,253,0,255,15,286,0,1330,0,485,0,0,-33,-331,0,3968
2026/02/17,13:00,4016,0,315,1406,95,253,0,263,15,273,0,1291,0,463,0,0,-16,-342,0,4016
2026/02/17,13:30,3904,0,301,1402,95,252,0,280,16,261,0,1169,0,510,0,0,-24,-358,0,3904
2026/02/17,14:00,3821,0,305,1420,95,252,0,303,15,271,0,972,0,528,0,0,-16,-324,0,3821
2026/02/17,14:30,3779,0,327,1519,96,253,0,312,15,284,0,809,0,557,0,0,-15,-378,0,3779
2026/02/17,15:00,3788,0,372,1685,96,252,0,352,15,284,0,609,0,540,0,0,-4,-413,0,3788
2026/02/17,15:30,3862,0,456,1768,96,252,0,367,15,285,0,364,0,491,0,0,-5,-227,0,3862
2026/02/17,16:00,4005,0,585,1861,110,253,0,413,15,286,0,131,0,468,0,16,-5,-128,0,4005
2026/02/17,16:30,4167,0,579,1868,174,254,0,482,15,287,0,24,0,470,0,19,21,-26,0,4167
2026/02/17,17:00,4246,0,441,1875,221,256,0,609,15,286,0,0,0,469,0,2,21,51,0,4246
2026/02/17,17:30,4266,0,364,1880,279,256,0,602,15,287,0,0,0,462,0,0,22,99,0,4266
2026/02/17,18:00,4279,0,377,1892,256,256,0,614,15,286,0,0,0,451,0,78,35,19,0,4279
2026/02/17,18:30,4249,0,498,1887,189,256,0,582,15,287,0,0,0,446,0,86,41,-38,0,4249
2026/02/17,19:00,4189,0,521,1896,156,256,0,543,15,286,0,0,0,496,0,45,18,-43,0,4189
2026/02/17,19:30,4091,0,513,1882,173,255,0,520,15,287,0,0,0,521,0,0,-12,-63,0,4091
2026/02/17,20:00,4044,0,484,1888,201,255,0,499,15,286,0,0,0,505,0,0,-6,-83,0,4044
2026/02/17,20:30,3944,0,542,1861,215,254,0,483,15,286,0,0,0,503,0,0,-8,-207,0,3944
2026/02/17,21:00,3919,0,562,1848,296,253,0,398,15,287,0,0,0,518,0,0,-26,-232,0,3919
2026/02/17,21:30,3805,0,573,1816,210,252,0,371,15,286,0,0,0,545,0,0,-7,-256,0,3805
2026/02/17,22:00,3728,0,481,1814,198,253,0,347,15,286,0,0,0,542,0,0,-7,-201,0,3728
2026/02/17,22:30,3628,0,508,1791,210,253,0,338,15,287,0,0,0,541,0,0,-50,-265,0,3628
2026/02/17,23:00,3752,0,428,1799,224,252,0,332,15,286,0,0,0,542,0,56,-7,-175,0,3752
2026/02/17,23:30,3720,0,579,1784,209,253,0,317,15,286,0,0,0,562,0,0,-49,-236,0,3720
2026/02/18,00:00,3698,0,532,1763,198,254,0,301,15,286,0,0,0,533,0,54,-5,-233,0,3698
2026/02/18,00:30,3682,0,533,1759,193,254,0,307,15,286,0,0,0,531,0,56,-6,-246,0,3682
2026/02/18,01:00,3746,0,483,1771,193,254,0,326,15,287,0,0,0,519,0,0,-5,-97,0,3746
2026/02/18,01:30,3790,0,489,1760,193,251,0,331,15,287,0,0,0,472,0,0,-5,-3,0,3790
2026/02/18,02:00,3820,0,550,1772,192,253,0,333,15,287,0,0,0,391,0,0,-4,31,0,3820
2026/02/18,02:30,3884,0,527,1765,197,253,0,364,15,286,0,0,0,363,0,0,-5,119,0,3884
2026/02/18,03:00,3976,0,568,1772,245,252,0,360,15,287,0,0,0,342,0,0,-30,165,0,3976
2026/02/18,03:30,3984,0,569,1762,203,253,0,359,15,287,0,0,0,322,0,0,-6,220,0,3984
2026/02/18,04:00,4054,0,507,1773,194,249,0,384,15,287,0,0,0,288,0,55,-6,308,0,4054
2026/02/18,04:30,4062,0,563,1765,207,221,0,405,15,287,0,0,0,268,0,57,-5,279,0,4062
2026/02/18,05:00,4106,0,495,1775,199,200,0,479,15,287,0,0,0,305,0,0,-6,357,0,4106
2026/02/18,05:30,4088,0,497,1768,192,215,0,492,15,287,0,0,0,309,0,41,-6,278,0,4088
2026/02/18,06:00,4148,0,383,1774,156,246,0,512,15,287,0,1,0,300,0,113,-5,366,0,4148
2026/02/18,06:30,4100,0,503,1768,105,253,0,496,15,287,0,46,0,234,0,151,-8,250,0,4100
2026/02/18,07:00,4080,0,487,1780,164,253,0,471,15,286,0,245,0,214,0,116,-6,55,0,4080
2026/02/18,07:30,4082,0,398,1762,167,253,0,421,15,286,0,426,0,279,0,87,-6,-6,0,4082
2026/02/18,08:00,4152,0,345,1775,128,253,0,420,15,286,0,630,0,295,0,78,-1,-72,0,4152
2026/02/18,08:30,4280,0,362,1687,95,254,0,425,15,286,0,843,0,357,0,62,-7,-99,0,4280
2026/02/18,09:00,4307,0,337,1719,95,239,0,399,15,285,0,928,0,360,0,56,-5,-121,0,4307
2026/02/18,09:30,4265,0,324,1619,95,213,0,330,15,286,0,1088,0,416,0,0,-4,-117,0,4265
2026/02/18,10:00,4243,0,376,1583,95,207,0,256,15,285,0,1115,0,403,0,0,-5,-87,0,4243
2026/02/18,10:30,4255,0,389,1489,96,207,0,252,16,284,0,1208,0,428,0,0,-2,-112,0,4255
2026/02/18,11:00,4305,0,339,1291,101,207,0,252,16,286,0,1219,0,423,0,0,-3,174,0,4305
2026/02/18,11:30,4285,0,365,1300,102,207,0,250,15,286,0,1173,0,418,0,-130,-2,301,0,4285
2026/02/18,12:00,4264,0,362,1427,102,208,0,252,15,287,0,1078,0,389,0,-222,-20,386,0,4264
2026/02/18,12:30,4190,0,355,1516,105,208,0,252,15,286,0,924,0,394,0,-227,-36,398,0,4190
2026/02/18,13:00,4320,0,451,1648,152,207,0,255,15,275,0,769,0,399,0,-227,-14,390,0,4320
2026/02/18,13:30,4280,0,508,1698,154,207,0,261,15,266,0,590,0,405,0,-188,-15,379,0,4280
2026/02/18,14:00,4179,0,351,1722,153,221,0,285,15,279,0,442,0,427,0,-3,-14,301,0,4179
2026/02/18,14:30,4149,0,325,1661,153,246,0,316,15,287,0,328,0,497,0,0,-16,337,0,4149
2026/02/18,15:00,4117,0,353,1534,152,252,0,362,15,287,0,283,0,511,0,0,-4,372,0,4117
2026/02/18,15:30,4231,0,380,1617,152,252,0,496,15,288,0,149,0,493,0,0,-4,393,0,4231
2026/02/18,16:00,4168,0,382,1706,148,253,0,570,15,286,0,36,0,475,0,32,-5,270,0,4168
2026/02/18,16:30,4246,0,349,1756,148,254,0,605,15,280,0,6,0,491,0,116,-5,231,0,4246
2026/02/18,17:00,4368,0,428,1779,148,256,0,629,15,275,0,0,0,478,0,124,44,192,0,4368
2026/02/18,17:30,4400,0,535,1770,160,253,0,626,15,274,0,0,0,493,0,98,44,132,0,4400
2026/02/18,18:00,4403,0,539,1785,197,226,0,643,15,274,0,0,0,507,0,63,56,98,0,4403
2026/02/18,18:30,4381,0,523,1773,190,207,0,645,15,274,0,0,0,519,0,63,48,124,0,4381
2026/02/18,19:00,4311,0,573,1775,247,223,0,606,15,273,0,0,0,466,0,57,8,68,0,4311
2026/02/18,19:30,4243,0,574,1768,217,250,0,555,15,274,0,0,0,456,0,25,9,100,0,4243
2026/02/18,20:00,4233,0,536,1777,200,255,0,514,15,273,0,0,0,443,0,72,-7,155,0,4233
2026/02/18,20:30,4113,0,598,1767,208,250,0,461,15,274,0,0,0,442,0,21,-7,84,0,4113
2026/02/18,21:00,4095,0,611,1775,226,222,0,389,15,274,0,0,0,442,0,7,-6,140,0,4095
2026/02/18,21:30,3965,0,540,1771,200,219,0,364,15,273,0,0,0,486,0,0,-7,104,0,3965
2026/02/18,22:00,3868,0,391,1776,198,249,0,352,16,273,0,0,0,533,0,0,-4,84,0,3868
2026/02/18,22:30,3806,0,372,1744,204,253,0,343,16,273,0,0,0,563,0,0,-6,44,0,3806
2026/02/18,23:00,3933,0,469,1766,220,253,0,329,16,274,0,0,0,594,0,0,-3,15,0,3933
2026/02/18,23:30,3897,0,389,1768,183,253,0,301,16,274,0,0,0,676,0,48,-5,-6,0,3897
2026/02/19,00:00,3871,0,413,1764,145,251,0,299,16,274,0,0,0,741,0,0,-6,-26,0,3871
2026/02/19,00:30,3819,0,391,1762,145,251,0,301,16,274,0,0,0,760,0,0,-4,-77,0,3819
2026/02/19,01:00,3912,0,351,1768,126,251,0,322,16,276,0,0,0,789,0,0,-4,17,0,3912
2026/02/19,01:30,4040,0,411,1761,92,251,0,356,16,279,0,0,0,797,0,0,-3,80,0,4040
2026/02/19,02:00,4153,0,456,1778,108,251,0,349,16,278,0,0,0,801,0,0,-2,118,0,4153
2026/02/19,02:30,4207,0,551,1767,145,251,0,362,16,279,0,0,0,797,0,0,-4,43,0,4207
2026/02/19,03:00,4296,0,579,1773,174,251,0,370,16,279,0,0,0,781,0,0,-6,79,0,4296
2026/02/19,03:30,4336,0,573,1766,256,251,0,362,16,278,0,0,0,728,0,0,-6,112,0,4336
2026/02/19,04:00,4404,0,572,1768,279,251,0,408,16,280,0,0,0,675,0,0,-6,161,0,4404
2026/02/19,04:30,4416,0,556,1765,225,249,0,422,16,280,0,0,0,716,0,0,-5,192,0,4416
2026/02/19,05:00,4453,0,445,1775,192,252,0,425,16,280,0,0,0,760,0,13,-7,302,0,4453
2026/02/19,05:30,4429,0,458,1762,193,251,0,418,16,280,0,0,0,791,0,63,-6,203,0,4429
2026/02/19,06:00,4489,0,430,1780,194,251,0,478,16,280,0,0,0,779,0,60,-6,227,0,4489
2026/02/19,06:30,4465,0,434,1763,192,251,0,465,16,280,0,21,0,749,0,157,-4,141,0,4465
2026/02/19,07:00,4441,0,488,1778,193,251,0,459,16,280,0,80,0,744,0,139,28,-15,0,4441
2026/02/19,07:30,4499,0,528,1761,193,251,0,476,16,280,0,151,0,741,0,124,-5,-17,0,4499
2026/02/19,08:00,4619,0,561,1776,241,250,0,461,16,280,0,271,0,732,0,78,-6,-41,0,4619
2026/02/19,08:30,4693,0,598,1755,267,249,0,456,16,282,0,346,0,728,0,0,-4,0,0,4693
2026/02/19,09:00,4715,0,570,1773,220,248,0,412,16,282,0,449,0,724,0,0,-5,26,0,4715
2026/02/19,09:30,4645,0,460,1760,193,249,0,400,16,280,0,555,0,744,0,55,-5,-62,0,4645
2026/02/19,10:00,4547,0,444,1774,168,247,0,298,16,280,0,631,0,664,0,0,-6,31,0,4547
2026/02/19,10:30,4421,0,410,1741,147,249,0,260,16,279,0,661,0,601,0,0,-5,62,0,4421
2026/02/19,11:00,4477,0,374,1734,147,249,0,254,16,279,0,737,0,523,0,0,-6,170,0,4477
2026/02/19,11:30,4397,0,316,1708,147,248,0,250,16,281,0,764,0,513,0,0,-8,162,0,4397
2026/02/19,12:00,4284,0,294,1640,123,250,0,252,16,281,0,798,0,500,0,0,-28,158,0,4284
2026/02/19,12:30,4186,0,287,1485,94,249,0,255,16,282,0,772,0,518,0,0,-60,288,0,4186
2026/02/19,13:00,4293,0,287,1472,94,249,0,264,16,270,0,742,0,529,0,0,-15,385,0,4293
2026/02/19,13:30,4279,0,300,1592,94,248,0,266,16,263,0,706,0,540,0,0,-16,270,0,4279
2026/02/19,14:00,4240,0,342,1590,95,249,0,271,16,273,0,628,0,569,0,0,-15,222,0,4240
2026/02/19,14:30,4200,0,362,1568,94,248,0,275,16,286,0,541,0,581,0,0,-15,244,0,4200
2026/02/19,15:00,4252,0,363,1550,95,248,0,331,16,286,0,433,0,669,0,0,-2,263,0,4252
2026/02/19,15:30,4340,0,422,1718,95,251,0,385,16,286,0,277,0,677,0,27,-4,190,0,4340
2026/02/19,16:00,4298,0,543,1818,103,251,0,445,16,286,0,124,0,621,0,26,-5,70,0,4298
2026/02/19,16:30,4406,0,567,1802,148,252,0,473,16,286,0,31,0,626,0,60,-2,147,0,4406
2026/02/19,17:00,4504,0,514,1819,149,254,0,555,16,285,0,1,0,613,0,60,45,193,0,4504
2026/02/19,17:30,4538,0,452,1810,148,255,0,587,16,285,0,0,0,651,0,111,46,177,0,4538
2026/02/19,18:00,4543,0,498,1825,153,230,0,611,16,286,0,0,0,646,0,104,56,118,0,4543
2026/02/19,18:30,4503,0,551,1815,159,207,0,625,16,285,0,0,0,652,0,57,46,90,0,4503
2026/02/19,19:00,4385,0,608,1816,162,203,0,617,16,285,0,0,0,592,0,42,8,36,0,4385
2026/02/19,19:30,4307,0,640,1813,166,202,0,589,16,286,0,0,0,552,0,48,7,-12,0,4307
2026/02/19,20:00,4277,0,656,1818,208,200,0,497,16,286,0,0,0,517,0,32,-6,53,0,4277
2026/02/19,20:30,4181,0,639,1798,205,199,0,479,16,286,0,0,0,515,0,78,-6,-28,0,4181
2026/02/19,21:00,4173,0,621,1775,236,198,0,425,16,286,0,0,0,492,0,73,-5,56,0,4173
2026/02/19,21:30,4049,0,589,1765,243,198,0,402,16,285,0,0,0,491,0,74,-2,-12,0,4049
2026/02/19,22:00,3983,0,570,1777,206,198,0,354,16,285,0,0,0,463,0,77,1,36,0,3983
2026/02/19,22:30,3905,0,543,1762,198,198,0,343,16,286,0,0,0,492,0,58,-3,12,0,3905
2026/02/19,23:00,4064,0,566,1773,231,198,0,311,16,285,0,0,0,518,0,15,-7,158,0,4064
2026/02/19,23:30,3984,0,543,1770,231,198,0,296,16,286,0,0,0,547,0,0,-8,105,0,3984
2026/02/20,00:00,3947,0,445,1773,197,213,0,300,16,285,0,0,0,510,0,0,-4,212,0,3947
2026/02/20,00:30,3925,0,403,1763,198,244,0,297,16,285,0,0,0,507,0,0,-4,216,0,3925
2026/02/20,01:00,4011,0,469,1774,198,250,0,314,16,284,0,0,0,489,0,0,-3,220,0,4011
2026/02/20,01:30,4079,0,454,1766,197,251,0,348,16,286,0,0,0,483,0,57,-4,225,0,4079
2026/02/20,02:00,4114,0,491,1770,197,247,0,354,16,285,0,0,0,456,0,57,-3,244,0,4114
2026/02/20,02:30,4160,0,572,1767,197,219,0,370,16,284,0,0,0,425,0,60,-4,254,0,4160
2026/02/20,03:00,4242,0,592,1777,197,198,0,379,16,267,0,0,0,360,0,68,-6,394,0,4242
2026/02/20,03:30,4296,0,563,1761,171,198,0,392,16,252,0,0,0,343,0,218,-5,387,0,4296
2026/02/20,04:00,4375,0,616,1781,152,198,0,385,16,239,0,0,0,313,0,274,-6,407,0,4375
2026/02/20,04:30,4379,0,603,1767,145,199,0,388,16,230,0,0,0,299,0,337,-6,401,0,4379
2026/02/20,05:00,4442,0,629,1775,187,199,0,418,16,216,0,0,0,271,0,341,-7,397,0,4442
2026/02/20,05:30,4414,0,637,1770,161,215,0,490,16,216,0,0,0,252,0,262,-5,400,0,4414
2026/02/20,06:00,4467,0,647,1776,165,245,0,550,16,215,0,1,0,182,0,265,-6,411,0,4467
2026/02/20,06:30,4403,0,603,1771,163,252,0,653,16,216,0,63,0,137,0,153,-7,383,0,4403
2026/02/20,07:00,4348,0,550,1787,181,250,0,498,16,216,0,314,0,123,0,155,5,253,0,4348
2026/02/20,07:30,4276,0,533,1771,196,250,0,422,16,216,0,579,0,130,0,82,-6,87,0,4276
2026/02/20,08:00,4302,0,502,1779,198,250,0,402,16,216,0,867,0,119,0,0,-5,-42,0,4302
2026/02/20,08:30,4394,0,447,1767,167,249,0,379,16,216,0,1130,0,119,0,0,-5,-91,0,4394
2026/02/20,09:00,4517,0,384,1767,146,247,0,349,16,217,0,1427,0,117,0,0,-6,-147,0,4517
2026/02/20,09:30,4463,0,306,1638,141,235,0,333,16,216,0,1577,0,124,0,0,-6,-117,0,4463
2026/02/20,10:00,4421,0,351,1552,95,209,0,280,15,216,0,1699,0,107,0,0,-6,-97,0,4421
2026/02/20,10:30,4305,0,330,1454,94,203,0,239,15,215,0,1716,0,142,0,0,-6,-97,0,4305
2026/02/20,11:00,4189,0,296,1308,93,203,0,237,15,216,0,1612,0,160,0,0,-6,55,0,4189
2026/02/20,11:30,4109,0,290,1175,94,203,0,237,15,216,0,1602,0,169,0,0,-7,115,0,4109
2026/02/20,12:00,4075,0,276,1083,93,203,0,240,15,217,0,1664,0,174,0,0,-19,129,0,4075
2026/02/20,12:30,3999,0,303,1058,93,203,0,244,15,217,0,1632,0,202,0,-122,-59,213,0,3999
2026/02/20,13:00,4095,0,383,1305,93,203,0,250,15,217,0,1468,0,192,0,-178,-26,173,0,4095
2026/02/20,13:30,3991,0,323,1272,93,202,0,260,15,217,0,1286,0,258,0,0,-18,83,0,3991
2026/02/20,14:00,3929,0,379,1300,93,218,0,294,15,217,0,1038,0,293,0,0,-15,97,0,3929
2026/02/20,14:30,3877,0,396,1461,93,241,0,306,15,217,0,759,0,316,0,0,-15,88,0,3877
2026/02/20,15:00,3866,0,488,1647,93,248,0,340,15,217,0,524,0,279,0,0,-4,19,0,3866
2026/02/20,15:30,3918,0,545,1688,141,250,0,357,15,219,0,309,0,258,0,0,-4,140,0,3918
2026/02/20,16:00,3970,0,559,1747,175,250,0,395,15,218,0,120,0,231,0,0,-4,264,0,3970
2026/02/20,16:30,4106,0,575,1758,171,252,0,457,15,219,0,27,0,263,0,32,-4,341,0,4106
2026/02/20,17:00,4196,0,538,1774,162,255,0,504,15,220,0,0,0,267,0,93,46,322,0,4196
2026/02/20,17:30,4246,0,532,1767,146,255,0,536,15,227,0,0,0,308,0,170,45,245,0,4246
2026/02/20,18:00,4239,0,547,1772,142,256,0,667,15,256,0,0,0,298,0,38,54,194,0,4239
2026/02/20,18:30,4197,0,503,1766,147,256,0,709,15,284,0,0,0,308,0,37,43,129,0,4197
2026/02/20,19:00,4125,0,607,1769,180,255,0,710,15,286,0,0,0,253,0,12,3,35,0,4125
2026/02/20,19:30,4079,0,630,1766,157,253,0,701,15,287,0,0,0,248,0,78,3,-59,0,4079
2026/02/20,20:00,4049,0,577,1773,146,252,0,692,15,287,0,0,0,289,0,81,4,-67,0,4049
2026/02/20,20:30,3959,0,614,1765,169,252,0,673,15,286,0,0,0,278,0,52,-4,-141,0,3959
2026/02/20,21:00,3931,0,631,1774,247,251,0,430,15,287,0,0,0,254,0,83,-5,-36,0,3931
2026/02/20,21:30,3829,0,651,1761,271,251,0,379,15,287,0,0,0,267,0,48,-2,-99,0,3829
2026/02/20,22:00,3777,0,629,1769,161,251,0,349,15,287,0,0,0,265,0,69,2,-20,0,3777
2026/02/20,22:30,3707,0,553,1761,161,251,0,347,15,288,0,0,0,275,0,78,1,-23,0,3707
2026/02/20,23:00,3851,0,547,1779,161,251,0,297,15,287,0,0,0,334,0,102,0,78,0,3851
2026/02/20,23:30,3783,0,591,1767,146,251,0,286,15,287,0,0,0,378,0,29,0,33,0,3783
2026/02/21,00:00,3751,0,456,1774,145,251,0,281,15,288,0,0,0,435,0,26,-1,81,0,3751
2026/02/21,00:30,3683,0,391,1767,145,251,0,278,15,287,0,0,0,482,0,27,-3,43,0,3683
2026/02/21,01:00,3806,0,462,1774,145,251,0,301,15,287,0,0,0,490,0,34,0,47,0,3806
2026/02/21,01:30,3828,0,490,1767,145,251,0,309,16,288,0,0,0,449,0,83,-3,33,0,3828
2026/02/21,02:00,3848,0,456,1770,145,251,0,305,16,287,0,0,0,446,0,185,-2,-11,0,3848
2026/02/21,02:30,3898,0,423,1764,145,251,0,309,15,287,0,0,0,463,0,242,-4,3,0,3898
2026/02/21,03:00,3914,0,385,1771,145,250,0,323,15,287,0,0,0,461,0,263,-18,32,0,3914
2026/02/21,03:30,3948,0,344,1730,145,251,0,389,15,287,0,0,0,486,0,252,-4,53,0,3948
2026/02/21,04:00,3998,0,558,1578,145,251,0,426,15,287,0,0,0,495,0,205,-3,41,0,3998
2026/02/21,04:30,4002,0,561,1505,145,250,0,452,15,287,0,0,0,544,0,197,-5,51,0,4002
2026/02/21,05:00,4002,0,529,1511,145,250,0,461,16,286,0,0,0,541,0,185,-4,82,0,4002
2026/02/21,05:30,3950,0,533,1505,146,250,0,522,16,286,0,0,0,564,0,117,-4,15,0,3950
2026/02/21,06:00,3933,0,550,1521,174,252,0,490,15,286,0,1,0,560,0,128,-2,-42,0,3933
2026/02/21,06:30,3833,0,569,1510,371,251,0,418,15,286,0,69,0,498,0,54,-3,-205,0,3833
2026/02/21,07:00,3777,0,572,1433,320,250,0,377,15,285,0,274,0,478,0,11,-4,-234,0,3777
2026/02/21,07:30,3761,0,645,1143,480,250,0,355,15,286,0,490,0,484,0,69,-4,-452,0,3761
2026/02/21,08:00,3811,0,651,1091,487,250,0,307,15,286,0,739,0,492,0,60,-2,-565,0,3811
2026/02/21,08:30,3843,0,597,950,404,237,0,294,15,286,0,943,0,507,0,31,-4,-417,0,3843
2026/02/21,09:00,3796,0,473,885,189,211,0,303,15,286,0,1105,0,541,0,39,15,-266,0,3796
2026/02/21,09:30,3698,0,372,722,131,203,0,297,16,286,0,1323,0,566,0,-160,-7,-51,0,3698
2026/02/21,10:00,3707,0,304,625,93,205,0,246,16,285,0,1576,0,564,0,-379,-4,176,0,3707
2026/02/21,10:30,3685,0,287,459,92,186,0,225,15,286,0,1651,0,591,0,-376,-38,307,0,3685
2026/02/21,11:00,3748,0,302,511,92,146,0,208,15,287,0,1650,0,583,0,-415,-2,371,0,3748
2026/02/21,11:30,3708,0,300,548,93,133,0,204,15,286,0,1598,0,581,0,-381,-5,336,0,3708
2026/02/21,12:00,3708,0,328,603,92,128,0,201,16,285,0,1553,0,578,0,-386,-16,326,0,3708
2026/02/21,12:30,3616,0,304,576,92,143,0,204,16,285,0,1446,0,587,0,-381,-14,358,0,3616
2026/02/21,13:00,3533,0,365,614,75,152,0,204,16,276,0,1297,0,582,0,-379,-12,343,0,3533
2026/02/21,13:30,3517,0,447,605,56,152,0,205,15,266,0,1182,0,626,0,-378,-15,356,0,3517
2026/02/21,14:00,3471,0,497,652,56,168,0,223,16,273,0,930,0,658,0,-338,-13,349,0,3471
2026/02/21,14:30,3443,0,438,698,56,198,0,224,16,285,0,732,0,672,0,-201,-14,339,0,3443
2026/02/21,15:00,3468,0,477,855,56,219,0,236,16,287,0,511,0,653,0,-185,-3,346,0,3468
2026/02/21,15:30,3438,0,438,936,56,244,0,242,16,287,0,278,0,602,0,-9,-4,352,0,3438
2026/02/21,16:00,3442,0,485,1158,70,250,0,271,16,286,0,102,0,581,0,84,-8,147,0,3442
2026/02/21,16:30,3560,0,625,1335,116,251,0,283,16,287,0,28,0,614,0,65,15,-75,0,3560
2026/02/21,17:00,3696,0,566,1533,109,255,0,342,16,287,0,0,0,612,0,66,62,-152,0,3696
2026/02/21,17:30,3824,0,545,1693,109,255,0,361,15,287,0,2,0,640,0,62,60,-205,0,3824
2026/02/21,18:00,3831,0,514,1736,86,255,0,448,15,287,0,0,0,650,0,20,38,-218,0,3831
2026/02/21,18:30,3809,0,499,1752,56,255,0,478,15,287,0,0,0,669,0,21,28,-251,0,3809
2026/02/21,19:00,3791,0,524,1773,56,255,0,489,16,287,0,0,0,707,0,38,-12,-342,0,3791
2026/02/21,19:30,3761,0,543,1765,56,253,0,439,16,288,0,0,0,702,0,96,-10,-387,0,3761
2026/02/21,20:00,3725,0,556,1779,56,252,0,408,15,287,0,0,0,692,0,100,-11,-409,0,3725
2026/02/21,20:30,3649,0,590,1769,82,251,0,377,15,287,0,0,0,694,0,97,-25,-488,0,3649
2026/02/21,21:00,3614,0,525,1775,107,250,0,324,15,287,0,0,0,690,0,97,-8,-448,0,3614
2026/02/21,21:30,3536,0,524,1768,105,250,0,310,16,287,0,0,0,688,0,99,-8,-503,0,3536
2026/02/21,22:00,3505,0,511,1773,105,250,0,279,15,287,0,0,0,688,0,100,-7,-496,0,3505
2026/02/21,22:30,3423,0,446,1759,105,251,0,268,15,288,0,0,0,690,0,133,-7,-525,0,3423
2026/02/21,23:00,3519,0,440,1773,107,251,0,236,15,288,0,0,0,669,0,139,-7,-392,0,3519
2026/02/21,23:30,3501,0,461,1764,105,251,0,227,15,288,0,0,0,669,0,139,-7,-411,0,3501
2026/02/22,00:00,3570,0,546,1772,105,251,0,218,16,288,0,0,0,654,0,141,1,-422,0,3570
2026/02/22,00:30,3524,0,531,1766,105,251,0,214,16,288,0,0,0,668,0,135,0,-450,0,3524
2026/02/22,01:00,3547,0,412,1771,105,251,0,213,15,286,0,0,0,669,0,139,0,-314,0,3547
2026/02/22,01:30,3607,0,383,1763,105,251,0,216,15,287,0,0,0,674,0,141,-1,-227,0,3607
2026/02/22,02:00,3664,0,380,1775,105,251,0,211,15,287,0,0,0,670,0,167,-1,-196,0,3664
2026/02/22,02:30,3734,0,395,1767,105,250,0,214,15,288,0,0,0,681,0,231,-3,-209,0,3734
2026/02/22,03:00,3784,0,379,1777,105,251,0,252,15,288,0,0,0,660,0,285,-13,-215,0,3784
2026/02/22,03:30,3798,0,433,1762,105,251,0,260,15,287,0,0,0,678,0,285,-5,-273,0,3798
2026/02/22,04:00,3866,0,503,1779,105,250,0,291,15,288,0,0,0,665,0,219,1,-250,0,3866
2026/02/22,04:30,3872,0,448,1728,105,250,0,342,15,287,0,0,0,686,0,226,2,-217,0,3872
2026/02/22,05:00,3857,0,596,1573,136,250,0,387,15,287,0,0,0,675,0,222,0,-284,0,3857
2026/02/22,05:30,3771,0,518,1505,122,251,0,397,15,287,0,0,0,677,0,182,1,-184,0,3771
2026/02/22,06:00,3715,0,441,1493,109,252,0,441,15,288,0,1,0,656,0,149,-2,-128,0,3715
2026/02/22,06:30,3535,0,482,1329,109,250,0,444,15,287,0,82,0,614,0,132,-2,-207,0,3535
2026/02/22,07:00,3411,0,547,1116,117,251,0,310,15,288,0,287,0,633,0,137,-3,-287,0,3411
2026/02/22,07:30,3337,0,533,962,104,250,0,291,15,287,0,510,0,677,0,130,-5,-417,0,3337
2026/02/22,08:00,3507,0,464,932,105,236,0,263,15,287,0,915,0,692,0,48,-3,-447,0,3507
2026/02/22,08:30,3537,0,454,817,126,210,0,262,15,287,0,1200,0,703,0,63,-3,-597,0,3537
2026/02/22,09:00,3547,0,570,683,216,204,0,255,15,287,0,1357,0,681,0,-102,-3,-616,0,3547
2026/02/22,09:30,3291,0,415,606,84,187,0,237,15,286,0,1321,0,692,0,-107,-3,-442,0,3291
2026/02/22,10:00,3146,0,383,473,56,156,0,211,15,286,0,1376,0,717,0,-215,-8,-304,0,3146
2026/02/22,10:30,3136,0,355,378,56,149,0,190,16,286,0,1486,0,715,0,-402,-8,-85,0,3136
2026/02/22,11:00,3196,0,317,382,56,148,0,183,16,287,0,1518,0,633,0,-479,-22,157,0,3196
2026/02/22,11:30,3234,0,363,461,56,147,0,183,16,286,0,1514,0,598,0,-485,-22,117,0,3234
2026/02/22,12:00,3282,0,437,578,56,147,0,189,16,287,0,1400,0,565,0,-497,-35,139,0,3282
2026/02/22,12:30,3256,0,481,643,56,147,0,187,16,287,0,1299,0,566,0,-500,-21,95,0,3256
2026/02/22,13:00,3266,0,549,720,56,147,0,188,16,274,0,1133,0,574,0,-507,-21,137,0,3266
2026/02/22,13:30,3224,0,491,747,56,147,0,194,16,265,0,987,0,540,0,-409,-21,211,0,3224
2026/02/22,14:00,3199,0,370,976,56,162,0,198,16,272,0,803,0,489,0,-287,-6,150,0,3199
2026/02/22,14:30,3239,0,397,1123,56,196,0,199,16,287,0,579,0,506,0,-131,-6,17,0,3239
2026/02/22,15:00,3297,0,348,1207,56,205,0,221,16,287,0,389,0,503,0,-108,-7,180,0,3297
2026/02/22,15:30,3287,0,378,1305,56,205,0,245,16,287,0,202,0,510,0,-75,-4,162,0,3287
2026/02/22,16:00,3340,0,471,1527,56,219,0,255,16,287,0,67,0,506,0,0,-4,-60,0,3340
2026/02/22,16:30,3482,0,511,1646,56,245,0,269,15,287,0,17,0,539,0,12,11,-126,0,3482
2026/02/22,17:00,3651,0,454,1666,56,254,0,340,16,287,0,0,0,566,0,61,58,-107,0,3651
2026/02/22,17:30,3757,0,490,1682,56,255,0,351,16,287,0,0,0,602,0,66,59,-107,0,3757
2026/02/22,18:00,3766,0,424,1721,56,255,0,429,16,286,0,0,0,620,0,68,58,-167,0,3766
2026/02/22,18:30,3774,0,456,1754,56,255,0,452,15,286,0,0,0,673,0,68,48,-289,0,3774
2026/02/22,19:00,3731,0,486,1779,56,254,0,455,16,286,0,0,0,735,0,68,3,-407,0,3731
2026/02/22,19:30,3685,0,520,1768,56,249,0,457,16,286,0,0,0,777,0,14,-7,-451,0,3685
2026/02/22,20:00,3657,0,515,1779,56,249,0,367,16,286,0,0,0,800,0,0,-6,-405,0,3657
2026/02/22,20:30,3585,0,563,1772,56,248,0,346,15,287,0,0,0,816,0,8,-5,-521,0,3585
2026/02/22,21:00,3539,0,439,1776,56,248,0,296,15,287,0,0,0,815,0,86,-4,-475,0,3539
2026/02/22,21:30,3447,0,403,1766,56,247,0,281,16,285,0,0,0,838,0,96,-6,-535,0,3447
2026/02/22,22:00,3419,0,370,1740,56,248,0,264,16,285,0,0,0,841,0,102,-4,-499,0,3419
2026/02/22,22:30,3353,0,392,1740,56,248,0,247,16,286,0,0,0,870,0,94,-5,-591,0,3353
2026/02/22,23:00,3508,0,510,1775,56,249,0,229,16,286,0,0,0,925,0,99,-6,-631,0,3508
2026/02/22,23:30,3446,0,357,1770,56,247,0,226,15,286,0,0,0,983,0,111,-3,-602,0,3446
2026/02/23,00:00,3413,0,303,1724,56,249,0,226,16,286,0,0,0,964,0,167,-5,-573,0,3413
2026/02/23,00:30,3369,0,327,1674,56,248,0,223,16,285,0,0,0,957,0,216,-6,-627,0,3369
2026/02/23,01:00,3425,0,307,1724,56,247,0,224,16,280,0,0,0,940,0,216,-5,-580,0,3425
2026/02/23,01:30,3467,0,369,1741,56,248,0,228,16,275,0,0,0,937,0,169,-5,-567,0,3467
2026/02/23,02:00,3514,0,357,1753,56,247,0,226,16,270,0,0,0,914,0,187,-5,-507,0,3514
2026/02/23,02:30,3562,0,318,1724,56,248,0,228,16,267,0,0,0,956,0,212,-5,-458,0,3562
2026/02/23,03:00,3620,0,318,1706,56,247,0,262,16,266,0,0,0,939,0,283,-17,-456,0,3620
2026/02/23,03:30,3642,0,414,1761,56,248,0,267,16,267,0,0,0,876,0,209,-6,-466,0,3642
2026/02/23,04:00,3652,0,389,1771,56,248,0,301,16,266,0,0,0,846,0,202,-7,-436,0,3652
2026/02/23,04:30,3674,0,319,1751,56,248,0,319,16,266,0,0,0,878,0,208,-6,-381,0,3674
2026/02/23,05:00,3707,0,414,1622,56,250,0,368,15,265,0,0,0,877,0,209,-6,-363,0,3707
2026/02/23,05:30,3673,0,419,1509,56,249,0,403,15,265,0,0,0,855,0,212,-7,-303,0,3673
2026/02/23,06:00,3658,0,390,1510,56,251,0,339,15,265,0,1,0,773,0,211,-5,-148,0,3658
2026/02/23,06:30,3582,0,495,1454,91,250,0,325,15,265,0,79,0,729,0,199,-5,-315,0,3582
2026/02/23,07:00,3584,0,444,1411,110,250,0,322,15,264,0,249,0,720,0,211,-5,-407,0,3584
2026/02/23,07:30,3604,0,479,1339,109,250,0,325,15,265,0,458,0,735,0,133,-4,-500,0,3604
2026/02/23,08:00,3822,0,549,1377,109,237,0,329,15,265,0,778,0,724,0,11,-4,-568,0,3822
2026/02/23,08:30,3898,0,601,1202,180,211,0,306,15,269,0,1005,0,761,0,0,-5,-647,0,3898
2026/02/23,09:00,3889,0,512,957,171,203,0,303,15,274,0,1150,0,801,0,0,-7,-490,0,3889
2026/02/23,09:30,3669,0,420,814,116,189,0,310,15,280,0,1137,0,833,0,-20,-5,-420,0,3669
2026/02/23,10:00,3514,0,433,713,88,158,0,297,16,283,0,1208,0,841,0,-207,-6,-310,0,3514
2026/02/23,10:30,3446,0,364,609,56,151,0,282,16,286,0,1360,0,814,0,-212,-6,-274,0,3446
2026/02/23,11:00,3482,0,480,633,56,150,0,272,16,285,0,1442,0,763,0,-208,-24,-383,0,3482
2026/02/23,11:30,3432,0,438,588,56,151,0,271,16,287,0,1517,0,756,0,-311,-25,-312,0,3432
2026/02/23,12:00,3472,0,411,618,56,151,0,273,16,286,0,1541,0,738,0,-383,-44,-191,0,3472
2026/02/23,12:30,3396,0,409,599,56,151,0,274,16,287,0,1501,0,754,0,-555,-25,-71,0,3396
2026/02/23,13:00,3355,0,433,664,56,151,0,281,16,279,0,1396,0,749,0,-556,-24,-90,0,3355
2026/02/23,13:30,3325,0,404,790,56,151,0,284,16,266,0,1218,0,805,0,-545,-24,-96,0,3325
2026/02/23,14:00,3425,0,507,871,79,151,0,286,16,272,0,1135,0,812,0,-539,-7,-158,0,3425
2026/02/23,14:30,3307,0,370,1013,109,151,0,305,16,285,0,894,0,803,0,-540,-5,-94,0,3307
2026/02/23,15:00,3304,0,424,1083,79,167,0,323,16,286,0,644,0,750,0,-522,-3,57,0,3304
2026/02/23,15:30,3366,0,481,1160,56,197,0,345,16,286,0,362,0,698,0,-227,-4,-4,0,3366
2026/02/23,16:00,3461,0,498,1540,61,219,0,382,16,286,0,140,0,689,0,-133,-6,-231,0,3461
2026/02/23,16:30,3683,0,471,1709,107,245,0,418,16,287,0,26,0,719,0,-79,16,-252,0,3683
2026/02/23,17:00,3851,0,515,1740,109,253,0,462,16,285,0,0,0,727,0,33,63,-352,0,3851
2026/02/23,17:30,3973,0,489,1749,109,251,0,476,16,282,0,0,0,747,0,37,65,-248,0,3973
2026/02/23,18:00,3988,0,436,1779,109,226,0,552,16,281,0,0,0,750,0,56,58,-275,0,3988
2026/02/23,18:30,3958,0,547,1771,128,200,0,580,16,281,0,0,0,757,0,0,47,-369,0,3958
2026/02/23,19:00,3951,0,555,1777,198,196,0,522,16,280,0,0,0,760,0,0,3,-356,0,3951
2026/02/23,19:30,3923,0,554,1760,256,191,0,502,15,280,0,0,0,770,0,0,-11,-394,0,3923
2026/02/23,20:00,3872,0,555,1773,175,179,0,427,16,281,0,0,0,741,0,99,-10,-364,0,3872
2026/02/23,20:30,3786,0,598,1770,109,170,0,383,16,281,0,0,0,712,0,102,-10,-345,0,3786
2026/02/23,21:00,3818,0,635,1781,110,170,0,349,15,280,0,0,0,716,0,93,-8,-323,0,3818
2026/02/23,21:30,3736,0,607,1767,148,173,0,337,15,281,0,0,0,709,0,36,-7,-330,0,3736
2026/02/23,22:00,3639,0,507,1777,109,180,0,314,16,280,0,0,0,687,0,4,-8,-227,0,3639
2026/02/23,22:30,3571,0,409,1768,109,210,0,300,16,280,0,0,0,698,0,0,-8,-211,0,3571
2026/02/23,23:00,3681,0,520,1779,109,226,0,275,15,279,0,0,0,695,0,20,-7,-230,0,3681
2026/02/23,23:30,3627,0,518,1770,109,228,0,274,16,280,0,0,0,733,0,20,-7,-314,0,3627
2026/02/24,00:00,3593,0,419,1774,97,227,0,279,16,280,0,0,0,699,0,78,-8,-268,0,3593
2026/02/24,00:30,3581,0,367,1763,57,228,0,282,16,281,0,0,0,709,0,74,-7,-189,0,3581
2026/02/24,01:00,3694,0,406,1777,56,227,0,274,16,282,0,0,0,727,0,81,-19,-133,0,3694
2026/02/24,01:30,3728,0,385,1772,56,228,0,276,16,283,0,0,0,742,0,81,-8,-103,0,3728
2026/02/24,02:00,3830,0,405,1778,56,228,0,291,16,283,0,0,0,749,0,82,-7,-51,0,3830
2026/02/24,02:30,3902,0,393,1770,56,228,0,293,16,283,0,0,0,762,0,148,-8,-39,0,3902
2026/02/24,03:00,3990,0,413,1781,57,227,0,325,16,283,0,0,0,754,0,166,-7,-25,0,3990
2026/02/24,03:30,4026,0,503,1770,98,227,0,318,16,284,0,0,0,722,0,109,-7,-14,0,4026
2026/02/24,04:00,4064,0,532,1774,105,228,0,420,16,284,0,0,0,684,0,60,-7,-32,0,4064
2026/02/24,04:30,4054,0,466,1771,105,227,0,451,16,283,0,0,0,687,0,73,-7,-18,0,4054
2026/02/24,05:00,4083,0,482,1781,105,226,0,453,16,283,0,0,0,655,0,126,-8,-36,0,4083
2026/02/24,05:30,4067,0,510,1773,105,227,0,440,16,283,0,0,0,635,0,128,-7,-43,0,4067
2026/02/24,06:00,4098,0,477,1781,105,228,0,425,16,284,0,2,0,583,0,165,-4,36,0,4098
2026/02/24,06:30,4056,0,620,1754,105,226,0,415,16,284,0,109,0,507,0,140,-5,-115,0,4056
2026/02/24,07:00,4009,0,631,1753,105,226,0,410,16,283,0,335,0,478,0,139,-4,-363,0,4009
2026/02/24,07:30,4019,0,609,1738,105,226,0,409,16,283,0,595,0,490,0,84,-5,-531,0,4019
2026/02/24,08:00,4186,0,582,1735,107,227,0,410,16,283,0,944,0,478,0,43,-3,-636,0,4186
2026/02/24,08:30,4282,0,571,1727,109,227,0,347,16,281,0,1180,0,488,0,2,-5,-661,0,4282
2026/02/24,09:00,4317,0,525,1709,102,225,0,266,16,281,0,1354,0,506,0,0,-6,-661,0,4317
2026/02/24,09:30,4309,0,530,1650,60,209,0,261,16,282,0,1428,0,513,0,0,-6,-634,0,4309
2026/02/24,10:00,4246,0,425,1609,58,177,0,255,16,282,0,1474,0,509,0,0,-17,-542,0,4246
2026/02/24,10:30,4226,0,467,1438,58,167,0,236,16,282,0,1540,0,474,0,0,-9,-443,0,4226
2026/02/24,11:00,4237,0,469,1426,58,174,0,216,16,281,0,1538,0,476,0,1,-21,-397,0,4237
2026/02/24,11:30,4101,0,474,1423,58,177,0,216,16,282,0,1471,0,491,0,-190,-21,-296,0,4101
2026/02/24,12:00,4038,0,522,1456,59,180,0,216,16,283,0,1381,0,490,0,-213,-47,-305,0,4038
2026/02/24,12:30,3994,0,536,1530,59,181,0,219,16,283,0,1257,0,495,0,-214,-22,-346,0,3994
2026/02/24,13:00,4013,0,443,1627,58,181,0,223,16,271,0,1175,0,492,0,-228,-23,-222,0,4013
2026/02/24,13:30,3949,0,387,1567,59,181,0,227,16,261,0,1085,0,559,0,-330,-24,-39,0,3949
2026/02/24,14:00,3922,0,472,1677,59,196,0,255,16,277,0,892,0,597,0,-425,-3,-91,0,3922
2026/02/24,14:30,3874,0,514,1768,58,220,0,257,16,286,0,692,0,579,0,-422,-3,-91,0,3874
2026/02/24,15:00,3934,0,549,1778,66,227,0,295,16,286,0,499,0,534,0,-229,0,-87,0,3934
2026/02/24,15:30,3978,0,522,1767,116,227,0,336,16,286,0,277,0,469,0,31,-1,-68,0,3978
2026/02/24,16:00,3968,0,530,1786,116,227,0,413,16,286,0,106,0,452,0,59,-2,-21,0,3968
2026/02/24,16:30,4052,0,508,1767,113,229,0,429,16,286,0,21,0,468,0,100,16,99,0,4052
2026/02/24,17:00,4136,0,549,1778,115,228,0,474,16,287,0,0,0,443,0,99,65,82,0,4136
2026/02/24,17:30,4198,0,552,1771,147,228,0,528,16,286,0,1,0,406,0,149,63,51,0,4198
2026/02/24,18:00,4195,0,571,1774,172,229,0,584,16,286,0,0,0,404,0,137,61,-39,0,4195
2026/02/24,18:30,4171,0,587,1760,145,228,0,623,16,286,0,0,0,389,0,119,51,-33,0,4171
2026/02/24,19:00,4085,0,533,1772,136,230,0,541,16,286,0,0,0,381,0,83,6,101,0,4085
2026/02/24,19:30,4005,0,526,1761,113,228,0,537,16,286,0,0,0,389,0,64,-9,94,0,4005
2026/02/24,20:00,3965,0,578,1771,163,227,0,501,16,286,0,0,0,424,0,24,-7,-18,0,3965
2026/02/24,20:30,3883,0,547,1762,292,227,0,457,16,285,0,0,0,437,0,0,-7,-133,0,3883
2026/02/24,21:00,3884,0,558,1765,261,227,0,401,16,286,0,0,0,452,0,48,-5,-125,0,3884
2026/02/24,21:30,3762,0,591,1757,191,228,0,392,16,286,0,0,0,457,0,11,-6,-161,0,3762
2026/02/24,22:00,3685,0,589,1763,169,228,0,365,16,286,0,0,0,432,0,0,-5,-158,0,3685
2026/02/24,22:30,3621,0,572,1757,161,228,0,343,16,287,0,0,0,441,0,0,-6,-178,0,3621
2026/02/24,23:00,3721,0,558,1763,254,227,0,298,16,287,0,0,0,423,0,0,-4,-101,0,3721
2026/02/24,23:30,3689,0,564,1762,242,227,0,290,16,286,0,0,0,389,0,0,-4,-83,0,3689
2026/02/25,00:00,3666,0,538,1760,161,227,0,285,16,286,0,0,0,380,0,0,-6,19,0,3666
2026/02/25,00:30,3624,0,469,1757,109,227,0,281,16,286,0,0,0,399,0,0,-6,86,0,3624
2026/02/25,01:00,3664,0,467,1766,109,227,0,282,16,286,0,0,0,359,0,0,-22,174,0,3664
2026/02/25,01:30,3708,0,517,1762,112,227,0,271,16,287,0,0,0,325,0,11,-14,194,0,3708
2026/02/25,02:00,3758,0,554,1763,160,227,0,249,16,286,0,0,0,261,0,60,-6,188,0,3758
2026/02/25,02:30,3840,0,549,1761,254,227,0,272,16,285,0,0,0,189,0,0,-6,293,0,3840
2026/02/25,03:00,3943,0,552,1770,242,227,0,331,16,287,0,0,0,136,0,0,-6,388,0,3943
2026/02/25,03:30,4005,0,552,1762,304,227,0,337,16,287,0,0,0,88,0,42,-6,396,0,4005
2026/02/25,04:00,4066,0,609,1766,276,227,0,354,16,286,0,0,0,57,0,82,-7,400,0,4066
2026/02/25,04:30,4074,0,619,1759,273,227,0,350,16,287,0,0,0,67,0,83,-6,399,0,4074
2026/02/25,05:00,4114,0,625,1765,294,226,0,380,16,284,0,0,0,53,0,100,-6,377,0,4114
2026/02/25,05:30,4098,0,633,1753,268,227,0,393,16,279,0,0,0,58,0,92,-6,385,0,4098
2026/02/25,06:00,4159,0,635,1771,265,226,0,381,16,273,0,1,0,44,0,166,-3,384,0,4159
2026/02/25,06:30,4185,0,638,1757,323,227,0,327,16,270,0,97,0,43,0,106,-4,385,0,4185
2026/02/25,07:00,4145,0,582,1769,268,227,0,345,16,269,0,337,0,33,0,73,-5,231,0,4145
2026/02/25,07:30,4119,0,508,1749,145,226,0,356,16,268,0,635,0,44,0,78,-5,99,0,4119
2026/02/25,08:00,4294,0,519,1770,208,227,0,405,16,267,0,1003,0,33,0,6,-4,-156,0,4294
2026/02/25,08:30,4380,0,512,1756,222,227,0,399,16,266,0,1295,0,34,0,0,-3,-344,0,4380
2026/02/25,09:00,4348,0,467,1767,153,228,0,406,16,266,0,1511,0,25,0,0,7,-498,0,4348
2026/02/25,09:30,4298,0,490,1751,140,215,0,324,16,266,0,1669,0,26,0,0,-5,-594,0,4298
2026/02/25,10:00,4162,0,487,1756,112,187,0,298,16,264,0,1690,0,10,0,0,-5,-653,0,4162
2026/02/25,10:30,4158,0,476,1745,112,179,0,291,16,261,0,1782,0,11,0,0,-6,-709,0,4158
2026/02/25,11:00,4139,0,491,1759,111,180,0,255,16,264,0,1828,0,8,0,0,-25,-748,0,4139
2026/02/25,11:30,4057,0,402,1747,112,180,0,236,16,266,0,1848,0,15,0,0,-24,-741,0,4057
2026/02/25,12:00,3937,0,341,1741,107,180,0,214,16,267,0,1816,0,14,0,0,-25,-734,0,3937
2026/02/25,12:30,3865,0,347,1731,62,181,0,214,16,267,0,1766,0,22,0,0,-25,-716,0,3865
2026/02/25,13:00,3845,0,404,1779,59,181,0,221,16,255,0,1665,0,17,0,0,-25,-727,0,3845
2026/02/25,13:30,3787,0,415,1786,100,180,0,228,16,247,0,1550,0,27,0,0,-24,-738,0,3787
2026/02/25,14:00,3663,0,353,1802,111,195,0,246,16,260,0,1363,0,35,0,0,-5,-713,0,3663
2026/02/25,14:30,3565,0,392,1787,112,220,0,268,16,268,0,1118,0,44,0,0,-5,-655,0,3565
2026/02/25,15:00,3552,0,453,1804,112,226,0,340,16,268,0,837,0,50,0,0,-3,-551,0,3552
2026/02/25,15:30,3594,0,537,1798,123,226,0,367,16,268,0,502,0,64,0,8,-4,-311,0,3594
2026/02/25,16:00,3692,0,519,1810,160,228,0,460,16,267,0,243,0,71,0,64,-4,-142,0,3692
2026/02/25,16:30,3868,0,546,1803,239,228,0,480,16,267,0,83,0,92,0,60,17,37,0,3868
2026/02/25,17:00,3989,0,486,1835,256,230,0,506,16,267,0,3,0,89,0,81,65,155,0,3989
2026/02/25,17:30,4111,0,537,1836,120,228,0,538,16,267,0,3,0,93,0,65,66,342,0,4111
2026/02/25,18:00,4144,0,419,1865,118,229,0,560,16,266,0,0,0,81,0,244,63,283,0,4144
2026/02/25,18:30,4104,0,467,1875,116,229,0,597,16,265,0,0,0,90,0,257,53,139,0,4104
2026/02/25,19:00,4050,0,568,1886,235,228,0,574,16,265,0,0,0,42,0,69,8,159,0,4050
2026/02/25,19:30,3988,0,601,1873,242,227,0,519,16,265,0,0,0,46,0,68,-6,137,0,3988
2026/02/25,20:00,3955,0,540,1880,250,227,0,476,16,265,0,0,0,42,0,52,-6,213,0,3955
2026/02/25,20:30,3867,0,549,1862,290,227,0,448,16,265,0,0,0,50,0,8,-6,158,0,3867
2026/02/25,21:00,3823,0,528,1879,239,227,0,401,16,265,0,0,0,51,0,13,-4,208,0,3823
2026/02/25,21:30,3733,0,571,1877,236,227,0,353,16,265,0,0,0,78,0,0,-4,114,0,3733
2026/02/25,22:00,3687,0,580,1876,211,228,0,344,16,265,0,0,0,74,0,0,-4,97,0,3687
2026/02/25,22:30,3621,0,574,1871,275,228,0,311,16,265,0,0,0,56,0,1,-4,28,0,3621
2026/02/25,23:00,3752,0,573,1884,221,227,0,291,16,266,0,0,0,56,0,71,-5,152,0,3752
2026/02/25,23:30,3694,0,581,1873,174,228,0,285,16,266,0,0,0,80,0,25,-3,169,0,3694
2026/02/26,00:00,3671,0,549,1879,155,228,0,279,16,265,0,0,0,80,0,0,-5,225,0,3671
2026/02/26,00:30,3625,0,515,1876,115,229,0,277,16,265,0,0,0,94,0,0,-5,243,0,3625
2026/02/26,01:00,3703,0,538,1884,126,229,0,285,16,266,0,0,0,115,0,0,-6,250,0,3703
2026/02/26,01:30,3761,0,565,1854,129,229,0,283,16,266,0,0,0,160,0,0,-6,265,0,3761
2026/02/26,02:00,3832,0,573,1853,187,228,0,264,16,266,0,0,0,181,0,53,-51,262,0,3832
2026/02/26,02:30,3910,0,565,1846,169,229,0,287,16,266,0,0,0,213,0,40,-26,305,0,3910
2026/02/26,03:00,3952,0,523,1866,127,228,0,316,16,266,0,0,0,251,0,0,-5,364,0,3952
2026/02/26,03:30,3996,0,492,1876,109,228,0,355,16,266,0,0,0,230,0,61,-13,376,0,3996
2026/02/26,04:00,4029,0,571,1877,135,228,0,365,16,267,0,0,0,214,0,81,-6,281,0,4029
2026/02/26,04:30,4029,0,565,1875,133,228,0,340,16,266,0,0,0,276,0,80,-6,256,0,4029
2026/02/26,05:00,4084,0,469,1878,109,228,0,343,16,266,0,0,0,394,0,79,-4,306,0,4084
2026/02/26,05:30,4050,0,416,1874,109,228,0,349,16,265,0,0,0,429,0,36,-3,331,0,4050
2026/02/26,06:00,4100,0,378,1886,109,228,0,360,16,266,0,2,0,429,0,89,-4,341,0,4100
2026/02/26,06:30,4034,0,449,1877,109,228,0,375,16,266,0,127,0,411,0,34,-5,147,0,4034
2026/02/26,07:00,3986,0,385,1866,109,229,0,439,16,266,0,364,0,390,0,0,-7,-71,0,3986
2026/02/26,07:30,4048,0,430,1853,109,228,0,437,16,266,0,627,0,422,0,0,-5,-335,0,4048
2026/02/26,08:00,4229,0,435,1881,112,228,0,432,16,266,0,1014,0,430,0,0,-3,-582,0,4229
2026/02/26,08:30,4349,0,435,1867,112,228,0,390,16,266,0,1251,0,448,0,0,-4,-660,0,4349
2026/02/26,09:00,4331,0,455,1866,112,227,0,321,16,266,0,1341,0,408,0,0,-5,-676,0,4331
2026/02/26,09:30,4291,0,451,1820,112,214,0,309,16,266,0,1415,0,407,0,0,-6,-713,0,4291
2026/02/26,10:00,4189,0,437,1807,111,188,0,304,16,266,0,1463,0,346,0,0,-6,-743,0,4189
2026/02/26,10:30,4217,0,455,1791,112,180,0,285,16,266,0,1553,0,311,0,0,-5,-747,0,4217
2026/02/26,11:00,4212,0,518,1802,111,182,0,227,16,266,0,1543,0,304,0,0,-18,-739,0,4212
2026/02/26,11:30,4068,0,372,1772,111,182,0,221,16,267,0,1547,0,336,0,1,-24,-733,0,4068
2026/02/26,12:00,3897,0,345,1681,110,182,0,216,16,267,0,1528,0,329,0,-172,-24,-581,0,3897
2026/02/26,12:30,3805,0,392,1644,107,182,0,211,16,269,0,1486,0,335,0,-224,-43,-570,0,3805
2026/02/26,13:00,3878,0,401,1723,107,182,0,214,16,261,0,1415,0,318,0,-218,-23,-518,0,3878
2026/02/26,13:30,3860,0,477,1797,109,181,0,220,16,263,0,1315,0,328,0,-221,-31,-594,0,3860
2026/02/26,14:00,3791,0,411,1785,112,196,0,229,16,284,0,1110,0,362,0,-88,-3,-623,0,3791
2026/02/26,14:30,3727,0,420,1739,112,221,0,234,16,291,0,887,0,361,0,0,-5,-549,0,3727
2026/02/26,15:00,3687,0,433,1799,112,227,0,267,15,291,0,657,0,336,0,0,-4,-446,0,3687
2026/02/26,15:30,3729,0,429,1713,112,227,0,338,16,291,0,388,0,320,0,47,-4,-148,0,3729
2026/02/26,16:00,3800,0,421,1764,111,230,0,395,15,288,0,175,0,304,0,60,-4,41,0,3800
2026/02/26,16:30,3926,0,486,1856,127,231,0,415,15,288,0,48,0,331,0,63,-4,70,0,3926
2026/02/26,17:00,4038,0,486,1879,160,233,0,447,15,288,0,1,0,322,0,105,44,58,0,4038
2026/02/26,17:30,4140,0,514,1874,112,233,0,538,16,287,0,1,0,317,0,152,46,50,0,4140
2026/02/26,18:00,4145,0,542,1881,139,233,0,601,15,287,0,0,0,330,0,105,62,-50,0,4145
2026/02/26,18:30,4103,0,547,1872,125,233,0,626,16,287,0,0,0,361,0,89,53,-106,0,4103
2026/02/26,19:00,4038,0,544,1875,178,233,0,580,16,287,0,0,0,359,0,101,12,-147,0,4038
2026/02/26,19:30,3982,0,553,1865,193,228,0,517,16,288,0,0,0,365,0,136,14,-193,0,3982
2026/02/26,20:00,3929,0,544,1877,276,228,0,461,16,287,0,0,0,365,0,61,13,-199,0,3929
2026/02/26,20:30,3851,0,572,1870,295,228,0,412,16,287,0,0,0,374,0,30,-6,-227,0,3851
2026/02/26,21:00,3792,0,600,1876,175,228,0,384,15,288,0,0,0,383,0,3,-4,-156,0,3792
2026/02/26,21:30,3658,0,519,1872,111,228,0,377,15,287,0,0,0,375,0,0,-4,-122,0,3658
2026/02/26,22:00,3587,0,544,1881,109,228,0,326,15,288,0,0,0,360,0,0,-4,-160,0,3587
2026/02/26,22:30,3527,0,550,1861,161,228,0,309,15,288,0,0,0,363,0,0,-5,-243,0,3527
2026/02/26,23:00,3632,0,570,1880,148,228,0,297,15,288,0,0,0,352,0,0,-4,-142,0,3632
2026/02/26,23:30,3574,0,536,1873,111,228,0,285,15,288,0,0,0,371,0,0,-4,-129,0,3574
2026/02/27,00:00,3557,0,553,1867,109,218,0,278,15,287,0,0,0,347,0,0,-6,-111,0,3557
2026/02/27,00:30,3539,0,547,1829,173,218,0,281,15,287,0,0,0,341,0,0,-5,-147,0,3539
2026/02/27,01:00,3602,0,535,1811,196,218,0,277,15,287,0,0,0,318,0,0,-6,-49,0,3602
2026/02/27,01:30,3622,0,523,1792,124,218,0,290,15,288,0,0,0,314,0,11,-5,52,0,3622
2026/02/27,02:00,3671,0,479,1806,118,218,0,291,15,288,0,0,0,303,0,61,-5,97,0,3671
2026/02/27,02:30,3717,0,533,1799,144,218,0,297,15,288,0,0,0,315,0,25,-5,88,0,3717
2026/02/27,03:00,3790,0,558,1807,199,218,0,308,15,288,0,0,0,289,0,0,-19,127,0,3790
2026/02/27,03:30,3848,0,518,1799,155,217,0,323,15,288,0,0,0,260,0,57,-6,222,0,3848
2026/02/27,04:00,3898,0,555,1807,213,218,0,317,15,288,0,0,0,207,0,60,-6,224,0,3898
2026/02/27,04:30,3862,0,536,1804,225,218,0,327,15,288,0,0,0,183,0,61,-7,212,0,3862
2026/02/27,05:00,3906,0,525,1829,181,217,0,343,15,288,0,0,0,168,0,64,-6,282,0,3906
2026/02/27,05:30,3876,0,509,1842,182,218,0,358,15,288,0,0,0,162,0,35,-7,274,0,3876
2026/02/27,06:00,3909,0,474,1870,174,218,0,400,15,287,0,1,0,154,0,0,-4,320,0,3909
2026/02/27,06:30,3915,0,536,1872,178,218,0,413,15,288,0,86,0,167,0,0,-6,148,0,3915
2026/02/27,07:00,3935,0,491,1896,173,218,0,429,15,288,0,157,0,191,0,0,-5,82,0,3935
2026/02/27,07:30,4025,0,491,1881,175,218,0,452,15,287,0,235,0,224,0,0,-5,52,0,4025
2026/02/27,08:00,4121,0,582,1893,170,218,0,459,15,289,0,318,0,245,0,0,-5,-63,0,4121
2026/02/27,08:30,4235,0,513,1879,148,218,0,406,15,288,0,397,0,277,0,78,-3,19,0,4235
2026/02/27,09:00,4283,0,505,1899,148,216,0,395,15,289,0,458,0,263,0,84,-5,16,0,4283
2026/02/27,09:30,4237,0,570,1874,160,217,0,289,16,288,0,527,0,277,0,0,-6,25,0,4237
2026/02/27,10:00,4161,0,558,1883,225,216,0,259,16,288,0,586,0,234,0,0,-3,-101,0,4161
2026/02/27,10:30,4109,0,529,1853,170,216,0,217,16,288,0,604,0,236,0,0,0,-20,0,4109
2026/02/27,11:00,4131,0,453,1840,148,216,0,210,16,288,0,623,0,254,0,0,-3,86,0,4131
2026/02/27,11:30,4073,0,415,1748,145,216,0,211,16,289,0,601,0,289,0,0,-3,146,0,4073
2026/02/27,12:00,4002,0,432,1705,144,216,0,211,15,289,0,554,0,278,0,0,-8,166,0,4002
2026/02/27,12:30,4014,0,447,1667,144,217,0,212,15,289,0,560,0,289,0,0,-5,179,0,4014
2026/02/27,13:00,4108,0,444,1691,143,216,0,217,15,276,0,507,0,287,0,0,-5,317,0,4108
2026/02/27,13:30,4054,0,392,1752,144,216,0,227,16,268,0,392,0,348,0,0,-4,303,0,4054
2026/02/27,14:00,4002,0,372,1730,143,217,0,256,16,280,0,326,0,423,0,0,-4,243,0,4002
2026/02/27,14:30,3958,0,415,1769,143,217,0,271,16,289,0,251,0,442,0,0,-5,150,0,3958
2026/02/27,15:00,3943,0,404,1811,143,215,0,324,16,288,0,164,0,430,0,0,-4,152,0,3943
2026/02/27,15:30,3995,0,405,1765,143,217,0,406,16,288,0,105,0,464,0,0,-7,193,0,3995
2026/02/27,16:00,3959,0,385,1793,143,217,0,474,16,288,0,46,0,458,0,56,-6,89,0,3959
2026/02/27,16:30,3999,0,402,1818,144,219,0,540,16,289,0,23,0,489,0,58,-2,3,0,3999
2026/02/27,17:00,4039,0,368,1807,225,218,0,583,16,289,0,0,0,508,0,152,44,-171,0,4039
2026/02/27,17:30,4097,0,408,1828,376,219,0,610,15,289,0,0,0,539,0,120,45,-352,0,4097
2026/02/27,18:00,4056,0,499,1877,377,219,0,632,16,288,0,0,0,547,0,55,43,-497,0,4056
2026/02/27,18:30,4012,0,466,1869,239,219,0,620,16,289,0,0,0,577,0,88,34,-405,0,4012
2026/02/27,19:00,3967,0,423,1866,154,219,0,591,16,288,0,0,0,601,0,118,-7,-302,0,3967
2026/02/27,19:30,3891,0,417,1870,148,217,0,560,16,289,0,0,0,601,0,44,-6,-265,0,3891
2026/02/27,20:00,3853,0,413,1875,148,217,0,527,16,289,0,0,0,587,0,21,-6,-234,0,3853
2026/02/27,20:30,3763,0,455,1875,148,217,0,424,16,288,0,0,0,587,0,22,-5,-264,0,3763
2026/02/27,21:00,3732,0,485,1875,148,216,0,367,16,287,0,0,0,573,0,34,-5,-264,0,3732
2026/02/27,21:30,3640,0,500,1869,148,215,0,353,16,287,0,0,0,557,0,26,-5,-326,0,3640
2026/02/27,22:00,3555,0,445,1870,145,216,0,329,16,288,0,0,0,532,0,0,-4,-282,0,3555
2026/02/27,22:30,3471,0,346,1818,146,216,0,319,16,289,0,0,0,546,0,0,-4,-221,0,3471
2026/02/27,23:00,3588,0,366,1866,142,216,0,303,16,289,0,0,0,587,0,0,-4,-193,0,3588
2026/02/27,23:30,3530,0,344,1786,109,217,0,287,16,289,0,0,0,669,0,0,-5,-182,0,3530
2026/02/28,00:00,3519,0,375,1829,109,217,0,267,16,288,0,0,0,659,0,0,-14,-227,0,3519
2026/02/28,00:30,3489,0,465,1866,109,217,0,247,16,289,0,0,0,610,0,0,-5,-325,0,3489
2026/02/28,01:00,3563,0,520,1870,127,217,0,260,15,288,0,0,0,567,0,0,-6,-295,0,3563
2026/02/28,01:30,3625,0,570,1864,131,217,0,269,16,289,0,0,0,525,0,0,-5,-251,0,3625
2026/02/28,02:00,3688,0,534,1862,118,216,0,284,15,289,0,0,0,513,0,0,-5,-138,0,3688
2026/02/28,02:30,3756,0,480,1853,109,217,0,284,16,289,0,0,0,516,0,57,-5,-60,0,3756
2026/02/28,03:00,3796,0,530,1874,119,216,0,265,16,289,0,0,0,502,0,59,-5,-69,0,3796
2026/02/28,03:30,3812,0,537,1865,137,216,0,274,16,289,0,0,0,483,0,0,-6,1,0,3812
2026/02/28,04:00,3827,0,551,1873,109,217,0,280,16,289,0,0,0,434,0,0,-6,64,0,3827
2026/02/28,04:30,3813,0,580,1869,165,225,0,297,16,290,0,0,0,340,0,0,-6,37,0,3813
2026/02/28,05:00,3796,0,570,1872,204,226,0,342,16,288,0,0,0,282,0,0,-6,2,0,3796
2026/02/28,05:30,3742,0,528,1869,221,230,0,365,16,289,0,0,0,271,0,0,-6,-41,0,3742
2026/02/28,06:00,3715,0,428,1874,126,237,0,415,16,289,0,1,0,269,0,56,-6,10,0,3715
2026/02/28,06:30,3663,0,390,1866,109,238,0,453,15,288,0,64,0,292,0,61,-5,-108,0,3663
2026/02/28,07:00,3653,0,437,1859,109,238,0,446,15,288,0,128,0,261,0,61,-5,-184,0,3653
2026/02/28,07:30,3705,0,550,1799,112,238,0,426,15,287,0,209,0,265,0,0,-6,-190,0,3705
2026/02/28,08:00,3741,0,503,1784,120,238,0,433,15,287,0,296,0,258,0,56,-5,-244,0,3741
2026/02/28,08:30,3809,0,415,1748,109,238,0,452,15,287,0,389,0,264,0,114,33,-255,0,3809
2026/02/28,09:00,3786,0,344,1739,109,239,0,440,15,288,0,460,0,259,0,133,-5,-235,0,3786
2026/02/28,09:30,3714,0,379,1724,109,238,0,283,16,287,0,573,0,292,0,24,-4,-207,0,3714
2026/02/28,10:00,3634,0,366,1564,72,238,0,240,16,287,0,606,0,286,0,0,-1,-40,0,3634
2026/02/28,10:30,3556,0,344,1297,56,225,0,230,16,287,0,667,0,299,0,0,-1,136,0,3556
2026/02/28,11:00,3514,0,387,1184,56,199,0,213,16,287,0,709,0,317,0,-135,-42,323,0,3514
2026/02/28,11:30,3430,0,438,1074,56,192,0,213,16,288,0,711,0,369,0,-197,-58,328,0,3430
2026/02/28,12:00,3429,0,450,1052,56,193,0,212,16,287,0,669,0,391,0,-202,-25,330,0,3429
2026/02/28,12:30,3373,0,329,1153,56,193,0,212,16,287,0,600,0,421,0,-200,-24,330,0,3373
2026/02/28,13:00,3343,0,323,1180,56,193,0,217,16,274,0,554,0,431,0,-196,-22,317,0,3343
2026/02/28,13:30,3301,0,327,1160,56,193,0,221,16,264,0,506,0,437,0,-202,-5,328,0,3301
2026/02/28,14:00,3248,0,321,1175,56,194,0,224,16,279,0,423,0,435,0,-200,-5,330,0,3248
2026/02/28,14:30,3222,0,320,1159,56,193,0,243,15,287,0,366,0,485,0,-204,-16,318,0,3222
2026/02/28,15:00,3240,0,347,1192,56,193,0,254,16,287,0,291,0,481,0,-199,-32,354,0,3240
2026/02/28,15:30,3314,0,381,1167,56,193,0,258,16,287,0,248,0,480,0,-88,-13,329,0,3314
2026/02/28,16:00,3396,0,348,1165,56,207,0,294,16,287,0,137,0,478,0,113,-15,310,0,3396
2026/02/28,16:30,3548,0,346,1480,56,233,0,328,16,287,0,61,0,494,0,132,-6,121,0,3548
2026/02/28,17:00,3706,0,318,1615,56,239,0,381,16,287,0,1,0,500,0,138,44,111,0,3706
2026/02/28,17:30,3830,0,377,1691,56,242,0,404,16,288,0,0,0,496,0,141,65,54,0,3830
2026/02/28,18:00,3874,0,392,1739,56,245,0,517,16,288,0,0,0,494,0,183,94,-150,0,3874
2026/02/28,18:30,3842,0,378,1754,56,245,0,534,16,287,0,0,0,573,0,207,83,-291,0,3842
2026/02/28,19:00,3808,0,370,1756,56,245,0,491,16,288,0,0,0,639,0,253,44,-350,0,3808
2026/02/28,19:30,3746,0,444,1754,56,244,0,487,16,288,0,0,0,625,0,243,12,-423,0,3746
2026/02/28,20:00,3738,0,586,1764,56,244,0,465,16,288,0,0,0,570,0,201,-3,-449,0,3738
2026/02/28,20:30,3630,0,448,1761,56,242,0,465,16,288,0,0,0,563,0,144,-7,-346,0,3630
2026/02/28,21:00,3600,0,473,1769,56,239,0,384,16,288,0,0,0,574,0,122,-7,-314,0,3600
2026/02/28,21:30,3510,0,420,1749,56,238,0,357,16,287,0,0,0,612,0,121,-9,-337,0,3510
2026/02/28,22:00,3451,0,401,1675,56,241,0,342,16,288,0,0,0,642,0,121,-9,-322,0,3451
2026/02/28,22:30,3367,0,372,1630,56,240,0,307,16,287,0,0,0,684,0,116,-2,-339,0,3367
2026/02/28,23:00,3503,0,463,1702,56,239,0,265,16,288,0,0,0,718,0,117,-1,-360,0,3503
2026/02/28,23:30,3459,0,411,1708,56,238,0,255,16,286,0,0,0,799,0,112,-2,-420,0,3459
,,,,,,,,,,,,,,,,,,,,,
,,,,,,,,,,,,,,,,,,,,,
,,,,,,,,,,,,,,,,,,,,,
,,,,,,,,,,,,,,,,,,,,,
,,,,,,,,,,,,,,,,,,,,,
,,,,,,,,,,,,,,,,,,,,,
,,,,,,,,,,,,,,,,,,,,,
,,,,,,,,,,,,,,,,,,,,,
,,,,,,,,,,,,,,,,,,,,,
,,,,,,,,,,,,,,,,,,,,,
,,,,,,,,,,,,,,,,,,,,,
,,,,,,,,,,,,,,,,,,,,,
,,,,,,,,,,,,,,,,,,,,,
,,,,,,,,,,,,,,,,,,,,,
,,,,,,,,,,,,,,,,,,,,,
,,,,,,,,,,,,,,,,,,,,,
,,,,,,,,,,,,,,,,,,,,,
,,,,,,,,,,,,,,,,,,,,,
,,,,,,,,,,,,,,,,,,,,,
,,,,,,,,,,,,,,,,,,,,,
,,,,,,,,,,,,,,,,,,,,,
,,,,,,,,,,,,,,,,,,,,,
,,,,,,,,,,,,,,,,,,,,,
,,,,,,,,,,,,,,,,,,,,,
,,,,,,,,,,,,,,,,,,,,,
,,,,,,,,,,,,,,,,,,,,,
,,,,,,,,,,,,,,,,,,,,,
,,,,,,,,,,,,,,,,,,,,,
,,,,,,,,,,,,,,,,,,,,,
,,,,,,,,,,,,,,,,,,,,,
,,,,,,,,,,,,,,,,,,,,,
,,,,,,,,,,,,,,,,,,,,,
,,,,,,,,,,,,,,,,,,,,,
,,,,,,,,,,,,,,,,,,,,,
,,,,,,,,,,,,,,,,,,,,,
,,,,,,,,,,,,,,,,,,,,,
,,,,,,,,,,,,,,,,,,,,,
,,,,,,,,,,,,,,,,,,,,,
,,,,,,,,,,,,,,,,,,,,,
,,,,,,,,,,,,,,,,,,,,,
,,,,,,,,,,,,,,,,,,,,,
,,,,,,,,,,,,,,,,,,,,,
,,,,,,,,,,,,,,,,,,,,,
,,,,,,,,,,,,,,,,,,,,,
,,,,,,,,,,,,,,,,,,,,,
,,,,,,,,,,,,,,,,,,,,,
,,,,,,,,,,,,,,,,,,,,,
,,,,,,,,,,,,,,,,,,,,,
,,,,,,,,,,,,,,,,,,,,,
,,,,,,,,,,,,,,,,,,,,,
,,,,,,,,,,,,,,,,,,,,,
,,,,,,,,,,,,,,,,,,,,,
,,,,,,,,,,,,,,,,,,,,,
,,,,,,,,,,,,,,,,,,,,,
,,,,,,,,,,,,,,,,,,,,,
,,,,,,,,,,,,,,,,,,,,,
,,,,,,,,,,,,,,,,,,,,,
,,,,,,,,,,,,,,,,,,,,,
,,,,,,,,,,,,,,,,,,,,,
,,,,,,,,,,,,,,,,,,,,,
,,,,,,,,,,,,,,,,,,,,,
,,,,,,,,,,,,,,,,,,,,,
,,,,,,,,,,,,,,,,,,,,,
,,,,,,,,,,,,,,,,,,,,,
,,,,,,,,,,,,,,,,,,,,,
,,,,,,,,,,,,,,,,,,,,,
,,,,,,,,,,,,,,,,,,,,,
,,,,,,,,,,,,,,,,,,,,,
,,,,,,,,,,,,,,,,,,,,,
,,,,,,,,,,,,,,,,,,,,,
,,,,,,,,,,,,,,,,,,,,,
,,,,,,,,,,,,,,,,,,,,,
,,,,,,,,,,,,,,,,,,,,,
,,,,,,,,,,,,,,,,,,,,,
,,,,,,,,,,,,,,,,,,,,,
,,,,,,,,,,,,,,,,,,,,,
,,,,,,,,,,,,,,,,,,,,,
,,,,,,,,,,,,,,,,,,,,,
,,,,,,,,,,,,,,,,,,,,,
,,,,,,,,,,,,,,,,,,,,,
,,,,,,,,,,,,,,,,,,,,,
,,,,,,,,,,,,,,,,,,,,,
,,,,,,,,,,,,,,,,,,,,,
,,,,,,,,,,,,,,,,,,,,,
,,,,,,,,,,,,,,,,,,,,,
,,,,,,,,,,,,,,,,,,,,,
,,,,,,,,,,,,,,,,,,,,,
,,,,,,,,,,,,,,,,,,,,,
,,,,,,,,,,,,,,,,,,,,,
,,,,,,,,,,,,,,,,,,,,,
,,,,,,,,,,,,,,,,,,,,,
,,,,,,,,,,,,,,,,,,,,,
,,,,,,,,,,,,,,,,,,,,,
,,,,,,,,,,,,,,,,,,,,,
,,,,,,,,,,,,,,,,,,,,,
,,,,,,,,,,,,,,,,,,,,,
,,,,,,,,,,,,,,,,,,,,,
,,,,,,,,,,,,,,,,,,,,,
,,,,,,,,,,,,,,,,,,,,,
,,,,,,,,,,,,,,,,,,,,,
,,,,,,,,,,,,,,,,,,,,,
,,,,,,,,,,,,,,,,,,,,,
,,,,,,,,,,,,,,,,,,,,,
,,,,,,,,,,,,,,,,,,,,,
,,,,,,,,,,,,,,,,,,,,,
,,,,,,,,,,,,,,,,,,,,,
,,,,,,,,,,,,,,,,,,,,,
,,,,,,,,,,,,,,,,,,,,,
,,,,,,,,,,,,,,,,,,,,,
,,,,,,,,,,,,,,,,,,,,,
,,,,,,,,,,,,,,,,,,,,,
,,,,,,,,,,,,,,,,,,,,,
,,,,,,,,,,,,,,,,,,,,,
,,,,,,,,,,,,,,,,,,,,,
,,,,,,,,,,,,,,,,,,,,,
,,,,,,,,,,,,,,,,,,,,,
,,,,,,,,,,,,,,,,,,,,,
,,,,,,,,,,,,,,,,,,,,,
,,,,,,,,,,,,,,,,,,,,,
,,,,,,,,,,,,,,,,,,,,,
,,,,,,,,,,,,,,,,,,,,,
,,,,,,,,,,,,,,,,,,,,,
,,,,,,,,,,,,,,,,,,,,,
,,,,,,,,,,,,,,,,,,,,,
,,,,,,,,,,,,,,,,,,,,,
,,,,,,,,,,,,,,,,,,,,,
,,,,,,,,,,,,,,,,,,,,,
,,,,,,,,,,,,,,,,,,,,,
,,,,,,,,,,,,,,,,,,,,,
,,,,,,,,,,,,,,,,,,,,,
,,,,,,,,,,,,,,,,,,,,,
,,,,,,,,,,,,,,,,,,,,,
,,,,,,,,,,,,,,,,,,,,,
,,,,,,,,,,,,,,,,,,,,,
,,,,,,,,,,,,,,,,,,,,,
,,,,,,,,,,,,,,,,,,,,,
,,,,,,,,,,,,,,,,,,,,,
,,,,,,,,,,,,,,,,,,,,,
,,,,,,,,,,,,,,,,,,,,,
,,,,,,,,,,,,,,,,,,,,,
,,,,,,,,,,,,,,,,,,,,,
,,,,,,,,,,,,,,,,,,,,,
,,,,,,,,,,,,,,,,,,,,,
,,,,,,,,,,,,,,,,,,,,,
