単位[MW平均],,,供給力,,,,,,,,,,,,,,,,
DATE,TIME,エリア需要,原子力,火力(LNG),火力(石炭),火力(石油),火力(その他),水力,地熱,バイオマス,太陽光発電実績,太陽光出力制御量,風力発電実績,風力出力制御量,揚水,蓄電池,連系線,その他,合計
2024/11/01,00:00,2655,0,481,1175,310,236,413,16,126,0,0,148,0,100,-5,-345,0,2655
2024/11/01,00:30,2609,0,458,1143,210,236,430,16,126,0,0,147,0,86,-5,-238,0,2609
2024/11/01,01:00,2606,0,475,1178,193,237,431,16,126,0,0,120,0,84,-5,-249,0,2606
2024/11/01,01:30,2642,0,441,1184,220,237,431,16,126,0,0,106,0,83,-5,-197,0,2642
2024/11/01,02:00,2691,0,433,1184,262,237,439,16,126,0,0,118,0,115,-5,-234,0,2691
2024/11/01,02:30,2783,0,493,1182,298,236,442,16,126,0,0,122,0,118,-5,-245,0,2783
2024/11/01,03:00,2869,0,458,1182,334,237,468,16,126,0,0,118,0,116,-6,-180,0,2869
2024/11/01,03:30,2939,0,497,1181,335,236,473,16,126,0,0,108,0,120,-4,-149,0,2939
2024/11/01,04:00,2988,0,536,1177,351,236,521,16,125,0,0,80,0,118,-6,-166,0,2988
2024/11/01,04:30,3048,0,536,1178,395,236,537,16,126,0,0,69,0,117,-6,-156,0,3048
2024/11/01,05:00,3005,0,543,1182,376,236,536,16,126,0,0,64,0,116,-5,-185,0,3005
2024/11/01,05:30,2999,0,557,1181,357,237,539,16,125,0,0,62,0,119,-5,-189,0,2999
2024/11/01,06:00,2991,0,559,1164,360,236,510,16,126,5,0,59,0,117,-4,-157,0,2991
2024/11/01,06:30,3045,0,629,977,450,236,509,16,125,105,0,71,0,116,-4,-185,0,3045
2024/11/01,07:00,3141,0,599,1037,461,230,465,16,125,303,0,71,0,114,-7,-273,0,3141
2024/11/01,07:30,3279,0,634,1132,464,229,446,16,126,444,0,86,0,114,-7,-405,0,3279
2024/11/01,08:00,3443,0,638,1148,497,228,482,16,125,620,0,89,0,51,0,-451,0,3443
2024/11/01,08:30,3633,0,637,1147,511,228,471,16,125,703,0,106,0,19,-1,-329,0,3633
2024/11/01,09:00,3712,0,573,1177,365,227,444,16,124,818,0,107,0,6,4,-149,0,3712
2024/11/01,09:30,3696,0,482,1145,213,228,423,16,124,890,0,110,0,0,0,65,0,3696
2024/11/01,10:00,3688,0,445,1154,104,227,418,16,125,865,0,93,0,0,-4,245,0,3688
2024/11/01,10:30,3748,0,455,1189,119,227,412,16,125,867,0,76,0,0,-4,266,0,3748
2024/11/01,11:00,3808,0,460,1195,121,227,414,16,125,830,0,85,0,0,-5,340,0,3808
2024/11/01,11:30,3722,0,410,1191,196,225,415,16,125,753,0,90,0,0,-3,304,0,3722
2024/11/01,12:00,3599,0,364,1136,214,233,421,16,125,702,0,89,0,0,-4,303,0,3599
2024/11/01,12:30,3535,0,406,1196,257,234,423,16,125,626,0,86,0,0,-5,171,0,3535
2024/11/01,13:00,3686,0,524,1201,386,235,427,16,125,525,0,87,0,71,-1,90,0,3686
2024/11/01,13:30,3654,0,553,1198,529,235,449,16,125,402,0,107,0,97,-5,-52,0,3654
2024/11/01,14:00,3640,0,588,1193,502,235,496,16,125,287,0,108,0,170,1,-81,0,3640
2024/11/01,14:30,3544,0,554,1191,484,235,515,16,129,162,0,94,0,193,1,-30,0,3544
2024/11/01,15:00,3510,0,559,1198,434,235,529,16,135,61,0,87,0,194,-1,63,0,3510
2024/11/01,15:30,3522,0,538,1197,433,234,563,16,136,9,0,82,0,194,-1,121,0,3522
2024/11/01,16:00,3571,0,559,1195,368,235,619,16,138,0,0,87,0,193,-3,164,0,3571
2024/11/01,16:30,3649,0,564,1194,415,235,626,16,141,0,0,89,0,192,-4,181,0,3649
2024/11/01,17:00,3589,0,576,1191,381,236,627,16,144,0,0,86,0,192,-7,147,0,3589
2024/11/01,17:30,3531,0,588,1187,379,236,629,16,146,0,0,77,0,190,-5,88,0,3531
2024/11/01,18:00,3476,0,595,1179,449,236,642,16,147,0,0,71,0,190,-4,-45,0,3476
2024/11/01,18:30,3418,0,584,1180,437,236,626,16,149,0,0,84,0,189,-5,-78,0,3418
2024/11/01,19:00,3355,0,586,1180,411,236,624,16,151,0,0,100,0,188,-4,-133,0,3355
2024/11/01,19:30,3285,0,585,1179,373,235,618,16,153,0,0,129,0,172,-3,-172,0,3285
2024/11/01,20:00,3214,0,588,1182,437,235,569,16,153,0,0,121,0,97,-3,-181,0,3214
2024/11/01,20:30,3116,0,583,1181,361,235,552,16,155,0,0,135,0,97,-3,-196,0,3116
2024/11/01,21:00,3041,0,566,1182,272,236,533,16,156,0,0,145,0,96,-5,-156,0,3041
2024/11/01,21:30,2949,0,558,1182,222,236,525,16,159,0,0,161,0,101,-12,-199,0,2949
2024/11/01,22:00,2839,0,586,1182,133,236,487,16,165,0,0,142,0,120,-9,-219,0,2839
2024/11/01,22:30,2801,0,561,1179,255,236,460,16,169,0,0,96,0,123,-7,-287,0,2801
2024/11/01,23:00,2825,0,537,1181,165,236,466,16,169,0,0,119,0,118,-15,-167,0,2825
2024/11/01,23:30,2711,0,483,1162,98,236,473,16,169,0,0,104,0,100,-7,-123,0,2711
2024/11/02,00:00,2682,0,575,1180,139,237,398,16,169,0,0,110,0,29,-6,-165,0,2682
2024/11/02,00:30,2596,0,568,1182,200,237,380,16,169,0,0,122,0,20,-5,-293,0,2596
2024/11/02,01:00,2607,0,567,1179,179,238,370,16,169,0,0,120,0,23,-7,-247,0,2607
2024/11/02,01:30,2657,0,580,1179,235,237,365,16,169,0,0,100,0,41,-43,-222,0,2657
2024/11/02,02:00,2662,0,551,1175,243,237,359,16,170,0,0,87,0,15,-5,-186,0,2662
2024/11/02,02:30,2746,0,562,1178,160,237,355,16,170,0,0,74,0,28,-5,-29,0,2746
2024/11/02,03:00,2824,0,566,1183,223,237,388,16,170,0,0,74,0,21,-5,-49,0,2824
2024/11/02,03:30,2872,0,568,1182,227,237,421,16,170,0,0,70,0,25,-5,-39,0,2872
2024/11/02,04:00,2934,0,565,1176,232,238,438,16,170,0,0,48,0,73,-5,-17,0,2934
2024/11/02,04:30,2940,0,566,1176,214,237,452,16,170,0,0,40,0,81,-5,-7,0,2940
2024/11/02,05:00,2941,0,568,1185,240,237,441,16,169,0,0,39,0,46,-5,5,0,2941
2024/11/02,05:30,2885,0,569,1183,246,237,434,16,170,0,0,43,0,18,-5,-26,0,2885
2024/11/02,06:00,2826,0,522,1179,113,237,422,16,169,3,0,50,0,13,-3,105,0,2826
2024/11/02,06:30,2818,0,496,1178,99,238,394,16,170,96,0,56,0,18,-5,62,0,2818
2024/11/02,07:00,2972,0,585,1185,174,237,366,16,170,282,0,50,0,18,-5,-106,0,2972
2024/11/02,07:30,3044,0,615,1184,205,237,356,16,170,436,0,57,0,21,-2,-251,0,3044
2024/11/02,08:00,3179,0,613,1186,146,223,351,16,169,595,0,69,0,28,-4,-213,0,3179
2024/11/02,08:30,3231,0,616,1186,231,197,338,16,168,667,0,67,0,22,-5,-272,0,3231
2024/11/02,09:00,3322,0,595,1184,354,189,344,16,168,718,0,70,0,14,-2,-328,0,3322
2024/11/02,09:30,3384,0,430,1157,309,191,406,16,168,774,0,76,0,50,-3,-190,0,3384
2024/11/02,10:00,3367,0,418,1128,342,190,440,16,168,797,0,60,0,-75,-3,-114,0,3367
2024/11/02,10:30,3339,0,405,1025,315,190,436,16,168,805,0,74,0,30,-5,-120,0,3339
2024/11/02,11:00,3308,0,417,1057,313,206,435,16,168,791,0,68,0,58,-11,-210,0,3308
2024/11/02,11:30,3232,0,456,1126,314,230,434,16,168,792,0,62,0,0,-8,-358,0,3232
2024/11/02,12:00,3125,0,503,1123,347,235,415,16,169,735,0,69,0,0,-9,-478,0,3125
2024/11/02,12:30,3041,0,455,1123,367,236,414,16,168,708,0,83,0,0,-8,-521,0,3041
2024/11/02,13:00,3094,0,466,1164,368,236,438,16,168,639,0,86,0,0,-8,-479,0,3094
2024/11/02,13:30,3100,0,534,1187,410,235,442,16,168,500,0,99,0,31,-7,-515,0,3100
2024/11/02,14:00,3037,0,555,1183,387,236,424,16,168,430,0,133,0,43,0,-538,0,3037
2024/11/02,14:30,2965,0,560,1180,391,235,417,16,168,271,0,139,0,0,-2,-410,0,2965
2024/11/02,15:00,2949,0,551,1179,392,236,439,16,169,134,0,143,0,0,-3,-307,0,2949
2024/11/02,15:30,2977,0,547,1181,445,236,486,16,168,40,0,142,0,0,-3,-281,0,2977
2024/11/02,16:00,3088,0,543,1178,397,236,530,16,169,2,0,161,0,40,-2,-182,0,3088
2024/11/02,16:30,3228,0,552,1178,444,236,540,16,169,1,0,190,0,71,-3,-166,0,3228
2024/11/02,17:00,3280,0,587,1182,437,236,549,16,169,0,0,207,0,131,-3,-231,0,3280
2024/11/02,17:30,3296,0,585,1184,418,236,551,16,169,0,0,228,0,119,-3,-207,0,3296
2024/11/02,18:00,3268,0,564,1187,413,237,561,16,169,0,0,248,0,14,-3,-138,0,3268
2024/11/02,18:30,3208,0,565,1187,395,236,543,16,169,0,0,283,0,0,-3,-183,0,3208
2024/11/02,19:00,3187,0,562,1184,343,236,542,16,169,0,0,315,0,0,-3,-177,0,3187
2024/11/02,19:30,3141,0,553,1184,300,236,530,16,169,0,0,321,0,0,-3,-165,0,3141
2024/11/02,20:00,3059,0,577,1171,291,237,489,16,170,0,0,326,0,0,-3,-215,0,3059
2024/11/02,20:30,2987,0,577,1134,332,237,487,16,169,0,0,263,0,0,-19,-209,0,2987
2024/11/02,21:00,2890,0,569,1092,411,237,446,16,169,0,0,224,0,12,-3,-283,0,2890
2024/11/02,21:30,2802,0,563,1061,320,237,381,16,169,0,0,230,0,91,-3,-263,0,2802
2024/11/02,22:00,2728,0,552,1067,212,237,352,16,169,0,0,221,0,170,-3,-265,0,2728
2024/11/02,22:30,2678,0,560,1068,120,236,348,16,169,0,0,199,0,196,-3,-231,0,2678
2024/11/02,23:00,2693,0,568,1064,113,237,344,16,170,0,0,176,0,117,-3,-109,0,2693
2024/11/02,23:30,2627,0,590,1063,173,237,329,16,170,0,0,153,0,49,-2,-151,0,2627
2024/11/03,00:00,2591,0,533,1068,128,237,335,16,169,0,0,154,0,91,-2,-138,0,2591
2024/11/03,00:30,2505,0,462,1067,98,237,336,16,170,0,0,164,0,114,-2,-157,0,2505
2024/11/03,01:00,2521,0,411,1070,59,238,351,16,169,0,0,173,0,116,-6,-76,0,2521
2024/11/03,01:30,2529,0,457,1068,47,237,357,16,170,0,0,180,0,115,-46,-72,0,2529
2024/11/03,02:00,2607,0,504,1065,46,237,371,16,170,0,0,220,0,110,-11,-121,0,2607
2024/11/03,02:30,2673,0,514,1065,47,237,371,16,169,0,0,211,0,112,-6,-63,0,2673
2024/11/03,03:00,2758,0,561,1064,79,236,406,16,170,0,0,194,0,109,-7,-70,0,2758
2024/11/03,03:30,2798,0,555,1061,102,235,438,16,170,0,0,200,0,109,-6,-82,0,2798
2024/11/03,04:00,2834,0,415,1060,99,237,473,16,170,0,0,258,0,107,-5,4,0,2834
2024/11/03,04:30,2842,0,355,1062,99,238,480,16,170,0,0,298,0,110,-6,20,0,2842
2024/11/03,05:00,2812,0,435,1066,99,238,483,16,169,0,0,247,0,96,-5,-32,0,2812
2024/11/03,05:30,2746,0,512,1025,118,237,483,16,170,0,0,242,0,94,-5,-146,0,2746
2024/11/03,06:00,2735,0,598,690,258,237,462,16,170,4,0,218,0,193,-5,-106,0,2735
2024/11/03,06:30,2703,0,601,617,246,237,386,16,170,103,0,209,0,230,-3,-109,0,2703
2024/11/03,07:00,2700,0,594,589,109,237,379,16,170,332,0,194,0,134,-5,-49,0,2700
2024/11/03,07:30,2676,0,532,537,99,236,346,16,170,609,0,178,0,23,-6,-64,0,2676
2024/11/03,08:00,2702,0,357,489,94,237,344,16,169,892,0,181,0,20,-5,-92,0,2702
2024/11/03,08:30,2722,0,398,454,48,237,331,16,170,1114,0,167,0,5,-8,-210,0,2722
2024/11/03,09:00,2740,0,367,351,47,237,311,16,169,1330,0,166,0,-220,-6,-28,0,2740
2024/11/03,09:30,2798,0,342,288,46,237,311,16,168,1470,0,199,0,-518,-7,246,0,2798
2024/11/03,10:00,2858,0,309,247,47,223,307,16,169,1536,0,183,0,-506,-12,339,0,2858
2024/11/03,10:30,2868,0,349,281,47,198,306,16,169,1514,0,150,0,-500,-2,340,0,2868
2024/11/03,11:00,2859,0,346,327,47,189,314,16,169,1443,0,177,0,-503,-2,336,0,2859
2024/11/03,11:30,2821,0,354,332,47,191,305,16,169,1381,0,193,0,-504,-1,338,0,2821
2024/11/03,12:00,2776,0,362,370,47,191,306,16,170,1306,0,160,0,-501,-1,350,0,2776
2024/11/03,12:30,2686,0,319,382,47,191,322,16,169,1245,0,166,0,-509,0,338,0,2686
2024/11/03,13:00,2632,0,379,448,47,207,325,16,169,1090,0,170,0,-503,-2,286,0,2632
2024/11/03,13:30,2616,0,456,523,74,231,341,16,169,876,0,168,0,-484,-3,249,0,2616
2024/11/03,14:00,2620,0,509,634,99,236,340,16,170,650,0,187,0,-467,-3,249,0,2620
2024/11/03,14:30,2584,0,496,687,99,236,340,16,169,396,0,181,0,-202,-3,169,0,2584
2024/11/03,15:00,2667,0,516,926,103,236,383,16,170,198,0,167,0,0,-19,-29,0,2667
2024/11/03,15:30,2777,0,560,1071,164,237,450,16,169,47,0,163,0,19,-4,-115,0,2777
2024/11/03,16:00,2926,0,589,1123,147,237,518,16,169,2,0,181,0,22,-3,-75,0,2926
2024/11/03,16:30,3076,0,546,1147,99,237,527,16,170,0,0,181,0,63,-5,95,0,3076
2024/11/03,17:00,3167,0,612,1177,136,237,528,16,170,0,0,169,0,113,-5,14,0,3167
2024/11/03,17:30,3185,0,613,1177,132,237,527,16,170,2,0,188,0,116,-5,12,0,3185
2024/11/03,18:00,3199,0,595,1183,108,236,528,16,170,0,0,196,0,182,-3,-12,0,3199
2024/11/03,18:30,3153,0,585,1183,103,236,528,16,169,0,0,188,0,143,23,-21,0,3153
2024/11/03,19:00,3142,0,615,1183,151,236,508,16,170,0,0,181,0,78,-4,8,0,3142
2024/11/03,19:30,3076,0,612,1180,207,237,506,16,170,0,0,151,0,19,-4,-18,0,3076
2024/11/03,20:00,3011,0,608,1179,233,237,464,16,170,0,0,117,0,21,-4,-30,0,3011
2024/11/03,20:30,2947,0,606,1179,185,237,471,16,170,0,0,93,0,21,-5,-26,0,2947
2024/11/03,21:00,2872,0,608,1179,128,237,432,16,170,0,0,63,0,21,-4,22,0,2872
2024/11/03,21:30,2784,0,619,1178,125,237,424,16,170,0,0,45,0,19,-4,-45,0,2784
2024/11/03,22:00,2729,0,611,1181,128,237,411,16,170,0,0,49,0,20,-4,-90,0,2729
2024/11/03,22:30,2663,0,608,1181,171,237,406,16,170,0,0,49,0,20,-4,-191,0,2663
2024/11/03,23:00,2693,0,593,1182,110,238,398,16,170,0,0,100,0,15,-3,-126,0,2693
2024/11/03,23:30,2631,0,497,1178,99,237,382,16,169,0,0,167,0,21,-3,-132,0,2631
2024/11/04,00:00,2611,0,550,1181,99,237,315,16,169,0,0,151,0,23,-5,-125,0,2611
2024/11/04,00:30,2537,0,543,1177,99,238,313,16,170,0,0,142,0,22,-4,-179,0,2537
2024/11/04,01:00,2556,0,534,1180,99,238,322,16,170,0,0,147,0,25,-3,-172,0,2556
2024/11/04,01:30,2572,0,488,1181,99,237,323,16,170,0,0,154,0,25,-3,-118,0,2572
2024/11/04,02:00,2661,0,555,1184,105,237,347,16,170,0,0,185,0,23,-13,-148,0,2661
2024/11/04,02:30,2749,0,568,1184,134,237,386,16,170,0,0,207,0,21,-6,-168,0,2749
2024/11/04,03:00,2800,0,564,1180,137,237,423,16,170,0,0,239,0,21,-32,-155,0,2800
2024/11/04,03:30,2830,0,478,1176,99,237,460,16,170,0,0,284,0,21,-5,-106,0,2830
2024/11/04,04:00,2885,0,397,1177,99,237,474,16,170,0,0,346,0,21,-6,-46,0,2885
2024/11/04,04:30,2909,0,388,1178,99,237,479,16,171,0,0,406,0,22,-5,-82,0,2909
2024/11/04,05:00,2914,0,420,1162,99,238,478,16,170,0,0,459,0,9,-5,-132,0,2914
2024/11/04,05:30,2838,0,430,1125,99,237,477,16,170,0,0,502,0,0,-5,-213,0,2838
2024/11/04,06:00,2819,0,405,1087,99,238,461,16,170,2,0,513,0,0,-3,-169,0,2819
2024/11/04,06:30,2855,0,546,1071,179,237,425,16,170,75,0,495,0,0,-5,-354,0,2855
2024/11/04,07:00,2959,0,592,1066,224,237,366,16,169,213,0,528,0,21,-6,-467,0,2959
2024/11/04,07:30,3067,0,612,1068,128,236,328,16,170,303,0,590,0,20,-5,-399,0,3067
2024/11/04,08:00,3156,0,552,1064,98,236,324,16,169,347,0,650,0,25,-5,-320,0,3156
2024/11/04,08:30,3240,0,465,1035,79,236,317,16,170,361,0,698,0,15,-4,-148,0,3240
2024/11/04,09:00,3272,0,321,952,47,236,302,16,169,416,0,728,0,0,-5,90,0,3272
2024/11/04,09:30,3292,0,339,984,47,236,282,16,170,454,0,732,0,0,-8,40,0,3292
2024/11/04,10:00,3276,0,315,856,46,236,273,16,169,522,0,815,0,-99,-4,131,0,3276
2024/11/04,10:30,3324,0,325,766,47,236,291,16,170,553,0,821,0,-230,-5,334,0,3324
2024/11/04,11:00,3338,0,318,911,47,236,294,16,170,506,0,740,0,-220,-4,324,0,3338
2024/11/04,11:30,3322,0,315,934,47,236,309,16,170,498,0,735,0,-226,-3,291,0,3322
2024/11/04,12:00,3263,0,305,918,47,236,317,16,169,466,0,727,0,-230,-4,296,0,3263
2024/11/04,12:30,3183,0,306,896,47,236,331,16,170,412,0,722,0,-229,-9,285,0,3183
2024/11/04,13:00,3159,0,330,880,47,236,331,16,170,357,0,724,0,-229,-11,308,0,3159
2024/11/04,13:30,3161,0,404,1011,50,236,345,16,170,298,0,697,0,-226,-11,171,0,3161
2024/11/04,14:00,3189,0,383,1058,125,236,348,16,170,218,0,642,0,-228,-10,231,0,3189
2024/11/04,14:30,3145,0,430,1050,197,236,349,16,171,129,0,575,0,-53,-12,57,0,3145
2024/11/04,15:00,3136,0,471,1114,292,236,389,16,171,46,0,514,0,12,-7,-118,0,3136
2024/11/04,15:30,3164,0,491,1145,331,235,404,16,174,7,0,451,0,58,-7,-141,0,3164
2024/11/04,16:00,3290,0,449,1176,334,236,473,16,178,0,0,409,0,171,-7,-145,0,3290
2024/11/04,16:30,3388,0,473,1180,335,236,485,16,178,0,0,411,0,187,-6,-107,0,3388
2024/11/04,17:00,3404,0,505,1177,339,236,478,16,181,0,0,412,0,186,-6,-120,0,3404
2024/11/04,17:30,3420,0,482,1175,334,236,481,16,187,2,0,468,0,194,-5,-150,0,3420
2024/11/04,18:00,3376,0,508,1176,334,237,481,16,193,0,0,490,0,151,-7,-203,0,3376
2024/11/04,18:30,3326,0,461,1170,334,237,482,16,201,0,0,533,0,152,-5,-255,0,3326
2024/11/04,19:00,3304,0,488,1181,337,237,441,16,208,0,0,580,0,149,-5,-328,0,3304
2024/11/04,19:30,3242,0,531,1182,334,236,436,16,215,0,0,593,0,79,-5,-375,0,3242
2024/11/04,20:00,3164,0,566,1182,351,237,395,16,225,0,0,592,0,50,-6,-444,0,3164
2024/11/04,20:30,3106,0,575,1180,390,234,393,16,236,0,0,607,0,0,-5,-520,0,3106
2024/11/04,21:00,3026,0,572,1180,379,237,350,16,240,0,0,613,0,0,-4,-557,0,3026
2024/11/04,21:30,2950,0,572,1180,376,237,348,16,239,0,0,614,0,0,-2,-630,0,2950
2024/11/04,22:00,2858,0,538,1174,317,237,347,16,239,0,0,605,0,0,3,-618,0,2858
2024/11/04,22:30,2780,0,496,1170,265,237,347,16,239,0,0,609,0,0,0,-599,0,2780
2024/11/04,23:00,2801,0,443,1178,237,237,348,16,240,0,0,660,0,0,0,-558,0,2801
2024/11/04,23:30,2729,0,409,1178,200,237,352,16,239,0,0,708,0,0,-5,-605,0,2729
2024/11/05,00:00,2686,0,357,1131,206,236,357,16,240,0,0,743,0,0,-6,-594,0,2686
2024/11/05,00:30,2632,0,345,1009,276,236,363,16,239,0,0,746,0,0,-7,-591,0,2632
2024/11/05,01:00,2679,0,360,1099,334,237,374,16,239,0,0,633,0,0,-37,-576,0,2679
2024/11/05,01:30,2707,0,390,1130,334,237,377,16,240,0,0,565,0,0,-8,-574,0,2707
2024/11/05,02:00,2757,0,427,1165,334,237,376,16,240,0,0,564,0,0,-5,-597,0,2757
2024/11/05,02:30,2833,0,480,1179,334,236,376,16,240,0,0,550,0,0,-4,-574,0,2833
2024/11/05,03:00,2900,0,480,1181,338,237,408,16,240,0,0,523,0,0,-5,-518,0,2900
2024/11/05,03:30,2972,0,519,1180,346,237,434,16,241,0,0,518,0,0,-5,-514,0,2972
2024/11/05,04:00,3018,0,514,1179,343,236,438,16,240,0,0,508,0,0,-6,-450,0,3018
2024/11/05,04:30,3034,0,451,1175,334,236,468,16,241,0,0,542,0,0,-5,-424,0,3034
2024/11/05,05:00,3046,0,426,1179,334,236,470,16,239,0,0,574,0,0,-6,-422,0,3046
2024/11/05,05:30,3022,0,421,1170,334,236,471,16,240,0,0,591,0,0,-6,-451,0,3022
2024/11/05,06:00,3053,0,428,1078,318,237,470,16,240,4,0,647,0,0,-5,-380,0,3053
2024/11/05,06:30,3077,0,489,1107,202,237,438,16,240,121,0,663,0,0,-4,-432,0,3077
2024/11/05,07:00,3146,0,473,1133,165,236,373,16,239,378,0,687,0,0,-5,-549,0,3146
2024/11/05,07:30,3232,0,421,1101,149,236,353,16,239,600,0,709,0,0,-4,-588,0,3232
2024/11/05,08:00,3453,0,496,1121,152,236,326,16,239,847,0,685,0,0,-5,-660,0,3453
2024/11/05,08:30,3549,0,497,1119,140,235,319,16,239,980,0,661,0,0,-5,-652,0,3549
2024/11/05,09:00,3582,0,440,1108,132,234,310,16,227,1106,0,607,0,0,-4,-594,0,3582
2024/11/05,09:30,3648,0,443,1129,98,234,300,16,217,1224,0,645,0,0,-3,-655,0,3648
2024/11/05,10:00,3645,0,407,1126,98,235,278,16,217,1293,0,586,0,0,-3,-608,0,3645
2024/11/05,10:30,3639,0,446,1150,139,235,277,16,217,1299,0,524,0,0,-4,-660,0,3639
2024/11/05,11:00,3644,0,402,1142,152,231,287,16,216,1329,0,505,0,0,-4,-632,0,3644
2024/11/05,11:30,3576,0,449,1132,152,203,276,16,217,1275,0,508,0,0,-3,-649,0,3576
2024/11/05,12:00,3399,0,464,1107,141,185,262,16,216,1142,0,499,0,0,-3,-630,0,3399
2024/11/05,12:30,3349,0,499,1123,174,185,264,16,216,1018,0,498,0,0,-4,-640,0,3349
2024/11/05,13:00,3433,0,534,1140,255,185,259,16,215,917,0,489,0,2,-5,-574,0,3433
2024/11/05,13:30,3363,0,448,1168,300,185,259,16,214,837,0,487,0,6,-4,-553,0,3363
2024/11/05,14:00,3339,0,491,1174,298,187,330,16,220,654,0,504,0,27,-3,-559,0,3339
2024/11/05,14:30,3299,0,471,1172,321,211,371,16,236,387,0,472,0,93,-3,-448,0,3299
2024/11/05,15:00,3339,0,465,1178,412,234,395,16,239,204,0,426,0,93,-4,-319,0,3339
2024/11/05,15:30,3467,0,489,1177,553,236,426,16,240,57,0,346,0,139,-3,-209,0,3467
2024/11/05,16:00,3606,0,591,1178,580,235,439,16,240,5,0,290,0,219,-3,-184,0,3606
2024/11/05,16:30,3720,0,603,1177,575,235,450,16,240,0,0,283,0,211,-3,-67,0,3720
2024/11/05,17:00,3683,0,506,1179,432,235,462,16,239,0,0,297,0,212,-6,111,0,3683
2024/11/05,17:30,3635,0,523,1175,340,236,479,16,240,0,0,308,0,194,-4,128,0,3635
2024/11/05,18:00,3629,0,575,1178,364,236,496,16,241,0,0,315,0,190,-3,21,0,3629
2024/11/05,18:30,3573,0,580,1178,359,235,487,16,241,0,0,331,0,189,13,-56,0,3573
2024/11/05,19:00,3533,0,576,1180,410,236,475,16,240,0,0,304,0,191,-2,-93,0,3533
2024/11/05,19:30,3461,0,577,1180,448,236,476,16,240,0,0,283,0,149,-3,-141,0,3461
2024/11/05,20:00,3367,0,588,1178,432,236,476,16,241,0,0,253,0,105,-5,-153,0,3367
2024/11/05,20:30,3295,0,626,1178,394,236,475,16,240,0,0,220,0,119,-26,-183,0,3295
2024/11/05,21:00,3178,0,625,1177,410,236,432,16,241,0,0,204,0,36,-1,-198,0,3178
2024/11/05,21:30,3076,0,574,1174,406,236,429,16,240,0,0,196,0,6,5,-206,0,3076
2024/11/05,22:00,3021,0,574,1171,400,236,421,16,240,0,0,179,0,0,4,-220,0,3021
2024/11/05,22:30,2935,0,556,1162,428,236,409,16,240,0,0,171,0,0,1,-284,0,2935
2024/11/05,23:00,2951,0,545,1168,312,236,378,16,241,0,0,224,0,57,4,-230,0,2951
2024/11/05,23:30,2869,0,537,1168,154,236,374,16,240,0,0,270,0,80,3,-209,0,2869
2024/11/06,00:00,2819,0,551,1162,272,236,363,16,241,0,0,227,0,13,-5,-257,0,2819
2024/11/06,00:30,2771,0,529,1159,224,235,358,16,240,0,0,231,0,1,-7,-215,0,2771
2024/11/06,01:00,2785,0,515,1164,211,236,338,16,240,0,0,233,0,0,-49,-119,0,2785
2024/11/06,01:30,2807,0,427,1165,99,235,340,16,240,0,0,252,0,0,-15,48,0,2807
2024/11/06,02:00,2873,0,397,1161,100,236,351,16,240,0,0,285,0,0,-4,91,0,2873
2024/11/06,02:30,2931,0,485,1169,104,235,360,16,241,0,0,265,0,0,-5,61,0,2931
2024/11/06,03:00,3041,0,532,1176,170,235,370,16,240,0,0,221,0,0,-5,86,0,3041
2024/11/06,03:30,3113,0,537,1175,229,235,390,16,240,0,0,205,0,0,-5,91,0,3113
2024/11/06,04:00,3185,0,543,1168,209,236,401,16,240,0,0,173,0,0,-5,204,0,3185
2024/11/06,04:30,3199,0,539,1171,119,236,419,16,240,0,0,166,0,0,-5,298,0,3199
2024/11/06,05:00,3214,0,531,1168,102,236,421,16,240,0,0,160,0,0,4,336,0,3214
2024/11/06,05:30,3184,0,548,1157,154,236,424,16,240,0,0,142,0,0,-3,270,0,3184
2024/11/06,06:00,3257,0,555,1177,175,236,406,16,240,3,0,139,0,0,-2,312,0,3257
2024/11/06,06:30,3301,0,566,1174,248,236,405,16,241,87,0,104,0,0,-4,228,0,3301
2024/11/06,07:00,3424,0,562,1174,372,235,377,16,238,281,0,102,0,0,-4,71,0,3424
2024/11/06,07:30,3428,0,523,1174,260,235,375,16,232,513,0,112,0,0,-4,-8,0,3428
2024/11/06,08:00,3498,0,417,1142,130,235,355,16,232,804,0,125,0,0,-4,46,0,3498
2024/11/06,08:30,3596,0,440,1143,104,235,369,16,229,1002,0,146,0,0,-3,-85,0,3596
2024/11/06,09:00,3636,0,402,1174,104,234,354,16,227,1186,0,159,0,0,-4,-216,0,3636
2024/11/06,09:30,3640,0,407,1164,104,234,353,16,224,1314,0,167,0,0,-6,-337,0,3640
2024/11/06,10:00,3608,0,385,1082,105,234,343,16,221,1418,0,171,0,-59,-2,-306,0,3608
2024/11/06,10:30,3624,0,462,1153,105,234,297,16,218,1410,0,214,0,-200,-3,-282,0,3624
2024/11/06,11:00,3578,0,394,1129,105,234,303,16,218,1325,0,220,0,-207,-4,-155,0,3578
2024/11/06,11:30,3482,0,414,1129,105,234,304,16,218,1230,0,230,0,-208,-3,-187,0,3482
2024/11/06,12:00,3391,0,474,1150,105,235,289,16,218,1158,0,232,0,-192,-8,-286,0,3391
2024/11/06,12:30,3365,0,412,1155,104,235,315,16,218,1007,0,221,0,-13,-4,-301,0,3365
2024/11/06,13:00,3451,0,376,1082,105,235,340,16,211,965,0,220,0,0,-4,-95,0,3451
2024/11/06,13:30,3429,0,402,1138,112,234,363,16,197,771,0,201,0,0,-4,-1,0,3429
2024/11/06,14:00,3482,0,495,1168,184,230,398,16,210,577,0,158,0,0,-1,47,0,3482
2024/11/06,14:30,3434,0,496,1164,324,203,388,16,218,358,0,156,0,0,-1,112,0,3434
2024/11/06,15:00,3492,0,534,1168,403,185,407,16,219,155,0,158,0,145,-31,133,0,3492
2024/11/06,15:30,3634,0,566,1162,448,185,451,16,218,31,0,144,0,181,-5,237,0,3634
2024/11/06,16:00,3735,0,561,1164,497,186,501,16,218,1,0,119,0,180,-4,296,0,3735
2024/11/06,16:30,3839,0,564,1164,457,186,539,16,218,0,0,111,0,195,-4,393,0,3839
2024/11/06,17:00,3825,0,595,1166,386,186,545,16,219,0,0,129,0,204,-5,384,0,3825
2024/11/06,17:30,3767,0,612,1168,396,186,545,16,219,1,0,155,0,201,-8,276,0,3767
2024/11/06,18:00,3710,0,647,1170,377,207,518,16,218,0,0,194,0,200,-7,170,0,3710
2024/11/06,18:30,3660,0,648,1156,355,232,503,16,219,0,0,244,0,195,-5,97,0,3660
2024/11/06,19:00,3611,0,649,1151,390,235,502,16,219,0,0,245,0,197,-6,13,0,3611
2024/11/06,19:30,3543,0,648,1166,417,234,503,16,219,0,0,226,0,194,-5,-75,0,3543
2024/11/06,20:00,3463,0,649,1162,445,236,455,16,219,0,0,222,0,202,-2,-141,0,3463
2024/11/06,20:30,3357,0,625,1162,361,236,454,16,219,0,0,205,0,130,-2,-49,0,3357
2024/11/06,21:00,3266,0,559,1166,344,236,409,16,219,0,0,238,0,20,-3,62,0,3266
2024/11/06,21:30,3160,0,508,1165,344,236,401,16,219,0,0,242,0,20,-4,13,0,3160
2024/11/06,22:00,3128,0,583,1165,381,236,384,16,219,0,0,196,0,23,-2,-73,0,3128
2024/11/06,22:30,3088,0,602,1166,461,235,373,16,219,0,0,205,0,18,-3,-204,0,3088
2024/11/06,23:00,3107,0,519,1161,359,235,371,16,219,0,0,264,0,18,-4,-51,0,3107
2024/11/06,23:30,3083,0,431,1154,303,235,371,16,219,0,0,282,0,24,-2,50,0,3083
2024/11/07,00:00,3048,0,459,1157,224,235,344,16,220,0,0,296,0,24,14,59,0,3048
2024/11/07,00:30,2936,0,477,1154,201,236,341,16,219,0,0,275,0,21,-5,1,0,2936
2024/11/07,01:00,2988,0,537,1163,218,236,362,16,219,0,0,269,0,20,-7,-45,0,2988
2024/11/07,01:30,3010,0,491,1157,227,236,363,16,219,0,0,302,0,23,-50,26,0,3010
2024/11/07,02:00,3070,0,402,1133,201,236,382,16,218,0,0,372,0,22,-5,93,0,3070
2024/11/07,02:30,3164,0,390,1121,192,235,384,16,218,0,0,438,0,24,-5,151,0,3164
2024/11/07,03:00,3240,0,424,1157,148,235,392,16,219,0,0,445,0,18,-5,191,0,3240
2024/11/07,03:30,3276,0,436,1159,147,235,395,16,219,0,0,470,0,21,-19,197,0,3276
2024/11/07,04:00,3354,0,461,1160,147,235,409,16,219,0,0,490,0,22,-5,200,0,3354
2024/11/07,04:30,3398,0,515,1159,155,235,394,16,219,0,0,463,0,21,-4,225,0,3398
2024/11/07,05:00,3435,0,490,1161,176,235,395,16,219,0,0,511,0,17,4,211,0,3435
2024/11/07,05:30,3377,0,449,1162,149,235,396,16,219,0,0,540,0,79,-5,137,0,3377
2024/11/07,06:00,3417,0,444,1162,147,236,416,16,219,3,0,518,0,119,3,134,0,3417
2024/11/07,06:30,3481,0,570,1187,169,235,416,16,219,101,0,455,0,115,2,-4,0,3481
2024/11/07,07:00,3572,0,600,1245,219,232,406,16,219,319,0,421,0,29,0,-134,0,3572
2024/11/07,07:30,3686,0,594,1256,200,234,398,16,218,537,0,433,0,23,-4,-219,0,3686
2024/11/07,08:00,3859,0,606,1245,177,234,348,16,218,756,0,408,0,21,-6,-164,0,3859
2024/11/07,08:30,3991,0,629,1246,167,234,329,16,218,833,0,408,0,25,-5,-109,0,3991
2024/11/07,09:00,4091,0,453,1228,138,234,307,16,218,982,0,450,0,15,-4,54,0,4091
2024/11/07,09:30,4059,0,390,1107,81,234,306,16,217,1115,0,439,0,-32,-5,191,0,4059
2024/11/07,10:00,4018,0,373,1061,57,234,303,16,219,1240,0,366,0,-227,-4,380,0,4018
2024/11/07,10:30,4096,0,352,1222,56,233,303,16,218,1294,0,314,0,-229,-1,318,0,4096
2024/11/07,11:00,4149,0,397,1301,57,233,311,16,218,1205,0,308,0,-229,-5,337,0,4149
2024/11/07,11:30,4057,0,357,1277,56,233,314,16,217,1124,0,314,0,-228,-4,381,0,4057
2024/11/07,12:00,3915,0,345,1223,57,233,299,16,218,1028,0,301,0,-179,-3,377,0,3915
2024/11/07,12:30,3813,0,333,1196,57,233,312,16,218,912,0,283,0,-16,-4,273,0,3813
2024/11/07,13:00,3894,0,448,1304,88,234,325,16,212,804,0,277,0,0,-7,193,0,3894
2024/11/07,13:30,3916,0,474,1433,111,233,345,16,198,648,0,286,0,0,-2,174,0,3916
2024/11/07,14:00,3892,0,547,1470,119,233,375,16,200,478,0,326,0,0,-3,131,0,3892
2024/11/07,14:30,3802,0,574,1488,128,234,410,16,213,305,0,301,0,0,-3,136,0,3802
2024/11/07,15:00,3834,0,617,1486,127,233,455,16,219,152,0,292,0,112,-34,159,0,3834
2024/11/07,15:30,3962,0,575,1484,153,233,475,16,218,45,0,290,0,238,-6,241,0,3962
2024/11/07,16:00,4026,0,579,1491,123,234,506,16,216,2,0,310,0,221,-5,333,0,4026
2024/11/07,16:30,4136,0,620,1491,143,234,518,16,217,0,0,326,0,215,-4,360,0,4136
2024/11/07,17:00,4107,0,616,1496,204,234,525,16,219,0,0,338,0,210,-5,254,0,4107
2024/11/07,17:30,4083,0,621,1625,191,234,527,16,219,3,0,363,0,213,-4,75,0,4083
2024/11/07,18:00,4033,0,625,1749,130,238,509,16,218,3,0,383,0,213,-4,-47,0,4033
2024/11/07,18:30,3973,0,626,1760,124,236,488,16,219,0,0,383,0,215,-5,-89,0,3973
2024/11/07,19:00,3901,0,626,1765,174,235,483,16,218,0,0,359,0,187,-5,-157,0,3901
2024/11/07,19:30,3821,0,626,1770,158,235,481,16,218,0,0,369,0,147,-5,-194,0,3821
2024/11/07,20:00,3741,0,629,1764,205,235,476,16,218,0,0,363,0,49,-5,-209,0,3741
2024/11/07,20:30,3631,0,625,1765,202,235,474,16,219,0,0,369,0,19,-9,-284,0,3631
2024/11/07,21:00,3556,0,626,1767,193,236,429,16,218,0,0,342,0,21,-3,-289,0,3556
2024/11/07,21:30,3432,0,623,1764,183,236,400,16,218,0,0,339,0,19,-7,-359,0,3432
2024/11/07,22:00,3391,0,599,1762,133,236,368,16,219,0,0,348,0,19,-3,-306,0,3391
2024/11/07,22:30,3305,0,577,1763,98,236,358,16,218,0,0,356,0,17,-4,-330,0,3305
2024/11/07,23:00,3331,0,592,1764,140,236,355,16,219,0,0,330,0,17,-5,-333,0,3331
2024/11/07,23:30,3251,0,600,1764,164,235,353,16,218,0,0,279,0,21,-3,-396,0,3251
2024/11/08,00:00,3190,0,570,1761,174,223,275,16,219,0,0,250,0,23,29,-350,0,3190
2024/11/08,00:30,3124,0,560,1760,218,198,272,16,218,0,0,223,0,20,-6,-355,0,3124
2024/11/08,01:00,3167,0,558,1762,235,190,266,16,218,0,0,215,0,23,-50,-266,0,3167
2024/11/08,01:30,3229,0,553,1762,132,192,266,16,218,0,0,199,0,23,-15,-117,0,3229
2024/11/08,02:00,3294,0,558,1764,112,192,271,16,219,0,0,186,0,23,-4,-43,0,3294
2024/11/08,02:30,3366,0,560,1762,102,192,285,16,219,0,0,195,0,21,-4,18,0,3366
2024/11/08,03:00,3429,0,554,1762,134,192,291,16,218,0,0,189,0,22,-5,56,0,3429
2024/11/08,03:30,3519,0,567,1761,146,192,350,16,218,0,0,163,0,21,-5,90,0,3519
2024/11/08,04:00,3566,0,567,1760,178,192,394,16,219,0,0,153,0,20,-4,71,0,3566
2024/11/08,04:30,3598,0,571,1758,241,192,402,16,218,0,0,150,0,22,-5,33,0,3598
2024/11/08,05:00,3633,0,576,1768,255,192,404,16,219,0,0,157,0,21,-5,30,0,3633
2024/11/08,05:30,3621,0,583,1766,205,192,405,16,218,0,0,163,0,21,5,47,0,3621
2024/11/08,06:00,3623,0,600,1766,119,192,407,16,219,3,0,218,0,18,-3,68,0,3623
2024/11/08,06:30,3635,0,630,1765,126,192,376,16,219,105,0,243,0,21,-4,-54,0,3635
2024/11/08,07:00,3676,0,633,1767,190,198,350,16,218,330,0,251,0,18,-3,-292,0,3676
2024/11/08,07:30,3740,0,636,1766,155,207,308,16,218,577,0,255,0,20,-4,-414,0,3740
2024/11/08,08:00,3952,0,637,1766,241,216,280,16,218,885,0,263,0,22,-4,-588,0,3952
2024/11/08,08:30,4000,0,571,1764,175,225,269,16,218,1027,0,274,0,21,-4,-556,0,4000
2024/11/08,09:00,4008,0,426,1623,88,226,268,16,218,1215,0,312,0,12,-5,-391,0,4008
2024/11/08,09:30,3972,0,418,1429,57,227,267,16,218,1375,0,332,0,0,-4,-363,0,3972
2024/11/08,10:00,3908,0,421,1281,57,227,253,16,219,1455,0,348,0,0,-4,-365,0,3908
2024/11/08,10:30,3940,0,462,1354,57,226,238,16,218,1463,0,378,0,0,-3,-469,0,3940
2024/11/08,11:00,4045,0,469,1372,57,227,252,16,217,1414,0,406,0,0,-1,-384,0,4045
2024/11/08,11:30,3999,0,508,1474,57,227,254,16,218,1210,0,439,0,0,-4,-400,0,3999
2024/11/08,12:00,3803,0,394,1454,57,227,247,16,218,1066,0,464,0,0,-4,-336,0,3803
2024/11/08,12:30,3701,0,401,1271,57,228,268,16,218,949,0,484,0,0,-4,-187,0,3701
2024/11/08,13:00,3772,0,405,1282,57,227,274,16,212,837,0,497,0,0,-5,-30,0,3772
2024/11/08,13:30,3808,0,407,1530,57,227,269,16,198,664,0,578,0,0,-3,-135,0,3808
2024/11/08,14:00,3833,0,436,1715,57,227,310,16,201,469,0,671,0,0,-3,-266,0,3833
2024/11/08,14:30,3769,0,439,1738,57,230,347,16,216,259,0,718,0,0,-4,-247,0,3769
2024/11/08,15:00,3740,0,417,1707,57,231,364,16,219,117,0,699,0,0,-20,-67,0,3740
2024/11/08,15:30,3832,0,462,1727,98,209,443,16,219,22,0,645,0,119,-4,-124,0,3832
2024/11/08,16:00,3916,0,426,1753,109,193,470,16,219,0,0,666,0,192,-5,-123,0,3916
2024/11/08,16:30,4004,0,504,1761,109,192,517,16,218,0,0,678,0,191,-5,-177,0,4004
2024/11/08,17:00,3961,0,485,1756,109,193,547,16,219,0,0,677,0,191,-6,-226,0,3961
2024/11/08,17:30,3893,0,464,1756,109,193,564,16,219,1,0,705,0,160,-6,-288,0,3893
2024/11/08,18:00,3824,0,497,1756,111,193,552,16,219,0,0,726,0,95,-5,-336,0,3824
2024/11/08,18:30,3786,0,556,1751,109,193,528,16,219,0,0,733,0,95,-5,-409,0,3786
2024/11/08,19:00,3750,0,576,1752,109,193,508,16,219,0,0,769,0,113,-5,-500,0,3750
2024/11/08,19:30,3662,0,533,1755,109,192,483,16,219,0,0,816,0,51,-5,-507,0,3662
2024/11/08,20:00,3583,0,517,1756,82,192,461,16,219,0,0,804,0,21,-5,-480,0,3583
2024/11/08,20:30,3487,0,549,1756,82,192,425,16,219,0,0,787,0,19,-13,-545,0,3487
2024/11/08,21:00,3411,0,514,1752,109,193,399,16,219,0,0,811,0,21,-4,-619,0,3411
2024/11/08,21:30,3321,0,430,1753,108,193,389,16,218,0,0,840,0,22,-4,-644,0,3321
2024/11/08,22:00,3221,0,404,1689,99,193,344,16,218,0,0,849,0,21,-3,-609,0,3221
2024/11/08,22:30,3163,0,413,1658,99,193,327,16,219,0,0,839,0,20,-4,-617,0,3163
2024/11/08,23:00,3230,0,461,1699,99,193,324,16,219,0,0,819,0,21,-4,-617,0,3230
2024/11/08,23:30,3132,0,431,1674,99,193,323,16,219,0,0,768,0,22,-4,-609,0,3132
2024/11/09,00:00,3096,0,499,1638,99,193,259,16,219,0,0,721,0,22,20,-590,0,3096
2024/11/09,00:30,3020,0,518,1636,99,193,242,16,219,0,0,689,0,21,-5,-608,0,3020
2024/11/09,01:00,3035,0,544,1637,99,193,242,16,219,0,0,664,0,22,-5,-596,0,3035
2024/11/09,01:30,3027,0,497,1635,99,193,242,16,219,0,0,642,0,21,-5,-532,0,3027
2024/11/09,02:00,3055,0,474,1634,99,193,244,16,219,0,0,614,0,22,-49,-411,0,3055
2024/11/09,02:30,3117,0,457,1637,99,193,259,16,219,0,0,572,0,25,-4,-356,0,3117
2024/11/09,03:00,3214,0,532,1642,103,193,297,16,218,0,0,550,0,21,-5,-353,0,3214
2024/11/09,03:30,3266,0,569,1587,108,189,315,16,219,0,0,547,0,45,-5,-324,0,3266
2024/11/09,04:00,3291,0,559,1427,119,193,372,16,219,0,0,505,0,99,-6,-212,0,3291
2024/11/09,04:30,3281,0,574,1371,193,193,383,16,219,0,0,444,0,99,-6,-205,0,3281
2024/11/09,05:00,3291,0,577,1374,246,193,379,16,219,0,0,395,0,100,-5,-203,0,3291
2024/11/09,05:30,3215,0,580,1375,231,193,382,16,219,0,0,360,0,99,1,-241,0,3215
2024/11/09,06:00,3184,0,610,1376,162,193,385,16,218,3,0,319,0,102,-4,-196,0,3184
2024/11/09,06:30,3126,0,616,1377,273,193,330,16,219,91,0,251,0,100,-4,-336,0,3126
2024/11/09,07:00,3154,0,618,1382,294,199,304,16,218,315,0,209,0,98,-4,-495,0,3154
2024/11/09,07:30,3208,0,625,1382,298,208,283,16,219,513,0,190,0,29,-1,-554,0,3208
2024/11/09,08:00,3310,0,590,1379,301,218,273,16,218,720,0,167,0,30,-2,-600,0,3310
2024/11/09,08:30,3370,0,570,1379,213,225,258,16,217,855,0,160,0,25,-3,-545,0,3370
2024/11/09,09:00,3386,0,434,1263,83,227,257,16,218,1003,0,166,0,-14,-2,-265,0,3386
2024/11/09,09:30,3296,0,386,1069,53,228,252,16,218,1117,0,160,0,-202,-6,5,0,3296
2024/11/09,10:00,3235,0,363,967,53,228,228,16,218,1220,0,137,0,-350,-5,160,0,3235
2024/11/09,10:30,3159,0,324,1089,53,227,226,16,218,1383,0,103,0,-532,-3,55,0,3159
2024/11/09,11:00,3180,0,324,1166,53,228,223,16,218,1448,0,71,0,-534,-5,-28,0,3180
2024/11/09,11:30,3128,0,334,1240,53,227,223,16,218,1480,0,52,0,-536,-5,-174,0,3128
2024/11/09,12:00,3001,0,356,1229,53,228,224,16,218,1433,0,51,0,-537,-4,-266,0,3001
2024/11/09,12:30,2887,0,360,1178,53,227,224,16,218,1337,0,36,0,-524,-2,-236,0,2887
2024/11/09,13:00,2884,0,353,1168,55,228,239,16,209,1176,0,37,0,-405,-4,-188,0,2884
2024/11/09,13:30,2820,0,339,1241,53,228,229,16,198,981,0,44,0,-253,-4,-252,0,2820
2024/11/09,14:00,2820,0,381,1301,53,224,242,16,202,758,0,42,0,-45,-2,-352,0,2820
2024/11/09,14:30,2824,0,469,1445,53,196,252,16,217,479,0,39,0,0,-5,-337,0,2824
2024/11/09,15:00,2941,0,551,1548,60,179,306,16,219,238,0,47,0,7,-3,-227,0,2941
2024/11/09,15:30,3103,0,578,1605,118,179,340,16,219,68,0,42,0,22,-3,-81,0,3103
2024/11/09,16:00,3254,0,602,1632,155,165,446,16,219,3,0,34,0,23,2,-43,0,3254
2024/11/09,16:30,3414,0,608,1632,194,141,496,16,219,0,0,37,0,96,2,-27,0,3414
2024/11/09,17:00,3463,0,605,1638,169,140,519,16,219,0,0,42,0,100,1,14,0,3463
2024/11/09,17:30,3475,0,606,1642,147,143,522,16,219,0,0,46,0,100,0,34,0,3475
2024/11/09,18:00,3468,0,603,1640,121,164,519,16,219,0,0,62,0,97,11,16,0,3468
2024/11/09,18:30,3454,0,581,1640,110,189,510,16,219,0,0,97,0,98,40,-46,0,3454
2024/11/09,19:00,3437,0,611,1640,147,191,473,16,219,0,0,107,0,86,-1,-52,0,3437
2024/11/09,19:30,3381,0,621,1640,178,190,461,16,219,0,0,121,0,27,-3,-89,0,3381
2024/11/09,20:00,3358,0,618,1639,119,191,446,16,219,0,0,146,0,20,-2,-54,0,3358
2024/11/09,20:30,3290,0,614,1639,147,191,425,16,219,0,0,141,0,22,-2,-122,0,3290
2024/11/09,21:00,3225,0,604,1638,196,192,380,16,219,0,0,143,0,42,-3,-202,0,3225
2024/11/09,21:30,3139,0,600,1641,159,191,317,16,219,0,0,150,0,79,-3,-230,0,3139
2024/11/09,22:00,3082,0,587,1643,174,192,295,16,219,0,0,156,0,80,-3,-277,0,3082
2024/11/09,22:30,3020,0,578,1641,176,191,284,16,219,0,0,161,0,72,-3,-315,0,3020
2024/11/09,23:00,3077,0,579,1642,132,191,268,16,219,0,0,207,0,78,-3,-252,0,3077
2024/11/09,23:30,3029,0,573,1640,111,191,264,16,219,0,0,290,0,81,-3,-353,0,3029
2024/11/10,00:00,3003,0,533,1558,143,192,259,16,219,0,0,312,0,80,-4,-305,0,3003
2024/11/10,00:30,2915,0,414,1629,98,192,259,16,219,0,0,317,0,58,-4,-283,0,2915
2024/11/10,01:00,2965,0,423,1634,99,192,257,16,219,0,0,347,0,41,-46,-217,0,2965
2024/11/10,01:30,2999,0,391,1630,99,192,259,16,219,0,0,395,0,38,-4,-236,0,2999
2024/11/10,02:00,3055,0,468,1638,99,192,273,16,219,0,0,359,0,41,-3,-247,0,3055
2024/11/10,02:30,3123,0,468,1641,99,192,284,16,219,0,0,402,0,40,-3,-235,0,3123
2024/11/10,03:00,3194,0,479,1643,99,192,312,16,219,0,0,410,0,42,-3,-215,0,3194
2024/11/10,03:30,3254,0,520,1588,99,191,320,16,219,0,0,453,0,42,-6,-188,0,3254
2024/11/10,04:00,3307,0,571,1426,184,192,353,16,219,0,0,493,0,47,-7,-187,0,3307
2024/11/10,04:30,3309,0,572,1384,250,192,366,16,219,0,0,494,0,42,-7,-219,0,3309
2024/11/10,05:00,3304,0,576,1382,244,192,382,16,219,0,0,494,0,43,-6,-238,0,3304
2024/11/10,05:30,3218,0,577,1384,275,192,382,16,219,0,0,497,0,40,-7,-357,0,3218
2024/11/10,06:00,3144,0,605,1385,249,192,377,16,219,3,0,477,0,24,-5,-398,0,3144
2024/11/10,06:30,3092,0,613,1385,304,192,310,16,219,97,0,433,0,71,-3,-545,0,3092
2024/11/10,07:00,3065,0,615,1361,150,187,284,16,219,349,0,446,0,21,-6,-577,0,3065
2024/11/10,07:30,3039,0,529,1293,107,187,262,16,219,586,0,456,0,10,-4,-622,0,3039
2024/11/10,08:00,3048,0,427,1173,58,186,229,16,218,864,0,483,0,0,-4,-602,0,3048
2024/11/10,08:30,3034,0,375,1052,52,175,216,16,219,1034,0,503,0,0,-6,-602,0,3034
2024/11/10,09:00,3064,0,362,925,52,161,211,16,218,1224,0,518,0,-3,-6,-614,0,3064
2024/11/10,09:30,3038,0,369,734,52,161,210,16,218,1359,0,537,0,-196,-5,-417,0,3038
2024/11/10,10:00,3026,0,342,715,55,161,197,16,219,1428,0,585,0,-211,-3,-478,0,3026
2024/11/10,10:30,2972,0,352,713,56,161,204,16,218,1424,0,580,0,-383,-3,-366,0,2972
2024/11/10,11:00,2966,0,330,790,53,161,201,16,218,1420,0,517,0,-395,-4,-341,0,2966
2024/11/10,11:30,2962,0,320,866,53,161,220,16,218,1319,0,512,0,-406,-3,-314,0,2962
2024/11/10,12:00,2922,0,307,835,53,161,209,16,219,1252,0,527,0,-415,0,-242,0,2922
2024/11/10,12:30,2814,0,304,948,52,162,209,16,219,1166,0,536,0,-425,-9,-364,0,2814
2024/11/10,13:00,2841,0,423,1174,71,161,213,16,210,960,0,534,0,-402,-13,-506,0,2841
2024/11/10,13:30,2811,0,402,1250,95,161,213,16,198,733,0,586,0,-243,-5,-595,0,2811
2024/11/10,14:00,2802,0,394,1399,53,161,224,16,208,534,0,618,0,-209,-8,-588,0,2802
2024/11/10,14:30,2796,0,467,1346,76,161,231,16,219,302,0,591,0,-58,-3,-552,0,2796
2024/11/10,15:00,2855,0,408,1497,106,161,283,16,218,132,0,568,0,0,-18,-516,0,2855
2024/11/10,15:30,2949,0,464,1552,105,161,327,16,218,24,0,519,0,0,-8,-429,0,2949
2024/11/10,16:00,3116,0,464,1591,102,162,416,16,218,1,0,525,0,0,-8,-371,0,3116
2024/11/10,16:30,3260,0,460,1638,99,161,467,16,218,0,0,538,0,0,-7,-330,0,3260
2024/11/10,17:00,3319,0,507,1638,98,162,511,16,219,0,0,568,0,7,-6,-401,0,3319
2024/11/10,17:30,3363,0,557,1639,53,161,516,16,217,0,0,592,0,27,-6,-409,0,3363
2024/11/10,18:00,3372,0,603,1642,95,161,518,16,213,0,0,593,0,23,-6,-486,0,3372
2024/11/10,18:30,3332,0,617,1644,110,161,518,16,208,0,0,606,0,21,-6,-563,0,3332
2024/11/10,19:00,3317,0,616,1642,107,161,496,16,203,0,0,639,0,22,-6,-579,0,3317
2024/11/10,19:30,3285,0,619,1641,154,161,440,16,199,0,0,632,0,23,-6,-594,0,3285
2024/11/10,20:00,3266,0,610,1638,134,161,433,16,198,0,0,610,0,21,-5,-550,0,3266
2024/11/10,20:30,3186,0,612,1638,138,161,389,16,198,0,0,622,0,21,-6,-603,0,3186
2024/11/10,21:00,3123,0,607,1638,168,161,290,16,200,0,0,616,0,25,-5,-593,0,3123
2024/11/10,21:30,3045,0,605,1639,115,163,283,16,204,0,0,587,0,24,-7,-584,0,3045
2024/11/10,22:00,2950,0,529,1637,98,162,274,16,208,0,0,583,0,20,-5,-572,0,2950
2024/11/10,22:30,2850,0,414,1625,99,162,261,16,213,0,0,584,0,19,-6,-537,0,2850
2024/11/10,23:00,2896,0,407,1610,71,162,258,16,218,0,0,590,0,22,-5,-453,0,2896
2024/11/10,23:30,2850,0,432,1641,47,162,247,16,218,0,0,605,0,21,-6,-533,0,2850
2024/11/11,00:00,2845,0,505,1637,46,162,239,16,219,0,0,630,0,33,-51,-591,0,2845
2024/11/11,00:30,2733,0,413,1603,47,162,238,16,218,0,0,624,0,21,-8,-601,0,2733
2024/11/11,01:00,2772,0,400,1630,46,162,226,16,218,0,0,636,0,21,-7,-576,0,2772
2024/11/11,01:30,2820,0,414,1634,46,162,224,16,218,0,0,653,0,22,-5,-564,0,2820
2024/11/11,02:00,2855,0,394,1601,46,162,240,16,219,0,0,650,0,22,-4,-491,0,2855
2024/11/11,02:30,2945,0,417,1635,47,162,254,16,219,0,0,678,0,21,-5,-499,0,2945
2024/11/11,03:00,3002,0,460,1637,47,162,260,16,219,0,0,672,0,22,-5,-488,0,3002
2024/11/11,03:30,3054,0,459,1639,47,162,263,16,219,0,0,692,0,20,-6,-457,0,3054
2024/11/11,04:00,3111,0,417,1639,47,161,313,16,219,0,0,723,0,18,-6,-436,0,3111
2024/11/11,04:30,3137,0,441,1637,47,162,315,16,218,0,0,693,0,24,-5,-411,0,3137
2024/11/11,05:00,3187,0,521,1636,78,162,314,16,218,0,0,681,0,20,-5,-454,0,3187
2024/11/11,05:30,3121,0,456,1637,100,162,316,16,218,0,0,696,0,21,-6,-495,0,3121
2024/11/11,06:00,3176,0,506,1638,66,162,288,16,218,2,0,657,0,22,-4,-395,0,3176
2024/11/11,06:30,3216,0,605,1639,80,162,275,16,218,61,0,575,0,45,-4,-456,0,3216
2024/11/11,07:00,3384,0,628,1637,227,162,269,16,218,220,0,588,0,34,-3,-612,0,3384
2024/11/11,07:30,3496,0,629,1638,263,161,236,16,218,349,0,614,0,32,-4,-656,0,3496
2024/11/11,08:00,3673,0,626,1621,298,161,214,16,218,506,0,614,0,36,-3,-634,0,3673
2024/11/11,08:30,3693,0,603,1582,278,161,204,16,217,607,0,619,0,18,-4,-608,0,3693
2024/11/11,09:00,3625,0,455,1475,94,160,200,16,218,759,0,651,0,5,-5,-403,0,3625
2024/11/11,09:30,3591,0,423,1209,67,160,203,16,217,941,0,658,0,0,-5,-298,0,3591
2024/11/11,10:00,3498,0,423,903,63,160,194,16,218,1142,0,679,0,-53,-5,-242,0,3498
2024/11/11,10:30,3506,0,397,898,73,160,193,16,217,1216,0,665,0,-197,-5,-127,0,3506
2024/11/11,11:00,3511,0,366,887,70,160,188,16,217,1271,0,601,0,-201,-6,-58,0,3511
2024/11/11,11:30,3415,0,347,883,69,160,186,16,218,1348,0,597,0,-203,-5,-201,0,3415
2024/11/11,12:00,3190,0,358,811,67,160,199,16,217,1323,0,578,0,-352,-5,-182,0,3190
2024/11/11,12:30,3084,0,356,959,66,161,187,16,208,1216,0,535,0,-349,-1,-270,0,3084
2024/11/11,13:00,3203,0,360,1090,65,158,203,16,190,1089,0,510,0,-112,3,-369,0,3203
2024/11/11,13:30,3189,0,358,1230,64,158,209,16,176,919,0,444,0,0,2,-387,0,3189
2024/11/11,14:00,3195,0,395,1364,63,160,226,16,185,707,0,376,0,0,2,-299,0,3195
2024/11/11,14:30,3219,0,494,1523,76,160,249,16,197,443,0,331,0,0,-4,-266,0,3219
2024/11/11,15:00,3284,0,518,1588,122,160,312,16,199,211,0,313,0,0,-4,-151,0,3284
2024/11/11,15:30,3450,0,498,1627,122,160,372,16,198,55,0,268,0,92,-5,47,0,3450
2024/11/11,16:00,3621,0,483,1641,122,161,420,16,200,1,0,265,0,191,-5,126,0,3621
2024/11/11,16:30,3749,0,588,1639,142,161,431,16,206,0,0,261,0,207,-4,102,0,3749
2024/11/11,17:00,3718,0,615,1639,181,160,432,16,210,0,0,234,0,211,-5,25,0,3718
2024/11/11,17:30,3668,0,614,1641,140,161,433,16,213,0,0,225,0,208,-5,22,0,3668
2024/11/11,18:00,3637,0,599,1642,124,161,431,16,218,0,0,222,0,189,-5,40,0,3637
2024/11/11,18:30,3583,0,567,1643,121,159,431,16,219,0,0,223,0,189,-5,20,0,3583
2024/11/11,19:00,3538,0,611,1641,148,134,401,16,219,0,0,168,0,198,-4,6,0,3538
2024/11/11,19:30,3466,0,618,1641,219,109,387,16,219,0,0,90,0,135,-4,36,0,3466
2024/11/11,20:00,3371,0,617,1643,130,112,371,16,219,0,0,51,0,37,-5,180,0,3371
2024/11/11,20:30,3289,0,622,1642,140,112,322,16,220,0,0,37,0,21,-5,162,0,3289
2024/11/11,21:00,3245,0,614,1644,176,133,321,16,219,0,0,25,0,21,-5,81,0,3245
2024/11/11,21:30,3137,0,580,1643,118,159,278,16,219,0,0,19,0,18,-5,92,0,3137
2024/11/11,22:00,3049,0,569,1641,104,161,246,16,219,0,0,18,0,21,-5,59,0,3049
2024/11/11,22:30,2985,0,564,1640,103,163,243,16,218,0,0,18,0,18,-6,8,0,2985
2024/11/11,23:00,3013,0,542,1642,99,162,241,16,219,0,0,22,0,19,-6,57,0,3013
2024/11/11,23:30,2925,0,531,1641,99,162,239,16,219,0,0,25,0,19,-5,-21,0,2925
2024/11/12,00:00,2909,0,536,1643,104,163,229,16,219,0,0,28,0,20,-5,-44,0,2909
2024/11/12,00:30,2875,0,553,1637,128,163,226,16,219,0,0,37,0,21,-5,-120,0,2875
2024/11/12,01:00,2877,0,492,1635,98,163,212,16,218,0,0,56,0,21,-21,-13,0,2877
2024/11/12,01:30,2915,0,416,1631,64,163,218,16,218,0,0,92,0,21,-5,81,0,2915
2024/11/12,02:00,2973,0,441,1629,47,163,222,16,219,0,0,101,0,22,-4,117,0,2973
2024/11/12,02:30,3025,0,511,1641,46,163,221,16,219,0,0,100,0,21,-4,91,0,3025
2024/11/12,03:00,3102,0,507,1643,83,163,254,16,218,0,0,97,0,21,-5,105,0,3102
2024/11/12,03:30,3178,0,552,1640,130,163,280,16,219,0,0,104,0,23,-5,56,0,3178
2024/11/12,04:00,3253,0,574,1641,104,163,294,16,219,0,0,123,0,22,-5,102,0,3253
2024/11/12,04:30,3277,0,575,1642,139,163,302,16,219,0,0,99,0,21,-5,106,0,3277
2024/11/12,05:00,3335,0,580,1644,120,163,298,16,219,0,0,120,0,21,-5,159,0,3335
2024/11/12,05:30,3323,0,573,1645,107,163,288,16,218,0,0,162,0,20,-5,136,0,3323
2024/11/12,06:00,3368,0,513,1643,112,163,276,16,218,2,0,235,0,21,-4,173,0,3368
2024/11/12,06:30,3364,0,522,1644,137,164,259,16,219,65,0,263,0,20,-4,59,0,3364
2024/11/12,07:00,3482,0,597,1644,185,162,222,16,218,274,0,299,0,22,-4,-153,0,3482
2024/11/12,07:30,3472,0,470,1632,205,163,205,16,219,480,0,333,0,15,-7,-259,0,3472
2024/11/12,08:00,3600,0,415,1497,130,162,201,16,218,761,0,369,0,2,-3,-168,0,3600
2024/11/12,08:30,3808,0,464,1476,121,162,199,16,217,962,0,389,0,0,-5,-193,0,3808
2024/11/12,09:00,3869,0,452,1407,120,161,191,16,217,1092,0,414,0,13,-6,-208,0,3869
2024/11/12,09:30,3873,0,443,1324,111,161,178,16,216,1141,0,439,0,9,-1,-164,0,3873
2024/11/12,10:00,3833,0,441,1292,111,161,169,16,217,1106,0,488,0,0,-2,-166,0,3833
2024/11/12,10:30,3717,0,405,1161,111,161,167,16,218,1155,0,484,0,0,-2,-159,0,3717
2024/11/12,11:00,3749,0,473,1165,111,161,175,16,218,1137,0,432,0,0,-2,-137,0,3749
2024/11/12,11:30,3727,0,523,1280,102,161,161,16,217,1048,0,385,0,14,-5,-175,0,3727
2024/11/12,12:00,3655,0,570,1401,65,159,155,16,210,909,0,362,0,32,-5,-219,0,3655
2024/11/12,12:30,3575,0,591,1450,111,162,155,16,197,807,0,342,0,19,-2,-273,0,3575
2024/11/12,13:00,3672,0,610,1482,165,162,156,16,197,673,0,352,0,31,-2,-170,0,3672
2024/11/12,13:30,3626,0,616,1537,163,162,157,16,197,524,0,309,0,25,-2,-78,0,3626
2024/11/12,14:00,3693,0,616,1572,268,161,158,16,197,371,0,202,0,29,-4,107,0,3693
2024/11/12,14:30,3653,0,582,1629,172,161,235,16,213,216,0,153,0,23,-6,259,0,3653
2024/11/12,15:00,3681,0,587,1641,133,162,270,16,218,85,0,196,0,23,-4,354,0,3681
2024/11/12,15:30,3777,0,598,1644,119,162,313,16,218,8,0,216,0,98,-5,390,0,3777
2024/11/12,16:00,3848,0,539,1647,117,164,385,16,218,0,0,218,0,169,-3,378,0,3848
2024/11/12,16:30,3896,0,458,1647,118,163,405,16,217,1,0,261,0,211,33,366,0,3896
2024/11/12,17:00,3835,0,531,1649,126,163,412,16,217,1,0,241,0,209,16,254,0,3835
2024/11/12,17:30,3759,0,567,1651,131,162,421,16,218,0,0,272,0,207,3,111,0,3759
2024/11/12,18:00,3722,0,522,1642,119,163,425,16,218,0,0,380,0,175,1,61,0,3722
2024/11/12,18:30,3680,0,477,1639,122,162,424,16,219,0,0,476,0,116,1,28,0,3680
2024/11/12,19:00,3617,0,469,1640,122,162,378,16,219,0,0,561,0,94,0,-44,0,3617
2024/11/12,19:30,3563,0,568,1641,122,162,371,16,219,0,0,553,0,25,-1,-113,0,3563
2024/11/12,20:00,3482,0,605,1644,140,163,341,16,218,0,0,546,0,19,-1,-209,0,3482
2024/11/12,20:30,3364,0,601,1643,128,162,322,16,219,0,0,547,0,20,-2,-292,0,3364
2024/11/12,21:00,3298,0,608,1648,137,163,308,16,219,0,0,543,0,21,-3,-362,0,3298
2024/11/12,21:30,3204,0,608,1648,223,163,234,16,218,0,0,508,0,31,-2,-443,0,3204
2024/11/12,22:00,3133,0,606,1637,186,163,233,16,219,0,0,536,0,21,-3,-481,0,3133
2024/11/12,22:30,3049,0,544,1623,127,163,231,16,218,0,0,546,0,19,-3,-435,0,3049
2024/11/12,23:00,3071,0,423,1625,95,164,219,16,219,0,0,621,0,21,-4,-328,0,3071
2024/11/12,23:30,3009,0,487,1572,55,163,209,16,218,0,0,618,0,17,-4,-342,0,3009
2024/11/13,00:00,2980,0,552,1617,98,163,209,16,219,0,0,600,0,29,0,-523,0,2980
2024/11/13,00:30,2920,0,555,1630,100,163,211,16,219,0,0,571,0,30,-3,-572,0,2920
2024/11/13,01:00,2943,0,547,1617,75,163,220,16,219,0,0,573,0,41,-50,-478,0,2943
2024/11/13,01:30,2979,0,538,1551,98,164,208,16,219,0,0,552,0,23,-49,-341,0,2979
2024/11/13,02:00,2997,0,545,1564,99,163,205,16,219,0,0,499,0,23,-8,-328,0,2997
2024/11/13,02:30,3127,0,548,1644,123,163,256,16,219,0,0,446,0,21,-6,-303,0,3127
2024/11/13,03:00,3209,0,553,1643,136,163,281,16,219,0,0,380,0,24,-6,-200,0,3209
2024/11/13,03:30,3253,0,531,1604,119,164,305,16,219,0,0,379,0,19,-6,-97,0,3253
2024/11/13,04:00,3319,0,536,1528,169,163,308,16,219,0,0,359,0,26,-6,1,0,3319
2024/11/13,04:30,3353,0,534,1624,142,163,333,16,218,0,0,355,0,18,-5,-45,0,3353
2024/11/13,05:00,3358,0,541,1635,171,163,341,16,220,0,0,306,0,23,-5,-53,0,3358
2024/11/13,05:30,3364,0,547,1635,218,163,333,16,219,0,0,291,0,20,-7,-71,0,3364
2024/11/13,06:00,3361,0,558,1637,200,163,304,16,219,2,0,327,0,16,-4,-77,0,3361
2024/11/13,06:30,3377,0,569,1637,195,163,278,16,219,66,0,302,0,22,-5,-85,0,3377
2024/11/13,07:00,3479,0,603,1642,235,163,248,16,218,309,0,271,0,20,-3,-243,0,3479
2024/11/13,07:30,3499,0,612,1604,161,162,209,16,219,534,0,258,0,20,-5,-291,0,3499
2024/11/13,08:00,3635,0,610,1419,125,162,203,16,218,779,0,242,0,21,-5,-155,0,3635
2024/11/13,08:30,3765,0,594,1317,128,162,189,16,217,910,0,236,0,26,-5,-25,0,3765
2024/11/13,09:00,3862,0,585,1326,203,161,187,16,218,1044,0,239,0,15,-5,-127,0,3862
2024/11/13,09:30,3862,0,522,1295,114,161,187,16,218,1089,0,251,0,0,-4,13,0,3862
2024/11/13,10:00,3800,0,509,1095,115,161,176,16,217,1140,0,248,0,0,-7,130,0,3800
2024/11/13,10:30,3764,0,517,967,116,146,174,16,218,1210,0,238,0,-25,-3,190,0,3764
2024/11/13,11:00,3860,0,519,1177,106,115,177,16,219,1234,0,200,0,-219,-2,318,0,3860
2024/11/13,11:30,3768,0,540,1319,63,107,185,16,217,1156,0,175,0,-222,-2,214,0,3768
2024/11/13,12:00,3544,0,507,1034,62,120,192,16,218,1108,0,188,0,-230,-5,334,0,3544
2024/11/13,12:30,3392,0,520,971,63,125,183,16,218,1088,0,213,0,-363,-2,360,0,3392
2024/11/13,13:00,3484,0,538,1221,63,113,184,16,208,953,0,215,0,-372,-4,349,0,3484
2024/11/13,13:30,3432,0,524,1254,92,116,186,16,197,754,0,277,0,-186,-4,206,0,3432
2024/11/13,14:00,3451,0,566,1264,116,140,202,16,206,569,0,320,0,-4,-3,59,0,3451
2024/11/13,14:30,3453,0,596,1464,167,140,236,16,218,346,0,276,0,11,-4,-13,0,3453
2024/11/13,15:00,3514,0,587,1581,166,140,328,16,218,154,0,234,0,58,-5,37,0,3514
2024/11/13,15:30,3702,0,612,1599,196,140,365,16,218,36,0,202,0,70,-5,253,0,3702
2024/11/13,16:00,3821,0,594,1618,164,141,397,16,220,1,0,219,0,158,-3,296,0,3821
2024/11/13,16:30,3903,0,587,1615,119,141,396,16,221,0,0,241,0,175,41,351,0,3903
2024/11/13,17:00,3872,0,610,1642,131,141,400,16,224,0,0,259,0,180,-5,274,0,3872
2024/11/13,17:30,3816,0,605,1644,124,130,410,16,229,0,0,274,0,177,-5,212,0,3816
2024/11/13,18:00,3776,0,613,1639,143,113,385,16,234,0,0,259,0,197,-5,182,0,3776
2024/11/13,18:30,3742,0,612,1635,167,113,394,16,240,0,0,263,0,118,-5,189,0,3742
2024/11/13,19:00,3682,0,610,1641,124,113,377,16,241,0,0,227,0,111,-5,227,0,3682
2024/11/13,19:30,3614,0,604,1632,152,113,368,16,241,0,0,211,0,56,-5,226,0,3614
2024/11/13,20:00,3566,0,609,1630,219,111,345,16,241,0,0,199,0,22,-5,179,0,3566
2024/11/13,20:30,3452,0,599,1627,193,115,325,16,241,0,0,186,0,21,-5,134,0,3452
2024/11/13,21:00,3362,0,589,1639,178,135,311,16,240,0,0,185,0,19,-5,55,0,3362
2024/11/13,21:30,3262,0,586,1644,157,160,296,16,239,0,0,172,0,18,-5,-21,0,3262
2024/11/13,22:00,3219,0,582,1641,167,162,295,16,240,0,0,165,0,19,-5,-63,0,3219
2024/11/13,22:30,3133,0,581,1638,189,162,295,16,240,0,0,137,0,20,-6,-139,0,3133
2024/11/13,23:00,3190,0,583,1634,183,163,294,16,241,0,0,120,0,21,-5,-60,0,3190
2024/11/13,23:30,3114,0,578,1637,177,162,294,16,239,0,0,105,0,22,-5,-111,0,3114
2024/11/14,00:00,3081,0,587,1636,237,163,232,16,240,0,0,62,0,26,-6,-112,0,3081
2024/11/14,00:30,2993,0,587,1638,213,164,230,16,240,0,0,34,0,21,-7,-143,0,2993
2024/11/14,01:00,3042,0,582,1637,108,164,240,16,241,0,0,35,0,23,-30,26,0,3042
2024/11/14,01:30,3082,0,579,1634,104,163,214,16,241,0,0,45,0,21,-50,115,0,3082
2024/11/14,02:00,3155,0,574,1645,174,163,204,16,240,0,0,37,0,26,-5,81,0,3155
2024/11/14,02:30,3235,0,572,1645,160,163,217,16,240,0,0,35,0,24,-4,167,0,3235
2024/11/14,03:00,3327,0,578,1643,134,163,227,16,241,0,0,31,0,34,-6,266,0,3327
2024/11/14,03:30,3367,0,573,1643,158,163,277,16,240,0,0,37,0,16,-6,250,0,3367
2024/11/14,04:00,3463,0,570,1644,139,164,297,16,241,0,0,48,0,22,-4,326,0,3463
2024/11/14,04:30,3463,0,567,1634,166,162,313,16,240,0,0,58,0,22,-5,290,0,3463
2024/11/14,05:00,3517,0,587,1641,161,164,305,16,240,0,0,59,0,22,-7,329,0,3517
2024/11/14,05:30,3513,0,576,1643,146,164,304,16,240,0,0,93,0,20,-6,317,0,3513
2024/11/14,06:00,3572,0,595,1643,166,163,272,16,240,2,0,115,0,20,-5,345,0,3572
2024/11/14,06:30,3488,0,580,1590,199,163,257,16,240,70,0,122,0,13,-4,242,0,3488
2024/11/14,07:00,3522,0,589,1553,201,163,204,16,241,331,0,142,0,18,-8,72,0,3522
2024/11/14,07:30,3464,0,565,1495,196,163,197,16,240,581,0,165,0,0,-4,-150,0,3464
2024/11/14,08:00,3576,0,582,1390,156,162,193,16,239,923,0,180,0,0,-2,-263,0,3576
2024/11/14,08:30,3680,0,579,1460,111,162,177,16,240,1158,0,194,0,0,1,-418,0,3680
2024/11/14,09:00,3693,0,576,1370,111,162,175,16,239,1326,0,184,0,1,1,-468,0,3693
2024/11/14,09:30,3615,0,567,963,111,162,173,16,238,1458,0,201,0,26,-4,-296,0,3615
2024/11/14,10:00,3531,0,556,851,115,162,175,16,238,1534,0,237,0,-110,-2,-241,0,3531
2024/11/14,10:30,3481,0,561,818,151,162,184,16,239,1589,0,289,0,-405,1,-124,0,3481
2024/11/14,11:00,3475,0,599,810,152,161,195,16,239,1587,0,305,0,-458,-6,-125,0,3475
2024/11/14,11:30,3385,0,570,818,221,161,178,16,239,1530,0,315,0,-423,-2,-238,0,3385
2024/11/14,12:00,3225,0,570,866,221,162,161,16,239,1442,0,326,0,-436,-2,-340,0,3225
2024/11/14,12:30,3141,0,522,981,187,162,151,16,239,1320,0,326,0,-388,-5,-370,0,3141
2024/11/14,13:00,3249,0,543,1017,192,162,150,16,228,1158,0,312,0,-207,-4,-318,0,3249
2024/11/14,13:30,3233,0,575,1062,171,162,151,16,218,954,0,351,0,-16,-5,-406,0,3233
2024/11/14,14:00,3276,0,612,1352,150,162,189,16,226,717,0,358,0,0,-2,-504,0,3276
2024/11/14,14:30,3296,0,599,1521,144,162,212,16,238,442,0,306,0,5,-3,-346,0,3296
2024/11/14,15:00,3404,0,591,1589,162,162,248,16,239,206,0,285,0,90,-4,-180,0,3404
2024/11/14,15:30,3598,0,591,1638,168,162,293,16,239,41,0,303,0,172,-5,-20,0,3598
2024/11/14,16:00,3728,0,590,1616,136,162,329,16,240,0,0,315,0,171,-4,157,0,3728
2024/11/14,16:30,3844,0,586,1637,209,163,377,16,239,0,0,323,0,170,2,122,0,3844
2024/11/14,17:00,3796,0,577,1640,252,163,389,16,240,0,0,342,0,92,-5,90,0,3796
2024/11/14,17:30,3760,0,580,1643,220,161,402,16,240,0,0,365,0,78,-5,60,0,3760
2024/11/14,18:00,3727,0,583,1643,231,163,409,16,240,0,0,377,0,77,-5,-7,0,3727
2024/11/14,18:30,3689,0,582,1641,238,163,415,16,240,0,0,394,0,78,-5,-73,0,3689
2024/11/14,19:00,3643,0,584,1642,184,163,403,16,240,0,0,436,0,78,-5,-98,0,3643
2024/11/14,19:30,3577,0,594,1641,168,163,388,16,240,0,0,439,0,78,-4,-146,0,3577
2024/11/14,20:00,3503,0,583,1641,168,163,327,16,240,0,0,454,0,75,-5,-159,0,3503
2024/11/14,20:30,3417,0,594,1637,196,163,331,16,240,0,0,457,0,19,-5,-231,0,3417
2024/11/14,21:00,3328,0,594,1642,205,163,319,16,240,0,0,452,0,16,-5,-314,0,3328
2024/11/14,21:30,3212,0,592,1639,146,163,288,16,239,0,0,463,0,15,-5,-344,0,3212
2024/11/14,22:00,3151,0,583,1617,127,163,292,16,240,0,0,498,0,21,-5,-401,0,3151
2024/11/14,22:30,3073,0,583,1584,109,163,293,16,239,0,0,503,0,19,-6,-430,0,3073
2024/11/14,23:00,3116,0,578,1578,99,163,293,16,239,0,0,528,0,17,-6,-389,0,3116
2024/11/14,23:30,3074,0,572,1609,115,163,292,16,239,0,0,517,0,24,-6,-467,0,3074
2024/11/15,00:00,3000,0,577,1597,110,163,225,16,239,0,0,487,0,20,-6,-428,0,3000
2024/11/15,00:30,2928,0,569,1617,106,163,213,16,240,0,0,451,0,22,-16,-453,0,2928
2024/11/15,01:00,2968,0,569,1619,123,163,206,16,240,0,0,466,0,21,-50,-405,0,2968
2024/11/15,01:30,2986,0,538,1579,98,162,218,16,240,0,0,466,0,22,-20,-333,0,2986
2024/11/15,02:00,3030,0,551,1586,99,161,201,16,240,0,0,444,0,22,-5,-285,0,3030
2024/11/15,02:30,3118,0,551,1613,142,163,197,16,240,0,0,425,0,23,-5,-247,0,3118
2024/11/15,03:00,3198,0,546,1635,112,162,216,16,240,0,0,409,0,25,-5,-158,0,3198
2024/11/15,03:30,3218,0,534,1603,102,163,218,16,241,0,0,410,0,21,-5,-85,0,3218
2024/11/15,04:00,3309,0,556,1621,111,163,266,16,240,0,0,350,0,28,-5,-37,0,3309
2024/11/15,04:30,3329,0,566,1641,153,163,274,16,240,0,0,314,0,21,-4,-55,0,3329
2024/11/15,05:00,3397,0,578,1646,180,163,274,16,240,0,0,311,0,27,-6,-32,0,3397
2024/11/15,05:30,3367,0,558,1613,147,163,253,16,240,0,0,339,0,16,-5,27,0,3367
2024/11/15,06:00,3387,0,567,1571,148,163,239,16,240,1,0,346,0,20,-4,80,0,3387
2024/11/15,06:30,3387,0,565,1612,150,163,239,16,240,37,0,340,0,12,-4,17,0,3387
2024/11/15,07:00,3577,0,572,1644,234,163,242,16,239,181,0,344,0,0,-5,-53,0,3577
2024/11/15,07:30,3707,0,582,1639,299,163,293,16,239,269,0,356,0,0,-5,-144,0,3707
2024/11/15,08:00,3790,0,563,1636,235,162,297,16,239,327,0,381,0,0,-4,-62,0,3790
2024/11/15,08:30,3888,0,554,1551,208,163,281,16,239,376,0,415,0,0,-6,91,0,3888
2024/11/15,09:00,3953,0,543,1533,164,162,277,16,238,479,0,427,0,0,-7,121,0,3953
2024/11/15,09:30,3965,0,552,1552,167,162,269,16,238,607,0,446,0,0,-3,-41,0,3965
2024/11/15,10:00,3956,0,555,1561,160,162,178,16,238,685,0,485,0,0,-4,-80,0,3956
2024/11/15,10:30,3910,0,543,1449,118,162,176,16,238,707,0,484,0,0,-4,21,0,3910
2024/11/15,11:00,3900,0,547,1448,117,162,174,16,238,737,0,391,0,-164,-3,237,0,3900
2024/11/15,11:30,3836,0,546,1523,116,161,163,16,239,677,0,356,0,-223,-3,265,0,3836
2024/11/15,12:00,3656,0,543,1429,117,162,163,16,239,651,0,344,0,-227,-4,223,0,3656
2024/11/15,12:30,3604,0,548,1475,117,162,164,16,238,545,0,356,0,-217,-3,203,0,3604
2024/11/15,13:00,3760,0,567,1616,134,162,176,16,227,414,0,396,0,-167,-4,223,0,3760
2024/11/15,13:30,3714,0,551,1576,119,161,220,16,218,348,0,326,0,-3,-3,185,0,3714
2024/11/15,14:00,3637,0,540,1622,119,158,231,16,225,317,0,273,0,0,-3,139,0,3637
2024/11/15,14:30,3553,0,540,1665,120,161,240,16,237,239,0,255,0,21,-6,65,0,3553
2024/11/15,15:00,3546,0,541,1691,119,161,291,16,237,143,0,298,0,59,-4,-6,0,3546
2024/11/15,15:30,3658,0,539,1717,120,159,371,16,237,26,0,333,0,102,-4,42,0,3658
2024/11/15,16:00,3755,0,544,1650,143,162,418,16,237,0,0,362,0,130,-4,97,0,3755
2024/11/15,16:30,3823,0,539,1694,191,162,481,16,238,0,0,366,0,156,-7,-13,0,3823
2024/11/15,17:00,3762,0,579,1659,117,163,527,16,238,0,0,370,0,120,-5,-22,0,3762
2024/11/15,17:30,3716,0,587,1644,115,163,526,16,238,0,0,386,0,125,-5,-79,0,3716
2024/11/15,18:00,3681,0,588,1739,116,163,516,16,238,0,0,384,0,112,38,-229,0,3681
2024/11/15,18:30,3629,0,620,1755,150,163,452,16,238,0,0,362,0,119,-4,-242,0,3629
2024/11/15,19:00,3589,0,619,1751,233,163,447,16,238,0,0,313,0,117,-5,-303,0,3589
2024/11/15,19:30,3501,0,622,1744,222,162,445,16,238,0,0,253,0,124,-3,-322,0,3501
2024/11/15,20:00,3438,0,623,1704,230,162,397,16,238,0,0,214,0,91,-4,-233,0,3438
2024/11/15,20:30,3346,0,613,1670,202,163,382,16,239,0,0,201,0,27,-3,-164,0,3346
2024/11/15,21:00,3259,0,606,1641,124,163,358,16,238,0,0,184,0,26,-4,-93,0,3259
2024/11/15,21:30,3169,0,593,1640,153,163,349,16,238,0,0,169,0,18,-7,-163,0,3169
2024/11/15,22:00,3110,0,599,1642,224,163,341,16,238,0,0,151,0,21,-6,-279,0,3110
2024/11/15,22:30,3036,0,589,1634,221,163,341,16,238,0,0,126,0,18,-7,-303,0,3036
2024/11/15,23:00,3093,0,585,1640,226,163,340,16,239,0,0,116,0,16,-5,-243,0,3093
2024/11/15,23:30,3029,0,586,1638,239,163,340,16,238,0,0,124,0,20,-5,-330,0,3029
2024/11/16,00:00,2995,0,590,1632,221,163,304,16,238,0,0,115,0,22,-5,-301,0,2995
2024/11/16,00:30,2937,0,578,1633,203,163,300,16,238,0,0,83,0,23,-4,-296,0,2937
2024/11/16,01:00,2945,0,567,1629,153,164,309,16,238,0,0,72,0,19,-5,-217,0,2945
2024/11/16,01:30,2985,0,550,1623,101,164,297,16,239,0,0,88,0,21,-6,-108,0,2985
2024/11/16,02:00,3005,0,535,1575,99,164,294,16,238,0,0,100,0,21,-6,-31,0,3005
2024/11/16,02:30,3137,0,549,1605,104,163,291,16,239,0,0,91,0,25,-6,60,0,3137
2024/11/16,03:00,3189,0,571,1641,170,163,332,16,239,0,0,115,0,20,-51,-27,0,3189
2024/11/16,03:30,3237,0,561,1640,107,164,361,16,239,0,0,128,0,21,-49,49,0,3237
2024/11/16,04:00,3286,0,569,1644,103,163,386,16,239,0,0,150,0,19,-6,3,0,3286
2024/11/16,04:30,3298,0,572,1644,110,164,402,16,239,0,0,161,0,21,-6,-25,0,3298
2024/11/16,05:00,3303,0,553,1635,98,164,409,16,239,0,0,186,0,21,-4,-14,0,3303
2024/11/16,05:30,3269,0,548,1624,99,164,409,16,239,0,0,213,0,22,-7,-58,0,3269
2024/11/16,06:00,3222,0,595,1548,100,163,393,16,239,1,0,231,0,27,0,-91,0,3222
2024/11/16,06:30,3136,0,607,1427,227,164,333,16,239,53,0,228,0,49,0,-207,0,3136
2024/11/16,07:00,3193,0,618,1381,260,163,278,16,239,313,0,198,0,124,-4,-393,0,3193
2024/11/16,07:30,3165,0,621,1352,175,161,256,16,239,555,0,196,0,127,-4,-529,0,3165
2024/11/16,08:00,3292,0,628,1328,111,162,271,16,237,882,0,211,0,101,-6,-649,0,3292
2024/11/16,08:30,3348,0,581,1260,107,163,266,16,238,1105,0,231,0,41,-4,-656,0,3348
2024/11/16,09:00,3343,0,567,1119,107,163,255,16,237,1262,0,256,0,20,-5,-654,0,3343
2024/11/16,09:30,3265,0,573,857,96,163,257,16,237,1393,0,270,0,-119,-5,-473,0,3265
2024/11/16,10:00,3177,0,565,838,54,163,214,16,237,1469,0,216,0,-331,-4,-260,0,3177
2024/11/16,10:30,3139,0,512,950,54,163,214,16,238,1517,0,166,0,-423,-3,-265,0,3139
2024/11/16,11:00,3146,0,504,937,54,162,210,16,237,1495,0,190,0,-423,-3,-233,0,3146
2024/11/16,11:30,3064,0,505,862,54,162,210,16,237,1356,0,228,0,-419,-1,-146,0,3064
2024/11/16,12:00,3013,0,505,868,54,162,221,16,237,1211,0,259,0,-425,-6,-89,0,3013
2024/11/16,12:30,2945,0,504,958,54,163,209,16,238,1075,0,271,0,-423,-2,-118,0,2945
2024/11/16,13:00,3021,0,554,1057,55,163,211,16,225,894,0,299,0,-265,-2,-186,0,3021
2024/11/16,13:30,3031,0,566,1124,55,163,219,16,217,721,0,346,0,-118,-4,-274,0,3031
2024/11/16,14:00,3041,0,560,1130,55,163,256,16,226,501,0,416,0,22,-6,-298,0,3041
2024/11/16,14:30,3021,0,562,1310,66,163,283,16,237,274,0,433,0,18,-6,-335,0,3021
2024/11/16,15:00,3095,0,569,1477,70,164,304,16,237,106,0,490,0,10,-5,-343,0,3095
2024/11/16,15:30,3213,0,565,1581,82,163,365,16,238,15,0,501,0,80,-5,-388,0,3213
2024/11/16,16:00,3332,0,570,1479,127,163,435,16,238,0,0,529,0,75,-4,-296,0,3332
2024/11/16,16:30,3444,0,573,1539,130,162,478,16,238,0,0,549,0,58,-5,-294,0,3444
2024/11/16,17:00,3456,0,573,1598,167,163,489,16,238,0,0,556,0,23,-5,-362,0,3456
2024/11/16,17:30,3440,0,573,1615,177,163,490,16,238,0,0,587,0,0,-5,-414,0,3440
2024/11/16,18:00,3413,0,591,1582,123,163,466,16,238,0,0,655,0,0,-4,-417,0,3413
2024/11/16,18:30,3391,0,593,1549,139,163,457,16,239,0,0,728,0,0,-5,-488,0,3391
2024/11/16,19:00,3368,0,590,1524,134,163,455,16,238,0,0,753,0,0,-5,-500,0,3368
2024/11/16,19:30,3320,0,588,1603,162,163,415,16,238,0,0,732,0,0,-4,-593,0,3320
2024/11/16,20:00,3282,0,584,1638,193,163,342,16,238,0,0,739,0,0,-4,-627,0,3282
2024/11/16,20:30,3196,0,580,1629,139,163,333,16,238,0,0,725,0,5,-5,-627,0,3196
2024/11/16,21:00,3138,0,578,1587,116,163,314,16,238,0,0,736,0,20,-3,-627,0,3138
2024/11/16,21:30,3008,0,574,1489,116,163,300,16,238,0,0,730,0,19,-3,-634,0,3008
2024/11/16,22:00,2929,0,566,1463,105,161,299,16,238,0,0,706,0,5,-2,-628,0,2929
2024/11/16,22:30,2843,0,564,1447,103,163,258,16,238,0,0,679,0,0,-4,-621,0,2843
2024/11/16,23:00,2915,0,561,1501,99,163,257,16,238,0,0,697,0,0,-4,-613,0,2915
2024/11/16,23:30,2833,0,554,1384,99,163,255,16,238,0,0,729,0,0,-5,-600,0,2833
2024/11/17,00:00,2793,0,556,1378,99,164,238,16,238,0,0,668,0,0,33,-597,0,2793
2024/11/17,00:30,2711,0,546,1350,99,163,255,16,237,0,0,643,0,0,-5,-593,0,2711
2024/11/17,01:00,2724,0,545,1384,99,163,264,16,238,0,0,624,0,0,-6,-603,0,2724
2024/11/17,01:30,2734,0,537,1405,99,163,254,16,237,0,0,640,0,0,-6,-611,0,2734
2024/11/17,02:00,2840,0,534,1445,99,163,255,16,238,0,0,702,0,0,-4,-608,0,2840
2024/11/17,02:30,2918,0,532,1504,99,163,268,16,238,0,0,722,0,0,-6,-618,0,2918
2024/11/17,03:00,2989,0,533,1539,99,163,294,16,238,0,0,738,0,28,-42,-617,0,2989
2024/11/17,03:30,3055,0,529,1507,99,163,332,16,238,0,0,755,0,42,-49,-577,0,3055
2024/11/17,04:00,3069,0,530,1455,99,163,349,16,238,0,0,783,0,42,-4,-602,0,3069
2024/11/17,04:30,3087,0,531,1455,128,163,349,16,238,0,0,786,0,44,-5,-618,0,3087
2024/11/17,05:00,3119,0,535,1468,170,164,349,16,238,0,0,783,0,41,-5,-640,0,3119
2024/11/17,05:30,3017,0,538,1384,188,163,301,16,238,0,0,787,0,42,-5,-635,0,3017
2024/11/17,06:00,3001,0,542,1356,175,163,301,16,238,1,0,794,0,41,-4,-622,0,3001
2024/11/17,06:30,2887,0,512,1323,157,163,284,16,238,24,0,733,0,45,-6,-602,0,2887
2024/11/17,07:00,2957,0,507,1318,148,163,284,16,237,150,0,706,0,40,-5,-607,0,2957
2024/11/17,07:30,3051,0,507,1317,161,164,283,16,238,225,0,711,0,22,-3,-590,0,3051
2024/11/17,08:00,3122,0,529,1303,186,163,289,16,237,269,0,692,0,29,-6,-585,0,3122
2024/11/17,08:30,3134,0,520,1305,148,163,313,16,237,249,0,662,0,6,-4,-481,0,3134
2024/11/17,09:00,3198,0,522,1229,108,163,305,16,237,268,0,599,0,0,-6,-243,0,3198
2024/11/17,09:30,3194,0,521,1056,109,163,320,16,237,296,0,568,0,-11,-8,-73,0,3194
2024/11/17,10:00,3130,0,506,944,84,163,375,16,237,310,0,585,0,-309,-7,226,0,3130
2024/11/17,10:30,3100,0,506,956,58,163,370,16,236,317,0,590,0,-416,2,302,0,3100
2024/11/17,11:00,3150,0,514,1048,58,163,376,16,237,321,0,554,0,-388,2,249,0,3150
2024/11/17,11:30,3112,0,506,1156,58,163,375,16,237,337,0,533,0,-394,3,122,0,3112
2024/11/17,12:00,3090,0,512,1068,58,163,376,16,237,314,0,516,0,-406,0,236,0,3090
2024/11/17,12:30,3062,0,504,1128,58,163,388,16,238,286,0,516,0,-421,-3,189,0,3062
2024/11/17,13:00,3086,0,507,1115,57,163,428,16,226,229,0,502,0,-292,-4,139,0,3086
2024/11/17,13:30,3082,0,504,1148,58,163,460,16,218,165,0,490,0,-180,-3,43,0,3082
2024/11/17,14:00,3082,0,518,1125,57,163,486,16,229,119,0,580,0,-171,-4,-36,0,3082
2024/11/17,14:30,3082,0,568,1092,58,163,502,16,239,71,0,603,0,-4,-5,-221,0,3082
2024/11/17,15:00,3086,0,568,1260,58,164,549,16,239,35,0,607,0,0,-4,-406,0,3086
2024/11/17,15:30,3152,0,572,1402,107,165,595,16,239,5,0,582,0,0,-3,-528,0,3152
2024/11/17,16:00,3287,0,578,1531,161,168,603,16,239,0,0,563,0,0,-3,-569,0,3287
2024/11/17,16:30,3353,0,586,1600,147,174,605,16,239,0,0,579,0,0,-4,-589,0,3353
2024/11/17,17:00,3402,0,586,1582,119,174,604,16,240,0,0,633,0,0,-4,-548,0,3402
2024/11/17,17:30,3430,0,589,1610,108,175,607,16,239,0,0,665,0,0,-2,-577,0,3430
2024/11/17,18:00,3437,0,591,1627,111,175,589,16,240,0,0,709,0,0,-4,-617,0,3437
2024/11/17,18:30,3399,0,588,1584,110,175,569,16,240,0,0,772,0,0,-2,-653,0,3399
2024/11/17,19:00,3391,0,587,1537,105,179,558,16,240,0,0,841,0,0,-4,-668,0,3391
2024/11/17,19:30,3341,0,592,1484,60,185,555,16,239,0,0,876,0,0,-3,-663,0,3341
2024/11/17,20:00,3288,0,586,1412,64,187,538,16,240,0,0,889,0,0,-5,-639,0,3288
2024/11/17,20:30,3202,0,585,1359,64,194,483,16,240,0,0,895,0,0,-3,-631,0,3202
2024/11/17,21:00,3156,0,580,1324,64,194,453,16,240,0,0,899,0,19,-5,-628,0,3156
2024/11/17,21:30,3056,0,574,1214,64,193,439,16,240,0,0,917,0,21,-4,-618,0,3056
2024/11/17,22:00,3002,0,566,1127,59,194,437,16,240,0,0,937,0,22,-3,-593,0,3002
2024/11/17,22:30,2922,0,562,1091,59,194,435,16,240,0,0,927,0,18,-5,-615,0,2922
2024/11/17,23:00,2977,0,556,1161,58,194,434,16,240,0,0,917,0,19,-8,-610,0,2977
2024/11/17,23:30,2911,0,549,1123,59,194,432,16,240,0,0,898,0,19,-6,-613,0,2911
2024/11/18,00:00,2890,0,511,1146,57,194,421,16,240,0,0,885,0,22,-4,-598,0,2890
2024/11/18,00:30,2854,0,505,1130,57,193,423,16,241,0,0,867,0,22,-4,-596,0,2854
2024/11/18,01:00,2912,0,504,1194,57,193,451,16,240,0,0,861,0,22,-4,-622,0,2912
2024/11/18,01:30,2954,0,507,1127,58,193,488,16,240,0,0,886,0,25,-4,-582,0,2954
2024/11/18,02:00,3019,0,504,1096,59,193,506,16,240,0,0,867,0,22,-5,-479,0,3019
2024/11/18,02:30,3059,0,534,1130,68,193,506,16,241,0,0,836,0,23,-5,-483,0,3059
2024/11/18,03:00,3146,0,535,1314,66,193,507,16,240,0,0,818,0,23,-49,-517,0,3146
2024/11/18,03:30,3232,0,533,1457,63,193,509,16,240,0,0,772,0,22,-5,-568,0,3232
2024/11/18,04:00,3325,0,536,1590,70,194,521,16,240,0,0,760,0,23,-21,-604,0,3325
2024/11/18,04:30,3367,0,541,1626,85,193,521,16,240,0,0,739,0,27,-5,-616,0,3367
2024/11/18,05:00,3432,0,550,1643,110,193,521,16,240,0,0,753,0,28,-5,-617,0,3432
2024/11/18,05:30,3430,0,553,1653,145,193,521,16,240,0,0,734,0,20,4,-649,0,3430
2024/11/18,06:00,3488,0,564,1651,147,193,520,16,240,1,0,708,0,20,-4,-568,0,3488
2024/11/18,06:30,3492,0,566,1685,111,193,550,16,239,25,0,683,0,19,-4,-591,0,3492
2024/11/18,07:00,3675,0,571,1731,152,193,538,16,239,227,0,650,0,22,-3,-661,0,3675
2024/11/18,07:30,3701,0,565,1577,199,193,529,16,239,385,0,644,0,20,-4,-662,0,3701
2024/11/18,08:00,3793,0,570,1538,160,199,485,16,239,595,0,643,0,22,-3,-671,0,3793
2024/11/18,08:30,3877,0,573,1585,116,208,417,16,239,778,0,595,0,22,-4,-668,0,3877
2024/11/18,09:00,3925,0,578,1455,115,207,393,16,239,922,0,575,0,4,-5,-574,0,3925
2024/11/18,09:30,3961,0,573,1335,106,206,388,16,238,1060,0,617,0,0,-5,-573,0,3961
2024/11/18,10:00,3868,0,523,1188,66,205,366,16,238,1164,0,609,0,0,-2,-505,0,3868
2024/11/18,10:30,3934,0,512,1171,63,205,364,16,238,1231,0,625,0,-82,-4,-405,0,3934
2024/11/18,11:00,3928,0,510,1218,63,205,359,16,239,1206,0,580,0,-180,-2,-286,0,3928
2024/11/18,11:30,3818,0,504,1284,61,205,355,16,239,1172,0,582,0,-179,-4,-417,0,3818
2024/11/18,12:00,3674,0,504,1121,60,205,348,16,239,1108,0,623,0,-179,-4,-367,0,3674
2024/11/18,12:30,3612,0,504,1179,60,205,346,16,239,994,0,636,0,-178,-3,-386,0,3612
2024/11/18,13:00,3780,0,523,1437,89,205,359,16,226,817,0,652,0,-36,-2,-506,0,3780
2024/11/18,13:30,3770,0,515,1611,110,205,357,16,218,683,0,713,0,0,-2,-656,0,3770
2024/11/18,14:00,3801,0,561,1616,111,206,406,16,233,508,0,792,0,0,-4,-644,0,3801
2024/11/18,14:30,3789,0,582,1628,112,205,419,16,238,284,0,799,0,0,-3,-491,0,3789
2024/11/18,15:00,3851,0,599,1696,124,205,469,16,239,120,0,764,0,0,-2,-379,0,3851
2024/11/18,15:30,3991,0,618,1731,160,205,530,16,238,21,0,671,0,24,-1,-222,0,3991
2024/11/18,16:00,4092,0,622,1752,149,206,584,16,238,1,0,640,0,129,-2,-243,0,4092
2024/11/18,16:30,4162,0,632,1749,147,205,597,16,238,0,0,647,0,216,-4,-281,0,4162
2024/11/18,17:00,4141,0,642,1754,180,205,591,16,239,0,0,658,0,177,-3,-318,0,4141
2024/11/18,17:30,4089,0,641,1752,166,205,590,16,239,0,0,686,0,177,-5,-378,0,4089
2024/11/18,18:00,4083,0,641,1753,161,206,593,16,239,0,0,697,0,177,-6,-394,0,4083
2024/11/18,18:30,4043,0,632,1753,132,206,594,16,239,0,0,724,0,117,-4,-366,0,4043
2024/11/18,19:00,3950,0,593,1750,173,206,549,16,239,0,0,664,0,117,-5,-352,0,3950
2024/11/18,19:30,3884,0,587,1735,173,205,541,16,239,0,0,666,0,101,-4,-375,0,3884
2024/11/18,20:00,3842,0,621,1757,207,205,500,16,240,0,0,602,0,101,-3,-404,0,3842
2024/11/18,20:30,3750,0,627,1755,254,198,470,16,239,0,0,582,0,78,-3,-466,0,3750
2024/11/18,21:00,3707,0,609,1752,309,192,424,16,239,0,0,593,0,19,-5,-441,0,3707
2024/11/18,21:30,3605,0,597,1746,348,194,423,16,238,0,0,517,0,19,-3,-490,0,3605
2024/11/18,22:00,3518,0,592,1738,305,194,378,16,239,0,0,545,0,19,-4,-504,0,3518
2024/11/18,22:30,3450,0,583,1730,377,193,373,16,238,0,0,542,0,16,-6,-612,0,3450
2024/11/18,23:00,3523,0,567,1716,370,195,366,16,239,0,0,610,0,19,-4,-571,0,3523
2024/11/18,23:30,3459,0,558,1574,303,193,365,16,238,0,0,706,0,18,-3,-509,0,3459
2024/11/19,00:00,3443,0,565,1505,249,190,342,16,239,0,0,771,0,27,-8,-453,0,3443
2024/11/19,00:30,3399,0,551,1656,206,187,331,16,239,0,0,760,0,15,-18,-544,0,3399
2024/11/19,01:00,3440,0,546,1577,246,187,343,16,239,0,0,759,0,21,-17,-477,0,3440
2024/11/19,01:30,3464,0,567,1520,227,187,340,16,239,0,0,738,0,23,-19,-374,0,3464
2024/11/19,02:00,3556,0,587,1674,201,187,375,16,239,0,0,667,0,29,-9,-410,0,3556
2024/11/19,02:30,3624,0,563,1679,209,187,398,16,239,0,0,745,0,20,-7,-425,0,3624
2024/11/19,03:00,3662,0,573,1663,203,187,404,16,239,0,0,745,0,22,-50,-340,0,3662
2024/11/19,03:30,3736,0,542,1643,163,187,406,16,239,0,0,778,0,27,-27,-238,0,3736
2024/11/19,04:00,3815,0,538,1740,129,187,426,16,239,0,0,760,0,29,-5,-244,0,3815
2024/11/19,04:30,3793,0,542,1751,147,187,445,16,239,0,0,726,0,30,-5,-285,0,3793
2024/11/19,05:00,3821,0,547,1725,209,187,435,16,239,0,0,784,0,26,-9,-338,0,3821
2024/11/19,05:30,3777,0,557,1632,260,187,471,16,239,0,0,831,0,21,-6,-431,0,3777
2024/11/19,06:00,3861,0,569,1683,261,187,478,16,238,1,0,829,0,22,-5,-418,0,3861
2024/11/19,06:30,3823,0,572,1740,306,187,479,16,239,27,0,771,0,21,-4,-531,0,3823
2024/11/19,07:00,3934,0,588,1722,373,187,404,16,239,251,0,748,0,32,-7,-619,0,3934
2024/11/19,07:30,3950,0,572,1662,399,187,385,16,238,427,0,751,0,19,-5,-701,0,3950
2024/11/19,08:00,4055,0,579,1542,411,187,352,16,238,665,0,746,0,24,-4,-701,0,4055
2024/11/19,08:30,4209,0,578,1578,413,186,321,16,238,851,0,721,0,23,-5,-711,0,4209
2024/11/19,09:00,4264,0,578,1572,374,186,319,16,237,992,0,711,0,5,-5,-721,0,4264
2024/11/19,09:30,4258,0,575,1404,377,186,315,16,237,1095,0,710,0,0,-3,-654,0,4258
2024/11/19,10:00,4180,0,573,1330,378,186,305,16,238,1161,0,661,0,0,-5,-663,0,4180
2024/11/19,10:30,4098,0,577,1258,378,187,299,16,238,1247,0,652,0,-81,-5,-668,0,4098
2024/11/19,11:00,4033,0,574,1181,389,186,267,16,237,1270,0,643,0,-209,-3,-518,0,4033
2024/11/19,11:30,3961,0,574,1241,397,185,255,16,237,1242,0,632,0,-203,-4,-611,0,3961
2024/11/19,12:00,3749,0,574,1124,392,186,254,16,238,1187,0,646,0,-205,-2,-661,0,3749
2024/11/19,12:30,3653,0,574,1126,393,187,253,16,238,1083,0,632,0,-208,-4,-637,0,3653
2024/11/19,13:00,3718,0,574,1300,392,186,308,16,228,914,0,634,0,-199,-3,-632,0,3718
2024/11/19,13:30,3712,0,572,1238,392,186,335,16,216,713,0,693,0,-125,-2,-522,0,3712
2024/11/19,14:00,3718,0,572,1117,392,187,340,16,223,536,0,778,0,0,-3,-440,0,3718
2024/11/19,14:30,3758,0,577,1337,391,186,364,16,238,308,0,783,0,0,-4,-438,0,3758
2024/11/19,15:00,3816,0,586,1421,354,187,402,16,239,133,0,749,0,44,2,-317,0,3816
2024/11/19,15:30,3984,0,605,1621,265,186,520,16,238,19,0,660,0,96,-3,-239,0,3984
2024/11/19,16:00,4085,0,590,1682,235,187,566,16,238,0,0,646,0,140,-5,-210,0,4085
2024/11/19,16:30,4177,0,593,1743,206,187,575,16,239,0,0,660,0,190,-3,-229,0,4177
2024/11/19,17:00,4139,0,619,1750,170,188,583,16,238,0,0,670,0,168,-4,-259,0,4139
2024/11/19,17:30,4093,0,647,1751,193,187,597,16,238,1,0,682,0,150,-4,-365,0,4093
2024/11/19,18:00,4054,0,649,1753,197,188,601,16,239,0,0,702,0,98,-2,-387,0,4054
2024/11/19,18:30,4016,0,649,1753,136,188,604,16,239,0,0,725,0,81,-4,-371,0,4016
2024/11/19,19:00,3959,0,649,1754,166,188,590,16,239,0,0,728,0,99,-3,-467,0,3959
2024/11/19,19:30,3891,0,649,1755,206,187,530,16,239,0,0,722,0,99,-3,-509,0,3891
2024/11/19,20:00,3823,0,648,1757,244,187,508,16,239,0,0,666,0,76,-5,-513,0,3823
2024/11/19,20:30,3711,0,648,1756,221,187,489,16,239,0,0,645,0,17,-3,-504,0,3711
2024/11/19,21:00,3635,0,608,1759,212,187,460,16,239,0,0,629,0,21,-3,-493,0,3635
2024/11/19,21:30,3517,0,596,1751,146,188,445,16,239,0,0,627,0,20,-5,-506,0,3517
2024/11/19,22:00,3451,0,600,1757,133,185,424,16,238,0,0,633,0,21,-3,-553,0,3451
2024/11/19,22:30,3383,0,598,1748,152,179,423,16,239,0,0,640,0,20,-4,-628,0,3383
2024/11/19,23:00,3421,0,579,1753,138,174,404,16,239,0,0,656,0,20,-4,-554,0,3421
2024/11/19,23:30,3347,0,573,1753,103,168,402,16,239,0,0,658,0,20,-4,-581,0,3347
2024/11/20,00:00,3299,0,595,1744,143,179,328,16,239,0,0,639,0,22,-5,-601,0,3299
2024/11/20,00:30,3257,0,574,1713,182,205,310,16,239,0,0,616,0,21,-5,-614,0,3257
2024/11/20,01:00,3263,0,568,1693,152,211,308,16,239,0,0,609,0,19,-7,-545,0,3263
2024/11/20,01:30,3303,0,555,1679,101,211,327,16,239,0,0,626,0,24,-5,-470,0,3303
2024/11/20,02:00,3320,0,537,1649,101,212,346,16,239,0,0,605,0,23,-4,-404,0,3320
2024/11/20,02:30,3426,0,573,1675,142,211,346,16,239,0,0,560,0,22,-5,-353,0,3426
2024/11/20,03:00,3505,0,581,1684,247,212,359,16,240,0,0,538,0,25,-5,-392,0,3505
2024/11/20,03:30,3561,0,576,1685,212,211,394,16,239,0,0,529,0,20,-6,-315,0,3561
2024/11/20,04:00,3588,0,570,1681,202,211,402,16,239,0,0,499,0,20,-6,-246,0,3588
2024/11/20,04:30,3588,0,553,1675,181,211,420,16,239,0,0,440,0,29,-5,-171,0,3588
2024/11/20,05:00,3621,0,580,1688,226,211,422,16,239,0,0,419,0,20,-5,-195,0,3621
2024/11/20,05:30,3597,0,568,1693,249,211,443,16,239,0,0,395,0,29,26,-272,0,3597
2024/11/20,06:00,3638,0,597,1718,247,212,432,16,239,0,0,407,0,101,-5,-326,0,3638
2024/11/20,06:30,3654,0,618,1752,240,212,428,16,239,14,0,396,0,90,-4,-347,0,3654
2024/11/20,07:00,3788,0,639,1753,330,211,421,16,239,226,0,373,0,21,-4,-437,0,3788
2024/11/20,07:30,3880,0,640,1754,372,211,404,16,239,367,0,362,0,24,-4,-505,0,3880
2024/11/20,08:00,4010,0,629,1755,418,211,369,16,237,516,0,352,0,24,-3,-514,0,4010
2024/11/20,08:30,4122,0,628,1757,430,210,367,16,237,630,0,352,0,21,-4,-522,0,4122
2024/11/20,09:00,4139,0,622,1759,333,197,330,16,238,723,0,348,0,20,-4,-443,0,4139
2024/11/20,09:30,4159,0,565,1693,223,171,368,16,237,838,0,332,0,18,-8,-294,0,4159
2024/11/20,10:00,4030,0,566,1559,208,163,342,16,238,907,0,277,0,-18,-5,-223,0,4030
2024/11/20,10:30,3926,0,571,1517,208,165,343,16,238,942,0,272,0,-223,-5,-118,0,3926
2024/11/20,11:00,3862,0,583,1352,200,165,292,16,237,989,0,297,0,-227,-5,-37,0,3862
2024/11/20,11:30,3858,0,586,1620,162,165,254,16,236,938,0,312,0,-193,-5,-233,0,3858
2024/11/20,12:00,3686,0,571,1532,160,179,242,16,238,909,0,340,0,-17,-4,-480,0,3686
2024/11/20,12:30,3678,0,567,1594,161,205,243,16,238,839,0,344,0,0,0,-529,0,3678
2024/11/20,13:00,3873,0,603,1691,305,210,280,16,230,661,0,324,0,0,-2,-445,0,3873
2024/11/20,13:30,3833,0,621,1713,409,209,325,16,217,488,0,275,0,0,-1,-439,0,3833
2024/11/20,14:00,3819,0,617,1741,446,210,388,16,218,328,0,245,0,33,-3,-420,0,3819
2024/11/20,14:30,3735,0,621,1753,310,210,416,16,231,181,0,229,0,35,-2,-265,0,3735
2024/11/20,15:00,3721,0,582,1762,412,211,458,16,237,69,0,218,0,0,-4,-240,0,3721
2024/11/20,15:30,3781,0,577,1760,442,211,478,16,237,8,0,204,0,0,-4,-148,0,3781
2024/11/20,16:00,3875,0,614,1760,427,211,544,16,237,0,0,207,0,62,-5,-198,0,3875
2024/11/20,16:30,3953,0,620,1759,456,211,580,16,238,0,0,226,0,160,-5,-308,0,3953
2024/11/20,17:00,3904,0,638,1767,467,211,586,16,238,0,0,246,0,174,-6,-433,0,3904
2024/11/20,17:30,3846,0,635,1767,473,211,589,16,238,1,0,250,0,174,-6,-502,0,3846
2024/11/20,18:00,3798,0,622,1764,302,211,600,16,239,0,0,261,0,154,-6,-365,0,3798
2024/11/20,18:30,3754,0,630,1762,220,211,603,16,239,0,0,286,0,120,-4,-329,0,3754
2024/11/20,19:00,3701,0,617,1763,202,211,585,16,238,0,0,254,0,87,-5,-267,0,3701
2024/11/20,19:30,3627,0,614,1762,221,211,566,16,239,0,0,231,0,115,-5,-343,0,3627
2024/11/20,20:00,3550,0,628,1768,184,211,483,16,239,0,0,229,0,41,-5,-244,0,3550
2024/11/20,20:30,3456,0,621,1767,287,211,462,16,238,0,0,212,0,18,-5,-371,0,3456
2024/11/20,21:00,3384,0,610,1765,314,211,435,16,239,0,0,196,0,21,-5,-418,0,3384
2024/11/20,21:30,3282,0,601,1768,321,211,403,16,239,0,0,182,0,24,-5,-478,0,3282
2024/11/20,22:00,3249,0,594,1769,313,211,399,16,238,0,0,150,0,37,-4,-474,0,3249
2024/11/20,22:30,3173,0,584,1753,285,211,363,16,238,0,0,146,0,22,-6,-439,0,3173
2024/11/20,23:00,3202,0,592,1768,233,211,324,16,239,0,0,159,0,19,-6,-353,0,3202
2024/11/20,23:30,3124,0,590,1768,217,212,319,16,238,0,0,139,0,18,-6,-387,0,3124
2024/11/21,00:00,3086,0,597,1768,193,212,314,16,238,0,0,117,0,19,-5,-383,0,3086
2024/11/21,00:30,3000,0,592,1764,188,212,311,16,239,0,0,93,0,21,-6,-430,0,3000
2024/11/21,01:00,3050,0,587,1766,236,211,304,16,239,0,0,70,0,23,-52,-350,0,3050
2024/11/21,01:30,3082,0,584,1767,210,211,300,16,238,0,0,61,0,20,-52,-273,0,3082
2024/11/21,02:00,3152,0,581,1767,205,211,303,16,239,0,0,65,0,21,-23,-233,0,3152
2024/11/21,02:30,3228,0,581,1769,180,211,304,16,238,0,0,61,0,23,-9,-146,0,3228
2024/11/21,03:00,3315,0,579,1766,233,211,307,16,239,0,0,54,0,22,-6,-106,0,3315
2024/11/21,03:30,3365,0,579,1764,209,212,311,16,239,0,0,51,0,24,-6,-34,0,3365
2024/11/21,04:00,3446,0,582,1768,219,211,317,16,239,0,0,48,0,20,-5,31,0,3446
2024/11/21,04:30,3468,0,584,1771,188,211,346,16,239,0,0,40,0,22,-5,56,0,3468
2024/11/21,05:00,3533,0,590,1772,186,211,404,16,239,0,0,36,0,19,-5,65,0,3533
2024/11/21,05:30,3479,0,585,1770,170,211,484,16,239,0,0,29,0,22,-4,-43,0,3479
2024/11/21,06:00,3547,0,603,1772,185,211,503,16,239,0,0,33,0,25,-5,-35,0,3547
2024/11/21,06:30,3513,0,600,1772,299,211,547,16,239,14,0,24,0,19,-5,-223,0,3513
2024/11/21,07:00,3545,0,567,1746,267,211,555,16,239,255,0,25,0,15,-5,-346,0,3545
2024/11/21,07:30,3519,0,569,1696,209,212,548,16,238,469,0,28,0,9,-5,-470,0,3519
2024/11/21,08:00,3559,0,554,1572,206,209,425,16,238,794,0,28,0,0,-4,-479,0,3559
2024/11/21,08:30,3681,0,556,1561,206,182,398,16,238,1052,0,29,0,0,-4,-553,0,3681
2024/11/21,09:00,3681,0,556,1500,206,161,318,16,238,1213,0,31,0,-63,-3,-492,0,3681
2024/11/21,09:30,3667,0,562,1459,189,147,300,16,238,1332,0,32,0,-229,-5,-374,0,3667
2024/11/21,10:00,3596,0,597,1347,123,121,246,16,238,1390,0,14,0,-228,-5,-263,0,3596
2024/11/21,10:30,3574,0,583,1309,53,114,231,16,238,1448,0,19,0,-292,-4,-141,0,3574
2024/11/21,11:00,3591,0,578,1357,53,115,227,16,238,1428,0,20,0,-460,-3,22,0,3591
2024/11/21,11:30,3475,0,564,1388,53,117,228,16,239,1345,0,19,0,-466,-5,-23,0,3475
2024/11/21,12:00,3338,0,564,1390,53,152,225,16,238,1283,0,19,0,-463,-3,-136,0,3338
2024/11/21,12:30,3274,0,564,1337,53,202,225,16,238,1195,0,19,0,-395,-4,-176,0,3274
2024/11/21,13:00,3377,0,564,1390,53,209,246,16,232,1059,0,21,0,-230,-5,-178,0,3377
2024/11/21,13:30,3405,0,563,1530,53,209,278,16,218,865,0,26,0,-219,-2,-132,0,3405
2024/11/21,14:00,3436,0,559,1531,53,209,336,16,221,652,0,28,0,-26,-2,-141,0,3436
2024/11/21,14:30,3472,0,566,1753,76,210,373,16,235,379,0,26,0,24,-3,-183,0,3472
2024/11/21,15:00,3534,0,597,1769,178,210,417,16,238,147,0,23,0,29,-2,-88,0,3534
2024/11/21,15:30,3682,0,600,1771,159,209,505,16,238,14,0,20,0,86,-3,67,0,3682
2024/11/21,16:00,3800,0,624,1763,179,212,566,16,238,0,0,18,0,145,-3,42,0,3800
2024/11/21,16:30,3884,0,625,1761,226,211,586,16,238,0,0,15,0,199,-1,8,0,3884
2024/11/21,17:00,3852,0,636,1770,192,211,588,16,239,0,0,13,0,176,-6,17,0,3852
2024/11/21,17:30,3808,0,637,1766,260,211,586,16,239,0,0,15,0,119,-5,-36,0,3808
2024/11/21,18:00,3772,0,640,1769,215,211,586,16,239,0,0,18,0,118,-4,-36,0,3772
2024/11/21,18:30,3734,0,641,1769,188,211,585,16,239,0,0,17,0,118,-5,-45,0,3734
2024/11/21,19:00,3686,0,641,1764,198,211,583,16,240,0,0,13,0,96,-6,-70,0,3686
2024/11/21,19:30,3622,0,641,1764,231,210,533,16,240,0,0,9,0,96,-2,-116,0,3622
2024/11/21,20:00,3560,0,642,1769,238,211,506,16,239,0,0,8,0,99,-3,-165,0,3560
2024/11/21,20:30,3460,0,637,1765,192,211,468,16,240,0,0,10,0,20,-6,-93,0,3460
2024/11/21,21:00,3399,0,618,1769,208,211,426,16,239,0,0,9,0,21,-1,-117,0,3399
2024/11/21,21:30,3289,0,611,1771,156,211,407,16,239,0,0,10,0,22,4,-158,0,3289
2024/11/21,22:00,3303,0,600,1769,214,212,390,16,239,0,0,12,0,19,4,-172,0,3303
2024/11/21,22:30,3233,0,591,1738,170,211,383,16,239,0,0,12,0,21,7,-155,0,3233
2024/11/21,23:00,3260,0,580,1734,127,211,305,16,239,0,0,33,0,25,8,-18,0,3260
2024/11/21,23:30,3174,0,567,1724,103,211,282,16,239,0,0,42,0,29,8,-47,0,3174
2024/11/22,00:00,3145,0,558,1709,101,212,277,16,239,0,0,52,0,27,-4,-42,0,3145
2024/11/22,00:30,3093,0,550,1744,105,212,275,16,239,0,0,44,0,18,-6,-104,0,3093
2024/11/22,01:00,3122,0,556,1762,112,212,276,16,240,0,0,45,0,21,-6,-112,0,3122
2024/11/22,01:30,3170,0,564,1766,123,212,282,16,240,0,0,44,0,21,-6,-92,0,3170
2024/11/22,02:00,3200,0,564,1768,119,212,289,16,239,0,0,40,0,21,-51,-17,0,3200
2024/11/22,02:30,3280,0,550,1753,102,211,298,16,240,0,0,43,0,21,-51,97,0,3280
2024/11/22,03:00,3338,0,553,1767,103,211,300,16,240,0,0,45,0,21,-5,87,0,3338
2024/11/22,03:30,3432,0,567,1774,115,213,300,16,240,0,0,50,0,25,-5,137,0,3432
2024/11/22,04:00,3487,0,577,1770,119,214,325,16,240,0,0,50,0,21,-8,163,0,3487
2024/11/22,04:30,3507,0,558,1769,102,214,340,16,240,0,0,56,0,21,-5,196,0,3507
2024/11/22,05:00,3529,0,551,1755,104,214,368,16,240,0,0,68,0,18,-4,199,0,3529
2024/11/22,05:30,3539,0,572,1745,101,213,421,16,239,0,0,73,0,22,-5,142,0,3539
2024/11/22,06:00,3567,0,600,1771,149,213,498,16,240,0,0,90,0,40,-4,-46,0,3567
2024/11/22,06:30,3549,0,587,1773,154,212,527,16,240,11,0,93,0,115,-5,-174,0,3549
2024/11/22,07:00,3714,0,599,1770,210,212,523,16,240,188,0,107,0,63,-4,-210,0,3714
2024/11/22,07:30,3822,0,606,1768,221,212,488,16,239,298,0,117,0,22,-5,-160,0,3822
2024/11/22,08:00,3955,0,609,1768,217,206,370,16,239,384,0,124,0,25,-3,0,0,3955
2024/11/22,08:30,4091,0,623,1766,243,205,323,16,239,408,0,117,0,22,-5,134,0,4091
2024/11/22,09:00,4133,0,609,1741,229,210,258,16,239,445,0,107,0,18,-5,266,0,4133
2024/11/22,09:30,4095,0,569,1625,230,210,247,16,238,528,0,102,0,-20,-6,356,0,4095
2024/11/22,10:00,4009,0,575,1694,206,211,227,16,239,600,0,54,0,-218,-2,407,0,4009
2024/11/22,10:30,3987,0,566,1715,205,211,227,16,239,618,0,41,0,-230,-3,382,0,3987
2024/11/22,11:00,3991,0,574,1705,205,210,222,16,238,625,0,51,0,-230,-4,379,0,3991
2024/11/22,11:30,3811,0,582,1516,205,210,220,16,238,648,0,60,0,-69,-2,187,0,3811
2024/11/22,12:00,3578,0,574,1394,159,211,221,16,239,691,0,61,0,0,-4,16,0,3578
2024/11/22,12:30,3538,0,577,1516,109,211,221,16,239,691,0,79,0,0,-2,-119,0,3538
2024/11/22,13:00,3670,0,576,1704,162,211,249,16,229,542,0,83,0,0,-3,-99,0,3670
2024/11/22,13:30,3714,0,575,1761,288,211,258,16,218,424,0,112,0,21,-4,-166,0,3714
2024/11/22,14:00,3718,0,600,1767,323,217,264,16,227,295,0,134,0,14,-3,-136,0,3718
2024/11/22,14:30,3710,0,614,1763,365,219,293,16,239,171,0,136,0,12,-5,-113,0,3710
2024/11/22,15:00,3737,0,592,1770,273,222,382,16,238,74,0,148,0,19,-3,6,0,3737
2024/11/22,15:30,3829,0,608,1769,219,232,475,16,239,4,0,162,0,18,-4,91,0,3829
2024/11/22,16:00,3889,0,600,1772,206,236,531,16,239,0,0,176,0,22,-5,96,0,3889
2024/11/22,16:30,3939,0,631,1771,211,236,555,16,238,1,0,182,0,17,-5,86,0,3939
2024/11/22,17:00,3866,0,595,1741,194,236,599,16,238,0,0,208,0,20,-6,25,0,3866
2024/11/22,17:30,3822,0,603,1770,199,236,602,16,238,0,0,267,0,16,-6,-119,0,3822
2024/11/22,18:00,3754,0,620,1766,205,237,601,16,239,0,0,299,0,21,-5,-245,0,3754
2024/11/22,18:30,3730,0,619,1767,217,236,602,16,238,0,0,294,0,24,-2,-281,0,3730
2024/11/22,19:00,3695,0,603,1766,263,237,605,16,239,0,0,319,0,44,-4,-393,0,3695
2024/11/22,19:30,3631,0,579,1611,250,237,607,16,238,0,0,352,0,160,-4,-415,0,3631
2024/11/22,20:00,3564,0,306,1649,303,236,613,16,239,0,0,349,0,207,-4,-350,0,3564
2024/11/22,20:30,3460,0,101,1705,316,236,610,16,239,0,0,318,0,194,-5,-270,0,3460
2024/11/22,21:00,3411,0,87,1730,376,236,534,16,239,0,0,305,0,197,-3,-306,0,3411
2024/11/22,21:30,3309,0,87,1714,344,236,495,16,239,0,0,302,0,192,-4,-312,0,3309
2024/11/22,22:00,3288,0,73,1707,482,237,420,16,238,0,0,294,0,133,-3,-309,0,3288
2024/11/22,22:30,3252,0,73,1722,483,237,394,16,239,0,0,277,0,120,-5,-304,0,3252
2024/11/22,23:00,3291,0,73,1727,428,237,363,16,239,0,0,277,0,117,-3,-183,0,3291
2024/11/22,23:30,3237,0,67,1725,362,237,362,16,238,0,0,277,0,110,3,-160,0,3237
2024/11/23,00:00,3183,0,63,1726,455,237,357,16,239,0,0,246,0,23,1,-180,0,3183
2024/11/23,00:30,3081,0,56,1714,393,236,354,16,239,0,0,240,0,25,3,-195,0,3081
2024/11/23,01:00,3141,0,51,1727,373,237,348,16,238,0,0,244,0,23,-2,-114,0,3141
2024/11/23,01:30,3195,0,47,1721,442,236,346,16,238,0,0,247,0,18,-4,-112,0,3195
2024/11/23,02:00,3253,0,44,1676,475,237,364,16,238,0,0,243,0,18,-4,-54,0,3253
2024/11/23,02:30,3307,0,42,1671,480,237,390,16,238,0,0,232,0,16,-5,-10,0,3307
2024/11/23,03:00,3368,0,41,1722,479,237,390,16,239,0,0,226,0,88,-51,-19,0,3368
2024/11/23,03:30,3384,0,40,1729,437,237,390,16,238,0,0,209,0,103,-7,-8,0,3384
2024/11/23,04:00,3420,0,40,1722,364,237,393,16,239,0,0,211,0,123,-4,79,0,3420
2024/11/23,04:30,3480,0,41,1684,457,237,439,16,239,0,0,224,0,117,-5,31,0,3480
2024/11/23,05:00,3463,0,44,1646,431,237,477,16,239,0,0,227,0,115,-5,36,0,3463
2024/11/23,05:30,3393,0,48,1622,376,236,470,16,239,0,0,227,0,115,-4,48,0,3393
2024/11/23,06:00,3381,0,55,1627,390,237,471,16,238,0,0,227,0,118,-4,6,0,3381
2024/11/23,06:30,3247,0,61,1627,392,237,469,16,239,12,0,228,0,33,-4,-63,0,3247
2024/11/23,07:00,3253,0,70,1632,309,237,450,16,239,256,0,250,0,20,-4,-222,0,3253
2024/11/23,07:30,3263,0,72,1650,359,236,451,16,239,456,0,238,0,24,-4,-474,0,3263
2024/11/23,08:00,3316,0,82,1612,295,236,434,16,238,768,0,249,0,18,-3,-629,0,3316
2024/11/23,08:30,3376,0,85,1513,280,236,368,16,238,983,0,263,0,32,-5,-633,0,3376
2024/11/23,09:00,3377,0,84,1411,283,230,354,16,237,1124,0,279,0,-15,-3,-623,0,3377
2024/11/23,09:30,3345,0,81,1287,194,229,324,16,237,1232,0,325,0,-210,-4,-366,0,3345
2024/11/23,10:00,3223,0,62,1002,159,229,289,16,237,1274,0,389,0,-269,-3,-162,0,3223
2024/11/23,10:30,3179,0,11,1006,114,229,285,16,237,1269,0,422,0,-424,-5,19,0,3179
2024/11/23,11:00,3214,0,11,1088,110,229,285,16,237,1271,0,390,0,-423,-5,5,0,3214
2024/11/23,11:30,3190,0,11,1194,156,229,286,16,237,1218,0,396,0,-448,-4,-101,0,3190
2024/11/23,12:00,3170,0,11,1236,164,229,288,16,238,1150,0,438,0,-443,-9,-148,0,3170
2024/11/23,12:30,3090,0,63,1093,161,228,293,16,238,1039,0,474,0,-460,-15,-40,0,3090
2024/11/23,13:00,3120,0,71,1190,175,234,313,16,228,923,0,493,0,-314,6,-215,0,3120
2024/11/23,13:30,3136,0,71,1276,214,235,318,16,218,730,0,587,0,-203,3,-329,0,3136
2024/11/23,14:00,3161,0,71,1323,215,236,345,16,226,473,0,665,0,-122,4,-291,0,3161
2024/11/23,14:30,3171,0,71,1337,226,237,363,16,238,260,0,644,0,0,2,-223,0,3171
2024/11/23,15:00,3260,0,73,1561,266,237,404,16,239,96,0,632,0,35,-49,-250,0,3260
2024/11/23,15:30,3330,0,76,1576,279,238,451,16,240,11,0,584,0,17,-3,-155,0,3330
2024/11/23,16:00,3463,0,83,1598,311,236,493,16,239,0,0,585,0,49,-2,-145,0,3463
2024/11/23,16:30,3587,0,86,1685,344,236,537,16,239,0,0,583,0,116,-2,-253,0,3587
2024/11/23,17:00,3606,0,86,1679,337,236,603,16,238,0,0,560,0,118,31,-298,0,3606
2024/11/23,17:30,3632,0,86,1697,382,236,620,16,238,1,0,582,0,121,-2,-345,0,3632
2024/11/23,18:00,3633,0,87,1741,345,237,620,16,238,0,0,571,0,117,-2,-337,0,3633
2024/11/23,18:30,3649,0,86,1764,340,236,619,16,238,0,0,592,0,142,-3,-381,0,3649
2024/11/23,19:00,3643,0,86,1754,328,236,599,16,238,0,0,569,0,141,-6,-318,0,3643
2024/11/23,19:30,3605,0,86,1771,365,236,599,16,238,0,0,513,0,134,-6,-347,0,3605
2024/11/23,20:00,3604,0,86,1777,410,233,560,16,238,0,0,493,0,137,-4,-342,0,3604
2024/11/23,20:30,3518,0,86,1715,469,237,543,16,238,0,0,476,0,146,-5,-403,0,3518
2024/11/23,21:00,3483,0,87,1687,490,237,468,16,238,0,0,443,0,141,-5,-319,0,3483
2024/11/23,21:30,3407,0,86,1694,468,236,426,16,237,0,0,407,0,88,-5,-246,0,3407
2024/11/23,22:00,3361,0,72,1695,459,237,421,16,238,0,0,349,0,37,-6,-157,0,3361
2024/11/23,22:30,3305,0,73,1697,472,236,395,16,237,0,0,286,0,41,-5,-143,0,3305
2024/11/23,23:00,3439,0,71,1698,526,237,372,16,238,0,0,308,0,52,-7,-72,0,3439
2024/11/23,23:30,3343,0,65,1699,421,237,364,16,237,0,0,366,0,36,-5,-93,0,3343
2024/11/24,00:00,3330,0,63,1724,424,237,353,16,238,0,0,307,0,45,-2,-75,0,3330
2024/11/24,00:30,3230,0,56,1717,388,238,349,16,237,0,0,297,0,33,-3,-98,0,3230
2024/11/24,01:00,3276,0,52,1733,398,237,353,16,237,0,0,314,0,37,-4,-97,0,3276
2024/11/24,01:30,3316,0,49,1726,396,237,359,16,238,0,0,350,0,40,-2,-93,0,3316
2024/11/24,02:00,3370,0,46,1734,405,237,375,16,238,0,0,373,0,42,-3,-93,0,3370
2024/11/24,02:30,3456,0,42,1758,362,237,419,16,238,0,0,447,0,37,-3,-97,0,3456
2024/11/24,03:00,3519,0,41,1729,331,237,448,16,238,0,0,515,0,81,-6,-111,0,3519
2024/11/24,03:30,3557,0,40,1734,291,237,452,16,238,0,0,527,0,125,-38,-65,0,3557
2024/11/24,04:00,3645,0,41,1769,326,237,451,16,238,0,0,500,0,145,-5,-73,0,3645
2024/11/24,04:30,3671,0,41,1767,316,237,454,16,238,0,0,579,0,136,-5,-108,0,3671
2024/11/24,05:00,3675,0,44,1708,301,237,439,16,238,0,0,631,0,115,-5,-49,0,3675
2024/11/24,05:30,3581,0,47,1712,229,237,418,16,238,0,0,680,0,60,-6,-50,0,3581
2024/11/24,06:00,3503,0,52,1696,156,237,408,16,237,0,0,694,0,68,-4,-57,0,3503
2024/11/24,06:30,3369,0,58,1644,157,237,407,16,237,9,0,667,0,78,-5,-136,0,3369
2024/11/24,07:00,3395,0,65,1718,215,237,338,16,237,219,0,662,0,73,-4,-381,0,3395
2024/11/24,07:30,3421,0,65,1716,323,237,327,16,237,361,0,687,0,83,-4,-627,0,3421
2024/11/24,08:00,3456,0,76,1674,251,237,302,16,237,567,0,691,0,78,-3,-670,0,3456
2024/11/24,08:30,3478,0,75,1522,189,236,299,16,237,726,0,725,0,82,-6,-623,0,3478
2024/11/24,09:00,3512,0,75,1402,188,237,276,16,237,880,0,762,0,8,-6,-563,0,3512
2024/11/24,09:30,3522,0,72,1279,146,236,276,16,236,1009,0,769,0,-210,-5,-302,0,3522
2024/11/24,10:00,3496,0,72,1171,104,224,259,16,237,1055,0,822,0,-229,-3,-232,0,3496
2024/11/24,10:30,3466,0,71,1293,104,198,255,16,236,1063,0,826,0,-399,-5,-192,0,3466
2024/11/24,11:00,3434,0,71,1434,104,191,235,16,236,1070,0,749,0,-464,-4,-204,0,3434
2024/11/24,11:30,3402,0,73,1532,104,192,235,16,237,1021,0,715,0,-462,-5,-256,0,3402
2024/11/24,12:00,3334,0,75,1522,103,192,235,16,237,996,0,691,0,-460,-3,-270,0,3334
2024/11/24,12:30,3258,0,74,1379,104,191,234,16,237,937,0,711,0,-461,-3,-161,0,3258
2024/11/24,13:00,3218,0,73,1384,103,207,256,16,229,853,0,699,0,-441,-3,-158,0,3218
2024/11/24,13:30,3170,0,73,1390,104,232,259,16,217,676,0,719,0,-350,-2,-164,0,3170
2024/11/24,14:00,3183,0,73,1331,105,236,272,16,226,512,0,741,0,-147,-3,-179,0,3183
2024/11/24,14:30,3227,0,74,1484,156,236,312,16,239,297,0,708,0,2,-3,-294,0,3227
2024/11/24,15:00,3317,0,77,1685,181,237,350,16,239,126,0,636,0,45,-5,-270,0,3317
2024/11/24,15:30,3439,0,81,1693,295,237,375,16,239,13,0,574,0,89,-5,-168,0,3439
2024/11/24,16:00,3544,0,87,1676,359,237,486,16,238,0,0,518,0,127,-3,-197,0,3544
2024/11/24,16:30,3672,0,86,1734,388,237,543,16,238,0,0,522,0,125,-4,-213,0,3672
2024/11/24,17:00,3733,0,86,1736,421,237,608,16,238,0,0,508,0,122,-5,-234,0,3733
2024/11/24,17:30,3727,0,87,1725,429,237,630,16,238,0,0,522,0,117,-6,-268,0,3727
2024/11/24,18:00,3718,0,87,1723,425,237,623,16,238,0,0,526,0,118,-5,-270,0,3718
2024/11/24,18:30,3686,0,86,1663,407,237,614,16,237,0,0,532,0,132,-4,-234,0,3686
2024/11/24,19:00,3641,0,87,1682,435,236,612,16,238,0,0,477,0,119,-5,-256,0,3641
2024/11/24,19:30,3631,0,86,1755,479,236,620,16,238,0,0,409,0,131,-4,-335,0,3631
2024/11/24,20:00,3602,0,87,1773,486,237,616,16,237,0,0,409,0,118,-5,-372,0,3602
2024/11/24,20:30,3506,0,87,1739,542,237,518,16,238,0,0,400,0,124,-3,-392,0,3506
2024/11/24,21:00,3419,0,87,1696,557,237,484,16,238,0,0,388,0,114,-6,-392,0,3419
2024/11/24,21:30,3349,0,87,1695,519,237,465,16,238,0,0,354,0,116,-6,-372,0,3349
2024/11/24,22:00,3280,0,72,1697,462,237,450,16,237,0,0,345,0,111,-5,-342,0,3280
2024/11/24,22:30,3190,0,72,1674,436,237,418,16,238,0,0,320,0,83,-5,-299,0,3190
2024/11/24,23:00,3267,0,69,1693,437,237,400,16,238,0,0,351,0,16,-5,-185,0,3267
2024/11/24,23:30,3189,0,62,1697,361,237,397,16,237,0,0,374,0,22,-8,-206,0,3189
2024/11/25,00:00,3191,0,57,1721,332,237,394,16,237,0,0,386,0,28,0,-217,0,3191
2024/11/25,00:30,3127,0,55,1728,365,237,381,16,238,0,0,388,0,23,4,-308,0,3127
2024/11/25,01:00,3169,0,50,1726,302,237,370,16,238,0,0,391,0,33,4,-198,0,3169
2024/11/25,01:30,3199,0,47,1715,302,237,369,16,236,0,0,396,0,35,4,-158,0,3199
2024/11/25,02:00,3271,0,45,1713,290,237,365,16,236,0,0,385,0,25,-3,-38,0,3271
2024/11/25,02:30,3379,0,43,1733,364,237,365,16,235,0,0,366,0,65,-2,-43,0,3379
2024/11/25,03:00,3449,0,42,1732,306,237,391,16,236,0,0,379,0,122,-6,-6,0,3449
2024/11/25,03:30,3495,0,42,1731,308,237,397,16,237,0,0,374,0,120,-5,38,0,3495
2024/11/25,04:00,3571,0,43,1735,359,237,399,16,237,0,0,376,0,118,-5,56,0,3571
2024/11/25,04:30,3557,0,46,1737,343,238,398,16,237,0,0,368,0,122,-5,57,0,3557
2024/11/25,05:00,3602,0,52,1739,345,238,431,16,237,0,0,348,0,119,-5,82,0,3602
2024/11/25,05:30,3600,0,60,1742,423,237,442,16,237,0,0,301,0,125,-5,22,0,3600
2024/11/25,06:00,3660,0,70,1738,507,237,526,16,237,0,0,265,0,117,-5,-48,0,3660
2024/11/25,06:30,3616,0,73,1771,414,237,543,16,236,11,0,214,0,151,-5,-45,0,3616
2024/11/25,07:00,3741,0,73,1775,511,237,468,16,235,236,0,194,0,117,-5,-116,0,3741
2024/11/25,07:30,3781,0,73,1771,531,236,392,16,235,447,0,201,0,116,-6,-231,0,3781
2024/11/25,08:00,3864,0,84,1700,399,236,367,16,236,725,0,210,0,68,-5,-172,0,3864
2024/11/25,08:30,4020,0,82,1676,338,236,361,16,236,945,0,226,0,25,-4,-117,0,4020
2024/11/25,09:00,4037,0,78,1600,293,235,326,16,235,1095,0,241,0,17,-6,-93,0,4037
2024/11/25,09:30,3993,0,75,1362,280,235,280,16,235,1214,0,255,0,-8,-5,54,0,3993
2024/11/25,10:00,3909,0,71,1360,277,222,269,16,236,1276,0,242,0,-195,-4,139,0,3909
2024/11/25,10:30,3857,0,68,1428,277,197,268,16,236,1332,0,259,0,-230,-5,11,0,3857
2024/11/25,11:00,3891,0,67,1409,278,188,263,16,235,1343,0,244,0,-229,-3,80,0,3891
2024/11/25,11:30,3841,0,69,1399,278,191,261,16,236,1276,0,234,0,-254,-3,138,0,3841
2024/11/25,12:00,3689,0,70,1587,314,190,243,16,236,1182,0,232,0,-413,-51,83,0,3689
2024/11/25,12:30,3585,0,69,1614,300,206,241,16,236,1044,0,235,0,-419,-46,89,0,3585
2024/11/25,13:00,3678,0,70,1651,342,230,274,16,224,916,0,231,0,-214,-4,-58,0,3678
2024/11/25,13:30,3666,0,70,1662,309,234,277,16,214,773,0,224,0,-24,-6,-83,0,3666
2024/11/25,14:00,3647,0,71,1678,328,233,291,16,223,595,0,235,0,0,-4,-19,0,3647
2024/11/25,14:30,3699,0,73,1692,428,207,377,16,234,359,0,236,0,5,-4,76,0,3699
2024/11/25,15:00,3763,0,86,1684,327,187,447,16,235,154,0,229,0,152,-5,251,0,3763
2024/11/25,15:30,3909,0,87,1699,338,186,598,16,235,18,0,211,0,214,-4,311,0,3909
2024/11/25,16:00,4035,0,87,1690,440,187,618,16,235,0,0,213,0,210,-3,342,0,4035
2024/11/25,16:30,4091,0,86,1694,559,187,593,16,236,0,0,208,0,214,-3,301,0,4091
2024/11/25,17:00,4056,0,86,1698,529,188,599,16,236,0,0,195,0,160,-5,354,0,4056
2024/11/25,17:30,3982,0,86,1695,563,188,602,16,236,0,0,193,0,116,-5,292,0,3982
2024/11/25,18:00,3950,0,86,1721,495,209,605,16,235,0,0,193,0,114,-3,279,0,3950
2024/11/25,18:30,3894,0,86,1769,431,235,585,16,236,0,0,199,0,113,-3,227,0,3894
2024/11/25,19:00,3841,0,87,1769,486,237,535,16,237,0,0,166,0,134,-4,178,0,3841
2024/11/25,19:30,3787,0,87,1770,462,236,535,16,237,0,0,125,0,115,-2,206,0,3787
2024/11/25,20:00,3711,0,87,1771,454,236,535,16,238,0,0,101,0,113,-3,163,0,3711
2024/11/25,20:30,3637,0,87,1728,531,236,515,16,237,0,0,79,0,117,-4,95,0,3637
2024/11/25,21:00,3543,0,87,1691,572,237,516,16,237,0,0,47,0,114,-5,31,0,3543
2024/11/25,21:30,3449,0,87,1692,457,236,534,16,237,0,0,39,0,115,-5,41,0,3449
2024/11/25,22:00,3406,0,86,1692,504,237,504,16,237,0,0,35,0,125,-5,-25,0,3406
2024/11/25,22:30,3314,0,73,1671,470,237,457,16,237,0,0,35,0,118,-5,5,0,3314
2024/11/25,23:00,3390,0,72,1690,451,237,420,16,237,0,0,32,0,121,-5,119,0,3390
2024/11/25,23:30,3322,0,65,1693,372,237,403,16,237,0,0,26,0,120,-5,158,0,3322
2024/11/26,00:00,3334,0,57,1713,439,238,390,16,237,0,0,26,0,119,-5,104,0,3334
2024/11/26,00:30,3296,0,57,1727,429,238,384,16,236,0,0,23,0,118,-4,72,0,3296
2024/11/26,01:00,3347,0,53,1731,351,238,396,16,237,0,0,22,0,100,-3,206,0,3347
2024/11/26,01:30,3403,0,50,1729,347,238,398,16,237,0,0,24,0,26,-2,340,0,3403
2024/11/26,02:00,3480,0,47,1740,427,238,393,16,237,0,0,27,0,28,-2,329,0,3480
2024/11/26,02:30,3564,0,46,1733,502,238,392,16,237,0,0,29,0,20,-6,357,0,3564
2024/11/26,03:00,3617,0,45,1732,495,238,389,16,238,0,0,31,0,97,-40,376,0,3617
2024/11/26,03:30,3665,0,45,1731,483,238,389,16,237,0,0,37,0,102,-5,392,0,3665
2024/11/26,04:00,3748,0,46,1731,523,238,390,16,237,0,0,40,0,123,5,399,0,3748
2024/11/26,04:30,3792,0,49,1732,548,238,396,16,237,0,0,64,0,120,-5,397,0,3792
2024/11/26,05:00,3831,0,56,1733,510,238,436,16,237,0,0,108,0,122,-3,378,0,3831
2024/11/26,05:30,3803,0,63,1734,428,238,450,16,237,0,0,145,0,121,-3,374,0,3803
2024/11/26,06:00,3842,0,69,1711,352,238,513,16,236,0,0,167,0,183,-3,360,0,3842
2024/11/26,06:30,3800,0,73,1764,345,238,516,16,237,10,0,213,0,118,-2,272,0,3800
2024/11/26,07:00,3869,0,73,1774,463,238,483,16,235,240,0,244,0,116,-5,-8,0,3869
2024/11/26,07:30,3825,0,73,1760,440,238,434,16,236,433,0,284,0,112,-9,-192,0,3825
2024/11/26,08:00,3848,0,84,1628,325,237,370,16,236,749,0,320,0,75,-6,-186,0,3848
2024/11/26,08:30,3972,0,86,1616,296,237,332,16,235,997,0,336,0,30,-4,-205,0,3972
2024/11/26,09:00,3972,0,84,1557,353,237,248,16,235,1127,0,349,0,36,-6,-264,0,3972
2024/11/26,09:30,3902,0,80,1416,279,237,253,16,234,1269,0,362,0,26,-5,-265,0,3902
2024/11/26,10:00,3796,0,77,1218,240,224,240,16,236,1359,0,373,0,7,-4,-190,0,3796
2024/11/26,10:30,3754,0,74,1227,234,198,236,16,236,1410,0,408,0,-152,-4,-129,0,3754
2024/11/26,11:00,3786,0,73,1359,244,189,234,16,235,1388,0,406,0,-230,-4,-124,0,3786
2024/11/26,11:30,3742,0,74,1390,286,191,233,16,236,1295,0,397,0,-226,-4,-146,0,3742
2024/11/26,12:00,3551,0,74,1347,281,191,236,16,236,1228,0,389,0,-218,-4,-225,0,3551
2024/11/26,12:30,3483,0,72,1342,280,207,234,16,235,1092,0,419,0,-200,-4,-210,0,3483
2024/11/26,13:00,3624,0,72,1507,287,231,257,16,226,924,0,458,0,-41,-1,-312,0,3624
2024/11/26,13:30,3636,0,72,1641,381,236,262,16,214,702,0,526,0,4,-2,-416,0,3636
2024/11/26,14:00,3716,0,73,1720,341,236,318,16,224,485,0,634,0,28,-3,-356,0,3716
2024/11/26,14:30,3786,0,75,1737,434,236,366,16,234,248,0,668,0,98,-4,-322,0,3786
2024/11/26,15:00,3781,0,77,1725,493,236,419,16,234,84,0,648,0,107,-4,-254,0,3781
2024/11/26,15:30,3907,0,80,1727,480,236,447,16,234,5,0,701,0,107,-3,-123,0,3907
2024/11/26,16:00,3999,0,102,1722,425,237,464,16,234,0,0,737,0,167,-4,-101,0,3999
2024/11/26,16:30,4049,0,129,1715,366,237,487,16,234,0,0,782,0,197,45,-159,0,4049
2024/11/26,17:00,3995,0,133,1719,429,238,491,16,235,0,0,814,0,198,39,-317,0,3995
2024/11/26,17:30,3933,0,163,1720,418,238,491,16,236,0,0,836,0,201,-5,-381,0,3933
2024/11/26,18:00,3901,0,158,1728,528,238,518,16,236,0,0,842,0,189,-5,-547,0,3901
2024/11/26,18:30,3849,0,157,1730,464,237,551,16,236,0,0,841,0,192,-4,-571,0,3849
2024/11/26,19:00,3809,0,195,1727,396,238,577,16,235,0,0,872,0,199,-5,-641,0,3809
2024/11/26,19:30,3745,0,230,1731,307,238,581,16,236,0,0,887,0,195,-6,-670,0,3745
2024/11/26,20:00,3646,0,275,1737,274,238,498,16,235,0,0,878,0,109,-5,-609,0,3646
2024/11/26,20:30,3562,0,347,1681,254,238,458,16,235,0,0,865,0,77,-6,-603,0,3562
2024/11/26,21:00,3456,0,321,1680,250,238,402,16,236,0,0,843,0,2,-5,-527,0,3456
2024/11/26,21:30,3348,0,277,1648,187,237,399,16,235,0,0,842,0,0,-6,-487,0,3348
2024/11/26,22:00,3315,0,297,1683,111,238,363,16,236,0,0,870,0,0,-9,-490,0,3315
2024/11/26,22:30,3285,0,342,1732,57,238,363,16,235,0,0,886,0,1,-7,-578,0,3285
2024/11/26,23:00,3365,0,339,1732,56,238,364,16,235,0,0,843,0,78,-5,-531,0,3365
2024/11/26,23:30,3287,0,326,1730,57,238,360,16,235,0,0,849,0,78,-5,-597,0,3287
2024/11/27,00:00,3259,0,385,1707,56,238,347,16,235,0,0,849,0,11,-5,-580,0,3259
2024/11/27,00:30,3195,0,370,1652,56,238,346,16,235,0,0,844,0,0,-7,-555,0,3195
2024/11/27,01:00,3192,0,368,1647,57,238,341,16,235,0,0,822,0,0,-25,-507,0,3192
2024/11/27,01:30,3262,0,408,1671,57,238,349,16,235,0,0,797,0,0,-6,-503,0,3262
2024/11/27,02:00,3292,0,455,1681,102,238,374,16,235,0,0,771,0,0,-5,-575,0,3292
2024/11/27,02:30,3370,0,499,1710,112,237,379,16,235,0,0,738,0,0,-6,-550,0,3370
2024/11/27,03:00,3458,0,531,1760,159,238,377,16,235,0,0,688,0,28,-5,-569,0,3458
2024/11/27,03:30,3532,0,563,1765,157,238,382,16,235,0,0,667,0,77,-4,-564,0,3532
2024/11/27,04:00,3560,0,534,1771,121,237,402,16,235,0,0,672,0,132,-5,-555,0,3560
2024/11/27,04:30,3550,0,427,1769,109,238,429,16,235,0,0,651,0,105,-5,-424,0,3550
2024/11/27,05:00,3558,0,429,1765,109,238,436,16,235,0,0,627,0,96,-6,-387,0,3558
2024/11/27,05:30,3542,0,497,1764,109,237,455,16,235,0,0,611,0,58,-5,-435,0,3542
2024/11/27,06:00,3563,0,486,1769,109,238,480,16,235,0,0,566,0,57,-6,-387,0,3563
2024/11/27,06:30,3561,0,558,1769,109,238,512,16,235,5,0,454,0,95,-3,-427,0,3561
2024/11/27,07:00,3628,0,541,1766,113,238,502,16,234,148,0,440,0,58,-4,-424,0,3628
2024/11/27,07:30,3746,0,596,1767,131,237,481,16,234,214,0,402,0,94,-7,-419,0,3746
2024/11/27,08:00,3828,0,575,1765,113,238,469,16,234,286,0,384,0,14,-4,-262,0,3828
2024/11/27,08:30,3982,0,554,1766,113,238,461,16,235,309,0,360,0,0,-5,-65,0,3982
2024/11/27,09:00,4022,0,540,1759,125,236,464,16,235,347,0,346,0,21,-6,-61,0,4022
2024/11/27,09:30,3980,0,409,1713,113,223,467,16,234,428,0,339,0,-117,-4,159,0,3980
2024/11/27,10:00,3935,0,375,1759,113,197,468,16,234,482,0,256,0,-211,-5,251,0,3935
2024/11/27,10:30,3907,0,394,1764,113,189,465,16,233,516,0,161,0,-207,-5,268,0,3907
2024/11/27,11:00,3952,0,486,1759,113,190,459,16,234,553,0,64,0,-187,-5,270,0,3952
2024/11/27,11:30,3832,0,449,1744,114,191,456,16,234,554,0,44,0,-207,-6,243,0,3832
2024/11/27,12:00,3619,0,373,1707,113,191,447,16,235,524,0,50,0,-222,-51,236,0,3619
2024/11/27,12:30,3531,0,277,1641,113,191,426,16,234,504,0,75,0,-212,-50,316,0,3531
2024/11/27,13:00,3654,0,302,1680,113,207,436,16,226,492,0,97,0,-97,-26,208,0,3654
2024/11/27,13:30,3632,0,373,1654,113,231,449,16,214,399,0,132,0,-102,-5,158,0,3632
2024/11/27,14:00,3673,0,367,1665,113,236,450,16,223,275,0,193,0,-57,-4,196,0,3673
2024/11/27,14:30,3663,0,440,1714,116,236,449,16,234,152,0,225,0,57,-5,29,0,3663
2024/11/27,15:00,3668,0,523,1748,131,236,452,16,234,55,0,286,0,95,-3,-105,0,3668
2024/11/27,15:30,3746,0,548,1758,119,236,477,16,235,2,0,364,0,172,-4,-177,0,3746
2024/11/27,16:00,3821,0,574,1761,125,238,484,16,235,0,0,390,0,189,-5,-186,0,3821
2024/11/27,16:30,3863,0,583,1764,157,238,487,16,234,0,0,429,0,188,-5,-228,0,3863
2024/11/27,17:00,3799,0,516,1768,121,238,507,16,234,0,0,503,0,187,-4,-287,0,3799
2024/11/27,17:30,3739,0,508,1776,115,238,536,16,235,1,0,519,0,186,-3,-388,0,3739
2024/11/27,18:00,3707,0,478,1782,115,238,552,16,235,0,0,577,0,119,43,-448,0,3707
2024/11/27,18:30,3657,0,482,1778,115,238,556,16,234,0,0,623,0,95,38,-518,0,3657
2024/11/27,19:00,3595,0,540,1777,132,237,551,16,236,0,0,549,0,95,-5,-533,0,3595
2024/11/27,19:30,3549,0,579,1766,203,237,516,16,236,0,0,480,0,110,-5,-589,0,3549
2024/11/27,20:00,3474,0,587,1769,139,238,515,16,236,0,0,487,0,94,-5,-602,0,3474
2024/11/27,20:30,3394,0,606,1766,134,238,447,16,235,0,0,433,0,110,-4,-587,0,3394
2024/11/27,21:00,3318,0,569,1767,128,238,426,16,235,0,0,446,0,109,-5,-611,0,3318
2024/11/27,21:30,3196,0,518,1766,113,238,384,16,235,0,0,437,0,82,-5,-588,0,3196
2024/11/27,22:00,3147,0,512,1766,109,238,384,16,236,0,0,371,0,22,-5,-502,0,3147
2024/11/27,22:30,3061,0,540,1767,149,238,381,16,236,0,0,325,0,18,-6,-603,0,3061
2024/11/27,23:00,3136,0,533,1764,209,238,380,16,236,0,0,352,0,20,-5,-607,0,3136
2024/11/27,23:30,3120,0,530,1765,115,238,379,16,236,0,0,424,0,20,-6,-597,0,3120
2024/11/28,00:00,3077,0,511,1767,109,238,382,16,236,0,0,398,0,22,-4,-598,0,3077
2024/11/28,00:30,2997,0,408,1766,107,238,384,16,236,0,0,407,0,24,-5,-584,0,2997
2024/11/28,01:00,3037,0,509,1763,62,238,384,16,237,0,0,360,0,22,-24,-530,0,3037
2024/11/28,01:30,3069,0,475,1763,57,238,382,16,236,0,0,357,0,22,-12,-465,0,3069
2024/11/28,02:00,3159,0,532,1764,108,237,379,16,237,0,0,310,0,23,-5,-442,0,3159
2024/11/28,02:30,3239,0,545,1769,143,237,414,16,237,0,0,249,0,22,-4,-389,0,3239
2024/11/28,03:00,3269,0,538,1766,123,237,440,16,237,0,0,192,0,21,-5,-296,0,3269
2024/11/28,03:30,3349,0,541,1764,109,237,453,16,237,0,0,154,0,24,-5,-181,0,3349
2024/11/28,04:00,3453,0,564,1769,144,237,454,16,237,0,0,127,0,42,-4,-133,0,3453
2024/11/28,04:30,3467,0,556,1769,148,237,453,16,237,0,0,145,0,20,-5,-109,0,3467
2024/11/28,05:00,3506,0,524,1772,109,238,451,16,237,0,0,155,0,23,-5,-14,0,3506
2024/11/28,05:30,3428,0,498,1774,112,238,441,16,237,0,0,142,0,78,-4,-104,0,3428
2024/11/28,06:00,3462,0,485,1765,109,238,431,16,237,0,0,203,0,115,-3,-134,0,3462
2024/11/28,06:30,3462,0,422,1766,109,237,421,16,236,6,0,275,0,116,-5,-137,0,3462
2024/11/28,07:00,3636,0,521,1767,109,237,413,16,236,175,0,361,0,83,-6,-276,0,3636
2024/11/28,07:30,3778,0,541,1766,112,237,411,16,236,274,0,422,0,21,-7,-251,0,3778
2024/11/28,08:00,3945,0,582,1770,117,237,390,16,236,365,0,378,0,24,-2,-168,0,3945
2024/11/28,08:30,4111,0,585,1770,122,236,348,16,236,394,0,420,0,29,2,-47,0,4111
2024/11/28,09:00,4169,0,592,1759,142,236,347,16,237,446,0,452,0,2,3,-63,0,4169
2024/11/28,09:30,4143,0,442,1687,115,236,340,16,236,508,0,442,0,0,0,121,0,4143
2024/11/28,10:00,4067,0,347,1538,106,222,322,16,236,562,0,418,0,0,-2,302,0,4067
2024/11/28,10:30,4043,0,356,1494,63,197,322,16,235,654,0,363,0,0,-5,348,0,4043
2024/11/28,11:00,3985,0,334,1461,62,188,324,16,235,750,0,317,0,-97,-5,400,0,3985
2024/11/28,11:30,3807,0,305,1415,62,190,327,16,235,799,0,301,0,-234,-6,397,0,3807
2024/11/28,12:00,3527,0,264,1259,63,191,323,16,235,848,0,289,0,-234,-51,324,0,3527
2024/11/28,12:30,3415,0,258,1267,63,206,331,16,236,812,0,299,0,-235,-50,212,0,3415
2024/11/28,13:00,3522,0,349,1534,62,230,334,16,224,703,0,306,0,-232,-26,22,0,3522
2024/11/28,13:30,3492,0,358,1700,62,235,334,16,215,611,0,339,0,-184,-4,-190,0,3492
2024/11/28,14:00,3454,0,289,1627,60,236,335,16,226,483,0,349,0,-3,-25,-139,0,3454
2024/11/28,14:30,3502,0,441,1731,63,237,367,16,236,308,0,274,0,24,-3,-192,0,3502
2024/11/28,15:00,3546,0,574,1753,129,236,409,16,236,120,0,238,0,4,-2,-167,0,3546
2024/11/28,15:30,3706,0,589,1768,198,236,459,16,236,9,0,169,0,50,-3,-21,0,3706
2024/11/28,16:00,3848,0,614,1769,245,237,542,16,236,0,0,123,0,173,-6,-101,0,3848
2024/11/28,16:30,3916,0,633,1769,191,237,587,16,236,1,0,119,0,212,-3,-82,0,3916
2024/11/28,17:00,3890,0,628,1770,175,238,576,16,236,0,0,111,0,208,-5,-63,0,3890
2024/11/28,17:30,3844,0,632,1768,209,238,536,16,237,0,0,112,0,213,-4,-113,0,3844
2024/11/28,18:00,3805,0,566,1763,247,238,545,16,237,0,0,119,0,132,31,-89,0,3805
2024/11/28,18:30,3761,0,590,1765,185,238,537,16,237,0,0,109,0,101,41,-58,0,3761
2024/11/28,19:00,3737,0,615,1768,257,237,526,16,237,0,0,77,0,98,6,-100,0,3737
2024/11/28,19:30,3655,0,615,1767,284,237,526,16,237,0,0,54,0,95,-5,-171,0,3655
2024/11/28,20:00,3604,0,600,1764,266,237,520,16,237,0,0,57,0,116,-6,-203,0,3604
2024/11/28,20:30,3534,0,598,1765,272,237,494,16,237,0,0,48,0,114,-5,-242,0,3534
2024/11/28,21:00,3455,0,589,1765,244,238,496,16,237,0,0,46,0,112,-6,-282,0,3455
2024/11/28,21:30,3375,0,577,1763,201,238,495,16,236,0,0,64,0,33,-6,-242,0,3375
2024/11/28,22:00,3364,0,583,1772,197,238,487,16,237,0,0,63,0,24,-4,-249,0,3364
2024/11/28,22:30,3294,0,584,1768,233,238,444,16,237,0,0,63,0,24,-6,-307,0,3294
2024/11/28,23:00,3341,0,563,1767,250,238,423,16,237,0,0,66,0,18,-6,-231,0,3341
2024/11/28,23:30,3283,0,562,1767,166,237,407,16,236,0,0,116,0,20,-6,-238,0,3283
2024/11/29,00:00,3282,0,574,1768,180,238,340,16,237,0,0,116,0,24,-4,-207,0,3282
2024/11/29,00:30,3194,0,566,1767,178,237,340,16,237,0,0,83,0,18,-6,-242,0,3194
2024/11/29,01:00,3230,0,561,1765,121,238,339,16,237,0,0,74,0,23,-6,-138,0,3230
2024/11/29,01:30,3288,0,561,1766,124,238,338,16,237,0,0,80,0,27,-24,-75,0,3288
2024/11/29,02:00,3301,0,558,1764,117,238,354,16,237,0,0,82,0,19,-9,-75,0,3301
2024/11/29,02:30,3387,0,556,1763,127,238,355,16,237,0,0,91,0,28,-6,-18,0,3387
2024/11/29,03:00,3453,0,519,1767,112,238,375,16,237,0,0,133,0,21,-6,41,0,3453
2024/11/29,03:30,3501,0,548,1769,151,237,375,16,237,0,0,147,0,20,-3,4,0,3501
2024/11/29,04:00,3592,0,553,1772,154,238,385,16,236,0,0,194,0,20,-4,28,0,3592
2024/11/29,04:30,3626,0,557,1771,151,238,389,16,237,0,0,229,0,22,-5,21,0,3626
2024/11/29,05:00,3649,0,448,1774,115,238,420,16,237,0,0,298,0,71,-4,36,0,3649
2024/11/29,05:30,3623,0,382,1768,109,238,419,16,237,0,0,369,0,82,-2,5,0,3623
2024/11/29,06:00,3648,0,326,1767,109,238,427,16,237,0,0,505,0,83,-5,-55,0,3648
2024/11/29,06:30,3630,0,315,1732,82,238,425,16,237,2,0,561,0,120,-5,-93,0,3630
2024/11/29,07:00,3745,0,435,1735,57,238,418,16,236,72,0,582,0,99,-4,-139,0,3745
2024/11/29,07:30,3893,0,525,1760,102,237,429,16,236,207,0,620,0,13,-5,-247,0,3893
2024/11/29,08:00,4048,0,508,1714,113,237,442,16,236,401,0,673,0,22,-5,-309,0,4048
2024/11/29,08:30,4152,0,459,1673,112,237,437,16,236,478,0,710,0,98,-6,-298,0,4152
2024/11/29,09:00,4156,0,401,1564,88,236,444,16,236,656,0,690,0,28,-3,-200,0,4156
2024/11/29,09:30,4082,0,360,1347,59,223,449,16,236,832,0,706,0,0,-6,-140,0,4082
2024/11/29,10:00,3836,0,301,1030,59,196,363,16,235,971,0,750,0,-50,-5,-30,0,3836
2024/11/29,10:30,3860,0,371,1151,60,189,342,16,235,1110,0,712,0,-222,-2,-102,0,3860
2024/11/29,11:00,3949,0,365,1264,59,190,339,16,235,1175,0,673,0,-227,-2,-138,0,3949
2024/11/29,11:30,3915,0,353,1160,59,190,338,16,235,1217,0,689,0,-216,4,-130,0,3915
2024/11/29,12:00,3832,0,378,1163,59,207,340,16,236,1139,0,696,0,-217,-49,-136,0,3832
2024/11/29,12:30,3804,0,404,1262,60,230,342,16,235,967,0,700,0,-219,-49,-144,0,3804
2024/11/29,13:00,3965,0,398,1363,61,236,347,16,223,831,0,709,0,-61,-27,-131,0,3965
2024/11/29,13:30,3935,0,346,1465,107,235,346,16,216,603,0,750,0,0,-5,-144,0,3935
2024/11/29,14:00,3898,0,297,1379,106,237,372,16,231,512,0,828,0,0,-5,-75,0,3898
2024/11/29,14:30,3924,0,466,1499,65,237,378,16,236,261,0,821,0,19,-5,-69,0,3924
2024/11/29,15:00,4042,0,562,1709,79,236,438,16,235,85,0,779,0,48,-4,-141,0,4042
2024/11/29,15:30,4150,0,603,1765,127,237,521,16,235,6,0,724,0,142,-4,-222,0,4150
2024/11/29,16:00,4208,0,568,1765,168,237,629,16,236,0,0,723,0,199,-4,-329,0,4208
2024/11/29,16:30,4252,0,582,1767,185,237,654,16,236,0,0,722,0,190,-4,-333,0,4252
2024/11/29,17:00,4208,0,614,1766,196,231,682,16,236,0,0,737,0,188,-7,-451,0,4208
2024/11/29,17:30,4166,0,605,1765,209,217,703,16,236,0,0,769,0,188,-4,-538,0,4166
2024/11/29,18:00,4108,0,594,1761,283,219,637,16,236,0,0,756,0,166,40,-600,0,4108
2024/11/29,18:30,4050,0,585,1762,169,221,632,16,235,0,0,760,0,157,36,-523,0,4050
2024/11/29,19:00,4021,0,581,1770,125,228,618,16,236,0,0,796,0,179,-1,-527,0,4021
2024/11/29,19:30,3967,0,598,1770,150,236,599,16,236,0,0,812,0,190,-5,-635,0,3967
2024/11/29,20:00,3887,0,584,1768,128,237,523,16,236,0,0,748,0,128,-5,-476,0,3887
2024/11/29,20:30,3809,0,554,1770,123,237,510,16,236,0,0,744,0,97,-5,-473,0,3809
2024/11/29,21:00,3767,0,603,1767,171,238,470,16,236,0,0,690,0,99,-5,-518,0,3767
2024/11/29,21:30,3645,0,593,1769,173,238,459,16,235,0,0,654,0,70,-5,-557,0,3645
2024/11/29,22:00,3603,0,584,1769,164,238,446,16,235,0,0,625,0,29,-5,-498,0,3603
2024/11/29,22:30,3589,0,565,1766,236,238,436,16,236,0,0,640,0,24,-6,-562,0,3589
2024/11/29,23:00,3655,0,556,1766,223,238,415,16,236,0,0,672,0,95,2,-564,0,3655
2024/11/29,23:30,3557,0,523,1765,131,238,410,16,237,0,0,728,0,36,2,-529,0,3557
2024/11/30,00:00,3506,0,435,1771,109,235,336,16,236,0,0,745,0,22,1,-400,0,3506
2024/11/30,00:30,3440,0,360,1753,109,238,328,16,236,0,0,767,0,23,-3,-387,0,3440
2024/11/30,01:00,3474,0,384,1741,109,238,321,16,235,0,0,771,0,21,-1,-361,0,3474
2024/11/30,01:30,3492,0,363,1761,109,238,320,16,236,0,0,804,0,22,-33,-344,0,3492
2024/11/30,02:00,3548,0,416,1762,109,238,318,16,236,0,0,806,0,23,-48,-328,0,3548
2024/11/30,02:30,3602,0,430,1761,109,238,318,16,235,0,0,820,0,22,-46,-301,0,3602
2024/11/30,03:00,3678,0,410,1765,109,238,356,16,236,0,0,829,0,20,-5,-296,0,3678
2024/11/30,03:30,3700,0,349,1766,109,238,367,16,236,0,0,838,0,21,-7,-233,0,3700
2024/11/30,04:00,3759,0,339,1776,109,238,409,16,236,0,0,840,0,22,-3,-223,0,3759
2024/11/30,04:30,3785,0,332,1770,72,238,419,16,236,0,0,847,0,23,-3,-165,0,3785
2024/11/30,05:00,3763,0,387,1773,56,238,464,16,236,0,0,825,0,19,-3,-248,0,3763
2024/11/30,05:30,3715,0,361,1776,56,237,487,16,236,0,0,812,0,21,-3,-284,0,3715
2024/11/30,06:00,3691,0,461,1774,56,238,490,16,236,0,0,761,0,21,-3,-359,0,3691
2024/11/30,06:30,3597,0,572,1773,90,237,490,16,236,3,0,690,0,22,-3,-529,0,3597
2024/11/30,07:00,3632,0,555,1755,130,237,490,16,236,83,0,701,0,21,-3,-589,0,3632
2024/11/30,07:30,3706,0,583,1716,164,237,394,16,236,251,0,697,0,38,-2,-624,0,3706
2024/11/30,08:00,3849,0,562,1657,114,237,370,16,236,537,0,735,0,26,-5,-636,0,3849
2024/11/30,08:30,4035,0,580,1594,112,237,362,16,235,710,0,742,0,25,-5,-573,0,4035
2024/11/30,09:00,4021,0,421,1540,110,237,344,16,235,869,0,787,0,-9,-4,-525,0,4021
2024/11/30,09:30,3983,0,369,1506,103,237,336,16,235,974,0,806,0,-218,-4,-377,0,3983
2024/11/30,10:00,3903,0,350,1425,58,224,284,16,235,1088,0,848,0,-230,-6,-389,0,3903
2024/11/30,10:30,3821,0,318,1323,56,198,281,16,235,1251,0,854,0,-230,-5,-476,0,3821
2024/11/30,11:00,3870,0,363,1230,56,190,276,16,234,1246,0,838,0,-226,-5,-348,0,3870
2024/11/30,11:30,3816,0,383,1267,56,192,276,16,234,1259,0,830,0,-229,-5,-463,0,3816
2024/11/30,12:00,3695,0,305,1215,56,192,276,16,235,1150,0,842,0,-230,-3,-359,0,3695
2024/11/30,12:30,3463,0,252,1092,56,191,278,16,235,998,0,846,0,-229,-2,-270,0,3463
2024/11/30,13:00,3488,0,303,1135,56,207,283,16,226,856,0,844,0,-207,-3,-228,0,3488
2024/11/30,13:30,3468,0,401,1173,56,231,290,16,214,679,0,883,0,-102,-3,-370,0,3468
2024/11/30,14:00,3488,0,381,1186,56,236,328,16,224,502,0,899,0,30,-3,-367,0,3488
2024/11/30,14:30,3492,0,343,1361,56,237,354,16,234,271,0,849,0,48,-1,-276,0,3492
2024/11/30,15:00,3594,0,441,1500,68,237,408,16,234,99,0,795,0,47,-29,-222,0,3594
2024/11/30,15:30,3718,0,586,1555,116,237,471,16,235,8,0,729,0,54,-4,-285,0,3718
2024/11/30,16:00,3791,0,482,1582,109,237,523,16,236,0,0,738,0,58,-4,-186,0,3791
2024/11/30,16:30,3873,0,421,1653,109,237,538,16,237,1,0,765,0,134,-6,-232,0,3873
2024/11/30,17:00,3885,0,452,1658,109,238,544,16,237,0,0,762,0,138,-5,-264,0,3885
2024/11/30,17:30,3873,0,495,1660,109,237,548,16,238,0,0,776,0,138,-4,-340,0,3873
2024/11/30,18:00,3838,0,480,1660,109,237,539,16,237,0,0,775,0,138,4,-357,0,3838
2024/11/30,18:30,3816,0,498,1659,109,237,507,16,238,0,0,760,0,137,-5,-340,0,3816
2024/11/30,19:00,3777,0,493,1655,109,237,505,16,237,0,0,787,0,136,-4,-394,0,3777
2024/11/30,19:30,3717,0,475,1658,109,237,502,16,238,0,0,790,0,136,-5,-439,0,3717
2024/11/30,20:00,3689,0,392,1650,109,238,483,16,237,0,0,799,0,136,-5,-366,0,3689
2024/11/30,20:30,3585,0,421,1651,109,237,482,16,237,0,0,774,0,138,-15,-465,0,3585
2024/11/30,21:00,3557,0,475,1651,109,238,412,16,237,0,0,796,0,139,-3,-513,0,3557
2024/11/30,21:30,3471,0,382,1652,109,237,405,16,237,0,0,791,0,133,-4,-487,0,3471
2024/11/30,22:00,3443,0,341,1628,109,238,399,16,237,0,0,801,0,137,-4,-459,0,3443
2024/11/30,22:30,3401,0,409,1632,109,237,377,16,237,0,0,816,0,118,-4,-546,0,3401
2024/11/30,23:00,3485,0,451,1654,107,238,367,16,237,0,0,818,0,41,-4,-440,0,3485
2024/11/30,23:30,3397,0,424,1653,62,238,318,16,237,0,0,833,0,35,-2,-417,0,3397
,,,,,,,,,,,,,,,,,,,
,,,,,,,,,,,,,,,,,,,
,,,,,,,,,,,,,,,,,,,
,,,,,,,,,,,,,,,,,,,
,,,,,,,,,,,,,,,,,,,
,,,,,,,,,,,,,,,,,,,
,,,,,,,,,,,,,,,,,,,
,,,,,,,,,,,,,,,,,,,
,,,,,,,,,,,,,,,,,,,
,,,,,,,,,,,,,,,,,,,
,,,,,,,,,,,,,,,,,,,
,,,,,,,,,,,,,,,,,,,
,,,,,,,,,,,,,,,,,,,
,,,,,,,,,,,,,,,,,,,
,,,,,,,,,,,,,,,,,,,
,,,,,,,,,,,,,,,,,,,
,,,,,,,,,,,,,,,,,,,
,,,,,,,,,,,,,,,,,,,
,,,,,,,,,,,,,,,,,,,
,,,,,,,,,,,,,,,,,,,
,,,,,,,,,,,,,,,,,,,
,,,,,,,,,,,,,,,,,,,
,,,,,,,,,,,,,,,,,,,
,,,,,,,,,,,,,,,,,,,
,,,,,,,,,,,,,,,,,,,
,,,,,,,,,,,,,,,,,,,
,,,,,,,,,,,,,,,,,,,
,,,,,,,,,,,,,,,,,,,
,,,,,,,,,,,,,,,,,,,
,,,,,,,,,,,,,,,,,,,
,,,,,,,,,,,,,,,,,,,
,,,,,,,,,,,,,,,,,,,
,,,,,,,,,,,,,,,,,,,
,,,,,,,,,,,,,,,,,,,
,,,,,,,,,,,,,,,,,,,
,,,,,,,,,,,,,,,,,,,
,,,,,,,,,,,,,,,,,,,
,,,,,,,,,,,,,,,,,,,
,,,,,,,,,,,,,,,,,,,
,,,,,,,,,,,,,,,,,,,
,,,,,,,,,,,,,,,,,,,
,,,,,,,,,,,,,,,,,,,
,,,,,,,,,,,,,,,,,,,
,,,,,,,,,,,,,,,,,,,
,,,,,,,,,,,,,,,,,,,
,,,,,,,,,,,,,,,,,,,
,,,,,,,,,,,,,,,,,,,
,,,,,,,,,,,,,,,,,,,
