単位[MW平均],,,供給力,,,,,,,,,,,,,,,,
DATE,TIME,エリア需要,原子力,火力(LNG),火力(石炭),火力(石油),火力(その他),水力,地熱,バイオマス,太陽光発電実績,太陽光出力制御量,風力発電実績,風力出力制御量,揚水,蓄電池,連系線,その他,合計
2024/04/01,00:00,3000,0,11,906,295,207,379,16,213,0,0,785,0,52,-5,141,0,3000
2024/04/01,00:30,3038,0,11,997,267,207,387,16,213,0,0,791,0,43,-5,111,0,3038
2024/04/01,01:00,3110,0,11,1002,298,208,404,16,213,0,0,777,0,44,-5,142,0,3110
2024/04/01,01:30,3110,0,11,890,381,209,420,16,213,0,0,722,0,107,-5,146,0,3110
2024/04/01,02:00,3208,0,11,983,510,209,485,16,214,0,0,641,0,97,-5,47,0,3208
2024/04/01,02:30,3188,0,11,972,613,209,542,16,213,0,0,614,0,97,-5,-94,0,3188
2024/04/01,03:00,3310,0,11,1062,564,209,559,16,213,0,0,594,0,148,-6,-60,0,3310
2024/04/01,03:30,3336,0,11,1091,598,209,573,16,214,0,0,522,0,176,-4,-70,0,3336
2024/04/01,04:00,3338,0,11,1092,611,207,595,16,213,0,0,443,0,168,-4,-14,0,3338
2024/04/01,04:30,3430,0,11,1233,516,208,599,16,213,0,0,405,0,169,-4,64,0,3430
2024/04/01,05:00,3304,0,11,1114,426,209,606,16,212,4,0,359,0,169,-4,182,0,3304
2024/04/01,05:30,3420,0,11,1176,418,208,589,16,214,113,0,396,0,162,-5,122,0,3420
2024/04/01,06:00,3332,0,12,969,468,209,554,16,213,273,0,461,0,154,-5,8,0,3332
2024/04/01,06:30,3392,0,11,1010,502,196,552,16,212,531,0,435,0,119,-5,-187,0,3392
2024/04/01,07:00,3188,0,11,756,521,170,482,16,212,819,0,419,0,48,-6,-260,0,3188
2024/04/01,07:30,3416,0,11,973,434,163,466,16,213,1030,0,422,0,70,-5,-377,0,3416
2024/04/01,08:00,3406,0,11,868,405,162,440,16,214,1267,0,440,0,42,-4,-455,0,3406
2024/04/01,08:30,3540,0,11,835,409,162,430,16,212,1501,0,464,0,51,-5,-546,0,3540
2024/04/01,09:00,3644,0,11,676,362,161,414,16,211,1684,0,490,0,12,-3,-390,0,3644
2024/04/01,09:30,3692,0,11,682,387,161,396,16,212,1782,0,483,0,-146,-3,-289,0,3692
2024/04/01,10:00,3766,0,11,730,375,161,379,16,211,1826,0,502,0,-122,2,-325,0,3766
2024/04/01,10:30,3736,0,11,645,418,161,365,16,211,1824,0,544,0,-145,0,-314,0,3736
2024/04/01,11:00,3786,0,11,796,532,159,345,16,209,1772,0,555,0,-103,0,-506,0,3786
2024/04/01,11:30,3670,0,11,738,647,160,325,16,206,1668,0,557,0,-77,-5,-576,0,3670
2024/04/01,12:00,3540,0,11,750,590,161,299,16,207,1564,0,569,0,-253,-3,-371,0,3540
2024/04/01,12:30,3424,0,11,762,582,161,294,16,208,1427,0,585,0,-386,-4,-232,0,3424
2024/04/01,13:00,3498,0,11,813,613,161,306,16,210,1299,0,600,0,-405,-3,-123,0,3498
2024/04/01,13:30,3482,0,11,863,522,161,314,16,213,1205,0,664,0,-417,-7,-63,0,3482
2024/04/01,14:00,3378,0,11,781,403,175,332,16,213,1048,0,727,0,-346,-3,21,0,3378
2024/04/01,14:30,3440,0,11,884,391,199,342,16,213,902,0,717,0,-245,-3,13,0,3440
2024/04/01,15:00,3394,0,11,970,511,207,379,16,211,738,0,697,0,-226,-4,-116,0,3394
2024/04/01,15:30,3394,0,11,1024,673,207,403,16,211,552,0,634,0,-164,-4,-169,0,3394
2024/04/01,16:00,3450,0,11,1054,706,207,453,16,211,371,0,615,0,13,-5,-202,0,3450
2024/04/01,16:30,3504,0,11,1105,605,208,510,16,212,197,0,606,0,23,-5,16,0,3504
2024/04/01,17:00,3486,0,11,1050,488,208,570,16,213,68,0,612,0,62,-5,193,0,3486
2024/04/01,17:30,3532,0,11,985,417,208,632,16,213,2,0,625,0,147,-4,280,0,3532
2024/04/01,18:00,3692,0,60,951,469,208,667,16,213,0,0,638,0,183,-5,292,0,3692
2024/04/01,18:30,3570,0,66,920,512,207,672,16,212,0,0,637,0,156,-5,177,0,3570
2024/04/01,19:00,3544,0,66,1060,527,208,605,16,213,0,0,606,0,184,-5,64,0,3544
2024/04/01,19:30,3582,0,66,1227,422,207,606,16,212,0,0,537,0,147,-5,147,0,3582
2024/04/01,20:00,3420,0,19,1146,490,209,538,16,213,0,0,519,0,111,-7,166,0,3420
2024/04/01,20:30,3416,0,11,1240,510,208,508,16,212,0,0,517,0,92,-5,107,0,3416
2024/04/01,21:00,3294,0,11,1200,493,208,487,16,213,0,0,500,0,58,-6,114,0,3294
2024/04/01,21:30,3210,0,11,1190,539,209,468,16,213,0,0,458,0,95,-5,16,0,3210
2024/04/01,22:00,3174,0,11,1187,620,208,424,16,212,0,0,427,0,111,-5,-37,0,3174
2024/04/01,22:30,3136,0,11,1236,643,208,401,16,212,0,0,438,0,29,-6,-52,0,3136
2024/04/01,23:00,3156,0,11,1124,626,208,368,16,213,0,0,438,0,61,-5,96,0,3156
2024/04/01,23:30,3160,0,11,1208,622,208,359,16,212,0,0,482,0,60,-5,-13,0,3160
2024/04/02,00:00,3022,0,11,1100,472,209,334,16,210,0,0,492,0,160,-4,22,0,3022
2024/04/02,00:30,3058,0,29,1203,375,208,348,16,209,0,0,511,0,168,-4,-5,0,3058
2024/04/02,01:00,3126,0,58,1099,351,208,412,16,211,0,0,533,0,182,-4,60,0,3126
2024/04/02,01:30,3204,0,59,1151,342,208,436,16,211,0,0,549,0,163,-5,74,0,3204
2024/04/02,02:00,3224,0,58,1145,281,209,463,16,213,0,0,601,0,169,-5,74,0,3224
2024/04/02,02:30,3298,0,56,1131,273,208,465,16,212,0,0,637,0,175,-4,129,0,3298
2024/04/02,03:00,3294,0,55,1101,271,208,467,16,213,0,0,642,0,167,-5,159,0,3294
2024/04/02,03:30,3408,0,69,1163,268,208,514,16,213,0,0,664,0,162,-5,136,0,3408
2024/04/02,04:00,3430,0,89,1207,361,207,526,16,213,0,0,705,0,123,-5,-12,0,3430
2024/04/02,04:30,3448,0,89,1176,400,207,552,16,213,0,0,701,0,124,-5,-25,0,3448
2024/04/02,05:00,3404,0,90,1065,411,207,585,16,213,3,0,655,0,129,-6,36,0,3404
2024/04/02,05:30,3522,0,191,1140,466,208,593,16,212,110,0,643,0,105,-5,-157,0,3522
2024/04/02,06:00,3424,0,444,882,339,207,493,16,212,264,0,631,0,123,-6,-181,0,3424
2024/04/02,06:30,3550,0,461,963,248,195,485,16,212,500,0,608,0,83,-6,-215,0,3550
2024/04/02,07:00,3364,0,455,756,124,170,449,16,212,762,0,594,0,56,-8,-222,0,3364
2024/04/02,07:30,3482,0,423,741,112,163,424,16,212,995,0,615,0,43,-4,-258,0,3482
2024/04/02,08:00,3498,0,364,508,117,155,360,16,213,1186,0,649,0,37,-4,-103,0,3498
2024/04/02,08:30,3804,0,449,701,139,139,350,16,213,1361,0,677,0,-168,-5,-68,0,3804
2024/04/02,09:00,3836,0,448,680,169,122,321,16,212,1406,0,674,0,-343,-7,138,0,3836
2024/04/02,09:30,3838,0,482,679,169,115,319,16,212,1408,0,689,0,-450,-7,206,0,3838
2024/04/02,10:00,3774,0,358,591,126,116,321,16,213,1449,0,681,0,-449,-7,359,0,3774
2024/04/02,10:30,3810,0,435,619,117,115,305,16,212,1448,0,666,0,-445,-7,329,0,3810
2024/04/02,11:00,3730,0,487,635,131,116,281,16,212,1415,0,649,0,-439,-6,233,0,3730
2024/04/02,11:30,3624,0,386,663,171,115,277,16,213,1403,0,648,0,-419,-5,156,0,3624
2024/04/02,12:00,3416,0,380,578,171,116,282,16,212,1383,0,660,0,-327,-5,-50,0,3416
2024/04/02,12:30,3460,0,365,523,170,116,273,16,211,1367,0,674,0,-7,-5,-243,0,3460
2024/04/02,13:00,3538,0,429,507,170,116,271,16,199,1332,0,670,0,78,-5,-245,0,3538
2024/04/02,13:30,3466,0,330,615,170,115,273,16,189,1259,0,716,0,17,-5,-229,0,3466
2024/04/02,14:00,3314,0,321,533,171,115,294,16,199,1139,0,740,0,53,-4,-263,0,3314
2024/04/02,14:30,3306,0,410,625,171,115,302,16,211,956,0,686,0,79,-5,-260,0,3306
2024/04/02,15:00,3214,0,503,724,172,116,311,16,211,769,0,610,0,37,-6,-249,0,3214
2024/04/02,15:30,3204,0,530,759,286,115,327,16,211,583,0,552,0,22,-6,-191,0,3204
2024/04/02,16:00,3234,0,465,906,321,129,375,16,211,419,0,492,0,23,-4,-119,0,3234
2024/04/02,16:30,3364,0,492,985,259,154,474,16,212,257,0,475,0,92,-6,-46,0,3364
2024/04/02,17:00,3384,0,527,1057,324,162,608,16,214,91,0,450,0,100,-5,-160,0,3384
2024/04/02,17:30,3428,0,532,1002,241,161,646,16,214,4,0,462,0,104,-4,50,0,3428
2024/04/02,18:00,3572,0,541,1059,244,162,679,16,214,0,0,454,0,99,-5,109,0,3572
2024/04/02,18:30,3616,0,535,1094,317,162,684,16,214,1,0,454,0,98,-6,47,0,3616
2024/04/02,19:00,3556,0,504,1081,368,161,630,16,214,0,0,391,0,100,-5,96,0,3556
2024/04/02,19:30,3512,0,505,1116,382,162,614,16,214,0,0,275,0,101,-5,132,0,3512
2024/04/02,20:00,3440,0,551,1079,407,161,598,16,214,0,0,209,0,101,-5,109,0,3440
2024/04/02,20:30,3366,0,553,1076,437,161,577,16,214,0,0,190,0,100,-5,47,0,3366
2024/04/02,21:00,3258,0,565,1024,492,163,518,16,214,0,0,168,0,88,-5,15,0,3258
2024/04/02,21:30,3252,0,564,1122,475,163,508,16,214,0,0,150,0,29,-5,16,0,3252
2024/04/02,22:00,3138,0,560,1096,333,162,493,16,215,0,0,143,0,44,-5,81,0,3138
2024/04/02,22:30,3098,0,565,1098,349,162,464,16,214,0,0,147,0,42,-6,47,0,3098
2024/04/02,23:00,3114,0,567,1062,422,162,418,16,214,0,0,183,0,46,-6,30,0,3114
2024/04/02,23:30,3168,0,545,1145,352,161,401,16,214,0,0,263,0,40,-5,36,0,3168
2024/04/03,00:00,3154,0,585,1121,333,157,348,16,213,0,0,278,0,84,-6,25,0,3154
2024/04/03,00:30,3106,0,601,1087,414,152,341,16,214,0,0,271,0,91,-6,-75,0,3106
2024/04/03,01:00,3148,0,588,1054,348,152,345,16,214,0,0,343,0,93,-5,0,0,3148
2024/04/03,01:30,3292,0,585,1149,260,152,371,16,214,0,0,398,0,90,-5,62,0,3292
2024/04/03,02:00,3304,0,551,1134,292,152,412,16,214,0,0,399,0,94,-6,46,0,3304
2024/04/03,02:30,3322,0,562,1075,310,152,421,16,213,0,0,378,0,150,-5,50,0,3322
2024/04/03,03:00,3396,0,566,1083,324,152,452,16,213,0,0,364,0,174,-5,57,0,3396
2024/04/03,03:30,3464,0,568,1121,320,152,508,16,213,0,0,349,0,174,-5,48,0,3464
2024/04/03,04:00,3438,0,535,1041,213,152,584,16,213,0,0,345,0,161,9,169,0,3438
2024/04/03,04:30,3534,0,564,1099,145,152,592,16,213,0,0,336,0,165,8,244,0,3534
2024/04/03,05:00,3470,0,568,1072,168,152,574,16,213,4,0,340,0,102,-3,264,0,3470
2024/04/03,05:30,3416,0,567,1060,193,152,550,16,213,126,0,312,0,101,-6,132,0,3416
2024/04/03,06:00,3328,0,567,992,251,152,451,16,213,317,0,278,0,100,-6,-3,0,3328
2024/04/03,06:30,3462,0,552,1174,146,139,391,16,212,618,0,283,0,44,-5,-108,0,3462
2024/04/03,07:00,3238,0,483,839,114,113,387,16,212,935,0,302,0,67,-5,-225,0,3238
2024/04/03,07:30,3404,0,485,920,115,104,359,16,212,1170,0,346,0,48,-5,-366,0,3404
2024/04/03,08:00,3406,0,460,832,120,99,327,16,213,1420,0,358,0,61,-6,-494,0,3406
2024/04/03,08:30,3560,0,387,855,127,95,321,16,212,1646,0,372,0,30,-4,-497,0,3560
2024/04/03,09:00,3560,0,435,677,125,95,292,16,212,1813,0,364,0,-161,-4,-304,0,3560
2024/04/03,09:30,3658,0,428,840,145,95,289,16,211,1906,0,370,0,-287,-4,-351,0,3658
2024/04/03,10:00,3560,0,412,775,164,95,287,16,212,1972,0,378,0,-454,-1,-296,0,3560
2024/04/03,10:30,3634,0,430,845,164,86,273,16,212,2003,0,361,0,-442,-3,-311,0,3634
2024/04/03,11:00,3566,0,461,783,163,88,252,16,212,2011,0,335,0,-448,-4,-303,0,3566
2024/04/03,11:30,3554,0,446,848,165,86,248,16,212,1986,0,320,0,-443,-5,-325,0,3554
2024/04/03,12:00,3374,0,413,734,124,93,259,16,213,1959,0,323,0,-259,-52,-449,0,3374
2024/04/03,12:30,3366,0,437,817,119,98,250,16,212,1887,0,318,0,-228,-42,-518,0,3366
2024/04/03,13:00,3346,0,413,760,139,98,250,16,202,1795,0,311,0,-114,-6,-518,0,3346
2024/04/03,13:30,3360,0,427,849,119,98,267,16,191,1659,0,262,0,28,-5,-551,0,3360
2024/04/03,14:00,3288,0,478,944,183,112,271,16,204,1490,0,202,0,21,-5,-628,0,3288
2024/04/03,14:30,3196,0,515,953,235,150,283,16,212,1268,0,157,0,22,-6,-609,0,3196
2024/04/03,15:00,3222,0,463,1087,235,188,330,16,213,1015,0,163,0,18,-7,-499,0,3222
2024/04/03,15:30,3108,0,544,988,191,197,353,16,213,749,0,131,0,53,-4,-323,0,3108
2024/04/03,16:00,3256,0,491,1124,254,198,421,16,212,504,0,114,0,66,-4,-140,0,3256
2024/04/03,16:30,3222,0,480,1053,281,198,479,16,212,279,0,110,0,132,-3,-15,0,3222
2024/04/03,17:00,3244,0,573,1028,201,198,567,16,214,95,0,100,0,149,-4,107,0,3244
2024/04/03,17:30,3406,0,617,1149,136,198,577,16,214,3,0,99,0,148,-4,253,0,3406
2024/04/03,18:00,3500,0,604,1101,287,198,659,16,214,0,0,97,0,142,-5,187,0,3500
2024/04/03,18:30,3556,0,614,1107,324,198,674,16,214,0,0,94,0,143,31,141,0,3556
2024/04/03,19:00,3492,0,627,1074,328,198,650,16,213,0,0,57,0,193,-4,140,0,3492
2024/04/03,19:30,3470,0,607,1115,339,198,643,16,214,0,0,42,0,163,-5,138,0,3470
2024/04/03,20:00,3362,0,557,1064,347,198,626,16,214,0,0,47,0,148,-5,150,0,3362
2024/04/03,20:30,3330,0,548,1102,338,198,565,16,214,0,0,55,0,145,-4,153,0,3330
2024/04/03,21:00,3148,0,607,1003,325,198,526,16,214,0,0,61,0,124,-4,78,0,3148
2024/04/03,21:30,3190,0,628,1168,203,199,499,16,214,0,0,59,0,117,-5,92,0,3190
2024/04/03,22:00,3086,0,627,1094,254,198,450,16,215,0,0,62,0,110,-5,65,0,3086
2024/04/03,22:30,3010,0,627,1052,326,198,427,16,215,0,0,66,0,108,-5,-20,0,3010
2024/04/03,23:00,3060,0,626,1063,324,199,385,16,215,0,0,79,0,85,-6,74,0,3060
2024/04/03,23:30,3084,0,625,1109,324,198,370,16,215,0,0,98,0,93,-6,42,0,3084
2024/04/04,00:00,3012,0,600,1089,291,199,296,16,215,0,0,107,0,85,-5,119,0,3012
2024/04/04,00:30,2992,0,599,1109,301,199,275,16,215,0,0,101,0,94,-4,87,0,2992
2024/04/04,01:00,3018,0,609,1069,301,199,287,16,215,0,0,107,0,72,-4,147,0,3018
2024/04/04,01:30,3136,0,606,1133,269,199,346,16,214,0,0,104,0,69,-5,185,0,3136
2024/04/04,02:00,3204,0,605,1137,227,200,389,16,215,0,0,83,0,72,-5,265,0,3204
2024/04/04,02:30,3166,0,602,1081,320,199,413,16,215,0,0,50,0,77,-5,198,0,3166
2024/04/04,03:00,3224,0,602,1082,309,198,422,16,214,0,0,31,0,143,-5,212,0,3224
2024/04/04,03:30,3356,0,601,1171,248,198,477,16,215,0,0,27,0,148,-5,260,0,3356
2024/04/04,04:00,3414,0,602,1186,213,199,509,16,215,0,0,24,0,150,-5,305,0,3414
2024/04/04,04:30,3392,0,605,1128,305,199,495,16,214,0,0,28,0,158,-5,249,0,3392
2024/04/04,05:00,3326,0,583,1097,241,199,497,16,214,3,0,30,0,144,-6,308,0,3326
2024/04/04,05:30,3452,0,614,1216,161,199,506,16,214,107,0,24,0,148,-6,253,0,3452
2024/04/04,06:00,3454,0,618,1160,251,199,406,16,203,244,0,23,0,153,-5,186,0,3454
2024/04/04,06:30,3402,0,571,1153,308,199,353,16,191,398,0,22,0,144,-5,52,0,3402
2024/04/04,07:00,3292,0,507,1142,168,199,335,16,190,550,0,15,0,24,-5,151,0,3292
2024/04/04,07:30,3448,0,527,1175,122,198,318,16,192,746,0,9,0,21,-6,130,0,3448
2024/04/04,08:00,3518,0,549,1169,134,198,314,16,193,935,0,4,0,21,-7,-8,0,3518
2024/04/04,08:30,3672,0,553,1184,163,185,314,16,193,1068,0,2,0,44,-7,-43,0,3672
2024/04/04,09:00,3698,0,554,1110,121,159,296,16,193,1179,0,3,0,101,-4,-30,0,3698
2024/04/04,09:30,3756,0,421,1129,119,148,293,16,192,1235,0,13,0,94,1,95,0,3756
2024/04/04,10:00,3646,0,328,1087,117,152,281,16,192,1244,0,36,0,-73,-5,271,0,3646
2024/04/04,10:30,3650,0,345,1135,116,151,264,16,193,1224,0,46,0,-297,-3,460,0,3650
2024/04/04,11:00,3562,0,424,1124,117,151,241,16,194,1181,0,77,0,-457,-4,498,0,3562
2024/04/04,11:30,3548,0,442,1175,150,151,238,16,202,1137,0,79,0,-464,-4,426,0,3548
2024/04/04,12:00,3368,0,399,1149,227,152,247,16,214,1151,0,100,0,-466,-5,184,0,3368
2024/04/04,12:30,3348,0,397,1157,186,152,236,16,214,1137,0,119,0,-420,-6,160,0,3348
2024/04/04,13:00,3416,0,451,1021,145,152,235,16,215,1071,0,154,0,-228,-4,188,0,3416
2024/04/04,13:30,3462,0,546,1051,304,152,254,16,215,923,0,159,0,-189,-4,35,0,3462
2024/04/04,14:00,3352,0,442,996,302,152,266,16,214,708,0,195,0,-123,-4,188,0,3352
2024/04/04,14:30,3302,0,302,1026,260,152,274,16,214,683,0,208,0,-61,-6,234,0,3302
2024/04/04,15:00,3256,0,427,971,167,152,321,16,214,613,0,209,0,29,-48,185,0,3256
2024/04/04,15:30,3272,0,440,1072,163,166,343,16,213,455,0,219,0,21,-5,169,0,3272
2024/04/04,16:00,3292,0,395,1212,153,191,422,16,213,301,0,213,0,20,-5,161,0,3292
2024/04/04,16:30,3290,0,348,1199,126,197,489,16,214,192,0,224,0,78,-5,212,0,3290
2024/04/04,17:00,3288,0,423,1177,153,198,548,16,215,85,0,231,0,99,-5,148,0,3288
2024/04/04,17:30,3424,0,429,1253,119,198,626,16,215,5,0,227,0,104,-5,237,0,3424
2024/04/04,18:00,3492,0,519,1185,159,199,676,16,216,0,0,235,0,157,-3,133,0,3492
2024/04/04,18:30,3572,0,512,1241,181,199,680,16,216,0,0,262,0,166,42,57,0,3572
2024/04/04,19:00,3492,0,516,1196,189,198,658,16,214,1,0,270,0,162,-5,77,0,3492
2024/04/04,19:30,3452,0,509,1226,163,198,601,16,215,0,0,286,0,152,-5,91,0,3452
2024/04/04,20:00,3350,0,510,1189,141,198,600,16,215,0,0,282,0,83,-4,120,0,3350
2024/04/04,20:30,3322,0,519,1239,206,198,536,16,216,0,0,256,0,126,-4,14,0,3322
2024/04/04,21:00,3178,0,529,1175,243,198,489,16,215,0,0,252,0,111,-5,-45,0,3178
2024/04/04,21:30,3174,0,525,1256,250,198,448,16,215,0,0,257,0,108,-6,-93,0,3174
2024/04/04,22:00,3088,0,516,1181,271,199,408,16,215,0,0,227,0,115,-5,-55,0,3088
2024/04/04,22:30,3084,0,504,1240,281,199,390,16,214,0,0,206,0,109,-6,-69,0,3084
2024/04/04,23:00,3086,0,488,1189,260,199,350,16,215,0,0,230,0,70,-7,76,0,3086
2024/04/04,23:30,3112,0,490,1232,264,199,340,16,215,0,0,230,0,62,-19,83,0,3112
2024/04/05,00:00,2986,0,473,1158,248,199,288,16,214,0,0,217,0,39,-4,138,0,2986
2024/04/05,00:30,3036,0,501,1280,171,198,277,16,215,0,0,207,0,40,-5,136,0,3036
2024/04/05,01:00,3022,0,512,1193,151,199,271,16,215,0,0,217,0,40,-4,212,0,3022
2024/04/05,01:30,3164,0,482,1255,119,199,295,16,214,0,0,248,0,44,38,254,0,3164
2024/04/05,02:00,3170,0,461,1216,116,199,303,16,215,0,0,312,0,95,-2,239,0,3170
2024/04/05,02:30,3222,0,451,1227,123,199,354,16,215,0,0,342,0,98,-5,202,0,3222
2024/04/05,03:00,3270,0,469,1177,113,199,385,16,214,0,0,370,0,101,-5,231,0,3270
2024/04/05,03:30,3348,0,475,1246,117,199,406,16,215,0,0,380,0,102,-5,197,0,3348
2024/04/05,04:00,3336,0,486,1204,134,199,425,16,215,0,0,374,0,98,-5,190,0,3336
2024/04/05,04:30,3404,0,507,1241,148,199,434,16,215,0,0,369,0,97,-6,184,0,3404
2024/04/05,05:00,3334,0,443,1185,143,199,449,16,215,6,0,387,0,96,-6,201,0,3334
2024/04/05,05:30,3434,0,481,1264,171,199,430,16,215,129,0,373,0,105,-5,56,0,3434
2024/04/05,06:00,3310,0,457,1131,135,199,420,16,214,297,0,375,0,95,40,-69,0,3310
2024/04/05,06:30,3364,0,445,1093,99,198,434,16,214,560,0,331,0,41,-5,-62,0,3364
2024/04/05,07:00,3112,0,487,750,47,199,432,16,213,834,0,302,0,52,-5,-215,0,3112
2024/04/05,07:30,3398,0,518,885,15,199,415,16,214,1069,0,327,0,129,-5,-384,0,3398
2024/04/05,08:00,3380,0,481,690,17,182,417,16,215,1303,0,355,0,55,-6,-345,0,3380
2024/04/05,08:30,3500,0,417,517,20,139,408,16,215,1535,0,416,0,12,-4,-191,0,3500
2024/04/05,09:00,3616,0,532,501,20,105,323,16,213,1620,0,485,0,-137,-4,-58,0,3616
2024/04/05,09:30,3716,0,535,544,20,96,291,16,212,1612,0,564,0,-119,-6,-49,0,3716
2024/04/05,10:00,3636,0,492,493,20,98,274,16,211,1643,0,601,0,-146,-6,-60,0,3636
2024/04/05,10:30,3710,0,515,563,20,98,261,16,212,1655,0,604,0,-174,-6,-54,0,3710
2024/04/05,11:00,3644,0,396,549,20,98,240,16,212,1632,0,601,0,-5,-53,-62,0,3644
2024/04/05,11:30,3578,0,394,569,20,98,237,16,212,1582,0,610,0,-56,-54,-50,0,3578
2024/04/05,12:00,3316,0,199,523,20,98,250,16,212,1567,0,600,0,-166,-55,52,0,3316
2024/04/05,12:30,3346,0,167,667,20,98,239,16,212,1519,0,576,0,-200,-11,43,0,3346
2024/04/05,13:00,3364,0,244,650,20,99,235,16,203,1478,0,578,0,-213,-3,57,0,3364
2024/04/05,13:30,3282,0,384,611,20,98,240,16,190,1422,0,618,0,-403,-7,93,0,3282
2024/04/05,14:00,3166,0,368,620,20,99,271,16,195,1281,0,633,0,-528,-4,195,0,3166
2024/04/05,14:30,3190,0,459,769,35,99,287,16,210,1154,0,623,0,-575,-5,118,0,3190
2024/04/05,15:00,3056,0,538,831,60,114,346,16,211,949,0,600,0,-516,-4,-89,0,3056
2024/04/05,15:30,3168,0,466,952,86,157,387,16,211,706,0,544,0,-198,-4,-155,0,3168
2024/04/05,16:00,3238,0,456,1038,120,190,471,16,211,497,0,527,0,-94,-5,-189,0,3238
2024/04/05,16:30,3128,0,396,940,121,197,508,16,211,283,0,527,0,5,-4,-72,0,3128
2024/04/05,17:00,3222,0,405,1032,121,198,583,16,213,100,0,499,0,64,-5,-4,0,3222
2024/04/05,17:30,3322,0,401,1134,123,198,610,16,212,5,0,517,0,131,-4,-21,0,3322
2024/04/05,18:00,3334,0,426,1060,185,199,615,16,212,0,0,531,0,165,-3,-72,0,3334
2024/04/05,18:30,3518,0,393,1158,121,198,608,16,212,0,0,542,0,202,31,37,0,3518
2024/04/05,19:00,3386,0,359,935,119,198,594,16,212,0,0,555,0,208,-5,195,0,3386
2024/04/05,19:30,3390,0,363,992,119,198,592,16,212,0,0,536,0,160,-6,208,0,3390
2024/04/05,20:00,3244,0,385,966,120,199,545,16,212,0,0,505,0,158,-6,144,0,3244
2024/04/05,20:30,3272,0,428,1010,120,199,542,16,212,0,0,495,0,154,-5,101,0,3272
2024/04/05,21:00,3100,0,462,864,119,199,482,16,212,0,0,454,0,106,-6,192,0,3100
2024/04/05,21:30,3136,0,473,1060,119,199,441,16,212,0,0,437,0,81,-5,103,0,3136
2024/04/05,22:00,2994,0,462,963,113,199,351,16,212,0,0,444,0,23,-6,217,0,2994
2024/04/05,22:30,3020,0,464,1112,117,198,342,16,212,0,0,400,0,68,-5,96,0,3020
2024/04/05,23:00,3086,0,563,1097,208,199,309,16,212,0,0,380,0,171,-4,-65,0,3086
2024/04/05,23:30,3064,0,561,1139,298,198,303,16,213,0,0,386,0,98,-4,-144,0,3064
2024/04/06,00:00,2974,0,476,1121,189,203,295,16,212,0,0,472,0,40,-5,-45,0,2974
2024/04/06,00:30,3044,0,453,1211,115,203,296,16,213,0,0,477,0,86,-6,-20,0,3044
2024/04/06,01:00,3004,0,490,1102,124,204,295,16,214,0,0,447,0,91,-6,27,0,3004
2024/04/06,01:30,3102,0,497,1125,162,204,299,16,217,0,0,438,0,149,-4,-1,0,3102
2024/04/06,02:00,3100,0,483,1081,144,204,299,16,216,0,0,455,0,218,-5,-11,0,3100
2024/04/06,02:30,3196,0,516,1112,128,204,335,16,217,0,0,445,0,233,-2,-8,0,3196
2024/04/06,03:00,3214,0,474,1109,149,204,355,16,217,0,0,445,0,232,44,-31,0,3214
2024/04/06,03:30,3240,0,509,1095,171,203,357,16,217,0,0,443,0,236,1,-8,0,3240
2024/04/06,04:00,3332,0,535,1083,279,203,350,16,217,0,0,441,0,221,38,-51,0,3332
2024/04/06,04:30,3394,0,545,1121,287,203,352,16,218,0,0,462,0,221,-6,-25,0,3394
2024/04/06,05:00,3252,0,528,1033,155,204,360,16,217,7,0,460,0,222,-5,55,0,3252
2024/04/06,05:30,3358,0,568,1180,75,204,340,16,219,132,0,450,0,220,-7,-39,0,3358
2024/04/06,06:00,3066,0,512,939,23,204,342,16,220,316,0,442,0,115,-5,-58,0,3066
2024/04/06,06:30,3240,0,426,1145,14,191,346,16,220,612,0,412,0,46,-5,-183,0,3240
2024/04/06,07:00,2960,0,488,728,14,165,332,16,219,910,0,435,0,109,-5,-451,0,2960
2024/04/06,07:30,3064,0,521,743,14,156,325,16,220,1154,0,433,0,125,-17,-626,0,3064
2024/04/06,08:00,3032,0,429,619,14,157,338,16,220,1396,0,444,0,42,-7,-636,0,3032
2024/04/06,08:30,3146,0,374,601,14,157,339,16,220,1608,0,449,0,38,-51,-619,0,3146
2024/04/06,09:00,3196,0,279,593,14,142,297,16,220,1774,0,466,0,-98,-4,-503,0,3196
2024/04/06,09:30,3096,0,301,446,14,111,303,16,220,1868,0,477,0,-313,-3,-344,0,3096
2024/04/06,10:00,3130,0,378,409,14,104,277,16,219,1932,0,504,0,-322,-4,-397,0,3130
2024/04/06,10:30,3112,0,447,381,14,104,263,16,220,1963,0,529,0,-489,-4,-332,0,3112
2024/04/06,11:00,3074,0,380,350,14,104,255,16,220,1977,0,519,0,-496,-4,-261,0,3074
2024/04/06,11:30,3084,0,435,430,14,104,236,16,219,1955,0,500,0,-542,-5,-278,0,3084
2024/04/06,12:00,2936,0,521,446,14,104,235,16,219,1930,0,511,0,-582,-51,-427,0,2936
2024/04/06,12:30,2976,0,401,565,14,104,236,16,221,1866,0,514,0,-623,-5,-333,0,2976
2024/04/06,13:00,2832,0,436,420,14,104,249,16,213,1782,0,516,0,-620,-6,-292,0,2832
2024/04/06,13:30,2828,0,418,561,14,104,256,16,196,1657,0,535,0,-504,-49,-376,0,2828
2024/04/06,14:00,2716,0,349,507,14,120,285,16,197,1502,0,522,0,-388,-4,-404,0,2716
2024/04/06,14:30,2708,0,391,526,14,150,299,16,211,1290,0,512,0,-214,1,-488,0,2708
2024/04/06,15:00,2664,0,412,481,36,158,304,16,213,1043,0,526,0,-52,-3,-470,0,2664
2024/04/06,15:30,2714,0,503,560,61,171,328,16,212,782,0,500,0,14,-2,-431,0,2714
2024/04/06,16:00,2800,0,560,629,122,195,355,16,212,534,0,498,0,172,-3,-490,0,2800
2024/04/06,16:30,2838,0,562,610,175,202,386,16,213,302,0,510,0,231,-4,-365,0,2838
2024/04/06,17:00,2994,0,564,712,176,203,475,16,208,111,0,533,0,142,-3,-143,0,2994
2024/04/06,17:30,2986,0,560,668,156,203,503,16,206,7,0,569,0,77,0,21,0,2986
2024/04/06,18:00,3134,0,526,798,141,204,564,16,207,0,0,601,0,121,-4,-40,0,3134
2024/04/06,18:30,3278,0,456,959,113,204,614,16,210,0,0,632,0,152,-5,-73,0,3278
2024/04/06,19:00,3206,0,460,879,105,203,608,16,211,0,0,686,0,128,-4,-86,0,3206
2024/04/06,19:30,3250,0,486,928,61,203,612,16,212,0,0,698,0,126,-4,-88,0,3250
2024/04/06,20:00,3094,0,522,833,60,203,537,16,212,0,0,678,0,127,-3,-91,0,3094
2024/04/06,20:30,3092,0,483,921,60,203,537,16,213,0,0,682,0,125,-4,-144,0,3092
2024/04/06,21:00,2930,0,432,791,60,203,474,16,214,0,0,711,0,125,-4,-92,0,2930
2024/04/06,21:30,2960,0,537,821,60,203,424,16,213,0,0,719,0,131,-5,-159,0,2960
2024/04/06,22:00,2870,0,549,736,60,204,357,16,213,0,0,700,0,152,-4,-113,0,2870
2024/04/06,22:30,2808,0,450,647,60,204,336,16,213,0,0,692,0,151,-6,45,0,2808
2024/04/06,23:00,2868,0,516,599,60,204,288,16,213,0,0,631,0,181,-5,165,0,2868
2024/04/06,23:30,2820,0,497,630,60,204,282,16,213,0,0,590,0,178,-9,159,0,2820
2024/04/07,00:00,2736,0,444,531,60,204,280,16,213,0,0,549,0,174,-4,269,0,2736
2024/04/07,00:30,2764,0,449,649,60,204,283,16,214,0,0,558,0,171,-4,164,0,2764
2024/04/07,01:00,2844,0,525,780,60,204,292,16,213,0,0,556,0,174,-3,27,0,2844
2024/04/07,01:30,2892,0,400,915,100,203,294,16,214,0,0,574,0,173,-3,6,0,2892
2024/04/07,02:00,2918,0,298,959,113,204,330,16,213,0,0,595,0,173,-4,21,0,2918
2024/04/07,02:30,2998,0,406,1009,113,203,327,16,213,0,0,624,0,173,-3,-83,0,2998
2024/04/07,03:00,3042,0,543,976,217,204,329,16,213,0,0,590,0,172,-2,-216,0,3042
2024/04/07,03:30,3092,0,487,991,240,204,340,16,213,0,0,579,0,171,-3,-146,0,3092
2024/04/07,04:00,3130,0,460,983,221,204,350,16,213,0,0,564,0,171,-3,-49,0,3130
2024/04/07,04:30,3146,0,445,989,266,204,345,16,214,0,0,589,0,166,-4,-84,0,3146
2024/04/07,05:00,3030,0,359,903,142,204,376,16,213,10,0,634,0,168,-3,8,0,3030
2024/04/07,05:30,3098,0,325,967,113,203,389,16,212,107,0,662,0,115,-5,-6,0,3098
2024/04/07,06:00,2930,0,373,770,113,204,388,16,212,229,0,638,0,97,-4,-106,0,2930
2024/04/07,06:30,3080,0,480,970,113,191,390,16,213,381,0,561,0,100,-4,-331,0,3080
2024/04/07,07:00,2882,0,433,887,87,165,366,16,214,526,0,545,0,60,-4,-413,0,2882
2024/04/07,07:30,2914,0,337,864,43,157,346,16,215,654,0,546,0,36,-4,-296,0,2914
2024/04/07,08:00,2810,0,303,680,14,158,340,16,213,808,0,558,0,22,-2,-300,0,2810
2024/04/07,08:30,2882,0,311,658,14,158,340,16,213,937,0,559,0,19,-1,-342,0,2882
2024/04/07,09:00,2890,0,331,680,14,158,315,16,213,1097,0,569,0,-79,-3,-421,0,2890
2024/04/07,09:30,2810,0,347,578,14,142,304,16,213,1222,0,583,0,-412,-1,-196,0,2810
2024/04/07,10:00,2768,0,325,496,14,112,298,16,213,1279,0,620,0,-579,-2,-24,0,2768
2024/04/07,10:30,2796,0,365,464,14,104,287,16,212,1301,0,623,0,-634,-5,49,0,2796
2024/04/07,11:00,2762,0,423,434,14,105,288,16,212,1325,0,583,0,-709,-4,75,0,2762
2024/04/07,11:30,2822,0,445,478,14,105,254,16,212,1300,0,592,0,-710,-4,120,0,2822
2024/04/07,12:00,2778,0,463,515,14,105,255,16,212,1241,0,591,0,-723,-49,138,0,2778
2024/04/07,12:30,2746,0,424,545,14,105,262,16,212,1190,0,594,0,-744,-5,133,0,2746
2024/04/07,13:00,2640,0,429,539,14,105,287,16,205,1131,0,609,0,-735,-23,63,0,2640
2024/04/07,13:30,2706,0,381,727,14,104,287,16,191,1044,0,614,0,-616,-5,-51,0,2706
2024/04/07,14:00,2590,0,417,775,14,104,323,16,195,944,0,573,0,-560,-5,-206,0,2590
2024/04/07,14:30,2612,0,430,914,14,120,349,16,209,798,0,562,0,-556,-4,-240,0,2612
2024/04/07,15:00,2574,0,504,882,14,151,366,16,212,635,0,560,0,-442,-3,-321,0,2574
2024/04/07,15:30,2640,0,509,972,14,157,383,16,212,473,0,498,0,-233,-4,-357,0,2640
2024/04/07,16:00,2662,0,470,928,14,172,436,16,212,342,0,481,0,-62,-4,-343,0,2662
2024/04/07,16:30,2782,0,494,998,14,196,488,16,212,193,0,459,0,27,-3,-312,0,2782
2024/04/07,17:00,2876,0,482,1038,14,203,534,16,213,66,0,459,0,64,-3,-210,0,2876
2024/04/07,17:30,2916,0,464,971,14,204,543,16,213,6,0,477,0,64,-4,-52,0,2916
2024/04/07,18:00,3068,0,587,1072,14,203,554,16,213,0,0,490,0,76,-4,-153,0,3068
2024/04/07,18:30,3154,0,625,1126,14,203,559,16,213,0,0,502,0,115,-2,-217,0,3154
2024/04/07,19:00,3128,0,627,1109,14,203,547,16,213,0,0,504,0,151,-4,-252,0,3128
2024/04/07,19:30,3104,0,574,1183,14,203,547,16,214,0,0,423,0,188,-3,-255,0,3104
2024/04/07,20:00,3006,0,569,1164,14,203,496,16,214,0,0,353,0,238,-3,-258,0,3006
2024/04/07,20:30,2992,0,570,1197,14,203,490,16,213,0,0,310,0,234,-4,-251,0,2992
2024/04/07,21:00,2890,0,570,1146,14,204,459,16,212,0,0,265,0,252,6,-254,0,2890
2024/04/07,21:30,2808,0,525,1149,14,204,435,16,212,0,0,185,0,224,-4,-152,0,2808
2024/04/07,22:00,2750,0,533,1130,14,204,426,16,213,0,0,172,0,170,-4,-124,0,2750
2024/04/07,22:30,2698,0,501,1157,14,204,439,16,214,0,0,161,0,42,-5,-45,0,2698
2024/04/07,23:00,2738,0,517,1052,14,204,422,16,213,0,0,187,0,45,-5,73,0,2738
2024/04/07,23:30,2734,0,530,1057,14,203,425,16,214,0,0,211,0,42,-9,31,0,2734
2024/04/08,00:00,2696,0,399,928,15,204,427,16,214,0,0,213,0,190,-4,94,0,2696
2024/04/08,00:30,2656,0,348,881,27,204,449,16,213,0,0,207,0,227,-4,88,0,2656
2024/04/08,01:00,2746,0,415,861,57,204,438,16,213,0,0,207,0,200,-4,139,0,2746
2024/04/08,01:30,2800,0,419,920,78,204,456,16,214,0,0,216,0,142,-3,138,0,2800
2024/04/08,02:00,2824,0,430,893,109,204,487,16,213,0,0,229,0,128,-4,119,0,2824
2024/04/08,02:30,2926,0,441,964,109,204,489,16,213,0,0,245,0,146,-3,102,0,2926
2024/04/08,03:00,2940,0,358,902,110,204,498,16,213,0,0,339,0,179,-4,125,0,2940
2024/04/08,03:30,3010,0,362,930,113,204,503,16,213,0,0,369,0,195,-5,110,0,3010
2024/04/08,04:00,3098,0,528,1010,134,203,519,16,213,0,0,322,0,196,-3,-40,0,3098
2024/04/08,04:30,3004,0,528,952,271,204,527,16,214,0,0,286,0,192,-4,-182,0,3004
2024/04/08,05:00,2970,0,436,943,262,204,549,16,214,15,0,281,0,192,-3,-139,0,2970
2024/04/08,05:30,3106,0,444,1050,247,204,562,16,213,108,0,305,0,134,-5,-172,0,3106
2024/04/08,06:00,3000,0,519,905,220,204,545,16,213,224,0,317,0,44,-2,-205,0,3000
2024/04/08,06:30,3200,0,566,1107,100,192,525,16,213,363,0,346,0,78,-5,-301,0,3200
2024/04/08,07:00,2972,0,530,911,48,165,488,16,212,488,0,382,0,35,-5,-298,0,2972
2024/04/08,07:30,3206,0,486,1107,15,156,477,16,213,611,0,382,0,39,-4,-292,0,3206
2024/04/08,08:00,3202,0,455,979,20,157,467,16,214,741,0,373,0,82,-4,-298,0,3202
2024/04/08,08:30,3348,0,470,948,21,157,466,16,214,875,0,394,0,100,-3,-310,0,3348
2024/04/08,09:00,3314,0,369,767,20,157,448,16,213,999,0,414,0,48,-4,-133,0,3314
2024/04/08,09:30,3318,0,334,757,21,157,447,16,213,1107,0,475,0,-276,-4,71,0,3318
2024/04/08,10:00,3244,0,337,706,21,157,456,16,213,1210,0,560,0,-465,-3,36,0,3244
2024/04/08,10:30,3324,0,307,643,20,156,438,16,212,1280,0,561,0,-463,-3,157,0,3324
2024/04/08,11:00,3278,0,347,569,20,157,455,16,213,1341,0,495,0,-466,-3,134,0,3278
2024/04/08,11:30,3244,0,379,671,20,156,450,16,213,1366,0,510,0,-534,-5,2,0,3244
2024/04/08,12:00,3084,0,404,685,20,157,402,16,213,1336,0,501,0,-611,-35,-4,0,3084
2024/04/08,12:30,3110,0,434,871,20,157,408,16,214,1279,0,482,0,-662,-36,-73,0,3110
2024/04/08,13:00,3194,0,433,854,20,157,442,16,203,1171,0,478,0,-525,-6,-49,0,3194
2024/04/08,13:30,3318,0,398,1021,20,157,457,16,193,1011,0,516,0,-378,-5,-88,0,3318
2024/04/08,14:00,3286,0,342,946,20,157,484,16,199,857,0,518,0,-172,-5,-76,0,3286
2024/04/08,14:30,3266,0,391,985,20,157,511,16,212,671,0,509,0,-86,5,-125,0,3266
2024/04/08,15:00,3234,0,429,1014,20,157,545,16,214,481,0,510,0,18,-3,-167,0,3234
2024/04/08,15:30,3146,0,390,992,20,157,587,16,213,340,0,470,0,112,-5,-146,0,3146
2024/04/08,16:00,3200,0,408,1079,20,170,662,16,212,221,0,432,0,102,-4,-118,0,3200
2024/04/08,16:30,3164,0,444,1077,20,195,690,16,212,124,0,412,0,108,-3,-131,0,3164
2024/04/08,17:00,3168,0,455,1136,20,203,704,16,214,45,0,415,0,88,-4,-124,0,3168
2024/04/08,17:30,3228,0,506,1142,20,203,706,16,213,5,0,425,0,83,-4,-87,0,3228
2024/04/08,18:00,3294,0,537,1148,21,203,707,16,213,0,0,426,0,102,-4,-75,0,3294
2024/04/08,18:30,3324,0,463,1208,21,203,703,16,214,0,0,450,0,117,-5,-66,0,3324
2024/04/08,19:00,3258,0,531,1191,20,204,693,16,214,1,0,428,0,135,-2,-173,0,3258
2024/04/08,19:30,3228,0,594,1228,20,204,693,16,214,0,0,333,0,104,-1,-177,0,3228
2024/04/08,20:00,3106,0,624,1187,20,203,671,16,213,0,0,259,0,154,-2,-239,0,3106
2024/04/08,20:30,3062,0,601,1230,20,203,670,16,212,0,0,236,0,66,-1,-191,0,3062
2024/04/08,21:00,2922,0,553,1116,20,203,666,16,213,0,0,200,0,43,-6,-102,0,2922
2024/04/08,21:30,2872,0,562,1128,20,203,654,16,213,0,0,180,0,42,-6,-140,0,2872
2024/04/08,22:00,2720,0,579,1009,17,203,649,16,213,0,0,173,0,42,-6,-175,0,2720
2024/04/08,22:30,2770,0,588,1122,14,204,647,16,213,0,0,158,0,41,-6,-227,0,2770
2024/04/08,23:00,2760,0,566,1079,14,204,620,16,213,0,0,204,0,40,-6,-190,0,2760
2024/04/08,23:30,2750,0,494,1136,14,204,619,16,212,0,0,284,0,35,-8,-256,0,2750
2024/04/09,00:00,2698,0,560,1116,14,204,613,16,212,0,0,318,0,58,-4,-409,0,2698
2024/04/09,00:30,2736,0,549,1202,14,203,615,16,213,0,0,357,0,42,-3,-472,0,2736
2024/04/09,01:00,2784,0,494,1197,14,204,618,16,213,0,0,369,0,44,-3,-382,0,2784
2024/04/09,01:30,2808,0,493,1191,14,203,646,16,213,0,0,350,0,46,-4,-360,0,2808
2024/04/09,02:00,2870,0,528,1172,14,203,646,16,213,0,0,339,0,42,-3,-300,0,2870
2024/04/09,02:30,2954,0,469,1180,14,204,646,16,213,0,0,366,0,83,-3,-234,0,2954
2024/04/09,03:00,3034,0,461,1162,17,203,646,16,213,0,0,378,0,102,-4,-160,0,3034
2024/04/09,03:30,2998,0,502,1116,31,203,644,16,213,0,0,384,0,98,-4,-205,0,2998
2024/04/09,04:00,3068,0,502,1092,56,204,649,16,213,0,0,446,0,40,-4,-146,0,3068
2024/04/09,04:30,3100,0,555,1106,88,204,653,16,213,0,0,406,0,41,-4,-178,0,3100
2024/04/09,05:00,2988,0,517,1040,109,203,669,16,213,14,0,372,0,41,-5,-201,0,2988
2024/04/09,05:30,3184,0,568,1269,110,203,674,16,213,76,0,372,0,39,-4,-352,0,3184
2024/04/09,06:00,3198,0,568,1155,118,203,659,16,212,141,0,365,0,71,-3,-307,0,3198
2024/04/09,06:30,3280,0,569,1151,190,203,658,16,212,161,0,350,0,103,-3,-330,0,3280
2024/04/09,07:00,3154,0,540,1068,228,204,629,16,214,139,0,360,0,46,-4,-286,0,3154
2024/04/09,07:30,3434,0,502,1223,194,204,611,16,214,168,0,389,0,49,-4,-132,0,3434
2024/04/09,08:00,3498,0,559,1127,284,203,620,16,214,212,0,371,0,28,-4,-132,0,3498
2024/04/09,08:30,3792,0,551,1270,329,202,623,16,213,242,0,373,0,126,-3,-150,0,3792
2024/04/09,09:00,3790,0,584,1262,385,189,629,16,213,251,0,367,0,191,-1,-296,0,3790
2024/04/09,09:30,3740,0,586,1184,484,164,628,16,213,267,0,377,0,157,-2,-334,0,3740
2024/04/09,10:00,3728,0,496,1168,509,155,591,16,213,285,0,347,0,87,-4,-135,0,3728
2024/04/09,10:30,3834,0,519,1249,536,158,592,16,213,310,0,334,0,-116,-3,26,0,3834
2024/04/09,11:00,3798,0,575,1199,464,157,593,16,214,332,0,321,0,-156,-3,86,0,3798
2024/04/09,11:30,3830,0,589,1257,569,156,583,16,213,327,0,316,0,-169,-3,-24,0,3830
2024/04/09,12:00,3624,0,534,1174,555,157,557,16,214,312,0,320,0,-100,-6,-109,0,3624
2024/04/09,12:30,3668,0,420,1250,481,157,553,16,214,312,0,320,0,4,-32,-27,0,3668
2024/04/09,13:00,3736,0,485,1136,520,157,543,16,207,286,0,302,0,22,-5,67,0,3736
2024/04/09,13:30,3728,0,501,1071,573,157,551,16,200,255,0,274,0,21,-5,114,0,3728
2024/04/09,14:00,3620,0,526,921,533,157,579,16,215,233,0,319,0,20,-5,106,0,3620
2024/04/09,14:30,3766,0,527,1061,333,157,612,16,241,213,0,398,0,20,13,175,0,3766
2024/04/09,15:00,3598,0,438,954,277,171,630,16,244,184,0,447,0,35,-3,205,0,3598
2024/04/09,15:30,3648,0,411,999,286,195,632,16,246,150,0,469,0,36,-4,212,0,3648
2024/04/09,16:00,3620,0,467,1022,329,203,663,16,255,102,0,499,0,18,-4,50,0,3620
2024/04/09,16:30,3532,0,442,957,358,203,673,16,263,79,0,545,0,75,-4,-75,0,3532
2024/04/09,17:00,3536,0,498,993,368,203,694,16,270,34,0,578,0,89,-2,-205,0,3536
2024/04/09,17:30,3596,0,513,1008,363,203,697,16,276,7,0,590,0,158,-4,-231,0,3596
2024/04/09,18:00,3692,0,512,1020,360,203,727,16,281,0,0,616,0,171,-3,-211,0,3692
2024/04/09,18:30,3672,0,519,941,391,203,740,16,282,0,0,632,0,157,-4,-205,0,3672
2024/04/09,19:00,3636,0,553,944,462,203,734,16,282,0,0,596,0,69,-4,-219,0,3636
2024/04/09,19:30,3584,0,506,972,374,203,736,16,282,0,0,597,0,1,-4,-99,0,3584
2024/04/09,20:00,3414,0,451,882,269,203,711,16,282,0,0,602,0,20,-5,-17,0,3414
2024/04/09,20:30,3438,0,428,991,179,204,711,16,282,0,0,571,0,19,-4,41,0,3438
2024/04/09,21:00,3262,0,440,909,219,203,681,16,282,0,0,576,0,20,-5,-79,0,3262
2024/04/09,21:30,3230,0,489,970,209,203,656,16,282,0,0,586,0,21,-5,-197,0,3230
2024/04/09,22:00,3090,0,489,896,141,204,662,16,283,0,0,583,0,30,9,-223,0,3090
2024/04/09,22:30,3124,0,530,999,137,203,660,16,282,0,0,571,0,26,-5,-295,0,3124
2024/04/09,23:00,3072,0,539,898,129,203,616,16,283,0,0,601,0,37,-29,-221,0,3072
2024/04/09,23:30,3106,0,515,995,164,203,613,16,283,0,0,587,0,22,-50,-242,0,3106
2024/04/10,00:00,2966,0,430,883,242,204,623,16,282,0,0,516,0,82,-2,-310,0,2966
2024/04/10,00:30,3088,0,481,1017,257,204,623,16,283,0,0,504,0,116,-3,-410,0,3088
2024/04/10,01:00,3070,0,395,949,258,204,648,16,283,0,0,518,0,137,-3,-335,0,3070
2024/04/10,01:30,3100,0,417,945,242,204,650,16,283,0,0,490,0,130,-3,-274,0,3100
2024/04/10,02:00,3066,0,389,880,221,204,637,16,282,0,0,494,0,117,-4,-170,0,3066
2024/04/10,02:30,3270,0,394,1015,236,204,637,16,282,0,0,514,0,110,-5,-133,0,3270
2024/04/10,03:00,3260,0,463,924,256,203,652,16,282,0,0,474,0,118,-1,-127,0,3260
2024/04/10,03:30,3322,0,518,975,258,203,671,16,282,0,0,445,0,164,-4,-206,0,3322
2024/04/10,04:00,3328,0,480,914,258,203,729,16,282,0,0,473,0,188,-3,-212,0,3328
2024/04/10,04:30,3390,0,443,969,245,203,737,16,282,1,0,522,0,190,-3,-215,0,3390
2024/04/10,05:00,3282,0,437,863,232,204,722,16,283,29,0,523,0,166,-4,-189,0,3282
2024/04/10,05:30,3422,0,450,994,238,204,720,16,281,148,0,516,0,154,-4,-295,0,3422
2024/04/10,06:00,3320,0,514,760,258,204,681,16,276,342,0,503,0,62,-4,-292,0,3320
2024/04/10,06:30,3468,0,544,834,189,204,671,16,267,619,0,502,0,42,-4,-416,0,3468
2024/04/10,07:00,3300,0,351,673,103,203,648,16,256,887,0,509,0,37,-4,-379,0,3300
2024/04/10,07:30,3318,0,338,709,55,174,647,16,242,1123,0,530,0,-72,-4,-440,0,3318
2024/04/10,08:00,3362,0,396,690,20,118,600,16,228,1361,0,553,0,-233,-4,-383,0,3362
2024/04/10,08:30,3382,0,401,535,20,100,603,16,206,1570,0,595,0,-432,-3,-229,0,3382
2024/04/10,09:00,3478,0,331,518,20,98,585,16,194,1714,0,615,0,-464,-4,-145,0,3478
2024/04/10,09:30,3562,0,419,551,20,98,569,16,193,1791,0,646,0,-484,-3,-254,0,3562
2024/04/10,10:00,3532,0,385,518,20,98,553,16,193,1844,0,696,0,-447,-3,-341,0,3532
2024/04/10,10:30,3494,0,280,391,20,98,554,16,192,1868,0,704,0,-444,-4,-181,0,3494
2024/04/10,11:00,3486,0,317,308,20,98,550,16,192,1882,0,644,0,-441,-2,-98,0,3486
2024/04/10,11:30,3432,0,380,317,20,97,546,16,192,1842,0,634,0,-442,-3,-167,0,3432
2024/04/10,12:00,3196,0,422,219,24,98,530,16,194,1815,0,627,0,-523,-53,-173,0,3196
2024/04/10,12:30,3252,0,392,382,26,98,529,16,193,1753,0,618,0,-551,-28,-176,0,3252
2024/04/10,13:00,3194,0,430,340,28,98,549,16,192,1666,0,615,0,-498,-8,-234,0,3194
2024/04/10,13:30,3226,0,433,529,34,102,567,16,205,1539,0,652,0,-454,-7,-390,0,3226
2024/04/10,14:00,3080,0,360,524,27,99,581,16,217,1408,0,667,0,-433,-6,-380,0,3080
2024/04/10,14:30,3040,0,356,645,29,99,594,16,224,1204,0,651,0,-304,-6,-468,0,3040
2024/04/10,15:00,3014,0,383,703,26,112,633,16,235,991,0,658,0,-225,-3,-515,0,3014
2024/04/10,15:30,3024,0,493,722,29,152,661,16,236,753,0,626,0,-157,-3,-504,0,3024
2024/04/10,16:00,3098,0,334,752,61,190,688,16,237,516,0,631,0,9,-4,-332,0,3098
2024/04/10,16:30,3156,0,475,883,68,198,691,16,237,291,0,655,0,31,-4,-385,0,3156
2024/04/10,17:00,3238,0,455,1080,110,199,694,16,237,109,0,657,0,51,-3,-367,0,3238
2024/04/10,17:30,3244,0,473,1065,124,198,697,16,237,10,0,652,0,78,-4,-302,0,3244
2024/04/10,18:00,3310,0,535,1027,124,199,690,16,239,0,0,658,0,92,-3,-267,0,3310
2024/04/10,18:30,3558,0,617,1204,166,203,695,16,239,0,0,649,0,145,-3,-373,0,3558
2024/04/10,19:00,3420,0,566,1093,173,203,629,16,239,0,0,679,0,149,-3,-324,0,3420
2024/04/10,19:30,3412,0,623,1140,142,203,604,16,239,1,0,675,0,104,-4,-331,0,3412
2024/04/10,20:00,3292,0,631,1075,149,203,602,16,239,0,0,627,0,111,-3,-358,0,3292
2024/04/10,20:30,3246,0,600,1108,158,203,603,16,239,0,0,590,0,80,-4,-347,0,3246
2024/04/10,21:00,3102,0,583,1032,116,203,609,16,240,0,0,563,0,74,-5,-329,0,3102
2024/04/10,21:30,3136,0,622,1146,73,203,608,16,239,0,0,564,0,42,-5,-372,0,3136
2024/04/10,22:00,2932,0,575,995,62,203,604,16,239,0,0,521,0,57,6,-346,0,2932
2024/04/10,22:30,3024,0,574,1156,78,203,602,16,239,0,0,517,0,93,-5,-449,0,3024
2024/04/10,23:00,2968,0,543,1064,116,203,576,16,239,0,0,523,0,48,-5,-355,0,2968
2024/04/10,23:30,2998,0,480,1135,116,204,580,16,238,0,0,520,0,42,-9,-324,0,2998
2024/04/11,00:00,2906,0,541,1086,116,204,594,16,238,0,0,517,0,36,-2,-440,0,2906
2024/04/11,00:30,2954,0,513,1177,107,204,611,16,239,0,0,513,0,42,-5,-463,0,2954
2024/04/11,01:00,2902,0,512,1063,63,204,618,16,239,0,0,487,0,44,-3,-341,0,2902
2024/04/11,01:30,3026,0,525,1140,68,204,631,16,239,0,0,503,0,44,-4,-340,0,3026
2024/04/11,02:00,3022,0,410,1100,113,204,630,16,239,0,0,501,0,88,-4,-275,0,3022
2024/04/11,02:30,3088,0,408,1111,116,203,645,16,239,0,0,507,0,135,-3,-289,0,3088
2024/04/11,03:00,3138,0,455,1142,116,204,661,16,239,0,0,510,0,139,-4,-340,0,3138
2024/04/11,03:30,3220,0,496,1195,116,204,664,16,239,0,0,512,0,135,-4,-353,0,3220
2024/04/11,04:00,3216,0,490,1125,116,204,708,16,240,0,0,501,0,134,-4,-314,0,3216
2024/04/11,04:30,3256,0,502,1145,117,204,707,16,239,1,0,506,0,133,-5,-309,0,3256
2024/04/11,05:00,3164,0,496,1069,117,204,687,16,239,39,0,510,0,124,-4,-333,0,3164
2024/04/11,05:30,3280,0,494,1214,118,204,678,16,239,158,0,497,0,80,-4,-414,0,3280
2024/04/11,06:00,3216,0,547,922,163,204,685,16,239,367,0,482,0,115,-3,-521,0,3216
2024/04/11,06:30,3284,0,553,888,188,204,685,16,238,639,0,424,0,88,-4,-635,0,3284
2024/04/11,07:00,3132,0,468,721,125,191,666,16,238,883,0,415,0,55,-6,-640,0,3132
2024/04/11,07:30,3214,0,380,711,109,165,666,16,239,1106,0,411,0,42,-3,-628,0,3214
2024/04/11,08:00,3248,0,265,585,131,140,620,16,238,1338,0,429,0,-39,-2,-473,0,3248
2024/04/11,08:30,3368,0,415,561,148,112,620,16,238,1535,0,421,0,-223,-4,-471,0,3368
2024/04/11,09:00,3298,0,263,440,126,103,619,16,238,1683,0,427,0,-358,-3,-256,0,3298
2024/04/11,09:30,3576,0,411,688,96,103,618,16,238,1765,0,418,0,-416,-4,-357,0,3576
2024/04/11,10:00,3450,0,344,567,72,103,617,16,237,1826,0,438,0,-424,-3,-343,0,3450
2024/04/11,10:30,3458,0,388,451,71,103,616,16,237,1833,0,447,0,-422,-3,-279,0,3458
2024/04/11,11:00,3438,0,522,362,89,103,589,16,238,1821,0,424,0,-400,-2,-324,0,3438
2024/04/11,11:30,3474,0,532,426,127,103,568,16,238,1768,0,422,0,-392,-3,-331,0,3474
2024/04/11,12:00,3262,0,519,367,138,104,543,16,238,1703,0,428,0,-416,-48,-330,0,3262
2024/04/11,12:30,3266,0,500,482,126,104,542,16,238,1591,0,449,0,-409,-21,-352,0,3266
2024/04/11,13:00,3380,0,538,537,153,103,546,16,228,1439,0,456,0,-229,-4,-403,0,3380
2024/04/11,13:30,3320,0,455,530,156,103,576,16,216,1283,0,464,0,-195,-5,-279,0,3320
2024/04/11,14:00,3274,0,463,514,166,120,602,16,222,1057,0,468,0,-56,-5,-293,0,3274
2024/04/11,14:30,3380,0,524,641,214,150,616,16,238,819,0,471,0,113,-5,-417,0,3380
2024/04/11,15:00,3280,0,562,662,260,171,626,16,238,600,0,483,0,256,-3,-591,0,3280
2024/04/11,15:30,3392,0,560,928,260,194,631,16,239,401,0,461,0,216,-3,-511,0,3392
2024/04/11,16:00,3394,0,544,963,257,203,698,16,239,236,0,450,0,128,-4,-336,0,3394
2024/04/11,16:30,3340,0,534,906,246,203,740,16,240,124,0,452,0,144,-3,-262,0,3340
2024/04/11,17:00,3376,0,476,961,203,203,752,16,239,43,0,481,0,179,-3,-174,0,3376
2024/04/11,17:30,3350,0,429,903,193,203,758,16,239,5,0,498,0,211,-4,-101,0,3350
2024/04/11,18:00,3488,0,516,914,179,203,755,16,239,0,0,520,0,295,-4,-145,0,3488
2024/04/11,18:30,3446,0,547,808,137,203,711,16,240,0,0,546,0,305,-4,-63,0,3446
2024/04/11,19:00,3380,0,543,867,126,203,707,16,239,0,0,581,0,272,-5,-169,0,3380
2024/04/11,19:30,3446,0,563,1061,162,203,683,16,239,0,0,605,0,205,-4,-287,0,3446
2024/04/11,20:00,3270,0,514,988,214,203,643,16,238,0,0,603,0,155,-4,-300,0,3270
2024/04/11,20:30,3178,0,495,995,199,204,643,16,238,0,0,566,0,91,-2,-267,0,3178
2024/04/11,21:00,3006,0,463,922,149,204,630,16,239,0,0,537,0,42,6,-202,0,3006
2024/04/11,21:30,3062,0,482,1063,122,204,630,16,240,0,0,550,0,40,-5,-280,0,3062
2024/04/11,22:00,2916,0,507,959,116,204,606,16,239,0,0,554,0,41,-2,-324,0,2916
2024/04/11,22:30,2942,0,526,1036,122,203,601,16,239,0,0,540,0,37,-5,-373,0,2942
2024/04/11,23:00,2926,0,445,978,119,204,589,16,239,0,0,594,0,51,-3,-306,0,2926
2024/04/11,23:30,2908,0,432,1019,116,203,565,16,239,0,0,597,0,54,-7,-326,0,2908
2024/04/12,00:00,2790,0,408,934,116,204,565,16,239,0,0,532,0,54,-2,-276,0,2790
2024/04/12,00:30,2888,0,480,1049,122,204,565,16,239,0,0,501,0,61,-2,-347,0,2888
2024/04/12,01:00,2890,0,431,1015,120,204,599,16,239,0,0,533,0,36,-4,-299,0,2890
2024/04/12,01:30,2912,0,370,973,106,204,605,16,238,0,0,549,0,44,-4,-189,0,2912
2024/04/12,02:00,3012,0,438,993,63,204,619,16,238,0,0,544,0,43,-4,-142,0,3012
2024/04/12,02:30,3038,0,471,946,62,204,618,16,239,0,0,538,0,43,-3,-96,0,3038
2024/04/12,03:00,3080,0,469,993,91,204,663,16,239,0,0,513,0,42,-4,-146,0,3080
2024/04/12,03:30,3134,0,451,1010,116,204,678,16,238,0,0,522,0,43,-3,-141,0,3134
2024/04/12,04:00,3132,0,442,995,107,204,718,16,239,0,0,515,0,45,-3,-146,0,3132
2024/04/12,04:30,3194,0,446,1064,68,203,727,16,238,1,0,515,0,42,-4,-122,0,3194
2024/04/12,05:00,3132,0,431,947,62,204,736,16,239,34,0,504,0,87,-5,-123,0,3132
2024/04/12,05:30,3254,0,463,1056,61,204,738,16,239,107,0,496,0,72,-4,-194,0,3254
2024/04/12,06:00,3224,0,527,870,98,203,664,16,239,192,0,491,0,97,-4,-169,0,3224
2024/04/12,06:30,3348,0,556,1017,169,165,661,16,238,226,0,462,0,76,-4,-234,0,3348
2024/04/12,07:00,3190,0,553,876,180,114,579,16,238,252,0,455,0,33,-5,-101,0,3190
2024/04/12,07:30,3346,0,547,991,223,103,583,16,238,353,0,448,0,22,-4,-174,0,3346
2024/04/12,08:00,3454,0,524,989,258,100,583,16,237,452,0,440,0,18,-5,-158,0,3454
2024/04/12,08:30,3424,0,403,893,233,71,578,16,237,546,0,427,0,61,-3,-38,0,3424
2024/04/12,09:00,3458,0,266,869,159,58,564,16,238,679,0,433,0,40,-3,139,0,3458
2024/04/12,09:30,3492,0,396,829,119,58,561,16,238,759,0,447,0,-176,-3,248,0,3492
2024/04/12,10:00,3462,0,391,798,72,58,551,16,238,848,0,486,0,-230,-4,238,0,3462
2024/04/12,10:30,3620,0,418,938,95,58,545,16,238,945,0,486,0,-230,-4,115,0,3620
2024/04/12,11:00,3632,0,480,987,174,58,544,16,239,987,0,453,0,-229,-2,-75,0,3632
2024/04/12,11:30,3540,0,369,990,179,58,544,16,237,947,0,453,0,-227,-4,-22,0,3540
2024/04/12,12:00,3298,0,384,889,183,58,539,16,237,896,0,459,0,-224,-49,-90,0,3298
2024/04/12,12:30,3330,0,278,982,158,58,528,16,237,893,0,454,0,-231,-32,-11,0,3330
2024/04/12,13:00,3270,0,324,814,125,58,528,16,228,901,0,446,0,-228,-5,63,0,3270
2024/04/12,13:30,3232,0,299,707,105,58,544,16,215,860,0,492,0,-231,-6,173,0,3232
2024/04/12,14:00,3216,0,361,721,77,58,594,16,222,804,0,503,0,-228,-5,93,0,3216
2024/04/12,14:30,3298,0,393,857,78,58,607,16,236,739,0,486,0,-86,-5,-81,0,3298
2024/04/12,15:00,3182,0,351,801,77,58,631,16,238,622,0,447,0,73,-3,-129,0,3182
2024/04/12,15:30,3202,0,398,877,78,58,644,16,238,465,0,390,0,70,-3,-29,0,3202
2024/04/12,16:00,3222,0,437,967,125,58,673,16,238,324,0,362,0,136,-4,-110,0,3222
2024/04/12,16:30,3204,0,409,1002,149,58,719,16,237,200,0,353,0,148,-4,-83,0,3204
2024/04/12,17:00,3196,0,426,1019,173,59,750,16,237,84,0,336,0,156,-3,-57,0,3196
2024/04/12,17:30,3210,0,381,1002,146,59,753,16,238,10,0,347,0,219,-4,43,0,3210
2024/04/12,18:00,3268,0,488,964,174,59,756,16,238,0,0,375,0,276,-3,-75,0,3268
2024/04/12,18:30,3398,0,482,1101,141,59,762,16,238,0,0,390,0,286,-5,-72,0,3398
2024/04/12,19:00,3322,0,487,1071,158,72,754,16,238,0,0,334,0,284,-5,-87,0,3322
2024/04/12,19:30,3278,0,503,1110,224,97,695,16,238,0,0,252,0,284,-4,-137,0,3278
2024/04/12,20:00,3124,0,422,1030,186,104,683,16,239,0,0,208,0,281,-5,-40,0,3124
2024/04/12,20:30,3130,0,386,1121,158,104,686,16,239,0,0,236,0,229,-4,-41,0,3130
2024/04/12,21:00,2932,0,447,1010,120,104,674,16,239,0,0,256,0,161,-4,-91,0,2932
2024/04/12,21:30,2986,0,560,1132,118,104,674,16,238,0,0,242,0,48,-5,-141,0,2986
2024/04/12,22:00,2870,0,563,1046,161,104,669,16,239,0,0,226,0,57,-4,-207,0,2870
2024/04/12,22:30,2846,0,519,1053,155,104,668,16,238,0,0,229,0,63,-4,-195,0,2846
2024/04/12,23:00,2866,0,552,969,75,104,613,16,239,0,0,291,0,157,-5,-145,0,2866
2024/04/12,23:30,2866,0,519,1031,61,104,596,16,239,0,0,355,0,97,-8,-144,0,2866
2024/04/13,00:00,2788,0,416,986,62,105,589,16,239,0,0,376,0,150,-3,-148,0,2788
2024/04/13,00:30,2760,0,416,948,62,104,587,16,238,0,0,403,0,164,-4,-174,0,2760
2024/04/13,01:00,2800,0,404,869,55,104,635,16,238,0,0,381,0,248,-4,-146,0,2800
2024/04/13,01:30,2848,0,454,862,14,104,644,16,237,0,0,358,0,256,-2,-95,0,2848
2024/04/13,02:00,2914,0,461,965,14,104,647,16,237,0,0,347,0,260,-4,-133,0,2914
2024/04/13,02:30,2956,0,433,953,14,104,646,16,237,0,0,323,0,301,-3,-68,0,2956
2024/04/13,03:00,2998,0,459,936,14,104,663,16,237,0,0,305,0,295,-3,-28,0,2998
2024/04/13,03:30,3092,0,509,1049,14,104,673,16,237,0,0,303,0,300,-2,-111,0,3092
2024/04/13,04:00,3004,0,443,922,14,105,691,16,228,0,0,334,0,334,-3,-80,0,3004
2024/04/13,04:30,3142,0,442,1058,14,105,700,16,215,1,0,358,0,350,-3,-114,0,3142
2024/04/13,05:00,2916,0,351,761,14,104,712,16,216,43,0,371,0,354,-3,-23,0,2916
2024/04/13,05:30,3078,0,526,777,14,104,715,16,215,147,0,360,0,351,-3,-144,0,3078
2024/04/13,06:00,2890,0,552,590,14,104,662,16,214,296,0,337,0,326,-6,-215,0,2890
2024/04/13,06:30,2986,0,557,749,14,104,631,16,214,439,0,284,0,211,-4,-229,0,2986
2024/04/13,07:00,2878,0,391,692,14,92,623,16,214,605,0,242,0,139,-3,-147,0,2878
2024/04/13,07:30,2702,0,376,571,14,66,588,16,214,802,0,239,0,-25,-5,-154,0,2702
2024/04/13,08:00,2784,0,451,621,20,57,583,16,207,940,0,245,0,-156,-6,-194,0,2784
2024/04/13,08:30,2874,0,338,684,20,59,568,16,194,1145,0,262,0,-216,-4,-192,0,2874
2024/04/13,09:00,2808,0,333,594,20,59,532,16,176,1338,0,269,0,-444,-3,-82,0,2808
2024/04/13,09:30,2834,0,191,576,20,58,511,16,167,1501,0,288,0,-491,-3,0,0,2834
2024/04/13,10:00,2822,0,238,469,20,58,486,16,167,1651,0,304,0,-555,-3,-29,0,2822
2024/04/13,10:30,2772,0,225,331,20,58,485,16,166,1770,0,318,0,-675,-3,61,0,2772
2024/04/13,11:00,2866,0,308,326,20,58,485,16,168,1844,0,338,0,-675,-4,-18,0,2866
2024/04/13,11:30,2912,0,271,367,20,58,485,16,168,1875,0,355,0,-606,-4,-93,0,2912
2024/04/13,12:00,2834,0,283,323,20,58,465,16,168,1862,0,355,0,-607,-5,-104,0,2834
2024/04/13,12:30,2768,0,162,365,20,58,506,16,168,1813,0,372,0,-710,-8,6,0,2768
2024/04/13,13:00,2724,0,196,332,20,58,526,16,168,1725,0,374,0,-700,-9,18,0,2724
2024/04/13,13:30,2712,0,248,365,20,58,565,16,168,1594,0,411,0,-616,-4,-113,0,2712
2024/04/13,14:00,2638,0,280,325,20,58,523,16,168,1427,0,454,0,-563,-4,-66,0,2638
2024/04/13,14:30,2688,0,445,369,20,58,539,16,168,1203,0,432,0,-447,-6,-109,0,2688
2024/04/13,15:00,2660,0,539,323,18,72,554,16,168,936,0,391,0,-24,2,-335,0,2660
2024/04/13,15:30,2792,0,556,497,18,96,575,16,168,625,0,327,0,302,-5,-383,0,2792
2024/04/13,16:00,2706,0,557,573,15,103,621,16,168,384,0,301,0,248,-6,-274,0,2706
2024/04/13,16:30,2758,0,556,629,15,103,668,16,169,204,0,308,0,157,-5,-62,0,2758
2024/04/13,17:00,2820,0,560,675,16,104,699,16,169,76,0,336,0,255,-6,-80,0,2820
2024/04/13,17:30,2904,0,538,684,16,104,714,16,169,11,0,348,0,306,-5,3,0,2904
2024/04/13,18:00,3012,0,611,751,14,104,728,16,169,0,0,358,0,384,-6,-117,0,3012
2024/04/13,18:30,3078,0,613,913,14,104,744,16,169,0,0,355,0,343,-5,-188,0,3078
2024/04/13,19:00,3088,0,614,969,14,104,766,16,169,1,0,346,0,313,-5,-219,0,3088
2024/04/13,19:30,3066,0,617,925,14,103,744,16,169,0,0,384,0,332,-4,-234,0,3066
2024/04/13,20:00,2952,0,625,812,15,104,721,16,169,0,0,370,0,322,-4,-198,0,2952
2024/04/13,20:30,2938,0,623,874,15,104,701,16,169,0,0,364,0,317,-4,-241,0,2938
2024/04/13,21:00,2790,0,572,808,14,104,694,16,170,0,0,346,0,256,-4,-186,0,2790
2024/04/13,21:30,2782,0,523,918,18,105,675,16,169,0,0,321,0,224,-4,-183,0,2782
2024/04/13,22:00,2640,0,476,724,52,104,663,16,169,0,0,326,0,185,-4,-71,0,2640
2024/04/13,22:30,2700,0,534,871,62,104,660,16,169,0,0,308,0,128,-4,-148,0,2700
2024/04/13,23:00,2670,0,538,818,62,104,647,16,169,0,0,358,0,61,-4,-99,0,2670
2024/04/13,23:30,2680,0,473,909,62,104,623,16,168,0,0,399,0,34,-4,-104,0,2680
2024/04/14,00:00,2618,0,432,856,62,104,633,16,169,0,0,423,0,130,-4,-203,0,2618
2024/04/14,00:30,2636,0,401,873,62,104,638,16,169,0,0,456,0,169,-3,-249,0,2636
2024/04/14,01:00,2664,0,443,812,62,105,668,16,169,0,0,432,0,170,-3,-210,0,2664
2024/04/14,01:30,2694,0,494,793,62,105,675,16,168,0,0,446,0,169,-3,-231,0,2694
2024/04/14,02:00,2776,0,441,919,62,105,685,16,169,0,0,450,0,191,-3,-259,0,2776
2024/04/14,02:30,2802,0,452,885,62,104,686,16,169,0,0,449,0,196,-4,-213,0,2802
2024/04/14,03:00,2866,0,502,907,62,104,703,16,169,0,0,462,0,194,-2,-251,0,2866
2024/04/14,03:30,2896,0,500,934,63,104,725,16,169,0,0,444,0,189,-3,-245,0,2896
2024/04/14,04:00,2860,0,443,840,108,104,728,16,169,0,0,432,0,187,-3,-164,0,2860
2024/04/14,04:30,2892,0,495,788,187,104,728,16,168,1,0,485,0,156,-4,-232,0,2892
2024/04/14,05:00,2776,0,500,572,254,104,728,16,168,48,0,464,0,141,-5,-214,0,2776
2024/04/14,05:30,2834,0,530,596,257,105,724,16,166,155,0,454,0,142,-4,-307,0,2834
2024/04/14,06:00,2752,0,483,451,257,104,720,16,159,320,0,435,0,141,-5,-329,0,2752
2024/04/14,06:30,2712,0,408,451,220,104,677,16,150,486,0,437,0,136,-5,-368,0,2712
2024/04/14,07:00,2674,0,322,440,138,92,667,16,142,664,0,432,0,74,-4,-309,0,2674
2024/04/14,07:30,2514,0,336,311,86,66,664,16,135,886,0,427,0,-297,-3,-113,0,2514
2024/04/14,08:00,2528,0,274,311,61,54,623,16,129,1109,0,440,0,-526,-5,42,0,2528
2024/04/14,08:30,2568,0,233,331,78,54,601,16,127,1258,80,194,270,-469,-1,146,0,2568
2024/04/14,09:00,2598,0,242,229,64,54,576,16,125,1486,47,160,250,-579,-3,228,0,2598
2024/04/14,09:30,2630,0,271,187,60,54,562,16,125,1545,120,157,230,-653,-3,309,0,2630
2024/04/14,10:00,2622,0,295,162,60,54,562,16,126,1601,145,151,220,-721,-3,319,0,2622
2024/04/14,10:30,2684,0,252,195,60,54,561,16,126,1622,172,137,225,-690,-3,354,0,2684
2024/04/14,11:00,2544,0,310,155,60,54,552,16,127,1448,253,126,58,-683,-2,381,0,2544
2024/04/14,11:30,2602,0,266,189,60,54,553,16,127,1418,244,122,71,-587,-3,387,0,2602
2024/04/14,12:00,2648,0,314,166,60,54,533,16,127,1541,129,97,64,-606,-2,348,0,2648
2024/04/14,12:30,2590,0,293,177,60,54,533,16,127,1466,125,86,69,-614,-3,395,0,2590
2024/04/14,13:00,2548,0,343,155,60,54,546,16,127,1404,113,100,74,-601,-3,347,0,2548
2024/04/14,13:30,2606,0,301,192,60,54,571,16,127,1453,43,130,1,-570,-3,275,0,2606
2024/04/14,14:00,2400,0,278,172,60,54,583,16,126,1316,0,122,0,-508,-3,184,0,2400
2024/04/14,14:30,2384,0,309,293,60,54,632,16,126,1145,0,126,0,-509,-3,135,0,2384
2024/04/14,15:00,2296,0,399,260,60,54,652,16,126,963,0,118,0,-350,-3,1,0,2296
2024/04/14,15:30,2486,0,484,466,61,68,669,16,131,730,0,101,0,-102,-4,-134,0,2486
2024/04/14,16:00,2430,0,547,397,77,93,697,16,145,509,0,95,0,63,-4,-205,0,2430
2024/04/14,16:30,2628,0,564,528,122,103,714,16,158,291,0,92,0,247,-3,-204,0,2628
2024/04/14,17:00,2616,0,565,485,142,104,732,16,168,117,0,84,0,361,-4,-154,0,2616
2024/04/14,17:30,2784,0,617,741,116,104,737,16,169,15,0,72,0,354,-4,-153,0,2784
2024/04/14,18:00,2872,0,630,773,116,104,752,16,169,0,0,59,0,274,-4,-17,0,2872
2024/04/14,18:30,3048,0,631,854,143,104,752,16,169,0,0,70,0,437,-4,-124,0,3048
2024/04/14,19:00,3006,0,629,861,157,104,751,16,169,0,0,68,0,268,-4,-13,0,3006
2024/04/14,19:30,2954,0,581,869,126,104,739,16,169,0,0,71,0,219,-3,63,0,2954
2024/04/14,20:00,2852,0,570,878,147,104,711,16,170,0,0,71,0,216,-1,-30,0,2852
2024/04/14,20:30,2862,0,542,971,148,104,695,16,169,0,0,55,0,178,-1,-15,0,2862
2024/04/14,21:00,2716,0,563,885,135,104,696,16,169,0,0,44,0,176,-3,-69,0,2716
2024/04/14,21:30,2700,0,477,963,121,104,711,16,169,0,0,41,0,168,-3,-67,0,2700
2024/04/14,22:00,2560,0,376,871,116,104,716,16,169,0,0,39,0,161,-4,-4,0,2560
2024/04/14,22:30,2562,0,458,897,116,104,713,16,169,0,0,40,0,112,-4,-59,0,2562
2024/04/14,23:00,2470,0,452,776,116,104,688,16,169,0,0,36,0,100,-4,17,0,2470
2024/04/14,23:30,2614,0,491,1004,158,104,676,16,169,0,0,38,0,100,-4,-138,0,2614
2024/04/15,00:00,2552,0,497,929,170,105,678,16,169,0,0,45,0,117,-3,-171,0,2552
2024/04/15,00:30,2498,0,384,924,137,105,690,16,169,0,0,51,0,176,-3,-151,0,2498
2024/04/15,01:00,2580,0,382,926,116,105,716,16,169,0,0,55,0,195,-4,-96,0,2580
2024/04/15,01:30,2598,0,312,914,116,104,720,16,169,0,0,65,0,195,-3,-10,0,2598
2024/04/15,02:00,2710,0,440,959,83,104,733,16,169,0,0,73,0,193,-3,-57,0,2710
2024/04/15,02:30,2702,0,465,887,61,104,733,16,170,0,0,77,0,191,-3,1,0,2702
2024/04/15,03:00,2726,0,448,854,61,105,750,16,169,0,0,90,0,190,-4,47,0,2726
2024/04/15,03:30,2906,0,505,992,62,105,765,16,170,0,0,105,0,193,-3,-4,0,2906
2024/04/15,04:00,2876,0,496,901,74,105,777,16,169,0,0,132,0,233,-3,-24,0,2876
2024/04/15,04:30,2810,0,535,722,130,105,776,16,169,2,0,147,0,259,-3,-48,0,2810
2024/04/15,05:00,2778,0,574,593,179,105,776,16,169,61,0,157,0,292,-4,-140,0,2778
2024/04/15,05:30,2880,0,572,732,180,104,762,16,170,178,0,155,0,339,-4,-324,0,2880
2024/04/15,06:00,2804,0,558,583,151,104,743,16,170,405,0,134,0,253,-4,-309,0,2804
2024/04/15,06:30,2922,0,533,635,113,104,737,16,169,685,0,121,0,217,-4,-404,0,2922
2024/04/15,07:00,2854,0,466,572,68,92,719,16,169,933,0,110,0,86,-4,-373,0,2854
2024/04/15,07:30,2806,0,265,401,62,66,707,16,165,1170,0,107,0,60,-4,-209,0,2806
2024/04/15,08:00,3034,0,369,431,68,57,693,16,164,1404,0,102,0,14,-3,-281,0,3034
2024/04/15,08:30,3038,0,459,284,68,59,673,16,163,1610,0,115,0,-207,-3,-199,0,3038
2024/04/15,09:00,3146,0,362,302,96,58,644,16,163,1773,0,129,0,-233,-4,-160,0,3146
2024/04/15,09:30,3284,0,325,390,68,58,643,16,163,1865,0,127,0,-293,-3,-75,0,3284
2024/04/15,10:00,3194,0,352,313,68,57,637,16,163,1929,0,115,0,-430,-4,-22,0,3194
2024/04/15,10:30,3250,0,375,354,69,57,629,16,162,1955,0,112,0,-469,-4,-6,0,3250
2024/04/15,11:00,3218,0,303,332,69,57,631,16,163,1969,0,119,0,-459,-3,21,0,3218
2024/04/15,11:30,3202,0,332,364,69,57,631,16,163,1949,0,126,0,-548,-4,47,0,3202
2024/04/15,12:00,3044,0,316,372,69,58,611,16,163,1922,0,127,0,-708,-3,101,0,3044
2024/04/15,12:30,3006,0,289,386,69,58,612,16,164,1857,0,132,0,-709,-2,134,0,3006
2024/04/15,13:00,3084,0,435,398,69,58,644,16,163,1764,0,130,0,-577,-3,-13,0,3084
2024/04/15,13:30,3054,0,444,501,89,57,640,16,163,1628,0,132,0,-518,-3,-95,0,3054
2024/04/15,14:00,2968,0,343,566,81,58,663,16,163,1473,0,129,0,-519,-3,-2,0,2968
2024/04/15,14:30,2972,0,379,656,68,58,671,16,163,1258,0,129,0,-386,-4,-36,0,2972
2024/04/15,15:00,2790,0,306,572,86,72,709,16,163,1016,0,129,0,-153,-4,-122,0,2790
2024/04/15,15:30,3104,0,483,849,118,96,717,16,163,761,0,128,0,62,-4,-285,0,3104
2024/04/15,16:00,3084,0,559,934,168,103,724,16,163,524,0,129,0,57,-5,-288,0,3084
2024/04/15,16:30,2974,0,545,976,230,103,734,16,162,298,0,130,0,63,-4,-279,0,2974
2024/04/15,17:00,2966,0,453,1046,214,104,749,16,163,118,0,130,0,46,-4,-69,0,2966
2024/04/15,17:30,3104,0,476,1147,229,103,750,16,168,15,0,133,0,121,-4,-50,0,3104
2024/04/15,18:00,3146,0,509,1095,233,103,771,16,185,0,0,133,0,136,-5,-30,0,3146
2024/04/15,18:30,3170,0,481,1075,191,102,773,16,194,0,0,146,0,134,-5,63,0,3170
2024/04/15,19:00,3102,0,504,1021,197,102,751,16,210,0,0,168,0,134,-4,3,0,3102
2024/04/15,19:30,3136,0,492,1150,156,102,759,16,227,0,0,194,0,128,-4,-84,0,3136
2024/04/15,20:00,2890,0,422,1019,139,102,764,16,233,0,0,218,0,128,-4,-147,0,2890
2024/04/15,20:30,2996,0,444,1173,187,102,757,16,233,0,0,238,0,127,-4,-277,0,2996
2024/04/15,21:00,2752,0,416,1011,194,103,759,16,233,0,0,266,0,85,-4,-327,0,2752
2024/04/15,21:30,2824,0,493,1157,172,103,750,16,233,0,0,293,0,40,-5,-428,0,2824
2024/04/15,22:00,2686,0,510,1025,131,103,750,16,233,0,0,320,0,42,-5,-439,0,2686
2024/04/15,22:30,2698,0,514,1110,117,103,750,16,233,0,0,341,0,42,-6,-522,0,2698
2024/04/15,23:00,2664,0,446,1026,116,103,729,16,233,0,0,425,0,68,-6,-492,0,2664
2024/04/15,23:30,2654,0,432,972,116,102,729,16,233,0,0,486,0,54,-5,-481,0,2654
2024/04/16,00:00,2556,0,396,838,111,103,749,16,233,0,0,517,0,40,-4,-443,0,2556
2024/04/16,00:30,2552,0,434,840,65,103,747,16,234,0,0,556,0,55,-1,-497,0,2552
2024/04/16,01:00,2602,0,412,816,61,103,764,16,233,0,0,633,0,52,-2,-486,0,2602
2024/04/16,01:30,2682,0,378,836,61,103,766,16,234,0,0,708,0,51,-3,-468,0,2682
2024/04/16,02:00,2724,0,490,694,61,103,777,16,234,0,0,744,0,86,-4,-477,0,2724
2024/04/16,02:30,2794,0,472,678,62,103,782,16,233,0,0,793,0,172,-4,-513,0,2794
2024/04/16,03:00,2870,0,426,675,61,103,797,16,233,0,0,807,0,230,-5,-473,0,2870
2024/04/16,03:30,2834,0,497,642,61,103,812,16,235,0,0,745,0,235,-6,-506,0,2834
2024/04/16,04:00,2858,0,528,637,62,103,811,16,236,0,0,705,0,257,-4,-493,0,2858
2024/04/16,04:30,2902,0,489,673,62,103,812,16,237,2,0,677,0,347,-5,-511,0,2902
2024/04/16,05:00,2796,0,500,553,64,103,812,16,239,64,0,646,0,339,-5,-535,0,2796
2024/04/16,05:30,2880,0,530,628,64,103,814,16,240,160,0,594,0,320,-5,-584,0,2880
2024/04/16,06:00,2898,0,554,563,62,103,785,16,241,310,0,513,0,340,-4,-585,0,2898
2024/04/16,06:30,2974,0,557,608,62,103,783,16,243,470,0,443,0,277,-6,-582,0,2974
2024/04/16,07:00,2916,0,515,565,71,103,783,16,246,649,0,403,0,147,-4,-578,0,2916
2024/04/16,07:30,2988,0,401,544,72,103,781,16,251,821,0,370,0,138,-6,-503,0,2988
2024/04/16,08:00,3040,0,414,394,72,89,772,16,256,980,0,347,0,139,-5,-434,0,3040
2024/04/16,08:30,3238,0,530,400,83,63,772,16,258,1114,0,370,0,157,-5,-520,0,3238
2024/04/16,09:00,3286,0,509,394,157,54,770,16,261,1229,0,393,0,65,-4,-558,0,3286
2024/04/16,09:30,3260,0,324,367,187,57,760,16,263,1318,0,368,0,12,-6,-406,0,3260
2024/04/16,10:00,3208,0,357,348,170,56,758,16,262,1354,0,357,0,-225,-6,-239,0,3208
2024/04/16,10:30,3274,0,351,411,163,56,758,16,262,1379,0,366,0,-321,-5,-162,0,3274
2024/04/16,11:00,3236,0,384,381,219,56,760,16,262,1414,0,374,0,-331,-4,-295,0,3236
2024/04/16,11:30,3202,0,378,445,224,56,760,16,262,1396,0,372,0,-332,-6,-369,0,3202
2024/04/16,12:00,3090,0,351,532,205,56,739,16,262,1373,0,386,0,-534,-4,-292,0,3090
2024/04/16,12:30,3050,0,281,561,206,56,739,16,263,1315,0,390,0,-566,-5,-206,0,3050
2024/04/16,13:00,3164,0,411,606,236,56,774,16,249,1216,0,400,0,-547,-5,-248,0,3164
2024/04/16,13:30,3108,0,434,615,231,56,782,16,244,1097,0,357,0,-573,-5,-146,0,3108
2024/04/16,14:00,3194,0,469,724,249,70,783,16,255,948,0,339,0,-429,-5,-225,0,3194
2024/04/16,14:30,3168,0,440,874,221,94,785,16,267,780,0,311,0,-295,-6,-319,0,3168
2024/04/16,15:00,3112,0,386,972,209,101,792,16,267,610,0,294,0,-208,-6,-321,0,3112
2024/04/16,15:30,3160,0,439,1010,202,101,801,16,267,433,0,262,0,-85,-5,-281,0,3160
2024/04/16,16:00,3216,0,482,1055,221,101,814,16,267,267,0,243,0,23,-6,-267,0,3216
2024/04/16,16:30,3114,0,542,977,266,101,839,16,269,147,0,226,0,51,-6,-314,0,3114
2024/04/16,17:00,3138,0,475,1069,242,102,857,16,267,48,0,232,0,69,-6,-233,0,3138
2024/04/16,17:30,3116,0,422,1045,219,101,864,16,267,11,0,271,0,102,-7,-195,0,3116
2024/04/16,18:00,3188,0,454,1042,227,102,869,16,270,0,0,269,0,178,-5,-234,0,3188
2024/04/16,18:30,3248,0,366,1083,219,102,873,16,273,0,0,309,0,210,-6,-197,0,3248
2024/04/16,19:00,3170,0,501,1007,177,102,871,16,274,0,0,311,0,210,-5,-294,0,3170
2024/04/16,19:30,3176,0,552,1069,173,102,870,16,274,0,0,290,0,186,-5,-351,0,3176
2024/04/16,20:00,3018,0,461,986,167,103,836,16,274,0,0,319,0,191,-5,-330,0,3018
2024/04/16,20:30,3028,0,500,1079,181,102,826,16,274,0,0,331,0,76,-5,-352,0,3028
2024/04/16,21:00,2812,0,486,940,175,103,813,16,274,0,0,340,0,62,-5,-392,0,2812
2024/04/16,21:30,2922,0,550,1138,219,102,808,16,273,0,0,357,0,23,-6,-558,0,2922
2024/04/16,22:00,2698,0,485,988,192,103,809,16,274,0,0,338,0,23,-5,-525,0,2698
2024/04/16,22:30,2748,0,512,1066,139,102,803,16,273,0,0,355,0,61,-5,-574,0,2748
2024/04/16,23:00,2700,0,520,1010,158,103,780,16,273,0,0,365,0,43,-6,-562,0,2700
2024/04/16,23:30,2664,0,424,1021,130,103,779,16,273,0,0,468,0,34,-5,-579,0,2664
2024/04/17,00:00,2578,0,409,964,91,98,790,16,274,0,0,483,0,35,-4,-578,0,2578
2024/04/17,00:30,2586,0,410,986,62,98,794,16,274,0,0,484,0,38,-3,-573,0,2586
2024/04/17,01:00,2594,0,393,969,62,98,811,16,274,0,0,475,0,32,-3,-533,0,2594
2024/04/17,01:30,2606,0,469,920,62,98,819,16,274,0,0,417,0,23,-3,-489,0,2606
2024/04/17,02:00,2676,0,495,925,62,98,826,16,274,0,0,354,0,24,-5,-393,0,2676
2024/04/17,02:30,2782,0,553,951,68,98,836,16,274,0,0,268,0,86,-4,-364,0,2782
2024/04/17,03:00,2824,0,526,1002,92,98,845,16,274,0,0,246,0,85,-4,-356,0,2824
2024/04/17,03:30,2872,0,459,1048,82,98,847,16,274,0,0,272,0,123,-3,-344,0,2872
2024/04/17,04:00,2842,0,463,969,62,98,843,16,274,0,0,267,0,130,-3,-277,0,2842
2024/04/17,04:30,2846,0,416,1047,62,98,844,16,274,2,0,251,0,124,-4,-284,0,2846
2024/04/17,05:00,2766,0,459,924,75,98,857,16,273,58,0,261,0,73,-5,-323,0,2766
2024/04/17,05:30,2870,0,493,979,118,98,859,16,274,132,0,251,0,68,-4,-414,0,2870
2024/04/17,06:00,2876,0,537,878,145,98,847,16,274,259,0,234,0,21,-4,-429,0,2876
2024/04/17,06:30,3030,0,550,1002,188,98,827,16,274,354,0,208,0,32,-4,-515,0,3030
2024/04/17,07:00,2962,0,501,902,255,98,808,16,272,403,0,194,0,21,-4,-504,0,2962
2024/04/17,07:30,3144,0,526,984,256,98,806,16,273,502,0,184,0,42,-3,-540,0,3144
2024/04/17,08:00,3210,0,438,928,203,97,797,16,274,606,0,180,0,40,-5,-364,0,3210
2024/04/17,08:30,3262,0,431,795,144,85,791,16,273,717,0,190,0,31,-4,-207,0,3262
2024/04/17,09:00,3354,0,481,857,195,58,771,16,272,736,0,179,0,26,-5,-232,0,3354
2024/04/17,09:30,3502,0,520,1035,261,50,758,16,272,770,0,163,0,41,-4,-380,0,3502
2024/04/17,10:00,3428,0,486,958,264,51,745,16,272,778,0,159,0,41,-3,-339,0,3428
2024/04/17,10:30,3410,0,365,930,244,51,747,16,269,821,0,158,0,-41,-3,-147,0,3410
2024/04/17,11:00,3396,0,399,957,248,51,752,16,265,859,0,144,0,-330,-3,38,0,3396
2024/04/17,11:30,3340,0,422,999,260,51,740,16,262,786,0,128,0,-428,-5,109,0,3340
2024/04/17,12:00,3182,0,369,997,249,51,719,16,259,728,0,117,0,-267,-52,-4,0,3182
2024/04/17,12:30,3128,0,419,956,252,51,711,16,256,688,0,126,0,-173,-40,-134,0,3128
2024/04/17,13:00,3296,0,342,924,209,65,717,16,240,707,0,133,0,21,-6,-72,0,3296
2024/04/17,13:30,3274,0,328,994,171,89,737,16,229,644,0,133,0,16,-5,-78,0,3274
2024/04/17,14:00,3178,0,347,994,213,96,733,16,231,578,0,155,0,-94,-5,-86,0,3178
2024/04/17,14:30,3182,0,435,1064,263,96,734,16,242,503,0,148,0,-234,-7,-78,0,3182
2024/04/17,15:00,3112,0,438,1059,263,97,741,16,240,393,0,159,0,-158,-5,-131,0,3112
2024/04/17,15:30,3116,0,435,1020,241,96,750,16,237,263,0,130,0,-2,-4,-66,0,3116
2024/04/17,16:00,3154,0,509,1001,252,97,778,16,234,151,0,112,0,70,-5,-61,0,3154
2024/04/17,16:30,3236,0,537,1069,269,97,797,16,232,81,0,125,0,90,-3,-74,0,3236
2024/04/17,17:00,3152,0,456,1062,269,98,800,16,232,32,0,145,0,141,-6,-93,0,3152
2024/04/17,17:30,3238,0,424,1130,264,98,801,16,232,7,0,160,0,217,-4,-107,0,3238
2024/04/17,18:00,3240,0,434,1078,225,98,824,16,232,0,0,188,0,222,-4,-73,0,3240
2024/04/17,18:30,3318,0,458,1126,211,98,829,16,231,0,0,217,0,188,-3,-53,0,3318
2024/04/17,19:00,3190,0,431,1039,213,98,830,16,232,0,0,226,0,173,-4,-64,0,3190
2024/04/17,19:30,3232,0,456,1158,256,97,814,16,233,0,0,196,0,171,-5,-160,0,3232
2024/04/17,20:00,3024,0,481,1025,268,98,805,16,232,0,0,123,0,169,-4,-189,0,3024
2024/04/17,20:30,3094,0,389,1164,249,98,795,16,233,0,0,111,0,166,-3,-124,0,3094
2024/04/17,21:00,2826,0,321,1010,186,99,797,16,233,0,0,80,0,160,0,-76,0,2826
2024/04/17,21:30,2876,0,350,1141,152,98,797,16,232,0,0,63,0,154,-6,-121,0,2876
2024/04/17,22:00,2686,0,413,1002,149,98,803,16,233,0,0,67,0,49,-4,-140,0,2686
2024/04/17,22:30,2774,0,438,1134,204,98,803,16,233,0,0,53,0,41,-6,-240,0,2774
2024/04/17,23:00,2728,0,505,1027,183,98,785,16,233,0,0,43,0,42,-7,-197,0,2728
2024/04/17,23:30,2670,0,460,1050,225,98,783,16,233,0,0,47,0,42,-10,-274,0,2670
2024/04/18,00:00,2650,0,428,1061,228,103,785,16,233,0,0,58,0,92,-4,-350,0,2650
2024/04/18,00:30,2594,0,435,1003,151,102,780,16,232,0,0,63,0,100,-4,-284,0,2594
2024/04/18,01:00,2592,0,380,1006,125,103,794,16,233,0,0,60,0,95,-4,-216,0,2592
2024/04/18,01:30,2640,0,402,995,72,102,799,16,233,0,0,45,0,117,-4,-137,0,2640
2024/04/18,02:00,2698,0,466,954,64,103,815,16,232,0,0,34,0,181,-5,-162,0,2698
2024/04/18,02:30,2826,0,512,1010,115,103,819,16,233,0,0,30,0,183,-4,-191,0,2826
2024/04/18,03:00,2902,0,513,1034,124,102,819,16,233,0,0,26,0,185,-5,-145,0,2902
2024/04/18,03:30,2814,0,405,948,122,103,819,16,233,0,0,23,0,181,-3,-33,0,2814
2024/04/18,04:00,2818,0,409,911,122,103,819,16,233,0,0,32,0,184,-3,-8,0,2818
2024/04/18,04:30,2930,0,373,1056,121,102,815,16,233,2,0,43,0,177,-3,-5,0,2930
2024/04/18,05:00,2834,0,417,902,113,103,796,16,233,57,0,48,0,184,-4,-31,0,2834
2024/04/18,05:30,2966,0,482,1073,194,103,788,16,233,125,0,40,0,182,-5,-265,0,2966
2024/04/18,06:00,2940,0,423,985,307,103,781,16,234,218,0,60,0,178,-4,-361,0,2940
2024/04/18,06:30,2920,0,313,990,299,103,784,16,235,284,0,57,0,182,-4,-339,0,2920
2024/04/18,07:00,2956,0,360,952,242,102,749,16,228,374,0,65,0,129,-4,-257,0,2956
2024/04/18,07:30,3040,0,346,895,191,102,739,16,222,479,0,96,0,103,-4,-145,0,3040
2024/04/18,08:00,3128,0,318,827,132,102,737,16,219,604,0,105,0,99,-3,-28,0,3128
2024/04/18,08:30,3340,0,396,965,115,101,749,16,213,685,0,121,0,95,-4,-112,0,3340
2024/04/18,09:00,3424,0,462,1013,138,89,744,16,212,761,0,167,0,13,-3,-188,0,3424
2024/04/18,09:30,3260,0,397,878,167,63,724,16,212,838,0,201,0,-60,-4,-172,0,3260
2024/04/18,10:00,3282,0,435,931,166,54,722,16,211,869,0,219,0,-183,-3,-155,0,3282
2024/04/18,10:30,3292,0,317,951,127,51,723,16,210,907,0,255,0,-226,-3,-36,0,3292
2024/04/18,11:00,3264,0,305,918,120,51,724,16,211,970,0,265,0,-354,-4,42,0,3264
2024/04/18,11:30,3276,0,397,1050,119,51,725,16,212,948,0,266,0,-466,-3,-39,0,3276
2024/04/18,12:00,3074,0,345,972,119,51,690,16,212,917,0,271,0,-475,-39,-5,0,3074
2024/04/18,12:30,3068,0,307,918,119,51,692,16,212,917,0,277,0,-492,-28,79,0,3068
2024/04/18,13:00,3122,0,366,931,119,65,707,16,202,897,0,279,0,-374,-5,-81,0,3122
2024/04/18,13:30,3232,0,453,1100,121,89,738,16,189,806,0,264,0,-308,-5,-231,0,3232
2024/04/18,14:00,3196,0,459,1049,133,97,775,16,195,753,0,290,0,-283,-5,-283,0,3196
2024/04/18,14:30,3122,0,474,933,119,97,792,16,209,649,0,302,0,-277,-2,-190,0,3122
2024/04/18,15:00,3150,0,470,1022,119,98,817,16,210,496,0,293,0,-288,0,-103,0,3150
2024/04/18,15:30,3052,0,500,974,166,98,835,16,215,342,0,277,0,-183,0,-188,0,3052
2024/04/18,16:00,3168,0,423,1063,133,97,848,16,223,208,0,283,0,106,0,-232,0,3168
2024/04/18,16:30,3192,0,379,1048,122,97,856,16,230,118,0,307,0,199,0,-180,0,3192
2024/04/18,17:00,3214,0,471,1082,130,97,852,16,233,53,0,311,0,194,0,-225,0,3214
2024/04/18,17:30,3172,0,422,1028,124,97,864,16,232,9,0,309,0,199,-1,-127,0,3172
2024/04/18,18:00,3200,0,479,1025,137,98,842,16,231,0,0,298,0,163,-3,-86,0,3200
2024/04/18,18:30,3306,0,507,1097,125,98,849,16,231,0,0,306,0,154,-4,-73,0,3306
2024/04/18,19:00,3166,0,420,1010,122,98,851,16,230,1,0,288,0,87,-4,47,0,3166
2024/04/18,19:30,3208,0,485,1121,118,97,852,16,230,0,0,262,0,77,-3,-47,0,3208
2024/04/18,20:00,3016,0,506,1021,117,97,852,16,230,0,0,245,0,20,-10,-78,0,3016
2024/04/18,20:30,3030,0,525,1104,118,97,868,16,230,0,0,225,0,19,-9,-163,0,3030
2024/04/18,21:00,2790,0,474,935,119,98,870,16,230,0,0,196,0,20,-7,-161,0,2790
2024/04/18,21:30,2890,0,524,1116,120,98,853,16,231,0,0,194,0,15,-8,-269,0,2890
2024/04/18,22:00,2720,0,480,1014,211,99,847,16,231,0,0,189,0,17,-6,-378,0,2720
2024/04/18,22:30,2722,0,476,1069,243,98,845,16,231,0,0,181,0,21,-6,-452,0,2722
2024/04/18,23:00,2646,0,407,975,222,98,825,16,231,0,0,239,0,27,-5,-389,0,2646
2024/04/18,23:30,2744,0,426,1121,172,98,824,16,231,0,0,283,0,29,-3,-453,0,2744
2024/04/19,00:00,2638,0,480,1003,112,99,810,16,231,0,0,304,0,24,-4,-437,0,2638
2024/04/19,00:30,2618,0,502,986,113,98,809,16,231,0,0,300,0,19,-5,-451,0,2618
2024/04/19,01:00,2622,0,457,931,110,98,806,16,231,0,0,290,0,84,-4,-397,0,2622
2024/04/19,01:30,2702,0,447,914,108,98,834,16,233,0,0,302,0,99,-5,-344,0,2702
2024/04/19,02:00,2702,0,413,797,108,98,839,16,232,0,0,292,0,100,-3,-190,0,2702
2024/04/19,02:30,2816,0,464,888,108,98,840,16,232,0,0,266,0,99,-5,-190,0,2816
2024/04/19,03:00,2858,0,439,891,109,98,850,16,233,0,0,285,0,99,-5,-157,0,2858
2024/04/19,03:30,2880,0,439,909,108,98,850,16,232,0,0,308,0,101,-3,-178,0,2880
2024/04/19,04:00,2878,0,475,869,108,98,848,16,233,0,0,314,0,143,-5,-221,0,2878
2024/04/19,04:30,2944,0,479,998,139,98,847,16,233,2,0,313,0,149,-3,-327,0,2944
2024/04/19,05:00,2866,0,380,903,132,98,846,16,233,52,0,322,0,150,-4,-262,0,2866
2024/04/19,05:30,2940,0,397,1001,209,98,846,16,232,107,0,322,0,146,-4,-430,0,2940
2024/04/19,06:00,2914,0,425,921,189,98,851,16,233,185,0,305,0,90,-4,-395,0,2914
2024/04/19,06:30,2980,0,484,981,112,98,849,16,232,216,0,296,0,19,-3,-320,0,2980
2024/04/19,07:00,2982,0,459,938,132,98,835,16,232,297,0,296,0,16,-6,-331,0,2982
2024/04/19,07:30,3102,0,402,947,132,98,826,16,232,392,0,307,0,15,-4,-261,0,3102
2024/04/19,08:00,3210,0,399,877,117,85,802,16,232,485,0,328,0,20,-5,-146,0,3210
2024/04/19,08:30,3386,0,427,883,137,59,801,16,232,567,0,355,0,21,-3,-109,0,3386
2024/04/19,09:00,3362,0,355,796,113,50,801,16,232,652,0,382,0,16,-3,-48,0,3362
2024/04/19,09:30,3436,0,305,863,72,52,801,16,232,717,0,403,0,15,-5,-35,0,3436
2024/04/19,10:00,3248,0,236,726,66,51,812,17,232,801,0,438,0,-41,-5,-85,0,3248
2024/04/19,10:30,3350,0,431,786,66,51,811,16,232,862,0,449,0,-226,-3,-125,0,3350
2024/04/19,11:00,3206,0,375,532,67,52,812,16,232,916,0,442,0,-230,-3,-5,0,3206
2024/04/19,11:30,3330,0,449,654,66,52,785,16,231,931,0,444,0,-230,-3,-65,0,3330
2024/04/19,12:00,3090,0,235,562,66,53,778,16,221,948,0,479,0,-375,3,104,0,3090
2024/04/19,12:30,3068,0,296,566,66,53,778,16,210,947,0,492,0,-462,-51,157,0,3068
2024/04/19,13:00,3186,0,393,590,66,54,792,16,210,897,0,493,0,-463,-32,170,0,3186
2024/04/19,13:30,3274,0,405,773,67,54,799,16,210,793,0,544,0,-346,-4,-37,0,3274
2024/04/19,14:00,3196,0,262,665,66,69,815,16,210,707,0,592,0,-105,-4,-97,0,3196
2024/04/19,14:30,3198,0,302,687,66,93,838,16,209,579,0,583,0,-85,-4,-86,0,3198
2024/04/19,15:00,3112,0,428,727,66,100,839,16,218,480,0,576,0,-226,-4,-108,0,3112
2024/04/19,15:30,3238,0,430,880,67,101,852,16,231,360,0,544,0,-106,-3,-134,0,3238
2024/04/19,16:00,3214,0,427,844,71,102,857,16,232,247,0,525,0,23,-3,-127,0,3214
2024/04/19,16:30,3224,0,452,844,72,102,856,16,231,141,0,548,0,48,-4,-82,0,3224
2024/04/19,17:00,3206,0,462,766,72,102,868,16,232,65,0,561,0,192,-4,-126,0,3206
2024/04/19,17:30,3238,0,439,722,72,102,886,16,231,12,0,567,0,274,-3,-80,0,3238
2024/04/19,18:00,3278,0,460,679,72,102,890,16,231,1,0,583,0,376,-3,-129,0,3278
2024/04/19,18:30,3376,0,483,747,72,102,894,16,232,0,0,612,0,387,-4,-165,0,3376
2024/04/19,19:00,3290,0,468,661,72,102,897,16,232,0,0,601,0,399,-5,-153,0,3290
2024/04/19,19:30,3232,0,353,682,71,102,899,16,231,0,0,563,0,394,-5,-74,0,3232
2024/04/19,20:00,3080,0,419,645,71,102,899,16,231,0,0,555,0,351,-4,-205,0,3080
2024/04/19,20:30,3176,0,485,848,71,103,887,16,232,0,0,544,0,355,-4,-361,0,3176
2024/04/19,21:00,2946,0,497,712,72,103,855,16,232,0,0,541,0,347,14,-443,0,2946
2024/04/19,21:30,2976,0,515,831,71,102,853,16,232,0,0,551,0,334,-6,-523,0,2976
2024/04/19,22:00,2810,0,455,754,60,103,839,16,231,0,0,564,0,256,-5,-463,0,2810
2024/04/19,22:30,2824,0,475,867,60,102,837,16,232,0,0,563,0,139,-5,-462,0,2824
2024/04/19,23:00,2832,0,519,873,61,103,837,16,233,0,0,554,0,148,-5,-507,0,2832
2024/04/19,23:30,2808,0,453,1002,60,102,836,16,232,0,0,552,0,143,-4,-584,0,2808
2024/04/20,00:00,2738,0,476,836,60,105,820,16,233,0,0,536,0,226,-3,-567,0,2738
2024/04/20,00:30,2710,0,474,795,60,104,819,16,233,0,0,512,0,274,-3,-574,0,2710
2024/04/20,01:00,2710,0,512,751,60,105,831,16,233,0,0,514,0,274,-4,-582,0,2710
2024/04/20,01:30,2768,0,516,792,60,104,840,16,233,0,0,500,0,276,-4,-565,0,2768
2024/04/20,02:00,2830,0,520,818,60,104,839,16,234,0,0,516,0,308,-1,-584,0,2830
2024/04/20,02:30,2906,0,553,781,62,104,839,16,233,0,0,499,0,376,-2,-555,0,2906
2024/04/20,03:00,2960,0,602,790,111,105,840,16,233,0,0,470,0,370,-2,-575,0,2960
2024/04/20,03:30,2946,0,559,810,175,104,837,16,233,0,0,463,0,352,-2,-601,0,2946
2024/04/20,04:00,2952,0,557,675,244,104,825,16,233,0,0,469,0,358,-3,-526,0,2952
2024/04/20,04:30,2928,0,577,632,289,105,824,16,233,2,0,471,0,337,-4,-554,0,2928
2024/04/20,05:00,2868,0,567,557,295,105,819,16,233,65,0,465,0,322,-3,-573,0,2868
2024/04/20,05:30,2910,0,568,622,274,105,808,16,233,149,0,455,0,282,-5,-597,0,2910
2024/04/20,06:00,2910,0,511,567,264,104,815,16,232,285,0,470,0,213,-5,-562,0,2910
2024/04/20,06:30,2826,0,333,530,179,104,815,16,228,403,0,474,0,145,-4,-397,0,2826
2024/04/20,07:00,2882,0,263,515,113,104,798,16,222,510,0,483,0,96,-5,-233,0,2882
2024/04/20,07:30,2804,0,369,284,186,91,774,16,213,678,0,495,0,2,-2,-302,0,2804
2024/04/20,08:00,2936,0,465,248,232,65,774,16,203,840,0,469,0,-138,-4,-234,0,2936
2024/04/20,08:30,2996,0,499,162,241,54,773,16,180,1000,0,466,0,-199,-5,-191,0,2996
2024/04/20,09:00,3018,0,495,123,196,53,751,16,167,1120,0,475,0,-202,-3,-173,0,3018
2024/04/20,09:30,3160,0,425,264,122,53,762,16,166,1177,0,488,0,-201,-3,-109,0,3160
2024/04/20,10:00,3062,0,328,157,76,52,759,16,167,1250,0,485,0,-225,-2,-1,0,3062
2024/04/20,10:30,3042,0,367,183,65,52,757,16,168,1227,0,464,0,-281,-4,28,0,3042
2024/04/20,11:00,3032,0,457,164,65,52,758,16,169,1281,0,428,0,-287,-4,-67,0,3032
2024/04/20,11:30,2976,0,375,175,64,52,757,16,169,1256,0,421,0,-324,-2,17,0,2976
2024/04/20,12:00,2906,0,295,172,65,52,745,16,170,1267,0,429,0,-559,-50,304,0,2906
2024/04/20,12:30,2890,0,205,198,64,52,747,16,170,1202,0,434,0,-589,-48,439,0,2890
2024/04/20,13:00,2902,0,280,167,65,53,751,16,171,1129,0,440,0,-599,-8,437,0,2902
2024/04/20,13:30,2900,0,276,277,65,53,760,16,169,1040,0,468,0,-606,-6,388,0,2900
2024/04/20,14:00,2858,0,290,287,65,53,780,16,170,992,0,499,0,-607,-6,319,0,2858
2024/04/20,14:30,2832,0,397,349,64,53,797,16,172,840,0,488,0,-501,-5,162,0,2832
2024/04/20,15:00,2668,0,348,317,66,67,814,16,187,661,0,441,0,-209,-2,-38,0,2668
2024/04/20,15:30,2938,0,443,643,67,92,831,16,211,497,0,395,0,22,-3,-276,0,2938
2024/04/20,16:00,2838,0,591,647,66,103,841,16,223,344,0,397,0,61,-3,-448,0,2838
2024/04/20,16:30,2926,0,617,850,67,103,848,16,234,222,0,421,0,96,-1,-547,0,2926
2024/04/20,17:00,2962,0,620,882,66,104,840,16,237,101,0,441,0,222,-5,-562,0,2962
2024/04/20,17:30,3102,0,619,979,66,104,874,16,237,17,0,449,0,260,-2,-517,0,3102
2024/04/20,18:00,3138,0,622,951,92,104,876,16,237,0,0,404,0,339,-2,-501,0,3138
2024/04/20,18:30,3210,0,602,1032,115,104,878,16,237,0,0,408,0,251,-3,-430,0,3210
2024/04/20,19:00,3160,0,581,995,117,104,881,16,238,0,0,376,0,201,-5,-344,0,3160
2024/04/20,19:30,3184,0,612,1086,148,104,871,16,238,0,0,338,0,137,-5,-361,0,3184
2024/04/20,20:00,3044,0,604,1055,157,104,835,16,238,0,0,340,0,115,-5,-415,0,3044
2024/04/20,20:30,2994,0,605,1089,155,104,825,16,238,0,0,324,0,61,-5,-418,0,2994
2024/04/20,21:00,2894,0,613,1057,115,104,821,16,238,0,0,301,0,40,-3,-408,0,2894
2024/04/20,21:30,2852,0,615,1094,115,104,820,16,238,0,0,301,0,40,-5,-486,0,2852
2024/04/20,22:00,2766,0,614,1025,116,105,795,16,239,0,0,284,0,65,-3,-490,0,2766
2024/04/20,22:30,2710,0,511,1070,108,105,788,16,237,0,0,285,0,33,-3,-440,0,2710
2024/04/20,23:00,2740,0,545,1031,112,105,772,16,238,0,0,294,0,38,-5,-406,0,2740
2024/04/20,23:30,2718,0,571,1013,165,105,769,16,238,0,0,323,0,41,-1,-522,0,2718
2024/04/21,00:00,2690,0,559,977,155,104,761,16,238,0,0,342,0,39,-6,-495,0,2690
2024/04/21,00:30,2676,0,513,1000,108,104,753,16,238,0,0,353,0,45,-3,-451,0,2676
2024/04/21,01:00,2642,0,484,967,108,105,783,16,238,0,0,347,0,41,-3,-444,0,2642
2024/04/21,01:30,2750,0,522,997,119,104,789,16,238,0,0,326,0,45,-1,-405,0,2750
2024/04/21,02:00,2830,0,524,1037,144,105,803,16,238,0,0,309,0,45,-3,-388,0,2830
2024/04/21,02:30,2782,0,514,934,117,105,802,16,239,0,0,287,0,44,-1,-275,0,2782
2024/04/21,03:00,2852,0,483,942,113,105,809,16,238,0,0,263,0,85,-4,-198,0,2852
2024/04/21,03:30,2942,0,517,1031,108,105,809,16,238,0,0,256,0,120,-3,-255,0,2942
2024/04/21,04:00,2910,0,446,976,108,104,808,16,237,0,0,239,0,151,-3,-172,0,2910
2024/04/21,04:30,2904,0,493,1010,108,104,808,16,238,2,0,243,0,152,-4,-266,0,2904
2024/04/21,05:00,2858,0,579,879,123,104,821,16,238,65,0,238,0,170,-4,-371,0,2858
2024/04/21,05:30,2880,0,600,830,149,104,823,16,238,153,0,241,0,128,-2,-400,0,2880
2024/04/21,06:00,2808,0,575,704,131,92,812,16,238,259,0,259,0,104,-3,-379,0,2808
2024/04/21,06:30,2748,0,599,745,108,66,810,16,238,339,0,203,0,77,-3,-450,0,2748
2024/04/21,07:00,2622,0,536,705,108,57,717,16,238,443,0,165,0,39,-4,-398,0,2622
2024/04/21,07:30,2670,0,400,728,108,60,701,16,238,556,0,165,0,37,-4,-335,0,2670
2024/04/21,08:00,2662,0,463,641,111,59,701,16,232,697,0,171,0,38,-2,-465,0,2662
2024/04/21,08:30,2762,0,417,694,114,59,701,16,216,834,0,198,0,27,-4,-510,0,2762
2024/04/21,09:00,2718,0,292,581,106,58,700,16,216,974,0,223,0,-128,-3,-317,0,2718
2024/04/21,09:30,2754,0,371,483,62,58,700,16,216,1081,0,269,0,-363,-5,-134,0,2754
2024/04/21,10:00,2694,0,297,433,60,58,695,16,216,1195,0,303,0,-521,-5,-53,0,2694
2024/04/21,10:30,2578,0,179,273,60,58,694,16,215,1290,0,326,0,-581,-2,50,0,2578
2024/04/21,11:00,2582,0,222,254,60,58,708,16,215,1366,0,298,0,-637,-4,26,0,2582
2024/04/21,11:30,2630,0,201,288,60,58,722,16,215,1417,0,296,0,-640,-2,-1,0,2630
2024/04/21,12:00,2632,0,310,237,60,58,693,16,215,1452,0,303,0,-590,-2,-120,0,2632
2024/04/21,12:30,2648,0,278,301,60,58,692,16,216,1447,0,297,0,-550,-3,-164,0,2648
2024/04/21,13:00,2576,0,268,285,60,58,700,16,217,1373,0,290,0,-448,-4,-239,0,2576
2024/04/21,13:30,2514,0,200,326,60,58,723,16,216,1284,0,301,0,-449,-2,-219,0,2514
2024/04/21,14:00,2528,0,435,369,60,58,737,16,215,1182,0,308,0,-426,-4,-422,0,2528
2024/04/21,14:30,2550,0,496,488,60,58,749,16,219,1002,0,282,0,-327,-3,-490,0,2550
2024/04/21,15:00,2514,0,486,506,60,58,766,16,235,800,0,247,0,-110,-1,-549,0,2514
2024/04/21,15:30,2560,0,452,590,60,58,767,16,238,592,0,215,0,112,-3,-537,0,2560
2024/04/21,16:00,2558,0,533,588,60,73,785,16,238,420,0,190,0,148,-5,-488,0,2558
2024/04/21,16:30,2714,0,605,718,60,97,807,16,237,252,0,197,0,168,-3,-440,0,2714
2024/04/21,17:00,2800,0,567,902,60,104,815,16,238,114,0,194,0,138,-6,-342,0,2800
2024/04/21,17:30,2870,0,562,965,94,104,831,16,239,19,0,191,0,138,-1,-288,0,2870
2024/04/21,18:00,3016,0,584,982,175,104,835,16,238,1,0,190,0,273,-3,-379,0,3016
2024/04/21,18:30,3116,0,622,991,241,104,838,16,237,0,0,192,0,301,-3,-423,0,3116
2024/04/21,19:00,3074,0,605,964,139,104,839,16,237,0,0,179,0,306,-4,-311,0,3074
2024/04/21,19:30,3074,0,572,963,113,104,839,16,237,0,0,168,0,307,-4,-241,0,3074
2024/04/21,20:00,2956,0,628,877,117,105,826,16,237,0,0,162,0,306,-1,-317,0,2956
2024/04/21,20:30,2980,0,601,1030,117,104,820,16,238,0,0,152,0,289,-1,-386,0,2980
2024/04/21,21:00,2828,0,608,985,114,105,790,16,238,0,0,137,0,191,-5,-351,0,2828
2024/04/21,21:30,2762,0,631,990,131,104,779,16,239,0,0,126,0,99,-3,-350,0,2762
2024/04/21,22:00,2664,0,620,956,158,105,762,16,238,0,0,128,0,96,-3,-412,0,2664
2024/04/21,22:30,2650,0,621,1022,145,105,759,16,238,0,0,122,0,43,-3,-418,0,2650
2024/04/21,23:00,2666,0,614,985,151,105,739,16,238,0,0,128,0,99,-3,-406,0,2666
2024/04/21,23:30,2578,0,533,954,115,105,722,16,238,0,0,142,0,44,-4,-287,0,2578
2024/04/22,00:00,2598,0,528,992,151,105,725,16,238,0,0,164,0,42,-1,-362,0,2598
2024/04/22,00:30,2576,0,534,982,203,105,742,16,238,0,0,149,0,43,-2,-434,0,2576
2024/04/22,01:00,2576,0,509,930,186,105,772,16,239,0,0,136,0,43,-3,-357,0,2576
2024/04/22,01:30,2724,0,484,1034,118,105,775,16,238,0,0,141,0,130,0,-317,0,2724
2024/04/22,02:00,2858,0,536,1112,131,105,792,16,238,0,0,129,0,135,-3,-333,0,2858
2024/04/22,02:30,2656,0,521,867,225,105,769,16,238,0,0,113,0,41,-4,-235,0,2656
2024/04/22,03:00,2832,0,524,945,291,105,767,16,238,0,0,102,0,43,-2,-197,0,2832
2024/04/22,03:30,2954,0,506,1031,239,105,766,16,238,0,0,118,0,43,-4,-104,0,2954
2024/04/22,04:00,2914,0,456,974,113,105,784,16,238,0,0,130,0,42,-4,60,0,2914
2024/04/22,04:30,2902,0,431,984,108,105,785,16,238,2,0,130,0,41,-4,66,0,2902
2024/04/22,05:00,2902,0,452,968,153,105,785,16,237,71,0,142,0,42,-5,-64,0,2902
2024/04/22,05:30,2944,0,487,1009,201,105,779,16,238,170,0,131,0,63,-3,-252,0,2944
2024/04/22,06:00,2906,0,482,904,120,105,771,16,237,327,0,105,0,51,-5,-207,0,2906
2024/04/22,06:30,3060,0,478,1073,131,92,752,16,237,473,0,78,0,45,-5,-310,0,3060
2024/04/22,07:00,3000,0,525,971,109,66,723,16,228,625,0,72,0,38,-6,-367,0,3000
2024/04/22,07:30,3116,0,515,1007,111,58,715,16,216,820,0,77,0,57,-6,-470,0,3116
2024/04/22,08:00,3204,0,466,930,115,59,714,16,215,1011,0,94,0,43,-5,-454,0,3204
2024/04/22,08:30,3354,0,480,910,115,59,713,16,204,1127,0,113,0,23,-5,-401,0,3354
2024/04/22,09:00,3410,0,502,890,115,58,695,16,176,1258,0,139,0,29,-5,-463,0,3410
2024/04/22,09:30,3482,0,396,945,115,58,695,16,168,1371,0,161,0,22,-6,-459,0,3482
2024/04/22,10:00,3394,0,274,827,115,57,709,16,168,1471,0,180,0,-28,-5,-390,0,3394
2024/04/22,10:30,3438,0,462,884,93,57,709,16,167,1528,0,180,0,-205,-20,-433,0,3438
2024/04/22,11:00,3368,0,487,801,66,57,695,16,168,1583,0,155,0,-227,-23,-410,0,3368
2024/04/22,11:30,3348,0,451,843,66,57,671,16,168,1569,0,145,0,-227,-5,-406,0,3348
2024/04/22,12:00,3234,0,496,916,79,58,658,16,169,1553,0,148,0,-398,-31,-430,0,3234
2024/04/22,12:30,3138,0,401,915,118,57,657,16,169,1507,0,142,0,-445,-47,-352,0,3138
2024/04/22,13:00,3198,0,464,836,102,57,685,16,169,1437,0,133,0,-445,-19,-237,0,3198
2024/04/22,13:30,3212,0,447,847,67,57,688,16,169,1352,0,202,0,-458,-8,-167,0,3212
2024/04/22,14:00,3164,0,472,883,90,58,702,16,169,1231,0,250,0,-449,-29,-229,0,3164
2024/04/22,14:30,3024,0,460,905,145,58,715,16,169,1082,0,250,0,-442,-19,-315,0,3024
2024/04/22,15:00,3042,0,514,948,131,58,741,16,168,893,0,233,0,-217,1,-444,0,3042
2024/04/22,15:30,3130,0,568,959,133,71,741,16,170,672,0,242,0,50,-2,-490,0,3130
2024/04/22,16:00,3148,0,491,1005,155,96,768,16,170,463,0,262,0,57,-5,-330,0,3148
2024/04/22,16:30,3176,0,501,996,123,103,804,16,170,282,0,260,0,73,-3,-149,0,3176
2024/04/22,17:00,3106,0,604,953,123,104,817,16,169,114,0,249,0,74,-3,-114,0,3106
2024/04/22,17:30,3250,0,607,1091,124,104,830,16,170,19,0,269,0,188,-4,-164,0,3250
2024/04/22,18:00,3310,0,590,1108,124,106,844,16,170,0,0,265,0,257,-3,-167,0,3310
2024/04/22,18:30,3310,0,577,1065,124,105,845,16,170,0,0,263,0,257,-4,-108,0,3310
2024/04/22,19:00,3284,0,577,1059,133,105,841,16,170,0,0,237,0,247,-6,-95,0,3284
2024/04/22,19:30,3296,0,573,1132,194,105,840,16,170,0,0,176,0,257,-6,-161,0,3296
2024/04/22,20:00,3154,0,537,1071,176,105,838,16,170,0,0,169,0,277,-2,-203,0,3154
2024/04/22,20:30,3118,0,586,1120,161,105,783,16,170,0,0,157,0,246,-1,-225,0,3118
2024/04/22,21:00,2996,0,587,1080,192,106,757,16,171,0,0,147,0,187,-5,-242,0,2996
2024/04/22,21:30,2944,0,619,1116,221,105,753,16,171,0,0,129,0,90,-4,-272,0,2944
2024/04/22,22:00,2800,0,626,1056,217,106,738,16,171,0,0,112,0,42,-3,-281,0,2800
2024/04/22,22:30,2812,0,563,1141,206,105,737,16,170,0,0,93,0,36,-4,-251,0,2812
2024/04/22,23:00,2736,0,528,1053,153,105,731,16,171,0,0,119,0,44,-4,-180,0,2736
2024/04/22,23:30,2734,0,549,1055,159,105,707,16,170,0,0,128,0,60,-6,-209,0,2734
2024/04/23,00:00,2710,0,592,994,223,105,691,16,170,0,0,119,0,101,-5,-296,0,2710
2024/04/23,00:30,2700,0,543,1006,239,105,710,16,170,0,0,121,0,110,-2,-318,0,2700
2024/04/23,01:00,2650,0,495,928,229,105,725,16,171,0,0,105,0,62,-2,-184,0,2650
2024/04/23,01:30,2788,0,489,1042,169,105,742,16,174,0,0,131,0,100,-1,-179,0,2788
2024/04/23,02:00,2818,0,523,1014,114,106,747,16,173,0,0,165,0,104,-3,-141,0,2818
2024/04/23,02:30,2822,0,500,962,122,106,761,16,174,0,0,206,0,47,-3,-69,0,2822
2024/04/23,03:00,2912,0,484,992,113,105,754,16,175,0,0,249,0,42,-2,-16,0,2912
2024/04/23,03:30,2970,0,536,995,148,105,753,16,177,0,0,256,0,92,-5,-103,0,2970
2024/04/23,04:00,2978,0,513,959,144,105,752,16,178,0,0,298,0,101,-4,-84,0,2978
2024/04/23,04:30,3020,0,520,1019,116,105,748,16,180,2,0,303,0,119,-3,-105,0,3020
2024/04/23,05:00,2934,0,544,929,123,105,736,16,183,72,0,313,0,71,-4,-154,0,2934
2024/04/23,05:30,3016,0,497,1048,113,105,733,16,187,159,0,320,0,40,-4,-198,0,3016
2024/04/23,06:00,3028,0,519,979,117,105,731,16,193,272,0,288,0,108,-4,-296,0,3028
2024/04/23,06:30,3032,0,548,998,150,93,724,16,197,350,0,252,0,54,-7,-343,0,3032
2024/04/23,07:00,3016,0,563,951,218,67,701,16,200,462,0,254,0,42,-4,-454,0,3016
2024/04/23,07:30,3148,0,534,1032,190,58,701,16,203,617,0,259,0,42,-4,-500,0,3148
2024/04/23,08:00,3174,0,502,964,143,60,700,16,207,776,0,253,0,64,-5,-506,0,3174
2024/04/23,08:30,3346,0,507,1008,135,59,699,16,209,899,0,260,0,95,-6,-535,0,3346
2024/04/23,09:00,3332,0,387,986,149,58,664,16,213,1034,0,264,0,36,-4,-471,0,3332
2024/04/23,09:30,3336,0,449,939,200,58,669,16,215,1175,0,268,0,-109,-4,-540,0,3336
2024/04/23,10:00,3232,0,413,897,204,58,676,16,214,1249,0,257,0,-206,0,-546,0,3232
2024/04/23,10:30,3330,0,336,950,194,58,680,16,214,1354,0,281,0,-209,0,-544,0,3330
2024/04/23,11:00,3250,0,376,827,166,58,669,16,214,1394,0,269,0,-198,3,-544,0,3250
2024/04/23,11:30,3264,0,411,890,119,58,673,16,214,1360,0,271,0,-215,1,-534,0,3264
2024/04/23,12:00,3050,0,382,799,103,59,660,16,214,1382,0,283,0,-417,-49,-382,0,3050
2024/04/23,12:30,3092,0,453,874,66,58,673,16,215,1355,0,278,0,-460,-42,-394,0,3092
2024/04/23,13:00,3124,0,434,840,66,58,671,16,214,1319,0,279,0,-462,-6,-305,0,3124
2024/04/23,13:30,3134,0,390,854,66,58,689,16,213,1269,0,252,0,-421,-6,-246,0,3134
2024/04/23,14:00,3012,0,343,809,66,58,695,16,214,1175,0,249,0,-413,-6,-194,0,3012
2024/04/23,14:30,3036,0,365,931,66,58,710,16,214,1020,0,262,0,-369,-6,-231,0,3036
2024/04/23,15:00,2988,0,361,920,66,58,742,16,214,862,0,295,0,-75,-2,-469,0,2988
2024/04/23,15:30,3084,0,395,983,78,72,744,16,214,665,0,337,0,98,-4,-514,0,3084
2024/04/23,16:00,3048,0,378,954,119,97,759,16,214,451,0,346,0,101,-4,-383,0,3048
2024/04/23,16:30,3084,0,468,974,121,103,761,16,215,262,0,350,0,150,-4,-332,0,3084
2024/04/23,17:00,3070,0,490,965,125,104,780,16,215,117,0,380,0,210,-2,-330,0,3070
2024/04/23,17:30,3122,0,466,965,124,104,781,16,215,32,0,433,0,259,-2,-271,0,3122
2024/04/23,18:00,3178,0,480,929,124,105,784,16,216,13,0,472,0,273,-6,-228,0,3178
2024/04/23,18:30,3296,0,500,978,124,105,785,16,215,0,0,491,0,272,-4,-186,0,3296
2024/04/23,19:00,3234,0,511,925,124,105,784,16,216,0,0,510,0,268,-5,-220,0,3234
2024/04/23,19:30,3260,0,454,996,124,105,784,16,216,0,0,559,0,262,-4,-252,0,3260
2024/04/23,20:00,3100,0,473,895,115,105,783,16,216,0,0,582,0,210,-4,-291,0,3100
2024/04/23,20:30,3100,0,543,1018,72,105,782,16,216,0,0,542,0,146,-3,-337,0,3100
2024/04/23,21:00,2944,0,529,942,71,105,744,16,216,0,0,532,0,145,-4,-352,0,2944
2024/04/23,21:30,2932,0,519,1028,71,105,706,16,216,0,0,515,0,142,-3,-383,0,2932
2024/04/23,22:00,2782,0,584,944,60,105,701,16,215,0,0,505,0,39,-2,-385,0,2782
2024/04/23,22:30,2792,0,548,1029,60,105,695,16,215,0,0,482,0,38,-6,-390,0,2792
2024/04/23,23:00,2698,0,442,924,60,105,685,16,216,0,0,501,0,42,-5,-288,0,2698
2024/04/23,23:30,2774,0,429,1046,60,105,683,16,216,0,0,532,0,41,-5,-349,0,2774
2024/04/24,00:00,2686,0,407,959,60,105,663,16,219,0,0,568,0,129,-4,-436,0,2686
2024/04/24,00:30,2678,0,420,966,60,105,664,16,219,0,0,558,0,52,-2,-380,0,2678
2024/04/24,01:00,2734,0,542,911,60,105,696,16,219,0,0,538,0,41,-4,-390,0,2734
2024/04/24,01:30,2782,0,548,927,60,105,699,16,220,0,0,531,0,53,-2,-375,0,2782
2024/04/24,02:00,2832,0,486,933,60,105,725,16,221,0,0,513,0,123,-2,-348,0,2832
2024/04/24,02:30,2864,0,492,919,60,105,734,16,222,0,0,495,0,122,-3,-298,0,2864
2024/04/24,03:00,2944,0,519,950,60,105,749,16,222,0,0,494,0,176,-2,-345,0,2944
2024/04/24,03:30,2952,0,564,930,60,105,749,16,222,0,0,476,0,136,-4,-302,0,2952
2024/04/24,04:00,2984,0,573,935,60,106,749,16,223,0,0,479,0,114,-5,-266,0,2984
2024/04/24,04:30,2960,0,501,984,60,106,745,16,223,3,0,499,0,105,-3,-279,0,2960
2024/04/24,05:00,2958,0,516,932,60,105,733,16,223,78,0,515,0,104,-5,-319,0,2958
2024/04/24,05:30,3042,0,566,1042,60,105,732,16,223,168,0,501,0,104,-3,-472,0,3042
2024/04/24,06:00,3030,0,520,965,60,105,716,16,223,312,0,500,0,105,-3,-489,0,3030
2024/04/24,06:30,3050,0,529,1002,60,105,707,16,222,433,0,479,0,39,-7,-535,0,3050
2024/04/24,07:00,3000,0,449,901,60,105,685,16,222,597,0,478,0,35,-5,-543,0,3000
2024/04/24,07:30,3150,0,447,902,60,105,664,16,222,766,0,476,0,45,-6,-547,0,3150
2024/04/24,08:00,3218,0,457,784,64,105,662,16,223,929,0,479,0,48,-3,-546,0,3218
2024/04/24,08:30,3358,0,521,848,64,88,661,16,223,1080,0,479,0,-72,-4,-546,0,3358
2024/04/24,09:00,3380,0,524,852,64,61,661,16,223,1230,0,486,0,-192,2,-547,0,3380
2024/04/24,09:30,3446,0,453,932,64,52,660,16,222,1327,0,483,0,-215,-2,-546,0,3446
2024/04/24,10:00,3364,0,364,869,67,54,675,16,222,1387,0,499,0,-243,-1,-545,0,3364
2024/04/24,10:30,3434,0,535,944,67,53,683,16,218,1411,0,476,0,-422,0,-547,0,3434
2024/04/24,11:00,3342,0,513,869,66,54,675,16,221,1442,0,454,0,-425,1,-544,0,3342
2024/04/24,11:30,3360,0,568,840,66,53,675,16,221,1412,0,463,0,-411,1,-544,0,3360
2024/04/24,12:00,3234,0,498,798,66,54,662,16,221,1319,0,475,0,-294,-47,-534,0,3234
2024/04/24,12:30,3268,0,523,924,66,54,677,16,222,1208,0,506,0,-343,-43,-542,0,3268
2024/04/24,13:00,3338,0,454,913,66,54,690,16,222,1071,0,522,0,-171,-7,-492,0,3338
2024/04/24,13:30,3354,0,443,962,66,53,717,16,223,886,0,549,0,-56,-6,-499,0,3354
2024/04/24,14:00,3280,0,482,919,66,54,733,16,221,726,0,602,0,-16,-6,-517,0,3280
2024/04/24,14:30,3294,0,442,946,77,54,741,16,222,561,0,587,0,175,-5,-522,0,3294
2024/04/24,15:00,3206,0,593,936,119,54,762,16,223,411,0,562,0,27,-2,-495,0,3206
2024/04/24,15:30,3268,0,548,1005,133,54,770,16,229,296,0,539,0,133,-4,-451,0,3268
2024/04/24,16:00,3222,0,492,954,130,69,788,16,248,189,0,521,0,136,-4,-317,0,3222
2024/04/24,16:30,3298,0,500,1006,124,93,818,16,259,108,0,527,0,224,-4,-373,0,3298
2024/04/24,17:00,3242,0,490,957,124,101,849,16,276,43,0,528,0,231,-5,-368,0,3242
2024/04/24,17:30,3298,0,573,931,125,101,851,16,291,8,0,514,0,251,-3,-360,0,3298
2024/04/24,18:00,3296,0,572,929,124,101,854,16,292,0,0,522,0,255,-4,-365,0,3296
2024/04/24,18:30,3384,0,544,986,125,101,855,16,292,0,0,540,0,277,-4,-348,0,3384
2024/04/24,19:00,3378,0,575,1009,125,101,856,16,293,0,0,507,0,240,-4,-340,0,3378
2024/04/24,19:30,3236,0,611,944,163,101,811,16,292,0,0,508,0,157,-4,-363,0,3236
2024/04/24,20:00,3148,0,571,971,128,101,807,16,292,0,0,503,0,58,-4,-295,0,3148
2024/04/24,20:30,3086,0,588,943,100,100,775,16,293,0,0,494,0,23,-4,-242,0,3086
2024/04/24,21:00,2980,0,606,951,71,101,759,16,293,0,0,493,0,21,-3,-328,0,2980
2024/04/24,21:30,2932,0,540,998,100,101,757,16,292,0,0,476,0,20,-4,-364,0,2932
2024/04/24,22:00,2810,0,525,917,110,102,749,16,293,0,0,473,0,22,-4,-393,0,2810
2024/04/24,22:30,2792,0,540,974,109,101,749,16,292,0,0,466,0,21,-4,-472,0,2792
2024/04/24,23:00,2772,0,549,953,112,101,727,16,293,0,0,451,0,23,-4,-449,0,2772
2024/04/24,23:30,2778,0,545,956,113,101,726,16,293,0,0,486,0,20,-3,-475,0,2778
2024/04/25,00:00,2674,0,482,886,113,101,738,16,293,0,0,511,0,37,-3,-500,0,2674
2024/04/25,00:30,2698,0,457,957,100,101,736,16,292,0,0,505,0,43,-2,-507,0,2698
2024/04/25,01:00,2754,0,496,968,61,101,752,16,293,0,0,511,0,85,-3,-526,0,2754
2024/04/25,01:30,2774,0,513,962,84,102,758,16,293,0,0,521,0,54,-3,-526,0,2774
2024/04/25,02:00,2788,0,480,907,113,101,765,16,293,0,0,510,0,45,-2,-440,0,2788
2024/04/25,02:30,2868,0,456,919,113,101,767,16,293,0,0,537,0,104,-3,-435,0,2868
2024/04/25,03:00,2868,0,430,826,113,101,775,16,293,0,0,575,0,125,-3,-383,0,2868
2024/04/25,03:30,2936,0,490,783,113,101,786,16,293,0,0,589,0,124,-2,-357,0,2936
2024/04/25,04:00,2978,0,508,898,71,101,789,16,293,0,0,576,0,121,-4,-391,0,2978
2024/04/25,04:30,2982,0,477,966,60,101,791,16,294,3,0,551,0,118,-3,-392,0,2982
2024/04/25,05:00,3006,0,523,943,106,101,795,16,293,54,0,542,0,119,-4,-482,0,3006
2024/04/25,05:30,2986,0,490,913,114,101,796,16,292,105,0,516,0,112,-5,-464,0,2986
2024/04/25,06:00,2992,0,532,825,116,102,798,16,292,146,0,476,0,42,-3,-350,0,2992
2024/04/25,06:30,3104,0,551,978,118,102,789,16,292,151,0,383,0,40,-6,-310,0,3104
2024/04/25,07:00,3032,0,515,843,125,101,773,16,292,193,0,332,0,41,-5,-194,0,3032
2024/04/25,07:30,3250,0,559,898,131,101,760,16,292,265,0,296,0,38,-5,-101,0,3250
2024/04/25,08:00,3422,0,522,989,132,100,763,16,293,339,0,269,0,93,-1,-93,0,3422
2024/04/25,08:30,3454,0,551,924,131,88,772,16,292,373,0,263,0,91,-3,-44,0,3454
2024/04/25,09:00,3466,0,503,976,132,61,768,16,291,405,0,268,0,96,-3,-47,0,3466
2024/04/25,09:30,3458,0,472,994,134,53,772,16,291,432,0,262,0,84,-4,-48,0,3458
2024/04/25,10:00,3424,0,542,956,189,54,759,16,291,438,0,233,0,79,-2,-131,0,3424
2024/04/25,10:30,3548,0,561,1012,196,54,761,16,292,458,0,254,0,73,-4,-125,0,3548
2024/04/25,11:00,3524,0,487,990,145,54,787,16,292,543,0,271,0,15,-4,-72,0,3524
2024/04/25,11:30,3412,0,430,845,136,54,789,16,292,554,0,212,0,9,-1,76,0,3412
2024/04/25,12:00,3274,0,476,869,140,55,789,16,293,482,0,178,0,-115,-38,129,0,3274
2024/04/25,12:30,3296,0,496,989,129,55,789,16,292,478,0,177,0,-80,-48,3,0,3296
2024/04/25,13:00,3378,0,468,978,129,56,792,16,292,437,0,173,0,13,-2,26,0,3378
2024/04/25,13:30,3414,0,380,1019,138,56,799,16,292,427,0,133,0,198,-2,-42,0,3414
2024/04/25,14:00,3368,0,411,1006,138,57,809,16,292,404,0,126,0,203,-3,-91,0,3368
2024/04/25,14:30,3392,0,437,1044,135,57,814,16,292,299,0,128,0,199,-4,-25,0,3392
2024/04/25,15:00,3332,0,430,1032,133,58,821,16,292,222,0,130,0,91,-2,109,0,3332
2024/04/25,15:30,3358,0,545,1087,140,58,817,16,291,154,0,139,0,90,2,19,0,3358
2024/04/25,16:00,3360,0,550,1090,233,73,800,16,291,100,0,131,0,91,2,-17,0,3360
2024/04/25,16:30,3318,0,462,1060,306,97,804,16,291,60,0,125,0,168,-11,-60,0,3318
2024/04/25,17:00,3254,0,506,1044,246,104,823,16,294,33,0,120,0,138,-9,-61,0,3254
2024/04/25,17:30,3314,0,548,1108,214,104,826,16,293,10,0,119,0,166,-6,-84,0,3314
2024/04/25,18:00,3298,0,562,1067,157,105,837,16,293,1,0,130,0,174,-7,-37,0,3298
2024/04/25,18:30,3344,0,570,1095,168,104,842,16,293,0,0,129,0,80,-7,54,0,3344
2024/04/25,19:00,3270,0,580,1037,234,105,847,16,292,0,0,136,0,73,-5,-45,0,3270
2024/04/25,19:30,3254,0,523,1117,193,105,848,16,293,0,0,174,0,18,-6,-27,0,3254
2024/04/25,20:00,3084,0,527,1002,169,105,839,16,293,0,0,237,0,16,-5,-115,0,3084
2024/04/25,20:30,3102,0,501,1077,129,105,839,16,293,0,0,253,0,19,-4,-126,0,3102
2024/04/25,21:00,2900,0,518,931,160,105,839,16,293,0,0,261,0,18,-5,-236,0,2900
2024/04/25,21:30,2926,0,559,1057,147,104,824,16,292,0,0,249,0,20,-3,-339,0,2926
2024/04/25,22:00,2768,0,514,955,187,105,819,16,293,0,0,259,0,19,-4,-395,0,2768
2024/04/25,22:30,2814,0,550,1008,201,104,819,16,293,0,0,271,0,22,-4,-466,0,2814
2024/04/25,23:00,2730,0,499,888,124,105,818,16,293,0,0,369,0,17,-4,-395,0,2730
2024/04/25,23:30,2768,0,481,926,114,105,810,16,293,0,0,459,0,20,-4,-452,0,2768
2024/04/26,00:00,2688,0,483,840,113,105,816,16,293,0,0,488,0,46,-6,-506,0,2688
2024/04/26,00:30,2688,0,390,860,110,105,822,16,293,0,0,546,0,85,-3,-536,0,2688
2024/04/26,01:00,2694,0,444,803,65,105,833,16,293,0,0,583,0,94,-5,-537,0,2694
2024/04/26,01:30,2774,0,454,838,60,105,832,16,293,0,0,568,0,143,-3,-532,0,2774
2024/04/26,02:00,2778,0,421,806,60,105,829,16,293,0,0,570,0,209,-3,-528,0,2778
2024/04/26,02:30,2894,0,498,848,60,105,822,16,293,0,0,519,0,264,-2,-529,0,2894
2024/04/26,03:00,2926,0,501,913,60,105,822,16,292,0,0,523,0,227,-3,-530,0,2926
2024/04/26,03:30,2992,0,464,994,60,105,822,16,292,0,0,545,0,224,-3,-527,0,2992
2024/04/26,04:00,2996,0,465,913,79,105,830,16,292,0,0,561,0,243,-4,-504,0,2996
2024/04/26,04:30,2958,0,513,765,142,105,830,16,294,6,0,573,0,253,-4,-535,0,2958
2024/04/26,05:00,2934,0,454,687,162,105,828,16,293,97,0,579,0,259,-4,-542,0,2934
2024/04/26,05:30,2964,0,372,702,142,105,828,16,293,244,0,540,0,268,-3,-543,0,2964
2024/04/26,06:00,3002,0,320,625,156,105,822,16,292,503,0,507,0,200,-6,-538,0,3002
2024/04/26,06:30,3008,0,394,576,184,92,803,16,293,752,0,452,0,-14,-4,-536,0,3008
2024/04/26,07:00,2894,0,280,471,159,66,802,16,293,986,0,441,0,-74,-3,-543,0,2894
2024/04/26,07:30,3068,0,307,471,91,58,802,16,293,1234,0,459,0,-117,-2,-544,0,3068
2024/04/26,08:00,3156,0,358,276,79,59,804,16,292,1498,0,474,0,-153,-4,-543,0,3156
2024/04/26,08:30,3372,0,374,270,77,59,804,16,292,1731,0,497,0,-206,-2,-540,0,3372
2024/04/26,09:00,3416,0,318,220,74,58,804,16,291,1908,0,520,0,-246,-5,-542,0,3416
2024/04/26,09:30,3466,0,273,260,74,57,806,16,291,1994,0,545,0,-303,-5,-542,0,3466
2024/04/26,10:00,3422,0,263,214,74,57,789,16,292,2058,0,578,0,-456,-1,-462,0,3422
2024/04/26,10:30,3484,0,290,258,74,57,790,16,291,2081,0,584,0,-514,3,-446,0,3484
2024/04/26,11:00,3420,0,270,212,73,57,789,16,292,2096,0,536,0,-571,3,-353,0,3420
2024/04/26,11:30,3400,0,331,250,75,57,790,16,292,2075,0,524,0,-693,3,-320,0,3400
2024/04/26,12:00,3206,0,213,215,74,58,787,16,292,2045,0,543,0,-783,-61,-193,0,3206
2024/04/26,12:30,3200,0,232,260,74,58,780,16,291,1971,0,540,0,-771,-59,-192,0,3200
2024/04/26,13:00,3266,0,317,252,75,57,782,16,291,1873,0,538,0,-554,-6,-375,0,3266
2024/04/26,13:30,3300,0,369,389,75,57,790,16,292,1731,0,533,0,-426,-9,-517,0,3300
2024/04/26,14:00,3140,0,334,357,76,58,799,16,292,1556,0,561,0,-435,-5,-469,0,3140
2024/04/26,14:30,3224,0,448,491,85,58,811,16,292,1330,0,582,0,-355,-8,-526,0,3224
2024/04/26,15:00,3112,0,392,464,132,58,826,16,291,1081,0,556,0,-159,-4,-541,0,3112
2024/04/26,15:30,3116,0,493,469,197,71,836,16,291,828,0,527,0,-84,0,-528,0,3116
2024/04/26,16:00,3094,0,522,528,140,96,871,16,291,587,0,551,0,35,-1,-542,0,3094
2024/04/26,16:30,3124,0,536,731,145,103,891,16,291,339,0,569,0,41,-3,-535,0,3124
2024/04/26,17:00,3034,0,588,747,136,104,897,16,291,144,0,606,0,39,-2,-532,0,3034
2024/04/26,17:30,3084,0,601,829,140,105,900,16,291,35,0,635,0,63,-5,-526,0,3084
2024/04/26,18:00,3106,0,554,817,135,105,892,16,292,1,0,660,0,97,-1,-462,0,3106
2024/04/26,18:30,3160,0,557,783,130,105,892,16,291,0,0,639,0,158,-2,-409,0,3160
2024/04/26,19:00,3160,0,555,725,80,105,862,16,293,0,0,625,0,177,-6,-272,0,3160
2024/04/26,19:30,3112,0,468,752,79,104,864,16,293,0,0,590,0,217,-7,-264,0,3112
2024/04/26,20:00,2914,0,438,625,75,105,860,16,292,0,0,561,0,231,-7,-282,0,2914
2024/04/26,20:30,3050,0,494,869,73,105,862,16,292,0,0,530,0,219,-3,-407,0,3050
2024/04/26,21:00,2836,0,582,812,71,105,843,16,292,0,0,480,0,188,-7,-546,0,2836
2024/04/26,21:30,2838,0,618,893,71,105,835,16,292,0,0,432,0,163,-5,-582,0,2838
2024/04/26,22:00,2718,0,609,853,61,105,813,16,293,0,0,375,0,175,-2,-580,0,2718
2024/04/26,22:30,2712,0,591,925,60,105,812,16,293,0,0,382,0,123,-3,-592,0,2712
2024/04/26,23:00,2660,0,549,894,60,105,811,16,293,0,0,368,0,103,-3,-536,0,2660
2024/04/26,23:30,2628,0,561,898,60,105,802,16,293,0,0,351,0,103,-4,-557,0,2628
2024/04/27,00:00,2550,0,547,819,58,105,787,16,293,0,0,350,0,146,-4,-567,0,2550
2024/04/27,00:30,2530,0,502,810,58,105,799,16,293,0,0,343,0,181,-3,-574,0,2530
2024/04/27,01:00,2518,0,523,720,58,105,805,16,293,0,0,344,0,227,-4,-569,0,2518
2024/04/27,01:30,2600,0,521,770,58,105,805,16,293,0,0,335,0,261,-2,-562,0,2600
2024/04/27,02:00,2632,0,523,756,58,106,807,16,293,0,0,319,0,331,-2,-575,0,2632
2024/04/27,02:30,2766,0,567,840,63,105,809,16,293,0,0,282,0,383,-3,-589,0,2766
2024/04/27,03:00,2740,0,560,697,110,105,824,16,293,0,0,252,0,437,-2,-552,0,2740
2024/04/27,03:30,2798,0,581,673,117,105,832,16,294,0,0,246,0,509,-3,-572,0,2798
2024/04/27,04:00,2776,0,581,611,177,105,820,16,294,0,0,221,0,525,-3,-571,0,2776
2024/04/27,04:30,2710,0,582,553,240,105,819,16,293,8,0,192,0,512,-3,-607,0,2710
2024/04/27,05:00,2668,0,558,479,193,105,818,16,293,107,0,200,0,500,-4,-597,0,2668
2024/04/27,05:30,2730,0,491,579,123,93,817,16,292,254,0,216,0,465,-3,-613,0,2730
2024/04/27,06:00,2712,0,481,447,111,67,816,16,292,507,0,222,0,338,-3,-582,0,2712
2024/04/27,06:30,2700,0,452,395,111,57,814,16,290,735,0,177,0,239,-5,-581,0,2700
2024/04/27,07:00,2650,0,347,330,113,60,800,16,291,959,0,149,0,172,-4,-583,0,2650
2024/04/27,07:30,2696,0,322,362,113,60,800,16,291,1202,0,141,0,-33,-5,-573,0,2696
2024/04/27,08:00,2774,0,373,322,121,60,784,16,291,1458,0,149,0,-214,-3,-583,0,2774
2024/04/27,08:30,2924,0,279,364,122,59,786,16,290,1671,0,176,0,-241,-3,-595,0,2924
2024/04/27,09:00,2964,0,412,305,122,59,790,16,291,1786,0,207,0,-430,-5,-589,0,2964
2024/04/27,09:30,3066,0,374,376,88,59,790,16,290,1889,0,226,0,-438,-3,-601,0,3066
2024/04/27,10:00,3024,0,395,325,69,59,789,16,290,1989,0,197,0,-504,-3,-598,0,3024
2024/04/27,10:30,3018,0,372,350,68,59,779,16,290,2018,0,185,0,-531,-4,-584,0,3018
2024/04/27,11:00,2988,0,373,327,68,59,782,16,290,2043,0,159,0,-528,-1,-600,0,2988
2024/04/27,11:30,3020,0,365,361,69,59,783,16,290,2039,0,162,0,-527,-2,-595,0,3020
2024/04/27,12:00,2952,0,405,322,68,59,786,16,291,2019,0,159,0,-534,-44,-595,0,2952
2024/04/27,12:30,2902,0,375,354,68,59,787,16,290,1948,0,165,0,-532,-48,-580,0,2902
2024/04/27,13:00,2844,0,416,324,65,59,791,16,291,1840,0,181,0,-599,-11,-529,0,2844
2024/04/27,13:30,2882,0,372,455,65,59,791,16,290,1684,0,232,0,-482,-9,-591,0,2882
2024/04/27,14:00,2808,0,279,493,66,59,804,16,291,1498,0,341,0,-450,-6,-583,0,2808
2024/04/27,14:30,2794,0,382,512,66,59,825,16,291,1264,0,405,0,-449,-7,-570,0,2794
2024/04/27,15:00,2704,0,421,508,65,59,837,16,291,1017,0,396,0,-320,-6,-580,0,2704
2024/04/27,15:30,2732,0,422,584,64,59,838,16,291,771,0,348,0,-65,-11,-585,0,2732
2024/04/27,16:00,2724,0,476,557,100,73,866,16,290,549,0,331,0,66,-6,-594,0,2724
2024/04/27,16:30,2786,0,499,638,117,97,871,16,290,318,0,344,0,189,-3,-590,0,2786
2024/04/27,17:00,2742,0,494,695,90,105,873,16,292,134,0,368,0,163,-4,-484,0,2742
2024/04/27,17:30,2874,0,537,852,64,105,874,16,292,26,0,395,0,228,-4,-511,0,2874
2024/04/27,18:00,2920,0,574,902,64,106,873,16,293,2,0,391,0,299,-2,-598,0,2920
2024/04/27,18:30,3020,0,605,924,64,105,887,16,294,0,0,397,0,302,-3,-571,0,3020
2024/04/27,19:00,2984,0,617,893,64,106,887,16,293,1,0,331,0,319,-5,-538,0,2984
2024/04/27,19:30,2978,0,617,948,64,105,873,16,293,0,0,325,0,320,-2,-581,0,2978
2024/04/27,20:00,2868,0,616,902,64,106,865,16,293,0,0,266,0,325,-4,-581,0,2868
2024/04/27,20:30,2814,0,615,943,65,105,839,16,294,0,0,208,0,324,-5,-590,0,2814
2024/04/27,21:00,2690,0,615,911,65,106,816,16,294,0,0,149,0,287,-4,-565,0,2690
2024/04/27,21:30,2638,0,613,975,100,105,814,16,294,0,0,100,0,209,-5,-583,0,2638
2024/04/27,22:00,2550,0,618,984,118,106,797,16,294,0,0,106,0,76,-3,-562,0,2550
2024/04/27,22:30,2516,0,596,994,150,105,777,16,294,0,0,108,0,42,-3,-563,0,2516
2024/04/27,23:00,2490,0,508,953,171,106,774,16,294,0,0,123,0,35,-3,-487,0,2490
2024/04/27,23:30,2494,0,527,1017,125,106,771,16,294,0,0,142,0,43,-3,-544,0,2494
2024/04/28,00:00,2384,0,509,902,100,106,787,16,295,0,0,133,0,90,-4,-550,0,2384
2024/04/28,00:30,2450,0,492,942,59,106,786,16,294,0,0,146,0,178,-3,-566,0,2450
2024/04/28,01:00,2422,0,508,895,58,106,802,16,294,0,0,124,0,178,-3,-556,0,2422
2024/04/28,01:30,2468,0,487,903,58,106,803,16,294,0,0,101,0,180,-1,-479,0,2468
2024/04/28,02:00,2534,0,522,853,65,106,822,16,295,0,0,109,0,206,-2,-458,0,2534
2024/04/28,02:30,2566,0,594,710,148,106,824,16,294,0,0,115,0,285,-3,-523,0,2566
2024/04/28,03:00,2612,0,593,714,250,106,824,16,294,0,0,85,0,306,-3,-573,0,2612
2024/04/28,03:30,2660,0,592,733,261,106,824,16,293,0,0,78,0,338,-3,-578,0,2660
2024/04/28,04:00,2616,0,563,697,290,106,823,16,293,0,0,72,0,337,-1,-580,0,2616
2024/04/28,04:30,2612,0,543,679,253,106,823,16,292,9,0,68,0,392,-3,-566,0,2612
2024/04/28,05:00,2512,0,527,510,237,106,823,16,289,103,0,67,0,391,-4,-553,0,2512
2024/04/28,05:30,2570,0,532,546,165,106,823,16,283,243,0,57,0,375,-3,-573,0,2570
2024/04/28,06:00,2520,0,545,411,130,106,815,16,277,469,0,74,0,253,-5,-571,0,2520
2024/04/28,06:30,2434,0,382,269,111,106,799,16,269,692,0,92,0,204,-3,-503,0,2434
2024/04/28,07:00,2446,0,320,203,139,94,799,16,260,944,0,96,0,19,-4,-440,0,2446
2024/04/28,07:30,2512,0,349,204,125,68,780,16,237,1191,0,145,0,-217,-5,-381,0,2512
2024/04/28,08:00,2518,0,331,124,126,55,795,16,222,1427,0,190,0,-358,-6,-404,0,2518
2024/04/28,08:30,2662,0,294,227,64,55,795,16,221,1602,0,263,0,-515,-5,-355,0,2662
2024/04/28,09:00,2702,0,272,152,58,55,795,16,220,1758,0,324,0,-597,-2,-349,0,2702
2024/04/28,09:30,2856,0,339,193,58,55,792,16,220,1862,0,380,0,-598,-2,-459,0,2856
2024/04/28,10:00,2852,0,319,163,58,55,793,16,221,1878,0,428,0,-599,-3,-477,0,2852
2024/04/28,10:30,2828,0,309,181,58,55,795,16,220,1817,0,447,0,-596,-1,-473,0,2828
2024/04/28,11:00,2846,0,388,200,58,55,781,16,220,1760,0,459,0,-591,-1,-499,0,2846
2024/04/28,11:30,2798,0,412,137,58,54,781,16,221,1693,0,459,0,-631,-5,-397,0,2798
2024/04/28,12:00,2846,0,431,180,58,55,776,16,220,1634,0,426,0,-686,-43,-221,0,2846
2024/04/28,12:30,2814,0,475,159,58,55,783,16,220,1495,0,413,0,-677,-38,-145,0,2814
2024/04/28,13:00,2664,0,422,98,58,55,789,16,220,1305,0,404,0,-450,-6,-247,0,2664
2024/04/28,13:30,2672,0,325,240,58,54,790,16,221,1152,0,342,0,-386,-6,-134,0,2672
2024/04/28,14:00,2538,0,479,187,58,68,802,16,236,946,0,248,0,-308,-6,-188,0,2538
2024/04/28,14:30,2512,0,254,440,58,93,809,16,263,815,0,178,0,-128,-9,-277,0,2512
2024/04/28,15:00,2394,0,240,440,59,105,809,16,276,640,0,212,0,-65,-3,-335,0,2394
2024/04/28,15:30,2448,0,412,478,58,105,809,16,289,513,0,238,0,-9,-4,-457,0,2448
2024/04/28,16:00,2500,0,549,460,58,105,824,16,291,345,0,207,0,150,-2,-503,0,2500
2024/04/28,16:30,2634,0,564,665,58,105,838,16,291,181,0,204,0,288,-3,-573,0,2634
2024/04/28,17:00,2608,0,534,790,58,105,857,16,292,76,0,192,0,153,-3,-462,0,2608
2024/04/28,17:30,2684,0,561,816,58,105,858,16,291,24,0,199,0,184,-3,-425,0,2684
2024/04/28,18:00,2796,0,614,848,71,106,859,16,291,1,0,229,0,274,-3,-510,0,2796
2024/04/28,18:30,2852,0,626,876,110,106,859,16,292,0,0,256,0,212,-4,-497,0,2852
2024/04/28,19:00,2852,0,623,889,111,105,859,16,293,2,0,248,0,210,-3,-501,0,2852
2024/04/28,19:30,2876,0,627,983,111,105,860,16,293,0,0,236,0,227,-4,-578,0,2876
2024/04/28,20:00,2748,0,564,947,110,106,860,16,293,0,0,221,0,174,-4,-539,0,2748
2024/04/28,20:30,2738,0,503,1025,65,105,835,16,293,0,0,218,0,176,-5,-493,0,2738
2024/04/28,21:00,2594,0,530,950,58,106,818,16,293,0,0,215,0,141,-6,-527,0,2594
2024/04/28,21:30,2596,0,521,1023,58,106,801,16,293,0,0,211,0,109,-5,-537,0,2596
2024/04/28,22:00,2484,0,525,897,58,106,800,16,293,0,0,206,0,110,-4,-523,0,2484
2024/04/28,22:30,2430,0,566,889,58,106,800,16,293,0,0,185,0,61,-4,-540,0,2430
2024/04/28,23:00,2440,0,577,874,58,106,788,16,293,0,0,193,0,61,-4,-522,0,2440
2024/04/28,23:30,2416,0,565,893,58,106,786,16,293,0,0,192,0,61,-3,-551,0,2416
2024/04/29,00:00,2378,0,572,860,58,106,781,16,293,0,0,121,0,137,-3,-563,0,2378
2024/04/29,00:30,2350,0,507,850,58,106,786,16,294,0,0,109,0,182,-4,-554,0,2350
2024/04/29,01:00,2368,0,533,763,58,106,798,16,294,0,0,106,0,256,-4,-558,0,2368
2024/04/29,01:30,2458,0,538,840,58,106,797,16,294,0,0,102,0,284,-4,-573,0,2458
2024/04/29,02:00,2498,0,510,832,58,106,817,16,294,0,0,109,0,285,-3,-526,0,2498
2024/04/29,02:30,2598,0,587,901,58,106,828,16,294,0,0,98,0,286,-3,-573,0,2598
2024/04/29,03:00,2650,0,578,903,74,106,828,16,294,0,0,91,0,352,-5,-587,0,2650
2024/04/29,03:30,2690,0,547,869,111,106,831,16,294,0,0,83,0,381,-3,-545,0,2690
2024/04/29,04:00,2658,0,494,679,111,106,831,16,294,0,0,78,0,431,-4,-378,0,2658
2024/04/29,04:30,2586,0,410,579,111,106,832,16,294,14,0,89,0,459,-3,-321,0,2586
2024/04/29,05:00,2632,0,510,515,139,106,831,16,294,172,0,79,0,448,-5,-473,0,2632
2024/04/29,05:30,2700,0,513,580,149,106,830,16,293,364,0,51,0,394,-5,-591,0,2700
2024/04/29,06:00,2636,0,532,516,111,94,819,16,292,551,0,38,0,243,-6,-570,0,2636
2024/04/29,06:30,2586,0,502,497,115,68,798,16,292,747,0,39,0,83,-3,-568,0,2586
2024/04/29,07:00,2496,0,312,410,107,59,759,16,291,963,0,58,0,76,-5,-550,0,2496
2024/04/29,07:30,2512,0,284,314,61,61,758,16,291,1207,0,102,0,-27,-2,-553,0,2512
2024/04/29,08:00,2562,0,383,231,59,60,773,16,292,1449,0,121,0,-223,-7,-592,0,2562
2024/04/29,08:30,2688,0,353,286,58,60,775,16,292,1650,0,127,0,-329,-3,-597,0,2688
2024/04/29,09:00,2724,0,379,214,58,59,776,16,291,1812,0,123,0,-411,-3,-590,0,2724
2024/04/29,09:30,2754,0,228,255,58,59,775,16,292,1896,0,128,0,-485,-3,-465,0,2754
2024/04/29,10:00,2728,0,192,220,58,58,768,16,292,1948,0,122,0,-572,-3,-371,0,2728
2024/04/29,10:30,2786,0,282,257,58,58,750,16,292,1951,0,143,0,-576,-3,-442,0,2786
2024/04/29,11:00,2770,0,416,241,58,59,749,16,291,1973,0,153,0,-615,-3,-568,0,2770
2024/04/29,11:30,2722,0,411,228,58,59,747,16,291,1922,0,159,0,-634,-3,-532,0,2722
2024/04/29,12:00,2682,0,344,236,58,58,746,16,291,1885,0,158,0,-634,-46,-430,0,2682
2024/04/29,12:30,2692,0,385,275,58,58,746,16,292,1810,0,146,0,-638,-39,-417,0,2692
2024/04/29,13:00,2618,0,406,265,58,59,759,16,291,1697,0,139,0,-638,-5,-429,0,2618
2024/04/29,13:30,2656,0,513,441,58,58,766,16,291,1559,0,129,0,-627,-8,-540,0,2656
2024/04/29,14:00,2570,0,489,446,58,59,779,16,292,1381,0,149,0,-527,-5,-567,0,2570
2024/04/29,14:30,2564,0,509,504,58,73,780,16,292,1139,0,127,0,-386,-4,-544,0,2564
2024/04/29,15:00,2538,0,450,492,58,96,786,16,292,909,0,98,0,-60,-3,-596,0,2538
2024/04/29,15:30,2622,0,493,570,80,104,795,16,291,728,0,73,0,42,-5,-565,0,2622
2024/04/29,16:00,2668,0,526,711,124,105,809,16,291,535,0,58,0,89,-4,-592,0,2668
2024/04/29,16:30,2774,0,528,881,219,105,831,16,291,337,0,55,0,78,-1,-566,0,2774
2024/04/29,17:00,2764,0,496,906,177,105,858,16,293,154,0,53,0,78,-4,-368,0,2764
2024/04/29,17:30,2864,0,531,936,158,105,889,16,294,48,0,50,0,124,-3,-284,0,2864
2024/04/29,18:00,2950,0,555,989,281,105,893,16,293,0,0,51,0,157,-2,-388,0,2950
2024/04/29,18:30,2988,0,590,969,229,105,896,16,293,0,0,57,0,158,-3,-322,0,2988
2024/04/29,19:00,2980,0,601,961,184,106,897,16,293,0,0,64,0,157,-5,-294,0,2980
2024/04/29,19:30,2980,0,618,1001,115,105,887,16,294,0,0,68,0,155,-4,-275,0,2980
2024/04/29,20:00,2838,0,602,951,147,106,883,16,294,0,0,75,0,116,-4,-348,0,2838
2024/04/29,20:30,2854,0,600,1019,140,106,845,16,294,0,0,81,0,104,-4,-347,0,2854
2024/04/29,21:00,2674,0,574,942,111,106,810,16,294,0,0,99,0,34,-5,-307,0,2674
2024/04/29,21:30,2676,0,492,1021,112,106,778,16,294,0,0,105,0,42,-5,-285,0,2676
2024/04/29,22:00,2530,0,508,951,111,106,777,16,294,0,0,107,0,38,-4,-374,0,2530
2024/04/29,22:30,2542,0,524,1018,112,105,777,16,293,0,0,113,0,42,-3,-455,0,2542
2024/04/29,23:00,2484,0,440,970,111,106,776,16,294,0,0,182,0,43,-6,-448,0,2484
2024/04/29,23:30,2494,0,402,978,109,105,777,16,294,0,0,229,0,43,-4,-455,0,2494
2024/04/30,00:00,2414,0,437,954,64,106,787,16,294,0,0,252,0,37,-3,-530,0,2414
2024/04/30,00:30,2408,0,402,979,58,105,800,16,293,0,0,271,0,43,-3,-556,0,2408
2024/04/30,01:00,2410,0,434,953,58,106,793,16,294,0,0,295,0,41,-2,-578,0,2410
2024/04/30,01:30,2500,0,422,953,59,106,800,16,294,0,0,347,0,42,-2,-537,0,2500
2024/04/30,02:00,2496,0,461,877,59,106,804,16,294,0,0,403,0,42,-3,-563,0,2496
2024/04/30,02:30,2626,0,481,991,58,105,806,16,294,0,0,406,0,43,-3,-571,0,2626
2024/04/30,03:00,2654,0,487,972,74,106,812,16,295,0,0,391,0,43,-3,-539,0,2654
2024/04/30,03:30,2736,0,438,1009,107,106,824,16,294,0,0,414,0,115,-3,-584,0,2736
2024/04/30,04:00,2680,0,429,951,107,106,824,16,295,1,0,415,0,133,-4,-593,0,2680
2024/04/30,04:30,2754,0,459,1025,68,106,824,16,295,25,0,398,0,134,-2,-594,0,2754
2024/04/30,05:00,2752,0,454,965,59,106,797,16,295,115,0,427,0,116,-4,-594,0,2752
2024/04/30,05:30,2798,0,476,1009,58,106,791,16,294,168,0,426,0,42,-3,-585,0,2798
2024/04/30,06:00,2822,0,543,981,58,93,785,16,294,176,0,405,0,48,-1,-576,0,2822
2024/04/30,06:30,2792,0,471,984,98,67,765,16,293,173,0,401,0,30,-5,-501,0,2792
2024/04/30,07:00,2842,0,483,972,152,59,733,16,293,228,0,390,0,21,-7,-498,0,2842
2024/04/30,07:30,2966,0,486,1006,177,61,733,16,294,275,0,372,0,21,-4,-471,0,2966
2024/04/30,08:00,3060,0,493,964,198,60,750,16,294,303,0,371,0,65,-3,-451,0,3060
2024/04/30,08:30,3252,0,486,1012,124,60,748,16,294,351,0,381,0,83,-5,-298,0,3252
2024/04/30,09:00,3216,0,464,943,127,58,748,16,293,383,0,387,0,78,-3,-278,0,3216
2024/04/30,09:30,3308,0,420,1020,120,58,749,16,293,412,0,363,0,72,-4,-211,0,3308
2024/04/30,10:00,3234,0,473,924,120,58,749,16,293,455,0,303,0,22,-5,-174,0,3234
2024/04/30,10:30,3274,0,530,980,120,58,750,16,293,454,0,250,0,24,-4,-197,0,3274
2024/04/30,11:00,3244,0,492,1000,119,58,733,16,293,444,0,218,0,20,-4,-145,0,3244
2024/04/30,11:30,3188,0,460,953,120,58,738,16,293,406,0,183,0,43,-4,-78,0,3188
2024/04/30,12:00,3118,0,381,949,119,58,741,16,293,422,0,174,0,80,-5,-110,0,3118
2024/04/30,12:30,3102,0,476,973,120,58,749,16,294,415,0,174,0,-181,-6,14,0,3102
2024/04/30,13:00,3170,0,456,936,122,58,756,16,293,356,0,173,0,-240,-51,295,0,3170
2024/04/30,13:30,3236,0,443,1005,115,58,757,16,293,312,0,181,0,-141,-40,237,0,3236
2024/04/30,14:00,3210,0,428,965,116,59,760,16,293,280,0,287,0,-147,-6,159,0,3210
2024/04/30,14:30,3226,0,351,967,115,72,802,16,293,247,0,342,0,-123,-6,150,0,3226
2024/04/30,15:00,3174,0,427,880,139,96,806,16,293,186,0,345,0,-109,-4,99,0,3174
2024/04/30,15:30,3212,0,412,810,116,103,807,16,293,141,0,327,0,15,-4,176,0,3212
2024/04/30,16:00,3146,0,462,887,114,104,822,16,293,99,0,226,0,51,-4,76,0,3146
2024/04/30,16:30,3306,0,568,1055,114,104,825,16,292,72,0,195,0,209,-3,-141,0,3306
2024/04/30,17:00,3190,0,492,977,114,104,841,16,294,36,0,201,0,220,-4,-101,0,3190
2024/04/30,17:30,3196,0,435,977,114,104,859,16,294,20,0,206,0,180,-3,-6,0,3196
2024/04/30,18:00,3174,0,513,897,114,105,859,16,294,0,0,255,0,167,-4,-42,0,3174
2024/04/30,18:30,3246,0,513,958,112,105,858,16,294,0,0,274,0,130,-4,-10,0,3246
2024/04/30,19:00,3130,0,544,877,67,105,855,16,293,0,0,267,0,107,-5,4,0,3130
2024/04/30,19:30,3188,0,607,1064,59,105,854,16,293,0,0,234,0,124,-6,-162,0,3188
2024/04/30,20:00,2954,0,603,923,59,105,847,16,293,0,0,219,0,91,-5,-197,0,2954
2024/04/30,20:30,2994,0,599,1053,58,105,823,16,293,0,0,260,0,34,-5,-242,0,2994
2024/04/30,21:00,2774,0,561,917,58,105,810,16,292,0,0,263,0,19,-4,-263,0,2774
2024/04/30,21:30,2792,0,547,1052,58,105,791,16,292,0,0,266,0,21,-3,-353,0,2792
2024/04/30,22:00,2650,0,517,940,58,106,788,16,293,0,0,305,0,41,-4,-410,0,2650
2024/04/30,22:30,2630,0,537,957,59,106,787,16,292,0,0,333,0,41,-3,-495,0,2630
2024/04/30,23:00,2594,0,513,900,58,105,786,16,292,0,0,360,0,42,-4,-474,0,2594
2024/04/30,23:30,2598,0,495,930,58,105,785,16,293,0,0,419,0,42,-5,-540,0,2598
,,,,,,,,,,,,,,,,,,,
,,,,,,,,,,,,,,,,,,,
,,,,,,,,,,,,,,,,,,,
,,,,,,,,,,,,,,,,,,,
,,,,,,,,,,,,,,,,,,,
,,,,,,,,,,,,,,,,,,,
,,,,,,,,,,,,,,,,,,,
,,,,,,,,,,,,,,,,,,,
,,,,,,,,,,,,,,,,,,,
,,,,,,,,,,,,,,,,,,,
,,,,,,,,,,,,,,,,,,,
,,,,,,,,,,,,,,,,,,,
,,,,,,,,,,,,,,,,,,,
,,,,,,,,,,,,,,,,,,,
,,,,,,,,,,,,,,,,,,,
,,,,,,,,,,,,,,,,,,,
,,,,,,,,,,,,,,,,,,,
,,,,,,,,,,,,,,,,,,,
,,,,,,,,,,,,,,,,,,,
,,,,,,,,,,,,,,,,,,,
,,,,,,,,,,,,,,,,,,,
,,,,,,,,,,,,,,,,,,,
,,,,,,,,,,,,,,,,,,,
,,,,,,,,,,,,,,,,,,,
,,,,,,,,,,,,,,,,,,,
,,,,,,,,,,,,,,,,,,,
,,,,,,,,,,,,,,,,,,,
,,,,,,,,,,,,,,,,,,,
,,,,,,,,,,,,,,,,,,,
,,,,,,,,,,,,,,,,,,,
,,,,,,,,,,,,,,,,,,,
,,,,,,,,,,,,,,,,,,,
,,,,,,,,,,,,,,,,,,,
,,,,,,,,,,,,,,,,,,,
,,,,,,,,,,,,,,,,,,,
,,,,,,,,,,,,,,,,,,,
,,,,,,,,,,,,,,,,,,,
,,,,,,,,,,,,,,,,,,,
,,,,,,,,,,,,,,,,,,,
,,,,,,,,,,,,,,,,,,,
,,,,,,,,,,,,,,,,,,,
,,,,,,,,,,,,,,,,,,,
,,,,,,,,,,,,,,,,,,,
,,,,,,,,,,,,,,,,,,,
,,,,,,,,,,,,,,,,,,,
,,,,,,,,,,,,,,,,,,,
,,,,,,,,,,,,,,,,,,,
,,,,,,,,,,,,,,,,,,,
