単位[MW平均],,,供給力,,,,,,,,,,,,,,,,
DATE,TIME,エリア需要,原子力,火力(LNG),火力(石炭),火力(石油),火力(その他),水力,地熱,バイオマス,太陽光発電実績,太陽光出力制御量,風力発電実績,風力出力制御量,揚水,蓄電池,連系線,その他,合計
2024/07/01,00:00,2445,0,257,646,56,233,495,16,147,0,0,512,0,45,-4,42,0,2445
2024/07/01,00:30,2409,0,278,562,56,232,500,16,147,0,0,539,0,52,-3,30,0,2409
2024/07/01,01:00,2390,0,280,552,56,232,477,16,147,0,0,532,0,44,-4,58,0,2390
2024/07/01,01:30,2374,0,153,525,56,232,489,16,147,0,0,635,0,72,-4,53,0,2374
2024/07/01,02:00,2421,0,232,522,56,232,504,16,147,0,0,603,0,96,-3,16,0,2421
2024/07/01,02:30,2499,0,339,530,56,232,529,16,146,0,0,612,0,43,-4,0,0,2499
2024/07/01,03:00,2598,0,334,551,56,232,561,16,146,0,0,623,0,43,-1,37,0,2598
2024/07/01,03:30,2672,0,366,550,56,232,551,16,146,0,0,694,0,44,-1,18,0,2672
2024/07/01,04:00,2665,0,288,549,56,232,600,16,147,11,0,735,0,38,-2,-5,0,2665
2024/07/01,04:30,2703,0,254,551,56,233,614,16,147,67,0,743,0,46,-1,-23,0,2703
2024/07/01,05:00,2766,0,375,556,56,232,631,16,146,145,0,700,0,44,-2,-133,0,2766
2024/07/01,05:30,2704,0,344,545,56,232,646,16,146,194,0,646,0,44,-4,-161,0,2704
2024/07/01,06:00,2689,0,422,404,56,232,606,16,145,232,0,600,0,53,-5,-72,0,2689
2024/07/01,06:30,2729,0,517,375,56,232,557,16,144,313,0,494,0,62,-4,-33,0,2729
2024/07/01,07:00,2810,0,520,374,62,233,520,16,144,388,0,491,0,69,-5,-2,0,2810
2024/07/01,07:30,2960,0,504,397,62,232,507,16,143,480,0,577,0,41,-6,7,0,2960
2024/07/01,08:00,3106,0,334,468,101,229,494,16,145,641,0,641,0,37,-4,4,0,3106
2024/07/01,08:30,3258,0,384,477,112,228,487,16,145,722,0,667,0,21,-5,4,0,3258
2024/07/01,09:00,3343,0,354,473,112,227,481,16,145,816,0,732,0,19,-4,-28,0,3343
2024/07/01,09:30,3357,0,379,473,112,214,475,16,145,785,0,762,0,23,-8,-19,0,3357
2024/07/01,10:00,3305,0,255,509,88,188,455,16,146,912,0,782,0,9,-7,-48,0,3305
2024/07/01,10:30,3295,0,208,431,60,181,436,16,145,1130,0,724,0,-3,-8,-25,0,3295
2024/07/01,11:00,3303,0,397,398,75,181,429,16,146,1174,0,625,0,-161,-7,30,0,3303
2024/07/01,11:30,3317,0,405,451,113,181,431,16,146,1302,0,537,0,-215,-36,-14,0,3317
2024/07/01,12:00,3212,0,398,476,113,182,417,16,145,1313,0,523,0,-215,-3,-153,0,3212
2024/07/01,12:30,3130,0,278,473,113,182,434,16,145,1257,0,503,0,-216,-3,-52,0,3130
2024/07/01,13:00,3276,0,437,525,121,182,443,16,145,1230,0,526,0,-212,-2,-135,0,3276
2024/07/01,13:30,3322,0,477,570,158,181,447,16,144,1093,0,588,0,-215,-4,-133,0,3322
2024/07/01,14:00,3279,0,398,602,111,182,448,16,143,1024,0,627,0,-215,-4,-53,0,3279
2024/07/01,14:30,3235,0,389,606,117,182,475,16,146,901,0,664,0,-119,-3,-139,0,3235
2024/07/01,15:00,3115,0,315,608,112,196,499,16,146,757,0,685,0,-171,-4,-44,0,3115
2024/07/01,15:30,3137,0,355,608,113,220,507,16,144,686,0,689,0,-208,0,7,0,3137
2024/07/01,16:00,3199,0,358,622,113,227,560,16,144,559,0,708,0,-35,-5,-68,0,3199
2024/07/01,16:30,3223,0,299,723,113,227,599,16,145,456,0,742,0,24,-3,-118,0,3223
2024/07/01,17:00,3195,0,339,837,108,228,607,16,146,294,0,760,0,22,-2,-160,0,3195
2024/07/01,17:30,3135,0,457,930,62,229,606,16,147,139,0,738,0,58,-3,-244,0,3135
2024/07/01,18:00,3072,0,409,888,59,232,606,16,146,48,0,691,0,136,-4,-155,0,3072
2024/07/01,18:30,3064,0,429,795,59,232,605,16,146,8,0,726,0,198,-4,-146,0,3064
2024/07/01,19:00,3083,0,443,750,60,231,605,16,147,0,0,691,0,196,-4,-52,0,3083
2024/07/01,19:30,3071,0,501,901,59,231,573,16,147,2,0,567,0,122,-4,-44,0,3071
2024/07/01,20:00,2957,0,404,1009,59,231,551,16,148,0,0,518,0,73,-4,-48,0,2957
2024/07/01,20:30,2883,0,410,1042,59,231,537,16,148,0,0,478,0,16,-7,-47,0,2883
2024/07/01,21:00,2798,0,435,1047,59,232,532,16,147,0,0,465,0,14,-10,-139,0,2798
2024/07/01,21:30,2682,0,327,1010,60,231,526,16,148,0,0,465,0,19,-9,-111,0,2682
2024/07/01,22:00,2588,0,244,863,56,225,484,16,148,0,0,442,0,87,-7,30,0,2588
2024/07/01,22:30,2504,0,318,852,56,214,481,16,148,0,0,444,0,40,-7,-58,0,2504
2024/07/01,23:00,2498,0,385,882,56,208,467,16,148,0,0,491,0,38,-7,-186,0,2498
2024/07/01,23:30,2420,0,363,766,56,211,481,16,148,0,0,542,0,40,-9,-194,0,2420
2024/07/02,00:00,2372,0,397,738,56,211,482,16,148,0,0,535,0,42,25,-278,0,2372
2024/07/02,00:30,2346,0,345,684,56,211,460,16,148,0,0,563,0,44,-3,-178,0,2346
2024/07/02,01:00,2317,0,324,611,56,211,460,16,148,0,0,573,0,44,-3,-123,0,2317
2024/07/02,01:30,2347,0,236,591,56,209,461,16,148,0,0,670,0,45,-5,-80,0,2347
2024/07/02,02:00,2402,0,277,578,56,210,464,16,148,0,0,666,0,41,-5,-49,0,2402
2024/07/02,02:30,2468,0,204,592,56,210,526,16,149,0,0,683,0,78,-3,-43,0,2468
2024/07/02,03:00,2567,0,296,583,56,219,531,16,148,0,0,668,0,60,1,-11,0,2567
2024/07/02,03:30,2577,0,394,574,65,222,529,16,148,0,0,603,0,43,0,-17,0,2577
2024/07/02,04:00,2569,0,444,574,118,230,540,16,148,12,0,468,0,41,-2,-20,0,2569
2024/07/02,04:30,2597,0,525,590,168,232,544,16,147,83,0,389,0,43,-1,-139,0,2597
2024/07/02,05:00,2657,0,504,594,136,232,525,16,146,215,0,373,0,42,-3,-123,0,2657
2024/07/02,05:30,2665,0,435,591,109,232,482,16,147,427,0,342,0,42,-3,-155,0,2665
2024/07/02,06:00,2746,0,416,590,109,233,423,16,145,639,0,297,0,40,4,-166,0,2746
2024/07/02,06:30,2748,0,382,589,109,216,406,16,146,830,0,249,0,41,-6,-230,0,2748
2024/07/02,07:00,2784,0,313,556,109,186,363,16,144,998,0,227,0,44,-5,-167,0,2784
2024/07/02,07:30,2842,0,311,433,109,166,348,16,145,1197,0,225,0,20,-6,-122,0,2842
2024/07/02,08:00,2968,0,308,401,80,136,341,16,146,1378,0,231,0,-6,-5,-58,0,2968
2024/07/02,08:30,3164,0,456,462,59,127,340,16,145,1524,0,242,0,-195,-6,-6,0,3164
2024/07/02,09:00,3294,0,408,512,94,128,337,16,145,1657,0,230,0,-212,-7,-14,0,3294
2024/07/02,09:30,3400,0,490,511,135,127,338,16,145,1736,0,226,0,-218,-7,-99,0,3400
2024/07/02,10:00,3452,0,454,512,205,128,331,16,145,1710,0,192,0,-83,-43,-115,0,3452
2024/07/02,10:30,3450,0,490,517,153,127,327,16,144,1634,0,197,0,20,-43,-132,0,3450
2024/07/02,11:00,3476,0,478,546,268,128,330,16,145,1512,0,200,0,-18,-6,-123,0,3476
2024/07/02,11:30,3360,0,485,571,255,127,331,16,144,1442,0,205,0,-76,-6,-134,0,3360
2024/07/02,12:00,3116,0,387,604,150,128,332,16,145,1426,0,203,0,-56,-7,-212,0,3116
2024/07/02,12:30,2976,0,262,621,83,128,353,16,145,1381,0,183,0,-102,-14,-80,0,2976
2024/07/02,13:00,3100,0,372,676,59,144,357,16,146,1409,0,172,0,-229,-2,-20,0,3100
2024/07/02,13:30,3090,0,341,690,59,174,335,16,145,1466,0,195,0,-400,-2,71,0,3090
2024/07/02,14:00,3083,0,326,731,60,195,374,16,145,1410,0,221,0,-434,-3,42,0,3083
2024/07/02,14:30,3089,0,401,860,59,220,395,16,146,1256,0,214,0,-357,-2,-119,0,3089
2024/07/02,15:00,3086,0,338,870,59,226,443,16,146,1119,0,195,0,-214,-3,-109,0,3086
2024/07/02,15:30,3150,0,381,903,60,226,467,16,144,959,0,189,0,-206,-3,14,0,3150
2024/07/02,16:00,3233,0,291,986,59,227,552,16,144,767,0,227,0,-5,-2,-29,0,3233
2024/07/02,16:30,3269,0,389,1030,59,227,590,16,143,596,0,232,0,46,-2,-57,0,3269
2024/07/02,17:00,3250,0,471,1075,59,228,624,16,145,381,0,243,0,100,-3,-89,0,3250
2024/07/02,17:30,3168,0,496,1103,88,227,630,16,147,166,0,253,0,106,-2,-62,0,3168
2024/07/02,18:00,3106,0,494,1094,115,232,655,16,146,47,0,249,0,122,-4,-60,0,3106
2024/07/02,18:30,3084,0,335,1088,112,231,702,16,147,8,0,279,0,194,-4,-24,0,3084
2024/07/02,19:00,3109,0,316,1089,112,231,711,16,147,0,0,357,0,160,-4,-26,0,3109
2024/07/02,19:30,3111,0,318,1064,112,232,685,16,147,0,0,421,0,192,-4,-72,0,3111
2024/07/02,20:00,3039,0,359,1035,112,232,594,16,147,0,0,428,0,146,-4,-26,0,3039
2024/07/02,20:30,2945,0,389,1057,93,232,577,16,148,0,0,425,0,71,-4,-59,0,2945
2024/07/02,21:00,2843,0,412,1054,59,232,569,16,147,0,0,401,0,22,-7,-62,0,2843
2024/07/02,21:30,2741,0,368,1055,60,232,513,16,147,0,0,409,0,27,-7,-79,0,2741
2024/07/02,22:00,2679,0,310,1051,56,232,461,16,147,0,0,404,0,23,-7,-14,0,2679
2024/07/02,22:30,2595,0,268,1029,56,232,448,16,147,0,0,411,0,22,-7,-27,0,2595
2024/07/02,23:00,2581,0,307,1047,56,233,439,16,147,0,0,455,0,24,-8,-135,0,2581
2024/07/02,23:30,2545,0,335,1024,56,232,422,16,147,0,0,514,0,23,-10,-214,0,2545
2024/07/03,00:00,2452,0,356,965,56,233,419,16,147,0,0,498,0,40,-3,-275,0,2452
2024/07/03,00:30,2410,0,362,798,56,233,397,16,148,0,0,503,0,43,-4,-142,0,2410
2024/07/03,01:00,2397,0,441,731,56,233,381,16,147,0,0,475,0,43,-3,-123,0,2397
2024/07/03,01:30,2407,0,375,764,56,232,362,16,148,0,0,470,0,44,-2,-58,0,2407
2024/07/03,02:00,2467,0,393,875,56,233,368,16,147,0,0,479,0,44,-4,-140,0,2467
2024/07/03,02:30,2549,0,392,856,56,232,369,16,147,0,0,492,0,41,-5,-47,0,2549
2024/07/03,03:00,2618,0,390,855,56,233,412,16,147,0,0,489,0,41,-4,-17,0,2618
2024/07/03,03:30,2680,0,435,860,56,232,417,16,147,0,0,492,0,41,-3,-13,0,2680
2024/07/03,04:00,2699,0,378,905,56,231,440,16,148,13,0,520,0,39,-4,-43,0,2699
2024/07/03,04:30,2705,0,430,919,56,228,375,16,148,89,0,508,0,38,-5,-97,0,2705
2024/07/03,05:00,2691,0,275,838,56,233,356,16,147,232,0,502,0,42,-1,-5,0,2691
2024/07/03,05:30,2701,0,295,686,56,233,350,16,147,413,0,505,0,41,-4,-37,0,2701
2024/07/03,06:00,2765,0,311,567,56,220,317,16,145,590,0,498,0,43,1,1,0,2765
2024/07/03,06:30,2751,0,275,499,56,194,318,16,146,777,0,423,0,4,-5,48,0,2751
2024/07/03,07:00,2748,0,260,495,56,186,317,16,144,942,0,411,0,-213,-5,139,0,2748
2024/07/03,07:30,2888,0,244,492,56,186,325,16,144,1117,0,419,0,-219,-27,135,0,2888
2024/07/03,08:00,3048,0,219,497,59,182,345,16,144,1314,0,427,0,-220,-5,70,0,3048
2024/07/03,08:30,3258,0,362,570,59,182,344,13,144,1492,0,439,0,-378,-5,36,0,3258
2024/07/03,09:00,3455,0,435,690,59,181,364,1,142,1619,0,413,0,-377,-4,-68,0,3455
2024/07/03,09:30,3527,0,357,613,59,181,438,1,140,1659,0,419,0,-357,-4,21,0,3527
2024/07/03,10:00,3581,0,372,556,62,181,455,1,138,1691,0,439,0,-206,-4,-104,0,3581
2024/07/03,10:30,3567,0,347,585,63,181,456,1,139,1706,0,440,0,-214,-4,-133,0,3567
2024/07/03,11:00,3555,0,374,536,62,181,443,1,140,1708,0,399,0,-210,-4,-75,0,3555
2024/07/03,11:30,3547,0,486,560,62,180,410,1,140,1665,0,406,0,-210,-3,-150,0,3547
2024/07/03,12:00,3418,0,387,622,59,181,376,1,141,1597,0,435,0,-253,-6,-122,0,3418
2024/07/03,12:30,3408,0,422,786,58,181,377,1,141,1496,0,435,0,-432,-4,-53,0,3408
2024/07/03,13:00,3530,0,470,931,64,181,392,1,143,1402,0,407,0,-305,-5,-151,0,3530
2024/07/03,13:30,3566,0,447,963,98,180,444,1,143,1234,0,444,0,-215,-7,-166,0,3566
2024/07/03,14:00,3602,0,460,951,118,195,486,1,143,1114,0,477,0,-46,-3,-294,0,3602
2024/07/03,14:30,3562,0,494,994,179,219,495,1,143,905,0,490,0,-1,-5,-352,0,3562
2024/07/03,15:00,3502,0,508,1020,177,226,520,1,144,709,0,516,0,14,1,-334,0,3502
2024/07/03,15:30,3506,0,534,1090,190,226,534,1,144,539,0,470,0,26,-2,-246,0,3506
2024/07/03,16:00,3483,0,528,1101,150,227,596,1,144,411,0,465,0,22,-2,-160,0,3483
2024/07/03,16:30,3469,0,589,1078,148,226,601,1,144,325,0,491,0,21,-2,-153,0,3469
2024/07/03,17:00,3371,0,596,1092,144,228,615,1,146,244,0,497,0,20,-5,-207,0,3371
2024/07/03,17:30,3279,0,601,1094,139,228,637,1,147,135,0,492,0,33,-3,-225,0,3279
2024/07/03,18:00,3277,0,601,1086,200,232,659,1,146,58,0,516,0,117,0,-339,0,3277
2024/07/03,18:30,3269,0,595,1079,118,231,666,1,147,7,0,525,0,192,33,-325,0,3269
2024/07/03,19:00,3299,0,604,1073,169,231,671,1,147,0,0,524,0,215,-5,-331,0,3299
2024/07/03,19:30,3299,0,605,1083,187,231,674,1,146,0,0,485,0,211,4,-328,0,3299
2024/07/03,20:00,3178,0,525,1085,120,231,666,1,147,0,0,449,0,141,-4,-183,0,3178
2024/07/03,20:30,3090,0,508,1085,113,231,600,1,146,0,0,436,0,119,-4,-145,0,3090
2024/07/03,21:00,2962,0,484,1085,106,232,519,1,147,0,0,433,0,101,-7,-139,0,2962
2024/07/03,21:30,2866,0,519,1076,61,231,488,1,147,0,0,432,0,28,-7,-110,0,2866
2024/07/03,22:00,2798,0,401,1017,56,232,428,1,147,0,0,424,0,70,-8,30,0,2798
2024/07/03,22:30,2744,0,403,1054,56,232,418,1,147,0,0,423,0,44,-9,-25,0,2744
2024/07/03,23:00,2668,0,412,1042,56,231,415,1,147,0,0,424,0,60,-45,-75,0,2668
2024/07/03,23:30,2600,0,449,1026,56,232,419,1,147,0,0,411,0,39,-44,-136,0,2600
2024/07/04,00:00,2519,0,346,986,56,232,443,1,147,0,0,424,0,37,-3,-150,0,2519
2024/07/04,00:30,2479,0,270,858,56,232,442,1,146,0,0,461,0,76,-4,-59,0,2479
2024/07/04,01:00,2453,0,306,738,56,232,432,1,147,0,0,461,0,87,-4,-3,0,2453
2024/07/04,01:30,2499,0,385,751,56,232,430,1,147,0,0,439,0,79,-4,-17,0,2499
2024/07/04,02:00,2534,0,374,777,56,233,415,1,147,0,0,467,0,80,-5,-11,0,2534
2024/07/04,02:30,2610,0,389,783,56,232,454,1,148,0,0,478,0,85,-4,-12,0,2610
2024/07/04,03:00,2687,0,381,796,56,233,485,1,148,0,0,446,0,93,-4,52,0,2687
2024/07/04,03:30,2741,0,438,842,76,232,486,1,149,0,0,421,0,102,-2,-4,0,2741
2024/07/04,04:00,2733,0,401,864,109,232,500,1,149,12,0,356,0,120,-1,-10,0,2733
2024/07/04,04:30,2735,0,352,847,108,231,482,1,149,81,0,360,0,121,-3,6,0,2735
2024/07/04,05:00,2744,0,425,771,63,232,417,1,149,200,0,339,0,123,-2,26,0,2744
2024/07/04,05:30,2670,0,410,744,56,232,395,1,148,312,0,257,0,111,-2,6,0,2670
2024/07/04,06:00,2723,0,428,734,56,233,363,1,147,391,0,226,0,102,-5,47,0,2723
2024/07/04,06:30,2793,0,406,738,56,232,359,1,147,509,0,188,0,93,-6,70,0,2793
2024/07/04,07:00,2832,0,345,711,57,233,373,1,146,612,0,175,0,62,-7,124,0,2832
2024/07/04,07:30,2994,0,337,754,65,218,369,1,146,736,0,192,0,21,-5,160,0,2994
2024/07/04,08:00,3197,0,391,811,97,189,379,1,147,808,0,217,0,28,-4,133,0,3197
2024/07/04,08:30,3313,0,343,853,128,180,376,1,148,933,0,247,0,18,-29,115,0,3313
2024/07/04,09:00,3326,0,262,788,131,181,359,1,147,1063,0,253,0,18,-4,127,0,3326
2024/07/04,09:30,3344,0,384,743,134,181,364,1,146,1167,0,246,0,-160,-5,143,0,3344
2024/07/04,10:00,3340,0,327,755,134,165,355,1,146,1333,0,254,0,-258,-4,132,0,3340
2024/07/04,10:30,3438,0,467,860,136,134,352,1,144,1413,0,295,0,-425,-4,65,0,3438
2024/07/04,11:00,3463,0,451,843,135,127,323,1,145,1469,0,333,0,-427,-3,66,0,3463
2024/07/04,11:30,3501,0,454,892,138,127,327,1,145,1487,0,311,0,-438,-4,61,0,3501
2024/07/04,12:00,3379,0,419,805,137,127,333,1,144,1461,0,322,0,-432,-4,66,0,3379
2024/07/04,12:30,3351,0,369,784,138,127,334,1,144,1454,0,337,0,-423,-2,88,0,3351
2024/07/04,13:00,3485,0,441,865,95,154,354,1,144,1357,0,329,0,-422,-1,168,0,3485
2024/07/04,13:30,3539,0,354,930,86,194,379,1,144,1340,0,351,0,-414,-2,176,0,3539
2024/07/04,14:00,3573,0,347,896,86,219,399,1,145,1236,0,313,0,-226,-4,161,0,3573
2024/07/04,14:30,3581,0,390,996,86,225,400,1,144,1083,0,263,0,-81,-5,79,0,3581
2024/07/04,15:00,3542,0,359,994,84,226,481,1,143,899,0,234,0,23,-4,102,0,3542
2024/07/04,15:30,3602,0,510,980,121,226,523,1,143,721,0,172,0,55,-8,158,0,3602
2024/07/04,16:00,3573,0,557,1067,263,227,558,1,143,542,0,150,0,57,-7,15,0,3573
2024/07/04,16:30,3547,0,560,1098,254,226,565,1,143,411,0,196,0,61,-12,44,0,3547
2024/07/04,17:00,3461,0,557,1099,244,227,602,1,144,262,0,210,0,99,-10,26,0,3461
2024/07/04,17:30,3385,0,560,1097,153,228,628,1,145,139,0,227,0,209,-3,1,0,3385
2024/07/04,18:00,3336,0,576,1098,204,231,637,1,145,54,0,213,0,210,-1,-32,0,3336
2024/07/04,18:30,3338,0,597,1097,175,231,642,1,146,6,0,219,0,209,34,-19,0,3338
2024/07/04,19:00,3344,0,602,1095,249,231,628,1,146,0,0,167,0,208,32,-15,0,3344
2024/07/04,19:30,3318,0,588,1095,332,231,628,1,147,1,0,140,0,178,-3,-20,0,3318
2024/07/04,20:00,3197,0,603,1100,257,231,575,1,147,0,0,139,0,171,-3,-24,0,3197
2024/07/04,20:30,3119,0,604,1102,211,231,570,1,147,0,0,143,0,141,-5,-26,0,3119
2024/07/04,21:00,2988,0,604,1101,156,232,535,1,146,0,0,122,0,110,-8,-11,0,2988
2024/07/04,21:30,2884,0,554,1092,171,231,507,1,147,0,0,93,0,66,-8,30,0,2884
2024/07/04,22:00,2829,0,492,1087,184,231,491,1,147,0,0,91,0,84,-9,30,0,2829
2024/07/04,22:30,2735,0,449,1088,133,231,489,1,147,0,0,112,0,61,-9,33,0,2735
2024/07/04,23:00,2684,0,435,1092,111,231,458,1,148,0,0,150,0,46,-46,58,0,2684
2024/07/04,23:30,2610,0,447,1082,110,232,458,1,147,0,0,135,0,22,-44,20,0,2610
2024/07/05,00:00,2537,0,404,1069,109,232,465,1,148,0,0,137,0,17,-3,-42,0,2537
2024/07/05,00:30,2503,0,403,1048,109,232,463,1,147,0,0,146,0,46,-3,-89,0,2503
2024/07/05,01:00,2448,0,347,936,109,232,480,1,147,0,0,183,0,27,-5,-9,0,2448
2024/07/05,01:30,2478,0,357,943,109,232,486,1,147,0,0,193,0,27,-3,-14,0,2478
2024/07/05,02:00,2500,0,349,948,109,232,471,1,147,0,0,205,0,46,-4,-4,0,2500
2024/07/05,02:30,2582,0,383,964,109,231,430,1,146,0,0,202,0,91,-4,29,0,2582
2024/07/05,03:00,2655,0,454,1031,109,232,470,1,148,0,0,184,0,24,-4,6,0,2655
2024/07/05,03:30,2703,0,498,1040,111,229,479,1,148,0,0,127,0,80,-4,-6,0,2703
2024/07/05,04:00,2687,0,498,1032,158,232,503,1,147,12,0,100,0,20,-6,-10,0,2687
2024/07/05,04:30,2695,0,482,1029,125,232,509,1,148,83,0,93,0,22,-3,-26,0,2695
2024/07/05,05:00,2715,0,438,981,116,232,477,1,147,201,0,105,0,23,-1,-5,0,2715
2024/07/05,05:30,2729,0,397,929,114,232,455,1,146,348,0,98,0,26,-5,-12,0,2729
2024/07/05,06:00,2775,0,380,797,114,232,393,1,146,533,0,91,0,31,-5,62,0,2775
2024/07/05,06:30,2787,0,341,694,94,218,391,1,146,708,0,102,0,41,-5,56,0,2787
2024/07/05,07:00,2854,0,346,621,65,193,384,1,144,870,0,112,0,60,-5,63,0,2854
2024/07/05,07:30,2998,0,336,631,66,183,376,1,144,1065,0,117,0,45,-29,63,0,2998
2024/07/05,08:00,3227,0,329,615,65,182,380,1,146,1270,0,130,0,85,-6,30,0,3227
2024/07/05,08:30,3413,0,341,660,62,182,374,1,145,1421,0,137,0,66,-6,30,0,3413
2024/07/05,09:00,3561,0,407,676,61,181,352,1,145,1534,0,162,0,37,-4,9,0,3561
2024/07/05,09:30,3619,0,426,794,60,181,349,1,144,1602,0,184,0,-91,-6,-25,0,3619
2024/07/05,10:00,3646,0,357,864,59,180,356,1,144,1696,0,169,0,-208,-2,30,0,3646
2024/07/05,10:30,3714,0,403,863,63,180,352,1,144,1737,0,152,0,-209,-2,30,0,3714
2024/07/05,11:00,3765,0,371,890,62,180,368,1,144,1741,0,159,0,-209,-3,61,0,3765
2024/07/05,11:30,3771,0,418,872,65,180,373,1,143,1704,0,163,0,-207,-2,61,0,3771
2024/07/05,12:00,3619,0,307,780,111,181,353,1,143,1636,0,155,0,-212,-3,167,0,3619
2024/07/05,12:30,3579,0,296,784,116,181,349,1,143,1599,0,154,0,-233,-3,192,0,3579
2024/07/05,13:00,3743,0,363,909,116,181,366,1,143,1507,0,154,0,-182,-3,188,0,3743
2024/07/05,13:30,3755,0,339,889,116,194,385,1,142,1398,0,132,0,-1,-3,163,0,3755
2024/07/05,14:00,3702,0,367,974,116,219,409,1,143,1234,0,98,0,29,-2,114,0,3702
2024/07/05,14:30,3718,0,483,1031,124,225,423,1,142,987,0,92,0,131,-4,83,0,3718
2024/07/05,15:00,3658,0,524,1046,231,226,428,1,143,773,0,103,0,119,-4,68,0,3658
2024/07/05,15:30,3674,0,518,1090,306,226,453,1,143,583,0,101,0,177,-2,78,0,3674
2024/07/05,16:00,3667,0,575,1098,328,227,499,1,142,383,0,115,0,225,-4,78,0,3667
2024/07/05,16:30,3631,0,589,1102,302,226,581,1,143,277,0,152,0,161,-4,101,0,3631
2024/07/05,17:00,3529,0,593,1101,250,227,606,1,144,160,0,188,0,159,-4,104,0,3529
2024/07/05,17:30,3449,0,598,1104,217,228,611,1,145,91,0,236,0,148,-6,76,0,3449
2024/07/05,18:00,3401,0,598,1105,137,232,629,1,144,31,0,299,0,119,-4,110,0,3401
2024/07/05,18:30,3405,0,562,1108,137,231,634,1,144,3,0,355,0,92,-3,141,0,3405
2024/07/05,19:00,3390,0,496,1109,122,231,634,1,145,0,0,377,0,78,29,168,0,3390
2024/07/05,19:30,3354,0,524,1101,126,231,637,1,145,1,0,404,0,91,12,81,0,3354
2024/07/05,20:00,3223,0,433,1058,133,231,640,1,146,0,0,428,0,98,-6,61,0,3223
2024/07/05,20:30,3121,0,452,1047,129,231,599,1,146,0,0,431,0,25,-5,65,0,3121
2024/07/05,21:00,3010,0,435,1047,129,232,484,1,146,0,0,413,0,59,-8,72,0,3010
2024/07/05,21:30,2894,0,367,1017,114,232,473,1,146,0,0,412,0,110,-8,30,0,2894
2024/07/05,22:00,2805,0,392,921,110,231,468,1,145,0,0,391,0,94,-9,61,0,2805
2024/07/05,22:30,2743,0,438,884,109,232,453,1,145,0,0,390,0,56,-26,61,0,2743
2024/07/05,23:00,2693,0,429,897,112,232,438,1,146,0,0,416,0,34,-42,30,0,2693
2024/07/05,23:30,2601,0,396,830,110,231,426,1,146,0,0,427,0,44,-40,30,0,2601
2024/07/06,00:00,2545,0,387,833,109,231,368,1,146,0,0,429,0,16,26,-1,0,2545
2024/07/06,00:30,2475,0,353,825,105,231,372,1,147,0,0,441,0,20,-3,-17,0,2475
2024/07/06,01:00,2460,0,333,828,61,231,370,1,147,0,0,477,0,20,-3,-5,0,2460
2024/07/06,01:30,2454,0,296,845,56,232,371,1,147,0,0,477,0,25,-3,7,0,2454
2024/07/06,02:00,2509,0,289,853,56,232,394,1,147,0,0,473,0,20,-4,48,0,2509
2024/07/06,02:30,2593,0,321,865,56,232,397,1,147,0,0,472,0,28,-3,77,0,2593
2024/07/06,03:00,2669,0,341,849,56,231,444,1,147,0,0,489,0,27,-3,87,0,2669
2024/07/06,03:30,2667,0,329,806,56,231,470,1,148,0,0,504,0,22,-4,104,0,2667
2024/07/06,04:00,2693,0,386,776,56,231,476,1,147,10,0,519,0,24,-3,70,0,2693
2024/07/06,04:30,2689,0,338,695,56,232,470,1,147,80,0,563,0,24,-2,85,0,2689
2024/07/06,05:00,2728,0,411,651,56,231,466,1,147,150,0,545,0,28,-2,44,0,2728
2024/07/06,05:30,2678,0,365,609,56,231,472,1,147,230,0,558,0,23,2,-16,0,2678
2024/07/06,06:00,2713,0,451,617,56,232,393,1,145,287,0,531,0,33,-4,-29,0,2713
2024/07/06,06:30,2697,0,406,624,56,219,384,1,145,342,0,509,0,27,-5,-11,0,2697
2024/07/06,07:00,2736,0,468,656,69,190,390,1,144,348,0,470,0,23,-7,-16,0,2736
2024/07/06,07:30,2790,0,442,649,111,182,368,1,144,425,0,450,0,22,-25,21,0,2790
2024/07/06,08:00,2934,0,487,666,115,181,338,1,145,530,0,456,0,22,-7,0,0,2934
2024/07/06,08:30,3032,0,498,687,185,181,348,1,146,575,0,432,0,24,-42,-3,0,3032
2024/07/06,09:00,3041,0,512,722,140,181,353,1,145,623,0,405,0,21,-3,-59,0,3041
2024/07/06,09:30,3039,0,374,724,109,181,372,1,144,640,0,387,0,5,-3,105,0,3039
2024/07/06,10:00,3082,0,388,736,109,181,346,1,142,724,0,358,0,-45,-3,145,0,3082
2024/07/06,10:30,3144,0,439,902,96,181,345,1,137,772,0,382,0,-228,-3,120,0,3144
2024/07/06,11:00,3149,0,409,985,56,181,333,1,137,795,0,368,0,-224,-2,110,0,3149
2024/07/06,11:30,3147,0,410,984,56,181,325,1,137,805,0,368,0,-233,-4,117,0,3147
2024/07/06,12:00,3097,0,360,982,56,181,302,1,137,823,0,353,0,-232,-4,138,0,3097
2024/07/06,12:30,3101,0,374,991,56,181,328,1,137,763,0,363,0,-233,-3,143,0,3101
2024/07/06,13:00,3123,0,423,984,58,181,352,1,137,692,0,370,0,-233,-4,162,0,3123
2024/07/06,13:30,3113,0,340,931,105,181,352,1,137,622,0,406,0,-81,-4,123,0,3113
2024/07/06,14:00,3093,0,343,832,109,194,379,1,137,522,0,477,0,-1,-3,103,0,3093
2024/07/06,14:30,3101,0,374,901,109,218,383,1,137,460,0,498,0,-1,-4,25,0,3101
2024/07/06,15:00,3082,0,360,914,109,226,389,1,137,369,0,518,0,5,-42,96,0,3082
2024/07/06,15:30,3094,0,422,963,109,227,394,1,137,319,0,486,0,21,-6,21,0,3094
2024/07/06,16:00,3081,0,398,982,109,227,404,1,136,251,0,476,0,29,-6,74,0,3081
2024/07/06,16:30,3105,0,444,983,109,226,442,1,137,188,0,481,0,38,-5,61,0,3105
2024/07/06,17:00,3066,0,372,980,109,227,525,1,139,119,0,499,0,45,-5,55,0,3066
2024/07/06,17:30,3086,0,408,979,109,228,583,1,139,61,0,522,0,50,-5,11,0,3086
2024/07/06,18:00,3079,0,388,961,109,231,610,1,139,25,0,511,0,121,-4,-13,0,3079
2024/07/06,18:30,3043,0,352,894,106,231,612,1,138,4,0,530,0,139,7,29,0,3043
2024/07/06,19:00,3115,0,443,919,60,232,610,1,139,0,0,545,0,121,33,12,0,3115
2024/07/06,19:30,3123,0,430,981,56,231,610,1,139,0,0,538,0,116,31,-10,0,3123
2024/07/06,20:00,3028,0,418,982,56,230,598,1,139,0,0,502,0,117,-4,-11,0,3028
2024/07/06,20:30,2946,0,436,985,56,231,533,1,139,0,0,467,0,117,-5,-14,0,2946
2024/07/06,21:00,2860,0,409,980,56,231,516,1,139,0,0,432,0,121,-7,-18,0,2860
2024/07/06,21:30,2742,0,405,927,56,231,512,1,138,0,0,397,0,56,-10,29,0,2742
2024/07/06,22:00,2729,0,428,920,56,231,504,1,138,0,0,371,0,54,-9,35,0,2729
2024/07/06,22:30,2647,0,412,933,56,231,499,1,139,0,0,348,0,22,-8,14,0,2647
2024/07/06,23:00,2625,0,429,924,62,231,498,1,141,0,0,315,0,39,-45,30,0,2625
2024/07/06,23:30,2547,0,362,960,107,232,500,1,140,0,0,295,0,26,-41,-35,0,2547
2024/07/07,00:00,2520,0,457,984,109,231,500,1,141,0,0,274,0,22,-4,-195,0,2520
2024/07/07,00:30,2418,0,425,980,109,232,500,1,141,0,0,251,0,20,-5,-236,0,2418
2024/07/07,01:00,2421,0,384,936,109,231,510,1,141,0,0,258,0,21,-4,-166,0,2421
2024/07/07,01:30,2425,0,413,935,109,231,511,1,141,0,0,248,0,22,-4,-182,0,2425
2024/07/07,02:00,2463,0,451,982,109,231,511,1,141,0,0,242,0,21,-4,-222,0,2463
2024/07/07,02:30,2513,0,466,983,109,231,569,1,141,0,0,221,0,21,-3,-226,0,2513
2024/07/07,03:00,2587,0,496,981,125,231,568,1,141,0,0,183,0,21,-1,-159,0,2587
2024/07/07,03:30,2585,0,486,991,131,230,567,1,140,0,0,182,0,22,-2,-163,0,2585
2024/07/07,04:00,2590,0,449,992,109,228,583,1,141,8,0,165,0,22,0,-108,0,2590
2024/07/07,04:30,2622,0,498,990,116,231,565,1,141,63,0,153,0,21,-2,-155,0,2622
2024/07/07,05:00,2634,0,471,945,109,232,478,1,141,126,0,140,0,23,-2,-30,0,2634
2024/07/07,05:30,2536,0,443,807,84,232,447,1,140,171,0,133,0,22,-3,59,0,2536
2024/07/07,06:00,2543,0,474,856,56,231,428,1,139,185,0,126,0,21,-6,32,0,2543
2024/07/07,06:30,2531,0,429,874,56,231,407,1,139,207,0,126,0,24,-6,43,0,2531
2024/07/07,07:00,2554,0,419,850,56,218,413,1,138,246,0,114,0,22,-7,84,0,2554
2024/07/07,07:30,2578,0,394,844,56,192,405,1,138,296,0,103,0,21,-6,134,0,2578
2024/07/07,08:00,2658,0,398,910,56,180,392,1,140,332,0,104,0,21,-12,136,0,2658
2024/07/07,08:30,2778,0,409,977,94,182,395,1,140,382,0,110,0,20,-49,117,0,2778
2024/07/07,09:00,2841,0,414,986,109,182,414,1,139,424,0,115,0,22,-1,36,0,2841
2024/07/07,09:30,2875,0,327,984,109,182,415,1,139,460,0,125,0,-6,-2,141,0,2875
2024/07/07,10:00,2929,0,491,996,153,182,421,1,139,495,0,99,0,-199,-3,154,0,2929
2024/07/07,10:30,2957,0,493,997,186,195,422,1,138,503,0,110,0,-229,-2,143,0,2957
2024/07/07,11:00,2922,0,470,994,138,220,426,1,139,490,0,131,0,-235,-4,152,0,2922
2024/07/07,11:30,2876,0,404,996,109,226,431,1,139,476,0,156,0,-232,-1,171,0,2876
2024/07/07,12:00,2883,0,478,991,113,227,415,1,138,432,0,157,0,-232,-5,168,0,2883
2024/07/07,12:30,2879,0,486,994,114,226,415,1,137,435,0,159,0,-234,-5,151,0,2879
2024/07/07,13:00,2838,0,456,999,109,227,423,1,138,423,0,162,0,-234,-6,140,0,2838
2024/07/07,13:30,2828,0,481,1000,109,227,419,1,137,397,0,152,0,-235,-6,146,0,2828
2024/07/07,14:00,2859,0,484,998,166,227,405,1,137,374,0,170,0,-235,-5,137,0,2859
2024/07/07,14:30,2865,0,427,987,205,227,406,1,138,324,0,179,0,-82,-7,60,0,2865
2024/07/07,15:00,2821,0,415,987,207,227,413,1,137,285,0,164,0,-1,-33,19,0,2821
2024/07/07,15:30,2843,0,425,989,230,226,427,1,137,244,0,161,0,-1,-4,8,0,2843
2024/07/07,16:00,2877,0,439,989,268,227,448,1,136,175,0,188,0,-1,-3,10,0,2877
2024/07/07,16:30,2937,0,469,987,245,227,489,1,136,140,0,216,0,-1,-3,31,0,2937
2024/07/07,17:00,2972,0,482,987,215,227,560,1,138,87,0,238,0,-1,-3,41,0,2972
2024/07/07,17:30,2996,0,470,984,218,228,624,1,138,53,0,233,0,38,-3,12,0,2996
2024/07/07,18:00,3005,0,488,988,147,231,635,1,139,21,0,252,0,141,-4,-34,0,3005
2024/07/07,18:30,3011,0,479,989,109,231,637,1,139,3,0,297,0,213,-5,-82,0,3011
2024/07/07,19:00,3055,0,502,983,109,230,639,1,139,0,0,320,0,172,-3,-37,0,3055
2024/07/07,19:30,3039,0,484,982,109,231,617,1,139,0,0,331,0,128,33,-16,0,3039
2024/07/07,20:00,2973,0,468,987,109,231,616,1,138,0,0,327,0,115,-5,-14,0,2973
2024/07/07,20:30,2907,0,521,988,109,231,550,1,138,0,0,302,0,115,-4,-44,0,2907
2024/07/07,21:00,2814,0,505,989,109,232,533,1,139,0,0,316,0,64,-7,-67,0,2814
2024/07/07,21:30,2728,0,493,997,101,231,532,1,138,0,0,287,0,18,-9,-61,0,2728
2024/07/07,22:00,2673,0,470,999,57,231,499,1,138,0,0,250,0,31,-7,4,0,2673
2024/07/07,22:30,2591,0,400,996,56,231,469,1,138,0,0,216,0,34,-8,58,0,2591
2024/07/07,23:00,2572,0,422,999,85,231,468,1,138,0,0,210,0,21,-9,6,0,2572
2024/07/07,23:30,2514,0,461,989,104,231,466,1,139,0,0,176,0,24,-9,-68,0,2514
2024/07/08,00:00,2451,0,339,896,91,229,477,1,138,0,0,179,0,29,-4,76,0,2451
2024/07/08,00:30,2383,0,353,839,56,231,471,1,138,0,0,172,0,33,-2,91,0,2383
2024/07/08,01:00,2353,0,398,796,56,231,469,1,139,0,0,131,0,47,-4,89,0,2353
2024/07/08,01:30,2341,0,340,790,56,231,516,1,139,0,0,112,0,41,-5,120,0,2341
2024/07/08,02:00,2393,0,338,793,56,232,536,1,139,0,0,128,0,41,-4,133,0,2393
2024/07/08,02:30,2503,0,438,829,56,232,537,1,139,0,0,130,0,40,-3,104,0,2503
2024/07/08,03:00,2577,0,376,960,56,231,554,1,138,0,0,121,0,23,-3,120,0,2577
2024/07/08,03:30,2637,0,432,996,68,231,552,1,139,0,0,119,0,23,-1,77,0,2637
2024/07/08,04:00,2639,0,418,995,108,231,553,1,138,7,0,115,0,34,-2,41,0,2639
2024/07/08,04:30,2667,0,448,995,109,231,539,1,138,66,0,126,0,22,-5,-3,0,2667
2024/07/08,05:00,2688,0,322,1023,91,231,495,1,139,149,0,139,0,24,-5,79,0,2688
2024/07/08,05:30,2650,0,283,999,56,231,459,1,138,228,0,164,0,19,-5,77,0,2650
2024/07/08,06:00,2694,0,313,939,56,231,438,1,138,269,0,166,0,21,-6,128,0,2694
2024/07/08,06:30,2776,0,369,993,56,231,442,1,137,303,0,150,0,26,-5,73,0,2776
2024/07/08,07:00,2859,0,359,1031,81,231,422,1,136,339,0,135,0,18,-12,118,0,2859
2024/07/08,07:30,2945,0,384,1036,111,218,415,1,137,384,0,130,0,23,-48,154,0,2945
2024/07/08,08:00,3109,0,461,1048,170,189,397,1,138,471,0,123,0,26,-6,91,0,3109
2024/07/08,08:30,3237,0,415,1065,191,180,390,1,139,629,0,137,0,24,0,66,0,3237
2024/07/08,09:00,3260,0,334,1033,114,181,417,1,138,772,0,159,0,18,-4,97,0,3260
2024/07/08,09:30,3310,0,403,984,113,180,415,1,138,816,0,181,0,-102,-4,185,0,3310
2024/07/08,10:00,3428,0,504,1098,173,180,399,1,138,852,0,164,0,-179,-4,102,0,3428
2024/07/08,10:30,3472,0,450,1050,188,180,398,1,137,899,0,135,0,8,-5,31,0,3472
2024/07/08,11:00,3425,0,359,1081,111,180,399,1,138,926,0,123,0,39,-6,74,0,3425
2024/07/08,11:30,3377,0,368,1062,112,180,415,1,138,919,0,116,0,25,-4,45,0,3377
2024/07/08,12:00,3212,0,353,1076,112,180,393,1,138,960,0,107,0,-109,-7,8,0,3212
2024/07/08,12:30,3176,0,355,1104,112,193,395,1,138,974,0,115,0,-228,-6,23,0,3176
2024/07/08,13:00,3340,0,451,1098,122,218,400,1,138,898,0,118,0,-230,-7,133,0,3340
2024/07/08,13:30,3370,0,461,1094,128,225,410,1,138,904,0,122,0,-228,-3,118,0,3370
2024/07/08,14:00,3379,0,484,1099,158,225,427,1,138,788,0,145,0,-211,-5,130,0,3379
2024/07/08,14:30,3359,0,431,1097,137,225,454,1,138,723,0,133,0,-41,-6,67,0,3359
2024/07/08,15:00,3315,0,469,1095,181,226,474,1,137,643,0,105,0,44,-28,-32,0,3315
2024/07/08,15:30,3369,0,539,1099,272,226,493,1,136,508,0,72,0,29,-4,-2,0,3369
2024/07/08,16:00,3408,0,596,1102,324,226,527,1,136,369,0,80,0,93,-5,-41,0,3408
2024/07/08,16:30,3372,0,593,1101,310,226,600,1,137,257,0,74,0,75,-5,3,0,3372
2024/07/08,17:00,3320,0,604,1101,289,227,635,1,143,160,0,75,0,78,-3,10,0,3320
2024/07/08,17:30,3258,0,605,1100,277,227,651,1,147,79,0,87,0,89,-3,-2,0,3258
2024/07/08,18:00,3234,0,576,1098,243,231,666,1,151,31,0,95,0,177,-3,-32,0,3234
2024/07/08,18:30,3242,0,575,1100,205,230,688,1,157,4,0,100,0,186,30,-34,0,3242
2024/07/08,19:00,3262,0,579,1108,247,230,689,1,166,0,0,89,0,179,40,-66,0,3262
2024/07/08,19:30,3230,0,577,1106,263,231,681,1,179,0,0,85,0,162,38,-93,0,3230
2024/07/08,20:00,3129,0,551,1106,297,230,641,1,191,0,0,85,0,115,-5,-83,0,3129
2024/07/08,20:30,3045,0,541,1105,322,230,555,1,201,0,0,60,0,138,-4,-104,0,3045
2024/07/08,21:00,2919,0,501,1105,232,231,512,1,208,0,0,56,0,77,-9,5,0,2919
2024/07/08,21:30,2831,0,519,1104,124,231,500,1,207,0,0,66,0,72,-9,16,0,2831
2024/07/08,22:00,2748,0,438,1080,111,231,488,1,208,0,0,62,0,21,-8,116,0,2748
2024/07/08,22:30,2660,0,471,1049,112,231,470,1,208,0,0,54,0,19,-10,55,0,2660
2024/07/08,23:00,2643,0,543,1026,187,231,421,1,208,0,0,39,0,19,-53,21,0,2643
2024/07/08,23:30,2559,0,516,1014,228,231,396,1,207,0,0,36,0,40,-53,-57,0,2559
2024/07/09,00:00,2495,0,399,1009,121,231,414,1,207,0,0,31,0,25,-5,62,0,2495
2024/07/09,00:30,2413,0,375,1010,78,231,413,1,207,0,0,23,0,-48,-4,127,0,2413
2024/07/09,01:00,2414,0,491,1017,58,231,415,1,207,0,0,18,0,-79,-4,59,0,2414
2024/07/09,01:30,2404,0,488,1016,58,231,421,1,208,0,0,16,0,-78,-3,46,0,2404
2024/07/09,02:00,2449,0,516,1013,87,231,428,1,208,0,0,15,0,-77,-5,32,0,2449
2024/07/09,02:30,2535,0,482,1013,112,231,446,1,208,0,0,19,0,9,-4,18,0,2535
2024/07/09,03:00,2665,0,507,1010,112,231,497,1,208,0,0,20,0,20,-4,63,0,2665
2024/07/09,03:30,2737,0,501,1010,111,231,527,1,208,0,0,20,0,19,-9,118,0,2737
2024/07/09,04:00,2734,0,517,1014,111,231,492,1,208,6,0,21,0,19,-10,124,0,2734
2024/07/09,04:30,2792,0,532,1014,145,231,486,1,208,70,0,21,0,24,-11,71,0,2792
2024/07/09,05:00,2785,0,448,1013,132,231,458,1,208,161,0,24,0,17,-8,100,0,2785
2024/07/09,05:30,2743,0,404,1006,111,231,454,1,208,233,0,36,0,21,-10,48,0,2743
2024/07/09,06:00,2736,0,419,973,143,231,434,1,207,280,0,71,0,-14,-10,1,0,2736
2024/07/09,06:30,2762,0,416,972,232,231,388,1,207,400,0,72,0,-146,-12,1,0,2762
2024/07/09,07:00,2829,0,383,967,224,231,369,1,198,539,0,77,0,-102,-44,-14,0,2829
2024/07/09,07:30,2905,0,377,964,141,217,364,1,197,651,0,86,0,-91,-11,9,0,2905
2024/07/09,08:00,3100,0,350,889,112,189,375,1,199,835,0,95,0,35,-10,30,0,3100
2024/07/09,08:30,3344,0,433,885,121,180,393,1,199,1038,0,87,0,16,-8,-1,0,3344
2024/07/09,09:00,3476,0,386,895,112,180,448,1,199,1144,0,81,0,77,-4,-43,0,3476
2024/07/09,09:30,3630,0,525,946,112,181,467,1,198,1265,0,70,0,-125,-5,-5,0,3630
2024/07/09,10:00,3717,0,595,1010,121,180,482,1,199,1263,0,35,0,-195,-3,29,0,3717
2024/07/09,10:30,3795,0,587,1008,170,180,449,1,201,1202,0,36,0,-135,-2,98,0,3795
2024/07/09,11:00,3760,0,516,1009,111,180,438,1,204,1099,0,38,0,-32,-4,200,0,3760
2024/07/09,11:30,3616,0,512,1007,112,180,441,1,206,1029,0,37,0,-89,-4,184,0,3616
2024/07/09,12:00,3423,0,392,1006,112,181,479,1,206,1000,0,32,0,-143,-6,163,0,3423
2024/07/09,12:30,3407,0,424,1011,112,195,491,1,206,946,0,27,0,-159,-8,161,0,3407
2024/07/09,13:00,3531,0,424,1022,112,219,580,1,206,858,0,29,0,-35,-6,121,0,3531
2024/07/09,13:30,3589,0,534,1022,113,224,613,1,206,795,0,26,0,-32,-6,93,0,3589
2024/07/09,14:00,3562,0,577,1019,143,226,614,1,206,745,0,23,0,-35,-5,48,0,3562
2024/07/09,14:30,3486,0,527,1017,112,225,620,1,206,685,0,21,0,-35,-8,115,0,3486
2024/07/09,15:00,3475,0,581,1014,191,225,601,1,206,557,0,27,0,-31,-38,141,0,3475
2024/07/09,15:30,3521,0,573,1013,273,225,600,1,206,457,0,22,0,40,-4,115,0,3521
2024/07/09,16:00,3546,0,565,1009,207,226,668,1,205,350,0,14,0,196,-5,110,0,3546
2024/07/09,16:30,3532,0,559,1009,242,226,672,1,204,285,0,15,0,196,-5,128,0,3532
2024/07/09,17:00,3453,0,602,1003,322,227,630,1,206,181,0,16,0,105,-5,165,0,3453
2024/07/09,17:30,3401,0,609,1004,324,228,639,1,207,92,0,17,0,85,-3,198,0,3401
2024/07/09,18:00,3388,0,611,1013,324,231,619,1,206,28,0,21,0,103,35,196,0,3388
2024/07/09,18:30,3380,0,611,1016,324,230,616,1,207,3,0,23,0,125,33,191,0,3380
2024/07/09,19:00,3379,0,611,1022,324,230,601,1,206,0,0,21,0,136,38,189,0,3379
2024/07/09,19:30,3343,0,612,1026,332,230,589,1,207,1,0,24,0,140,-4,185,0,3343
2024/07/09,20:00,3242,0,612,1023,329,231,564,1,207,0,0,28,0,90,-5,162,0,3242
2024/07/09,20:30,3148,0,612,1024,323,230,499,1,207,0,0,31,0,80,-4,145,0,3148
2024/07/09,21:00,3021,0,612,1021,323,231,454,1,207,0,0,36,0,70,-8,74,0,3021
2024/07/09,21:30,2925,0,612,1021,320,231,450,1,207,0,0,40,0,34,-8,17,0,2925
2024/07/09,22:00,2867,0,554,1022,323,231,433,1,207,0,0,51,0,37,-9,17,0,2867
2024/07/09,22:30,2781,0,543,1022,286,231,429,1,207,0,0,52,0,14,-13,9,0,2781
2024/07/09,23:00,2749,0,538,1023,249,231,427,1,207,0,0,90,0,30,-53,6,0,2749
2024/07/09,23:30,2669,0,484,1022,247,231,432,1,208,0,0,111,0,28,-51,-44,0,2669
2024/07/10,00:00,2559,0,369,1021,152,230,443,1,207,0,0,115,0,17,-5,9,0,2559
2024/07/10,00:30,2489,0,413,1020,113,231,443,1,208,0,0,93,0,17,-5,-45,0,2489
2024/07/10,01:00,2495,0,448,1018,144,231,444,1,208,0,0,70,0,71,-4,-136,0,2495
2024/07/10,01:30,2499,0,449,1018,111,231,447,1,208,0,0,80,0,109,-4,-151,0,2499
2024/07/10,02:00,2524,0,400,1020,111,231,447,1,207,0,0,95,0,82,-3,-67,0,2524
2024/07/10,02:30,2620,0,468,1020,128,231,448,1,207,0,0,84,0,27,-4,10,0,2620
2024/07/10,03:00,2693,0,491,1022,159,231,495,1,208,0,0,70,0,53,-5,-32,0,2693
2024/07/10,03:30,2747,0,515,1021,159,230,513,1,208,0,0,79,0,28,-2,-5,0,2747
2024/07/10,04:00,2738,0,503,1022,173,231,506,1,207,5,0,88,0,37,-4,-31,0,2738
2024/07/10,04:30,2724,0,454,1022,133,231,507,1,207,75,0,104,0,27,-3,-34,0,2724
2024/07/10,05:00,2779,0,507,1026,163,231,445,1,207,167,0,131,0,34,-1,-132,0,2779
2024/07/10,05:30,2755,0,468,1026,134,231,442,1,207,281,0,124,0,18,-5,-172,0,2755
2024/07/10,06:00,2789,0,414,1025,111,231,418,1,206,420,0,139,0,19,-7,-188,0,2789
2024/07/10,06:30,2829,0,337,999,111,231,412,1,206,558,0,150,0,18,-7,-187,0,2829
2024/07/10,07:00,2885,0,310,934,111,230,389,1,205,678,0,147,0,19,-12,-127,0,2885
2024/07/10,07:30,3007,0,421,975,111,230,380,1,205,850,0,156,0,0,-50,-272,0,3007
2024/07/10,08:00,3206,0,464,974,123,227,372,1,207,1029,0,148,0,-1,-6,-332,0,3206
2024/07/10,08:30,3376,0,449,971,112,225,359,1,207,1214,0,158,0,-1,-7,-312,0,3376
2024/07/10,09:00,3527,0,466,971,111,212,374,1,207,1371,0,148,0,-1,-4,-329,0,3527
2024/07/10,09:30,3577,0,420,971,111,186,375,1,206,1510,0,148,0,-1,-4,-346,0,3577
2024/07/10,10:00,3604,0,336,965,111,178,376,1,206,1601,0,184,0,-18,-4,-332,0,3604
2024/07/10,10:30,3656,0,497,992,129,180,376,1,206,1640,0,210,0,-219,-5,-351,0,3656
2024/07/10,11:00,3654,0,501,1008,113,180,394,1,206,1663,0,209,0,-230,-5,-386,0,3654
2024/07/10,11:30,3618,0,468,1007,111,179,389,1,206,1675,0,208,0,-230,-3,-393,0,3618
2024/07/10,12:00,3500,0,331,987,111,180,423,1,206,1679,0,199,0,-251,-5,-361,0,3500
2024/07/10,12:30,3442,0,311,956,111,194,460,1,206,1644,0,201,0,-454,-7,-181,0,3442
2024/07/10,13:00,3593,0,375,997,111,218,489,1,200,1583,0,212,0,-457,-5,-131,0,3593
2024/07/10,13:30,3609,0,378,846,111,223,503,1,187,1480,0,204,0,-299,-6,-19,0,3609
2024/07/10,14:00,3586,0,414,805,111,225,507,1,188,1344,0,199,0,-205,-3,0,0,3586
2024/07/10,14:30,3620,0,506,962,130,225,513,1,204,1113,0,191,0,-66,-6,-153,0,3620
2024/07/10,15:00,3583,0,533,1000,245,225,554,1,206,919,0,221,0,24,-5,-340,0,3583
2024/07/10,15:30,3607,0,578,999,191,225,573,1,206,780,0,171,0,201,-4,-314,0,3607
2024/07/10,16:00,3601,0,532,1000,300,227,610,1,205,566,0,146,0,181,-8,-159,0,3601
2024/07/10,16:30,3583,0,514,990,279,225,670,1,205,410,0,149,0,210,-5,-65,0,3583
2024/07/10,17:00,3476,0,556,992,269,226,678,1,208,248,0,142,0,193,-4,-33,0,3476
2024/07/10,17:30,3406,0,559,988,283,227,683,1,208,128,0,133,0,189,40,-33,0,3406
2024/07/10,18:00,3361,0,577,994,299,230,707,1,207,50,0,133,0,182,-2,-17,0,3361
2024/07/10,18:30,3359,0,571,999,281,230,707,1,207,6,0,129,0,214,-1,15,0,3359
2024/07/10,19:00,3387,0,589,1004,301,230,707,1,208,0,0,79,0,215,40,13,0,3387
2024/07/10,19:30,3375,0,600,1005,323,230,691,1,208,1,0,19,0,258,8,31,0,3375
2024/07/10,20:00,3252,0,600,1001,328,230,634,1,208,0,0,28,0,257,-5,-30,0,3252
2024/07/10,20:30,3152,0,601,997,324,230,599,1,208,0,0,25,0,142,-4,29,0,3152
2024/07/10,21:00,3047,0,602,1008,322,230,527,1,208,0,0,20,0,115,-9,23,0,3047
2024/07/10,21:30,2941,0,602,1005,324,230,498,1,208,0,0,11,0,51,-8,19,0,2941
2024/07/10,22:00,2920,0,546,1003,324,230,493,1,208,0,0,11,0,91,-8,21,0,2920
2024/07/10,22:30,2850,0,541,1003,331,230,460,1,208,0,0,7,0,112,-13,-30,0,2850
2024/07/10,23:00,2769,0,541,1000,331,231,426,1,207,0,0,11,0,83,-53,-9,0,2769
2024/07/10,23:30,2683,0,518,1000,314,232,405,1,207,0,0,11,0,79,-50,-34,0,2683
2024/07/11,00:00,2616,0,482,999,266,235,387,1,208,0,0,5,0,70,-5,-32,0,2616
2024/07/11,00:30,2516,0,462,997,239,235,381,1,208,0,0,2,0,58,-5,-62,0,2516
2024/07/11,01:00,2497,0,473,1001,225,235,373,1,207,0,0,2,0,47,-5,-62,0,2497
2024/07/11,01:30,2505,0,507,1001,208,234,369,1,208,0,0,4,0,39,-4,-62,0,2505
2024/07/11,02:00,2553,0,519,1000,228,235,387,1,208,0,0,4,0,42,-4,-67,0,2553
2024/07/11,02:30,2631,0,522,1003,295,234,387,1,208,0,0,3,0,44,-3,-63,0,2631
2024/07/11,03:00,2694,0,523,999,324,235,434,1,208,0,0,2,0,33,-3,-62,0,2694
2024/07/11,03:30,2786,0,519,1001,330,234,458,1,208,0,0,2,0,68,-4,-31,0,2786
2024/07/11,04:00,2758,0,505,999,333,235,487,1,208,5,0,4,0,46,-4,-61,0,2758
2024/07/11,04:30,2794,0,472,998,326,235,497,1,208,73,0,5,0,50,-4,-67,0,2794
2024/07/11,05:00,2802,0,493,1000,295,235,492,1,207,171,0,3,0,20,-1,-114,0,2802
2024/07/11,05:30,2770,0,450,1001,244,235,442,1,207,293,0,3,0,20,-4,-122,0,2770
2024/07/11,06:00,2771,0,445,1005,143,235,423,1,206,414,0,2,0,23,-6,-120,0,2771
2024/07/11,06:30,2785,0,433,995,158,234,404,1,207,551,0,1,0,20,-7,-212,0,2785
2024/07/11,07:00,2855,0,458,956,176,234,386,1,206,713,0,0,0,4,-5,-274,0,2855
2024/07/11,07:30,2965,0,447,959,165,230,361,1,205,911,0,0,0,-1,-6,-307,0,2965
2024/07/11,08:00,3170,0,459,962,146,228,352,1,207,1111,0,1,0,37,-6,-328,0,3170
2024/07/11,08:30,3402,0,453,965,151,227,362,1,207,1293,0,3,0,80,2,-342,0,3402
2024/07/11,09:00,3532,0,449,960,193,214,373,1,207,1472,0,3,0,-1,-4,-335,0,3532
2024/07/11,09:30,3594,0,480,963,130,188,378,1,207,1582,0,5,0,-1,-4,-335,0,3594
2024/07/11,10:00,3635,0,396,964,227,181,379,1,206,1660,0,7,0,-39,-5,-342,0,3635
2024/07/11,10:30,3691,0,512,995,320,182,384,1,207,1694,0,10,0,-227,-47,-340,0,3691
2024/07/11,11:00,3702,0,501,1002,313,182,397,1,206,1714,0,10,0,-233,-3,-388,0,3702
2024/07/11,11:30,3684,0,487,1001,322,181,403,1,207,1706,0,8,0,-235,-9,-388,0,3684
2024/07/11,12:00,3593,0,454,985,249,182,405,1,206,1683,0,9,0,-238,-5,-338,0,3593
2024/07/11,12:30,3573,0,461,996,219,195,437,1,207,1606,0,11,0,-439,-5,-116,0,3573
2024/07/11,13:00,3710,0,464,999,259,221,457,1,197,1513,0,13,0,-408,-4,-2,0,3710
2024/07/11,13:30,3660,0,483,995,252,226,457,1,185,1385,0,12,0,-361,-5,30,0,3660
2024/07/11,14:00,3615,0,465,997,210,227,454,1,191,1259,0,15,0,-221,-6,23,0,3615
2024/07/11,14:30,3551,0,444,994,204,227,439,1,205,1100,0,16,0,-26,-3,-50,0,3551
2024/07/11,15:00,3537,0,525,997,237,227,451,1,206,926,0,13,0,32,-30,-48,0,3537
2024/07/11,15:30,3603,0,543,1005,315,228,506,1,206,763,0,13,0,98,-4,-71,0,3603
2024/07/11,16:00,3610,0,560,1001,322,229,556,1,205,619,0,11,0,120,-5,-9,0,3610
2024/07/11,16:30,3618,0,567,999,327,228,604,1,205,480,0,15,0,221,-5,-24,0,3618
2024/07/11,17:00,3549,0,598,1001,331,232,645,1,208,313,0,14,0,246,-5,-35,0,3549
2024/07/11,17:30,3447,0,607,1000,324,234,663,1,208,156,0,11,0,217,-4,30,0,3447
2024/07/11,18:00,3403,0,607,1007,323,234,674,1,207,46,0,10,0,242,-2,54,0,3403
2024/07/11,18:30,3379,0,606,1006,323,234,678,1,208,5,0,10,0,228,38,42,0,3379
2024/07/11,19:00,3401,0,607,1000,323,234,663,1,208,0,0,13,0,204,-5,153,0,3401
2024/07/11,19:30,3381,0,607,1002,323,234,656,1,208,0,0,19,0,196,-5,140,0,3381
2024/07/11,20:00,3277,0,607,1000,323,234,626,1,208,0,0,26,0,192,-3,63,0,3277
2024/07/11,20:30,3183,0,606,1000,327,234,509,1,208,0,0,19,0,236,-5,48,0,3183
2024/07/11,21:00,3053,0,607,999,331,235,469,1,208,0,0,23,0,154,-8,34,0,3053
2024/07/11,21:30,2947,0,600,998,324,235,449,1,207,0,0,27,0,100,-9,15,0,2947
2024/07/11,22:00,2882,0,539,1000,283,235,440,1,208,0,0,28,0,27,-9,130,0,2882
2024/07/11,22:30,2812,0,528,997,323,235,412,1,208,0,0,30,0,34,-9,53,0,2812
2024/07/11,23:00,2739,0,528,995,250,235,404,1,208,0,0,34,0,20,-8,72,0,2739
2024/07/11,23:30,2663,0,530,997,244,235,403,1,208,0,0,32,0,18,-7,2,0,2663
2024/07/12,00:00,2585,0,523,995,165,235,408,1,208,0,0,30,0,20,-4,4,0,2585
2024/07/12,00:30,2515,0,483,994,168,235,391,1,208,0,0,31,0,41,-5,-32,0,2515
2024/07/12,01:00,2481,0,471,996,114,235,392,1,208,0,0,47,0,54,-5,-32,0,2481
2024/07/12,01:30,2491,0,434,996,112,235,395,1,208,0,0,55,0,21,-4,38,0,2491
2024/07/12,02:00,2538,0,457,1001,112,235,399,1,208,0,0,56,0,22,-3,50,0,2538
2024/07/12,02:30,2630,0,487,1001,117,235,398,1,209,0,0,67,0,28,-3,90,0,2630
2024/07/12,03:00,2690,0,479,996,112,235,446,1,208,0,0,71,0,22,-2,122,0,2690
2024/07/12,03:30,2754,0,516,997,112,235,470,1,210,0,0,72,0,21,-1,121,0,2754
2024/07/12,04:00,2753,0,519,1001,111,235,493,1,210,4,0,72,0,37,-4,74,0,2753
2024/07/12,04:30,2781,0,510,1001,119,234,494,1,210,73,0,72,0,42,-4,29,0,2781
2024/07/12,05:00,2797,0,515,997,121,235,440,1,210,173,0,68,0,57,-4,-16,0,2797
2024/07/12,05:30,2793,0,513,999,146,235,383,1,209,294,0,65,0,29,-2,-79,0,2793
2024/07/12,06:00,2836,0,516,996,148,236,374,1,209,405,0,87,0,19,-7,-148,0,2836
2024/07/12,06:30,2850,0,389,987,111,235,344,1,209,528,0,101,0,35,-6,-84,0,2850
2024/07/12,07:00,2945,0,330,954,111,235,337,1,207,671,0,114,0,22,-9,-28,0,2945
2024/07/12,07:30,3061,0,340,935,111,232,332,1,207,826,0,128,0,5,-52,-4,0,3061
2024/07/12,08:00,3256,0,345,937,111,229,334,1,210,974,0,137,0,-1,-6,-15,0,3256
2024/07/12,08:30,3422,0,379,975,135,228,301,1,209,1088,0,141,0,-1,-9,-25,0,3422
2024/07/12,09:00,3567,0,417,986,122,214,292,1,209,1252,0,141,0,-1,-4,-62,0,3567
2024/07/12,09:30,3605,0,424,982,127,189,293,1,208,1353,0,137,0,-87,-5,-17,0,3605
2024/07/12,10:00,3655,0,494,974,110,180,283,1,208,1473,0,111,0,-209,0,30,0,3655
2024/07/12,10:30,3685,0,466,955,115,182,290,1,207,1545,0,113,0,-217,-3,31,0,3685
2024/07/12,11:00,3717,0,431,930,110,182,312,1,208,1591,0,106,0,-214,-1,61,0,3717
2024/07/12,11:30,3681,0,415,921,110,181,318,1,207,1578,0,106,0,-214,-3,61,0,3681
2024/07/12,12:00,3618,0,372,922,110,182,319,1,207,1554,0,114,0,-219,-5,61,0,3618
2024/07/12,12:30,3560,0,370,930,110,197,347,1,208,1474,0,115,0,-215,-7,30,0,3560
2024/07/12,13:00,3568,0,399,957,110,220,365,1,199,1404,0,107,0,-219,-5,30,0,3568
2024/07/12,13:30,3574,0,459,972,110,227,388,1,187,1326,0,114,0,-216,-5,11,0,3574
2024/07/12,14:00,3629,0,419,989,110,228,408,1,192,1247,0,101,0,-44,-6,-16,0,3629
2024/07/12,14:30,3645,0,508,1000,207,229,408,1,206,1116,0,85,0,-1,-6,-108,0,3645
2024/07/12,15:00,3604,0,503,999,311,227,451,1,208,909,0,90,0,11,-6,-100,0,3604
2024/07/12,15:30,3584,0,511,998,295,227,508,1,207,753,0,80,0,39,0,-35,0,3584
2024/07/12,16:00,3589,0,531,992,276,228,611,1,205,587,0,57,0,133,4,-36,0,3589
2024/07/12,16:30,3593,0,537,992,323,229,649,1,200,464,0,47,0,180,3,-32,0,3593
2024/07/12,17:00,3519,0,538,1001,328,232,668,1,199,301,0,37,0,199,1,14,0,3519
2024/07/12,17:30,3431,0,539,1002,331,234,672,1,200,139,0,33,0,245,2,33,0,3431
2024/07/12,18:00,3362,0,540,997,319,234,699,1,199,47,0,29,0,202,49,46,0,3362
2024/07/12,18:30,3354,0,527,1000,259,234,703,1,200,7,0,26,0,223,45,129,0,3354
2024/07/12,19:00,3373,0,540,1001,324,234,689,1,200,0,0,15,0,209,-1,161,0,3373
2024/07/12,19:30,3343,0,540,1002,319,234,648,1,200,1,0,13,0,209,-1,177,0,3343
2024/07/12,20:00,3236,0,541,1004,305,234,641,1,200,0,0,6,0,135,-2,171,0,3236
2024/07/12,20:30,3162,0,542,1001,319,235,619,1,200,0,0,8,0,81,-3,159,0,3162
2024/07/12,21:00,3054,0,541,1007,327,234,510,1,200,0,0,9,0,122,-6,109,0,3054
2024/07/12,21:30,2944,0,540,1005,331,234,452,1,200,0,0,10,0,114,-7,64,0,2944
2024/07/12,22:00,2884,0,530,1002,323,234,439,1,200,0,0,12,0,23,-6,126,0,2884
2024/07/12,22:30,2838,0,528,1002,323,235,409,1,200,0,0,13,0,61,-7,73,0,2838
2024/07/12,23:00,2777,0,529,1001,321,235,396,1,200,0,0,17,0,37,-52,92,0,2777
2024/07/12,23:30,2677,0,525,1002,302,235,393,1,200,0,0,22,0,35,-53,15,0,2677
2024/07/13,00:00,2616,0,506,997,253,235,359,1,200,0,0,22,0,29,-1,15,0,2616
2024/07/13,00:30,2540,0,519,993,239,235,335,1,199,0,0,21,0,57,-2,-57,0,2540
2024/07/13,01:00,2502,0,419,993,218,234,319,1,201,0,0,22,0,8,-4,91,0,2502
2024/07/13,01:30,2492,0,404,992,207,234,318,1,203,0,0,20,0,-1,-7,121,0,2492
2024/07/13,02:00,2533,0,409,994,226,235,306,1,206,0,0,29,0,0,-5,132,0,2533
2024/07/13,02:30,2605,0,460,996,317,234,262,1,208,0,0,30,0,-1,23,75,0,2605
2024/07/13,03:00,2694,0,430,994,308,235,346,1,208,0,0,28,0,-1,-2,147,0,2694
2024/07/13,03:30,2726,0,443,993,324,235,363,1,208,0,0,33,0,-1,-2,129,0,2726
2024/07/13,04:00,2704,0,412,995,323,235,366,1,208,3,0,33,0,-1,-3,132,0,2704
2024/07/13,04:30,2732,0,402,993,315,235,368,1,208,75,0,26,0,-1,-3,113,0,2732
2024/07/13,05:00,2712,0,458,999,246,234,343,1,208,181,0,19,0,-1,-3,27,0,2712
2024/07/13,05:30,2626,0,417,980,148,229,331,1,207,284,0,15,0,-1,-2,17,0,2626
2024/07/13,06:00,2620,0,393,904,111,230,332,1,207,385,0,16,0,-1,32,10,0,2620
2024/07/13,06:30,2616,0,369,850,111,231,315,1,207,519,0,10,0,-47,-7,57,0,2616
2024/07/13,07:00,2657,0,410,805,111,218,313,1,206,662,0,11,0,-197,-9,126,0,2657
2024/07/13,07:30,2739,0,424,788,109,173,296,1,206,847,0,19,0,-199,-51,126,0,2739
2024/07/13,08:00,2833,0,432,820,109,135,273,1,208,1015,0,22,0,-200,-7,25,0,2833
2024/07/13,08:30,2939,0,416,845,109,128,270,1,208,1169,0,21,0,-200,-7,-21,0,2939
2024/07/13,09:00,2982,0,387,808,111,129,259,1,208,1317,0,20,0,-173,-5,-80,0,2982
2024/07/13,09:30,3012,0,332,708,109,129,251,1,207,1458,0,22,0,-231,-4,30,0,3012
2024/07/13,10:00,3071,0,337,584,109,129,275,1,207,1599,0,15,0,-209,-5,29,0,3071
2024/07/13,10:30,3133,0,348,618,80,128,276,1,212,1675,0,28,0,-233,-6,6,0,3133
2024/07/13,11:00,3169,0,343,713,56,129,275,1,215,1700,0,30,0,-235,-49,-9,0,3169
2024/07/13,11:30,3201,0,339,742,56,129,274,1,215,1684,0,37,0,-231,-41,-4,0,3201
2024/07/13,12:00,3138,0,340,732,56,129,233,1,215,1648,0,43,0,-232,-6,-21,0,3138
2024/07/13,12:30,3138,0,299,819,56,145,227,1,214,1592,0,42,0,-234,-7,-16,0,3138
2024/07/13,13:00,3146,0,343,825,56,189,244,1,205,1504,0,48,0,-235,-7,-27,0,3146
2024/07/13,13:30,3136,0,467,823,56,221,244,1,194,1376,0,61,0,-224,-5,-78,0,3136
2024/07/13,14:00,3086,0,414,798,56,228,262,1,202,1230,0,78,0,-131,-5,-47,0,3086
2024/07/13,14:30,3042,0,393,789,76,227,269,1,215,1074,0,71,0,14,-9,-78,0,3042
2024/07/13,15:00,3003,0,348,836,109,228,287,1,215,901,0,84,0,37,-10,-33,0,3003
2024/07/13,15:30,3071,0,410,890,109,227,324,1,215,746,0,83,0,1,-12,77,0,3071
2024/07/13,16:00,3096,0,400,959,118,228,385,1,214,573,0,87,0,-1,-3,135,0,3096
2024/07/13,16:30,3148,0,464,971,241,229,451,1,214,438,0,87,0,-1,-2,55,0,3148
2024/07/13,17:00,3124,0,464,974,319,232,557,1,216,279,0,76,0,-1,-2,9,0,3124
2024/07/13,17:30,3112,0,515,989,320,234,600,1,217,130,0,65,0,21,0,20,0,3112
2024/07/13,18:00,3091,0,531,1003,281,235,614,1,217,45,0,64,0,80,-3,23,0,3091
2024/07/13,18:30,3079,0,532,1003,210,234,617,1,217,8,0,65,0,167,10,15,0,3079
2024/07/13,19:00,3152,0,526,998,265,234,620,1,218,0,0,52,0,236,4,-2,0,3152
2024/07/13,19:30,3154,0,543,994,321,234,608,1,218,1,0,34,0,204,-3,-1,0,3154
2024/07/13,20:00,3041,0,544,1004,320,234,551,1,217,0,0,12,0,156,-4,6,0,3041
2024/07/13,20:30,2959,0,541,1003,315,234,508,1,216,0,0,10,0,116,-4,19,0,2959
2024/07/13,21:00,2876,0,544,999,321,234,445,1,217,0,0,8,0,60,-6,53,0,2876
2024/07/13,21:30,2784,0,545,999,315,235,401,1,217,0,0,5,0,53,-7,20,0,2784
2024/07/13,22:00,2691,0,540,1002,289,235,388,1,217,0,0,3,0,15,-6,7,0,2691
2024/07/13,22:30,2633,0,518,1000,268,234,391,1,217,0,0,3,0,15,-6,-8,0,2633
2024/07/13,23:00,2599,0,489,994,271,235,379,1,218,0,0,2,0,15,-7,2,0,2599
2024/07/13,23:30,2519,0,455,991,262,234,383,1,217,0,0,2,0,19,-6,-39,0,2519
2024/07/14,00:00,2469,0,472,988,245,235,309,1,217,0,0,3,0,31,29,-61,0,2469
2024/07/14,00:30,2383,0,509,963,185,234,282,1,217,0,0,3,0,18,-4,-25,0,2383
2024/07/14,01:00,2364,0,522,921,181,235,285,1,217,0,0,1,0,25,-4,-20,0,2364
2024/07/14,01:30,2366,0,494,907,130,235,276,1,217,0,0,2,0,41,-4,67,0,2366
2024/07/14,02:00,2413,0,521,886,158,235,290,1,217,0,0,2,0,42,-3,64,0,2413
2024/07/14,02:30,2507,0,529,885,207,235,284,1,217,0,0,1,0,28,-2,122,0,2507
2024/07/14,03:00,2568,0,509,886,181,235,387,1,218,0,0,3,0,19,-2,131,0,2568
2024/07/14,03:30,2622,0,540,884,186,234,400,1,217,0,0,3,0,19,-2,140,0,2622
2024/07/14,04:00,2605,0,543,888,214,234,358,1,217,3,0,4,0,19,-2,126,0,2605
2024/07/14,04:30,2607,0,531,890,173,234,342,1,217,76,0,4,0,19,-2,122,0,2607
2024/07/14,05:00,2610,0,530,867,186,235,349,1,216,183,0,5,0,19,-3,22,0,2610
2024/07/14,05:30,2544,0,483,818,182,234,310,1,218,323,0,6,0,17,-3,-45,0,2544
2024/07/14,06:00,2539,0,430,704,111,235,286,1,216,487,0,7,0,18,-5,49,0,2539
2024/07/14,06:30,2525,0,405,598,109,235,286,1,217,658,0,7,0,12,-6,3,0,2525
2024/07/14,07:00,2495,0,352,480,109,222,271,1,216,843,0,5,0,-1,-8,5,0,2495
2024/07/14,07:30,2517,0,410,534,109,194,253,1,215,1043,0,2,0,-174,-50,-20,0,2517
2024/07/14,08:00,2616,0,360,609,109,182,250,1,217,1233,0,2,0,-190,-6,-151,0,2616
2024/07/14,08:30,2672,0,334,610,109,183,245,1,217,1414,0,1,0,-203,-6,-233,0,2672
2024/07/14,09:00,2732,0,352,522,109,183,235,1,216,1574,0,0,0,-238,-3,-219,0,2732
2024/07/14,09:30,2770,0,307,471,83,183,230,1,216,1673,0,0,0,-381,-4,-9,0,2770
2024/07/14,10:00,2821,0,304,494,56,183,227,1,215,1749,0,1,0,-389,-5,-15,0,2821
2024/07/14,10:30,2867,0,331,548,56,183,239,1,214,1797,0,3,0,-360,-46,-99,0,2867
2024/07/14,11:00,2867,0,287,540,56,183,231,1,215,1820,0,2,0,-354,-2,-112,0,2867
2024/07/14,11:30,2897,0,309,516,56,183,231,1,215,1824,0,3,0,-359,-12,-70,0,2897
2024/07/14,12:00,2927,0,359,523,56,197,222,1,215,1811,0,4,0,-363,-8,-90,0,2927
2024/07/14,12:30,2913,0,415,491,56,222,232,1,215,1756,0,4,0,-398,-6,-75,0,2913
2024/07/14,13:00,2910,0,399,530,56,228,252,1,209,1685,0,5,0,-405,-7,-43,0,2910
2024/07/14,13:30,2868,0,335,524,56,229,257,1,195,1574,0,5,0,-287,-7,-14,0,2868
2024/07/14,14:00,2839,0,354,515,56,229,250,1,198,1417,0,7,0,-216,-7,35,0,2839
2024/07/14,14:30,2865,0,435,618,57,228,245,1,211,1222,0,10,0,-46,4,-120,0,2865
2024/07/14,15:00,2851,0,352,678,100,229,271,1,214,1030,0,15,0,30,-3,-66,0,2851
2024/07/14,15:30,2893,0,423,720,110,229,308,1,215,852,0,9,0,47,-2,-19,0,2893
2024/07/14,16:00,2958,0,450,835,110,228,440,1,214,655,0,12,0,57,-4,-40,0,2958
2024/07/14,16:30,3014,0,505,880,172,229,497,1,214,490,0,13,0,51,-4,-34,0,3014
2024/07/14,17:00,2993,0,505,939,191,230,578,1,216,301,0,11,0,58,-5,-32,0,2993
2024/07/14,17:30,3003,0,476,978,317,233,595,1,217,148,0,10,0,31,-3,0,0,3003
2024/07/14,18:00,2968,0,482,988,291,234,601,1,217,51,0,10,0,54,-4,43,0,2968
2024/07/14,18:30,2978,0,501,981,223,235,604,1,217,8,0,17,0,100,5,86,0,2978
2024/07/14,19:00,3052,0,506,983,234,234,604,1,217,0,0,16,0,139,-4,122,0,3052
2024/07/14,19:30,3064,0,525,981,306,234,602,1,217,1,0,14,0,140,-4,47,0,3064
2024/07/14,20:00,2964,0,544,984,239,235,583,1,217,0,0,17,0,106,-4,42,0,2964
2024/07/14,20:30,2920,0,523,980,306,235,471,1,218,0,0,21,0,115,-4,54,0,2920
2024/07/14,21:00,2816,0,518,986,298,235,431,1,217,0,0,27,0,33,-6,76,0,2816
2024/07/14,21:30,2730,0,528,988,283,235,407,1,217,0,0,31,0,20,-6,26,0,2730
2024/07/14,22:00,2659,0,528,984,269,236,391,1,217,0,0,31,0,19,-7,-10,0,2659
2024/07/14,22:30,2561,0,474,981,223,234,390,1,217,0,0,28,0,21,-5,-3,0,2561
2024/07/14,23:00,2517,0,490,979,165,235,385,1,218,0,0,31,0,20,-7,0,0,2517
2024/07/14,23:30,2457,0,517,979,126,235,373,1,217,0,0,26,0,27,-6,-38,0,2457
2024/07/15,00:00,2384,0,527,980,109,235,303,1,218,0,0,17,0,21,-4,-23,0,2384
2024/07/15,00:30,2322,0,476,980,109,235,278,1,218,0,0,25,0,21,-3,-18,0,2322
2024/07/15,01:00,2291,0,427,978,109,235,264,1,218,0,0,31,0,40,-3,-9,0,2291
2024/07/15,01:30,2297,0,367,977,109,235,253,1,218,0,0,37,0,62,-4,42,0,2297
2024/07/15,02:00,2352,0,463,981,109,235,250,1,219,0,0,37,0,48,-4,13,0,2352
2024/07/15,02:30,2434,0,500,980,114,235,251,1,219,0,0,36,0,64,-3,37,0,2434
2024/07/15,03:00,2506,0,505,975,125,235,312,1,219,0,0,35,0,28,-2,73,0,2506
2024/07/15,03:30,2530,0,461,973,109,235,349,1,219,0,0,36,0,21,-1,127,0,2530
2024/07/15,04:00,2537,0,478,976,109,235,332,1,219,2,0,42,0,22,-3,124,0,2537
2024/07/15,04:30,2575,0,471,984,129,235,321,1,219,70,0,41,0,27,-3,80,0,2575
2024/07/15,05:00,2596,0,464,981,142,235,338,1,218,163,0,41,0,24,-3,-8,0,2596
2024/07/15,05:30,2544,0,449,981,150,235,322,1,218,249,0,40,0,19,-4,-116,0,2544
2024/07/15,06:00,2533,0,417,977,116,235,297,1,217,326,0,37,0,20,-7,-103,0,2533
2024/07/15,06:30,2529,0,429,962,150,235,293,1,217,442,0,34,0,21,-44,-211,0,2529
2024/07/15,07:00,2583,0,460,941,153,223,270,1,216,579,0,36,0,1,-6,-291,0,2583
2024/07/15,07:30,2683,0,458,942,159,194,253,1,215,732,0,34,0,-1,-6,-298,0,2683
2024/07/15,08:00,2780,0,470,935,121,183,268,1,218,882,0,26,0,4,-6,-322,0,2780
2024/07/15,08:30,2906,0,475,888,109,183,266,1,218,984,0,21,0,39,-5,-273,0,2906
2024/07/15,09:00,2939,0,378,823,108,183,261,1,217,1149,0,14,0,12,-3,-204,0,2939
2024/07/15,09:30,2975,0,387,789,63,183,246,1,216,1285,0,8,0,-196,2,-9,0,2975
2024/07/15,10:00,3050,0,345,776,56,182,243,1,217,1467,0,4,0,-223,-4,-14,0,3050
2024/07/15,10:30,3134,0,347,703,56,182,235,1,215,1647,0,4,0,-231,-4,-21,0,3134
2024/07/15,11:00,3186,0,335,646,56,182,228,1,216,1764,0,7,0,-230,-3,-16,0,3186
2024/07/15,11:30,3224,0,316,773,56,182,227,1,216,1791,0,9,0,-272,-4,-71,0,3224
2024/07/15,12:00,3230,0,370,826,56,196,237,1,215,1796,0,9,0,-386,-7,-83,0,3230
2024/07/15,12:30,3228,0,352,830,56,221,249,1,216,1746,0,10,0,-374,-7,-72,0,3228
2024/07/15,13:00,3234,0,258,824,56,227,251,1,207,1672,0,11,0,-304,-7,38,0,3234
2024/07/15,13:30,3204,0,311,743,56,228,255,1,196,1562,0,8,0,-211,-7,62,0,3204
2024/07/15,14:00,3200,0,367,849,56,227,256,1,201,1408,0,11,0,-225,-7,56,0,3200
2024/07/15,14:30,3186,0,461,987,59,227,244,1,213,1221,0,13,0,-110,-7,-123,0,3186
2024/07/15,15:00,3184,0,454,1043,104,227,296,1,215,1039,0,8,0,-1,-1,-201,0,3184
2024/07/15,15:30,3222,0,517,1060,122,227,335,1,215,864,0,7,0,-1,-3,-122,0,3222
2024/07/15,16:00,3256,0,494,1072,191,228,402,1,214,681,0,9,0,21,-5,-52,0,3256
2024/07/15,16:30,3298,0,534,1088,201,228,441,1,215,519,0,12,0,30,-4,33,0,3298
2024/07/15,17:00,3337,0,531,1092,296,232,583,1,217,323,0,10,0,26,-2,28,0,3337
2024/07/15,17:30,3283,0,539,1093,330,235,620,1,217,150,0,10,0,72,-4,20,0,3283
2024/07/15,18:00,3227,0,578,1091,297,234,647,1,217,48,0,9,0,81,6,18,0,3227
2024/07/15,18:30,3225,0,569,1087,241,234,621,1,217,7,0,8,0,120,-1,121,0,3225
2024/07/15,19:00,3256,0,600,1090,225,233,599,1,217,0,0,1,0,174,-2,118,0,3256
2024/07/15,19:30,3264,0,591,1090,287,234,593,1,217,0,0,0,0,172,-5,84,0,3264
2024/07/15,20:00,3162,0,546,1089,290,234,516,1,217,0,0,0,0,166,-4,107,0,3162
2024/07/15,20:30,3086,0,541,1094,305,234,478,1,216,0,0,2,0,94,-5,126,0,3086
2024/07/15,21:00,3014,0,542,1101,320,234,425,1,218,0,0,5,0,107,-7,68,0,3014
2024/07/15,21:30,2906,0,542,1101,321,234,389,1,216,0,0,15,0,69,-6,24,0,2906
2024/07/15,22:00,2810,0,541,1096,300,235,353,1,218,0,0,22,0,36,-7,15,0,2810
2024/07/15,22:30,2744,0,537,1094,277,235,333,1,217,0,0,33,0,24,-8,1,0,2744
2024/07/15,23:00,2680,0,536,1096,219,234,321,1,218,0,0,44,0,22,-7,-4,0,2680
2024/07/15,23:30,2566,0,460,1089,180,234,316,1,217,0,0,52,0,7,-5,15,0,2566
2024/07/16,00:00,2505,0,439,1088,115,236,234,1,218,0,0,61,0,-1,-1,115,0,2505
2024/07/16,00:30,2413,0,346,1089,109,235,240,1,218,0,0,72,0,25,-3,81,0,2413
2024/07/16,01:00,2412,0,347,1092,109,235,260,1,217,0,0,88,0,5,-4,62,0,2412
2024/07/16,01:30,2420,0,370,1094,109,236,274,1,218,0,0,88,0,-1,-4,35,0,2420
2024/07/16,02:00,2479,0,448,1091,117,235,292,1,218,0,0,77,0,2,-5,3,0,2479
2024/07/16,02:30,2533,0,453,1095,111,235,299,1,219,0,0,83,0,40,-39,36,0,2533
2024/07/16,03:00,2611,0,425,1089,109,236,332,1,219,0,0,82,0,24,-4,98,0,2611
2024/07/16,03:30,2661,0,427,1091,109,235,385,1,218,0,0,77,0,23,-3,98,0,2661
2024/07/16,04:00,2663,0,393,1095,109,235,386,1,218,2,0,82,0,23,-3,122,0,2663
2024/07/16,04:30,2697,0,437,1092,109,235,390,1,219,68,0,75,0,36,-3,38,0,2697
2024/07/16,05:00,2738,0,418,1089,146,235,393,1,217,153,0,80,0,0,-3,9,0,2738
2024/07/16,05:30,2728,0,388,1083,125,235,394,1,218,256,0,74,0,5,-6,-45,0,2728
2024/07/16,06:00,2787,0,384,1064,113,235,356,1,217,334,0,95,0,28,-8,-32,0,2787
2024/07/16,06:30,2823,0,383,1047,113,236,311,1,217,423,0,109,0,36,-18,-35,0,2823
2024/07/16,07:00,2947,0,399,1054,116,222,290,1,216,527,0,99,0,7,-5,21,0,2947
2024/07/16,07:30,3089,0,386,1053,114,194,276,1,215,668,0,102,0,-1,-7,88,0,3089
2024/07/16,08:00,3286,0,474,1050,142,183,270,1,217,827,0,96,0,-1,-7,34,0,3286
2024/07/16,08:30,3462,0,467,1056,215,182,265,1,217,957,0,100,0,-1,-6,9,0,3462
2024/07/16,09:00,3594,0,459,1054,230,166,255,1,217,1070,0,111,0,15,-5,21,0,3594
2024/07/16,09:30,3600,0,397,1050,127,135,254,1,216,1171,0,148,0,-1,-3,105,0,3600
2024/07/16,10:00,3657,0,363,1050,115,128,240,1,216,1322,0,178,0,-1,-5,50,0,3657
2024/07/16,10:30,3725,0,404,1055,72,128,243,1,215,1409,0,207,0,6,-4,-11,0,3725
2024/07/16,11:00,3768,0,346,1027,63,127,251,1,215,1515,0,225,0,1,-4,1,0,3768
2024/07/16,11:30,3776,0,365,944,63,127,260,1,216,1552,0,256,0,-1,-5,-2,0,3776
2024/07/16,12:00,3698,0,393,998,62,142,267,1,216,1535,0,254,0,-80,-8,-82,0,3698
2024/07/16,12:30,3678,0,361,1024,62,167,301,1,215,1503,0,257,0,-213,-7,7,0,3678
2024/07/16,13:00,3804,0,414,1028,79,172,323,1,205,1441,0,259,0,-224,-9,115,0,3804
2024/07/16,13:30,3842,0,410,1047,115,172,351,1,194,1346,0,314,0,-207,-8,107,0,3842
2024/07/16,14:00,3853,0,376,960,114,173,362,1,204,1227,0,382,0,-113,-6,173,0,3853
2024/07/16,14:30,3825,0,406,1029,114,173,370,1,215,1053,0,376,0,37,-8,59,0,3825
2024/07/16,15:00,3795,0,477,1093,137,179,371,1,215,876,0,354,0,52,-3,43,0,3795
2024/07/16,15:30,3845,0,506,1093,184,209,379,1,214,718,0,311,0,104,-2,128,0,3845
2024/07/16,16:00,3824,0,550,1087,173,227,498,1,212,543,0,314,0,113,-2,108,0,3824
2024/07/16,16:30,3796,0,549,1084,172,228,541,1,213,397,0,319,0,93,-3,202,0,3796
2024/07/16,17:00,3722,0,554,1101,270,231,576,1,215,247,0,322,0,36,-4,173,0,3722
2024/07/16,17:30,3612,0,524,1099,250,234,584,1,216,124,0,352,0,71,-2,159,0,3612
2024/07/16,18:00,3540,0,540,1093,141,234,592,1,215,42,0,364,0,151,-3,170,0,3540
2024/07/16,18:30,3542,0,538,1094,147,234,591,1,215,5,0,380,0,193,5,139,0,3542
2024/07/16,19:00,3533,0,540,1093,226,234,574,1,216,0,0,350,0,206,1,92,0,3533
2024/07/16,19:30,3503,0,536,1093,217,235,573,1,217,0,0,319,0,251,-5,66,0,3503
2024/07/16,20:00,3398,0,503,1096,242,235,563,1,217,0,0,294,0,191,-5,61,0,3398
2024/07/16,20:30,3296,0,470,1096,297,234,485,1,217,0,0,282,0,183,-3,34,0,3296
2024/07/16,21:00,3156,0,462,1090,293,235,455,1,217,0,0,273,0,96,-7,41,0,3156
2024/07/16,21:30,3042,0,502,1092,249,233,431,1,217,0,0,277,0,21,-7,26,0,3042
2024/07/16,22:00,2924,0,449,1093,205,235,374,1,217,0,0,276,0,20,-7,61,0,2924
2024/07/16,22:30,2842,0,424,1091,260,235,348,1,217,0,0,264,0,1,-6,7,0,2842
2024/07/16,23:00,2840,0,421,1093,208,235,315,1,217,0,0,328,0,-1,-7,30,0,2840
2024/07/16,23:30,2704,0,305,1086,108,235,312,1,217,0,0,420,0,-1,-5,26,0,2704
2024/07/17,00:00,2645,0,373,1084,73,235,226,1,217,0,0,468,0,-1,-4,-27,0,2645
2024/07/17,00:30,2567,0,361,1075,56,235,217,1,218,0,0,476,0,-1,-2,-69,0,2567
2024/07/17,01:00,2522,0,350,964,56,235,215,1,217,0,0,485,0,-1,-4,4,0,2522
2024/07/17,01:30,2506,0,392,859,56,235,221,1,218,0,0,478,0,-1,-5,52,0,2506
2024/07/17,02:00,2577,0,412,962,56,235,236,1,218,0,0,464,0,20,-4,-23,0,2577
2024/07/17,02:30,2615,0,404,954,56,235,244,1,217,0,0,461,0,51,-40,32,0,2615
2024/07/17,03:00,2714,0,396,971,56,235,297,1,218,0,0,459,0,25,-2,58,0,2714
2024/07/17,03:30,2744,0,346,1029,56,235,313,1,218,0,0,459,0,19,-5,73,0,2744
2024/07/17,04:00,2769,0,314,1082,64,235,330,1,218,2,0,440,0,18,-1,66,0,2769
2024/07/17,04:30,2793,0,299,1072,67,236,343,1,218,70,0,450,0,20,-2,19,0,2793
2024/07/17,05:00,2858,0,319,1043,71,235,352,1,218,167,0,464,0,26,-5,-33,0,2858
2024/07/17,05:30,2840,0,340,995,76,234,354,1,217,292,0,462,0,0,-4,-127,0,2840
2024/07/17,06:00,2896,0,417,1024,81,235,299,1,217,407,0,438,0,-1,-7,-215,0,2896
2024/07/17,06:30,2974,0,463,1021,83,234,284,1,216,542,0,393,0,10,-19,-254,0,2974
2024/07/17,07:00,3029,0,398,985,80,222,238,1,215,654,0,389,0,8,-7,-154,0,3029
2024/07/17,07:30,3145,0,360,981,93,193,233,1,215,787,0,404,0,-1,-8,-113,0,3145
2024/07/17,08:00,3342,0,306,973,135,181,230,1,217,972,0,404,0,-1,-8,-68,0,3342
2024/07/17,08:30,3542,0,330,981,136,183,231,1,217,1145,0,400,0,-1,-8,-73,0,3542
2024/07/17,09:00,3695,0,345,984,136,182,222,1,217,1322,0,392,0,-1,-4,-101,0,3695
2024/07/17,09:30,3827,0,355,1027,135,182,220,1,216,1483,0,385,0,-1,-4,-172,0,3827
2024/07/17,10:00,3883,0,313,999,135,182,222,1,216,1627,0,397,0,-1,-4,-204,0,3883
2024/07/17,10:30,3967,0,366,986,135,182,234,1,215,1728,0,397,0,-1,-4,-272,0,3967
2024/07/17,11:00,4025,0,360,1020,133,182,245,1,215,1800,0,352,0,-1,-4,-278,0,4025
2024/07/17,11:30,4043,0,377,979,127,182,262,1,215,1812,0,345,0,-65,-3,-189,0,4043
2024/07/17,12:00,3889,0,378,916,126,196,265,1,215,1800,0,344,0,-210,-11,-131,0,3889
2024/07/17,12:30,3879,0,392,904,77,221,288,1,214,1735,0,339,0,-366,-7,81,0,3879
2024/07/17,13:00,4026,0,410,1006,68,227,331,1,203,1639,0,333,0,-302,-6,116,0,4026
2024/07/17,13:30,4040,0,415,993,71,227,352,1,192,1523,0,321,0,-202,-7,154,0,4040
2024/07/17,14:00,4060,0,455,1068,110,227,404,1,199,1379,0,258,0,-113,-5,77,0,4060
2024/07/17,14:30,4014,0,412,1060,112,227,414,1,212,1214,0,234,0,98,-6,36,0,4014
2024/07/17,15:00,3971,0,493,1090,174,227,471,1,213,1026,0,208,0,31,-2,39,0,3971
2024/07/17,15:30,4039,0,524,1088,272,227,507,1,213,831,0,162,0,36,0,178,0,4039
2024/07/17,16:00,4043,0,577,1083,330,228,561,1,213,629,0,154,0,91,-4,180,0,4043
2024/07/17,16:30,4011,0,579,1079,333,229,590,1,213,481,0,152,0,160,-3,197,0,4011
2024/07/17,17:00,3881,0,573,1080,334,233,641,1,216,303,0,146,0,171,-6,189,0,3881
2024/07/17,17:30,3771,0,591,1081,334,235,641,1,216,149,0,139,0,186,-2,200,0,3771
2024/07/17,18:00,3709,0,561,1086,333,234,708,1,216,44,0,138,0,200,-4,192,0,3709
2024/07/17,18:30,3681,0,515,1085,304,234,719,1,216,5,0,135,0,285,5,177,0,3681
2024/07/17,19:00,3694,0,587,1088,301,232,697,1,216,0,0,87,0,304,-5,186,0,3694
2024/07/17,19:30,3656,0,596,1087,324,230,639,1,216,1,0,67,0,302,-5,198,0,3656
2024/07/17,20:00,3518,0,546,1089,319,231,604,1,217,0,0,64,0,281,-4,170,0,3518
2024/07/17,20:30,3442,0,582,1087,324,230,584,1,217,0,0,66,0,176,-4,179,0,3442
2024/07/17,21:00,3293,0,581,1083,324,233,544,1,216,0,0,67,0,145,-3,102,0,3293
2024/07/17,21:30,3157,0,558,1082,320,235,506,1,217,0,0,64,0,55,-3,122,0,3157
2024/07/17,22:00,3099,0,510,1080,321,234,477,1,217,0,0,57,0,47,-5,160,0,3099
2024/07/17,22:30,3015,0,508,1079,321,234,366,1,218,0,0,34,0,104,-3,153,0,3015
2024/07/17,23:00,2945,0,485,1084,321,234,353,1,217,0,0,29,0,85,-4,140,0,2945
2024/07/17,23:30,2863,0,451,1085,321,233,338,1,217,0,0,21,0,62,-2,136,0,2863
2024/07/18,00:00,2740,0,479,1087,314,235,286,1,217,0,0,16,0,52,-7,60,0,2740
2024/07/18,00:30,2630,0,422,1085,243,235,274,1,218,0,0,23,0,36,-7,100,0,2630
2024/07/18,01:00,2635,0,424,1085,254,235,270,1,217,0,0,23,0,4,-6,128,0,2635
2024/07/18,01:30,2597,0,401,1082,254,236,271,1,219,0,0,21,0,-1,-9,122,0,2597
2024/07/18,02:00,2630,0,395,1084,255,235,295,1,218,0,0,29,0,-1,-7,126,0,2630
2024/07/18,02:30,2738,0,438,1084,298,234,311,1,218,0,0,40,0,-1,-7,122,0,2738
2024/07/18,03:00,2797,0,427,1085,315,234,333,1,218,0,0,42,0,6,1,135,0,2797
2024/07/18,03:30,2849,0,472,1084,295,234,334,1,219,0,0,41,0,23,0,146,0,2849
2024/07/18,04:00,2849,0,493,1085,305,235,334,1,218,2,0,46,0,15,-7,122,0,2849
2024/07/18,04:30,2873,0,452,1082,321,235,335,1,219,69,0,37,0,16,-10,116,0,2873
2024/07/18,05:00,2896,0,441,1083,321,235,364,1,217,160,0,35,0,31,-9,17,0,2896
2024/07/18,05:30,2888,0,405,1087,266,235,377,1,217,274,0,30,0,31,-3,-32,0,2888
2024/07/18,06:00,2912,0,436,1090,117,235,403,1,217,383,0,32,0,39,-7,-34,0,2912
2024/07/18,06:30,2984,0,392,1090,110,235,414,1,216,497,0,32,0,34,-6,-31,0,2984
2024/07/18,07:00,3056,0,372,1035,109,234,428,1,215,630,0,35,0,3,-6,0,0,3056
2024/07/18,07:30,3214,0,396,1000,109,231,421,1,214,793,0,39,0,-1,-7,18,0,3214
2024/07/18,08:00,3421,0,430,1075,114,227,403,1,216,946,0,36,0,38,-7,-58,0,3421
2024/07/18,08:30,3641,0,496,1088,151,228,421,1,216,1106,0,28,0,22,-7,-109,0,3641
2024/07/18,09:00,3800,0,434,1034,138,214,430,1,216,1265,0,26,0,98,-3,-53,0,3800
2024/07/18,09:30,3908,0,399,988,118,188,444,1,215,1417,0,26,0,13,12,87,0,3908
2024/07/18,10:00,3972,0,424,1026,132,180,439,1,215,1570,0,17,0,-171,-4,143,0,3972
2024/07/18,10:30,4042,0,435,1087,120,182,409,1,215,1679,0,21,0,-209,-3,105,0,4042
2024/07/18,11:00,4099,0,423,1087,112,181,417,1,214,1747,0,27,0,-225,-3,118,0,4099
2024/07/18,11:30,4115,0,400,1085,113,181,424,1,214,1740,0,33,0,-227,-5,156,0,4115
2024/07/18,12:00,4036,0,420,1097,115,182,418,1,213,1712,0,32,0,-211,-50,107,0,4036
2024/07/18,12:30,4026,0,407,1101,113,196,400,1,213,1648,0,36,0,-218,-8,137,0,4026
2024/07/18,13:00,4173,0,431,1098,135,219,401,1,200,1561,0,39,0,-97,-7,192,0,4173
2024/07/18,13:30,4161,0,428,1098,112,226,415,1,190,1448,0,61,0,-1,-6,189,0,4161
2024/07/18,14:00,4147,0,459,1101,149,227,440,1,203,1310,0,78,0,-1,-7,187,0,4147
2024/07/18,14:30,4103,0,468,1099,190,227,470,1,213,1146,0,70,0,64,-4,159,0,4103
2024/07/18,15:00,4071,0,520,1102,306,227,494,1,212,956,0,74,0,126,-1,54,0,4071
2024/07/18,15:30,4107,0,533,1099,324,227,543,1,213,782,0,71,0,156,-2,160,0,4107
2024/07/18,16:00,4136,0,582,1093,328,228,606,1,211,607,0,72,0,234,-1,175,0,4136
2024/07/18,16:30,4118,0,590,1097,331,231,639,1,208,450,0,88,0,283,-5,205,0,4118
2024/07/18,17:00,4013,0,598,1095,330,234,719,1,210,271,0,96,0,263,-3,199,0,4013
2024/07/18,17:30,3915,0,603,1095,334,234,734,1,213,128,0,116,0,269,-2,190,0,3915
2024/07/18,18:00,3843,0,604,1091,326,235,734,1,216,39,0,120,0,241,37,199,0,3843
2024/07/18,18:30,3803,0,604,1087,324,235,684,1,215,4,0,119,0,342,-4,192,0,3803
2024/07/18,19:00,3800,0,604,1099,330,234,685,1,215,0,0,110,0,328,-3,197,0,3800
2024/07/18,19:30,3740,0,603,1094,334,234,688,1,215,2,0,117,0,279,-5,178,0,3740
2024/07/18,20:00,3597,0,604,1094,328,234,683,1,216,0,0,110,0,147,-5,185,0,3597
2024/07/18,20:30,3485,0,604,1094,323,234,618,1,216,0,0,118,0,148,-45,174,0,3485
2024/07/18,21:00,3346,0,604,1093,324,233,565,1,216,0,0,114,0,44,-8,160,0,3346
2024/07/18,21:30,3224,0,589,1089,321,235,551,1,216,0,0,111,0,46,-6,71,0,3224
2024/07/18,22:00,3129,0,522,1087,294,235,518,1,216,0,0,110,0,23,-7,130,0,3129
2024/07/18,22:30,3043,0,527,1088,313,235,468,1,216,0,0,119,0,28,-6,54,0,3043
2024/07/18,23:00,2959,0,507,1091,289,235,440,1,217,0,0,162,0,15,-8,10,0,2959
2024/07/18,23:30,2869,0,435,1092,241,235,403,1,217,0,0,179,0,-1,-5,72,0,2869
2024/07/19,00:00,2786,0,396,1086,228,235,340,1,217,0,0,217,0,-1,-4,71,0,2786
2024/07/19,00:30,2726,0,390,1077,190,234,330,1,217,0,0,276,0,39,-4,-24,0,2726
2024/07/19,01:00,2685,0,431,1079,132,235,303,1,216,0,0,280,0,12,-3,-1,0,2685
2024/07/19,01:30,2703,0,421,1076,168,235,285,1,216,0,0,293,0,19,-3,-8,0,2703
2024/07/19,02:00,2719,0,379,1079,142,235,302,1,216,0,0,343,0,63,-6,-35,0,2719
2024/07/19,02:30,2789,0,421,1075,122,235,320,1,217,0,0,392,0,19,-9,-4,0,2789
2024/07/19,03:00,2889,0,409,1086,149,235,337,1,216,0,0,413,0,-1,-2,46,0,2889
2024/07/19,03:30,2925,0,409,1084,153,235,345,1,217,0,0,429,0,12,0,40,0,2925
2024/07/19,04:00,2955,0,465,1079,166,235,346,1,217,2,0,433,0,45,-3,-31,0,2955
2024/07/19,04:30,2953,0,451,1078,147,235,349,1,217,66,0,420,0,31,-3,-39,0,2953
2024/07/19,05:00,2975,0,438,1078,147,235,352,1,216,140,0,401,0,33,-4,-62,0,2975
2024/07/19,05:30,2915,0,370,1066,116,234,352,1,216,219,0,384,0,23,-3,-63,0,2915
2024/07/19,06:00,2978,0,423,1058,113,235,359,1,216,262,0,387,0,21,-9,-88,0,2978
2024/07/19,06:30,3056,0,418,1057,116,221,362,1,215,340,0,382,0,30,-45,-41,0,3056
2024/07/19,07:00,3187,0,418,1071,122,195,349,1,213,380,0,400,0,5,-6,39,0,3187
2024/07/19,07:30,3315,0,435,1098,155,185,347,1,213,447,0,406,0,-1,-7,36,0,3315
2024/07/19,08:00,3475,0,441,1093,177,183,361,1,215,522,0,421,0,-1,-7,69,0,3475
2024/07/19,08:30,3637,0,444,1092,158,182,383,1,216,597,0,408,0,30,-6,132,0,3637
2024/07/19,09:00,3780,0,438,1089,161,182,421,1,215,659,0,398,0,62,-4,158,0,3780
2024/07/19,09:30,3806,0,449,1090,140,182,440,1,214,675,0,411,0,130,-5,79,0,3806
2024/07/19,10:00,3834,0,453,1082,118,182,451,1,214,749,0,372,0,154,-3,61,0,3834
2024/07/19,10:30,3932,0,444,1085,257,181,451,1,212,784,0,367,0,67,-4,87,0,3932
2024/07/19,11:00,3978,0,442,1082,231,181,454,1,214,800,0,346,0,56,-5,176,0,3978
2024/07/19,11:30,3940,0,402,1081,317,182,445,1,213,779,0,345,0,9,-4,170,0,3940
2024/07/19,12:00,3762,0,417,1086,200,183,421,1,214,725,0,334,0,-1,-7,189,0,3762
2024/07/19,12:30,3716,0,414,1087,134,200,434,1,213,689,0,343,0,24,-7,184,0,3716
2024/07/19,13:00,3910,0,447,1083,206,223,448,1,203,578,0,370,0,167,-7,191,0,3910
2024/07/19,13:30,3934,0,459,1080,172,226,490,1,192,498,0,396,0,245,-5,180,0,3934
2024/07/19,14:00,3886,0,423,1084,140,227,524,1,203,391,0,449,0,286,-7,165,0,3886
2024/07/19,14:30,3870,0,441,1082,155,227,537,1,213,321,0,450,0,270,-7,180,0,3870
2024/07/19,15:00,3808,0,471,1087,243,227,570,1,213,256,0,449,0,113,-2,180,0,3808
2024/07/19,15:30,3840,0,480,1084,325,227,595,1,213,209,0,435,0,120,0,151,0,3840
2024/07/19,16:00,3826,0,546,1090,243,227,627,1,210,158,0,426,0,255,-1,44,0,3826
2024/07/19,16:30,3794,0,556,1093,212,227,640,1,207,129,0,419,0,300,-3,13,0,3794
2024/07/19,17:00,3686,0,548,1086,262,232,672,1,204,90,0,398,0,78,-5,120,0,3686
2024/07/19,17:30,3628,0,543,1083,279,234,718,1,200,64,0,392,0,20,-2,96,0,3628
2024/07/19,18:00,3568,0,492,1074,279,234,719,1,197,29,0,391,0,110,-4,46,0,3568
2024/07/19,18:30,3582,0,464,1071,278,234,720,1,194,3,0,397,0,281,-4,-57,0,3582
2024/07/19,19:00,3589,0,515,1076,269,234,725,1,191,0,0,369,0,194,-4,19,0,3589
2024/07/19,19:30,3535,0,562,1077,192,233,677,1,187,1,0,364,0,91,-6,156,0,3535
2024/07/19,20:00,3411,0,602,1078,174,234,654,1,185,0,0,344,0,15,-5,129,0,3411
2024/07/19,20:30,3329,0,598,1077,199,232,584,1,182,0,0,323,0,18,-5,120,0,3329
2024/07/19,21:00,3229,0,604,1081,297,234,441,1,178,0,0,288,0,62,-7,50,0,3229
2024/07/19,21:30,3111,0,590,1076,311,234,379,1,174,0,0,268,0,18,-9,69,0,3111
2024/07/19,22:00,3033,0,539,1043,287,230,330,1,172,0,0,246,0,40,-5,150,0,3033
2024/07/19,22:30,2991,0,536,1017,321,226,305,1,170,0,0,248,0,63,-4,108,0,2991
2024/07/19,23:00,2962,0,536,1007,321,225,294,1,170,0,0,271,0,111,-8,34,0,2962
2024/07/19,23:30,2922,0,518,1016,313,220,293,1,169,0,0,352,0,81,-5,-36,0,2922
2024/07/20,00:00,2859,0,510,1016,277,227,266,1,170,0,0,437,0,90,-5,-130,0,2859
2024/07/20,00:30,2761,0,466,1013,189,230,258,1,170,0,0,489,0,53,-4,-104,0,2761
2024/07/20,01:00,2712,0,501,1011,134,233,253,1,170,0,0,488,0,33,-4,-108,0,2712
2024/07/20,01:30,2722,0,503,1008,149,234,263,1,170,0,0,489,0,38,-6,-127,0,2722
2024/07/20,02:00,2735,0,498,1013,149,234,269,1,170,0,0,478,0,44,-4,-117,0,2735
2024/07/20,02:30,2829,0,529,1013,218,233,271,1,169,0,0,496,0,28,-5,-124,0,2829
2024/07/20,03:00,2916,0,500,1011,235,233,290,1,169,0,0,481,0,60,-3,-61,0,2916
2024/07/20,03:30,2972,0,522,1009,266,233,293,1,170,0,0,448,0,26,-4,8,0,2972
2024/07/20,04:00,2951,0,511,1010,321,233,302,1,170,2,0,376,0,35,-5,-5,0,2951
2024/07/20,04:30,2979,0,514,1011,321,233,313,1,170,63,0,327,0,81,-6,-49,0,2979
2024/07/20,05:00,2963,0,499,1007,291,234,335,1,170,132,0,312,0,44,-5,-57,0,2963
2024/07/20,05:30,2881,0,469,1015,225,234,350,1,169,194,0,284,0,32,-4,-88,0,2881
2024/07/20,06:00,2894,0,489,1037,124,234,338,1,170,244,0,283,0,45,-7,-64,0,2894
2024/07/20,06:30,2932,0,487,1047,137,234,327,1,170,353,0,241,0,29,-7,-87,0,2932
2024/07/20,07:00,3009,0,456,1073,149,233,317,1,170,532,0,225,0,23,-6,-164,0,3009
2024/07/20,07:30,3061,0,339,1063,152,218,324,1,169,733,0,230,0,1,-7,-162,0,3061
2024/07/20,08:00,3224,0,426,1072,170,190,322,1,169,919,0,223,0,-167,-7,-94,0,3224
2024/07/20,08:30,3404,0,458,1073,202,183,305,1,169,1114,0,221,0,-200,-30,-92,0,3404
2024/07/20,09:00,3565,0,454,1067,163,184,286,1,168,1259,0,217,0,-220,1,-15,0,3565
2024/07/20,09:30,3677,0,476,1068,150,183,303,1,168,1371,0,215,0,-429,-7,178,0,3677
2024/07/20,10:00,3750,0,511,1065,186,184,298,1,168,1488,0,173,0,-472,-12,160,0,3750
2024/07/20,10:30,3808,0,520,1066,172,183,293,1,167,1566,0,175,0,-473,-11,149,0,3808
2024/07/20,11:00,3887,0,524,1067,191,183,306,1,168,1553,0,190,0,-464,-3,171,0,3887
2024/07/20,11:30,3933,0,524,1064,243,184,298,1,167,1545,0,200,0,-453,-1,161,0,3933
2024/07/20,12:00,3962,0,460,1062,281,201,251,1,168,1411,0,210,0,-259,1,175,0,3962
2024/07/20,12:30,3888,0,486,1064,284,225,250,1,168,1230,0,231,0,-232,-5,186,0,3888
2024/07/20,13:00,3848,0,455,1069,321,228,262,1,156,1109,0,248,0,-187,-6,192,0,3848
2024/07/20,13:30,3762,0,382,1072,159,228,262,1,146,1047,0,296,0,-4,-5,178,0,3762
2024/07/20,14:00,3764,0,399,1074,248,229,267,1,156,1003,0,338,0,-129,-7,185,0,3764
2024/07/20,14:30,3754,0,470,1074,322,229,268,1,167,926,0,362,0,-225,-6,166,0,3754
2024/07/20,15:00,3671,0,432,1077,209,229,285,1,169,818,0,355,0,-29,-5,130,0,3671
2024/07/20,15:30,3695,0,518,1079,305,228,347,1,168,708,0,288,0,12,-2,43,0,3695
2024/07/20,16:00,3714,0,512,1078,395,228,424,1,169,605,0,282,0,16,-1,5,0,3714
2024/07/20,16:30,3794,0,589,1076,444,229,474,1,169,471,0,293,0,4,0,44,0,3794
2024/07/20,17:00,3760,0,595,1071,499,231,514,1,170,296,0,317,0,-1,-6,73,0,3760
2024/07/20,17:30,3752,0,583,1071,489,233,560,1,170,128,0,366,0,-1,-3,155,0,3752
2024/07/20,18:00,3666,0,583,1068,494,233,585,1,169,37,0,349,0,11,-5,141,0,3666
2024/07/20,18:30,3644,0,574,1067,365,233,584,1,170,3,0,349,0,112,-1,187,0,3644
2024/07/20,19:00,3688,0,569,1068,366,232,583,1,170,0,0,388,0,142,-4,173,0,3688
2024/07/20,19:30,3662,0,588,1065,304,233,547,1,170,0,0,405,0,173,-2,178,0,3662
2024/07/20,20:00,3499,0,572,1069,319,232,476,1,170,0,0,380,0,116,-3,167,0,3499
2024/07/20,20:30,3399,0,579,1071,269,233,499,1,170,0,0,369,0,36,-2,174,0,3399
2024/07/20,21:00,3272,0,590,1073,240,233,458,1,170,0,0,338,0,21,-9,157,0,3272
2024/07/20,21:30,3174,0,566,1074,307,233,367,1,170,0,0,286,0,27,-8,151,0,3174
2024/07/20,22:00,3104,0,536,1064,321,234,291,1,171,0,0,286,0,52,19,129,0,3104
2024/07/20,22:30,3048,0,535,1036,320,234,264,1,170,0,0,303,0,69,-9,125,0,3048
2024/07/20,23:00,2980,0,514,1013,321,234,260,1,170,0,0,347,0,100,-37,57,0,2980
2024/07/20,23:30,2900,0,471,1004,321,234,259,1,170,0,0,384,0,93,-6,-31,0,2900
2024/07/21,00:00,2799,0,470,995,274,234,251,1,170,0,0,405,0,35,-3,-33,0,2799
2024/07/21,00:30,2757,0,486,995,217,233,254,1,170,0,0,428,0,42,-4,-65,0,2757
2024/07/21,01:00,2712,0,471,999,170,234,258,1,171,0,0,432,0,44,-4,-64,0,2712
2024/07/21,01:30,2684,0,486,999,121,233,270,1,170,0,0,427,0,46,-4,-65,0,2684
2024/07/21,02:00,2702,0,489,999,135,234,281,1,170,0,0,425,0,40,-4,-68,0,2702
2024/07/21,02:30,2774,0,514,1007,176,234,294,1,170,0,0,398,0,48,-4,-64,0,2774
2024/07/21,03:00,2833,0,487,1020,210,234,324,1,170,0,0,425,0,31,-4,-65,0,2833
2024/07/21,03:30,2877,0,492,1042,199,234,327,1,171,0,0,440,0,38,-4,-63,0,2877
2024/07/21,04:00,2873,0,481,1067,175,234,342,1,171,2,0,439,0,37,-3,-73,0,2873
2024/07/21,04:30,2903,0,505,1068,184,234,348,1,171,67,0,439,0,18,-3,-129,0,2903
2024/07/21,05:00,2906,0,489,1075,132,234,351,1,170,159,0,439,0,20,-4,-160,0,2906
2024/07/21,05:30,2844,0,357,1074,110,233,347,1,171,260,0,428,0,13,-4,-146,0,2844
2024/07/21,06:00,2848,0,306,1029,109,234,336,1,170,396,0,415,0,10,-7,-151,0,2848
2024/07/21,06:30,2856,0,354,973,109,233,301,1,170,568,0,377,0,20,-6,-244,0,2856
2024/07/21,07:00,2923,0,353,904,109,220,258,1,169,754,0,376,0,-44,-7,-170,0,2923
2024/07/21,07:30,3003,0,409,937,120,193,251,1,170,901,0,391,0,-302,-5,-63,0,3003
2024/07/21,08:00,3094,0,365,1003,114,184,252,1,169,1088,0,396,0,-416,-7,-55,0,3094
2024/07/21,08:30,3204,0,312,935,109,184,253,1,169,1316,0,402,0,-397,-29,-51,0,3204
2024/07/21,09:00,3319,0,310,878,109,184,247,1,168,1467,0,411,0,-410,-1,-45,0,3319
2024/07/21,09:30,3439,0,359,784,109,185,259,1,168,1634,0,401,0,-572,-2,113,0,3439
2024/07/21,10:00,3535,0,384,821,88,184,252,1,168,1750,0,387,0,-607,-2,109,0,3535
2024/07/21,10:30,3627,0,381,855,56,184,248,1,168,1792,0,392,0,-538,-3,91,0,3627
2024/07/21,11:00,3695,0,391,879,77,184,239,1,168,1789,0,378,0,-556,-5,150,0,3695
2024/07/21,11:30,3773,0,399,886,105,184,232,1,168,1796,0,389,0,-557,-3,173,0,3773
2024/07/21,12:00,3824,0,415,903,106,186,222,1,168,1757,0,371,0,-480,-7,182,0,3824
2024/07/21,12:30,3788,0,449,914,109,202,223,1,166,1638,0,366,0,-466,-6,192,0,3788
2024/07/21,13:00,3753,0,491,952,109,225,234,1,155,1539,0,349,0,-465,-7,170,0,3753
2024/07/21,13:30,3685,0,479,991,110,228,239,1,144,1408,0,324,0,-406,-6,173,0,3685
2024/07/21,14:00,3652,0,424,1020,109,228,265,1,154,1180,0,251,0,-132,-5,157,0,3652
2024/07/21,14:30,3624,0,482,1035,219,228,276,1,167,1022,0,176,0,3,-6,21,0,3624
2024/07/21,15:00,3608,0,520,1050,223,229,307,1,167,948,0,137,0,27,-27,26,0,3608
2024/07/21,15:30,3640,0,530,1037,301,230,335,1,167,771,0,132,0,49,-5,92,0,3640
2024/07/21,16:00,3698,0,583,1035,322,230,410,1,167,588,0,144,0,169,-4,53,0,3698
2024/07/21,16:30,3782,0,597,1063,323,230,488,1,167,443,0,169,0,273,-3,31,0,3782
2024/07/21,17:00,3771,0,591,1075,323,230,551,1,167,259,0,175,0,364,-3,38,0,3771
2024/07/21,17:30,3781,0,586,1077,323,233,563,1,168,113,0,188,0,562,-2,-31,0,3781
2024/07/21,18:00,3714,0,586,1072,323,233,618,1,168,36,0,224,0,448,37,-32,0,3714
2024/07/21,18:30,3682,0,587,1073,323,233,624,1,168,1,0,261,0,407,36,-32,0,3682
2024/07/21,19:00,3733,0,589,1075,324,233,609,1,168,0,0,312,0,459,-5,-32,0,3733
2024/07/21,19:30,3701,0,591,1074,323,233,561,1,169,1,0,414,0,338,-4,0,0,3701
2024/07/21,20:00,3606,0,592,1072,323,233,528,1,167,0,0,428,0,299,-5,-32,0,3606
2024/07/21,20:30,3500,0,591,1074,323,233,504,1,169,0,0,436,0,205,-5,-31,0,3500
2024/07/21,21:00,3387,0,581,1077,289,234,488,1,169,0,0,423,0,165,-8,-32,0,3387
2024/07/21,21:30,3277,0,560,1077,299,234,477,1,169,0,0,417,0,83,-7,-33,0,3277
2024/07/21,22:00,3155,0,513,1078,318,233,428,1,169,0,0,415,0,26,-8,-18,0,3155
2024/07/21,22:30,3039,0,485,1076,288,233,392,1,169,0,0,425,0,13,-9,-34,0,3039
2024/07/21,23:00,2999,0,461,1078,221,233,368,1,167,0,0,511,0,14,-24,-31,0,2999
2024/07/21,23:30,2903,0,459,1077,139,233,355,1,165,0,0,578,0,27,-44,-87,0,2903
2024/07/22,00:00,2825,0,370,1045,109,235,287,1,161,0,0,646,0,24,30,-83,0,2825
2024/07/22,00:30,2741,0,375,946,111,235,300,1,160,0,0,681,0,30,-9,-89,0,2741
2024/07/22,01:00,2720,0,450,1026,109,234,324,1,161,0,0,645,0,2,-10,-222,0,2720
2024/07/22,01:30,2712,0,367,1058,109,234,326,1,160,0,0,687,0,-1,-8,-221,0,2712
2024/07/22,02:00,2734,0,342,948,109,234,331,1,160,0,0,756,0,-1,-7,-139,0,2734
2024/07/22,02:30,2862,0,381,965,109,234,332,1,160,0,0,804,0,-1,-8,-115,0,2862
2024/07/22,03:00,2905,0,393,937,109,234,331,1,160,0,0,777,0,-1,-7,-29,0,2905
2024/07/22,03:30,2951,0,373,1003,109,233,344,1,161,0,0,744,0,21,-6,-32,0,2951
2024/07/22,04:00,2980,0,399,1015,109,234,354,1,161,2,0,696,0,96,-6,-81,0,2980
2024/07/22,04:30,3010,0,457,1035,109,234,370,1,161,66,0,671,0,53,-5,-142,0,3010
2024/07/22,05:00,3064,0,447,985,109,234,371,1,161,143,0,669,0,19,-6,-69,0,3064
2024/07/22,05:30,3026,0,400,905,109,234,365,1,161,224,0,662,0,28,-6,-57,0,3026
2024/07/22,06:00,3057,0,431,742,90,234,354,1,161,323,0,658,0,28,-9,44,0,3057
2024/07/22,06:30,3089,0,436,683,56,234,346,1,160,434,0,597,0,20,-8,130,0,3089
2024/07/22,07:00,3248,0,453,745,61,220,326,1,161,572,0,560,0,3,-8,154,0,3248
2024/07/22,07:30,3434,0,476,905,118,193,324,1,161,728,0,519,0,-95,-8,112,0,3434
2024/07/22,08:00,3595,0,526,948,136,183,321,1,161,936,0,501,0,-199,-7,88,0,3595
2024/07/22,08:30,3779,0,451,979,112,184,299,1,161,1174,0,493,0,-220,-7,152,0,3779
2024/07/22,09:00,3969,0,397,1026,113,183,319,1,161,1365,0,447,0,-231,-6,194,0,3969
2024/07/22,09:30,4097,0,410,1005,116,183,354,1,161,1530,0,448,0,-290,-5,184,0,4097
2024/07/22,10:00,4227,0,454,1057,113,183,360,1,160,1663,0,516,0,-418,-5,143,0,4227
2024/07/22,10:30,4323,0,436,1074,113,183,362,1,160,1749,0,540,0,-415,-8,128,0,4323
2024/07/22,11:00,4377,0,531,1080,130,182,372,1,160,1777,0,508,0,-451,-38,125,0,4377
2024/07/22,11:30,4347,0,556,1073,211,182,365,1,161,1757,0,490,0,-434,-50,35,0,4347
2024/07/22,12:00,4208,0,497,1055,188,183,362,1,160,1730,0,488,0,-412,-10,-34,0,4208
2024/07/22,12:30,4168,0,482,959,124,200,380,1,160,1684,0,490,0,-349,-9,46,0,4168
2024/07/22,13:00,4293,0,471,964,149,224,417,1,154,1627,0,478,0,-222,-9,39,0,4293
2024/07/22,13:30,4279,0,450,1001,155,228,432,1,140,1533,0,508,0,-227,-9,67,0,4279
2024/07/22,14:00,4296,0,449,1021,150,228,450,1,143,1416,0,553,0,-233,-10,128,0,4296
2024/07/22,14:30,4276,0,483,1057,207,229,478,1,153,1221,0,556,0,-146,-9,46,0,4276
2024/07/22,15:00,4233,0,519,1055,184,229,512,1,160,1034,0,549,0,14,-28,4,0,4233
2024/07/22,15:30,4301,0,535,1054,266,228,530,1,161,865,0,506,0,152,-5,8,0,4301
2024/07/22,16:00,4359,0,544,1056,282,229,617,1,161,690,0,502,0,326,-8,-41,0,4359
2024/07/22,16:30,4397,0,572,1043,406,229,650,1,161,521,0,521,0,333,-3,-37,0,4397
2024/07/22,17:00,4330,0,574,1032,516,232,678,1,161,311,0,535,0,339,19,-68,0,4330
2024/07/22,17:30,4220,0,587,1035,574,233,680,1,161,129,0,551,0,308,36,-75,0,4220
2024/07/22,18:00,4127,0,588,1044,606,233,657,1,161,34,0,564,0,318,0,-79,0,4127
2024/07/22,18:30,4075,0,576,1039,542,233,657,1,161,3,0,564,0,313,2,-16,0,4075
2024/07/22,19:00,4089,0,586,1039,502,233,654,1,161,0,0,624,0,303,-2,-12,0,4089
2024/07/22,19:30,4039,0,579,1039,453,233,641,1,161,1,0,632,0,308,-1,-8,0,4039
2024/07/22,20:00,3871,0,570,1050,403,233,600,1,161,0,0,590,0,222,-2,43,0,3871
2024/07/22,20:30,3759,0,571,1045,400,233,556,1,162,0,0,579,0,204,-1,9,0,3759
2024/07/22,21:00,3636,0,555,1044,352,233,551,1,162,0,0,580,0,133,-5,30,0,3636
2024/07/22,21:30,3498,0,518,1036,221,233,542,1,161,0,0,603,0,109,-5,79,0,3498
2024/07/22,22:00,3381,0,550,1044,197,233,464,1,161,0,0,622,0,29,-3,83,0,3381
2024/07/22,22:30,3273,0,517,1038,187,234,433,1,162,0,0,629,0,26,-7,53,0,3273
2024/07/22,23:00,3171,0,531,1042,144,234,411,1,162,0,0,591,0,25,-13,43,0,3171
2024/07/22,23:30,3065,0,528,1045,130,234,395,1,162,0,0,603,0,21,-45,-9,0,3065
2024/07/23,00:00,2973,0,484,1046,164,234,343,1,161,0,0,610,0,20,-2,-88,0,2973
2024/07/23,00:30,2899,0,476,1044,149,234,349,1,162,0,0,632,0,21,-2,-167,0,2899
2024/07/23,01:00,2860,0,496,1044,124,233,370,1,162,0,0,619,0,22,-2,-209,0,2860
2024/07/23,01:30,2842,0,486,1038,123,233,372,1,162,0,0,609,0,22,-2,-202,0,2842
2024/07/23,02:00,2878,0,483,1023,121,233,376,1,162,0,0,587,0,21,-2,-127,0,2878
2024/07/23,02:30,2958,0,502,1035,139,234,377,1,162,0,0,578,0,23,-1,-92,0,2958
2024/07/23,03:00,3022,0,502,1040,144,234,379,1,162,0,0,574,0,26,-1,-39,0,3022
2024/07/23,03:30,3066,0,459,1037,212,233,386,1,163,0,0,562,0,17,-3,-1,0,3066
2024/07/23,04:00,3076,0,423,1040,258,234,406,1,162,2,0,558,0,0,-6,-2,0,3076
2024/07/23,04:30,3104,0,469,1041,225,233,413,1,162,65,0,527,0,27,-5,-54,0,3104
2024/07/23,05:00,3122,0,416,1041,267,234,412,1,162,163,0,506,0,0,-5,-75,0,3122
2024/07/23,05:30,3084,0,370,1035,220,234,393,1,162,240,0,490,0,17,-5,-73,0,3084
2024/07/23,06:00,3128,0,411,1038,191,234,376,1,162,312,0,477,0,-59,-8,-7,0,3128
2024/07/23,06:30,3172,0,410,1038,164,234,364,1,162,419,0,431,0,-102,-7,58,0,3172
2024/07/23,07:00,3333,0,383,1044,187,220,378,1,162,544,0,417,0,-94,-7,98,0,3333
2024/07/23,07:30,3539,0,456,1044,208,193,418,1,161,694,0,410,0,-78,-28,60,0,3539
2024/07/23,08:00,3802,0,513,1037,216,183,453,1,162,806,0,389,0,-81,-7,130,0,3802
2024/07/23,08:30,4020,0,526,1041,262,184,483,1,161,867,0,397,0,-52,-7,157,0,4020
2024/07/23,09:00,4113,0,518,1038,234,183,502,1,161,916,0,338,0,24,-4,202,0,4113
2024/07/23,09:30,4165,0,498,1037,216,183,517,1,160,995,0,338,0,16,-4,208,0,4165
2024/07/23,10:00,4222,0,445,1037,200,183,524,1,160,1175,0,278,0,-1,-4,224,0,4222
2024/07/23,10:30,4352,0,513,1034,232,183,526,1,160,1227,0,256,0,-1,-4,225,0,4352
2024/07/23,11:00,4407,0,535,1036,351,183,519,1,160,1184,0,231,0,-1,-4,212,0,4407
2024/07/23,11:30,4363,0,521,1034,406,183,510,1,160,1149,0,204,0,-1,-2,198,0,4363
2024/07/23,12:00,4235,0,485,1035,425,184,490,1,161,1090,0,202,0,-29,-2,193,0,4235
2024/07/23,12:30,4175,0,529,1037,506,201,489,1,161,1058,0,196,0,-209,-4,210,0,4175
2024/07/23,13:00,4306,0,535,1033,498,224,492,1,151,936,0,195,0,25,-2,218,0,4306
2024/07/23,13:30,4316,0,529,1032,481,228,491,1,139,884,0,172,0,147,-4,216,0,4316
2024/07/23,14:00,4296,0,548,1036,580,227,491,1,149,766,0,194,0,120,-7,191,0,4296
2024/07/23,14:30,4300,0,575,1033,634,227,509,1,161,619,0,219,0,134,-10,198,0,4300
2024/07/23,15:00,4210,0,590,1037,651,228,518,1,161,478,0,267,0,79,-3,203,0,4210
2024/07/23,15:30,4224,0,591,1037,652,228,527,1,162,355,0,270,0,211,-6,196,0,4224
2024/07/23,16:00,4211,0,591,1044,652,229,599,1,161,261,0,256,0,375,5,37,0,4211
2024/07/23,16:30,4163,0,592,1041,652,230,664,1,160,205,0,258,0,326,11,23,0,4163
2024/07/23,17:00,4062,0,591,1041,652,232,663,1,162,131,0,275,0,285,7,22,0,4062
2024/07/23,17:30,4024,0,589,1042,651,233,662,1,161,69,0,294,0,304,1,17,0,4024
2024/07/23,18:00,3985,0,589,1043,654,233,585,1,162,20,0,309,0,346,-4,47,0,3985
2024/07/23,18:30,3999,0,588,1042,652,233,584,1,161,0,0,330,0,374,0,34,0,3999
2024/07/23,19:00,3998,0,589,1048,652,233,590,1,162,0,0,310,0,385,-2,30,0,3998
2024/07/23,19:30,3930,0,592,1047,652,233,580,1,161,0,0,253,0,387,-2,26,0,3930
2024/07/23,20:00,3794,0,592,1046,654,234,571,1,161,0,0,272,0,271,-2,-6,0,3794
2024/07/23,20:30,3672,0,592,1047,624,233,537,1,162,0,0,277,0,141,-2,60,0,3672
2024/07/23,21:00,3531,0,575,1045,468,234,525,1,162,0,0,286,0,118,-6,123,0,3531
2024/07/23,21:30,3411,0,553,1043,454,234,519,1,162,0,0,294,0,25,-4,130,0,3411
2024/07/23,22:00,3342,0,567,1042,392,234,510,1,162,0,0,264,0,-1,-4,175,0,3342
2024/07/23,22:30,3276,0,563,1041,374,233,497,1,162,0,0,247,0,-1,-5,164,0,3276
2024/07/23,23:00,3198,0,543,1044,360,233,484,1,162,0,0,267,0,3,-5,106,0,3198
2024/07/23,23:30,3096,0,582,1044,294,234,484,1,162,0,0,269,0,19,-12,19,0,3096
2024/07/24,00:00,3000,0,509,1053,268,234,490,1,163,0,0,266,0,19,-10,7,0,3000
2024/07/24,00:30,2912,0,457,1060,272,231,493,1,162,0,0,260,0,36,-11,-49,0,2912
2024/07/24,01:00,2869,0,391,1048,309,234,502,1,161,0,0,244,0,31,-9,-43,0,2869
2024/07/24,01:30,2851,0,474,1060,185,233,517,1,161,0,0,261,0,34,-9,-66,0,2851
2024/07/24,02:00,2868,0,489,1066,178,233,520,1,161,0,0,255,0,38,-8,-65,0,2868
2024/07/24,02:30,2948,0,506,1065,259,233,521,1,161,0,0,233,0,41,-7,-65,0,2948
2024/07/24,03:00,3013,0,512,1066,317,233,515,1,161,0,0,216,0,63,-7,-64,0,3013
2024/07/24,03:30,3075,0,524,1065,320,233,509,1,162,0,0,222,0,108,-6,-63,0,3075
2024/07/24,04:00,3054,0,524,1062,321,234,506,1,162,2,0,221,0,61,-7,-33,0,3054
2024/07/24,04:30,3086,0,524,1068,321,234,507,1,162,55,0,232,0,51,-5,-64,0,3086
2024/07/24,05:00,3114,0,523,1070,321,234,506,1,163,114,0,212,0,39,-4,-65,0,3114
2024/07/24,05:30,3080,0,480,1071,252,234,511,1,163,159,0,216,0,33,-6,-34,0,3080
2024/07/24,06:00,3111,0,490,1069,189,234,518,1,162,220,0,242,0,27,-9,-32,0,3111
2024/07/24,06:30,3187,0,502,1069,151,234,535,1,162,296,0,233,0,24,-30,10,0,3187
2024/07/24,07:00,3250,0,361,1053,109,234,567,1,162,374,0,214,0,69,-8,114,0,3250
2024/07/24,07:30,3404,0,332,963,109,231,583,1,162,448,0,192,0,281,-9,111,0,3404
2024/07/24,08:00,3603,0,555,1062,230,229,508,1,162,550,0,178,0,93,-8,43,0,3603
2024/07/24,08:30,3825,0,571,1067,316,229,503,1,162,644,0,186,0,95,-7,58,0,3825
2024/07/24,09:00,3933,0,550,1058,316,229,523,1,161,694,0,182,0,58,-3,164,0,3933
2024/07/24,09:30,3967,0,508,1056,308,228,522,1,161,775,0,184,0,18,-5,211,0,3967
2024/07/24,10:00,3966,0,516,1064,304,228,528,1,162,783,0,157,0,2,-5,226,0,3966
2024/07/24,10:30,4012,0,459,1061,245,228,543,1,162,789,0,182,0,125,-4,221,0,4012
2024/07/24,11:00,4021,0,363,1020,172,227,538,1,161,788,0,236,0,301,-5,219,0,4021
2024/07/24,11:30,3927,0,469,1062,212,227,505,1,162,741,0,262,0,87,-4,203,0,3927
2024/07/24,12:00,3684,0,428,1061,229,228,486,1,162,691,0,273,0,-78,-5,208,0,3684
2024/07/24,12:30,3734,0,457,1057,304,227,480,1,163,645,0,285,0,-93,-7,215,0,3734
2024/07/24,13:00,3893,0,443,1067,293,228,480,1,154,665,0,316,0,36,-4,214,0,3893
2024/07/24,13:30,3935,0,464,1065,358,228,481,1,143,576,0,326,0,100,-7,200,0,3935
2024/07/24,14:00,3910,0,586,1066,383,229,486,1,146,484,0,364,0,55,-7,117,0,3910
2024/07/24,14:30,3808,0,595,1066,397,228,485,1,157,429,0,395,0,24,-4,35,0,3808
2024/07/24,15:00,3695,0,582,1064,314,228,502,1,163,347,0,446,0,68,-41,21,0,3695
2024/07/24,15:30,3701,0,581,1061,284,228,515,1,163,299,0,434,0,12,-2,125,0,3701
2024/07/24,16:00,3690,0,568,1056,351,229,521,1,162,255,0,405,0,27,-3,118,0,3690
2024/07/24,16:30,3676,0,565,1055,280,228,531,1,161,203,0,395,0,87,-3,173,0,3676
2024/07/24,17:00,3593,0,567,1058,298,229,548,1,160,135,0,368,0,28,12,189,0,3593
2024/07/24,17:30,3527,0,554,1060,214,230,526,1,159,89,0,386,0,121,35,152,0,3527
2024/07/24,18:00,3492,0,557,1063,176,232,531,1,158,29,0,379,0,183,-4,187,0,3492
2024/07/24,18:30,3484,0,560,1061,183,233,531,1,159,1,0,382,0,223,-4,154,0,3484
2024/07/24,19:00,3508,0,572,1063,180,233,532,1,159,0,0,359,0,306,-4,107,0,3508
2024/07/24,19:30,3462,0,568,1063,197,233,534,1,159,0,0,330,0,290,-4,91,0,3462
2024/07/24,20:00,3346,0,568,1067,235,233,508,1,159,0,0,314,0,191,-6,76,0,3346
2024/07/24,20:30,3270,0,582,1065,211,233,502,1,158,0,0,320,0,140,-44,102,0,3270
2024/07/24,21:00,3148,0,571,1071,129,233,498,1,158,0,0,323,0,131,-6,39,0,3148
2024/07/24,21:30,3030,0,527,1069,119,233,486,1,158,0,0,324,0,43,-5,75,0,3030
2024/07/24,22:00,2974,0,502,1064,164,234,462,1,159,0,0,330,0,31,-7,34,0,2974
2024/07/24,22:30,2912,0,429,1066,281,234,453,1,159,0,0,315,0,2,-9,-19,0,2912
2024/07/24,23:00,2828,0,389,1064,263,234,453,1,158,0,0,334,0,-1,-6,-61,0,2828
2024/07/24,23:30,2744,0,323,1051,224,234,455,1,158,0,0,399,0,-1,-6,-94,0,2744
2024/07/25,00:00,2716,0,397,1062,179,234,455,1,159,0,0,389,0,-1,7,-166,0,2716
2024/07/25,00:30,2624,0,349,993,174,234,451,1,163,0,0,386,0,-1,-5,-121,0,2624
2024/07/25,01:00,2617,0,381,951,174,234,450,1,163,0,0,361,0,-1,-5,-92,0,2617
2024/07/25,01:30,2605,0,350,960,174,234,449,1,163,0,0,320,0,-1,-5,-40,0,2605
2024/07/25,02:00,2653,0,370,1001,174,234,448,1,163,0,0,308,0,-1,-4,-41,0,2653
2024/07/25,02:30,2711,0,398,1027,174,234,447,1,163,0,0,300,0,-1,-5,-27,0,2711
2024/07/25,03:00,2752,0,364,937,174,234,448,1,163,0,0,299,0,-1,-5,138,0,2752
2024/07/25,03:30,2878,0,402,1024,209,234,447,1,163,0,0,281,0,-1,-5,123,0,2878
2024/07/25,04:00,2883,0,443,1064,233,234,453,1,163,2,0,256,0,-1,-5,40,0,2883
2024/07/25,04:30,2901,0,470,1064,250,234,467,1,163,64,0,245,0,-1,-5,-51,0,2901
2024/07/25,05:00,2909,0,387,1067,227,230,479,1,163,153,0,221,0,-1,-5,-13,0,2909
2024/07/25,05:30,2829,0,299,996,209,217,481,1,163,256,0,190,0,-1,-5,23,0,2829
2024/07/25,06:00,2888,0,329,958,174,191,463,1,163,392,0,165,0,-39,-6,97,0,2888
2024/07/25,06:30,2920,0,289,1010,175,184,451,1,163,556,0,136,0,-95,-5,55,0,2920
2024/07/25,07:00,2993,0,339,893,174,185,448,1,163,704,0,111,0,-62,-6,43,0,2993
2024/07/25,07:30,3125,0,353,936,174,183,447,1,163,854,0,105,0,-166,-5,80,0,3125
2024/07/25,08:00,3312,0,377,1003,178,181,463,1,163,1025,0,100,0,-259,-7,87,0,3312
2024/07/25,08:30,3536,0,417,1032,178,180,473,1,163,1153,0,96,0,-216,-44,103,0,3536
2024/07/25,09:00,3613,0,347,1010,222,180,478,1,163,1257,0,89,0,-220,-3,89,0,3613
2024/07/25,09:30,3621,0,350,999,231,179,477,1,163,1364,0,91,0,-334,-4,104,0,3621
2024/07/25,10:00,3644,0,383,1035,258,179,492,1,163,1451,0,41,0,-424,-3,68,0,3644
2024/07/25,10:30,3724,0,337,1048,292,182,505,1,163,1529,0,41,0,-432,-4,62,0,3724
2024/07/25,11:00,3784,0,312,1058,289,183,506,1,162,1598,0,47,0,-431,-3,62,0,3784
2024/07/25,11:30,3774,0,374,1025,243,183,504,1,163,1600,0,45,0,-389,-5,30,0,3774
2024/07/25,12:00,3662,0,326,1015,239,201,502,1,162,1572,0,44,0,-428,-2,30,0,3662
2024/07/25,12:30,3632,0,346,1013,249,225,502,1,163,1538,0,43,0,-455,-2,9,0,3632
2024/07/25,13:00,3767,0,423,1067,292,228,508,1,152,1484,0,41,0,-421,-2,-6,0,3767
2024/07/25,13:30,3767,0,470,1065,292,228,509,1,142,1384,0,18,0,-370,-4,32,0,3767
2024/07/25,14:00,3788,0,438,1067,295,228,523,1,149,1217,0,15,0,-176,-5,36,0,3788
2024/07/25,14:30,3778,0,396,1065,309,228,545,1,161,1027,0,19,0,1,-2,28,0,3778
2024/07/25,15:00,3777,0,496,1071,383,228,561,1,162,817,0,30,0,54,-41,15,0,3777
2024/07/25,15:30,3793,0,519,1069,467,230,596,1,163,623,0,40,0,106,-4,-17,0,3793
2024/07/25,16:00,3756,0,518,1069,431,231,632,1,162,449,0,35,0,239,-6,-5,0,3756
2024/07/25,16:30,3730,0,518,1066,466,231,653,1,162,319,0,40,0,252,-6,28,0,3730
2024/07/25,17:00,3639,0,574,1067,452,232,659,1,162,207,0,46,0,229,-5,15,0,3639
2024/07/25,17:30,3581,0,588,1067,491,233,660,1,162,108,0,46,0,197,0,28,0,3581
2024/07/25,18:00,3537,0,591,1071,452,234,659,1,163,36,0,52,0,234,-5,49,0,3537
2024/07/25,18:30,3535,0,578,1072,446,235,659,1,161,1,0,60,0,262,-3,63,0,3535
2024/07/25,19:00,3557,0,573,1075,466,235,629,1,162,0,0,73,0,301,-6,48,0,3557
2024/07/25,19:30,3523,0,553,1079,502,235,600,1,162,2,0,96,0,268,-7,32,0,3523
2024/07/25,20:00,3384,0,526,1083,478,233,584,1,163,0,0,106,0,197,-5,18,0,3384
2024/07/25,20:30,3286,0,550,1081,431,234,579,1,162,0,0,79,0,112,-4,61,0,3286
2024/07/25,21:00,3158,0,555,1077,407,234,549,1,163,0,0,66,0,110,-5,1,0,3158
2024/07/25,21:30,3056,0,561,1080,391,234,537,1,163,0,0,69,0,36,-3,-13,0,3056
2024/07/25,22:00,3014,0,498,1075,456,234,504,1,163,0,0,81,0,28,-4,-22,0,3014
2024/07/25,22:30,2898,0,451,1079,432,233,489,1,162,0,0,90,0,13,-4,-48,0,2898
2024/07/25,23:00,2875,0,430,1084,317,234,481,1,163,0,0,137,0,21,-4,11,0,2875
2024/07/25,23:30,2823,0,358,1083,289,234,479,1,162,0,0,191,0,20,-5,11,0,2823
2024/07/26,00:00,2682,0,331,1023,290,234,472,1,163,0,0,203,0,19,4,-58,0,2682
2024/07/26,00:30,2614,0,338,915,264,233,471,1,163,0,0,221,0,62,-5,-49,0,2614
2024/07/26,01:00,2582,0,352,907,235,234,470,1,163,0,0,241,0,40,-4,-57,0,2582
2024/07/26,01:30,2600,0,341,908,235,234,471,1,163,0,0,258,0,59,-4,-66,0,2600
2024/07/26,02:00,2632,0,360,869,236,235,477,1,163,0,0,264,0,63,-5,-31,0,2632
2024/07/26,02:30,2744,0,406,966,235,234,482,1,163,0,0,249,0,66,-27,-31,0,2744
2024/07/26,03:00,2789,0,423,1030,238,233,485,1,163,0,0,207,0,27,-7,-11,0,2789
2024/07/26,03:30,2855,0,371,1066,283,233,484,1,163,0,0,213,0,21,-8,28,0,2855
2024/07/26,04:00,2848,0,343,1074,289,234,485,1,163,2,0,240,0,19,-7,5,0,2848
2024/07/26,04:30,2936,0,392,1079,289,233,488,1,163,61,0,251,0,24,-7,-38,0,2936
2024/07/26,05:00,2919,0,325,1071,288,234,507,1,163,154,0,236,0,21,-7,-74,0,2919
2024/07/26,05:30,2835,0,259,967,245,221,480,1,163,245,0,241,0,26,-7,-6,0,2835
2024/07/26,06:00,2849,0,316,863,263,195,465,1,163,323,0,233,0,23,-4,8,0,2849
2024/07/26,06:30,2937,0,301,825,286,187,469,1,164,416,0,230,0,24,-4,38,0,2937
2024/07/26,07:00,2951,0,215,777,286,189,471,1,163,554,0,238,0,29,-6,34,0,2951
2024/07/26,07:30,3137,0,332,745,286,187,454,1,163,690,0,235,0,20,-5,29,0,3137
2024/07/26,08:00,3376,0,433,840,292,184,447,1,163,760,0,236,0,24,-5,1,0,3376
2024/07/26,08:30,3546,0,376,966,293,182,455,1,163,895,0,229,0,-1,-5,-8,0,3546
2024/07/26,09:00,3621,0,356,949,325,180,451,1,163,950,0,230,0,-8,-8,32,0,3621
2024/07/26,09:30,3691,0,328,913,346,180,486,1,163,1066,0,235,0,-183,-6,162,0,3691
2024/07/26,10:00,3720,0,369,992,346,180,493,1,162,1145,0,186,0,-352,-3,201,0,3720
2024/07/26,10:30,3790,0,372,1075,345,180,448,1,162,1227,0,144,0,-371,-5,212,0,3790
2024/07/26,11:00,3831,0,396,1080,346,181,448,1,163,1253,0,130,0,-369,-5,207,0,3831
2024/07/26,11:30,3799,0,475,1062,345,180,448,1,162,1228,0,113,0,-416,-5,206,0,3799
2024/07/26,12:00,3627,0,409,1037,345,198,465,1,163,1171,0,112,0,-462,-2,190,0,3627
2024/07/26,12:30,3633,0,366,1070,349,223,483,1,162,1128,0,115,0,-460,-3,199,0,3633
2024/07/26,13:00,3733,0,408,1075,349,227,488,1,154,1053,0,114,0,-331,-2,197,0,3733
2024/07/26,13:30,3757,0,384,1068,353,226,503,1,142,943,0,104,0,-156,-5,194,0,3757
2024/07/26,14:00,3812,0,390,1065,362,228,514,1,150,893,0,124,0,-1,-1,87,0,3812
2024/07/26,14:30,3780,0,500,1080,430,227,527,1,162,771,0,117,0,0,-1,-34,0,3780
2024/07/26,15:00,3702,0,466,1075,552,228,562,1,162,569,0,138,0,58,-5,-104,0,3702
2024/07/26,15:30,3694,0,437,1073,493,228,577,1,162,479,0,170,0,88,-5,-9,0,3694
2024/07/26,16:00,3726,0,478,1073,501,229,610,1,162,340,0,176,0,194,-6,-32,0,3726
2024/07/26,16:30,3732,0,537,1071,540,229,627,1,163,229,0,188,0,185,-6,-32,0,3732
2024/07/26,17:00,3602,0,574,1069,486,229,628,1,162,141,0,192,0,156,-5,-31,0,3602
2024/07/26,17:30,3540,0,565,1072,354,229,629,1,162,70,0,193,0,266,-4,3,0,3540
2024/07/26,18:00,3505,0,584,1075,322,232,669,1,163,22,0,188,0,245,-3,7,0,3505
2024/07/26,18:30,3491,0,582,1075,261,234,678,1,162,0,0,187,0,302,-1,10,0,3491
2024/07/26,19:00,3497,0,592,1077,290,231,677,1,162,0,0,149,0,301,-4,21,0,3497
2024/07/26,19:30,3425,0,581,1075,315,230,611,1,163,0,0,139,0,283,-4,31,0,3425
2024/07/26,20:00,3299,0,559,1077,270,232,592,1,163,0,0,153,0,263,-4,-7,0,3299
2024/07/26,20:30,3237,0,564,1075,334,234,569,1,163,0,0,129,0,176,-20,12,0,3237
2024/07/26,21:00,3119,0,581,1081,347,234,519,1,163,0,0,99,0,62,-6,38,0,3119
2024/07/26,21:30,3009,0,581,1080,324,233,506,1,162,0,0,98,0,18,-6,12,0,3009
2024/07/26,22:00,2962,0,516,1076,319,235,488,1,163,0,0,96,0,36,-6,38,0,2962
2024/07/26,22:30,2914,0,500,1080,303,234,479,1,163,0,0,97,0,21,-7,43,0,2914
2024/07/26,23:00,2844,0,486,1084,254,234,445,1,163,0,0,110,0,19,-7,55,0,2844
2024/07/26,23:30,2748,0,454,1083,215,234,443,1,163,0,0,120,0,34,-4,5,0,2748
2024/07/27,00:00,2658,0,434,1075,225,235,428,1,163,0,0,127,0,51,-5,-76,0,2658
2024/07/27,00:30,2612,0,484,1075,234,234,420,1,163,0,0,100,0,25,-4,-120,0,2612
2024/07/27,01:00,2585,0,473,1078,258,234,412,1,163,0,0,91,0,22,-5,-142,0,2585
2024/07/27,01:30,2567,0,457,1079,289,234,408,1,163,0,0,72,0,22,-5,-153,0,2567
2024/07/27,02:00,2596,0,387,1077,270,234,399,1,163,0,0,87,0,54,-5,-71,0,2596
2024/07/27,02:30,2678,0,407,1079,266,234,411,1,163,0,0,115,0,69,-4,-63,0,2678
2024/07/27,03:00,2748,0,423,1077,238,234,429,1,163,0,0,89,0,127,-2,-31,0,2748
2024/07/27,03:30,2834,0,468,1077,278,234,448,1,164,0,0,68,0,129,-3,-30,0,2834
2024/07/27,04:00,2794,0,453,1077,279,233,447,1,164,2,0,60,0,101,-4,-19,0,2794
2024/07/27,04:30,2802,0,451,1077,275,234,442,1,163,56,0,54,0,98,-1,-48,0,2802
2024/07/27,05:00,2822,0,508,1079,319,221,432,1,163,124,0,37,0,24,-4,-82,0,2822
2024/07/27,05:30,2758,0,438,1080,277,195,421,1,163,186,0,25,0,24,-3,-49,0,2758
2024/07/27,06:00,2714,0,400,1080,202,187,369,1,163,241,0,35,0,24,-6,18,0,2714
2024/07/27,06:30,2684,0,365,1068,109,189,360,1,163,288,0,33,0,0,-7,115,0,2684
2024/07/27,07:00,2718,0,374,1024,109,189,362,1,163,360,0,18,0,0,-8,126,0,2718
2024/07/27,07:30,2810,0,407,1018,109,187,362,1,163,456,0,15,0,0,-38,130,0,2810
2024/07/27,08:00,2932,0,417,1066,124,185,362,1,161,548,0,17,0,0,-8,59,0,2932
2024/07/27,08:30,3048,0,425,1083,177,184,362,1,162,618,0,18,0,0,-6,24,0,3048
2024/07/27,09:00,3122,0,465,1080,141,184,374,1,161,677,0,16,0,0,-3,26,0,3122
2024/07/27,09:30,3114,0,366,1061,129,184,375,1,161,718,0,15,0,-34,-4,142,0,3114
2024/07/27,10:00,3159,0,495,1083,121,184,375,1,162,799,0,7,0,-206,-5,143,0,3159
2024/07/27,10:30,3181,0,463,1089,109,184,375,1,160,841,0,25,0,-235,-4,173,0,3181
2024/07/27,11:00,3213,0,490,1089,109,184,375,1,162,874,0,29,0,-233,-4,137,0,3213
2024/07/27,11:30,3251,0,510,1084,117,184,364,1,162,867,0,36,0,-234,-3,163,0,3251
2024/07/27,12:00,3219,0,486,1083,154,202,360,1,162,824,0,40,0,-219,-3,129,0,3219
2024/07/27,12:30,3181,0,422,1081,109,225,357,1,162,781,0,47,0,-171,-3,170,0,3181
2024/07/27,13:00,3184,0,469,1080,115,229,393,1,151,706,0,47,0,-172,-4,169,0,3184
2024/07/27,13:30,3180,0,473,1084,110,229,382,1,141,666,0,73,0,-140,-2,163,0,3180
2024/07/27,14:00,3174,0,503,1092,122,228,387,1,151,598,0,85,0,-130,-2,139,0,3174
2024/07/27,14:30,3168,0,481,1089,209,229,399,1,162,510,0,89,0,3,-3,-1,0,3168
2024/07/27,15:00,3177,0,504,1087,271,229,436,1,162,432,0,100,0,17,-4,-58,0,3177
2024/07/27,15:30,3173,0,509,1086,246,228,470,1,162,346,0,110,0,23,-2,-6,0,3173
2024/07/27,16:00,3202,0,525,1086,276,229,508,1,162,250,0,110,0,90,-4,-31,0,3202
2024/07/27,16:30,3234,0,524,1084,143,229,541,1,162,187,0,113,0,292,-7,-35,0,3234
2024/07/27,17:00,3243,0,570,1084,209,229,559,1,161,109,0,126,0,241,-3,-43,0,3243
2024/07/27,17:30,3253,0,573,1083,209,230,562,1,162,54,0,139,0,275,-3,-32,0,3253
2024/07/27,18:00,3265,0,546,1085,187,232,598,1,162,17,0,166,0,308,-3,-34,0,3265
2024/07/27,18:30,3279,0,529,1090,115,233,600,1,162,0,0,197,0,346,38,-32,0,3279
2024/07/27,19:00,3339,0,569,1089,182,233,606,1,161,0,0,197,0,317,-1,-15,0,3339
2024/07/27,19:30,3275,0,560,1092,153,233,612,1,162,0,0,212,0,284,36,-70,0,3275
2024/07/27,20:00,3173,0,569,1093,184,234,541,1,162,0,0,226,0,166,-1,-2,0,3173
2024/07/27,20:30,3085,0,572,1097,196,234,524,1,162,0,0,225,0,53,0,21,0,3085
2024/07/27,21:00,2998,0,571,1095,234,234,494,1,162,0,0,219,0,19,-8,-23,0,2998
2024/07/27,21:30,2908,0,564,1093,234,234,475,1,162,0,0,220,0,23,-7,-91,0,2908
2024/07/27,22:00,2908,0,511,1095,238,234,424,1,161,0,0,227,0,27,-7,-3,0,2908
2024/07/27,22:30,2806,0,504,1092,217,231,411,1,161,0,0,231,0,20,-14,-48,0,2806
2024/07/27,23:00,2764,0,505,1093,198,230,369,1,161,0,0,237,0,19,-50,1,0,2764
2024/07/27,23:30,2666,0,493,1091,113,228,366,1,161,0,0,260,0,26,-48,-25,0,2666
2024/07/28,00:00,2616,0,490,1087,115,234,346,1,161,0,0,272,0,39,-3,-126,0,2616
2024/07/28,00:30,2542,0,451,1088,109,235,361,1,161,0,0,271,0,17,-3,-149,0,2542
2024/07/28,01:00,2504,0,328,1007,109,234,357,1,161,0,0,281,0,46,-5,-15,0,2504
2024/07/28,01:30,2488,0,343,969,109,233,355,1,161,0,0,283,0,39,-2,-3,0,2488
2024/07/28,02:00,2532,0,403,952,109,234,356,1,161,0,0,285,0,68,-5,-32,0,2532
2024/07/28,02:30,2628,0,432,1042,109,235,359,1,161,0,0,273,0,63,-4,-43,0,2628
2024/07/28,03:00,2691,0,385,1093,109,234,376,1,161,0,0,270,0,43,-1,20,0,2691
2024/07/28,03:30,2743,0,449,1092,109,234,381,1,161,0,0,248,0,29,-1,40,0,2743
2024/07/28,04:00,2781,0,491,1097,109,234,397,1,161,2,0,255,0,19,-4,19,0,2781
2024/07/28,04:30,2825,0,486,1098,109,234,392,1,161,48,0,257,0,23,-3,19,0,2825
2024/07/28,05:00,2829,0,450,1086,109,234,399,1,162,103,0,252,0,19,-2,16,0,2829
2024/07/28,05:30,2711,0,365,1000,101,234,413,1,161,124,0,241,0,15,-2,58,0,2711
2024/07/28,06:00,2671,0,362,962,57,221,422,1,162,129,0,223,0,13,-11,130,0,2671
2024/07/28,06:30,2657,0,349,985,56,193,422,1,162,146,0,194,0,21,-6,134,0,2657
2024/07/28,07:00,2668,0,341,991,60,185,435,1,162,180,0,179,0,10,-6,130,0,2668
2024/07/28,07:30,2688,0,383,1010,106,188,438,1,162,223,0,152,0,-93,-4,122,0,2688
2024/07/28,08:00,2763,0,434,1084,109,185,452,1,161,273,0,155,0,-229,-7,145,0,2763
2024/07/28,08:30,2837,0,453,1080,109,184,456,1,161,335,0,177,0,-225,-46,152,0,2837
2024/07/28,09:00,2873,0,375,1074,109,185,462,1,161,381,0,206,0,-229,-1,149,0,2873
2024/07/28,09:30,2903,0,312,1028,85,184,498,1,161,429,0,227,0,-169,-2,149,0,2903
2024/07/28,10:00,2931,0,345,1006,56,185,509,1,161,471,0,223,0,-169,-2,145,0,2931
2024/07/28,10:30,2943,0,340,978,56,184,516,1,160,504,0,203,0,-133,-2,136,0,2943
2024/07/28,11:00,2983,0,399,982,56,184,516,1,162,521,0,169,0,-169,-2,164,0,2983
2024/07/28,11:30,3031,0,396,1016,76,185,518,1,162,537,0,157,0,-171,-3,157,0,3031
2024/07/28,12:00,3027,0,351,1024,109,204,529,1,162,517,0,156,0,-172,-6,152,0,3027
2024/07/28,12:30,2995,0,341,987,96,226,535,1,162,513,0,147,0,-172,-6,165,0,2995
2024/07/28,13:00,2984,0,327,1022,57,229,540,1,150,487,0,151,0,-137,-6,163,0,2984
2024/07/28,13:30,2970,0,275,1020,56,230,545,1,141,483,0,168,0,-97,-6,154,0,2970
2024/07/28,14:00,2964,0,282,1013,56,229,547,1,149,438,0,190,0,-100,-6,165,0,2964
2024/07/28,14:30,2958,0,427,1080,56,230,552,1,161,389,0,178,0,-220,-5,109,0,2958
2024/07/28,15:00,3004,0,415,1085,56,230,559,1,162,324,0,142,0,-75,-23,128,0,3004
2024/07/28,15:30,3046,0,473,1092,99,229,567,1,162,256,0,98,0,23,-4,50,0,3046
2024/07/28,16:00,3092,0,477,1089,126,229,604,1,162,198,0,85,0,20,-4,105,0,3092
2024/07/28,16:30,3132,0,514,1088,238,229,611,1,162,138,0,83,0,25,-4,47,0,3132
2024/07/28,17:00,3163,0,578,1088,275,229,619,1,162,74,0,91,0,51,-4,-1,0,3163
2024/07/28,17:30,3213,0,551,1089,281,230,659,1,161,49,0,104,0,125,-4,-33,0,3213
2024/07/28,18:00,3231,0,580,1086,321,232,665,1,161,14,0,110,0,94,-2,-31,0,3231
2024/07/28,18:30,3253,0,558,1082,318,233,643,1,160,0,0,117,0,140,33,-32,0,3253
2024/07/28,19:00,3306,0,596,1084,321,234,632,1,161,0,0,126,0,148,33,-30,0,3306
2024/07/28,19:30,3264,0,597,1082,321,234,604,1,161,0,0,101,0,148,16,-1,0,3264
2024/07/28,20:00,3181,0,601,1079,320,233,603,1,161,0,0,83,0,136,-5,-31,0,3181
2024/07/28,20:30,3109,0,596,1078,320,233,578,1,161,0,0,61,0,118,-5,-32,0,3109
2024/07/28,21:00,3024,0,589,1074,321,234,561,1,161,0,0,61,0,86,-3,-61,0,3024
2024/07/28,21:30,2934,0,588,1074,229,232,556,1,161,0,0,72,0,89,-8,-60,0,2934
2024/07/28,22:00,2833,0,531,1079,130,232,516,1,161,0,0,78,0,145,-8,-32,0,2833
2024/07/28,22:30,2767,0,472,1080,211,234,508,1,161,0,0,94,0,33,-13,-14,0,2767
2024/07/28,23:00,2739,0,514,1077,162,234,492,1,161,0,0,148,0,34,-46,-38,0,2739
2024/07/28,23:30,2647,0,384,1068,109,234,488,1,161,0,0,248,0,31,-45,-32,0,2647
2024/07/29,00:00,2591,0,400,1013,109,232,471,1,161,0,0,264,0,27,-4,-83,0,2591
2024/07/29,00:30,2529,0,355,1026,109,226,474,1,161,0,0,233,0,25,-3,-78,0,2529
2024/07/29,01:00,2498,0,355,1025,109,220,466,1,161,0,0,221,0,4,-3,-61,0,2498
2024/07/29,01:30,2480,0,297,963,109,214,474,1,161,0,0,214,0,-1,-3,51,0,2480
2024/07/29,02:00,2527,0,357,930,109,208,477,1,161,0,0,206,0,-1,-5,84,0,2527
2024/07/29,02:30,2605,0,386,985,109,209,468,1,161,0,0,194,0,-1,-32,125,0,2605
2024/07/29,03:00,2682,0,325,1074,109,210,472,1,162,0,0,197,0,-1,-1,134,0,2682
2024/07/29,03:30,2762,0,393,1073,109,210,470,1,161,0,0,201,0,-1,-2,147,0,2762
2024/07/29,04:00,2786,0,451,1068,109,210,468,1,161,1,0,174,0,-1,-4,148,0,2786
2024/07/29,04:30,2798,0,472,1070,109,210,471,1,161,40,0,134,0,-1,-1,132,0,2798
2024/07/29,05:00,2848,0,451,1072,109,210,468,1,161,98,0,149,0,-1,-2,132,0,2848
2024/07/29,05:30,2794,0,377,1069,109,210,467,1,161,133,0,137,0,-1,-3,134,0,2794
2024/07/29,06:00,2839,0,361,1075,109,210,465,1,161,158,0,159,0,-1,-8,149,0,2839
2024/07/29,06:30,2899,0,384,1074,109,196,456,1,161,194,0,189,0,-1,-19,155,0,2899
2024/07/29,07:00,2981,0,378,1072,109,171,482,1,161,237,0,217,0,-1,-7,161,0,2981
2024/07/29,07:30,3109,0,410,1073,110,163,504,1,161,272,0,252,0,1,-7,169,0,3109
2024/07/29,08:00,3326,0,514,1074,150,164,516,1,161,290,0,261,0,31,-5,169,0,3326
2024/07/29,08:30,3550,0,531,1073,257,164,522,1,161,300,0,271,0,108,-4,166,0,3550
2024/07/29,09:00,3667,0,551,1074,258,164,535,1,161,298,0,281,0,160,-3,187,0,3667
2024/07/29,09:30,3687,0,591,1071,225,163,537,1,161,313,0,288,0,155,-4,186,0,3687
2024/07/29,10:00,3702,0,592,1069,290,163,535,1,161,334,0,278,0,64,-4,219,0,3702
2024/07/29,10:30,3720,0,575,1070,370,163,538,1,160,358,0,252,0,21,2,210,0,3720
2024/07/29,11:00,3714,0,575,1072,365,163,557,1,160,368,0,230,0,23,-4,204,0,3714
2024/07/29,11:30,3680,0,575,1071,318,163,556,1,160,348,0,209,0,79,-4,204,0,3680
2024/07/29,12:00,3526,0,561,1068,218,163,553,1,160,314,0,204,0,92,-6,198,0,3526
2024/07/29,12:30,3472,0,395,1070,159,181,562,1,160,325,0,205,0,256,-7,165,0,3472
2024/07/29,13:00,3650,0,504,1071,163,204,578,1,147,320,0,203,0,277,-6,188,0,3650
2024/07/29,13:30,3702,0,552,1071,198,208,583,1,139,322,0,195,0,257,-6,182,0,3702
2024/07/29,14:00,3735,0,559,1078,232,208,587,1,145,289,0,210,0,260,-4,170,0,3735
2024/07/29,14:30,3725,0,590,1082,249,208,597,1,158,243,0,199,0,256,-5,147,0,3725
2024/07/29,15:00,3655,0,592,1081,266,208,603,1,160,194,0,178,0,177,-3,198,0,3655
2024/07/29,15:30,3669,0,592,1078,319,208,631,1,160,170,0,162,0,142,-3,209,0,3669
2024/07/29,16:00,3679,0,594,1084,324,209,651,1,160,132,0,154,0,152,11,207,0,3679
2024/07/29,16:30,3653,0,594,1086,316,209,654,1,159,102,0,156,0,156,35,185,0,3653
2024/07/29,17:00,3570,0,593,1086,324,209,662,1,160,61,0,149,0,120,33,172,0,3570
2024/07/29,17:30,3568,0,596,1086,324,209,665,1,160,43,0,179,0,115,-4,194,0,3568
2024/07/29,18:00,3535,0,588,1083,311,209,676,1,159,20,0,194,0,118,-3,179,0,3535
2024/07/29,18:30,3527,0,587,1082,309,209,679,1,159,1,0,206,0,115,-5,184,0,3527
2024/07/29,19:00,3544,0,588,1088,324,209,673,1,159,0,0,171,0,131,-4,204,0,3544
2024/07/29,19:30,3456,0,583,1088,292,209,675,1,160,0,0,175,0,115,-4,162,0,3456
2024/07/29,20:00,3335,0,581,1092,274,210,665,1,160,0,0,160,0,34,-4,162,0,3335
2024/07/29,20:30,3265,0,570,1089,263,210,667,1,160,0,0,156,0,19,-4,134,0,3265
2024/07/29,21:00,3159,0,529,1090,267,210,657,1,160,0,0,168,0,19,-8,66,0,3159
2024/07/29,21:30,3047,0,499,1092,259,210,642,1,160,0,0,174,0,2,-8,16,0,3047
2024/07/29,22:00,2991,0,453,1092,185,210,634,1,161,0,0,173,0,-1,-8,91,0,2991
2024/07/29,22:30,2933,0,398,1091,154,210,632,1,160,0,0,206,0,-1,-14,96,0,2933
2024/07/29,23:00,2900,0,386,1090,116,210,611,1,161,0,0,266,0,0,-46,105,0,2900
2024/07/29,23:30,2764,0,288,998,108,210,608,1,160,0,0,374,0,17,-44,44,0,2764
2024/07/30,00:00,2720,0,312,990,65,210,597,1,160,0,0,388,0,29,2,-34,0,2720
2024/07/30,00:30,2590,0,284,839,56,209,569,1,160,0,0,376,0,-3,-3,102,0,2590
2024/07/30,01:00,2567,0,349,798,56,210,568,1,160,0,0,398,0,-97,-3,127,0,2567
2024/07/30,01:30,2563,0,326,787,56,210,567,1,161,0,0,431,0,-99,-4,127,0,2563
2024/07/30,02:00,2594,0,323,792,56,210,569,1,161,0,0,459,0,-98,-5,126,0,2594
2024/07/30,02:30,2668,0,351,793,56,210,571,1,160,0,0,491,0,-99,-8,142,0,2668
2024/07/30,03:00,2777,0,383,852,56,210,572,1,161,0,0,502,0,-100,-3,143,0,2777
2024/07/30,03:30,2821,0,374,919,56,209,573,1,161,0,0,490,0,-95,-3,136,0,2821
2024/07/30,04:00,2851,0,377,885,56,210,569,1,160,1,0,482,0,-12,-2,124,0,2851
2024/07/30,04:30,2843,0,363,927,56,210,565,1,160,30,0,447,0,-3,-2,89,0,2843
2024/07/30,05:00,2868,0,359,986,56,210,561,1,161,105,0,423,0,-68,-4,78,0,2868
2024/07/30,05:30,2802,0,351,885,56,210,540,1,160,171,0,433,0,-94,-11,100,0,2802
2024/07/30,06:00,2897,0,339,867,56,210,510,1,160,273,0,434,0,-98,-9,154,0,2897
2024/07/30,06:30,2919,0,345,817,56,198,510,1,160,406,0,388,0,-97,-7,142,0,2919
2024/07/30,07:00,3021,0,353,792,56,172,513,1,161,534,0,389,0,-97,-7,154,0,3021
2024/07/30,07:30,3151,0,369,819,56,163,513,1,160,661,0,398,0,-97,-40,148,0,3151
2024/07/30,08:00,3359,0,366,849,60,164,509,1,160,798,0,388,0,-97,-6,167,0,3359
2024/07/30,08:30,3527,0,375,923,59,164,508,1,159,913,0,374,0,-92,-6,149,0,3527
2024/07/30,09:00,3659,0,355,973,60,164,510,1,160,1035,0,362,0,-79,2,116,0,3659
2024/07/30,09:30,3765,0,344,987,60,163,511,1,160,1177,0,363,0,-99,-4,102,0,3765
2024/07/30,10:00,3810,0,354,1013,59,163,507,1,160,1260,0,338,0,-149,-4,108,0,3810
2024/07/30,10:30,3832,0,430,1080,98,163,501,1,159,1316,0,316,0,-314,-5,87,0,3832
2024/07/30,11:00,3774,0,309,1075,113,163,506,1,160,1345,0,295,0,-285,-4,96,0,3774
2024/07/30,11:30,3752,0,370,964,71,163,500,1,159,1344,0,287,0,-201,-3,97,0,3752
2024/07/30,12:00,3667,0,368,912,60,164,513,1,160,1347,0,292,0,-204,-7,61,0,3667
2024/07/30,12:30,3679,0,401,895,59,181,526,1,160,1310,0,288,0,-197,-6,61,0,3679
2024/07/30,13:00,3819,0,397,968,82,204,564,1,149,1295,0,286,0,-196,-8,77,0,3819
2024/07/30,13:30,3849,0,422,920,112,208,581,1,139,1230,0,255,0,-87,-6,74,0,3849
2024/07/30,14:00,3803,0,333,973,113,208,597,1,148,1148,0,266,0,-29,-16,61,0,3803
2024/07/30,14:30,3747,0,365,941,113,208,599,1,162,1002,0,278,0,50,-3,31,0,3747
2024/07/30,15:00,3709,0,420,1045,113,209,596,1,164,824,0,265,0,45,-19,46,0,3709
2024/07/30,15:30,3729,0,500,1088,127,208,592,1,162,708,0,262,0,22,-3,62,0,3729
2024/07/30,16:00,3706,0,534,1090,160,209,610,1,160,534,0,267,0,80,-3,64,0,3706
2024/07/30,16:30,3704,0,540,1090,218,209,628,1,159,369,0,260,0,102,-3,131,0,3704
2024/07/30,17:00,3626,0,536,1088,286,209,641,1,160,208,0,259,0,78,25,135,0,3626
2024/07/30,17:30,3554,0,536,1087,322,209,659,1,160,62,0,267,0,98,2,151,0,3554
2024/07/30,18:00,3530,0,591,1090,286,209,674,1,161,10,0,269,0,180,-3,62,0,3530
2024/07/30,18:30,3532,0,604,1087,130,210,691,1,161,1,0,283,0,304,-2,62,0,3532
2024/07/30,19:00,3580,0,604,1091,204,210,688,1,160,0,0,260,0,308,-4,58,0,3580
2024/07/30,19:30,3490,0,604,1090,256,210,660,1,161,1,0,234,0,159,-3,117,0,3490
2024/07/30,20:00,3359,0,604,1084,195,209,621,1,161,0,0,210,0,136,-3,141,0,3359
2024/07/30,20:30,3257,0,604,1083,220,209,608,1,160,0,0,202,0,81,-3,92,0,3257
2024/07/30,21:00,3135,0,598,1081,193,210,603,1,161,0,0,185,0,74,29,0,0,3135
2024/07/30,21:30,3025,0,604,1080,175,209,579,1,161,0,0,180,0,22,-1,15,0,3025
2024/07/30,22:00,2919,0,504,1100,110,210,572,1,161,0,0,168,0,22,-7,78,0,2919
2024/07/30,22:30,2849,0,494,1122,109,210,572,1,161,0,0,153,0,20,-10,17,0,2849
2024/07/30,23:00,2809,0,500,1119,115,210,572,1,161,0,0,169,0,18,-44,-12,0,2809
2024/07/30,23:30,2713,0,504,1117,117,210,566,1,161,0,0,161,0,21,-42,-103,0,2713
2024/07/31,00:00,2675,0,515,1121,120,211,520,1,161,0,0,134,0,76,-3,-181,0,2675
2024/07/31,00:30,2553,0,456,1117,109,210,496,1,161,0,0,124,0,20,-4,-137,0,2553
2024/07/31,01:00,2568,0,456,1121,109,210,508,1,161,0,0,122,0,20,-3,-137,0,2568
2024/07/31,01:30,2558,0,391,1122,109,210,510,1,161,0,0,115,0,2,-3,-60,0,2558
2024/07/31,02:00,2598,0,393,1121,109,210,514,1,161,0,0,101,0,0,-4,-8,0,2598
2024/07/31,02:30,2656,0,422,1120,109,209,514,1,161,0,0,93,0,0,-5,32,0,2656
2024/07/31,03:00,2713,0,444,1121,109,209,505,1,161,0,0,105,0,48,-1,11,0,2713
2024/07/31,03:30,2777,0,451,1106,112,209,505,1,161,0,0,123,0,141,-3,-29,0,2777
2024/07/31,04:00,2792,0,502,1082,161,209,476,1,161,0,0,119,0,117,-4,-32,0,2792
2024/07/31,04:30,2776,0,499,1080,140,209,469,1,161,16,0,111,0,131,-3,-38,0,2776
2024/07/31,05:00,2823,0,502,1084,123,209,462,1,160,98,0,102,0,114,-2,-30,0,2823
2024/07/31,05:30,2735,0,434,1087,110,208,467,1,161,173,0,94,0,34,-4,-30,0,2735
2024/07/31,06:00,2815,0,470,996,109,209,475,1,161,277,0,81,0,2,-7,41,0,2815
2024/07/31,06:30,2829,0,381,978,73,195,479,1,161,367,0,75,0,0,-7,126,0,2829
2024/07/31,07:00,2930,0,402,1009,67,170,478,1,161,461,0,60,0,0,-7,128,0,2930
2024/07/31,07:30,3094,0,404,1051,61,172,476,1,161,575,0,65,0,0,-29,157,0,3094
2024/07/31,08:00,3279,0,412,1109,60,175,476,1,161,682,0,77,0,0,-7,133,0,3279
2024/07/31,08:30,3417,0,333,1129,59,180,479,1,161,810,0,86,0,0,-8,187,0,3417
2024/07/31,09:00,3502,0,339,1121,58,183,476,1,159,889,0,90,0,0,-4,190,0,3502
2024/07/31,09:30,3502,0,278,1109,58,182,478,1,160,980,0,96,0,-4,-4,168,0,3502
2024/07/31,10:00,3546,0,381,1082,58,182,476,1,159,1127,0,89,0,-197,-5,193,0,3546
2024/07/31,10:30,3614,0,369,1049,58,182,472,1,159,1256,0,85,0,-217,-3,203,0,3614
2024/07/31,11:00,3654,0,392,1035,59,182,480,1,160,1287,0,74,0,-202,-5,191,0,3654
2024/07/31,11:30,3640,0,352,1028,59,181,478,1,160,1372,0,72,0,-213,-3,153,0,3640
2024/07/31,12:00,3516,0,398,990,59,182,469,1,160,1345,0,74,0,-193,-5,36,0,3516
2024/07/31,12:30,3548,0,409,1034,59,182,471,1,160,1279,0,83,0,-208,-5,83,0,3548
2024/07/31,13:00,3696,0,448,1128,62,182,478,1,148,1208,0,88,0,-214,-5,172,0,3696
2024/07/31,13:30,3656,0,354,1127,108,182,502,1,139,1143,0,97,0,-150,-5,158,0,3656
2024/07/31,14:00,3622,0,402,1049,112,183,495,1,147,1045,0,126,0,-93,-5,160,0,3622
2024/07/31,14:30,3644,0,434,1115,111,201,535,1,159,919,0,127,0,16,-6,32,0,3644
2024/07/31,15:00,3580,0,427,1186,131,224,579,1,159,776,0,94,0,60,-25,-32,0,3580
2024/07/31,15:30,3594,0,473,1187,193,227,607,1,160,639,0,74,0,71,-4,-34,0,3594
2024/07/31,16:00,3609,0,510,1189,241,228,657,1,160,481,0,71,0,107,-4,-32,0,3609
2024/07/31,16:30,3617,0,580,1186,281,229,676,1,160,345,0,72,0,79,-3,11,0,3617
2024/07/31,17:00,3529,0,590,1190,321,229,702,1,160,170,0,70,0,76,5,15,0,3529
2024/07/31,17:30,3467,0,605,1189,284,230,700,1,161,56,0,65,0,128,34,14,0,3467
2024/07/31,18:00,3444,0,607,1187,253,231,699,1,160,8,0,63,0,273,-3,-35,0,3444
2024/07/31,18:30,3476,0,615,1181,250,233,688,1,161,1,0,64,0,298,-3,-13,0,3476
2024/07/31,19:00,3492,0,616,1178,276,232,688,1,161,0,0,45,0,297,-3,1,0,3492
2024/07/31,19:30,3440,0,603,1178,295,232,676,1,160,0,0,18,0,279,-3,1,0,3440
2024/07/31,20:00,3345,0,600,1180,277,232,671,1,161,0,0,9,0,202,-3,15,0,3345
2024/07/31,20:30,3249,0,597,1180,253,234,646,1,161,0,0,3,0,207,-3,-30,0,3249
2024/07/31,21:00,3137,0,583,1187,167,233,591,1,160,0,0,2,0,185,19,9,0,3137
2024/07/31,21:30,3031,0,603,1182,170,233,589,1,161,0,0,4,0,76,-7,19,0,3031
2024/07/31,22:00,2956,0,546,1179,148,233,588,1,161,0,0,2,0,81,-7,24,0,2956
2024/07/31,22:30,2918,0,508,1179,241,234,569,1,161,0,0,1,0,79,-8,-47,0,2918
2024/07/31,23:00,2876,0,511,1186,248,233,522,1,161,0,0,2,0,86,-17,-57,0,2876
2024/07/31,23:30,2796,0,535,1183,253,233,501,1,161,0,0,3,0,81,-44,-111,0,2796
