単位[MW平均],,,供給力,,,,,,,,,,,,,,,,,,
DATE,TIME,エリア需要,原子力,火力(LNG),火力(石炭),火力(石油),火力(その他),火力出力制御量,水力,地熱,バイオマス,バイオマス出力制御量,太陽光発電実績,太陽光出力制御量,風力発電実績,風力出力制御量,揚水,蓄電池,連系線,その他,合計
2026/04/01,00:00,2930,0,367,1079,326,210,0,396,10,296,0,0,0,275,0,60,-5,-84,0,2930
2026/04/01,00:30,2886,0,398,1078,327,184,0,385,11,296,0,0,0,271,0,103,-7,-160,0,2886
2026/04/01,01:00,2904,0,376,1083,207,173,0,379,11,295,0,0,0,255,0,75,-5,55,0,2904
2026/04/01,01:30,2932,0,333,1070,164,174,0,387,11,296,0,0,0,260,0,15,-5,227,0,2932
2026/04/01,02:00,2986,0,404,1085,306,173,0,395,10,296,0,0,0,230,0,0,1,86,0,2986
2026/04/01,02:30,3048,0,477,1078,358,174,0,411,10,295,0,0,0,210,0,31,-1,5,0,3048
2026/04/01,03:00,3131,0,404,1081,346,173,0,457,10,296,0,0,0,179,0,210,0,-25,0,3131
2026/04/01,03:30,3177,0,401,1076,367,173,0,481,11,296,0,0,0,178,0,228,-2,-32,0,3177
2026/04/01,04:00,3236,0,378,1085,377,173,0,573,11,295,0,0,0,161,0,220,0,-37,0,3236
2026/04/01,04:30,3240,0,357,1083,355,173,0,599,11,296,0,0,0,147,0,265,38,-84,0,3240
2026/04/01,05:00,3248,0,371,1081,330,173,0,554,11,296,0,3,0,139,0,289,46,-45,0,3248
2026/04/01,05:30,3262,0,463,1074,404,173,0,549,10,295,0,143,0,128,0,216,-6,-187,0,3262
2026/04/01,06:00,3259,0,494,900,425,173,0,489,10,296,0,329,0,87,0,218,-4,-158,0,3259
2026/04/01,06:30,3163,0,523,602,408,173,0,487,10,296,0,574,0,77,0,143,-6,-124,0,3163
2026/04/01,07:00,3160,0,446,545,290,172,0,420,11,295,0,929,0,71,0,78,-3,-94,0,3160
2026/04/01,07:30,3190,0,350,497,215,172,0,387,11,296,0,1269,0,75,0,-92,-4,14,0,3190
2026/04/01,08:00,3254,0,392,459,172,173,0,373,11,295,0,1505,0,71,0,-180,-4,-13,0,3254
2026/04/01,08:30,3346,0,338,450,261,173,0,366,10,293,0,1754,0,71,0,-184,-4,-182,0,3346
2026/04/01,09:00,3433,0,338,459,239,172,0,348,11,287,0,1950,0,71,0,-209,-2,-231,0,3433
2026/04/01,09:30,3453,0,347,417,216,156,0,348,11,271,0,1990,73,79,6,-204,-1,-177,0,3453
2026/04/01,10:00,3422,0,456,381,348,126,0,322,11,249,0,1856,293,47,14,-206,2,-170,0,3422
2026/04/01,10:30,3508,0,412,408,371,118,0,306,11,237,52,1944,209,64,11,-306,-4,-53,0,3508
2026/04/01,11:00,3497,0,409,402,370,118,0,300,11,236,52,2081,86,49,7,-323,-54,-102,0,3497
2026/04/01,11:30,3427,0,362,393,343,118,0,300,11,235,52,2153,0,51,0,-324,-59,-156,0,3427
2026/04/01,12:00,3299,0,381,414,373,119,0,301,11,236,52,2023,109,53,8,-324,-54,-234,0,3299
2026/04/01,12:30,3215,0,308,578,282,119,0,301,11,235,52,2040,0,67,0,-329,-21,-376,0,3215
2026/04/01,13:00,3221,0,330,832,232,135,0,304,11,252,0,1932,0,65,0,-332,-7,-533,0,3221
2026/04/01,13:30,3143,0,311,903,264,165,0,319,11,272,0,1779,0,80,0,-323,-6,-632,0,3143
2026/04/01,14:00,3072,0,315,982,259,172,0,341,11,279,0,1586,0,92,0,-315,-6,-644,0,3072
2026/04/01,14:30,2992,0,404,976,298,172,0,356,11,280,0,1359,0,73,0,-291,-6,-640,0,2992
2026/04/01,15:00,2934,0,434,996,334,174,0,387,11,282,0,1094,0,39,0,-185,-6,-626,0,2934
2026/04/01,15:30,2988,0,512,1003,362,172,0,423,11,281,0,812,0,21,0,-61,-4,-544,0,2988
2026/04/01,16:00,3038,0,413,1038,364,176,0,502,11,282,0,522,0,15,0,59,-6,-338,0,3038
2026/04/01,16:30,3096,0,380,1049,322,179,0,575,11,283,0,296,0,14,0,95,-11,-97,0,3096
2026/04/01,17:00,3158,0,466,1084,375,179,0,624,11,286,0,103,0,12,0,20,-7,5,0,3158
2026/04/01,17:30,3250,0,433,1071,354,181,0,670,11,288,0,7,0,13,0,109,35,78,0,3250
2026/04/01,18:00,3367,0,432,1081,353,181,0,725,11,286,0,0,0,9,0,193,84,12,0,3367
2026/04/01,18:30,3389,0,475,1079,364,181,0,744,11,287,0,0,0,15,0,286,65,-118,0,3389
2026/04/01,19:00,3348,0,528,1085,426,181,0,693,10,286,0,0,0,19,0,246,-13,-113,0,3348
2026/04/01,19:30,3292,0,444,1077,392,180,0,661,10,286,0,0,0,37,0,238,-18,-15,0,3292
2026/04/01,20:00,3227,0,450,1086,393,177,0,626,10,285,0,0,0,55,0,153,-15,7,0,3227
2026/04/01,20:30,3143,0,534,1074,431,178,0,614,10,286,0,0,0,81,0,53,-10,-108,0,3143
2026/04/01,21:00,3076,0,508,1080,447,176,0,583,10,287,0,0,0,80,0,0,-10,-85,0,3076
2026/04/01,21:30,3000,0,529,1077,444,176,0,577,10,284,0,0,0,87,0,0,-10,-174,0,3000
2026/04/01,22:00,2952,0,542,1082,457,173,0,510,10,285,0,0,0,93,0,0,-8,-192,0,2952
2026/04/01,22:30,2898,0,498,1071,453,173,0,488,11,286,0,0,0,115,0,0,-9,-188,0,2898
2026/04/01,23:00,2956,0,461,1073,472,174,0,472,11,285,0,0,0,194,0,0,-8,-178,0,2956
2026/04/01,23:30,2898,0,419,1071,425,173,0,455,10,286,0,0,0,295,0,0,-8,-228,0,2898
2026/04/02,00:00,2904,0,412,1079,437,173,0,428,10,286,0,0,0,329,0,0,-9,-241,0,2904
2026/04/02,00:30,2882,0,459,1069,425,173,0,429,11,286,0,0,0,359,0,0,-7,-322,0,2882
2026/04/02,01:00,2937,0,547,1074,490,173,0,430,10,285,0,0,0,353,0,0,-9,-416,0,2937
2026/04/02,01:30,2979,0,533,1072,500,173,0,445,10,286,0,0,0,334,0,0,-3,-371,0,2979
2026/04/02,02:00,3006,0,479,1075,449,173,0,484,11,286,0,0,0,328,0,0,-6,-273,0,3006
2026/04/02,02:30,3094,0,554,1071,475,173,0,502,10,286,0,0,0,352,0,0,-6,-323,0,3094
2026/04/02,03:00,3154,0,502,1087,463,173,0,562,10,287,0,0,0,348,0,15,-9,-284,0,3154
2026/04/02,03:30,3196,0,480,1079,450,173,0,608,10,286,0,0,0,369,0,20,-6,-273,0,3196
2026/04/02,04:00,3228,0,491,1089,442,173,0,640,10,286,0,0,0,365,0,112,-8,-372,0,3228
2026/04/02,04:30,3230,0,508,1077,480,173,0,642,10,286,0,0,0,386,0,146,-7,-471,0,3230
2026/04/02,05:00,3234,0,485,1090,453,174,0,639,10,285,0,2,0,375,0,133,-7,-405,0,3234
2026/04/02,05:30,3248,0,564,1076,479,173,0,593,10,286,0,98,0,386,0,97,-6,-508,0,3248
2026/04/02,06:00,3295,0,568,1089,507,173,0,560,10,286,0,183,0,358,0,80,-6,-513,0,3295
2026/04/02,06:30,3311,0,580,1068,482,173,0,558,11,286,0,291,0,324,0,42,-5,-499,0,3311
2026/04/02,07:00,3330,0,555,1085,502,174,0,518,11,286,0,402,0,293,0,18,-5,-509,0,3330
2026/04/02,07:30,3370,0,522,1074,460,173,0,514,11,286,0,507,0,297,0,12,-5,-481,0,3370
2026/04/02,08:00,3494,0,511,1091,460,172,0,511,10,285,0,618,0,267,0,0,-5,-426,0,3494
2026/04/02,08:30,3614,0,545,1076,497,172,0,508,10,285,0,714,0,264,0,17,-5,-469,0,3614
2026/04/02,09:00,3731,0,594,1088,509,172,0,482,11,286,0,748,0,253,0,24,-4,-432,0,3731
2026/04/02,09:30,3679,0,557,1069,463,172,0,461,11,285,0,777,0,251,0,17,-8,-376,0,3679
2026/04/02,10:00,3716,0,505,1086,471,172,0,383,11,285,0,842,0,209,0,20,-7,-261,0,3716
2026/04/02,10:30,3730,0,453,1072,449,172,0,376,10,286,0,872,0,186,0,11,-6,-151,0,3730
2026/04/02,11:00,3725,0,444,1086,453,172,0,361,10,286,0,857,0,165,0,0,-6,-103,0,3725
2026/04/02,11:30,3713,0,494,1070,475,172,0,360,11,286,0,799,0,156,0,0,-21,-89,0,3713
2026/04/02,12:00,3628,0,487,1088,456,172,0,361,11,285,0,747,0,117,0,0,-41,-55,0,3628
2026/04/02,12:30,3564,0,413,1072,431,173,0,361,11,287,0,705,0,116,0,0,-5,0,0,3564
2026/04/02,13:00,3642,0,550,1090,509,172,0,364,10,273,0,624,0,102,0,13,9,-74,0,3642
2026/04/02,13:30,3586,0,597,1074,510,175,0,391,10,265,0,515,0,79,0,33,-4,-59,0,3586
2026/04/02,14:00,3582,0,598,1087,510,175,0,422,11,276,0,420,0,46,0,87,-5,-45,0,3582
2026/04/02,14:30,3546,0,596,1074,510,176,0,412,11,287,0,337,0,49,0,134,-3,-37,0,3546
2026/04/02,15:00,3530,0,599,1084,508,175,0,484,10,286,0,251,0,52,0,120,-5,-34,0,3530
2026/04/02,15:30,3526,0,597,1071,509,175,0,517,10,287,0,183,0,63,0,66,-5,53,0,3526
2026/04/02,16:00,3509,0,519,1089,463,175,0,571,11,286,0,115,0,80,0,30,-6,176,0,3509
2026/04/02,16:30,3543,0,425,1073,423,179,0,633,11,286,0,73,0,110,0,50,-6,286,0,3543
2026/04/02,17:00,3547,0,434,1084,416,179,0,667,11,286,0,25,0,102,0,62,-4,285,0,3547
2026/04/02,17:30,3587,0,430,1077,382,179,0,669,10,286,0,1,0,134,0,109,34,276,0,3587
2026/04/02,18:00,3618,0,482,1086,459,179,0,668,10,286,0,0,0,158,0,130,36,124,0,3618
2026/04/02,18:30,3576,0,494,1082,474,179,0,666,10,286,0,0,0,186,0,131,15,53,0,3576
2026/04/02,19:00,3557,0,529,1086,505,181,0,661,10,286,0,0,0,188,0,96,-7,22,0,3557
2026/04/02,19:30,3495,0,490,1076,480,180,0,643,10,286,0,0,0,223,0,71,-5,41,0,3495
2026/04/02,20:00,3407,0,453,1084,453,179,0,635,11,285,0,0,0,226,0,71,-7,17,0,3407
2026/04/02,20:30,3291,0,434,1076,436,178,0,585,11,285,0,0,0,241,0,71,-6,-20,0,3291
2026/04/02,21:00,3219,0,434,1082,439,178,0,556,10,285,0,0,0,238,0,43,-7,-39,0,3219
2026/04/02,21:30,3105,0,523,1079,430,176,0,510,10,286,0,0,0,236,0,0,-8,-137,0,3105
2026/04/02,22:00,3034,0,562,1082,444,176,0,475,10,286,0,0,0,221,0,0,-6,-216,0,3034
2026/04/02,22:30,2998,0,527,1069,438,176,0,476,11,287,0,0,0,231,0,0,-8,-209,0,2998
2026/04/02,23:00,3077,0,520,1083,459,178,0,474,11,287,0,0,0,261,0,0,-7,-189,0,3077
2026/04/02,23:30,3015,0,489,1077,429,178,0,470,11,287,0,0,0,311,0,0,-7,-230,0,3015
2026/04/03,00:00,3015,0,467,1080,442,193,0,430,10,286,0,0,0,326,0,0,-7,-212,0,3015
2026/04/03,00:30,2955,0,372,1072,454,214,0,466,10,287,0,0,0,330,0,0,-6,-244,0,2955
2026/04/03,01:00,2994,0,416,1087,456,215,0,494,10,286,0,0,0,330,0,0,-8,-292,0,2994
2026/04/03,01:30,3030,0,438,1075,435,216,0,501,10,287,0,0,0,329,0,119,-6,-374,0,3030
2026/04/03,02:00,3076,0,392,1082,402,216,0,531,10,287,0,0,0,316,0,195,-4,-351,0,3076
2026/04/03,02:30,3136,0,419,1071,416,216,0,544,11,286,0,0,0,316,0,193,-6,-330,0,3136
2026/04/03,03:00,3228,0,382,1084,414,214,0,572,11,287,0,0,0,308,0,238,-5,-277,0,3228
2026/04/03,03:30,3268,0,380,1078,424,215,0,602,10,286,0,0,0,301,0,302,2,-332,0,3268
2026/04/03,04:00,3305,0,387,1087,424,215,0,628,10,286,0,0,0,284,0,307,12,-335,0,3305
2026/04/03,04:30,3309,0,432,1084,411,215,0,629,10,286,0,0,0,269,0,312,13,-352,0,3309
2026/04/03,05:00,3340,0,408,1089,411,215,0,623,10,286,0,3,0,238,0,253,43,-239,0,3340
2026/04/03,05:30,3366,0,526,1060,451,214,0,614,10,286,0,135,0,214,0,238,-3,-379,0,3366
2026/04/03,06:00,3381,0,611,842,503,215,0,580,11,286,0,293,0,177,0,180,-6,-311,0,3381
2026/04/03,06:30,3307,0,565,662,492,214,0,513,11,287,0,493,0,150,0,52,-9,-123,0,3307
2026/04/03,07:00,3313,0,410,666,423,215,0,475,10,285,0,738,0,139,0,0,-8,-40,0,3313
2026/04/03,07:30,3299,0,314,606,236,214,0,437,10,286,0,994,0,155,0,-9,-7,63,0,3299
2026/04/03,08:00,3364,0,410,558,228,199,0,383,11,285,0,1233,0,157,0,-219,-7,126,0,3364
2026/04/03,08:30,3444,0,317,501,217,169,0,366,11,282,0,1484,0,170,0,-247,-7,181,0,3444
2026/04/03,09:00,3479,0,406,439,260,147,0,343,11,271,0,1577,102,154,15,-309,-6,186,0,3479
2026/04/03,09:30,3507,0,270,384,210,126,0,343,11,250,0,1806,33,187,8,-333,-46,299,0,3507
2026/04/03,10:00,3485,0,281,393,170,116,0,344,11,236,52,1943,31,163,8,-330,-5,163,0,3485
2026/04/03,10:30,3489,0,330,368,212,117,0,344,11,235,52,1930,113,138,11,-321,-11,136,0,3489
2026/04/03,11:00,3474,0,280,258,122,117,0,349,11,235,52,2040,41,132,8,-323,-48,301,0,3474
2026/04/03,11:30,3472,0,280,324,97,117,0,352,11,234,52,2069,43,148,9,-328,-53,221,0,3472
2026/04/03,12:00,3334,0,319,363,100,117,0,346,11,235,52,1979,118,154,12,-327,-47,84,0,3334
2026/04/03,12:30,3254,0,300,357,142,118,0,351,11,234,52,1900,140,159,13,-326,-11,19,0,3254
2026/04/03,13:00,3252,0,292,307,140,117,0,357,11,233,41,1931,0,170,0,-327,-9,30,0,3252
2026/04/03,13:30,3138,0,223,276,99,117,0,367,11,233,30,1778,91,235,0,-343,-15,157,0,3138
2026/04/03,14:00,3041,0,233,359,95,118,0,374,11,248,0,1524,86,298,0,-340,-17,138,0,3041
2026/04/03,14:30,2975,0,236,441,94,118,0,386,11,270,0,1312,159,294,2,-345,-11,169,0,2975
2026/04/03,15:00,2949,0,268,593,95,118,0,440,11,280,0,994,131,278,3,-339,-11,222,0,2949
2026/04/03,15:30,2973,0,363,655,95,133,0,473,11,286,0,824,68,263,4,-332,-12,214,0,2973
2026/04/03,16:00,3020,0,425,686,126,182,0,539,11,288,0,562,0,254,0,-71,-6,24,0,3020
2026/04/03,16:30,3126,0,419,921,248,213,0,559,11,288,0,310,0,259,0,0,-5,-97,0,3126
2026/04/03,17:00,3207,0,374,1084,363,216,0,633,11,288,0,96,0,276,0,8,-6,-136,0,3207
2026/04/03,17:30,3279,0,343,1072,305,219,0,673,11,288,0,7,0,291,0,222,22,-174,0,3279
2026/04/03,18:00,3362,0,372,1092,317,218,0,693,11,287,0,0,0,307,0,306,76,-317,0,3362
2026/04/03,18:30,3398,0,448,1085,382,220,0,693,10,287,0,0,0,325,0,322,68,-442,0,3398
2026/04/03,19:00,3404,0,480,1086,430,221,0,701,10,288,0,0,0,371,0,319,41,-543,0,3404
2026/04/03,19:30,3344,0,513,1080,468,219,0,702,11,287,0,0,0,417,0,209,-6,-556,0,3344
2026/04/03,20:00,3238,0,470,1081,472,227,0,688,11,287,0,0,0,425,0,40,-5,-458,0,3238
2026/04/03,20:30,3178,0,470,1076,439,220,0,642,11,288,0,0,0,437,0,74,-7,-472,0,3178
2026/04/03,21:00,3111,0,488,1080,455,218,0,623,10,288,0,0,0,431,0,74,-5,-551,0,3111
2026/04/03,21:30,3021,0,463,1074,454,214,0,558,10,287,0,0,0,449,0,74,-7,-555,0,3021
2026/04/03,22:00,3008,0,428,1084,453,216,0,519,11,287,0,0,0,461,0,73,-5,-519,0,3008
2026/04/03,22:30,2958,0,401,1074,432,215,0,509,11,287,0,0,0,486,0,73,-6,-524,0,2958
2026/04/03,23:00,3032,0,456,1079,429,216,0,502,11,288,0,0,0,523,0,73,-6,-539,0,3032
2026/04/03,23:30,2992,0,453,1075,430,216,0,475,11,288,0,0,0,575,0,63,-5,-589,0,2992
2026/04/04,00:00,2961,0,541,1080,438,215,0,429,11,288,0,0,0,571,0,0,-5,-607,0,2961
2026/04/04,00:30,2933,0,509,1071,429,215,0,445,11,288,0,0,0,565,0,0,-5,-595,0,2933
2026/04/04,01:00,2961,0,429,1076,430,216,0,475,11,288,0,0,0,545,0,0,-8,-501,0,2961
2026/04/04,01:30,2979,0,371,1064,430,216,0,483,11,288,0,0,0,539,0,0,-4,-419,0,2979
2026/04/04,02:00,3005,0,289,1078,451,216,0,505,11,287,0,0,0,527,0,0,-4,-355,0,3005
2026/04/04,02:30,3101,0,312,1071,459,215,0,539,11,287,0,0,0,586,0,0,-4,-375,0,3101
2026/04/04,03:00,3181,0,313,1081,442,215,0,568,11,287,0,0,0,606,0,20,-7,-355,0,3181
2026/04/04,03:30,3207,0,323,1067,365,216,0,576,11,287,0,0,0,663,0,57,-5,-353,0,3207
2026/04/04,04:00,3223,0,425,1078,333,215,0,582,11,287,0,0,0,639,0,57,-4,-400,0,3223
2026/04/04,04:30,3197,0,345,1067,334,216,0,601,11,287,0,0,0,657,0,57,0,-378,0,3197
2026/04/04,05:00,3164,0,338,1083,342,215,0,591,11,287,0,3,0,668,0,53,1,-428,0,3164
2026/04/04,05:30,3130,0,310,1071,263,215,0,594,11,287,0,139,0,672,0,56,0,-488,0,3130
2026/04/04,06:00,3074,0,301,1010,189,200,0,565,10,286,0,281,0,637,0,24,2,-431,0,3074
2026/04/04,06:30,3012,0,290,930,131,169,0,514,10,284,0,457,0,655,0,0,-1,-427,0,3012
2026/04/04,07:00,3000,0,273,917,47,148,0,468,11,271,0,665,0,630,0,0,-2,-428,0,3000
2026/04/04,07:30,2988,0,257,659,46,127,0,443,11,250,0,857,0,653,0,-57,-3,-255,0,2988
2026/04/04,08:00,3024,0,313,488,47,121,0,411,11,237,52,1028,0,696,0,-150,-3,-175,0,3024
2026/04/04,08:30,3312,0,297,598,48,118,0,400,11,237,52,1225,0,753,0,-42,-7,-326,0,3312
2026/04/04,09:00,3247,0,310,590,47,118,0,383,11,237,52,1332,0,745,0,-112,-4,-410,0,3247
2026/04/04,09:30,3251,0,304,614,47,118,0,380,11,236,52,1438,0,748,0,-113,-3,-529,0,3251
2026/04/04,10:00,3219,0,281,499,47,119,0,383,11,235,52,1541,0,748,0,-151,-4,-490,0,3219
2026/04/04,10:30,3259,0,301,607,47,119,0,383,11,236,52,1659,0,756,0,-297,-3,-560,0,3259
2026/04/04,11:00,3379,0,403,717,47,119,0,383,11,236,52,1659,0,730,0,-290,-51,-585,0,3379
2026/04/04,11:30,3421,0,365,782,48,127,0,384,11,236,52,1652,0,719,0,-294,-61,-548,0,3421
2026/04/04,12:00,3292,0,290,794,47,124,0,376,11,236,52,1487,0,744,0,-312,-51,-454,0,3292
2026/04/04,12:30,3080,0,229,650,47,138,0,375,11,252,0,1328,0,757,0,-322,-4,-381,0,3080
2026/04/04,13:00,3019,0,243,666,47,145,0,376,11,271,0,1209,0,756,0,-304,-3,-398,0,3019
2026/04/04,13:30,3059,0,357,839,48,157,0,376,11,278,0,1024,0,796,0,-289,-3,-535,0,3059
2026/04/04,14:00,3108,0,420,920,83,176,0,381,11,286,0,806,0,768,0,-147,-4,-592,0,3108
2026/04/04,14:30,3102,0,328,953,141,206,0,381,11,287,0,639,0,743,0,-6,-3,-578,0,3102
2026/04/04,15:00,3053,0,359,1015,173,215,0,389,10,286,0,438,0,678,0,42,-7,-545,0,3053
2026/04/04,15:30,3011,0,361,1043,189,215,0,403,10,286,0,300,0,610,0,59,-7,-458,0,3011
2026/04/04,16:00,2978,0,328,1038,165,215,0,438,11,283,0,181,0,568,0,59,-7,-301,0,2978
2026/04/04,16:30,3038,0,362,1056,155,218,0,502,10,278,0,103,0,554,0,101,-5,-296,0,3038
2026/04/04,17:00,3116,0,350,1084,224,218,0,593,10,277,0,30,0,529,0,117,-7,-309,0,3116
2026/04/04,17:30,3184,0,331,1068,240,218,0,652,11,277,0,2,0,547,0,165,35,-362,0,3184
2026/04/04,18:00,3259,0,339,1076,246,219,0,697,11,276,0,0,0,531,0,231,-6,-361,0,3259
2026/04/04,18:30,3257,0,348,1068,364,218,0,700,11,276,0,0,0,555,0,67,38,-388,0,3257
2026/04/04,19:00,3218,0,330,1061,245,219,0,652,11,276,0,0,0,557,0,43,65,-241,0,3218
2026/04/04,19:30,3170,0,359,1066,252,217,0,647,11,277,0,0,0,579,0,0,-6,-232,0,3170
2026/04/04,20:00,3110,0,404,845,268,216,0,594,11,275,0,0,0,624,0,59,32,-218,0,3110
2026/04/04,20:30,3036,0,424,730,348,215,0,592,11,273,0,0,0,659,0,47,-6,-257,0,3036
2026/04/04,21:00,2973,0,464,737,332,215,0,575,11,274,0,0,0,660,0,50,-6,-339,0,2973
2026/04/04,21:30,2891,0,381,729,284,216,0,576,11,275,0,0,0,684,0,76,-6,-335,0,2891
2026/04/04,22:00,2861,0,497,739,264,215,0,554,11,275,0,0,0,600,0,103,-5,-392,0,2861
2026/04/04,22:30,2837,0,523,730,366,216,0,550,10,275,0,0,0,548,0,98,-5,-474,0,2837
2026/04/04,23:00,2893,0,445,740,348,216,0,575,10,276,0,0,0,520,0,97,-6,-328,0,2893
2026/04/04,23:30,2835,0,416,727,374,215,0,569,11,276,0,0,0,531,0,94,-5,-373,0,2835
2026/04/05,00:00,2781,0,354,731,297,215,0,549,11,276,0,0,0,489,0,101,-6,-236,0,2781
2026/04/05,00:30,2757,0,367,725,312,215,0,559,11,275,0,0,0,394,0,94,-5,-190,0,2757
2026/04/05,01:00,2812,0,353,733,276,215,0,591,10,275,0,0,0,326,0,164,-5,-126,0,2812
2026/04/05,01:30,2812,0,340,724,291,215,0,663,11,275,0,0,0,273,0,163,-5,-138,0,2812
2026/04/05,02:00,2830,0,356,729,273,217,0,682,11,276,0,0,0,216,0,179,-7,-102,0,2830
2026/04/05,02:30,2934,0,380,722,329,217,0,683,11,276,0,0,0,170,0,198,-12,-40,0,2934
2026/04/05,03:00,2974,0,391,736,378,215,0,675,10,276,0,0,0,131,0,231,-6,-63,0,2974
2026/04/05,03:30,3006,0,401,728,378,216,0,677,10,275,0,0,0,149,0,242,-5,-65,0,3006
2026/04/05,04:00,3014,0,324,718,332,217,0,678,11,276,0,0,0,154,0,280,-6,30,0,3014
2026/04/05,04:30,3016,0,368,657,296,217,0,681,11,276,0,0,0,168,0,288,-6,60,0,3016
2026/04/05,05:00,2988,0,365,672,296,215,0,672,11,276,0,2,0,187,0,198,-5,99,0,2988
2026/04/05,05:30,2996,0,434,646,305,215,0,660,11,276,0,109,0,263,0,162,-5,-80,0,2996
2026/04/05,06:00,2979,0,415,549,290,202,0,647,10,276,0,203,0,290,0,95,-4,6,0,2979
2026/04/05,06:30,2917,0,443,494,225,162,0,585,11,276,0,354,0,304,0,94,-5,-26,0,2917
2026/04/05,07:00,2854,0,402,435,185,128,0,542,11,276,0,478,0,331,0,4,-5,67,0,2854
2026/04/05,07:30,2826,0,332,311,135,121,0,539,11,270,0,612,0,360,0,-77,-7,219,0,2826
2026/04/05,08:00,2875,0,416,276,94,119,0,500,11,250,0,777,0,376,0,-236,-7,299,0,2875
2026/04/05,08:30,2901,0,282,224,93,118,0,497,11,237,53,972,0,403,0,-237,-6,307,0,2901
2026/04/05,09:00,2913,0,280,234,77,119,0,478,11,236,53,1134,0,418,0,-331,-3,260,0,2913
2026/04/05,09:30,2919,0,250,169,47,119,0,463,11,236,53,1345,46,406,0,-341,-15,229,0,2919
2026/04/05,10:00,2909,0,299,228,47,119,0,462,11,237,42,1323,209,331,23,-328,2,178,0,2909
2026/04/05,10:30,2951,0,311,268,47,119,0,461,11,236,42,1398,163,352,25,-339,-1,88,0,2951
2026/04/05,11:00,3048,0,305,288,47,119,0,462,10,237,42,1457,170,348,26,-334,-19,128,0,3048
2026/04/05,11:30,3108,0,330,269,47,119,0,462,10,237,42,1521,152,330,26,-343,-59,185,0,3108
2026/04/05,12:00,3126,0,396,287,47,118,0,461,11,237,43,1526,89,314,18,-305,-56,90,0,3126
2026/04/05,12:30,2996,0,296,270,47,119,0,481,11,237,43,1489,62,311,18,-295,-56,86,0,2996
2026/04/05,13:00,2822,0,231,173,47,118,0,488,11,235,31,1397,131,306,19,-313,-1,130,0,2822
2026/04/05,13:30,2696,0,241,121,47,119,0,491,11,227,20,1268,96,274,18,-343,-4,244,0,2696
2026/04/05,14:00,2592,0,226,174,47,124,0,489,11,219,20,1212,34,205,0,-323,-6,214,0,2592
2026/04/05,14:30,2536,0,268,329,48,119,0,478,11,214,31,1115,32,146,0,-306,-6,120,0,2536
2026/04/05,15:00,2547,0,385,387,81,119,0,489,11,206,43,931,30,134,0,-311,-5,120,0,2547
2026/04/05,15:30,2571,0,425,403,142,135,0,504,11,211,0,722,0,108,0,-228,-3,141,0,2571
2026/04/05,16:00,2672,0,390,518,185,180,0,544,11,229,0,464,0,97,0,-10,-7,71,0,2672
2026/04/05,16:30,2812,0,364,842,231,212,0,580,11,230,0,264,0,107,0,0,-6,-23,0,2812
2026/04/05,17:00,2921,0,428,917,294,216,0,650,11,231,0,92,0,106,0,0,-3,-21,0,2921
2026/04/05,17:30,3055,0,437,909,390,218,0,695,11,231,0,8,0,117,0,32,31,-24,0,3055
2026/04/05,18:00,3224,0,375,940,465,220,0,730,11,232,0,0,0,110,0,120,-6,27,0,3224
2026/04/05,18:30,3258,0,434,969,497,220,0,733,11,236,0,0,0,124,0,152,-5,-113,0,3258
2026/04/05,19:00,3223,0,356,1019,443,218,0,762,11,241,0,0,0,132,0,122,34,-115,0,3223
2026/04/05,19:30,3195,0,401,1037,425,217,0,770,11,241,0,0,0,119,0,85,34,-145,0,3195
2026/04/05,20:00,3128,0,377,1071,432,216,0,724,11,241,0,0,0,125,0,69,3,-141,0,3128
2026/04/05,20:30,3036,0,377,1069,459,217,0,723,11,242,0,0,0,101,0,35,-12,-186,0,3036
2026/04/05,21:00,2998,0,389,1078,484,216,0,697,10,242,0,0,0,87,0,0,-12,-193,0,2998
2026/04/05,21:30,2900,0,381,1071,470,215,0,687,10,241,0,0,0,87,0,0,-11,-251,0,2900
2026/04/05,22:00,2864,0,395,1070,435,215,0,672,11,241,0,0,0,86,0,0,-10,-251,0,2864
2026/04/05,22:30,2822,0,380,1063,414,215,0,671,11,242,0,0,0,109,0,0,-10,-273,0,2822
2026/04/05,23:00,2857,0,366,1068,358,215,0,671,10,242,0,0,0,159,0,0,-8,-224,0,2857
2026/04/05,23:30,2771,0,345,1067,229,215,0,667,10,241,0,0,0,249,0,0,-8,-244,0,2771
2026/04/06,00:00,2771,0,353,1072,216,209,0,659,11,236,0,0,0,341,0,0,-9,-317,0,2771
2026/04/06,00:30,2741,0,346,1069,183,207,0,646,11,233,0,0,0,393,0,0,-12,-335,0,2741
2026/04/06,01:00,2807,0,315,1071,174,215,0,674,11,234,0,0,0,390,0,90,-7,-360,0,2807
2026/04/06,01:30,2833,0,356,1067,216,216,0,664,10,234,0,0,0,400,0,130,-7,-453,0,2833
2026/04/06,02:00,2865,0,301,1059,154,216,0,683,10,233,0,0,0,395,0,198,-7,-377,0,2865
2026/04/06,02:30,2947,0,299,1035,142,216,0,704,10,228,0,0,0,392,0,239,-7,-311,0,2947
2026/04/06,03:00,3006,0,319,1066,160,217,0,703,11,226,0,0,0,361,0,237,-7,-287,0,3006
2026/04/06,03:30,3048,0,344,1070,227,218,0,706,11,226,0,0,0,359,0,242,-6,-349,0,3048
2026/04/06,04:00,3119,0,376,1076,192,217,0,711,10,226,0,0,0,362,0,248,1,-300,0,3119
2026/04/06,04:30,3121,0,394,1072,217,217,0,695,10,226,0,0,0,371,0,257,-1,-337,0,3121
2026/04/06,05:00,3137,0,395,1078,208,218,0,705,11,225,0,4,0,359,0,305,41,-412,0,3137
2026/04/06,05:30,3175,0,473,935,260,217,0,707,11,225,0,99,0,365,0,305,22,-444,0,3175
2026/04/06,06:00,3246,0,545,749,290,217,0,712,11,224,0,177,0,392,0,293,-2,-362,0,3246
2026/04/06,06:30,3274,0,474,674,207,215,0,695,10,224,0,296,0,406,0,249,-3,-173,0,3274
2026/04/06,07:00,3299,0,472,683,226,186,0,645,10,224,0,395,0,402,0,64,-4,-4,0,3299
2026/04/06,07:30,3313,0,426,662,158,133,0,621,11,222,0,476,0,412,0,7,-4,189,0,3313
2026/04/06,08:00,3411,0,425,620,135,119,0,604,11,217,0,580,0,417,0,-12,-4,299,0,3411
2026/04/06,08:30,3557,0,512,552,170,122,0,602,11,205,0,716,0,432,0,-68,-7,310,0,3557
2026/04/06,09:00,3632,0,414,568,176,149,0,562,10,191,52,832,0,472,0,-72,-3,333,0,3632
2026/04/06,09:30,3678,0,358,555,161,149,0,563,11,190,52,968,0,494,0,-89,-19,337,0,3678
2026/04/06,10:00,3656,0,350,535,123,150,0,544,11,190,36,1098,0,400,0,-81,-7,343,0,3656
2026/04/06,10:30,3512,0,328,463,109,151,0,537,11,189,36,1135,0,362,0,-111,-8,346,0,3512
2026/04/06,11:00,3436,0,283,436,63,149,0,533,11,190,36,1202,0,320,0,-112,18,343,0,3436
2026/04/06,11:30,3304,0,343,441,47,148,0,531,11,190,36,1224,0,343,0,-311,-10,347,0,3304
2026/04/06,12:00,3126,0,250,373,47,122,0,508,11,190,36,1320,0,334,0,-332,-36,339,0,3126
2026/04/06,12:30,3026,0,215,287,47,118,0,509,11,190,36,1446,0,335,0,-335,-84,287,0,3026
2026/04/06,13:00,3107,0,245,277,47,117,0,526,11,190,25,1461,0,328,0,-327,-3,235,0,3107
2026/04/06,13:30,3089,0,251,360,47,118,0,537,11,190,13,1404,0,326,0,-227,-5,77,0,3089
2026/04/06,14:00,3050,0,255,416,47,118,0,576,11,205,0,1246,0,338,0,-234,-6,78,0,3050
2026/04/06,14:30,3054,0,328,454,49,118,0,609,11,228,0,1048,0,369,0,-217,-6,63,0,3054
2026/04/06,15:00,3059,0,347,510,124,134,0,630,11,233,0,791,0,452,0,-219,-7,53,0,3059
2026/04/06,15:30,3183,0,431,792,167,179,0,645,11,236,0,527,0,517,0,-228,-6,-88,0,3183
2026/04/06,16:00,3272,0,445,959,231,211,0,661,11,237,0,279,0,514,0,-27,-6,-243,0,3272
2026/04/06,16:30,3308,0,423,992,309,219,0,679,11,239,0,132,0,516,0,145,-7,-350,0,3308
2026/04/06,17:00,3334,0,372,1043,340,220,0,717,11,237,0,34,0,555,0,183,-7,-371,0,3334
2026/04/06,17:30,3382,0,335,1050,382,220,0,724,11,238,0,4,0,566,0,209,10,-367,0,3382
2026/04/06,18:00,3457,0,347,1073,435,220,0,733,11,236,0,0,0,574,0,257,34,-463,0,3457
2026/04/06,18:30,3461,0,398,1068,435,221,0,741,11,236,0,0,0,565,0,217,56,-487,0,3461
2026/04/06,19:00,3426,0,518,1079,477,221,0,736,11,237,0,0,0,513,0,158,54,-578,0,3426
2026/04/06,19:30,3358,0,607,1070,507,220,0,733,11,236,0,0,0,440,0,162,-3,-625,0,3358
2026/04/06,20:00,3266,0,415,1081,495,219,0,733,10,237,0,0,0,450,0,145,-5,-514,0,3266
2026/04/06,20:30,3174,0,357,1071,446,217,0,727,10,234,0,0,0,464,0,93,-7,-438,0,3174
2026/04/06,21:00,3105,0,420,1078,444,215,0,713,11,232,0,0,0,468,0,14,-8,-482,0,3105
2026/04/06,21:30,3023,0,430,1073,510,215,0,716,11,232,0,0,0,462,0,0,-7,-619,0,3023
2026/04/06,22:00,2974,0,339,1078,497,215,0,715,11,233,0,0,0,473,0,0,-6,-581,0,2974
2026/04/06,22:30,2922,0,377,1073,413,215,0,709,11,232,0,0,0,484,0,0,-6,-586,0,2922
2026/04/06,23:00,2997,0,369,1082,454,215,0,662,10,233,0,0,0,525,0,0,1,-554,0,2997
2026/04/06,23:30,2965,0,352,1076,424,214,0,648,11,232,0,0,0,605,0,0,0,-597,0,2965
2026/04/07,00:00,2934,0,354,1083,250,212,0,637,11,233,0,0,0,640,0,0,-5,-481,0,2934
2026/04/07,00:30,2902,0,310,1069,144,207,0,647,11,238,0,0,0,703,0,0,-9,-418,0,2902
2026/04/07,01:00,2928,0,298,1077,179,207,0,661,11,241,0,0,0,694,0,0,-8,-432,0,2928
2026/04/07,01:30,2966,0,300,1076,212,207,0,660,10,241,0,0,0,715,0,0,-7,-448,0,2966
2026/04/07,02:00,3026,0,319,1078,191,207,0,687,10,241,0,0,0,705,0,0,-6,-406,0,3026
2026/04/07,02:30,3060,0,325,1071,186,207,0,692,11,242,0,0,0,653,0,0,-4,-323,0,3060
2026/04/07,03:00,3104,0,297,1082,157,207,0,691,11,242,0,0,0,646,0,0,-4,-225,0,3104
2026/04/07,03:30,3138,0,314,1077,241,207,0,691,10,242,0,0,0,620,0,0,-7,-257,0,3138
2026/04/07,04:00,3176,0,329,1082,235,207,0,700,10,242,0,0,0,611,0,49,-5,-284,0,3176
2026/04/07,04:30,3154,0,352,1070,251,207,0,696,10,241,0,0,0,543,0,60,-6,-270,0,3154
2026/04/07,05:00,3183,0,350,1080,313,207,0,696,11,241,0,2,0,491,0,118,-5,-321,0,3183
2026/04/07,05:30,3237,0,438,1073,422,207,0,699,11,241,0,69,0,446,0,118,-6,-481,0,3237
2026/04/07,06:00,3294,0,406,1088,473,207,0,700,10,241,0,100,0,368,0,131,-5,-425,0,3294
2026/04/07,06:30,3368,0,479,1075,502,207,0,699,10,242,0,165,0,288,0,137,-6,-430,0,3368
2026/04/07,07:00,3397,0,500,1082,507,206,0,682,11,241,0,209,0,215,0,134,-8,-382,0,3397
2026/04/07,07:30,3455,0,478,1064,507,207,0,672,11,241,0,247,0,210,0,113,2,-297,0,3455
2026/04/07,08:00,3562,0,401,1090,507,207,0,661,11,241,0,282,0,216,0,57,-6,-105,0,3562
2026/04/07,08:30,3724,0,474,1074,507,206,0,661,11,240,0,364,0,226,0,57,-5,-91,0,3724
2026/04/07,09:00,3833,0,566,1091,507,207,0,652,11,240,0,406,0,249,0,20,-6,-110,0,3833
2026/04/07,09:30,3901,0,563,1075,507,206,0,636,11,240,0,491,0,287,0,12,-6,-121,0,3901
2026/04/07,10:00,3812,0,488,1089,507,206,0,634,11,241,0,506,0,249,0,16,-6,-129,0,3812
2026/04/07,10:30,3788,0,462,1070,507,206,0,637,11,241,0,532,0,211,0,20,-5,-104,0,3788
2026/04/07,11:00,3802,0,455,1085,507,206,0,640,11,241,0,526,0,219,0,20,-6,-102,0,3802
2026/04/07,11:30,3796,0,374,1069,507,206,0,622,11,240,0,547,0,345,0,8,-5,-128,0,3796
2026/04/07,12:00,3700,0,332,1086,482,206,0,626,11,242,0,548,0,313,0,0,-32,-114,0,3700
2026/04/07,12:30,3736,0,427,1072,489,206,0,629,11,241,0,469,0,299,0,0,-30,-77,0,3736
2026/04/07,13:00,3781,0,499,1092,507,206,0,641,11,230,0,401,0,266,0,18,-6,-84,0,3781
2026/04/07,13:30,3695,0,439,1074,507,206,0,643,11,220,0,367,0,323,0,2,-4,-93,0,3695
2026/04/07,14:00,3681,0,421,1081,507,206,0,655,11,231,0,309,0,335,0,0,-6,-69,0,3681
2026/04/07,14:30,3603,0,358,1069,498,206,0,674,11,242,0,292,0,323,0,0,-6,-64,0,3603
2026/04/07,15:00,3546,0,296,1082,495,206,0,700,10,242,0,236,0,388,0,0,-5,-104,0,3546
2026/04/07,15:30,3516,0,255,1037,342,206,0,734,11,242,0,205,0,526,0,0,-7,-35,0,3516
2026/04/07,16:00,3492,0,287,1083,195,206,0,759,11,241,0,145,0,570,0,0,-6,1,0,3492
2026/04/07,16:30,3506,0,281,1015,196,207,0,768,11,241,0,86,0,627,0,51,-7,30,0,3506
2026/04/07,17:00,3497,0,304,1072,203,208,0,819,10,242,0,36,0,643,0,60,-6,-94,0,3497
2026/04/07,17:30,3533,0,355,1077,391,209,0,790,10,242,0,6,0,632,0,60,-6,-233,0,3533
2026/04/07,18:00,3621,0,366,1078,464,214,0,799,10,241,0,0,0,663,0,67,36,-317,0,3621
2026/04/07,18:30,3611,0,333,1059,456,214,0,786,10,234,0,0,0,733,0,72,84,-370,0,3611
2026/04/07,19:00,3565,0,337,1068,365,214,0,784,10,231,0,0,0,803,0,71,82,-400,0,3565
2026/04/07,19:30,3529,0,371,1077,458,210,0,759,11,223,0,0,0,886,0,71,-5,-532,0,3529
2026/04/07,20:00,3456,0,411,1076,508,209,0,755,11,210,0,0,0,859,0,53,-4,-632,0,3456
2026/04/07,20:30,3342,0,496,1067,508,209,0,742,10,192,0,0,0,758,0,0,-6,-634,0,3342
2026/04/07,21:00,3267,0,481,1073,508,209,0,742,10,181,0,0,0,722,0,0,-5,-654,0,3267
2026/04/07,21:30,3183,0,407,1071,507,208,0,740,10,180,0,0,0,714,0,0,-7,-647,0,3183
2026/04/07,22:00,3130,0,375,1085,459,207,0,730,10,180,0,0,0,699,0,0,-5,-610,0,3130
2026/04/07,22:30,3068,0,461,1078,290,207,0,729,10,181,0,0,0,710,0,0,-6,-592,0,3068
2026/04/07,23:00,3138,0,413,1078,229,209,0,712,10,181,0,0,0,728,0,104,-6,-520,0,3138
2026/04/07,23:30,3084,0,368,1080,138,207,0,707,10,181,0,0,0,703,0,222,-11,-521,0,3084
2026/04/08,00:00,3051,0,347,1085,101,209,0,704,10,181,0,0,0,696,0,156,-6,-432,0,3051
2026/04/08,00:30,3007,0,303,989,75,209,0,704,10,180,0,0,0,705,0,172,-5,-335,0,3007
2026/04/08,01:00,3051,0,322,1061,57,208,0,706,10,181,0,0,0,634,0,179,-6,-301,0,3051
2026/04/08,01:30,3089,0,300,1005,77,209,0,708,10,180,0,0,0,667,0,296,-13,-350,0,3089
2026/04/08,02:00,3155,0,364,1085,105,209,0,712,10,181,0,0,0,720,0,280,-5,-506,0,3155
2026/04/08,02:30,3217,0,320,1070,145,209,0,713,10,182,0,0,0,717,0,338,-4,-483,0,3217
2026/04/08,03:00,3248,0,340,1085,202,210,0,713,10,181,0,0,0,681,0,362,-4,-532,0,3248
2026/04/08,03:30,3326,0,379,1071,279,209,0,713,10,181,0,0,0,686,0,363,-4,-561,0,3326
2026/04/08,04:00,3374,0,464,1080,335,210,0,731,10,180,0,0,0,712,0,307,-4,-651,0,3374
2026/04/08,04:30,3368,0,362,1061,332,209,0,732,10,181,0,0,0,774,0,299,0,-592,0,3368
2026/04/08,05:00,3374,0,363,975,344,211,0,721,10,180,0,11,0,820,0,293,-4,-550,0,3374
2026/04/08,05:30,3410,0,454,669,396,210,0,720,10,180,0,173,0,796,0,289,4,-491,0,3410
2026/04/08,06:00,3429,0,386,637,257,209,0,718,10,180,0,366,0,706,0,275,36,-351,0,3429
2026/04/08,06:30,3379,0,414,592,270,208,0,714,10,181,0,619,0,689,0,29,23,-370,0,3379
2026/04/08,07:00,3354,0,313,507,126,208,0,694,10,180,0,905,0,684,0,0,0,-273,0,3354
2026/04/08,07:30,3364,0,320,435,86,180,0,670,10,167,0,1181,0,637,0,-162,-3,-157,0,3364
2026/04/08,08:00,3427,0,432,452,160,123,0,641,10,158,0,1280,143,589,70,-216,-3,-199,0,3427
2026/04/08,08:30,3513,0,376,430,119,104,0,637,11,154,52,1517,159,606,76,-218,-4,-219,0,3513
2026/04/08,09:00,3599,0,411,448,156,103,0,631,11,153,52,1645,176,614,75,-216,-30,-327,0,3599
2026/04/08,09:30,3587,0,345,432,148,104,0,628,11,152,52,1754,185,651,74,-298,-5,-335,0,3587
2026/04/08,10:00,3595,0,339,395,98,104,0,630,10,153,52,1814,194,664,74,-328,-4,-280,0,3595
2026/04/08,10:30,3623,0,385,328,51,123,0,608,11,153,52,1843,196,655,75,-325,-21,-188,0,3623
2026/04/08,11:00,3688,0,350,380,48,104,0,612,11,151,52,1878,198,634,75,-325,-4,-151,0,3688
2026/04/08,11:30,3568,0,265,322,48,103,0,613,11,152,52,1847,192,660,72,-335,-41,-77,0,3568
2026/04/08,12:00,3378,0,261,228,49,103,0,609,11,152,52,1722,289,691,73,-331,-86,-31,0,3378
2026/04/08,12:30,3330,0,219,215,48,103,0,619,11,152,52,1661,270,721,73,-329,-83,-7,0,3330
2026/04/08,13:00,3351,0,251,263,49,103,0,642,10,150,41,1626,209,705,73,-329,-44,-75,0,3351
2026/04/08,13:30,3249,0,219,263,49,103,0,636,11,150,30,1576,139,807,6,-333,-13,-219,0,3249
2026/04/08,14:00,3147,0,238,219,48,103,0,635,11,150,30,1445,121,877,6,-326,-14,-239,0,3147
2026/04/08,14:30,3073,0,274,338,48,118,0,639,11,155,0,1263,99,885,7,-324,-1,-333,0,3073
2026/04/08,15:00,3062,0,386,470,76,143,0,656,11,168,0,1026,78,885,7,-325,-4,-430,0,3062
2026/04/08,15:30,3112,0,486,494,144,155,0,662,11,173,0,783,56,885,6,-275,-4,-402,0,3112
2026/04/08,16:00,3171,0,381,565,125,170,0,689,10,178,0,555,0,879,0,-74,-4,-303,0,3171
2026/04/08,16:30,3181,0,309,772,135,202,0,737,10,180,0,303,0,906,0,0,-2,-371,0,3181
2026/04/08,17:00,3242,0,324,994,149,212,0,755,11,180,0,108,0,891,0,21,-4,-399,0,3242
2026/04/08,17:30,3312,0,331,1064,165,217,0,759,11,181,0,12,0,908,0,90,33,-459,0,3312
2026/04/08,18:00,3442,0,411,1071,235,216,0,759,10,181,0,0,0,893,0,135,56,-525,0,3442
2026/04/08,18:30,3478,0,452,1073,322,215,0,761,10,181,0,0,0,896,0,135,84,-651,0,3478
2026/04/08,19:00,3477,0,424,1080,344,213,0,764,11,181,0,0,0,896,0,134,84,-654,0,3477
2026/04/08,19:30,3429,0,485,1072,354,212,0,764,11,181,0,0,0,857,0,133,17,-657,0,3429
2026/04/08,20:00,3341,0,449,1076,342,211,0,752,11,181,0,0,0,852,0,132,-8,-657,0,3341
2026/04/08,20:30,3247,0,385,1076,304,210,0,751,10,181,0,0,0,844,0,131,-8,-637,0,3247
2026/04/08,21:00,3175,0,385,1075,304,210,0,737,10,181,0,0,0,810,0,98,2,-637,0,3175
2026/04/08,21:30,3081,0,411,1072,287,208,0,736,11,181,0,0,0,791,0,10,2,-628,0,3081
2026/04/08,22:00,2990,0,362,1075,282,208,0,736,11,181,0,0,0,741,0,0,-2,-604,0,2990
2026/04/08,22:30,2946,0,353,1069,290,208,0,736,11,180,0,0,0,716,0,0,-6,-611,0,2946
2026/04/08,23:00,2984,0,310,1080,257,209,0,734,10,181,0,0,0,701,0,82,-7,-573,0,2984
2026/04/08,23:30,2950,0,297,1068,251,209,0,733,10,180,0,0,0,698,0,99,-5,-590,0,2950
2026/04/09,00:00,2938,0,296,1078,218,209,0,724,11,182,0,0,0,675,0,129,5,-589,0,2938
2026/04/09,00:30,2856,0,295,1060,148,209,0,727,11,181,0,0,0,676,0,150,-6,-595,0,2856
2026/04/09,01:00,2914,0,312,1082,131,209,0,734,11,181,0,0,0,676,0,138,-30,-530,0,2914
2026/04/09,01:30,2932,0,302,1049,107,209,0,744,11,181,0,0,0,689,0,145,-5,-500,0,2932
2026/04/09,02:00,2984,0,295,962,97,208,0,744,10,181,0,0,0,685,0,261,-5,-454,0,2984
2026/04/09,02:30,3072,0,293,1033,106,208,0,755,10,181,0,0,0,689,0,289,-7,-485,0,3072
2026/04/09,03:00,3140,0,270,1059,139,209,0,755,11,181,0,0,0,705,0,307,-6,-490,0,3140
2026/04/09,03:30,3180,0,269,1072,161,209,0,753,11,180,0,0,0,728,0,308,-5,-506,0,3180
2026/04/09,04:00,3213,0,268,1079,151,209,0,756,11,181,0,0,0,733,0,307,-3,-479,0,3213
2026/04/09,04:30,3215,0,263,1041,153,208,0,781,11,181,0,1,0,764,0,307,2,-497,0,3215
2026/04/09,05:00,3210,0,260,1004,103,209,0,810,11,180,0,19,0,748,0,307,-1,-440,0,3210
2026/04/09,05:30,3236,0,284,996,86,209,0,780,11,181,0,164,0,728,0,279,7,-489,0,3236
2026/04/09,06:00,3257,0,454,795,141,209,0,720,11,180,0,347,0,719,0,225,-2,-542,0,3257
2026/04/09,06:30,3201,0,380,596,142,209,0,701,11,181,0,595,0,727,0,197,-3,-535,0,3201
2026/04/09,07:00,3186,0,310,563,95,209,0,683,11,179,0,866,0,699,0,16,-3,-442,0,3186
2026/04/09,07:30,3200,0,369,475,106,180,0,673,11,167,0,1126,0,687,0,-169,-3,-422,0,3200
2026/04/09,08:00,3290,0,389,405,86,123,0,663,11,158,0,1300,0,672,0,-179,-3,-335,0,3290
2026/04/09,08:30,3408,0,340,365,60,105,0,623,11,154,52,1525,0,704,0,-267,-4,-208,0,3408
2026/04/09,09:00,3512,0,303,352,49,104,0,585,11,152,52,1698,51,725,4,-294,-6,-167,0,3512
2026/04/09,09:30,3478,0,228,235,48,103,0,574,11,152,52,1827,79,702,35,-299,-4,-99,0,3478
2026/04/09,10:00,3478,0,239,263,48,103,0,562,11,152,52,1844,126,690,328,-290,-3,-141,0,3478
2026/04/09,10:30,3556,0,245,272,49,103,0,562,11,152,52,1992,84,618,327,-294,-15,-139,0,3556
2026/04/09,11:00,3592,0,374,335,48,103,0,564,11,152,52,1974,38,493,4,-298,-48,-116,0,3592
2026/04/09,11:30,3554,0,265,311,48,103,0,560,11,152,52,1932,0,665,0,-298,-67,-128,0,3554
2026/04/09,12:00,3396,0,232,294,48,104,0,556,11,152,52,1882,37,665,4,-305,-61,-182,0,3396
2026/04/09,12:30,3222,0,219,195,49,103,0,557,11,152,52,1786,0,707,0,-309,-43,-205,0,3222
2026/04/09,13:00,3254,0,243,294,51,129,0,582,11,152,41,1650,0,700,0,-295,-26,-237,0,3254
2026/04/09,13:30,3166,0,237,333,51,122,0,595,11,153,30,1523,0,700,0,-291,-2,-266,0,3166
2026/04/09,14:00,3112,0,296,376,51,104,0,598,11,153,30,1302,0,710,0,-292,-3,-194,0,3112
2026/04/09,14:30,3092,0,425,397,82,119,0,629,11,157,0,1097,0,719,0,-294,-9,-241,0,3092
2026/04/09,15:00,3035,0,411,482,103,168,0,654,10,168,0,853,0,705,0,-245,-3,-271,0,3035
2026/04/09,15:30,3073,0,436,509,141,200,0,659,10,176,0,653,0,700,0,-157,-4,-250,0,3073
2026/04/09,16:00,3124,0,336,698,167,208,0,691,10,181,0,421,0,687,0,0,-2,-273,0,3124
2026/04/09,16:30,3176,0,320,981,234,210,0,710,10,182,0,239,0,712,0,22,-4,-440,0,3176
2026/04/09,17:00,3244,0,332,1017,264,211,0,735,11,183,0,83,0,715,0,188,-4,-491,0,3244
2026/04/09,17:30,3312,0,362,1059,300,212,0,747,11,182,0,10,0,721,0,214,38,-544,0,3312
2026/04/09,18:00,3426,0,439,1078,357,214,0,748,11,182,0,0,0,724,0,176,82,-585,0,3426
2026/04/09,18:30,3444,0,429,1074,426,214,0,751,11,183,0,0,0,753,0,174,82,-653,0,3444
2026/04/09,19:00,3392,0,337,1076,381,213,0,752,11,182,0,0,0,777,0,249,60,-646,0,3392
2026/04/09,19:30,3298,0,359,1072,393,212,0,762,11,182,0,0,0,753,0,197,-8,-635,0,3298
2026/04/09,20:00,3231,0,384,1079,380,212,0,764,11,182,0,0,0,722,0,126,-8,-621,0,3231
2026/04/09,20:30,3163,0,445,1072,414,211,0,755,11,183,0,0,0,657,0,53,-7,-631,0,3163
2026/04/09,21:00,3097,0,430,1075,415,210,0,755,11,183,0,0,0,654,0,0,-7,-629,0,3097
2026/04/09,21:30,2981,0,373,1064,365,209,0,745,11,183,0,0,0,659,0,0,-6,-622,0,2981
2026/04/09,22:00,2944,0,390,1081,313,209,0,728,10,184,0,0,0,628,0,0,-7,-592,0,2944
2026/04/09,22:30,2892,0,379,1066,321,209,0,728,11,183,0,0,0,601,0,0,-5,-601,0,2892
2026/04/09,23:00,2926,0,418,1077,336,209,0,729,11,183,0,0,0,559,0,0,-7,-589,0,2926
2026/04/09,23:30,2820,0,414,1070,364,209,0,730,11,183,0,0,0,437,0,0,-7,-591,0,2820
2026/04/10,00:00,2808,0,461,1077,421,209,0,687,11,183,0,0,0,289,0,0,-12,-518,0,2808
2026/04/10,00:30,2704,0,414,1067,416,209,0,623,11,183,0,0,0,201,0,0,-6,-414,0,2704
2026/04/10,01:00,2789,0,434,1072,418,209,0,618,11,183,0,0,0,154,0,0,-7,-303,0,2789
2026/04/10,01:30,2815,0,374,1065,391,209,0,615,10,183,0,0,0,151,0,0,-6,-177,0,2815
2026/04/10,02:00,2843,0,389,1075,334,209,0,593,11,183,0,0,0,128,0,0,-7,-72,0,2843
2026/04/10,02:30,2897,0,369,1069,344,209,0,593,10,183,0,0,0,124,0,0,-4,0,0,2897
2026/04/10,03:00,2951,0,444,1072,402,209,0,612,11,184,0,0,0,115,0,0,-7,-91,0,2951
2026/04/10,03:30,2977,0,453,1068,421,209,0,623,11,183,0,0,0,112,0,0,-6,-97,0,2977
2026/04/10,04:00,3045,0,517,1076,419,209,0,619,11,184,0,0,0,88,0,21,-6,-93,0,3045
2026/04/10,04:30,3053,0,503,1069,420,209,0,658,11,184,0,1,0,76,0,61,-6,-133,0,3053
2026/04/10,05:00,3065,0,499,1080,419,208,0,668,11,184,0,21,0,81,0,4,-7,-103,0,3065
2026/04/10,05:30,3073,0,467,1069,419,208,0,671,11,184,0,111,0,87,0,0,-7,-147,0,3073
2026/04/10,06:00,3117,0,353,1072,374,209,0,675,11,184,0,199,0,86,0,0,-7,-39,0,3117
2026/04/10,06:30,3155,0,389,1065,342,209,0,682,11,184,0,331,0,101,0,0,-7,-152,0,3155
2026/04/10,07:00,3158,0,339,1082,346,208,0,696,11,184,0,408,0,103,0,13,-7,-225,0,3158
2026/04/10,07:30,3132,0,252,1029,320,209,0,710,11,183,0,446,0,119,0,201,-7,-341,0,3132
2026/04/10,08:00,3291,0,391,1080,349,208,0,726,11,183,0,592,0,138,0,180,-5,-562,0,3291
2026/04/10,08:30,3333,0,275,1050,344,208,0,736,11,183,0,745,0,167,0,178,-5,-559,0,3333
2026/04/10,09:00,3344,0,230,1034,261,208,0,736,11,183,0,854,0,218,0,195,-5,-581,0,3344
2026/04/10,09:30,3372,0,237,1034,199,209,0,740,11,183,0,944,0,263,0,191,13,-652,0,3372
2026/04/10,10:00,3345,0,262,1018,120,209,0,740,11,183,0,1070,0,236,0,141,-4,-641,0,3345
2026/04/10,10:30,3545,0,308,1067,108,207,0,741,11,183,0,1176,0,276,0,138,-6,-664,0,3545
2026/04/10,11:00,3546,0,314,1079,118,207,0,722,11,183,0,1167,0,312,0,137,-37,-667,0,3546
2026/04/10,11:30,3526,0,339,1061,135,207,0,699,11,183,0,1097,0,372,0,132,-54,-656,0,3526
2026/04/10,12:00,3476,0,381,1087,163,208,0,661,11,183,0,1010,0,395,0,14,-55,-582,0,3476
2026/04/10,12:30,3452,0,377,1064,252,208,0,638,11,184,0,858,0,424,0,0,-37,-527,0,3452
2026/04/10,13:00,3598,0,538,1085,412,211,0,631,11,183,0,688,0,445,0,24,-5,-625,0,3598
2026/04/10,13:30,3510,0,561,1073,420,207,0,630,11,184,0,510,0,514,0,48,-5,-643,0,3510
2026/04/10,14:00,3480,0,555,1083,420,208,0,621,11,184,0,378,0,638,0,19,-5,-632,0,3480
2026/04/10,14:30,3494,0,527,1064,424,209,0,633,11,183,0,293,0,722,0,64,-5,-631,0,3494
2026/04/10,15:00,3439,0,528,1078,421,208,0,636,11,184,0,206,0,706,0,84,-5,-618,0,3439
2026/04/10,15:30,3457,0,523,1068,422,208,0,648,11,184,0,131,0,726,0,91,-6,-549,0,3457
2026/04/10,16:00,3440,0,488,1071,425,212,0,668,11,184,0,67,0,707,0,159,-5,-547,0,3440
2026/04/10,16:30,3418,0,396,1066,425,211,0,715,11,184,0,50,0,715,0,142,34,-531,0,3418
2026/04/10,17:00,3391,0,335,1083,422,213,0,715,11,185,0,17,0,737,0,136,11,-474,0,3391
2026/04/10,17:30,3391,0,328,1068,384,213,0,707,11,184,0,5,0,774,0,189,-4,-468,0,3391
2026/04/10,18:00,3447,0,379,1074,358,212,0,711,11,183,0,0,0,776,0,317,42,-616,0,3447
2026/04/10,18:30,3449,0,475,1068,350,212,0,713,11,184,0,0,0,769,0,272,42,-647,0,3449
2026/04/10,19:00,3408,0,457,1077,345,212,0,722,11,184,0,1,0,776,0,241,40,-658,0,3408
2026/04/10,19:30,3340,0,431,1069,347,210,0,723,11,184,0,0,0,781,0,247,-5,-658,0,3340
2026/04/10,20:00,3243,0,316,1080,315,209,0,675,11,183,0,0,0,758,0,271,-6,-569,0,3243
2026/04/10,20:30,3167,0,336,1074,286,210,0,668,11,184,0,0,0,752,0,268,-7,-615,0,3167
2026/04/10,21:00,3091,0,346,1081,289,209,0,647,11,184,0,0,0,724,0,231,-6,-625,0,3091
2026/04/10,21:30,2981,0,334,1058,255,209,0,650,11,184,0,0,0,711,0,140,-6,-565,0,2981
2026/04/10,22:00,2925,0,392,1081,348,209,0,626,11,184,0,0,0,696,0,11,-7,-626,0,2925
2026/04/10,22:30,2865,0,331,1068,302,210,0,624,11,184,0,0,0,705,0,40,-6,-604,0,2865
2026/04/10,23:00,2945,0,426,1077,261,209,0,606,11,183,0,0,0,731,0,59,-6,-612,0,2945
2026/04/10,23:30,2879,0,338,1066,150,210,0,598,10,183,0,0,0,783,0,58,-6,-511,0,2879
2026/04/11,00:00,2829,0,295,931,67,196,0,591,10,183,0,0,0,817,0,160,-6,-415,0,2829
2026/04/11,00:30,2759,0,287,797,47,170,0,604,10,183,0,0,0,810,0,202,-5,-346,0,2759
2026/04/11,01:00,2780,0,287,842,47,159,0,618,10,183,0,0,0,798,0,135,-7,-292,0,2780
2026/04/11,01:30,2814,0,286,907,47,159,0,637,10,184,0,0,0,810,0,121,-4,-343,0,2814
2026/04/11,02:00,2844,0,248,948,47,160,0,646,10,184,0,0,0,808,0,119,-5,-321,0,2844
2026/04/11,02:30,2900,0,245,835,47,160,0,680,10,184,0,0,0,837,0,141,-14,-225,0,2900
2026/04/11,03:00,2938,0,244,788,47,159,0,697,11,183,0,0,0,838,0,182,2,-213,0,2938
2026/04/11,03:30,2976,0,253,837,47,159,0,695,10,183,0,0,0,840,0,195,1,-244,0,2976
2026/04/11,04:00,3017,0,323,825,47,159,0,694,11,183,0,0,0,845,0,202,1,-273,0,3017
2026/04/11,04:30,3019,0,353,828,47,159,0,689,11,183,0,1,0,830,0,211,-2,-291,0,3019
2026/04/11,05:00,3010,0,451,758,82,159,0,690,11,183,0,27,0,802,0,200,-2,-351,0,3010
2026/04/11,05:30,3014,0,533,594,95,159,0,690,11,183,0,119,0,764,0,188,-2,-320,0,3014
2026/04/11,06:00,3000,0,476,465,165,159,0,692,11,183,0,209,0,757,0,76,-4,-189,0,3000
2026/04/11,06:30,2968,0,386,365,177,143,0,688,11,180,0,357,0,691,0,118,-4,-144,0,2968
2026/04/11,07:00,2964,0,435,329,177,112,0,700,11,169,0,434,0,630,0,41,-5,-69,0,2964
2026/04/11,07:30,2990,0,379,285,177,105,0,696,11,160,0,533,0,603,0,8,-4,37,0,2990
2026/04/11,08:00,3002,0,348,299,176,104,0,699,11,156,30,611,83,592,42,0,-5,11,0,3002
2026/04/11,08:30,3050,0,259,263,145,104,0,695,11,155,30,790,70,654,50,0,-4,-22,0,3050
2026/04/11,09:00,3018,0,238,212,101,103,0,696,11,155,30,926,99,701,50,-111,-4,-10,0,3018
2026/04/11,09:30,3048,0,233,196,68,103,0,658,11,155,30,1102,114,731,49,-234,-2,27,0,3048
2026/04/11,10:00,3085,0,238,225,47,104,0,657,10,155,30,1159,122,732,47,-239,-15,12,0,3085
2026/04/11,10:30,3163,0,279,236,47,104,0,649,10,154,30,1210,125,736,45,-328,-3,69,0,3163
2026/04/11,11:00,3304,0,382,283,47,104,0,625,11,155,30,1224,127,729,45,-340,-37,121,0,3304
2026/04/11,11:30,3306,0,416,274,47,104,0,625,11,154,30,1206,124,716,45,-344,-54,151,0,3306
2026/04/11,12:00,3186,0,331,261,47,103,0,624,11,155,30,1162,120,697,48,-341,-64,200,0,3186
2026/04/11,12:30,3104,0,375,316,47,103,0,623,11,155,30,992,190,693,49,-343,-31,163,0,3104
2026/04/11,13:00,3033,0,305,350,47,103,0,630,11,154,30,1028,100,686,49,-345,-4,68,0,3033
2026/04/11,13:30,2949,0,303,325,47,103,0,678,10,154,30,960,87,621,49,-342,-4,94,0,2949
2026/04/11,14:00,2829,0,273,287,47,103,0,695,10,154,30,921,73,519,47,-345,-7,172,0,2829
2026/04/11,14:30,2751,0,284,372,47,103,0,696,10,155,30,782,58,488,5,-343,-6,163,0,2751
2026/04/11,15:00,2728,0,375,413,47,104,0,701,11,154,30,680,44,457,5,-344,-7,137,0,2728
2026/04/11,15:30,2768,0,474,453,47,104,0,701,11,159,0,550,32,434,6,-323,-7,165,0,2768
2026/04/11,16:00,2865,0,378,537,77,108,0,707,11,173,0,361,0,459,0,-229,-7,290,0,2865
2026/04/11,16:30,2939,0,325,610,96,109,0,719,10,202,0,185,0,416,0,6,-3,264,0,2939
2026/04/11,17:00,3016,0,290,828,94,125,0,726,10,223,0,58,0,468,0,16,-4,182,0,3016
2026/04/11,17:30,3128,0,269,878,94,157,0,726,11,241,0,7,0,483,0,20,71,171,0,3128
2026/04/11,18:00,3229,0,347,892,93,164,0,733,11,252,0,0,0,483,0,82,44,128,0,3229
2026/04/11,18:30,3235,0,354,788,51,164,0,733,10,252,0,0,0,547,0,166,83,87,0,3235
2026/04/11,19:00,3206,0,299,746,48,164,0,727,10,252,0,1,0,641,0,194,75,49,0,3206
2026/04/11,19:30,3166,0,320,811,48,163,0,725,11,253,0,0,0,738,0,265,-1,-167,0,3166
2026/04/11,20:00,3118,0,259,874,48,163,0,726,11,252,0,0,0,730,0,266,7,-218,0,3118
2026/04/11,20:30,3032,0,237,792,48,164,0,715,10,252,0,0,0,738,0,264,-6,-182,0,3032
2026/04/11,21:00,2970,0,323,898,48,147,0,714,10,252,0,0,0,674,0,178,-13,-261,0,2970
2026/04/11,21:30,2878,0,263,774,48,116,0,714,10,252,0,0,0,686,0,190,-6,-169,0,2878
2026/04/11,22:00,2860,0,295,585,48,104,0,714,11,253,0,0,0,696,0,101,-6,59,0,2860
2026/04/11,22:30,2820,0,320,507,48,105,0,713,11,252,0,0,0,710,0,27,-5,132,0,2820
2026/04/11,23:00,2907,0,374,519,48,105,0,712,11,250,0,0,0,766,0,0,-7,129,0,2907
2026/04/11,23:30,2859,0,316,477,48,105,0,711,10,247,0,0,0,852,0,0,-8,101,0,2859
2026/04/12,00:00,2840,0,272,558,48,121,0,681,10,244,0,0,0,904,0,28,-6,-20,0,2840
2026/04/12,00:30,2798,0,254,429,48,151,0,679,11,243,0,0,0,939,0,76,-5,-27,0,2798
2026/04/12,01:00,2850,0,250,425,48,158,0,680,11,243,0,0,0,912,0,118,-5,10,0,2850
2026/04/12,01:30,2888,0,247,414,48,158,0,681,10,243,0,0,0,895,0,188,-5,9,0,2888
2026/04/12,02:00,2929,0,245,449,48,159,0,688,10,243,0,0,0,877,0,197,-5,18,0,2929
2026/04/12,02:30,2981,0,244,462,48,158,0,688,11,244,0,0,0,852,0,188,-5,91,0,2981
2026/04/12,03:00,3020,0,243,427,48,159,0,690,11,243,0,0,0,837,0,195,-5,172,0,3020
2026/04/12,03:30,3066,0,245,588,48,158,0,690,10,243,0,0,0,788,0,202,9,85,0,3066
2026/04/12,04:00,3106,0,244,646,48,158,0,709,10,243,0,0,0,710,0,193,-6,151,0,3106
2026/04/12,04:30,3092,0,243,561,48,158,0,711,10,244,0,1,0,724,0,241,-7,158,0,3092
2026/04/12,05:00,3089,0,329,396,48,158,0,711,10,244,0,36,0,696,0,266,-6,201,0,3089
2026/04/12,05:30,3031,0,384,340,48,158,0,710,11,240,0,145,0,666,0,254,-20,95,0,3031
2026/04/12,06:00,3021,0,298,325,48,143,0,684,10,231,0,265,0,625,0,211,-6,187,0,3021
2026/04/12,06:30,2969,0,351,286,64,112,0,669,10,208,0,406,0,626,0,77,-14,174,0,2969
2026/04/12,07:00,2941,0,325,134,99,104,0,668,10,195,53,529,0,638,0,86,-6,159,0,2941
2026/04/12,07:30,2991,0,394,109,100,104,0,667,11,193,53,597,0,652,0,77,-6,93,0,2991
2026/04/12,08:00,2939,0,354,134,105,104,0,667,11,193,53,596,134,637,63,22,-4,120,0,2939
2026/04/12,08:30,3017,0,356,158,119,111,0,678,10,193,53,728,153,649,68,-26,-46,87,0,3017
2026/04/12,09:00,3063,0,329,150,110,104,0,679,10,192,53,792,172,683,69,-113,-2,129,0,3063
2026/04/12,09:30,3179,0,352,151,50,128,0,674,10,192,53,834,187,766,67,-114,-4,140,0,3179
2026/04/12,10:00,3187,0,373,202,47,119,0,660,11,192,53,829,340,761,64,-112,0,105,0,3187
2026/04/12,10:30,3119,0,332,250,91,123,0,659,11,192,53,777,333,775,66,-111,-5,25,0,3119
2026/04/12,11:00,3098,0,335,278,89,137,0,659,10,192,53,722,337,703,68,-111,-48,132,0,3098
2026/04/12,11:30,3110,0,332,265,47,135,0,657,10,192,53,747,239,661,21,-111,-55,230,0,3110
2026/04/12,12:00,3086,0,370,256,47,137,0,657,10,192,53,739,258,654,22,-112,-75,211,0,3086
2026/04/12,12:30,3104,0,351,286,47,134,0,657,11,192,53,745,216,676,21,-112,-59,176,0,3104
2026/04/12,13:00,3012,0,288,273,47,122,0,661,11,192,41,772,197,670,23,-112,-15,103,0,3012
2026/04/12,13:30,2906,0,237,231,47,139,0,663,11,192,30,742,166,655,27,-112,-5,106,0,2906
2026/04/12,14:00,2853,0,244,272,47,138,0,664,10,192,30,639,149,681,29,-112,-6,84,0,2853
2026/04/12,14:30,2783,0,239,225,47,127,0,662,10,192,41,579,125,715,123,-113,-7,107,0,2783
2026/04/12,15:00,2785,0,236,265,47,117,0,666,11,192,53,561,100,655,121,-113,-7,155,0,2785
2026/04/12,15:30,2753,0,226,312,47,128,0,684,11,192,53,518,73,591,135,-113,-17,174,0,2753
2026/04/12,16:00,2787,0,231,408,47,149,0,706,11,204,0,405,0,589,85,-114,-6,157,0,2787
2026/04/12,16:30,2827,0,343,431,47,156,0,707,10,228,0,239,0,635,83,-114,-6,151,0,2827
2026/04/12,17:00,2930,0,439,481,47,161,0,719,10,237,0,87,0,655,82,-93,-6,193,0,2930
2026/04/12,17:30,3044,0,341,614,53,158,0,716,11,242,0,15,0,687,0,-15,37,185,0,3044
2026/04/12,18:00,3167,0,294,754,88,141,0,731,11,243,0,0,0,690,0,82,82,51,0,3167
2026/04/12,18:30,3261,0,354,898,96,136,0,731,10,243,0,0,0,663,0,147,105,-122,0,3261
2026/04/12,19:00,3251,0,483,932,107,128,0,730,10,243,0,0,0,595,0,147,99,-223,0,3251
2026/04/12,19:30,3191,0,469,938,152,137,0,731,10,244,0,0,0,541,0,146,-6,-171,0,3191
2026/04/12,20:00,3167,0,419,982,201,141,0,728,11,243,0,0,0,520,0,88,-5,-161,0,3167
2026/04/12,20:30,3085,0,349,1027,224,141,0,716,11,244,0,0,0,513,0,73,-6,-207,0,3085
2026/04/12,21:00,3029,0,410,1043,225,156,0,702,11,244,0,0,0,471,0,63,-6,-290,0,3029
2026/04/12,21:30,2941,0,411,1071,203,161,0,702,10,243,0,0,0,443,0,0,-6,-297,0,2941
2026/04/12,22:00,2920,0,427,1084,186,161,0,702,10,243,0,0,0,415,0,0,-6,-302,0,2920
2026/04/12,22:30,2824,0,382,1059,196,162,0,702,11,244,0,0,0,429,0,0,-3,-358,0,2824
2026/04/12,23:00,2896,0,433,1079,195,170,0,703,11,243,0,0,0,447,0,0,-6,-379,0,2896
2026/04/12,23:30,2822,0,354,1063,172,194,0,702,10,244,0,0,0,445,0,0,-9,-353,0,2822
2026/04/13,00:00,2817,0,351,1009,176,208,0,705,10,243,0,0,0,421,0,61,-6,-361,0,2817
2026/04/13,00:30,2757,0,371,982,130,208,0,712,11,244,0,0,0,425,0,14,-7,-333,0,2757
2026/04/13,01:00,2814,0,359,1074,116,208,0,717,11,244,0,0,0,432,0,0,-10,-337,0,2814
2026/04/13,01:30,2834,0,371,1076,150,208,0,724,10,243,0,0,0,435,0,2,-6,-379,0,2834
2026/04/13,02:00,2879,0,354,1009,187,208,0,732,10,243,0,0,0,426,0,107,-5,-392,0,2879
2026/04/13,02:30,2957,0,361,1062,208,208,0,748,11,243,0,0,0,411,0,116,-6,-405,0,2957
2026/04/13,03:00,3023,0,360,1071,224,208,0,766,11,243,0,0,0,402,0,156,-6,-412,0,3023
2026/04/13,03:30,3071,0,413,1075,214,207,0,768,11,243,0,0,0,392,0,156,-6,-402,0,3071
2026/04/13,04:00,3122,0,510,1083,216,208,0,771,10,243,0,0,0,346,0,156,1,-422,0,3122
2026/04/13,04:30,3122,0,520,1076,220,208,0,770,10,244,0,1,0,321,0,155,25,-428,0,3122
2026/04/13,05:00,3144,0,410,1046,227,208,0,770,11,243,0,45,0,279,0,242,-1,-336,0,3144
2026/04/13,05:30,3180,0,468,1011,254,208,0,760,11,243,0,180,0,243,0,264,-6,-456,0,3180
2026/04/13,06:00,3216,0,537,885,281,208,0,725,11,243,0,352,0,205,0,127,-3,-355,0,3216
2026/04/13,06:30,3240,0,527,770,230,208,0,703,10,239,0,620,0,158,0,2,-6,-221,0,3240
2026/04/13,07:00,3290,0,431,606,163,179,0,669,10,225,0,831,0,182,0,0,-6,0,0,3290
2026/04/13,07:30,3290,0,416,541,155,122,0,627,11,200,0,984,0,240,0,0,-6,0,0,3290
2026/04/13,08:00,3434,0,267,504,67,103,0,625,11,189,52,1252,0,290,0,-66,-7,199,0,3434
2026/04/13,08:30,3514,0,319,373,50,103,0,615,11,187,52,1464,0,336,0,-113,-14,183,0,3514
2026/04/13,09:00,3637,0,347,326,50,102,0,611,11,187,52,1579,0,345,0,-114,0,193,0,3637
2026/04/13,09:30,3779,0,508,390,73,102,0,610,11,188,52,1490,0,351,0,-114,-4,174,0,3779
2026/04/13,10:00,3818,0,466,377,160,103,0,615,11,188,52,1396,0,363,0,-114,-5,258,0,3818
2026/04/13,10:30,3948,0,541,417,179,106,0,619,11,187,52,1273,0,398,0,-101,-8,326,0,3948
2026/04/13,11:00,3892,0,464,443,179,131,0,615,11,187,52,1127,0,405,0,27,-44,347,0,3892
2026/04/13,11:30,3632,0,319,434,160,135,0,618,11,186,52,1106,0,439,0,-57,-57,338,0,3632
2026/04/13,12:00,3380,0,286,394,84,136,0,593,11,188,52,1086,0,438,0,-103,-76,343,0,3380
2026/04/13,12:30,3336,0,326,326,50,106,0,594,11,186,52,1158,0,408,0,-91,-59,321,0,3336
2026/04/13,13:00,3453,0,453,389,58,102,0,592,11,183,41,1075,0,399,0,-89,-25,305,0,3453
2026/04/13,13:30,3365,0,393,368,141,102,0,589,11,182,30,1039,0,384,0,-103,-11,270,0,3365
2026/04/13,14:00,3294,0,289,385,128,102,0,591,11,179,30,1015,0,414,0,-110,-14,304,0,3294
2026/04/13,14:30,3218,0,309,426,65,104,0,597,11,178,41,918,0,423,0,-107,-14,308,0,3218
2026/04/13,15:00,3131,0,269,466,51,112,0,633,11,180,52,791,0,424,0,-108,-18,320,0,3131
2026/04/13,15:30,3163,0,297,567,85,142,0,647,11,187,0,634,0,394,0,-95,-9,303,0,3163
2026/04/13,16:00,3184,0,294,757,97,194,0,713,11,213,0,432,0,343,0,-111,-7,248,0,3184
2026/04/13,16:30,3226,0,376,897,109,206,0,737,11,222,0,263,0,332,0,-20,-7,100,0,3226
2026/04/13,17:00,3237,0,408,1038,223,207,0,814,11,227,0,94,0,303,0,50,-2,-136,0,3237
2026/04/13,17:30,3277,0,410,1031,340,208,0,840,11,229,0,16,0,306,0,59,35,-208,0,3277
2026/04/13,18:00,3369,0,324,1047,351,209,0,835,10,229,0,0,0,375,0,137,82,-230,0,3369
2026/04/13,18:30,3441,0,431,1079,315,209,0,841,10,229,0,0,0,454,0,150,87,-364,0,3441
2026/04/13,19:00,3400,0,397,1070,334,208,0,836,11,229,0,0,0,483,0,149,121,-438,0,3400
2026/04/13,19:30,3336,0,494,1075,329,207,0,829,11,229,0,0,0,517,0,148,-5,-498,0,3336
2026/04/13,20:00,3281,0,472,1081,343,207,0,829,11,229,0,0,0,553,0,147,-1,-590,0,3281
2026/04/13,20:30,3209,0,448,1072,343,207,0,825,10,230,0,0,0,556,0,146,-4,-624,0,3209
2026/04/13,21:00,3136,0,443,1076,348,207,0,794,10,229,0,0,0,520,0,129,-5,-615,0,3136
2026/04/13,21:30,3044,0,479,1071,348,207,0,767,11,229,0,0,0,474,0,79,-14,-607,0,3044
2026/04/13,22:00,3017,0,510,1071,356,207,0,740,11,229,0,0,0,432,0,61,-3,-597,0,3017
2026/04/13,22:30,2947,0,474,1056,376,207,0,744,10,229,0,0,0,421,0,0,-7,-563,0,2947
2026/04/13,23:00,3027,0,529,1071,386,207,0,742,10,229,0,0,0,413,0,0,-11,-549,0,3027
2026/04/13,23:30,2955,0,481,1065,383,207,0,740,10,229,0,0,0,443,0,0,-16,-587,0,2955
2026/04/14,00:00,2899,0,369,1067,339,207,0,732,10,229,0,0,0,431,0,0,-7,-478,0,2899
2026/04/14,00:30,2885,0,462,1063,365,207,0,731,10,229,0,0,0,370,0,0,-1,-551,0,2885
2026/04/14,01:00,2920,0,455,1072,410,207,0,732,10,229,0,0,0,345,0,0,-2,-538,0,2920
2026/04/14,01:30,2932,0,409,1069,419,207,0,749,10,229,0,0,0,326,0,0,-2,-484,0,2932
2026/04/14,02:00,2956,0,370,1079,415,207,0,750,10,229,0,0,0,313,0,0,-2,-415,0,2956
2026/04/14,02:30,3040,0,385,1073,463,207,0,750,10,229,0,0,0,263,0,50,-2,-388,0,3040
2026/04/14,03:00,3102,0,446,1075,514,207,0,744,10,230,0,0,0,233,0,69,-2,-424,0,3102
2026/04/14,03:30,3144,0,426,1067,517,207,0,745,10,229,0,0,0,218,0,156,-3,-428,0,3144
2026/04/14,04:00,3189,0,394,1085,508,207,0,744,10,229,0,0,0,257,0,119,-2,-362,0,3189
2026/04/14,04:30,3175,0,452,1074,597,207,0,737,10,229,0,1,0,260,0,64,19,-475,0,3175
2026/04/14,05:00,3198,0,488,1070,634,207,0,736,10,229,0,52,0,211,0,77,-3,-513,0,3198
2026/04/14,05:30,3220,0,542,877,695,207,0,720,10,228,0,228,0,228,0,24,-2,-537,0,3220
2026/04/14,06:00,3235,0,459,666,633,207,0,675,10,229,0,461,0,274,0,0,-6,-373,0,3235
2026/04/14,06:30,3167,0,312,602,340,207,0,671,11,229,0,752,0,344,0,0,-4,-297,0,3167
2026/04/14,07:00,3175,0,428,583,272,206,0,627,11,228,0,1078,0,333,0,-166,-3,-422,0,3175
2026/04/14,07:30,3217,0,402,506,183,191,0,617,11,228,0,1363,0,373,0,-233,-5,-419,0,3217
2026/04/14,08:00,3349,0,461,479,147,147,0,606,11,229,0,1600,0,391,0,-232,-6,-484,0,3349
2026/04/14,08:30,3509,0,394,438,122,114,0,583,11,228,0,1823,0,409,0,-233,-17,-363,0,3509
2026/04/14,09:00,3647,0,399,451,122,104,0,585,11,226,0,1934,0,416,0,-230,-3,-368,0,3647
2026/04/14,09:30,3705,0,493,414,176,102,0,563,11,214,0,1984,0,444,0,-308,-3,-385,0,3705
2026/04/14,10:00,3702,0,448,399,175,103,0,568,11,197,0,2006,0,405,0,-327,-5,-278,0,3702
2026/04/14,10:30,3632,0,330,383,117,102,0,569,11,181,52,1935,0,430,0,-335,-5,-86,0,3632
2026/04/14,11:00,3548,0,250,333,67,102,0,555,11,180,52,1885,0,453,0,-329,-42,83,0,3548
2026/04/14,11:30,3498,0,272,370,48,102,0,546,11,179,52,1854,0,463,0,-339,-58,50,0,3498
2026/04/14,12:00,3334,0,247,360,49,103,0,545,11,178,52,1840,0,462,0,-338,-76,-47,0,3334
2026/04/14,12:30,3218,0,234,276,49,103,0,541,11,178,52,1863,0,446,0,-346,-59,-78,0,3218
2026/04/14,13:00,3263,0,370,388,49,102,0,550,11,178,41,1792,0,426,0,-353,-26,-224,0,3263
2026/04/14,13:30,3165,0,394,399,50,102,0,548,11,179,30,1688,0,465,0,-325,-6,-340,0,3165
2026/04/14,14:00,3067,0,375,452,49,102,0,551,11,178,30,1549,0,475,0,-314,-6,-355,0,3067
2026/04/14,14:30,2991,0,336,524,52,117,0,563,11,192,0,1357,0,442,0,-270,-6,-327,0,2991
2026/04/14,15:00,2937,0,315,573,96,158,0,605,11,215,0,1114,0,396,0,-215,-19,-312,0,2937
2026/04/14,15:30,3013,0,326,811,169,198,0,599,11,222,0,863,0,379,0,-214,-3,-348,0,3013
2026/04/14,16:00,3062,0,374,851,180,206,0,675,11,229,0,587,0,350,0,-68,-5,-328,0,3062
2026/04/14,16:30,3094,0,391,950,277,207,0,704,11,230,0,330,0,347,0,11,-5,-359,0,3094
2026/04/14,17:00,3164,0,551,1063,412,207,0,755,11,229,0,125,0,325,0,81,-4,-591,0,3164
2026/04/14,17:30,3232,0,617,1055,417,210,0,780,11,229,0,19,0,320,0,138,-1,-563,0,3232
2026/04/14,18:00,3331,0,631,1025,360,211,0,798,11,228,0,0,0,308,0,203,81,-525,0,3331
2026/04/14,18:30,3397,0,640,1058,383,209,0,792,10,229,0,0,0,315,0,232,94,-565,0,3397
2026/04/14,19:00,3366,0,640,1073,372,209,0,792,10,229,0,0,0,258,0,225,103,-545,0,3366
2026/04/14,19:30,3284,0,642,1068,485,208,0,777,10,229,0,0,0,175,0,175,33,-518,0,3284
2026/04/14,20:00,3224,0,601,1072,575,209,0,799,10,229,0,0,0,120,0,116,-5,-502,0,3224
2026/04/14,20:30,3130,0,455,1071,585,209,0,802,10,229,0,0,0,109,0,83,2,-425,0,3130
2026/04/14,21:00,3056,0,477,1079,585,207,0,752,10,229,0,0,0,116,0,57,-11,-445,0,3056
2026/04/14,21:30,2978,0,523,1073,585,207,0,715,10,227,0,0,0,115,0,63,-13,-527,0,2978
2026/04/14,22:00,2909,0,373,1075,578,207,0,702,10,228,0,0,0,111,0,79,-10,-444,0,2909
2026/04/14,22:30,2855,0,388,1068,579,207,0,701,10,229,0,0,0,115,0,34,-8,-468,0,2855
2026/04/14,23:00,2899,0,405,1078,583,207,0,706,10,227,0,0,0,152,0,35,-10,-494,0,2899
2026/04/14,23:30,2875,0,389,1074,578,207,0,705,10,224,0,0,0,237,0,43,-9,-583,0,2875
2026/04/15,00:00,2836,0,404,1077,582,207,0,681,10,220,0,0,0,236,0,0,-9,-572,0,2836
2026/04/15,00:30,2798,0,431,1069,582,207,0,681,10,219,0,0,0,189,0,0,-13,-577,0,2798
2026/04/15,01:00,2816,0,441,1072,550,207,0,709,10,219,0,0,0,161,0,0,-8,-545,0,2816
2026/04/15,01:30,2842,0,321,1072,501,207,0,732,10,220,0,0,0,126,0,0,-13,-334,0,2842
2026/04/15,02:00,2884,0,302,1074,531,207,0,750,10,220,0,0,0,93,0,0,-8,-295,0,2884
2026/04/15,02:30,2952,0,333,1071,522,207,0,750,10,221,0,0,0,86,0,11,-11,-248,0,2952
2026/04/15,03:00,3047,0,318,1080,493,207,0,789,10,220,0,0,0,89,0,75,-7,-227,0,3047
2026/04/15,03:30,3063,0,358,1074,489,207,0,787,10,219,0,0,0,95,0,98,-7,-267,0,3063
2026/04/15,04:00,3104,0,366,1080,476,207,0,784,10,221,0,0,0,86,0,118,-6,-238,0,3104
2026/04/15,04:30,3096,0,401,1079,541,207,0,765,10,220,0,1,0,83,0,119,10,-340,0,3096
2026/04/15,05:00,3137,0,443,1084,582,207,0,765,10,220,0,56,0,76,0,120,-5,-421,0,3137
2026/04/15,05:30,3099,0,351,1075,495,207,0,757,10,220,0,216,0,86,0,74,-8,-384,0,3099
2026/04/15,06:00,3168,0,416,1083,463,207,0,724,10,220,0,386,0,71,0,58,-6,-464,0,3168
2026/04/15,06:30,3204,0,376,1071,486,207,0,717,10,221,0,627,0,68,0,34,-7,-606,0,3204
2026/04/15,07:00,3261,0,364,1081,334,207,0,704,10,220,0,908,0,66,0,0,-5,-628,0,3261
2026/04/15,07:30,3337,0,412,1070,218,207,0,696,10,219,0,1081,0,65,0,0,-6,-635,0,3337
2026/04/15,08:00,3442,0,469,1078,183,205,0,620,11,220,0,1233,0,61,0,0,-5,-633,0,3442
2026/04/15,08:30,3556,0,479,1069,187,204,0,571,11,218,0,1383,0,68,0,0,-6,-628,0,3556
2026/04/15,09:00,3579,0,414,1040,128,178,0,525,11,211,0,1510,0,63,0,0,-6,-495,0,3579
2026/04/15,09:30,3565,0,352,997,119,122,0,507,10,190,0,1569,0,65,0,-2,-8,-356,0,3565
2026/04/15,10:00,3576,0,319,928,140,101,0,491,10,180,43,1653,0,46,0,-95,-7,-190,0,3576
2026/04/15,10:30,3662,0,265,849,122,101,0,504,11,179,43,1732,0,65,0,-128,-8,-30,0,3662
2026/04/15,11:00,3617,0,316,854,144,101,0,503,11,178,43,1722,0,59,0,-308,-42,79,0,3617
2026/04/15,11:30,3585,0,305,942,172,101,0,484,11,178,43,1644,0,67,0,-337,-58,76,0,3585
2026/04/15,12:00,3445,0,284,959,158,102,0,487,10,178,43,1551,0,63,0,-312,-76,41,0,3445
2026/04/15,12:30,3349,0,256,961,122,115,0,490,10,189,0,1425,0,67,0,-234,-61,9,0,3349
2026/04/15,13:00,3370,0,338,976,135,140,0,522,11,207,0,1250,0,65,0,-201,-38,-35,0,3370
2026/04/15,13:30,3348,0,356,905,122,165,0,551,11,212,0,1133,0,86,0,-75,-1,-117,0,3348
2026/04/15,14:00,3315,0,337,1036,222,197,0,576,11,218,0,971,0,74,0,11,-6,-332,0,3315
2026/04/15,14:30,3343,0,421,1046,353,204,0,590,10,220,0,785,0,82,0,77,-6,-439,0,3343
2026/04/15,15:00,3285,0,470,1086,361,204,0,610,11,220,0,568,0,91,0,35,-3,-368,0,3285
2026/04/15,15:30,3273,0,477,1068,409,204,0,608,11,220,0,394,0,92,0,16,-7,-219,0,3273
2026/04/15,16:00,3270,0,374,1078,455,207,0,686,11,220,0,248,0,85,0,61,-4,-151,0,3270
2026/04/15,16:30,3314,0,392,1073,537,208,0,702,10,220,0,145,0,94,0,114,-5,-176,0,3314
2026/04/15,17:00,3355,0,431,1089,593,208,0,726,10,220,0,53,0,92,0,147,7,-221,0,3355
2026/04/15,17:30,3379,0,406,1064,597,210,0,739,11,220,0,11,0,112,0,147,8,-146,0,3379
2026/04/15,18:00,3429,0,343,1083,599,210,0,749,11,221,0,0,0,116,0,235,82,-220,0,3429
2026/04/15,18:30,3435,0,308,1076,599,208,0,756,10,220,0,0,0,133,0,320,106,-301,0,3435
2026/04/15,19:00,3382,0,405,1076,599,208,0,749,10,220,0,0,0,128,0,275,100,-388,0,3382
2026/04/15,19:30,3322,0,539,1075,598,206,0,737,10,220,0,0,0,132,0,323,-6,-512,0,3322
2026/04/15,20:00,3245,0,486,1076,598,208,0,708,10,221,0,0,0,109,0,272,-6,-437,0,3245
2026/04/15,20:30,3155,0,350,1068,598,208,0,710,10,221,0,0,0,130,0,269,1,-410,0,3155
2026/04/15,21:00,3087,0,342,1077,595,207,0,708,10,220,0,0,0,89,0,276,-5,-432,0,3087
2026/04/15,21:30,2993,0,335,1072,590,207,0,699,10,220,0,0,0,74,0,276,-2,-488,0,2993
2026/04/15,22:00,2911,0,341,1078,538,207,0,679,11,221,0,0,0,68,0,232,-5,-459,0,2911
2026/04/15,22:30,2847,0,383,1074,543,207,0,676,10,221,0,0,0,81,0,120,-5,-463,0,2847
2026/04/15,23:00,2924,0,427,1080,574,207,0,677,10,221,0,0,0,92,0,71,-5,-430,0,2924
2026/04/15,23:30,2842,0,383,1072,583,207,0,674,10,221,0,0,0,97,0,4,-21,-388,0,2842
2026/04/16,00:00,2795,0,374,1079,524,207,0,661,10,221,0,0,0,98,0,55,-5,-429,0,2795
2026/04/16,00:30,2739,0,355,1072,451,207,0,661,11,221,0,0,0,126,0,66,-7,-424,0,2739
2026/04/16,01:00,2765,0,379,1078,503,207,0,669,11,221,0,0,0,122,0,0,-20,-405,0,2765
2026/04/16,01:30,2811,0,371,1070,514,207,0,670,10,222,0,0,0,127,0,0,-6,-374,0,2811
2026/04/16,02:00,2863,0,373,1079,566,207,0,694,10,222,0,0,0,135,0,12,-2,-433,0,2863
2026/04/16,02:30,2931,0,405,1073,572,207,0,694,10,222,0,0,0,126,0,82,2,-462,0,2931
2026/04/16,03:00,3018,0,475,1082,585,207,0,732,10,222,0,0,0,99,0,101,1,-496,0,3018
2026/04/16,03:30,3076,0,514,1073,585,207,0,738,10,222,0,0,0,89,0,167,0,-529,0,3076
2026/04/16,04:00,3107,0,542,1078,585,207,0,739,10,222,0,0,0,81,0,159,-1,-515,0,3107
2026/04/16,04:30,3091,0,448,1071,584,207,0,745,11,222,0,2,0,90,0,156,-3,-442,0,3091
2026/04/16,05:00,3140,0,474,1080,545,207,0,734,11,221,0,64,0,106,0,158,-2,-458,0,3140
2026/04/16,05:30,3110,0,374,1028,458,206,0,734,10,221,0,216,0,123,0,151,1,-412,0,3110
2026/04/16,06:00,3178,0,461,736,388,207,0,693,10,221,0,440,0,124,0,157,8,-267,0,3178
2026/04/16,06:30,3122,0,331,629,323,207,0,688,10,220,0,713,0,102,0,130,4,-235,0,3122
2026/04/16,07:00,3085,0,333,625,267,206,0,642,10,220,0,973,0,79,0,17,-4,-283,0,3085
2026/04/16,07:30,3071,0,354,573,147,206,0,596,10,220,0,1252,0,73,0,0,4,-364,0,3071
2026/04/16,08:00,3197,0,387,530,130,206,0,583,11,220,0,1534,0,68,0,16,-3,-485,0,3197
2026/04/16,08:30,3297,0,396,482,128,206,0,538,11,220,0,1770,0,94,0,19,-3,-564,0,3297
2026/04/16,09:00,3397,0,449,453,135,206,0,496,10,219,0,1927,0,103,0,21,-4,-618,0,3397
2026/04/16,09:30,3447,0,389,385,152,205,0,478,10,218,0,2076,0,99,0,0,-17,-548,0,3447
2026/04/16,10:00,3438,0,324,403,148,177,0,459,11,218,0,2170,0,41,0,-190,-2,-321,0,3438
2026/04/16,10:30,3508,0,372,363,192,121,0,466,11,219,0,2226,0,65,0,-317,-4,-206,0,3508
2026/04/16,11:00,3505,0,292,380,129,103,0,461,11,219,0,2235,0,80,0,-332,-43,-30,0,3505
2026/04/16,11:30,3413,0,261,352,110,103,0,451,11,218,0,2214,0,86,0,-338,-54,-1,0,3413
2026/04/16,12:00,3284,0,249,335,70,103,0,441,11,219,0,2164,0,82,0,-337,-87,34,0,3284
2026/04/16,12:30,3216,0,265,330,74,103,0,443,11,220,0,2092,0,78,0,-340,-64,4,0,3216
2026/04/16,13:00,3253,0,376,398,159,103,0,438,11,211,0,1984,0,80,0,-337,-25,-145,0,3253
2026/04/16,13:30,3117,0,322,424,283,118,0,440,11,198,0,1838,0,52,0,-338,-7,-224,0,3117
2026/04/16,14:00,3020,0,328,456,332,148,0,469,11,208,0,1655,0,40,0,-339,-6,-282,0,3020
2026/04/16,14:30,2996,0,433,518,350,156,0,493,11,219,0,1446,0,36,0,-337,-6,-323,0,2996
2026/04/16,15:00,2924,0,321,635,278,170,0,525,11,220,0,1184,0,41,0,-283,-5,-173,0,2924
2026/04/16,15:30,2980,0,389,760,185,195,0,581,11,221,0,918,0,45,0,-201,-4,-120,0,2980
2026/04/16,16:00,3053,0,397,837,178,206,0,630,11,220,0,634,0,43,0,-45,-5,-53,0,3053
2026/04/16,16:30,3093,0,354,973,351,206,0,686,11,221,0,357,0,50,0,73,-6,-183,0,3093
2026/04/16,17:00,3114,0,423,1040,342,208,0,740,11,221,0,132,0,45,0,269,-5,-312,0,3114
2026/04/16,17:30,3180,0,401,1068,522,208,0,749,11,222,0,23,0,48,0,306,-4,-374,0,3180
2026/04/16,18:00,3305,0,386,1075,586,210,0,759,11,221,0,0,0,46,0,347,78,-414,0,3305
2026/04/16,18:30,3347,0,464,1076,590,211,0,759,10,220,0,0,0,60,0,345,66,-454,0,3347
2026/04/16,19:00,3300,0,440,1075,595,210,0,750,10,220,0,0,0,43,0,347,67,-457,0,3300
2026/04/16,19:30,3228,0,316,1071,586,208,0,744,10,222,0,0,0,55,0,340,68,-392,0,3228
2026/04/16,20:00,3165,0,430,1081,574,209,0,721,11,223,0,0,0,47,0,270,8,-409,0,3165
2026/04/16,20:30,3115,0,505,1080,594,207,0,723,11,225,0,0,0,61,0,218,23,-532,0,3115
2026/04/16,21:00,3021,0,566,1077,594,207,0,693,10,227,0,0,0,63,0,115,-5,-526,0,3021
2026/04/16,21:30,2917,0,480,1072,594,207,0,682,10,226,0,0,0,80,0,31,-7,-458,0,2917
2026/04/16,22:00,2871,0,392,1082,593,207,0,670,10,228,0,0,0,85,0,0,-5,-391,0,2871
2026/04/16,22:30,2821,0,428,1072,593,207,0,670,11,229,0,0,0,88,0,0,-9,-468,0,2821
2026/04/16,23:00,2892,0,393,1081,582,207,0,675,10,228,0,0,0,148,0,0,-6,-426,0,2892
2026/04/16,23:30,2838,0,354,1078,546,207,0,675,10,227,0,0,0,286,0,0,-11,-534,0,2838
2026/04/17,00:00,2786,0,309,1075,427,207,0,650,10,226,0,0,0,404,0,0,-6,-516,0,2786
2026/04/17,00:30,2758,0,309,1071,290,207,0,649,10,228,0,0,0,501,0,67,-7,-567,0,2758
2026/04/17,01:00,2839,0,313,1080,332,207,0,648,11,228,0,0,0,536,0,80,-5,-591,0,2839
2026/04/17,01:30,2859,0,304,1078,348,207,0,646,10,228,0,0,0,551,0,80,-5,-588,0,2859
2026/04/17,02:00,2926,0,306,1079,392,207,0,683,10,229,0,0,0,543,0,80,-5,-598,0,2926
2026/04/17,02:30,2956,0,309,1071,452,207,0,683,10,229,0,0,0,534,0,80,-17,-602,0,2956
2026/04/17,03:00,3012,0,292,1079,423,207,0,704,10,230,0,0,0,538,0,90,-5,-556,0,3012
2026/04/17,03:30,3082,0,312,1072,402,207,0,712,10,229,0,0,0,557,0,150,-5,-564,0,3082
2026/04/17,04:00,3098,0,309,1079,411,207,0,724,10,230,0,0,0,556,0,150,-4,-574,0,3098
2026/04/17,04:30,3112,0,325,1065,426,207,0,730,10,229,0,2,0,587,0,149,-6,-612,0,3112
2026/04/17,05:00,3131,0,340,1032,409,207,0,696,10,228,0,75,0,605,0,148,-6,-613,0,3131
2026/04/17,05:30,3111,0,422,979,235,207,0,697,10,228,0,231,0,600,0,122,-6,-614,0,3111
2026/04/17,06:00,3187,0,468,931,336,207,0,642,10,229,0,450,0,541,0,4,-7,-624,0,3187
2026/04/17,06:30,3171,0,417,835,267,207,0,585,10,228,0,727,0,528,0,0,-8,-625,0,3171
2026/04/17,07:00,3151,0,353,632,178,207,0,563,10,229,0,1004,0,517,0,0,-5,-537,0,3151
2026/04/17,07:30,3141,0,376,436,162,207,0,545,11,229,0,1212,0,517,0,-114,-7,-433,0,3141
2026/04/17,08:00,3184,0,273,452,115,194,0,518,11,225,0,1433,0,498,0,-226,-4,-305,0,3184
2026/04/17,08:30,3326,0,379,414,74,152,0,514,11,211,0,1660,0,505,0,-252,-6,-336,0,3326
2026/04/17,09:00,3450,0,374,367,71,110,0,462,11,198,0,1831,0,499,0,-12,-7,-454,0,3450
2026/04/17,09:30,3472,0,384,377,71,103,0,463,11,173,52,1957,0,492,0,-90,-6,-463,0,3472
2026/04/17,10:00,3433,0,264,372,71,102,0,466,11,170,52,2009,0,496,0,-122,-6,-400,0,3433
2026/04/17,10:30,3521,0,256,355,71,103,0,467,11,169,52,2094,0,520,0,-122,-17,-386,0,3521
2026/04/17,11:00,3528,0,293,338,72,103,0,465,11,169,52,2101,0,482,0,-123,-4,-379,0,3528
2026/04/17,11:30,3532,0,341,414,71,103,0,443,11,169,52,2030,0,482,0,-122,-4,-406,0,3532
2026/04/17,12:00,3396,0,289,375,71,103,0,468,11,170,52,1883,0,480,0,-122,-24,-308,0,3396
2026/04/17,12:30,3374,0,353,366,70,103,0,467,11,169,52,1688,0,480,0,-122,-24,-187,0,3374
2026/04/17,13:00,3381,0,471,414,99,102,0,468,10,169,41,1511,0,477,0,-115,-24,-201,0,3381
2026/04/17,13:30,3265,0,328,466,125,102,0,487,11,183,0,1335,0,509,0,-123,-6,-152,0,3265
2026/04/17,14:00,3198,0,248,535,112,118,0,493,11,206,0,1162,0,546,0,-108,-9,-116,0,3198
2026/04/17,14:30,3118,0,292,570,108,163,0,494,11,213,0,939,0,544,0,-9,-4,-203,0,3118
2026/04/17,15:00,3137,0,350,779,110,196,0,523,11,219,0,751,0,514,0,0,-17,-299,0,3137
2026/04/17,15:30,3181,0,442,988,178,206,0,543,11,222,0,547,0,487,0,0,-12,-431,0,3181
2026/04/17,16:00,3183,0,373,1034,291,207,0,631,11,222,0,340,0,478,0,0,-11,-393,0,3183
2026/04/17,16:30,3169,0,356,1066,280,207,0,659,11,221,0,195,0,491,0,0,-13,-304,0,3169
2026/04/17,17:00,3141,0,355,1070,201,209,0,711,11,221,0,82,0,501,0,68,-14,-274,0,3141
2026/04/17,17:30,3201,0,470,1071,221,211,0,727,11,221,0,18,0,501,0,80,-11,-319,0,3201
2026/04/17,18:00,3300,0,514,1084,332,211,0,736,11,220,0,0,0,495,0,124,-9,-418,0,3300
2026/04/17,18:30,3334,0,575,1070,266,210,0,739,10,220,0,0,0,547,0,171,19,-493,0,3334
2026/04/17,19:00,3284,0,551,1080,168,209,0,738,10,220,0,0,0,602,0,174,17,-485,0,3284
2026/04/17,19:30,3226,0,590,1069,109,207,0,740,10,220,0,0,0,638,0,174,-7,-524,0,3226
2026/04/17,20:00,3137,0,440,1085,108,206,0,704,11,221,0,0,0,657,0,96,-6,-385,0,3137
2026/04/17,20:30,3053,0,340,1070,108,207,0,704,11,220,0,0,0,658,0,80,-7,-338,0,3053
2026/04/17,21:00,2976,0,353,1082,108,207,0,703,10,219,0,0,0,595,0,93,-7,-387,0,2976
2026/04/17,21:30,2888,0,339,1073,108,207,0,699,10,220,0,0,0,627,0,99,-8,-486,0,2888
2026/04/17,22:00,2830,0,320,1033,107,209,0,692,10,220,0,0,0,650,0,97,-19,-489,0,2830
2026/04/17,22:30,2754,0,306,981,107,207,0,692,10,220,0,0,0,597,0,98,-7,-457,0,2754
2026/04/17,23:00,2825,0,354,1069,132,209,0,673,11,219,0,0,0,529,0,76,-6,-441,0,2825
2026/04/17,23:30,2773,0,502,1065,165,207,0,670,10,220,0,0,0,478,0,0,4,-548,0,2773
2026/04/18,00:00,2730,0,542,1070,180,206,0,630,10,220,0,0,0,428,0,40,-5,-591,0,2730
2026/04/18,00:30,2656,0,533,1065,160,206,0,629,10,219,0,0,0,380,0,57,-8,-595,0,2656
2026/04/18,01:00,2692,0,528,1075,161,206,0,664,10,220,0,0,0,370,0,65,-7,-600,0,2692
2026/04/18,01:30,2706,0,529,1066,114,206,0,671,10,220,0,0,0,373,0,115,-7,-591,0,2706
2026/04/18,02:00,2779,0,541,1073,139,206,0,669,10,221,0,0,0,378,0,154,-4,-608,0,2779
2026/04/18,02:30,2841,0,528,1067,198,206,0,679,10,221,0,0,0,387,0,154,-5,-604,0,2841
2026/04/18,03:00,2918,0,573,1078,198,206,0,704,10,220,0,0,0,390,0,153,-6,-608,0,2918
2026/04/18,03:30,2916,0,547,1066,157,206,0,706,10,221,0,0,0,440,0,196,0,-633,0,2916
2026/04/18,04:00,2981,0,568,1076,168,210,0,708,10,220,0,0,0,426,0,224,-6,-623,0,2981
2026/04/18,04:30,2945,0,545,1067,135,209,0,706,10,220,0,1,0,472,0,223,-3,-640,0,2945
2026/04/18,05:00,2979,0,528,1048,114,208,0,680,10,221,0,58,0,542,0,176,-5,-601,0,2979
2026/04/18,05:30,2941,0,442,975,111,206,0,681,10,221,0,138,0,527,0,159,38,-567,0,2941
2026/04/18,06:00,2964,0,485,954,111,189,0,641,10,220,0,231,0,465,0,99,-7,-434,0,2964
2026/04/18,06:30,2936,0,450,896,111,135,0,596,10,220,0,336,0,504,0,18,-22,-318,0,2936
2026/04/18,07:00,2948,0,365,867,92,104,0,584,10,220,0,413,0,539,0,20,-51,-215,0,2948
2026/04/18,07:30,2958,0,253,645,58,82,0,565,10,220,0,535,0,597,0,0,-8,1,0,2958
2026/04/18,08:00,2997,0,381,550,59,64,0,513,10,220,0,600,0,616,0,-169,-7,160,0,2997
2026/04/18,08:30,3045,0,321,680,58,56,0,499,10,220,0,720,0,638,0,-272,-6,121,0,3045
2026/04/18,09:00,3109,0,262,842,58,55,0,498,10,219,0,809,0,624,0,-309,-6,47,0,3109
2026/04/18,09:30,3109,0,237,749,58,55,0,499,10,212,0,959,0,641,0,-314,-5,8,0,3109
2026/04/18,10:00,3026,0,319,410,58,55,0,508,10,194,0,1155,0,631,0,-304,7,-17,0,3026
2026/04/18,10:30,2976,0,247,378,59,55,0,519,11,185,43,1226,0,593,41,-328,-3,34,0,2976
2026/04/18,11:00,3024,0,302,377,58,55,0,553,11,184,43,1285,0,575,38,-343,-24,-9,0,3024
2026/04/18,11:30,3048,0,283,347,58,55,0,553,11,183,43,1313,0,620,38,-341,-5,-29,0,3048
2026/04/18,12:00,3056,0,325,375,59,55,0,552,11,183,43,1315,0,632,0,-309,-26,-116,0,3056
2026/04/18,12:30,2986,0,287,346,59,55,0,570,10,183,43,1342,0,683,0,-316,-2,-231,0,2986
2026/04/18,13:00,2941,0,340,381,61,55,0,599,10,183,32,1275,0,642,0,-306,-24,-275,0,2941
2026/04/18,13:30,2871,0,417,407,60,55,0,604,10,190,0,1136,0,634,0,-283,-6,-353,0,2871
2026/04/18,14:00,2787,0,247,439,61,55,0,604,10,210,0,1062,0,641,0,-185,-4,-353,0,2787
2026/04/18,14:30,2699,0,247,410,61,55,0,604,10,218,0,1009,0,641,0,-185,-3,-368,0,2699
2026/04/18,15:00,2661,0,306,440,64,55,0,620,10,225,0,832,0,662,0,-185,-6,-362,0,2661
2026/04/18,15:30,2741,0,350,429,63,56,0,630,10,226,0,686,0,666,0,-52,-8,-315,0,2741
2026/04/18,16:00,2762,0,393,470,90,58,0,654,10,227,0,485,0,658,0,81,-31,-333,0,2762
2026/04/18,16:30,2822,0,496,493,165,58,0,639,10,229,0,291,0,673,0,139,-5,-366,0,2822
2026/04/18,17:00,2871,0,396,543,118,58,0,688,10,232,0,114,0,686,0,160,-5,-129,0,2871
2026/04/18,17:30,2955,0,320,812,110,60,0,700,10,234,0,18,0,753,0,139,-7,-194,0,2955
2026/04/18,18:00,3035,0,298,977,96,62,0,710,10,234,0,0,0,771,0,285,-5,-403,0,3035
2026/04/18,18:30,3133,0,461,1003,61,62,0,712,10,235,0,0,0,781,0,322,40,-554,0,3133
2026/04/18,19:00,3122,0,502,1029,61,61,0,718,11,235,0,0,0,721,0,290,17,-523,0,3122
2026/04/18,19:30,3048,0,520,1046,86,62,0,728,11,235,0,0,0,627,0,298,-5,-560,0,3048
2026/04/18,20:00,2985,0,386,1071,108,62,0,759,11,235,0,0,0,571,0,289,-6,-501,0,2985
2026/04/18,20:30,2911,0,350,1066,108,62,0,757,11,235,0,0,0,548,0,254,-5,-475,0,2911
2026/04/18,21:00,2816,0,479,1077,108,61,0,733,11,235,0,0,0,465,0,82,-7,-428,0,2816
2026/04/18,21:30,2730,0,450,1067,107,58,0,736,11,235,0,0,0,455,0,54,-6,-437,0,2730
2026/04/18,22:00,2660,0,295,1037,107,59,0,719,11,236,0,0,0,489,0,85,-6,-372,0,2660
2026/04/18,22:30,2592,0,292,880,92,58,0,716,11,235,0,0,0,519,0,97,-1,-307,0,2592
2026/04/18,23:00,2682,0,350,1040,58,58,0,696,11,235,0,0,0,560,0,87,-8,-405,0,2682
2026/04/18,23:30,2628,0,287,1057,58,59,0,696,11,235,0,0,0,608,0,77,-40,-420,0,2628
2026/04/19,00:00,2607,0,294,973,58,59,0,668,11,235,0,0,0,645,0,176,-5,-507,0,2607
2026/04/19,00:30,2581,0,283,960,58,59,0,665,11,235,0,0,0,663,0,203,3,-559,0,2581
2026/04/19,01:00,2614,0,282,959,58,58,0,683,11,235,0,0,0,645,0,192,1,-510,0,2614
2026/04/19,01:30,2658,0,282,841,58,58,0,689,11,235,0,0,0,739,0,276,6,-537,0,2658
2026/04/19,02:00,2687,0,282,796,58,58,0,703,11,235,0,0,0,750,0,297,0,-503,0,2687
2026/04/19,02:30,2755,0,282,926,58,58,0,705,11,236,0,0,0,735,0,274,4,-534,0,2755
2026/04/19,03:00,2848,0,282,1023,58,58,0,730,10,236,0,0,0,723,0,282,-2,-552,0,2848
2026/04/19,03:30,2880,0,398,880,66,58,0,734,10,235,0,0,0,713,0,300,2,-516,0,2880
2026/04/19,04:00,2889,0,626,797,106,60,0,733,10,235,0,0,0,612,0,305,-2,-593,0,2889
2026/04/19,04:30,2821,0,562,661,107,60,0,733,11,235,0,2,0,621,0,289,17,-477,0,2821
2026/04/19,05:00,2805,0,422,626,107,58,0,740,11,235,0,77,0,608,0,295,14,-388,0,2805
2026/04/19,05:30,2759,0,407,604,107,58,0,739,11,235,0,227,0,561,0,219,-48,-361,0,2759
2026/04/19,06:00,2734,0,401,611,107,58,0,694,11,232,0,477,0,487,0,63,19,-426,0,2734
2026/04/19,06:30,2664,0,315,486,100,58,0,669,11,219,0,755,16,424,21,0,-5,-368,0,2664
2026/04/19,07:00,2669,0,406,442,49,58,0,641,11,197,0,872,180,363,31,-109,-4,-257,0,2669
2026/04/19,07:30,2741,0,333,433,11,55,0,638,11,185,53,1135,171,331,30,-234,-3,-154,0,2741
2026/04/19,08:00,2617,0,235,414,12,55,0,638,11,184,53,1141,399,330,51,-282,-4,-117,0,2617
2026/04/19,08:30,2661,0,269,333,12,55,0,654,11,184,53,1239,508,378,57,-345,-4,-125,0,2661
2026/04/19,09:00,2727,0,267,373,11,55,0,657,11,183,53,1270,620,386,59,-347,-4,-135,0,2727
2026/04/19,09:30,2745,0,231,304,11,55,0,661,11,182,53,1442,549,410,54,-346,-10,-206,0,2745
2026/04/19,10:00,2731,0,261,280,12,55,0,672,11,184,53,1467,559,352,19,-344,-17,-202,0,2731
2026/04/19,10:30,2753,0,275,310,11,55,0,675,11,183,53,1490,583,280,22,-338,-36,-163,0,2753
2026/04/19,11:00,2810,0,273,357,11,55,0,675,11,184,53,1507,574,254,22,-344,-54,-119,0,2810
2026/04/19,11:30,2782,0,238,363,12,55,0,659,11,183,53,1513,552,259,22,-345,-90,-76,0,2782
2026/04/19,12:00,2753,0,233,358,12,55,0,661,11,183,53,1503,537,244,22,-342,-64,-101,0,2753
2026/04/19,12:30,2671,0,286,340,12,55,0,663,11,184,53,1286,677,258,32,-322,-23,-79,0,2671
2026/04/19,13:00,2642,0,386,380,12,55,0,663,11,185,41,1134,711,244,41,-328,-14,-86,0,2642
2026/04/19,13:30,2538,0,249,267,12,55,0,660,11,188,30,1321,470,235,25,-342,-14,-104,0,2538
2026/04/19,14:00,2476,0,237,278,12,55,0,663,11,190,30,1189,419,230,28,-345,-10,-34,0,2476
2026/04/19,14:30,2462,0,251,315,12,55,0,667,11,193,41,1094,304,217,19,-342,-3,-8,0,2462
2026/04/19,15:00,2440,0,311,380,34,55,0,701,11,193,53,963,180,188,19,-337,-18,-41,0,2440
2026/04/19,15:30,2472,0,477,378,57,55,0,712,11,193,53,778,100,137,18,-287,-3,-36,0,2472
2026/04/19,16:00,2575,0,520,455,58,58,0,725,11,206,0,594,0,99,0,-216,-1,66,0,2575
2026/04/19,16:30,2597,0,553,581,96,60,0,750,11,231,0,337,0,95,0,-148,-3,34,0,2597
2026/04/19,17:00,2691,0,374,941,106,59,0,778,11,242,0,133,0,77,0,-156,-5,131,0,2691
2026/04/19,17:30,2803,0,577,1006,146,59,0,791,10,249,0,28,0,64,0,-157,0,30,0,2803
2026/04/19,18:00,2948,0,577,1070,150,64,0,807,10,249,0,0,0,60,0,-108,87,-18,0,2948
2026/04/19,18:30,3022,0,457,1079,147,63,0,804,10,250,0,0,0,64,0,78,119,-49,0,3022
2026/04/19,19:00,3025,0,533,1081,221,65,0,801,10,250,0,0,0,47,0,78,107,-168,0,3025
2026/04/19,19:30,2981,0,585,1073,167,64,0,800,11,250,0,0,0,32,0,78,66,-145,0,2981
2026/04/19,20:00,2971,0,582,1077,168,63,0,797,10,250,0,0,0,19,0,77,36,-108,0,2971
2026/04/19,20:30,2899,0,555,1072,155,62,0,790,10,251,0,0,0,25,0,77,-5,-93,0,2899
2026/04/19,21:00,2837,0,523,1078,154,62,0,771,10,252,0,0,0,27,0,77,-4,-113,0,2837
2026/04/19,21:30,2759,0,543,1071,118,59,0,763,10,252,0,0,0,38,0,77,-4,-168,0,2759
2026/04/19,22:00,2673,0,556,1081,135,58,0,725,10,251,0,0,0,32,0,18,-2,-191,0,2673
2026/04/19,22:30,2633,0,538,1076,121,58,0,723,10,252,0,0,0,27,0,0,34,-206,0,2633
2026/04/19,23:00,2686,0,462,1080,154,67,0,729,10,252,0,0,0,23,0,0,-7,-84,0,2686
2026/04/19,23:30,2620,0,386,1075,160,92,0,729,10,252,0,0,0,30,0,0,5,-119,0,2620
2026/04/20,00:00,2585,0,346,1069,130,105,0,744,10,252,0,0,0,19,0,139,-51,-178,0,2585
2026/04/20,00:30,2519,0,277,978,107,106,0,761,10,252,0,0,0,26,0,155,-58,-95,0,2519
2026/04/20,01:00,2597,0,277,1022,107,106,0,768,10,252,0,0,0,42,0,128,-7,-108,0,2597
2026/04/20,01:30,2641,0,277,1058,107,105,0,771,10,253,0,0,0,54,0,140,-1,-133,0,2641
2026/04/20,02:00,2691,0,364,1081,107,105,0,779,10,253,0,0,0,50,0,141,-6,-193,0,2691
2026/04/20,02:30,2747,0,316,1069,107,105,0,780,10,253,0,0,0,76,0,160,-1,-128,0,2747
2026/04/20,03:00,2819,0,276,1001,107,106,0,799,10,253,0,0,0,117,0,295,-7,-138,0,2819
2026/04/20,03:30,2873,0,277,1036,107,105,0,802,10,253,0,0,0,181,0,347,-1,-244,0,2873
2026/04/20,04:00,2928,0,276,1042,107,106,0,814,10,253,0,0,0,211,0,361,-6,-246,0,2928
2026/04/20,04:30,2894,0,276,992,107,106,0,814,10,252,0,2,0,302,0,351,-1,-317,0,2894
2026/04/20,05:00,2901,0,275,887,140,105,0,811,10,255,0,85,0,379,0,307,-5,-348,0,2901
2026/04/20,05:30,2891,0,275,778,147,105,0,794,10,255,0,234,0,452,0,271,38,-468,0,2891
2026/04/20,06:00,2992,0,311,840,96,105,0,734,10,257,0,432,0,437,0,233,-6,-457,0,2992
2026/04/20,06:30,2994,0,420,742,51,105,0,728,10,258,0,690,0,421,0,147,-51,-527,0,2994
2026/04/20,07:00,2979,0,304,562,13,105,0,725,10,259,0,939,0,397,0,101,-7,-429,0,2979
2026/04/20,07:30,2987,0,265,501,20,105,0,703,10,260,0,1175,0,417,0,0,-7,-462,0,2987
2026/04/20,08:00,3125,0,284,490,20,92,0,701,10,262,0,1423,0,428,0,-86,-7,-492,0,3125
2026/04/20,08:30,3249,0,222,430,20,66,0,702,11,266,0,1681,0,449,0,-100,-37,-461,0,3249
2026/04/20,09:00,3344,0,211,337,20,55,0,683,10,269,0,1883,0,445,0,-100,-5,-464,0,3344
2026/04/20,09:30,3396,0,222,315,21,55,0,684,11,262,0,2022,0,452,0,-100,-4,-544,0,3396
2026/04/20,10:00,3463,0,260,363,21,55,0,681,10,238,0,2103,0,376,0,-100,-6,-538,0,3463
2026/04/20,10:30,3463,0,257,327,21,55,0,683,10,224,75,2164,0,379,0,-140,-27,-490,0,3463
2026/04/20,11:00,3444,0,249,269,21,55,0,667,10,223,75,2171,0,409,0,-250,-55,-325,0,3444
2026/04/20,11:30,3404,0,318,314,21,54,0,661,10,221,75,2158,0,406,0,-302,-90,-367,0,3404
2026/04/20,12:00,3260,0,245,253,20,55,0,664,11,221,75,2109,0,414,0,-303,-75,-354,0,3260
2026/04/20,12:30,3178,0,236,217,20,54,0,668,10,221,75,2047,0,425,0,-302,-46,-372,0,3178
2026/04/20,13:00,3179,0,283,277,18,54,0,690,11,220,64,1938,0,422,0,-301,-21,-412,0,3179
2026/04/20,13:30,3125,0,375,352,18,54,0,693,11,220,52,1796,0,417,0,-303,-3,-505,0,3125
2026/04/20,14:00,3061,0,439,375,18,55,0,702,11,219,52,1631,0,416,0,-303,2,-504,0,3061
2026/04/20,14:30,2995,0,458,361,18,55,0,713,11,218,64,1416,0,422,0,-254,-3,-420,0,2995
2026/04/20,15:00,2946,0,428,402,22,55,0,750,10,234,0,1143,0,406,0,-86,-16,-402,0,2946
2026/04/20,15:30,2994,0,344,444,57,69,0,775,11,262,0,874,0,446,0,-68,-3,-217,0,2994
2026/04/20,16:00,3035,0,377,492,62,96,0,822,11,275,0,598,0,457,0,1,0,-156,0,3035
2026/04/20,16:30,3055,0,396,714,65,106,0,829,11,279,0,333,0,494,0,42,-3,-211,0,3055
2026/04/20,17:00,3074,0,580,849,123,106,0,861,10,273,0,120,0,486,0,71,-2,-403,0,3074
2026/04/20,17:30,3128,0,465,832,191,110,0,866,10,270,0,26,0,546,0,130,38,-356,0,3128
2026/04/20,18:00,3204,0,352,959,152,112,0,860,11,275,0,0,0,596,0,143,81,-337,0,3204
2026/04/20,18:30,3272,0,310,1007,154,110,0,862,10,279,0,0,0,710,0,158,84,-412,0,3272
2026/04/20,19:00,3262,0,315,1047,127,111,0,861,10,279,0,0,0,760,0,154,63,-465,0,3262
2026/04/20,19:30,3216,0,318,1068,156,107,0,867,10,281,0,0,0,778,0,156,25,-550,0,3216
2026/04/20,20:00,3145,0,343,1079,156,107,0,843,10,286,0,0,0,775,0,129,-8,-575,0,3145
2026/04/20,20:30,3051,0,296,1021,116,107,0,842,10,287,0,0,0,799,0,98,-7,-518,0,3051
2026/04/20,21:00,2971,0,294,982,108,106,0,804,10,286,0,0,0,756,0,99,-7,-467,0,2971
2026/04/20,21:30,2905,0,333,1022,107,106,0,797,10,286,0,0,0,747,0,98,-7,-594,0,2905
2026/04/20,22:00,2834,0,294,934,107,106,0,773,10,287,0,0,0,696,0,96,-5,-464,0,2834
2026/04/20,22:30,2736,0,302,882,107,106,0,767,10,288,0,0,0,681,0,57,-6,-458,0,2736
2026/04/20,23:00,2781,0,306,910,107,106,0,771,11,289,0,0,0,683,0,14,-7,-409,0,2781
2026/04/20,23:30,2711,0,288,1006,107,106,0,770,10,289,0,0,0,629,0,15,6,-515,0,2711
2026/04/21,00:00,2694,0,286,961,107,105,0,752,10,288,0,0,0,668,0,106,-7,-582,0,2694
2026/04/21,00:30,2660,0,294,969,107,105,0,739,10,288,0,0,0,659,0,121,-50,-582,0,2660
2026/04/21,01:00,2664,0,288,992,107,105,0,731,10,288,0,0,0,609,0,114,-7,-573,0,2664
2026/04/21,01:30,2676,0,287,950,107,105,0,732,10,290,0,0,0,580,0,122,0,-507,0,2676
2026/04/21,02:00,2723,0,287,931,107,105,0,746,11,288,0,0,0,590,0,207,-6,-543,0,2723
2026/04/21,02:30,2795,0,287,888,107,105,0,751,10,288,0,0,0,648,0,275,-1,-563,0,2795
2026/04/21,03:00,2878,0,287,964,107,106,0,749,10,288,0,0,0,751,0,200,-5,-579,0,2878
2026/04/21,03:30,2936,0,286,932,107,106,0,744,10,288,0,0,0,861,0,202,4,-604,0,2936
2026/04/21,04:00,2958,0,286,921,107,106,0,747,10,288,0,0,0,868,0,246,-6,-615,0,2958
2026/04/21,04:30,2946,0,286,903,107,106,0,750,10,289,0,1,0,842,0,282,1,-631,0,2946
2026/04/21,05:00,3033,0,286,944,107,106,0,759,10,288,0,53,0,827,0,283,-4,-626,0,3033
2026/04/21,05:30,3047,0,286,939,117,107,0,760,10,288,0,105,0,768,0,288,2,-623,0,3047
2026/04/21,06:00,3111,0,293,1017,122,105,0,753,10,288,0,163,0,724,0,166,-5,-525,0,3111
2026/04/21,06:30,3179,0,282,978,121,105,0,746,10,288,0,244,0,832,0,121,-6,-542,0,3179
2026/04/21,07:00,3266,0,287,1069,107,105,0,736,10,287,0,282,0,822,0,77,-6,-510,0,3266
2026/04/21,07:30,3378,0,329,1065,146,105,0,734,10,288,0,350,0,821,0,43,-6,-507,0,3378
2026/04/21,08:00,3489,0,499,833,250,105,0,740,10,288,0,358,0,815,0,90,-6,-493,0,3489
2026/04/21,08:30,3643,0,593,659,374,105,0,737,10,287,0,455,0,852,0,55,-45,-439,0,3643
2026/04/21,09:00,3702,0,530,676,329,93,0,705,10,287,0,465,0,867,0,37,-5,-292,0,3702
2026/04/21,09:30,3684,0,312,617,282,67,0,707,10,283,0,610,0,917,0,0,-6,-115,0,3684
2026/04/21,10:00,3533,0,218,517,200,55,0,708,10,271,0,791,0,948,0,-89,-18,-78,0,3533
2026/04/21,10:30,3391,0,221,407,97,56,0,734,11,254,0,921,0,975,0,-183,-20,-82,0,3391
2026/04/21,11:00,3438,0,251,397,63,55,0,725,11,226,0,1111,0,935,0,-178,-49,-109,0,3438
2026/04/21,11:30,3440,0,236,329,60,55,0,715,11,214,75,1254,0,920,0,-185,-54,-115,0,3440
2026/04/21,12:00,3318,0,225,222,60,55,0,716,11,213,75,1323,0,916,0,-297,-75,-51,0,3318
2026/04/21,12:30,3366,0,222,229,60,55,0,716,11,212,75,1362,0,913,0,-298,-35,-81,0,3366
2026/04/21,13:00,3383,0,240,234,60,54,0,738,11,212,64,1308,0,868,0,-286,-23,-33,0,3383
2026/04/21,13:30,3295,0,239,296,60,55,0,743,11,211,52,1205,0,882,0,-317,-3,-87,0,3295
2026/04/21,14:00,3127,0,236,253,60,54,0,741,10,211,52,1097,0,872,0,-324,-3,-80,0,3127
2026/04/21,14:30,3017,0,252,241,60,54,0,739,11,212,64,957,0,865,0,-325,-3,-46,0,3017
2026/04/21,15:00,2961,0,253,329,60,54,0,764,10,212,75,844,0,826,0,-233,-3,-155,0,2961
2026/04/21,15:30,3049,0,401,410,92,69,0,786,10,226,0,661,0,787,0,-177,-10,-206,0,3049
2026/04/21,16:00,3090,0,374,500,115,96,0,800,10,256,0,476,0,722,0,-68,-12,-179,0,3090
2026/04/21,16:30,3122,0,437,526,148,106,0,802,10,272,0,289,0,750,0,78,-11,-285,0,3122
2026/04/21,17:00,3160,0,339,863,120,108,0,827,10,282,0,113,0,781,0,78,-10,-351,0,3160
2026/04/21,17:30,3206,0,331,966,67,106,0,826,10,284,0,24,0,806,0,89,25,-328,0,3206
2026/04/21,18:00,3307,0,288,1003,61,110,0,805,10,283,0,0,0,814,0,155,55,-277,0,3307
2026/04/21,18:30,3353,0,390,1023,64,112,0,787,10,283,0,0,0,820,0,160,54,-350,0,3353
2026/04/21,19:00,3332,0,342,1071,61,111,0,793,10,284,0,0,0,843,0,174,53,-410,0,3332
2026/04/21,19:30,3274,0,296,1052,61,107,0,795,10,285,0,0,0,863,0,170,20,-385,0,3274
2026/04/21,20:00,3185,0,286,970,61,107,0,795,10,285,0,0,0,835,0,157,-8,-313,0,3185
2026/04/21,20:30,3115,0,287,992,61,109,0,796,10,285,0,0,0,808,0,156,-9,-380,0,3115
2026/04/21,21:00,3048,0,282,1039,61,107,0,777,10,286,0,0,0,768,0,124,-7,-399,0,3048
2026/04/21,21:30,2950,0,315,1056,61,106,0,775,10,287,0,0,0,757,0,15,-8,-424,0,2950
2026/04/21,22:00,2900,0,279,993,60,103,0,768,10,289,0,0,0,730,0,0,-7,-325,0,2900
2026/04/21,22:30,2838,0,286,940,60,103,0,764,10,288,0,0,0,689,0,0,-8,-294,0,2838
2026/04/21,23:00,2858,0,282,939,60,103,0,765,10,289,0,0,0,663,0,0,-6,-247,0,2858
2026/04/21,23:30,2788,0,272,932,61,103,0,764,10,289,0,0,0,655,0,0,-3,-295,0,2788
2026/04/22,00:00,2798,0,289,985,60,106,0,758,10,288,0,0,0,672,0,105,0,-475,0,2798
2026/04/22,00:30,2738,0,292,885,60,106,0,767,10,289,0,0,0,649,0,138,11,-469,0,2738
2026/04/22,01:00,2767,0,294,879,60,107,0,770,10,288,0,0,0,632,0,138,-2,-409,0,2767
2026/04/22,01:30,2825,0,295,929,60,106,0,771,10,289,0,0,0,624,0,140,-16,-383,0,2825
2026/04/22,02:00,2876,0,295,982,60,106,0,782,10,289,0,0,0,599,0,154,-3,-398,0,2876
2026/04/22,02:30,2936,0,295,951,60,107,0,788,10,289,0,0,0,556,0,289,-15,-394,0,2936
2026/04/22,03:00,2975,0,294,973,60,106,0,820,10,289,0,0,0,532,0,293,-3,-399,0,2975
2026/04/22,03:30,3007,0,293,1006,60,106,0,830,10,289,0,0,0,529,0,272,-2,-386,0,3007
2026/04/22,04:00,3044,0,319,1039,60,106,0,832,10,290,0,0,0,477,0,267,38,-394,0,3044
2026/04/22,04:30,3016,0,460,831,60,106,0,833,10,294,0,2,0,470,0,259,-3,-306,0,3016
2026/04/22,05:00,3032,0,459,666,60,106,0,838,10,293,0,72,0,467,0,209,22,-170,0,3032
2026/04/22,05:30,2994,0,486,655,60,106,0,837,10,293,0,206,0,423,0,135,-47,-170,0,2994
2026/04/22,06:00,3018,0,461,639,50,103,0,795,10,294,0,338,0,408,0,109,8,-197,0,3018
2026/04/22,06:30,2982,0,385,615,12,103,0,788,10,290,0,579,0,437,0,1,-5,-233,0,2982
2026/04/22,07:00,3070,0,346,610,12,103,0,783,10,279,0,750,0,450,0,0,-4,-269,0,3070
2026/04/22,07:30,3136,0,371,476,12,95,0,781,10,259,0,997,0,487,0,-105,2,-249,0,3136
2026/04/22,08:00,3464,0,482,509,12,70,0,786,10,231,0,1190,0,484,0,-22,3,-291,0,3464
2026/04/22,08:30,3596,0,317,481,12,56,0,771,10,220,75,1395,0,495,0,0,-5,-156,0,3596
2026/04/22,09:00,3689,0,339,509,12,55,0,749,10,217,75,1482,0,505,0,0,-2,-187,0,3689
2026/04/22,09:30,3641,0,266,442,12,55,0,748,10,217,75,1519,0,527,0,-46,-8,-101,0,3641
2026/04/22,10:00,3556,0,227,397,12,55,0,748,10,217,75,1591,0,522,0,-93,-8,-122,0,3556
2026/04/22,10:30,3622,0,393,436,12,55,0,760,10,218,75,1578,0,545,0,-180,-14,-191,0,3622
2026/04/22,11:00,3662,0,444,491,12,55,0,754,10,218,75,1509,0,518,0,-140,-59,-150,0,3662
2026/04/22,11:30,3628,0,341,471,13,55,0,742,10,219,75,1500,0,521,0,-190,-59,5,0,3628
2026/04/22,12:00,3428,0,400,529,13,56,0,723,10,218,75,1423,0,526,0,-337,-63,-70,0,3428
2026/04/22,12:30,3490,0,443,558,13,56,0,722,10,218,75,1274,0,572,0,-266,-35,-75,0,3490
2026/04/22,13:00,3471,0,348,551,12,55,0,745,10,219,64,1184,0,570,0,-134,-26,-63,0,3471
2026/04/22,13:30,3465,0,449,559,12,55,0,748,10,236,0,1044,0,655,0,-280,-5,-18,0,3465
2026/04/22,14:00,3417,0,407,687,12,56,0,748,10,266,0,804,0,699,0,-207,-10,-55,0,3417
2026/04/22,14:30,3265,0,331,868,12,56,0,750,10,277,0,664,0,707,0,-223,-50,-137,0,3265
2026/04/22,15:00,3156,0,263,950,17,56,0,754,10,286,0,580,0,679,0,-225,-9,-205,0,3156
2026/04/22,15:30,3230,0,298,992,21,73,0,750,10,288,0,507,0,605,0,-226,-10,-78,0,3230
2026/04/22,16:00,3299,0,433,1080,40,98,0,756,10,288,0,340,0,531,0,-202,-10,-65,0,3299
2026/04/22,16:30,3249,0,304,1055,58,107,0,766,10,288,0,213,0,523,0,-6,9,-78,0,3249
2026/04/22,17:00,3204,0,428,1084,59,107,0,811,10,289,0,90,0,459,0,34,-13,-154,0,3204
2026/04/22,17:30,3232,0,436,1072,72,109,0,823,10,289,0,23,0,424,0,126,-31,-121,0,3232
2026/04/22,18:00,3278,0,483,1087,107,109,0,838,10,289,0,0,0,380,0,128,80,-233,0,3278
2026/04/22,18:30,3350,0,584,1075,107,110,0,841,11,289,0,0,0,373,0,173,57,-270,0,3350
2026/04/22,19:00,3333,0,518,1075,107,112,0,844,11,289,0,0,0,287,0,256,65,-231,0,3333
2026/04/22,19:30,3269,0,505,1071,100,110,0,845,10,289,0,0,0,189,0,299,23,-172,0,3269
2026/04/22,20:00,3202,0,594,1082,60,110,0,845,10,289,0,0,0,114,0,257,-2,-157,0,3202
2026/04/22,20:30,3138,0,594,1075,59,108,0,849,10,289,0,0,0,104,0,139,-6,-83,0,3138
2026/04/22,21:00,3065,0,530,1080,60,107,0,832,10,290,0,0,0,99,0,137,-6,-74,0,3065
2026/04/22,21:30,2971,0,455,1075,60,107,0,828,10,289,0,0,0,101,0,130,-6,-78,0,2971
2026/04/22,22:00,2932,0,460,1077,58,107,0,816,10,289,0,0,0,102,0,60,-3,-44,0,2932
2026/04/22,22:30,2900,0,434,1070,93,107,0,815,10,290,0,0,0,120,0,14,8,-61,0,2900
2026/04/22,23:00,2943,0,402,1079,107,108,0,808,10,290,0,0,0,179,0,19,-6,-53,0,2943
2026/04/22,23:30,2869,0,377,904,107,109,0,809,10,290,0,0,0,287,0,18,-6,-36,0,2869
2026/04/23,00:00,2813,0,446,734,107,107,0,787,10,290,0,0,0,294,0,19,-6,25,0,2813
2026/04/23,00:30,2785,0,465,728,76,107,0,798,10,289,0,0,0,336,0,17,9,-50,0,2785
2026/04/23,01:00,2818,0,494,739,23,107,0,796,10,290,0,0,0,387,0,1,-7,-22,0,2818
2026/04/23,01:30,2866,0,481,732,11,107,0,796,10,291,0,0,0,398,0,39,-6,7,0,2866
2026/04/23,02:00,2897,0,354,737,11,107,0,803,10,290,0,0,0,380,0,161,-4,48,0,2897
2026/04/23,02:30,2959,0,349,695,12,107,0,807,10,290,0,0,0,385,0,163,-1,142,0,2959
2026/04/23,03:00,3032,0,418,717,12,107,0,838,10,290,0,0,0,361,0,167,0,112,0,3032
2026/04/23,03:30,3090,0,511,723,12,107,0,841,10,290,0,0,0,267,0,163,6,160,0,3090
2026/04/23,04:00,3116,0,515,745,12,106,0,841,10,289,0,0,0,265,0,147,1,185,0,3116
2026/04/23,04:30,3098,0,404,743,12,106,0,842,10,290,0,2,0,235,0,168,22,264,0,3098
2026/04/23,05:00,3141,0,445,752,12,107,0,839,10,290,0,89,0,237,0,178,-3,185,0,3141
2026/04/23,05:30,3101,0,417,740,12,107,0,838,10,289,0,276,0,195,0,127,-31,121,0,3101
2026/04/23,06:00,3124,0,414,753,12,112,0,803,10,290,0,547,0,160,0,68,37,-82,0,3124
2026/04/23,06:30,3136,0,426,720,12,121,0,795,10,291,0,898,0,161,0,47,-3,-342,0,3136
2026/04/23,07:00,3164,0,367,669,12,122,0,777,10,289,0,1208,0,148,0,0,-10,-428,0,3164
2026/04/23,07:30,3166,0,350,629,12,122,0,765,10,289,0,1452,0,203,0,-164,-18,-484,0,3166
2026/04/23,08:00,3289,0,273,621,13,110,0,761,10,289,0,1683,0,239,0,-283,-4,-423,0,3289
2026/04/23,08:30,3575,0,359,534,12,84,0,745,11,289,0,1868,0,336,0,-219,-33,-411,0,3575
2026/04/23,09:00,3832,0,507,532,12,73,0,719,10,288,0,1905,0,326,0,-82,-46,-412,0,3832
2026/04/23,09:30,3828,0,337,563,12,73,0,716,10,290,0,1926,0,361,0,0,-3,-457,0,3828
2026/04/23,10:00,3753,0,342,548,12,74,0,708,10,290,0,1878,0,378,0,0,-4,-483,0,3753
2026/04/23,10:30,3663,0,346,543,12,74,0,715,10,290,0,1758,0,401,0,0,-47,-439,0,3663
2026/04/23,11:00,3705,0,453,585,12,74,0,716,11,290,0,1782,0,396,0,-146,-56,-412,0,3705
2026/04/23,11:30,3643,0,399,589,12,75,0,704,11,291,0,1701,0,422,0,-54,-57,-450,0,3643
2026/04/23,12:00,3504,0,302,600,12,75,0,699,11,291,0,1663,0,420,0,0,-86,-483,0,3504
2026/04/23,12:30,3354,0,324,570,12,74,0,698,11,290,0,1523,0,429,0,0,-43,-534,0,3354
2026/04/23,13:00,3356,0,358,668,12,74,0,703,11,279,0,1374,0,408,0,-24,-28,-479,0,3356
2026/04/23,13:30,3278,0,472,728,12,87,0,703,11,270,0,1237,0,361,0,-189,-11,-403,0,3278
2026/04/23,14:00,3233,0,460,747,12,114,0,704,11,282,0,1124,0,279,0,-73,-7,-420,0,3233
2026/04/23,14:30,3185,0,509,731,12,124,0,716,11,290,0,973,0,221,0,22,-6,-418,0,3185
2026/04/23,15:00,3101,0,392,700,12,124,0,735,11,291,0,806,0,185,0,60,-9,-206,0,3101
2026/04/23,15:30,3099,0,482,723,12,126,0,756,11,291,0,673,0,136,0,47,-7,-151,0,3099
2026/04/23,16:00,3079,0,491,734,13,122,0,785,10,289,0,498,0,106,0,110,-2,-77,0,3079
2026/04/23,16:30,3115,0,498,715,13,124,0,867,10,289,0,324,0,116,0,111,-7,55,0,3115
2026/04/23,17:00,3117,0,575,736,12,125,0,877,10,290,0,138,0,92,0,157,-8,113,0,3117
2026/04/23,17:30,3171,0,509,703,12,124,0,883,10,289,0,27,0,82,0,323,-3,212,0,3171
2026/04/23,18:00,3255,0,533,742,14,127,0,887,10,289,0,0,0,68,0,321,69,195,0,3255
2026/04/23,18:30,3335,0,619,733,14,127,0,892,10,290,0,0,0,81,0,304,99,166,0,3335
2026/04/23,19:00,3341,0,632,744,12,129,0,893,10,290,0,0,0,38,0,385,45,163,0,3341
2026/04/23,19:30,3287,0,633,739,13,126,0,892,10,290,0,0,0,39,0,344,75,126,0,3287
2026/04/23,20:00,3195,0,632,738,13,126,0,892,10,290,0,0,0,38,0,238,10,208,0,3195
2026/04/23,20:30,3109,0,596,734,13,124,0,847,10,289,0,0,0,37,0,152,-10,317,0,3109
2026/04/23,21:00,3049,0,537,742,13,126,0,834,10,290,0,0,0,25,0,139,-6,339,0,3049
2026/04/23,21:30,2959,0,433,735,12,126,0,819,10,290,0,0,0,26,0,120,-8,396,0,2959
2026/04/23,22:00,2955,0,499,742,11,124,0,819,10,290,0,0,0,25,0,121,-8,322,0,2955
2026/04/23,22:30,2879,0,543,740,12,123,0,818,10,290,0,0,0,17,0,137,-6,195,0,2879
2026/04/23,23:00,2933,0,603,741,11,123,0,811,10,291,0,0,0,29,0,60,-8,262,0,2933
2026/04/23,23:30,2875,0,485,738,12,123,0,811,10,291,0,0,0,59,0,16,-15,345,0,2875
2026/04/24,00:00,2907,0,472,743,12,124,0,807,10,291,0,0,0,69,0,73,-8,314,0,2907
2026/04/24,00:30,2815,0,527,743,11,123,0,805,10,291,0,0,0,49,0,70,-4,190,0,2815
2026/04/24,01:00,2847,0,523,744,12,123,0,801,10,290,0,0,0,19,0,78,-8,255,0,2847
2026/04/24,01:30,2881,0,526,740,11,123,0,798,10,291,0,0,0,8,0,83,-21,312,0,2881
2026/04/24,02:00,2985,0,485,739,11,123,0,806,10,291,0,0,0,9,0,59,-6,458,0,2985
2026/04/24,02:30,3069,0,550,738,12,123,0,806,10,291,0,0,0,9,0,81,-6,455,0,3069
2026/04/24,03:00,3117,0,559,741,12,124,0,807,10,290,0,0,0,9,0,99,-5,471,0,3117
2026/04/24,03:30,3149,0,553,740,11,125,0,808,10,291,0,0,0,14,0,99,25,473,0,3149
2026/04/24,04:00,3194,0,608,736,11,123,0,808,10,291,0,0,0,10,0,105,-7,499,0,3194
2026/04/24,04:30,3176,0,610,736,11,123,0,807,10,291,0,3,0,9,0,97,5,474,0,3176
2026/04/24,05:00,3224,0,615,747,12,125,0,811,10,290,0,87,0,9,0,105,-6,419,0,3224
2026/04/24,05:30,3160,0,538,736,12,125,0,815,10,291,0,241,0,16,0,107,-29,298,0,3160
2026/04/24,06:00,3235,0,495,748,12,124,0,785,10,291,0,429,0,28,0,101,39,173,0,3235
2026/04/24,06:30,3239,0,499,739,11,124,0,764,10,291,0,707,0,46,0,19,-5,34,0,3239
2026/04/24,07:00,3284,0,418,738,12,124,0,728,10,291,0,902,0,49,0,18,-31,25,0,3284
2026/04/24,07:30,3252,0,289,694,12,123,0,708,10,292,0,1078,0,57,0,-107,-2,98,0,3252
2026/04/24,08:00,3359,0,381,592,12,110,0,647,10,291,0,1263,0,61,0,-215,-3,210,0,3359
2026/04/24,08:30,3543,0,388,590,12,84,0,626,10,289,0,1445,0,83,0,-225,-45,286,0,3543
2026/04/24,09:00,3586,0,353,619,12,72,0,594,10,290,0,1541,0,115,0,-234,-7,221,0,3586
2026/04/24,09:30,3554,0,307,573,12,72,0,592,10,288,0,1622,0,161,0,-233,-5,155,0,3554
2026/04/24,10:00,3563,0,365,515,12,72,0,591,11,277,0,1656,0,177,0,-309,-8,204,0,3563
2026/04/24,10:30,3609,0,396,459,12,73,0,600,10,258,0,1692,0,240,0,-344,-46,259,0,3609
2026/04/24,11:00,3587,0,376,444,12,75,0,601,10,234,0,1700,0,226,0,-350,-56,315,0,3587
2026/04/24,11:30,3481,0,419,368,12,72,0,589,10,217,75,1573,0,249,0,-341,-76,389,0,3481
2026/04/24,12:00,3392,0,391,355,12,73,0,583,10,216,75,1481,0,265,0,-353,-73,432,0,3392
2026/04/24,12:30,3288,0,304,392,12,73,0,583,10,217,75,1425,0,291,0,-352,-9,342,0,3288
2026/04/24,13:00,3295,0,413,404,12,72,0,584,11,233,0,1358,0,292,0,-347,-24,287,0,3295
2026/04/24,13:30,3259,0,341,428,12,73,0,600,10,266,0,1289,0,390,0,-355,-15,220,0,3259
2026/04/24,14:00,3189,0,328,452,12,74,0,603,10,283,0,1175,0,469,0,-337,-7,127,0,3189
2026/04/24,14:30,3125,0,342,435,12,74,0,618,10,288,0,1026,0,503,0,-309,-5,131,0,3125
2026/04/24,15:00,3047,0,343,459,12,73,0,644,11,291,0,857,0,451,0,-227,-5,138,0,3047
2026/04/24,15:30,3073,0,441,523,13,87,0,669,10,292,0,722,0,396,0,-173,-1,94,0,3073
2026/04/24,16:00,3122,0,323,583,13,113,0,723,10,293,0,517,0,387,0,0,-6,166,0,3122
2026/04/24,16:30,3128,0,418,590,13,122,0,783,10,293,0,313,0,404,0,51,-26,157,0,3128
2026/04/24,17:00,3163,0,458,636,13,123,0,807,10,292,0,128,0,393,0,214,-2,91,0,3163
2026/04/24,17:30,3185,0,383,675,13,125,0,814,10,292,0,22,0,380,0,463,-4,12,0,3185
2026/04/24,18:00,3258,0,363,691,13,127,0,833,10,292,0,0,0,359,0,456,19,95,0,3258
2026/04/24,18:30,3330,0,454,719,12,127,0,836,10,296,0,0,0,346,0,458,20,52,0,3330
2026/04/24,19:00,3333,0,427,740,13,128,0,869,10,298,0,0,0,292,0,440,30,86,0,3333
2026/04/24,19:30,3255,0,416,730,12,126,0,871,10,297,0,0,0,231,0,436,27,99,0,3255
2026/04/24,20:00,3201,0,528,741,13,127,0,863,10,297,0,0,0,199,0,435,-7,-5,0,3201
2026/04/24,20:30,3147,0,510,734,13,126,0,852,10,297,0,0,0,207,0,424,-6,-20,0,3147
2026/04/24,21:00,3055,0,618,736,13,123,0,852,10,297,0,0,0,167,0,303,-5,-59,0,3055
2026/04/24,21:30,2947,0,602,732,13,123,0,852,10,297,0,0,0,157,0,136,-7,32,0,2947
2026/04/24,22:00,2948,0,612,740,12,123,0,852,10,297,0,0,0,136,0,34,-5,137,0,2948
2026/04/24,22:30,2936,0,656,732,12,123,0,853,10,298,0,0,0,109,0,71,-10,82,0,2936
2026/04/24,23:00,2979,0,654,740,12,123,0,859,10,298,0,0,0,55,0,45,-5,188,0,2979
2026/04/24,23:30,2871,0,573,734,12,124,0,867,10,299,0,0,0,35,0,15,-6,208,0,2871
2026/04/25,00:00,2878,0,527,742,12,124,0,881,10,298,0,0,0,29,0,44,-4,215,0,2878
2026/04/25,00:30,2808,0,598,737,12,123,0,806,10,298,0,0,0,30,0,51,-6,149,0,2808
2026/04/25,01:00,2874,0,636,741,12,124,0,792,10,298,0,0,0,14,0,77,-5,175,0,2874
2026/04/25,01:30,2906,0,613,738,12,124,0,790,10,299,0,0,0,13,0,74,-4,237,0,2906
2026/04/25,02:00,2981,0,556,742,12,124,0,791,10,298,0,0,0,14,0,170,1,263,0,2981
2026/04/25,02:30,3045,0,622,742,12,124,0,778,10,298,0,0,0,20,0,220,4,215,0,3045
2026/04/25,03:00,3095,0,599,744,12,124,0,774,10,298,0,0,0,22,0,253,6,253,0,3095
2026/04/25,03:30,3095,0,608,738,12,124,0,787,10,298,0,0,0,25,0,253,2,238,0,3095
2026/04/25,04:00,3149,0,625,743,12,124,0,798,10,298,0,0,0,23,0,197,23,296,0,3149
2026/04/25,04:30,3103,0,611,737,11,124,0,798,10,299,0,3,0,28,0,181,32,269,0,3103
2026/04/25,05:00,3102,0,651,749,12,124,0,798,10,299,0,90,0,17,0,131,-2,223,0,3102
2026/04/25,05:30,3008,0,610,701,12,124,0,789,10,298,0,285,0,18,0,97,3,61,0,3008
2026/04/25,06:00,3021,0,529,671,12,123,0,788,10,296,0,563,0,26,0,91,-4,-84,0,3021
2026/04/25,06:30,2981,0,409,553,11,111,0,758,10,285,0,908,0,35,0,78,-4,-173,0,2981
2026/04/25,07:00,3001,0,444,477,12,84,0,672,10,267,0,1210,0,33,0,-55,-14,-139,0,3001
2026/04/25,07:30,3003,0,500,452,12,74,0,647,10,240,0,1160,321,37,14,-98,-5,-26,0,3003
2026/04/25,08:00,2936,0,388,415,11,74,0,615,10,226,75,1433,259,31,13,-176,-5,-86,0,2936
2026/04/25,08:30,2990,0,357,377,12,73,0,605,10,224,75,1649,285,32,15,-319,-50,20,0,2990
2026/04/25,09:00,3041,0,370,385,11,73,0,586,10,223,75,1719,352,27,16,-313,-11,-39,0,3041
2026/04/25,09:30,3057,0,334,376,12,73,0,595,10,223,75,1781,375,40,16,-308,-1,-78,0,3057
2026/04/25,10:00,3049,0,318,378,12,73,0,577,10,224,75,1811,409,67,11,-304,2,-119,0,3049
2026/04/25,10:30,3079,0,279,364,12,73,0,576,10,224,75,1870,391,121,12,-306,-4,-140,0,3079
2026/04/25,11:00,3094,0,278,366,11,73,0,579,10,223,75,1855,417,135,12,-308,-34,-94,0,3094
2026/04/25,11:30,3054,0,279,377,12,73,0,569,10,223,75,1741,510,158,12,-310,-3,-75,0,3054
2026/04/25,12:00,2976,0,283,387,12,73,0,568,10,224,75,1698,496,166,14,-305,-24,-116,0,2976
2026/04/25,12:30,2892,0,262,373,12,73,0,568,11,223,75,1639,480,176,17,-304,-38,-103,0,2892
2026/04/25,13:00,2847,0,263,388,11,73,0,588,11,223,64,1556,449,174,18,-300,-38,-102,0,2847
2026/04/25,13:30,2777,0,247,368,12,73,0,591,11,224,52,1496,374,207,21,-304,-16,-132,0,2777
2026/04/25,14:00,2728,0,283,388,12,73,0,596,10,224,52,1308,360,214,22,-297,-11,-72,0,2728
2026/04/25,14:30,2646,0,276,422,11,73,0,605,11,224,64,1124,259,254,22,-306,-13,-35,0,2646
2026/04/25,15:00,2633,0,345,456,11,73,0,639,11,224,75,991,174,248,4,-306,-14,-45,0,2633
2026/04/25,15:30,2657,0,388,508,12,73,0,683,11,223,75,762,103,249,4,-248,-6,2,0,2657
2026/04/25,16:00,2741,0,291,579,11,88,0,751,10,239,0,598,0,247,0,-135,-1,63,0,2741
2026/04/25,16:30,2755,0,325,593,12,115,0,790,11,272,0,348,0,255,0,-160,-2,196,0,2755
2026/04/25,17:00,2834,0,360,650,12,125,0,812,10,288,0,142,0,257,0,31,-9,156,0,2834
2026/04/25,17:30,2938,0,413,690,11,125,0,822,10,295,0,31,0,260,0,198,0,83,0,2938
2026/04/25,18:00,3036,0,405,742,11,129,0,858,10,298,0,0,0,260,0,261,72,-10,0,3036
2026/04/25,18:30,3130,0,458,737,11,129,0,880,10,299,0,0,0,287,0,279,105,-65,0,3130
2026/04/25,19:00,3120,0,472,738,11,129,0,879,10,299,0,0,0,357,0,297,79,-151,0,3120
2026/04/25,19:30,3096,0,391,734,12,126,0,876,10,299,0,0,0,447,0,291,78,-168,0,3096
2026/04/25,20:00,3052,0,417,741,12,125,0,877,10,298,0,0,0,476,0,270,-6,-168,0,3052
2026/04/25,20:30,2974,0,412,730,12,126,0,877,10,299,0,0,0,499,0,269,-7,-253,0,2974
2026/04/25,21:00,2899,0,373,727,12,125,0,862,10,299,0,0,0,510,0,230,-7,-242,0,2899
2026/04/25,21:30,2835,0,496,716,11,124,0,845,10,299,0,0,0,531,0,215,-7,-405,0,2835
2026/04/25,22:00,2797,0,492,734,12,124,0,836,10,300,0,0,0,531,0,147,-3,-386,0,2797
2026/04/25,22:30,2731,0,395,711,11,124,0,811,10,300,0,0,0,570,0,147,-6,-342,0,2731
2026/04/25,23:00,2792,0,420,687,11,124,0,810,10,299,0,0,0,626,0,153,-8,-340,0,2792
2026/04/25,23:30,2762,0,426,677,12,124,0,810,10,299,0,0,0,688,0,131,-41,-374,0,2762
2026/04/26,00:00,2727,0,398,662,12,124,0,773,10,298,0,0,0,707,0,118,-5,-370,0,2727
2026/04/26,00:30,2685,0,458,648,12,124,0,738,10,298,0,0,0,704,0,123,-14,-416,0,2685
2026/04/26,01:00,2682,0,478,668,11,124,0,725,10,298,0,0,0,680,0,121,-17,-416,0,2682
2026/04/26,01:30,2716,0,412,643,12,124,0,743,10,299,0,0,0,680,0,124,-4,-327,0,2716
2026/04/26,02:00,2772,0,387,582,11,124,0,781,10,299,0,0,0,660,0,127,-1,-208,0,2772
2026/04/26,02:30,2838,0,443,561,11,124,0,785,10,299,0,0,0,618,0,180,-3,-190,0,2838
2026/04/26,03:00,2891,0,405,569,12,124,0,796,10,299,0,0,0,615,0,306,0,-245,0,2891
2026/04/26,03:30,2945,0,394,561,12,124,0,800,10,299,0,0,0,661,0,306,0,-222,0,2945
2026/04/26,04:00,2967,0,402,634,11,124,0,815,10,299,0,0,0,666,0,303,51,-348,0,2967
2026/04/26,04:30,2937,0,418,627,12,124,0,845,10,298,0,4,0,696,0,309,0,-406,0,2937
2026/04/26,05:00,2941,0,474,568,11,123,0,794,10,298,0,85,0,679,0,309,-1,-409,0,2941
2026/04/26,05:30,2875,0,469,489,12,123,0,728,10,299,0,238,0,673,0,189,-48,-307,0,2875
2026/04/26,06:00,2914,0,427,485,12,125,0,683,10,296,0,454,0,617,0,145,19,-359,0,2914
2026/04/26,06:30,2852,0,369,484,12,111,0,661,10,285,0,699,0,538,0,65,-9,-373,0,2852
2026/04/26,07:00,2810,0,392,485,11,84,0,629,10,266,0,950,0,509,0,-188,-1,-337,0,2810
2026/04/26,07:30,2756,0,298,395,12,74,0,608,10,242,0,1191,0,547,0,-297,0,-324,0,2756
2026/04/26,08:00,2807,0,416,466,12,73,0,588,10,224,75,1149,331,509,63,-255,-2,-383,0,2807
2026/04/26,08:30,2865,0,403,464,12,73,0,580,10,223,75,1221,469,530,63,-228,-3,-420,0,2865
2026/04/26,09:00,2864,0,423,477,12,73,0,580,10,222,75,1296,552,529,61,-286,-41,-431,0,2864
2026/04/26,09:30,2858,0,426,457,12,73,0,562,10,222,75,1392,509,544,43,-359,-5,-476,0,2858
2026/04/26,10:00,2895,0,427,467,12,73,0,561,10,222,75,1417,585,534,47,-358,-6,-464,0,2895
2026/04/26,10:30,2897,0,349,450,12,73,0,561,10,222,75,1537,569,539,45,-357,-53,-446,0,2897
2026/04/26,11:00,2918,0,360,457,11,71,0,559,10,222,75,1558,590,454,52,-357,-53,-374,0,2918
2026/04/26,11:30,2884,0,338,434,11,70,0,549,10,222,75,1559,557,486,47,-358,-54,-383,0,2884
2026/04/26,12:00,2876,0,322,451,11,71,0,548,10,222,75,1565,514,506,44,-358,-71,-401,0,2876
2026/04/26,12:30,2770,0,279,422,12,72,0,566,10,222,75,1513,512,510,49,-357,-48,-431,0,2770
2026/04/26,13:00,2706,0,305,354,11,73,0,570,10,222,64,1423,504,518,51,-356,-22,-402,0,2706
2026/04/26,13:30,2722,0,315,395,12,73,0,570,10,222,52,1355,421,581,49,-358,-7,-446,0,2722
2026/04/26,14:00,2645,0,268,377,12,73,0,571,10,222,52,1285,287,658,39,-358,-11,-462,0,2645
2026/04/26,14:30,2609,0,289,367,12,73,0,581,10,222,64,1160,196,645,35,-357,-15,-378,0,2609
2026/04/26,15:00,2571,0,260,382,11,73,0,635,10,221,75,1056,66,601,20,-358,-12,-308,0,2571
2026/04/26,15:30,2565,0,353,395,11,73,0,669,10,222,75,884,0,567,0,-291,-13,-315,0,2565
2026/04/26,16:00,2616,0,352,473,12,75,0,712,10,239,0,611,0,555,0,-233,-12,-178,0,2616
2026/04/26,16:30,2622,0,367,561,11,96,0,728,10,273,0,339,0,534,0,-233,-9,-55,0,2622
2026/04/26,17:00,2671,0,349,595,12,120,0,747,10,289,0,141,0,509,0,-235,-9,143,0,2671
2026/04/26,17:30,2773,0,458,619,12,125,0,767,10,297,0,37,0,473,0,-104,-2,81,0,2773
2026/04/26,18:00,2913,0,354,660,12,129,0,837,10,298,0,0,0,451,0,69,66,27,0,2913
2026/04/26,18:30,3013,0,482,695,12,131,0,845,10,299,0,2,0,463,0,85,98,-109,0,3013
2026/04/26,19:00,3028,0,517,739,11,131,0,821,10,299,0,0,0,444,0,168,74,-186,0,3028
2026/04/26,19:30,2980,0,571,734,11,127,0,824,10,299,0,0,0,361,0,165,36,-158,0,2980
2026/04/26,20:00,2936,0,640,737,12,120,0,824,10,299,0,0,0,262,0,170,-6,-132,0,2936
2026/04/26,20:30,2870,0,597,729,12,123,0,825,10,298,0,0,0,226,0,98,1,-49,0,2870
2026/04/26,21:00,2818,0,506,740,12,121,0,808,10,299,0,0,0,210,0,86,-6,32,0,2818
2026/04/26,21:30,2726,0,475,732,12,120,0,773,10,299,0,0,0,241,0,78,-7,-7,0,2726
2026/04/26,22:00,2689,0,443,734,12,120,0,750,10,299,0,0,0,250,0,45,-7,33,0,2689
2026/04/26,22:30,2611,0,366,699,12,120,0,744,10,300,0,0,0,246,0,0,-6,120,0,2611
2026/04/26,23:00,2635,0,390,734,12,119,0,739,10,299,0,0,0,281,0,0,-6,57,0,2635
2026/04/26,23:30,2563,0,438,734,11,119,0,734,10,299,0,0,0,296,0,0,-8,-70,0,2563
2026/04/27,00:00,2560,0,420,725,12,119,0,752,10,298,0,0,0,284,0,0,-7,-53,0,2560
2026/04/27,00:30,2508,0,435,701,12,118,0,756,10,299,0,0,0,263,0,0,-29,-57,0,2508
2026/04/27,01:00,2562,0,483,742,12,120,0,757,10,299,0,0,0,222,0,0,-6,-77,0,2562
2026/04/27,01:30,2598,0,556,738,12,119,0,758,10,299,0,0,0,200,0,9,-6,-97,0,2598
2026/04/27,02:00,2673,0,537,738,12,121,0,785,10,299,0,0,0,177,0,5,-5,-6,0,2673
2026/04/27,02:30,2765,0,556,733,12,120,0,782,10,299,0,0,0,160,0,11,-7,89,0,2765
2026/04/27,03:00,2827,0,554,738,11,120,0,778,10,299,0,0,0,129,0,57,-6,137,0,2827
2026/04/27,03:30,2855,0,553,739,12,120,0,788,10,298,0,0,0,118,0,57,-5,165,0,2855
2026/04/27,04:00,2944,0,584,744,11,120,0,788,10,299,0,0,0,106,0,99,-6,189,0,2944
2026/04/27,04:30,2928,0,640,741,12,120,0,778,10,298,0,5,0,97,0,171,-5,61,0,2928
2026/04/27,05:00,2953,0,646,749,12,120,0,762,10,299,0,87,0,85,0,187,2,-6,0,2953
2026/04/27,05:30,3033,0,650,735,11,114,0,748,10,299,0,227,0,86,0,218,-5,-60,0,3033
2026/04/27,06:00,3068,0,619,750,11,114,0,743,10,298,0,400,0,86,0,160,18,-141,0,3068
2026/04/27,06:30,3106,0,597,733,11,113,0,710,10,298,0,636,0,88,0,109,1,-200,0,3106
2026/04/27,07:00,3178,0,583,752,12,111,0,662,10,299,0,826,0,67,0,20,-5,-159,0,3178
2026/04/27,07:30,3204,0,614,734,12,111,0,650,10,298,0,974,0,65,0,45,-6,-303,0,3204
2026/04/27,08:00,3328,0,615,750,11,111,0,614,10,298,0,1120,0,43,0,40,-7,-277,0,3328
2026/04/27,08:30,3440,0,607,734,11,111,0,609,10,296,0,1337,0,42,0,23,-6,-334,0,3440
2026/04/27,09:00,3476,0,603,748,12,118,0,604,10,295,0,1437,0,34,0,19,-37,-367,0,3476
2026/04/27,09:30,3468,0,409,696,11,124,0,647,10,295,0,1573,0,36,0,0,-4,-329,0,3468
2026/04/27,10:00,3445,0,386,692,12,128,0,657,10,294,0,1670,0,39,0,0,-7,-436,0,3445
2026/04/27,10:30,3483,0,417,741,11,128,0,698,10,294,0,1712,0,62,0,0,-55,-535,0,3483
2026/04/27,11:00,3535,0,391,734,12,128,0,714,10,295,0,1703,0,57,0,0,-55,-454,0,3535
2026/04/27,11:30,3479,0,399,706,12,128,0,728,10,295,0,1648,0,72,0,0,-78,-441,0,3479
2026/04/27,12:00,3311,0,366,695,12,121,0,702,10,295,0,1544,0,72,0,0,-74,-432,0,3311
2026/04/27,12:30,3229,0,425,648,12,121,0,707,10,295,0,1412,0,81,0,0,-43,-439,0,3229
2026/04/27,13:00,3268,0,453,725,12,125,0,711,10,283,0,1256,0,77,0,0,-18,-366,0,3268
2026/04/27,13:30,3224,0,484,729,12,124,0,715,10,275,0,1138,0,115,0,0,1,-379,0,3224
2026/04/27,14:00,3191,0,482,746,12,124,0,718,10,285,0,988,0,152,0,0,0,-326,0,3191
2026/04/27,14:30,3113,0,420,717,12,125,0,730,10,296,0,822,0,207,0,56,-7,-275,0,3113
2026/04/27,15:00,3069,0,378,668,11,125,0,739,10,294,0,667,0,236,0,61,-6,-114,0,3069
2026/04/27,15:30,3081,0,479,698,12,125,0,740,10,294,0,536,0,289,0,0,-7,-95,0,3081
2026/04/27,16:00,3076,0,450,707,14,126,0,758,10,296,0,363,0,312,0,23,-14,31,0,3076
2026/04/27,16:30,3088,0,419,719,13,123,0,766,10,296,0,220,0,311,0,211,-6,6,0,3088
2026/04/27,17:00,3104,0,473,743,12,124,0,790,10,295,0,97,0,304,0,217,-7,46,0,3104
2026/04/27,17:30,3132,0,493,733,12,127,0,798,10,295,0,26,0,310,0,221,-2,109,0,3132
2026/04/27,18:00,3218,0,433,743,12,127,0,824,10,294,0,0,0,308,0,236,69,162,0,3218
2026/04/27,18:30,3266,0,469,733,12,131,0,828,10,294,0,0,0,317,0,288,67,117,0,3266
2026/04/27,19:00,3250,0,509,746,12,130,0,842,10,294,0,0,0,324,0,286,82,15,0,3250
2026/04/27,19:30,3170,0,529,733,12,129,0,819,10,294,0,0,0,317,0,258,60,9,0,3170
2026/04/27,20:00,3067,0,622,739,12,126,0,784,10,294,0,0,0,280,0,209,24,-33,0,3067
2026/04/27,20:30,2985,0,634,730,13,126,0,774,10,294,0,0,0,265,0,170,-7,-24,0,2985
2026/04/27,21:00,2894,0,573,738,12,123,0,755,10,295,0,0,0,217,0,53,-6,124,0,2894
2026/04/27,21:30,2804,0,569,726,12,123,0,754,10,295,0,0,0,187,0,16,-6,118,0,2804
2026/04/27,22:00,2774,0,567,742,11,123,0,725,10,294,0,0,0,168,0,13,-6,127,0,2774
2026/04/27,22:30,2734,0,578,735,12,123,0,723,10,295,0,0,0,196,0,15,-6,53,0,2734
2026/04/27,23:00,2793,0,528,743,11,124,0,718,10,294,0,0,0,254,0,14,-6,103,0,2793
2026/04/27,23:30,2699,0,451,733,12,123,0,719,10,295,0,0,0,308,0,12,-5,41,0,2699
2026/04/28,00:00,2696,0,394,724,12,124,0,724,10,295,0,0,0,338,0,5,-5,75,0,2696
2026/04/28,00:30,2622,0,393,673,12,124,0,718,10,295,0,0,0,386,0,0,-12,23,0,2622
2026/04/28,01:00,2658,0,398,689,11,123,0,732,10,296,0,0,0,363,0,0,-6,42,0,2658
2026/04/28,01:30,2688,0,448,703,12,123,0,735,10,296,0,0,0,359,0,0,-5,7,0,2688
2026/04/28,02:00,2742,0,498,736,11,124,0,735,10,296,0,0,0,342,0,0,-6,-4,0,2742
2026/04/28,02:30,2804,0,532,731,11,123,0,735,10,296,0,0,0,327,0,3,-9,45,0,2804
2026/04/28,03:00,2895,0,633,737,11,124,0,738,10,296,0,0,0,304,0,23,-3,22,0,2895
2026/04/28,03:30,2911,0,564,727,12,123,0,738,10,296,0,0,0,305,0,107,-4,33,0,2911
2026/04/28,04:00,2956,0,521,738,11,124,0,747,10,296,0,0,0,275,0,118,35,81,0,2956
2026/04/28,04:30,2918,0,562,727,12,123,0,774,10,297,0,6,0,257,0,122,1,27,0,2918
2026/04/28,05:00,2985,0,560,742,11,122,0,773,10,296,0,84,0,241,0,114,-7,39,0,2985
2026/04/28,05:30,2959,0,532,727,12,122,0,765,10,297,0,219,0,216,0,115,-7,-49,0,2959
2026/04/28,06:00,3032,0,473,743,12,122,0,725,10,297,0,395,0,194,0,112,-6,-45,0,3032
2026/04/28,06:30,3054,0,379,690,12,111,0,708,10,297,0,585,0,163,0,118,-6,-13,0,3054
2026/04/28,07:00,3077,0,534,684,12,85,0,663,10,297,0,708,0,125,0,54,-6,-89,0,3077
2026/04/28,07:30,3119,0,387,657,12,72,0,630,10,296,0,893,0,144,0,1,-7,24,0,3119
2026/04/28,08:00,3212,0,351,632,12,72,0,581,10,296,0,1027,0,135,0,-23,-7,126,0,3212
2026/04/28,08:30,3344,0,373,604,12,72,0,568,10,295,0,1170,0,128,0,-181,-20,313,0,3344
2026/04/28,09:00,3499,0,413,572,12,71,0,567,10,297,0,1265,0,120,0,-226,-6,404,0,3499
2026/04/28,09:30,3607,0,505,541,12,71,0,568,10,296,0,1310,0,130,0,-223,-7,394,0,3607
2026/04/28,10:00,3544,0,356,565,12,71,0,571,11,296,0,1395,0,130,0,-258,-6,401,0,3544
2026/04/28,10:30,3508,0,398,558,12,71,0,572,11,297,0,1313,0,140,0,-292,-41,469,0,3508
2026/04/28,11:00,3490,0,422,576,11,71,0,574,11,297,0,1242,0,155,0,-301,-57,489,0,3490
2026/04/28,11:30,3464,0,499,541,12,71,0,573,11,297,0,1197,0,173,0,-301,-113,504,0,3464
2026/04/28,12:00,3257,0,375,526,12,71,0,576,11,297,0,1110,0,179,0,-274,-86,460,0,3257
2026/04/28,12:30,3143,0,367,449,12,72,0,579,11,300,0,1028,0,188,0,-215,-36,388,0,3143
2026/04/28,13:00,3093,0,254,475,11,71,0,587,11,287,0,1036,0,189,0,-220,-28,420,0,3093
2026/04/28,13:30,3023,0,291,472,12,71,0,582,11,279,0,1065,0,202,0,-215,-4,257,0,3023
2026/04/28,14:00,3008,0,334,586,12,71,0,604,11,286,0,1036,0,207,0,-215,-2,78,0,3008
2026/04/28,14:30,3008,0,341,596,12,71,0,625,11,298,0,1005,0,200,0,-208,25,32,0,3008
2026/04/28,15:00,3002,0,491,616,12,71,0,677,11,298,0,856,0,161,0,-172,-5,-14,0,3002
2026/04/28,15:30,3046,0,462,637,12,71,0,695,11,297,0,679,0,136,0,7,-6,45,0,3046
2026/04/28,16:00,3057,0,490,689,12,87,0,730,10,298,0,477,0,120,0,7,-47,184,0,3057
2026/04/28,16:30,3067,0,540,717,12,92,0,755,10,298,0,304,0,125,0,15,-1,200,0,3067
2026/04/28,17:00,3112,0,559,741,12,101,0,804,10,297,0,132,0,105,0,146,-5,210,0,3112
2026/04/28,17:30,3176,0,582,730,13,124,0,822,10,298,0,24,0,107,0,220,-2,248,0,3176
2026/04/28,18:00,3236,0,485,740,12,128,0,839,10,298,0,0,0,95,0,316,101,212,0,3236
2026/04/28,18:30,3280,0,539,731,13,127,0,846,10,298,0,0,0,106,0,322,101,187,0,3280
2026/04/28,19:00,3272,0,647,738,12,130,0,836,10,298,0,0,0,98,0,348,77,78,0,3272
2026/04/28,19:30,3210,0,606,733,12,127,0,839,10,297,0,0,0,80,0,319,26,161,0,3210
2026/04/28,20:00,3125,0,608,736,14,127,0,843,10,297,0,0,0,44,0,228,-7,225,0,3125
2026/04/28,20:30,3043,0,600,730,19,132,0,845,10,298,0,0,0,27,0,191,-5,196,0,3043
2026/04/28,21:00,2973,0,553,730,18,130,0,836,10,298,0,0,0,18,0,175,13,192,0,2973
2026/04/28,21:30,2871,0,485,727,18,136,0,836,10,298,0,0,0,18,0,239,-5,109,0,2871
2026/04/28,22:00,2836,0,479,714,18,146,0,822,10,297,0,0,0,16,0,207,-7,134,0,2836
2026/04/28,22:30,2770,0,534,636,38,149,0,795,10,297,0,0,0,8,0,124,-9,188,0,2770
2026/04/28,23:00,2805,0,452,601,57,148,0,782,10,298,0,0,0,5,0,119,29,304,0,2805
2026/04/28,23:30,2761,0,399,542,61,148,0,786,10,298,0,0,0,6,0,119,-9,401,0,2761
2026/04/29,00:00,2757,0,421,424,101,150,0,828,10,297,0,0,0,6,0,119,-38,439,0,2757
2026/04/29,00:30,2689,0,416,384,107,148,0,833,10,297,0,0,0,14,0,136,-16,360,0,2689
2026/04/29,01:00,2704,0,372,359,107,148,0,834,10,297,0,0,0,15,0,228,-48,382,0,2704
2026/04/29,01:30,2740,0,393,342,106,148,0,829,10,297,0,0,0,32,0,277,-3,309,0,2740
2026/04/29,02:00,2781,0,475,352,66,148,0,829,10,298,0,0,0,34,0,297,-2,274,0,2781
2026/04/29,02:30,2859,0,472,379,58,148,0,834,10,298,0,0,0,35,0,307,-2,320,0,2859
2026/04/29,03:00,2926,0,438,390,58,149,0,835,10,298,0,0,0,26,0,363,-1,360,0,2926
2026/04/29,03:30,2944,0,516,386,58,148,0,835,10,298,0,0,0,35,0,363,23,272,0,2944
2026/04/29,04:00,2956,0,545,388,58,150,0,832,10,299,0,0,0,34,0,356,-4,288,0,2956
2026/04/29,04:30,2940,0,526,382,58,144,0,824,10,298,0,10,0,37,0,309,3,339,0,2940
2026/04/29,05:00,2991,0,543,393,58,134,0,822,10,299,0,114,0,25,0,198,11,384,0,2991
2026/04/29,05:30,2983,0,588,382,58,132,0,742,10,299,0,283,0,19,0,150,-6,326,0,2983
2026/04/29,06:00,3018,0,493,395,58,132,0,724,10,299,0,462,0,34,0,108,0,303,0,3018
2026/04/29,06:30,2976,0,428,363,58,132,0,710,10,299,0,662,0,25,0,79,1,209,0,2976
2026/04/29,07:00,2849,0,355,352,58,125,0,688,10,298,0,853,0,9,0,26,-3,78,0,2849
2026/04/29,07:30,2865,0,406,380,58,100,0,662,10,298,0,1106,0,12,0,0,-4,-163,0,2865
2026/04/29,08:00,2903,0,322,401,58,83,0,633,10,297,0,1338,0,7,0,0,-1,-245,0,2903
2026/04/29,08:30,2977,0,310,382,58,89,0,610,10,297,0,1579,0,26,0,-84,-49,-251,0,2977
2026/04/29,09:00,3010,0,350,395,58,96,0,567,10,298,0,1756,0,60,0,-229,-7,-344,0,3010
2026/04/29,09:30,3024,0,422,388,58,92,0,549,10,298,0,1863,0,82,0,-355,-9,-374,0,3024
2026/04/29,10:00,3022,0,475,367,58,87,0,547,10,298,0,1937,0,120,0,-358,-10,-509,0,3022
2026/04/29,10:30,3056,0,502,323,58,80,0,548,10,299,0,1950,0,170,0,-358,-59,-467,0,3056
2026/04/29,11:00,3167,0,564,334,58,77,0,531,10,298,0,1989,0,163,0,-347,-55,-455,0,3167
2026/04/29,11:30,3183,0,568,319,58,77,0,513,11,299,0,1922,0,160,0,-326,-77,-341,0,3183
2026/04/29,12:00,3086,0,489,326,58,77,0,513,11,299,0,1753,0,145,0,-354,-76,-155,0,3086
2026/04/29,12:30,2934,0,359,320,58,91,0,512,11,299,0,1610,0,156,0,-383,-35,-64,0,2934
2026/04/29,13:00,2882,0,431,364,58,98,0,513,10,286,0,1464,0,152,0,-447,-39,-8,0,2882
2026/04/29,13:30,2792,0,478,374,58,98,0,532,10,278,0,1244,0,175,0,-452,-5,2,0,2792
2026/04/29,14:00,2696,0,347,365,58,98,0,572,10,289,0,1197,0,152,0,-450,-7,65,0,2696
2026/04/29,14:30,2732,0,511,374,58,98,0,597,10,299,0,1020,0,158,0,-331,-6,-56,0,2732
2026/04/29,15:00,2715,0,361,363,58,98,0,647,10,299,0,850,0,192,0,-287,13,111,0,2715
2026/04/29,15:30,2777,0,406,327,58,112,0,679,10,298,0,648,0,216,0,-251,18,256,0,2777
2026/04/29,16:00,2840,0,452,366,58,138,0,722,10,298,0,430,0,198,0,-210,-50,428,0,2840
2026/04/29,16:30,2900,0,459,375,58,147,0,742,10,300,0,301,0,213,0,-102,-5,402,0,2900
2026/04/29,17:00,2889,0,418,383,58,148,0,770,10,299,0,146,0,185,0,58,-7,421,0,2889
2026/04/29,17:30,2965,0,410,335,58,151,0,830,10,298,0,61,0,195,0,143,0,474,0,2965
2026/04/29,18:00,3020,0,336,348,58,153,0,826,10,298,0,2,0,191,0,274,99,425,0,3020
2026/04/29,18:30,3108,0,411,369,58,156,0,837,10,298,0,0,0,202,0,314,70,383,0,3108
2026/04/29,19:00,3149,0,508,395,58,155,0,864,10,298,0,1,0,151,0,311,69,329,0,3149
2026/04/29,19:30,3099,0,525,388,58,153,0,869,10,299,0,0,0,99,0,285,66,347,0,3099
2026/04/29,20:00,3044,0,558,400,58,151,0,873,10,298,0,0,0,105,0,174,9,408,0,3044
2026/04/29,20:30,2988,0,571,388,58,152,0,856,10,298,0,0,0,122,0,120,-4,417,0,2988
2026/04/29,21:00,2930,0,472,395,58,148,0,849,10,299,0,0,0,113,0,155,-4,435,0,2930
2026/04/29,21:30,2826,0,408,389,58,149,0,849,10,299,0,0,0,109,0,175,-5,385,0,2826
2026/04/29,22:00,2771,0,532,393,58,148,0,744,10,298,0,0,0,99,0,185,31,273,0,2771
2026/04/29,22:30,2681,0,494,387,58,148,0,724,10,298,0,0,0,123,0,190,-6,255,0,2681
2026/04/29,23:00,2723,0,452,388,58,148,0,701,10,298,0,0,0,174,0,166,-5,333,0,2723
2026/04/29,23:30,2663,0,348,373,58,148,0,691,10,299,0,0,0,254,0,163,-5,324,0,2663
2026/04/30,00:00,2653,0,469,395,58,148,0,669,10,298,0,0,0,285,0,103,-5,223,0,2653
2026/04/30,00:30,2597,0,444,390,58,148,0,665,10,298,0,0,0,317,0,97,-15,185,0,2597
2026/04/30,01:00,2616,0,364,369,58,149,0,680,10,299,0,0,0,355,0,98,-5,239,0,2616
2026/04/30,01:30,2646,0,440,373,58,150,0,706,10,298,0,0,0,311,0,110,-6,196,0,2646
2026/04/30,02:00,2705,0,432,399,58,149,0,731,10,299,0,0,0,290,0,198,-4,143,0,2705
2026/04/30,02:30,2789,0,502,390,58,149,0,731,10,298,0,0,0,294,0,316,-5,46,0,2789
2026/04/30,03:00,2853,0,436,399,58,148,0,732,10,298,0,0,0,279,0,395,-6,104,0,2853
2026/04/30,03:30,2899,0,487,392,58,148,0,732,10,298,0,0,0,284,0,409,7,74,0,2899
2026/04/30,04:00,2921,0,389,401,58,149,0,729,10,298,0,1,0,296,0,410,46,134,0,2921
2026/04/30,04:30,2945,0,389,391,58,149,0,721,10,298,0,37,0,333,0,409,1,149,0,2945
2026/04/30,05:00,3049,0,485,397,58,148,0,713,10,299,0,206,0,316,0,405,6,6,0,3049
2026/04/30,05:30,3037,0,498,384,58,148,0,697,10,298,0,355,0,299,0,308,-26,8,0,3037
2026/04/30,06:00,3015,0,511,402,58,148,0,691,10,298,0,513,0,279,0,75,-2,32,0,3015
2026/04/30,06:30,2971,0,377,371,58,135,0,642,10,299,0,742,0,270,0,-2,-4,73,0,2971
2026/04/30,07:00,2967,0,415,401,58,109,0,615,10,298,0,924,0,251,0,-106,-8,0,0,2967
2026/04/30,07:30,2977,0,320,343,58,97,0,587,10,294,0,1176,0,318,0,-102,-5,-119,0,2977
2026/04/30,08:00,3090,0,349,338,58,92,0,574,10,284,0,1416,0,366,0,-313,-39,-45,0,3090
2026/04/30,08:30,3176,0,437,229,58,86,0,541,10,266,0,1610,0,431,0,-393,-49,-50,0,3176
2026/04/30,09:00,3294,0,488,188,58,79,0,517,10,241,0,1734,0,487,0,-409,-3,-96,0,3294
2026/04/30,09:30,3400,0,461,159,58,76,0,514,10,226,75,1848,0,521,0,-411,-7,-55,0,3400
2026/04/30,10:00,3434,0,426,140,58,77,0,517,10,225,75,1929,0,530,0,-393,-4,-81,0,3434
2026/04/30,10:30,3444,0,478,106,58,76,0,526,10,225,75,1943,0,513,0,-393,-56,-42,0,3444
2026/04/30,11:00,3444,0,505,122,58,77,0,525,10,223,75,1897,0,501,0,-392,-53,-29,0,3444
2026/04/30,11:30,3394,0,533,115,58,76,0,518,10,223,75,1845,0,491,0,-391,-76,-8,0,3394
2026/04/30,12:00,3176,0,438,72,58,76,0,519,10,224,75,1766,0,482,0,-395,-72,-2,0,3176
2026/04/30,12:30,3168,0,446,149,58,76,0,527,10,223,75,1697,0,476,0,-396,-38,-60,0,3168
2026/04/30,13:00,3105,0,391,152,58,88,0,541,10,233,0,1616,0,462,0,-337,-22,-87,0,3105
2026/04/30,13:30,3007,0,337,154,58,97,0,555,10,268,0,1514,0,424,0,-314,-5,-91,0,3007
2026/04/30,14:00,2904,0,374,209,58,97,0,587,10,286,0,1384,0,342,0,-314,-4,-125,0,2904
2026/04/30,14:30,2834,0,474,225,58,97,0,608,10,295,0,1224,0,340,0,-330,-7,-160,0,2834
2026/04/30,15:00,2791,0,510,248,58,97,0,637,10,298,0,1006,0,316,0,-250,-8,-131,0,2791
2026/04/30,15:30,2837,0,371,265,58,98,0,653,10,297,0,839,0,316,0,-29,-11,-30,0,2837
2026/04/30,16:00,2905,0,444,315,58,113,0,689,10,298,0,623,0,285,0,0,-12,82,0,2905
2026/04/30,16:30,2979,0,469,330,58,138,0,704,10,298,0,423,0,284,0,0,-12,277,0,2979
2026/04/30,17:00,3010,0,527,386,58,149,0,735,10,299,0,192,0,274,0,40,-12,352,0,3010
2026/04/30,17:30,3030,0,490,386,58,154,0,746,10,298,0,71,0,281,0,249,-10,297,0,3030
2026/04/30,18:00,3067,0,415,378,58,154,0,770,10,298,0,0,0,282,0,277,65,360,0,3067
2026/04/30,18:30,3155,0,438,355,58,156,0,771,10,299,0,1,0,323,0,339,97,308,0,3155
2026/04/30,19:00,3176,0,491,394,58,154,0,771,10,298,0,0,0,346,0,299,96,259,0,3176
2026/04/30,19:30,3122,0,603,391,58,154,0,771,10,298,0,0,0,357,0,259,34,187,0,3122
2026/04/30,20:00,3050,0,645,398,58,152,0,772,10,298,0,0,0,361,0,185,-5,176,0,3050
2026/04/30,20:30,2982,0,614,391,58,152,0,764,10,298,0,0,0,377,0,120,-3,201,0,2982
2026/04/30,21:00,2904,0,566,401,58,149,0,752,10,297,0,0,0,386,0,42,-8,251,0,2904
2026/04/30,21:30,2802,0,572,396,58,149,0,747,10,298,0,0,0,395,0,24,-4,157,0,2802
2026/04/30,22:00,2745,0,618,403,58,149,0,702,10,298,0,0,0,403,0,23,-10,91,0,2745
2026/04/30,22:30,2685,0,602,393,58,149,0,694,10,299,0,0,0,420,0,17,-9,52,0,2685
2026/04/30,23:00,2724,0,566,391,58,149,0,694,10,298,0,0,0,432,0,16,-8,118,0,2724
2026/04/30,23:30,2644,0,566,384,58,145,0,682,10,299,0,0,0,457,0,18,-8,33,0,2644
,,,,,,,,,,,,,,,,,,,,,
,,,,,,,,,,,,,,,,,,,,,
,,,,,,,,,,,,,,,,,,,,,
,,,,,,,,,,,,,,,,,,,,,
,,,,,,,,,,,,,,,,,,,,,
,,,,,,,,,,,,,,,,,,,,,
,,,,,,,,,,,,,,,,,,,,,
,,,,,,,,,,,,,,,,,,,,,
,,,,,,,,,,,,,,,,,,,,,
,,,,,,,,,,,,,,,,,,,,,
,,,,,,,,,,,,,,,,,,,,,
,,,,,,,,,,,,,,,,,,,,,
,,,,,,,,,,,,,,,,,,,,,
,,,,,,,,,,,,,,,,,,,,,
,,,,,,,,,,,,,,,,,,,,,
,,,,,,,,,,,,,,,,,,,,,
,,,,,,,,,,,,,,,,,,,,,
,,,,,,,,,,,,,,,,,,,,,
,,,,,,,,,,,,,,,,,,,,,
,,,,,,,,,,,,,,,,,,,,,
,,,,,,,,,,,,,,,,,,,,,
,,,,,,,,,,,,,,,,,,,,,
,,,,,,,,,,,,,,,,,,,,,
,,,,,,,,,,,,,,,,,,,,,
,,,,,,,,,,,,,,,,,,,,,
,,,,,,,,,,,,,,,,,,,,,
,,,,,,,,,,,,,,,,,,,,,
,,,,,,,,,,,,,,,,,,,,,
,,,,,,,,,,,,,,,,,,,,,
,,,,,,,,,,,,,,,,,,,,,
,,,,,,,,,,,,,,,,,,,,,
,,,,,,,,,,,,,,,,,,,,,
,,,,,,,,,,,,,,,,,,,,,
,,,,,,,,,,,,,,,,,,,,,
,,,,,,,,,,,,,,,,,,,,,
,,,,,,,,,,,,,,,,,,,,,
,,,,,,,,,,,,,,,,,,,,,
,,,,,,,,,,,,,,,,,,,,,
,,,,,,,,,,,,,,,,,,,,,
,,,,,,,,,,,,,,,,,,,,,
,,,,,,,,,,,,,,,,,,,,,
,,,,,,,,,,,,,,,,,,,,,
,,,,,,,,,,,,,,,,,,,,,
,,,,,,,,,,,,,,,,,,,,,
,,,,,,,,,,,,,,,,,,,,,
,,,,,,,,,,,,,,,,,,,,,
,,,,,,,,,,,,,,,,,,,,,
,,,,,,,,,,,,,,,,,,,,,
