単位[MW平均],,,供給力,,,,,,,,,,,,,,,,
DATE,TIME,エリア需要,原子力,火力(LNG),火力(石炭),火力(石油),火力(その他),水力,地熱,バイオマス,太陽光発電実績,太陽光出力制御量,風力発電実績,風力出力制御量,揚水,蓄電池,連系線,その他,合計
2024/12/01,00:00,3404,0,338,1652,56,236,324,16,238,0,0,857,0,38,-5,-346,0,3404
2024/12/01,00:30,3346,0,216,1578,56,236,324,16,237,0,0,856,0,33,-13,-193,0,3346
2024/12/01,01:00,3390,0,193,1538,56,237,320,16,237,0,0,864,0,43,-5,-109,0,3390
2024/12/01,01:30,3426,0,208,1585,56,236,322,16,237,0,0,869,0,45,-5,-143,0,3426
2024/12/01,02:00,3470,0,239,1655,56,236,320,16,238,0,0,876,0,42,-5,-203,0,3470
2024/12/01,02:30,3512,0,234,1656,56,236,320,16,238,0,0,898,0,42,-5,-179,0,3512
2024/12/01,03:00,3584,0,282,1665,56,236,375,16,238,0,0,909,0,43,-5,-231,0,3584
2024/12/01,03:30,3600,0,255,1667,56,236,436,16,238,0,0,899,0,42,-5,-240,0,3600
2024/12/01,04:00,3652,0,277,1663,56,236,485,16,238,0,0,890,0,42,-5,-246,0,3652
2024/12/01,04:30,3618,0,267,1661,56,236,493,16,238,0,0,887,0,92,-5,-323,0,3618
2024/12/01,05:00,3598,0,277,1653,56,237,460,16,238,0,0,899,0,101,-5,-334,0,3598
2024/12/01,05:30,3520,0,320,1636,56,237,412,16,238,0,0,871,0,101,-5,-362,0,3520
2024/12/01,06:00,3488,0,526,1489,98,236,407,16,237,0,0,826,0,43,-4,-386,0,3488
2024/12/01,06:30,3342,0,549,1393,120,236,397,16,237,3,0,758,0,40,-5,-402,0,3342
2024/12/01,07:00,3285,0,445,1351,105,236,376,16,237,92,0,760,0,39,-6,-366,0,3285
2024/12/01,07:30,3307,0,319,1334,60,221,371,16,237,249,0,763,0,35,-6,-292,0,3307
2024/12/01,08:00,3348,0,233,1219,56,177,330,16,236,496,0,788,0,35,-5,-233,0,3348
2024/12/01,08:30,3366,0,232,1104,56,144,306,16,236,655,0,808,0,40,-4,-227,0,3366
2024/12/01,09:00,3385,0,264,923,56,136,284,16,236,798,0,829,0,4,-4,-157,0,3385
2024/12/01,09:30,3361,0,314,873,56,137,274,16,235,912,0,837,0,-110,-3,-180,0,3361
2024/12/01,10:00,3320,0,319,858,56,137,252,16,236,1007,0,885,0,-367,-4,-75,0,3320
2024/12/01,10:30,3320,0,231,776,56,137,243,16,236,1052,0,901,0,-548,1,219,0,3320
2024/12/01,11:00,3393,0,210,809,56,137,239,16,236,1055,0,819,0,-557,2,371,0,3393
2024/12/01,11:30,3397,0,206,868,56,136,238,16,236,1063,0,786,0,-556,3,345,0,3397
2024/12/01,12:00,3329,0,215,840,56,135,261,16,236,1056,0,793,0,-559,1,279,0,3329
2024/12/01,12:30,3243,0,199,822,56,135,262,16,236,974,0,788,0,-565,-4,324,0,3243
2024/12/01,13:00,3172,0,265,928,56,138,267,16,227,844,0,776,0,-566,-4,225,0,3172
2024/12/01,13:30,3126,0,294,1016,56,169,281,16,216,670,0,795,0,-479,-4,96,0,3126
2024/12/01,14:00,3109,0,292,1010,56,223,288,16,222,500,0,804,0,-331,-5,34,0,3109
2024/12/01,14:30,3153,0,390,1092,56,235,297,16,235,263,0,752,0,-131,-10,-42,0,3153
2024/12/01,15:00,3262,0,459,1271,60,236,386,16,236,95,0,672,0,18,-45,-142,0,3262
2024/12/01,15:30,3396,0,542,1536,132,236,412,15,236,7,0,571,0,30,-9,-312,0,3396
2024/12/01,16:00,3526,0,573,1608,188,236,513,16,236,0,0,531,0,27,-9,-393,0,3526
2024/12/01,16:30,3624,0,566,1647,115,236,554,16,236,1,0,527,0,21,-8,-287,0,3624
2024/12/01,17:00,3679,0,532,1652,109,233,557,16,236,0,0,526,0,21,-7,-196,0,3679
2024/12/01,17:30,3697,0,559,1655,111,236,559,15,237,0,0,529,0,24,-8,-220,0,3697
2024/12/01,18:00,3700,0,581,1655,152,237,571,15,237,0,0,508,0,21,-7,-270,0,3700
2024/12/01,18:30,3694,0,581,1656,142,237,585,16,236,0,0,508,0,23,-7,-283,0,3694
2024/12/01,19:00,3676,0,589,1654,136,236,568,16,237,0,0,436,0,23,-7,-212,0,3676
2024/12/01,19:30,3638,0,586,1653,202,236,556,15,237,0,0,404,0,20,-7,-264,0,3638
2024/12/01,20:00,3616,0,579,1659,235,236,532,16,237,0,0,358,0,40,-7,-269,0,3616
2024/12/01,20:30,3542,0,575,1654,132,236,474,16,238,0,0,343,0,65,-7,-184,0,3542
2024/12/01,21:00,3499,0,599,1655,221,237,450,16,238,0,0,312,0,22,-5,-246,0,3499
2024/12/01,21:30,3411,0,598,1653,200,237,439,16,238,0,0,271,0,20,-5,-256,0,3411
2024/12/01,22:00,3341,0,584,1652,273,235,425,16,237,0,0,240,0,21,-4,-338,0,3341
2024/12/01,22:30,3259,0,546,1641,248,233,405,16,237,0,0,198,0,20,-4,-281,0,3259
2024/12/01,23:00,3410,0,583,1654,249,235,389,16,238,0,0,232,0,20,-5,-201,0,3410
2024/12/01,23:30,3320,0,579,1657,125,236,320,16,237,0,0,274,0,21,-4,-141,0,3320
2024/12/02,00:00,3281,0,509,1672,120,236,323,16,237,0,0,287,0,17,-6,-130,0,3281
2024/12/02,00:30,3219,0,505,1684,106,236,320,16,238,0,0,261,0,21,-5,-163,0,3219
2024/12/02,01:00,3282,0,497,1694,105,236,314,16,238,0,0,273,0,22,-5,-108,0,3282
2024/12/02,01:30,3306,0,525,1719,109,237,312,15,238,0,0,226,0,22,-13,-84,0,3306
2024/12/02,02:00,3409,0,550,1743,142,236,313,16,237,0,0,205,0,24,-5,-52,0,3409
2024/12/02,02:30,3461,0,525,1760,109,237,314,16,237,0,0,193,0,21,-5,54,0,3461
2024/12/02,03:00,3535,0,498,1772,106,236,317,15,238,0,0,196,0,21,-7,143,0,3535
2024/12/02,03:30,3537,0,462,1772,104,236,383,16,238,0,0,202,0,17,-5,112,0,3537
2024/12/02,04:00,3607,0,457,1776,104,236,458,16,237,0,0,164,0,25,-5,139,0,3607
2024/12/02,04:30,3613,0,494,1778,106,236,484,16,238,0,0,175,0,21,-5,70,0,3613
2024/12/02,05:00,3657,0,531,1771,114,236,521,16,238,0,0,190,0,20,-5,25,0,3657
2024/12/02,05:30,3673,0,534,1768,126,237,527,16,238,0,0,187,0,54,-5,-9,0,3673
2024/12/02,06:00,3744,0,546,1775,132,236,564,16,237,0,0,229,0,85,-3,-73,0,3744
2024/12/02,06:30,3734,0,582,1783,164,236,533,15,237,3,0,193,0,83,-5,-90,0,3734
2024/12/02,07:00,3696,0,471,1785,111,237,512,16,237,115,0,190,0,95,-6,-67,0,3696
2024/12/02,07:30,3722,0,422,1785,110,236,510,16,237,337,0,222,0,21,-4,-170,0,3722
2024/12/02,08:00,3800,0,320,1776,111,236,468,16,237,683,0,236,0,21,-4,-300,0,3800
2024/12/02,08:30,3892,0,325,1731,76,235,358,16,236,928,0,251,0,23,-4,-283,0,3892
2024/12/02,09:00,3921,0,346,1699,59,235,299,16,236,1151,0,261,0,16,-6,-391,0,3921
2024/12/02,09:30,3853,0,229,1470,59,221,256,16,236,1308,0,262,0,26,-7,-223,0,3853
2024/12/02,10:00,3751,0,230,1234,59,195,242,16,235,1411,0,282,0,-93,-2,-58,0,3751
2024/12/02,10:30,3759,0,244,1293,60,188,239,16,235,1484,0,282,0,-223,-3,-56,0,3759
2024/12/02,11:00,3803,0,237,1212,59,189,237,16,235,1480,0,278,0,-229,-4,93,0,3803
2024/12/02,11:30,3695,0,247,1269,59,189,244,16,235,1387,0,293,0,-224,4,-24,0,3695
2024/12/02,12:00,3587,0,275,1363,60,190,244,16,236,1297,0,298,0,-226,3,-169,0,3587
2024/12/02,12:30,3537,0,308,1388,60,189,250,16,235,1132,0,284,0,-208,2,-119,0,3537
2024/12/02,13:00,3658,0,300,1442,60,189,261,16,227,959,0,278,0,-2,-2,-70,0,3658
2024/12/02,13:30,3600,0,253,1573,60,189,267,16,213,778,0,274,0,0,0,-23,0,3600
2024/12/02,14:00,3604,0,298,1721,60,205,283,16,219,558,0,297,0,0,2,-55,0,3604
2024/12/02,14:30,3634,0,462,1732,83,229,287,16,232,277,0,288,0,0,-2,30,0,3634
2024/12/02,15:00,3731,0,550,1771,181,233,322,16,234,88,0,279,0,38,-34,53,0,3731
2024/12/02,15:30,3887,0,496,1779,154,235,505,16,235,5,0,328,0,119,-1,16,0,3887
2024/12/02,16:00,4019,0,453,1780,113,236,593,16,235,0,0,395,0,213,-3,-12,0,4019
2024/12/02,16:30,4067,0,417,1780,113,234,637,16,235,0,0,433,0,176,-5,31,0,4067
2024/12/02,17:00,4008,0,385,1761,113,236,652,16,236,0,0,487,0,149,-6,-21,0,4008
2024/12/02,17:30,3966,0,433,1768,113,236,662,16,236,0,0,521,0,116,-4,-131,0,3966
2024/12/02,18:00,3925,0,470,1776,113,237,673,16,235,0,0,568,0,116,-4,-275,0,3925
2024/12/02,18:30,3855,0,457,1773,113,236,680,16,236,0,0,599,0,46,-5,-296,0,3855
2024/12/02,19:00,3810,0,496,1775,113,236,680,16,236,0,0,632,0,21,-5,-390,0,3810
2024/12/02,19:30,3734,0,525,1776,113,237,659,16,236,0,0,633,0,23,-12,-472,0,3734
2024/12/02,20:00,3664,0,559,1773,115,236,652,16,236,0,0,608,0,28,-10,-549,0,3664
2024/12/02,20:30,3576,0,547,1765,133,237,552,15,236,0,0,569,0,28,-8,-498,0,3576
2024/12/02,21:00,3500,0,607,1726,160,237,523,15,236,0,0,559,0,17,-8,-572,0,3500
2024/12/02,21:30,3400,0,533,1716,113,237,507,15,235,0,0,573,0,19,-6,-542,0,3400
2024/12/02,22:00,3354,0,504,1759,130,237,473,15,236,0,0,552,0,19,-4,-567,0,3354
2024/12/02,22:30,3252,0,499,1680,233,237,433,15,235,0,0,539,0,18,-5,-632,0,3252
2024/12/02,23:00,3337,0,510,1768,155,237,369,15,236,0,0,593,0,21,-4,-563,0,3337
2024/12/02,23:30,3247,0,424,1751,109,237,351,15,234,0,0,654,0,20,-4,-544,0,3247
2024/12/03,00:00,3202,0,319,1642,109,237,364,15,235,0,0,672,0,18,39,-448,0,3202
2024/12/03,00:30,3198,0,373,1670,109,237,364,15,234,0,0,754,0,19,-6,-571,0,3198
2024/12/03,01:00,3227,0,401,1717,109,237,382,15,236,0,0,765,0,23,-48,-610,0,3227
2024/12/03,01:30,3243,0,353,1700,109,237,381,15,235,0,0,753,0,26,7,-573,0,3243
2024/12/03,02:00,3304,0,390,1712,109,237,385,15,235,0,0,713,0,25,-29,-488,0,3304
2024/12/03,02:30,3354,0,388,1740,109,237,387,15,235,0,0,667,0,22,-5,-441,0,3354
2024/12/03,03:00,3409,0,431,1770,109,237,411,15,236,0,0,629,0,21,-6,-444,0,3409
2024/12/03,03:30,3503,0,441,1770,109,236,484,15,235,0,0,631,0,23,-4,-437,0,3503
2024/12/03,04:00,3545,0,529,1771,109,233,528,15,235,0,0,567,0,24,-6,-460,0,3545
2024/12/03,04:30,3551,0,535,1767,115,236,557,16,235,0,0,526,0,20,-5,-451,0,3551
2024/12/03,05:00,3550,0,389,1745,109,236,502,16,235,0,0,602,0,15,-4,-295,0,3550
2024/12/03,05:30,3520,0,401,1676,109,236,470,16,235,0,0,632,0,21,-5,-271,0,3520
2024/12/03,06:00,3582,0,388,1756,109,237,482,16,236,0,0,597,0,83,-6,-316,0,3582
2024/12/03,06:30,3614,0,504,1769,110,237,485,16,235,2,0,581,0,121,-3,-443,0,3614
2024/12/03,07:00,3666,0,573,1768,152,237,464,16,235,74,0,578,0,47,-4,-474,0,3666
2024/12/03,07:30,3810,0,576,1769,213,236,406,16,234,196,0,615,0,23,-4,-470,0,3810
2024/12/03,08:00,3996,0,591,1767,275,237,348,16,235,370,0,609,0,31,-3,-480,0,3996
2024/12/03,08:30,4134,0,578,1767,205,236,344,16,235,481,0,644,0,26,-5,-393,0,4134
2024/12/03,09:00,4176,0,496,1753,114,223,316,16,234,556,0,686,0,9,-8,-219,0,4176
2024/12/03,09:30,4056,0,336,1665,94,197,325,16,233,656,0,691,0,-215,-4,62,0,4056
2024/12/03,10:00,3965,0,280,1553,62,190,297,16,233,784,0,732,0,-465,-8,291,0,3965
2024/12/03,10:30,3897,0,238,1367,63,191,299,16,234,904,0,736,0,-463,-4,316,0,3897
2024/12/03,11:00,3904,0,292,1348,62,189,273,16,235,998,0,692,0,-457,-2,258,0,3904
2024/12/03,11:30,3820,0,277,1349,62,189,272,16,234,1080,0,701,0,-450,-5,95,0,3820
2024/12/03,12:00,3717,0,342,1207,62,190,266,16,234,993,0,711,0,-297,-4,-3,0,3717
2024/12/03,12:30,3677,0,260,1246,62,191,265,16,234,858,0,702,0,-60,-1,-96,0,3677
2024/12/03,13:00,3767,0,370,1312,62,191,271,15,225,723,0,689,0,0,0,-91,0,3767
2024/12/03,13:30,3825,0,306,1448,70,205,296,16,214,567,0,723,0,0,-3,-17,0,3825
2024/12/03,14:00,3897,0,390,1572,79,229,301,16,220,408,0,736,0,0,-4,-50,0,3897
2024/12/03,14:30,3891,0,451,1630,124,235,334,16,234,194,0,727,0,0,-4,-50,0,3891
2024/12/03,15:00,3894,0,451,1658,130,235,462,16,235,56,0,674,0,18,-36,-5,0,3894
2024/12/03,15:30,4054,0,410,1749,129,235,548,16,234,3,0,593,0,101,-5,41,0,4054
2024/12/03,16:00,4140,0,492,1768,153,236,600,16,234,0,0,584,0,93,-5,-31,0,4140
2024/12/03,16:30,4190,0,515,1770,173,236,629,16,234,1,0,577,0,117,15,-93,0,4190
2024/12/03,17:00,4123,0,522,1769,165,237,640,16,235,1,0,575,0,73,-6,-104,0,4123
2024/12/03,17:30,4089,0,572,1769,225,236,647,16,236,0,0,558,0,23,-5,-188,0,4089
2024/12/03,18:00,4073,0,550,1770,278,236,654,16,235,0,0,554,0,15,-6,-229,0,4073
2024/12/03,18:30,4017,0,541,1769,211,236,596,16,235,0,0,581,0,22,-4,-186,0,4017
2024/12/03,19:00,3949,0,483,1750,189,235,589,16,235,0,0,635,0,15,-6,-192,0,3949
2024/12/03,19:30,3887,0,492,1726,190,233,592,16,235,0,0,631,0,0,-5,-223,0,3887
2024/12/03,20:00,3844,0,524,1728,226,233,553,16,235,0,0,628,0,12,-4,-307,0,3844
2024/12/03,20:30,3744,0,469,1728,250,233,554,16,235,0,0,608,0,34,-12,-371,0,3744
2024/12/03,21:00,3666,0,432,1731,223,234,552,16,235,0,0,580,0,0,-5,-332,0,3666
2024/12/03,21:30,3566,0,485,1766,196,234,551,16,236,0,0,535,0,0,-5,-448,0,3566
2024/12/03,22:00,3445,0,470,1765,128,234,508,16,236,0,0,526,0,0,-3,-435,0,3445
2024/12/03,22:30,3359,0,492,1746,125,235,470,16,236,0,0,472,0,13,-5,-441,0,3359
2024/12/03,23:00,3460,0,507,1763,161,235,453,16,236,0,0,456,0,60,-4,-423,0,3460
2024/12/03,23:30,3374,0,554,1763,149,236,417,16,236,0,0,385,0,14,-4,-392,0,3374
2024/12/04,00:00,3365,0,506,1762,99,237,371,16,236,0,0,420,0,0,29,-311,0,3365
2024/12/04,00:30,3267,0,454,1762,97,236,374,16,236,0,0,428,0,0,-4,-332,0,3267
2024/12/04,01:00,3349,0,473,1763,97,236,396,16,236,0,0,421,0,0,14,-303,0,3349
2024/12/04,01:30,3387,0,503,1765,111,236,382,16,236,0,0,345,0,0,-7,-200,0,3387
2024/12/04,02:00,3475,0,544,1772,193,236,378,16,236,0,0,302,0,1,-34,-169,0,3475
2024/12/04,02:30,3543,0,584,1770,209,237,376,16,235,0,0,247,0,25,-50,-106,0,3543
2024/12/04,03:00,3606,0,583,1775,224,237,410,16,236,0,0,213,0,21,-5,-104,0,3606
2024/12/04,03:30,3602,0,573,1772,163,236,456,16,236,0,0,146,0,23,-5,-14,0,3602
2024/12/04,04:00,3662,0,519,1767,96,236,533,16,235,0,0,142,0,15,-5,108,0,3662
2024/12/04,04:30,3704,0,515,1772,109,237,560,16,234,0,0,136,0,60,-5,70,0,3704
2024/12/04,05:00,3725,0,452,1772,103,237,538,16,235,0,0,157,0,0,-5,220,0,3725
2024/12/04,05:30,3715,0,508,1771,111,237,521,16,235,0,0,110,0,0,0,206,0,3715
2024/12/04,06:00,3800,0,549,1771,132,236,459,16,235,0,0,135,0,0,-4,271,0,3800
2024/12/04,06:30,3826,0,529,1771,99,232,458,16,235,2,0,201,0,0,-4,287,0,3826
2024/12/04,07:00,3918,0,526,1766,104,234,438,16,235,70,0,233,0,0,-5,301,0,3918
2024/12/04,07:30,4124,0,587,1768,169,235,386,16,233,174,0,244,0,0,-6,318,0,4124
2024/12/04,08:00,4365,0,602,1767,317,236,315,16,233,295,0,240,0,59,-2,287,0,4365
2024/12/04,08:30,4557,0,604,1766,331,236,295,16,234,324,0,278,0,74,-5,404,0,4557
2024/12/04,09:00,4578,0,587,1769,329,223,273,16,233,366,0,319,0,34,-2,431,0,4578
2024/12/04,09:30,4504,0,576,1768,230,198,274,16,233,449,0,312,0,27,-1,422,0,4504
2024/12/04,10:00,4301,0,473,1749,116,187,272,16,233,537,0,300,0,9,-3,412,0,4301
2024/12/04,10:30,4169,0,348,1667,108,187,265,16,233,718,0,305,0,-79,-3,404,0,4169
2024/12/04,11:00,4149,0,334,1709,108,201,252,16,234,801,0,316,0,-229,-1,408,0,4149
2024/12/04,11:30,3975,0,307,1701,108,226,231,16,234,776,0,348,0,-229,-2,259,0,3975
2024/12/04,12:00,3867,0,337,1703,109,235,220,16,235,785,0,404,0,-229,-5,57,0,3867
2024/12/04,12:30,3823,0,464,1713,141,235,221,16,235,674,0,463,0,-227,-3,-109,0,3823
2024/12/04,13:00,3997,0,482,1693,209,235,228,16,222,571,0,506,0,-82,-2,-81,0,3997
2024/12/04,13:30,4077,0,486,1709,150,235,228,16,213,430,0,619,0,0,-4,-5,0,4077
2024/12/04,14:00,4163,0,490,1710,120,235,229,16,221,327,0,740,0,0,-3,78,0,4163
2024/12/04,14:30,4155,0,489,1733,112,235,246,16,234,189,0,756,0,0,-25,170,0,4155
2024/12/04,15:00,4210,0,456,1737,108,235,299,16,237,67,0,716,0,24,26,289,0,4210
2024/12/04,15:30,4352,0,481,1777,117,235,461,16,238,5,0,624,0,124,25,249,0,4352
2024/12/04,16:00,4349,0,490,1779,108,236,538,16,239,0,0,628,0,125,26,164,0,4349
2024/12/04,16:30,4395,0,533,1776,111,236,595,16,239,1,0,630,0,116,27,115,0,4395
2024/12/04,17:00,4343,0,560,1780,110,237,616,16,240,0,0,613,0,157,26,-12,0,4343
2024/12/04,17:30,4271,0,548,1780,110,237,629,16,241,0,0,609,0,141,0,-40,0,4271
2024/12/04,18:00,4220,0,556,1772,145,237,640,16,241,0,0,605,0,134,-49,-77,0,4220
2024/12/04,18:30,4176,0,537,1768,115,236,585,16,241,0,0,636,0,96,-5,-49,0,4176
2024/12/04,19:00,4118,0,567,1770,157,236,579,16,241,0,0,571,0,109,-51,-77,0,4118
2024/12/04,19:30,4046,0,573,1786,203,236,572,16,242,0,0,495,0,65,-49,-93,0,4046
2024/12/04,20:00,3983,0,582,1808,272,236,553,16,242,0,0,426,0,15,-5,-162,0,3983
2024/12/04,20:30,3885,0,574,1809,247,237,522,16,243,0,0,391,0,20,-14,-160,0,3885
2024/12/04,21:00,3846,0,572,1808,242,237,485,16,244,0,0,350,0,21,-4,-125,0,3846
2024/12/04,21:30,3770,0,572,1807,284,237,470,16,242,0,0,315,0,20,-3,-190,0,3770
2024/12/04,22:00,3679,0,572,1811,295,238,459,16,242,0,0,252,0,22,-1,-227,0,3679
2024/12/04,22:30,3605,0,555,1805,290,237,384,16,242,0,0,244,0,25,-3,-190,0,3605
2024/12/04,23:00,3713,0,552,1811,185,237,381,16,242,0,0,310,0,18,-3,-36,0,3713
2024/12/04,23:30,3607,0,460,1810,101,237,382,16,242,0,0,398,0,10,-1,-48,0,3607
2024/12/05,00:00,3575,0,368,1792,98,235,441,18,243,0,0,466,0,0,40,-126,0,3575
2024/12/05,00:30,3473,0,394,1792,98,235,446,18,243,0,0,475,0,0,-33,-195,0,3473
2024/12/05,01:00,3531,0,464,1789,98,235,433,18,244,0,0,452,0,0,-27,-175,0,3531
2024/12/05,01:30,3591,0,484,1769,103,235,401,18,244,0,0,515,0,0,-4,-174,0,3591
2024/12/05,02:00,3632,0,542,1760,176,235,380,18,244,0,0,427,0,0,-4,-146,0,3632
2024/12/05,02:30,3682,0,560,1759,289,235,372,18,245,0,0,285,0,13,-5,-89,0,3682
2024/12/05,03:00,3767,0,575,1772,250,235,375,18,245,0,0,212,0,23,-4,66,0,3767
2024/12/05,03:30,3823,0,575,1794,140,235,397,18,245,0,0,190,0,24,-4,209,0,3823
2024/12/05,04:00,3887,0,574,1819,153,235,410,18,244,0,0,232,0,21,-4,185,0,3887
2024/12/05,04:30,3901,0,578,1825,122,235,413,18,244,0,0,262,0,22,-4,186,0,3901
2024/12/05,05:00,3937,0,574,1831,105,235,438,18,244,0,0,320,0,21,-4,155,0,3937
2024/12/05,05:30,3917,0,539,1828,102,235,445,18,244,0,0,387,0,20,-4,103,0,3917
2024/12/05,06:00,4004,0,507,1824,103,235,492,18,244,0,0,436,0,21,-3,127,0,4004
2024/12/05,06:30,3978,0,515,1824,103,235,557,18,244,2,0,416,0,62,-3,5,0,3978
2024/12/05,07:00,3974,0,565,1827,133,235,547,18,244,59,0,386,0,0,-3,-37,0,3974
2024/12/05,07:30,4034,0,569,1825,186,235,426,18,244,174,0,362,0,0,-3,-2,0,4034
2024/12/05,08:00,4156,0,561,1832,137,235,396,18,243,370,0,366,0,19,-3,-18,0,4156
2024/12/05,08:30,4282,0,562,1826,144,235,313,18,242,505,0,383,0,21,-3,36,0,4282
2024/12/05,09:00,4273,0,452,1818,114,234,302,18,242,713,0,408,0,3,-3,-28,0,4273
2024/12/05,09:30,4233,0,276,1732,57,220,290,18,242,891,0,448,0,4,-1,56,0,4233
2024/12/05,10:00,4232,0,276,1693,49,194,242,18,241,976,0,413,0,21,-3,112,0,4232
2024/12/05,10:30,4318,0,498,1757,54,187,235,18,241,946,0,261,0,8,-2,115,0,4318
2024/12/05,11:00,4354,0,362,1770,88,188,228,18,241,878,0,312,0,-20,-4,293,0,4354
2024/12/05,11:30,4306,0,288,1760,101,188,219,18,242,913,0,362,0,-202,-2,419,0,4306
2024/12/05,12:00,4152,0,276,1700,101,188,222,18,242,847,0,362,0,-205,0,401,0,4152
2024/12/05,12:30,4090,0,256,1698,101,188,223,18,241,805,0,378,0,-209,1,390,0,4090
2024/12/05,13:00,4224,0,401,1783,101,186,232,18,232,659,0,404,0,-204,0,412,0,4224
2024/12/05,13:30,4276,0,394,1787,101,204,239,18,220,518,0,439,0,-37,0,393,0,4276
2024/12/05,14:00,4276,0,385,1825,101,227,244,18,227,344,0,508,0,0,-1,398,0,4276
2024/12/05,14:30,4260,0,461,1850,101,233,274,18,240,146,0,554,0,17,-3,369,0,4260
2024/12/05,15:00,4302,0,529,1857,123,234,370,18,243,45,0,592,0,21,-40,310,0,4302
2024/12/05,15:30,4442,0,516,1851,109,234,466,18,242,2,0,607,0,35,-4,366,0,4442
2024/12/05,16:00,4452,0,438,1824,116,234,571,18,242,0,0,627,0,29,-4,357,0,4452
2024/12/05,16:30,4498,0,482,1822,167,234,598,18,242,0,0,654,0,26,5,250,0,4498
2024/12/05,17:00,4469,0,514,1825,160,234,610,18,243,0,0,699,0,36,-5,135,0,4469
2024/12/05,17:30,4387,0,518,1833,154,235,622,18,243,0,0,683,0,116,-5,-30,0,4387
2024/12/05,18:00,4320,0,474,1852,152,235,640,18,243,0,0,668,0,115,-6,-71,0,4320
2024/12/05,18:30,4268,0,424,1859,148,235,648,18,243,0,0,675,0,114,-5,-91,0,4268
2024/12/05,19:00,4179,0,383,1853,148,234,580,18,243,0,0,713,0,177,-6,-164,0,4179
2024/12/05,19:30,4097,0,371,1851,148,235,582,18,244,0,0,701,0,154,-5,-202,0,4097
2024/12/05,20:00,4058,0,418,1852,162,235,568,18,243,0,0,644,0,130,-5,-207,0,4058
2024/12/05,20:30,3936,0,431,1850,168,235,551,18,243,0,0,611,0,46,-5,-212,0,3936
2024/12/05,21:00,3887,0,465,1856,211,235,491,18,243,0,0,567,0,0,-4,-195,0,3887
2024/12/05,21:30,3751,0,503,1858,203,234,468,18,242,0,0,510,0,0,-3,-282,0,3751
2024/12/05,22:00,3653,0,507,1853,151,235,427,18,242,0,0,506,0,0,-3,-283,0,3653
2024/12/05,22:30,3563,0,413,1853,146,235,425,18,242,0,0,460,0,0,-5,-224,0,3563
2024/12/05,23:00,3677,0,486,1855,149,235,410,18,243,0,0,498,0,0,-3,-214,0,3677
2024/12/05,23:30,3607,0,463,1855,105,235,388,18,243,0,0,463,0,0,-2,-161,0,3607
2024/12/06,00:00,3600,0,484,1854,97,236,346,21,244,0,0,413,0,0,-15,-80,0,3600
2024/12/06,00:30,3564,0,528,1854,131,235,333,21,244,0,0,381,0,0,-17,-146,0,3564
2024/12/06,01:00,3620,0,455,1852,127,235,349,21,242,0,0,355,0,0,-7,-9,0,3620
2024/12/06,01:30,3658,0,479,1851,97,235,364,21,243,0,0,364,0,0,-5,9,0,3658
2024/12/06,02:00,3722,0,529,1854,106,235,418,21,243,0,0,389,0,0,-5,-68,0,3722
2024/12/06,02:30,3806,0,529,1855,116,236,458,21,243,0,0,405,0,0,-5,-52,0,3806
2024/12/06,03:00,3858,0,540,1849,192,235,501,21,244,0,0,390,0,0,-5,-109,0,3858
2024/12/06,03:30,3906,0,543,1866,187,235,565,21,243,0,0,344,0,0,-5,-93,0,3906
2024/12/06,04:00,3974,0,544,1875,271,235,575,21,243,0,0,301,0,0,-5,-86,0,3974
2024/12/06,04:30,3972,0,566,1876,244,235,508,21,243,0,0,238,0,25,-4,20,0,3972
2024/12/06,05:00,4013,0,595,1880,290,235,488,21,243,0,0,165,0,54,-6,48,0,4013
2024/12/06,05:30,3975,0,587,1881,255,235,483,21,243,0,0,111,0,107,1,51,0,3975
2024/12/06,06:00,4037,0,568,1880,203,235,458,21,243,0,0,89,0,93,-3,250,0,4037
2024/12/06,06:30,4019,0,551,1878,139,235,457,21,243,2,0,72,0,79,-3,345,0,4019
2024/12/06,07:00,4041,0,559,1881,135,235,423,21,243,71,0,64,0,60,-4,353,0,4041
2024/12/06,07:30,4121,0,566,1881,184,235,401,21,244,175,0,51,0,0,-6,369,0,4121
2024/12/06,08:00,4307,0,562,1880,173,234,404,21,242,317,0,50,0,0,-5,429,0,4307
2024/12/06,08:30,4515,0,565,1879,261,234,405,21,242,397,0,40,0,32,-4,443,0,4515
2024/12/06,09:00,4659,0,594,1878,299,233,388,21,243,433,0,54,0,70,-3,449,0,4659
2024/12/06,09:30,4779,0,601,1876,320,220,389,21,242,463,0,42,0,152,-5,458,0,4779
2024/12/06,10:00,4819,0,602,1859,378,194,351,21,242,499,0,36,0,196,-3,444,0,4819
2024/12/06,10:30,4829,0,602,1810,442,187,334,21,241,478,0,47,0,229,-4,442,0,4829
2024/12/06,11:00,4784,0,602,1770,524,189,323,21,242,443,0,55,0,176,-2,441,0,4784
2024/12/06,11:30,4658,0,601,1743,569,189,249,21,241,421,0,75,0,114,-3,438,0,4658
2024/12/06,12:00,4382,0,538,1758,491,188,265,21,242,406,0,79,0,9,-1,386,0,4382
2024/12/06,12:30,4180,0,421,1769,307,189,294,21,242,426,0,108,0,0,-4,407,0,4180
2024/12/06,13:00,4162,0,242,1694,254,188,467,21,228,498,0,184,0,0,-8,394,0,4162
2024/12/06,13:30,4190,0,261,1780,207,188,517,21,215,491,0,279,0,-180,-1,412,0,4190
2024/12/06,14:00,4220,0,447,1830,155,204,397,21,221,356,0,416,0,-85,-2,260,0,4220
2024/12/06,14:30,4232,0,454,1834,179,228,400,21,231,169,0,500,0,0,-1,217,0,4232
2024/12/06,15:00,4348,0,453,1870,223,234,464,21,234,43,0,572,0,9,-5,230,0,4348
2024/12/06,15:30,4518,0,525,1879,261,234,504,21,235,1,0,550,0,63,-4,249,0,4518
2024/12/06,16:00,4536,0,383,1876,276,234,587,21,237,0,0,571,0,62,-4,293,0,4536
2024/12/06,16:30,4612,0,343,1848,234,235,601,21,236,0,0,625,0,92,15,362,0,4612
2024/12/06,17:00,4564,0,328,1843,225,235,632,21,236,0,0,691,0,87,-6,272,0,4564
2024/12/06,17:30,4458,0,304,1802,197,234,641,21,236,0,0,722,0,56,-4,249,0,4458
2024/12/06,18:00,4426,0,299,1815,155,235,601,21,236,0,0,761,0,55,39,209,0,4426
2024/12/06,18:30,4382,0,366,1812,171,234,604,21,236,0,0,799,0,65,-2,76,0,4382
2024/12/06,19:00,4301,0,430,1838,162,235,574,21,236,0,0,855,0,35,-7,-78,0,4301
2024/12/06,19:30,4257,0,430,1845,171,235,548,21,236,0,0,882,0,0,-51,-60,0,4257
2024/12/06,20:00,4219,0,397,1846,151,235,493,21,236,0,0,896,0,0,-19,-37,0,4219
2024/12/06,20:30,4161,0,419,1820,152,235,473,21,236,0,0,874,0,0,-51,-18,0,4161
2024/12/06,21:00,4136,0,417,1740,130,235,431,21,236,0,0,885,0,0,-4,45,0,4136
2024/12/06,21:30,4018,0,387,1688,100,235,422,21,235,0,0,857,0,0,-5,78,0,4018
2024/12/06,22:00,3956,0,400,1611,75,235,396,21,236,0,0,806,0,0,-2,178,0,3956
2024/12/06,22:30,3842,0,382,1598,50,235,397,21,236,0,0,798,0,0,-5,130,0,3842
2024/12/06,23:00,3932,0,340,1612,86,235,379,21,237,0,0,848,0,0,-4,178,0,3932
2024/12/06,23:30,3860,0,311,1532,46,235,353,21,236,0,0,912,0,0,-5,219,0,3860
2024/12/07,00:00,3866,0,383,1583,70,235,325,21,236,0,0,909,0,0,-1,105,0,3866
2024/12/07,00:30,3804,0,364,1607,98,235,312,21,236,0,0,907,0,0,44,-20,0,3804
2024/12/07,01:00,3845,0,442,1609,98,236,311,21,236,0,0,895,0,0,-49,46,0,3845
2024/12/07,01:30,3859,0,386,1613,98,235,310,21,237,0,0,903,0,0,-32,88,0,3859
2024/12/07,02:00,3920,0,388,1609,98,236,326,21,237,0,0,901,0,0,-7,111,0,3920
2024/12/07,02:30,3950,0,384,1597,98,235,338,21,237,0,0,895,0,0,-2,147,0,3950
2024/12/07,03:00,4005,0,353,1588,73,235,366,21,237,0,0,911,0,0,-5,226,0,4005
2024/12/07,03:30,4087,0,377,1613,46,235,373,21,237,0,0,923,0,0,-5,267,0,4087
2024/12/07,04:00,4138,0,498,1577,80,235,381,21,237,0,0,927,0,0,-4,186,0,4138
2024/12/07,04:30,4104,0,586,1499,99,235,387,21,237,0,0,912,0,0,-4,132,0,4104
2024/12/07,05:00,4126,0,594,1569,106,235,420,21,236,0,0,898,0,0,-5,52,0,4126
2024/12/07,05:30,4068,0,508,1582,158,236,445,21,237,0,0,914,0,0,-4,-29,0,4068
2024/12/07,06:00,4042,0,379,1578,158,235,450,21,236,0,0,916,0,75,16,-22,0,4042
2024/12/07,06:30,3948,0,388,1637,97,235,443,21,236,2,0,854,0,39,32,-36,0,3948
2024/12/07,07:00,3882,0,372,1608,92,236,348,21,235,64,0,858,0,0,21,27,0,3882
2024/12/07,07:30,3864,0,357,1603,47,235,318,21,236,207,0,856,0,0,-11,-5,0,3864
2024/12/07,08:00,3907,0,311,1500,49,235,297,21,235,445,0,851,0,0,-51,14,0,3907
2024/12/07,08:30,3949,0,295,1283,49,234,300,21,235,686,0,845,0,0,-50,51,0,3949
2024/12/07,09:00,3946,0,285,1243,49,235,280,21,235,840,0,842,0,0,-2,-82,0,3946
2024/12/07,09:30,3936,0,304,1256,49,223,280,21,234,899,0,852,0,-52,-5,-125,0,3936
2024/12/07,10:00,3964,0,439,1312,49,196,272,21,234,912,0,873,0,-226,-2,-116,0,3964
2024/12/07,10:30,3922,0,341,1380,49,188,272,21,235,946,0,840,0,-230,-4,-116,0,3922
2024/12/07,11:00,3954,0,416,1404,49,189,256,21,235,914,0,777,0,-227,-4,-76,0,3954
2024/12/07,11:30,3990,0,424,1447,49,190,250,21,235,946,0,741,0,-228,-1,-84,0,3990
2024/12/07,12:00,3953,0,235,1405,49,189,249,21,236,922,0,744,0,-226,-1,130,0,3953
2024/12/07,12:30,3931,0,210,1293,49,189,250,21,235,829,0,745,0,-230,-3,343,0,3931
2024/12/07,13:00,3952,0,353,1441,49,190,257,21,224,659,0,727,0,-221,-3,255,0,3952
2024/12/07,13:30,3856,0,350,1481,49,189,262,21,214,524,0,715,0,-210,-2,263,0,3856
2024/12/07,14:00,3865,0,285,1322,49,204,277,21,224,421,0,758,0,-6,-4,314,0,3865
2024/12/07,14:30,3873,0,363,1504,49,230,281,21,235,214,0,721,0,0,-5,260,0,3873
2024/12/07,15:00,3935,0,452,1611,83,233,348,21,236,76,0,669,0,0,-26,232,0,3935
2024/12/07,15:30,4061,0,533,1664,124,234,367,21,236,4,0,607,0,19,-5,257,0,4061
2024/12/07,16:00,4088,0,413,1745,100,234,448,21,236,0,0,575,0,28,-6,294,0,4088
2024/12/07,16:30,4170,0,374,1762,99,234,472,21,236,0,0,596,0,22,-5,359,0,4170
2024/12/07,17:00,4215,0,425,1764,55,233,480,21,236,0,0,586,0,22,-5,398,0,4215
2024/12/07,17:30,4171,0,371,1761,88,234,506,21,236,0,0,598,0,21,-5,340,0,4171
2024/12/07,18:00,4148,0,419,1764,100,234,590,21,237,0,0,558,0,79,-6,152,0,4148
2024/12/07,18:30,4120,0,493,1762,55,233,611,21,235,0,0,565,0,94,-4,55,0,4120
2024/12/07,19:00,4061,0,471,1768,59,232,585,21,236,0,0,533,0,82,-7,81,0,4061
2024/12/07,19:30,4009,0,469,1738,111,234,594,21,236,0,0,508,0,67,-6,37,0,4009
2024/12/07,20:00,4011,0,471,1758,101,235,538,21,236,0,0,517,0,98,-6,42,0,4011
2024/12/07,20:30,3909,0,492,1764,102,235,499,21,236,0,0,499,0,141,-6,-74,0,3909
2024/12/07,21:00,3856,0,554,1763,101,222,466,21,236,0,0,481,0,88,-4,-72,0,3856
2024/12/07,21:30,3758,0,604,1764,131,196,466,21,237,0,0,463,0,20,-4,-140,0,3758
2024/12/07,22:00,3686,0,595,1755,128,189,463,21,236,0,0,443,0,22,-3,-163,0,3686
2024/12/07,22:30,3602,0,555,1742,100,191,443,21,236,0,0,467,0,20,-4,-169,0,3602
2024/12/07,23:00,3735,0,511,1759,98,190,396,21,236,0,0,526,0,19,-4,-17,0,3735
2024/12/07,23:30,3651,0,420,1747,98,190,387,21,236,0,0,587,0,19,-4,-50,0,3651
2024/12/08,00:00,3674,0,473,1719,98,204,314,21,236,0,0,626,0,22,-6,-33,0,3674
2024/12/08,00:30,3616,0,374,1683,98,229,300,21,236,0,0,627,0,20,-5,33,0,3616
2024/12/08,01:00,3667,0,376,1634,98,235,293,21,236,0,0,590,0,24,-6,166,0,3667
2024/12/08,01:30,3725,0,371,1621,98,235,291,21,236,0,0,624,0,22,-5,211,0,3725
2024/12/08,02:00,3755,0,303,1622,84,236,310,21,236,0,0,681,0,22,-5,245,0,3755
2024/12/08,02:30,3837,0,270,1634,46,236,314,21,236,0,0,748,0,19,-18,331,0,3837
2024/12/08,03:00,3890,0,366,1618,46,220,318,21,237,0,0,770,0,0,-3,297,0,3890
2024/12/08,03:30,3934,0,398,1619,46,211,341,21,236,0,0,792,0,0,-4,274,0,3934
2024/12/08,04:00,3978,0,437,1620,55,211,348,21,237,0,0,808,0,0,-1,242,0,3978
2024/12/08,04:30,3958,0,454,1618,74,211,351,21,236,0,0,829,0,0,-1,165,0,3958
2024/12/08,05:00,3935,0,382,1615,52,211,401,21,237,0,0,793,0,0,-6,229,0,3935
2024/12/08,05:30,3867,0,412,1616,46,211,393,21,236,0,0,713,0,0,-6,225,0,3867
2024/12/08,06:00,3859,0,526,1617,79,195,405,21,236,0,0,674,0,6,-6,106,0,3859
2024/12/08,06:30,3761,0,561,1649,104,167,446,21,236,2,0,649,0,18,-5,-87,0,3761
2024/12/08,07:00,3741,0,581,1652,207,139,418,21,236,67,0,640,0,21,-5,-236,0,3741
2024/12/08,07:30,3845,0,570,1653,261,136,356,21,236,238,0,658,0,19,-4,-299,0,3845
2024/12/08,08:00,3874,0,513,1645,128,123,305,21,236,495,0,659,0,13,-5,-259,0,3874
2024/12/08,08:30,3930,0,444,1579,98,97,301,21,236,668,0,682,0,0,-4,-192,0,3930
2024/12/08,09:00,3951,0,405,1509,67,91,296,21,236,826,0,683,0,1,2,-186,0,3951
2024/12/08,09:30,3915,0,383,1462,46,92,283,21,236,889,0,705,0,-167,1,-36,0,3915
2024/12/08,10:00,3921,0,388,1309,46,91,252,21,236,915,0,783,0,-221,1,100,0,3921
2024/12/08,10:30,3865,0,414,1275,46,90,228,21,236,828,0,792,0,-225,-2,162,0,3865
2024/12/08,11:00,3905,0,479,1371,46,91,228,21,236,802,0,722,0,-402,-4,315,0,3905
2024/12/08,11:30,3843,0,397,1432,46,91,232,21,235,755,0,704,0,-462,-3,395,0,3843
2024/12/08,12:00,3787,0,384,1380,46,91,247,21,236,738,0,708,0,-449,-3,388,0,3787
2024/12/08,12:30,3669,0,341,1108,46,91,247,21,237,744,0,692,0,-255,-4,401,0,3669
2024/12/08,13:00,3581,0,301,1173,46,91,250,21,225,643,0,702,0,-230,-1,360,0,3581
2024/12/08,13:30,3525,0,293,1213,46,91,260,21,216,552,0,733,0,-230,-4,334,0,3525
2024/12/08,14:00,3612,0,408,1263,46,91,281,21,224,389,0,825,0,-224,-3,291,0,3612
2024/12/08,14:30,3626,0,458,1318,46,91,286,21,236,192,0,824,0,-34,-4,192,0,3626
2024/12/08,15:00,3746,0,457,1605,78,107,317,21,236,61,0,778,0,0,-49,135,0,3746
2024/12/08,15:30,3882,0,527,1744,121,131,329,21,237,5,0,705,0,14,-7,55,0,3882
2024/12/08,16:00,3926,0,497,1849,99,135,414,21,236,0,0,681,0,21,-8,-19,0,3926
2024/12/08,16:30,4084,0,527,1879,102,135,442,21,236,0,0,681,0,23,-4,42,0,4084
2024/12/08,17:00,4164,0,512,1886,98,136,502,21,237,0,0,667,0,44,-5,66,0,4164
2024/12/08,17:30,4152,0,529,1889,111,136,516,21,236,0,0,685,0,79,-5,-45,0,4152
2024/12/08,18:00,4165,0,515,1885,117,136,558,21,235,0,0,709,0,81,-5,-87,0,4165
2024/12/08,18:30,4121,0,512,1883,98,136,564,21,235,0,0,711,0,81,-5,-115,0,4121
2024/12/08,19:00,4094,0,574,1880,98,137,583,21,236,0,0,674,0,80,-5,-184,0,4094
2024/12/08,19:30,4022,0,563,1880,118,136,574,21,236,0,0,650,0,76,-5,-227,0,4022
2024/12/08,20:00,4003,0,587,1885,142,136,477,21,236,0,0,613,0,78,-7,-165,0,4003
2024/12/08,20:30,3881,0,580,1885,230,137,439,21,236,0,0,546,0,74,-5,-262,0,3881
2024/12/08,21:00,3843,0,584,1884,205,136,416,21,236,0,0,511,0,64,-3,-211,0,3843
2024/12/08,21:30,3745,0,607,1883,158,136,397,21,236,0,0,475,0,21,-4,-185,0,3745
2024/12/08,22:00,3665,0,596,1883,181,138,374,21,236,0,0,446,0,20,-5,-225,0,3665
2024/12/08,22:30,3581,0,545,1863,245,136,372,21,235,0,0,423,0,22,-3,-278,0,3581
2024/12/08,23:00,3687,0,555,1878,182,137,368,21,236,0,0,434,0,22,-4,-142,0,3687
2024/12/08,23:30,3623,0,577,1883,99,136,357,21,236,0,0,419,0,21,-3,-123,0,3623
2024/12/09,00:00,3574,0,491,1882,98,137,316,21,236,0,0,416,0,20,-5,-38,0,3574
2024/12/09,00:30,3522,0,403,1885,88,136,287,21,236,0,0,473,0,19,-5,-21,0,3522
2024/12/09,01:00,3572,0,394,1883,47,137,272,21,236,0,0,483,0,22,-20,97,0,3572
2024/12/09,01:30,3608,0,335,1883,47,136,271,21,236,0,0,503,0,21,-4,159,0,3608
2024/12/09,02:00,3669,0,267,1888,46,137,285,21,236,0,0,595,0,22,-4,176,0,3669
2024/12/09,02:30,3753,0,249,1860,46,137,291,21,236,0,0,643,0,23,-6,253,0,3753
2024/12/09,03:00,3841,0,335,1841,84,137,292,21,236,0,0,715,0,1,-5,184,0,3841
2024/12/09,03:30,3867,0,317,1823,98,137,310,21,236,0,0,756,0,0,-3,172,0,3867
2024/12/09,04:00,3951,0,327,1805,71,137,323,21,236,0,0,839,0,0,-4,196,0,3951
2024/12/09,04:30,3977,0,331,1841,51,136,339,21,237,0,0,840,0,0,-4,185,0,3977
2024/12/09,05:00,3996,0,317,1853,96,136,408,21,237,0,0,844,0,0,-4,88,0,3996
2024/12/09,05:30,3990,0,346,1812,98,136,472,21,236,0,0,847,0,0,-5,27,0,3990
2024/12/09,06:00,4086,0,458,1878,100,136,526,21,237,0,0,802,0,96,-4,-164,0,4086
2024/12/09,06:30,4082,0,568,1889,131,136,532,21,237,1,0,717,0,190,-5,-335,0,4082
2024/12/09,07:00,4126,0,559,1880,188,136,512,21,237,44,0,703,0,194,-3,-345,0,4126
2024/12/09,07:30,4228,0,525,1870,273,136,505,21,236,172,0,709,0,121,-5,-335,0,4228
2024/12/09,08:00,4406,0,537,1870,259,136,361,21,236,354,0,721,0,58,-3,-144,0,4406
2024/12/09,08:30,4554,0,512,1826,121,135,333,21,235,510,0,751,0,25,-4,89,0,4554
2024/12/09,09:00,4730,0,495,1745,104,135,277,21,235,626,0,768,0,0,-4,328,0,4730
2024/12/09,09:30,4734,0,472,1720,104,121,247,21,235,704,0,753,0,0,-5,362,0,4734
2024/12/09,10:00,4706,0,417,1691,104,96,235,21,236,747,0,764,0,0,-5,400,0,4706
2024/12/09,10:30,4614,0,371,1605,96,88,235,21,236,770,0,754,0,0,-4,442,0,4614
2024/12/09,11:00,4577,0,373,1573,52,89,234,21,237,828,0,740,0,0,-5,435,0,4577
2024/12/09,11:30,4485,0,364,1516,52,89,216,21,235,824,0,738,0,-1,-3,434,0,4485
2024/12/09,12:00,4350,0,414,1603,52,90,223,21,235,768,0,730,0,-206,-3,423,0,4350
2024/12/09,12:30,4268,0,388,1570,52,89,223,21,236,697,0,749,0,-171,-2,416,0,4268
2024/12/09,13:00,4435,0,380,1584,52,89,233,21,226,676,0,756,0,1,-3,420,0,4435
2024/12/09,13:30,4421,0,395,1647,52,89,242,21,213,573,0,788,0,0,-4,405,0,4421
2024/12/09,14:00,4471,0,404,1652,78,105,315,21,224,408,0,848,0,0,-3,419,0,4471
2024/12/09,14:30,4441,0,503,1653,109,130,357,21,234,190,0,827,0,0,-4,421,0,4441
2024/12/09,15:00,4476,0,532,1656,160,135,445,21,235,65,0,781,0,24,-3,425,0,4476
2024/12/09,15:30,4568,0,542,1656,170,135,594,21,236,4,0,717,0,58,-4,439,0,4568
2024/12/09,16:00,4574,0,543,1649,126,136,631,21,236,0,0,704,0,96,-3,435,0,4574
2024/12/09,16:30,4592,0,528,1652,112,135,649,21,236,1,0,725,0,97,-1,437,0,4592
2024/12/09,17:00,4511,0,447,1653,81,136,658,21,237,0,0,767,0,89,-3,425,0,4511
2024/12/09,17:30,4437,0,458,1647,49,135,616,21,237,0,0,786,0,65,-5,428,0,4437
2024/12/09,18:00,4411,0,437,1637,50,136,621,21,237,0,0,793,0,65,-5,419,0,4411
2024/12/09,18:30,4383,0,466,1612,50,136,603,21,238,0,0,802,0,45,-5,415,0,4383
2024/12/09,19:00,4272,0,453,1613,50,136,577,21,238,0,0,837,0,0,-5,352,0,4272
2024/12/09,19:30,4202,0,449,1608,82,136,518,21,237,0,0,799,0,0,-6,358,0,4202
2024/12/09,20:00,4141,0,442,1604,118,136,458,21,237,0,0,759,0,1,-6,371,0,4141
2024/12/09,20:30,4007,0,458,1590,135,136,413,21,236,0,0,732,0,0,-42,328,0,4007
2024/12/09,21:00,3988,0,478,1613,113,123,384,21,238,0,0,706,0,0,-4,316,0,3988
2024/12/09,21:30,3854,0,485,1616,125,98,378,21,238,0,0,701,0,0,-6,198,0,3854
2024/12/09,22:00,3770,0,439,1617,97,89,372,21,238,0,0,708,0,0,-3,192,0,3770
2024/12/09,22:30,3684,0,453,1602,143,92,321,21,238,0,0,695,0,0,-4,123,0,3684
2024/12/09,23:00,3808,0,434,1612,129,91,315,21,238,0,0,743,0,0,-4,229,0,3808
2024/12/09,23:30,3742,0,357,1635,97,91,311,21,238,0,0,763,0,0,-3,232,0,3742
2024/12/10,00:00,3710,0,298,1617,97,91,327,21,239,0,0,720,0,0,-5,305,0,3710
2024/12/10,00:30,3648,0,307,1612,54,91,324,21,238,0,0,726,0,0,-26,301,0,3648
2024/12/10,01:00,3756,0,323,1611,51,91,323,21,239,0,0,727,0,0,-6,376,0,3756
2024/12/10,01:30,3800,0,368,1614,78,91,319,21,239,0,0,723,0,0,-5,352,0,3800
2024/12/10,02:00,3832,0,300,1618,117,107,330,21,239,0,0,736,0,0,-5,369,0,3832
2024/12/10,02:30,3898,0,298,1653,120,131,335,21,239,0,0,708,0,0,2,391,0,3898
2024/12/10,03:00,3966,0,329,1673,136,136,338,21,238,0,0,714,0,0,-4,385,0,3966
2024/12/10,03:30,4004,0,357,1688,144,136,339,21,238,0,0,710,0,0,-3,374,0,4004
2024/12/10,04:00,4061,0,314,1741,173,136,387,21,238,0,0,647,0,0,-3,407,0,4061
2024/12/10,04:30,4023,0,225,1757,253,137,402,21,239,0,0,605,0,0,-3,387,0,4023
2024/12/10,05:00,4063,0,328,1777,249,136,425,21,238,0,0,582,0,0,-3,310,0,4063
2024/12/10,05:30,4053,0,343,1802,202,136,459,21,238,0,0,546,0,0,-4,310,0,4053
2024/12/10,06:00,4147,0,455,1869,111,136,461,21,238,0,0,506,0,0,-4,354,0,4147
2024/12/10,06:30,4145,0,402,1890,108,136,521,21,238,1,0,482,0,29,-5,322,0,4145
2024/12/10,07:00,4100,0,364,1864,78,136,522,21,238,59,0,472,0,30,-4,320,0,4100
2024/12/10,07:30,4156,0,345,1889,62,136,446,21,237,250,0,453,0,0,-5,322,0,4156
2024/12/10,08:00,4235,0,296,1830,111,135,427,21,237,521,0,432,0,0,-5,230,0,4235
2024/12/10,08:30,4329,0,261,1636,113,135,420,21,235,786,0,424,0,0,-3,301,0,4329
2024/12/10,09:00,4348,0,273,1625,115,135,311,21,238,982,0,439,0,0,-4,213,0,4348
2024/12/10,09:30,4330,0,273,1690,85,121,264,21,237,1141,0,448,0,0,-4,54,0,4330
2024/12/10,10:00,4252,0,264,1734,63,96,255,21,237,1189,0,420,0,0,-6,-21,0,4252
2024/12/10,10:30,4206,0,279,1722,62,88,259,21,237,1218,0,407,0,0,-3,-84,0,4206
2024/12/10,11:00,4199,0,283,1662,62,89,250,21,238,1265,0,397,0,0,-3,-65,0,4199
2024/12/10,11:30,4043,0,260,1415,62,89,253,21,238,1270,0,391,0,0,-3,47,0,4043
2024/12/10,12:00,3827,0,266,1178,62,90,257,21,238,1235,0,398,0,-137,-2,221,0,3827
2024/12/10,12:30,3743,0,268,1212,63,89,258,21,238,1108,0,390,0,-208,-2,306,0,3743
2024/12/10,13:00,3873,0,290,1358,62,89,275,21,226,979,0,386,0,-78,-4,269,0,3873
2024/12/10,13:30,3873,0,257,1550,63,89,286,21,217,791,0,422,0,0,-2,179,0,3873
2024/12/10,14:00,3978,0,315,1733,62,105,347,21,232,557,0,465,0,0,-1,142,0,3978
2024/12/10,14:30,4032,0,453,1870,66,129,377,21,238,245,0,425,0,0,-4,212,0,4032
2024/12/10,15:00,4122,0,491,1894,112,134,459,21,237,72,0,389,0,22,-5,296,0,4122
2024/12/10,15:30,4296,0,418,1895,115,134,560,21,238,2,0,357,0,156,-5,405,0,4296
2024/12/10,16:00,4342,0,454,1891,116,134,601,21,238,0,0,365,0,177,20,325,0,4342
2024/12/10,16:30,4404,0,499,1889,165,135,609,21,239,0,0,369,0,174,42,262,0,4404
2024/12/10,17:00,4349,0,538,1891,188,136,619,21,239,0,0,355,0,190,-1,173,0,4349
2024/12/10,17:30,4283,0,529,1893,147,136,622,21,239,0,0,371,0,188,-6,143,0,4283
2024/12/10,18:00,4268,0,545,1895,136,136,641,21,239,0,0,392,0,117,-5,151,0,4268
2024/12/10,18:30,4204,0,472,1896,115,135,613,21,239,0,0,401,0,119,-5,198,0,4204
2024/12/10,19:00,4127,0,478,1888,116,135,584,21,239,0,0,370,0,84,-6,218,0,4127
2024/12/10,19:30,4063,0,522,1884,131,136,575,21,239,0,0,330,0,80,-28,173,0,4063
2024/12/10,20:00,4032,0,559,1884,153,136,526,21,239,0,0,340,0,120,-51,105,0,4032
2024/12/10,20:30,3918,0,515,1868,176,136,521,21,239,0,0,325,0,79,-49,87,0,3918
2024/12/10,21:00,3888,0,520,1876,176,123,431,21,239,0,0,320,0,20,-5,167,0,3888
2024/12/10,21:30,3758,0,504,1871,129,97,416,21,239,0,0,318,0,20,-3,146,0,3758
2024/12/10,22:00,3684,0,456,1809,109,90,415,21,239,0,0,307,0,21,-4,221,0,3684
2024/12/10,22:30,3638,0,463,1694,168,91,369,21,238,0,0,327,0,26,-4,245,0,3638
2024/12/10,23:00,3769,0,510,1667,177,90,350,21,238,0,0,365,0,22,-2,331,0,3769
2024/12/10,23:30,3705,0,482,1643,120,87,339,21,238,0,0,407,0,16,-4,356,0,3705
2024/12/11,00:00,3683,0,456,1632,109,86,341,21,239,0,0,465,0,20,-31,345,0,3683
2024/12/11,00:30,3645,0,383,1598,122,85,339,21,238,0,0,444,0,8,35,372,0,3645
2024/12/11,01:00,3731,0,476,1605,196,87,335,21,238,0,0,422,0,0,-43,394,0,3731
2024/12/11,01:30,3775,0,471,1606,190,87,334,21,239,0,0,432,0,0,-4,399,0,3775
2024/12/11,02:00,3803,0,469,1610,220,103,339,21,239,0,0,414,0,0,-5,393,0,3803
2024/12/11,02:30,3867,0,465,1610,224,128,361,21,239,0,0,424,0,0,3,392,0,3867
2024/12/11,03:00,3945,0,501,1632,201,132,368,21,239,0,0,454,0,0,-1,398,0,3945
2024/12/11,03:30,3987,0,480,1645,247,132,370,21,220,0,0,467,0,3,-4,406,0,3987
2024/12/11,04:00,4077,0,542,1647,158,134,445,21,226,0,0,480,0,21,-4,407,0,4077
2024/12/11,04:30,4113,0,538,1645,118,136,455,21,232,0,0,539,0,21,-4,412,0,4113
2024/12/11,05:00,4130,0,505,1651,132,138,447,21,238,0,0,571,0,14,-3,416,0,4130
2024/12/11,05:30,4066,0,483,1648,134,137,438,21,239,0,0,562,0,0,-5,409,0,4066
2024/12/11,06:00,4151,0,522,1649,128,136,459,21,239,0,0,578,0,0,-2,421,0,4151
2024/12/11,06:30,4141,0,433,1650,134,137,556,21,239,1,0,558,0,0,-3,415,0,4141
2024/12/11,07:00,4155,0,392,1651,158,136,542,21,238,47,0,545,0,0,-2,427,0,4155
2024/12/11,07:30,4331,0,458,1644,161,136,521,21,238,182,0,569,0,0,-5,406,0,4331
2024/12/11,08:00,4601,0,517,1647,280,135,457,21,238,347,0,583,0,0,-4,380,0,4601
2024/12/11,08:30,4833,0,510,1644,445,135,390,21,239,405,0,614,0,14,-4,420,0,4833
2024/12/11,09:00,4791,0,445,1641,474,136,309,21,238,472,0,606,0,16,-4,437,0,4791
2024/12/11,09:30,4683,0,332,1633,424,122,296,21,238,560,0,610,0,15,-4,436,0,4683
2024/12/11,10:00,4565,0,338,1533,405,97,256,21,238,717,0,576,0,-25,-5,414,0,4565
2024/12/11,10:30,4605,0,362,1638,398,88,255,21,238,849,0,566,0,-224,-4,418,0,4605
2024/12/11,11:00,4611,0,354,1609,396,90,254,21,237,877,0,554,0,-214,-5,438,0,4611
2024/12/11,11:30,4543,0,377,1609,398,89,255,21,238,795,0,552,0,-223,-5,437,0,4543
2024/12/11,12:00,4408,0,344,1544,398,89,257,21,239,764,0,558,0,-222,-3,419,0,4408
2024/12/11,12:30,4282,0,289,1533,397,89,259,21,238,690,0,580,0,-225,-4,415,0,4282
2024/12/11,13:00,4406,0,356,1674,397,89,267,21,225,605,0,576,0,-229,-4,429,0,4406
2024/12/11,13:30,4400,0,332,1747,396,89,274,21,217,506,0,637,0,-229,-3,413,0,4400
2024/12/11,14:00,4438,0,299,1767,396,106,282,21,224,414,0,740,0,-228,-3,420,0,4438
2024/12/11,14:30,4516,0,378,1807,396,131,286,21,238,221,0,718,0,-113,-4,437,0,4516
2024/12/11,15:00,4663,0,526,1871,440,134,372,21,238,77,0,671,0,17,-39,335,0,4663
2024/12/11,15:30,4799,0,442,1876,469,135,534,21,238,6,0,594,0,80,-6,410,0,4799
2024/12/11,16:00,4759,0,427,1875,468,135,589,21,238,0,0,566,0,19,-4,425,0,4759
2024/12/11,16:30,4773,0,410,1876,460,135,608,21,238,0,0,571,0,20,0,434,0,4773
2024/12/11,17:00,4733,0,471,1887,302,136,569,21,238,0,0,576,0,102,-5,436,0,4733
2024/12/11,17:30,4677,0,528,1890,160,136,572,21,238,0,0,584,0,117,-5,436,0,4677
2024/12/11,18:00,4661,0,546,1887,152,136,588,21,239,0,0,580,0,112,-6,406,0,4661
2024/12/11,18:30,4625,0,559,1882,123,136,597,21,238,0,0,547,0,124,-5,403,0,4625
2024/12/11,19:00,4512,0,564,1880,136,136,578,21,238,0,0,514,0,110,-6,341,0,4512
2024/12/11,19:30,4428,0,546,1879,129,135,589,21,238,0,0,494,0,108,-6,295,0,4428
2024/12/11,20:00,4421,0,577,1881,138,136,543,21,237,0,0,540,0,113,-6,241,0,4421
2024/12/11,20:30,4303,0,567,1881,144,135,535,21,238,0,0,542,0,115,-6,131,0,4303
2024/12/11,21:00,4306,0,585,1877,123,136,461,21,238,0,0,555,0,119,-4,195,0,4306
2024/12/11,21:30,4238,0,577,1876,115,136,458,21,238,0,0,605,0,99,-6,119,0,4238
2024/12/11,22:00,4166,0,575,1876,110,123,452,21,239,0,0,599,0,21,-5,155,0,4166
2024/12/11,22:30,4074,0,463,1827,120,98,457,21,238,0,0,598,0,20,-7,239,0,4074
2024/12/11,23:00,4181,0,389,1706,117,89,611,21,238,0,0,644,0,4,-7,369,0,4181
2024/12/11,23:30,4121,0,376,1534,109,91,630,21,239,0,0,736,0,3,-5,387,0,4121
2024/12/12,00:00,4106,0,466,1627,113,91,400,21,239,0,0,779,0,23,43,304,0,4106
2024/12/12,00:30,4004,0,445,1679,115,91,360,21,238,0,0,800,0,0,-6,261,0,4004
2024/12/12,01:00,4062,0,376,1602,151,91,357,21,239,0,0,881,0,0,-50,394,0,4062
2024/12/12,01:30,4172,0,407,1607,158,91,357,21,239,0,0,909,0,0,-19,402,0,4172
2024/12/12,02:00,4237,0,443,1605,157,106,358,21,239,0,0,906,0,0,-4,406,0,4237
2024/12/12,02:30,4301,0,442,1621,158,131,385,21,239,0,0,900,0,0,2,402,0,4301
2024/12/12,03:00,4348,0,424,1650,158,136,403,21,239,0,0,902,0,0,-2,417,0,4348
2024/12/12,03:30,4406,0,467,1653,161,136,404,21,239,0,0,898,0,0,-3,430,0,4406
2024/12/12,04:00,4443,0,508,1646,215,136,384,21,239,0,0,870,0,0,-3,427,0,4443
2024/12/12,04:30,4429,0,491,1648,215,136,403,21,239,0,0,854,0,0,-3,425,0,4429
2024/12/12,05:00,4515,0,530,1646,251,136,405,21,239,0,0,852,0,0,-3,438,0,4515
2024/12/12,05:30,4505,0,481,1646,267,136,465,21,239,0,0,837,0,0,-4,417,0,4505
2024/12/12,06:00,4591,0,528,1645,280,136,480,21,239,0,0,832,0,0,-4,434,0,4591
2024/12/12,06:30,4549,0,524,1644,289,137,506,21,238,1,0,766,0,0,-3,426,0,4549
2024/12/12,07:00,4570,0,522,1651,276,136,503,21,239,53,0,742,0,0,-5,432,0,4570
2024/12/12,07:30,4556,0,458,1649,211,136,492,21,239,196,0,737,0,0,-5,422,0,4556
2024/12/12,08:00,4612,0,366,1623,161,135,522,21,238,395,0,710,0,0,-3,444,0,4612
2024/12/12,08:30,4676,0,292,1483,105,135,639,21,238,596,0,730,0,0,-4,441,0,4676
2024/12/12,09:00,4701,0,271,1489,65,135,625,21,238,754,0,727,0,0,-4,380,0,4701
2024/12/12,09:30,4607,0,402,1560,93,120,424,21,238,863,0,715,0,8,0,163,0,4607
2024/12/12,10:00,4561,0,527,1591,123,94,313,21,238,945,0,706,0,0,-4,7,0,4561
2024/12/12,10:30,4531,0,558,1599,168,88,265,21,237,967,0,708,0,0,-4,-76,0,4531
2024/12/12,11:00,4533,0,560,1636,116,89,250,21,238,924,0,653,0,0,-4,50,0,4533
2024/12/12,11:30,4469,0,543,1640,117,88,242,21,237,893,0,614,0,0,-3,77,0,4469
2024/12/12,12:00,4298,0,463,1687,117,89,255,21,238,823,0,621,0,-41,-6,31,0,4298
2024/12/12,12:30,4244,0,432,1703,116,90,254,21,237,778,0,626,0,-215,-2,204,0,4244
2024/12/12,13:00,4319,0,520,1771,116,89,261,21,224,622,0,633,0,-214,-4,280,0,4319
2024/12/12,13:30,4359,0,536,1805,122,89,244,21,217,529,0,601,0,-49,-4,248,0,4359
2024/12/12,14:00,4389,0,505,1844,119,105,281,21,233,392,0,631,0,0,-4,262,0,4389
2024/12/12,14:30,4427,0,451,1870,150,130,364,21,238,208,0,642,0,0,-4,357,0,4427
2024/12/12,15:00,4546,0,397,1882,173,134,505,21,237,81,0,684,0,19,-6,419,0,4546
2024/12/12,15:30,4684,0,446,1835,244,135,654,21,237,9,0,640,0,80,-43,426,0,4684
2024/12/12,16:00,4665,0,407,1812,329,136,617,21,238,0,0,642,0,193,22,248,0,4665
2024/12/12,16:30,4751,0,537,1844,356,135,622,21,238,0,0,675,0,192,-6,137,0,4751
2024/12/12,17:00,4742,0,553,1839,363,136,594,21,237,0,0,702,0,261,-7,43,0,4742
2024/12/12,17:30,4700,0,521,1836,352,136,627,21,236,0,0,737,0,259,-6,-19,0,4700
2024/12/12,18:00,4680,0,548,1836,377,136,625,21,235,0,0,747,0,157,-7,5,0,4680
2024/12/12,18:30,4630,0,460,1836,351,136,638,21,237,0,0,755,0,155,-6,47,0,4630
2024/12/12,19:00,4535,0,496,1838,355,136,622,21,238,0,0,700,0,112,-4,21,0,4535
2024/12/12,19:30,4459,0,553,1840,372,135,555,21,238,0,0,672,0,59,-5,19,0,4459
2024/12/12,20:00,4423,0,565,1858,401,136,519,21,238,0,0,646,0,35,-6,10,0,4423
2024/12/12,20:30,4319,0,565,1872,368,136,473,21,238,0,0,638,0,21,-27,14,0,4319
2024/12/12,21:00,4304,0,561,1874,404,136,456,21,237,0,0,610,0,1,-5,9,0,4304
2024/12/12,21:30,4160,0,549,1875,401,136,421,21,238,0,0,570,0,0,-6,-45,0,4160
2024/12/12,22:00,4056,0,482,1874,349,136,371,21,238,0,0,595,0,0,-5,-5,0,4056
2024/12/12,22:30,3930,0,430,1861,350,123,362,21,237,0,0,579,0,0,-6,-27,0,3930
2024/12/12,23:00,4025,0,429,1871,350,97,352,21,238,0,0,575,0,0,-6,98,0,4025
2024/12/12,23:30,3925,0,384,1875,349,90,325,21,238,0,0,540,0,0,-4,107,0,3925
2024/12/13,00:00,3907,0,377,1848,321,91,336,21,238,0,0,519,0,0,39,117,0,3907
2024/12/13,00:30,3877,0,515,1788,274,90,336,21,238,0,0,472,0,0,-6,149,0,3877
2024/12/13,01:00,3945,0,540,1758,348,91,338,21,238,0,0,458,0,0,-50,203,0,3945
2024/12/13,01:30,4005,0,488,1734,328,91,337,21,238,0,0,463,0,0,-16,321,0,4005
2024/12/13,02:00,4061,0,459,1715,350,91,321,21,239,0,0,467,0,0,-5,403,0,4061
2024/12/13,02:30,4133,0,523,1691,350,91,325,21,238,0,0,470,0,0,-9,433,0,4133
2024/12/13,03:00,4215,0,548,1695,410,91,312,21,238,0,0,490,0,0,-3,413,0,4215
2024/12/13,03:30,4269,0,528,1699,431,106,307,21,238,0,0,525,0,0,-5,419,0,4269
2024/12/13,04:00,4310,0,527,1711,413,131,324,21,238,0,0,526,0,0,-2,421,0,4310
2024/12/13,04:30,4302,0,492,1727,357,136,367,21,238,0,0,548,0,0,-3,419,0,4302
2024/12/13,05:00,4338,0,528,1746,340,136,372,21,238,0,0,547,0,0,-3,413,0,4338
2024/12/13,05:30,4280,0,498,1764,288,136,384,21,238,0,0,532,0,13,-5,411,0,4280
2024/12/13,06:00,4363,0,462,1766,308,136,467,21,238,0,0,487,0,97,-3,384,0,4363
2024/12/13,06:30,4379,0,571,1765,317,136,479,21,238,1,0,421,0,54,-3,379,0,4379
2024/12/13,07:00,4365,0,570,1762,328,137,454,21,238,41,0,396,0,0,-3,421,0,4365
2024/12/13,07:30,4467,0,592,1759,383,136,401,21,238,196,0,386,0,0,-5,360,0,4467
2024/12/13,08:00,4588,0,513,1764,303,136,389,21,237,419,0,387,0,0,-3,422,0,4588
2024/12/13,08:30,4682,0,560,1764,321,122,376,21,237,562,0,389,0,0,-4,334,0,4682
2024/12/13,09:00,4725,0,551,1763,308,95,348,21,237,736,0,365,0,0,-3,304,0,4725
2024/12/13,09:30,4685,0,537,1762,362,88,295,21,238,854,0,352,0,0,-7,183,0,4685
2024/12/13,10:00,4606,0,418,1758,256,89,259,21,237,1001,0,353,0,0,-6,220,0,4606
2024/12/13,10:30,4610,0,432,1784,164,88,253,21,237,1046,0,359,0,0,-3,229,0,4610
2024/12/13,11:00,4684,0,563,1796,192,89,233,21,238,985,0,353,0,0,-4,218,0,4684
2024/12/13,11:30,4646,0,443,1793,236,89,229,21,237,951,0,349,0,0,-3,301,0,4646
2024/12/13,12:00,4478,0,391,1725,169,90,230,21,238,889,0,366,0,0,-4,363,0,4478
2024/12/13,12:30,4440,0,387,1698,168,89,231,21,237,839,0,372,0,0,-4,402,0,4440
2024/12/13,13:00,4547,0,426,1810,167,89,252,21,229,713,0,404,0,0,-2,438,0,4547
2024/12/13,13:30,4565,0,572,1881,273,103,272,21,217,520,0,345,0,0,-3,364,0,4565
2024/12/13,14:00,4592,0,565,1884,405,128,299,21,221,405,0,361,0,0,-4,307,0,4592
2024/12/13,14:30,4606,0,554,1885,389,134,349,21,235,196,0,400,0,81,-6,368,0,4606
2024/12/13,15:00,4614,0,569,1880,395,135,407,21,238,51,0,385,0,150,-45,428,0,4614
2024/12/13,15:30,4748,0,541,1866,420,135,530,21,238,1,0,357,0,254,-6,391,0,4748
2024/12/13,16:00,4725,0,513,1874,419,136,647,21,238,0,0,381,0,225,-4,275,0,4725
2024/12/13,16:30,4743,0,525,1880,397,136,677,21,238,1,0,405,0,225,-5,243,0,4743
2024/12/13,17:00,4702,0,538,1879,421,136,697,21,239,0,0,400,0,231,-6,146,0,4702
2024/12/13,17:30,4588,0,511,1877,373,136,717,21,238,0,0,414,0,196,-5,110,0,4588
2024/12/13,18:00,4561,0,517,1886,420,135,722,21,238,0,0,449,0,278,-3,-102,0,4561
2024/12/13,18:30,4499,0,533,1885,407,136,667,21,238,0,0,482,0,284,-1,-153,0,4499
2024/12/13,19:00,4440,0,524,1885,472,136,648,21,238,0,0,504,0,283,-5,-266,0,4440
2024/12/13,19:30,4354,0,510,1874,407,136,643,21,238,0,0,542,0,282,-7,-292,0,4354
2024/12/13,20:00,4314,0,553,1878,422,136,568,21,238,0,0,574,0,164,-5,-235,0,4314
2024/12/13,20:30,4220,0,573,1876,451,137,507,21,238,0,0,582,0,107,-6,-266,0,4220
2024/12/13,21:00,4193,0,574,1875,468,137,472,21,238,0,0,559,0,76,-3,-224,0,4193
2024/12/13,21:30,4087,0,606,1879,366,135,464,21,238,0,0,539,0,81,-4,-238,0,4087
2024/12/13,22:00,3995,0,582,1877,356,137,448,21,238,0,0,512,0,83,-4,-255,0,3995
2024/12/13,22:30,3895,0,508,1865,350,138,437,21,238,0,0,503,0,82,-2,-245,0,3895
2024/12/13,23:00,4011,0,557,1882,359,137,363,21,238,0,0,471,0,76,-3,-90,0,4011
2024/12/13,23:30,3935,0,514,1884,353,137,333,21,237,0,0,454,0,22,-5,-15,0,3935
2024/12/14,00:00,3914,0,524,1883,349,139,282,21,238,0,0,443,0,26,-3,12,0,3914
2024/12/14,00:30,3876,0,513,1884,349,138,279,21,238,0,0,432,0,20,44,-42,0,3876
2024/12/14,01:00,3928,0,469,1873,351,138,279,21,238,0,0,418,0,22,39,80,0,3928
2024/12/14,01:30,3958,0,441,1882,349,138,293,21,238,0,0,444,0,1,-6,157,0,3958
2024/12/14,02:00,4006,0,418,1884,349,138,307,21,238,0,0,439,0,0,-5,217,0,4006
2024/12/14,02:30,4084,0,514,1883,352,138,312,21,238,0,0,403,0,0,-16,239,0,4084
2024/12/14,03:00,4135,0,525,1884,395,138,323,21,237,0,0,392,0,0,-6,226,0,4135
2024/12/14,03:30,4207,0,539,1886,416,138,319,21,238,0,0,385,0,0,-5,270,0,4207
2024/12/14,04:00,4295,0,533,1881,377,138,337,21,238,0,0,398,0,0,-5,377,0,4295
2024/12/14,04:30,4309,0,546,1881,382,138,339,21,238,0,0,386,0,11,-5,372,0,4309
2024/12/14,05:00,4309,0,576,1884,359,138,330,21,238,0,0,366,0,23,-5,379,0,4309
2024/12/14,05:30,4241,0,462,1886,349,138,368,21,237,0,0,374,0,20,-5,391,0,4241
2024/12/14,06:00,4243,0,448,1892,349,138,384,21,238,0,0,379,0,23,-2,373,0,4243
2024/12/14,06:30,4165,0,495,1891,350,138,392,21,237,1,0,379,0,20,-4,245,0,4165
2024/12/14,07:00,4110,0,460,1883,349,138,390,21,237,38,0,366,0,23,-5,210,0,4110
2024/12/14,07:30,4184,0,485,1881,306,138,389,21,238,199,0,351,0,22,-4,158,0,4184
2024/12/14,08:00,4264,0,622,1888,279,124,308,21,237,387,0,350,0,27,1,20,0,4264
2024/12/14,08:30,4318,0,598,1883,205,99,332,21,237,549,0,375,0,27,1,-9,0,4318
2024/12/14,09:00,4332,0,441,1833,135,90,323,21,237,699,0,413,0,15,-3,128,0,4332
2024/12/14,09:30,4304,0,324,1774,115,92,263,21,237,794,0,425,0,0,-4,263,0,4304
2024/12/14,10:00,4219,0,249,1654,101,92,265,21,237,791,0,463,0,0,-7,353,0,4219
2024/12/14,10:30,4213,0,371,1570,62,91,264,21,237,819,0,448,0,0,-41,371,0,4213
2024/12/14,11:00,4304,0,391,1553,62,92,249,21,237,896,0,439,0,0,-50,414,0,4304
2024/12/14,11:30,4172,0,327,1480,62,89,233,21,238,889,0,485,0,0,-50,398,0,4172
2024/12/14,12:00,3953,0,258,1353,62,92,228,21,238,792,0,525,0,0,-3,387,0,3953
2024/12/14,12:30,3805,0,231,1305,62,93,227,20,238,748,0,518,0,0,-3,366,0,3805
2024/12/14,13:00,3836,0,252,1416,59,93,229,20,232,721,0,547,0,0,-2,269,0,3836
2024/12/14,13:30,3780,0,296,1665,59,92,233,21,217,563,0,522,0,0,-4,116,0,3780
2024/12/14,14:00,3835,0,402,1775,59,92,233,21,221,424,0,541,0,0,-4,71,0,3835
2024/12/14,14:30,3877,0,590,1818,96,106,241,21,235,199,0,510,0,9,-2,54,0,3877
2024/12/14,15:00,3972,0,599,1846,263,132,261,21,238,60,0,491,0,6,-6,61,0,3972
2024/12/14,15:30,4118,0,565,1847,244,137,346,21,238,2,0,528,0,0,-5,195,0,4118
2024/12/14,16:00,4149,0,489,1850,281,137,452,21,238,0,0,522,0,0,-5,164,0,4149
2024/12/14,16:30,4283,0,450,1854,347,137,543,21,238,1,0,553,0,0,-5,144,0,4283
2024/12/14,17:00,4323,0,406,1849,349,139,608,21,238,0,0,597,0,0,-6,122,0,4323
2024/12/14,17:30,4309,0,454,1851,350,138,631,21,238,0,0,606,0,34,-3,-11,0,4309
2024/12/14,18:00,4330,0,492,1877,349,138,634,21,238,0,0,661,0,82,40,-202,0,4330
2024/12/14,18:30,4298,0,475,1887,350,137,623,21,238,0,0,709,0,82,27,-251,0,4298
2024/12/14,19:00,4243,0,510,1886,350,137,599,21,239,0,0,766,0,58,-5,-318,0,4243
2024/12/14,19:30,4201,0,533,1886,355,137,582,21,238,0,0,743,0,72,-4,-362,0,4201
2024/12/14,20:00,4232,0,542,1889,422,137,573,21,238,0,0,719,0,61,-3,-367,0,4232
2024/12/14,20:30,4130,0,550,1874,375,137,548,21,239,0,0,737,0,0,-5,-346,0,4130
2024/12/14,21:00,4110,0,586,1847,406,138,439,21,238,0,0,707,0,0,-2,-270,0,4110
2024/12/14,21:30,4034,0,584,1849,429,138,364,21,238,0,0,702,0,0,-5,-286,0,4034
2024/12/14,22:00,3910,0,566,1849,355,138,331,21,238,0,0,617,0,0,-5,-200,0,3910
2024/12/14,22:30,3784,0,417,1821,350,138,313,21,237,0,0,621,0,0,-6,-128,0,3784
2024/12/14,23:00,3953,0,518,1847,361,138,303,21,238,0,0,628,0,0,-5,-96,0,3953
2024/12/14,23:30,3925,0,538,1846,429,138,297,21,238,0,0,610,0,0,-7,-185,0,3925
2024/12/15,00:00,3998,0,587,1859,477,138,283,21,238,0,0,610,0,15,-5,-225,0,3998
2024/12/15,00:30,3954,0,577,1883,498,138,271,21,238,0,0,554,0,19,-5,-240,0,3954
2024/12/15,01:00,3998,0,531,1885,441,138,266,21,238,0,0,531,0,20,-5,-68,0,3998
2024/12/15,01:30,4050,0,534,1885,423,138,267,21,238,0,0,463,0,2,-5,84,0,4050
2024/12/15,02:00,4152,0,526,1886,436,138,291,21,238,0,0,466,0,0,-4,154,0,4152
2024/12/15,02:30,4242,0,534,1884,441,138,295,21,238,0,0,463,0,5,-4,227,0,4242
2024/12/15,03:00,4252,0,536,1889,397,138,296,21,238,0,0,439,0,19,-7,286,0,4252
2024/12/15,03:30,4292,0,558,1888,422,138,295,21,238,0,0,418,0,30,-6,290,0,4292
2024/12/15,04:00,4293,0,557,1891,426,138,310,21,238,0,0,410,0,78,-6,230,0,4293
2024/12/15,04:30,4273,0,574,1888,433,138,325,21,238,0,0,355,0,107,-5,199,0,4273
2024/12/15,05:00,4246,0,588,1886,434,138,360,21,239,0,0,329,0,91,-6,166,0,4246
2024/12/15,05:30,4182,0,568,1846,482,138,394,21,238,0,0,313,0,81,-6,107,0,4182
2024/12/15,06:00,4132,0,578,1796,361,138,411,21,238,0,0,305,0,110,-5,179,0,4132
2024/12/15,06:30,4010,0,563,1773,244,137,422,21,238,1,0,278,0,23,-4,314,0,4010
2024/12/15,07:00,3882,0,547,1768,187,137,423,21,237,38,0,239,0,0,-3,288,0,3882
2024/12/15,07:30,3892,0,561,1767,263,138,335,21,238,216,0,226,0,1,-4,130,0,3892
2024/12/15,08:00,3901,0,618,1766,232,139,286,21,238,421,0,224,0,20,-6,-58,0,3901
2024/12/15,08:30,3923,0,598,1757,200,137,277,20,237,577,0,207,0,15,-2,-100,0,3923
2024/12/15,09:00,3910,0,560,1725,108,125,266,20,237,722,0,194,0,0,-5,-42,0,3910
2024/12/15,09:30,3954,0,459,1717,109,98,247,21,237,902,0,209,0,0,-5,-40,0,3954
2024/12/15,10:00,3878,0,364,1671,109,91,225,21,237,920,0,219,0,1,-5,25,0,3878
2024/12/15,10:30,3854,0,397,1652,101,93,219,21,237,885,0,269,0,-186,-9,175,0,3854
2024/12/15,11:00,4014,0,550,1649,57,93,239,21,238,887,0,260,0,-200,-4,224,0,4014
2024/12/15,11:30,3938,0,542,1620,77,93,245,21,237,672,0,255,0,-7,-20,203,0,3938
2024/12/15,12:00,3969,0,486,1628,109,92,251,21,237,567,0,276,0,0,-3,305,0,3969
2024/12/15,12:30,3973,0,487,1634,109,92,251,21,237,488,0,300,0,0,-4,358,0,3973
2024/12/15,13:00,4038,0,525,1666,111,93,235,21,231,459,0,333,0,0,-1,365,0,4038
2024/12/15,13:30,4066,0,554,1714,156,93,240,21,218,350,0,336,0,0,-4,388,0,4066
2024/12/15,14:00,4119,0,553,1765,221,93,245,21,220,238,0,366,0,0,-3,400,0,4119
2024/12/15,14:30,4107,0,512,1794,307,107,253,20,235,109,0,405,0,5,-3,363,0,4107
2024/12/15,15:00,4106,0,486,1808,351,132,270,21,238,40,0,478,0,23,-6,265,0,4106
2024/12/15,15:30,4168,0,525,1794,394,137,335,21,238,3,0,504,0,10,-5,212,0,4168
2024/12/15,16:00,4106,0,484,1799,372,137,439,21,237,0,0,516,0,0,-3,104,0,4106
2024/12/15,16:30,4216,0,453,1813,373,137,510,21,237,0,0,531,0,0,-4,145,0,4216
2024/12/15,17:00,4303,0,477,1833,352,138,578,21,238,0,0,549,0,0,-5,122,0,4303
2024/12/15,17:30,4309,0,471,1846,371,138,622,21,237,0,0,564,0,0,-4,43,0,4309
2024/12/15,18:00,4357,0,553,1849,371,138,628,21,237,0,0,583,0,63,-3,-83,0,4357
2024/12/15,18:30,4351,0,537,1852,410,138,637,21,237,0,0,622,0,94,-5,-192,0,4351
2024/12/15,19:00,4252,0,491,1849,401,138,578,21,237,0,0,659,0,30,-5,-147,0,4252
2024/12/15,19:30,4196,0,463,1836,373,138,558,21,237,0,0,714,0,0,-6,-138,0,4196
2024/12/15,20:00,4214,0,438,1848,352,138,545,21,238,0,0,789,0,0,-5,-150,0,4214
2024/12/15,20:30,4120,0,484,1835,440,138,484,21,237,0,0,754,0,0,-5,-268,0,4120
2024/12/15,21:00,4155,0,540,1834,478,138,405,21,237,0,0,734,0,0,-4,-228,0,4155
2024/12/15,21:30,4041,0,556,1799,455,138,353,21,237,0,0,721,0,0,-5,-234,0,4041
2024/12/15,22:00,3967,0,554,1753,441,138,309,21,237,0,0,720,0,0,-12,-194,0,3967
2024/12/15,22:30,3857,0,503,1698,346,138,287,21,237,0,0,726,0,0,-5,-94,0,3857
2024/12/15,23:00,3974,0,490,1725,270,138,279,21,237,0,0,765,0,0,-4,53,0,3974
2024/12/15,23:30,3952,0,445,1704,146,138,275,21,237,0,0,867,0,0,-5,124,0,3952
2024/12/16,00:00,3957,0,410,1692,109,139,265,21,237,0,0,865,0,0,-4,223,0,3957
2024/12/16,00:30,3915,0,353,1725,109,138,262,21,237,0,0,840,0,0,-5,235,0,3915
2024/12/16,01:00,4028,0,357,1688,109,138,263,21,237,0,0,847,0,0,-5,373,0,4028
2024/12/16,01:30,4072,0,432,1722,109,137,264,21,237,0,0,794,0,0,-4,360,0,4072
2024/12/16,02:00,4129,0,443,1734,109,138,269,21,237,0,0,795,0,0,-4,387,0,4129
2024/12/16,02:30,4215,0,528,1730,117,138,269,21,237,0,0,761,0,0,-5,419,0,4215
2024/12/16,03:00,4280,0,569,1733,159,138,274,21,237,0,0,741,0,0,-5,413,0,4280
2024/12/16,03:30,4338,0,552,1735,134,138,281,21,238,0,0,798,0,33,-5,413,0,4338
2024/12/16,04:00,4397,0,520,1768,109,138,328,21,237,0,0,795,0,60,-5,426,0,4397
2024/12/16,04:30,4435,0,515,1768,109,137,345,21,237,0,0,792,0,112,-5,404,0,4435
2024/12/16,05:00,4462,0,504,1766,109,138,361,21,237,0,0,797,0,120,-5,414,0,4462
2024/12/16,05:30,4466,0,530,1764,114,138,352,21,237,0,0,778,0,84,-5,453,0,4466
2024/12/16,06:00,4517,0,513,1770,153,138,415,21,239,0,0,764,0,92,-3,415,0,4517
2024/12/16,06:30,4483,0,411,1794,207,138,459,21,241,1,0,731,0,80,-2,402,0,4483
2024/12/16,07:00,4494,0,358,1802,284,138,474,21,240,20,0,716,0,57,-5,389,0,4494
2024/12/16,07:30,4598,0,416,1824,350,138,461,21,240,109,0,714,0,57,-5,273,0,4598
2024/12/16,08:00,4717,0,530,1847,367,137,485,21,238,236,0,667,0,57,-4,136,0,4717
2024/12/16,08:30,4799,0,528,1856,423,137,480,21,233,324,0,672,0,94,-4,35,0,4799
2024/12/16,09:00,4882,0,496,1838,375,123,443,21,230,452,0,668,0,285,-4,-45,0,4882
2024/12/16,09:30,4860,0,500,1847,357,98,403,21,227,567,0,659,0,274,-3,-90,0,4860
2024/12/16,10:00,4776,0,537,1850,374,89,331,21,220,651,0,598,0,163,-3,-55,0,4776
2024/12/16,10:30,4716,0,491,1840,368,91,306,21,216,687,0,510,0,83,-21,124,0,4716
2024/12/16,11:00,4743,0,458,1798,355,91,245,21,216,690,0,452,0,78,-49,388,0,4743
2024/12/16,11:30,4679,0,439,1790,356,91,222,21,215,704,0,444,0,14,-48,431,0,4679
2024/12/16,12:00,4545,0,420,1792,355,91,218,21,216,701,0,439,0,0,-2,294,0,4545
2024/12/16,12:30,4519,0,378,1848,356,91,219,21,216,624,0,451,0,0,-1,316,0,4519
2024/12/16,13:00,4689,0,484,1886,376,91,222,21,207,541,0,434,0,0,0,427,0,4689
2024/12/16,13:30,4641,0,517,1889,390,105,228,21,195,447,0,394,0,23,-1,433,0,4641
2024/12/16,14:00,4681,0,485,1895,437,130,243,21,205,334,0,423,0,100,-1,409,0,4681
2024/12/16,14:30,4707,0,542,1894,487,136,276,21,216,169,0,414,0,134,-2,420,0,4707
2024/12/16,15:00,4782,0,548,1889,545,137,432,21,217,63,0,421,0,76,-3,436,0,4782
2024/12/16,15:30,4930,0,560,1886,624,137,495,21,217,5,0,429,0,127,-3,432,0,4930
2024/12/16,16:00,4852,0,433,1886,554,138,587,21,217,0,0,461,0,119,-3,439,0,4852
2024/12/16,16:30,4920,0,500,1886,515,137,632,21,218,0,0,448,0,138,-5,430,0,4920
2024/12/16,17:00,4870,0,489,1887,420,137,707,21,218,0,0,461,0,102,-4,432,0,4870
2024/12/16,17:30,4774,0,448,1858,415,137,691,21,218,0,0,469,0,81,-4,440,0,4774
2024/12/16,18:00,4773,0,507,1854,425,138,693,21,218,0,0,449,0,63,-5,410,0,4773
2024/12/16,18:30,4723,0,477,1855,443,137,689,21,218,0,0,455,0,2,-5,431,0,4723
2024/12/16,19:00,4632,0,530,1848,549,138,503,21,218,0,0,420,0,7,-4,402,0,4632
2024/12/16,19:30,4552,0,500,1887,549,137,474,20,218,0,0,379,0,73,-6,321,0,4552
2024/12/16,20:00,4523,0,504,1891,508,137,447,20,218,0,0,345,0,41,-4,416,0,4523
2024/12/16,20:30,4415,0,455,1890,462,138,436,20,218,0,0,371,0,19,-5,411,0,4415
2024/12/16,21:00,4394,0,475,1867,494,138,376,21,218,0,0,395,0,13,-5,402,0,4394
2024/12/16,21:30,4240,0,458,1855,421,137,365,20,218,0,0,401,0,0,-5,370,0,4240
2024/12/16,22:00,4109,0,470,1853,417,138,348,20,218,0,0,408,0,0,-5,242,0,4109
2024/12/16,22:30,4011,0,473,1848,468,137,335,21,218,0,0,379,0,3,-5,134,0,4011
2024/12/16,23:00,4103,0,486,1850,490,138,308,21,218,0,0,431,0,13,-5,153,0,4103
2024/12/16,23:30,4041,0,443,1848,383,138,288,21,218,0,0,502,0,0,-5,205,0,4041
2024/12/17,00:00,4021,0,473,1844,355,138,263,21,218,0,0,513,0,0,-5,201,0,4021
2024/12/17,00:30,3995,0,446,1860,311,147,258,20,219,0,0,521,0,0,-4,217,0,3995
2024/12/17,01:00,4098,0,486,1882,289,157,254,20,219,0,0,503,0,0,-5,293,0,4098
2024/12/17,01:30,4138,0,454,1880,362,158,258,20,218,0,0,492,0,0,-4,300,0,4138
2024/12/17,02:00,4200,0,457,1886,292,158,294,20,219,0,0,496,0,0,-5,383,0,4200
2024/12/17,02:30,4294,0,469,1884,360,158,297,21,219,0,0,471,0,0,-4,419,0,4294
2024/12/17,03:00,4366,0,470,1886,426,159,321,21,219,0,0,458,0,0,-4,410,0,4366
2024/12/17,03:30,4416,0,490,1890,390,169,356,21,219,0,0,459,0,0,-4,426,0,4416
2024/12/17,04:00,4470,0,492,1897,363,181,412,21,218,0,0,470,0,0,-5,421,0,4470
2024/12/17,04:30,4468,0,491,1894,357,182,421,21,219,0,0,463,0,0,-5,425,0,4468
2024/12/17,05:00,4532,0,516,1899,445,181,441,21,218,0,0,412,0,0,-6,405,0,4532
2024/12/17,05:30,4494,0,507,1895,499,177,439,21,219,0,0,356,0,0,-5,386,0,4494
2024/12/17,06:00,4571,0,516,1893,517,177,482,21,218,0,0,323,0,98,-6,332,0,4571
2024/12/17,06:30,4589,0,503,1893,455,182,485,21,219,1,0,332,0,116,-5,387,0,4589
2024/12/17,07:00,4528,0,473,1890,449,182,437,21,218,27,0,391,0,102,-5,343,0,4528
2024/12/17,07:30,4618,0,451,1889,421,182,413,21,218,195,0,401,0,74,-6,359,0,4618
2024/12/17,08:00,4703,0,492,1861,470,181,416,21,217,394,0,385,0,0,-5,271,0,4703
2024/12/17,08:30,4823,0,464,1854,394,181,396,21,218,593,0,391,0,11,-6,306,0,4823
2024/12/17,09:00,4838,0,408,1816,372,168,369,21,217,749,0,394,0,71,-6,259,0,4838
2024/12/17,09:30,4816,0,479,1824,404,160,315,21,217,875,0,406,0,-173,-4,292,0,4816
2024/12/17,10:00,4771,0,452,1885,340,166,254,21,216,975,0,378,0,-225,-4,313,0,4771
2024/12/17,10:30,4741,0,414,1888,265,180,241,21,217,1051,0,301,0,-229,-4,396,0,4741
2024/12/17,11:00,4763,0,468,1887,242,183,236,21,217,1007,0,275,0,-225,-3,455,0,4763
2024/12/17,11:30,4685,0,394,1869,271,188,217,21,217,988,0,268,0,-175,-4,431,0,4685
2024/12/17,12:00,4527,0,355,1740,232,188,222,21,216,899,0,280,0,3,-3,374,0,4527
2024/12/17,12:30,4437,0,404,1831,246,189,224,21,217,813,0,291,0,0,-3,204,0,4437
2024/12/17,13:00,4554,0,441,1884,338,189,219,21,210,724,0,280,0,43,-3,208,0,4554
2024/12/17,13:30,4548,0,473,1889,386,204,222,21,197,605,0,292,0,95,-3,167,0,4548
2024/12/17,14:00,4585,0,485,1893,416,228,231,21,203,432,0,300,0,173,-3,206,0,4585
2024/12/17,14:30,4589,0,502,1893,418,234,334,21,216,212,0,290,0,183,-4,290,0,4589
2024/12/17,15:00,4664,0,505,1896,418,235,468,21,216,63,0,267,0,197,-3,381,0,4664
2024/12/17,15:30,4800,0,528,1896,442,234,526,21,216,2,0,266,0,311,-4,362,0,4800
2024/12/17,16:00,4791,0,510,1888,435,235,593,21,215,0,0,244,0,250,-3,403,0,4791
2024/12/17,16:30,4841,0,546,1887,475,235,620,21,215,0,0,267,0,202,-3,376,0,4841
2024/12/17,17:00,4817,0,538,1893,398,236,654,21,215,0,0,284,0,186,-4,396,0,4817
2024/12/17,17:30,4723,0,552,1894,423,236,646,21,216,0,0,266,0,114,-5,360,0,4723
2024/12/17,18:00,4686,0,569,1896,392,235,599,21,217,0,0,268,0,97,-6,398,0,4686
2024/12/17,18:30,4656,0,573,1896,391,235,602,21,216,0,0,280,0,87,-5,360,0,4656
2024/12/17,19:00,4555,0,572,1893,413,235,596,21,217,0,0,292,0,18,-5,303,0,4555
2024/12/17,19:30,4487,0,575,1891,427,235,574,21,217,0,0,269,0,22,-4,260,0,4487
2024/12/17,20:00,4452,0,579,1883,442,236,521,21,218,0,0,255,0,26,-5,276,0,4452
2024/12/17,20:30,4352,0,578,1884,449,236,447,21,217,0,0,243,0,24,-4,257,0,4352
2024/12/17,21:00,4338,0,554,1886,409,234,416,21,218,0,0,230,0,19,38,313,0,4338
2024/12/17,21:30,4204,0,557,1889,410,236,396,21,217,0,0,211,0,19,-4,252,0,4204
2024/12/17,22:00,4074,0,525,1882,361,236,373,21,218,0,0,192,0,20,30,216,0,4074
2024/12/17,22:30,3966,0,501,1839,404,235,345,21,217,0,0,178,0,2,-5,229,0,3966
2024/12/17,23:00,4113,0,498,1843,404,234,305,21,217,0,0,239,0,0,-5,357,0,4113
2024/12/17,23:30,4033,0,510,1847,351,205,302,21,217,0,0,231,0,0,-5,354,0,4033
2024/12/18,00:00,4026,0,511,1851,360,187,297,21,217,0,0,256,0,0,-4,330,0,4026
2024/12/18,00:30,3966,0,470,1887,289,187,297,21,217,0,0,240,0,0,-5,363,0,3966
2024/12/18,01:00,4054,0,529,1890,282,187,296,21,217,0,0,224,0,0,-5,413,0,4054
2024/12/18,01:30,4108,0,526,1892,349,187,295,21,217,0,0,225,0,0,-5,401,0,4108
2024/12/18,02:00,4193,0,535,1890,443,187,290,21,216,0,0,192,0,0,-5,424,0,4193
2024/12/18,02:30,4279,0,531,1890,518,187,293,21,217,0,0,209,0,3,-5,415,0,4279
2024/12/18,03:00,4354,0,564,1891,454,208,343,21,217,0,0,224,0,19,-5,418,0,4354
2024/12/18,03:30,4400,0,559,1891,422,233,391,21,217,0,0,227,0,18,-5,426,0,4400
2024/12/18,04:00,4459,0,547,1890,429,236,411,21,217,0,0,245,0,48,-4,419,0,4459
2024/12/18,04:30,4469,0,523,1889,445,235,424,21,217,0,0,236,0,58,-5,426,0,4469
2024/12/18,05:00,4568,0,539,1894,483,234,447,21,216,0,0,249,0,61,-5,429,0,4568
2024/12/18,05:30,4596,0,550,1893,497,235,435,21,216,0,0,247,0,91,-6,417,0,4596
2024/12/18,06:00,4676,0,513,1892,442,236,483,21,217,0,0,281,0,170,-4,425,0,4676
2024/12/18,06:30,4660,0,529,1888,413,236,521,21,216,1,0,270,0,149,-2,418,0,4660
2024/12/18,07:00,4638,0,545,1887,379,236,520,21,217,22,0,314,0,79,-4,422,0,4638
2024/12/18,07:30,4780,0,532,1896,424,235,508,21,217,203,0,317,0,78,-5,354,0,4780
2024/12/18,08:00,4862,0,526,1891,435,235,433,21,216,429,0,326,0,75,-3,278,0,4862
2024/12/18,08:30,4912,0,481,1891,356,235,358,21,216,591,0,315,0,75,-4,377,0,4912
2024/12/18,09:00,4923,0,330,1837,355,233,344,21,216,760,0,366,0,57,-6,410,0,4923
2024/12/18,09:30,4851,0,510,1868,353,234,301,21,216,881,0,373,0,-178,-5,277,0,4851
2024/12/18,10:00,4753,0,447,1889,287,220,265,21,217,992,0,327,0,-229,-6,323,0,4753
2024/12/18,10:30,4727,0,444,1854,223,195,266,21,216,1021,0,309,0,-88,-41,307,0,4727
2024/12/18,11:00,4736,0,401,1827,197,187,258,21,217,1048,0,339,0,0,-32,273,0,4736
2024/12/18,11:30,4664,0,442,1845,213,189,211,21,217,994,0,343,0,0,-46,235,0,4664
2024/12/18,12:00,4467,0,389,1854,187,189,210,21,217,912,0,343,0,0,-5,150,0,4467
2024/12/18,12:30,4385,0,375,1868,182,189,220,21,217,842,0,360,0,0,-2,113,0,4385
2024/12/18,13:00,4415,0,430,1885,261,204,225,21,206,679,0,358,0,0,-4,150,0,4415
2024/12/18,13:30,4435,0,427,1887,311,228,235,21,195,598,0,426,0,0,-5,112,0,4435
2024/12/18,14:00,4503,0,415,1883,311,235,311,21,202,441,0,466,0,45,-2,175,0,4503
2024/12/18,14:30,4579,0,505,1890,349,235,394,21,217,218,0,491,0,101,-3,161,0,4579
2024/12/18,15:00,4653,0,471,1886,364,234,478,21,216,85,0,498,0,192,-5,213,0,4653
2024/12/18,15:30,4795,0,487,1883,364,234,531,21,217,9,0,471,0,267,-5,316,0,4795
2024/12/18,16:00,4756,0,465,1888,364,235,619,21,217,0,0,465,0,204,-5,283,0,4756
2024/12/18,16:30,4822,0,488,1891,359,234,664,21,217,0,0,493,0,213,-6,248,0,4822
2024/12/18,17:00,4768,0,497,1870,356,236,670,21,217,0,0,488,0,139,-6,280,0,4768
2024/12/18,17:30,4678,0,517,1848,356,236,608,21,217,0,0,516,0,102,-5,262,0,4678
2024/12/18,18:00,4653,0,551,1852,375,235,613,21,216,0,0,511,0,58,-5,226,0,4653
2024/12/18,18:30,4611,0,588,1851,387,236,571,21,217,0,0,527,0,0,-5,218,0,4611
2024/12/18,19:00,4513,0,577,1850,452,235,569,21,217,0,0,459,0,0,-7,140,0,4513
2024/12/18,19:30,4449,0,552,1847,545,235,527,21,217,0,0,373,0,17,-6,121,0,4449
2024/12/18,20:00,4421,0,585,1873,473,235,469,21,217,0,0,339,0,15,-5,199,0,4421
2024/12/18,20:30,4295,0,537,1881,442,235,430,21,218,0,0,329,0,16,-5,191,0,4295
2024/12/18,21:00,4281,0,507,1883,436,236,370,21,217,0,0,337,0,17,-6,263,0,4281
2024/12/18,21:30,4139,0,531,1892,380,232,363,21,217,0,0,341,0,18,-6,150,0,4139
2024/12/18,22:00,4027,0,472,1894,350,234,358,21,217,0,0,352,0,20,-5,114,0,4027
2024/12/18,22:30,3919,0,521,1861,354,235,317,21,217,0,0,338,0,18,-5,42,0,3919
2024/12/18,23:00,4050,0,531,1883,357,235,310,21,217,0,0,369,0,19,-6,114,0,4050
2024/12/18,23:30,3964,0,489,1887,349,236,291,21,217,0,0,384,0,19,-5,76,0,3964
2024/12/19,00:00,3938,0,515,1880,361,236,276,21,218,0,0,364,0,24,-5,48,0,3938
2024/12/19,00:30,3920,0,530,1894,377,235,270,21,218,0,0,343,0,19,-5,18,0,3920
2024/12/19,01:00,3998,0,472,1873,350,236,286,21,218,0,0,366,0,21,-5,160,0,3998
2024/12/19,01:30,4054,0,462,1850,350,235,277,21,218,0,0,373,0,0,-5,273,0,4054
2024/12/19,02:00,4113,0,455,1852,349,236,274,21,218,0,0,348,0,0,-5,365,0,4113
2024/12/19,02:30,4167,0,447,1851,349,236,270,21,218,0,0,352,0,0,-4,427,0,4167
2024/12/19,03:00,4236,0,480,1855,348,236,267,21,218,0,0,364,0,1,-5,451,0,4236
2024/12/19,03:30,4286,0,539,1884,354,236,268,21,218,0,0,310,0,19,-5,442,0,4286
2024/12/19,04:00,4336,0,537,1892,388,236,268,21,218,0,0,308,0,20,-5,453,0,4336
2024/12/19,04:30,4344,0,534,1892,407,236,303,21,218,0,0,294,0,17,-6,428,0,4344
2024/12/19,05:00,4386,0,576,1890,410,236,332,21,218,0,0,263,0,15,-5,430,0,4386
2024/12/19,05:30,4334,0,538,1891,362,235,383,21,217,0,0,241,0,20,-5,431,0,4334
2024/12/19,06:00,4409,0,483,1885,353,236,507,21,217,0,0,240,0,27,-2,442,0,4409
2024/12/19,06:30,4405,0,410,1847,349,237,595,21,217,0,0,230,0,162,-5,342,0,4405
2024/12/19,07:00,4355,0,512,1883,357,236,597,21,217,17,0,219,0,135,-3,164,0,4355
2024/12/19,07:30,4493,0,567,1894,401,236,644,21,217,193,0,222,0,90,-5,13,0,4493
2024/12/19,08:00,4637,0,592,1892,467,235,649,21,217,375,0,222,0,20,-4,-49,0,4637
2024/12/19,08:30,4725,0,569,1893,433,235,623,21,216,515,0,238,0,53,-6,-65,0,4725
2024/12/19,09:00,4680,0,406,1812,355,235,592,21,216,706,0,250,0,183,-5,-91,0,4680
2024/12/19,09:30,4606,0,551,1795,368,234,391,21,217,744,0,275,0,-143,-3,156,0,4606
2024/12/19,10:00,4530,0,500,1864,357,233,251,21,217,823,0,285,0,-217,-6,202,0,4530
2024/12/19,10:30,4594,0,492,1863,358,234,205,21,217,992,0,265,0,-217,-5,169,0,4594
2024/12/19,11:00,4662,0,504,1865,368,231,198,21,217,990,0,251,0,-216,-20,253,0,4662
2024/12/19,11:30,4602,0,471,1863,377,205,195,21,217,980,0,244,0,-220,-16,265,0,4602
2024/12/19,12:00,4454,0,441,1838,320,186,194,21,217,912,0,246,0,-219,-5,303,0,4454
2024/12/19,12:30,4410,0,375,1859,274,185,195,21,217,826,0,257,0,-218,-4,423,0,4410
2024/12/19,13:00,4509,0,521,1867,278,185,214,21,207,728,0,238,0,-199,-3,452,0,4509
2024/12/19,13:30,4485,0,420,1869,276,185,229,21,196,568,0,260,0,23,-3,441,0,4485
2024/12/19,14:00,4456,0,354,1857,320,185,278,21,201,425,0,288,0,106,-3,424,0,4456
2024/12/19,14:30,4452,0,381,1864,402,186,326,21,214,220,0,280,0,117,-5,446,0,4452
2024/12/19,15:00,4525,0,470,1896,428,206,388,21,218,73,0,271,0,129,-5,430,0,4525
2024/12/19,15:30,4661,0,517,1891,445,232,483,21,218,3,0,286,0,232,-5,338,0,4661
2024/12/19,16:00,4677,0,547,1890,460,235,586,21,216,0,0,278,0,287,-3,160,0,4677
2024/12/19,16:30,4729,0,573,1893,516,235,654,21,217,0,0,293,0,287,39,1,0,4729
2024/12/19,17:00,4693,0,571,1894,573,235,676,21,218,0,0,318,0,283,37,-133,0,4693
2024/12/19,17:30,4603,0,571,1893,688,235,679,21,218,0,0,343,0,204,-5,-244,0,4603
2024/12/19,18:00,4554,0,570,1890,711,235,674,21,218,0,0,396,0,183,-6,-338,0,4554
2024/12/19,18:30,4534,0,550,1890,784,235,661,21,218,0,0,430,0,125,-4,-376,0,4534
2024/12/19,19:00,4458,0,565,1887,733,235,634,21,219,0,0,471,0,73,-5,-375,0,4458
2024/12/19,19:30,4352,0,539,1844,771,235,564,21,218,0,0,464,0,8,-6,-306,0,4352
2024/12/19,20:00,4322,0,553,1848,636,235,497,21,218,0,0,481,0,21,-6,-182,0,4322
2024/12/19,20:30,4198,0,551,1838,494,235,461,21,219,0,0,490,0,14,-5,-120,0,4198
2024/12/19,21:00,4222,0,538,1888,427,235,406,21,218,0,0,506,0,18,-5,-30,0,4222
2024/12/19,21:30,4106,0,525,1890,399,235,378,21,217,0,0,521,0,18,-6,-92,0,4106
2024/12/19,22:00,3999,0,485,1882,352,236,350,21,218,0,0,527,0,19,-5,-86,0,3999
2024/12/19,22:30,3917,0,474,1830,401,236,317,21,218,0,0,521,0,16,-6,-111,0,3917
2024/12/19,23:00,4031,0,468,1864,355,236,318,21,225,0,0,579,0,13,-5,-43,0,4031
2024/12/19,23:30,3961,0,387,1819,352,236,283,21,234,0,0,664,0,0,-6,-29,0,3961
2024/12/20,00:00,3937,0,379,1794,341,236,279,21,239,0,0,674,0,0,-3,-23,0,3937
2024/12/20,00:30,3873,0,307,1791,289,237,276,21,240,0,0,685,0,0,-5,32,0,3873
2024/12/20,01:00,3970,0,363,1788,215,236,293,21,239,0,0,665,0,0,-45,195,0,3970
2024/12/20,01:30,4012,0,385,1802,180,236,287,21,239,0,0,667,0,0,-5,200,0,4012
2024/12/20,02:00,4085,0,299,1837,214,236,303,21,239,0,0,737,0,0,-47,246,0,4085
2024/12/20,02:30,4139,0,302,1790,259,236,328,21,239,0,0,709,0,0,-24,279,0,4139
2024/12/20,03:00,4177,0,270,1792,338,235,351,21,239,0,0,725,0,0,-3,209,0,4177
2024/12/20,03:30,4279,0,310,1780,350,235,363,21,239,0,0,760,0,23,-4,202,0,4279
2024/12/20,04:00,4329,0,276,1759,339,236,403,21,238,0,0,832,0,81,-3,147,0,4329
2024/12/20,04:30,4337,0,240,1748,297,236,441,21,239,0,0,884,0,79,-3,155,0,4337
2024/12/20,05:00,4374,0,314,1741,297,236,457,21,238,0,0,896,0,23,-4,155,0,4374
2024/12/20,05:30,4336,0,363,1703,297,236,447,21,239,0,0,879,0,0,-4,155,0,4336
2024/12/20,06:00,4413,0,429,1794,297,235,497,21,239,0,0,835,0,0,-4,70,0,4413
2024/12/20,06:30,4415,0,441,1893,297,235,536,21,238,0,0,761,0,0,-4,-3,0,4415
2024/12/20,07:00,4397,0,409,1888,340,235,526,21,239,14,0,744,0,0,-3,-16,0,4397
2024/12/20,07:30,4561,0,488,1842,354,235,523,21,237,206,0,762,0,0,-6,-101,0,4561
2024/12/20,08:00,4700,0,508,1874,362,235,511,21,237,404,0,753,0,0,-6,-199,0,4700
2024/12/20,08:30,4828,0,524,1848,333,235,415,21,238,548,0,763,0,0,-4,-93,0,4828
2024/12/20,09:00,4831,0,465,1847,297,234,316,21,238,677,0,783,0,0,40,-87,0,4831
2024/12/20,09:30,4797,0,300,1834,301,235,307,21,238,800,0,780,0,-34,29,-14,0,4797
2024/12/20,10:00,4705,0,308,1757,295,234,277,21,238,914,0,736,0,-226,-4,155,0,4705
2024/12/20,10:30,4719,0,333,1806,282,233,274,21,237,968,0,689,0,-230,-28,134,0,4719
2024/12/20,11:00,4786,0,389,1877,290,230,277,21,238,952,0,614,0,-230,-47,175,0,4786
2024/12/20,11:30,4730,0,400,1896,281,229,277,21,238,924,0,584,0,-232,-46,158,0,4730
2024/12/20,12:00,4552,0,398,1880,252,233,265,21,238,842,0,569,0,-231,-3,88,0,4552
2024/12/20,12:30,4468,0,319,1881,243,234,269,21,238,757,0,568,0,-232,-5,175,0,4468
2024/12/20,13:00,4583,0,289,1903,278,234,291,21,228,649,0,545,0,-132,-4,281,0,4583
2024/12/20,13:30,4581,0,360,1901,278,234,295,21,217,539,0,491,0,13,-3,235,0,4581
2024/12/20,14:00,4595,0,375,1899,273,231,319,21,228,414,0,468,0,47,-6,326,0,4595
2024/12/20,14:30,4613,0,470,1898,296,231,346,21,238,201,0,434,0,86,-4,396,0,4613
2024/12/20,15:00,4642,0,488,1902,353,231,480,21,238,61,0,409,0,135,-5,329,0,4642
2024/12/20,15:30,4768,0,570,1902,367,231,574,21,238,3,0,334,0,138,-5,395,0,4768
2024/12/20,16:00,4751,0,558,1902,356,233,637,21,237,0,0,288,0,171,-5,353,0,4751
2024/12/20,16:30,4805,0,582,1904,456,235,687,21,238,1,0,265,0,212,-5,209,0,4805
2024/12/20,17:00,4778,0,581,1902,411,235,710,21,238,0,0,255,0,211,28,186,0,4778
2024/12/20,17:30,4684,0,566,1901,422,235,727,21,238,0,0,240,0,203,37,94,0,4684
2024/12/20,18:00,4626,0,572,1904,418,237,681,21,238,0,0,226,0,158,-5,176,0,4626
2024/12/20,18:30,4592,0,604,1900,419,237,675,21,238,0,0,226,0,87,-5,190,0,4592
2024/12/20,19:00,4540,0,603,1893,494,237,645,21,238,0,0,195,0,125,-5,94,0,4540
2024/12/20,19:30,4446,0,597,1893,483,237,619,20,239,0,0,167,0,48,-6,149,0,4446
2024/12/20,20:00,4451,0,604,1893,521,237,542,20,238,0,0,133,0,20,-6,249,0,4451
2024/12/20,20:30,4343,0,581,1893,443,235,523,20,238,0,0,115,0,15,-6,286,0,4343
2024/12/20,21:00,4373,0,574,1899,411,236,500,20,238,0,0,79,0,20,-5,401,0,4373
2024/12/20,21:30,4229,0,514,1898,363,236,495,20,238,0,0,50,0,19,-6,402,0,4229
2024/12/20,22:00,4120,0,495,1898,350,236,442,20,238,0,0,36,0,21,-5,389,0,4120
2024/12/20,22:30,4052,0,554,1856,376,236,391,20,238,0,0,31,0,20,-16,346,0,4052
2024/12/20,23:00,4196,0,585,1888,466,236,352,20,239,0,0,25,0,23,-48,410,0,4196
2024/12/20,23:30,4114,0,575,1892,431,236,320,20,238,0,0,28,0,22,-47,399,0,4114
2024/12/21,00:00,4118,0,571,1895,400,236,299,20,238,0,0,34,0,25,-2,402,0,4118
2024/12/21,00:30,4066,0,549,1892,398,236,291,20,239,0,0,34,0,19,-3,391,0,4066
2024/12/21,01:00,4173,0,567,1892,453,236,291,20,238,0,0,30,0,20,-2,428,0,4173
2024/12/21,01:30,4219,0,571,1892,474,236,321,20,238,0,0,32,0,20,-2,417,0,4219
2024/12/21,02:00,4272,0,550,1893,543,236,333,20,238,0,0,29,0,19,-2,413,0,4272
2024/12/21,02:30,4332,0,534,1896,554,236,372,20,238,0,0,36,0,41,-3,408,0,4332
2024/12/21,03:00,4347,0,544,1892,499,236,393,20,238,0,0,45,0,78,-34,436,0,4347
2024/12/21,03:30,4415,0,533,1893,486,235,438,20,239,0,0,54,0,78,9,430,0,4415
2024/12/21,04:00,4450,0,562,1896,472,235,471,20,238,0,0,67,0,78,-8,419,0,4450
2024/12/21,04:30,4420,0,568,1894,477,235,490,20,239,0,0,56,0,20,-5,426,0,4420
2024/12/21,05:00,4397,0,573,1894,483,236,479,20,238,0,0,50,0,19,-4,409,0,4397
2024/12/21,05:30,4353,0,571,1893,446,236,456,20,239,0,0,74,0,19,-5,404,0,4353
2024/12/21,06:00,4340,0,593,1893,392,236,468,20,238,0,0,95,0,16,-4,393,0,4340
2024/12/21,06:30,4276,0,588,1891,292,236,469,20,238,0,0,114,0,20,-4,412,0,4276
2024/12/21,07:00,4231,0,612,1889,357,236,414,20,238,7,0,119,0,20,-3,322,0,4231
2024/12/21,07:30,4397,0,593,1891,454,235,388,20,238,160,0,117,0,20,-5,286,0,4397
2024/12/21,08:00,4578,0,600,1888,541,235,371,20,237,287,0,112,0,19,-4,272,0,4578
2024/12/21,08:30,4674,0,563,1884,553,235,334,20,237,368,0,105,0,22,-2,355,0,4674
2024/12/21,09:00,4748,0,569,1888,537,235,304,20,237,450,0,95,0,20,-2,395,0,4748
2024/12/21,09:30,4682,0,561,1887,420,235,325,20,238,465,0,87,0,16,-6,434,0,4682
2024/12/21,10:00,4712,0,566,1853,430,235,307,20,238,585,0,47,0,7,-2,426,0,4712
2024/12/21,10:30,4660,0,542,1845,370,235,307,20,238,634,0,55,0,0,-5,419,0,4660
2024/12/21,11:00,4679,0,407,1846,444,235,307,19,238,668,0,50,0,58,-2,409,0,4679
2024/12/21,11:30,4633,0,522,1859,498,235,307,19,238,660,0,43,0,-173,0,425,0,4633
2024/12/21,12:00,4456,0,551,1887,430,235,257,19,239,618,0,44,0,-231,-4,411,0,4456
2024/12/21,12:30,4304,0,565,1882,358,235,278,19,239,518,0,48,0,-231,-3,396,0,4304
2024/12/21,13:00,4279,0,575,1884,399,235,263,19,229,434,0,56,0,-226,-1,412,0,4279
2024/12/21,13:30,4203,0,580,1880,431,225,266,19,217,350,0,55,0,-223,-2,405,0,4203
2024/12/21,14:00,4189,0,581,1883,411,229,290,19,223,268,0,83,0,-202,-4,408,0,4189
2024/12/21,14:30,4161,0,554,1862,372,231,272,19,237,143,0,92,0,-14,-2,395,0,4161
2024/12/21,15:00,4173,0,538,1851,400,235,302,19,239,48,0,120,0,-1,-7,429,0,4173
2024/12/21,15:30,4249,0,544,1866,400,235,343,19,240,3,0,118,0,51,-2,432,0,4249
2024/12/21,16:00,4292,0,540,1885,257,235,470,19,239,0,0,110,0,79,40,418,0,4292
2024/12/21,16:30,4412,0,559,1891,290,235,521,19,239,1,0,109,0,178,6,364,0,4412
2024/12/21,17:00,4450,0,586,1888,277,235,533,19,239,0,0,113,0,175,-5,390,0,4450
2024/12/21,17:30,4452,0,588,1885,303,235,552,19,239,0,0,123,0,108,-5,405,0,4452
2024/12/21,18:00,4456,0,582,1889,318,236,578,19,239,0,0,128,0,42,-5,430,0,4456
2024/12/21,18:30,4438,0,603,1887,280,237,579,19,240,0,0,128,0,24,-4,445,0,4438
2024/12/21,19:00,4384,0,604,1885,311,237,521,19,240,0,0,120,0,21,-5,431,0,4384
2024/12/21,19:30,4310,0,588,1885,276,237,493,19,239,0,0,150,0,13,-5,415,0,4310
2024/12/21,20:00,4306,0,600,1886,283,237,464,19,240,0,0,142,0,20,-5,420,0,4306
2024/12/21,20:30,4188,0,598,1885,303,237,414,19,240,0,0,119,0,20,-5,358,0,4188
2024/12/21,21:00,4195,0,596,1886,326,235,346,19,239,0,0,119,0,20,-6,415,0,4195
2024/12/21,21:30,4055,0,594,1885,205,236,327,19,239,0,0,121,0,17,-5,417,0,4055
2024/12/21,22:00,3978,0,584,1882,146,236,291,19,240,0,0,127,0,22,-4,435,0,3978
2024/12/21,22:30,3882,0,561,1870,159,236,268,19,239,0,0,141,0,17,-21,393,0,3882
2024/12/21,23:00,4014,0,562,1885,183,236,253,19,239,0,0,198,0,81,-47,405,0,4014
2024/12/21,23:30,3976,0,554,1886,109,236,251,19,240,0,0,246,0,54,-46,427,0,3976
2024/12/22,00:00,3988,0,560,1886,113,236,248,19,240,0,0,252,0,19,-4,419,0,3988
2024/12/22,00:30,3932,0,497,1885,145,236,251,19,240,0,0,250,0,17,-3,395,0,3932
2024/12/22,01:00,4030,0,537,1882,158,236,268,19,240,0,0,249,0,20,-3,424,0,4030
2024/12/22,01:30,4048,0,499,1883,158,236,335,19,239,0,0,241,0,20,-3,421,0,4048
2024/12/22,02:00,4103,0,511,1886,187,236,369,19,240,0,0,226,0,2,-2,429,0,4103
2024/12/22,02:30,4215,0,524,1887,267,236,392,19,240,0,0,223,0,0,-4,431,0,4215
2024/12/22,03:00,4246,0,510,1889,346,236,424,19,240,0,0,186,0,0,-29,425,0,4246
2024/12/22,03:30,4292,0,509,1889,405,236,425,19,239,0,0,145,0,0,-3,428,0,4292
2024/12/22,04:00,4298,0,542,1889,413,236,449,19,240,0,0,119,0,13,7,371,0,4298
2024/12/22,04:30,4300,0,538,1889,353,236,503,19,239,0,0,110,0,9,-3,407,0,4300
2024/12/22,05:00,4311,0,541,1890,440,233,430,19,239,0,0,110,0,0,-4,413,0,4311
2024/12/22,05:30,4215,0,538,1887,476,205,411,19,240,0,0,97,0,0,-4,346,0,4215
2024/12/22,06:00,4167,0,532,1884,430,187,405,19,240,0,0,101,0,0,-4,373,0,4167
2024/12/22,06:30,4075,0,565,1882,304,186,412,19,239,0,0,113,0,0,-3,358,0,4075
2024/12/22,07:00,3969,0,516,1885,208,187,402,19,240,5,0,127,0,0,-3,383,0,3969
2024/12/22,07:30,4095,0,537,1885,209,187,394,19,239,158,0,129,0,0,-4,342,0,4095
2024/12/22,08:00,4202,0,562,1860,243,186,359,19,239,314,0,132,0,0,-4,292,0,4202
2024/12/22,08:30,4204,0,482,1813,240,186,312,19,239,461,0,144,0,0,-4,312,0,4204
2024/12/22,09:00,4174,0,321,1805,211,207,286,19,239,589,0,134,0,-17,-3,383,0,4174
2024/12/22,09:30,4144,0,299,1856,195,233,286,19,239,719,0,139,0,-245,-4,408,0,4144
2024/12/22,10:00,4082,0,457,1854,157,235,249,19,239,824,0,103,0,-461,-4,410,0,4082
2024/12/22,10:30,4038,0,508,1822,157,235,253,19,238,890,0,89,0,-465,-4,296,0,4038
2024/12/22,11:00,4053,0,517,1770,157,235,249,19,239,893,0,103,0,-459,0,330,0,4053
2024/12/22,11:30,4047,0,535,1747,158,236,249,19,238,839,0,126,0,-461,-1,362,0,4047
2024/12/22,12:00,4051,0,415,1740,158,235,250,19,240,781,0,114,0,-299,-4,402,0,4051
2024/12/22,12:30,3977,0,404,1741,157,235,246,19,239,656,0,148,0,-235,-5,372,0,3977
2024/12/22,13:00,3922,0,396,1759,157,236,246,19,227,566,0,149,0,-235,-4,406,0,3922
2024/12/22,13:30,3908,0,413,1771,158,236,250,19,218,462,0,166,0,-184,-3,402,0,3908
2024/12/22,14:00,3890,0,308,1783,153,236,279,19,227,302,0,183,0,1,-3,402,0,3890
2024/12/22,14:30,3860,0,429,1767,201,236,275,19,237,141,0,157,0,0,-3,401,0,3860
2024/12/22,15:00,3928,0,498,1760,318,236,292,19,239,42,0,156,0,20,-40,388,0,3928
2024/12/22,15:30,4034,0,505,1797,318,236,330,19,238,1,0,155,0,25,-5,415,0,4034
2024/12/22,16:00,4057,0,567,1813,338,236,370,19,238,0,0,132,0,15,-4,333,0,4057
2024/12/22,16:30,4219,0,579,1807,406,236,397,19,239,0,0,140,0,0,-6,402,0,4219
2024/12/22,17:00,4297,0,591,1821,417,236,458,19,239,0,0,114,0,0,-5,407,0,4297
2024/12/22,17:30,4293,0,533,1845,449,236,544,19,239,0,0,106,0,0,-4,326,0,4293
2024/12/22,18:00,4340,0,517,1871,493,236,567,19,239,0,0,114,0,0,-6,290,0,4340
2024/12/22,18:30,4328,0,601,1885,539,236,573,19,239,0,0,96,0,16,-2,126,0,4328
2024/12/22,19:00,4280,0,594,1886,507,236,575,19,239,0,0,79,0,18,0,127,0,4280
2024/12/22,19:30,4228,0,590,1888,492,235,589,19,239,0,0,104,0,17,-3,58,0,4228
2024/12/22,20:00,4231,0,592,1889,487,236,571,19,238,0,0,100,0,20,-5,84,0,4231
2024/12/22,20:30,4167,0,577,1888,514,236,522,19,239,0,0,119,0,18,-2,37,0,4167
2024/12/22,21:00,4214,0,597,1889,515,236,450,19,239,0,0,133,0,17,37,82,0,4214
2024/12/22,21:30,4142,0,579,1854,458,236,377,19,239,0,0,138,0,15,-5,232,0,4142
2024/12/22,22:00,4071,0,514,1849,458,236,325,19,239,0,0,157,0,0,-3,277,0,4071
2024/12/22,22:30,3981,0,449,1826,487,236,301,19,239,0,0,187,0,0,-6,243,0,3981
2024/12/22,23:00,4219,0,480,1848,493,236,270,19,239,0,0,270,0,0,-21,385,0,4219
2024/12/22,23:30,4149,0,479,1850,429,236,266,19,239,0,0,281,0,0,-47,397,0,4149
2024/12/23,00:00,4134,0,492,1872,330,236,258,19,239,0,0,298,0,0,0,390,0,4134
2024/12/23,00:30,4096,0,466,1888,235,235,257,19,239,0,0,368,0,0,-5,394,0,4096
2024/12/23,01:00,4190,0,476,1889,234,236,261,19,239,0,0,428,0,0,-2,410,0,4190
2024/12/23,01:30,4240,0,478,1890,239,236,271,19,239,0,0,471,0,0,-3,400,0,4240
2024/12/23,02:00,4305,0,475,1889,245,235,273,19,239,0,0,507,0,0,-2,425,0,4305
2024/12/23,02:30,4381,0,499,1885,252,236,328,19,239,0,0,518,0,0,-5,410,0,4381
2024/12/23,03:00,4415,0,510,1885,258,236,359,19,238,0,0,531,0,0,-31,410,0,4415
2024/12/23,03:30,4445,0,461,1883,222,236,420,19,239,0,0,514,0,0,14,437,0,4445
2024/12/23,04:00,4483,0,506,1891,248,237,466,19,239,0,0,470,0,0,-23,430,0,4483
2024/12/23,04:30,4467,0,491,1890,232,236,462,19,239,0,0,482,0,0,-4,420,0,4467
2024/12/23,05:00,4504,0,515,1890,245,236,443,19,238,0,0,476,0,0,7,435,0,4504
2024/12/23,05:30,4472,0,494,1888,260,236,437,19,239,0,0,465,0,0,-4,438,0,4472
2024/12/23,06:00,4534,0,551,1887,302,236,438,19,239,0,0,438,0,0,-2,426,0,4534
2024/12/23,06:30,4490,0,544,1887,305,235,490,19,239,0,0,399,0,0,-4,376,0,4490
2024/12/23,07:00,4458,0,521,1888,258,236,508,19,238,2,0,393,0,0,-5,400,0,4458
2024/12/23,07:30,4574,0,521,1887,278,233,586,19,238,51,0,375,0,0,-5,391,0,4574
2024/12/23,08:00,4683,0,530,1888,381,231,612,19,238,104,0,372,0,0,-5,313,0,4683
2024/12/23,08:30,4797,0,548,1890,436,227,623,19,236,159,0,355,0,11,-5,298,0,4797
2024/12/23,09:00,4796,0,473,1887,345,227,559,19,237,235,0,358,0,174,-4,286,0,4796
2024/12/23,09:30,4686,0,464,1851,292,226,534,19,237,302,0,373,0,176,-4,216,0,4686
2024/12/23,10:00,4530,0,435,1854,235,226,446,19,237,368,0,339,0,96,-4,279,0,4530
2024/12/23,10:30,4438,0,460,1851,194,226,415,19,236,405,0,310,0,96,-4,230,0,4438
2024/12/23,11:00,4401,0,403,1845,161,230,403,19,236,424,0,331,0,79,-3,273,0,4401
2024/12/23,11:30,4305,0,404,1842,161,233,385,19,237,465,0,320,0,0,-2,241,0,4305
2024/12/23,12:00,4158,0,405,1841,177,234,324,19,236,505,0,318,0,-66,-5,170,0,4158
2024/12/23,12:30,4110,0,465,1888,182,234,321,19,237,459,0,331,0,-220,-33,227,0,4110
2024/12/23,13:00,4216,0,375,1866,175,234,395,19,228,392,0,334,0,-128,-4,330,0,4216
2024/12/23,13:30,4232,0,321,1705,161,234,417,19,217,328,0,366,0,71,-5,398,0,4232
2024/12/23,14:00,4284,0,354,1828,173,234,431,19,222,271,0,371,0,60,-4,325,0,4284
2024/12/23,14:30,4370,0,446,1889,208,234,457,19,235,149,0,373,0,81,-4,283,0,4370
2024/12/23,15:00,4472,0,500,1888,245,235,510,19,236,60,0,412,0,81,-5,291,0,4472
2024/12/23,15:30,4624,0,522,1892,372,234,586,19,238,5,0,411,0,86,-5,264,0,4624
2024/12/23,16:00,4628,0,560,1891,377,235,583,19,237,0,0,404,0,118,-5,209,0,4628
2024/12/23,16:30,4700,0,583,1892,355,235,600,19,237,0,0,405,0,113,-4,265,0,4700
2024/12/23,17:00,4707,0,562,1893,263,235,636,19,238,0,0,421,0,113,39,288,0,4707
2024/12/23,17:30,4629,0,557,1890,238,235,630,19,238,0,0,432,0,114,39,237,0,4629
2024/12/23,18:00,4593,0,570,1885,251,235,612,19,238,0,0,436,0,84,14,249,0,4593
2024/12/23,18:30,4571,0,574,1883,252,235,617,19,239,0,0,440,0,87,-3,228,0,4571
2024/12/23,19:00,4489,0,580,1885,275,235,611,19,238,0,0,366,0,74,-5,211,0,4489
2024/12/23,19:30,4423,0,585,1885,306,235,597,19,238,0,0,332,0,23,-5,208,0,4423
2024/12/23,20:00,4440,0,611,1884,330,235,514,19,238,0,0,324,0,21,-5,269,0,4440
2024/12/23,20:30,4342,0,557,1881,419,235,474,19,238,0,0,301,0,20,-6,204,0,4342
2024/12/23,21:00,4396,0,593,1887,431,235,410,19,237,0,0,291,0,16,-5,282,0,4396
2024/12/23,21:30,4260,0,582,1854,371,235,384,19,238,0,0,291,0,0,-6,292,0,4260
2024/12/23,22:00,4159,0,572,1844,337,236,328,19,238,0,0,285,0,0,-6,306,0,4159
2024/12/23,22:30,4061,0,541,1828,403,235,300,19,238,0,0,274,0,0,-29,252,0,4061
2024/12/23,23:00,4199,0,551,1846,427,233,289,19,238,0,0,278,0,0,-47,365,0,4199
2024/12/23,23:30,4111,0,560,1845,316,223,289,19,238,0,0,268,0,0,-46,399,0,4111
2024/12/24,00:00,4096,0,524,1864,362,208,288,19,238,0,0,250,0,0,-3,346,0,4096
2024/12/24,00:30,4036,0,511,1880,285,209,290,19,238,0,0,237,0,0,-3,370,0,4036
2024/12/24,01:00,4149,0,518,1887,369,209,279,19,238,0,0,218,0,0,-3,415,0,4149
2024/12/24,01:30,4205,0,518,1885,462,209,268,19,239,0,0,194,0,0,-3,414,0,4205
2024/12/24,02:00,4283,0,515,1890,532,209,262,19,238,0,0,196,0,1,-4,425,0,4283
2024/12/24,02:30,4353,0,579,1884,511,209,281,19,238,0,0,201,0,18,-4,417,0,4353
2024/12/24,03:00,4403,0,582,1888,521,209,332,19,238,0,0,208,0,19,-40,427,0,4403
2024/12/24,03:30,4453,0,545,1887,500,209,368,19,238,0,0,209,0,18,39,421,0,4453
2024/12/24,04:00,4523,0,578,1890,540,209,391,19,237,0,0,215,0,20,-22,446,0,4523
2024/12/24,04:30,4529,0,589,1889,540,208,406,19,238,0,0,183,0,20,-5,442,0,4529
2024/12/24,05:00,4621,0,599,1888,557,209,457,19,237,0,0,179,0,23,-5,458,0,4621
2024/12/24,05:30,4607,0,602,1881,552,209,461,19,238,0,0,195,0,30,-5,425,0,4607
2024/12/24,06:00,4738,0,604,1889,518,209,509,19,238,0,0,218,0,98,-4,440,0,4738
2024/12/24,06:30,4752,0,631,1889,490,209,563,19,238,0,0,202,0,79,-4,436,0,4752
2024/12/24,07:00,4705,0,581,1891,450,215,586,19,238,9,0,187,0,115,-4,418,0,4705
2024/12/24,07:30,4807,0,568,1890,401,219,567,19,237,163,0,205,0,138,-5,405,0,4807
2024/12/24,08:00,4881,0,571,1890,457,225,494,19,236,320,0,218,0,194,-5,262,0,4881
2024/12/24,08:30,4977,0,562,1887,419,232,487,19,235,452,0,222,0,130,-4,336,0,4977
2024/12/24,09:00,5005,0,424,1894,355,234,421,19,222,574,0,262,0,191,-2,411,0,5005
2024/12/24,09:30,4893,0,426,1891,343,233,418,19,215,646,0,250,0,85,-5,372,0,4893
2024/12/24,10:00,4786,0,416,1889,357,233,341,19,215,739,0,235,0,0,-2,344,0,4786
2024/12/24,10:30,4712,0,347,1882,358,226,336,19,215,836,0,237,0,0,-3,259,0,4712
2024/12/24,11:00,4728,0,378,1883,318,228,316,19,215,883,0,286,0,0,-3,205,0,4728
2024/12/24,11:30,4568,0,345,1813,306,228,261,19,214,819,0,311,0,0,-4,256,0,4568
2024/12/24,12:00,4429,0,355,1791,330,228,263,19,215,750,0,313,0,0,-13,178,0,4429
2024/12/24,12:30,4389,0,349,1752,360,228,329,19,215,693,0,319,0,-74,-32,231,0,4389
2024/12/24,13:00,4502,0,326,1772,359,227,382,19,219,590,0,354,0,-46,-5,305,0,4502
2024/12/24,13:30,4486,0,333,1834,360,228,391,19,232,454,0,339,0,-42,-4,342,0,4486
2024/12/24,14:00,4561,0,382,1823,346,231,414,19,236,340,0,402,0,-45,-4,417,0,4561
2024/12/24,14:30,4577,0,496,1861,323,233,440,19,237,168,0,406,0,-10,-5,409,0,4577
2024/12/24,15:00,4667,0,559,1852,367,234,489,19,236,55,0,372,0,116,-5,373,0,4667
2024/12/24,15:30,4775,0,550,1851,359,235,542,19,235,3,0,390,0,170,-7,428,0,4775
2024/12/24,16:00,4745,0,579,1871,319,235,559,19,236,0,0,390,0,111,-3,429,0,4745
2024/12/24,16:30,4831,0,593,1888,328,235,574,19,235,1,0,416,0,76,40,426,0,4831
2024/12/24,17:00,4784,0,567,1884,303,234,590,19,237,0,0,435,0,73,35,407,0,4784
2024/12/24,17:30,4722,0,506,1887,269,234,603,19,237,0,0,446,0,76,16,429,0,4722
2024/12/24,18:00,4719,0,526,1891,223,235,594,19,237,0,0,443,0,131,-4,424,0,4719
2024/12/24,18:30,4645,0,484,1892,171,236,581,19,236,0,0,472,0,137,-5,422,0,4645
2024/12/24,19:00,4558,0,490,1887,175,236,568,19,237,0,0,502,0,135,-5,314,0,4558
2024/12/24,19:30,4462,0,487,1881,235,235,547,19,237,0,0,503,0,107,-5,216,0,4462
2024/12/24,20:00,4440,0,500,1883,260,225,525,19,237,0,0,482,0,56,-4,257,0,4440
2024/12/24,20:30,4352,0,515,1867,249,230,473,19,238,0,0,471,0,56,-5,239,0,4352
2024/12/24,21:00,4399,0,556,1890,293,234,389,19,237,0,0,440,0,40,-5,306,0,4399
2024/12/24,21:30,4249,0,598,1890,280,235,354,19,237,0,0,429,0,16,-5,196,0,4249
2024/12/24,22:00,4165,0,558,1886,235,236,319,19,237,0,0,462,0,18,-7,202,0,4165
2024/12/24,22:30,4053,0,504,1886,229,235,303,19,237,0,0,450,0,16,-29,203,0,4053
2024/12/24,23:00,4183,0,557,1883,239,231,266,19,237,0,0,463,0,18,-48,318,0,4183
2024/12/24,23:30,4117,0,568,1847,257,226,256,19,237,0,0,427,0,1,-47,326,0,4117
2024/12/25,00:00,4121,0,533,1874,322,218,252,19,238,0,0,401,0,0,-2,266,0,4121
2024/12/25,00:30,4067,0,483,1885,240,209,257,19,238,0,0,409,0,0,-4,331,0,4067
2024/12/25,01:00,4130,0,462,1889,223,208,254,19,237,0,0,435,0,0,-4,407,0,4130
2024/12/25,01:30,4160,0,463,1890,224,210,253,19,237,0,0,438,0,0,-4,430,0,4160
2024/12/25,02:00,4203,0,468,1890,232,209,276,19,237,0,0,452,0,0,-1,421,0,4203
2024/12/25,02:30,4259,0,488,1887,241,210,309,19,238,0,0,457,0,0,-3,413,0,4259
2024/12/25,03:00,4306,0,524,1889,274,210,321,19,238,0,0,415,0,0,-5,421,0,4306
2024/12/25,03:30,4338,0,508,1886,268,209,340,19,237,0,0,450,0,0,-5,426,0,4338
2024/12/25,04:00,4359,0,496,1883,245,209,385,19,238,0,0,473,0,0,-15,426,0,4359
2024/12/25,04:30,4351,0,458,1880,246,210,393,19,237,0,0,484,0,0,-5,429,0,4351
2024/12/25,05:00,4382,0,428,1886,232,210,459,19,237,0,0,523,0,0,-6,394,0,4382
2024/12/25,05:30,4326,0,437,1873,215,209,454,19,237,0,0,485,0,0,-5,402,0,4326
2024/12/25,06:00,4407,0,455,1887,224,210,474,19,238,0,0,475,0,0,-7,432,0,4407
2024/12/25,06:30,4371,0,501,1889,294,209,485,19,237,0,0,414,0,0,-3,326,0,4371
2024/12/25,07:00,4302,0,505,1883,248,209,512,19,237,10,0,402,0,0,-2,279,0,4302
2024/12/25,07:30,4428,0,458,1877,270,209,509,19,237,165,0,403,0,0,-5,286,0,4428
2024/12/25,08:00,4528,0,554,1841,328,209,510,19,236,328,0,387,0,14,-5,107,0,4528
2024/12/25,08:30,4586,0,601,1794,308,209,489,19,236,463,0,396,0,26,-5,50,0,4586
2024/12/25,09:00,4577,0,395,1648,385,208,468,19,236,604,0,401,0,167,-5,51,0,4577
2024/12/25,09:30,4507,0,396,1679,435,208,448,19,237,735,0,375,0,27,-3,-49,0,4507
2024/12/25,10:00,4479,0,463,1679,400,207,341,19,236,905,0,313,0,18,-6,-96,0,4479
2024/12/25,10:30,4379,0,410,1674,394,208,281,19,236,963,0,283,0,18,-5,-102,0,4379
2024/12/25,11:00,4373,0,400,1649,395,208,257,19,236,1039,0,238,0,21,-3,-86,0,4373
2024/12/25,11:30,4319,0,324,1580,395,208,268,19,236,1164,0,225,0,13,-5,-108,0,4319
2024/12/25,12:00,4097,0,342,1583,395,208,283,19,237,1143,0,217,0,-186,-43,-101,0,4097
2024/12/25,12:30,3981,0,298,1419,395,209,393,19,237,1099,0,213,0,-188,-5,-108,0,3981
2024/12/25,13:00,4082,0,340,1558,401,208,416,19,233,930,0,202,0,-132,-4,-89,0,4082
2024/12/25,13:30,4132,0,480,1707,405,208,418,19,218,726,0,153,0,-118,-6,-78,0,4132
2024/12/25,14:00,4113,0,390,1734,401,209,431,19,217,569,0,132,0,61,-6,-44,0,4113
2024/12/25,14:30,4123,0,498,1772,303,208,470,19,229,299,0,114,0,95,-5,121,0,4123
2024/12/25,15:00,4271,0,594,1814,260,209,524,19,237,113,0,139,0,108,-3,257,0,4271
2024/12/25,15:30,4429,0,569,1879,269,208,591,19,237,15,0,180,0,196,-5,271,0,4429
2024/12/25,16:00,4478,0,525,1886,259,209,604,19,236,0,0,226,0,184,4,326,0,4478
2024/12/25,16:30,4572,0,565,1883,237,209,629,19,237,0,0,252,0,119,37,385,0,4572
2024/12/25,17:00,4557,0,510,1894,236,209,646,19,237,0,0,291,0,114,-5,406,0,4557
2024/12/25,17:30,4477,0,440,1893,236,209,652,19,237,0,0,330,0,117,-4,348,0,4477
2024/12/25,18:00,4443,0,424,1888,189,209,662,19,237,0,0,366,0,113,27,309,0,4443
2024/12/25,18:30,4397,0,504,1885,179,209,660,19,237,0,0,396,0,115,-5,198,0,4397
2024/12/25,19:00,4316,0,547,1886,194,209,659,19,237,0,0,406,0,111,-4,52,0,4316
2024/12/25,19:30,4234,0,511,1888,193,208,614,19,237,0,0,445,0,76,-6,49,0,4234
2024/12/25,20:00,4182,0,456,1886,171,208,529,19,237,0,0,522,0,16,-5,143,0,4182
2024/12/25,20:30,4090,0,459,1867,164,208,448,19,237,0,0,519,0,17,-5,157,0,4090
2024/12/25,21:00,4047,0,547,1828,198,208,346,19,237,0,0,514,0,17,-5,138,0,4047
2024/12/25,21:30,3913,0,543,1772,198,209,310,19,238,0,0,541,0,18,-5,70,0,3913
2024/12/25,22:00,3802,0,528,1716,160,208,253,19,238,0,0,573,0,19,-5,93,0,3802
2024/12/25,22:30,3712,0,501,1704,168,209,243,19,238,0,0,590,0,14,-6,32,0,3712
2024/12/25,23:00,3848,0,475,1703,157,209,243,19,238,0,0,677,0,14,-48,161,0,3848
2024/12/25,23:30,3782,0,408,1683,158,209,244,19,238,0,0,736,0,0,-45,132,0,3782
2024/12/26,00:00,3857,0,438,1691,154,210,243,19,238,0,0,773,0,7,-3,87,0,3857
2024/12/26,00:30,3797,0,400,1724,113,210,248,19,238,0,0,787,0,17,-5,46,0,3797
2024/12/26,01:00,3856,0,288,1699,111,210,254,19,238,0,0,778,0,19,-4,244,0,3856
2024/12/26,01:30,3922,0,340,1714,111,210,251,19,238,0,0,761,0,19,-4,263,0,3922
2024/12/26,02:00,3981,0,287,1747,111,210,288,19,238,0,0,747,0,19,-3,318,0,3981
2024/12/26,02:30,4061,0,369,1784,111,209,296,19,238,0,0,732,0,21,-5,287,0,4061
2024/12/26,03:00,4127,0,455,1822,111,209,290,19,238,0,0,683,0,20,-21,301,0,4127
2024/12/26,03:30,4149,0,391,1857,112,209,304,19,238,0,0,666,0,17,-4,340,0,4149
2024/12/26,04:00,4201,0,382,1857,111,209,329,19,238,0,0,679,0,21,-5,361,0,4201
2024/12/26,04:30,4181,0,373,1865,111,209,340,19,238,0,0,700,0,18,-5,313,0,4181
2024/12/26,05:00,4194,0,372,1889,111,209,365,19,238,0,0,666,0,19,-5,311,0,4194
2024/12/26,05:30,4126,0,419,1890,111,209,404,19,238,0,0,621,0,17,10,188,0,4126
2024/12/26,06:00,4156,0,367,1860,107,209,505,19,238,0,0,661,0,24,-4,170,0,4156
2024/12/26,06:30,4158,0,383,1769,65,209,522,19,239,0,0,664,0,59,-4,233,0,4158
2024/12/26,07:00,4095,0,374,1720,95,209,519,19,239,8,0,670,0,59,-5,188,0,4095
2024/12/26,07:30,4255,0,394,1796,143,209,526,19,238,148,0,662,0,59,-6,67,0,4255
2024/12/26,08:00,4382,0,432,1821,174,210,550,19,238,315,0,655,0,59,-3,-88,0,4382
2024/12/26,08:30,4442,0,316,1755,164,209,587,19,237,512,0,664,0,95,-4,-112,0,4442
2024/12/26,09:00,4369,0,288,1509,118,209,614,19,236,716,0,675,0,95,-2,-108,0,4369
2024/12/26,09:30,4293,0,403,1254,113,209,538,19,236,877,0,656,0,95,-4,-103,0,4293
2024/12/26,10:00,4251,0,377,1206,112,208,483,19,237,999,0,631,0,78,-6,-93,0,4251
2024/12/26,10:30,4203,0,372,1146,113,208,424,19,238,1125,0,654,0,0,-3,-93,0,4203
2024/12/26,11:00,4273,0,347,1176,113,205,396,19,238,1226,0,647,0,0,-3,-91,0,4273
2024/12/26,11:30,4279,0,347,1225,113,179,391,19,238,1185,0,672,0,0,-3,-87,0,4279
2024/12/26,12:00,4100,0,377,1265,113,158,368,19,239,1028,0,649,0,0,-8,-108,0,4100
2024/12/26,12:30,4062,0,327,1428,113,157,344,19,238,943,0,638,0,0,-33,-112,0,4062
2024/12/26,13:00,4159,0,363,1640,107,156,326,19,233,797,0,610,0,0,-5,-87,0,4159
2024/12/26,13:30,4183,0,438,1706,64,156,314,19,221,586,0,667,0,0,-5,17,0,4183
2024/12/26,14:00,4282,0,276,1687,79,157,290,19,220,458,0,788,0,0,-6,314,0,4282
2024/12/26,14:30,4348,0,405,1714,77,158,330,19,231,226,0,780,0,0,-5,413,0,4348
2024/12/26,15:00,4456,0,554,1704,141,184,374,19,238,70,0,730,0,7,-5,440,0,4456
2024/12/26,15:30,4644,0,631,1611,217,210,555,19,238,5,0,689,0,31,-6,444,0,4644
2024/12/26,16:00,4545,0,634,1545,124,211,543,19,238,0,0,714,0,108,-5,414,0,4545
2024/12/26,16:30,4587,0,635,1574,120,210,527,19,238,1,0,723,0,111,2,427,0,4587
2024/12/26,17:00,4536,0,642,1531,117,212,473,19,238,0,0,767,0,101,-5,441,0,4536
2024/12/26,17:30,4474,0,572,1591,117,212,488,19,239,0,0,782,0,70,-4,388,0,4474
2024/12/26,18:00,4474,0,578,1617,130,212,440,19,239,0,0,794,0,62,-5,388,0,4474
2024/12/26,18:30,4424,0,508,1616,119,211,441,19,239,0,0,818,0,80,-5,378,0,4424
2024/12/26,19:00,4329,0,466,1618,122,212,439,19,238,0,0,816,0,90,-5,314,0,4329
2024/12/26,19:30,4255,0,420,1617,117,211,428,19,239,0,0,833,0,89,-7,289,0,4255
2024/12/26,20:00,4286,0,384,1620,117,211,407,19,238,0,0,858,0,23,-5,414,0,4286
2024/12/26,20:30,4182,0,384,1603,117,211,375,19,239,0,0,859,0,0,-5,380,0,4182
2024/12/26,21:00,4233,0,440,1616,118,211,348,19,238,0,0,865,0,0,-6,384,0,4233
2024/12/26,21:30,4101,0,463,1618,118,212,318,19,238,0,0,858,0,0,-5,262,0,4101
2024/12/26,22:00,4033,0,428,1614,111,213,268,19,239,0,0,880,0,0,-5,266,0,4033
2024/12/26,22:30,3913,0,402,1561,131,212,261,19,238,0,0,886,0,0,-6,209,0,3913
2024/12/26,23:00,4064,0,341,1613,111,212,256,19,239,0,0,930,0,4,-5,344,0,4064
2024/12/26,23:30,4004,0,273,1604,111,212,256,19,238,0,0,956,0,0,-5,340,0,4004
2024/12/27,00:00,4000,0,243,1600,82,212,254,19,238,0,0,957,0,0,-5,400,0,4000
2024/12/27,00:30,3922,0,221,1584,58,211,247,19,238,0,0,950,0,0,-4,398,0,3922
2024/12/27,01:00,3987,0,241,1598,62,212,255,19,239,0,0,966,0,0,-4,399,0,3987
2024/12/27,01:30,4011,0,190,1608,97,212,265,19,238,0,0,962,0,0,-3,423,0,4011
2024/12/27,02:00,4098,0,250,1617,106,212,262,19,239,0,0,966,0,0,-3,430,0,4098
2024/12/27,02:30,4194,0,378,1616,145,212,261,19,239,0,0,955,0,0,-5,374,0,4194
2024/12/27,03:00,4234,0,294,1655,161,211,268,19,238,0,0,961,0,55,-5,377,0,4234
2024/12/27,03:30,4284,0,280,1659,161,212,288,19,237,0,0,950,0,68,-19,429,0,4284
2024/12/27,04:00,4312,0,282,1656,159,211,309,19,237,0,0,950,0,59,-6,436,0,4312
2024/12/27,04:30,4308,0,270,1654,160,211,363,19,237,0,0,954,0,0,-5,445,0,4308
2024/12/27,05:00,4340,0,280,1631,161,212,398,19,237,0,0,963,0,0,-5,444,0,4340
2024/12/27,05:30,4288,0,268,1575,161,212,416,19,237,0,0,965,0,0,3,432,0,4288
2024/12/27,06:00,4339,0,293,1577,160,212,482,19,236,0,0,951,0,0,-2,411,0,4339
2024/12/27,06:30,4325,0,299,1622,160,212,500,19,234,0,0,904,0,0,-4,379,0,4325
2024/12/27,07:00,4262,0,261,1606,161,212,512,19,233,9,0,891,0,0,-3,361,0,4262
2024/12/27,07:30,4376,0,306,1612,162,211,472,19,233,169,0,889,0,0,-7,310,0,4376
2024/12/27,08:00,4416,0,304,1641,169,211,420,19,233,358,0,889,0,41,-5,136,0,4416
2024/12/27,08:30,4476,0,296,1594,169,211,336,19,232,523,0,893,0,58,-4,149,0,4476
2024/12/27,09:00,4495,0,218,1547,123,211,279,19,232,670,0,890,0,95,-2,213,0,4495
2024/12/27,09:30,4455,0,208,1537,113,210,264,19,233,823,0,896,0,14,-5,143,0,4455
2024/12/27,10:00,4456,0,203,1545,113,210,245,19,233,929,0,945,0,0,-4,18,0,4456
2024/12/27,10:30,4408,0,207,1498,113,210,226,19,233,964,0,969,0,0,-3,-28,0,4408
2024/12/27,11:00,4396,0,223,1537,113,212,201,19,231,967,0,917,0,0,-2,-22,0,4396
2024/12/27,11:30,4308,0,211,1522,113,210,188,19,232,903,0,894,0,0,-2,18,0,4308
2024/12/27,12:00,4200,0,258,1575,114,211,184,19,233,826,0,896,0,0,-5,-111,0,4200
2024/12/27,12:30,4116,0,237,1519,113,210,185,19,233,780,0,894,0,0,-3,-71,0,4116
2024/12/27,13:00,4198,0,233,1470,113,210,192,19,224,676,0,901,0,0,-4,164,0,4198
2024/12/27,13:30,4176,0,194,1503,113,210,214,19,213,534,0,946,0,0,-3,233,0,4176
2024/12/27,14:00,4219,0,234,1576,113,210,254,19,214,385,0,986,0,0,-4,232,0,4219
2024/12/27,14:30,4241,0,280,1602,139,210,278,19,225,201,0,985,0,60,-5,247,0,4241
2024/12/27,15:00,4319,0,333,1590,166,211,308,19,235,88,0,961,0,99,-25,334,0,4319
2024/12/27,15:30,4451,0,376,1611,177,211,320,19,235,10,0,883,0,251,13,345,0,4451
2024/12/27,16:00,4419,0,431,1564,170,211,367,19,235,0,0,883,0,205,-6,340,0,4419
2024/12/27,16:30,4507,0,388,1617,166,211,419,19,237,0,0,895,0,186,39,330,0,4507
2024/12/27,17:00,4519,0,518,1616,192,211,430,19,238,0,0,924,0,135,-6,242,0,4519
2024/12/27,17:30,4451,0,472,1630,225,211,459,19,238,0,0,943,0,28,-5,231,0,4451
2024/12/27,18:00,4457,0,490,1618,209,211,471,19,238,0,0,958,0,4,-4,243,0,4457
2024/12/27,18:30,4431,0,453,1617,203,211,472,19,238,0,0,970,0,0,-4,252,0,4431
2024/12/27,19:00,4340,0,448,1615,176,211,469,19,238,0,0,992,0,0,-5,177,0,4340
2024/12/27,19:30,4284,0,482,1599,180,210,455,19,238,0,0,986,0,0,-5,120,0,4284
2024/12/27,20:00,4269,0,458,1608,166,212,368,19,238,0,0,998,0,0,-5,207,0,4269
2024/12/27,20:30,4169,0,426,1557,284,211,325,19,238,0,0,989,0,0,-5,125,0,4169
2024/12/27,21:00,4178,0,365,1568,253,211,316,19,238,0,0,989,0,0,-5,224,0,4178
2024/12/27,21:30,4066,0,354,1586,172,211,295,19,238,0,0,978,0,0,-6,219,0,4066
2024/12/27,22:00,3986,0,329,1550,151,211,287,19,238,0,0,978,0,0,-5,228,0,3986
2024/12/27,22:30,3884,0,328,1483,111,211,273,19,238,0,0,951,0,0,-7,277,0,3884
2024/12/27,23:00,4037,0,379,1600,111,211,260,19,238,0,0,956,0,4,-49,308,0,4037
2024/12/27,23:30,3989,0,328,1619,111,214,246,19,238,0,0,959,0,0,-46,301,0,3989
2024/12/28,00:00,3996,0,476,1619,111,222,205,19,238,0,0,986,0,0,-7,127,0,3996
2024/12/28,00:30,3928,0,489,1619,111,225,203,19,238,0,0,966,0,0,-3,61,0,3928
2024/12/28,01:00,3974,0,390,1615,111,233,230,19,238,0,0,966,0,0,-2,174,0,3974
2024/12/28,01:30,4032,0,374,1614,111,238,232,19,238,0,0,927,0,0,1,278,0,4032
2024/12/28,02:00,4079,0,392,1620,111,238,282,19,238,0,0,908,0,0,-3,274,0,4079
2024/12/28,02:30,4145,0,374,1619,111,237,303,19,238,0,0,905,0,0,-5,344,0,4145
2024/12/28,03:00,4194,0,426,1620,111,238,310,19,238,0,0,886,0,0,-32,378,0,4194
2024/12/28,03:30,4206,0,383,1618,111,237,325,19,238,0,0,888,0,0,-5,392,0,4206
2024/12/28,04:00,4211,0,377,1619,111,238,399,19,238,0,0,851,0,0,-4,363,0,4211
2024/12/28,04:30,4183,0,431,1617,112,237,420,19,238,0,0,804,0,0,-4,309,0,4183
2024/12/28,05:00,4164,0,509,1619,122,238,458,19,238,0,0,748,0,0,-4,217,0,4164
2024/12/28,05:30,4094,0,491,1619,112,237,456,19,238,0,0,728,0,0,3,191,0,4094
2024/12/28,06:00,4102,0,472,1644,120,237,457,19,238,0,0,677,0,13,-4,229,0,4102
2024/12/28,06:30,4054,0,444,1656,111,237,420,19,238,0,0,651,0,67,-3,214,0,4054
2024/12/28,07:00,3998,0,479,1662,145,238,416,19,238,10,0,626,0,35,-2,132,0,3998
2024/12/28,07:30,4072,0,516,1662,257,237,376,19,237,208,0,611,0,0,-4,-47,0,4072
2024/12/28,08:00,4092,0,517,1659,221,237,307,19,238,435,0,612,0,0,-6,-147,0,4092
2024/12/28,08:30,4070,0,445,1595,118,237,299,19,238,674,0,605,0,0,-3,-157,0,4070
2024/12/28,09:00,4021,0,338,1462,91,237,290,19,237,879,0,617,0,0,-3,-146,0,4021
2024/12/28,09:30,3929,0,310,1259,64,237,268,19,237,1012,0,642,0,0,-4,-115,0,3929
2024/12/28,10:00,3887,0,267,1224,64,224,244,19,237,1122,0,643,0,0,-3,-154,0,3887
2024/12/28,10:30,3809,0,200,1114,64,198,244,19,238,1217,0,664,0,0,-3,-146,0,3809
2024/12/28,11:00,3791,0,200,1130,64,190,239,19,238,1238,0,625,0,0,-2,-150,0,3791
2024/12/28,11:30,3701,0,176,1113,64,192,225,19,237,1194,0,581,0,0,0,-100,0,3701
2024/12/28,12:00,3617,0,162,1057,64,193,222,19,237,1137,0,579,0,0,-2,-51,0,3617
2024/12/28,12:30,3533,0,164,991,64,193,228,19,237,1035,0,579,0,0,-2,25,0,3533
2024/12/28,13:00,3517,0,203,1184,64,191,229,19,229,892,0,568,0,0,-4,-58,0,3517
2024/12/28,13:30,3457,0,184,1277,64,191,241,19,217,707,0,571,0,0,-4,-10,0,3457
2024/12/28,14:00,3542,0,228,1437,64,206,264,19,222,546,0,576,0,0,-3,-17,0,3542
2024/12/28,14:30,3584,0,419,1502,112,231,277,19,235,279,0,539,0,3,-3,-29,0,3584
2024/12/28,15:00,3722,0,509,1563,293,237,307,19,238,117,0,500,0,70,-40,-91,0,3722
2024/12/28,15:30,3858,0,419,1607,249,237,433,19,238,17,0,472,0,70,13,84,0,3858
2024/12/28,16:00,3909,0,375,1630,116,237,577,19,238,0,0,461,0,50,-21,227,0,3909
2024/12/28,16:30,4053,0,283,1570,94,237,692,19,238,0,0,459,0,252,-5,214,0,4053
2024/12/28,17:00,4117,0,521,1568,64,237,626,19,238,0,0,469,0,128,-11,258,0,4117
2024/12/28,17:30,4123,0,625,1636,108,237,558,19,239,0,0,473,0,103,-5,130,0,4123
2024/12/28,18:00,4132,0,573,1660,240,237,549,19,238,0,0,484,0,73,-5,64,0,4132
2024/12/28,18:30,4124,0,584,1658,166,237,518,19,238,0,0,471,0,88,-5,150,0,4124
2024/12/28,19:00,4072,0,574,1662,195,237,516,19,238,0,0,416,0,78,-4,141,0,4072
2024/12/28,19:30,4030,0,568,1659,307,237,439,19,239,0,0,348,0,20,-5,199,0,4030
2024/12/28,20:00,4051,0,547,1659,292,238,457,19,239,0,0,312,0,20,-3,271,0,4051
2024/12/28,20:30,3939,0,547,1659,251,237,449,19,238,0,0,289,0,20,-2,232,0,3939
2024/12/28,21:00,3993,0,544,1660,290,238,419,19,238,0,0,293,0,21,10,261,0,3993
2024/12/28,21:30,3913,0,561,1662,273,238,381,19,239,0,0,284,0,17,-5,244,0,3913
2024/12/28,22:00,3828,0,536,1657,199,238,346,19,238,0,0,288,0,19,12,276,0,3828
2024/12/28,22:30,3752,0,538,1646,161,237,341,19,238,0,0,272,0,19,-5,286,0,3752
2024/12/28,23:00,3946,0,552,1659,214,239,328,19,238,0,0,283,0,23,-6,397,0,3946
2024/12/28,23:30,3870,0,565,1660,197,238,317,19,238,0,0,276,0,21,-46,385,0,3870
2024/12/29,00:00,3865,0,456,1657,130,238,285,19,239,0,0,253,0,173,-2,417,0,3865
2024/12/29,00:30,3823,0,476,1657,119,238,290,19,238,0,0,253,0,133,-4,404,0,3823
2024/12/29,01:00,3925,0,526,1659,159,238,303,19,238,0,0,256,0,135,-1,393,0,3925
2024/12/29,01:30,3959,0,525,1658,159,238,348,19,238,0,0,257,0,155,-3,365,0,3959
2024/12/29,02:00,4051,0,519,1662,127,238,375,19,238,0,0,269,0,155,-3,452,0,4051
2024/12/29,02:30,4119,0,523,1659,124,238,441,19,238,0,0,300,0,147,-1,431,0,4119
2024/12/29,03:00,4174,0,498,1657,115,237,491,19,238,0,0,293,0,191,3,432,0,4174
2024/12/29,03:30,4188,0,505,1656,119,238,504,19,238,0,0,288,0,207,-29,443,0,4188
2024/12/29,04:00,4203,0,493,1657,141,237,502,19,238,0,0,301,0,192,-4,427,0,4203
2024/12/29,04:30,4185,0,501,1658,127,238,521,19,238,0,0,344,0,105,-4,438,0,4185
2024/12/29,05:00,4159,0,430,1662,115,238,528,19,238,0,0,409,0,104,-5,421,0,4159
2024/12/29,05:30,4087,0,420,1660,112,238,438,19,238,0,0,428,0,84,5,445,0,4087
2024/12/29,06:00,4103,0,431,1658,115,238,433,19,238,0,0,486,0,58,-4,431,0,4103
2024/12/29,06:30,3977,0,381,1659,111,238,389,19,238,0,0,528,0,33,-5,386,0,3977
2024/12/29,07:00,3839,0,249,1661,111,237,376,19,238,8,0,513,0,0,-4,431,0,3839
2024/12/29,07:30,3887,0,317,1660,111,237,336,19,238,187,0,516,0,0,-4,270,0,3887
2024/12/29,08:00,3873,0,410,1660,122,237,289,19,237,388,0,509,0,0,-4,6,0,3873
2024/12/29,08:30,3863,0,411,1649,112,237,284,19,237,573,0,499,0,0,-3,-155,0,3863
2024/12/29,09:00,3836,0,303,1531,112,237,258,19,238,777,0,527,0,0,-4,-162,0,3836
2024/12/29,09:30,3712,0,246,1324,98,237,249,19,236,932,0,564,0,-178,-3,-12,0,3712
2024/12/29,10:00,3657,0,213,1384,59,224,229,19,238,1044,0,545,0,-229,-3,-66,0,3657
2024/12/29,10:30,3595,0,179,1465,59,199,225,19,238,990,0,572,0,-230,-3,-118,0,3595
2024/12/29,11:00,3554,0,173,1460,58,191,218,19,237,985,0,575,0,-230,-3,-129,0,3554
2024/12/29,11:30,3548,0,144,1402,58,192,220,19,238,1044,0,579,0,-229,-2,-117,0,3548
2024/12/29,12:00,3573,0,144,1401,58,191,232,19,237,997,0,609,0,-226,-3,-86,0,3573
2024/12/29,12:30,3505,0,150,1431,59,192,231,19,238,917,0,629,0,-230,-3,-128,0,3505
2024/12/29,13:00,3505,0,162,1483,59,192,232,19,229,763,0,617,0,-227,-1,-23,0,3505
2024/12/29,13:30,3541,0,282,1408,95,192,229,19,217,632,0,589,0,-228,-5,111,0,3541
2024/12/29,14:00,3635,0,301,1439,112,207,234,19,224,446,0,559,0,-82,-3,179,0,3635
2024/12/29,14:30,3705,0,326,1550,112,232,254,19,237,254,0,542,0,0,-4,183,0,3705
2024/12/29,15:00,3841,0,439,1611,122,238,300,19,238,106,0,542,0,0,-42,268,0,3841
2024/12/29,15:30,3971,0,463,1622,120,238,369,19,238,19,0,485,0,20,-6,384,0,3971
2024/12/29,16:00,3918,0,474,1641,114,237,426,19,238,0,0,465,0,23,-6,287,0,3918
2024/12/29,16:30,4074,0,494,1638,111,237,443,19,238,1,0,474,0,18,-5,406,0,4074
2024/12/29,17:00,4140,0,552,1659,112,237,515,19,238,0,0,482,0,17,-6,315,0,4140
2024/12/29,17:30,4140,0,514,1659,124,237,537,19,238,0,0,588,0,16,-4,212,0,4140
2024/12/29,18:00,4182,0,500,1658,113,237,533,19,239,0,0,653,0,19,-3,214,0,4182
2024/12/29,18:30,4164,0,512,1657,114,237,516,19,238,0,0,686,0,19,-3,169,0,4164
2024/12/29,19:00,4107,0,485,1658,114,237,521,19,238,0,0,670,0,21,-2,146,0,4107
2024/12/29,19:30,4069,0,540,1657,208,237,508,19,238,0,0,612,0,16,-4,38,0,4069
2024/12/29,20:00,4069,0,556,1656,270,237,459,19,238,0,0,617,0,18,-3,2,0,4069
2024/12/29,20:30,3985,0,567,1654,306,237,383,19,239,0,0,606,0,17,-2,-41,0,3985
2024/12/29,21:00,4009,0,565,1653,288,239,352,19,239,0,0,610,0,16,39,-11,0,4009
2024/12/29,21:30,3909,0,553,1654,207,238,329,19,239,0,0,630,0,19,-4,25,0,3909
2024/12/29,22:00,3838,0,520,1657,228,238,283,19,238,0,0,630,0,24,17,-16,0,3838
2024/12/29,22:30,3774,0,481,1648,303,238,264,19,238,0,0,637,0,19,-8,-65,0,3774
2024/12/29,23:00,3924,0,494,1652,244,238,253,19,239,0,0,677,0,22,-47,133,0,3924
2024/12/29,23:30,3854,0,473,1651,119,238,251,19,238,0,0,675,0,19,-46,217,0,3854
2024/12/30,00:00,3884,0,467,1657,117,236,230,19,238,0,0,686,0,21,-3,216,0,3884
2024/12/30,00:30,3820,0,365,1642,115,234,237,19,238,0,0,744,0,17,-4,213,0,3820
2024/12/30,01:00,3892,0,322,1648,117,234,250,19,239,0,0,757,0,7,-2,301,0,3892
2024/12/30,01:30,3932,0,400,1582,159,233,275,19,238,0,0,713,0,0,-2,315,0,3932
2024/12/30,02:00,3990,0,495,1425,223,234,311,19,239,0,0,705,0,0,-1,340,0,3990
2024/12/30,02:30,4066,0,409,1393,237,234,352,19,238,0,0,725,0,33,-2,428,0,4066
2024/12/30,03:00,4129,0,434,1402,130,234,436,19,239,0,0,739,0,82,-11,425,0,4129
2024/12/30,03:30,4149,0,443,1404,114,234,447,19,238,0,0,733,0,92,-22,447,0,4149
2024/12/30,04:00,4165,0,379,1401,115,234,490,19,239,0,0,702,0,235,-5,356,0,4165
2024/12/30,04:30,4147,0,411,1398,114,234,522,19,239,0,0,678,0,223,-4,313,0,4147
2024/12/30,05:00,4146,0,494,1392,167,234,487,19,238,0,0,641,0,264,-5,215,0,4146
2024/12/30,05:30,4078,0,483,1412,144,233,502,19,238,0,0,616,0,223,10,198,0,4078
2024/12/30,06:00,4094,0,502,1426,114,234,505,19,238,0,0,633,0,155,-5,273,0,4094
2024/12/30,06:30,4000,0,489,1447,113,233,483,19,238,0,0,602,0,135,-6,247,0,4000
2024/12/30,07:00,3892,0,500,1451,113,234,456,19,238,9,0,553,0,81,-4,242,0,3892
2024/12/30,07:30,3964,0,529,1460,114,234,405,19,238,191,0,522,0,20,-3,235,0,3964
2024/12/30,08:00,3971,0,528,1469,177,233,344,19,238,415,0,493,0,17,-5,43,0,3971
2024/12/30,08:30,3923,0,445,1482,123,233,329,19,237,622,0,443,0,15,-3,-22,0,3923
2024/12/30,09:00,3874,0,347,1460,114,233,287,19,238,797,0,410,0,0,-3,-28,0,3874
2024/12/30,09:30,3826,0,315,1440,114,232,267,19,238,936,0,395,0,0,-3,-127,0,3826
2024/12/30,10:00,3664,0,374,1469,114,220,255,19,238,947,0,331,0,-173,-4,-126,0,3664
2024/12/30,10:30,3646,0,394,1505,114,194,260,19,239,999,0,281,0,-233,-2,-124,0,3646
2024/12/30,11:00,3725,0,455,1498,114,186,253,19,239,1067,0,253,0,-233,-3,-123,0,3725
2024/12/30,11:30,3579,0,264,1476,115,188,251,19,238,1039,0,225,0,-233,-2,-1,0,3579
2024/12/30,12:00,3452,0,155,1420,110,188,267,19,238,990,0,221,0,-233,-4,81,0,3452
2024/12/30,12:30,3384,0,292,1475,66,188,262,19,239,899,0,200,0,-230,-3,-23,0,3384
2024/12/30,13:00,3286,0,210,1516,61,203,251,19,229,748,0,174,0,-233,-3,111,0,3286
2024/12/30,13:30,3346,0,350,1541,61,227,250,19,218,679,0,150,0,-232,-3,86,0,3346
2024/12/30,14:00,3429,0,525,1554,58,234,258,19,229,508,0,162,0,-166,-3,51,0,3429
2024/12/30,14:30,3477,0,575,1554,85,233,287,19,238,314,0,132,0,5,-4,39,0,3477
2024/12/30,15:00,3621,0,632,1563,188,233,361,19,239,154,0,88,0,67,-40,117,0,3621
2024/12/30,15:30,3761,0,584,1580,317,232,492,19,239,21,0,51,0,26,-5,205,0,3761
2024/12/30,16:00,3813,0,513,1582,241,233,600,19,238,0,0,30,0,20,-8,345,0,3813
2024/12/30,16:30,4001,0,549,1600,276,233,623,19,238,1,0,27,0,20,-5,420,0,4001
2024/12/30,17:00,4073,0,555,1617,309,234,651,19,239,0,0,35,0,20,-5,399,0,4073
2024/12/30,17:30,4075,0,564,1620,302,234,618,19,238,0,0,46,0,19,-4,419,0,4075
2024/12/30,18:00,4113,0,595,1623,317,233,583,19,239,0,0,48,0,42,-4,418,0,4113
2024/12/30,18:30,4089,0,618,1624,323,233,583,19,238,0,0,53,0,81,-3,320,0,4089
2024/12/30,19:00,4038,0,620,1625,318,233,529,19,238,0,0,52,0,80,-2,326,0,4038
2024/12/30,19:30,4004,0,601,1624,262,233,528,19,238,0,0,81,0,77,-3,344,0,4004
2024/12/30,20:00,4009,0,623,1622,257,234,488,19,238,0,0,86,0,94,-3,351,0,4009
2024/12/30,20:30,3911,0,586,1620,248,234,442,19,238,0,0,106,0,74,-2,346,0,3911
2024/12/30,21:00,3947,0,592,1624,215,234,437,19,239,0,0,131,0,96,-5,365,0,3947
2024/12/30,21:30,3835,0,615,1623,253,234,395,19,239,0,0,136,0,24,6,291,0,3835
2024/12/30,22:00,3766,0,599,1629,243,234,364,19,239,0,0,165,0,20,-4,258,0,3766
2024/12/30,22:30,3692,0,579,1621,260,234,348,19,238,0,0,168,0,22,-31,234,0,3692
2024/12/30,23:00,3836,0,574,1615,286,233,312,19,239,0,0,214,0,87,-6,263,0,3836
2024/12/30,23:30,3790,0,542,1618,234,233,305,19,239,0,0,233,0,71,-7,303,0,3790
2024/12/31,00:00,3821,0,523,1623,253,234,298,19,239,0,0,252,0,132,-2,250,0,3821
2024/12/31,00:30,3759,0,557,1623,215,234,293,19,239,0,0,270,0,104,-4,209,0,3759
2024/12/31,01:00,3845,0,557,1618,201,234,318,19,239,0,0,248,0,114,-3,300,0,3845
2024/12/31,01:30,3885,0,542,1620,217,234,354,19,239,0,0,241,0,136,-5,288,0,3885
2024/12/31,02:00,3957,0,558,1621,163,235,436,19,239,0,0,224,0,157,-4,309,0,3957
2024/12/31,02:30,4041,0,562,1623,174,235,493,19,239,0,0,218,0,153,-3,328,0,4041
2024/12/31,03:00,4171,0,621,1623,182,234,477,19,239,0,0,198,0,217,-19,380,0,4171
2024/12/31,03:30,4209,0,604,1621,219,234,486,19,239,0,0,186,0,191,13,397,0,4209
2024/12/31,04:00,4282,0,580,1626,305,234,421,19,239,0,0,168,0,211,32,447,0,4282
2024/12/31,04:30,4288,0,608,1624,329,234,436,19,239,0,0,145,0,250,-45,449,0,4288
2024/12/31,05:00,4280,0,611,1625,339,234,418,19,239,0,0,125,0,237,-4,437,0,4280
2024/12/31,05:30,4204,0,640,1623,348,234,434,19,239,0,0,130,0,125,-6,418,0,4204
2024/12/31,06:00,4166,0,597,1624,314,234,575,19,239,0,0,134,0,20,-4,414,0,4166
2024/12/31,06:30,4056,0,611,1596,203,234,596,19,239,0,0,115,0,20,-4,427,0,4056
2024/12/31,07:00,3950,0,622,1591,204,234,575,19,239,3,0,94,0,20,-3,352,0,3950
2024/12/31,07:30,4036,0,643,1620,332,233,414,19,239,86,0,75,0,27,-4,352,0,4036
2024/12/31,08:00,4097,0,643,1624,399,234,356,19,239,135,0,61,0,55,-3,335,0,4097
2024/12/31,08:30,4125,0,632,1623,413,233,389,19,239,101,0,66,0,45,-3,368,0,4125
2024/12/31,09:00,4150,0,590,1618,292,233,439,19,239,98,0,69,0,180,-5,378,0,4150
2024/12/31,09:30,4116,0,565,1619,281,233,444,19,238,100,0,73,0,154,-3,393,0,4116
2024/12/31,10:00,4099,0,566,1621,283,234,383,19,239,111,0,43,0,190,-4,414,0,4099
2024/12/31,10:30,4013,0,571,1621,239,234,397,19,238,97,0,42,0,154,-3,404,0,4013
2024/12/31,11:00,4018,0,571,1626,350,233,387,19,239,95,0,24,0,110,-4,368,0,4018
2024/12/31,11:30,3974,0,552,1627,360,232,383,19,238,89,0,16,0,95,-4,367,0,3974
2024/12/31,12:00,3927,0,603,1623,287,233,339,19,239,83,0,16,0,94,2,389,0,3927
2024/12/31,12:30,3841,0,601,1623,231,233,341,19,239,91,0,21,0,58,-4,388,0,3841
2024/12/31,13:00,3784,0,590,1628,193,231,342,19,229,85,0,55,0,23,-3,392,0,3784
2024/12/31,13:30,3738,0,581,1626,170,234,367,19,219,72,0,63,0,0,-3,390,0,3738
2024/12/31,14:00,3702,0,466,1585,158,233,509,19,226,56,0,91,0,0,-2,361,0,3702
2024/12/31,14:30,3698,0,436,1562,157,234,547,19,239,36,0,116,0,0,-4,356,0,3698
2024/12/31,15:00,3741,0,432,1520,158,232,575,19,239,21,0,167,0,0,-6,384,0,3741
2024/12/31,15:30,3785,0,453,1478,158,232,588,19,239,7,0,201,0,8,-22,424,0,3785
2024/12/31,16:00,3774,0,488,1473,158,233,602,19,239,0,0,207,0,1,-5,359,0,3774
2024/12/31,16:30,3884,0,503,1501,158,233,623,19,238,0,0,233,0,0,-4,380,0,3884
2024/12/31,17:00,3922,0,515,1495,158,233,625,19,239,0,0,272,0,0,-5,371,0,3922
2024/12/31,17:30,3888,0,459,1524,150,233,613,19,239,0,0,294,0,0,-24,381,0,3888
2024/12/31,18:00,3867,0,590,1533,150,234,440,19,239,0,0,336,0,0,11,315,0,3867
2024/12/31,18:30,3831,0,508,1556,268,234,383,19,238,0,0,352,0,0,7,266,0,3831
2024/12/31,19:00,3783,0,453,1746,181,233,361,19,238,0,0,305,0,0,-7,254,0,3783
2024/12/31,19:30,3771,0,401,1833,110,233,360,19,240,0,0,309,0,0,-7,273,0,3771
2024/12/31,20:00,3842,0,419,1842,111,233,371,19,239,0,0,250,0,0,-5,363,0,3842
2024/12/31,20:30,3794,0,455,1788,175,233,321,19,239,0,0,284,0,0,-6,286,0,3794
2024/12/31,21:00,3901,0,489,1753,218,234,319,19,239,0,0,239,0,0,-6,397,0,3901
2024/12/31,21:30,3857,0,470,1735,282,233,317,19,239,0,0,243,0,13,-7,313,0,3857
2024/12/31,22:00,3841,0,503,1740,210,234,317,19,238,0,0,265,0,18,-6,303,0,3841
2024/12/31,22:30,3821,0,479,1664,258,234,353,19,238,0,0,263,0,16,-7,304,0,3821
2024/12/31,23:00,4068,0,494,1747,251,234,454,19,238,0,0,258,0,15,-8,366,0,4068
2024/12/31,23:30,4046,0,481,1787,136,234,510,19,239,0,0,261,0,15,-21,385,0,4046
