単位[MW平均],,,供給力,,,,,,,,,,,,,,,,,,
DATE,TIME,エリア需要,原子力,火力(LNG),火力(石炭),火力(石油),火力(その他),火力出力制御量,水力,地熱,バイオマス,バイオマス出力制御量,太陽光発電実績,太陽光出力制御量,風力発電実績,風力出力制御量,揚水,蓄電池,連系線,その他,合計
2025/12/01,00:00,3040,0,83,1733,372,239,0,419,1,289,0,0,0,224,0,15,-6,-329,0,3040
2025/12/01,00:30,3010,0,87,1701,353,238,0,452,1,288,0,0,0,213,0,44,-4,-363,0,3010
2025/12/01,01:00,3134,0,142,1804,355,239,0,497,1,288,0,0,0,199,0,18,-5,-404,0,3134
2025/12/01,01:30,3126,0,179,1686,349,239,0,523,1,289,0,0,0,163,0,21,-5,-319,0,3126
2025/12/01,02:00,3184,0,213,1712,300,239,0,534,1,288,0,0,0,147,0,30,-4,-276,0,3184
2025/12/01,02:30,3270,0,266,1832,256,239,0,552,1,289,0,0,0,178,0,13,-6,-350,0,3270
2025/12/01,03:00,3357,0,412,1884,254,238,0,574,1,288,0,0,0,181,0,0,-3,-472,0,3357
2025/12/01,03:30,3427,0,470,1872,254,238,0,567,1,289,0,0,0,207,0,0,-5,-466,0,3427
2025/12/01,04:00,3504,0,464,1878,254,238,0,559,1,289,0,0,0,213,0,0,-4,-388,0,3504
2025/12/01,04:30,3516,0,477,1875,254,238,0,554,1,288,0,0,0,232,0,0,-6,-397,0,3516
2025/12/01,05:00,3531,0,407,1875,254,223,0,539,1,289,0,0,0,267,0,32,-5,-351,0,3531
2025/12/01,05:30,3521,0,410,1874,254,193,0,539,1,288,0,0,0,345,0,60,-5,-438,0,3521
2025/12/01,06:00,3612,0,409,1879,254,185,0,557,1,289,0,0,0,425,0,60,-6,-441,0,3612
2025/12/01,06:30,3572,0,304,1837,254,189,0,545,1,288,0,2,0,511,0,95,-14,-440,0,3572
2025/12/01,07:00,3660,0,365,1830,218,196,0,458,1,289,0,84,0,528,0,24,-25,-308,0,3660
2025/12/01,07:30,3788,0,401,1868,134,186,0,387,1,288,0,221,0,620,0,20,-30,-308,0,3788
2025/12/01,08:00,3883,0,296,1808,70,184,0,361,1,288,0,392,0,689,0,26,-30,-202,0,3883
2025/12/01,08:30,3983,0,215,1654,15,184,0,352,1,288,0,525,0,747,0,29,-28,1,0,3983
2025/12/01,09:00,4149,0,238,1671,14,199,0,339,1,287,0,614,0,726,0,32,-1,29,0,4149
2025/12/01,09:30,4231,0,230,1648,14,211,0,332,1,287,0,710,0,735,0,25,-3,41,0,4231
2025/12/01,10:00,4215,0,225,1645,14,188,0,312,1,287,0,702,0,781,0,20,-6,46,0,4215
2025/12/01,10:30,3997,0,214,1462,14,183,0,300,1,287,0,703,0,761,0,-25,-6,103,0,3997
2025/12/01,11:00,3826,0,211,1304,14,183,0,290,1,286,0,792,0,716,0,-209,-4,242,0,3826
2025/12/01,11:30,3786,0,243,1153,13,186,0,292,1,286,0,884,0,734,0,-213,-3,210,0,3786
2025/12/01,12:00,3770,0,234,1232,15,198,0,290,1,289,0,911,0,702,0,-211,-5,114,0,3770
2025/12/01,12:30,3660,0,217,1210,38,193,0,293,1,289,0,853,0,682,0,-216,-5,105,0,3660
2025/12/01,13:00,3697,0,212,1259,59,192,0,321,1,283,0,776,0,706,0,-213,-3,104,0,3697
2025/12/01,13:30,3723,0,245,1413,62,185,0,332,1,273,0,658,0,822,0,-215,-4,-49,0,3723
2025/12/01,14:00,3705,0,315,1526,103,183,0,367,1,281,0,511,0,844,0,-212,-3,-211,0,3705
2025/12/01,14:30,3683,0,322,1442,143,188,0,393,1,294,0,284,0,880,0,-90,-4,-170,0,3683
2025/12/01,15:00,3739,0,218,1576,194,217,0,421,1,289,0,91,0,910,0,0,-4,-174,0,3739
2025/12/01,15:30,3889,0,343,1714,268,235,0,444,1,289,0,9,0,883,0,0,-3,-294,0,3889
2025/12/01,16:00,3982,0,235,1725,343,240,0,521,1,291,0,0,0,869,0,100,66,-409,0,3982
2025/12/01,16:30,4030,0,248,1773,353,241,0,537,1,294,0,0,0,876,0,114,77,-484,0,4030
2025/12/01,17:00,4024,0,388,1900,355,241,0,603,1,294,0,0,0,854,0,0,-3,-609,0,4024
2025/12/01,17:30,3998,0,368,1892,352,241,0,633,1,289,0,0,0,858,0,0,58,-694,0,3998
2025/12/01,18:00,3943,0,293,1882,352,241,0,647,1,288,0,0,0,844,0,0,76,-681,0,3943
2025/12/01,18:30,3907,0,361,1886,353,241,0,618,1,287,0,0,0,839,0,0,30,-709,0,3907
2025/12/01,19:00,3864,0,344,1898,351,241,0,574,1,287,0,0,0,875,0,0,-5,-702,0,3864
2025/12/01,19:30,3796,0,311,1867,351,238,0,571,1,287,0,0,0,874,0,0,-5,-699,0,3796
2025/12/01,20:00,3740,0,275,1883,351,238,0,558,1,288,0,0,0,828,0,0,-5,-677,0,3740
2025/12/01,20:30,3646,0,258,1878,352,238,0,505,1,287,0,0,0,813,0,0,-5,-681,0,3646
2025/12/01,21:00,3593,0,271,1877,351,238,0,479,1,288,0,0,0,763,0,0,-6,-669,0,3593
2025/12/01,21:30,3483,0,224,1821,351,238,0,471,1,287,0,0,0,769,0,0,-6,-673,0,3483
2025/12/01,22:00,3392,0,200,1764,348,238,0,426,1,287,0,0,0,776,0,0,-5,-643,0,3392
2025/12/01,22:30,3342,0,235,1703,349,238,0,431,1,288,0,0,0,763,0,0,-6,-660,0,3342
2025/12/01,23:00,3466,0,274,1809,349,238,0,430,1,288,0,0,0,749,0,0,-15,-657,0,3466
2025/12/01,23:30,3384,0,237,1825,314,238,0,425,1,287,0,0,0,744,0,0,-22,-665,0,3384
2025/12/02,00:00,3368,0,245,1770,300,238,0,426,1,287,0,0,0,729,0,0,6,-634,0,3368
2025/12/02,00:30,3278,0,246,1686,300,239,0,421,1,287,0,0,0,716,0,0,5,-623,0,3278
2025/12/02,01:00,3346,0,291,1759,300,238,0,403,1,288,0,0,0,701,0,0,6,-641,0,3346
2025/12/02,01:30,3380,0,278,1810,300,237,0,396,1,287,0,0,0,678,0,0,5,-612,0,3380
2025/12/02,02:00,3441,0,317,1889,300,239,0,387,1,288,0,0,0,632,0,0,4,-616,0,3441
2025/12/02,02:30,3501,0,357,1876,300,238,0,371,1,288,0,0,0,586,0,0,5,-521,0,3501
2025/12/02,03:00,3598,0,514,1887,349,238,0,381,1,288,0,0,0,524,0,0,-6,-578,0,3598
2025/12/02,03:30,3656,0,566,1878,439,238,0,399,1,288,0,0,0,494,0,0,-5,-642,0,3656
2025/12/02,04:00,3713,0,551,1883,371,238,0,399,1,288,0,0,0,466,0,0,-5,-479,0,3713
2025/12/02,04:30,3739,0,575,1869,395,238,0,403,1,288,0,0,0,443,0,0,-7,-466,0,3739
2025/12/02,05:00,3765,0,572,1836,368,222,0,470,1,288,0,0,0,424,0,0,-6,-410,0,3765
2025/12/02,05:30,3745,0,585,1773,401,193,0,492,1,287,0,0,0,423,0,0,-7,-403,0,3745
2025/12/02,06:00,3803,0,538,1731,386,184,0,534,1,287,0,0,0,392,0,0,-3,-247,0,3803
2025/12/02,06:30,3763,0,557,1720,376,185,0,524,1,286,0,3,0,329,0,0,-5,-213,0,3763
2025/12/02,07:00,3759,0,545,1735,350,185,0,453,1,287,0,115,0,296,0,0,-28,-180,0,3759
2025/12/02,07:30,3751,0,431,1723,243,184,0,414,1,287,0,342,0,298,0,0,-29,-143,0,3751
2025/12/02,08:00,3910,0,451,1753,161,182,0,353,1,287,0,660,0,321,0,0,-28,-231,0,3910
2025/12/02,08:30,3966,0,400,1735,114,177,0,348,1,286,0,966,0,313,0,0,-5,-369,0,3966
2025/12/02,09:00,3973,0,391,1726,113,188,0,347,1,287,0,1122,0,302,0,0,-4,-500,0,3973
2025/12/02,09:30,4001,0,360,1729,113,219,0,345,1,287,0,1256,0,315,0,0,-4,-620,0,4001
2025/12/02,10:00,4001,0,251,1741,90,227,0,316,1,284,0,1313,0,358,0,0,-4,-576,0,4001
2025/12/02,10:30,3997,0,274,1726,60,227,0,314,1,283,0,1285,0,359,0,0,-5,-527,0,3997
2025/12/02,11:00,4060,0,345,1737,60,226,0,310,1,285,0,1265,0,331,0,0,-5,-495,0,4060
2025/12/02,11:30,4114,0,499,1729,77,227,0,313,1,284,0,1108,0,312,0,11,-2,-445,0,4114
2025/12/02,12:00,4088,0,511,1767,114,227,0,313,1,283,0,918,0,340,0,11,-4,-393,0,4088
2025/12/02,12:30,4042,0,442,1751,119,227,0,316,1,283,0,751,0,400,0,0,-3,-245,0,4042
2025/12/02,13:00,4195,0,504,1757,176,227,0,322,1,272,0,606,0,399,0,0,-3,-66,0,4195
2025/12/02,13:30,4175,0,506,1741,157,226,0,362,1,259,0,458,0,381,0,0,-3,87,0,4175
2025/12/02,14:00,4108,0,478,1791,143,227,0,414,1,270,0,329,0,382,0,0,-2,75,0,4108
2025/12/02,14:30,4016,0,458,1795,162,226,0,475,1,280,0,155,0,326,0,3,-4,139,0,4016
2025/12/02,15:00,3999,0,504,1822,214,226,0,539,1,281,0,36,0,218,0,5,-4,157,0,3999
2025/12/02,15:30,4147,0,545,1831,425,227,0,576,1,280,0,3,0,160,0,9,-6,96,0,4147
2025/12/02,16:00,4218,0,473,1862,436,229,0,646,1,279,0,0,0,116,0,52,-5,129,0,4218
2025/12/02,16:30,4218,0,469,1868,378,218,0,669,1,282,0,0,0,131,0,159,-4,47,0,4218
2025/12/02,17:00,4158,0,433,1882,355,219,0,685,1,285,0,0,0,146,0,152,-6,6,0,4158
2025/12/02,17:30,4110,0,427,1877,360,220,0,701,1,286,0,0,0,177,0,136,-5,-70,0,4110
2025/12/02,18:00,4062,0,482,1885,421,220,0,720,1,286,0,0,0,188,0,119,-5,-255,0,4062
2025/12/02,18:30,4026,0,559,1883,499,219,0,666,1,286,0,0,0,207,0,25,-4,-315,0,4026
2025/12/02,19:00,3973,0,547,1885,495,220,0,633,1,287,0,0,0,248,0,0,-5,-338,0,3973
2025/12/02,19:30,3875,0,517,1876,406,217,0,625,1,288,0,0,0,315,0,0,-5,-365,0,3875
2025/12/02,20:00,3847,0,535,1879,408,217,0,573,1,288,0,0,0,356,0,8,-4,-414,0,3847
2025/12/02,20:30,3737,0,553,1875,458,217,0,518,1,287,0,0,0,380,0,0,-5,-547,0,3737
2025/12/02,21:00,3703,0,499,1878,435,217,0,474,1,287,0,0,0,400,0,0,-5,-483,0,3703
2025/12/02,21:30,3573,0,355,1836,355,217,0,452,1,288,0,0,0,410,0,0,-5,-336,0,3573
2025/12/02,22:00,3499,0,213,1762,353,217,0,443,1,287,0,0,0,427,0,0,-5,-199,0,3499
2025/12/02,22:30,3433,0,268,1717,353,217,0,442,1,288,0,0,0,448,0,1,-5,-297,0,3433
2025/12/02,23:00,3519,0,345,1728,354,217,0,438,1,288,0,0,0,439,0,9,-5,-295,0,3519
2025/12/02,23:30,3443,0,262,1722,353,217,0,433,1,288,0,0,0,532,0,0,-5,-360,0,3443
2025/12/03,00:00,3413,0,211,1700,353,218,0,413,1,289,0,0,0,650,0,0,3,-425,0,3413
2025/12/03,00:30,3395,0,264,1647,353,218,0,415,1,288,0,0,0,728,0,0,-23,-496,0,3395
2025/12/03,01:00,3472,0,310,1694,353,219,0,410,1,289,0,0,0,736,0,0,5,-545,0,3472
2025/12/03,01:30,3480,0,319,1701,353,218,0,407,1,288,0,0,0,746,0,0,3,-556,0,3480
2025/12/03,02:00,3491,0,351,1722,353,218,0,400,1,289,0,0,0,733,0,0,5,-581,0,3491
2025/12/03,02:30,3589,0,459,1762,353,218,0,387,1,288,0,0,0,711,0,0,5,-595,0,3589
2025/12/03,03:00,3645,0,472,1811,353,218,0,387,1,288,0,0,0,711,0,0,-5,-591,0,3645
2025/12/03,03:30,3685,0,475,1832,357,218,0,405,1,289,0,0,0,690,0,0,-5,-577,0,3685
2025/12/03,04:00,3733,0,462,1870,371,218,0,423,1,289,0,0,0,671,0,0,-8,-564,0,3733
2025/12/03,04:30,3747,0,451,1872,353,217,0,446,1,288,0,0,0,681,0,0,-7,-555,0,3747
2025/12/03,05:00,3797,0,476,1882,359,202,0,459,1,288,0,0,0,673,0,0,-6,-537,0,3797
2025/12/03,05:30,3785,0,502,1873,443,173,0,454,1,289,0,0,0,601,0,0,-6,-545,0,3785
2025/12/03,06:00,3854,0,491,1880,450,172,0,480,1,288,0,0,0,515,0,0,-3,-420,0,3854
2025/12/03,06:30,3858,0,365,1879,361,178,0,493,1,288,0,2,0,524,0,0,44,-277,0,3858
2025/12/03,07:00,3898,0,338,1885,353,165,0,494,1,287,0,96,0,534,0,0,21,-276,0,3898
2025/12/03,07:30,3920,0,408,1882,354,164,0,482,1,288,0,286,0,505,0,0,-27,-423,0,3920
2025/12/03,08:00,4035,0,404,1893,354,164,0,499,1,287,0,574,0,474,0,76,-26,-665,0,4035
2025/12/03,08:30,4191,0,334,1864,336,164,0,503,1,287,0,830,0,505,0,96,-5,-724,0,4191
2025/12/03,09:00,4251,0,372,1889,296,177,0,445,1,288,0,952,0,494,0,15,-3,-675,0,4251
2025/12/03,09:30,4193,0,301,1870,297,207,0,338,1,287,0,1066,0,512,0,0,-5,-681,0,4193
2025/12/03,10:00,4143,0,262,1863,296,214,0,322,1,288,0,1156,0,476,0,0,-6,-729,0,4143
2025/12/03,10:30,4113,0,309,1802,297,214,0,319,1,288,0,1140,0,460,0,0,-3,-714,0,4113
2025/12/03,11:00,4170,0,442,1786,331,214,0,313,1,287,0,1074,0,444,0,0,-4,-718,0,4170
2025/12/03,11:30,4188,0,486,1802,357,214,0,314,1,287,0,995,0,454,0,0,-4,-718,0,4188
2025/12/03,12:00,4192,0,567,1821,411,215,0,308,1,291,0,852,0,415,0,0,-4,-685,0,4192
2025/12/03,12:30,4198,0,589,1818,525,215,0,309,1,294,0,704,0,404,0,11,-4,-668,0,4198
2025/12/03,13:00,4264,0,588,1850,508,214,0,322,1,280,0,566,0,418,0,25,-4,-504,0,4264
2025/12/03,13:30,4290,0,530,1852,385,214,0,360,1,268,0,437,0,502,0,0,-5,-254,0,4290
2025/12/03,14:00,4311,0,455,1883,356,215,0,397,1,283,0,307,0,530,0,0,-4,-112,0,4311
2025/12/03,14:30,4273,0,536,1857,373,214,0,434,1,293,0,149,0,488,0,0,-3,-69,0,4273
2025/12/03,15:00,4310,0,462,1836,360,214,0,562,1,288,0,36,0,464,0,75,-3,15,0,4310
2025/12/03,15:30,4414,0,450,1811,356,216,0,605,1,288,0,2,0,453,0,190,3,39,0,4414
2025/12/03,16:00,4469,0,445,1821,355,217,0,687,1,289,0,0,0,486,0,197,74,-103,0,4469
2025/12/03,16:30,4505,0,503,1809,358,219,0,713,1,288,0,0,0,553,0,190,31,-160,0,4505
2025/12/03,17:00,4477,0,551,1820,386,221,0,709,1,288,0,0,0,573,0,189,27,-288,0,4477
2025/12/03,17:30,4431,0,517,1809,417,221,0,704,1,287,0,0,0,651,0,188,-3,-361,0,4431
2025/12/03,18:00,4419,0,482,1829,371,221,0,731,1,287,0,0,0,644,0,186,53,-386,0,4419
2025/12/03,18:30,4403,0,513,1819,446,221,0,712,1,287,0,0,0,659,0,186,-5,-436,0,4403
2025/12/03,19:00,4279,0,505,1828,557,219,0,631,1,288,0,0,0,659,0,110,-4,-515,0,4279
2025/12/03,19:30,4213,0,520,1825,464,217,0,578,1,287,0,0,0,655,0,96,-6,-424,0,4213
2025/12/03,20:00,4178,0,526,1827,473,217,0,566,1,288,0,0,0,623,0,17,-5,-355,0,4178
2025/12/03,20:30,4056,0,528,1815,506,218,0,542,1,287,0,0,0,606,0,17,-5,-459,0,4056
2025/12/03,21:00,4038,0,561,1825,509,218,0,499,1,288,0,0,0,593,0,21,-6,-471,0,4038
2025/12/03,21:30,3884,0,512,1819,518,218,0,460,1,288,0,0,0,562,0,24,-5,-513,0,3884
2025/12/03,22:00,3848,0,504,1829,487,218,0,389,1,287,0,0,0,509,0,20,-5,-391,0,3848
2025/12/03,22:30,3704,0,398,1817,400,217,0,363,1,287,0,0,0,523,0,20,-10,-312,0,3704
2025/12/03,23:00,3758,0,388,1831,360,212,0,339,1,287,0,0,0,501,0,4,-4,-161,0,3758
2025/12/03,23:30,3708,0,449,1817,357,207,0,329,1,270,0,0,0,486,0,0,-7,-201,0,3708
2025/12/04,00:00,3638,0,376,1820,359,201,0,371,1,266,0,0,0,503,0,0,4,-263,0,3638
2025/12/04,00:30,3618,0,409,1796,357,201,0,371,1,255,0,0,0,542,0,0,-31,-283,0,3618
2025/12/04,01:00,3643,0,475,1756,358,201,0,376,1,231,0,0,0,513,0,0,6,-274,0,3643
2025/12/04,01:30,3687,0,511,1748,404,201,0,376,1,218,0,0,0,455,0,0,1,-228,0,3687
2025/12/04,02:00,3757,0,522,1784,399,201,0,380,1,218,0,0,0,465,0,0,3,-216,0,3757
2025/12/04,02:30,3833,0,504,1802,369,201,0,399,1,219,0,0,0,486,0,0,3,-151,0,3833
2025/12/04,03:00,3928,0,497,1821,364,201,0,409,1,217,0,0,0,553,0,0,-6,-129,0,3928
2025/12/04,03:30,4012,0,459,1817,353,201,0,435,1,218,0,0,0,648,0,0,-5,-115,0,4012
2025/12/04,04:00,4090,0,449,1823,353,201,0,463,1,218,0,0,0,682,0,0,-7,-93,0,4090
2025/12/04,04:30,4130,0,437,1818,353,201,0,492,1,218,0,0,0,741,0,0,-6,-125,0,4130
2025/12/04,05:00,4160,0,435,1822,353,186,0,494,1,218,0,0,0,767,0,0,-7,-109,0,4160
2025/12/04,05:30,4130,0,419,1816,353,156,0,500,1,219,0,0,0,779,0,0,-6,-107,0,4130
2025/12/04,06:00,4211,0,398,1821,353,154,0,518,1,218,0,0,0,758,0,0,-3,-7,0,4211
2025/12/04,06:30,4189,0,403,1817,353,148,0,500,1,218,0,0,0,734,0,0,45,-30,0,4189
2025/12/04,07:00,4214,0,364,1826,355,153,0,487,1,218,0,13,0,740,0,76,1,-20,0,4214
2025/12/04,07:30,4296,0,466,1818,451,148,0,475,1,217,0,43,0,766,0,56,-10,-135,0,4296
2025/12/04,08:00,4431,0,447,1855,503,154,0,480,1,218,0,90,0,782,0,116,-28,-187,0,4431
2025/12/04,08:30,4585,0,503,1866,490,150,0,474,1,218,0,144,0,802,0,119,-4,-178,0,4585
2025/12/04,09:00,4581,0,462,1882,461,162,0,358,1,218,0,201,0,798,0,24,-4,18,0,4581
2025/12/04,09:30,4559,0,414,1856,378,193,0,307,1,217,0,354,0,812,0,0,-5,32,0,4559
2025/12/04,10:00,4430,0,251,1807,358,202,0,262,1,217,0,441,0,820,0,0,-4,75,0,4430
2025/12/04,10:30,4346,0,203,1690,314,202,0,247,1,217,0,487,0,853,0,0,-13,145,0,4346
2025/12/04,11:00,4328,0,208,1665,302,200,0,242,1,218,0,483,0,788,0,0,-5,226,0,4328
2025/12/04,11:30,4288,0,269,1713,303,200,0,243,1,221,0,433,0,792,0,0,-4,117,0,4288
2025/12/04,12:00,4191,0,338,1727,302,200,0,239,1,224,0,375,0,792,0,0,-4,-3,0,4191
2025/12/04,12:30,4147,0,233,1691,303,200,0,273,1,225,0,383,0,818,0,0,-4,24,0,4147
2025/12/04,13:00,4256,0,321,1769,337,202,0,304,1,227,0,310,0,824,0,0,-4,-35,0,4256
2025/12/04,13:30,4242,0,382,1782,356,202,0,324,1,228,0,261,0,894,0,0,-3,-185,0,4242
2025/12/04,14:00,4287,0,454,1833,355,202,0,390,1,229,0,194,0,936,0,0,-4,-303,0,4287
2025/12/04,14:30,4353,0,514,1816,422,202,0,452,1,226,0,106,0,904,0,0,-2,-288,0,4353
2025/12/04,15:00,4435,0,448,1810,378,200,0,536,1,220,0,39,0,899,0,76,-4,-168,0,4435
2025/12/04,15:30,4581,0,443,1807,377,200,0,597,1,219,0,4,0,851,0,185,2,-105,0,4581
2025/12/04,16:00,4595,0,329,1819,365,203,0,694,1,219,0,0,0,836,0,194,79,-144,0,4595
2025/12/04,16:30,4649,0,360,1818,374,204,0,711,1,219,0,0,0,846,0,189,83,-156,0,4649
2025/12/04,17:00,4614,0,476,1834,416,206,0,725,1,219,0,0,0,844,0,188,72,-367,0,4614
2025/12/04,17:30,4564,0,593,1840,446,206,0,731,1,219,0,0,0,847,0,204,-4,-519,0,4564
2025/12/04,18:00,4531,0,581,1853,401,206,0,737,1,218,0,0,0,867,0,200,34,-567,0,4531
2025/12/04,18:30,4503,0,547,1846,443,206,0,744,1,218,0,0,0,876,0,190,30,-598,0,4503
2025/12/04,19:00,4395,0,502,1859,481,204,0,714,1,218,0,0,0,892,0,172,-6,-642,0,4395
2025/12/04,19:30,4341,0,526,1839,523,201,0,640,1,219,0,0,0,888,0,96,-4,-588,0,4341
2025/12/04,20:00,4317,0,522,1848,457,201,0,612,1,219,0,0,0,895,0,115,-5,-548,0,4317
2025/12/04,20:30,4217,0,542,1842,417,201,0,577,1,220,0,0,0,889,0,119,-5,-586,0,4217
2025/12/04,21:00,4195,0,527,1850,455,201,0,557,1,234,0,0,0,875,0,39,-5,-539,0,4195
2025/12/04,21:30,4073,0,472,1835,463,201,0,561,1,246,0,0,0,884,0,0,-5,-585,0,4073
2025/12/04,22:00,3920,0,397,1828,363,201,0,520,1,259,0,0,0,867,0,0,-4,-512,0,3920
2025/12/04,22:30,3838,0,309,1742,353,201,0,506,1,277,0,0,0,885,0,0,-5,-431,0,3838
2025/12/04,23:00,3962,0,381,1756,410,201,0,489,1,287,0,0,0,868,0,0,-13,-418,0,3962
2025/12/04,23:30,3902,0,435,1771,422,201,0,472,1,288,0,0,0,880,0,0,-32,-536,0,3902
2025/12/05,00:00,3847,0,498,1786,381,201,0,434,1,288,0,0,0,851,0,0,4,-597,0,3847
2025/12/05,00:30,3779,0,439,1780,353,201,0,424,1,289,0,0,0,867,0,0,2,-577,0,3779
2025/12/05,01:00,3803,0,308,1810,353,201,0,467,1,288,0,0,0,871,0,0,4,-500,0,3803
2025/12/05,01:30,3811,0,322,1807,353,201,0,463,1,288,0,0,0,887,0,0,3,-514,0,3811
2025/12/05,02:00,3890,0,362,1819,354,201,0,467,1,288,0,0,0,869,0,0,4,-475,0,3890
2025/12/05,02:30,3960,0,363,1814,353,201,0,478,1,288,0,0,0,891,0,0,4,-433,0,3960
2025/12/05,03:00,4000,0,408,1823,353,200,0,481,1,288,0,0,0,882,0,0,-6,-430,0,4000
2025/12/05,03:30,4046,0,362,1811,354,200,0,511,1,288,0,0,0,881,0,0,-5,-357,0,4046
2025/12/05,04:00,4080,0,420,1815,353,200,0,519,1,288,0,0,0,866,0,0,-7,-375,0,4080
2025/12/05,04:30,4114,0,470,1818,353,200,0,544,1,288,0,0,0,879,0,0,-5,-434,0,4114
2025/12/05,05:00,4162,0,527,1847,386,201,0,539,1,288,0,0,0,857,0,0,5,-489,0,4162
2025/12/05,05:30,4150,0,506,1841,368,200,0,553,1,288,0,0,0,848,0,0,-7,-448,0,4150
2025/12/05,06:00,4201,0,508,1853,369,201,0,575,1,287,0,0,0,800,0,0,-4,-389,0,4201
2025/12/05,06:30,4153,0,527,1837,433,205,0,566,1,288,0,2,0,718,0,0,-5,-419,0,4153
2025/12/05,07:00,4176,0,494,1844,401,213,0,548,1,287,0,84,0,718,0,0,-28,-386,0,4176
2025/12/05,07:30,4266,0,463,1851,306,217,0,519,1,287,0,242,0,746,0,0,-29,-337,0,4266
2025/12/05,08:00,4491,0,516,1879,269,217,0,503,1,287,0,466,0,783,0,0,-28,-402,0,4491
2025/12/05,08:30,4667,0,453,1865,253,217,0,501,1,286,0,682,0,785,0,0,-4,-372,0,4667
2025/12/05,09:00,4698,0,415,1857,228,216,0,420,1,284,0,861,0,785,0,0,-4,-365,0,4698
2025/12/05,09:30,4646,0,370,1838,205,216,0,349,1,283,0,1010,0,815,0,0,-5,-436,0,4646
2025/12/05,10:00,4634,0,408,1863,208,202,0,313,1,281,0,1058,0,824,0,0,-5,-519,0,4634
2025/12/05,10:30,4622,0,381,1845,157,176,0,306,1,279,0,1123,0,856,0,0,-5,-497,0,4622
2025/12/05,11:00,4632,0,267,1856,110,168,0,289,1,277,0,1156,0,788,0,45,-5,-320,0,4632
2025/12/05,11:30,4512,0,294,1819,111,170,0,261,1,278,0,1158,0,782,0,0,-3,-359,0,4512
2025/12/05,12:00,4352,0,264,1820,111,170,0,258,1,283,0,1084,0,773,0,0,-2,-410,0,4352
2025/12/05,12:30,4228,0,276,1802,110,170,0,262,1,285,0,972,0,779,0,0,-3,-426,0,4228
2025/12/05,13:00,4271,0,413,1829,127,183,0,277,1,272,0,842,0,777,0,0,-4,-446,0,4271
2025/12/05,13:30,4175,0,383,1782,163,208,0,285,1,264,0,733,0,840,0,0,-2,-482,0,4175
2025/12/05,14:00,4140,0,349,1807,164,200,0,305,1,279,0,560,0,868,0,0,-4,-389,0,4140
2025/12/05,14:30,4174,0,380,1844,222,170,0,345,1,289,0,297,0,887,0,0,-2,-259,0,4174
2025/12/05,15:00,4275,0,415,1829,302,170,0,423,1,294,0,98,0,872,0,57,-5,-181,0,4275
2025/12/05,15:30,4451,0,316,1715,370,187,0,593,1,294,0,10,0,844,0,189,26,-94,0,4451
2025/12/05,16:00,4485,0,333,1713,363,171,0,680,1,294,0,2,0,832,0,247,79,-230,0,4485
2025/12/05,16:30,4521,0,338,1867,358,173,0,716,1,295,0,2,0,847,0,185,35,-296,0,4521
2025/12/05,17:00,4514,0,525,1897,361,166,0,710,1,294,0,2,0,836,0,70,34,-382,0,4514
2025/12/05,17:30,4444,0,567,1885,411,166,0,709,1,295,0,2,0,852,0,96,-2,-538,0,4444
2025/12/05,18:00,4405,0,530,1892,427,182,0,719,1,295,0,2,0,858,0,97,37,-635,0,4405
2025/12/05,18:30,4353,0,518,1888,362,212,0,696,1,295,0,2,0,868,0,97,16,-602,0,4353
2025/12/05,19:00,4290,0,529,1891,384,220,0,621,1,294,0,2,0,893,0,97,14,-656,0,4290
2025/12/05,19:30,4204,0,546,1880,422,215,0,576,1,295,0,2,0,887,0,55,-10,-665,0,4204
2025/12/05,20:00,4152,0,489,1883,433,221,0,557,1,295,0,2,0,896,0,22,-11,-636,0,4152
2025/12/05,20:30,4018,0,472,1862,350,224,0,515,1,295,0,2,0,911,0,0,-8,-606,0,4018
2025/12/05,21:00,3998,0,474,1860,298,230,0,476,1,295,0,2,0,903,0,0,-8,-533,0,3998
2025/12/05,21:30,3858,0,345,1810,232,238,0,461,1,296,0,2,0,927,0,0,-8,-446,0,3858
2025/12/05,22:00,3743,0,250,1785,212,238,0,447,1,295,0,2,0,903,0,0,-6,-384,0,3743
2025/12/05,22:30,3641,0,204,1651,214,239,0,390,1,296,0,2,0,922,0,0,-8,-270,0,3641
2025/12/05,23:00,3728,0,202,1652,259,238,0,387,1,296,0,2,0,920,0,0,-6,-223,0,3728
2025/12/05,23:30,3662,0,225,1530,320,239,0,385,1,295,0,1,0,938,0,0,-11,-261,0,3662
2025/12/06,00:00,3588,0,286,1653,340,239,0,339,1,296,0,0,0,936,0,0,3,-505,0,3588
2025/12/06,00:30,3542,0,313,1733,353,239,0,315,1,295,0,0,0,938,0,0,2,-647,0,3542
2025/12/06,01:00,3574,0,330,1757,353,239,0,299,1,296,0,0,0,923,0,0,-17,-607,0,3574
2025/12/06,01:30,3600,0,349,1759,354,239,0,296,1,296,0,0,0,933,0,0,3,-630,0,3600
2025/12/06,02:00,3630,0,391,1774,353,239,0,297,1,296,0,0,0,916,0,0,-5,-632,0,3630
2025/12/06,02:30,3672,0,336,1765,353,238,0,349,1,295,0,0,0,921,0,0,-6,-580,0,3672
2025/12/06,03:00,3764,0,367,1766,354,239,0,362,1,295,0,0,0,910,0,0,-4,-526,0,3764
2025/12/06,03:30,3786,0,359,1759,314,239,0,385,1,295,0,0,0,901,0,0,43,-510,0,3786
2025/12/06,04:00,3815,0,403,1750,225,239,0,392,1,295,0,0,0,896,0,0,16,-402,0,3815
2025/12/06,04:30,3797,0,378,1710,150,240,0,421,1,296,0,0,0,899,0,0,47,-345,0,3797
2025/12/06,05:00,3795,0,369,1672,112,223,0,495,1,296,0,0,0,878,0,0,43,-294,0,3795
2025/12/06,05:30,3747,0,398,1640,112,194,0,530,1,296,0,0,0,864,0,0,-5,-283,0,3747
2025/12/06,06:00,3750,0,454,1656,109,185,0,532,1,296,0,0,0,801,0,46,-4,-326,0,3750
2025/12/06,06:30,3648,0,441,1647,103,185,0,535,1,295,0,2,0,731,0,48,-4,-336,0,3648
2025/12/06,07:00,3639,0,550,1594,55,185,0,517,1,295,0,95,0,688,0,50,-4,-387,0,3639
2025/12/06,07:30,3689,0,578,1632,12,184,0,480,1,295,0,282,0,689,0,41,-5,-500,0,3689
2025/12/06,08:00,3775,0,450,1603,18,185,0,422,1,295,0,600,0,690,0,23,-5,-507,0,3775
2025/12/06,08:30,3791,0,438,1422,18,185,0,273,1,295,0,826,0,700,0,29,-3,-393,0,3791
2025/12/06,09:00,3757,0,310,1270,17,200,0,225,1,295,0,1049,0,686,0,16,7,-319,0,3757
2025/12/06,09:30,3719,0,238,997,18,231,0,218,1,294,0,1229,0,699,0,33,-4,-235,0,3719
2025/12/06,10:00,3677,0,230,993,17,225,0,213,1,294,0,1300,0,692,0,32,-5,-315,0,3677
2025/12/06,10:30,3623,0,227,875,18,200,0,212,1,295,0,1384,0,650,0,19,-12,-246,0,3623
2025/12/06,11:00,3641,0,297,1041,18,191,0,215,1,295,0,1396,0,579,0,-183,-46,-163,0,3641
2025/12/06,11:30,3605,0,237,1148,18,193,0,217,1,294,0,1340,0,553,0,-221,-8,-167,0,3605
2025/12/06,12:00,3534,0,233,1216,18,193,0,203,1,296,0,1281,0,532,0,-250,-1,-188,0,3534
2025/12/06,12:30,3454,0,234,1148,18,193,0,201,1,296,0,1188,0,530,0,-313,-3,-39,0,3454
2025/12/06,13:00,3497,0,331,1262,21,207,0,212,1,285,0,983,0,503,0,-305,0,-3,0,3497
2025/12/06,13:30,3387,0,265,1252,60,232,0,205,1,276,0,784,0,529,0,-116,-5,-96,0,3387
2025/12/06,14:00,3340,0,242,1320,118,222,0,226,1,285,0,587,0,535,0,53,-3,-246,0,3340
2025/12/06,14:30,3378,0,440,1565,197,193,0,255,1,297,0,306,0,531,0,4,-6,-405,0,3378
2025/12/06,15:00,3464,0,487,1663,258,187,0,325,1,296,0,104,0,497,0,21,-6,-369,0,3464
2025/12/06,15:30,3614,0,473,1680,259,212,0,462,1,297,0,11,0,439,0,24,-6,-238,0,3614
2025/12/06,16:00,3723,0,516,1755,259,210,0,522,1,297,0,0,0,420,0,21,-5,-273,0,3723
2025/12/06,16:30,3835,0,427,1762,260,213,0,620,1,297,0,1,0,429,0,9,32,-216,0,3835
2025/12/06,17:00,3839,0,413,1764,260,193,0,682,1,297,0,0,0,444,0,0,8,-223,0,3839
2025/12/06,17:30,3829,0,478,1753,267,194,0,681,1,297,0,1,0,458,0,0,19,-320,0,3829
2025/12/06,18:00,3812,0,539,1765,294,203,0,683,1,296,0,0,0,454,0,21,27,-471,0,3812
2025/12/06,18:30,3782,0,526,1759,317,234,0,659,1,296,0,1,0,463,0,21,15,-510,0,3782
2025/12/06,19:00,3739,0,484,1768,359,242,0,603,1,296,0,0,0,493,0,20,-6,-521,0,3739
2025/12/06,19:30,3683,0,447,1761,360,240,0,573,1,296,0,0,0,521,0,20,-5,-531,0,3683
2025/12/06,20:00,3671,0,515,1762,357,241,0,525,1,296,0,0,0,537,0,20,-5,-578,0,3671
2025/12/06,20:30,3603,0,521,1757,356,238,0,493,1,296,0,0,0,557,0,23,-5,-634,0,3603
2025/12/06,21:00,3546,0,560,1761,354,238,0,447,1,296,0,0,0,530,0,25,-4,-662,0,3546
2025/12/06,21:30,3448,0,513,1754,351,238,0,424,1,296,0,0,0,508,0,24,-5,-656,0,3448
2025/12/06,22:00,3373,0,516,1765,348,224,0,396,1,296,0,0,0,475,0,21,-4,-665,0,3373
2025/12/06,22:30,3303,0,486,1760,348,193,0,370,1,295,0,0,0,501,0,21,-6,-666,0,3303
2025/12/06,23:00,3396,0,560,1757,346,186,0,347,1,295,0,0,0,485,0,22,-5,-598,0,3396
2025/12/06,23:30,3338,0,599,1756,302,186,0,320,1,296,0,0,0,423,0,23,-6,-562,0,3338
2025/12/07,00:00,3337,0,578,1759,257,201,0,317,1,296,0,0,0,335,0,40,-5,-442,0,3337
2025/12/07,00:30,3315,0,569,1752,254,232,0,318,1,295,0,0,0,262,0,74,-5,-437,0,3315
2025/12/07,01:00,3324,0,516,1687,254,238,0,318,1,295,0,0,0,226,0,21,-4,-228,0,3324
2025/12/07,01:30,3348,0,420,1754,254,238,0,318,1,296,0,0,0,284,0,20,-5,-232,0,3348
2025/12/07,02:00,3408,0,530,1769,254,238,0,325,1,297,0,0,0,233,0,20,-5,-254,0,3408
2025/12/07,02:30,3422,0,428,1759,254,238,0,349,1,296,0,0,0,265,0,21,-5,-184,0,3422
2025/12/07,03:00,3478,0,374,1770,254,239,0,419,1,296,0,0,0,269,0,5,-5,-144,0,3478
2025/12/07,03:30,3496,0,496,1755,254,238,0,447,1,296,0,0,0,252,0,10,-3,-250,0,3496
2025/12/07,04:00,3529,0,525,1764,254,238,0,444,1,296,0,0,0,175,0,25,45,-238,0,3529
2025/12/07,04:30,3543,0,466,1741,229,239,0,462,1,297,0,0,0,195,0,22,45,-154,0,3543
2025/12/07,05:00,3512,0,495,1712,142,223,0,498,1,296,0,0,0,143,0,27,39,-64,0,3512
2025/12/07,05:30,3452,0,569,1662,58,193,0,507,1,296,0,0,0,146,0,86,-5,-61,0,3452
2025/12/07,06:00,3434,0,529,1647,11,186,0,505,1,296,0,0,0,168,0,22,44,25,0,3434
2025/12/07,06:30,3330,0,511,1635,12,184,0,500,1,296,0,2,0,171,0,24,-5,-1,0,3330
2025/12/07,07:00,3303,0,561,1642,12,190,0,390,1,297,0,70,0,152,0,53,-5,-60,0,3303
2025/12/07,07:30,3411,0,564,1640,12,185,0,358,1,296,0,267,0,180,0,53,-6,-139,0,3411
2025/12/07,08:00,3556,0,524,1649,12,185,0,292,1,296,0,481,0,205,0,36,-4,-121,0,3556
2025/12/07,08:30,3572,0,420,1588,12,184,0,266,1,296,0,623,0,206,0,15,-6,-33,0,3572
2025/12/07,09:00,3530,0,351,1484,12,200,0,247,1,296,0,713,0,199,0,0,-6,33,0,3530
2025/12/07,09:30,3518,0,303,1432,12,230,0,236,1,296,0,848,0,189,0,-192,-5,168,0,3518
2025/12/07,10:00,3407,0,266,1223,12,225,0,220,1,296,0,1007,0,134,0,-207,-5,235,0,3407
2025/12/07,10:30,3393,0,259,1113,12,200,0,220,1,296,0,1114,0,166,0,-214,-4,230,0,3393
2025/12/07,11:00,3421,0,259,987,12,192,0,230,1,296,0,1207,0,214,0,-211,-16,250,0,3421
2025/12/07,11:30,3453,0,276,1091,12,193,0,231,1,296,0,1219,0,258,0,-206,-48,130,0,3453
2025/12/07,12:00,3419,0,268,1243,12,193,0,216,1,297,0,1108,0,264,0,-385,-3,205,0,3419
2025/12/07,12:30,3385,0,303,1397,12,193,0,216,1,297,0,1009,0,266,0,-434,-3,128,0,3385
2025/12/07,13:00,3335,0,421,1486,12,208,0,219,1,283,0,841,0,300,0,-445,-4,13,0,3335
2025/12/07,13:30,3297,0,386,1560,12,232,0,218,1,276,0,694,0,357,0,-448,-4,13,0,3297
2025/12/07,14:00,3276,0,328,1646,14,238,0,281,1,289,0,476,0,364,0,-424,-4,67,0,3276
2025/12/07,14:30,3228,0,339,1609,52,238,0,314,1,296,0,239,0,313,0,-263,-4,94,0,3228
2025/12/07,15:00,3304,0,357,1617,110,240,0,384,1,296,0,88,0,299,0,-123,0,35,0,3304
2025/12/07,15:30,3416,0,360,1659,189,239,0,488,1,296,0,11,0,276,0,22,-8,-117,0,3416
2025/12/07,16:00,3540,0,406,1719,252,238,0,598,1,296,0,0,0,247,0,22,-4,-235,0,3540
2025/12/07,16:30,3616,0,344,1728,254,240,0,621,1,297,0,1,0,258,0,18,-4,-142,0,3616
2025/12/07,17:00,3705,0,245,1737,254,241,0,681,1,297,0,0,0,271,0,47,81,-150,0,3705
2025/12/07,17:30,3721,0,262,1751,254,242,0,684,1,298,0,0,0,273,0,48,80,-172,0,3721
2025/12/07,18:00,3715,0,458,1766,254,242,0,668,1,297,0,0,0,257,0,46,44,-318,0,3715
2025/12/07,18:30,3703,0,435,1755,254,242,0,680,1,297,0,0,0,303,0,33,42,-339,0,3703
2025/12/07,19:00,3657,0,442,1772,254,241,0,517,1,296,0,0,0,277,0,26,32,-201,0,3657
2025/12/07,19:30,3609,0,505,1747,254,241,0,507,1,297,0,0,0,265,0,31,35,-274,0,3609
2025/12/07,20:00,3622,0,559,1765,254,240,0,456,1,297,0,0,0,248,0,82,28,-308,0,3622
2025/12/07,20:30,3490,0,491,1751,254,239,0,440,1,297,0,0,0,249,0,39,-1,-270,0,3490
2025/12/07,21:00,3444,0,434,1768,254,239,0,413,1,297,0,0,0,241,0,14,-3,-214,0,3444
2025/12/07,21:30,3368,0,397,1761,254,238,0,368,1,296,0,0,0,268,0,0,-8,-207,0,3368
2025/12/07,22:00,3281,0,386,1764,254,238,0,339,1,296,0,0,0,258,0,0,-7,-248,0,3281
2025/12/07,22:30,3183,0,335,1741,254,239,0,326,1,297,0,0,0,289,0,0,-5,-294,0,3183
2025/12/07,23:00,3324,0,336,1768,254,239,0,330,1,297,0,0,0,327,0,0,-8,-220,0,3324
2025/12/07,23:30,3272,0,265,1740,254,239,0,345,1,297,0,0,0,391,0,0,-6,-254,0,3272
2025/12/08,00:00,3225,0,249,1705,254,239,0,349,1,297,0,0,0,442,0,0,-4,-307,0,3225
2025/12/08,00:30,3173,0,255,1683,254,239,0,351,1,297,0,0,0,501,0,0,-5,-403,0,3173
2025/12/08,01:00,3261,0,312,1760,254,239,0,368,1,297,0,0,0,466,0,0,-5,-431,0,3261
2025/12/08,01:30,3317,0,445,1756,254,239,0,385,1,297,0,0,0,431,0,0,-4,-487,0,3317
2025/12/08,02:00,3356,0,423,1764,254,239,0,403,1,297,0,0,0,419,0,0,-4,-440,0,3356
2025/12/08,02:30,3440,0,444,1755,254,239,0,415,1,297,0,0,0,433,0,0,-5,-393,0,3440
2025/12/08,03:00,3500,0,471,1765,254,238,0,444,1,297,0,0,0,370,0,2,-6,-336,0,3500
2025/12/08,03:30,3568,0,517,1759,254,239,0,483,1,297,0,0,0,285,0,23,-5,-285,0,3568
2025/12/08,04:00,3633,0,570,1762,254,239,0,516,1,297,0,0,0,227,0,35,-5,-263,0,3633
2025/12/08,04:30,3683,0,533,1757,254,239,0,539,1,297,0,0,0,180,0,27,-5,-139,0,3683
2025/12/08,05:00,3720,0,506,1765,254,223,0,569,1,298,0,0,0,126,0,20,-7,-35,0,3720
2025/12/08,05:30,3686,0,534,1760,254,193,0,589,1,297,0,0,0,92,0,20,-7,-47,0,3686
2025/12/08,06:00,3776,0,526,1770,254,188,0,592,1,297,0,0,0,67,0,34,-12,59,0,3776
2025/12/08,06:30,3764,0,408,1768,254,197,0,632,1,296,0,1,0,61,0,101,1,44,0,3764
2025/12/08,07:00,3780,0,496,1776,255,186,0,615,1,297,0,74,0,61,0,95,-30,-46,0,3780
2025/12/08,07:30,3932,0,530,1762,258,185,0,530,1,296,0,276,0,71,0,94,-36,-35,0,3932
2025/12/08,08:00,4114,0,443,1766,261,185,0,517,1,296,0,498,0,62,0,102,-30,13,0,4114
2025/12/08,08:30,4282,0,446,1753,257,184,0,419,1,296,0,660,0,62,0,17,-6,193,0,4282
2025/12/08,09:00,4350,0,412,1771,194,199,0,344,1,296,0,751,0,52,0,0,-6,336,0,4350
2025/12/08,09:30,4424,0,441,1736,116,230,0,313,1,295,0,843,0,60,0,0,-6,395,0,4424
2025/12/08,10:00,4540,0,517,1761,139,237,0,305,1,295,0,829,0,47,0,1,-5,413,0,4540
2025/12/08,10:30,4718,0,565,1759,220,237,0,300,1,297,0,768,0,66,0,77,-5,433,0,4718
2025/12/08,11:00,4834,0,560,1766,272,237,0,265,1,296,0,664,0,55,0,303,-2,417,0,4834
2025/12/08,11:30,4848,0,560,1755,280,237,0,281,1,295,0,588,0,68,0,388,9,386,0,4848
2025/12/08,12:00,4704,0,556,1773,304,237,0,320,1,297,0,445,0,122,0,273,-7,383,0,4704
2025/12/08,12:30,4608,0,556,1763,310,237,0,316,1,297,0,358,0,121,0,259,-6,396,0,4608
2025/12/08,13:00,4730,0,555,1773,353,237,0,324,1,287,0,268,0,180,0,378,-6,380,0,4730
2025/12/08,13:30,4700,0,596,1763,433,237,0,358,1,276,0,211,0,222,0,215,-5,393,0,4700
2025/12/08,14:00,4717,0,604,1780,481,222,0,520,1,286,0,162,0,257,0,41,-6,369,0,4717
2025/12/08,14:30,4601,0,504,1768,551,192,0,568,1,296,0,82,0,268,0,17,-7,361,0,4601
2025/12/08,15:00,4509,0,400,1775,545,208,0,568,1,296,0,23,0,322,0,11,-6,366,0,4509
2025/12/08,15:30,4553,0,449,1770,479,215,0,588,1,297,0,2,0,381,0,0,-5,376,0,4553
2025/12/08,16:00,4474,0,465,1777,405,196,0,617,1,297,0,0,0,401,0,6,-5,314,0,4474
2025/12/08,16:30,4470,0,456,1767,372,206,0,653,1,296,0,0,0,468,0,9,36,206,0,4470
2025/12/08,17:00,4414,0,505,1780,380,188,0,657,1,297,0,0,0,512,0,12,43,39,0,4414
2025/12/08,17:30,4332,0,545,1767,391,187,0,637,1,297,0,0,0,577,0,94,-4,-160,0,4332
2025/12/08,18:00,4289,0,447,1772,409,203,0,614,1,297,0,0,0,609,0,94,40,-197,0,4289
2025/12/08,18:30,4245,0,468,1757,440,233,0,569,1,296,0,0,0,664,0,94,-3,-274,0,4245
2025/12/08,19:00,4175,0,405,1769,419,242,0,519,1,296,0,0,0,671,0,94,42,-283,0,4175
2025/12/08,19:30,4125,0,431,1767,412,241,0,517,1,296,0,0,0,756,0,86,-5,-377,0,4125
2025/12/08,20:00,4147,0,471,1775,471,239,0,508,1,295,0,0,0,751,0,72,-5,-431,0,4147
2025/12/08,20:30,4077,0,491,1762,546,239,0,473,1,296,0,0,0,688,0,12,-5,-426,0,4077
2025/12/08,21:00,4067,0,500,1766,536,239,0,443,1,296,0,0,0,710,0,12,-6,-430,0,4067
2025/12/08,21:30,3939,0,427,1757,396,239,0,428,1,296,0,0,0,729,0,0,-6,-328,0,3939
2025/12/08,22:00,3819,0,241,1755,353,239,0,382,1,296,0,0,0,719,0,0,-5,-162,0,3819
2025/12/08,22:30,3723,0,257,1736,355,239,0,361,1,296,0,0,0,682,0,0,-5,-199,0,3723
2025/12/08,23:00,3785,0,315,1477,380,224,0,353,1,275,0,0,0,645,0,9,-6,112,0,3785
2025/12/08,23:30,3739,0,289,1174,433,203,0,343,1,251,0,0,0,670,0,33,-5,347,0,3739
2025/12/09,00:00,3712,0,252,1179,432,201,0,356,1,251,0,0,0,644,0,80,4,312,0,3712
2025/12/09,00:30,3630,0,455,1174,511,201,0,357,1,250,0,0,0,607,0,66,4,4,0,3630
2025/12/09,01:00,3637,0,498,1176,505,201,0,373,1,250,0,0,0,660,0,31,6,-64,0,3637
2025/12/09,01:30,3649,0,451,1131,479,201,0,388,1,251,0,0,0,776,0,15,5,-49,0,3649
2025/12/09,02:00,3670,0,387,1140,415,201,0,461,1,246,0,0,0,752,0,98,4,-35,0,3670
2025/12/09,02:30,3740,0,532,1130,428,201,0,485,1,242,0,0,0,775,0,83,3,-140,0,3740
2025/12/09,03:00,3783,0,507,1137,401,201,0,489,1,242,0,0,0,775,0,90,-6,-54,0,3783
2025/12/09,03:30,3859,0,540,1129,409,201,0,500,1,241,0,0,0,760,0,87,-7,-2,0,3859
2025/12/09,04:00,3923,0,553,1131,496,201,0,513,1,242,0,0,0,777,0,21,-6,-6,0,3923
2025/12/09,04:30,3945,0,473,1176,526,202,0,524,1,241,0,0,0,807,0,20,-12,-13,0,3945
2025/12/09,05:00,3998,0,448,1250,431,197,0,558,1,241,0,0,0,837,0,61,-12,-14,0,3998
2025/12/09,05:30,3984,0,415,1270,411,170,0,564,1,241,0,0,0,828,0,96,-10,-2,0,3984
2025/12/09,06:00,4068,0,548,1299,464,164,0,573,1,241,0,0,0,769,0,21,-10,-2,0,4068
2025/12/09,06:30,4042,0,532,1354,479,163,0,576,1,241,0,0,0,705,0,19,-11,-17,0,4042
2025/12/09,07:00,4095,0,519,1353,486,171,0,595,1,244,0,30,0,707,0,27,-26,-12,0,4095
2025/12/09,07:30,4155,0,518,1290,563,172,0,601,1,243,0,102,0,737,0,20,-33,-59,0,4155
2025/12/09,08:00,4286,0,523,1330,547,182,0,611,1,246,0,259,0,725,0,17,-32,-123,0,4286
2025/12/09,08:30,4392,0,540,1357,524,186,0,603,1,248,0,357,0,754,0,0,-8,-170,0,4392
2025/12/09,09:00,4395,0,523,1406,473,200,0,599,1,250,0,438,0,728,0,6,-9,-220,0,4395
2025/12/09,09:30,4351,0,451,1371,418,230,0,597,1,251,0,518,0,727,0,-23,-9,-181,0,4351
2025/12/09,10:00,4305,0,483,1355,444,238,0,559,1,250,0,604,0,717,0,-261,-8,-77,0,4305
2025/12/09,10:30,4267,0,541,1363,490,238,0,568,1,250,0,674,0,667,0,-462,-3,-60,0,4267
2025/12/09,11:00,4288,0,570,1374,541,238,0,531,1,250,0,698,0,605,0,-457,-2,-61,0,4288
2025/12/09,11:30,4252,0,579,1360,595,238,0,531,1,250,0,656,0,594,0,-458,0,-94,0,4252
2025/12/09,12:00,4228,0,575,1392,586,240,0,522,1,251,0,613,0,587,0,-463,-2,-74,0,4228
2025/12/09,12:30,4188,0,566,1379,490,238,0,519,1,251,0,601,0,591,0,-451,-2,5,0,4188
2025/12/09,13:00,4285,0,544,1394,514,238,0,495,1,241,0,550,0,567,0,-261,-3,5,0,4285
2025/12/09,13:30,4271,0,532,1386,548,237,0,516,1,230,0,440,0,538,0,-147,-4,-6,0,4271
2025/12/09,14:00,4263,0,515,1420,430,222,0,547,1,237,0,322,0,493,0,47,-3,32,0,4263
2025/12/09,14:30,4295,0,534,1499,621,192,0,550,1,251,0,171,0,449,0,40,-5,-8,0,4295
2025/12/09,15:00,4333,0,504,1575,645,209,0,552,1,252,0,58,0,450,0,91,-4,0,0,4333
2025/12/09,15:30,4479,0,561,1579,644,219,0,556,1,251,0,10,0,411,0,232,-6,21,0,4479
2025/12/09,16:00,4477,0,569,1591,580,220,0,626,1,251,0,0,0,384,0,222,34,-1,0,4477
2025/12/09,16:30,4549,0,604,1582,589,217,0,636,1,251,0,0,0,400,0,225,84,-40,0,4549
2025/12/09,17:00,4514,0,607,1589,595,213,0,644,1,251,0,0,0,389,0,188,47,-10,0,4514
2025/12/09,17:30,4456,0,624,1584,594,214,0,647,1,252,0,0,0,400,0,122,36,-18,0,4456
2025/12/09,18:00,4423,0,562,1592,581,228,0,653,1,251,0,0,0,440,0,103,34,-22,0,4423
2025/12/09,18:30,4431,0,551,1602,505,244,0,656,1,251,0,0,0,462,0,137,26,-4,0,4431
2025/12/09,19:00,4350,0,556,1624,518,240,0,633,1,250,0,0,0,473,0,100,-6,-39,0,4350
2025/12/09,19:30,4262,0,555,1614,503,239,0,562,1,250,0,0,0,526,0,32,-5,-15,0,4262
2025/12/09,20:00,4253,0,573,1617,481,239,0,539,1,250,0,0,0,536,0,41,-3,-21,0,4253
2025/12/09,20:30,4135,0,591,1585,524,239,0,521,1,249,0,0,0,527,0,27,-5,-124,0,4135
2025/12/09,21:00,4143,0,588,1594,568,239,0,460,1,250,0,0,0,551,0,43,-6,-145,0,4143
2025/12/09,21:30,3999,0,468,1725,552,239,0,427,1,250,0,0,0,567,0,35,-7,-258,0,3999
2025/12/09,22:00,3882,0,422,1752,449,239,0,370,1,251,0,0,0,578,0,11,-6,-185,0,3882
2025/12/09,22:30,3774,0,402,1734,393,239,0,354,1,250,0,0,0,604,0,1,-7,-197,0,3774
2025/12/09,23:00,3897,0,382,1764,383,239,0,353,1,250,0,0,0,649,0,3,-7,-120,0,3897
2025/12/09,23:30,3781,0,261,1732,383,239,0,347,1,249,0,0,0,769,0,0,-7,-193,0,3781
2025/12/10,00:00,3727,0,218,1678,380,239,0,356,1,250,0,0,0,795,0,0,1,-191,0,3727
2025/12/10,00:30,3643,0,272,1558,318,239,0,371,1,249,0,0,0,845,0,0,3,-213,0,3643
2025/12/10,01:00,3713,0,351,1676,258,239,0,385,1,250,0,0,0,780,0,14,3,-244,0,3713
2025/12/10,01:30,3747,0,348,1720,238,239,0,406,1,250,0,0,0,759,0,19,3,-236,0,3747
2025/12/10,02:00,3809,0,381,1730,243,239,0,408,1,251,0,0,0,759,0,0,4,-207,0,3809
2025/12/10,02:30,3851,0,426,1721,244,239,0,405,1,250,0,0,0,700,0,0,3,-138,0,3851
2025/12/10,03:00,3915,0,444,1736,264,239,0,412,1,251,0,0,0,712,0,0,-6,-138,0,3915
2025/12/10,03:30,3985,0,413,1727,257,239,0,464,1,251,0,0,0,771,0,0,-5,-133,0,3985
2025/12/10,04:00,4062,0,443,1730,287,239,0,489,1,250,0,0,0,742,0,0,-6,-113,0,4062
2025/12/10,04:30,4056,0,434,1723,380,239,0,508,1,250,0,0,0,730,0,0,-6,-203,0,4056
2025/12/10,05:00,4113,0,463,1734,455,223,0,499,1,252,0,0,0,708,0,0,-6,-216,0,4113
2025/12/10,05:30,4097,0,474,1724,461,193,0,510,1,250,0,0,0,686,0,0,-7,-195,0,4097
2025/12/10,06:00,4168,0,544,1732,451,185,0,545,1,250,0,0,0,643,0,0,-27,-156,0,4168
2025/12/10,06:30,4196,0,578,1727,510,184,0,554,1,250,0,1,0,578,0,0,21,-208,0,4196
2025/12/10,07:00,4176,0,523,1731,453,187,0,571,1,251,0,67,0,560,0,0,19,-187,0,4176
2025/12/10,07:30,4232,0,534,1724,412,185,0,539,1,249,0,219,0,571,0,0,-8,-194,0,4232
2025/12/10,08:00,4401,0,503,1743,410,186,0,490,1,250,0,421,0,607,0,36,-5,-241,0,4401
2025/12/10,08:30,4515,0,542,1727,297,186,0,431,1,249,0,636,0,639,0,34,-7,-220,0,4515
2025/12/10,09:00,4489,0,456,1743,285,185,0,381,1,250,0,755,0,646,0,34,-6,-241,0,4489
2025/12/10,09:30,4493,0,384,1722,286,202,0,328,1,250,0,902,0,660,0,20,-8,-254,0,4493
2025/12/10,10:00,4364,0,294,1538,285,232,0,304,1,250,0,986,0,705,0,-6,-5,-220,0,4364
2025/12/10,10:30,4390,0,341,1671,288,240,0,276,1,250,0,1060,0,745,0,-240,-6,-236,0,4390
2025/12/10,11:00,4321,0,429,1762,286,239,0,247,1,250,0,1075,0,675,0,-450,-2,-191,0,4321
2025/12/10,11:30,4299,0,451,1762,286,239,0,227,1,250,0,1105,0,666,0,-437,-3,-248,0,4299
2025/12/10,12:00,4204,0,434,1773,286,240,0,221,1,251,0,1055,0,669,0,-447,-6,-273,0,4204
2025/12/10,12:30,4056,0,320,1739,286,239,0,239,1,251,0,939,0,676,0,-446,-4,-184,0,4056
2025/12/10,13:00,4088,0,365,1773,286,239,0,260,1,242,0,811,0,643,0,-460,-5,-67,0,4088
2025/12/10,13:30,4044,0,412,1755,285,239,0,294,1,230,0,656,0,693,0,-463,-5,-53,0,4044
2025/12/10,14:00,4050,0,495,1779,284,224,0,345,1,238,0,482,0,701,0,-463,-6,-30,0,4050
2025/12/10,14:30,4070,0,566,1764,302,194,0,415,1,257,0,276,0,669,0,-375,-6,7,0,4070
2025/12/10,15:00,4155,0,543,1764,292,212,0,563,1,264,0,91,0,619,0,-206,-6,18,0,4155
2025/12/10,15:30,4357,0,531,1667,349,219,0,642,1,270,0,11,0,558,0,110,-7,6,0,4357
2025/12/10,16:00,4426,0,542,1705,409,189,0,686,1,278,0,0,0,545,0,131,-4,-56,0,4426
2025/12/10,16:30,4482,0,479,1724,390,193,0,702,1,289,0,0,0,579,0,127,42,-44,0,4482
2025/12/10,17:00,4444,0,471,1735,329,202,0,678,1,294,0,0,0,597,0,71,73,-7,0,4444
2025/12/10,17:30,4380,0,543,1705,344,190,0,649,1,290,0,0,0,634,0,0,79,-55,0,4380
2025/12/10,18:00,4389,0,542,1728,397,205,0,622,1,289,0,0,0,642,0,0,77,-114,0,4389
2025/12/10,18:30,4347,0,551,1725,368,236,0,603,1,289,0,0,0,686,0,0,30,-142,0,4347
2025/12/10,19:00,4297,0,521,1738,423,242,0,551,1,290,0,0,0,724,0,0,31,-224,0,4297
2025/12/10,19:30,4231,0,566,1756,388,240,0,508,1,290,0,0,0,714,0,30,-6,-256,0,4231
2025/12/10,20:00,4213,0,600,1771,426,240,0,452,1,291,0,0,0,673,0,26,-5,-262,0,4213
2025/12/10,20:30,4093,0,571,1761,360,240,0,442,1,291,0,0,0,661,0,26,-5,-255,0,4093
2025/12/10,21:00,4068,0,504,1768,315,241,0,435,1,292,0,0,0,650,0,30,-7,-161,0,4068
2025/12/10,21:30,3958,0,513,1760,286,240,0,416,1,292,0,0,0,672,0,30,-6,-246,0,3958
2025/12/10,22:00,3960,0,528,1767,259,241,0,395,1,293,0,0,0,676,0,64,-5,-259,0,3960
2025/12/10,22:30,3892,0,494,1732,318,241,0,390,1,292,0,0,0,657,0,35,-6,-262,0,3892
2025/12/10,23:00,3976,0,489,1768,296,241,0,384,1,293,0,0,0,641,0,20,-5,-152,0,3976
2025/12/10,23:30,3880,0,470,1759,276,241,0,382,1,292,0,0,0,653,0,19,-6,-207,0,3880
2025/12/11,00:00,3906,0,523,1761,257,241,0,344,1,292,0,0,0,650,0,19,3,-185,0,3906
2025/12/11,00:30,3794,0,441,1722,243,241,0,318,1,292,0,0,0,601,0,26,4,-95,0,3794
2025/12/11,01:00,3820,0,483,1729,286,241,0,299,1,292,0,0,0,479,0,30,4,-24,0,3820
2025/12/11,01:30,3826,0,484,1711,392,241,0,315,1,293,0,0,0,383,0,23,4,-21,0,3826
2025/12/11,02:00,3891,0,501,1723,464,241,0,309,1,293,0,0,0,348,0,21,5,-15,0,3891
2025/12/11,02:30,3863,0,509,1673,452,237,0,319,1,293,0,0,0,359,0,8,3,9,0,3863
2025/12/11,03:00,3899,0,524,1665,520,228,0,335,1,293,0,0,0,332,0,0,-6,7,0,3899
2025/12/11,03:30,3933,0,517,1672,557,218,0,338,1,293,0,0,0,340,0,0,-5,2,0,3933
2025/12/11,04:00,4029,0,526,1710,636,220,0,325,1,293,0,0,0,309,0,0,-6,15,0,4029
2025/12/11,04:30,4081,0,529,1713,703,220,0,341,1,293,0,0,0,274,0,0,-5,12,0,4081
2025/12/11,05:00,4220,0,534,1774,796,205,0,360,1,293,0,0,0,240,0,12,-6,11,0,4220
2025/12/11,05:30,4210,0,553,1804,840,175,0,353,1,292,0,0,0,200,0,17,-7,-18,0,4210
2025/12/11,06:00,4252,0,557,1810,852,191,0,392,1,292,0,0,0,191,0,17,-30,-21,0,4252
2025/12/11,06:30,4192,0,548,1783,772,200,0,404,1,291,0,1,0,212,0,17,-30,-7,0,4192
2025/12/11,07:00,4233,0,542,1788,757,200,0,419,1,292,0,34,0,251,0,0,-30,-21,0,4233
2025/12/11,07:30,4439,0,562,1782,769,200,0,437,1,291,0,137,0,280,0,0,-7,-13,0,4439
2025/12/11,08:00,4632,0,558,1806,735,214,0,522,1,291,0,205,0,288,0,0,29,-17,0,4632
2025/12/11,08:30,4778,0,579,1793,831,220,0,568,1,290,0,220,0,294,0,0,-3,-15,0,4778
2025/12/11,09:00,4883,0,568,1802,866,219,0,562,1,291,0,236,0,311,0,0,44,-17,0,4883
2025/12/11,09:30,4913,0,579,1791,865,219,0,568,1,292,0,226,0,384,0,0,-4,-8,0,4913
2025/12/11,10:00,4888,0,579,1804,892,218,0,528,1,291,0,230,0,343,0,0,-4,6,0,4888
2025/12/11,10:30,4882,0,571,1808,923,219,0,525,1,291,0,215,0,314,0,11,-4,8,0,4882
2025/12/11,11:00,4916,0,582,1849,869,218,0,554,1,292,0,179,0,341,0,23,-3,11,0,4916
2025/12/11,11:30,4892,0,585,1837,899,218,0,523,1,291,0,163,0,369,0,21,-3,-12,0,4892
2025/12/11,12:00,4859,0,585,1855,838,219,0,528,1,291,0,156,0,375,0,27,-2,-14,0,4859
2025/12/11,12:30,4785,0,570,1832,784,218,0,527,1,292,0,146,0,399,0,28,-1,-11,0,4785
2025/12/11,13:00,4898,0,586,1849,903,218,0,529,1,279,0,104,0,381,0,33,-2,17,0,4898
2025/12/11,13:30,4886,0,591,1839,938,219,0,500,7,270,0,79,0,318,0,116,-3,12,0,4886
2025/12/11,14:00,4932,0,599,1886,940,203,0,528,10,285,0,66,0,344,0,74,-3,0,0,4932
2025/12/11,14:30,4864,0,572,1862,846,174,0,580,11,289,0,35,0,358,0,139,-3,1,0,4864
2025/12/11,15:00,4810,0,558,1845,705,190,0,620,11,287,0,8,0,407,0,147,44,-12,0,4810
2025/12/11,15:30,4838,0,534,1848,655,200,0,680,11,286,0,0,0,393,0,143,80,8,0,4838
2025/12/11,16:00,4694,0,500,1855,537,189,0,736,11,287,0,0,0,379,0,136,79,-15,0,4694
2025/12/11,16:30,4742,0,517,1842,691,183,0,697,11,289,0,0,0,371,0,103,75,-37,0,4742
2025/12/11,17:00,4678,0,516,1851,795,170,0,670,8,291,0,0,0,375,0,82,26,-106,0,4678
2025/12/11,17:30,4594,0,546,1841,785,171,0,640,1,291,0,0,0,395,0,27,-5,-98,0,4594
2025/12/11,18:00,4562,0,514,1789,763,171,0,559,1,292,0,0,0,414,0,95,-5,-31,0,4562
2025/12/11,18:30,4536,0,505,1762,747,171,0,499,1,291,0,0,0,467,0,95,-4,2,0,4536
2025/12/11,19:00,4433,0,532,1776,650,184,0,480,1,293,0,0,0,435,0,94,-6,-6,0,4433
2025/12/11,19:30,4343,0,507,1753,633,213,0,462,1,292,0,0,0,420,0,94,-8,-24,0,4343
2025/12/11,20:00,4304,0,549,1764,505,220,0,461,1,293,0,0,0,435,0,94,-7,-11,0,4304
2025/12/11,20:30,4198,0,552,1758,483,220,0,461,1,292,0,0,0,456,0,14,-14,-25,0,4198
2025/12/11,21:00,4202,0,536,1784,505,220,0,421,1,292,0,0,0,475,0,0,-6,-26,0,4202
2025/12/11,21:30,4100,0,530,1767,437,219,0,399,1,293,0,0,0,486,0,0,-4,-28,0,4100
2025/12/11,22:00,4041,0,484,1768,401,220,0,398,1,292,0,0,0,499,0,0,-5,-17,0,4041
2025/12/11,22:30,3949,0,430,1738,399,220,0,397,1,293,0,0,0,500,0,0,-5,-24,0,3949
2025/12/11,23:00,4048,0,447,1760,400,220,0,393,1,292,0,0,0,556,0,0,-6,-15,0,4048
2025/12/11,23:30,4018,0,465,1759,303,220,0,397,1,292,0,0,0,597,0,0,-5,-11,0,4018
2025/12/12,00:00,4067,0,496,1782,300,220,0,381,1,292,0,0,0,597,0,0,4,-6,0,4067
2025/12/12,00:30,3933,0,457,1762,211,220,0,360,1,292,0,0,0,625,0,0,6,-1,0,3933
2025/12/12,01:00,4104,0,526,1770,318,220,0,334,1,292,0,0,0,633,0,0,5,5,0,4104
2025/12/12,01:30,4200,0,511,1761,394,220,0,344,1,292,0,0,0,677,0,0,5,-5,0,4200
2025/12/12,02:00,4212,0,492,1779,394,220,0,340,1,293,0,0,0,689,0,0,6,-2,0,4212
2025/12/12,02:30,4316,0,523,1783,430,220,0,332,1,293,0,0,0,727,0,0,4,3,0,4316
2025/12/12,03:00,4330,0,511,1789,501,220,0,350,1,292,0,0,0,710,0,0,-43,-1,0,4330
2025/12/12,03:30,4364,0,488,1785,487,220,0,375,1,292,0,0,0,746,0,0,-23,-7,0,4364
2025/12/12,04:00,4395,0,529,1802,431,220,0,374,1,292,0,0,0,766,0,0,-6,-14,0,4395
2025/12/12,04:30,4409,0,537,1798,348,220,0,404,1,293,0,0,0,820,0,0,-5,-7,0,4409
2025/12/12,05:00,4465,0,556,1804,379,204,0,446,1,293,0,0,0,799,0,0,-9,-8,0,4465
2025/12/12,05:30,4445,0,547,1795,412,174,0,462,1,292,0,0,0,796,0,0,-7,-27,0,4445
2025/12/12,06:00,4528,0,525,1806,441,186,0,522,1,292,0,0,0,787,0,0,-28,-4,0,4528
2025/12/12,06:30,4510,0,576,1818,482,180,0,523,1,288,0,0,0,717,0,0,-28,-47,0,4510
2025/12/12,07:00,4522,0,552,1835,556,166,0,525,1,289,0,27,0,680,0,0,-28,-81,0,4522
2025/12/12,07:30,4604,0,558,1848,571,166,0,511,1,290,0,77,0,707,0,23,-6,-142,0,4604
2025/12/12,08:00,4739,0,547,1860,521,167,0,478,1,291,0,164,0,723,0,115,-7,-121,0,4739
2025/12/12,08:30,4961,0,528,1842,548,166,0,492,1,292,0,242,0,726,0,209,-5,-80,0,4961
2025/12/12,09:00,5010,0,463,1866,617,180,0,491,1,293,0,309,0,729,0,245,-4,-180,0,5010
2025/12/12,09:30,5002,0,494,1852,547,211,0,481,1,294,0,377,0,704,0,192,-4,-147,0,5002
2025/12/12,10:00,4969,0,455,1826,501,218,0,397,1,293,0,457,0,660,0,193,-3,-29,0,4969
2025/12/12,10:30,4945,0,445,1849,501,218,0,395,1,294,0,485,0,685,0,163,-1,-90,0,4945
2025/12/12,11:00,4991,0,415,1859,502,218,0,393,1,292,0,490,0,695,0,163,-1,-36,0,4991
2025/12/12,11:30,4885,0,475,1849,540,218,0,360,1,291,0,465,0,673,0,143,0,-130,0,4885
2025/12/12,12:00,4800,0,591,1866,547,217,0,291,1,291,0,393,0,676,0,55,2,-130,0,4800
2025/12/12,12:30,4748,0,609,1854,637,218,0,291,1,291,0,352,0,692,0,23,-2,-218,0,4748
2025/12/12,13:00,4861,0,595,1850,682,217,0,311,1,278,0,313,0,686,0,71,0,-143,0,4861
2025/12/12,13:30,4883,0,567,1811,643,217,0,333,1,271,0,250,0,743,0,61,35,-49,0,4883
2025/12/12,14:00,4911,0,573,1818,582,218,0,367,1,286,0,162,0,814,0,61,46,-17,0,4911
2025/12/12,14:30,4927,0,568,1795,643,219,0,423,1,293,0,79,0,831,0,79,-1,-3,0,4927
2025/12/12,15:00,4954,0,529,1806,549,219,0,540,1,292,0,20,0,836,0,118,47,-3,0,4954
2025/12/12,15:30,5072,0,566,1795,562,221,0,624,1,291,0,1,0,787,0,128,91,5,0,5072
2025/12/12,16:00,4960,0,496,1786,611,221,0,662,1,290,0,0,0,760,0,116,27,-10,0,4960
2025/12/12,16:30,4974,0,549,1795,542,220,0,675,1,292,0,0,0,758,0,116,34,-8,0,4974
2025/12/12,17:00,4921,0,596,1806,496,222,0,641,1,291,0,0,0,748,0,81,34,5,0,4921
2025/12/12,17:30,4807,0,547,1792,499,222,0,632,1,291,0,0,0,771,0,53,26,-27,0,4807
2025/12/12,18:00,4801,0,535,1855,572,222,0,614,9,290,0,0,0,804,0,0,-4,-96,0,4801
2025/12/12,18:30,4757,0,501,1852,538,223,0,608,11,290,0,0,0,820,0,0,-7,-79,0,4757
2025/12/12,19:00,4645,0,499,1856,480,221,0,591,11,290,0,0,0,841,0,0,-6,-138,0,4645
2025/12/12,19:30,4569,0,532,1839,464,220,0,532,11,290,0,0,0,832,0,0,-8,-143,0,4569
2025/12/12,20:00,4559,0,536,1839,493,220,0,489,10,290,0,0,0,792,0,0,-7,-103,0,4559
2025/12/12,20:30,4461,0,519,1765,487,220,0,462,10,290,0,0,0,778,0,0,7,-77,0,4461
2025/12/12,21:00,4463,0,581,1745,505,220,0,391,10,290,0,0,0,767,0,0,-6,-40,0,4463
2025/12/12,21:30,4373,0,564,1756,515,220,0,352,10,290,0,0,0,761,0,0,-5,-90,0,4373
2025/12/12,22:00,4278,0,560,1702,433,220,0,325,11,291,0,0,0,766,0,0,-5,-25,0,4278
2025/12/12,22:30,4160,0,523,1695,368,221,0,318,11,292,0,0,0,761,0,0,-6,-23,0,4160
2025/12/12,23:00,4279,0,566,1697,400,220,0,316,11,291,0,0,0,801,0,0,-5,-18,0,4279
2025/12/12,23:30,4195,0,515,1675,394,220,0,309,11,291,0,0,0,818,0,0,-5,-33,0,4195
2025/12/13,00:00,4186,0,493,1701,378,220,0,285,11,290,0,0,0,825,0,0,16,-33,0,4186
2025/12/13,00:30,4156,0,523,1738,311,220,0,287,11,290,0,0,0,848,0,0,13,-85,0,4156
2025/12/13,01:00,4200,0,491,1721,319,221,0,292,11,290,0,0,0,840,0,0,14,1,0,4200
2025/12/13,01:30,4228,0,549,1744,292,220,0,299,11,291,0,0,0,822,0,0,15,-15,0,4228
2025/12/13,02:00,4220,0,529,1762,276,219,0,307,11,292,0,0,0,817,0,0,15,-8,0,4220
2025/12/13,02:30,4240,0,517,1750,335,220,0,315,11,291,0,0,0,815,0,0,-7,-7,0,4240
2025/12/13,03:00,4322,0,541,1771,435,219,0,327,11,292,0,0,0,788,0,0,-61,-1,0,4322
2025/12/13,03:30,4364,0,548,1766,444,219,0,331,11,292,0,0,0,769,0,0,-29,13,0,4364
2025/12/13,04:00,4401,0,548,1779,503,219,0,356,11,291,0,0,0,720,0,0,-29,3,0,4401
2025/12/13,04:30,4407,0,548,1775,490,218,0,359,11,292,0,0,0,751,0,0,-26,-11,0,4407
2025/12/13,05:00,4352,0,553,1775,349,226,0,399,11,292,0,0,0,764,0,0,-6,-11,0,4352
2025/12/13,05:30,4238,0,524,1765,260,226,0,408,11,292,0,0,0,750,0,0,-6,8,0,4238
2025/12/13,06:00,4245,0,540,1776,268,228,0,410,11,295,0,0,0,724,0,0,-5,-2,0,4245
2025/12/13,06:30,4167,0,542,1807,282,203,0,410,11,294,0,1,0,683,0,0,-4,-62,0,4167
2025/12/13,07:00,4154,0,517,1841,289,186,0,407,11,295,0,51,0,658,0,0,-5,-96,0,4154
2025/12/13,07:30,4228,0,535,1824,289,187,0,383,11,294,0,156,0,658,0,0,-1,-108,0,4228
2025/12/13,08:00,4316,0,490,1843,296,186,0,386,11,294,0,295,0,662,0,0,0,-147,0,4316
2025/12/13,08:30,4384,0,445,1842,314,187,0,389,11,294,0,456,0,681,0,-182,0,-53,0,4384
2025/12/13,09:00,4431,0,448,1891,223,194,0,380,11,295,0,564,0,675,0,-227,8,-31,0,4431
2025/12/13,09:30,4371,0,420,1877,170,187,0,304,11,295,0,629,0,681,0,-230,42,-15,0,4371
2025/12/13,10:00,4286,0,426,1878,161,186,0,232,11,295,0,700,0,649,0,-225,-5,-22,0,4286
2025/12/13,10:30,4242,0,494,1830,236,186,0,227,11,296,0,740,0,621,0,-230,-4,-165,0,4242
2025/12/13,11:00,4207,0,434,1811,186,186,0,222,11,296,0,772,0,631,0,-228,-4,-110,0,4207
2025/12/13,11:30,4153,0,425,1778,161,187,0,221,11,294,0,763,0,653,0,-229,-5,-106,0,4153
2025/12/13,12:00,4107,0,318,1781,162,202,0,238,11,295,0,750,0,637,0,-230,-7,-50,0,4107
2025/12/13,12:30,4035,0,434,1751,161,232,0,241,11,296,0,682,0,648,0,-228,-50,-143,0,4035
2025/12/13,13:00,3977,0,411,1755,162,232,0,276,11,283,0,567,0,632,0,-228,-6,-118,0,3977
2025/12/13,13:30,3931,0,356,1758,161,202,0,291,11,273,0,461,0,704,0,-228,46,-104,0,3931
2025/12/13,14:00,3950,0,386,1786,159,202,0,334,11,287,0,319,0,750,0,-228,44,-100,0,3950
2025/12/13,14:30,3946,0,420,1728,159,232,0,357,11,294,0,150,0,742,0,-98,-4,-45,0,3946
2025/12/13,15:00,4015,0,422,1706,180,239,0,449,11,293,0,42,0,680,0,0,-3,-4,0,4015
2025/12/13,15:30,4091,0,438,1722,259,239,0,520,11,293,0,2,0,552,0,12,44,-1,0,4091
2025/12/13,16:00,4108,0,490,1740,293,239,0,564,11,294,0,0,0,495,0,27,-7,-38,0,4108
2025/12/13,16:30,4194,0,500,1750,407,240,0,591,11,292,0,0,0,467,0,0,-7,-57,0,4194
2025/12/13,17:00,4256,0,522,1773,480,242,0,494,11,292,0,0,0,430,0,2,31,-21,0,4256
2025/12/13,17:30,4222,0,495,1801,407,243,0,486,11,294,0,2,0,411,0,81,-6,-3,0,4222
2025/12/13,18:00,4213,0,496,1766,443,242,0,493,10,292,0,0,0,399,0,81,-7,-2,0,4213
2025/12/13,18:30,4185,0,482,1768,407,242,0,481,11,293,0,0,0,393,0,71,29,8,0,4185
2025/12/13,19:00,4136,0,487,1772,461,242,0,451,10,292,0,0,0,337,0,60,23,1,0,4136
2025/12/13,19:30,4072,0,490,1772,527,241,0,413,10,292,0,0,0,225,0,62,31,9,0,4072
2025/12/13,20:00,4050,0,497,1839,554,237,0,388,10,292,0,0,0,117,0,81,29,6,0,4050
2025/12/13,20:30,3962,0,501,1823,563,216,0,375,10,292,0,0,0,91,0,81,-5,15,0,3962
2025/12/13,21:00,3955,0,561,1850,524,189,0,357,10,292,0,0,0,70,0,91,-4,15,0,3955
2025/12/13,21:30,3843,0,601,1844,432,191,0,330,10,292,0,0,0,64,0,83,-5,1,0,3843
2025/12/13,22:00,3766,0,596,1840,364,208,0,317,10,291,0,0,0,51,0,99,-5,-5,0,3766
2025/12/13,22:30,3672,0,579,1848,321,234,0,306,10,292,0,0,0,48,0,55,-4,-17,0,3672
2025/12/13,23:00,3826,0,592,1859,322,239,0,288,10,293,0,0,0,47,0,181,-4,-1,0,3826
2025/12/13,23:30,3780,0,592,1852,336,224,0,289,10,293,0,0,0,46,0,149,-6,-5,0,3780
2025/12/14,00:00,3875,0,603,1846,359,194,0,286,10,293,0,0,0,28,0,253,-5,8,0,3875
2025/12/14,00:30,3791,0,614,1840,376,187,0,303,10,294,0,0,0,27,0,151,-6,-5,0,3791
2025/12/14,01:00,3863,0,613,1843,414,187,0,305,10,293,0,0,0,32,0,177,-4,-7,0,3863
2025/12/14,01:30,3893,0,608,1843,463,203,0,306,10,293,0,0,0,38,0,124,-1,6,0,3893
2025/12/14,02:00,3927,0,594,1841,560,233,0,307,10,293,0,0,0,32,0,68,-1,-10,0,3927
2025/12/14,02:30,3957,0,589,1818,606,240,0,312,10,293,0,0,0,37,0,38,-2,16,0,3957
2025/12/14,03:00,4022,0,581,1843,598,239,0,326,10,293,0,0,0,43,0,87,-8,10,0,4022
2025/12/14,03:30,4040,0,574,1848,570,240,0,325,10,294,0,0,0,66,0,102,-7,18,0,4040
2025/12/14,04:00,4052,0,574,1815,544,240,0,392,10,293,0,0,0,90,0,101,-7,0,0,4052
2025/12/14,04:30,4058,0,576,1789,508,240,0,402,10,294,0,0,0,130,0,102,2,5,0,4058
2025/12/14,05:00,4067,0,578,1767,517,239,0,419,10,293,0,0,0,162,0,102,-6,-14,0,4067
2025/12/14,05:30,3979,0,552,1718,506,240,0,389,10,294,0,0,0,213,0,82,-7,-18,0,3979
2025/12/14,06:00,3951,0,560,1722,497,240,0,371,10,293,0,0,0,234,0,67,-6,-37,0,3951
2025/12/14,06:30,3863,0,569,1747,479,240,0,364,10,293,0,0,0,252,0,0,-6,-85,0,3863
2025/12/14,07:00,3776,0,569,1769,358,240,0,344,10,293,0,22,0,264,0,0,-4,-89,0,3776
2025/12/14,07:30,3910,0,568,1767,398,239,0,320,10,293,0,136,0,289,0,0,-5,-105,0,3910
2025/12/14,08:00,4017,0,550,1749,406,240,0,293,10,295,0,229,0,302,0,0,-3,-54,0,4017
2025/12/14,08:30,4063,0,525,1715,383,239,0,331,10,295,0,268,0,335,0,0,-4,-34,0,4063
2025/12/14,09:00,4143,0,569,1793,411,241,0,368,10,296,0,298,0,345,0,-163,-5,-20,0,4143
2025/12/14,09:30,4119,0,584,1815,396,240,0,372,10,295,0,312,0,345,0,-215,-5,-30,0,4119
2025/12/14,10:00,4098,0,587,1819,431,239,0,342,11,295,0,306,0,333,0,-215,-5,-45,0,4098
2025/12/14,10:30,4130,0,587,1813,403,240,0,352,11,295,0,298,0,336,0,-207,-6,8,0,4130
2025/12/14,11:00,4239,0,598,1824,477,240,0,353,11,296,0,348,0,325,0,-226,-6,-1,0,4239
2025/12/14,11:30,4239,0,601,1813,463,239,0,364,11,295,0,339,0,332,0,-227,-5,14,0,4239
2025/12/14,12:00,4165,0,604,1820,437,239,0,405,11,295,0,274,0,318,0,-227,-5,-6,0,4165
2025/12/14,12:30,4199,0,602,1808,457,240,0,427,11,296,0,254,0,320,0,-225,-6,15,0,4199
2025/12/14,13:00,4243,0,608,1821,568,239,0,460,11,285,0,205,0,302,0,-222,-6,-28,0,4243
2025/12/14,13:30,4235,0,575,1808,459,240,0,499,11,275,0,154,0,326,0,-111,-4,3,0,4235
2025/12/14,14:00,4194,0,591,1817,277,239,0,536,11,287,0,84,0,353,0,17,-6,-12,0,4194
2025/12/14,14:30,4176,0,591,1807,239,240,0,540,11,296,0,37,0,377,0,21,-6,23,0,4176
2025/12/14,15:00,4241,0,638,1820,291,239,0,493,11,295,0,8,0,378,0,28,-5,45,0,4241
2025/12/14,15:30,4299,0,639,1803,257,240,0,535,11,295,0,0,0,414,0,31,-6,80,0,4299
2025/12/14,16:00,4246,0,620,1822,206,239,0,529,11,293,0,0,0,407,0,34,-5,90,0,4246
2025/12/14,16:30,4268,0,638,1849,200,240,0,525,11,291,0,0,0,412,0,19,-4,87,0,4268
2025/12/14,17:00,4359,0,638,1886,204,243,0,483,11,292,0,0,0,407,0,31,43,121,0,4359
2025/12/14,17:30,4387,0,638,1877,247,243,0,457,11,292,0,2,0,433,0,15,81,91,0,4387
2025/12/14,18:00,4425,0,638,1895,249,243,0,474,11,291,0,0,0,448,0,21,80,75,0,4425
2025/12/14,18:30,4359,0,638,1879,169,243,0,457,11,291,0,0,0,484,0,27,63,97,0,4359
2025/12/14,19:00,4279,0,638,1890,188,243,0,427,11,291,0,0,0,498,0,18,30,45,0,4279
2025/12/14,19:30,4251,0,605,1881,233,241,0,408,11,291,0,0,0,534,0,17,24,6,0,4251
2025/12/14,20:00,4240,0,509,1886,371,241,0,399,11,291,0,0,0,550,0,5,-6,-17,0,4240
2025/12/14,20:30,4160,0,485,1875,268,239,0,396,11,291,0,0,0,555,0,0,-7,47,0,4160
2025/12/14,21:00,4228,0,566,1891,273,240,0,359,11,291,0,0,0,516,0,0,-5,86,0,4228
2025/12/14,21:30,4072,0,561,1858,295,239,0,335,11,291,0,0,0,515,0,0,-4,-29,0,4072
2025/12/14,22:00,4001,0,592,1816,267,240,0,301,11,291,0,0,0,504,0,0,0,-21,0,4001
2025/12/14,22:30,3903,0,574,1800,232,240,0,282,11,290,0,0,0,499,0,6,0,-31,0,3903
2025/12/14,23:00,4091,0,578,1812,278,238,0,286,11,290,0,0,0,530,0,25,-1,44,0,4091
2025/12/14,23:30,4033,0,562,1801,305,239,0,287,11,290,0,0,0,537,0,0,-2,3,0,4033
2025/12/15,00:00,4011,0,498,1790,293,241,0,305,11,290,0,0,0,527,0,0,3,53,0,4011
2025/12/15,00:30,3937,0,488,1746,259,237,0,305,11,291,0,0,0,533,0,0,4,63,0,3937
2025/12/15,01:00,4045,0,487,1751,338,231,0,301,11,289,0,0,0,551,0,0,4,82,0,4045
2025/12/15,01:30,4013,0,502,1736,274,223,0,294,11,291,0,0,0,601,0,0,5,76,0,4013
2025/12/15,02:00,4030,0,488,1746,238,218,0,289,11,290,0,0,0,669,0,0,4,77,0,4030
2025/12/15,02:30,4100,0,500,1734,229,219,0,292,11,292,0,0,0,732,0,0,-4,95,0,4100
2025/12/15,03:00,4110,0,492,1746,187,219,0,316,11,290,0,0,0,779,0,0,-7,77,0,4110
2025/12/15,03:30,4122,0,490,1735,155,219,0,322,11,289,0,0,0,810,0,0,-17,108,0,4122
2025/12/15,04:00,4164,0,494,1727,155,219,0,328,11,290,0,0,0,856,0,0,-17,101,0,4164
2025/12/15,04:30,4156,0,465,1716,149,220,0,347,11,276,0,0,0,889,0,0,-18,101,0,4156
2025/12/15,05:00,4142,0,466,1721,226,218,0,374,11,230,0,0,0,881,0,0,-62,77,0,4142
2025/12/15,05:30,4100,0,400,1706,241,219,0,401,11,229,0,0,0,879,0,0,-22,36,0,4100
2025/12/15,06:00,4140,0,447,1684,217,219,0,394,11,232,0,0,0,836,0,0,-5,105,0,4140
2025/12/15,06:30,4146,0,491,1675,280,219,0,386,11,231,0,1,0,764,0,0,-5,93,0,4146
2025/12/15,07:00,4128,0,526,1703,307,219,0,368,11,232,0,12,0,760,0,0,-5,-5,0,4128
2025/12/15,07:30,4182,0,547,1718,287,219,0,315,11,232,0,12,0,801,0,0,-6,46,0,4182
2025/12/15,08:00,4258,0,542,1767,247,219,0,343,11,231,0,50,0,816,0,0,-6,38,0,4258
2025/12/15,08:30,4352,0,518,1787,175,219,0,349,11,231,0,92,0,826,0,32,-7,119,0,4352
2025/12/15,09:00,4365,0,443,1831,148,199,0,360,11,230,0,142,0,815,0,60,30,96,0,4365
2025/12/15,09:30,4313,0,330,1826,148,168,0,318,11,229,0,209,0,849,0,60,31,134,0,4313
2025/12/15,10:00,4226,0,310,1822,114,164,0,280,11,226,0,249,0,864,0,60,-3,129,0,4226
2025/12/15,10:30,4172,0,333,1701,96,164,0,297,11,226,0,315,0,857,0,60,-2,114,0,4172
2025/12/15,11:00,4253,0,358,1716,96,160,0,355,11,227,0,389,0,815,0,29,-3,100,0,4253
2025/12/15,11:30,4295,0,429,1841,107,153,0,368,11,227,0,371,0,825,0,-137,-3,103,0,4295
2025/12/15,12:00,4253,0,482,1848,149,159,0,330,11,228,0,310,0,827,0,-168,-29,106,0,4253
2025/12/15,12:30,4235,0,487,1841,163,164,0,331,11,230,0,293,0,832,0,-223,-3,109,0,4235
2025/12/15,13:00,4323,0,485,1850,167,164,0,371,11,217,0,275,0,818,0,-142,-3,110,0,4323
2025/12/15,13:30,4365,0,508,1843,151,182,0,398,11,210,0,213,0,869,0,-118,-5,103,0,4365
2025/12/15,14:00,4393,0,455,1841,149,212,0,434,11,222,0,158,0,903,0,-99,-4,111,0,4393
2025/12/15,14:30,4451,0,465,1842,149,217,0,472,11,229,0,88,0,912,0,79,-4,-9,0,4451
2025/12/15,15:00,4516,0,542,1851,159,218,0,537,11,229,0,39,0,896,0,34,-4,4,0,4516
2025/12/15,15:30,4626,0,548,1841,209,217,0,582,11,227,0,8,0,847,0,17,-7,126,0,4626
2025/12/15,16:00,4567,0,525,1850,175,220,0,623,11,227,0,0,0,821,0,15,-3,103,0,4567
2025/12/15,16:30,4587,0,538,1841,177,221,0,622,11,227,0,0,0,831,0,0,40,79,0,4587
2025/12/15,17:00,4557,0,577,1850,183,221,0,599,11,227,0,0,0,838,0,0,40,11,0,4557
2025/12/15,17:30,4473,0,574,1840,230,221,0,581,11,228,0,0,0,843,0,0,41,-96,0,4473
2025/12/15,18:00,4437,0,587,1844,202,221,0,547,11,228,0,0,0,832,0,0,67,-102,0,4437
2025/12/15,18:30,4373,0,583,1843,255,221,0,529,11,231,0,0,0,828,0,0,-6,-122,0,4373
2025/12/15,19:00,4301,0,589,1846,263,221,0,480,11,232,0,0,0,857,0,0,-5,-193,0,4301
2025/12/15,19:30,4223,0,579,1832,199,218,0,443,11,233,0,0,0,878,0,0,-4,-166,0,4223
2025/12/15,20:00,4173,0,529,1847,233,218,0,436,11,233,0,0,0,856,0,0,-6,-184,0,4173
2025/12/15,20:30,4051,0,506,1817,209,218,0,395,11,233,0,0,0,846,0,12,-5,-191,0,4051
2025/12/15,21:00,4025,0,483,1786,146,218,0,376,11,233,0,0,0,858,0,54,-6,-134,0,4025
2025/12/15,21:30,3907,0,464,1737,144,218,0,367,11,233,0,0,0,867,0,0,-6,-128,0,3907
2025/12/15,22:00,3807,0,406,1678,111,218,0,370,11,233,0,0,0,856,0,0,-5,-71,0,3807
2025/12/15,22:30,3705,0,407,1654,134,218,0,343,11,233,0,0,0,831,0,0,-4,-122,0,3705
2025/12/15,23:00,3839,0,463,1680,194,218,0,330,11,234,0,0,0,806,0,0,-6,-91,0,3839
2025/12/15,23:30,3753,0,457,1681,159,218,0,317,11,233,0,0,0,843,0,0,-4,-162,0,3753
2025/12/16,00:00,3768,0,366,1704,110,218,0,310,11,234,0,0,0,833,0,0,5,-23,0,3768
2025/12/16,00:30,3770,0,389,1681,110,219,0,322,11,234,0,0,0,850,0,0,4,-50,0,3770
2025/12/16,01:00,3767,0,342,1684,110,219,0,316,11,234,0,1,0,855,0,0,6,-11,0,3767
2025/12/16,01:30,3841,0,413,1678,110,219,0,315,11,234,0,0,0,850,0,0,6,5,0,3841
2025/12/16,02:00,3901,0,459,1689,110,219,0,324,11,234,0,0,0,836,0,0,6,13,0,3901
2025/12/16,02:30,3959,0,514,1676,119,219,0,335,11,235,0,0,0,832,0,0,-5,23,0,3959
2025/12/16,03:00,4046,0,522,1688,123,218,0,377,11,236,0,0,0,822,0,0,-23,72,0,4046
2025/12/16,03:30,4096,0,516,1677,129,219,0,402,11,239,0,0,0,833,0,0,-17,87,0,4096
2025/12/16,04:00,4141,0,518,1682,127,219,0,428,11,240,0,0,0,834,0,0,-17,99,0,4141
2025/12/16,04:30,4159,0,502,1671,134,218,0,459,11,242,0,0,0,852,0,0,-16,86,0,4159
2025/12/16,05:00,4175,0,513,1679,146,218,0,453,11,241,0,0,0,834,0,0,-18,98,0,4175
2025/12/16,05:30,4105,0,499,1671,121,218,0,460,11,242,0,0,0,815,0,0,-17,85,0,4105
2025/12/16,06:00,4160,0,508,1689,118,220,0,470,11,242,0,0,0,767,0,0,30,105,0,4160
2025/12/16,06:30,4108,0,561,1678,136,219,0,481,11,242,0,0,0,687,0,0,-5,98,0,4108
2025/12/16,07:00,4089,0,580,1714,139,219,0,460,11,243,0,25,0,680,0,0,-5,23,0,4089
2025/12/16,07:30,4221,0,558,1739,160,218,0,441,11,243,0,201,0,695,0,0,-6,-39,0,4221
2025/12/16,08:00,4383,0,569,1783,211,218,0,425,11,243,0,373,0,701,0,0,10,-161,0,4383
2025/12/16,08:30,4539,0,524,1799,148,218,0,470,11,246,0,517,0,753,0,0,-5,-142,0,4539
2025/12/16,09:00,4567,0,519,1850,113,218,0,448,11,252,0,616,0,762,0,15,-4,-233,0,4567
2025/12/16,09:30,4565,0,452,1855,113,218,0,405,11,259,0,705,0,775,0,23,-4,-247,0,4565
2025/12/16,10:00,4484,0,299,1854,112,217,0,322,11,263,0,793,0,794,0,5,-4,-182,0,4484
2025/12/16,10:30,4448,0,308,1739,91,218,0,307,11,265,0,883,0,811,0,0,-3,-182,0,4448
2025/12/16,11:00,4512,0,385,1837,60,218,0,291,11,266,0,883,0,770,0,0,-1,-208,0,4512
2025/12/16,11:30,4528,0,385,1852,60,217,0,275,11,267,0,885,0,772,0,0,0,-196,0,4528
2025/12/16,12:00,4379,0,340,1890,60,218,0,251,11,268,0,814,0,766,0,15,2,-256,0,4379
2025/12/16,12:30,4297,0,315,1867,61,218,0,237,11,267,0,773,0,781,0,24,-1,-256,0,4297
2025/12/16,13:00,4392,0,408,1883,68,218,0,302,11,266,0,698,0,784,0,20,-1,-265,0,4392
2025/12/16,13:30,4350,0,290,1864,112,217,0,336,11,271,0,608,0,842,0,55,-2,-254,0,4350
2025/12/16,14:00,4336,0,302,1881,113,217,0,368,11,273,0,433,0,862,0,126,-2,-248,0,4336
2025/12/16,14:30,4352,0,429,1867,117,217,0,431,11,277,0,228,0,875,0,75,-3,-172,0,4352
2025/12/16,15:00,4461,0,430,1886,114,218,0,495,11,279,0,71,0,857,0,58,-2,44,0,4461
2025/12/16,15:30,4577,0,440,1874,121,220,0,580,11,283,0,7,0,822,0,104,-2,117,0,4577
2025/12/16,16:00,4575,0,450,1874,117,220,0,593,11,286,0,0,0,810,0,90,83,41,0,4575
2025/12/16,16:30,4617,0,449,1869,115,221,0,609,11,287,0,1,0,826,0,75,80,74,0,4617
2025/12/16,17:00,4618,0,523,1876,190,222,0,594,11,286,0,0,0,830,0,61,32,-7,0,4618
2025/12/16,17:30,4548,0,492,1841,238,221,0,609,11,286,0,0,0,833,0,61,65,-109,0,4548
2025/12/16,18:00,4516,0,507,1780,168,221,0,543,11,285,0,0,0,840,0,114,41,6,0,4516
2025/12/16,18:30,4470,0,552,1732,212,221,0,541,11,285,0,0,0,853,0,85,-6,-16,0,4470
2025/12/16,19:00,4394,0,517,1723,220,219,0,483,11,286,0,0,0,882,0,55,-6,4,0,4394
2025/12/16,19:30,4338,0,516,1737,170,218,0,424,11,286,0,0,0,901,0,0,-5,80,0,4338
2025/12/16,20:00,4302,0,504,1751,241,218,0,418,11,286,0,0,0,879,0,0,-5,-1,0,4302
2025/12/16,20:30,4200,0,476,1703,196,218,0,417,11,286,0,0,0,885,0,0,-7,15,0,4200
2025/12/16,21:00,4187,0,481,1674,216,218,0,404,11,285,0,0,0,867,0,0,-6,37,0,4187
2025/12/16,21:30,4031,0,483,1640,191,219,0,385,11,286,0,0,0,858,0,0,-5,-37,0,4031
2025/12/16,22:00,3953,0,488,1652,110,218,0,360,11,285,0,0,0,856,0,0,-5,-22,0,3953
2025/12/16,22:30,3859,0,418,1628,135,218,0,324,11,287,0,0,0,870,0,0,-5,-27,0,3859
2025/12/16,23:00,4013,0,471,1643,241,219,0,294,11,286,0,0,0,867,0,0,-5,-14,0,4013
2025/12/16,23:30,3977,0,454,1627,214,219,0,286,11,286,0,0,0,881,0,0,-5,4,0,3977
2025/12/17,00:00,3993,0,484,1648,231,218,0,287,11,286,0,0,0,852,0,0,4,-28,0,3993
2025/12/17,00:30,3943,0,477,1630,211,218,0,307,11,287,0,0,0,866,0,0,5,-69,0,3943
2025/12/17,01:00,4047,0,467,1654,212,218,0,325,11,286,0,0,0,869,0,0,6,-1,0,4047
2025/12/17,01:30,4041,0,501,1647,164,218,0,338,11,286,0,0,0,879,0,0,5,-8,0,4041
2025/12/17,02:00,4091,0,507,1654,111,217,0,341,11,286,0,0,0,871,0,0,6,87,0,4091
2025/12/17,02:30,4167,0,534,1649,159,220,0,321,11,286,0,0,0,884,0,0,-6,109,0,4167
2025/12/17,03:00,4233,0,531,1655,216,224,0,351,11,287,0,0,0,872,0,0,-17,103,0,4233
2025/12/17,03:30,4271,0,528,1645,267,227,0,366,11,288,0,0,0,870,0,7,-49,111,0,4271
2025/12/17,04:00,4324,0,557,1650,216,237,0,382,11,287,0,0,0,855,0,24,-17,122,0,4324
2025/12/17,04:30,4320,0,569,1642,186,239,0,416,11,287,0,0,0,861,0,23,-17,103,0,4320
2025/12/17,05:00,4371,0,616,1654,158,239,0,442,11,287,0,0,0,850,0,20,-17,111,0,4371
2025/12/17,05:30,4343,0,594,1648,203,239,0,425,11,287,0,0,0,834,0,2,-11,111,0,4343
2025/12/17,06:00,4432,0,597,1684,201,241,0,433,11,286,0,0,0,798,0,75,-6,112,0,4432
2025/12/17,06:30,4422,0,596,1689,271,241,0,433,11,287,0,1,0,718,0,77,-5,103,0,4422
2025/12/17,07:00,4352,0,582,1709,254,239,0,433,11,286,0,35,0,689,0,0,12,102,0,4352
2025/12/17,07:30,4424,0,524,1704,232,240,0,445,11,286,0,252,0,714,0,0,-6,22,0,4424
2025/12/17,08:00,4532,0,469,1734,162,240,0,450,11,287,0,523,0,717,0,22,-6,-77,0,4532
2025/12/17,08:30,4612,0,329,1704,160,239,0,453,11,286,0,765,0,722,0,60,-4,-113,0,4612
2025/12/17,09:00,4675,0,331,1758,148,238,0,385,11,287,0,981,0,711,0,54,0,-229,0,4675
2025/12/17,09:30,4623,0,294,1718,108,238,0,298,11,287,0,1142,0,721,0,24,41,-259,0,4623
2025/12/17,10:00,4584,0,241,1678,108,238,0,254,11,286,0,1262,0,737,0,33,-1,-263,0,4584
2025/12/17,10:30,4542,0,220,1613,109,237,0,245,11,286,0,1309,0,727,0,34,-2,-247,0,4542
2025/12/17,11:00,4529,0,234,1573,108,238,0,230,11,288,0,1290,0,681,0,1,-4,-121,0,4529
2025/12/17,11:30,4451,0,241,1560,108,238,0,226,11,287,0,1296,0,685,0,0,-6,-195,0,4451
2025/12/17,12:00,4336,0,244,1571,108,233,0,225,11,287,0,1203,0,669,0,8,-3,-220,0,4336
2025/12/17,12:30,4224,0,234,1531,108,234,0,244,11,288,0,1075,0,664,0,0,-6,-159,0,4224
2025/12/17,13:00,4299,0,299,1651,108,238,0,261,11,274,0,925,0,655,0,0,-4,-119,0,4299
2025/12/17,13:30,4323,0,316,1749,115,238,0,297,11,267,0,726,0,712,0,0,43,-151,0,4323
2025/12/17,14:00,4384,0,480,1777,160,238,0,367,11,280,0,507,0,743,0,0,-4,-175,0,4384
2025/12/17,14:30,4378,0,583,1759,195,238,0,406,11,287,0,256,0,758,0,0,-5,-110,0,4378
2025/12/17,15:00,4469,0,541,1768,173,242,0,479,11,288,0,77,0,717,0,42,28,103,0,4469
2025/12/17,15:30,4601,0,579,1753,284,242,0,544,11,286,0,6,0,672,0,63,30,131,0,4601
2025/12/17,16:00,4615,0,553,1761,223,242,0,638,11,287,0,0,0,669,0,71,44,116,0,4615
2025/12/17,16:30,4665,0,516,1754,163,244,0,669,11,287,0,0,0,707,0,135,81,98,0,4665
2025/12/17,17:00,4644,0,543,1771,156,244,0,669,11,289,0,0,0,729,0,156,29,47,0,4644
2025/12/17,17:30,4546,0,531,1761,199,244,0,628,11,288,0,0,0,734,0,151,29,-30,0,4546
2025/12/17,18:00,4550,0,531,1770,242,243,0,620,11,287,0,0,0,737,0,126,-5,-12,0,4550
2025/12/17,18:30,4478,0,535,1762,246,240,0,619,11,287,0,0,0,756,0,57,-5,-30,0,4478
2025/12/17,19:00,4407,0,529,1765,202,240,0,552,11,287,0,0,0,770,0,57,-7,1,0,4407
2025/12/17,19:30,4351,0,497,1760,140,238,0,497,11,288,0,0,0,805,0,57,-6,64,0,4351
2025/12/17,20:00,4309,0,457,1764,150,239,0,495,11,288,0,0,0,789,0,76,-5,45,0,4309
2025/12/17,20:30,4211,0,485,1756,190,238,0,476,11,288,0,0,0,778,0,34,-6,-39,0,4211
2025/12/17,21:00,4200,0,497,1769,234,241,0,465,11,289,0,0,0,744,0,0,-7,-43,0,4200
2025/12/17,21:30,4106,0,506,1758,233,239,0,455,11,287,0,0,0,741,0,0,-4,-120,0,4106
2025/12/17,22:00,4031,0,501,1766,245,240,0,348,11,288,0,0,0,732,0,0,-4,-96,0,4031
2025/12/17,22:30,3905,0,494,1745,242,239,0,310,11,287,0,0,0,688,0,0,-10,-101,0,3905
2025/12/17,23:00,4039,0,487,1763,222,241,0,282,11,288,0,0,0,705,0,0,-4,44,0,4039
2025/12/17,23:30,3961,0,471,1760,163,240,0,280,11,287,0,0,0,745,0,0,-4,8,0,3961
2025/12/18,00:00,3938,0,467,1753,149,241,0,276,11,288,0,0,0,755,0,0,2,-4,0,3938
2025/12/18,00:30,3982,0,499,1717,173,242,0,294,11,287,0,0,0,752,0,0,3,4,0,3982
2025/12/18,01:00,4105,0,494,1706,200,241,0,300,11,288,0,0,0,786,0,0,7,72,0,4105
2025/12/18,01:30,4165,0,503,1681,227,241,0,303,11,288,0,0,0,824,0,0,5,82,0,4165
2025/12/18,02:00,4184,0,497,1701,198,241,0,325,11,287,0,0,0,828,0,0,-1,97,0,4184
2025/12/18,02:30,4276,0,526,1702,252,241,0,322,11,288,0,0,0,846,0,0,-6,94,0,4276
2025/12/18,03:00,4272,0,526,1728,236,241,0,367,11,288,0,0,0,818,0,0,-33,90,0,4272
2025/12/18,03:30,4326,0,510,1729,253,241,0,396,11,288,0,0,0,809,0,0,-17,106,0,4326
2025/12/18,04:00,4369,0,491,1756,320,241,0,415,11,289,0,0,0,766,0,0,-18,98,0,4369
2025/12/18,04:30,4379,0,488,1769,322,242,0,448,11,288,0,0,0,711,0,0,-17,117,0,4379
2025/12/18,05:00,4378,0,502,1776,269,241,0,472,11,289,0,0,0,707,0,0,12,99,0,4378
2025/12/18,05:30,4342,0,512,1765,208,241,0,495,11,289,0,0,0,743,0,0,-17,95,0,4342
2025/12/18,06:00,4395,0,559,1773,170,241,0,514,11,288,0,0,0,718,0,0,1,120,0,4395
2025/12/18,06:30,4387,0,574,1767,268,243,0,514,11,288,0,0,0,618,0,0,-5,109,0,4387
2025/12/18,07:00,4365,0,572,1772,303,241,0,488,11,283,0,26,0,601,0,0,-6,74,0,4365
2025/12/18,07:30,4497,0,550,1751,290,241,0,514,11,278,0,241,0,614,0,0,-6,13,0,4497
2025/12/18,08:00,4537,0,449,1770,203,241,0,497,11,278,0,456,0,632,0,0,-5,5,0,4537
2025/12/18,08:30,4609,0,373,1762,155,241,0,489,11,278,0,658,0,642,0,0,-2,2,0,4609
2025/12/18,09:00,4591,0,308,1766,151,242,0,392,11,278,0,876,0,627,0,0,10,-70,0,4591
2025/12/18,09:30,4543,0,274,1725,151,242,0,342,11,277,0,1045,0,655,0,0,-5,-174,0,4543
2025/12/18,10:00,4449,0,248,1689,145,242,0,250,11,278,0,1139,0,666,0,13,-4,-228,0,4449
2025/12/18,10:30,4445,0,301,1645,100,242,0,223,11,277,0,1173,0,661,0,16,-3,-201,0,4445
2025/12/18,11:00,4454,0,362,1674,98,242,0,206,11,278,0,1179,0,577,0,0,-8,-165,0,4454
2025/12/18,11:30,4326,0,255,1638,98,242,0,206,11,279,0,1144,0,572,0,0,-6,-113,0,4326
2025/12/18,12:00,4262,0,248,1654,97,240,0,204,11,282,0,1068,0,565,0,1,-50,-58,0,4262
2025/12/18,12:30,4180,0,262,1702,98,241,0,210,11,286,0,976,0,556,0,0,-26,-136,0,4180
2025/12/18,13:00,4219,0,333,1781,104,240,0,211,11,274,0,809,0,543,0,0,-6,-81,0,4219
2025/12/18,13:30,4185,0,329,1799,145,240,0,221,11,265,0,647,0,595,0,0,-5,-62,0,4185
2025/12/18,14:00,4240,0,413,1846,147,240,0,289,11,276,0,456,0,622,0,0,-5,-55,0,4240
2025/12/18,14:30,4270,0,447,1852,146,239,0,390,11,286,0,235,0,624,0,31,-3,12,0,4270
2025/12/18,15:00,4389,0,471,1885,146,244,0,509,11,286,0,83,0,587,0,88,0,79,0,4389
2025/12/18,15:30,4547,0,506,1883,155,244,0,560,11,287,0,10,0,552,0,193,20,126,0,4547
2025/12/18,16:00,4554,0,504,1885,158,243,0,615,11,286,0,3,0,538,0,193,44,74,0,4554
2025/12/18,16:30,4616,0,547,1877,214,245,0,626,11,287,0,3,0,541,0,173,80,12,0,4616
2025/12/18,17:00,4572,0,546,1888,287,246,0,585,11,286,0,5,0,509,0,194,31,-16,0,4572
2025/12/18,17:30,4526,0,522,1874,254,244,0,570,11,287,0,0,0,531,0,114,79,40,0,4526
2025/12/18,18:00,4492,0,518,1889,224,244,0,580,11,288,0,0,0,540,0,140,26,32,0,4492
2025/12/18,18:30,4472,0,557,1882,259,242,0,565,11,288,0,0,0,574,0,81,29,-16,0,4472
2025/12/18,19:00,4380,0,522,1889,248,242,0,553,11,287,0,0,0,640,0,33,-6,-39,0,4380
2025/12/18,19:30,4320,0,569,1881,231,241,0,500,11,288,0,0,0,661,0,0,-5,-57,0,4320
2025/12/18,20:00,4295,0,550,1882,253,241,0,506,11,288,0,0,0,627,0,0,-5,-58,0,4295
2025/12/18,20:30,4171,0,537,1873,247,241,0,475,11,288,0,0,0,586,0,0,-6,-81,0,4171
2025/12/18,21:00,4148,0,544,1888,252,241,0,432,11,288,0,0,0,558,0,0,-6,-60,0,4148
2025/12/18,21:30,4014,0,560,1850,196,241,0,415,11,289,0,0,0,557,0,0,-4,-101,0,4014
2025/12/18,22:00,3897,0,564,1844,146,241,0,379,11,288,0,0,0,534,0,0,-5,-105,0,3897
2025/12/18,22:30,3791,0,538,1818,150,241,0,370,11,287,0,0,0,508,0,0,-7,-125,0,3791
2025/12/18,23:00,3900,0,531,1854,153,241,0,352,11,288,0,0,0,456,0,0,-5,19,0,3900
2025/12/18,23:30,3828,0,563,1863,198,241,0,348,11,287,0,0,0,408,0,0,-4,-87,0,3828
2025/12/19,00:00,3843,0,564,1883,282,241,0,312,11,288,0,0,0,366,0,0,6,-110,0,3843
2025/12/19,00:30,3761,0,541,1877,248,241,0,312,11,288,0,0,0,306,0,0,7,-70,0,3761
2025/12/19,01:00,3830,0,526,1884,206,241,0,304,11,287,0,0,0,279,0,0,4,88,0,3830
2025/12/19,01:30,3872,0,518,1874,199,241,0,343,11,288,0,0,0,302,0,0,5,91,0,3872
2025/12/19,02:00,3952,0,524,1885,255,241,0,372,11,289,0,0,0,311,0,0,5,59,0,3952
2025/12/19,02:30,4032,0,526,1876,234,241,0,395,11,289,0,0,0,323,0,52,-6,91,0,4032
2025/12/19,03:00,4139,0,533,1882,251,241,0,468,11,287,0,0,0,321,0,59,-7,93,0,4139
2025/12/19,03:30,4127,0,510,1879,190,241,0,515,11,288,0,0,0,352,0,59,-23,105,0,4127
2025/12/19,04:00,4176,0,516,1882,203,241,0,536,11,288,0,0,0,336,0,68,-11,106,0,4176
2025/12/19,04:30,4180,0,540,1875,214,241,0,558,11,288,0,0,0,311,0,68,-13,87,0,4180
2025/12/19,05:00,4232,0,553,1886,242,241,0,597,11,288,0,0,0,258,0,58,21,77,0,4232
2025/12/19,05:30,4206,0,561,1880,271,241,0,556,11,288,0,0,0,249,0,95,-16,70,0,4206
2025/12/19,06:00,4307,0,565,1895,223,242,0,560,11,288,0,0,0,256,0,131,44,92,0,4307
2025/12/19,06:30,4329,0,579,1892,235,243,0,510,11,288,0,0,0,202,0,261,-5,113,0,4329
2025/12/19,07:00,4284,0,582,1894,325,241,0,504,11,288,0,24,0,147,0,206,-4,66,0,4284
2025/12/19,07:30,4384,0,618,1883,239,241,0,491,11,288,0,279,0,133,0,164,-6,43,0,4384
2025/12/19,08:00,4494,0,630,1893,184,241,0,488,11,288,0,533,0,115,0,94,-5,22,0,4494
2025/12/19,08:30,4578,0,609,1886,151,241,0,467,11,287,0,814,0,114,0,19,-6,-15,0,4578
2025/12/19,09:00,4599,0,572,1872,211,240,0,419,11,288,0,1017,0,108,0,35,-6,-168,0,4599
2025/12/19,09:30,4515,0,553,1819,180,240,0,356,11,287,0,1180,0,108,0,24,-6,-237,0,4515
2025/12/19,10:00,4384,0,452,1772,163,240,0,252,11,287,0,1287,0,57,0,6,-5,-138,0,4384
2025/12/19,10:30,4382,0,451,1725,187,240,0,226,10,287,0,1361,0,41,0,0,-6,-140,0,4382
2025/12/19,11:00,4334,0,317,1727,150,239,0,227,10,289,0,1360,0,46,0,0,-6,-25,0,4334
2025/12/19,11:30,4304,0,318,1716,151,240,0,234,11,287,0,1336,0,57,0,0,-2,-44,0,4304
2025/12/19,12:00,4184,0,311,1722,151,240,0,240,11,290,0,1284,0,55,0,0,1,-121,0,4184
2025/12/19,12:30,4070,0,298,1719,151,241,0,255,11,290,0,1129,0,76,0,0,-1,-99,0,4070
2025/12/19,13:00,4233,0,469,1767,169,240,0,272,11,278,0,890,0,82,0,17,0,38,0,4233
2025/12/19,13:30,4239,0,539,1786,292,240,0,321,11,268,0,634,0,101,0,0,-5,52,0,4239
2025/12/19,14:00,4202,0,538,1840,250,240,0,403,11,278,0,425,0,135,0,0,-6,88,0,4202
2025/12/19,14:30,4212,0,529,1856,190,240,0,450,11,290,0,224,0,173,0,153,-5,101,0,4212
2025/12/19,15:00,4260,0,565,1883,163,240,0,510,11,289,0,73,0,193,0,226,-2,109,0,4260
2025/12/19,15:30,4420,0,534,1875,242,242,0,566,11,290,0,7,0,219,0,251,53,130,0,4420
2025/12/19,16:00,4435,0,519,1889,216,242,0,614,11,289,0,0,0,235,0,225,77,118,0,4435
2025/12/19,16:30,4475,0,536,1884,245,244,0,594,10,290,0,0,0,268,0,212,80,112,0,4475
2025/12/19,17:00,4397,0,529,1880,228,244,0,605,10,290,0,0,0,294,0,168,40,109,0,4397
2025/12/19,17:30,4313,0,562,1874,189,244,0,592,10,290,0,0,0,347,0,108,35,62,0,4313
2025/12/19,18:00,4272,0,586,1857,183,244,0,584,10,289,0,0,0,409,0,70,-5,45,0,4272
2025/12/19,18:30,4220,0,582,1815,189,244,0,574,10,289,0,0,0,461,0,61,-6,1,0,4220
2025/12/19,19:00,4137,0,591,1793,233,242,0,532,10,290,0,0,0,453,0,0,-6,-1,0,4137
2025/12/19,19:30,4077,0,556,1759,283,241,0,497,10,289,0,0,0,450,0,0,-6,-2,0,4077
2025/12/19,20:00,4034,0,564,1750,245,240,0,468,10,289,0,0,0,438,0,0,-5,35,0,4034
2025/12/19,20:30,3918,0,555,1705,201,241,0,409,10,288,0,0,0,445,0,31,-6,39,0,3918
2025/12/19,21:00,3866,0,471,1673,264,241,0,395,10,289,0,0,0,426,0,57,-7,47,0,3866
2025/12/19,21:30,3734,0,463,1643,258,241,0,387,10,290,0,0,0,433,0,4,-4,9,0,3734
2025/12/19,22:00,3634,0,481,1649,190,241,0,360,10,288,0,0,0,417,0,0,-4,2,0,3634
2025/12/19,22:30,3556,0,428,1622,264,241,0,344,10,288,0,0,0,427,0,0,-6,-62,0,3556
2025/12/19,23:00,3661,0,447,1648,172,241,0,356,11,289,0,0,0,453,0,0,-5,49,0,3661
2025/12/19,23:30,3571,0,451,1644,123,241,0,332,11,288,0,0,0,490,0,0,-4,-5,0,3571
2025/12/20,00:00,3545,0,492,1648,200,241,0,248,11,288,0,0,0,478,0,0,-4,-57,0,3545
2025/12/20,00:30,3505,0,477,1646,172,241,0,242,11,287,0,0,0,510,0,0,-5,-76,0,3505
2025/12/20,01:00,3530,0,402,1645,117,241,0,286,11,287,0,0,0,606,0,0,-6,-59,0,3530
2025/12/20,01:30,3564,0,336,1641,111,241,0,297,11,288,0,0,0,664,0,0,-6,-19,0,3564
2025/12/20,02:00,3615,0,270,1652,111,241,0,332,11,288,0,0,0,713,0,0,-6,3,0,3615
2025/12/20,02:30,3691,0,351,1644,111,241,0,343,11,288,0,0,0,753,0,0,-7,-44,0,3691
2025/12/20,03:00,3747,0,461,1651,116,241,0,391,11,288,0,0,0,747,0,0,-40,-119,0,3747
2025/12/20,03:30,3781,0,418,1645,111,241,0,418,11,288,0,0,0,759,0,0,-21,-89,0,3781
2025/12/20,04:00,3795,0,370,1656,111,241,0,417,11,287,0,0,0,763,0,0,-15,-46,0,3795
2025/12/20,04:30,3771,0,344,1645,111,241,0,432,11,288,0,0,0,749,0,0,-5,-45,0,3771
2025/12/20,05:00,3802,0,493,1648,173,227,0,430,11,288,0,0,0,701,0,0,16,-185,0,3802
2025/12/20,05:30,3736,0,531,1638,315,197,0,417,11,288,0,0,0,604,0,10,-6,-269,0,3736
2025/12/20,06:00,3702,0,486,1643,216,189,0,437,11,288,0,0,0,565,0,5,-4,-134,0,3702
2025/12/20,06:30,3610,0,483,1643,201,189,0,448,11,288,0,0,0,488,0,0,-6,-135,0,3610
2025/12/20,07:00,3547,0,459,1653,146,213,0,411,10,288,0,11,0,488,0,0,-5,-127,0,3547
2025/12/20,07:30,3715,0,465,1643,179,198,0,356,10,287,0,202,0,489,0,0,-7,-107,0,3715
2025/12/20,08:00,3831,0,492,1650,269,189,0,340,11,287,0,370,0,445,0,11,-5,-228,0,3831
2025/12/20,08:30,3883,0,490,1638,188,189,0,338,11,288,0,496,0,420,0,1,-4,-172,0,3883
2025/12/20,09:00,3924,0,466,1653,141,204,0,300,11,287,0,646,0,383,0,0,25,-192,0,3924
2025/12/20,09:30,3980,0,339,1629,111,234,0,306,10,287,0,785,0,374,0,0,-3,-92,0,3980
2025/12/20,10:00,4030,0,226,1516,101,240,0,305,10,286,0,889,0,393,0,0,-5,69,0,4030
2025/12/20,10:30,4014,0,223,1509,59,241,0,292,11,287,0,917,0,406,0,0,-3,72,0,4014
2025/12/20,11:00,3972,0,243,1586,58,241,0,262,11,286,0,865,0,378,0,0,-32,74,0,3972
2025/12/20,11:30,4022,0,296,1594,59,240,0,266,10,287,0,790,0,403,0,0,-5,82,0,4022
2025/12/20,12:00,4014,0,347,1619,101,241,0,293,10,287,0,615,0,437,0,0,-4,68,0,4014
2025/12/20,12:30,3982,0,334,1585,106,241,0,308,11,287,0,565,0,483,0,0,-5,67,0,3982
2025/12/20,13:00,3872,0,477,1626,106,241,0,345,11,278,0,451,0,483,0,-206,-4,64,0,3872
2025/12/20,13:30,3808,0,475,1608,106,241,0,374,11,267,0,350,0,546,0,-229,-3,62,0,3808
2025/12/20,14:00,3755,0,407,1635,106,225,0,423,11,276,0,273,0,582,0,-227,-2,46,0,3755
2025/12/20,14:30,3677,0,472,1619,107,196,0,463,10,286,0,157,0,599,0,-217,-3,-12,0,3677
2025/12/20,15:00,3656,0,503,1630,107,217,0,535,10,287,0,45,0,587,0,-227,-5,-33,0,3656
2025/12/20,15:30,3700,0,464,1611,107,221,0,554,11,288,0,4,0,552,0,-95,30,-47,0,3700
2025/12/20,16:00,3803,0,480,1624,115,192,0,590,11,287,0,0,0,537,0,0,33,-66,0,3803
2025/12/20,16:30,3903,0,551,1610,134,192,0,601,11,288,0,0,0,566,0,0,80,-130,0,3903
2025/12/20,17:00,3908,0,513,1616,209,192,0,642,11,287,0,0,0,567,0,0,42,-171,0,3908
2025/12/20,17:30,3848,0,462,1606,245,192,0,650,11,287,0,0,0,586,0,0,-5,-186,0,3848
2025/12/20,18:00,3797,0,457,1620,145,208,0,592,11,286,0,0,0,541,0,0,-5,-58,0,3797
2025/12/20,18:30,3765,0,434,1606,111,235,0,550,11,287,0,0,0,550,0,0,29,-48,0,3765
2025/12/20,19:00,3722,0,465,1610,120,242,0,545,11,287,0,0,0,537,0,0,11,-106,0,3722
2025/12/20,19:30,3662,0,486,1590,171,241,0,539,11,287,0,0,0,438,0,0,-5,-96,0,3662
2025/12/20,20:00,3607,0,491,1607,156,241,0,538,11,287,0,0,0,338,0,0,-6,-56,0,3607
2025/12/20,20:30,3519,0,468,1603,169,241,0,535,10,287,0,0,0,306,0,0,-5,-95,0,3519
2025/12/20,21:00,3478,0,477,1610,150,241,0,485,10,282,0,0,0,331,0,0,-6,-102,0,3478
2025/12/20,21:30,3412,0,487,1608,175,241,0,459,10,274,0,0,0,323,0,0,-7,-158,0,3412
2025/12/20,22:00,3367,0,481,1604,178,241,0,437,10,267,0,0,0,319,0,0,-4,-166,0,3367
2025/12/20,22:30,3279,0,462,1596,132,241,0,435,10,261,0,0,0,319,0,0,-5,-172,0,3279
2025/12/20,23:00,3377,0,432,1609,114,241,0,435,10,253,0,0,0,341,0,0,-5,-53,0,3377
2025/12/20,23:30,3311,0,334,1600,111,241,0,435,10,243,0,0,0,350,0,0,-5,-8,0,3311
2025/12/21,00:00,3318,0,394,1612,112,241,0,424,10,241,0,0,0,332,0,0,1,-49,0,3318
2025/12/21,00:30,3330,0,476,1604,189,241,0,429,10,241,0,0,0,353,0,0,3,-216,0,3330
2025/12/21,01:00,3367,0,418,1610,192,241,0,453,10,241,0,0,0,308,0,0,4,-110,0,3367
2025/12/21,01:30,3399,0,484,1606,199,241,0,460,10,242,0,0,0,246,0,0,4,-93,0,3399
2025/12/21,02:00,3468,0,498,1612,234,241,0,475,10,242,0,0,0,192,0,0,2,-38,0,3468
2025/12/21,02:30,3518,0,490,1603,171,241,0,511,10,243,0,0,0,201,0,0,-18,66,0,3518
2025/12/21,03:00,3655,0,492,1616,247,221,0,551,10,242,0,0,0,231,0,0,-19,64,0,3655
2025/12/21,03:30,3695,0,473,1603,295,219,0,568,10,242,0,0,0,249,0,0,-17,53,0,3695
2025/12/21,04:00,3718,0,455,1583,287,220,0,609,10,242,0,0,0,256,0,0,-17,73,0,3718
2025/12/21,04:30,3736,0,490,1554,235,225,0,648,10,242,0,0,0,265,0,22,-17,62,0,3736
2025/12/21,05:00,3703,0,510,1539,197,212,0,610,10,241,0,0,0,308,0,59,-33,50,0,3703
2025/12/21,05:30,3639,0,490,1539,146,186,0,615,10,243,0,0,0,315,0,59,-13,49,0,3639
2025/12/21,06:00,3640,0,540,1541,138,188,0,624,10,242,0,0,0,264,0,59,-3,37,0,3640
2025/12/21,06:30,3548,0,524,1534,212,188,0,579,11,242,0,0,0,221,0,59,-4,-18,0,3548
2025/12/21,07:00,3499,0,509,1549,160,206,0,622,10,243,0,7,0,196,0,53,-6,-50,0,3499
2025/12/21,07:30,3617,0,490,1530,189,193,0,631,10,242,0,154,0,179,0,0,-5,4,0,3617
2025/12/21,08:00,3723,0,443,1538,177,189,0,638,10,242,0,262,0,163,0,0,-4,65,0,3723
2025/12/21,08:30,3821,0,484,1532,205,189,0,622,10,242,0,309,0,171,0,0,-4,61,0,3821
2025/12/21,09:00,3891,0,462,1539,254,204,0,632,10,242,0,296,0,179,0,0,-5,78,0,3891
2025/12/21,09:30,3967,0,473,1523,263,235,0,646,11,242,0,339,0,171,0,0,-5,69,0,3967
2025/12/21,10:00,3953,0,485,1535,204,241,0,658,10,242,0,354,0,163,0,0,-6,67,0,3953
2025/12/21,10:30,3891,0,454,1524,124,241,0,671,10,242,0,379,0,184,0,0,-4,66,0,3891
2025/12/21,11:00,3938,0,448,1541,110,241,0,684,10,241,0,360,0,231,0,0,-5,77,0,3938
2025/12/21,11:30,3998,0,457,1524,114,240,0,666,10,242,0,404,0,269,0,0,-4,76,0,3998
2025/12/21,12:00,4025,0,503,1545,207,241,0,700,11,242,0,335,0,274,0,0,-2,-31,0,4025
2025/12/21,12:30,4007,0,501,1532,217,241,0,706,10,242,0,296,0,286,0,0,-3,-21,0,4007
2025/12/21,13:00,3919,0,495,1540,185,241,0,720,10,230,0,235,0,274,0,0,-5,-6,0,3919
2025/12/21,13:30,3825,0,498,1528,186,242,0,746,10,222,0,183,0,251,0,0,-3,-38,0,3825
2025/12/21,14:00,3796,0,496,1545,169,241,0,761,10,230,0,154,0,289,0,0,30,-129,0,3796
2025/12/21,14:30,3746,0,480,1535,115,241,0,761,10,243,0,96,0,342,0,27,-4,-100,0,3746
2025/12/21,15:00,3724,0,356,1542,111,243,0,787,10,243,0,30,0,364,0,97,-5,-54,0,3724
2025/12/21,15:30,3754,0,415,1525,114,244,0,793,10,244,0,4,0,356,0,97,-6,-42,0,3754
2025/12/21,16:00,3817,0,445,1560,126,243,0,813,10,244,0,0,0,327,0,97,-5,-43,0,3817
2025/12/21,16:30,3903,0,460,1572,119,243,0,811,10,244,0,1,0,351,0,95,-5,2,0,3903
2025/12/21,17:00,3959,0,525,1619,120,245,0,809,10,244,0,0,0,377,0,95,-5,-80,0,3959
2025/12/21,17:30,3989,0,536,1607,118,246,0,808,10,244,0,0,0,410,0,95,45,-130,0,3989
2025/12/21,18:00,3990,0,514,1612,111,243,0,801,10,244,0,0,0,412,0,95,30,-82,0,3990
2025/12/21,18:30,3972,0,534,1605,111,243,0,798,10,244,0,0,0,410,0,95,32,-110,0,3972
2025/12/21,19:00,3938,0,484,1615,114,242,0,774,10,244,0,0,0,390,0,94,24,-53,0,3938
2025/12/21,19:30,3916,0,475,1600,140,241,0,768,10,244,0,0,0,420,0,94,-6,-70,0,3916
2025/12/21,20:00,3893,0,431,1606,121,241,0,765,10,244,0,0,0,445,0,14,29,-13,0,3893
2025/12/21,20:30,3797,0,426,1606,116,241,0,763,10,244,0,0,0,446,0,0,-6,-49,0,3797
2025/12/21,21:00,3789,0,455,1614,113,241,0,753,10,244,0,0,0,430,0,0,-1,-70,0,3789
2025/12/21,21:30,3677,0,312,1609,112,241,0,749,10,243,0,0,0,455,0,0,-2,-52,0,3677
2025/12/21,22:00,3623,0,349,1620,115,241,0,738,10,244,0,0,0,463,0,0,-1,-156,0,3623
2025/12/21,22:30,3557,0,278,1600,111,241,0,738,10,244,0,0,0,490,0,0,-3,-152,0,3557
2025/12/21,23:00,3675,0,233,1556,109,241,0,736,10,244,0,0,0,526,0,0,-4,24,0,3675
2025/12/21,23:30,3587,0,231,1542,61,241,0,734,10,243,0,0,0,521,0,0,-6,10,0,3587
2025/12/22,00:00,3540,0,245,1594,58,237,0,729,10,243,0,0,0,527,0,0,-7,-96,0,3540
2025/12/22,00:30,3510,0,295,1559,58,230,0,738,10,244,0,0,0,559,0,0,-27,-156,0,3510
2025/12/22,01:00,3619,0,307,1559,58,224,0,744,10,243,0,0,0,579,0,0,-16,-89,0,3619
2025/12/22,01:30,3663,0,334,1588,58,214,0,739,10,245,0,0,0,583,0,0,-7,-101,0,3663
2025/12/22,02:00,3730,0,369,1600,58,219,0,735,10,244,0,0,0,561,0,0,-6,-60,0,3730
2025/12/22,02:30,3808,0,409,1592,89,219,0,735,11,243,0,0,0,527,0,0,-5,-12,0,3808
2025/12/22,03:00,3864,0,401,1624,111,219,0,716,10,244,0,0,0,460,0,0,-5,84,0,3864
2025/12/22,03:30,3884,0,459,1617,111,219,0,711,10,245,0,0,0,434,0,0,-6,84,0,3884
2025/12/22,04:00,3934,0,510,1621,111,219,0,724,10,245,0,0,0,424,0,0,-7,77,0,3934
2025/12/22,04:30,3948,0,537,1616,111,219,0,722,10,244,0,0,0,400,0,0,-6,95,0,3948
2025/12/22,05:00,3993,0,570,1624,140,203,0,721,10,244,0,0,0,406,0,0,-6,81,0,3993
2025/12/22,05:30,3965,0,546,1614,130,175,0,739,10,243,0,0,0,414,0,12,-7,89,0,3965
2025/12/22,06:00,4136,0,585,1619,247,185,0,733,10,243,0,0,0,342,0,95,-19,96,0,4136
2025/12/22,06:30,4216,0,615,1613,303,171,0,737,10,243,0,0,0,338,0,109,-6,83,0,4216
2025/12/22,07:00,4263,0,626,1627,312,183,0,736,10,244,0,4,0,305,0,118,-3,101,0,4263
2025/12/22,07:30,4441,0,636,1613,341,188,0,739,10,242,0,109,0,291,0,166,-5,111,0,4441
2025/12/22,08:00,4550,0,635,1625,344,202,0,731,10,242,0,227,0,280,0,152,-6,108,0,4550
2025/12/22,08:30,4656,0,634,1610,344,202,0,720,10,242,0,350,0,300,0,132,-4,116,0,4656
2025/12/22,09:00,4582,0,590,1619,262,214,0,693,10,243,0,491,0,299,0,70,-6,97,0,4582
2025/12/22,09:30,4466,0,480,1602,116,218,0,697,10,244,0,687,0,304,0,5,-5,108,0,4466
2025/12/22,10:00,4408,0,349,1604,113,217,0,698,10,243,0,835,0,258,0,0,-4,85,0,4408
2025/12/22,10:30,4432,0,370,1582,113,217,0,705,10,243,0,900,0,293,0,0,-4,3,0,4432
2025/12/22,11:00,4353,0,292,1602,113,217,0,703,10,243,0,911,0,277,0,0,-6,-9,0,4353
2025/12/22,11:30,4281,0,291,1523,113,217,0,701,10,243,0,902,0,276,0,0,-2,7,0,4281
2025/12/22,12:00,4157,0,289,1499,113,218,0,687,10,243,0,839,0,280,0,0,-3,-18,0,4157
2025/12/22,12:30,4133,0,293,1462,116,217,0,685,10,243,0,855,0,274,0,0,-3,-19,0,4133
2025/12/22,13:00,4185,0,411,1467,122,217,0,645,10,233,0,742,0,261,0,0,-1,78,0,4185
2025/12/22,13:30,4167,0,430,1523,139,217,0,654,10,223,0,624,0,229,0,0,-4,122,0,4167
2025/12/22,14:00,4190,0,541,1601,177,201,0,666,10,233,0,467,0,231,0,0,25,38,0,4190
2025/12/22,14:30,4258,0,590,1660,302,174,0,717,10,243,0,244,0,219,0,43,-5,61,0,4258
2025/12/22,15:00,4356,0,577,1719,385,184,0,747,10,243,0,88,0,189,0,117,-8,105,0,4356
2025/12/22,15:30,4466,0,557,1726,525,204,0,750,10,244,0,7,0,157,0,194,-7,99,0,4466
2025/12/22,16:00,4465,0,569,1734,474,198,0,758,10,244,0,0,0,150,0,197,43,88,0,4465
2025/12/22,16:30,4541,0,638,1735,438,204,0,754,10,244,0,0,0,162,0,171,77,108,0,4541
2025/12/22,17:00,4514,0,645,1739,472,175,0,760,10,244,0,0,0,173,0,158,30,108,0,4514
2025/12/22,17:30,4408,0,605,1733,456,171,0,760,10,244,0,0,0,202,0,118,32,77,0,4408
2025/12/22,18:00,4381,0,624,1735,418,187,0,702,10,243,0,0,0,217,0,111,42,92,0,4381
2025/12/22,18:30,4327,0,595,1717,390,214,0,673,10,243,0,0,0,224,0,103,40,118,0,4327
2025/12/22,19:00,4244,0,606,1696,473,219,0,666,10,244,0,0,0,195,0,34,28,73,0,4244
2025/12/22,19:30,4170,0,623,1667,484,218,0,666,10,243,0,0,0,192,0,15,-5,57,0,4170
2025/12/22,20:00,4144,0,626,1653,446,218,0,665,10,244,0,0,0,167,0,21,-6,100,0,4144
2025/12/22,20:30,4050,0,594,1641,400,218,0,665,10,245,0,0,0,155,0,21,-6,107,0,4050
2025/12/22,21:00,4025,0,598,1653,422,218,0,674,10,243,0,0,0,130,0,2,-5,80,0,4025
2025/12/22,21:30,3911,0,599,1644,420,218,0,674,10,244,0,0,0,102,0,0,-5,5,0,3911
2025/12/22,22:00,3828,0,587,1655,431,218,0,673,10,244,0,0,0,57,0,0,-6,-41,0,3828
2025/12/22,22:30,3760,0,568,1637,464,218,0,673,10,244,0,0,0,61,0,0,-4,-111,0,3760
2025/12/22,23:00,3873,0,578,1649,459,218,0,655,10,245,0,0,0,57,0,0,-6,8,0,3873
2025/12/22,23:30,3805,0,572,1646,440,218,0,653,10,244,0,0,0,60,0,0,-7,-31,0,3805
2025/12/23,00:00,3797,0,564,1649,374,218,0,652,10,244,0,0,0,52,0,0,-39,73,0,3797
2025/12/23,00:30,3779,0,575,1643,331,218,0,665,10,243,0,0,0,42,0,0,-7,59,0,3779
2025/12/23,01:00,3854,0,574,1652,371,218,0,673,10,245,0,0,0,40,0,0,-6,77,0,3854
2025/12/23,01:30,3902,0,570,1644,424,218,0,679,10,243,0,0,0,45,0,0,-6,75,0,3902
2025/12/23,02:00,3968,0,567,1651,479,218,0,681,10,244,0,0,0,33,0,0,-6,91,0,3968
2025/12/23,02:30,4006,0,562,1657,502,218,0,692,10,242,0,0,0,52,0,0,-6,77,0,4006
2025/12/23,03:00,4073,0,571,1678,551,218,0,674,10,224,0,0,0,50,0,7,-6,96,0,4073
2025/12/23,03:30,4119,0,617,1692,503,218,0,672,10,211,0,0,0,82,0,22,-7,99,0,4119
2025/12/23,04:00,4187,0,621,1716,469,218,0,676,10,201,0,0,0,95,0,74,-6,113,0,4187
2025/12/23,04:30,4197,0,591,1731,474,218,0,688,10,188,0,0,0,122,0,79,-3,99,0,4197
2025/12/23,05:00,4225,0,585,1741,499,203,0,731,10,175,0,0,0,125,0,61,-5,100,0,4225
2025/12/23,05:30,4209,0,579,1735,474,174,0,752,10,174,0,0,0,140,0,61,4,106,0,4209
2025/12/23,06:00,4295,0,602,1737,533,193,0,753,10,175,0,0,0,140,0,60,-11,103,0,4295
2025/12/23,06:30,4293,0,593,1728,531,201,0,741,10,174,0,0,0,136,0,95,-6,90,0,4293
2025/12/23,07:00,4283,0,593,1740,514,200,0,738,10,175,0,11,0,142,0,58,-6,108,0,4283
2025/12/23,07:30,4467,0,594,1729,509,184,0,733,10,174,0,229,0,156,0,57,-7,99,0,4467
2025/12/23,08:00,4593,0,557,1720,487,192,0,672,10,175,0,469,0,179,0,57,-8,83,0,4593
2025/12/23,08:30,4633,0,535,1673,371,193,0,664,10,174,0,655,0,205,0,52,-5,106,0,4633
2025/12/23,09:00,4551,0,447,1640,356,206,0,637,10,175,0,831,0,203,0,0,-5,51,0,4551
2025/12/23,09:30,4455,0,365,1604,308,217,0,623,10,175,0,1034,0,202,0,0,-5,-78,0,4455
2025/12/23,10:00,4403,0,371,1623,184,217,0,610,10,174,0,1184,0,141,0,0,-4,-107,0,4403
2025/12/23,10:30,4383,0,425,1606,158,217,0,605,10,174,0,1232,0,124,0,0,-5,-163,0,4383
2025/12/23,11:00,4427,0,332,1622,113,217,0,588,10,174,0,1356,0,103,0,0,-4,-84,0,4427
2025/12/23,11:30,4341,0,322,1606,108,216,0,602,10,174,0,1285,0,97,0,0,-3,-76,0,4341
2025/12/23,12:00,4209,0,342,1605,109,218,0,582,10,175,0,1146,0,91,0,0,-2,-67,0,4209
2025/12/23,12:30,4107,0,455,1600,177,218,0,567,10,175,0,1034,0,97,0,0,-4,-222,0,4107
2025/12/23,13:00,4167,0,481,1616,265,218,0,568,10,174,0,871,0,93,0,0,-4,-125,0,4167
2025/12/23,13:30,4165,0,478,1600,287,217,0,580,10,175,0,684,0,91,0,0,-4,47,0,4165
2025/12/23,14:00,4232,0,557,1625,394,201,0,606,10,175,0,481,0,94,0,0,-5,94,0,4232
2025/12/23,14:30,4218,0,597,1611,501,174,0,652,10,174,0,249,0,90,0,61,-11,110,0,4218
2025/12/23,15:00,4253,0,613,1625,444,193,0,677,10,176,0,66,0,136,0,170,44,99,0,4253
2025/12/23,15:30,4387,0,600,1599,397,202,0,719,10,175,0,5,0,218,0,278,77,107,0,4387
2025/12/23,16:00,4421,0,545,1609,357,205,0,758,10,179,0,1,0,284,0,279,80,114,0,4421
2025/12/23,16:30,4491,0,553,1607,363,206,0,779,10,203,0,0,0,342,0,274,33,121,0,4491
2025/12/23,17:00,4434,0,456,1621,356,186,0,780,10,235,0,2,0,395,0,202,79,112,0,4434
2025/12/23,17:30,4374,0,529,1611,357,171,0,775,10,245,0,0,0,449,0,152,30,45,0,4374
2025/12/23,18:00,4339,0,587,1617,429,168,0,782,10,244,0,0,0,458,0,127,-6,-77,0,4339
2025/12/23,18:30,4305,0,586,1606,417,170,0,776,10,245,0,0,0,516,0,94,-5,-110,0,4305
2025/12/23,19:00,4225,0,582,1614,373,171,0,704,10,246,0,0,0,546,0,24,0,-45,0,4225
2025/12/23,19:30,4151,0,529,1580,417,169,0,703,10,244,0,0,0,592,0,0,-4,-89,0,4151
2025/12/23,20:00,4102,0,499,1605,347,169,0,681,10,246,0,0,0,595,0,0,0,-50,0,4102
2025/12/23,20:30,4006,0,521,1603,274,168,0,663,10,245,0,0,0,589,0,0,-1,-66,0,4006
2025/12/23,21:00,3961,0,492,1615,265,184,0,668,10,241,0,0,0,571,0,0,-5,-80,0,3961
2025/12/23,21:30,3823,0,474,1611,230,213,0,667,10,235,0,0,0,565,0,0,-6,-176,0,3823
2025/12/23,22:00,3687,0,412,1613,191,218,0,664,10,227,0,0,0,558,0,0,-5,-201,0,3687
2025/12/23,22:30,3621,0,450,1596,189,218,0,653,10,226,0,0,0,554,0,0,-6,-269,0,3621
2025/12/23,23:00,3729,0,433,1616,200,219,0,640,10,227,0,0,0,578,0,0,-6,-188,0,3729
2025/12/23,23:30,3651,0,371,1597,159,218,0,641,10,226,0,0,0,621,0,0,-6,-186,0,3651
2025/12/24,00:00,3662,0,427,1611,167,218,0,558,10,227,0,0,0,672,0,0,-5,-223,0,3662
2025/12/24,00:30,3696,0,494,1600,178,218,0,575,10,226,0,0,0,651,0,0,-6,-250,0,3696
2025/12/24,01:00,3780,0,503,1615,244,218,0,570,10,226,0,0,0,609,0,0,-6,-209,0,3780
2025/12/24,01:30,3770,0,448,1610,180,218,0,563,10,227,0,0,0,608,0,0,-37,-57,0,3770
2025/12/24,02:00,3828,0,428,1611,106,218,0,563,10,227,0,0,0,601,0,0,-26,90,0,3828
2025/12/24,02:30,3926,0,474,1608,158,218,0,568,10,226,0,0,0,583,0,0,-6,87,0,3926
2025/12/24,03:00,3930,0,438,1619,159,218,0,562,10,227,0,0,0,610,0,0,-6,93,0,3930
2025/12/24,03:30,4002,0,485,1612,182,218,0,572,10,226,0,0,0,612,0,0,-7,92,0,4002
2025/12/24,04:00,3976,0,402,1614,169,218,0,612,10,227,0,0,0,636,0,0,-6,94,0,3976
2025/12/24,04:30,3982,0,353,1607,223,218,0,623,10,226,0,0,0,643,0,0,-6,85,0,3982
2025/12/24,05:00,4017,0,403,1618,301,202,0,662,10,226,0,0,0,650,0,0,-6,-49,0,4017
2025/12/24,05:30,3991,0,485,1608,357,174,0,676,10,227,0,0,0,670,0,0,-6,-210,0,3991
2025/12/24,06:00,4012,0,460,1625,366,168,0,678,10,226,0,0,0,623,0,0,-14,-130,0,4012
2025/12/24,06:30,4004,0,417,1612,387,168,0,680,10,227,0,0,0,558,0,76,44,-175,0,4004
2025/12/24,07:00,3977,0,336,1624,401,168,0,682,10,226,0,7,0,535,0,78,44,-134,0,3977
2025/12/24,07:30,4207,0,426,1615,407,168,0,692,10,226,0,178,0,541,0,78,78,-212,0,4207
2025/12/24,08:00,4422,0,523,1629,586,171,0,694,10,225,0,316,0,545,0,93,-5,-365,0,4422
2025/12/24,08:30,4590,0,517,1608,510,190,0,688,10,226,0,401,0,552,0,93,-4,-201,0,4590
2025/12/24,09:00,4613,0,553,1625,403,197,0,698,10,226,0,421,0,560,0,93,-5,-168,0,4613
2025/12/24,09:30,4625,0,561,1599,417,217,0,680,11,225,0,503,0,589,0,93,-5,-265,0,4625
2025/12/24,10:00,4548,0,567,1620,432,217,0,601,11,227,0,545,0,551,0,24,-5,-242,0,4548
2025/12/24,10:30,4474,0,539,1608,517,217,0,554,11,227,0,605,0,468,0,0,-5,-267,0,4474
2025/12/24,11:00,4482,0,530,1629,590,216,0,507,11,229,0,602,0,352,0,0,-5,-179,0,4482
2025/12/24,11:30,4402,0,523,1613,533,213,0,508,11,230,0,660,0,271,0,0,-4,-156,0,4402
2025/12/24,12:00,4330,0,517,1624,512,213,0,526,11,233,0,631,0,244,0,0,-4,-177,0,4330
2025/12/24,12:30,4270,0,527,1614,533,214,0,531,11,234,0,536,0,236,0,4,-5,-165,0,4270
2025/12/24,13:00,4347,0,580,1612,522,214,0,545,11,223,0,457,0,222,0,44,-2,-81,0,4347
2025/12/24,13:30,4315,0,585,1629,477,213,0,570,11,217,0,382,0,181,0,97,-5,-42,0,4315
2025/12/24,14:00,4259,0,593,1663,450,200,0,588,11,236,0,272,0,145,0,58,-6,49,0,4259
2025/12/24,14:30,4171,0,592,1666,457,172,0,637,11,249,0,139,0,123,0,94,-5,36,0,4171
2025/12/24,15:00,4161,0,615,1670,390,191,0,740,11,252,0,37,0,100,0,106,20,29,0,4161
2025/12/24,15:30,4225,0,631,1578,357,199,0,763,11,259,0,3,0,69,0,191,79,85,0,4225
2025/12/24,16:00,4272,0,632,1680,392,168,0,774,11,263,0,0,0,59,0,212,32,49,0,4272
2025/12/24,16:30,4284,0,633,1668,427,168,0,782,11,265,0,0,0,68,0,194,30,38,0,4284
2025/12/24,17:00,4244,0,628,1689,379,172,0,788,11,262,0,0,0,64,0,172,-9,88,0,4244
2025/12/24,17:30,4158,0,586,1729,367,181,0,793,11,254,0,0,0,60,0,93,-3,87,0,4158
2025/12/24,18:00,4127,0,583,1730,363,204,0,748,11,251,0,0,0,45,0,93,-1,100,0,4127
2025/12/24,18:30,4079,0,602,1683,384,186,0,721,11,253,0,0,0,53,0,93,-2,95,0,4079
2025/12/24,19:00,4034,0,587,1641,459,178,0,718,11,256,0,0,0,39,0,93,-1,53,0,4034
2025/12/24,19:30,3958,0,545,1607,447,199,0,719,11,266,0,0,0,31,0,93,-1,41,0,3958
2025/12/24,20:00,3901,0,543,1620,434,201,0,653,11,272,0,0,0,23,0,69,-5,80,0,3901
2025/12/24,20:30,3805,0,525,1607,489,175,0,628,11,273,0,0,0,26,0,49,-6,28,0,3805
2025/12/24,21:00,3750,0,546,1609,451,180,0,610,11,269,0,0,0,25,0,0,-7,56,0,3750
2025/12/24,21:30,3652,0,550,1606,351,214,0,603,11,270,0,0,0,35,0,0,-7,19,0,3652
2025/12/24,22:00,3583,0,566,1610,290,220,0,589,11,269,0,0,0,36,0,0,-6,-2,0,3583
2025/12/24,22:30,3499,0,538,1597,306,219,0,579,11,269,0,0,0,38,0,0,-5,-53,0,3499
2025/12/24,23:00,3622,0,562,1612,317,220,0,576,11,269,0,0,0,32,0,0,-6,29,0,3622
2025/12/24,23:30,3568,0,554,1599,307,220,0,576,11,269,0,0,0,45,0,0,-11,-2,0,3568
2025/12/25,00:00,3616,0,540,1610,397,220,0,525,11,270,0,0,0,50,0,0,2,-9,0,3616
2025/12/25,00:30,3554,0,532,1611,327,220,0,544,11,270,0,0,0,60,0,0,-5,-16,0,3554
2025/12/25,01:00,3633,0,543,1615,307,220,0,537,11,269,0,0,0,69,0,0,-6,68,0,3633
2025/12/25,01:30,3603,0,551,1609,263,220,0,529,11,270,0,0,0,86,0,0,-4,68,0,3603
2025/12/25,02:00,3721,0,547,1618,322,220,0,547,11,270,0,0,0,90,0,0,12,84,0,3721
2025/12/25,02:30,3719,0,542,1612,333,219,0,556,11,271,0,0,0,112,0,0,-4,67,0,3719
2025/12/25,03:00,3784,0,539,1620,362,220,0,564,11,272,0,0,0,120,0,0,-7,83,0,3784
2025/12/25,03:30,3818,0,564,1616,402,220,0,579,11,271,0,0,0,126,0,0,-49,78,0,3818
2025/12/25,04:00,3864,0,564,1618,362,220,0,595,11,272,0,0,0,130,0,0,-6,98,0,3864
2025/12/25,04:30,3872,0,525,1613,399,220,0,620,11,272,0,0,0,122,0,0,-6,96,0,3872
2025/12/25,05:00,3887,0,521,1625,372,204,0,677,11,271,0,0,0,123,0,0,-7,90,0,3887
2025/12/25,05:30,3857,0,516,1610,402,177,0,681,11,271,0,0,0,112,0,0,-7,84,0,3857
2025/12/25,06:00,3888,0,517,1628,433,172,0,705,11,272,0,0,0,96,0,0,-17,71,0,3888
2025/12/25,06:30,3860,0,567,1613,443,171,0,680,11,272,0,0,0,94,0,0,-5,14,0,3860
2025/12/25,07:00,3861,0,556,1619,434,172,0,666,11,272,0,5,0,81,0,0,-6,51,0,3861
2025/12/25,07:30,4059,0,546,1610,459,173,0,663,11,271,0,136,0,91,0,0,-4,103,0,4059
2025/12/25,08:00,4242,0,539,1624,507,181,0,635,11,271,0,235,0,84,0,12,36,107,0,4242
2025/12/25,08:30,4428,0,587,1608,546,196,0,578,11,270,0,345,0,89,0,94,-3,107,0,4428
2025/12/25,09:00,4483,0,529,1628,602,206,0,584,11,270,0,396,0,85,0,94,-6,84,0,4483
2025/12/25,09:30,4505,0,609,1603,483,220,0,572,11,270,0,485,0,99,0,75,-6,84,0,4505
2025/12/25,10:00,4455,0,587,1621,494,220,0,565,11,270,0,546,0,72,0,69,-5,5,0,4455
2025/12/25,10:30,4443,0,530,1607,453,218,0,532,11,271,0,597,0,93,0,24,-3,110,0,4443
2025/12/25,11:00,4452,0,527,1627,509,218,0,523,11,271,0,577,0,86,0,0,-2,105,0,4452
2025/12/25,11:30,4430,0,508,1612,510,218,0,511,11,271,0,599,0,123,0,0,-2,69,0,4430
2025/12/25,12:00,4266,0,476,1619,494,219,0,505,11,271,0,542,0,125,0,0,-2,6,0,4266
2025/12/25,12:30,4240,0,497,1610,445,219,0,505,11,271,0,500,0,156,0,0,0,26,0,4240
2025/12/25,13:00,4432,0,562,1621,540,219,0,516,11,262,0,426,0,152,0,0,-1,124,0,4432
2025/12/25,13:30,4414,0,556,1612,574,219,0,522,11,249,0,350,0,163,0,56,2,100,0,4414
2025/12/25,14:00,4404,0,544,1624,508,203,0,558,11,258,0,268,0,190,0,96,46,98,0,4404
2025/12/25,14:30,4320,0,561,1604,461,177,0,654,11,270,0,142,0,249,0,97,-1,95,0,4320
2025/12/25,15:00,4261,0,480,1624,402,191,0,676,11,270,0,35,0,308,0,120,71,73,0,4261
2025/12/25,15:30,4345,0,462,1614,393,206,0,726,11,270,0,4,0,309,0,188,45,117,0,4345
2025/12/25,16:00,4326,0,480,1625,382,178,0,777,11,270,0,0,0,285,0,200,44,74,0,4326
2025/12/25,16:30,4356,0,536,1617,426,175,0,782,11,270,0,1,0,306,0,197,29,6,0,4356
2025/12/25,17:00,4296,0,576,1622,405,175,0,786,11,271,0,0,0,321,0,138,23,-32,0,4296
2025/12/25,17:30,4236,0,576,1612,446,175,0,770,11,271,0,0,0,326,0,64,24,-39,0,4236
2025/12/25,18:00,4189,0,573,1619,460,175,0,733,11,269,0,0,0,334,0,94,-9,-70,0,4189
2025/12/25,18:30,4147,0,590,1613,448,175,0,690,11,271,0,0,0,361,0,95,-9,-98,0,4147
2025/12/25,19:00,4058,0,561,1624,477,173,0,661,11,270,0,0,0,340,0,24,-7,-76,0,4058
2025/12/25,19:30,4000,0,546,1615,415,171,0,666,11,270,0,0,0,349,0,0,-7,-36,0,4000
2025/12/25,20:00,3946,0,515,1619,344,171,0,635,11,270,0,0,0,348,0,50,-6,-11,0,3946
2025/12/25,20:30,3844,0,514,1609,272,171,0,622,11,271,0,0,0,368,0,58,-3,-49,0,3844
2025/12/25,21:00,3789,0,542,1620,216,187,0,604,11,270,0,0,0,357,0,43,-5,-56,0,3789
2025/12/25,21:30,3727,0,514,1607,193,215,0,594,11,271,0,0,0,391,0,0,-6,-63,0,3727
2025/12/25,22:00,3663,0,553,1615,201,220,0,551,11,271,0,0,0,375,0,0,-5,-129,0,3663
2025/12/25,22:30,3599,0,514,1589,295,220,0,541,11,270,0,0,0,378,0,0,-7,-212,0,3599
2025/12/25,23:00,3717,0,520,1616,290,220,0,530,11,271,0,0,0,396,0,0,-3,-134,0,3717
2025/12/25,23:30,3649,0,417,1613,231,220,0,512,11,271,0,0,0,500,0,0,0,-126,0,3649
2025/12/26,00:00,3645,0,376,1604,180,219,0,459,11,272,0,0,0,573,0,0,-3,-46,0,3645
2025/12/26,00:30,3653,0,364,1576,160,219,0,463,11,275,0,0,0,594,0,0,-5,-4,0,3653
2025/12/26,01:00,3634,0,362,1558,161,219,0,457,11,277,0,0,0,588,0,0,-28,29,0,3634
2025/12/26,01:30,3662,0,396,1564,159,219,0,450,11,278,0,0,0,538,0,0,-8,55,0,3662
2025/12/26,02:00,3705,0,468,1615,160,219,0,450,11,279,0,0,0,461,0,0,-30,72,0,3705
2025/12/26,02:30,3779,0,468,1609,159,219,0,462,11,280,0,0,0,512,0,0,-6,65,0,3779
2025/12/26,03:00,3871,0,520,1618,172,219,0,472,11,279,0,0,0,528,0,0,-8,60,0,3871
2025/12/26,03:30,3929,0,512,1613,179,218,0,494,11,279,0,0,0,569,0,0,-31,85,0,3929
2025/12/26,04:00,4034,0,478,1618,200,218,0,548,11,279,0,0,0,625,0,0,-31,88,0,4034
2025/12/26,04:30,4002,0,415,1607,169,219,0,566,11,279,0,0,0,652,0,0,-7,91,0,4002
2025/12/26,05:00,4049,0,394,1619,169,203,0,599,11,279,0,0,0,684,0,0,-7,98,0,4049
2025/12/26,05:30,4027,0,446,1609,175,177,0,615,11,279,0,0,0,617,0,0,-7,105,0,4027
2025/12/26,06:00,4088,0,478,1615,203,171,0,641,11,279,0,0,0,581,0,12,-5,102,0,4088
2025/12/26,06:30,4094,0,459,1618,219,171,0,627,11,279,0,0,0,546,0,80,20,64,0,4094
2025/12/26,07:00,4119,0,459,1618,225,171,0,661,11,279,0,1,0,555,0,60,-5,84,0,4119
2025/12/26,07:30,4287,0,532,1606,264,175,0,670,11,278,0,54,0,551,0,60,-6,92,0,4287
2025/12/26,08:00,4469,0,569,1613,352,185,0,664,11,278,0,92,0,518,0,60,-4,131,0,4469
2025/12/26,08:30,4573,0,575,1608,472,200,0,641,11,278,0,81,0,487,0,60,43,117,0,4573
2025/12/26,09:00,4550,0,583,1617,431,214,0,638,11,279,0,105,0,490,0,67,-5,120,0,4550
2025/12/26,09:30,4476,0,587,1610,364,215,0,616,11,278,0,160,0,512,0,14,-4,113,0,4476
2025/12/26,10:00,4323,0,537,1618,266,216,0,587,11,278,0,241,0,456,0,0,-6,119,0,4323
2025/12/26,10:30,4211,0,465,1608,212,217,0,517,11,279,0,360,0,437,0,0,-6,111,0,4211
2025/12/26,11:00,4234,0,471,1624,198,217,0,464,11,279,0,412,0,440,0,0,-4,122,0,4234
2025/12/26,11:30,4176,0,402,1608,193,217,0,433,11,280,0,455,0,473,0,0,-3,107,0,4176
2025/12/26,12:00,4180,0,472,1621,162,218,0,419,11,280,0,399,0,502,0,0,-3,99,0,4180
2025/12/26,12:30,4156,0,508,1611,162,218,0,437,11,280,0,329,0,514,0,0,-3,89,0,4156
2025/12/26,13:00,4207,0,552,1624,176,218,0,477,11,268,0,261,0,520,0,0,-5,105,0,4207
2025/12/26,13:30,4229,0,556,1609,181,217,0,481,11,254,0,193,0,618,0,0,-5,114,0,4229
2025/12/26,14:00,4451,0,569,1625,266,202,0,501,11,268,0,114,0,752,0,52,-4,95,0,4451
2025/12/26,14:30,4461,0,560,1618,236,176,0,556,11,284,0,56,0,771,0,94,-4,103,0,4461
2025/12/26,15:00,4464,0,538,1621,247,189,0,621,11,284,0,15,0,739,0,98,-5,106,0,4464
2025/12/26,15:30,4488,0,470,1616,186,206,0,679,11,280,0,2,0,710,0,189,30,109,0,4488
2025/12/26,16:00,4379,0,350,1583,161,197,0,742,11,280,0,0,0,685,0,195,68,107,0,4379
2025/12/26,16:30,4455,0,464,1611,162,197,0,746,11,284,0,1,0,705,0,187,-4,91,0,4455
2025/12/26,17:00,4451,0,494,1618,162,179,0,751,11,283,0,0,0,721,0,186,29,17,0,4451
2025/12/26,17:30,4387,0,493,1611,167,184,0,752,11,280,0,0,0,716,0,138,-5,40,0,4387
2025/12/26,18:00,4389,0,509,1626,228,195,0,752,11,271,0,0,0,719,0,93,-6,-9,0,4389
2025/12/26,18:30,4375,0,502,1616,204,196,0,728,11,270,0,0,0,745,0,93,3,7,0,4375
2025/12/26,19:00,4269,0,519,1622,187,194,0,689,11,271,0,0,0,684,0,93,-5,4,0,4269
2025/12/26,19:30,4229,0,525,1615,160,193,0,672,11,272,0,0,0,667,0,89,50,-25,0,4229
2025/12/26,20:00,4222,0,539,1619,239,193,0,662,11,273,0,0,0,631,0,86,-4,-27,0,4222
2025/12/26,20:30,4140,0,517,1614,276,193,0,612,11,276,0,0,0,615,0,79,-3,-50,0,4140
2025/12/26,21:00,4140,0,515,1616,238,209,0,559,11,277,0,0,0,592,0,63,1,59,0,4140
2025/12/26,21:30,4044,0,545,1607,141,238,0,544,11,279,0,0,0,605,0,0,-1,75,0,4044
2025/12/26,22:00,3976,0,563,1617,130,241,0,455,11,283,0,0,0,602,0,0,-1,75,0,3976
2025/12/26,22:30,3908,0,514,1600,211,242,0,391,11,286,0,0,0,601,0,0,-5,57,0,3908
2025/12/26,23:00,4049,0,549,1616,261,242,0,358,11,287,0,0,0,630,0,19,-7,83,0,4049
2025/12/26,23:30,4007,0,568,1613,211,242,0,338,11,286,0,0,0,651,0,19,-6,74,0,4007
2025/12/27,00:00,4029,0,623,1619,251,242,0,335,11,286,0,0,0,630,0,24,-6,14,0,4029
2025/12/27,00:30,3971,0,630,1609,244,242,0,349,11,286,0,0,0,642,0,21,-17,-46,0,3971
2025/12/27,01:00,4021,0,625,1616,249,242,0,367,11,286,0,0,0,639,0,24,-6,-32,0,4021
2025/12/27,01:30,4053,0,620,1611,224,242,0,384,11,287,0,0,0,687,0,17,-5,-25,0,4053
2025/12/27,02:00,4113,0,565,1618,223,242,0,445,11,287,0,0,0,753,0,6,-6,-31,0,4113
2025/12/27,02:30,4171,0,551,1604,180,241,0,456,11,288,0,0,0,842,0,0,-6,4,0,4171
2025/12/27,03:00,4238,0,521,1622,137,242,0,457,11,289,0,0,0,901,0,0,-33,91,0,4238
2025/12/27,03:30,4274,0,531,1608,132,242,0,465,11,289,0,0,0,931,0,0,-30,95,0,4274
2025/12/27,04:00,4318,0,515,1614,185,242,0,468,11,289,0,0,0,913,0,0,-6,87,0,4318
2025/12/27,04:30,4280,0,516,1611,151,242,0,471,11,288,0,0,0,902,0,0,-8,96,0,4280
2025/12/27,05:00,4297,0,548,1618,182,227,0,469,11,289,0,0,0,889,0,0,-6,70,0,4297
2025/12/27,05:30,4225,0,504,1603,232,199,0,511,11,289,0,0,0,876,0,3,-6,3,0,4225
2025/12/27,06:00,4221,0,536,1525,122,218,0,593,11,288,0,0,0,867,0,59,-2,4,0,4221
2025/12/27,06:30,4141,0,563,1474,121,222,0,669,11,288,0,0,0,763,0,60,24,-54,0,4141
2025/12/27,07:00,4078,0,535,1410,150,203,0,709,11,288,0,6,0,724,0,95,38,-91,0,4078
2025/12/27,07:30,4164,0,572,1354,296,196,0,640,11,287,0,115,0,709,0,57,-4,-69,0,4164
2025/12/27,08:00,4223,0,556,1333,291,195,0,630,11,288,0,237,0,730,0,57,-5,-100,0,4223
2025/12/27,08:30,4313,0,513,1322,233,208,0,634,11,289,0,398,0,753,0,42,-4,-86,0,4313
2025/12/27,09:00,4345,0,531,1341,182,209,0,586,11,288,0,545,0,766,0,0,-6,-108,0,4345
2025/12/27,09:30,4337,0,544,1325,135,237,0,518,11,288,0,662,0,806,0,0,-5,-184,0,4337
2025/12/27,10:00,4262,0,454,1338,113,242,0,411,11,287,0,729,0,814,0,0,-4,-133,0,4262
2025/12/27,10:30,4174,0,407,1313,114,242,0,368,11,287,0,811,0,806,0,-71,-4,-110,0,4174
2025/12/27,11:00,4156,0,562,1342,115,242,0,311,10,288,0,823,0,717,0,-210,-5,-39,0,4156
2025/12/27,11:30,4116,0,520,1324,116,242,0,304,10,288,0,840,0,731,0,-213,-4,-42,0,4116
2025/12/27,12:00,4126,0,615,1336,127,242,0,291,10,289,0,797,0,736,0,-192,-3,-122,0,4126
2025/12/27,12:30,4064,0,436,1287,115,242,0,276,10,289,0,778,0,733,0,-27,-2,-73,0,4064
2025/12/27,13:00,4133,0,512,1340,135,242,0,278,11,277,0,668,0,745,0,0,-4,-71,0,4133
2025/12/27,13:30,4137,0,591,1322,194,242,0,303,10,268,0,515,0,780,0,0,-5,-83,0,4137
2025/12/27,14:00,4057,0,525,1337,116,242,0,346,10,283,0,348,0,798,0,0,-4,56,0,4057
2025/12/27,14:30,4027,0,570,1324,160,242,0,393,10,288,0,186,0,808,0,0,-5,51,0,4027
2025/12/27,15:00,4092,0,558,1340,183,242,0,557,10,289,0,57,0,774,0,0,-4,86,0,4092
2025/12/27,15:30,4210,0,570,1324,281,244,0,659,10,288,0,5,0,726,0,16,-6,93,0,4210
2025/12/27,16:00,4164,0,566,1336,230,243,0,685,11,288,0,0,0,699,0,24,-5,87,0,4164
2025/12/27,16:30,4264,0,587,1311,262,245,0,693,11,289,0,1,0,724,0,77,-6,70,0,4264
2025/12/27,17:00,4321,0,589,1327,367,245,0,695,11,289,0,0,0,725,0,64,-7,16,0,4321
2025/12/27,17:30,4327,0,555,1319,399,245,0,734,11,289,0,0,0,750,0,71,32,-78,0,4327
2025/12/27,18:00,4330,0,538,1332,437,245,0,726,10,290,0,0,0,751,0,61,8,-68,0,4330
2025/12/27,18:30,4304,0,517,1325,474,245,0,716,10,290,0,0,0,763,0,80,-5,-111,0,4304
2025/12/27,19:00,4240,0,517,1336,426,243,0,646,11,290,0,0,0,819,0,24,30,-102,0,4240
2025/12/27,19:30,4188,0,517,1327,429,241,0,605,11,290,0,0,0,853,0,0,30,-115,0,4188
2025/12/27,20:00,4189,0,529,1333,439,241,0,593,11,290,0,0,0,829,0,0,29,-105,0,4189
2025/12/27,20:30,4091,0,525,1326,483,241,0,583,11,289,0,0,0,840,0,0,-4,-203,0,4091
2025/12/27,21:00,4131,0,525,1391,351,242,0,557,11,289,0,0,0,825,0,0,78,-138,0,4131
2025/12/27,21:30,4023,0,545,1396,323,242,0,555,10,289,0,0,0,808,0,0,45,-190,0,4023
2025/12/27,22:00,3965,0,571,1430,347,242,0,547,11,289,0,0,0,782,0,0,44,-298,0,3965
2025/12/27,22:30,3883,0,566,1421,312,241,0,503,11,289,0,0,0,776,0,1,-5,-232,0,3883
2025/12/27,23:00,4026,0,567,1440,288,242,0,483,11,289,0,0,0,777,0,23,-5,-89,0,4026
2025/12/27,23:30,3986,0,584,1479,210,242,0,433,11,289,0,0,0,786,0,24,-1,-71,0,3986
2025/12/28,00:00,4009,0,571,1500,213,242,0,403,11,289,0,0,0,790,0,36,5,-51,0,4009
2025/12/28,00:30,3993,0,566,1486,217,242,0,384,10,289,0,0,0,782,0,39,0,-22,0,3993
2025/12/28,01:00,4094,0,613,1505,276,242,0,368,10,289,0,0,0,757,0,26,-3,11,0,4094
2025/12/28,01:30,4120,0,624,1494,256,242,0,345,11,289,0,0,0,779,0,22,-6,64,0,4120
2025/12/28,02:00,4167,0,621,1504,275,242,0,343,11,290,0,0,0,782,0,22,-6,83,0,4167
2025/12/28,02:30,4213,0,618,1493,276,242,0,398,11,289,0,0,0,815,0,15,-6,62,0,4213
2025/12/28,03:00,4252,0,616,1500,247,242,0,426,11,289,0,0,0,823,0,21,-8,85,0,4252
2025/12/28,03:30,4288,0,614,1494,260,242,0,438,10,289,0,0,0,842,0,21,-16,94,0,4288
2025/12/28,04:00,4304,0,616,1520,238,242,0,482,10,288,0,0,0,844,0,16,-21,69,0,4304
2025/12/28,04:30,4304,0,617,1523,158,242,0,503,10,289,0,0,0,850,0,23,-7,96,0,4304
2025/12/28,05:00,4324,0,621,1526,232,226,0,488,11,288,0,0,0,815,0,21,-7,103,0,4324
2025/12/28,05:30,4250,0,624,1521,273,199,0,475,10,289,0,0,0,799,0,19,-7,48,0,4250
2025/12/28,06:00,4230,0,631,1533,217,217,0,502,10,288,0,0,0,770,0,11,-4,55,0,4230
2025/12/28,06:30,4106,0,637,1525,159,220,0,494,10,288,0,0,0,696,0,16,-6,67,0,4106
2025/12/28,07:00,3985,0,600,1535,111,194,0,486,10,288,0,7,0,711,0,19,-5,29,0,3985
2025/12/28,07:30,4013,0,592,1521,142,194,0,382,10,288,0,171,0,755,0,0,-5,-37,0,4013
2025/12/28,08:00,4050,0,579,1537,205,194,0,336,10,288,0,361,0,773,0,0,-6,-227,0,4050
2025/12/28,08:30,4028,0,465,1523,122,194,0,329,10,288,0,540,0,817,0,0,-5,-255,0,4028
2025/12/28,09:00,3943,0,398,1529,105,210,0,320,10,289,0,647,0,827,0,0,-9,-383,0,3943
2025/12/28,09:30,3879,0,335,1367,61,238,0,319,10,289,0,749,0,848,0,0,-6,-331,0,3879
2025/12/28,10:00,3810,0,354,1061,57,242,0,282,10,288,0,810,0,868,0,0,-4,-158,0,3810
2025/12/28,10:30,3872,0,325,907,58,242,0,262,10,287,0,1022,0,874,0,-117,-4,6,0,3872
2025/12/28,11:00,3810,0,306,918,58,242,0,258,10,288,0,1034,0,807,0,-178,-4,71,0,3810
2025/12/28,11:30,3694,0,308,794,58,242,0,254,10,288,0,1065,0,797,0,-185,-5,68,0,3694
2025/12/28,12:00,3598,0,314,826,58,242,0,254,10,288,0,1067,0,760,0,-212,-20,11,0,3598
2025/12/28,12:30,3494,0,338,869,59,242,0,255,10,290,0,999,0,751,0,-353,-23,57,0,3494
2025/12/28,13:00,3381,0,373,933,59,242,0,272,10,277,0,906,0,721,0,-354,-2,-56,0,3381
2025/12/28,13:30,3347,0,364,1028,58,242,0,279,10,269,0,757,0,727,0,-229,-5,-153,0,3347
2025/12/28,14:00,3366,0,372,1099,58,242,0,304,10,281,0,562,0,739,0,-170,-8,-123,0,3366
2025/12/28,14:30,3398,0,415,1105,59,242,0,323,10,290,0,321,0,740,0,5,-5,-107,0,3398
2025/12/28,15:00,3582,0,536,1348,72,242,0,358,10,288,0,134,0,667,0,11,-3,-81,0,3582
2025/12/28,15:30,3778,0,536,1459,154,244,0,420,10,290,0,18,0,590,0,29,43,-15,0,3778
2025/12/28,16:00,3832,0,477,1523,221,243,0,532,10,290,0,0,0,577,0,25,43,-109,0,3832
2025/12/28,16:30,3986,0,464,1533,358,246,0,603,10,289,0,0,0,595,0,67,-6,-173,0,3986
2025/12/28,17:00,4073,0,428,1534,365,243,0,674,10,289,0,0,0,603,0,119,2,-194,0,4073
2025/12/28,17:30,4091,0,399,1527,354,245,0,677,11,289,0,0,0,602,0,171,32,-216,0,4091
2025/12/28,18:00,4101,0,490,1535,335,245,0,661,10,289,0,0,0,620,0,70,27,-181,0,4101
2025/12/28,18:30,4071,0,562,1533,368,245,0,641,10,289,0,0,0,636,0,0,-6,-207,0,4071
2025/12/28,19:00,4036,0,557,1534,378,243,0,615,10,290,0,0,0,671,0,0,30,-292,0,4036
2025/12/28,19:30,4012,0,557,1520,365,241,0,613,10,291,0,0,0,666,0,12,30,-293,0,4012
2025/12/28,20:00,4041,0,539,1532,398,242,0,619,10,291,0,0,0,609,0,109,31,-339,0,4041
2025/12/28,20:30,3967,0,557,1526,490,242,0,626,10,289,0,0,0,576,0,164,-5,-508,0,3967
2025/12/28,21:00,3969,0,555,1536,424,241,0,615,10,290,0,0,0,560,0,163,-6,-419,0,3969
2025/12/28,21:30,3857,0,515,1526,289,242,0,609,10,289,0,0,0,554,0,168,-4,-341,0,3857
2025/12/28,22:00,3743,0,531,1537,291,242,0,494,10,289,0,0,0,533,0,109,-4,-289,0,3743
2025/12/28,22:30,3657,0,558,1521,295,242,0,449,10,290,0,0,0,499,0,79,-5,-281,0,3657
2025/12/28,23:00,3794,0,547,1528,320,242,0,405,10,290,0,0,0,468,0,79,-6,-89,0,3794
2025/12/28,23:30,3718,0,520,1521,256,242,0,375,10,290,0,0,0,497,0,54,-5,-42,0,3718
2025/12/29,00:00,3723,0,494,1534,203,242,0,368,10,290,0,0,0,515,0,0,-4,71,0,3723
2025/12/29,00:30,3697,0,534,1525,165,243,0,337,10,290,0,0,0,530,0,0,-4,67,0,3697
2025/12/29,01:00,3757,0,534,1528,211,242,0,338,10,289,0,0,0,532,0,0,-5,78,0,3757
2025/12/29,01:30,3777,0,512,1527,212,242,0,359,10,290,0,0,0,543,0,0,-6,88,0,3777
2025/12/29,02:00,3808,0,504,1538,213,242,0,389,10,289,0,0,0,551,0,0,-3,75,0,3808
2025/12/29,02:30,3826,0,457,1522,188,242,0,460,10,290,0,0,0,576,0,0,-4,85,0,3826
2025/12/29,03:00,3857,0,485,1533,159,242,0,509,10,289,0,0,0,549,0,0,-5,86,0,3857
2025/12/29,03:30,3885,0,492,1523,159,243,0,534,10,289,0,0,0,536,0,0,-5,104,0,3885
2025/12/29,04:00,3913,0,547,1528,185,242,0,544,10,290,0,0,0,499,0,0,-6,74,0,3913
2025/12/29,04:30,3911,0,552,1526,212,242,0,595,10,290,0,0,0,477,0,0,-21,28,0,3911
2025/12/29,05:00,3921,0,532,1531,188,226,0,624,10,289,0,0,0,536,0,0,-7,-8,0,3921
2025/12/29,05:30,3885,0,515,1524,159,200,0,597,10,290,0,0,0,646,0,0,-4,-52,0,3885
2025/12/29,06:00,3892,0,407,1529,150,201,0,587,10,289,0,0,0,641,0,0,43,35,0,3892
2025/12/29,06:30,3876,0,508,1530,129,196,0,578,10,290,0,0,0,598,0,0,-5,42,0,3876
2025/12/29,07:00,3821,0,483,1540,140,193,0,541,10,289,0,10,0,619,0,0,-2,-2,0,3821
2025/12/29,07:30,3965,0,486,1521,193,194,0,516,10,289,0,234,0,638,0,0,-5,-111,0,3965
2025/12/29,08:00,4071,0,547,1535,265,195,0,466,10,289,0,413,0,638,0,0,-7,-280,0,4071
2025/12/29,08:30,4129,0,511,1517,179,196,0,428,10,288,0,565,0,650,0,0,-5,-210,0,4129
2025/12/29,09:00,4200,0,534,1528,116,208,0,356,10,290,0,684,0,629,0,0,-4,-151,0,4200
2025/12/29,09:30,4208,0,517,1486,114,236,0,311,10,289,0,754,0,633,0,0,-5,-137,0,4208
2025/12/29,10:00,4181,0,508,1502,133,197,0,281,11,289,0,765,0,544,0,0,-3,-46,0,4181
2025/12/29,10:30,4125,0,537,1485,267,140,0,258,10,289,0,734,0,481,0,0,-3,-73,0,4125
2025/12/29,11:00,4127,0,529,1510,162,140,0,245,10,290,0,676,0,488,0,0,-5,82,0,4127
2025/12/29,11:30,4165,0,588,1492,132,140,0,245,10,289,0,681,0,497,0,0,-5,96,0,4165
2025/12/29,12:00,4113,0,577,1511,184,140,0,245,10,290,0,610,0,470,0,0,-5,81,0,4113
2025/12/29,12:30,3957,0,561,1492,119,140,0,246,10,290,0,551,0,479,0,0,-3,72,0,3957
2025/12/29,13:00,3794,0,517,1495,113,140,0,264,10,279,0,431,0,458,0,0,-3,90,0,3794
2025/12/29,13:30,3714,0,489,1487,115,140,0,276,10,268,0,371,0,482,0,0,-3,79,0,3714
2025/12/29,14:00,3725,0,518,1504,149,140,0,307,10,277,0,291,0,441,0,0,-4,92,0,3725
2025/12/29,14:30,3689,0,576,1494,189,143,0,321,11,288,0,148,0,434,0,0,-4,89,0,3689
2025/12/29,15:00,3651,0,549,1506,168,158,0,430,10,288,0,36,0,420,0,0,-3,89,0,3651
2025/12/29,15:30,3709,0,488,1490,162,165,0,531,10,289,0,3,0,414,0,0,50,107,0,3709
2025/12/29,16:00,3788,0,529,1507,165,174,0,560,10,289,0,0,0,404,0,0,44,106,0,3788
2025/12/29,16:30,3868,0,552,1495,211,191,0,592,10,289,0,1,0,425,0,0,80,22,0,3868
2025/12/29,17:00,3860,0,464,1495,189,207,0,661,10,291,0,0,0,426,0,0,77,40,0,3860
2025/12/29,17:30,3848,0,472,1519,163,237,0,673,10,290,0,0,0,464,0,0,31,-11,0,3848
2025/12/29,18:00,3849,0,520,1540,190,245,0,648,10,289,0,0,0,486,0,22,-9,-92,0,3849
2025/12/29,18:30,3829,0,554,1534,238,245,0,628,10,289,0,0,0,507,0,44,-22,-198,0,3829
2025/12/29,19:00,3794,0,585,1533,285,242,0,583,10,290,0,0,0,488,0,0,-9,-213,0,3794
2025/12/29,19:30,3738,0,553,1526,286,241,0,567,10,290,0,0,0,490,0,0,-11,-214,0,3738
2025/12/29,20:00,3700,0,536,1539,248,241,0,539,10,289,0,0,0,448,0,0,-6,-144,0,3700
2025/12/29,20:30,3618,0,545,1531,286,241,0,522,10,290,0,0,0,372,0,0,30,-209,0,3618
2025/12/29,21:00,3593,0,550,1540,296,242,0,520,10,290,0,0,0,317,0,12,31,-215,0,3593
2025/12/29,21:30,3503,0,561,1533,252,241,0,507,10,290,0,0,0,273,0,95,-6,-253,0,3503
2025/12/29,22:00,3436,0,599,1534,336,242,0,439,10,290,0,0,0,198,0,58,-5,-265,0,3436
2025/12/29,22:30,3390,0,548,1534,401,242,0,418,10,289,0,0,0,124,0,23,-4,-195,0,3390
2025/12/29,23:00,3477,0,559,1532,332,242,0,370,10,289,0,0,0,100,0,0,41,2,0,3477
2025/12/29,23:30,3431,0,539,1530,333,242,0,349,10,290,0,0,0,85,0,0,-1,54,0,3431
2025/12/30,00:00,3433,0,492,1538,289,242,0,382,10,289,0,0,0,46,0,75,-1,71,0,3433
2025/12/30,00:30,3409,0,575,1537,203,242,0,400,10,290,0,0,0,32,0,51,-2,71,0,3409
2025/12/30,01:00,3458,0,632,1539,157,242,0,457,10,289,0,0,0,28,0,37,-5,72,0,3458
2025/12/30,01:30,3494,0,629,1534,155,242,0,469,10,290,0,0,0,26,0,50,-6,95,0,3494
2025/12/30,02:00,3552,0,625,1540,155,243,0,539,10,289,0,0,0,12,0,63,-5,81,0,3552
2025/12/30,02:30,3628,0,623,1533,161,242,0,628,10,290,0,0,0,18,0,42,-5,86,0,3628
2025/12/30,03:00,3684,0,579,1538,228,242,0,675,10,291,0,0,0,16,0,25,-6,86,0,3684
2025/12/30,03:30,3714,0,564,1535,219,242,0,690,10,292,0,0,0,9,0,61,-6,98,0,3714
2025/12/30,04:00,3737,0,571,1539,215,242,0,683,10,294,0,0,0,8,0,89,-6,92,0,3737
2025/12/30,04:30,3727,0,573,1538,225,242,0,656,10,295,0,0,0,11,0,92,-6,91,0,3727
2025/12/30,05:00,3722,0,567,1543,242,241,0,578,10,296,0,0,0,13,0,155,-6,83,0,3722
2025/12/30,05:30,3656,0,545,1537,319,241,0,538,10,296,0,0,0,17,0,119,-8,42,0,3656
2025/12/30,06:00,3640,0,530,1544,261,241,0,529,10,297,0,0,0,14,0,147,-4,71,0,3640
2025/12/30,06:30,3554,0,541,1542,212,241,0,509,10,296,0,0,0,15,0,119,-5,74,0,3554
2025/12/30,07:00,3476,0,589,1543,197,242,0,482,10,297,0,4,0,13,0,128,-6,-23,0,3476
2025/12/30,07:30,3604,0,619,1530,335,241,0,445,10,297,0,167,0,18,0,0,-6,-52,0,3604
2025/12/30,08:00,3734,0,603,1536,283,241,0,395,10,297,0,352,0,14,0,0,-6,9,0,3734
2025/12/30,08:30,3836,0,574,1528,275,241,0,370,10,298,0,536,0,21,0,0,-4,-13,0,3836
2025/12/30,09:00,3833,0,489,1537,111,240,0,354,10,297,0,694,0,18,0,0,-5,88,0,3833
2025/12/30,09:30,3823,0,477,1489,64,241,0,335,10,298,0,779,0,26,0,0,-4,108,0,3823
2025/12/30,10:00,3834,0,511,1461,58,241,0,300,10,296,0,835,0,29,0,0,-5,98,0,3834
2025/12/30,10:30,3790,0,461,1434,58,240,0,283,10,297,0,860,0,63,0,0,-5,89,0,3790
2025/12/30,11:00,3882,0,558,1452,63,240,0,273,10,297,0,836,0,65,0,0,-25,113,0,3882
2025/12/30,11:30,3940,0,560,1469,108,241,0,259,11,296,0,848,0,84,0,0,-25,89,0,3940
2025/12/30,12:00,4003,0,599,1508,138,241,0,261,11,295,0,757,0,109,0,0,-5,89,0,4003
2025/12/30,12:30,3973,0,602,1524,170,241,0,261,11,295,0,671,0,121,0,0,-5,82,0,3973
2025/12/30,13:00,3857,0,528,1553,121,241,0,308,10,282,0,588,0,161,0,0,-4,69,0,3857
2025/12/30,13:30,3749,0,465,1588,120,241,0,318,10,271,0,500,0,180,0,0,-4,60,0,3749
2025/12/30,14:00,3660,0,381,1622,119,241,0,328,10,280,0,412,0,211,0,0,-3,59,0,3660
2025/12/30,14:30,3652,0,400,1609,119,240,0,396,10,290,0,262,0,253,0,0,-5,78,0,3652
2025/12/30,15:00,3714,0,441,1629,135,241,0,493,10,292,0,103,0,313,0,0,-8,65,0,3714
2025/12/30,15:30,3764,0,357,1589,189,242,0,622,10,292,0,9,0,365,0,28,-4,65,0,3764
2025/12/30,16:00,3785,0,469,1591,137,243,0,661,10,290,0,0,0,382,0,34,20,-52,0,3785
2025/12/30,16:30,3889,0,502,1615,117,245,0,700,10,291,0,0,0,422,0,0,20,-33,0,3889
2025/12/30,17:00,3946,0,543,1625,119,244,0,629,10,290,0,2,0,436,0,0,44,4,0,3946
2025/12/30,17:30,3962,0,592,1613,148,244,0,570,10,290,0,0,0,469,0,0,44,-18,0,3962
2025/12/30,18:00,3994,0,576,1616,249,245,0,556,10,291,0,0,0,460,0,0,18,-27,0,3994
2025/12/30,18:30,3960,0,580,1612,171,245,0,558,10,290,0,0,0,504,0,0,9,-19,0,3960
2025/12/30,19:00,3895,0,581,1629,157,243,0,550,10,290,0,0,0,506,0,0,-10,-61,0,3895
2025/12/30,19:30,3845,0,542,1616,197,241,0,534,10,290,0,0,0,514,0,0,-22,-77,0,3845
2025/12/30,20:00,3821,0,502,1627,162,241,0,513,10,290,0,0,0,577,0,21,-5,-117,0,3821
2025/12/30,20:30,3737,0,509,1624,112,242,0,503,10,289,0,0,0,585,0,58,-6,-189,0,3737
2025/12/30,21:00,3749,0,537,1632,191,242,0,478,10,290,0,0,0,563,0,60,-3,-251,0,3749
2025/12/30,21:30,3657,0,540,1622,217,242,0,476,10,290,0,0,0,596,0,0,0,-336,0,3657
2025/12/30,22:00,3593,0,560,1630,191,242,0,442,11,290,0,0,0,595,0,0,0,-368,0,3593
2025/12/30,22:30,3547,0,548,1616,270,242,0,416,11,290,0,0,0,583,0,5,-6,-428,0,3547
2025/12/30,23:00,3673,0,516,1625,176,242,0,385,11,290,0,0,0,598,0,93,-6,-257,0,3673
2025/12/30,23:30,3647,0,514,1615,119,242,0,381,11,290,0,0,0,662,0,61,-6,-242,0,3647
2025/12/31,00:00,3662,0,486,1639,123,242,0,375,11,290,0,0,0,665,0,0,-4,-165,0,3662
2025/12/31,00:30,3688,0,536,1650,162,242,0,358,11,290,0,0,0,682,0,0,-5,-238,0,3688
2025/12/31,01:00,3696,0,422,1662,112,242,0,342,11,290,0,0,0,766,0,0,-4,-147,0,3696
2025/12/31,01:30,3736,0,455,1661,111,242,0,346,11,290,0,0,0,792,0,0,-5,-167,0,3736
2025/12/31,02:00,3794,0,495,1681,125,242,0,374,11,290,0,0,0,768,0,0,-4,-188,0,3794
2025/12/31,02:30,3882,0,523,1687,175,242,0,422,11,290,0,0,0,739,0,0,-5,-202,0,3882
2025/12/31,03:00,3923,0,406,1701,109,242,0,476,11,290,0,0,0,794,0,0,-5,-101,0,3923
2025/12/31,03:30,3967,0,379,1690,106,242,0,506,11,291,0,0,0,866,0,0,-5,-119,0,3967
2025/12/31,04:00,4007,0,443,1701,106,242,0,515,11,290,0,0,0,879,0,0,-5,-175,0,4007
2025/12/31,04:30,3983,0,425,1695,106,242,0,515,11,291,0,0,0,875,0,16,-8,-185,0,3983
2025/12/31,05:00,3984,0,403,1685,79,242,0,520,11,290,0,0,0,879,0,108,-6,-227,0,3984
2025/12/31,05:30,3936,0,506,1641,57,241,0,517,11,290,0,0,0,857,0,114,-6,-292,0,3936
2025/12/31,06:00,3909,0,501,1621,57,241,0,494,11,290,0,0,0,814,0,71,-5,-186,0,3909
2025/12/31,06:30,3835,0,608,1616,57,242,0,459,11,290,0,0,0,765,0,21,-5,-229,0,3835
2025/12/31,07:00,3729,0,529,1626,57,242,0,464,11,290,0,5,0,734,0,18,-6,-241,0,3729
2025/12/31,07:30,3759,0,476,1614,100,242,0,394,11,289,0,140,0,754,0,23,-5,-279,0,3759
2025/12/31,08:00,3779,0,484,1622,111,242,0,358,11,289,0,293,0,753,0,20,-6,-398,0,3779
2025/12/31,08:30,3747,0,434,1553,111,242,0,348,11,289,0,453,0,763,0,19,-6,-470,0,3747
2025/12/31,09:00,3701,0,470,1399,78,241,0,302,11,290,0,582,0,775,0,30,-6,-471,0,3701
2025/12/31,09:30,3609,0,323,1170,60,241,0,271,11,288,0,705,0,800,0,25,-5,-280,0,3609
2025/12/31,10:00,3549,0,304,988,58,241,0,254,11,290,0,830,0,811,0,28,-7,-259,0,3549
2025/12/31,10:30,3493,0,330,893,58,241,0,232,11,290,0,946,0,798,0,-119,-1,-186,0,3493
2025/12/31,11:00,3477,0,370,1052,59,241,0,228,11,290,0,897,0,720,0,-200,1,-192,0,3477
2025/12/31,11:30,3387,0,372,1089,60,241,0,227,11,290,0,803,0,714,0,-204,1,-217,0,3387
2025/12/31,12:00,3414,0,351,1087,59,241,0,228,11,290,0,818,0,710,0,-205,-3,-173,0,3414
2025/12/31,12:30,3330,0,366,1090,59,241,0,227,11,291,0,766,0,719,0,-209,-4,-227,0,3330
2025/12/31,13:00,3307,0,394,1140,59,241,0,230,11,276,0,684,0,701,0,-205,-4,-220,0,3307
2025/12/31,13:30,3313,0,389,1114,58,241,0,240,11,268,0,624,0,761,0,-208,-4,-181,0,3313
2025/12/31,14:00,3340,0,362,1111,58,241,0,271,11,275,0,472,0,806,0,-207,-5,-55,0,3340
2025/12/31,14:30,3446,0,433,1242,58,241,0,308,11,288,0,287,0,795,0,-153,2,-66,0,3446
2025/12/31,15:00,3617,0,494,1409,77,241,0,369,11,290,0,123,0,755,0,4,21,-177,0,3617
2025/12/31,15:30,3765,0,528,1518,111,243,0,432,11,290,0,22,0,727,0,28,20,-165,0,3765
2025/12/31,16:00,3770,0,546,1554,110,244,0,475,11,290,0,2,0,720,0,4,16,-202,0,3770
2025/12/31,16:30,3912,0,518,1599,111,245,0,497,11,289,0,3,0,727,0,0,21,-109,0,3912
2025/12/31,17:00,3958,0,522,1622,114,245,0,521,11,291,0,2,0,743,0,0,18,-131,0,3958
2025/12/31,17:30,3916,0,486,1613,117,245,0,532,11,290,0,3,0,770,0,0,56,-207,0,3916
2025/12/31,18:00,3930,0,509,1630,112,244,0,605,11,290,0,2,0,777,0,0,18,-268,0,3930
2025/12/31,18:30,3940,0,580,1620,192,245,0,605,11,289,0,3,0,821,0,0,11,-437,0,3940
2025/12/31,19:00,3886,0,524,1626,226,242,0,618,11,290,0,2,0,858,0,0,-8,-503,0,3886
2025/12/31,19:30,3828,0,503,1597,120,219,0,619,11,290,0,3,0,872,0,0,-21,-385,0,3828
2025/12/31,20:00,3860,0,509,1626,122,219,0,541,11,290,0,2,0,839,0,0,-4,-295,0,3860
2025/12/31,20:30,3798,0,504,1610,124,219,0,539,11,289,0,3,0,842,0,0,30,-373,0,3798
2025/12/31,21:00,3873,0,553,1617,171,219,0,493,11,290,0,2,0,833,0,0,25,-341,0,3873
2025/12/31,21:30,3859,0,554,1631,198,219,0,474,11,289,0,3,0,830,0,0,31,-381,0,3859
2025/12/31,22:00,3866,0,554,1657,223,220,0,435,11,290,0,2,0,809,0,0,29,-364,0,3866
2025/12/31,22:30,3862,0,540,1652,268,219,0,419,11,290,0,3,0,811,0,5,-5,-351,0,3862
2025/12/31,23:00,4094,0,613,1670,224,219,0,404,11,290,0,2,0,812,0,21,-6,-166,0,4094
2025/12/31,23:30,4070,0,602,1677,138,219,0,372,11,290,0,3,0,815,0,18,-5,-70,0,4070
