単位[MW平均],,,供給力,,,,,,,,,,,,,,,,,,
DATE,TIME,エリア需要,原子力,火力(LNG),火力(石炭),火力(石油),火力(その他),火力出力制御量,水力,地熱,バイオマス,バイオマス出力制御量,太陽光発電実績,太陽光出力制御量,風力発電実績,風力出力制御量,揚水,蓄電池,連系線,その他,合計
2025/07/01,00:00,2616,0,9,1331,125,148,0,647,17,154,0,0,0,430,0,20,-12,-253,0,2616
2025/07/01,00:30,2556,0,9,1295,111,146,0,644,17,154,0,0,0,447,0,24,-9,-282,0,2556
2025/07/01,01:00,2504,0,9,1258,111,147,0,633,17,154,0,0,0,453,0,20,-34,-264,0,2504
2025/07/01,01:30,2530,0,9,1216,111,148,0,644,17,154,0,0,0,447,0,21,-8,-229,0,2530
2025/07/01,02:00,2558,0,9,1229,111,148,0,667,17,154,0,0,0,448,0,23,-5,-243,0,2558
2025/07/01,02:30,2636,0,9,1303,111,148,0,690,17,154,0,0,0,448,0,23,-6,-261,0,2636
2025/07/01,03:00,2734,0,9,1373,130,148,0,694,17,154,0,0,0,452,0,23,-5,-261,0,2734
2025/07/01,03:30,2764,0,9,1429,121,148,0,697,17,154,0,1,0,445,0,19,-4,-272,0,2764
2025/07/01,04:00,2779,0,9,1413,115,148,0,694,17,154,0,27,0,440,0,22,-4,-256,0,2779
2025/07/01,04:30,2811,0,9,1434,127,148,0,691,17,155,0,91,0,442,0,21,-5,-319,0,2811
2025/07/01,05:00,2838,0,9,1369,112,148,0,691,17,154,0,218,0,439,0,19,-5,-333,0,2838
2025/07/01,05:30,2822,0,9,1326,113,148,0,566,17,155,0,344,0,441,0,26,-6,-317,0,2822
2025/07/01,06:00,2855,0,9,1325,86,147,0,527,17,155,0,462,0,421,0,24,-4,-314,0,2855
2025/07/01,06:30,2939,0,9,1371,58,148,0,521,17,155,0,620,0,351,0,20,-5,-326,0,2939
2025/07/01,07:00,3002,0,9,1283,58,148,0,536,16,154,0,800,0,323,0,21,-5,-341,0,3002
2025/07/01,07:30,3214,0,9,1250,58,147,0,547,17,154,0,1016,0,325,0,22,-5,-326,0,3214
2025/07/01,08:00,3449,0,9,1308,64,146,0,531,17,154,0,1228,0,311,0,22,-4,-337,0,3449
2025/07/01,08:30,3657,0,9,1333,65,147,0,534,16,152,0,1405,0,307,0,22,-5,-328,0,3657
2025/07/01,09:00,3830,0,9,1364,65,146,0,539,17,151,0,1594,0,284,0,20,-25,-334,0,3830
2025/07/01,09:30,3948,0,9,1350,64,146,0,543,16,153,0,1713,0,275,0,19,-6,-334,0,3948
2025/07/01,10:00,4025,0,10,1402,64,146,0,523,17,153,0,1800,0,218,0,23,-5,-326,0,4025
2025/07/01,10:30,4137,0,9,1465,95,146,0,512,16,155,0,1836,0,176,0,44,-4,-313,0,4137
2025/07/01,11:00,4218,0,9,1494,183,146,0,495,17,155,0,1846,0,153,0,39,-4,-315,0,4218
2025/07/01,11:30,4178,0,9,1510,248,146,0,510,16,155,0,1779,0,124,0,26,-2,-343,0,4178
2025/07/01,12:00,4050,0,9,1416,262,146,0,529,16,155,0,1706,0,125,0,16,-4,-326,0,4050
2025/07/01,12:30,4036,0,9,1191,290,146,0,560,16,155,0,1640,0,126,0,5,-4,-98,0,4036
2025/07/01,13:00,4109,0,9,1169,302,146,0,629,16,156,0,1552,0,130,0,37,-6,-31,0,4109
2025/07/01,13:30,4107,0,9,1306,302,146,0,651,16,156,0,1397,0,91,0,38,-3,-2,0,4107
2025/07/01,14:00,4061,0,63,1322,302,146,0,670,16,156,0,1261,0,51,0,113,-7,-32,0,4061
2025/07/01,14:30,4013,0,75,1443,340,146,0,685,16,156,0,1090,0,37,0,195,-3,-167,0,4013
2025/07/01,15:00,3977,0,75,1597,398,146,0,713,16,155,0,928,0,42,0,192,-4,-281,0,3977
2025/07/01,15:30,4013,0,75,1619,528,146,0,740,16,155,0,743,0,37,0,208,5,-259,0,4013
2025/07/01,16:00,3960,0,75,1640,495,147,0,749,16,156,0,588,0,37,0,214,-5,-152,0,3960
2025/07/01,16:30,3936,0,75,1656,506,148,0,763,16,155,0,428,0,44,0,227,-4,-78,0,3936
2025/07/01,17:00,3875,0,82,1656,542,151,0,765,16,155,0,268,0,48,0,270,-6,-72,0,3875
2025/07/01,17:30,3805,0,82,1657,529,150,0,772,16,154,0,131,0,57,0,330,-7,-66,0,3805
2025/07/01,18:00,3739,0,83,1659,530,150,0,761,16,151,0,43,0,52,0,366,-6,-66,0,3739
2025/07/01,18:30,3681,0,83,1657,533,150,0,758,16,150,0,7,0,50,0,348,-5,-66,0,3681
2025/07/01,19:00,3697,0,83,1657,577,150,0,775,16,150,0,0,0,53,0,308,-5,-67,0,3697
2025/07/01,19:30,3687,0,83,1656,579,149,0,754,16,149,0,1,0,52,0,323,-7,-68,0,3687
2025/07/01,20:00,3548,0,83,1659,579,149,0,728,16,150,0,0,0,51,0,218,-6,-79,0,3548
2025/07/01,20:30,3462,0,83,1647,579,147,0,717,16,149,0,0,0,49,0,151,-6,-70,0,3462
2025/07/01,21:00,3327,0,83,1648,565,147,0,705,16,148,0,0,0,46,0,43,-6,-68,0,3327
2025/07/01,21:30,3193,0,83,1658,436,147,0,698,16,150,0,0,0,40,0,34,-5,-64,0,3193
2025/07/01,22:00,3127,0,83,1663,357,148,0,694,16,151,0,0,0,45,0,40,-5,-65,0,3127
2025/07/01,22:30,3025,0,83,1656,291,147,0,675,16,152,0,0,0,42,0,31,-4,-64,0,3025
2025/07/01,23:00,2955,0,70,1645,276,147,0,655,16,152,0,0,0,40,0,26,-4,-68,0,2955
2025/07/01,23:30,2881,0,70,1588,331,147,0,647,16,154,0,0,0,46,0,0,-5,-113,0,2881
2025/07/02,00:00,2731,0,18,1575,333,148,0,621,16,154,0,0,0,57,0,0,-5,-186,0,2731
2025/07/02,00:30,2671,0,9,1605,335,148,0,603,16,154,0,0,0,52,0,0,-4,-247,0,2671
2025/07/02,01:00,2633,0,9,1616,234,148,0,587,16,154,0,0,0,58,0,0,-4,-185,0,2633
2025/07/02,01:30,2649,0,9,1624,213,148,0,592,16,154,0,0,0,53,0,0,-5,-155,0,2649
2025/07/02,02:00,2661,0,9,1615,253,148,0,590,17,154,0,0,0,50,0,0,-4,-171,0,2661
2025/07/02,02:30,2739,0,9,1601,257,147,0,596,16,154,0,0,0,62,0,4,-2,-105,0,2739
2025/07/02,03:00,2803,0,9,1596,235,149,0,600,16,154,0,0,0,78,0,38,-7,-65,0,2803
2025/07/02,03:30,2859,0,9,1617,256,149,0,608,17,154,0,0,0,85,0,33,-6,-63,0,2859
2025/07/02,04:00,2835,0,9,1588,269,148,0,603,16,155,0,15,0,81,0,18,-3,-64,0,2835
2025/07/02,04:30,2865,0,9,1575,251,148,0,601,16,154,0,87,0,82,0,10,-3,-65,0,2865
2025/07/02,05:00,2878,0,9,1574,252,148,0,537,16,154,0,154,0,91,0,31,-4,-84,0,2878
2025/07/02,05:30,2822,0,9,1574,250,147,0,542,16,154,0,224,0,96,0,2,0,-192,0,2822
2025/07/02,06:00,2841,0,9,1518,232,147,0,506,16,154,0,276,0,126,0,0,-7,-136,0,2841
2025/07/02,06:30,2945,0,9,1514,306,148,0,510,16,155,0,346,0,132,0,0,-11,-180,0,2945
2025/07/02,07:00,3036,0,9,1492,320,147,0,532,16,154,0,429,0,131,0,0,-12,-182,0,3036
2025/07/02,07:30,3240,0,9,1545,313,147,0,534,16,153,0,530,0,121,0,0,-12,-116,0,3240
2025/07/02,08:00,3388,0,9,1513,264,147,0,574,16,151,0,624,0,124,0,0,-11,-23,0,3388
2025/07/02,08:30,3546,0,53,1475,226,147,0,633,16,151,0,712,0,126,0,0,-9,16,0,3546
2025/07/02,09:00,3671,0,62,1438,219,146,0,739,16,150,0,755,0,125,0,0,-8,29,0,3671
2025/07/02,09:30,3717,0,62,1430,209,146,0,757,17,152,0,818,0,125,0,0,-9,10,0,3717
2025/07/02,10:00,3766,0,62,1537,166,145,0,665,17,152,0,936,0,84,0,0,-6,8,0,3766
2025/07/02,10:30,3880,0,14,1622,252,145,0,639,17,151,0,953,0,87,0,0,-8,8,0,3880
2025/07/02,11:00,3958,0,9,1622,352,146,0,628,17,152,0,959,0,100,0,0,-5,-22,0,3958
2025/07/02,11:30,3894,0,9,1634,375,146,0,626,17,156,0,878,0,108,0,18,-6,-67,0,3894
2025/07/02,12:00,3701,0,9,1594,255,146,0,643,17,158,0,849,0,105,0,20,-8,-87,0,3701
2025/07/02,12:30,3653,0,9,1411,239,147,0,685,17,159,0,776,0,101,0,34,-5,80,0,3653
2025/07/02,13:00,3819,0,52,1469,241,147,0,744,17,160,0,717,0,99,0,153,-15,35,0,3819
2025/07/02,13:30,3871,0,62,1461,272,146,0,790,17,160,0,699,0,59,0,189,-10,26,0,3871
2025/07/02,14:00,3825,0,61,1576,329,146,0,726,17,160,0,608,0,56,0,139,-4,11,0,3825
2025/07/02,14:30,3733,0,59,1582,332,146,0,700,17,160,0,532,0,56,0,150,-4,3,0,3733
2025/07/02,15:00,3719,0,60,1586,379,146,0,688,17,161,0,424,0,70,0,220,1,-33,0,3719
2025/07/02,15:30,3803,0,60,1589,390,146,0,721,17,160,0,348,0,64,0,332,11,-35,0,3803
2025/07/02,16:00,3808,0,59,1591,411,148,0,737,17,161,0,260,0,69,0,383,14,-42,0,3808
2025/07/02,16:30,3762,0,60,1615,432,150,0,784,17,161,0,183,0,70,0,306,12,-28,0,3762
2025/07/02,17:00,3665,0,79,1641,439,150,0,799,17,161,0,113,0,73,0,216,5,-28,0,3665
2025/07/02,17:30,3639,0,82,1649,439,150,0,820,17,160,0,68,0,81,0,216,1,-44,0,3639
2025/07/02,18:00,3605,0,82,1653,455,150,0,833,17,160,0,26,0,83,0,216,-10,-60,0,3605
2025/07/02,18:30,3577,0,83,1649,434,150,0,838,17,161,0,4,0,91,0,220,-8,-62,0,3577
2025/07/02,19:00,3562,0,83,1648,415,150,0,804,17,161,0,0,0,104,0,223,-10,-33,0,3562
2025/07/02,19:30,3518,0,83,1642,433,147,0,785,17,161,0,0,0,120,0,216,-9,-77,0,3518
2025/07/02,20:00,3375,0,83,1606,351,147,0,784,17,161,0,0,0,129,0,202,-9,-96,0,3375
2025/07/02,20:30,3303,0,83,1502,411,147,0,763,17,161,0,0,0,127,0,201,-15,-94,0,3303
2025/07/02,21:00,3180,0,83,1622,501,147,0,711,17,161,0,0,0,131,0,-61,-8,-124,0,3180
2025/07/02,21:30,3054,0,83,1621,397,147,0,705,17,161,0,0,0,135,0,-138,-6,-68,0,3054
2025/07/02,22:00,3018,0,70,1623,347,147,0,687,17,161,0,0,0,141,0,-109,-2,-64,0,3018
2025/07/02,22:30,2908,0,70,1606,392,148,0,668,17,160,0,0,0,145,0,-218,-3,-77,0,2908
2025/07/02,23:00,2806,0,70,1552,374,148,0,650,17,161,0,0,0,180,0,-216,-3,-127,0,2806
2025/07/02,23:30,2736,0,69,1591,336,148,0,623,17,161,0,0,0,202,0,-224,-1,-186,0,2736
2025/07/03,00:00,2679,0,18,1604,385,148,0,588,17,161,0,0,0,223,0,-220,-3,-242,0,2679
2025/07/03,00:30,2625,0,10,1592,359,148,0,595,17,160,0,0,0,259,0,-226,-7,-282,0,2625
2025/07/03,01:00,2557,0,11,1577,240,148,0,586,17,161,0,0,0,286,0,-230,-50,-189,0,2557
2025/07/03,01:30,2591,0,11,1489,170,148,0,587,17,162,0,0,0,305,0,-213,-4,-81,0,2591
2025/07/03,02:00,2578,0,11,1536,160,147,0,614,17,162,0,0,0,290,0,-217,-6,-136,0,2578
2025/07/03,02:30,2694,0,11,1565,160,148,0,625,17,161,0,0,0,333,0,-206,-8,-112,0,2694
2025/07/03,03:00,2760,0,11,1598,160,148,0,631,17,161,0,0,0,404,0,-216,-3,-151,0,2760
2025/07/03,03:30,2824,0,11,1563,160,148,0,630,17,161,0,0,0,500,0,-224,-4,-138,0,2824
2025/07/03,04:00,2837,0,11,1563,161,148,0,629,17,160,0,13,0,510,0,-218,-5,-152,0,2837
2025/07/03,04:30,2851,0,11,1551,164,148,0,628,17,161,0,72,0,519,0,-217,-4,-199,0,2851
2025/07/03,05:00,2879,0,11,1527,205,148,0,609,17,161,0,144,0,505,0,-189,-6,-253,0,2879
2025/07/03,05:30,2897,0,11,1390,170,148,0,603,17,160,0,204,0,484,0,9,-4,-295,0,2897
2025/07/03,06:00,2865,0,11,1417,123,148,0,585,17,160,0,241,0,470,0,21,-6,-322,0,2865
2025/07/03,06:30,2919,0,11,1446,130,148,0,591,17,160,0,298,0,407,0,36,-5,-320,0,2919
2025/07/03,07:00,2977,0,11,1451,123,147,0,588,17,161,0,355,0,399,0,36,-5,-306,0,2977
2025/07/03,07:30,3153,0,11,1476,164,147,0,597,17,161,0,464,0,406,0,21,-5,-306,0,3153
2025/07/03,08:00,3364,0,11,1537,176,147,0,610,17,160,0,571,0,424,0,25,-5,-309,0,3364
2025/07/03,08:30,3552,0,11,1482,173,147,0,625,17,159,0,673,0,431,0,23,-5,-184,0,3552
2025/07/03,09:00,3652,0,11,1408,166,146,0,665,11,159,0,744,0,432,0,19,16,-125,0,3652
2025/07/03,09:30,3672,0,11,1371,166,146,0,649,4,160,0,786,0,439,0,21,0,-81,0,3672
2025/07/03,10:00,3638,0,11,1286,132,146,0,625,4,159,0,853,0,418,0,21,-5,-12,0,3638
2025/07/03,10:30,3696,0,11,1290,113,145,0,632,4,159,0,936,0,405,0,18,-3,-14,0,3696
2025/07/03,11:00,3782,0,11,1179,113,146,0,652,4,159,0,1044,0,398,0,43,-4,37,0,3782
2025/07/03,11:30,3742,0,11,1140,119,146,0,661,4,159,0,1066,0,406,0,41,-41,30,0,3742
2025/07/03,12:00,3677,0,11,961,155,146,0,659,4,159,0,1150,0,408,0,5,-10,29,0,3677
2025/07/03,12:30,3665,0,11,1172,161,146,0,640,4,158,0,1154,0,413,0,-184,-3,-7,0,3665
2025/07/03,13:00,3766,0,10,1417,160,146,0,682,4,158,0,1122,0,406,0,-217,-3,-119,0,3766
2025/07/03,13:30,3826,0,11,1459,187,146,0,687,4,158,0,1072,0,425,0,-177,-3,-143,0,3826
2025/07/03,14:00,3847,0,37,1587,232,146,0,692,4,156,0,971,0,448,0,-138,-4,-284,0,3847
2025/07/03,14:30,3861,0,40,1584,244,146,0,663,4,156,0,835,0,477,0,53,-9,-332,0,3861
2025/07/03,15:00,3802,0,50,1592,219,146,0,682,4,157,0,678,0,457,0,172,-21,-334,0,3802
2025/07/03,15:30,3808,0,53,1591,250,146,0,730,4,158,0,596,0,425,0,175,-4,-316,0,3808
2025/07/03,16:00,3808,0,52,1606,339,146,0,768,4,158,0,450,0,426,0,178,-1,-318,0,3808
2025/07/03,16:30,3810,0,52,1664,368,150,0,771,4,158,0,317,0,437,0,177,40,-328,0,3810
2025/07/03,17:00,3733,0,52,1706,425,150,0,771,4,158,0,210,0,441,0,179,-4,-359,0,3733
2025/07/03,17:30,3715,0,52,1727,459,150,0,768,4,158,0,119,0,458,0,178,-2,-356,0,3715
2025/07/03,18:00,3686,0,52,1725,505,150,0,717,4,159,0,43,0,474,0,179,-4,-318,0,3686
2025/07/03,18:30,3652,0,52,1712,432,150,0,717,4,160,0,7,0,470,0,177,-5,-224,0,3652
2025/07/03,19:00,3651,0,52,1702,415,150,0,716,4,159,0,0,0,500,0,172,-6,-213,0,3651
2025/07/03,19:30,3653,0,52,1724,497,149,0,714,4,159,0,2,0,526,0,169,-5,-338,0,3653
2025/07/03,20:00,3530,0,52,1724,492,147,0,689,4,157,0,0,0,523,0,114,-6,-366,0,3530
2025/07/03,20:30,3426,0,52,1724,437,147,0,679,4,159,0,0,0,519,0,53,-5,-343,0,3426
2025/07/03,21:00,3328,0,53,1720,371,147,0,674,4,160,0,0,0,517,0,21,-5,-334,0,3328
2025/07/03,21:30,3194,0,52,1686,269,147,0,631,4,159,0,0,0,515,0,11,-4,-276,0,3194
2025/07/03,22:00,3126,0,14,1651,261,147,0,622,4,159,0,0,0,522,0,0,-4,-250,0,3126
2025/07/03,22:30,3052,0,11,1614,257,148,0,625,4,159,0,0,0,524,0,0,-5,-285,0,3052
2025/07/03,23:00,2966,0,10,1581,165,148,0,638,4,160,0,0,0,523,0,0,-5,-258,0,2966
2025/07/03,23:30,2902,0,10,1537,160,148,0,638,4,160,0,0,0,539,0,0,-6,-288,0,2902
2025/07/04,00:00,2820,0,10,1486,160,147,0,607,4,160,0,0,0,546,0,0,-5,-295,0,2820
2025/07/04,00:30,2734,0,10,1405,160,147,0,601,4,159,0,0,0,571,0,-21,-6,-296,0,2734
2025/07/04,01:00,2652,0,10,1469,159,147,0,601,4,160,0,0,0,559,0,-230,-4,-223,0,2652
2025/07/04,01:30,2712,0,10,1534,117,147,0,600,4,160,0,0,0,558,0,-219,-4,-195,0,2712
2025/07/04,02:00,2730,0,10,1611,125,147,0,606,4,160,0,0,0,557,0,-229,-4,-257,0,2730
2025/07/04,02:30,2798,0,9,1601,163,147,0,612,4,160,0,0,0,562,0,-227,-3,-230,0,2798
2025/07/04,03:00,2863,0,10,1591,160,147,0,617,4,160,0,0,0,565,0,-175,-3,-213,0,2863
2025/07/04,03:30,2915,0,10,1518,160,147,0,661,4,160,0,0,0,573,0,3,-4,-317,0,2915
2025/07/04,04:00,2912,0,10,1518,160,147,0,647,4,160,0,13,0,567,0,0,-5,-309,0,2912
2025/07/04,04:30,2964,0,10,1539,160,147,0,647,4,161,0,71,0,552,0,0,-5,-322,0,2964
2025/07/04,05:00,2952,0,10,1535,167,147,0,602,4,160,0,141,0,515,0,0,-4,-325,0,2952
2025/07/04,05:30,2904,0,10,1462,161,147,0,600,4,159,0,201,0,488,0,1,-5,-324,0,2904
2025/07/04,06:00,2928,0,11,1404,163,147,0,599,4,160,0,245,0,464,0,21,-7,-283,0,2928
2025/07/04,06:30,2972,0,11,1483,174,147,0,599,4,160,0,314,0,418,0,21,-45,-314,0,2972
2025/07/04,07:00,3116,0,11,1504,163,147,0,617,4,160,0,385,0,424,0,21,-7,-313,0,3116
2025/07/04,07:30,3328,0,11,1602,226,146,0,618,4,159,0,466,0,426,0,22,-40,-312,0,3328
2025/07/04,08:00,3517,0,11,1593,178,146,0,669,4,157,0,524,0,422,0,26,-6,-207,0,3517
2025/07/04,08:30,3757,0,11,1663,186,146,0,669,4,157,0,585,0,417,0,26,-5,-102,0,3757
2025/07/04,09:00,3923,0,11,1696,255,145,0,644,4,156,0,632,0,414,0,21,-6,-49,0,3923
2025/07/04,09:30,4055,0,11,1703,458,145,0,593,4,157,0,651,0,431,0,27,-4,-121,0,4055
2025/07/04,10:00,4061,0,11,1729,439,145,0,579,4,157,0,672,0,451,0,14,-6,-134,0,4061
2025/07/04,10:30,4115,0,11,1740,451,145,0,572,4,156,0,630,0,456,0,42,-3,-89,0,4115
2025/07/04,11:00,4017,0,11,1735,421,144,0,571,4,157,0,601,0,408,0,33,-4,-64,0,4017
2025/07/04,11:30,3883,0,11,1680,379,145,0,584,4,157,0,556,0,401,0,36,-5,-65,0,3883
2025/07/04,12:00,3741,0,11,1628,344,145,0,566,4,157,0,546,0,400,0,27,-3,-84,0,3741
2025/07/04,12:30,3761,0,11,1687,384,145,0,573,4,157,0,526,0,409,0,10,-3,-142,0,3761
2025/07/04,13:00,3880,0,11,1703,513,145,0,583,4,158,0,459,0,414,0,0,-4,-106,0,3880
2025/07/04,13:30,3864,0,11,1684,463,144,0,588,4,157,0,420,0,461,0,0,-3,-65,0,3864
2025/07/04,14:00,3825,0,53,1583,393,145,0,613,4,158,0,415,0,474,0,42,-3,-52,0,3825
2025/07/04,14:30,3881,0,60,1702,427,145,0,615,4,157,0,358,0,464,0,61,-2,-110,0,3881
2025/07/04,15:00,3826,0,60,1744,534,145,0,619,4,156,0,307,0,456,0,23,-3,-219,0,3826
2025/07/04,15:30,3850,0,60,1747,492,145,0,637,4,156,0,254,0,410,0,101,-3,-153,0,3850
2025/07/04,16:00,3819,0,60,1741,466,148,0,678,4,157,0,212,0,406,0,125,-4,-174,0,3819
2025/07/04,16:30,3775,0,61,1742,432,149,0,703,4,157,0,169,0,402,0,206,-5,-245,0,3775
2025/07/04,17:00,3721,0,60,1746,497,150,0,731,4,157,0,107,0,406,0,215,-5,-347,0,3721
2025/07/04,17:30,3687,0,61,1746,463,149,0,750,4,157,0,61,0,406,0,211,-5,-316,0,3687
2025/07/04,18:00,3633,0,61,1741,399,150,0,750,4,158,0,28,0,401,0,212,-5,-266,0,3633
2025/07/04,18:30,3615,0,61,1709,392,149,0,740,4,157,0,4,0,397,0,187,-4,-181,0,3615
2025/07/04,19:00,3623,0,60,1698,459,151,0,711,4,157,0,0,0,406,0,180,-5,-198,0,3623
2025/07/04,19:30,3597,0,60,1747,468,146,0,696,4,157,0,0,0,427,0,177,-4,-281,0,3597
2025/07/04,20:00,3485,0,61,1743,444,146,0,679,4,156,0,0,0,434,0,138,-7,-313,0,3485
2025/07/04,20:30,3387,0,62,1714,365,146,0,670,4,157,0,0,0,433,0,122,-5,-281,0,3387
2025/07/04,21:00,3281,0,62,1663,331,146,0,664,4,157,0,0,0,424,0,115,-5,-280,0,3281
2025/07/04,21:30,3175,0,62,1656,299,146,0,631,4,157,0,0,0,430,0,116,-4,-322,0,3175
2025/07/04,22:00,3084,0,15,1647,256,146,0,648,4,158,0,0,0,434,0,108,-8,-324,0,3084
2025/07/04,22:30,2988,0,10,1637,255,145,0,640,4,158,0,0,0,434,0,24,-9,-310,0,2988
2025/07/04,23:00,2945,0,10,1668,177,146,0,640,4,159,0,0,0,440,0,14,-7,-306,0,2945
2025/07/04,23:30,2841,0,10,1614,137,147,0,641,4,160,0,0,0,439,0,18,-5,-324,0,2841
2025/07/05,00:00,2793,0,11,1631,111,145,0,612,1,160,0,0,0,419,0,21,-2,-316,0,2793
2025/07/05,00:30,2709,0,11,1588,111,143,0,623,1,160,0,0,0,344,0,27,-3,-296,0,2709
2025/07/05,01:00,2662,0,11,1603,111,143,0,623,1,160,0,0,0,273,0,30,-3,-290,0,2662
2025/07/05,01:30,2634,0,11,1605,111,143,0,607,1,160,0,0,0,226,0,41,-2,-269,0,2634
2025/07/05,02:00,2672,0,11,1623,147,143,0,595,1,160,0,0,0,188,0,65,-4,-257,0,2672
2025/07/05,02:30,2712,0,11,1526,111,143,0,634,1,159,0,0,0,215,0,42,-3,-127,0,2712
2025/07/05,03:00,2775,0,11,1537,111,143,0,627,1,160,0,0,0,203,0,91,25,-134,0,2775
2025/07/05,03:30,2833,0,11,1636,111,143,0,643,1,160,0,0,0,181,0,111,-4,-160,0,2833
2025/07/05,04:00,2844,0,11,1686,111,143,0,657,1,159,0,13,0,216,0,115,-3,-265,0,2844
2025/07/05,04:30,2830,0,11,1637,111,143,0,659,1,160,0,81,0,223,0,39,-3,-232,0,2830
2025/07/05,05:00,2841,0,11,1618,153,143,0,594,1,159,0,189,0,177,0,26,-18,-212,0,2841
2025/07/05,05:30,2797,0,11,1588,174,143,0,594,1,160,0,303,0,137,0,20,-49,-285,0,2797
2025/07/05,06:00,2788,0,11,1528,152,143,0,546,1,160,0,385,0,151,0,0,-5,-284,0,2788
2025/07/05,06:30,2724,0,11,1407,114,143,0,541,1,160,0,469,0,133,0,0,-5,-250,0,2724
2025/07/05,07:00,2773,0,11,1310,116,142,0,524,1,159,0,603,0,137,0,0,-4,-226,0,2773
2025/07/05,07:30,2891,0,11,1279,122,142,0,504,1,160,0,770,0,193,0,0,-5,-286,0,2891
2025/07/05,08:00,3064,0,11,1279,120,143,0,491,1,159,0,968,0,241,0,0,-4,-345,0,3064
2025/07/05,08:30,3240,0,11,1259,122,143,0,492,1,157,0,1164,0,248,0,0,-5,-352,0,3240
2025/07/05,09:00,3394,0,11,1216,152,143,0,504,1,158,0,1376,0,231,0,0,-2,-396,0,3394
2025/07/05,09:30,3498,0,11,1071,206,143,0,507,1,157,0,1529,0,243,0,0,-4,-366,0,3498
2025/07/05,10:00,3584,0,11,1015,274,142,0,507,1,157,0,1667,0,179,0,0,-4,-365,0,3584
2025/07/05,10:30,3612,0,11,876,294,142,0,508,1,158,0,1773,0,183,0,-137,-4,-193,0,3612
2025/07/05,11:00,3704,0,11,923,252,142,0,507,1,158,0,1847,0,178,0,-181,-4,-130,0,3704
2025/07/05,11:30,3728,0,11,1223,227,143,0,487,1,157,0,1863,0,163,0,-338,-4,-205,0,3728
2025/07/05,12:00,3704,0,11,1272,186,142,0,467,1,157,0,1864,0,142,0,-196,-5,-337,0,3704
2025/07/05,12:30,3682,0,11,1146,186,143,0,485,1,158,0,1839,0,154,0,-176,-5,-260,0,3682
2025/07/05,13:00,3726,0,11,1168,228,143,0,495,1,157,0,1794,0,177,0,-177,-6,-265,0,3726
2025/07/05,13:30,3678,0,10,1208,249,142,0,493,1,158,0,1667,0,212,0,-204,-3,-255,0,3678
2025/07/05,14:00,3644,0,10,1192,246,143,0,505,1,157,0,1507,0,201,0,-194,-4,-120,0,3644
2025/07/05,14:30,3604,0,11,1394,207,143,0,503,1,158,0,1317,0,125,0,-42,-2,-211,0,3604
2025/07/05,15:00,3579,0,11,1542,224,143,0,514,1,158,0,1128,0,98,0,35,-5,-270,0,3579
2025/07/05,15:30,3605,0,11,1589,224,143,0,565,1,158,0,946,0,117,0,24,-4,-169,0,3605
2025/07/05,16:00,3636,0,53,1668,288,143,0,584,1,159,0,741,0,128,0,36,-4,-161,0,3636
2025/07/05,16:30,3666,0,62,1678,312,144,0,589,1,160,0,546,0,130,0,116,-6,-66,0,3666
2025/07/05,17:00,3644,0,62,1723,392,145,0,674,1,160,0,331,0,129,0,142,-10,-105,0,3644
2025/07/05,17:30,3564,0,62,1740,448,145,0,736,1,159,0,155,0,128,0,124,-5,-129,0,3564
2025/07/05,18:00,3551,0,62,1749,324,143,0,776,1,159,0,59,0,125,0,186,-3,-30,0,3551
2025/07/05,18:30,3501,0,62,1750,278,143,0,781,1,160,0,10,0,125,0,216,-5,-20,0,3501
2025/07/05,19:00,3518,0,62,1751,372,144,0,790,1,159,0,0,0,66,0,194,-4,-17,0,3518
2025/07/05,19:30,3542,0,62,1751,494,144,0,796,1,159,0,1,0,19,0,145,-5,-25,0,3542
2025/07/05,20:00,3423,0,49,1748,354,144,0,800,1,158,0,0,0,14,0,112,-5,48,0,3423
2025/07/05,20:30,3353,0,49,1750,249,144,0,747,1,160,0,0,0,17,0,119,-5,122,0,3353
2025/07/05,21:00,3239,0,49,1746,168,145,0,689,1,158,0,0,0,20,0,118,8,137,0,3239
2025/07/05,21:30,3117,0,49,1746,144,143,0,647,1,160,0,0,0,20,0,90,11,106,0,3117
2025/07/05,22:00,3025,0,15,1747,146,143,0,642,1,160,0,0,0,31,0,84,9,47,0,3025
2025/07/05,22:30,2965,0,11,1752,202,143,0,630,1,160,0,0,0,39,0,80,9,-62,0,2965
2025/07/05,23:00,2916,0,11,1750,186,143,0,607,1,160,0,0,0,90,0,73,10,-115,0,2916
2025/07/05,23:30,2812,0,11,1749,141,143,0,586,1,160,0,0,0,180,0,41,8,-208,0,2812
2025/07/06,00:00,2731,0,11,1707,111,143,0,531,1,160,0,0,0,277,0,20,-4,-226,0,2731
2025/07/06,00:30,2655,0,11,1690,111,143,0,523,1,160,0,0,0,350,0,16,-5,-345,0,2655
2025/07/06,01:00,2583,0,11,1603,111,143,0,531,1,161,0,0,0,363,0,17,-5,-353,0,2583
2025/07/06,01:30,2593,0,11,1621,111,143,0,539,1,161,0,0,0,395,0,24,-29,-384,0,2593
2025/07/06,02:00,2651,0,11,1723,118,143,0,546,1,161,0,0,0,397,0,27,-51,-425,0,2651
2025/07/06,02:30,2693,0,11,1705,111,143,0,547,1,161,0,0,0,392,0,25,-48,-355,0,2693
2025/07/06,03:00,2774,0,11,1698,111,143,0,550,1,161,0,0,0,392,0,24,-5,-312,0,2774
2025/07/06,03:30,2788,0,11,1689,139,143,0,555,1,160,0,0,0,386,0,22,-4,-314,0,2788
2025/07/06,04:00,2762,0,11,1635,119,143,0,595,1,161,0,13,0,393,0,17,-2,-324,0,2762
2025/07/06,04:30,2788,0,11,1646,111,143,0,611,1,161,0,83,0,398,0,20,-4,-393,0,2788
2025/07/06,05:00,2809,0,11,1637,139,143,0,613,1,160,0,192,0,400,0,19,-4,-502,0,2809
2025/07/06,05:30,2767,0,11,1555,117,143,0,618,1,161,0,313,0,406,0,16,-6,-568,0,2767
2025/07/06,06:00,2795,0,11,1546,111,143,0,555,1,161,0,424,0,393,0,27,-4,-573,0,2795
2025/07/06,06:30,2783,0,11,1488,111,143,0,546,1,161,0,546,0,342,0,22,-4,-584,0,2783
2025/07/06,07:00,2833,0,11,1389,116,143,0,543,1,160,0,700,0,346,0,19,-4,-591,0,2833
2025/07/06,07:30,2919,0,11,1270,145,142,0,525,1,160,0,882,0,360,0,24,-4,-597,0,2919
2025/07/06,08:00,3008,0,11,1098,218,143,0,512,1,160,0,1069,0,364,0,19,-5,-582,0,3008
2025/07/06,08:30,3140,0,11,1111,161,143,0,505,1,160,0,1226,0,374,0,6,-11,-547,0,3140
2025/07/06,09:00,3301,0,11,1056,111,143,0,486,1,160,0,1390,0,409,0,-46,-3,-417,0,3301
2025/07/06,09:30,3369,0,11,1084,124,143,0,479,1,158,0,1513,0,419,0,-236,-7,-320,0,3369
2025/07/06,10:00,3431,0,11,1175,118,143,0,475,1,159,0,1625,0,450,0,-445,-5,-276,0,3431
2025/07/06,10:30,3499,0,11,1156,155,144,0,474,1,159,0,1678,0,459,0,-460,-4,-274,0,3499
2025/07/06,11:00,3635,0,11,1287,160,143,0,473,1,159,0,1665,0,420,0,-438,-3,-243,0,3635
2025/07/06,11:30,3735,0,10,1370,172,143,0,473,1,158,0,1595,0,430,0,-464,-5,-148,0,3735
2025/07/06,12:00,3651,0,11,1284,174,143,0,473,1,159,0,1434,0,442,0,-455,-3,-12,0,3651
2025/07/06,12:30,3531,0,11,1356,159,143,0,473,1,158,0,1270,0,436,0,-462,-4,-10,0,3531
2025/07/06,13:00,3507,0,11,1469,165,143,0,484,1,159,0,1169,0,428,0,-459,-3,-60,0,3507
2025/07/06,13:30,3527,0,11,1571,211,143,0,485,1,158,0,1046,0,456,0,-460,-6,-89,0,3527
2025/07/06,14:00,3390,0,11,1438,213,143,0,547,1,158,0,969,0,459,0,-442,-4,-103,0,3390
2025/07/06,14:30,3330,0,11,1270,191,143,0,558,1,158,0,857,0,472,0,-247,-4,-80,0,3330
2025/07/06,15:00,3370,0,11,1190,159,144,0,620,1,158,0,826,0,484,0,-14,-5,-204,0,3370
2025/07/06,15:30,3422,0,11,1423,184,144,0,649,1,158,0,751,0,444,0,27,-4,-366,0,3422
2025/07/06,16:00,3442,0,43,1550,220,143,0,687,1,158,0,593,0,437,0,41,-4,-427,0,3442
2025/07/06,16:30,3510,0,48,1493,213,144,0,732,1,158,0,469,0,446,0,126,-4,-316,0,3510
2025/07/06,17:00,3537,0,48,1639,237,146,0,764,1,159,0,316,0,445,0,123,-5,-336,0,3537
2025/07/06,17:30,3533,0,48,1749,342,144,0,788,1,159,0,146,0,436,0,120,-5,-395,0,3533
2025/07/06,18:00,3505,0,59,1751,368,144,0,820,1,159,0,45,0,428,0,118,-5,-383,0,3505
2025/07/06,18:30,3497,0,61,1744,323,143,0,792,1,159,0,6,0,435,0,121,-5,-283,0,3497
2025/07/06,19:00,3504,0,61,1748,297,144,0,775,1,159,0,0,0,469,0,119,-7,-262,0,3504
2025/07/06,19:30,3492,0,60,1748,289,142,0,776,1,159,0,0,0,447,0,117,-6,-241,0,3492
2025/07/06,20:00,3407,0,60,1742,261,143,0,776,1,160,0,0,0,474,0,114,-6,-318,0,3407
2025/07/06,20:30,3339,0,60,1744,213,142,0,753,1,159,0,0,0,470,0,122,-5,-320,0,3339
2025/07/06,21:00,3214,0,60,1712,149,142,0,683,1,160,0,0,0,468,0,138,-3,-296,0,3214
2025/07/06,21:30,3098,0,61,1650,190,143,0,635,1,161,0,0,0,434,0,140,-4,-313,0,3098
2025/07/06,22:00,3009,0,15,1701,197,143,0,616,1,160,0,0,0,433,0,118,-4,-371,0,3009
2025/07/06,22:30,2915,0,11,1718,189,142,0,603,1,161,0,0,0,442,0,97,-4,-445,0,2915
2025/07/06,23:00,2855,0,11,1742,141,143,0,566,1,161,0,0,0,426,0,21,-3,-354,0,2855
2025/07/06,23:30,2759,0,11,1734,123,143,0,553,1,161,0,0,0,431,0,19,-4,-413,0,2759
2025/07/07,00:00,2662,0,11,1689,124,143,0,543,1,162,0,0,0,389,0,19,-5,-414,0,2662
2025/07/07,00:30,2644,0,11,1705,119,143,0,534,1,161,0,0,0,400,0,22,-4,-448,0,2644
2025/07/07,01:00,2612,0,11,1663,111,143,0,542,1,161,0,0,0,428,0,21,-5,-464,0,2612
2025/07/07,01:30,2580,0,11,1546,111,143,0,551,1,161,0,0,0,425,0,22,-4,-387,0,2580
2025/07/07,02:00,2606,0,11,1528,111,143,0,568,1,161,0,0,0,403,0,21,-5,-336,0,2606
2025/07/07,02:30,2670,0,11,1561,122,143,0,570,1,162,0,0,0,383,0,21,-25,-279,0,2670
2025/07/07,03:00,2767,0,11,1555,156,143,0,611,1,161,0,0,0,359,0,3,9,-242,0,2767
2025/07/07,03:30,2807,0,11,1563,148,143,0,622,1,162,0,0,0,396,0,0,11,-250,0,2807
2025/07/07,04:00,2817,0,11,1569,123,143,0,613,1,162,0,12,0,404,0,0,-1,-220,0,2817
2025/07/07,04:30,2851,0,11,1569,152,143,0,592,1,162,0,88,0,381,0,0,10,-258,0,2851
2025/07/07,05:00,2925,0,11,1583,225,143,0,552,1,161,0,215,0,350,0,0,3,-319,0,2925
2025/07/07,05:30,2891,0,11,1570,243,143,0,555,1,161,0,364,0,321,0,0,-5,-473,0,2891
2025/07/07,06:00,2987,0,11,1587,317,143,0,545,1,161,0,542,0,286,0,0,-37,-569,0,2987
2025/07/07,06:30,3097,0,11,1567,323,143,0,537,1,160,0,751,0,229,0,0,-37,-588,0,3097
2025/07/07,07:00,3276,0,11,1581,348,142,0,536,1,160,0,956,0,172,0,0,-5,-626,0,3276
2025/07/07,07:30,3504,0,11,1585,385,142,0,516,1,159,0,1160,0,165,0,0,-7,-613,0,3504
2025/07/07,08:00,3764,0,11,1594,338,142,0,517,1,160,0,1374,0,175,0,0,-5,-543,0,3764
2025/07/07,08:30,3998,0,11,1598,289,142,0,490,1,159,0,1567,0,170,0,0,-6,-423,0,3998
2025/07/07,09:00,4163,0,11,1553,247,141,0,489,1,158,0,1725,0,171,0,0,10,-343,0,4163
2025/07/07,09:30,4281,0,11,1566,235,141,0,481,1,156,0,1827,0,163,0,0,12,-312,0,4281
2025/07/07,10:00,4364,0,11,1606,277,141,0,417,1,156,0,1931,0,112,0,0,11,-299,0,4364
2025/07/07,10:30,4440,0,11,1610,304,141,0,411,1,155,0,1972,0,92,0,0,11,-268,0,4440
2025/07/07,11:00,4516,0,11,1617,417,141,0,430,1,157,0,1984,0,102,0,0,6,-350,0,4516
2025/07/07,11:30,4444,0,11,1611,370,141,0,437,1,156,0,1950,0,112,0,0,4,-349,0,4444
2025/07/07,12:00,4260,0,11,1580,269,141,0,462,1,156,0,1929,0,103,0,-105,-9,-278,0,4260
2025/07/07,12:30,4198,0,11,1584,224,141,0,490,1,156,0,1861,0,103,0,-230,-8,-135,0,4198
2025/07/07,13:00,4293,0,11,1567,216,141,0,546,1,155,0,1798,0,103,0,-230,-9,-6,0,4293
2025/07/07,13:30,4291,0,11,1688,218,141,0,586,1,154,0,1690,0,123,0,-230,-7,-84,0,4291
2025/07/07,14:00,4270,0,53,1705,270,141,0,529,1,155,0,1543,0,155,0,-149,-6,-127,0,4270
2025/07/07,14:30,4212,0,61,1678,364,141,0,531,1,156,0,1350,0,166,0,-36,-6,-194,0,4212
2025/07/07,15:00,4158,0,61,1690,308,141,0,593,1,155,0,1157,0,178,0,109,-6,-229,0,4158
2025/07/07,15:30,4230,0,61,1696,358,141,0,684,1,156,0,976,0,178,0,193,-6,-208,0,4230
2025/07/07,16:00,4275,0,62,1733,507,141,0,752,1,156,0,778,0,185,0,206,-5,-241,0,4275
2025/07/07,16:30,4297,0,62,1746,537,143,0,828,1,159,0,598,0,188,0,217,-5,-177,0,4297
2025/07/07,17:00,4203,0,62,1745,653,142,0,838,1,176,0,376,0,187,0,226,-5,-198,0,4203
2025/07/07,17:30,4099,0,62,1748,727,143,0,840,1,182,0,162,0,185,0,222,-5,-168,0,4099
2025/07/07,18:00,3990,0,62,1749,690,143,0,845,1,182,0,49,0,188,0,213,-7,-125,0,3990
2025/07/07,18:30,3920,0,62,1748,587,143,0,846,1,184,0,8,0,191,0,212,-6,-56,0,3920
2025/07/07,19:00,3875,0,62,1751,545,143,0,846,1,183,0,0,0,192,0,211,-8,-51,0,3875
2025/07/07,19:30,3833,0,62,1751,588,142,0,846,1,182,0,0,0,201,0,209,-28,-121,0,3833
2025/07/07,20:00,3704,0,62,1749,484,142,0,845,1,189,0,0,0,207,0,205,-53,-127,0,3704
2025/07/07,20:30,3576,0,62,1750,413,142,0,718,1,209,0,0,0,206,0,158,-51,-32,0,3576
2025/07/07,21:00,3416,0,62,1750,317,142,0,654,1,223,0,0,0,218,0,116,1,-68,0,3416
2025/07/07,21:30,3278,0,62,1750,222,142,0,599,1,225,0,0,0,214,0,115,0,-52,0,3278
2025/07/07,22:00,3159,0,15,1748,206,142,0,564,1,225,0,0,0,212,0,116,0,-70,0,3159
2025/07/07,22:30,3041,0,11,1749,217,144,0,535,1,225,0,0,0,225,0,23,-1,-88,0,3041
2025/07/07,23:00,2961,0,11,1752,133,145,0,512,1,226,0,0,0,272,0,17,-1,-107,0,2961
2025/07/07,23:30,2867,0,11,1718,131,145,0,511,1,226,0,0,0,346,0,18,0,-240,0,2867
2025/07/08,00:00,2769,0,11,1710,107,142,0,511,1,227,0,0,0,362,0,20,17,-339,0,2769
2025/07/08,00:30,2715,0,11,1743,154,142,0,507,1,227,0,0,0,333,0,29,-1,-431,0,2715
2025/07/08,01:00,2636,0,11,1728,109,142,0,516,1,227,0,0,0,246,0,24,-2,-366,0,2636
2025/07/08,01:30,2634,0,11,1748,118,142,0,534,1,228,0,0,0,165,0,22,-2,-333,0,2634
2025/07/08,02:00,2646,0,11,1712,106,142,0,584,1,228,0,0,0,121,0,22,1,-282,0,2646
2025/07/08,02:30,2702,0,11,1734,169,142,0,592,1,228,0,0,0,105,0,32,-39,-273,0,2702
2025/07/08,03:00,2739,0,11,1705,129,142,0,643,1,228,0,0,0,87,0,20,-3,-224,0,2739
2025/07/08,03:30,2781,0,11,1690,123,143,0,646,1,228,0,0,0,84,0,13,-1,-157,0,2781
2025/07/08,04:00,2805,0,11,1705,186,142,0,600,1,229,0,12,0,85,0,0,-2,-164,0,2805
2025/07/08,04:30,2819,0,11,1678,218,142,0,592,1,229,0,102,0,89,0,0,-1,-242,0,2819
2025/07/08,05:00,2931,0,11,1694,228,142,0,573,1,229,0,258,0,85,0,0,0,-290,0,2931
2025/07/08,05:30,2919,0,11,1680,194,143,0,554,1,229,0,444,0,63,0,0,-3,-397,0,2919
2025/07/08,06:00,3030,0,11,1656,188,143,0,535,1,229,0,635,0,57,0,0,-3,-422,0,3030
2025/07/08,06:30,3122,0,11,1630,160,143,0,533,1,229,0,878,0,47,0,0,-4,-506,0,3122
2025/07/08,07:00,3223,0,11,1628,145,142,0,559,1,229,0,1058,0,39,0,2,18,-609,0,3223
2025/07/08,07:30,3447,0,11,1684,151,142,0,554,1,229,0,1253,0,39,0,23,-36,-604,0,3447
2025/07/08,08:00,3646,0,11,1700,184,142,0,476,1,228,0,1458,0,46,0,27,-4,-623,0,3646
2025/07/08,08:30,3888,0,11,1718,261,142,0,445,1,227,0,1656,0,51,0,22,-6,-640,0,3888
2025/07/08,09:00,4065,0,11,1731,204,141,0,444,1,228,0,1825,0,68,0,21,-6,-603,0,4065
2025/07/08,09:30,4149,0,11,1728,165,141,0,437,1,226,0,1934,0,84,0,20,-5,-593,0,4149
2025/07/08,10:00,4144,0,11,1643,161,142,0,390,1,227,0,2015,0,95,0,25,-6,-560,0,4144
2025/07/08,10:30,4200,0,11,1607,161,142,0,389,1,229,0,2046,0,86,0,23,-5,-490,0,4200
2025/07/08,11:00,4243,0,11,1692,172,142,0,389,1,196,0,2065,0,66,0,28,-5,-514,0,4243
2025/07/08,11:30,4201,0,11,1670,223,142,0,388,1,201,0,2044,0,62,0,12,-4,-549,0,4201
2025/07/08,12:00,4070,0,11,1586,173,143,0,384,1,206,0,2021,0,66,0,-108,-5,-408,0,4070
2025/07/08,12:30,4028,0,11,1706,161,142,0,403,1,206,0,1958,0,71,0,-230,-5,-396,0,4028
2025/07/08,13:00,4101,0,11,1677,161,142,0,462,1,195,0,1881,0,73,0,-230,-6,-266,0,4101
2025/07/08,13:30,4081,0,11,1722,161,142,0,516,1,185,0,1755,0,65,0,-228,-5,-244,0,4081
2025/07/08,14:00,4025,0,44,1653,168,142,0,515,1,198,0,1596,0,89,0,-152,-7,-222,0,4025
2025/07/08,14:30,3989,0,49,1732,177,139,0,522,1,219,0,1394,0,82,0,-69,-2,-255,0,3989
2025/07/08,15:00,3929,0,49,1700,164,110,0,557,1,225,0,1192,0,57,0,96,-5,-217,0,3929
2025/07/08,15:30,3981,0,49,1725,262,93,0,599,1,230,0,1003,0,43,0,172,-6,-190,0,3981
2025/07/08,16:00,4025,0,59,1745,376,117,0,668,1,234,0,800,0,48,0,213,-4,-232,0,4025
2025/07/08,16:30,4053,0,62,1760,440,142,0,763,1,239,0,618,0,55,0,224,-4,-247,0,4053
2025/07/08,17:00,3980,0,61,1761,511,143,0,774,1,243,0,395,0,58,0,223,-4,-186,0,3980
2025/07/08,17:30,3870,0,61,1753,551,143,0,779,1,244,0,172,0,61,0,216,-6,-105,0,3870
2025/07/08,18:00,3753,0,61,1746,557,145,0,807,1,245,0,49,0,56,0,214,-5,-123,0,3753
2025/07/08,18:30,3697,0,61,1752,511,145,0,810,1,245,0,8,0,53,0,211,34,-134,0,3697
2025/07/08,19:00,3648,0,62,1750,523,145,0,817,1,245,0,0,0,50,0,216,-6,-155,0,3648
2025/07/08,19:30,3602,0,62,1754,477,143,0,793,1,244,0,0,0,33,0,219,-7,-117,0,3602
2025/07/08,20:00,3473,0,62,1745,440,143,0,752,1,244,0,0,0,37,0,257,-24,-184,0,3473
2025/07/08,20:30,3347,0,62,1741,372,144,0,705,1,260,0,0,0,32,0,176,-51,-95,0,3347
2025/07/08,21:00,3203,0,62,1746,301,142,0,625,1,268,0,0,0,28,0,111,-4,-77,0,3203
2025/07/08,21:30,3075,0,62,1687,185,142,0,598,1,271,0,0,0,28,0,109,-5,-3,0,3075
2025/07/08,22:00,3011,0,49,1660,199,144,0,581,1,278,0,0,0,23,0,105,-5,-24,0,3011
2025/07/08,22:30,2907,0,49,1658,209,142,0,551,1,288,0,0,0,19,0,95,-5,-100,0,2907
2025/07/08,23:00,2838,0,49,1655,190,142,0,529,1,290,0,0,0,40,0,95,-4,-149,0,2838
2025/07/08,23:30,2738,0,49,1641,177,142,0,508,1,290,0,0,0,88,0,95,-4,-249,0,2738
2025/07/09,00:00,2649,0,15,1634,200,143,0,492,1,290,0,0,0,76,0,84,16,-302,0,2649
2025/07/09,00:30,2543,0,11,1646,202,143,0,485,1,290,0,0,0,56,0,4,-2,-293,0,2543
2025/07/09,01:00,2499,0,11,1656,114,143,0,488,1,290,0,0,0,63,0,0,-2,-265,0,2499
2025/07/09,01:30,2507,0,11,1666,118,142,0,497,1,290,0,0,0,55,0,0,-5,-268,0,2507
2025/07/09,02:00,2528,0,11,1629,113,142,0,558,1,292,0,0,0,47,0,0,-5,-260,0,2528
2025/07/09,02:30,2614,0,11,1662,170,143,0,568,1,292,0,0,0,61,0,0,-41,-253,0,2614
2025/07/09,03:00,2677,0,11,1664,204,143,0,578,1,292,0,0,0,83,0,0,-4,-295,0,2677
2025/07/09,03:30,2741,0,11,1670,229,143,0,578,1,292,0,0,0,51,0,0,-3,-231,0,2741
2025/07/09,04:00,2722,0,11,1665,180,143,0,531,1,291,0,8,0,57,0,0,-4,-161,0,2722
2025/07/09,04:30,2766,0,11,1672,174,143,0,520,1,291,0,88,0,80,0,0,-4,-210,0,2766
2025/07/09,05:00,2821,0,11,1664,224,143,0,521,1,292,0,219,0,84,0,0,-3,-335,0,2821
2025/07/09,05:30,2811,0,11,1653,191,143,0,483,1,291,0,383,0,85,0,0,-3,-427,0,2811
2025/07/09,06:00,2878,0,11,1631,171,142,0,463,1,292,0,573,0,83,0,0,14,-503,0,2878
2025/07/09,06:30,2914,0,11,1613,191,143,0,458,1,292,0,780,0,56,0,0,-37,-594,0,2914
2025/07/09,07:00,3016,0,11,1585,141,142,0,456,1,291,0,983,0,37,0,0,-6,-625,0,3016
2025/07/09,07:30,3216,0,11,1600,111,142,0,431,1,290,0,1216,0,40,0,0,-5,-621,0,3216
2025/07/09,08:00,3445,0,11,1600,145,142,0,434,1,290,0,1438,0,40,0,0,-5,-651,0,3445
2025/07/09,08:30,3669,0,11,1595,190,142,0,427,1,289,0,1640,0,39,0,0,-6,-659,0,3669
2025/07/09,09:00,3835,0,11,1595,224,142,0,399,1,288,0,1811,0,38,0,0,-3,-671,0,3835
2025/07/09,09:30,3935,0,11,1594,223,141,0,383,1,288,0,1915,0,41,0,0,-5,-657,0,3935
2025/07/09,10:00,3983,0,11,1599,215,141,0,383,1,288,0,1991,0,31,0,0,-5,-672,0,3983
2025/07/09,10:30,4033,0,11,1596,166,142,0,383,1,290,0,2022,0,62,0,0,-3,-637,0,4033
2025/07/09,11:00,4058,0,11,1582,133,140,0,383,1,289,0,2040,0,63,0,0,-5,-579,0,4058
2025/07/09,11:30,4046,0,11,1576,177,139,0,382,1,289,0,2024,0,61,0,0,-3,-611,0,4046
2025/07/09,12:00,3891,0,11,1549,128,141,0,382,1,289,0,1992,0,63,0,-154,-5,-506,0,3891
2025/07/09,12:30,3875,0,11,1697,145,142,0,391,1,291,0,1913,0,65,0,-227,-5,-549,0,3875
2025/07/09,13:00,3949,0,11,1717,125,142,0,460,1,284,0,1842,0,67,0,-227,-5,-468,0,3949
2025/07/09,13:30,3939,0,11,1740,149,141,0,497,1,269,0,1709,0,60,0,-228,-6,-404,0,3939
2025/07/09,14:00,3893,0,53,1720,182,142,0,495,1,279,0,1549,0,66,0,-220,-5,-369,0,3893
2025/07/09,14:30,3861,0,61,1677,125,142,0,553,1,293,0,1344,0,77,0,0,7,-419,0,3861
2025/07/09,15:00,3765,0,60,1696,124,142,0,605,1,293,0,1127,0,104,0,29,9,-425,0,3765
2025/07/09,15:30,3829,0,60,1698,114,142,0,679,1,290,0,926,0,106,0,99,-12,-274,0,3829
2025/07/09,16:00,3844,0,60,1739,214,142,0,739,1,290,0,693,0,103,0,133,-6,-264,0,3844
2025/07/09,16:30,3834,0,60,1747,306,143,0,762,1,290,0,526,0,115,0,118,-7,-227,0,3834
2025/07/09,17:00,3735,0,60,1746,273,143,0,770,1,290,0,345,0,118,0,177,-10,-178,0,3735
2025/07/09,17:30,3613,0,59,1744,247,144,0,775,1,291,0,160,0,133,0,209,-11,-139,0,3613
2025/07/09,18:00,3524,0,59,1746,175,145,0,777,1,292,0,54,0,141,0,207,-8,-65,0,3524
2025/07/09,18:30,3462,0,59,1747,183,150,0,780,1,291,0,11,0,156,0,209,41,-166,0,3462
2025/07/09,19:00,3468,0,60,1749,228,154,0,748,1,292,0,0,0,146,0,220,25,-155,0,3468
2025/07/09,19:30,3440,0,60,1748,280,154,0,706,1,291,0,0,0,155,0,210,-13,-152,0,3440
2025/07/09,20:00,3335,0,61,1744,285,146,0,699,1,292,0,0,0,146,0,208,-52,-195,0,3335
2025/07/09,20:30,3227,0,61,1745,250,143,0,638,1,290,0,0,0,155,0,211,-51,-216,0,3227
2025/07/09,21:00,3104,0,61,1739,173,144,0,599,1,291,0,0,0,166,0,180,-4,-246,0,3104
2025/07/09,21:30,2992,0,61,1695,113,144,0,563,1,291,0,0,0,176,0,115,-5,-162,0,2992
2025/07/09,22:00,2969,0,61,1727,177,144,0,558,1,291,0,0,0,181,0,111,-5,-277,0,2969
2025/07/09,22:30,2893,0,62,1743,194,144,0,537,1,291,0,0,0,182,0,118,-3,-376,0,2893
2025/07/09,23:00,2802,0,48,1745,192,143,0,512,1,292,0,0,0,240,0,104,-4,-471,0,2802
2025/07/09,23:30,2712,0,48,1684,124,142,0,488,1,291,0,0,0,324,0,111,-6,-495,0,2712
2025/07/10,00:00,2685,0,14,1656,179,145,0,475,1,292,0,0,0,353,0,95,-2,-523,0,2685
2025/07/10,00:30,2613,0,11,1643,160,145,0,477,1,292,0,0,0,365,0,90,-5,-566,0,2613
2025/07/10,01:00,2559,0,11,1558,114,143,0,493,1,291,0,0,0,382,0,78,-12,-500,0,2559
2025/07/10,01:30,2553,0,11,1525,111,143,0,502,1,292,0,0,0,387,0,78,-5,-492,0,2553
2025/07/10,02:00,2559,0,11,1610,114,143,0,503,1,290,0,0,0,329,0,78,-4,-516,0,2559
2025/07/10,02:30,2629,0,11,1675,178,143,0,504,1,291,0,0,0,270,0,72,-7,-509,0,2629
2025/07/10,03:00,2681,0,11,1647,158,143,0,559,1,291,0,0,0,254,0,58,5,-446,0,2681
2025/07/10,03:30,2739,0,11,1710,121,143,0,559,1,292,0,0,0,295,0,0,-4,-389,0,2739
2025/07/10,04:00,2727,0,11,1657,112,143,0,560,1,292,0,8,0,297,0,0,-3,-351,0,2727
2025/07/10,04:30,2771,0,11,1677,111,143,0,504,1,292,0,87,0,303,0,0,-5,-353,0,2771
2025/07/10,05:00,2828,0,11,1708,153,143,0,500,1,292,0,191,0,257,0,0,13,-441,0,2828
2025/07/10,05:30,2814,0,11,1623,161,143,0,498,1,292,0,338,0,255,0,0,5,-513,0,2814
2025/07/10,06:00,2813,0,11,1565,116,143,0,430,1,293,0,449,0,280,0,0,-5,-470,0,2813
2025/07/10,06:30,2843,0,11,1516,111,143,0,427,1,292,0,591,0,289,0,0,-5,-533,0,2843
2025/07/10,07:00,2934,0,11,1553,112,142,0,423,1,292,0,734,0,278,0,0,-11,-601,0,2934
2025/07/10,07:30,3108,0,11,1601,112,143,0,416,1,290,0,910,0,280,0,0,-42,-614,0,3108
2025/07/10,08:00,3363,0,11,1627,135,143,0,423,1,291,0,1085,0,304,0,0,-6,-651,0,3363
2025/07/10,08:30,3571,0,11,1633,178,143,0,424,1,291,0,1224,0,322,0,0,-7,-649,0,3571
2025/07/10,09:00,3718,0,11,1629,189,142,0,442,1,289,0,1333,0,329,0,17,-3,-661,0,3718
2025/07/10,09:30,3780,0,11,1644,127,142,0,434,1,289,0,1409,0,336,0,22,-4,-631,0,3780
2025/07/10,10:00,3767,0,11,1537,121,141,0,435,1,289,0,1469,0,362,0,21,-3,-617,0,3767
2025/07/10,10:30,3825,0,11,1540,126,141,0,434,1,289,0,1525,0,381,0,21,-3,-641,0,3825
2025/07/10,11:00,3923,0,11,1629,133,141,0,434,1,290,0,1589,0,336,0,27,-4,-664,0,3923
2025/07/10,11:30,3857,0,11,1628,168,141,0,418,1,290,0,1509,0,339,0,27,-3,-672,0,3857
2025/07/10,12:00,3650,0,11,1507,134,142,0,421,1,291,0,1430,0,335,0,-14,-5,-603,0,3650
2025/07/10,12:30,3570,0,11,1513,122,141,0,436,1,291,0,1376,0,345,0,-203,-4,-459,0,3570
2025/07/10,13:00,3680,0,11,1603,138,142,0,482,1,281,0,1280,0,340,0,-204,-1,-393,0,3680
2025/07/10,13:30,3684,0,11,1561,145,141,0,507,1,269,0,1194,0,383,0,-67,-4,-457,0,3684
2025/07/10,14:00,3679,0,11,1631,188,142,0,493,1,280,0,1054,0,394,0,0,-2,-513,0,3679
2025/07/10,14:30,3631,0,11,1651,171,142,0,559,1,291,0,881,0,397,0,0,-4,-469,0,3631
2025/07/10,15:00,3590,0,11,1673,143,142,0,609,1,291,0,750,0,396,0,17,-7,-436,0,3590
2025/07/10,15:30,3632,0,11,1730,173,142,0,649,1,290,0,613,0,361,0,23,-6,-355,0,3632
2025/07/10,16:00,3638,0,53,1656,147,142,0,747,1,291,0,480,0,369,0,57,-13,-292,0,3638
2025/07/10,16:30,3612,0,61,1532,160,143,0,781,1,291,0,365,0,386,0,130,-6,-232,0,3612
2025/07/10,17:00,3533,0,61,1671,165,143,0,766,1,291,0,230,0,400,0,127,-5,-317,0,3533
2025/07/10,17:30,3465,0,61,1706,153,143,0,751,1,291,0,115,0,415,0,212,-5,-378,0,3465
2025/07/10,18:00,3394,0,61,1678,125,143,0,739,1,291,0,40,0,427,0,210,24,-345,0,3394
2025/07/10,18:30,3366,0,61,1652,125,144,0,730,1,292,0,7,0,448,0,214,-6,-302,0,3366
2025/07/10,19:00,3370,0,61,1693,128,145,0,727,1,291,0,0,0,442,0,218,-3,-333,0,3370
2025/07/10,19:30,3340,0,61,1713,138,152,0,677,1,291,0,0,0,466,0,211,-7,-363,0,3340
2025/07/10,20:00,3220,0,15,1706,129,155,0,670,1,291,0,0,0,480,0,116,-7,-336,0,3220
2025/07/10,20:30,3124,0,11,1718,154,163,0,610,1,292,0,0,0,459,0,125,-50,-359,0,3124
2025/07/10,21:00,3014,0,11,1731,165,169,0,524,1,292,0,0,0,453,0,121,-3,-450,0,3014
2025/07/10,21:30,2924,0,11,1745,157,170,0,504,1,291,0,0,0,461,0,113,-5,-524,0,2924
2025/07/10,22:00,2859,0,11,1695,121,169,0,500,1,291,0,0,0,452,0,115,-3,-493,0,2859
2025/07/10,22:30,2785,0,11,1675,118,169,0,499,1,292,0,0,0,455,0,83,-6,-512,0,2785
2025/07/10,23:00,2716,0,11,1625,119,168,0,499,1,291,0,0,0,488,0,16,-5,-497,0,2716
2025/07/10,23:30,2666,0,11,1652,119,169,0,498,1,291,0,0,0,468,0,29,-3,-569,0,2666
2025/07/11,00:00,2575,0,11,1643,117,168,0,445,1,282,0,0,0,444,0,24,-4,-556,0,2575
2025/07/11,00:30,2539,0,11,1636,116,168,0,464,1,282,0,0,0,417,0,20,-6,-570,0,2539
2025/07/11,01:00,2473,0,11,1591,117,168,0,460,1,282,0,0,0,390,0,23,-14,-556,0,2473
2025/07/11,01:30,2481,0,11,1593,117,166,0,475,1,282,0,0,0,385,0,20,-4,-565,0,2481
2025/07/11,02:00,2507,0,11,1534,117,168,0,486,1,282,0,0,0,390,0,23,-5,-500,0,2507
2025/07/11,02:30,2597,0,11,1544,117,168,0,532,1,283,0,0,0,367,0,26,-4,-448,0,2597
2025/07/11,03:00,2659,0,11,1535,117,168,0,583,1,283,0,0,0,369,0,20,-4,-424,0,2659
2025/07/11,03:30,2723,0,11,1547,119,168,0,587,1,284,0,0,0,359,0,22,-4,-371,0,2723
2025/07/11,04:00,2698,0,11,1551,118,168,0,567,1,283,0,6,0,342,0,22,-3,-368,0,2698
2025/07/11,04:30,2774,0,11,1616,147,168,0,551,1,284,0,75,0,322,0,24,-4,-421,0,2774
2025/07/11,05:00,2820,0,11,1637,193,168,0,549,1,283,0,159,0,303,0,22,-2,-504,0,2820
2025/07/11,05:30,2806,0,11,1606,161,168,0,499,1,284,0,241,0,310,0,19,-5,-489,0,2806
2025/07/11,06:00,2782,0,11,1551,119,168,0,429,1,284,0,291,0,308,0,21,-5,-396,0,2782
2025/07/11,06:30,2794,0,11,1476,119,168,0,405,1,283,0,327,0,331,0,19,-6,-340,0,2794
2025/07/11,07:00,2877,0,11,1558,130,168,0,356,1,283,0,391,0,349,0,24,15,-409,0,2877
2025/07/11,07:30,3055,0,11,1623,141,169,0,354,1,283,0,486,0,348,0,22,-37,-346,0,3055
2025/07/11,08:00,3280,0,11,1601,128,168,0,396,1,282,0,601,0,353,0,29,-5,-285,0,3280
2025/07/11,08:30,3456,0,11,1629,129,156,0,400,1,282,0,731,0,354,0,17,-4,-250,0,3456
2025/07/11,09:00,3478,0,11,1622,137,142,0,406,1,282,0,792,0,341,0,19,-3,-272,0,3478
2025/07/11,09:30,3502,0,11,1595,115,142,0,406,1,278,0,840,0,330,0,24,-4,-236,0,3502
2025/07/11,10:00,3491,0,11,1585,114,141,0,399,1,276,0,923,0,279,0,21,-4,-255,0,3491
2025/07/11,10:30,3523,0,11,1625,196,141,0,383,1,276,0,1003,0,245,0,26,-4,-380,0,3523
2025/07/11,11:00,3428,0,11,1604,152,142,0,373,1,276,0,946,0,245,0,21,-3,-340,0,3428
2025/07/11,11:30,3414,0,11,1558,114,151,0,371,1,276,0,1002,0,226,0,18,-4,-310,0,3414
2025/07/11,12:00,3287,0,11,1479,114,155,0,372,1,276,0,1011,0,224,0,6,-4,-358,0,3287
2025/07/11,12:30,3319,0,11,1353,114,165,0,415,1,276,0,1027,0,233,0,0,-5,-271,0,3319
2025/07/11,13:00,3439,0,11,1493,139,186,0,427,1,265,0,1022,0,234,0,0,-4,-335,0,3439
2025/07/11,13:30,3361,0,11,1451,119,194,0,427,1,255,0,965,0,215,0,0,-5,-272,0,3361
2025/07/11,14:00,3342,0,10,1422,115,213,0,390,1,262,0,929,0,234,0,0,-5,-229,0,3342
2025/07/11,14:30,3394,0,10,1575,146,216,0,456,1,278,0,847,0,224,0,0,-5,-354,0,3394
2025/07/11,15:00,3340,0,11,1623,250,203,0,526,1,280,0,731,0,198,0,12,-5,-490,0,3340
2025/07/11,15:30,3388,0,10,1709,222,190,0,577,1,282,0,627,0,204,0,44,-4,-474,0,3388
2025/07/11,16:00,3415,0,43,1625,118,191,0,672,1,282,0,503,0,217,0,65,-3,-299,0,3415
2025/07/11,16:30,3409,0,48,1650,133,191,0,706,1,283,0,385,0,231,0,115,-5,-329,0,3409
2025/07/11,17:00,3367,0,48,1723,130,187,0,704,1,284,0,246,0,240,0,150,-4,-342,0,3367
2025/07/11,17:30,3283,0,48,1723,143,174,0,708,1,284,0,121,0,254,0,182,-6,-349,0,3283
2025/07/11,18:00,3201,0,58,1641,113,167,0,715,1,284,0,39,0,269,0,214,-4,-296,0,3201
2025/07/11,18:30,3197,0,60,1630,114,167,0,717,1,284,0,5,0,287,0,212,21,-301,0,3197
2025/07/11,19:00,3214,0,60,1719,114,167,0,711,1,284,0,0,0,296,0,212,-6,-344,0,3214
2025/07/11,19:30,3188,0,60,1735,120,166,0,700,1,284,0,0,0,281,0,215,-4,-370,0,3188
2025/07/11,20:00,3106,0,14,1730,152,179,0,641,1,284,0,0,0,280,0,212,-7,-380,0,3106
2025/07/11,20:30,3008,0,10,1726,166,205,0,569,1,284,0,0,0,289,0,210,-49,-403,0,3008
2025/07/11,21:00,2905,0,10,1728,114,218,0,529,1,283,0,0,0,291,0,88,-5,-352,0,2905
2025/07/11,21:30,2847,0,10,1725,137,218,0,511,1,284,0,0,0,289,0,88,-4,-412,0,2847
2025/07/11,22:00,2751,0,10,1703,111,219,0,503,1,283,0,0,0,282,0,100,-4,-457,0,2751
2025/07/11,22:30,2691,0,10,1667,111,218,0,502,1,283,0,0,0,284,0,81,-5,-461,0,2691
2025/07/11,23:00,2658,0,11,1709,121,218,0,501,1,284,0,0,0,261,0,41,-6,-483,0,2658
2025/07/11,23:30,2550,0,10,1696,112,219,0,518,1,284,0,0,0,237,0,23,-2,-548,0,2550
2025/07/12,00:00,2521,0,10,1688,141,216,0,437,1,284,0,0,0,235,0,23,17,-531,0,2521
2025/07/12,00:30,2437,0,10,1645,133,216,0,430,1,285,0,0,0,232,0,28,-1,-542,0,2437
2025/07/12,01:00,2395,0,10,1609,111,216,0,435,1,284,0,0,0,218,0,27,-3,-513,0,2395
2025/07/12,01:30,2395,0,11,1567,111,216,0,434,1,284,0,0,0,213,0,23,-4,-461,0,2395
2025/07/12,02:00,2426,0,10,1570,111,216,0,471,1,285,0,0,0,200,0,20,-4,-454,0,2426
2025/07/12,02:30,2456,0,10,1549,111,216,0,491,1,285,0,0,0,203,0,20,-5,-425,0,2456
2025/07/12,03:00,2597,0,11,1579,115,216,0,505,1,284,0,0,0,181,0,28,-3,-320,0,2597
2025/07/12,03:30,2613,0,11,1615,129,216,0,522,1,285,0,0,0,168,0,16,-4,-346,0,2613
2025/07/12,04:00,2637,0,11,1612,130,216,0,529,1,284,0,6,0,186,0,22,-5,-355,0,2637
2025/07/12,04:30,2669,0,11,1612,174,216,0,457,1,285,0,85,0,199,0,20,-6,-385,0,2669
2025/07/12,05:00,2702,0,11,1570,197,216,0,410,1,284,0,204,0,211,0,17,-6,-413,0,2702
2025/07/12,05:30,2630,0,11,1324,117,216,0,405,1,284,0,330,0,208,0,19,-5,-280,0,2630
2025/07/12,06:00,2651,0,11,1257,113,203,0,377,1,285,0,431,0,235,0,20,-6,-276,0,2651
2025/07/12,06:30,2575,0,11,1209,116,177,0,377,1,285,0,520,0,247,0,18,-6,-380,0,2575
2025/07/12,07:00,2622,0,11,1171,125,169,0,376,1,285,0,620,0,286,0,22,-6,-438,0,2622
2025/07/12,07:30,2724,0,11,1106,127,170,0,395,1,285,0,780,0,316,0,17,-41,-443,0,2724
2025/07/12,08:00,2817,0,11,977,125,171,0,394,1,284,0,950,0,328,0,20,-5,-439,0,2817
2025/07/12,08:30,2947,0,11,1095,118,171,0,395,1,281,0,1101,0,331,0,25,-5,-577,0,2947
2025/07/12,09:00,3010,0,11,1089,114,171,0,390,1,283,0,1221,0,343,0,13,-5,-621,0,3010
2025/07/12,09:30,2992,0,10,897,114,171,0,385,1,283,0,1348,0,350,0,-94,-4,-469,0,2992
2025/07/12,10:00,2977,0,10,835,111,174,0,376,1,283,0,1465,0,332,0,-210,-3,-397,0,2977
2025/07/12,10:30,2949,0,10,857,94,173,0,376,1,283,0,1513,0,315,0,-222,-5,-446,0,2949
2025/07/12,11:00,3057,0,10,1010,61,171,0,377,1,284,0,1610,0,317,0,-230,-5,-549,0,3057
2025/07/12,11:30,3039,0,11,999,61,171,0,365,1,284,0,1633,0,301,0,-227,-3,-557,0,3039
2025/07/12,12:00,2961,0,11,867,61,171,0,358,1,285,0,1652,0,280,0,-263,-4,-458,0,2961
2025/07/12,12:30,2887,0,11,916,61,171,0,358,1,284,0,1677,0,269,0,-388,-4,-469,0,2887
2025/07/12,13:00,2907,0,11,1000,61,171,0,363,1,273,0,1659,0,265,0,-381,-4,-512,0,2907
2025/07/12,13:30,2889,0,11,1018,60,170,0,363,1,263,0,1612,0,239,0,-218,-4,-626,0,2889
2025/07/12,14:00,2856,0,11,1016,61,184,0,369,1,276,0,1561,0,214,0,-212,-6,-619,0,2856
2025/07/12,14:30,2852,0,11,1074,61,209,0,397,1,284,0,1409,0,197,0,-172,-4,-615,0,2852
2025/07/12,15:00,2835,0,11,1042,61,214,0,414,1,284,0,1211,0,204,0,13,-5,-615,0,2835
2025/07/12,15:30,2909,0,11,1268,61,216,0,441,1,284,0,1016,0,201,0,38,-4,-624,0,2909
2025/07/12,16:00,2960,0,11,1444,68,215,0,522,1,284,0,800,0,195,0,44,-5,-619,0,2960
2025/07/12,16:30,3040,0,11,1484,113,217,0,601,1,284,0,609,0,202,0,50,-5,-527,0,3040
2025/07/12,17:00,3051,0,11,1534,114,217,0,645,1,284,0,380,0,208,0,65,-5,-403,0,3051
2025/07/12,17:30,3033,0,10,1586,114,217,0,696,1,284,0,168,0,217,0,102,5,-367,0,3033
2025/07/12,18:00,2968,0,43,1515,114,217,0,721,1,284,0,50,0,233,0,175,-5,-380,0,2968
2025/07/12,18:30,2972,0,48,1431,97,219,0,736,1,284,0,7,0,255,0,257,-4,-359,0,2972
2025/07/12,19:00,3016,0,48,1597,61,220,0,728,1,285,0,0,0,283,0,272,1,-480,0,3016
2025/07/12,19:30,3030,0,49,1651,85,217,0,716,1,284,0,0,0,288,0,272,1,-534,0,3030
2025/07/12,20:00,2939,0,15,1648,109,217,0,714,1,284,0,0,0,276,0,274,1,-600,0,2939
2025/07/12,20:30,2859,0,11,1639,109,217,0,692,1,284,0,0,0,268,0,162,2,-526,0,2859
2025/07/12,21:00,2764,0,11,1603,109,218,0,627,1,284,0,0,0,267,0,150,41,-547,0,2764
2025/07/12,21:30,2672,0,11,1641,111,218,0,556,1,285,0,0,0,276,0,107,44,-578,0,2672
2025/07/12,22:00,2616,0,11,1658,119,218,0,476,1,284,0,0,0,278,0,111,3,-543,0,2616
2025/07/12,22:30,2530,0,11,1600,107,216,0,449,1,284,0,0,0,281,0,101,-2,-518,0,2530
2025/07/12,23:00,2517,0,11,1523,107,216,0,430,1,284,0,0,0,342,0,97,-3,-491,0,2517
2025/07/12,23:30,2483,0,11,1465,107,216,0,415,1,285,0,0,0,444,0,100,-3,-558,0,2483
2025/07/13,00:00,2402,0,11,1269,107,216,0,437,1,284,0,0,0,490,0,98,-3,-508,0,2402
2025/07/13,00:30,2298,0,11,1140,69,216,0,440,1,285,0,0,0,490,0,102,-3,-453,0,2298
2025/07/13,01:00,2297,0,11,1160,58,216,0,441,1,285,0,0,0,473,0,100,-2,-446,0,2297
2025/07/13,01:30,2311,0,11,1216,58,216,0,441,1,285,0,0,0,464,0,102,-2,-481,0,2311
2025/07/13,02:00,2366,0,11,1221,58,215,0,449,1,285,0,0,0,456,0,104,-3,-431,0,2366
2025/07/13,02:30,2442,0,11,1206,100,216,0,458,1,285,0,0,0,461,0,101,-2,-395,0,2442
2025/07/13,03:00,2474,0,11,1129,111,216,0,524,1,285,0,0,0,459,0,94,-2,-354,0,2474
2025/07/13,03:30,2552,0,11,1237,153,216,0,532,1,286,0,0,0,480,0,101,-3,-462,0,2552
2025/07/13,04:00,2551,0,11,981,274,216,0,520,1,286,0,5,0,471,0,110,-2,-322,0,2551
2025/07/13,04:30,2523,0,11,843,265,216,0,524,1,285,0,91,0,480,0,100,-3,-290,0,2523
2025/07/13,05:00,2570,0,11,813,308,216,0,459,1,285,0,215,0,479,0,114,-3,-328,0,2570
2025/07/13,05:30,2518,0,11,787,300,216,0,440,1,285,0,366,0,472,0,92,-6,-446,0,2518
2025/07/13,06:00,2467,0,11,688,284,204,0,431,1,285,0,520,0,456,0,104,-46,-471,0,2467
2025/07/13,06:30,2481,0,11,711,322,177,0,425,1,285,0,669,0,392,0,88,-52,-548,0,2481
2025/07/13,07:00,2526,0,11,713,295,169,0,402,1,285,0,847,0,393,0,29,-51,-568,0,2526
2025/07/13,07:30,2562,0,11,626,204,170,0,398,1,284,0,1022,0,404,0,23,-6,-575,0,2562
2025/07/13,08:00,2646,0,11,640,197,171,0,383,1,284,0,1205,0,403,0,-45,-5,-599,0,2646
2025/07/13,08:30,2730,0,11,735,179,171,0,375,1,284,0,1355,0,406,0,-199,-7,-581,0,2730
2025/07/13,09:00,2838,0,11,735,170,171,0,358,1,284,0,1514,0,410,0,-205,-4,-607,0,2838
2025/07/13,09:30,2874,0,11,735,140,171,0,350,1,283,0,1643,0,407,0,-333,-3,-531,0,2874
2025/07/13,10:00,2896,0,11,644,111,171,0,373,1,284,0,1708,0,434,0,-437,-6,-398,0,2896
2025/07/13,10:30,2888,0,11,640,112,171,0,374,1,283,0,1762,0,442,0,-432,-4,-472,0,2888
2025/07/13,11:00,2920,0,11,650,121,171,0,375,1,284,0,1819,0,405,0,-421,-3,-493,0,2920
2025/07/13,11:30,2952,0,11,640,111,171,0,370,1,284,0,1821,0,396,0,-418,-3,-432,0,2952
2025/07/13,12:00,2941,0,11,577,112,171,0,365,1,284,0,1796,0,400,0,-423,-4,-349,0,2941
2025/07/13,12:30,2927,0,11,558,149,171,0,365,1,284,0,1754,0,407,0,-423,-5,-345,0,2927
2025/07/13,13:00,2909,0,11,668,174,171,0,347,1,272,0,1702,0,415,0,-425,-6,-421,0,2909
2025/07/13,13:30,2889,0,11,747,218,171,0,347,1,263,0,1593,0,435,0,-424,-3,-470,0,2889
2025/07/13,14:00,2843,0,11,783,124,185,0,372,1,271,0,1471,0,450,0,-460,-6,-359,0,2843
2025/07/13,14:30,2829,0,11,935,111,209,0,376,1,283,0,1320,0,448,0,-477,-7,-381,0,2829
2025/07/13,15:00,2852,0,11,1036,112,215,0,393,1,284,0,1136,0,446,0,-398,-2,-382,0,2852
2025/07/13,15:30,2906,0,11,1187,111,216,0,408,1,284,0,949,0,400,0,-271,-5,-385,0,2906
2025/07/13,16:00,3001,0,11,1383,115,216,0,497,1,284,0,760,0,397,0,-76,-4,-583,0,3001
2025/07/13,16:30,3105,0,11,1517,112,217,0,541,1,282,0,582,0,396,0,0,-4,-550,0,3105
2025/07/13,17:00,3144,0,11,1575,119,217,0,601,1,283,0,372,0,401,0,23,-5,-454,0,3144
2025/07/13,17:30,3120,0,11,1546,112,217,0,679,1,285,0,169,0,411,0,31,-5,-337,0,3120
2025/07/13,18:00,3084,0,54,1444,111,217,0,730,1,285,0,50,0,422,0,108,-5,-333,0,3084
2025/07/13,18:30,3072,0,62,1488,115,218,0,729,1,285,0,7,0,432,0,192,-10,-447,0,3072
2025/07/13,19:00,3153,0,62,1657,145,217,0,728,1,285,0,0,0,458,0,190,-12,-578,0,3153
2025/07/13,19:30,3159,0,62,1700,210,215,0,708,1,285,0,0,0,472,0,133,-10,-617,0,3159
2025/07/13,20:00,3069,0,15,1720,112,218,0,701,1,284,0,0,0,476,0,121,-10,-569,0,3069
2025/07/13,20:30,2989,0,11,1722,112,218,0,697,1,284,0,0,0,464,0,70,-9,-581,0,2989
2025/07/13,21:00,2865,0,11,1642,111,216,0,689,1,284,0,0,0,465,0,22,-8,-568,0,2865
2025/07/13,21:30,2785,0,11,1564,112,216,0,681,1,284,0,0,0,468,0,28,-7,-573,0,2785
2025/07/13,22:00,2688,0,11,1575,113,216,0,557,1,284,0,0,0,467,0,30,-7,-559,0,2688
2025/07/13,22:30,2608,0,11,1561,114,215,0,526,1,284,0,0,0,473,0,19,-8,-588,0,2608
2025/07/13,23:00,2573,0,11,1509,113,216,0,510,1,285,0,0,0,485,0,20,-7,-570,0,2573
2025/07/13,23:30,2475,0,11,1449,113,216,0,476,1,285,0,0,0,491,0,20,-6,-581,0,2475
2025/07/14,00:00,2411,0,11,1414,111,217,0,412,1,285,0,0,0,511,0,22,-6,-567,0,2411
2025/07/14,00:30,2387,0,11,1399,111,216,0,366,1,285,0,0,0,538,0,23,-6,-557,0,2387
2025/07/14,01:00,2346,0,11,1364,111,216,0,357,1,285,0,0,0,546,0,22,-13,-554,0,2346
2025/07/14,01:30,2350,0,11,1342,112,216,0,356,1,285,0,0,0,558,0,21,-6,-546,0,2350
2025/07/14,02:00,2412,0,11,1386,111,216,0,351,1,285,0,0,0,585,0,25,-6,-553,0,2412
2025/07/14,02:30,2466,0,11,1428,111,216,0,369,1,286,0,0,0,568,0,21,-5,-540,0,2466
2025/07/14,03:00,2530,0,11,1465,111,216,0,379,1,285,0,0,0,504,0,27,-5,-464,0,2530
2025/07/14,03:30,2596,0,11,1579,118,216,0,383,1,285,0,0,0,466,0,22,-5,-480,0,2596
2025/07/14,04:00,2625,0,11,1613,124,216,0,388,1,285,0,4,0,425,0,24,-5,-461,0,2625
2025/07/14,04:30,2667,0,11,1614,133,216,0,393,1,285,0,82,0,378,0,23,-6,-463,0,2667
2025/07/14,05:00,2715,0,11,1610,155,216,0,360,1,285,0,200,0,329,0,22,-5,-469,0,2715
2025/07/14,05:30,2663,0,11,1473,123,216,0,362,1,285,0,337,0,301,0,11,-6,-451,0,2663
2025/07/14,06:00,2716,0,11,1333,111,203,0,378,1,285,0,477,0,294,0,22,-5,-394,0,2716
2025/07/14,06:30,2778,0,11,1393,111,177,0,374,1,285,0,657,0,289,0,23,-5,-538,0,2778
2025/07/14,07:00,2911,0,11,1416,112,169,0,415,1,285,0,821,0,296,0,6,-5,-616,0,2911
2025/07/14,07:30,3049,0,11,1314,112,170,0,421,1,284,0,994,0,329,0,0,-7,-580,0,3049
2025/07/14,08:00,3299,0,11,1369,115,171,0,458,1,283,0,1185,0,370,0,0,-5,-659,0,3299
2025/07/14,08:30,3579,0,11,1519,115,171,0,469,1,282,0,1293,0,379,0,0,-6,-655,0,3579
2025/07/14,09:00,3726,0,11,1597,118,170,0,471,1,281,0,1386,0,369,0,0,-3,-675,0,3726
2025/07/14,09:30,3776,0,11,1607,116,170,0,487,1,282,0,1391,0,370,0,0,-5,-654,0,3776
2025/07/14,10:00,3825,0,11,1649,146,169,0,436,1,281,0,1450,0,331,0,0,3,-652,0,3825
2025/07/14,10:30,3805,0,11,1586,116,170,0,424,1,281,0,1544,0,305,0,0,-4,-629,0,3805
2025/07/14,11:00,3797,0,11,1520,115,170,0,421,1,280,0,1545,0,282,0,-39,-4,-505,0,3797
2025/07/14,11:30,3791,0,11,1532,115,170,0,417,1,280,0,1597,0,285,0,-228,-3,-386,0,3791
2025/07/14,12:00,3712,0,10,1605,116,170,0,425,1,280,0,1610,0,306,0,-388,-5,-418,0,3712
2025/07/14,12:30,3694,0,9,1666,151,170,0,443,1,280,0,1497,0,313,0,-450,-4,-382,0,3694
2025/07/14,13:00,3855,0,9,1693,193,170,0,470,1,266,0,1388,0,316,0,-248,-4,-399,0,3855
2025/07/14,13:30,3895,0,9,1719,203,169,0,492,1,259,0,1326,0,292,0,-225,-4,-346,0,3895
2025/07/14,14:00,3925,0,42,1690,194,186,0,507,1,268,0,1181,0,290,0,-229,-4,-201,0,3925
2025/07/14,14:30,3851,0,47,1559,163,209,0,490,1,279,0,1043,0,289,0,-228,-4,3,0,3851
2025/07/14,15:00,3811,0,47,1558,188,214,0,509,1,279,0,828,0,281,0,-52,-4,-38,0,3811
2025/07/14,15:30,3921,0,48,1645,252,215,0,584,1,279,0,676,0,284,0,12,-5,-70,0,3921
2025/07/14,16:00,3966,0,48,1659,311,215,0,672,1,280,0,508,0,279,0,60,-4,-63,0,3966
2025/07/14,16:30,3952,0,48,1666,364,217,0,681,1,279,0,361,0,290,0,59,-4,-10,0,3952
2025/07/14,17:00,3875,0,48,1669,317,216,0,678,1,280,0,204,0,308,0,95,-7,66,0,3875
2025/07/14,17:30,3807,0,48,1662,338,217,0,680,1,281,0,106,0,344,0,114,-7,23,0,3807
2025/07/14,18:00,3767,0,59,1657,266,217,0,680,1,280,0,39,0,391,0,133,-7,51,0,3767
2025/07/14,18:30,3729,0,61,1658,280,217,0,680,1,280,0,5,0,434,0,133,-7,-13,0,3729
2025/07/14,19:00,3727,0,62,1666,256,216,0,683,1,279,0,0,0,459,0,119,-5,-9,0,3727
2025/07/14,19:30,3707,0,62,1662,268,215,0,675,1,281,0,1,0,504,0,57,-4,-15,0,3707
2025/07/14,20:00,3581,0,15,1664,252,215,0,665,1,282,0,0,0,525,0,33,-5,-66,0,3581
2025/07/14,20:30,3493,0,11,1662,278,215,0,601,1,281,0,0,0,519,0,0,-5,-70,0,3493
2025/07/14,21:00,3382,0,11,1666,312,217,0,555,1,282,0,0,0,501,0,0,-5,-158,0,3382
2025/07/14,21:30,3280,0,11,1656,340,217,0,547,1,282,0,0,0,490,0,0,-5,-259,0,3280
2025/07/14,22:00,3191,0,11,1658,303,217,0,545,1,282,0,0,0,491,0,0,-5,-312,0,3191
2025/07/14,22:30,3089,0,11,1641,274,218,0,545,1,281,0,0,0,481,0,0,-4,-359,0,3089
2025/07/14,23:00,3006,0,11,1639,172,215,0,545,1,283,0,0,0,494,0,0,-4,-350,0,3006
2025/07/14,23:30,2940,0,11,1616,116,216,0,559,1,283,0,0,0,550,0,0,-7,-405,0,2940
2025/07/15,00:00,2858,0,11,1651,172,216,0,441,1,283,0,0,0,554,0,16,-4,-483,0,2858
2025/07/15,00:30,2760,0,11,1701,129,216,0,433,1,283,0,0,0,503,0,23,-5,-535,0,2760
2025/07/15,01:00,2719,0,11,1692,115,216,0,408,1,283,0,0,0,452,0,31,-6,-484,0,2719
2025/07/15,01:30,2701,0,11,1716,129,216,0,389,1,283,0,0,0,398,0,26,-24,-444,0,2701
2025/07/15,02:00,2692,0,11,1712,135,216,0,393,1,283,0,0,0,367,0,21,-5,-442,0,2692
2025/07/15,02:30,2788,0,11,1703,117,216,0,399,1,283,0,0,0,412,0,25,-4,-375,0,2788
2025/07/15,03:00,2825,0,11,1647,112,216,0,405,1,283,0,0,0,408,0,26,-5,-279,0,2825
2025/07/15,03:30,2883,0,11,1643,109,216,0,409,1,284,0,0,0,406,0,23,-5,-214,0,2883
2025/07/15,04:00,2892,0,11,1663,111,216,0,417,1,283,0,3,0,399,0,22,-5,-229,0,2892
2025/07/15,04:30,2926,0,11,1719,124,216,0,411,1,283,0,73,0,393,0,22,-5,-322,0,2926
2025/07/15,05:00,3000,0,11,1727,166,216,0,412,1,284,0,145,0,397,0,27,-5,-381,0,3000
2025/07/15,05:30,3004,0,11,1709,142,216,0,470,1,284,0,221,0,410,0,20,-4,-476,0,3004
2025/07/15,06:00,3052,0,11,1720,152,203,0,483,1,284,0,269,0,394,0,24,-6,-483,0,3052
2025/07/15,06:30,3110,0,11,1725,214,177,0,500,1,284,0,364,0,330,0,24,-6,-514,0,3110
2025/07/15,07:00,3188,0,11,1721,122,169,0,499,1,283,0,477,0,332,0,25,-6,-446,0,3188
2025/07/15,07:30,3264,0,11,1620,114,169,0,486,1,283,0,603,0,342,0,21,-6,-380,0,3264
2025/07/15,08:00,3507,0,11,1639,126,170,0,463,1,282,0,734,0,367,0,44,-5,-325,0,3507
2025/07/15,08:30,3837,0,11,1690,229,171,0,444,1,281,0,865,0,355,0,55,-4,-261,0,3837
2025/07/15,09:00,4040,0,11,1669,259,170,0,446,1,282,0,1034,0,344,0,29,9,-214,0,4040
2025/07/15,09:30,4138,0,11,1635,190,170,0,479,1,281,0,1103,0,362,0,4,9,-107,0,4138
2025/07/15,10:00,4086,0,53,1416,113,170,0,469,1,281,0,1179,0,345,0,-36,8,87,0,4086
2025/07/15,10:30,4180,0,62,1625,126,171,0,458,1,281,0,1212,0,345,0,-227,-2,128,0,4180
2025/07/15,11:00,4182,0,61,1663,179,170,0,451,1,281,0,1148,0,334,0,-223,-2,119,0,4182
2025/07/15,11:30,4242,0,61,1691,267,170,0,452,1,281,0,1103,0,330,0,-229,6,109,0,4242
2025/07/15,12:00,4121,0,61,1687,138,170,0,434,1,282,0,1042,0,334,0,-226,-4,202,0,4121
2025/07/15,12:30,4051,0,61,1662,119,172,0,448,1,283,0,940,0,327,0,-219,-5,262,0,4051
2025/07/15,13:00,4089,0,62,1681,155,170,0,466,1,268,0,831,0,317,0,-38,-4,180,0,4089
2025/07/15,13:30,4081,0,61,1656,213,172,0,538,1,262,0,728,0,292,0,77,-5,86,0,4081
2025/07/15,14:00,4022,0,61,1686,267,185,0,546,1,274,0,620,0,237,0,99,-6,52,0,4022
2025/07/15,14:30,4036,0,61,1720,267,210,0,569,1,283,0,510,0,234,0,118,-5,68,0,4036
2025/07/15,15:00,3993,0,61,1725,300,216,0,588,1,283,0,410,0,234,0,120,-5,60,0,3993
2025/07/15,15:30,4001,0,61,1724,301,216,0,531,1,284,0,331,0,244,0,117,-5,196,0,4001
2025/07/15,16:00,3935,0,61,1716,186,216,0,560,1,283,0,240,0,276,0,70,3,323,0,3935
2025/07/15,16:30,3873,0,61,1670,123,217,0,563,1,284,0,183,0,284,0,91,41,355,0,3873
2025/07/15,17:00,3790,0,61,1671,159,217,0,597,1,284,0,114,0,312,0,155,-6,225,0,3790
2025/07/15,17:30,3734,0,61,1677,181,217,0,601,1,284,0,61,0,338,0,200,-4,117,0,3734
2025/07/15,18:00,3679,0,62,1670,236,218,0,601,1,284,0,24,0,353,0,156,-5,79,0,3679
2025/07/15,18:30,3685,0,62,1670,259,217,0,597,1,284,0,3,0,375,0,158,-5,64,0,3685
2025/07/15,19:00,3682,0,62,1694,249,217,0,582,1,284,0,0,0,406,0,168,-6,25,0,3682
2025/07/15,19:30,3616,0,62,1726,186,216,0,580,1,284,0,0,0,404,0,111,-6,52,0,3616
2025/07/15,20:00,3502,0,49,1692,187,216,0,404,1,284,0,0,0,401,0,128,-6,146,0,3502
2025/07/15,20:30,3430,0,49,1705,218,216,0,375,1,283,0,0,0,408,0,70,-6,111,0,3430
2025/07/15,21:00,3278,0,49,1669,144,218,0,369,1,283,0,0,0,424,0,19,-5,107,0,3278
2025/07/15,21:30,3170,0,49,1568,195,218,0,369,1,283,0,0,0,422,0,31,-6,40,0,3170
2025/07/15,22:00,3087,0,15,1663,166,217,0,361,1,283,0,0,0,439,0,13,-5,-66,0,3087
2025/07/15,22:30,2985,0,11,1664,177,217,0,361,1,283,0,0,0,437,0,2,-6,-162,0,2985
2025/07/15,23:00,2920,0,11,1659,119,216,0,346,1,284,0,0,0,463,0,17,-5,-191,0,2920
2025/07/15,23:30,2846,0,11,1635,146,217,0,365,1,283,0,0,0,484,0,22,-5,-313,0,2846
2025/07/16,00:00,2793,0,44,1656,140,217,0,344,1,283,0,0,0,474,0,24,-5,-385,0,2793
2025/07/16,00:30,2703,0,49,1647,115,218,0,336,1,283,0,0,0,451,0,25,-6,-416,0,2703
2025/07/16,01:00,2665,0,49,1681,128,218,0,327,1,284,0,0,0,427,0,34,-45,-439,0,2665
2025/07/16,01:30,2657,0,49,1667,112,218,0,346,1,284,0,0,0,404,0,24,-50,-398,0,2657
2025/07/16,02:00,2704,0,49,1696,112,217,0,338,1,284,0,0,0,381,0,24,-4,-394,0,2704
2025/07/16,02:30,2750,0,49,1698,118,218,0,338,1,283,0,0,0,376,0,25,-4,-352,0,2750
2025/07/16,03:00,2814,0,49,1678,113,218,0,349,1,283,0,0,0,337,0,22,-5,-231,0,2814
2025/07/16,03:30,2882,0,49,1696,135,218,0,339,1,284,0,0,0,306,0,29,-5,-170,0,2882
2025/07/16,04:00,2922,0,49,1723,172,218,0,340,1,284,0,2,0,291,0,20,-5,-173,0,2922
2025/07/16,04:30,2928,0,49,1723,214,218,0,325,1,284,0,66,0,260,0,19,-4,-227,0,2928
2025/07/16,05:00,2971,0,49,1721,207,218,0,308,1,284,0,120,0,260,0,26,-5,-218,0,2971
2025/07/16,05:30,2939,0,49,1721,195,218,0,331,1,283,0,165,0,244,0,20,-6,-282,0,2939
2025/07/16,06:00,3000,0,49,1726,156,217,0,346,1,283,0,196,0,211,0,32,-6,-211,0,3000
2025/07/16,06:30,3072,0,49,1725,191,217,0,387,1,284,0,244,0,201,0,26,-50,-203,0,3072
2025/07/16,07:00,3184,0,59,1717,136,217,0,365,1,284,0,300,0,191,0,21,-6,-101,0,3184
2025/07/16,07:30,3328,0,62,1706,124,217,0,361,1,283,0,364,0,191,0,26,-6,-1,0,3328
2025/07/16,08:00,3562,0,54,1721,162,217,0,335,1,282,0,443,0,217,0,30,-7,107,0,3562
2025/07/16,08:30,3818,0,54,1721,234,218,0,334,1,282,0,523,0,225,0,19,-6,213,0,3818
2025/07/16,09:00,3941,0,54,1686,127,217,0,340,1,282,0,619,0,202,0,30,0,383,0,3941
2025/07/16,09:30,4045,0,54,1706,120,217,0,393,1,281,0,669,0,192,0,24,-3,391,0,4045
2025/07/16,10:00,4068,0,54,1706,176,216,0,405,1,281,0,685,0,136,0,37,21,350,0,4068
2025/07/16,10:30,4110,0,54,1718,204,216,0,408,1,280,0,692,0,92,0,25,0,420,0,4110
2025/07/16,11:00,4125,0,54,1720,310,217,0,366,1,281,0,671,0,68,0,27,-3,413,0,4125
2025/07/16,11:30,3995,0,54,1691,235,217,0,368,1,280,0,672,0,69,0,15,-4,397,0,3995
2025/07/16,12:00,3793,0,54,1622,114,218,0,358,1,281,0,685,0,70,0,6,-6,390,0,3793
2025/07/16,12:30,3697,0,54,1471,114,219,0,370,1,281,0,728,0,74,0,0,-1,386,0,3697
2025/07/16,13:00,3777,0,54,1524,114,219,0,404,1,270,0,700,0,82,0,0,0,409,0,3777
2025/07/16,13:30,3865,0,54,1579,115,218,0,420,1,261,0,759,0,57,0,0,0,401,0,3865
2025/07/16,14:00,3896,0,54,1665,139,217,0,436,1,271,0,780,0,56,0,0,-5,282,0,3896
2025/07/16,14:30,3872,0,54,1669,128,217,0,438,1,282,0,739,0,61,0,1,-6,288,0,3872
2025/07/16,15:00,3897,0,53,1647,115,217,0,443,1,283,0,676,0,69,0,22,-5,376,0,3897
2025/07/16,15:30,3937,0,53,1707,140,217,0,465,1,283,0,598,0,64,0,68,-6,347,0,3937
2025/07/16,16:00,3969,0,53,1708,150,217,0,532,1,283,0,486,0,67,0,102,-4,374,0,3969
2025/07/16,16:30,4013,0,53,1683,153,218,0,586,1,283,0,354,0,68,0,195,11,408,0,4013
2025/07/16,17:00,3932,0,60,1665,252,219,0,602,1,284,0,232,0,68,0,188,28,333,0,3932
2025/07/16,17:30,3852,0,61,1649,228,218,0,602,1,283,0,112,0,122,0,168,41,367,0,3852
2025/07/16,18:00,3797,0,61,1660,244,219,0,588,1,284,0,37,0,145,0,166,-3,395,0,3797
2025/07/16,18:30,3767,0,61,1648,236,220,0,588,1,283,0,5,0,147,0,190,-5,393,0,3767
2025/07/16,19:00,3767,0,61,1694,311,218,0,535,1,284,0,0,0,117,0,236,-2,312,0,3767
2025/07/16,19:30,3739,0,62,1700,323,217,0,524,1,284,0,1,0,117,0,212,-6,304,0,3739
2025/07/16,20:00,3607,0,62,1718,237,218,0,475,1,284,0,0,0,119,0,119,-5,379,0,3607
2025/07/16,20:30,3493,0,61,1721,224,217,0,422,1,284,0,0,0,113,0,78,-7,379,0,3493
2025/07/16,21:00,3356,0,62,1724,223,219,0,379,1,283,0,0,0,122,0,10,-6,339,0,3356
2025/07/16,21:30,3230,0,62,1691,145,219,0,362,1,284,0,0,0,134,0,13,-6,325,0,3230
2025/07/16,22:00,3130,0,62,1582,157,219,0,369,1,284,0,0,0,144,0,12,-5,305,0,3130
2025/07/16,22:30,3052,0,62,1612,125,217,0,343,1,283,0,0,0,155,0,0,-6,260,0,3052
2025/07/16,23:00,2983,0,47,1592,153,217,0,333,1,284,0,0,0,225,0,0,-11,142,0,2983
2025/07/16,23:30,2903,0,47,1427,137,218,0,345,1,283,0,0,0,359,0,0,-6,92,0,2903
2025/07/17,00:00,2847,0,67,1477,156,218,0,324,1,284,0,0,0,447,0,0,-5,-122,0,2847
2025/07/17,00:30,2741,0,68,1530,145,218,0,327,1,284,0,0,0,432,0,0,-4,-260,0,2741
2025/07/17,01:00,2665,0,64,1515,122,218,0,323,1,284,0,0,0,401,0,0,-6,-257,0,2665
2025/07/17,01:30,2671,0,59,1558,191,217,0,314,1,284,0,0,0,378,0,0,-50,-281,0,2671
2025/07/17,02:00,2736,0,57,1587,207,218,0,334,1,284,0,0,0,377,0,19,-6,-342,0,2736
2025/07/17,02:30,2802,0,54,1645,164,218,0,317,1,284,0,0,0,387,0,32,-51,-249,0,2802
2025/07/17,03:00,2844,0,53,1528,160,218,0,317,1,284,0,0,0,389,0,17,-43,-80,0,2844
2025/07/17,03:30,2914,0,51,1541,219,218,0,303,1,284,0,0,0,387,0,0,-6,-84,0,2914
2025/07/17,04:00,2896,0,52,1532,257,218,0,305,1,284,0,2,0,376,0,0,-6,-125,0,2896
2025/07/17,04:30,2928,0,53,1514,288,218,0,309,1,284,0,74,0,390,0,0,-4,-199,0,2928
2025/07/17,05:00,2982,0,57,1499,296,218,0,360,1,283,0,162,0,378,0,0,-5,-267,0,2982
2025/07/17,05:30,2988,0,63,1559,321,218,0,355,1,284,0,253,0,339,0,0,-4,-401,0,2988
2025/07/17,06:00,3064,0,70,1572,349,218,0,295,1,283,0,319,0,315,0,0,-5,-353,0,3064
2025/07/17,06:30,3146,0,71,1595,328,218,0,312,1,283,0,406,0,282,0,0,-5,-345,0,3146
2025/07/17,07:00,3297,0,81,1612,336,218,0,331,1,283,0,513,0,263,0,0,-6,-335,0,3297
2025/07/17,07:30,3473,0,84,1629,288,217,0,353,1,283,0,648,0,270,0,0,-6,-294,0,3473
2025/07/17,08:00,3651,0,83,1611,191,218,0,385,1,283,0,783,0,280,0,0,-6,-178,0,3651
2025/07/17,08:30,3849,0,83,1607,245,218,0,409,1,283,0,924,0,287,0,0,-6,-202,0,3849
2025/07/17,09:00,3946,0,83,1563,245,217,0,440,1,283,0,974,0,293,0,1,-4,-150,0,3946
2025/07/17,09:30,4056,0,83,1575,234,217,0,455,1,282,0,1103,0,305,0,-176,-5,-18,0,4056
2025/07/17,10:00,4151,0,83,1664,273,217,0,447,1,281,0,1260,0,295,0,-230,-4,-136,0,4151
2025/07/17,10:30,4201,0,83,1642,264,216,0,388,1,282,0,1400,0,246,0,-229,-3,-89,0,4201
2025/07/17,11:00,4301,0,83,1615,244,216,0,389,1,283,0,1566,0,196,0,-330,-3,41,0,4301
2025/07/17,11:30,4307,0,83,1725,299,216,0,384,1,282,0,1600,0,184,0,-455,-4,-8,0,4307
2025/07/17,12:00,4253,0,81,1708,257,217,0,391,1,283,0,1576,0,185,0,-450,0,4,0,4253
2025/07/17,12:30,4271,0,76,1717,223,217,0,388,1,282,0,1564,0,195,0,-418,-1,27,0,4271
2025/07/17,13:00,4361,0,81,1720,312,216,0,395,1,272,0,1482,0,199,0,-198,4,-123,0,4361
2025/07/17,13:30,4319,0,83,1707,307,216,0,447,1,261,0,1393,0,153,0,-221,-4,-24,0,4319
2025/07/17,14:00,4335,0,83,1696,401,213,0,508,1,266,0,1281,0,64,0,-156,-6,-16,0,4335
2025/07/17,14:30,4271,0,84,1633,294,185,0,538,1,278,0,1128,0,64,0,15,-5,56,0,4271
2025/07/17,15:00,4215,0,84,1628,228,169,0,561,1,281,0,917,0,103,0,70,-6,179,0,4215
2025/07/17,15:30,4249,0,84,1630,180,185,0,588,1,281,0,767,0,86,0,191,-5,261,0,4249
2025/07/17,16:00,4288,0,84,1662,345,200,0,624,1,280,0,559,0,62,0,189,1,281,0,4288
2025/07/17,16:30,4290,0,84,1658,372,198,0,640,1,280,0,409,0,67,0,166,41,374,0,4290
2025/07/17,17:00,4186,0,84,1685,479,183,0,599,1,281,0,240,0,57,0,148,0,429,0,4186
2025/07/17,17:30,4100,0,84,1716,520,170,0,590,1,281,0,118,0,66,0,143,-7,418,0,4100
2025/07/17,18:00,4044,0,84,1723,404,188,0,631,1,281,0,43,0,136,0,164,-5,394,0,4044
2025/07/17,18:30,4024,0,84,1730,263,216,0,641,1,282,0,5,0,164,0,192,40,406,0,4024
2025/07/17,19:00,4020,0,84,1732,341,220,0,620,1,282,0,0,0,140,0,210,-6,396,0,4020
2025/07/17,19:30,3958,0,84,1730,312,219,0,606,1,283,0,0,0,183,0,160,-7,387,0,3958
2025/07/17,20:00,3807,0,84,1725,214,218,0,569,1,283,0,0,0,253,0,104,-6,362,0,3807
2025/07/17,20:30,3695,0,83,1717,186,218,0,531,1,283,0,0,0,270,0,83,-6,329,0,3695
2025/07/17,21:00,3547,0,83,1726,280,219,0,465,1,283,0,0,0,269,0,41,-5,185,0,3547
2025/07/17,21:30,3409,0,83,1726,259,219,0,443,1,284,0,0,0,275,0,20,-5,104,0,3409
2025/07/17,22:00,3328,0,84,1722,225,219,0,427,1,283,0,0,0,271,0,24,-6,78,0,3328
2025/07/17,22:30,3236,0,84,1730,199,218,0,427,1,283,0,0,0,266,0,18,-7,17,0,3236
2025/07/17,23:00,3187,0,71,1721,170,217,0,415,1,283,0,0,0,309,0,13,-5,-8,0,3187
2025/07/17,23:30,3105,0,70,1655,146,218,0,414,1,283,0,0,0,351,0,23,-5,-51,0,3105
2025/07/18,00:00,3006,0,71,1584,130,218,0,442,1,284,0,0,0,354,0,0,-6,-72,0,3006
2025/07/18,00:30,2890,0,68,1487,119,217,0,436,1,284,0,0,0,407,0,0,-5,-124,0,2890
2025/07/18,01:00,2815,0,63,1517,119,218,0,437,1,284,0,0,0,421,0,0,-5,-240,0,2815
2025/07/18,01:30,2843,0,59,1613,140,217,0,428,1,284,0,0,0,425,0,0,-4,-320,0,2843
2025/07/18,02:00,2863,0,56,1644,186,218,0,427,1,284,0,0,0,415,0,0,-4,-364,0,2863
2025/07/18,02:30,2897,0,54,1639,169,218,0,415,1,284,0,0,0,423,0,0,-5,-301,0,2897
2025/07/18,03:00,2967,0,53,1624,143,218,0,433,1,284,0,0,0,431,0,0,-5,-215,0,2967
2025/07/18,03:30,3039,0,52,1634,209,218,0,437,1,284,0,0,0,406,0,0,-5,-197,0,3039
2025/07/18,04:00,3045,0,52,1628,171,218,0,481,1,284,0,2,0,432,0,0,-5,-219,0,3045
2025/07/18,04:30,3093,0,53,1651,158,218,0,491,1,284,0,73,0,441,0,0,-5,-272,0,3093
2025/07/18,05:00,3129,0,57,1618,211,216,0,506,1,284,0,151,0,434,0,0,-5,-344,0,3129
2025/07/18,05:30,3087,0,61,1633,189,218,0,464,1,283,0,239,0,425,0,0,-5,-421,0,3087
2025/07/18,06:00,3102,0,69,1637,150,218,0,464,1,283,0,310,0,419,0,0,-7,-442,0,3102
2025/07/18,06:30,3164,0,71,1636,206,219,0,473,1,284,0,387,0,361,0,0,-45,-429,0,3164
2025/07/18,07:00,3335,0,81,1634,196,217,0,454,1,283,0,489,0,366,0,0,-52,-334,0,3335
2025/07/18,07:30,3543,0,83,1537,122,217,0,454,1,283,0,709,0,391,0,0,-50,-204,0,3543
2025/07/18,08:00,3765,0,67,1510,117,217,0,450,1,282,0,804,0,426,0,0,-6,-103,0,3765
2025/07/18,08:30,3999,0,68,1455,117,217,0,488,1,281,0,970,0,442,0,0,-6,-34,0,3999
2025/07/18,09:00,4139,0,68,1501,118,217,0,518,1,282,0,981,0,467,0,1,-4,-11,0,4139
2025/07/18,09:30,4149,0,68,1325,89,213,0,562,1,281,0,1064,0,463,0,57,-4,30,0,4149
2025/07/18,10:00,4177,0,67,1285,64,185,0,596,1,281,0,1151,0,453,0,68,-4,30,0,4177
2025/07/18,10:30,4225,0,68,1319,65,167,0,574,1,280,0,1218,0,448,0,60,-4,29,0,4225
2025/07/18,11:00,4308,0,67,1296,64,183,0,596,1,281,0,1287,0,446,0,61,-4,30,0,4308
2025/07/18,11:30,4324,0,67,1203,64,182,0,600,1,281,0,1292,0,445,0,163,-4,30,0,4324
2025/07/18,12:00,4222,0,67,1305,64,168,0,609,1,282,0,1205,0,448,0,72,-3,4,0,4222
2025/07/18,12:30,4244,0,67,1474,105,168,0,614,1,282,0,1095,0,446,0,4,-4,-8,0,4244
2025/07/18,13:00,4300,0,67,1538,128,168,0,629,1,271,0,1030,0,477,0,17,-5,-21,0,4300
2025/07/18,13:30,4252,0,67,1573,128,186,0,638,1,261,0,918,0,507,0,0,-5,-22,0,4252
2025/07/18,14:00,4241,0,66,1600,119,183,0,630,1,275,0,807,0,504,0,76,-3,-17,0,4241
2025/07/18,14:30,4185,0,66,1663,163,169,0,638,1,283,0,626,0,504,0,95,-5,-18,0,4185
2025/07/18,15:00,4130,0,67,1710,153,185,0,631,1,282,0,533,0,472,0,123,-4,-23,0,4130
2025/07/18,15:30,4124,0,67,1728,129,212,0,639,1,283,0,427,0,431,0,205,-6,8,0,4124
2025/07/18,16:00,4127,0,68,1740,187,216,0,680,1,283,0,330,0,405,0,212,-5,10,0,4127
2025/07/18,16:30,4057,0,68,1737,179,218,0,667,1,283,0,263,0,399,0,217,-5,30,0,4057
2025/07/18,17:00,3973,0,82,1742,157,218,0,656,1,283,0,174,0,421,0,218,-5,26,0,3973
2025/07/18,17:30,3931,0,84,1742,175,218,0,658,1,283,0,96,0,429,0,214,15,16,0,3931
2025/07/18,18:00,3864,0,84,1739,175,219,0,665,1,282,0,33,0,417,0,214,-3,38,0,3864
2025/07/18,18:30,3880,0,84,1738,207,220,0,666,1,282,0,3,0,393,0,214,42,30,0,3880
2025/07/18,19:00,3891,0,84,1749,239,218,0,660,1,283,0,0,0,387,0,210,-3,63,0,3891
2025/07/18,19:30,3801,0,83,1752,220,218,0,622,1,283,0,1,0,351,0,200,29,41,0,3801
2025/07/18,20:00,3689,0,83,1745,254,218,0,622,1,283,0,0,0,310,0,134,-6,45,0,3689
2025/07/18,20:30,3595,0,84,1738,252,218,0,608,1,282,0,0,0,297,0,117,-5,3,0,3595
2025/07/18,21:00,3458,0,84,1728,221,219,0,545,1,283,0,0,0,286,0,105,-5,-9,0,3458
2025/07/18,21:30,3382,0,83,1728,227,219,0,529,1,283,0,0,0,285,0,29,-5,3,0,3382
2025/07/18,22:00,3271,0,84,1725,196,219,0,494,1,282,0,0,0,290,0,15,-6,-29,0,3271
2025/07/18,22:30,3179,0,84,1723,129,219,0,485,1,282,0,0,0,296,0,22,-4,-58,0,3179
2025/07/18,23:00,3118,0,71,1694,138,219,0,462,1,284,0,0,0,339,0,23,-5,-108,0,3118
2025/07/18,23:30,3042,0,71,1651,119,219,0,458,1,283,0,0,0,411,0,20,-5,-186,0,3042
2025/07/19,00:00,2965,0,19,1659,150,217,0,482,1,284,0,0,0,426,0,19,-5,-287,0,2965
2025/07/19,00:30,2895,0,11,1654,118,217,0,491,1,284,0,0,0,437,0,19,-5,-332,0,2895
2025/07/19,01:00,2806,0,11,1513,118,217,0,519,1,284,0,0,0,413,0,21,-5,-286,0,2806
2025/07/19,01:30,2752,0,11,1464,118,216,0,543,1,284,0,0,0,383,0,26,-5,-289,0,2752
2025/07/19,02:00,2786,0,11,1536,118,217,0,527,1,284,0,0,0,368,0,29,-4,-301,0,2786
2025/07/19,02:30,2886,0,11,1654,118,217,0,525,1,283,0,0,0,363,0,28,-5,-309,0,2886
2025/07/19,03:00,2951,0,11,1597,118,217,0,544,1,284,0,0,0,397,0,27,-6,-239,0,2951
2025/07/19,03:30,2999,0,11,1483,118,217,0,572,1,284,0,0,0,435,0,19,-5,-136,0,2999
2025/07/19,04:00,2999,0,11,1481,118,217,0,581,1,283,0,2,0,483,0,20,-4,-194,0,2999
2025/07/19,04:30,3007,0,11,1510,118,217,0,567,1,284,0,60,0,476,0,28,-5,-260,0,3007
2025/07/19,05:00,3044,0,11,1560,118,217,0,589,1,284,0,108,0,473,0,19,-7,-329,0,3044
2025/07/19,05:30,2974,0,11,1445,118,217,0,593,1,284,0,147,0,483,0,18,-5,-338,0,2974
2025/07/19,06:00,3003,0,11,1429,118,204,0,602,1,283,0,184,0,444,0,32,-5,-300,0,3003
2025/07/19,06:30,2961,0,11,1284,131,178,0,607,1,284,0,232,0,381,0,26,-5,-169,0,2961
2025/07/19,07:00,2957,0,11,1237,125,170,0,602,1,284,0,289,0,371,0,6,-5,-134,0,2957
2025/07/19,07:30,3033,0,11,1207,101,172,0,604,1,283,0,355,0,376,0,-55,-10,-12,0,3033
2025/07/19,08:00,3152,0,11,1389,65,172,0,610,1,283,0,460,0,369,0,-199,-6,-3,0,3152
2025/07/19,08:30,3318,0,11,1574,64,172,0,605,1,282,0,543,0,359,0,-189,-49,-55,0,3318
2025/07/19,09:00,3432,0,11,1570,64,172,0,586,1,282,0,615,0,349,0,-211,-5,-2,0,3432
2025/07/19,09:30,3458,0,11,1474,104,171,0,582,1,283,0,705,0,373,0,-215,-5,-26,0,3458
2025/07/19,10:00,3467,0,11,1324,117,172,0,586,1,282,0,738,0,441,0,-206,-5,6,0,3467
2025/07/19,10:30,3485,0,11,1304,117,171,0,585,1,282,0,778,0,455,0,-210,-5,-4,0,3485
2025/07/19,11:00,3526,0,11,1273,122,172,0,603,1,282,0,843,0,433,0,-150,-4,-60,0,3526
2025/07/19,11:30,3544,0,11,1162,116,172,0,586,1,283,0,848,0,440,0,1,-5,-71,0,3544
2025/07/19,12:00,3478,0,11,1176,116,172,0,583,1,283,0,869,0,445,0,0,-51,-127,0,3478
2025/07/19,12:30,3454,0,11,1030,97,172,0,578,1,283,0,895,0,453,0,11,-51,-26,0,3454
2025/07/19,13:00,3511,0,11,1218,63,172,0,555,1,273,0,788,0,465,0,25,-13,-47,0,3511
2025/07/19,13:30,3541,0,11,1427,88,171,0,552,1,262,0,755,0,481,0,27,-13,-221,0,3541
2025/07/19,14:00,3560,0,11,1364,116,171,0,570,1,275,0,711,0,511,0,28,-3,-195,0,3560
2025/07/19,14:30,3542,0,11,1309,120,171,0,579,1,282,0,644,0,516,0,38,-3,-126,0,3542
2025/07/19,15:00,3523,0,23,1259,153,172,0,591,1,282,0,545,0,506,0,60,-4,-65,0,3523
2025/07/19,15:30,3539,0,24,1492,165,185,0,588,1,283,0,449,0,453,0,49,-3,-147,0,3539
2025/07/19,16:00,3551,0,24,1622,183,210,0,623,1,282,0,321,0,436,0,10,-3,-158,0,3551
2025/07/19,16:30,3581,0,74,1597,175,217,0,655,1,283,0,226,0,430,0,25,-3,-99,0,3581
2025/07/19,17:00,3577,0,83,1630,176,217,0,655,1,282,0,146,0,414,0,40,-3,-64,0,3577
2025/07/19,17:30,3591,0,84,1676,206,218,0,663,1,283,0,77,0,401,0,47,-2,-63,0,3591
2025/07/19,18:00,3591,0,84,1648,208,221,0,660,1,283,0,31,0,408,0,73,39,-65,0,3591
2025/07/19,18:30,3591,0,84,1624,168,221,0,642,1,283,0,3,0,406,0,177,45,-63,0,3591
2025/07/19,19:00,3636,0,84,1621,166,221,0,642,1,283,0,0,0,440,0,217,23,-62,0,3636
2025/07/19,19:30,3586,0,84,1650,160,220,0,641,1,283,0,0,0,469,0,114,-4,-32,0,3586
2025/07/19,20:00,3463,0,84,1665,124,218,0,630,1,283,0,0,0,479,0,43,-3,-61,0,3463
2025/07/19,20:30,3369,0,84,1618,117,218,0,620,1,282,0,0,0,491,0,22,-4,-80,0,3369
2025/07/19,21:00,3283,0,84,1660,117,216,0,577,1,283,0,0,0,503,0,18,-4,-172,0,3283
2025/07/19,21:30,3167,0,84,1608,125,216,0,576,1,283,0,0,0,500,0,28,-3,-251,0,3167
2025/07/19,22:00,3100,0,84,1612,112,217,0,571,1,283,0,0,0,488,0,7,-3,-272,0,3100
2025/07/19,22:30,3018,0,80,1607,111,217,0,566,1,283,0,0,0,483,0,0,-5,-325,0,3018
2025/07/19,23:00,2975,0,70,1596,114,217,0,538,1,283,0,0,0,491,0,0,-5,-330,0,2975
2025/07/19,23:30,2833,0,68,1473,111,217,0,530,1,283,0,0,0,502,0,0,-6,-346,0,2833
2025/07/20,00:00,2793,0,19,1467,111,216,0,509,1,284,0,0,0,503,0,0,-6,-311,0,2793
2025/07/20,00:30,2697,0,11,1328,111,217,0,545,1,284,0,0,0,504,0,0,-6,-298,0,2697
2025/07/20,01:00,2650,0,11,1269,111,216,0,547,1,284,0,0,0,502,0,0,-6,-285,0,2650
2025/07/20,01:30,2608,0,11,1258,111,217,0,539,1,283,0,0,0,482,0,0,-4,-290,0,2608
2025/07/20,02:00,2649,0,11,1308,111,214,0,543,1,284,0,0,0,482,0,0,-4,-301,0,2649
2025/07/20,02:30,2715,0,11,1353,111,215,0,562,1,284,0,0,0,484,0,0,-5,-301,0,2715
2025/07/20,03:00,2783,0,11,1417,111,216,0,561,1,284,0,0,0,492,0,0,-5,-305,0,2783
2025/07/20,03:30,2825,0,11,1455,111,217,0,554,1,284,0,0,0,496,0,0,-5,-299,0,2825
2025/07/20,04:00,2835,0,11,1476,111,217,0,554,1,284,0,2,0,509,0,0,-5,-325,0,2835
2025/07/20,04:30,2855,0,11,1425,111,217,0,555,1,284,0,66,0,514,0,0,-5,-324,0,2855
2025/07/20,05:00,2884,0,11,1420,112,217,0,518,1,284,0,141,0,495,0,0,-5,-310,0,2884
2025/07/20,05:30,2860,0,11,1338,111,217,0,508,1,284,0,215,0,487,0,0,-6,-306,0,2860
2025/07/20,06:00,2841,0,11,1269,111,204,0,510,1,284,0,288,0,485,0,0,-6,-316,0,2841
2025/07/20,06:30,2777,0,11,1213,111,178,0,527,1,284,0,334,0,425,0,0,-5,-302,0,2777
2025/07/20,07:00,2767,0,11,1117,111,170,0,535,1,284,0,432,0,414,0,0,-5,-303,0,2767
2025/07/20,07:30,2843,0,11,1057,111,171,0,538,1,284,0,540,0,439,0,0,-7,-302,0,2843
2025/07/20,08:00,2914,0,11,1026,111,171,0,533,1,283,0,647,0,464,0,0,-46,-287,0,2914
2025/07/20,08:30,3100,0,11,1102,111,171,0,534,1,284,0,759,0,452,0,0,-4,-321,0,3100
2025/07/20,09:00,3255,0,11,1230,126,172,0,534,1,283,0,803,0,449,0,0,-5,-349,0,3255
2025/07/20,09:30,3327,0,11,1233,144,171,0,517,1,282,0,868,0,455,0,3,-5,-353,0,3327
2025/07/20,10:00,3360,0,11,1015,129,171,0,517,1,283,0,944,0,499,0,-76,-4,-130,0,3360
2025/07/20,10:30,3386,0,11,1136,181,171,0,512,1,283,0,886,0,501,0,-289,-5,-2,0,3386
2025/07/20,11:00,3470,0,11,1235,160,172,0,491,1,283,0,880,0,483,0,-198,-4,-44,0,3470
2025/07/20,11:30,3490,0,11,1309,160,171,0,500,1,283,0,877,0,492,0,-185,-6,-123,0,3490
2025/07/20,12:00,3455,0,11,1293,155,172,0,495,1,283,0,867,0,508,0,-167,-51,-112,0,3455
2025/07/20,12:30,3347,0,11,1242,118,171,0,501,1,284,0,851,0,531,0,-219,-52,-92,0,3347
2025/07/20,13:00,3303,0,11,1212,126,185,0,500,1,273,0,805,0,533,0,-219,-7,-117,0,3303
2025/07/20,13:30,3339,0,11,1172,128,210,0,509,1,262,0,812,0,552,0,-119,-4,-195,0,3339
2025/07/20,14:00,3428,0,11,1268,117,216,0,515,1,272,0,800,0,558,0,2,-3,-329,0,3428
2025/07/20,14:30,3378,0,11,1212,111,217,0,522,1,283,0,742,0,554,0,0,-3,-272,0,3378
2025/07/20,15:00,3364,0,11,1221,115,216,0,524,1,283,0,648,0,531,0,0,-5,-181,0,3364
2025/07/20,15:30,3426,0,11,1419,124,217,0,530,1,283,0,557,0,477,0,0,-5,-188,0,3426
2025/07/20,16:00,3476,0,76,1583,160,216,0,575,1,283,0,451,0,453,0,0,-5,-317,0,3476
2025/07/20,16:30,3496,0,91,1585,124,217,0,599,1,285,0,350,0,452,0,0,-5,-203,0,3496
2025/07/20,17:00,3504,0,91,1548,122,217,0,618,1,288,0,240,0,432,0,50,-5,-98,0,3504
2025/07/20,17:30,3548,0,92,1595,116,219,0,647,1,288,0,123,0,434,0,69,-5,-31,0,3548
2025/07/20,18:00,3529,0,91,1573,170,221,0,677,1,288,0,44,0,469,0,12,19,-36,0,3529
2025/07/20,18:30,3497,0,92,1558,140,221,0,677,1,289,0,4,0,462,0,0,43,10,0,3497
2025/07/20,19:00,3549,0,91,1576,153,221,0,678,1,289,0,0,0,495,0,0,37,8,0,3549
2025/07/20,19:30,3569,0,91,1596,184,218,0,677,1,288,0,1,0,498,0,38,-4,-19,0,3569
2025/07/20,20:00,3459,0,91,1586,138,218,0,666,1,289,0,0,0,490,0,44,-5,-59,0,3459
2025/07/20,20:30,3393,0,91,1609,150,218,0,627,1,288,0,0,0,470,0,52,-5,-108,0,3393
2025/07/20,21:00,3290,0,91,1622,111,218,0,559,1,288,0,0,0,482,0,66,-5,-143,0,3290
2025/07/20,21:30,3186,0,92,1623,111,216,0,537,1,289,0,0,0,479,0,103,-5,-260,0,3186
2025/07/20,22:00,3089,0,79,1623,111,217,0,537,1,288,0,0,0,471,0,95,-5,-328,0,3089
2025/07/20,22:30,2997,0,79,1622,111,216,0,523,1,289,0,0,0,486,0,36,-5,-361,0,2997
2025/07/20,23:00,2951,0,79,1598,111,217,0,478,1,289,0,0,0,482,0,24,-5,-323,0,2951
2025/07/20,23:30,2851,0,79,1539,67,216,0,476,1,288,0,0,0,479,0,35,-5,-324,0,2851
2025/07/21,00:00,2750,0,21,1459,58,216,0,475,1,289,0,0,0,477,0,44,-5,-285,0,2750
2025/07/21,00:30,2684,0,11,1421,57,216,0,474,1,289,0,0,0,475,0,36,-5,-291,0,2684
2025/07/21,01:00,2653,0,11,1382,57,217,0,473,1,290,0,0,0,476,0,40,-5,-289,0,2653
2025/07/21,01:30,2631,0,11,1346,58,217,0,474,1,289,0,0,0,481,0,45,-5,-286,0,2631
2025/07/21,02:00,2615,0,11,1237,102,217,0,484,1,289,0,0,0,495,0,65,-5,-281,0,2615
2025/07/21,02:30,2717,0,11,1235,111,217,0,485,1,289,0,0,0,488,0,104,-5,-219,0,2717
2025/07/21,03:00,2789,0,11,1307,119,217,0,504,1,289,0,0,0,482,0,103,-5,-239,0,2789
2025/07/21,03:30,2837,0,11,1276,120,217,0,506,1,288,0,0,0,491,0,101,-5,-169,0,2837
2025/07/21,04:00,2791,0,11,1217,120,217,0,509,1,290,0,3,0,487,0,102,-4,-162,0,2791
2025/07/21,04:30,2839,0,11,1252,120,217,0,500,1,289,0,82,0,483,0,101,-5,-212,0,2839
2025/07/21,05:00,2896,0,11,1276,120,217,0,517,1,289,0,195,0,476,0,102,-5,-303,0,2896
2025/07/21,05:30,2902,0,11,1143,120,217,0,534,1,289,0,327,0,486,0,95,-5,-316,0,2902
2025/07/21,06:00,2912,0,11,1007,133,204,0,553,1,289,0,487,0,493,0,32,-6,-292,0,2912
2025/07/21,06:30,2968,0,11,984,166,178,0,592,1,289,0,710,0,459,0,-54,-51,-317,0,2968
2025/07/21,07:00,3082,0,11,1036,185,170,0,586,1,288,0,895,0,462,0,-196,-49,-307,0,3082
2025/07/21,07:30,3246,0,11,1070,192,171,0,534,1,289,0,1053,0,475,0,-194,-50,-306,0,3246
2025/07/21,08:00,3483,0,11,1132,192,171,0,518,1,288,0,1239,0,487,0,-203,-5,-348,0,3483
2025/07/21,08:30,3685,0,11,1184,226,171,0,509,1,288,0,1353,0,498,0,-203,-5,-348,0,3685
2025/07/21,09:00,3853,0,11,1167,263,171,0,498,1,289,0,1503,0,505,0,-216,-6,-333,0,3853
2025/07/21,09:30,3947,0,11,1161,281,171,0,473,1,288,0,1553,0,514,0,-211,-4,-291,0,3947
2025/07/21,10:00,3999,0,11,1088,286,170,0,479,1,289,0,1633,0,545,0,-220,-5,-278,0,3999
2025/07/21,10:30,4003,0,11,964,288,155,0,459,1,290,0,1626,0,564,0,-221,-5,-129,0,4003
2025/07/21,11:00,4041,0,11,1020,356,124,0,457,1,290,0,1662,0,540,0,-230,-5,-185,0,4041
2025/07/21,11:30,3969,0,11,1027,363,117,0,462,1,292,0,1590,0,534,0,-228,-9,-191,0,3969
2025/07/21,12:00,3934,0,11,1038,363,117,0,461,1,293,0,1540,0,538,0,-229,-4,-195,0,3934
2025/07/21,12:30,3938,0,11,1069,363,117,0,467,1,292,0,1502,0,522,0,-226,-5,-175,0,3938
2025/07/21,13:00,3988,0,11,1099,399,131,0,468,1,282,0,1452,0,536,0,-228,-5,-158,0,3988
2025/07/21,13:30,3952,0,11,1082,422,155,0,476,1,270,0,1355,0,565,0,-228,-5,-152,0,3952
2025/07/21,14:00,3955,0,11,1146,424,178,0,481,1,277,0,1204,0,574,0,-213,-4,-124,0,3955
2025/07/21,14:30,3961,0,11,1355,424,209,0,485,1,291,0,993,0,579,0,-220,-5,-162,0,3961
2025/07/21,15:00,3940,0,11,1526,424,216,0,486,1,292,0,846,0,570,0,-224,-4,-204,0,3940
2025/07/21,15:30,3914,0,11,1524,428,216,0,498,1,292,0,717,0,524,0,-33,-5,-259,0,3914
2025/07/21,16:00,3939,0,75,1524,424,216,0,546,1,293,0,551,0,501,0,0,-6,-186,0,3939
2025/07/21,16:30,3979,0,90,1587,457,218,0,578,1,295,0,448,0,493,0,0,-4,-184,0,3979
2025/07/21,17:00,3976,0,91,1656,533,217,0,619,1,296,0,285,0,498,0,0,-5,-215,0,3976
2025/07/21,17:30,3972,0,91,1679,582,219,0,648,1,296,0,124,0,503,0,11,42,-224,0,3972
2025/07/21,18:00,3933,0,91,1696,434,221,0,684,1,295,0,41,0,500,0,100,19,-149,0,3933
2025/07/21,18:30,3883,0,91,1732,501,222,0,689,1,295,0,3,0,491,0,110,37,-289,0,3883
2025/07/21,19:00,3916,0,91,1724,526,221,0,709,1,296,0,0,0,525,0,110,-4,-283,0,3916
2025/07/21,19:30,3880,0,91,1664,446,218,0,674,1,295,0,1,0,546,0,93,-7,-142,0,3880
2025/07/21,20:00,3765,0,90,1669,428,218,0,661,1,296,0,0,0,544,0,19,-5,-156,0,3765
2025/07/21,20:30,3701,0,89,1618,325,219,0,654,1,296,0,0,0,541,0,44,-5,-81,0,3701
2025/07/21,21:00,3577,0,90,1627,269,219,0,638,1,297,0,0,0,543,0,19,-5,-121,0,3577
2025/07/21,21:30,3437,0,90,1590,271,217,0,634,1,297,0,0,0,546,0,0,-5,-204,0,3437
2025/07/21,22:00,3367,0,77,1621,305,216,0,557,1,296,0,0,0,549,0,0,-5,-250,0,3367
2025/07/21,22:30,3245,0,77,1598,326,216,0,511,1,295,0,0,0,554,0,0,-5,-328,0,3245
2025/07/21,23:00,3158,0,77,1566,246,217,0,480,1,294,0,0,0,567,0,0,-4,-286,0,3158
2025/07/21,23:30,3070,0,77,1566,177,217,0,476,1,293,0,0,0,574,0,0,-5,-306,0,3070
2025/07/22,00:00,2975,0,21,1587,143,217,0,461,1,288,0,0,0,578,0,0,-6,-315,0,2975
2025/07/22,00:30,2863,0,11,1521,113,216,0,461,1,288,0,0,0,579,0,0,-5,-322,0,2863
2025/07/22,01:00,2826,0,11,1482,110,216,0,456,1,288,0,0,0,564,0,0,-5,-297,0,2826
2025/07/22,01:30,2820,0,11,1489,110,216,0,454,1,289,0,0,0,562,0,0,-6,-306,0,2820
2025/07/22,02:00,2827,0,11,1527,110,217,0,469,1,289,0,0,0,569,0,0,-49,-317,0,2827
2025/07/22,02:30,2865,0,11,1448,111,217,0,492,1,289,0,0,0,568,0,0,-4,-268,0,2865
2025/07/22,03:00,2932,0,11,1434,117,216,0,507,1,289,0,0,0,562,0,0,-4,-201,0,2932
2025/07/22,03:30,2986,0,11,1508,144,217,0,509,1,289,0,0,0,562,0,0,-5,-250,0,2986
2025/07/22,04:00,3006,0,11,1587,159,217,0,522,1,289,0,3,0,549,0,0,-4,-328,0,3006
2025/07/22,04:30,3058,0,11,1531,159,217,0,538,1,289,0,84,0,540,0,0,-4,-308,0,3058
2025/07/22,05:00,3137,0,11,1502,162,216,0,551,1,289,0,209,0,531,0,0,-5,-330,0,3137
2025/07/22,05:30,3167,0,11,1299,166,217,0,502,1,289,0,362,0,515,0,0,-10,-185,0,3167
2025/07/22,06:00,3253,0,11,1223,132,217,0,507,1,289,0,542,0,506,0,0,-8,-167,0,3253
2025/07/22,06:30,3389,0,11,1379,120,217,0,491,1,289,0,765,0,455,0,0,-47,-292,0,3389
2025/07/22,07:00,3551,0,22,1380,120,216,0,484,1,288,0,967,0,445,0,0,-6,-366,0,3551
2025/07/22,07:30,3787,0,24,1406,123,216,0,490,1,288,0,1186,0,453,0,0,-36,-364,0,3787
2025/07/22,08:00,4076,0,23,1424,127,216,0,488,1,287,0,1382,0,481,0,0,7,-360,0,4076
2025/07/22,08:30,4330,0,23,1507,137,216,0,480,1,287,0,1554,0,491,0,0,5,-371,0,4330
2025/07/22,09:00,4549,0,23,1445,176,215,0,462,1,286,0,1716,0,498,0,0,4,-277,0,4549
2025/07/22,09:30,4633,0,22,1267,179,215,0,455,1,286,0,1804,0,502,0,15,6,-119,0,4633
2025/07/22,10:00,4693,0,21,1119,176,215,0,456,1,286,0,1870,0,535,0,49,0,-35,0,4693
2025/07/22,10:30,4735,0,19,1349,188,216,0,458,1,286,0,1877,0,551,0,-42,-8,-160,0,4735
2025/07/22,11:00,4765,0,16,1596,244,215,0,460,1,285,0,1862,0,517,0,-229,-10,-192,0,4765
2025/07/22,11:30,4741,0,20,1617,245,215,0,464,1,286,0,1808,0,512,0,-226,-9,-192,0,4741
2025/07/22,12:00,4654,0,21,1527,221,215,0,464,1,287,0,1765,0,516,0,-224,-11,-128,0,4654
2025/07/22,12:30,4558,0,22,1543,247,216,0,470,1,287,0,1678,0,495,0,-228,-16,-157,0,4558
2025/07/22,13:00,4638,0,18,1627,333,215,0,470,1,276,0,1522,0,485,0,-207,-10,-92,0,4638
2025/07/22,13:30,4602,0,18,1604,370,216,0,483,1,265,0,1391,0,491,0,-50,-9,-178,0,4602
2025/07/22,14:00,4567,0,72,1580,263,216,0,509,1,276,0,1278,0,505,0,83,-9,-207,0,4567
2025/07/22,14:30,4535,0,84,1595,293,216,0,537,1,287,0,1098,0,521,0,58,-9,-146,0,4535
2025/07/22,15:00,4539,0,90,1636,426,212,0,553,1,286,0,884,0,528,0,127,-9,-195,0,4539
2025/07/22,15:30,4565,0,91,1646,501,184,0,653,1,286,0,736,0,472,0,153,-6,-152,0,4565
2025/07/22,16:00,4595,0,90,1643,584,168,0,677,1,286,0,605,0,469,0,190,40,-158,0,4595
2025/07/22,16:30,4575,0,90,1636,709,182,0,673,1,286,0,479,0,467,0,190,39,-177,0,4575
2025/07/22,17:00,4444,0,91,1657,634,212,0,704,1,287,0,289,0,455,0,216,-5,-97,0,4444
2025/07/22,17:30,4378,0,91,1715,569,219,0,712,1,287,0,130,0,462,0,210,17,-35,0,4378
2025/07/22,18:00,4306,0,91,1721,570,221,0,723,1,288,0,46,0,474,0,210,-7,-32,0,4306
2025/07/22,18:30,4272,0,90,1721,525,219,0,725,1,287,0,5,0,481,0,216,-6,8,0,4272
2025/07/22,19:00,4293,0,90,1722,546,219,0,725,1,288,0,0,0,516,0,212,-7,-19,0,4293
2025/07/22,19:30,4231,0,90,1714,596,218,0,659,1,288,0,1,0,525,0,203,-6,-58,0,4231
2025/07/22,20:00,4079,0,91,1707,511,218,0,641,1,288,0,0,0,524,0,142,-7,-37,0,4079
2025/07/22,20:30,3969,0,90,1708,436,218,0,639,1,288,0,0,0,533,0,72,-5,-11,0,3969
2025/07/22,21:00,3808,0,90,1665,338,219,0,621,1,288,0,0,0,554,0,8,-6,30,0,3808
2025/07/22,21:30,3672,0,91,1656,268,216,0,601,1,289,0,0,0,560,0,1,-5,-6,0,3672
2025/07/22,22:00,3570,0,91,1662,228,216,0,592,1,288,0,0,0,557,0,22,-5,-82,0,3570
2025/07/22,22:30,3456,0,91,1658,166,216,0,562,1,287,0,0,0,540,0,0,-5,-60,0,3456
2025/07/22,23:00,3369,0,77,1638,161,216,0,492,1,289,0,0,0,545,0,0,-6,-44,0,3369
2025/07/22,23:30,3249,0,77,1630,175,217,0,481,1,288,0,0,0,543,0,0,-7,-156,0,3249
2025/07/23,00:00,3125,0,21,1612,184,215,0,471,1,288,0,0,0,542,0,0,-5,-204,0,3125
2025/07/23,00:30,3033,0,11,1628,152,216,0,470,1,289,0,0,0,529,0,0,-5,-258,0,3033
2025/07/23,01:00,2985,0,11,1616,132,217,0,469,1,289,0,0,0,501,0,0,-5,-246,0,2985
2025/07/23,01:30,2943,0,11,1569,110,217,0,469,1,289,0,0,0,511,0,0,-4,-230,0,2943
2025/07/23,02:00,2954,0,11,1536,107,216,0,477,1,289,0,0,0,507,0,0,-4,-186,0,2954
2025/07/23,02:30,3028,0,11,1625,114,216,0,479,1,289,0,0,0,500,0,0,-4,-203,0,3028
2025/07/23,03:00,3072,0,11,1614,112,216,0,516,1,290,0,0,0,475,0,0,-4,-159,0,3072
2025/07/23,03:30,3114,0,11,1656,141,217,0,530,1,289,0,0,0,461,0,0,-4,-188,0,3114
2025/07/23,04:00,3099,0,11,1656,126,217,0,529,1,289,0,3,0,457,0,0,-5,-185,0,3099
2025/07/23,04:30,3127,0,11,1654,163,217,0,497,1,289,0,83,0,456,0,0,-4,-240,0,3127
2025/07/23,05:00,3197,0,11,1629,127,216,0,478,1,289,0,207,0,449,0,0,-8,-202,0,3197
2025/07/23,05:30,3229,0,11,1509,131,217,0,472,1,289,0,362,0,449,0,-64,-5,-143,0,3229
2025/07/23,06:00,3337,0,11,1566,132,204,0,498,1,289,0,544,0,441,0,-208,-6,-135,0,3337
2025/07/23,06:30,3521,0,11,1652,156,178,0,507,1,289,0,787,0,392,0,-127,-52,-273,0,3521
2025/07/23,07:00,3668,0,11,1587,137,170,0,476,1,288,0,986,0,402,0,0,-52,-338,0,3668
2025/07/23,07:30,3882,0,11,1580,136,172,0,476,1,287,0,1206,0,406,0,0,-46,-347,0,3882
2025/07/23,08:00,4150,0,11,1608,157,165,0,456,1,286,0,1413,0,432,0,0,-6,-373,0,4150
2025/07/23,08:30,4418,0,11,1640,152,159,0,455,1,285,0,1602,0,440,0,0,-5,-322,0,4418
2025/07/23,09:00,4604,0,11,1658,148,155,0,451,1,286,0,1760,0,445,0,0,-5,-306,0,4604
2025/07/23,09:30,4712,0,11,1660,149,155,0,445,1,284,0,1868,0,445,0,0,-6,-300,0,4712
2025/07/23,10:00,4792,0,11,1641,181,154,0,449,1,285,0,1955,0,477,0,0,-5,-357,0,4792
2025/07/23,10:30,4862,0,11,1643,186,156,0,453,1,283,0,2007,0,487,0,0,-5,-360,0,4862
2025/07/23,11:00,4922,0,11,1644,199,166,0,449,1,284,0,2016,0,442,0,0,-6,-284,0,4922
2025/07/23,11:30,4896,0,11,1641,218,168,0,449,1,283,0,1984,0,427,0,0,-5,-281,0,4896
2025/07/23,12:00,4801,0,11,1638,180,183,0,443,1,282,0,1908,0,420,0,0,-9,-256,0,4801
2025/07/23,12:30,4805,0,11,1664,247,208,0,448,1,270,0,1824,0,407,0,26,-4,-297,0,4805
2025/07/23,13:00,4884,0,46,1657,213,215,0,471,1,259,0,1751,0,411,0,32,-5,-167,0,4884
2025/07/23,13:30,4844,0,53,1679,199,213,0,496,1,250,0,1569,0,438,0,36,-4,-86,0,4844
2025/07/23,14:00,4806,0,53,1684,276,215,0,500,1,265,0,1409,0,444,0,37,-3,-75,0,4806
2025/07/23,14:30,4726,0,53,1662,359,215,0,535,1,271,0,1204,0,446,0,96,0,-116,0,4726
2025/07/23,15:00,4643,0,53,1694,422,215,0,570,1,272,0,993,0,446,0,93,0,-116,0,4643
2025/07/23,15:30,4699,0,53,1716,478,215,0,605,1,272,0,836,0,399,0,233,0,-109,0,4699
2025/07/23,16:00,4712,0,53,1717,524,216,0,685,1,275,0,652,0,367,0,255,0,-33,0,4712
2025/07/23,16:30,4706,0,53,1728,556,217,0,702,1,279,0,501,0,366,0,291,43,-31,0,4706
2025/07/23,17:00,4621,0,53,1740,577,217,0,705,1,283,0,297,0,384,0,361,-4,7,0,4621
2025/07/23,17:30,4473,0,54,1738,574,219,0,711,1,284,0,145,0,403,0,280,42,22,0,4473
2025/07/23,18:00,4345,0,85,1737,542,221,0,724,1,285,0,42,0,396,0,219,-8,101,0,4345
2025/07/23,18:30,4291,0,91,1735,483,220,0,748,1,285,0,1,0,406,0,211,12,98,0,4291
2025/07/23,19:00,4280,0,92,1741,567,221,0,677,1,286,0,0,0,438,0,223,-12,46,0,4280
2025/07/23,19:30,4204,0,58,1741,585,218,0,652,1,286,0,2,0,445,0,216,-8,8,0,4204
2025/07/23,20:00,4049,0,54,1715,558,218,0,608,1,287,0,0,0,447,0,208,-7,-40,0,4049
2025/07/23,20:30,3909,0,54,1664,520,218,0,590,1,287,0,0,0,450,0,154,-7,-22,0,3909
2025/07/23,21:00,3746,0,54,1660,424,218,0,578,1,286,0,0,0,449,0,78,-6,4,0,3746
2025/07/23,21:30,3596,0,54,1671,400,216,0,534,1,286,0,0,0,446,0,0,-6,-6,0,3596
2025/07/23,22:00,3480,0,55,1659,331,216,0,523,1,286,0,0,0,451,0,0,-5,-37,0,3480
2025/07/23,22:30,3368,0,55,1646,243,216,0,519,1,287,0,0,0,473,0,0,-6,-66,0,3368
2025/07/23,23:00,3301,0,75,1651,225,217,0,506,1,287,0,0,0,479,0,6,-6,-140,0,3301
2025/07/23,23:30,3205,0,79,1654,171,217,0,491,1,287,0,0,0,472,0,19,-6,-180,0,3205
2025/07/24,00:00,3097,0,21,1651,240,216,0,492,1,288,0,0,0,466,0,16,-5,-289,0,3097
2025/07/24,00:30,3007,0,11,1645,160,216,0,491,1,288,0,0,0,473,0,0,-5,-273,0,3007
2025/07/24,01:00,2952,0,11,1627,123,216,0,477,1,288,0,0,0,468,0,0,-5,-254,0,2952
2025/07/24,01:30,2918,0,11,1639,111,216,0,492,1,287,0,0,0,483,0,0,-5,-317,0,2918
2025/07/24,02:00,2932,0,11,1637,112,216,0,492,1,288,0,0,0,472,0,0,-5,-292,0,2932
2025/07/24,02:30,2968,0,11,1645,150,216,0,493,1,288,0,0,0,454,0,0,-5,-285,0,2968
2025/07/24,03:00,3023,0,11,1644,163,216,0,498,1,287,0,0,0,455,0,0,-5,-247,0,3023
2025/07/24,03:30,3059,0,11,1642,164,217,0,500,1,288,0,0,0,458,0,0,-5,-217,0,3059
2025/07/24,04:00,3060,0,11,1628,131,216,0,539,1,287,0,3,0,460,0,0,-6,-210,0,3060
2025/07/24,04:30,3088,0,11,1617,148,217,0,543,1,287,0,87,0,455,0,0,-6,-272,0,3088
2025/07/24,05:00,3166,0,11,1590,176,216,0,513,1,287,0,229,0,445,0,0,-5,-297,0,3166
2025/07/24,05:30,3182,0,11,1555,130,216,0,502,1,287,0,382,0,453,0,0,-10,-345,0,3182
2025/07/24,06:00,3281,0,11,1497,116,217,0,483,1,287,0,562,0,456,0,0,-5,-344,0,3281
2025/07/24,06:30,3373,0,11,1469,113,216,0,480,1,286,0,787,0,400,0,0,-51,-339,0,3373
2025/07/24,07:00,3502,0,10,1454,111,216,0,433,1,286,0,983,0,385,0,0,-50,-327,0,3502
2025/07/24,07:30,3714,0,11,1440,118,216,0,452,1,286,0,1192,0,381,0,0,-45,-338,0,3714
2025/07/24,08:00,4014,0,60,1508,131,216,0,434,1,281,0,1416,0,380,0,0,-8,-405,0,4014
2025/07/24,08:30,4316,0,72,1539,169,215,0,434,1,280,0,1622,0,382,0,0,-7,-391,0,4316
2025/07/24,09:00,4518,0,70,1553,155,215,0,431,1,279,0,1788,0,388,0,0,12,-374,0,4518
2025/07/24,09:30,4636,0,70,1578,191,215,0,426,1,278,0,1886,0,383,0,0,15,-407,0,4636
2025/07/24,10:00,4706,0,19,1595,161,215,0,418,1,279,0,1969,0,409,0,0,10,-370,0,4706
2025/07/24,10:30,4772,0,11,1613,202,211,0,412,1,266,0,2003,0,409,0,0,6,-362,0,4772
2025/07/24,11:00,4837,0,11,1628,287,183,0,406,1,258,0,2022,0,366,0,0,6,-331,0,4837
2025/07/24,11:30,4821,0,11,1612,230,166,0,434,1,259,0,2016,0,364,0,0,5,-277,0,4821
2025/07/24,12:00,4710,0,11,1562,162,185,0,450,1,263,0,2000,0,361,0,0,3,-288,0,4710
2025/07/24,12:30,4678,0,10,1511,161,213,0,463,1,279,0,1936,0,366,0,0,3,-265,0,4678
2025/07/24,13:00,4763,0,22,1545,161,216,0,449,1,280,0,1849,0,378,0,56,-3,-191,0,4763
2025/07/24,13:30,4747,0,23,1625,205,217,0,457,1,279,0,1725,0,408,0,60,-4,-249,0,4747
2025/07/24,14:00,4714,0,72,1619,289,218,0,491,1,280,0,1565,0,406,0,59,-4,-282,0,4714
2025/07/24,14:30,4650,0,84,1639,292,217,0,557,1,278,0,1351,0,391,0,103,-5,-258,0,4650
2025/07/24,15:00,4622,0,84,1629,313,217,0,609,1,280,0,1162,0,376,0,189,-5,-233,0,4622
2025/07/24,15:30,4688,0,84,1675,515,217,0,636,1,280,0,975,0,327,0,188,-4,-206,0,4688
2025/07/24,16:00,4733,0,89,1654,639,216,0,719,1,280,0,771,0,309,0,189,-4,-130,0,4733
2025/07/24,16:30,4743,0,82,1648,667,218,0,760,1,280,0,587,0,301,0,193,5,1,0,4743
2025/07/24,17:00,4659,0,82,1683,760,218,0,751,1,280,0,362,0,302,0,207,-5,18,0,4659
2025/07/24,17:30,4537,0,82,1742,767,218,0,753,1,280,0,148,0,298,0,216,-2,34,0,4537
2025/07/24,18:00,4414,0,89,1721,688,220,0,767,1,281,0,38,0,287,0,212,44,66,0,4414
2025/07/24,18:30,4336,0,90,1720,601,220,0,781,1,281,0,1,0,279,0,213,40,109,0,4336
2025/07/24,19:00,4315,0,90,1718,627,219,0,781,1,281,0,0,0,242,0,234,-4,126,0,4315
2025/07/24,19:30,4233,0,90,1737,651,218,0,699,1,280,0,1,0,223,0,233,13,87,0,4233
2025/07/24,20:00,4079,0,92,1741,602,219,0,673,1,281,0,0,0,225,0,214,3,28,0,4079
2025/07/24,20:30,3963,0,92,1733,515,219,0,641,1,281,0,0,0,220,0,216,4,41,0,3963
2025/07/24,21:00,3791,0,92,1707,402,218,0,620,1,281,0,0,0,223,0,173,3,71,0,3791
2025/07/24,21:30,3651,0,92,1735,355,217,0,615,1,282,0,0,0,222,0,39,3,90,0,3651
2025/07/24,22:00,3539,0,92,1730,318,217,0,588,1,279,0,0,0,218,0,23,3,70,0,3539
2025/07/24,22:30,3401,0,92,1716,268,217,0,571,1,281,0,0,0,217,0,21,3,14,0,3401
2025/07/24,23:00,3281,0,80,1659,243,216,0,510,1,281,0,0,0,262,0,14,3,12,0,3281
2025/07/24,23:30,3191,0,79,1621,198,217,0,485,1,281,0,0,0,306,0,0,0,3,0,3191
2025/07/25,00:00,3090,0,79,1631,213,216,0,477,1,281,0,0,0,306,0,0,-5,-109,0,3090
2025/07/25,00:30,3022,0,79,1616,202,216,0,482,1,281,0,0,0,326,0,0,-5,-176,0,3022
2025/07/25,01:00,2919,0,79,1574,111,216,0,483,1,282,0,0,0,330,0,0,-6,-151,0,2919
2025/07/25,01:30,2907,0,75,1567,110,216,0,498,1,282,0,0,0,332,0,0,-5,-169,0,2907
2025/07/25,02:00,2893,0,71,1565,110,216,0,504,1,282,0,0,0,327,0,0,-5,-178,0,2893
2025/07/25,02:30,2971,0,67,1621,161,216,0,513,1,282,0,0,0,305,0,0,-5,-190,0,2971
2025/07/25,03:00,2998,0,66,1640,209,216,0,523,1,282,0,0,0,306,0,0,-6,-239,0,2998
2025/07/25,03:30,3058,0,64,1611,226,216,0,519,1,282,0,0,0,302,0,0,-5,-158,0,3058
2025/07/25,04:00,3057,0,64,1609,191,216,0,534,1,282,0,2,0,308,0,0,-5,-145,0,3057
2025/07/25,04:30,3073,0,65,1612,192,216,0,531,1,281,0,76,0,297,0,0,-5,-193,0,3073
2025/07/25,05:00,3156,0,68,1608,257,216,0,468,1,282,0,192,0,318,0,0,-5,-249,0,3156
2025/07/25,05:30,3180,0,74,1618,211,216,0,445,1,282,0,338,0,315,0,0,-5,-315,0,3180
2025/07/25,06:00,3231,0,79,1589,131,216,0,409,1,282,0,528,0,315,0,0,-8,-311,0,3231
2025/07/25,06:30,3359,0,79,1575,110,216,0,396,1,282,0,793,0,281,0,0,-52,-322,0,3359
2025/07/25,07:00,3498,0,79,1536,110,216,0,392,1,281,0,998,0,280,0,0,-42,-353,0,3498
2025/07/25,07:30,3724,0,79,1524,110,216,0,390,1,281,0,1215,0,298,0,0,-41,-349,0,3724
2025/07/25,08:00,3992,0,79,1511,113,216,0,393,1,281,0,1422,0,311,0,0,3,-338,0,3992
2025/07/25,08:30,4294,0,79,1615,121,212,0,396,1,280,0,1610,0,312,0,0,1,-333,0,4294
2025/07/25,09:00,4487,0,78,1638,122,183,0,396,1,280,0,1790,0,319,0,0,2,-322,0,4487
2025/07/25,09:30,4615,0,78,1638,125,167,0,386,1,279,0,1897,0,331,0,0,-4,-283,0,4615
2025/07/25,10:00,4687,0,21,1645,172,180,0,349,1,278,0,1979,0,370,0,0,2,-310,0,4687
2025/07/25,10:30,4761,0,11,1643,195,180,0,349,1,279,0,2009,0,386,0,0,3,-295,0,4761
2025/07/25,11:00,4828,0,11,1653,256,166,0,349,1,279,0,2026,0,354,0,0,1,-268,0,4828
2025/07/25,11:30,4816,0,11,1610,238,166,0,349,1,279,0,2002,0,345,0,0,-4,-181,0,4816
2025/07/25,12:00,4684,0,11,1537,161,167,0,351,1,279,0,1957,0,346,0,0,-5,-121,0,4684
2025/07/25,12:30,4688,0,11,1579,162,167,0,373,1,279,0,1870,0,355,0,0,-4,-105,0,4688
2025/07/25,13:00,4814,0,23,1632,192,166,0,387,1,266,0,1780,0,352,0,5,-4,14,0,4814
2025/07/25,13:30,4808,0,23,1651,171,167,0,443,1,258,0,1618,0,384,0,67,-5,30,0,4808
2025/07/25,14:00,4774,0,77,1716,198,168,0,467,1,266,0,1408,0,393,0,55,-5,30,0,4774
2025/07/25,14:30,4700,0,90,1715,317,168,0,461,1,278,0,1134,0,396,0,120,-5,25,0,4700
2025/07/25,15:00,4576,0,90,1682,387,189,0,547,1,279,0,904,0,387,0,164,-6,-48,0,4576
2025/07/25,15:30,4588,0,90,1698,390,214,0,627,1,279,0,713,0,370,0,261,-5,-50,0,4588
2025/07/25,16:00,4506,0,90,1691,377,217,0,746,1,279,0,548,0,376,0,221,-5,-35,0,4506
2025/07/25,16:30,4456,0,90,1678,407,216,0,778,1,279,0,444,0,372,0,207,-4,-12,0,4456
2025/07/25,17:00,4344,0,90,1664,474,219,0,787,1,280,0,286,0,368,0,181,-4,-2,0,4344
2025/07/25,17:30,4262,0,90,1664,554,220,0,787,1,279,0,122,0,366,0,175,-4,8,0,4262
2025/07/25,18:00,4174,0,90,1668,526,220,0,782,1,279,0,39,0,364,0,165,44,-4,0,4174
2025/07/25,18:30,4126,0,90,1668,459,218,0,766,1,279,0,1,0,368,0,205,42,29,0,4126
2025/07/25,19:00,4127,0,91,1671,450,217,0,735,1,280,0,0,0,394,0,248,9,31,0,4127
2025/07/25,19:30,4057,0,91,1670,439,217,0,712,1,279,0,0,0,389,0,236,-6,29,0,4057
2025/07/25,20:00,3891,0,92,1678,435,217,0,642,1,279,0,0,0,360,0,178,-6,15,0,3891
2025/07/25,20:30,3815,0,92,1718,494,216,0,641,1,279,0,0,0,351,0,36,-5,-8,0,3815
2025/07/25,21:00,3690,0,92,1715,500,217,0,538,1,278,0,0,0,351,0,24,-5,-21,0,3690
2025/07/25,21:30,3558,0,92,1670,454,219,0,489,1,279,0,0,0,353,0,12,-5,-6,0,3558
2025/07/25,22:00,3468,0,92,1571,462,219,0,474,1,278,0,0,0,361,0,0,-5,15,0,3468
2025/07/25,22:30,3368,0,92,1516,417,219,0,471,1,277,0,0,0,366,0,0,-6,15,0,3368
2025/07/25,23:00,3313,0,79,1469,438,219,0,449,1,277,0,0,0,390,0,0,-4,-5,0,3313
2025/07/25,23:30,3199,0,79,1396,433,219,0,425,1,276,0,0,0,390,0,0,-5,-15,0,3199
2025/07/26,00:00,3070,0,79,1287,437,218,0,406,1,272,0,0,0,389,0,0,-4,-15,0,3070
2025/07/26,00:30,3008,0,79,1307,355,218,0,392,1,271,0,0,0,392,0,0,-5,-2,0,3008
2025/07/26,01:00,2957,0,76,1321,316,216,0,390,1,266,0,0,0,387,0,0,-5,-11,0,2957
2025/07/26,01:30,2927,0,72,1319,303,216,0,389,1,258,0,0,0,386,0,0,-6,-11,0,2927
2025/07/26,02:00,2898,0,69,1320,258,217,0,387,1,258,0,0,0,389,0,0,-5,4,0,2898
2025/07/26,02:30,2984,0,66,1320,301,216,0,394,1,258,0,0,0,388,0,0,-6,46,0,2984
2025/07/26,03:00,3010,0,65,1322,306,217,0,406,1,258,0,0,0,395,0,0,-5,45,0,3010
2025/07/26,03:30,3054,0,64,1313,324,217,0,423,1,258,0,0,0,400,0,0,-4,58,0,3054
2025/07/26,04:00,3028,0,63,1302,283,216,0,455,1,258,0,2,0,408,0,0,-5,45,0,3028
2025/07/26,04:30,3038,0,63,1325,237,216,0,456,1,258,0,58,0,386,0,0,-5,43,0,3038
2025/07/26,05:00,3044,0,64,1328,320,216,0,445,1,258,0,114,0,294,0,0,-5,9,0,3044
2025/07/26,05:30,3004,0,66,1317,327,217,0,450,1,258,0,165,0,247,0,0,-6,-38,0,3004
2025/07/26,06:00,3008,0,71,1318,243,217,0,445,1,258,0,202,0,275,0,0,-5,-17,0,3008
2025/07/26,06:30,3070,0,76,1321,250,216,0,432,1,258,0,235,0,308,0,0,-5,-22,0,3070
2025/07/26,07:00,3075,0,79,1274,234,216,0,412,1,257,0,285,0,310,0,0,-6,13,0,3075
2025/07/26,07:30,3175,0,79,1317,261,216,0,381,1,257,0,332,0,307,0,0,-21,45,0,3175
2025/07/26,08:00,3256,0,89,1330,258,216,0,381,1,257,0,346,0,321,0,0,-5,62,0,3256
2025/07/26,08:30,3386,0,91,1325,240,216,0,388,1,257,0,444,0,349,0,0,-5,80,0,3386
2025/07/26,09:00,3468,0,90,1255,226,216,0,422,1,257,0,496,0,366,0,53,-5,91,0,3468
2025/07/26,09:30,3498,0,90,1249,241,216,0,428,1,257,0,564,0,358,0,11,-4,87,0,3498
2025/07/26,10:00,3538,0,90,1369,286,216,0,410,1,256,0,628,0,325,0,-145,-4,106,0,3538
2025/07/26,10:30,3608,0,90,1370,359,216,0,402,1,257,0,645,0,317,0,-145,-4,100,0,3608
2025/07/26,11:00,3681,0,90,1344,346,216,0,402,1,257,0,648,0,264,0,25,-4,92,0,3681
2025/07/26,11:30,3639,0,90,1339,362,216,0,401,1,258,0,608,0,241,0,43,-5,85,0,3639
2025/07/26,12:00,3582,0,90,1335,380,216,0,400,1,258,0,565,0,233,0,0,-5,109,0,3582
2025/07/26,12:30,3520,0,90,1335,355,216,0,418,1,258,0,524,0,230,0,0,-5,98,0,3520
2025/07/26,13:00,3508,0,90,1343,363,216,0,444,1,245,0,470,0,229,0,0,-5,112,0,3508
2025/07/26,13:30,3530,0,90,1344,416,216,0,476,1,237,0,412,0,243,0,0,-4,99,0,3530
2025/07/26,14:00,3510,0,90,1341,354,216,0,500,1,250,0,391,0,240,0,32,-4,99,0,3510
2025/07/26,14:30,3488,0,90,1341,333,216,0,525,1,258,0,349,0,216,0,54,-3,108,0,3488
2025/07/26,15:00,3465,0,90,1367,395,216,0,550,1,257,0,279,0,191,0,22,-4,101,0,3465
2025/07/26,15:30,3501,0,90,1385,400,216,0,610,1,257,0,234,0,162,0,43,-5,108,0,3501
2025/07/26,16:00,3491,0,90,1380,408,216,0,684,1,257,0,155,0,147,0,46,-4,111,0,3491
2025/07/26,16:30,3511,0,90,1379,384,216,0,687,1,258,0,121,0,150,0,120,-3,108,0,3511
2025/07/26,17:00,3533,0,90,1388,359,217,0,724,1,258,0,86,0,147,0,151,-4,116,0,3533
2025/07/26,17:30,3555,0,90,1387,453,218,0,736,1,258,0,41,0,132,0,188,-5,56,0,3555
2025/07/26,18:00,3532,0,90,1383,504,219,0,736,1,260,0,17,0,138,0,127,-5,62,0,3532
2025/07/26,18:30,3540,0,90,1383,506,219,0,732,1,266,0,0,0,141,0,137,-5,70,0,3540
2025/07/26,19:00,3556,0,90,1392,552,219,0,717,1,271,0,0,0,111,0,125,-6,84,0,3556
2025/07/26,19:30,3512,0,91,1416,574,218,0,669,1,272,0,0,0,94,0,118,-5,64,0,3512
2025/07/26,20:00,3401,0,92,1422,546,218,0,620,1,272,0,0,0,98,0,92,-6,46,0,3401
2025/07/26,20:30,3327,0,92,1422,520,219,0,616,1,271,0,0,0,89,0,45,-5,57,0,3327
2025/07/26,21:00,3227,0,92,1421,397,217,0,570,1,271,0,0,0,100,0,112,-5,51,0,3227
2025/07/26,21:30,3123,0,92,1419,353,216,0,528,1,272,0,0,0,106,0,83,-4,57,0,3123
2025/07/26,22:00,3043,0,92,1416,331,216,0,467,1,271,0,0,0,104,0,77,-5,73,0,3043
2025/07/26,22:30,2967,0,92,1417,332,216,0,459,1,271,0,0,0,99,0,21,-5,64,0,2967
2025/07/26,23:00,2951,0,79,1404,311,216,0,462,1,272,0,0,0,131,0,21,-6,60,0,2951
2025/07/26,23:30,2871,0,79,1408,266,217,0,456,1,272,0,0,0,123,0,13,-6,42,0,2871
2025/07/27,00:00,2784,0,79,1385,216,216,0,470,1,271,0,0,0,105,0,14,-5,32,0,2784
2025/07/27,00:30,2712,0,75,1347,173,217,0,490,1,272,0,0,0,97,0,16,-5,29,0,2712
2025/07/27,01:00,2653,0,70,1325,168,217,0,501,1,272,0,0,0,93,0,0,-5,11,0,2653
2025/07/27,01:30,2645,0,66,1333,171,217,0,505,1,272,0,0,0,87,0,-4,-4,1,0,2645
2025/07/27,02:00,2661,0,63,1325,200,217,0,503,1,272,0,0,0,86,0,-2,-4,0,0,2661
2025/07/27,02:30,2729,0,60,1336,213,217,0,521,1,272,0,0,0,86,0,0,-5,28,0,2729
2025/07/27,03:00,2826,0,58,1342,235,217,0,577,1,272,0,0,0,84,0,0,-5,45,0,2826
2025/07/27,03:30,2854,0,57,1341,280,217,0,572,1,272,0,0,0,73,0,0,-5,46,0,2854
2025/07/27,04:00,2854,0,56,1334,294,216,0,577,1,272,0,2,0,68,0,0,-4,38,0,2854
2025/07/27,04:30,2908,0,56,1358,281,216,0,536,1,272,0,54,0,69,0,10,-4,59,0,2908
2025/07/27,05:00,2932,0,57,1409,225,216,0,545,1,272,0,109,0,66,0,19,-5,18,0,2932
2025/07/27,05:30,2898,0,59,1394,232,216,0,549,1,272,0,152,0,62,0,18,-5,-52,0,2898
2025/07/27,06:00,2900,0,64,1358,193,217,0,550,1,273,0,183,0,65,0,35,-5,-34,0,2900
2025/07/27,06:30,2860,0,68,1323,189,217,0,546,1,272,0,217,0,62,0,25,-30,-30,0,2860
2025/07/27,07:00,2902,0,76,1325,231,216,0,533,1,272,0,243,0,54,0,33,-52,-30,0,2902
2025/07/27,07:30,2982,0,79,1324,296,216,0,528,1,272,0,280,0,63,0,33,-50,-60,0,2982
2025/07/27,08:00,3098,0,90,1326,298,216,0,548,1,272,0,324,0,69,0,26,-5,-67,0,3098
2025/07/27,08:30,3180,0,93,1324,333,216,0,552,1,272,0,371,0,67,0,30,-6,-73,0,3180
2025/07/27,09:00,3250,0,91,1320,346,217,0,555,1,272,0,419,0,64,0,34,-5,-64,0,3250
2025/07/27,09:30,3264,0,91,1310,339,216,0,556,1,272,0,447,0,71,0,28,-5,-62,0,3264
2025/07/27,10:00,3237,0,91,1292,286,217,0,541,1,273,0,508,0,68,0,28,-6,-62,0,3237
2025/07/27,10:30,3283,0,91,1278,315,217,0,538,1,272,0,582,0,62,0,31,-5,-99,0,3283
2025/07/27,11:00,3285,0,91,1239,343,216,0,528,1,273,0,633,0,53,0,16,-6,-102,0,3285
2025/07/27,11:30,3261,0,91,1175,298,216,0,527,1,272,0,708,0,62,0,11,-4,-96,0,3261
2025/07/27,12:00,3209,0,91,1205,224,216,0,506,1,272,0,754,0,63,0,10,-7,-126,0,3209
2025/07/27,12:30,3175,0,91,1281,239,216,0,506,1,272,0,831,0,78,0,-201,-5,-134,0,3175
2025/07/27,13:00,3229,0,91,1349,388,217,0,503,1,258,0,885,0,103,0,-451,-5,-110,0,3229
2025/07/27,13:30,3255,0,91,1377,298,216,0,505,1,251,0,898,0,103,0,-460,-4,-21,0,3255
2025/07/27,14:00,3287,0,91,1401,309,216,0,512,1,266,0,855,0,89,0,-461,-5,13,0,3287
2025/07/27,14:30,3303,0,91,1405,405,216,0,554,1,272,0,757,0,83,0,-451,-4,-26,0,3303
2025/07/27,15:00,3355,0,91,1407,354,216,0,572,1,272,0,632,0,80,0,-262,-6,-2,0,3355
2025/07/27,15:30,3343,0,91,1343,314,216,0,618,1,272,0,503,0,67,0,-115,-5,38,0,3343
2025/07/27,16:00,3321,0,91,1287,220,216,0,652,1,272,0,418,0,71,0,19,-5,79,0,3321
2025/07/27,16:30,3383,0,91,1331,336,217,0,653,1,272,0,303,0,77,0,8,-5,99,0,3383
2025/07/27,17:00,3438,0,91,1368,484,217,0,641,1,272,0,183,0,82,0,13,-6,92,0,3438
2025/07/27,17:30,3462,0,91,1409,493,217,0,638,1,272,0,93,0,78,0,85,-4,89,0,3462
2025/07/27,18:00,3481,0,91,1417,576,220,0,624,1,272,0,30,0,74,0,93,-6,89,0,3481
2025/07/27,18:30,3489,0,91,1419,584,219,0,602,1,272,0,1,0,66,0,167,-3,70,0,3489
2025/07/27,19:00,3538,0,91,1426,584,219,0,600,1,272,0,0,0,54,0,217,-5,79,0,3538
2025/07/27,19:30,3518,0,91,1425,584,218,0,601,1,272,0,1,0,50,0,206,-6,75,0,3518
2025/07/27,20:00,3396,0,92,1426,584,216,0,598,1,272,0,0,0,39,0,115,-7,60,0,3396
2025/07/27,20:30,3326,0,92,1417,571,216,0,587,1,272,0,0,0,37,0,83,-4,54,0,3326
2025/07/27,21:00,3229,0,92,1392,475,216,0,580,1,272,0,0,0,37,0,115,-4,53,0,3229
2025/07/27,21:30,3109,0,92,1386,387,216,0,561,1,272,0,0,0,39,0,96,-4,63,0,3109
2025/07/27,22:00,3013,0,93,1377,399,216,0,518,1,272,0,0,0,44,0,66,-3,30,0,3013
2025/07/27,22:30,2899,0,93,1378,330,217,0,507,1,272,0,0,0,52,0,0,-4,53,0,2899
2025/07/27,23:00,2871,0,79,1360,336,216,0,500,1,272,0,0,0,72,0,0,-6,41,0,2871
2025/07/27,23:30,2763,0,79,1311,341,216,0,480,1,272,0,0,0,77,0,0,-7,-7,0,2763
2025/07/28,00:00,2682,0,79,1275,325,216,0,477,1,272,0,0,0,62,0,0,-5,-20,0,2682
2025/07/28,00:30,2570,0,79,1320,386,216,0,477,1,272,0,0,0,57,0,-203,-9,-26,0,2570
2025/07/28,01:00,2531,0,75,1349,357,217,0,459,1,272,0,0,0,54,0,-230,-10,-13,0,2531
2025/07/28,01:30,2501,0,71,1357,344,217,0,458,1,273,0,0,0,38,0,-231,-9,-18,0,2501
2025/07/28,02:00,2533,0,67,1358,371,217,0,461,1,273,0,0,0,32,0,-230,-8,-9,0,2533
2025/07/28,02:30,2627,0,65,1351,470,217,0,475,1,273,0,0,0,29,0,-230,-8,-16,0,2627
2025/07/28,03:00,2693,0,63,1332,529,216,0,496,1,272,0,0,0,19,0,-218,-8,-9,0,2693
2025/07/28,03:30,2739,0,61,1363,523,217,0,505,1,273,0,0,0,13,0,-222,-6,11,0,2739
2025/07/28,04:00,2771,0,62,1387,449,216,0,506,1,273,0,2,0,20,0,-175,-7,37,0,2771
2025/07/28,04:30,2793,0,63,1398,438,216,0,505,1,273,0,57,0,21,0,-197,-7,25,0,2793
2025/07/28,05:00,2849,0,66,1401,491,216,0,480,1,273,0,128,0,15,0,-231,-6,15,0,2849
2025/07/28,05:30,2817,0,72,1395,395,216,0,480,1,272,0,193,0,15,0,-229,-6,13,0,2817
2025/07/28,06:00,2857,0,79,1367,425,217,0,475,1,272,0,254,0,14,0,-228,-6,-13,0,2857
2025/07/28,06:30,2945,0,79,1368,453,216,0,474,1,273,0,320,0,10,0,-229,-6,-14,0,2945
2025/07/28,07:00,3084,0,72,1375,457,216,0,481,1,272,0,386,0,11,0,-223,-6,42,0,3084
2025/07/28,07:30,3296,0,72,1357,419,216,0,496,1,272,0,460,0,13,0,-86,-12,88,0,3296
2025/07/28,08:00,3552,0,81,1346,504,216,0,498,1,271,0,562,0,12,0,11,-6,56,0,3552
2025/07/28,08:30,3782,0,84,1375,568,216,0,530,1,272,0,667,0,13,0,31,-5,30,0,3782
2025/07/28,09:00,3968,0,83,1403,491,216,0,586,1,272,0,737,0,18,0,88,-6,79,0,3968
2025/07/28,09:30,4008,0,83,1400,498,215,0,587,1,271,0,734,0,20,0,89,-7,117,0,4008
2025/07/28,10:00,3969,0,83,1394,487,216,0,580,1,272,0,775,0,22,0,0,20,119,0,3969
2025/07/28,10:30,3995,0,82,1394,461,215,0,574,1,272,0,826,0,26,0,0,20,124,0,3995
2025/07/28,11:00,3973,0,82,1401,495,215,0,552,1,272,0,767,0,29,0,0,20,139,0,3973
2025/07/28,11:30,3961,0,83,1405,540,215,0,531,1,273,0,716,0,34,0,0,19,144,0,3961
2025/07/28,12:00,3836,0,83,1392,549,216,0,478,1,273,0,674,0,41,0,9,-5,125,0,3836
2025/07/28,12:30,3768,0,82,1392,508,216,0,481,1,273,0,638,0,69,0,0,-5,113,0,3768
2025/07/28,13:00,3924,0,82,1399,626,216,0,519,1,262,0,592,0,87,0,22,-5,123,0,3924
2025/07/28,13:30,3960,0,83,1400,639,215,0,525,1,251,0,559,0,75,0,95,-5,122,0,3960
2025/07/28,14:00,3989,0,83,1405,723,216,0,554,1,261,0,512,0,62,0,59,-5,118,0,3989
2025/07/28,14:30,3939,0,82,1401,753,215,0,558,1,272,0,444,0,56,0,58,-5,104,0,3939
2025/07/28,15:00,3904,0,83,1411,824,217,0,575,1,272,0,345,0,52,0,95,-4,33,0,3904
2025/07/28,15:30,3950,0,82,1420,838,217,0,589,1,272,0,263,0,57,0,107,-4,108,0,3950
2025/07/28,16:00,3901,0,82,1424,790,217,0,624,1,272,0,201,0,67,0,116,-2,109,0,3901
2025/07/28,16:30,3875,0,82,1421,820,219,0,629,1,272,0,144,0,62,0,117,-6,114,0,3875
2025/07/28,17:00,3794,0,88,1420,790,219,0,673,1,272,0,88,0,70,0,112,-4,65,0,3794
2025/07/28,17:30,3760,0,90,1421,694,219,0,747,1,272,0,51,0,74,0,94,-5,102,0,3760
2025/07/28,18:00,3740,0,90,1425,662,220,0,813,1,272,0,18,0,70,0,94,-5,80,0,3740
2025/07/28,18:30,3718,0,90,1426,703,219,0,779,1,272,0,0,0,62,0,94,0,72,0,3718
2025/07/28,19:00,3723,0,90,1420,814,219,0,765,1,272,0,0,0,53,0,94,0,-5,0,3723
2025/07/28,19:30,3635,0,90,1420,749,218,0,765,1,272,0,0,0,48,0,94,0,-22,0,3635
2025/07/28,20:00,3501,0,92,1412,670,216,0,712,1,272,0,0,0,50,0,94,-1,-17,0,3501
2025/07/28,20:30,3415,0,91,1412,624,216,0,683,1,271,0,0,0,43,0,93,-2,-17,0,3415
2025/07/28,21:00,3299,0,92,1402,572,216,0,615,1,272,0,0,0,50,0,93,-3,-11,0,3299
2025/07/28,21:30,3191,0,92,1401,557,216,0,554,1,271,0,0,0,44,0,64,-2,-7,0,3191
2025/07/28,22:00,3103,0,92,1405,488,217,0,529,1,271,0,0,0,34,0,81,-2,-13,0,3103
2025/07/28,22:30,2983,0,92,1393,385,216,0,521,1,272,0,0,0,32,0,66,-4,9,0,2983
2025/07/28,23:00,2945,0,79,1372,338,217,0,534,1,271,0,0,0,33,0,93,-3,10,0,2945
2025/07/28,23:30,2841,0,79,1355,297,217,0,541,1,272,0,0,0,30,0,78,-3,-26,0,2841
2025/07/29,00:00,2775,0,79,1296,273,216,0,539,1,272,0,0,0,29,0,94,-3,-21,0,2775
2025/07/29,00:30,2665,0,79,1215,265,217,0,558,1,272,0,0,0,28,0,57,-2,-25,0,2665
2025/07/29,01:00,2618,0,73,1207,225,216,0,561,1,272,0,0,0,32,0,33,-2,0,0,2618
2025/07/29,01:30,2624,0,70,1259,223,216,0,560,1,272,0,0,0,28,0,0,-2,-3,0,2624
2025/07/29,02:00,2648,0,66,1294,222,217,0,572,1,272,0,0,0,20,0,0,-2,-14,0,2648
2025/07/29,02:30,2716,0,64,1346,229,217,0,575,1,272,0,0,0,12,0,0,0,0,0,2716
2025/07/29,03:00,2812,0,62,1364,246,217,0,574,1,272,0,0,0,11,0,32,-2,35,0,2812
2025/07/29,03:30,2866,0,61,1365,247,217,0,599,1,272,0,0,0,13,0,60,-3,34,0,2866
2025/07/29,04:00,2889,0,61,1358,259,217,0,611,1,272,0,2,0,11,0,60,-3,40,0,2889
2025/07/29,04:30,2951,0,62,1362,276,215,0,631,1,272,0,55,0,11,0,59,-4,11,0,2951
2025/07/29,05:00,2971,0,67,1359,283,216,0,617,1,272,0,125,0,9,0,0,-6,28,0,2971
2025/07/29,05:30,2957,0,71,1334,239,217,0,623,1,272,0,176,0,20,0,0,-7,11,0,2957
2025/07/29,06:00,3008,0,79,1321,218,217,0,632,1,272,0,216,0,48,0,0,-7,11,0,3008
2025/07/29,06:30,3050,0,80,1304,226,217,0,638,1,272,0,273,0,49,0,0,-6,-4,0,3050
2025/07/29,07:00,3168,0,72,1331,233,216,0,639,1,272,0,330,0,55,0,0,-6,25,0,3168
2025/07/29,07:30,3326,0,72,1320,269,216,0,640,1,271,0,403,0,60,0,0,8,66,0,3326
2025/07/29,08:00,3560,0,81,1330,333,217,0,624,1,271,0,537,0,61,0,0,-6,111,0,3560
2025/07/29,08:30,3800,0,84,1348,368,216,0,622,1,271,0,638,0,71,0,75,-5,111,0,3800
2025/07/29,09:00,3994,0,83,1343,468,216,0,639,1,271,0,724,0,89,0,56,0,104,0,3994
2025/07/29,09:30,4074,0,83,1344,465,216,0,639,1,270,0,789,0,112,0,55,-6,106,0,4074
2025/07/29,10:00,4126,0,82,1348,424,215,0,637,1,270,0,880,0,113,0,50,-5,111,0,4126
2025/07/29,10:30,4180,0,82,1359,440,216,0,640,1,269,0,931,0,132,0,0,-4,114,0,4180
2025/07/29,11:00,4235,0,83,1343,464,216,0,635,1,270,0,976,0,134,0,0,-4,117,0,4235
2025/07/29,11:30,4163,0,82,1388,519,215,0,601,1,270,0,910,0,132,0,-52,-5,102,0,4163
2025/07/29,12:00,3980,0,82,1391,446,216,0,589,1,270,0,901,0,128,0,-137,-5,98,0,3980
2025/07/29,12:30,3952,0,82,1345,485,216,0,588,1,270,0,888,0,125,0,-141,-5,98,0,3952
2025/07/29,13:00,4106,0,82,1360,573,216,0,599,1,261,0,854,0,131,0,-35,-5,69,0,4106
2025/07/29,13:30,4088,0,82,1388,489,215,0,610,1,249,0,792,0,91,0,43,2,126,0,4088
2025/07/29,14:00,4121,0,82,1406,534,216,0,647,1,255,0,767,0,37,0,68,-4,112,0,4121
2025/07/29,14:30,4053,0,82,1400,505,216,0,651,1,269,0,703,0,57,0,68,-6,107,0,4053
2025/07/29,15:00,3975,0,82,1368,458,216,0,643,1,270,0,660,0,95,0,62,15,105,0,3975
2025/07/29,15:30,4033,0,82,1385,663,217,0,670,1,269,0,549,0,109,0,95,-5,-2,0,4033
2025/07/29,16:00,4064,0,82,1400,738,216,0,705,1,269,0,452,0,118,0,133,-5,-45,0,4064
2025/07/29,16:30,4080,0,82,1398,868,218,0,724,1,269,0,345,0,118,0,132,-3,-72,0,4080
2025/07/29,17:00,4023,0,89,1410,895,219,0,720,1,270,0,202,0,126,0,179,-6,-82,0,4023
2025/07/29,17:30,3951,0,90,1411,901,219,0,718,1,270,0,94,0,134,0,194,-4,-77,0,3951
2025/07/29,18:00,3916,0,90,1417,879,220,0,730,1,270,0,27,0,178,0,140,-1,-35,0,3916
2025/07/29,18:30,3886,0,90,1419,820,219,0,737,1,270,0,0,0,205,0,130,-5,0,0,3886
2025/07/29,19:00,3892,0,90,1414,889,219,0,739,1,270,0,0,0,225,0,159,-6,-108,0,3892
2025/07/29,19:30,3854,0,90,1408,888,218,0,724,1,270,0,0,0,234,0,168,-5,-142,0,3854
2025/07/29,20:00,3673,0,92,1389,722,217,0,698,1,270,0,0,0,238,0,96,-5,-45,0,3673
2025/07/29,20:30,3609,0,92,1403,645,216,0,651,1,270,0,0,0,251,0,95,-6,-9,0,3609
2025/07/29,21:00,3450,0,92,1400,477,216,0,639,1,270,0,0,0,276,0,95,-5,-11,0,3450
2025/07/29,21:30,3306,0,92,1402,335,217,0,637,1,271,0,0,0,260,0,95,-5,1,0,3306
2025/07/29,22:00,3233,0,92,1379,239,216,0,625,1,271,0,0,0,275,0,95,-4,44,0,3233
2025/07/29,22:30,3143,0,92,1384,206,216,0,630,1,272,0,0,0,284,0,95,-7,-30,0,3143
2025/07/29,23:00,3066,0,79,1361,169,216,0,617,1,272,0,0,0,288,0,74,-5,-6,0,3066
2025/07/29,23:30,2976,0,79,1363,187,216,0,613,1,272,0,0,0,262,0,0,-5,-12,0,2976
2025/07/30,00:00,2860,0,20,1313,149,216,0,573,1,272,0,0,0,279,0,61,-5,-19,0,2860
2025/07/30,00:30,2792,0,9,1321,266,217,0,553,1,271,0,0,0,312,0,-92,-5,-61,0,2792
2025/07/30,01:00,2740,0,9,1393,349,217,0,537,1,272,0,0,0,288,0,-212,-4,-110,0,2740
2025/07/30,01:30,2708,0,9,1401,355,217,0,532,1,272,0,0,0,272,0,-224,-4,-123,0,2708
2025/07/30,02:00,2752,0,9,1316,258,217,0,547,1,273,0,0,0,251,0,-19,-4,-97,0,2752
2025/07/30,02:30,2806,0,9,1346,190,217,0,546,1,272,0,0,0,245,0,6,-4,-22,0,2806
2025/07/30,03:00,2883,0,9,1323,213,217,0,539,1,272,0,0,0,234,0,76,-7,6,0,2883
2025/07/30,03:30,2945,0,9,1304,259,217,0,538,1,271,0,0,0,215,0,95,-6,42,0,2945
2025/07/30,04:00,2938,0,9,1296,295,217,0,541,1,271,0,1,0,214,0,95,-7,5,0,2938
2025/07/30,04:30,2950,0,9,1296,263,216,0,538,1,272,0,39,0,211,0,96,-4,13,0,2950
2025/07/30,05:00,2983,0,9,1296,256,216,0,542,1,271,0,131,0,198,0,63,-4,4,0,2983
2025/07/30,05:30,2939,0,9,1281,167,216,0,536,1,272,0,203,0,198,0,91,-5,-30,0,2939
2025/07/30,06:00,3012,0,9,1273,148,217,0,532,1,271,0,314,0,194,0,98,-5,-40,0,3012
2025/07/30,06:30,3088,0,9,1273,163,216,0,530,1,272,0,420,0,170,0,110,-6,-70,0,3088
2025/07/30,07:00,3260,0,9,1293,175,216,0,534,1,272,0,558,0,156,0,83,-7,-30,0,3260
2025/07/30,07:30,3482,0,9,1297,257,216,0,545,1,271,0,692,0,154,0,65,-50,25,0,3482
2025/07/30,08:00,3757,0,9,1309,301,216,0,561,1,270,0,827,0,146,0,78,-6,45,0,3757
2025/07/30,08:30,4001,0,9,1326,347,216,0,562,1,270,0,930,0,149,0,92,-5,104,0,4001
2025/07/30,09:00,4202,0,9,1348,382,216,0,560,1,270,0,1078,0,153,0,105,-5,85,0,4202
2025/07/30,09:30,4128,0,9,1318,284,215,0,554,1,267,0,1123,0,144,0,127,-5,91,0,4128
2025/07/30,10:00,4082,0,9,1029,444,212,0,556,1,264,0,1213,0,99,0,149,-4,110,0,4082
2025/07/30,10:30,4140,0,9,877,611,212,0,541,1,265,0,1255,0,92,0,157,-5,125,0,4140
2025/07/30,11:00,4193,0,9,858,628,212,0,541,1,265,0,1268,0,83,0,212,-5,121,0,4193
2025/07/30,11:30,4189,0,9,856,627,206,0,546,1,259,0,1312,0,83,0,175,-5,120,0,4189
2025/07/30,12:00,4104,0,9,857,604,198,0,558,1,250,0,1313,0,83,0,140,-19,110,0,4104
2025/07/30,12:30,4092,0,9,857,629,198,0,581,1,244,0,1296,0,83,0,158,-5,41,0,4092
2025/07/30,13:00,4208,0,21,858,628,197,0,607,1,235,0,1247,0,86,0,208,-5,125,0,4208
2025/07/30,13:30,4180,0,21,886,629,197,0,616,1,220,0,1164,0,100,0,221,-6,131,0,4180
2025/07/30,14:00,4161,0,76,992,628,198,0,616,1,210,0,1067,0,118,0,145,-12,122,0,4161
2025/07/30,14:30,4123,0,90,1080,630,197,0,617,1,202,0,954,0,121,0,118,-9,122,0,4123
2025/07/30,15:00,4058,0,90,1106,664,186,0,632,1,199,0,798,0,130,0,138,-8,122,0,4058
2025/07/30,15:30,4070,0,90,1175,691,161,0,685,1,198,0,636,0,150,0,175,-6,114,0,4070
2025/07/30,16:00,4065,0,90,1216,763,153,0,776,1,197,0,468,0,178,0,204,-5,24,0,4065
2025/07/30,16:30,4035,0,90,1213,814,157,0,783,1,199,0,316,0,185,0,186,-6,97,0,4035
2025/07/30,17:00,3899,0,90,1219,816,154,0,784,1,197,0,169,0,196,0,174,-6,105,0,3899
2025/07/30,17:30,3829,0,90,1245,866,158,0,722,1,193,0,49,0,208,0,194,-7,110,0,3829
2025/07/30,18:00,3790,0,90,1236,888,156,0,719,1,189,0,8,0,237,0,217,-8,57,0,3790
2025/07/30,18:30,3792,0,90,1163,889,156,0,721,1,186,0,0,0,270,0,243,-7,80,0,3792
2025/07/30,19:00,3798,0,91,1194,885,156,0,717,1,182,0,0,0,281,0,224,-6,73,0,3798
2025/07/30,19:30,3720,0,91,1161,856,155,0,706,1,180,0,2,0,280,0,224,-6,70,0,3720
2025/07/30,20:00,3601,0,79,1154,801,153,0,684,1,180,0,0,0,255,0,226,-6,74,0,3601
2025/07/30,20:30,3491,0,79,1116,777,153,0,683,1,180,0,0,0,221,0,223,-7,65,0,3491
2025/07/30,21:00,3360,0,79,1069,731,153,0,656,1,179,0,0,0,215,0,211,-2,68,0,3360
2025/07/30,21:30,3242,0,79,1037,695,153,0,642,1,179,0,0,0,198,0,197,-1,62,0,3242
2025/07/30,22:00,3188,0,79,1028,693,153,0,640,1,179,0,0,0,171,0,210,0,34,0,3188
2025/07/30,22:30,3070,0,79,990,693,153,0,639,1,179,0,0,0,146,0,159,-2,33,0,3070
2025/07/30,23:00,3012,0,79,1014,693,154,0,638,1,179,0,0,0,141,0,99,-3,17,0,3012
2025/07/30,23:30,2922,0,79,1014,693,153,0,639,1,180,0,0,0,148,0,19,-2,-2,0,2922
2025/07/31,00:00,2822,0,20,985,676,154,0,602,1,181,0,0,0,166,0,27,-2,12,0,2822
2025/07/31,00:30,2748,0,9,1025,648,154,0,605,1,182,0,0,0,146,0,24,-2,-44,0,2748
2025/07/31,01:00,2709,0,9,1210,432,157,0,600,1,182,0,0,0,128,0,24,-3,-31,0,2709
2025/07/31,01:30,2663,0,9,1307,344,166,0,596,1,182,0,0,0,104,0,21,-4,-63,0,2663
2025/07/31,02:00,2689,0,9,1342,312,171,0,594,1,183,0,0,0,93,0,22,-3,-35,0,2689
2025/07/31,02:30,2757,0,9,1368,277,172,0,594,1,182,0,0,0,118,0,71,-3,-32,0,2757
2025/07/31,03:00,2813,0,9,1382,254,172,0,600,1,182,0,0,0,147,0,66,-1,1,0,2813
2025/07/31,03:30,2873,0,9,1394,252,172,0,604,1,183,0,0,0,170,0,60,-2,30,0,2873
2025/07/31,04:00,2890,0,9,1357,276,171,0,622,1,183,0,1,0,195,0,60,-2,17,0,2890
2025/07/31,04:30,2896,0,9,1340,375,171,0,613,1,184,0,17,0,212,0,-29,-1,4,0,2896
2025/07/31,05:00,2946,0,9,1390,444,171,0,614,1,184,0,89,0,226,0,-149,-3,-30,0,2946
2025/07/31,05:30,2948,0,9,1388,458,171,0,611,1,184,0,158,0,214,0,-214,-1,-31,0,2948
2025/07/31,06:00,3004,0,9,1392,456,172,0,603,1,193,0,244,0,194,0,-213,-3,-44,0,3004
2025/07/31,06:30,3104,0,9,1394,437,172,0,602,1,209,0,352,0,191,0,-213,-1,-49,0,3104
2025/07/31,07:00,3222,0,9,1400,412,171,0,585,1,219,0,449,0,180,0,-205,-4,5,0,3222
2025/07/31,07:30,3424,0,9,1397,502,172,0,582,1,220,0,543,0,176,0,-202,-43,67,0,3424
2025/07/31,08:00,3664,0,9,1398,451,171,0,580,1,220,0,664,0,164,0,-93,-6,105,0,3664
2025/07/31,08:30,3874,0,10,1395,428,171,0,563,1,219,0,750,0,163,0,94,-7,87,0,3874
2025/07/31,09:00,4041,0,9,1396,440,170,0,563,1,218,0,845,0,187,0,89,19,104,0,4041
2025/07/31,09:30,4103,0,9,1397,402,170,0,557,1,218,0,942,0,235,0,44,24,104,0,4103
2025/07/31,10:00,4145,0,9,1400,398,171,0,539,1,218,0,1059,0,233,0,0,24,93,0,4145
2025/07/31,10:30,4143,0,9,1401,308,170,0,536,1,219,0,1130,0,233,0,0,23,113,0,4143
2025/07/31,11:00,4061,0,9,1403,312,170,0,563,1,218,0,1067,0,222,0,0,24,72,0,4061
2025/07/31,11:30,4127,0,9,1397,375,170,0,569,1,219,0,1171,0,211,0,-42,21,26,0,4127
2025/07/31,12:00,3988,0,9,1376,554,185,0,564,1,219,0,1165,0,212,0,-213,-42,-42,0,3988
2025/07/31,12:30,3966,0,9,1371,498,209,0,570,1,219,0,1146,0,218,0,-198,-41,-36,0,3966
2025/07/31,13:00,4095,0,9,1392,435,213,0,587,1,219,0,1124,0,223,0,-185,-4,81,0,4095
2025/07/31,13:30,4089,0,9,1397,413,210,0,590,1,223,0,1036,0,246,0,-133,-16,113,0,4089
2025/07/31,14:00,4094,0,64,1388,354,215,0,602,1,224,0,983,0,250,0,-89,-4,106,0,4094
2025/07/31,14:30,4094,0,78,1379,402,216,0,608,1,225,0,878,0,253,0,-52,-5,111,0,4094
2025/07/31,15:00,4027,0,78,1378,487,216,0,616,1,224,0,732,0,220,0,-31,-4,110,0,4027
2025/07/31,15:30,4083,0,78,1375,541,218,0,642,1,224,0,574,0,151,0,151,7,121,0,4083
2025/07/31,16:00,4108,0,87,1369,677,218,0,721,1,224,0,391,0,133,0,194,0,93,0,4108
2025/07/31,16:30,4048,0,90,1354,697,219,0,759,1,224,0,260,0,124,0,215,-6,111,0,4048
2025/07/31,17:00,3970,0,90,1351,710,219,0,801,1,225,0,145,0,120,0,213,-5,100,0,3970
2025/07/31,17:30,3892,0,90,1351,718,219,0,817,1,225,0,47,0,123,0,215,-5,91,0,3892
2025/07/31,18:00,3864,0,90,1354,762,219,0,788,1,225,0,6,0,142,0,215,-6,68,0,3864
2025/07/31,18:30,3870,0,90,1355,775,219,0,788,1,225,0,0,0,152,0,210,-6,61,0,3870
2025/07/31,19:00,3873,0,91,1359,792,219,0,781,1,225,0,0,0,137,0,215,-6,59,0,3873
2025/07/31,19:30,3799,0,91,1357,751,218,0,781,1,226,0,0,0,136,0,204,-3,37,0,3799
2025/07/31,20:00,3637,0,79,1355,659,216,0,739,1,225,0,0,0,149,0,153,7,54,0,3637
2025/07/31,20:30,3559,0,79,1353,611,216,0,700,1,225,0,0,0,151,0,157,7,59,0,3559
2025/07/31,21:00,3441,0,79,1357,479,216,0,675,1,225,0,0,0,161,0,188,7,53,0,3441
2025/07/31,21:30,3309,0,82,1347,392,216,0,664,1,224,0,0,0,166,0,165,6,46,0,3309
2025/07/31,22:00,3300,0,82,1342,395,216,0,658,1,225,0,0,0,170,0,137,8,66,0,3300
2025/07/31,22:30,3184,0,80,1341,370,216,0,648,1,225,0,0,0,180,0,97,7,19,0,3184
2025/07/31,23:00,3099,0,79,1315,249,216,0,639,1,225,0,0,0,233,0,96,7,39,0,3099
2025/07/31,23:30,3005,0,79,1228,199,216,0,634,1,225,0,0,0,331,0,84,5,3,0,3005
