単位[MW平均],,,供給力,,,,,,,,,,,,,,,,,,
DATE,TIME,エリア需要,原子力,火力(LNG),火力(石炭),火力(石油),火力(その他),火力出力制御量,水力,地熱,バイオマス,バイオマス出力制御量,太陽光発電実績,太陽光出力制御量,風力発電実績,風力出力制御量,揚水,蓄電池,連系線,その他,合計
2026/05/01,00:00,2606,0,531,389,58,148,0,683,10,297,0,0,0,478,0,16,-7,3,0,2606
2026/05/01,00:30,2550,0,499,383,58,149,0,684,10,298,0,0,0,490,0,18,-15,-24,0,2550
2026/05/01,01:00,2594,0,446,393,58,148,0,684,10,298,0,0,0,505,0,18,-7,41,0,2594
2026/05/01,01:30,2620,0,457,387,58,148,0,710,10,298,0,0,0,527,0,19,-6,12,0,2620
2026/05/01,02:00,2662,0,327,393,58,148,0,739,10,299,0,0,0,549,0,18,-8,129,0,2662
2026/05/01,02:30,2736,0,373,384,58,148,0,743,10,299,0,0,0,552,0,20,-6,155,0,2736
2026/05/01,03:00,2817,0,460,392,58,148,0,759,10,299,0,0,0,534,0,17,-6,146,0,2817
2026/05/01,03:30,2849,0,505,382,58,148,0,758,10,298,0,0,0,544,0,69,-6,83,0,2849
2026/05/01,04:00,2875,0,505,394,58,148,0,758,10,299,0,1,0,544,0,68,-5,95,0,2875
2026/05/01,04:30,2859,0,444,388,58,148,0,759,10,298,0,44,0,579,0,15,-6,122,0,2859
2026/05/01,05:00,2933,0,398,396,58,148,0,752,10,299,0,200,0,602,0,4,5,61,0,2933
2026/05/01,05:30,2895,0,393,379,58,148,0,750,10,298,0,360,0,601,0,13,-6,-109,0,2895
2026/05/01,06:00,2949,0,349,399,58,148,0,740,10,298,0,628,0,590,0,0,-6,-265,0,2949
2026/05/01,06:30,2929,0,335,344,58,148,0,723,10,298,0,923,0,598,0,0,-6,-502,0,2929
2026/05/01,07:00,2880,0,359,322,58,148,0,698,10,299,0,1147,1,613,0,-159,-6,-609,0,2880
2026/05/01,07:30,2908,0,336,235,58,148,0,646,10,297,0,1396,1,634,0,-234,-6,-612,0,2908
2026/05/01,08:00,3032,0,295,204,58,148,0,607,10,298,0,1640,1,645,0,-234,-5,-634,0,3032
2026/05/01,08:30,3146,0,285,163,58,148,0,587,10,297,0,1850,1,669,0,-270,-9,-642,0,3146
2026/05/01,09:00,3257,0,275,181,58,147,0,585,10,297,0,1975,1,691,0,-301,-4,-657,0,3257
2026/05/01,09:30,3323,0,227,164,58,147,0,574,10,298,0,2070,1,731,0,-290,-9,-657,0,3323
2026/05/01,10:00,3344,0,264,168,58,147,0,577,10,295,0,2014,54,678,86,-231,-9,-627,0,3344
2026/05/01,10:30,3454,0,464,177,58,147,0,586,10,297,0,1867,52,698,71,-183,-58,-609,0,3454
2026/05/01,11:00,3484,0,511,196,58,148,0,583,10,297,0,1611,2,719,0,13,-55,-607,0,3484
2026/05/01,11:30,3446,0,552,214,58,148,0,564,10,297,0,1459,2,730,0,91,-81,-596,0,3446
2026/05/01,12:00,3332,0,560,242,58,148,0,575,10,298,0,1215,2,731,0,110,-76,-539,0,3332
2026/05/01,12:30,3296,0,562,248,58,149,0,577,10,297,0,1007,2,742,0,146,-38,-462,0,3296
2026/05/01,13:00,3344,0,569,320,58,150,0,600,10,286,0,788,1,765,0,62,-23,-241,0,3344
2026/05/01,13:30,3334,0,574,345,58,150,0,615,10,278,0,636,1,750,0,38,-5,-115,0,3334
2026/05/01,14:00,3293,0,568,402,58,151,0,635,10,289,0,489,0,699,0,28,-5,-31,0,3293
2026/05/01,14:30,3227,0,582,388,58,148,0,640,10,299,0,380,0,680,0,79,-8,-29,0,3227
2026/05/01,15:00,3154,0,478,400,58,148,0,682,10,299,0,283,0,616,0,79,-6,107,0,3154
2026/05/01,15:30,3198,0,563,382,58,149,0,719,10,300,0,213,0,564,0,59,-7,188,0,3198
2026/05/01,16:00,3207,0,505,396,58,148,0,769,10,302,0,131,0,523,0,82,-6,289,0,3207
2026/05/01,16:30,3215,0,441,388,58,149,0,853,10,303,0,99,0,530,0,96,-6,294,0,3215
2026/05/01,17:00,3202,0,350,405,58,150,0,845,10,305,0,45,0,505,0,192,-6,343,0,3202
2026/05/01,17:30,3204,0,548,388,58,154,0,869,10,307,0,26,0,504,0,215,1,124,0,3204
2026/05/01,18:00,3202,0,443,395,58,155,0,875,10,307,0,0,0,498,0,220,102,139,0,3202
2026/05/01,18:30,3206,0,429,389,58,157,0,882,10,311,0,0,0,499,0,271,82,118,0,3206
2026/05/01,19:00,3166,0,455,390,58,154,0,814,10,316,0,0,0,446,0,352,96,75,0,3166
2026/05/01,19:30,3086,0,539,389,58,151,0,800,10,322,0,0,0,364,0,375,26,52,0,3086
2026/05/01,20:00,3025,0,573,392,58,151,0,787,10,323,0,0,0,345,0,348,-1,39,0,3025
2026/05/01,20:30,2941,0,510,386,58,150,0,767,10,325,0,0,0,319,0,299,-7,124,0,2941
2026/05/01,21:00,2881,0,529,394,58,149,0,755,10,329,0,0,0,271,0,176,-1,211,0,2881
2026/05/01,21:30,2801,0,601,384,58,148,0,762,10,334,0,0,0,237,0,77,-7,197,0,2801
2026/05/01,22:00,2720,0,483,399,58,150,0,759,10,337,0,0,0,219,0,85,0,220,0,2720
2026/05/01,22:30,2654,0,531,389,58,148,0,752,10,339,0,0,0,174,0,27,-7,233,0,2654
2026/05/01,23:00,2687,0,530,394,58,148,0,747,10,338,0,0,0,184,0,25,-20,273,0,2687
2026/05/01,23:30,2621,0,480,387,58,148,0,740,10,338,0,0,0,222,0,28,-6,216,0,2621
2026/05/02,00:00,2593,0,364,400,58,149,0,736,10,338,0,0,0,212,0,131,-6,201,0,2593
2026/05/02,00:30,2533,0,405,395,58,148,0,731,10,338,0,0,0,193,0,223,-16,48,0,2533
2026/05/02,01:00,2556,0,319,358,58,151,0,728,10,337,0,0,0,248,0,217,-6,136,0,2556
2026/05/02,01:30,2566,0,376,355,58,149,0,742,10,338,0,0,0,256,0,214,-3,71,0,2566
2026/05/02,02:00,2594,0,398,376,58,148,0,739,10,338,0,0,0,224,0,231,2,70,0,2594
2026/05/02,02:30,2664,0,310,363,58,148,0,740,10,338,0,0,0,279,0,282,-1,137,0,2664
2026/05/02,03:00,2722,0,350,384,58,148,0,732,10,337,0,0,0,295,0,280,1,127,0,2722
2026/05/02,03:30,2744,0,412,393,58,148,0,730,10,338,0,0,0,361,0,258,-5,41,0,2744
2026/05/02,04:00,2749,0,293,386,58,150,0,738,10,338,0,0,0,504,0,242,-3,33,0,2749
2026/05/02,04:30,2765,0,370,368,58,148,0,738,10,338,0,24,0,557,0,268,12,-126,0,2765
2026/05/02,05:00,2821,0,550,403,58,148,0,743,10,339,0,92,0,587,0,153,0,-262,0,2821
2026/05/02,05:30,2753,0,449,379,58,149,0,752,10,338,0,146,0,572,0,31,1,-132,0,2753
2026/05/02,06:00,2735,0,333,335,58,148,0,754,10,335,0,176,0,540,0,10,43,-7,0,2735
2026/05/02,06:30,2651,0,529,260,58,129,0,752,10,325,0,211,0,544,0,-197,-2,32,0,2651
2026/05/02,07:00,2653,0,480,210,58,98,0,753,10,307,0,281,0,535,0,-232,-3,156,0,2653
2026/05/02,07:30,2705,0,462,98,58,82,0,757,10,280,0,392,0,544,0,-233,-3,258,0,2705
2026/05/02,08:00,2773,0,377,120,58,77,0,758,10,265,75,430,64,559,20,-241,-4,364,0,2773
2026/05/02,08:30,2945,0,473,116,58,77,0,759,10,264,75,498,80,599,19,-315,-46,452,0,2945
2026/05/02,09:00,2943,0,327,166,58,77,0,745,10,263,75,598,92,632,21,-363,-4,434,0,2943
2026/05/02,09:30,2883,0,307,105,58,77,0,738,10,261,75,653,172,680,24,-444,-4,442,0,2883
2026/05/02,10:00,2862,0,254,91,58,77,0,744,10,263,75,739,219,619,51,-424,-3,434,0,2862
2026/05/02,10:30,2938,0,342,129,58,77,0,761,10,263,75,807,174,638,24,-426,-52,331,0,2938
2026/05/02,11:00,2918,0,457,126,58,77,0,764,10,263,75,806,182,554,22,-423,-51,277,0,2918
2026/05/02,11:30,2954,0,448,131,58,76,0,765,10,263,75,915,144,538,21,-429,-47,226,0,2954
2026/05/02,12:00,2887,0,430,171,58,76,0,761,10,263,75,847,192,535,23,-424,-75,235,0,2887
2026/05/02,12:30,2735,0,302,176,58,76,0,762,10,263,75,831,144,576,23,-425,-80,186,0,2735
2026/05/02,13:00,2665,0,203,189,58,76,0,767,10,264,64,929,133,522,189,-451,-47,145,0,2665
2026/05/02,13:30,2563,0,204,147,58,76,0,776,10,264,52,943,176,468,300,-440,-24,81,0,2563
2026/05/02,14:00,2591,0,349,153,58,76,0,778,10,264,52,790,238,345,294,-319,-8,95,0,2591
2026/05/02,14:30,2629,0,374,140,58,76,0,768,10,263,64,788,141,341,288,-290,-12,113,0,2629
2026/05/02,15:00,2615,0,394,150,58,76,0,773,10,264,75,705,120,374,166,-287,-7,105,0,2615
2026/05/02,15:30,2613,0,426,163,58,89,0,780,10,282,0,630,51,519,66,-262,0,-82,0,2613
2026/05/02,16:00,2663,0,389,222,58,112,0,803,10,313,0,523,0,561,0,-241,-3,-84,0,2663
2026/05/02,16:30,2735,0,455,226,58,137,0,811,10,327,0,358,0,550,0,-86,-10,-101,0,2735
2026/05/02,17:00,2796,0,454,287,58,148,0,829,10,335,0,175,0,520,0,83,-5,-98,0,2796
2026/05/02,17:30,2836,0,528,320,58,150,0,838,10,339,0,58,0,533,0,124,24,-146,0,2836
2026/05/02,18:00,2875,0,308,348,58,152,0,849,10,338,0,0,0,520,0,189,79,24,0,2875
2026/05/02,18:30,2977,0,257,335,58,154,0,846,10,338,0,0,0,516,0,331,94,38,0,2977
2026/05/02,19:00,2995,0,399,355,58,154,0,843,10,338,0,0,0,434,0,364,65,-25,0,2995
2026/05/02,19:30,2943,0,400,385,58,154,0,822,10,338,0,0,0,335,0,384,25,32,0,2943
2026/05/02,20:00,2897,0,519,396,58,151,0,800,10,339,0,0,0,240,0,298,-6,92,0,2897
2026/05/02,20:30,2825,0,566,388,58,150,0,799,10,339,0,0,0,221,0,226,-8,76,0,2825
2026/05/02,21:00,2771,0,534,394,58,148,0,799,10,338,0,0,0,209,0,115,-6,172,0,2771
2026/05/02,21:30,2683,0,506,387,58,148,0,799,10,339,0,0,0,196,0,49,-5,196,0,2683
2026/05/02,22:00,2663,0,561,399,58,148,0,770,10,338,0,0,0,163,0,49,16,151,0,2663
2026/05/02,22:30,2601,0,464,390,58,151,0,754,10,339,0,0,0,179,0,106,-6,156,0,2601
2026/05/02,23:00,2627,0,488,391,58,150,0,752,10,339,0,0,0,172,0,127,39,101,0,2627
2026/05/02,23:30,2543,0,482,387,58,152,0,751,10,339,0,0,0,166,0,126,-5,77,0,2543
2026/05/03,00:00,2518,0,535,398,58,136,0,809,10,339,0,0,0,158,0,25,-8,58,0,2518
2026/05/03,00:30,2472,0,559,392,58,110,0,826,10,337,0,0,0,192,0,21,-54,21,0,2472
2026/05/03,01:00,2493,0,495,401,58,100,0,828,10,338,0,0,0,184,0,59,-43,63,0,2493
2026/05/03,01:30,2479,0,443,388,58,99,0,827,10,339,0,0,0,172,0,99,-5,49,0,2479
2026/05/03,02:00,2573,0,546,399,58,99,0,828,10,339,0,0,0,152,0,107,-2,37,0,2573
2026/05/03,02:30,2659,0,591,390,58,98,0,829,10,339,0,0,0,173,0,111,-3,63,0,2659
2026/05/03,03:00,2720,0,434,399,58,98,0,823,10,338,0,0,0,193,0,231,-2,138,0,2720
2026/05/03,03:30,2758,0,461,390,58,98,0,820,10,338,0,0,0,141,0,273,-4,173,0,2758
2026/05/03,04:00,2765,0,515,399,58,98,0,820,10,338,0,1,0,120,0,314,-2,94,0,2765
2026/05/03,04:30,2737,0,433,391,58,99,0,820,10,339,0,58,0,116,0,267,53,93,0,2737
2026/05/03,05:00,2738,0,451,389,58,99,0,825,10,339,0,198,0,84,0,145,8,132,0,2738
2026/05/03,05:30,2660,0,449,340,58,99,0,826,10,338,0,361,0,76,0,35,2,66,0,2660
2026/05/03,06:00,2648,0,394,334,58,98,0,826,10,337,0,557,0,59,0,-35,20,-10,0,2648
2026/05/03,06:30,2560,0,402,332,58,98,0,826,10,338,0,738,0,55,0,-79,-2,-216,0,2560
2026/05/03,07:00,2597,0,425,306,58,97,0,812,10,334,0,901,1,38,0,0,-2,-382,0,2597
2026/05/03,07:30,2643,0,326,278,58,92,0,812,10,325,0,1109,1,43,0,118,-5,-523,0,2643
2026/05/03,08:00,2629,0,326,213,58,86,0,813,10,308,0,1301,1,31,0,49,-5,-561,0,2629
2026/05/03,08:30,2579,0,416,137,58,80,0,812,10,283,0,1484,1,30,0,-127,-45,-559,0,2579
2026/05/03,09:00,2668,0,397,139,58,76,0,805,10,266,75,1698,2,28,0,-238,-1,-570,0,2668
2026/05/03,09:30,2712,0,356,115,58,76,0,796,10,265,75,1883,2,50,0,-376,-4,-517,0,2712
2026/05/03,10:00,2702,0,342,99,58,76,0,799,10,264,75,1960,106,48,41,-395,-7,-552,0,2702
2026/05/03,10:30,2764,0,398,108,58,76,0,803,10,264,75,1886,107,24,49,-392,-83,-388,0,2764
2026/05/03,11:00,2806,0,442,110,58,76,0,812,10,263,75,1834,106,20,54,-399,-66,-354,0,2806
2026/05/03,11:30,2784,0,421,100,58,76,0,809,10,263,75,1797,108,39,55,-398,-83,-308,0,2784
2026/05/03,12:00,2750,0,526,135,58,76,0,800,10,263,75,1709,2,58,0,-392,-74,-419,0,2750
2026/05/03,12:30,2710,0,490,158,58,76,0,802,10,263,75,1551,2,69,0,-375,-48,-344,0,2710
2026/05/03,13:00,2683,0,383,188,58,76,0,827,10,262,64,1416,1,50,0,-217,-29,-341,0,2683
2026/05/03,13:30,2631,0,413,192,58,76,0,838,10,263,53,1198,1,51,0,-148,-17,-303,0,2631
2026/05/03,14:00,2643,0,456,253,58,76,0,836,10,263,53,986,1,23,0,-121,-9,-188,0,2643
2026/05/03,14:30,2591,0,476,287,58,76,0,837,10,263,64,777,1,24,0,-72,-12,-133,0,2591
2026/05/03,15:00,2562,0,371,343,58,91,0,842,10,281,0,593,1,25,0,23,-10,-65,0,2562
2026/05/03,15:30,2570,0,394,370,58,98,0,841,10,312,0,434,1,17,0,13,-15,38,0,2570
2026/05/03,16:00,2610,0,364,397,58,101,0,851,10,326,0,281,0,9,0,8,-9,214,0,2610
2026/05/03,16:30,2672,0,403,382,58,103,0,853,10,334,0,198,0,10,0,40,-7,288,0,2672
2026/05/03,17:00,2709,0,519,398,58,102,0,861,10,337,0,90,0,14,0,26,-8,302,0,2709
2026/05/03,17:30,2783,0,508,388,58,105,0,862,10,337,0,39,0,25,0,80,-6,377,0,2783
2026/05/03,18:00,2846,0,379,394,58,106,0,861,10,337,0,0,0,34,0,162,87,418,0,2846
2026/05/03,18:30,2886,0,461,387,58,110,0,868,10,338,0,0,0,56,0,220,102,276,0,2886
2026/05/03,19:00,2914,0,544,394,58,110,0,865,10,337,0,0,0,61,0,219,115,201,0,2914
2026/05/03,19:30,2856,0,527,387,58,109,0,847,10,338,0,2,0,79,0,220,26,253,0,2856
2026/05/03,20:00,2807,0,474,395,58,106,0,845,10,338,0,0,0,98,0,228,-6,261,0,2807
2026/05/03,20:30,2745,0,441,390,58,105,0,856,10,338,0,0,0,116,0,182,-3,252,0,2745
2026/05/03,21:00,2694,0,445,396,58,103,0,858,10,337,0,0,0,119,0,107,-4,265,0,2694
2026/05/03,21:30,2610,0,470,389,58,101,0,857,10,337,0,0,0,126,0,68,-4,198,0,2610
2026/05/03,22:00,2587,0,485,398,58,99,0,842,10,337,0,0,0,115,0,61,-5,187,0,2587
2026/05/03,22:30,2523,0,589,389,58,93,0,829,10,337,0,0,0,145,0,57,-7,23,0,2523
2026/05/03,23:00,2553,0,539,397,58,91,0,814,10,336,0,0,0,206,0,40,38,24,0,2553
2026/05/03,23:30,2455,0,399,379,58,94,0,815,10,337,0,0,0,335,0,22,-7,13,0,2455
2026/05/04,00:00,2446,0,302,347,58,99,0,816,10,337,0,0,0,427,0,81,-6,-25,0,2446
2026/05/04,00:30,2404,0,291,338,58,98,0,830,10,336,0,0,0,464,0,96,-16,-101,0,2404
2026/05/04,01:00,2442,0,361,345,58,98,0,830,10,337,0,0,0,486,0,102,-43,-142,0,2442
2026/05/04,01:30,2460,0,316,314,58,98,0,832,10,337,0,0,0,539,0,96,-5,-135,0,2460
2026/05/04,02:00,2524,0,357,304,58,99,0,829,10,336,0,0,0,542,0,86,-2,-95,0,2524
2026/05/04,02:30,2606,0,415,336,58,98,0,814,10,337,0,0,0,542,0,75,-5,-74,0,2606
2026/05/04,03:00,2659,0,441,350,58,98,0,804,10,337,0,0,0,539,0,77,2,-57,0,2659
2026/05/04,03:30,2683,0,389,340,58,98,0,811,10,336,0,0,0,563,0,77,-5,6,0,2683
2026/05/04,04:00,2699,0,388,349,58,99,0,839,10,337,0,0,0,568,0,77,-2,-24,0,2699
2026/05/04,04:30,2697,0,340,338,58,99,0,844,10,337,0,24,0,581,0,77,-5,-6,0,2697
2026/05/04,05:00,2740,0,355,355,58,98,0,844,10,336,0,73,0,594,0,77,21,-81,0,2740
2026/05/04,05:30,2690,0,435,340,58,99,0,845,10,337,0,107,0,569,0,77,-5,-182,0,2690
2026/05/04,06:00,2727,0,440,346,58,99,0,845,10,336,0,117,0,554,0,91,-4,-165,0,2727
2026/05/04,06:30,2681,0,340,296,58,99,0,846,10,335,0,130,0,543,0,95,-7,-64,0,2681
2026/05/04,07:00,2711,0,466,305,58,99,0,846,10,335,0,138,1,536,0,105,-7,-180,0,2711
2026/05/04,07:30,2707,0,427,294,58,99,0,853,10,336,0,177,1,523,0,98,-5,-163,0,2707
2026/05/04,08:00,2789,0,390,301,58,98,0,853,10,333,0,195,1,527,0,97,-2,-71,0,2789
2026/05/04,08:30,2847,0,426,292,58,93,0,854,10,322,0,231,1,530,0,81,-4,-46,0,2847
2026/05/04,09:00,2889,0,530,301,58,87,0,794,10,302,0,248,2,539,0,92,-5,-67,0,2889
2026/05/04,09:30,2913,0,472,258,58,81,0,764,10,276,0,290,2,540,0,96,-6,74,0,2913
2026/05/04,10:00,2909,0,370,274,58,76,0,768,10,263,75,323,2,532,0,-3,-2,240,0,2909
2026/05/04,10:30,2913,0,411,266,58,76,0,771,10,261,75,352,2,561,0,-187,-56,390,0,2913
2026/05/04,11:00,2987,0,426,292,58,76,0,775,10,262,75,319,2,574,0,-205,-53,453,0,2987
2026/05/04,11:30,2975,0,430,315,58,76,0,782,10,261,75,333,2,592,0,-241,-85,444,0,2975
2026/05/04,12:00,2922,0,462,314,58,76,0,783,10,261,75,346,2,587,0,-343,-76,444,0,2922
2026/05/04,12:30,2912,0,438,335,58,76,0,783,10,261,75,353,2,587,0,-358,-40,409,0,2912
2026/05/04,13:00,2806,0,312,314,58,76,0,782,10,260,64,351,1,590,0,-356,-24,433,0,2806
2026/05/04,13:30,2750,0,298,282,58,76,0,802,10,261,52,349,1,635,0,-356,-8,343,0,2750
2026/05/04,14:00,2747,0,390,301,58,76,0,816,10,260,52,331,1,638,0,-342,-4,213,0,2747
2026/05/04,14:30,2793,0,436,315,58,76,0,831,10,260,64,304,1,642,0,-350,-8,219,0,2793
2026/05/04,15:00,2790,0,449,323,58,77,0,838,10,259,75,263,1,587,0,-326,-6,258,0,2790
2026/05/04,15:30,2798,0,437,316,58,77,0,825,10,260,75,232,1,539,0,-201,-9,254,0,2798
2026/05/04,16:00,2836,0,480,334,58,77,0,816,10,260,75,167,0,520,0,-61,-7,182,0,2836
2026/05/04,16:30,2884,0,476,322,58,77,0,841,10,260,75,119,0,537,0,18,-51,217,0,2884
2026/05/04,17:00,2961,0,431,356,58,92,0,865,10,280,0,48,0,546,0,18,-11,268,0,2961
2026/05/04,17:30,3027,0,306,385,58,105,0,903,10,311,0,25,0,565,0,110,10,239,0,3027
2026/05/04,18:00,3106,0,309,406,58,106,0,913,10,325,0,0,0,567,0,225,103,84,0,3106
2026/05/04,18:30,3134,0,421,390,58,108,0,917,10,333,0,0,0,628,0,269,100,-100,0,3134
2026/05/04,19:00,3121,0,380,394,58,110,0,918,10,336,0,0,0,621,0,306,111,-123,0,3121
2026/05/04,19:30,3067,0,413,383,58,107,0,901,10,337,0,1,0,617,0,302,25,-87,0,3067
2026/05/04,20:00,3019,0,402,397,58,105,0,892,10,336,0,0,0,591,0,303,-4,-71,0,3019
2026/05/04,20:30,2953,0,432,387,58,105,0,897,10,336,0,0,0,559,0,231,-6,-56,0,2953
2026/05/04,21:00,2886,0,443,392,58,103,0,844,10,337,0,0,0,505,0,127,-5,72,0,2886
2026/05/04,21:30,2818,0,398,382,58,102,0,843,10,337,0,0,0,484,0,72,-7,139,0,2818
2026/05/04,22:00,2812,0,354,395,58,99,0,844,10,337,0,0,0,465,0,78,-6,178,0,2812
2026/05/04,22:30,2746,0,348,385,58,99,0,829,10,337,0,0,0,461,0,78,-5,146,0,2746
2026/05/04,23:00,2768,0,358,397,58,100,0,823,10,337,0,0,0,445,0,75,22,143,0,2768
2026/05/04,23:30,2664,0,254,385,58,100,0,822,10,337,0,0,0,440,0,78,-6,186,0,2664
2026/05/05,00:00,2657,0,331,367,58,98,0,828,10,337,0,0,0,419,0,110,-6,105,0,2657
2026/05/05,00:30,2589,0,347,367,58,98,0,829,10,336,0,0,0,441,0,112,-56,47,0,2589
2026/05/05,01:00,2618,0,292,359,58,99,0,832,10,337,0,0,0,450,0,114,-31,98,0,2618
2026/05/05,01:30,2634,0,237,340,58,98,0,861,10,336,0,0,0,503,0,96,-5,100,0,2634
2026/05/05,02:00,2705,0,292,382,58,98,0,860,10,337,0,0,0,547,0,119,-1,3,0,2705
2026/05/05,02:30,2799,0,372,389,58,98,0,857,10,337,0,0,0,552,0,181,2,-57,0,2799
2026/05/05,03:00,2846,0,313,360,58,98,0,887,10,336,0,0,0,507,0,317,4,-44,0,2846
2026/05/05,03:30,2896,0,336,387,58,98,0,886,10,336,0,0,0,522,0,370,0,-107,0,2896
2026/05/05,04:00,2883,0,273,399,58,100,0,892,10,336,0,1,0,494,0,376,7,-63,0,2883
2026/05/05,04:30,2909,0,254,383,58,101,0,892,10,337,0,61,0,496,0,363,47,-93,0,2909
2026/05/05,05:00,2949,0,252,358,58,97,0,878,10,334,0,210,0,527,0,279,54,-108,0,2949
2026/05/05,05:30,2863,0,339,357,58,92,0,872,10,324,0,360,0,499,0,71,-5,-114,0,2863
2026/05/05,06:00,2832,0,297,322,58,86,0,866,10,306,0,559,0,470,0,18,-50,-110,0,2832
2026/05/05,06:30,2728,0,264,282,58,81,0,830,10,282,0,804,0,439,0,-90,-4,-228,0,2728
2026/05/05,07:00,2640,0,390,288,58,77,0,825,10,262,75,844,184,390,38,-311,-7,-186,0,2640
2026/05/05,07:30,2706,0,384,275,58,77,0,831,10,263,75,961,322,392,55,-326,-6,-213,0,2706
2026/05/05,08:00,2646,0,256,270,58,77,0,800,10,263,75,1098,449,387,69,-347,-48,-178,0,2646
2026/05/05,08:30,2710,0,227,201,58,77,0,797,10,261,75,1321,519,427,49,-409,-52,-208,0,2710
2026/05/05,09:00,2776,0,285,177,58,77,0,797,10,255,75,1487,505,433,45,-437,9,-375,0,2776
2026/05/05,09:30,2784,0,363,112,58,76,0,788,10,254,75,1525,580,444,45,-440,-12,-394,0,2784
2026/05/05,10:00,2770,0,385,112,58,76,0,781,10,254,75,1551,618,437,48,-449,-12,-433,0,2770
2026/05/05,10:30,2756,0,336,93,58,76,0,780,10,253,75,1585,607,457,51,-449,-65,-378,0,2756
2026/05/05,11:00,2807,0,387,107,58,76,0,779,10,254,75,1543,659,418,68,-449,-40,-336,0,2807
2026/05/05,11:30,2799,0,376,92,58,76,0,778,10,255,75,1552,615,464,52,-456,-78,-328,0,2799
2026/05/05,12:00,2742,0,361,95,58,76,0,777,10,254,75,1487,633,438,66,-452,-59,-303,0,2742
2026/05/05,12:30,2698,0,389,115,58,76,0,785,10,254,75,1382,636,457,66,-452,-42,-334,0,2698
2026/05/05,13:00,2707,0,478,114,58,76,0,796,10,253,64,1248,632,469,67,-450,-21,-324,0,2707
2026/05/05,13:30,2713,0,447,105,58,76,0,797,10,254,52,1211,464,551,64,-454,-14,-328,0,2713
2026/05/05,14:00,2716,0,487,117,58,76,0,807,10,253,52,1048,339,611,25,-448,-1,-302,0,2716
2026/05/05,14:30,2656,0,543,138,58,76,0,841,10,254,64,851,237,641,24,-383,-13,-360,0,2656
2026/05/05,15:00,2635,0,532,179,58,76,0,837,10,253,75,742,115,643,23,-423,-2,-270,0,2635
2026/05/05,15:30,2615,0,502,203,58,76,0,821,10,253,75,549,92,634,23,-299,-13,-179,0,2615
2026/05/05,16:00,2635,0,356,258,58,91,0,821,10,275,0,478,0,640,0,-272,-3,-77,0,2635
2026/05/05,16:30,2689,0,346,273,58,101,0,834,10,306,0,344,0,670,0,-180,-4,-69,0,2689
2026/05/05,17:00,2728,0,423,314,58,101,0,840,10,321,0,189,0,652,0,-56,-3,-121,0,2728
2026/05/05,17:30,2752,0,450,333,58,105,0,873,10,327,0,76,0,615,0,5,-1,-99,0,2752
2026/05/05,18:00,2801,0,266,354,58,107,0,875,10,329,0,4,0,601,0,160,72,-35,0,2801
2026/05/05,18:30,2891,0,223,335,58,107,0,878,10,329,0,1,0,620,0,275,106,-51,0,2891
2026/05/05,19:00,2938,0,277,347,58,106,0,834,10,329,0,0,0,624,0,289,114,-50,0,2938
2026/05/05,19:30,2906,0,370,367,58,106,0,833,10,329,0,0,0,620,0,326,37,-150,0,2906
2026/05/05,20:00,2854,0,361,356,58,103,0,833,10,329,0,0,0,607,0,318,36,-157,0,2854
2026/05/05,20:30,2790,0,296,333,58,103,0,833,10,329,0,0,0,622,0,246,-5,-35,0,2790
2026/05/05,21:00,2730,0,235,317,58,102,0,840,10,329,0,0,0,619,0,244,-5,-19,0,2730
2026/05/05,21:30,2644,0,255,285,58,100,0,841,10,329,0,0,0,628,0,240,-6,-96,0,2644
2026/05/05,22:00,2635,0,312,302,58,101,0,841,10,329,0,0,0,620,0,187,-5,-120,0,2635
2026/05/05,22:30,2581,0,321,337,58,99,0,825,10,329,0,0,0,655,0,123,-6,-170,0,2581
2026/05/05,23:00,2600,0,316,347,58,102,0,819,10,329,0,0,0,666,0,92,35,-174,0,2600
2026/05/05,23:30,2522,0,278,334,58,101,0,818,10,329,0,0,0,706,0,88,-7,-193,0,2522
2026/05/06,00:00,2529,0,364,349,58,101,0,810,10,329,0,0,0,720,0,144,-5,-351,0,2529
2026/05/06,00:30,2467,0,373,340,58,100,0,808,10,330,0,0,0,720,0,158,-29,-401,0,2467
2026/05/06,01:00,2482,0,323,348,58,100,0,821,10,329,0,0,0,682,0,149,-49,-289,0,2482
2026/05/06,01:30,2520,0,422,339,58,101,0,822,10,330,0,0,0,661,0,162,-4,-381,0,2520
2026/05/06,02:00,2573,0,351,347,58,98,0,839,10,329,0,0,0,639,0,217,-2,-313,0,2573
2026/05/06,02:30,2639,0,312,340,58,99,0,846,10,330,0,0,0,654,0,238,-3,-245,0,2639
2026/05/06,03:00,2692,0,272,343,58,98,0,852,10,329,0,0,0,669,0,308,13,-260,0,2692
2026/05/06,03:30,2764,0,381,331,58,99,0,852,10,328,0,0,0,670,0,427,-3,-389,0,2764
2026/05/06,04:00,2763,0,483,349,58,100,0,851,10,329,0,1,0,661,0,426,3,-508,0,2763
2026/05/06,04:30,2769,0,492,340,58,101,0,845,10,330,0,74,0,645,0,417,-3,-540,0,2769
2026/05/06,05:00,2806,0,358,347,58,101,0,844,10,327,0,238,0,624,0,272,39,-412,0,2806
2026/05/06,05:30,2780,0,355,308,58,93,0,829,10,317,0,404,0,626,0,144,-6,-358,0,2780
2026/05/06,06:00,2785,0,398,277,58,88,0,815,10,298,0,619,0,601,0,47,-50,-376,0,2785
2026/05/06,06:30,2687,0,346,237,58,81,0,796,10,271,0,849,0,588,0,-75,-7,-467,0,2687
2026/05/06,07:00,2600,0,340,247,58,77,0,765,10,257,75,972,126,575,22,-240,-8,-453,0,2600
2026/05/06,07:30,2686,0,298,193,58,77,0,762,10,257,75,1236,107,582,23,-360,-7,-420,0,2686
2026/05/06,08:00,2668,0,456,168,58,77,0,752,10,256,75,1347,240,569,30,-423,-25,-577,0,2668
2026/05/06,08:30,2764,0,407,140,58,77,0,751,10,255,75,1540,258,568,28,-420,-50,-572,0,2764
2026/05/06,09:00,2853,0,428,116,58,76,0,751,10,254,75,1579,338,569,25,-420,-5,-563,0,2853
2026/05/06,09:30,2919,0,502,115,58,76,0,751,10,253,75,1551,391,595,24,-421,-5,-566,0,2919
2026/05/06,10:00,2898,0,472,104,58,76,0,749,10,253,75,1545,482,574,23,-422,23,-544,0,2898
2026/05/06,10:30,2902,0,383,128,58,76,0,761,10,253,75,1615,457,588,29,-422,-53,-495,0,2902
2026/05/06,11:00,2855,0,367,105,58,76,0,755,10,252,75,1584,474,575,31,-424,-53,-450,0,2855
2026/05/06,11:30,2841,0,384,92,58,76,0,744,10,253,75,1617,420,571,31,-426,-38,-500,0,2841
2026/05/06,12:00,2833,0,357,102,58,76,0,741,10,254,75,1681,361,572,31,-427,-118,-473,0,2833
2026/05/06,12:30,2825,0,328,92,58,76,0,745,10,254,75,1686,290,571,31,-415,-79,-501,0,2825
2026/05/06,13:00,2742,0,329,108,58,76,0,754,10,253,64,1568,269,568,31,-402,-21,-559,0,2742
2026/05/06,13:30,2676,0,399,91,58,76,0,742,10,254,52,1430,240,603,25,-421,-7,-559,0,2676
2026/05/06,14:00,2615,0,456,103,58,76,0,742,10,254,52,1274,211,608,23,-424,-5,-537,0,2615
2026/05/06,14:30,2557,0,527,97,58,76,0,743,11,254,64,1134,174,611,6,-396,-9,-549,0,2557
2026/05/06,15:00,2548,0,475,130,58,76,0,777,10,253,75,958,140,601,6,-245,-5,-540,0,2548
2026/05/06,15:30,2598,0,482,143,58,89,0,788,10,270,0,784,113,588,4,-93,-6,-515,0,2598
2026/05/06,16:00,2667,0,441,233,58,100,0,804,10,302,0,684,0,585,0,-93,-7,-450,0,2667
2026/05/06,16:30,2723,0,456,232,58,101,0,831,10,316,0,488,0,592,0,0,-11,-350,0,2723
2026/05/06,17:00,2768,0,559,286,58,101,0,867,10,326,0,242,0,574,0,16,-11,-260,0,2768
2026/05/06,17:30,2758,0,498,329,58,104,0,887,10,328,0,81,0,560,0,102,-8,-191,0,2758
2026/05/06,18:00,2822,0,405,351,58,106,0,891,10,329,0,3,0,559,0,224,65,-179,0,2822
2026/05/06,18:30,2898,0,493,366,58,107,0,869,10,330,0,1,0,549,0,229,99,-213,0,2898
2026/05/06,19:00,2962,0,556,398,58,109,0,857,10,329,0,0,0,562,0,251,109,-277,0,2962
2026/05/06,19:30,2902,0,542,394,58,107,0,853,10,330,0,0,0,570,0,248,36,-246,0,2902
2026/05/06,20:00,2834,0,595,392,58,103,0,853,10,329,0,0,0,557,0,180,35,-278,0,2834
2026/05/06,20:30,2786,0,567,381,58,103,0,852,10,329,0,0,0,553,0,169,-8,-228,0,2786
2026/05/06,21:00,2709,0,452,393,58,102,0,822,10,329,0,0,0,536,0,169,-7,-155,0,2709
2026/05/06,21:30,2631,0,454,385,58,103,0,820,10,330,0,0,0,548,0,171,-6,-242,0,2631
2026/05/06,22:00,2610,0,495,390,58,102,0,804,10,330,0,0,0,565,0,136,-7,-273,0,2610
2026/05/06,22:30,2550,0,523,384,58,101,0,790,10,329,0,0,0,561,0,97,-7,-296,0,2550
2026/05/06,23:00,2558,0,490,396,58,112,0,791,10,329,0,0,0,544,0,96,33,-301,0,2558
2026/05/06,23:30,2550,0,505,390,58,134,0,792,10,330,0,0,0,565,0,61,-7,-288,0,2550
2026/05/07,00:00,2489,0,404,400,58,146,0,816,10,326,0,0,0,563,0,13,-35,-212,0,2489
2026/05/07,00:30,2471,0,374,382,59,147,0,837,10,325,0,0,0,566,0,19,-13,-235,0,2471
2026/05/07,01:00,2496,0,427,379,59,146,0,866,10,325,0,0,0,565,0,20,-51,-250,0,2496
2026/05/07,01:30,2542,0,475,397,58,145,0,875,10,325,0,0,0,564,0,23,-6,-324,0,2542
2026/05/07,02:00,2592,0,404,401,58,147,0,873,10,325,0,0,0,548,0,50,-2,-222,0,2592
2026/05/07,02:30,2676,0,410,390,58,145,0,876,10,325,0,0,0,564,0,120,-5,-217,0,2676
2026/05/07,03:00,2736,0,396,398,58,145,0,879,10,324,0,0,0,576,0,125,-3,-172,0,2736
2026/05/07,03:30,2774,0,459,390,58,147,0,880,10,324,0,0,0,562,0,142,-6,-192,0,2774
2026/05/07,04:00,2758,0,390,403,58,149,0,880,10,324,0,2,0,515,0,183,-2,-154,0,2758
2026/05/07,04:30,2788,0,471,394,58,147,0,881,10,325,0,90,0,523,0,144,12,-267,0,2788
2026/05/07,05:00,2824,0,404,400,58,145,0,879,10,325,0,237,0,509,0,148,-4,-287,0,2824
2026/05/07,05:30,2774,0,282,371,58,146,0,878,10,325,0,418,0,524,0,119,0,-357,0,2774
2026/05/07,06:00,2826,0,360,339,58,145,0,850,10,325,0,576,0,509,0,2,22,-370,0,2826
2026/05/07,06:30,2832,0,472,251,58,145,0,829,10,323,0,705,0,467,0,0,-2,-426,0,2832
2026/05/07,07:00,2866,0,394,217,58,144,0,799,10,324,0,797,1,436,0,0,0,-313,0,2866
2026/05/07,07:30,2978,0,392,168,58,145,0,786,10,325,0,917,1,459,0,0,-4,-278,0,2978
2026/05/07,08:00,3131,0,431,185,58,138,0,751,10,322,0,988,1,467,0,0,-4,-215,0,3131
2026/05/07,08:30,3223,0,419,174,58,109,0,748,10,311,0,1059,1,496,0,0,-44,-117,0,3223
2026/05/07,09:00,3208,0,368,148,60,87,0,742,10,292,0,1143,1,494,0,-214,-4,82,0,3208
2026/05/07,09:30,3092,0,234,104,62,80,0,767,10,268,0,1262,1,504,0,-341,-16,158,0,3092
2026/05/07,10:00,3051,0,285,119,62,75,0,757,10,252,75,1436,1,422,0,-374,-6,13,0,3051
2026/05/07,10:30,3111,0,258,104,62,76,0,757,10,251,75,1626,1,342,0,-318,-64,7,0,3111
2026/05/07,11:00,3162,0,216,95,62,76,0,753,10,251,75,1721,57,263,49,-319,-68,102,0,3162
2026/05/07,11:30,3180,0,306,123,61,76,0,732,10,250,75,1731,56,183,50,-310,-91,109,0,3180
2026/05/07,12:00,3068,0,252,120,60,76,0,743,10,250,75,1726,55,167,49,-395,-79,138,0,3068
2026/05/07,12:30,3098,0,334,109,60,76,0,751,10,249,75,1695,54,162,49,-389,-56,97,0,3098
2026/05/07,13:00,3206,0,482,126,60,76,0,765,10,250,64,1584,51,182,48,-311,-20,2,0,3206
2026/05/07,13:30,3182,0,473,127,60,76,0,775,10,250,52,1379,1,213,0,-263,-7,89,0,3182
2026/05/07,14:00,3022,0,321,180,59,76,0,789,10,250,52,1203,0,185,0,-232,-5,186,0,3022
2026/05/07,14:30,2950,0,388,191,58,90,0,799,10,264,0,1011,0,197,0,-312,4,250,0,2950
2026/05/07,15:00,2903,0,441,259,58,98,0,805,10,298,0,776,0,199,0,-235,-10,204,0,2903
2026/05/07,15:30,2915,0,441,283,59,112,0,807,10,313,0,674,0,190,0,-60,-15,101,0,2915
2026/05/07,16:00,2953,0,550,351,59,137,0,817,10,320,0,491,0,144,0,44,-6,36,0,2953
2026/05/07,16:30,2991,0,570,357,59,150,0,828,10,323,0,347,0,134,0,59,-9,163,0,2991
2026/05/07,17:00,2963,0,432,398,59,147,0,906,10,325,0,189,0,120,0,12,-6,371,0,2963
2026/05/07,17:30,2959,0,375,356,59,152,0,914,10,325,0,76,0,106,0,117,30,439,0,2959
2026/05/07,18:00,2998,0,402,349,59,153,0,917,10,325,0,5,0,94,0,200,126,358,0,2998
2026/05/07,18:30,3052,0,532,380,59,156,0,908,10,325,0,2,0,90,0,224,96,270,0,3052
2026/05/07,19:00,3062,0,553,398,59,157,0,909,10,326,0,0,0,92,0,228,65,265,0,3062
2026/05/07,19:30,3008,0,561,395,59,156,0,910,10,327,0,0,0,101,0,227,25,237,0,3008
2026/05/07,20:00,2914,0,529,398,59,152,0,914,10,327,0,0,0,85,0,169,-7,278,0,2914
2026/05/07,20:30,2832,0,546,394,59,149,0,918,10,325,0,0,0,70,0,149,-5,217,0,2832
2026/05/07,21:00,2751,0,478,397,59,147,0,922,10,320,0,0,0,48,0,149,-6,227,0,2751
2026/05/07,21:30,2659,0,460,390,59,147,0,925,10,315,0,0,0,35,0,71,-6,253,0,2659
2026/05/07,22:00,2620,0,453,401,58,146,0,912,10,312,0,0,0,19,0,59,-6,256,0,2620
2026/05/07,22:30,2608,0,500,398,58,145,0,902,10,302,0,0,0,18,0,73,-7,209,0,2608
2026/05/07,23:00,2633,0,517,401,58,147,0,887,10,290,0,0,0,12,0,43,-7,275,0,2633
2026/05/07,23:30,2549,0,495,395,58,145,0,886,10,277,0,0,0,15,0,21,-7,254,0,2549
2026/05/08,00:00,2508,0,478,393,58,150,0,866,10,270,0,0,0,11,0,19,-50,303,0,2508
2026/05/08,00:30,2480,0,439,393,58,151,0,861,10,266,0,0,0,12,0,17,-9,282,0,2480
2026/05/08,01:00,2519,0,499,401,58,150,0,855,10,265,0,0,0,6,0,18,-5,262,0,2519
2026/05/08,01:30,2549,0,459,398,58,150,0,866,10,265,0,0,0,8,0,19,-4,320,0,2549
2026/05/08,02:00,2622,0,464,399,58,150,0,864,10,265,0,0,0,4,0,19,-5,394,0,2622
2026/05/08,02:30,2680,0,486,395,58,146,0,873,10,269,0,0,0,13,0,20,-3,413,0,2680
2026/05/08,03:00,2754,0,461,397,58,149,0,874,10,272,0,0,0,14,0,62,10,447,0,2754
2026/05/08,03:30,2782,0,515,393,58,152,0,874,10,272,0,0,0,9,0,111,-2,390,0,2782
2026/05/08,04:00,2839,0,504,403,58,151,0,874,10,272,0,1,0,5,0,167,-2,396,0,2839
2026/05/08,04:30,2841,0,525,395,58,149,0,873,10,273,0,62,0,8,0,148,-4,344,0,2841
2026/05/08,05:00,2877,0,455,408,58,151,0,866,10,272,0,139,0,11,0,111,-6,402,0,2877
2026/05/08,05:30,2781,0,346,391,58,149,0,866,10,270,0,212,0,39,0,75,-5,370,0,2781
2026/05/08,06:00,2780,0,400,406,58,147,0,864,10,269,0,254,0,35,0,19,-4,322,0,2780
2026/05/08,06:30,2776,0,552,395,58,147,0,847,10,263,0,315,0,47,0,25,-6,123,0,2776
2026/05/08,07:00,2861,0,573,404,58,147,0,843,10,262,0,392,1,25,0,23,-15,139,0,2861
2026/05/08,07:30,2973,0,452,386,58,147,0,855,10,263,0,508,1,41,0,20,-4,237,0,2973
2026/05/08,08:00,3052,0,377,407,58,147,0,858,10,264,0,591,1,38,0,11,-7,298,0,3052
2026/05/08,08:30,3184,0,425,368,58,147,0,853,10,261,0,691,1,45,0,0,-4,330,0,3184
2026/05/08,09:00,3296,0,496,405,59,146,0,851,10,261,0,763,1,41,0,4,-2,262,0,3296
2026/05/08,09:30,3320,0,473,393,58,146,0,862,10,262,0,857,1,46,0,20,-4,197,0,3320
2026/05/08,10:00,3326,0,545,402,59,146,0,870,10,262,0,913,1,38,0,22,-9,68,0,3326
2026/05/08,10:30,3372,0,603,387,59,149,0,864,10,261,0,915,1,91,0,80,-55,8,0,3372
2026/05/08,11:00,3337,0,602,397,58,148,0,864,10,261,0,870,2,109,0,26,-73,65,0,3337
2026/05/08,11:30,3223,0,569,384,58,146,0,863,10,262,0,862,2,117,0,33,-86,5,0,3223
2026/05/08,12:00,3100,0,511,401,58,146,0,828,10,262,0,842,2,118,0,4,-77,-3,0,3100
2026/05/08,12:30,3076,0,493,385,58,147,0,825,10,261,0,836,2,125,0,19,-43,-40,0,3076
2026/05/08,13:00,3154,0,471,394,65,146,0,853,10,249,0,845,1,128,0,20,-23,-4,0,3154
2026/05/08,13:30,3146,0,462,382,87,146,0,858,10,242,0,759,1,188,0,20,33,-41,0,3146
2026/05/08,14:00,3153,0,585,404,111,146,0,861,10,253,0,612,0,182,0,40,0,-51,0,3153
2026/05/08,14:30,3087,0,488,386,155,147,0,838,10,268,0,500,0,179,0,68,42,6,0,3087
2026/05/08,15:00,3002,0,445,399,133,147,0,840,10,271,0,396,0,190,0,121,-3,53,0,3002
2026/05/08,15:30,3048,0,392,389,149,149,0,865,10,272,0,315,0,237,0,232,-5,43,0,3048
2026/05/08,16:00,3082,0,497,400,201,149,0,856,10,274,0,212,0,303,0,242,-4,-58,0,3082
2026/05/08,16:30,3114,0,557,387,201,148,0,858,10,275,0,148,0,336,0,250,-4,-52,0,3114
2026/05/08,17:00,3103,0,546,405,201,152,0,868,10,277,0,63,0,370,0,244,-6,-27,0,3103
2026/05/08,17:30,3123,0,576,388,129,153,0,870,10,276,0,42,0,430,0,247,13,-11,0,3123
2026/05/08,18:00,3133,0,384,384,105,153,0,876,10,276,0,1,0,438,0,251,105,150,0,3133
2026/05/08,18:30,3161,0,434,385,97,155,0,877,10,276,0,0,0,460,0,249,100,118,0,3161
2026/05/08,19:00,3147,0,602,400,59,152,0,889,10,276,0,0,0,495,0,219,68,-23,0,3147
2026/05/08,19:30,3067,0,528,392,59,153,0,889,10,277,0,0,0,542,0,126,27,64,0,3067
2026/05/08,20:00,2979,0,541,398,59,149,0,870,10,277,0,0,0,546,0,101,-7,35,0,2979
2026/05/08,20:30,2915,0,542,390,59,149,0,869,10,277,0,0,0,547,0,102,-6,-24,0,2915
2026/05/08,21:00,2842,0,557,400,59,147,0,862,10,277,0,0,0,518,0,53,-5,-36,0,2842
2026/05/08,21:30,2746,0,542,391,59,147,0,859,10,277,0,0,0,530,0,16,-3,-82,0,2746
2026/05/08,22:00,2695,0,455,400,58,147,0,859,10,277,0,0,0,547,0,18,-5,-71,0,2695
2026/05/08,22:30,2661,0,473,391,58,148,0,860,10,277,0,0,0,540,0,16,-5,-107,0,2661
2026/05/08,23:00,2711,0,537,398,58,147,0,844,10,277,0,0,0,535,0,19,-6,-108,0,2711
2026/05/08,23:30,2649,0,527,392,58,147,0,839,10,277,0,0,0,554,0,20,-5,-170,0,2649
2026/05/09,00:00,2622,0,419,399,58,148,0,829,10,278,0,0,0,593,0,87,-51,-148,0,2622
2026/05/09,00:30,2584,0,346,396,58,147,0,829,10,279,0,0,0,662,0,98,-53,-188,0,2584
2026/05/09,01:00,2604,0,392,398,58,147,0,834,10,279,0,0,0,666,0,98,-5,-273,0,2604
2026/05/09,01:30,2628,0,473,398,58,147,0,833,10,279,0,0,0,649,0,101,-7,-313,0,2628
2026/05/09,02:00,2718,0,517,407,58,147,0,848,10,280,0,0,0,648,0,109,-3,-303,0,2718
2026/05/09,02:30,2754,0,513,392,58,147,0,847,10,280,0,0,0,622,0,164,-5,-274,0,2754
2026/05/09,03:00,2789,0,434,401,58,147,0,843,10,280,0,0,0,562,0,236,-3,-179,0,2789
2026/05/09,03:30,2849,0,460,390,58,147,0,845,10,280,0,0,0,553,0,260,-5,-149,0,2849
2026/05/09,04:00,2835,0,445,406,58,148,0,845,10,280,0,1,0,508,0,269,-5,-130,0,2835
2026/05/09,04:30,2851,0,456,395,58,147,0,845,10,280,0,63,0,508,0,271,-6,-176,0,2851
2026/05/09,05:00,2867,0,465,410,58,146,0,839,10,275,0,135,0,496,0,249,0,-216,0,2867
2026/05/09,05:30,2795,0,478,362,58,141,0,845,10,265,0,213,0,484,0,185,-22,-224,0,2795
2026/05/09,06:00,2783,0,482,322,58,125,0,826,10,252,0,277,0,467,0,134,33,-203,0,2783
2026/05/09,06:30,2717,0,465,276,58,93,0,815,10,227,0,334,0,446,0,110,0,-117,0,2717
2026/05/09,07:00,2696,0,336,264,58,76,0,804,10,218,66,392,0,435,0,74,-1,30,0,2696
2026/05/09,07:30,2744,0,298,221,58,76,0,804,10,219,66,593,0,472,0,-141,1,133,0,2744
2026/05/09,08:00,2850,0,244,199,58,76,0,805,10,220,66,763,0,526,0,-301,-4,254,0,2850
2026/05/09,08:30,2952,0,262,148,58,76,0,805,10,219,66,876,0,544,0,-337,-2,293,0,2952
2026/05/09,09:00,2992,0,346,118,58,75,0,793,10,219,66,887,0,583,0,-415,-3,321,0,2992
2026/05/09,09:30,2980,0,320,99,58,75,0,781,10,219,66,940,0,596,0,-418,-2,302,0,2980
2026/05/09,10:00,2910,0,244,95,58,75,0,780,10,220,66,1020,53,590,29,-457,-5,280,0,2910
2026/05/09,10:30,2952,0,287,111,58,75,0,781,10,220,66,1025,57,603,28,-454,-69,305,0,2952
2026/05/09,11:00,2975,0,376,112,58,75,0,779,10,220,66,979,58,591,27,-446,-110,331,0,2975
2026/05/09,11:30,2969,0,441,95,58,75,0,776,10,219,66,912,59,581,27,-440,-89,331,0,2969
2026/05/09,12:00,2981,0,428,108,58,75,0,762,10,220,66,880,59,628,0,-445,-83,340,0,2981
2026/05/09,12:30,2927,0,371,94,58,75,0,761,10,220,66,874,57,631,0,-446,-38,317,0,2927
2026/05/09,13:00,2951,0,380,113,58,75,0,793,10,219,55,856,51,610,0,-444,-29,310,0,2951
2026/05/09,13:30,2983,0,361,93,58,75,0,798,10,219,43,785,45,585,0,-396,9,386,0,2983
2026/05/09,14:00,2998,0,416,112,58,75,0,800,10,219,43,628,0,517,0,-270,5,428,0,2998
2026/05/09,14:30,2966,0,493,137,58,76,0,808,10,219,55,511,0,483,0,-233,1,403,0,2966
2026/05/09,15:00,2908,0,450,181,58,76,0,812,10,218,66,435,0,462,0,-213,-2,421,0,2908
2026/05/09,15:30,2890,0,458,198,58,75,0,795,10,217,66,353,0,441,0,-167,1,451,0,2890
2026/05/09,16:00,2905,0,401,253,58,75,0,795,10,217,66,256,0,381,0,0,-3,462,0,2905
2026/05/09,16:30,2917,0,438,271,58,75,0,818,10,221,66,196,0,332,0,74,-32,456,0,2917
2026/05/09,17:00,2924,0,352,333,58,104,0,856,10,235,0,128,0,310,0,96,-13,455,0,2924
2026/05/09,17:30,2952,0,254,348,58,139,0,868,10,261,0,74,0,334,0,153,-4,457,0,2952
2026/05/09,18:00,2986,0,263,353,58,150,0,880,10,274,0,8,0,367,0,160,80,383,0,2986
2026/05/09,18:30,3036,0,350,353,58,154,0,897,10,275,0,2,0,418,0,171,101,247,0,3036
2026/05/09,19:00,3102,0,538,401,58,153,0,899,10,277,0,0,0,400,0,171,96,99,0,3102
2026/05/09,19:30,3026,0,575,391,59,157,0,899,10,280,0,2,0,388,0,200,28,37,0,3026
2026/05/09,20:00,2959,0,440,397,59,151,0,888,10,280,0,0,0,364,0,170,-1,201,0,2959
2026/05/09,20:30,2881,0,490,390,59,153,0,888,10,280,0,0,0,312,0,169,-5,135,0,2881
2026/05/09,21:00,2806,0,495,402,59,147,0,887,10,280,0,0,0,242,0,168,-1,117,0,2806
2026/05/09,21:30,2698,0,468,393,60,148,0,886,10,279,0,0,0,201,0,169,-6,90,0,2698
2026/05/09,22:00,2711,0,512,398,58,147,0,852,10,281,0,0,0,169,0,174,0,110,0,2711
2026/05/09,22:30,2637,0,463,392,58,151,0,852,10,280,0,0,0,149,0,169,-6,119,0,2637
2026/05/09,23:00,2684,0,406,403,58,150,0,851,10,280,0,0,0,162,0,139,-2,227,0,2684
2026/05/09,23:30,2600,0,492,392,58,149,0,833,10,275,0,0,0,210,0,25,-29,185,0,2600
2026/05/10,00:00,2552,0,315,402,58,149,0,834,10,268,0,0,0,268,0,171,18,59,0,2552
2026/05/10,00:30,2494,0,288,395,58,148,0,836,10,260,0,0,0,374,0,239,-12,-102,0,2494
2026/05/10,01:00,2536,0,344,400,58,148,0,840,10,253,0,0,0,414,0,249,-5,-175,0,2536
2026/05/10,01:30,2588,0,396,391,58,147,0,848,10,249,0,0,0,477,0,251,-10,-229,0,2588
2026/05/10,02:00,2642,0,352,399,58,148,0,864,10,240,0,0,0,469,0,298,0,-196,0,2642
2026/05/10,02:30,2696,0,388,393,58,147,0,866,10,227,0,0,0,471,0,333,1,-198,0,2696
2026/05/10,03:00,2767,0,372,402,58,148,0,868,10,219,0,0,0,481,0,345,0,-136,0,2767
2026/05/10,03:30,2823,0,357,394,58,147,0,868,10,219,0,0,0,502,0,407,-1,-138,0,2823
2026/05/10,04:00,2826,0,459,400,58,147,0,868,10,218,0,2,0,492,0,383,-1,-210,0,2826
2026/05/10,04:30,2836,0,451,389,58,147,0,868,10,219,0,104,0,483,0,330,-1,-222,0,2836
2026/05/10,05:00,2888,0,496,357,58,147,0,868,10,214,0,260,0,458,0,270,-2,-248,0,2888
2026/05/10,05:30,2834,0,364,334,58,142,0,867,10,204,0,454,0,455,0,251,-22,-283,0,2834
2026/05/10,06:00,2807,0,362,254,58,123,0,839,10,195,0,702,0,446,0,176,2,-360,0,2807
2026/05/10,06:30,2685,0,364,176,58,91,0,829,10,176,0,938,0,436,0,61,-5,-449,0,2685
2026/05/10,07:00,2660,0,360,143,58,77,0,808,10,169,46,1081,86,423,10,-168,-2,-299,0,2660
2026/05/10,07:30,2742,0,398,118,58,76,0,793,10,170,46,1243,182,419,18,-288,-4,-251,0,2742
2026/05/10,08:00,2707,0,303,126,58,76,0,791,10,171,46,1417,212,400,17,-358,-5,-282,0,2707
2026/05/10,08:30,2685,0,273,111,58,76,0,790,10,170,46,1473,409,406,27,-432,-4,-246,0,2685
2026/05/10,09:00,2723,0,278,124,58,76,0,743,10,170,46,1521,411,403,26,-432,-3,-225,0,2723
2026/05/10,09:30,2739,0,288,108,58,76,0,729,10,169,46,1573,458,408,25,-435,-6,-239,0,2739
2026/05/10,10:00,2743,0,276,110,58,76,0,729,10,170,46,1549,550,400,25,-446,-20,-169,0,2743
2026/05/10,10:30,2781,0,336,92,58,76,0,728,10,170,46,1655,480,280,275,-444,-69,-111,0,2781
2026/05/10,11:00,2730,0,346,90,58,76,0,733,10,170,46,1582,558,124,262,-443,-72,56,0,2730
2026/05/10,11:30,2778,0,342,97,58,76,0,762,10,170,46,1539,575,145,257,-441,-83,103,0,2778
2026/05/10,12:00,2768,0,391,105,58,76,0,754,10,170,46,1510,577,142,257,-443,-84,79,0,2768
2026/05/10,12:30,2646,0,377,94,58,76,0,753,10,170,46,1491,514,146,250,-446,-45,-38,0,2646
2026/05/10,13:00,2577,0,357,108,58,76,0,772,10,169,34,1237,660,316,262,-441,-23,-62,0,2577
2026/05/10,13:30,2565,0,393,104,58,76,0,774,10,170,23,1102,659,396,59,-440,3,-81,0,2565
2026/05/10,14:00,2529,0,399,172,58,76,0,787,10,169,23,982,607,377,34,-432,-2,-67,0,2529
2026/05/10,14:30,2515,0,398,163,58,75,0,793,10,169,34,897,473,381,36,-357,-3,-69,0,2515
2026/05/10,15:00,2503,0,387,191,58,76,0,804,10,169,46,820,326,397,33,-257,-8,-144,0,2503
2026/05/10,15:30,2503,0,480,230,58,76,0,786,10,169,46,732,223,338,19,-194,-5,-177,0,2503
2026/05/10,16:00,2574,0,424,262,58,76,0,792,10,168,46,725,0,329,0,-189,-8,-73,0,2574
2026/05/10,16:30,2644,0,371,222,58,75,0,822,10,168,46,515,0,356,0,44,-6,9,0,2644
2026/05/10,17:00,2709,0,380,247,58,106,0,904,10,183,0,269,0,363,0,79,-8,118,0,2709
2026/05/10,17:30,2737,0,423,307,58,142,0,919,10,203,0,86,0,374,0,112,-6,109,0,2737
2026/05/10,18:00,2759,0,300,359,58,149,0,930,10,211,0,6,0,378,0,153,101,104,0,2759
2026/05/10,18:30,2827,0,419,382,58,154,0,928,10,215,0,0,0,413,0,211,100,-63,0,2827
2026/05/10,19:00,2889,0,529,398,58,156,0,924,10,217,0,0,0,398,0,207,75,-83,0,2889
2026/05/10,19:30,2847,0,542,394,58,156,0,917,10,218,0,0,0,326,0,216,28,-18,0,2847
2026/05/10,20:00,2783,0,596,402,58,154,0,888,10,219,0,0,0,291,0,209,-6,-38,0,2783
2026/05/10,20:30,2723,0,573,395,58,150,0,888,10,219,0,0,0,303,0,214,-7,-80,0,2723
2026/05/10,21:00,2659,0,509,405,58,150,0,888,10,219,0,0,0,323,0,199,-7,-95,0,2659
2026/05/10,21:30,2577,0,504,395,58,147,0,888,10,220,0,0,0,346,0,122,-3,-110,0,2577
2026/05/10,22:00,2613,0,428,400,58,148,0,888,10,219,0,0,0,352,0,115,0,-5,0,2613
2026/05/10,22:30,2573,0,512,396,58,149,0,887,10,220,0,0,0,332,0,111,-3,-99,0,2573
2026/05/10,23:00,2618,0,600,402,58,149,0,870,10,219,0,0,0,339,0,194,10,-233,0,2618
2026/05/10,23:30,2508,0,589,394,58,148,0,852,10,220,0,0,0,413,0,41,9,-226,0,2508
2026/05/11,00:00,2507,0,453,399,58,147,0,867,10,220,0,0,0,478,0,108,-7,-226,0,2507
2026/05/11,00:30,2483,0,387,376,58,148,0,872,10,220,0,0,0,533,0,205,-20,-306,0,2483
2026/05/11,01:00,2535,0,446,408,58,147,0,880,10,220,0,0,0,540,0,245,-8,-411,0,2535
2026/05/11,01:30,2551,0,454,397,58,147,0,883,10,220,0,0,0,545,0,266,-9,-420,0,2551
2026/05/11,02:00,2629,0,372,371,58,148,0,901,10,220,0,0,0,545,0,268,-7,-257,0,2629
2026/05/11,02:30,2719,0,356,388,58,147,0,904,10,220,0,0,0,559,0,268,-7,-184,0,2719
2026/05/11,03:00,2776,0,348,404,58,147,0,915,10,219,0,0,0,544,0,276,-7,-138,0,2776
2026/05/11,03:30,2808,0,387,395,58,147,0,916,10,219,0,0,0,554,0,276,-6,-148,0,2808
2026/05/11,04:00,2808,0,396,404,58,147,0,916,10,220,0,2,0,536,0,265,-5,-141,0,2808
2026/05/11,04:30,2826,0,451,394,58,147,0,916,10,220,0,99,0,543,0,285,-6,-291,0,2826
2026/05/11,05:00,2860,0,401,397,58,147,0,910,10,219,0,222,0,530,0,259,25,-318,0,2860
2026/05/11,05:30,2858,0,475,339,58,147,0,911,10,213,0,383,0,539,0,201,-45,-373,0,2858
2026/05/11,06:00,2950,0,508,311,58,142,0,880,10,205,0,512,0,551,0,167,8,-402,0,2950
2026/05/11,06:30,2916,0,511,271,58,123,0,858,10,196,0,598,0,523,0,90,-9,-313,0,2916
2026/05/11,07:00,2849,0,430,255,58,89,0,825,10,180,0,673,1,502,0,4,-6,-171,0,2849
2026/05/11,07:30,2865,0,324,242,58,74,0,823,10,171,46,788,1,526,0,-84,-8,-59,0,2865
2026/05/11,08:00,3038,0,412,251,59,74,0,831,10,172,46,933,1,540,0,-226,-5,-13,0,3038
2026/05/11,08:30,3232,0,474,281,58,74,0,831,10,171,46,1096,1,554,0,-271,-6,-40,0,3232
2026/05/11,09:00,3306,0,484,299,58,73,0,804,10,171,46,1193,1,550,0,-417,-6,87,0,3306
2026/05/11,09:30,3344,0,448,285,58,73,0,756,10,170,46,1251,1,565,0,-430,-6,164,0,3344
2026/05/11,10:00,3403,0,341,288,58,73,0,746,10,171,46,1333,1,576,0,-423,-2,232,0,3403
2026/05/11,10:30,3439,0,401,288,58,74,0,745,10,171,46,1384,1,600,0,-422,-55,185,0,3439
2026/05/11,11:00,3450,0,456,290,58,74,0,740,10,171,46,1330,2,577,0,-420,-55,219,0,3450
2026/05/11,11:30,3400,0,437,303,58,74,0,746,10,170,46,1228,2,580,0,-396,-76,266,0,3400
2026/05/11,12:00,3232,0,441,307,58,74,0,765,10,171,46,1142,2,579,0,-418,-86,189,0,3232
2026/05/11,12:30,3132,0,427,289,58,74,0,771,10,171,46,1094,2,587,0,-386,-32,69,0,3132
2026/05/11,13:00,3108,0,337,299,58,73,0,791,10,171,34,1045,1,586,0,-243,-22,3,0,3108
2026/05/11,13:30,3050,0,277,289,58,73,0,805,10,171,23,1072,1,597,0,-244,-4,-54,0,3050
2026/05/11,14:00,3056,0,388,313,58,74,0,803,10,171,23,1017,0,587,0,-212,-1,-152,0,3056
2026/05/11,14:30,3050,0,402,330,58,74,0,814,10,171,34,913,0,610,0,-182,-7,-143,0,3050
2026/05/11,15:00,3112,0,470,351,59,74,0,819,10,170,46,764,0,600,0,-53,-1,-151,0,3112
2026/05/11,15:30,3160,0,514,357,59,104,0,841,10,177,0,617,0,566,0,23,-4,-104,0,3160
2026/05/11,16:00,3162,0,458,415,59,141,0,951,10,200,0,443,0,533,0,18,1,-67,0,3162
2026/05/11,16:30,3124,0,432,403,59,148,0,937,10,211,0,340,0,535,0,33,-6,22,0,3124
2026/05/11,17:00,3091,0,451,415,59,147,0,939,10,216,0,216,0,521,0,82,-23,58,0,3091
2026/05/11,17:30,3061,0,418,401,59,149,0,950,10,216,0,108,0,524,0,142,-4,88,0,3061
2026/05/11,18:00,3084,0,366,416,60,152,0,972,10,217,0,15,0,516,0,267,65,28,0,3084
2026/05/11,18:30,3160,0,547,395,60,153,0,974,10,218,0,3,0,529,0,276,103,-108,0,3160
2026/05/11,19:00,3184,0,553,402,60,154,0,969,10,218,0,0,0,533,0,279,101,-95,0,3184
2026/05/11,19:30,3118,0,524,397,60,152,0,965,10,218,0,1,0,541,0,258,76,-84,0,3118
2026/05/11,20:00,3020,0,513,404,60,150,0,902,10,218,0,0,0,514,0,199,-6,56,0,3020
2026/05/11,20:30,2938,0,435,394,59,149,0,901,10,218,0,0,0,520,0,142,-5,115,0,2938
2026/05/11,21:00,2873,0,412,407,59,148,0,891,10,219,0,0,0,518,0,146,0,63,0,2873
2026/05/11,21:30,2793,0,479,401,59,147,0,889,10,219,0,0,0,503,0,198,-7,-105,0,2793
2026/05/11,22:00,2759,0,457,411,58,147,0,888,10,219,0,0,0,476,0,206,0,-113,0,2759
2026/05/11,22:30,2677,0,431,398,58,149,0,888,10,219,0,0,0,488,0,234,-5,-193,0,2677
2026/05/11,23:00,2700,0,401,411,58,147,0,888,10,218,0,0,0,502,0,232,38,-205,0,2700
2026/05/11,23:30,2608,0,471,401,58,147,0,882,10,219,0,0,0,530,0,180,-7,-283,0,2608
2026/05/12,00:00,2580,0,465,405,58,149,0,866,10,219,0,0,0,537,0,123,-52,-200,0,2580
2026/05/12,00:30,2554,0,406,401,58,149,0,871,10,219,0,0,0,542,0,205,-54,-253,0,2554
2026/05/12,01:00,2568,0,495,406,58,149,0,877,10,219,0,0,0,531,0,180,-3,-354,0,2568
2026/05/12,01:30,2614,0,487,395,58,148,0,902,10,219,0,0,0,534,0,179,-8,-310,0,2614
2026/05/12,02:00,2671,0,402,408,58,148,0,929,10,219,0,0,0,523,0,231,-5,-252,0,2671
2026/05/12,02:30,2745,0,430,396,58,147,0,945,10,219,0,0,0,522,0,326,-5,-303,0,2745
2026/05/12,03:00,2803,0,468,405,58,148,0,946,10,219,0,0,0,510,0,377,-4,-334,0,2803
2026/05/12,03:30,2877,0,530,398,58,150,0,947,10,218,0,0,0,497,0,360,-4,-287,0,2877
2026/05/12,04:00,2868,0,475,405,58,151,0,947,10,218,0,2,0,489,0,306,-5,-188,0,2868
2026/05/12,04:30,2902,0,505,393,58,147,0,948,10,219,0,108,0,489,0,252,-6,-221,0,2902
2026/05/12,05:00,2971,0,572,363,58,148,0,947,10,218,0,267,0,478,0,206,-6,-290,0,2971
2026/05/12,05:30,2923,0,470,350,58,150,0,945,10,216,0,491,0,474,0,141,-4,-378,0,2923
2026/05/12,06:00,2955,0,478,322,58,147,0,900,10,216,0,742,0,451,0,108,37,-514,0,2955
2026/05/12,06:30,2899,0,403,262,58,147,0,887,10,216,0,976,0,416,0,90,-5,-561,0,2899
2026/05/12,07:00,2901,0,352,261,58,146,0,862,10,215,0,1186,1,392,0,18,-6,-593,0,2901
2026/05/12,07:30,2947,0,390,257,65,146,0,847,10,210,0,1445,1,392,0,-210,-7,-598,0,2947
2026/05/12,08:00,3117,0,396,290,73,131,0,870,10,197,0,1678,1,383,0,-307,-6,-598,0,3117
2026/05/12,08:30,3229,0,351,209,74,100,0,860,10,183,0,1877,1,387,0,-381,-5,-436,0,3229
2026/05/12,09:00,3293,0,333,190,76,79,0,835,10,163,0,2011,1,375,0,-411,-7,-361,0,3293
2026/05/12,09:30,3371,0,417,173,78,75,0,801,10,149,46,2109,1,399,0,-434,-29,-377,0,3371
2026/05/12,10:00,3391,0,334,192,77,75,0,803,10,149,46,2165,1,421,0,-415,-8,-412,0,3391
2026/05/12,10:30,3411,0,339,178,76,75,0,804,10,148,46,2198,1,435,0,-478,-56,-318,0,3411
2026/05/12,11:00,3464,0,350,195,77,75,0,807,10,148,46,2203,2,412,0,-485,-55,-273,0,3464
2026/05/12,11:30,3402,0,396,176,78,75,0,803,10,148,46,2180,2,434,0,-491,-107,-300,0,3402
2026/05/12,12:00,3216,0,328,171,78,75,0,780,10,148,46,2132,2,438,0,-496,-74,-374,0,3216
2026/05/12,12:30,3168,0,324,168,79,75,0,784,10,148,46,2058,2,455,0,-457,-39,-437,0,3168
2026/05/12,13:00,3233,0,463,133,79,75,0,785,10,148,34,1956,1,438,0,-368,-29,-457,0,3233
2026/05/12,13:30,3181,0,356,131,79,74,0,787,10,148,23,1832,1,469,0,-214,-5,-486,0,3181
2026/05/12,14:00,3121,0,315,202,78,88,0,789,10,161,0,1676,0,470,0,-181,-5,-482,0,3121
2026/05/12,14:30,3057,0,394,241,79,96,0,796,10,181,0,1450,0,480,0,-188,-5,-477,0,3057
2026/05/12,15:00,3003,0,479,297,78,110,0,801,10,188,0,1195,0,467,0,-203,-1,-418,0,3003
2026/05/12,15:30,3081,0,477,343,76,136,0,841,10,189,0,989,0,451,0,-6,-4,-421,0,3081
2026/05/12,16:00,3133,0,499,403,78,148,0,915,10,192,0,754,0,446,0,41,0,-353,0,3133
2026/05/12,16:30,3167,0,556,392,79,147,0,925,10,193,0,532,0,455,0,135,-3,-254,0,3167
2026/05/12,17:00,3145,0,577,401,77,149,0,911,10,195,0,285,0,436,0,187,-5,-78,0,3145
2026/05/12,17:30,3101,0,541,395,77,150,0,921,10,194,0,95,0,429,0,269,-1,21,0,3101
2026/05/12,18:00,3064,0,412,406,76,152,0,944,10,194,0,6,0,423,0,320,75,46,0,3064
2026/05/12,18:30,3108,0,484,393,73,154,0,945,10,195,0,4,0,435,0,328,97,-10,0,3108
2026/05/12,19:00,3149,0,502,406,68,153,0,975,10,196,0,0,0,441,0,322,91,-15,0,3149
2026/05/12,19:30,3083,0,482,401,62,153,0,940,10,196,0,0,0,456,0,338,27,18,0,3083
2026/05/12,20:00,2993,0,423,407,63,151,0,935,10,196,0,0,0,450,0,335,-7,30,0,2993
2026/05/12,20:30,2921,0,433,396,62,151,0,935,10,196,0,0,0,452,0,280,-6,12,0,2921
2026/05/12,21:00,2841,0,485,409,61,147,0,935,10,196,0,0,0,442,0,193,-7,-30,0,2841
2026/05/12,21:30,2741,0,461,397,60,147,0,932,10,196,0,0,0,454,0,179,-7,-88,0,2741
2026/05/12,22:00,2763,0,528,407,58,147,0,932,10,196,0,0,0,448,0,179,-1,-141,0,2763
2026/05/12,22:30,2707,0,487,398,58,147,0,931,10,197,0,0,0,462,0,175,-6,-152,0,2707
2026/05/12,23:00,2709,0,451,409,58,147,0,884,10,197,0,0,0,457,0,171,39,-114,0,2709
2026/05/12,23:30,2615,0,504,399,58,147,0,872,10,196,0,0,0,463,0,115,-7,-142,0,2615
2026/05/13,00:00,2579,0,528,408,58,148,0,850,10,196,0,0,0,456,0,73,-52,-96,0,2579
2026/05/13,00:30,2535,0,481,402,58,147,0,849,10,197,0,0,0,452,0,56,-10,-107,0,2535
2026/05/13,01:00,2541,0,468,404,58,147,0,849,10,197,0,0,0,441,0,44,-5,-72,0,2541
2026/05/13,01:30,2567,0,477,401,58,148,0,856,10,197,0,0,0,437,0,36,-6,-47,0,2567
2026/05/13,02:00,2623,0,462,405,58,149,0,884,10,196,0,0,0,414,0,42,-4,7,0,2623
2026/05/13,02:30,2715,0,475,400,58,147,0,887,10,196,0,0,0,411,0,116,-5,20,0,2715
2026/05/13,03:00,2784,0,462,408,58,149,0,891,10,196,0,0,0,435,0,172,-5,8,0,2784
2026/05/13,03:30,2802,0,464,398,58,148,0,901,10,196,0,0,0,434,0,187,-6,12,0,2802
2026/05/13,04:00,2736,0,457,411,63,149,0,909,10,196,0,2,0,359,0,131,-5,54,0,2736
2026/05/13,04:30,2788,0,562,397,60,148,0,924,10,196,0,104,0,265,0,152,9,-39,0,2788
2026/05/13,05:00,2839,0,593,405,58,149,0,921,10,193,0,244,0,212,0,123,-7,-62,0,2839
2026/05/13,05:30,2829,0,489,387,58,145,0,921,10,182,0,471,0,167,0,12,-7,-6,0,2829
2026/05/13,06:00,2873,0,506,361,59,126,0,870,10,175,0,718,0,132,0,24,4,-112,0,2873
2026/05/13,06:30,2817,0,392,327,59,94,0,857,10,158,0,935,0,106,0,9,-6,-124,0,2817
2026/05/13,07:00,2830,0,399,293,58,75,0,831,10,148,46,1129,1,85,0,-224,-5,31,0,2830
2026/05/13,07:30,2900,0,350,237,58,75,0,816,10,149,46,1364,1,88,0,-327,-36,116,0,2900
2026/05/13,08:00,3092,0,368,202,60,76,0,825,10,149,46,1562,1,78,0,-327,-6,95,0,3092
2026/05/13,08:30,3246,0,377,172,60,76,0,829,10,148,46,1750,1,81,0,-332,-5,80,0,3246
2026/05/13,09:00,3371,0,433,184,58,75,0,827,10,149,46,1858,1,81,0,-334,-18,48,0,3371
2026/05/13,09:30,3433,0,513,199,59,75,0,823,10,148,46,1909,1,88,0,-334,-4,-53,0,3433
2026/05/13,10:00,3412,0,503,225,58,75,0,786,10,148,46,1892,1,47,0,-329,-5,2,0,3412
2026/05/13,10:30,3410,0,448,191,58,75,0,756,10,148,46,1894,1,103,0,-328,-55,110,0,3410
2026/05/13,11:00,3500,0,510,220,58,75,0,763,10,149,46,1851,2,116,0,-320,-49,117,0,3500
2026/05/13,11:30,3534,0,532,209,58,75,0,757,10,146,46,1725,2,137,0,-178,-71,134,0,3534
2026/05/13,12:00,3572,0,552,239,61,75,0,743,10,145,46,1553,2,132,0,20,-81,123,0,3572
2026/05/13,12:30,3526,0,552,283,103,75,0,744,10,148,46,1333,2,121,0,26,-30,161,0,3526
2026/05/13,13:00,3535,0,553,357,107,82,0,745,10,162,34,1149,1,101,0,54,-17,232,0,3535
2026/05/13,13:30,3363,0,503,387,98,86,0,752,10,183,0,886,1,169,0,7,-3,285,0,3363
2026/05/13,14:00,3223,0,385,408,60,86,0,755,10,189,0,766,0,260,0,27,-15,292,0,3223
2026/05/13,14:30,3207,0,547,396,58,87,0,784,10,192,0,582,0,299,0,31,-19,240,0,3207
2026/05/13,15:00,3214,0,562,409,58,89,0,794,10,193,0,462,0,292,0,48,-15,312,0,3214
2026/05/13,15:30,3220,0,562,401,58,100,0,864,10,193,0,372,0,272,0,37,-13,364,0,3220
2026/05/13,16:00,3230,0,567,410,59,99,0,903,10,190,0,283,0,238,0,24,-12,459,0,3230
2026/05/13,16:30,3204,0,575,396,59,98,0,935,10,190,0,206,0,251,0,27,-4,461,0,3204
2026/05/13,17:00,3148,0,516,409,75,122,0,970,10,194,0,106,0,248,0,50,-3,451,0,3148
2026/05/13,17:30,3128,0,381,400,159,141,0,962,10,194,0,51,0,273,0,91,-3,469,0,3128
2026/05/13,18:00,3158,0,293,398,159,148,0,972,10,194,0,3,0,320,0,239,64,358,0,3158
2026/05/13,18:30,3158,0,368,403,164,153,0,972,10,195,0,2,0,385,0,246,78,182,0,3158
2026/05/13,19:00,3145,0,526,406,77,150,0,970,10,196,0,0,0,381,0,246,99,84,0,3145
2026/05/13,19:30,3095,0,612,401,59,151,0,944,10,196,0,0,0,360,0,310,59,-7,0,3095
2026/05/13,20:00,3016,0,601,404,59,150,0,942,10,196,0,0,0,355,0,289,-4,14,0,3016
2026/05/13,20:30,2930,0,523,399,59,149,0,924,10,196,0,0,0,344,0,200,-4,130,0,2930
2026/05/13,21:00,2847,0,430,410,59,149,0,924,10,196,0,0,0,332,0,126,-4,215,0,2847
2026/05/13,21:30,2747,0,481,403,59,147,0,925,10,197,0,0,0,317,0,122,-4,90,0,2747
2026/05/13,22:00,2759,0,471,404,58,147,0,889,10,196,0,0,0,304,0,197,-3,86,0,2759
2026/05/13,22:30,2705,0,532,399,58,151,0,888,10,196,0,0,0,269,0,236,-4,-30,0,2705
2026/05/13,23:00,2694,0,529,401,58,151,0,854,10,196,0,0,0,252,0,193,-4,54,0,2694
2026/05/13,23:30,2696,0,513,391,58,151,0,855,10,197,0,0,0,235,0,222,-3,67,0,2696
2026/05/14,00:00,2642,0,463,403,58,148,0,841,10,196,0,0,0,225,0,221,-4,81,0,2642
2026/05/14,00:30,2572,0,424,397,58,147,0,843,10,197,0,0,0,219,0,233,-6,50,0,2572
2026/05/14,01:00,2529,0,321,364,58,150,0,850,10,197,0,0,0,185,0,236,-1,159,0,2529
2026/05/14,01:30,2607,0,303,349,58,151,0,897,10,197,0,0,0,184,0,308,-1,151,0,2607
2026/05/14,02:00,2655,0,415,393,58,148,0,912,10,196,0,0,0,163,0,321,-2,41,0,2655
2026/05/14,02:30,2725,0,435,397,58,147,0,914,10,197,0,0,0,145,0,317,-1,106,0,2725
2026/05/14,03:00,2766,0,363,395,58,148,0,915,10,197,0,0,0,137,0,319,-2,226,0,2766
2026/05/14,03:30,2870,0,443,409,58,152,0,915,10,197,0,0,0,137,0,315,-3,237,0,2870
2026/05/14,04:00,2885,0,528,431,58,149,0,916,10,197,0,2,0,131,0,265,-1,199,0,2885
2026/05/14,04:30,2933,0,567,427,58,151,0,917,10,196,0,102,0,130,0,205,-3,173,0,2933
2026/05/14,05:00,2983,0,526,438,58,151,0,914,10,196,0,236,0,112,0,181,-4,165,0,2983
2026/05/14,05:30,2943,0,428,419,58,150,0,914,10,191,0,345,0,96,0,179,2,151,0,2943
2026/05/14,06:00,2954,0,406,428,58,150,0,871,10,183,0,422,0,99,0,107,40,180,0,2954
2026/05/14,06:30,2858,0,374,385,58,137,0,850,10,157,0,534,0,103,0,69,0,181,0,2858
2026/05/14,07:00,2834,0,391,375,58,111,0,813,10,137,0,685,1,92,0,-163,-1,326,0,2834
2026/05/14,07:30,2886,0,317,372,58,97,0,787,10,129,46,898,1,92,0,-231,-3,360,0,2886
2026/05/14,08:00,3023,0,377,357,58,96,0,776,10,129,46,1083,1,90,0,-259,-3,309,0,3023
2026/05/14,08:30,3147,0,443,380,58,91,0,764,10,128,46,1260,1,96,0,-310,-5,232,0,3147
2026/05/14,09:00,3273,0,439,403,58,83,0,746,10,128,46,1404,1,86,0,-325,-3,244,0,3273
2026/05/14,09:30,3281,0,384,396,60,82,0,739,10,128,46,1528,1,87,0,-326,-7,200,0,3281
2026/05/14,10:00,3260,0,365,409,62,83,0,739,10,127,46,1651,1,36,0,-383,-13,174,0,3260
2026/05/14,10:30,3276,0,433,377,59,82,0,712,10,128,46,1745,1,26,0,-440,-57,201,0,3276
2026/05/14,11:00,3337,0,404,377,58,82,0,705,10,128,46,1815,2,29,0,-437,-101,267,0,3337
2026/05/14,11:30,3271,0,367,344,59,82,0,691,10,128,46,1861,2,30,0,-442,-78,219,0,3271
2026/05/14,12:00,3124,0,340,301,58,82,0,690,10,138,46,1863,2,31,0,-438,-89,138,0,3124
2026/05/14,12:30,3086,0,392,351,58,82,0,691,10,146,23,1802,2,37,0,-437,-39,-7,0,3086
2026/05/14,13:00,3130,0,483,382,58,82,0,723,10,144,23,1710,1,29,0,-436,-24,-31,0,3130
2026/05/14,13:30,3054,0,515,384,58,81,0,730,10,145,23,1606,1,33,0,-448,-5,-55,0,3054
2026/05/14,14:00,3032,0,426,436,58,95,0,742,10,158,0,1443,0,25,0,-415,-6,60,0,3032
2026/05/14,14:30,2950,0,357,465,58,122,0,765,10,175,0,1240,0,29,0,-267,-6,2,0,2950
2026/05/14,15:00,2950,0,465,489,58,132,0,799,10,180,0,1013,0,38,0,-227,-6,-1,0,2950
2026/05/14,15:30,3000,0,558,474,58,135,0,837,10,189,0,823,0,35,0,-197,-5,83,0,3000
2026/05/14,16:00,3081,0,547,488,59,134,0,891,10,192,0,616,0,21,0,15,-5,113,0,3081
2026/05/14,16:30,3103,0,584,475,59,135,0,921,10,194,0,441,0,23,0,96,-6,171,0,3103
2026/05/14,17:00,3044,0,491,491,59,136,0,941,10,194,0,247,0,14,0,167,-6,300,0,3044
2026/05/14,17:30,3004,0,404,477,59,147,0,952,10,195,0,90,0,22,0,271,-3,380,0,3004
2026/05/14,18:00,3021,0,464,489,59,153,0,978,10,195,0,9,0,19,0,288,69,288,0,3021
2026/05/14,18:30,3083,0,458,485,59,153,0,979,10,195,0,1,0,66,0,272,80,325,0,3083
2026/05/14,19:00,3118,0,423,487,59,144,0,979,10,197,0,0,0,166,0,253,102,298,0,3118
2026/05/14,19:30,3048,0,471,481,59,142,0,934,10,196,0,1,0,264,0,237,56,197,0,3048
2026/05/14,20:00,2975,0,500,481,59,139,0,932,10,197,0,0,0,292,0,234,-5,136,0,2975
2026/05/14,20:30,2905,0,441,478,59,139,0,932,10,196,0,0,0,308,0,233,-6,115,0,2905
2026/05/14,21:00,2811,0,402,498,59,136,0,919,10,197,0,0,0,310,0,191,-6,95,0,2811
2026/05/14,21:30,2717,0,365,511,59,136,0,919,10,197,0,0,0,324,0,177,-7,26,0,2717
2026/05/14,22:00,2722,0,431,514,58,136,0,919,10,197,0,0,0,341,0,177,-6,-55,0,2722
2026/05/14,22:30,2698,0,451,507,58,136,0,919,10,197,0,0,0,341,0,177,-7,-91,0,2698
2026/05/14,23:00,2721,0,395,513,58,139,0,919,10,197,0,0,0,384,0,174,-14,-54,0,2721
2026/05/14,23:30,2649,0,380,507,58,136,0,919,10,197,0,0,0,493,0,145,-6,-190,0,2649
2026/05/15,00:00,2605,0,411,509,58,124,0,908,10,197,0,0,0,523,0,218,-7,-346,0,2605
2026/05/15,00:30,2601,0,473,506,58,98,0,906,10,197,0,0,0,528,0,239,-9,-405,0,2601
2026/05/15,01:00,2604,0,469,511,58,88,0,904,10,197,0,0,0,520,0,243,-7,-389,0,2604
2026/05/15,01:30,2628,0,457,508,58,87,0,918,10,197,0,0,0,527,0,242,-5,-371,0,2628
2026/05/15,02:00,2698,0,386,513,58,87,0,918,10,197,0,0,0,522,0,287,-4,-276,0,2698
2026/05/15,02:30,2792,0,505,506,58,88,0,918,10,197,0,0,0,511,0,326,-5,-322,0,2792
2026/05/15,03:00,2832,0,452,515,58,88,0,918,10,196,0,0,0,501,0,326,-3,-229,0,2832
2026/05/15,03:30,2858,0,439,507,58,89,0,919,10,196,0,0,0,516,0,320,-5,-191,0,2858
2026/05/15,04:00,2877,0,483,515,58,89,0,904,10,197,0,2,0,522,0,322,-3,-222,0,2877
2026/05/15,04:30,2921,0,437,506,58,88,0,904,10,197,0,103,0,523,0,311,-4,-212,0,2921
2026/05/15,05:00,2976,0,430,516,58,87,0,895,10,193,0,244,0,531,0,285,-6,-267,0,2976
2026/05/15,05:30,2896,0,360,469,58,87,0,861,10,183,0,315,0,537,0,214,-3,-195,0,2896
2026/05/15,06:00,2867,0,445,416,58,88,0,852,10,174,0,372,0,507,0,35,55,-145,0,2867
2026/05/15,06:30,2875,0,547,381,58,79,0,840,10,159,0,516,0,466,0,43,-3,-221,0,2875
2026/05/15,07:00,2944,0,458,377,58,76,0,809,10,149,46,671,1,460,0,18,-1,-141,0,2944
2026/05/15,07:30,3000,0,369,337,58,77,0,791,10,150,46,807,129,440,29,-54,-7,22,0,3000
2026/05/15,08:00,2969,0,389,373,60,78,0,800,10,150,46,834,347,420,26,-293,-6,154,0,2969
2026/05/15,08:30,3111,0,406,360,60,63,0,784,10,149,46,1010,362,428,25,-334,-6,181,0,3111
2026/05/15,09:00,3244,0,453,378,59,48,0,760,10,149,46,1140,366,432,24,-336,-29,180,0,3244
2026/05/15,09:30,3260,0,387,349,59,48,0,743,10,148,46,1316,291,443,24,-331,-7,95,0,3260
2026/05/15,10:00,3292,0,414,326,59,48,0,721,10,147,46,1406,392,458,24,-372,-52,127,0,3292
2026/05/15,10:30,3334,0,376,290,59,48,0,714,10,147,46,1503,284,456,12,-378,-57,166,0,3334
2026/05/15,11:00,3387,0,406,240,59,48,0,684,10,147,46,1572,322,432,12,-344,-54,187,0,3387
2026/05/15,11:30,3293,0,363,207,59,48,0,679,10,148,46,1602,317,451,13,-341,-71,138,0,3293
2026/05/15,12:00,3136,0,305,180,59,48,0,667,10,147,46,1631,288,445,12,-327,-81,52,0,3136
2026/05/15,12:30,3110,0,355,258,59,48,0,668,10,147,46,1605,287,435,13,-332,-36,-107,0,3110
2026/05/15,13:00,3194,0,432,241,59,48,0,702,10,147,34,1496,302,429,14,-302,-24,-44,0,3194
2026/05/15,13:30,3194,0,302,238,59,48,0,762,10,148,23,1481,236,477,15,-342,-2,13,0,3194
2026/05/15,14:00,3158,0,280,249,59,47,0,790,10,147,23,1362,206,498,16,-316,-16,48,0,3158
2026/05/15,14:30,3072,0,252,238,59,47,0,892,10,147,34,1179,173,484,16,-319,-20,103,0,3072
2026/05/15,15:00,3035,0,471,285,59,47,0,842,10,147,46,979,142,481,17,-200,3,-89,0,3035
2026/05/15,15:30,3099,0,502,327,59,48,0,856,10,146,46,809,117,460,17,27,5,-150,0,3099
2026/05/15,16:00,3148,0,342,383,62,49,0,890,10,158,0,714,0,451,0,109,-3,-17,0,3148
2026/05/15,16:30,3148,0,431,426,68,48,0,899,10,178,0,516,0,455,0,154,-5,-32,0,3148
2026/05/15,17:00,3122,0,560,504,89,50,0,899,10,189,0,291,0,415,0,198,-9,-74,0,3122
2026/05/15,17:30,3026,0,493,503,115,54,0,905,10,192,0,111,0,413,0,243,-4,-9,0,3026
2026/05/15,18:00,3010,0,423,515,162,53,0,918,10,193,0,16,0,401,0,275,66,-22,0,3010
2026/05/15,18:30,3070,0,445,500,238,58,0,917,10,194,0,4,0,396,0,278,98,-68,0,3070
2026/05/15,19:00,3097,0,443,511,298,55,0,910,10,194,0,0,0,394,0,275,98,-91,0,3097
2026/05/15,19:30,3057,0,467,508,301,54,0,926,10,195,0,0,0,421,0,268,79,-172,0,3057
2026/05/15,20:00,2957,0,587,514,301,52,0,916,10,194,0,0,0,370,0,203,-6,-184,0,2957
2026/05/15,20:30,2869,0,584,506,301,52,0,916,10,194,0,0,0,365,0,130,-10,-179,0,2869
2026/05/15,21:00,2784,0,479,515,300,49,0,913,10,194,0,0,0,370,0,126,-5,-167,0,2784
2026/05/15,21:30,2706,0,464,507,302,48,0,912,10,195,0,0,0,379,0,127,-8,-230,0,2706
2026/05/15,22:00,2684,0,538,510,301,48,0,914,10,195,0,0,0,359,0,100,-4,-287,0,2684
2026/05/15,22:30,2628,0,541,504,300,49,0,913,10,195,0,0,0,329,0,38,-7,-244,0,2628
2026/05/15,23:00,2656,0,501,491,300,49,0,894,10,195,0,0,0,359,0,35,-7,-171,0,2656
2026/05/15,23:30,2590,0,483,459,300,49,0,894,10,195,0,0,0,381,0,54,-7,-228,0,2590
2026/05/16,00:00,2565,0,446,461,290,48,0,846,10,195,0,0,0,364,0,219,-37,-277,0,2565
2026/05/16,00:30,2493,0,403,425,260,48,0,853,10,195,0,0,0,375,0,297,-50,-323,0,2493
2026/05/16,01:00,2516,0,437,411,291,49,0,835,10,195,0,0,0,286,0,316,-1,-313,0,2516
2026/05/16,01:30,2528,0,517,426,300,50,0,829,10,195,0,0,0,254,0,316,-2,-367,0,2528
2026/05/16,02:00,2564,0,464,423,300,48,0,849,10,195,0,0,0,258,0,303,-1,-285,0,2564
2026/05/16,02:30,2622,0,459,442,300,48,0,836,10,195,0,0,0,276,0,251,-3,-192,0,2622
2026/05/16,03:00,2720,0,337,405,300,48,0,835,10,194,0,0,0,368,0,311,-3,-85,0,2720
2026/05/16,03:30,2750,0,383,351,300,48,0,836,10,195,0,0,0,424,0,327,4,-128,0,2750
2026/05/16,04:00,2756,0,473,375,257,48,0,825,10,195,0,2,0,410,0,290,-2,-127,0,2756
2026/05/16,04:30,2746,0,406,371,172,48,0,824,10,192,0,114,0,418,0,290,13,-112,0,2746
2026/05/16,05:00,2803,0,453,360,104,48,0,831,10,183,0,279,0,423,0,272,-4,-156,0,2803
2026/05/16,05:30,2753,0,401,271,58,48,0,806,10,173,0,475,0,409,0,196,20,-114,0,2753
2026/05/16,06:00,2759,0,351,240,58,48,0,782,10,157,0,694,0,392,0,53,-5,-21,0,2759
2026/05/16,06:30,2741,0,358,228,58,47,0,757,10,147,46,922,0,386,0,-118,-39,-15,0,2741
2026/05/16,07:00,2732,0,263,232,58,47,0,725,10,147,46,1132,0,391,0,-363,-13,103,0,2732
2026/05/16,07:30,2800,0,246,217,58,47,0,707,10,148,46,1289,13,392,17,-433,-17,136,0,2800
2026/05/16,08:00,2753,0,242,211,58,47,0,686,10,147,46,1339,228,348,62,-434,-6,105,0,2753
2026/05/16,08:30,2821,0,259,168,58,47,0,685,10,147,46,1376,255,343,66,-417,-3,148,0,2821
2026/05/16,09:00,2910,0,281,159,58,47,0,686,10,146,46,1514,276,340,70,-419,-4,92,0,2910
2026/05/16,09:30,2946,0,316,145,58,47,0,673,10,147,46,1528,302,349,75,-418,-4,95,0,2946
2026/05/16,10:00,2946,0,338,152,58,47,0,671,10,147,46,1564,443,369,71,-415,-3,8,0,2946
2026/05/16,10:30,2972,0,366,137,58,47,0,692,10,147,46,1576,468,367,67,-419,-53,44,0,2972
2026/05/16,11:00,2952,0,355,152,59,47,0,679,10,147,46,1530,480,359,64,-420,-54,88,0,2952
2026/05/16,11:30,2934,0,321,143,59,47,0,675,10,147,46,1551,452,373,63,-416,-77,101,0,2934
2026/05/16,12:00,2874,0,343,134,58,47,0,649,10,147,46,1496,364,375,62,-414,-75,104,0,2874
2026/05/16,12:30,2824,0,410,168,58,47,0,631,10,147,46,1371,469,381,62,-413,-39,53,0,2824
2026/05/16,13:00,2795,0,410,170,58,47,0,643,10,147,34,1283,447,413,13,-416,-28,58,0,2795
2026/05/16,13:30,2791,0,356,161,58,47,0,676,10,147,23,1231,408,470,14,-414,-4,53,0,2791
2026/05/16,14:00,2775,0,389,179,58,47,0,704,10,147,23,1123,375,473,14,-400,-4,49,0,2775
2026/05/16,14:30,2699,0,350,192,58,47,0,729,10,147,34,1013,219,451,14,-371,-7,80,0,2699
2026/05/16,15:00,2648,0,344,244,58,47,0,730,10,146,46,829,173,440,14,-309,-3,112,0,2648
2026/05/16,15:30,2684,0,362,245,58,47,0,731,10,146,46,771,146,420,13,-185,-8,87,0,2684
2026/05/16,16:00,2749,0,391,285,58,47,0,750,10,145,46,722,11,374,1,-181,-5,153,0,2749
2026/05/16,16:30,2825,0,463,315,58,47,0,779,10,161,0,527,0,365,0,-62,-8,170,0,2825
2026/05/16,17:00,2804,0,337,397,58,47,0,929,10,182,0,305,0,386,0,8,-7,152,0,2804
2026/05/16,17:30,2776,0,469,385,58,50,0,868,10,189,0,118,0,386,0,117,0,126,0,2776
2026/05/16,18:00,2786,0,443,420,58,49,0,827,10,190,0,12,0,382,0,252,100,43,0,2786
2026/05/16,18:30,2866,0,359,421,58,51,0,825,10,193,0,2,0,392,0,344,99,112,0,2866
2026/05/16,19:00,2925,0,434,469,58,53,0,824,10,194,0,0,0,344,0,339,77,123,0,2925
2026/05/16,19:30,2867,0,474,483,58,53,0,823,10,195,0,0,0,260,0,335,26,150,0,2867
2026/05/16,20:00,2795,0,567,519,58,49,0,820,10,194,0,0,0,143,0,340,-5,100,0,2795
2026/05/16,20:30,2725,0,495,506,58,49,0,818,10,194,0,0,0,130,0,307,-2,160,0,2725
2026/05/16,21:00,2637,0,499,518,58,50,0,820,10,195,0,0,0,96,0,249,-2,144,0,2637
2026/05/16,21:30,2569,0,493,513,58,48,0,822,10,195,0,0,0,99,0,183,-4,152,0,2569
2026/05/16,22:00,2534,0,505,514,58,49,0,821,10,195,0,0,0,66,0,170,-5,151,0,2534
2026/05/16,22:30,2488,0,526,509,58,48,0,815,10,195,0,0,0,57,0,162,-8,116,0,2488
2026/05/16,23:00,2495,0,529,516,58,49,0,801,10,195,0,0,0,42,0,158,-9,146,0,2495
2026/05/16,23:30,2425,0,500,512,58,48,0,780,10,195,0,0,0,53,0,158,-6,117,0,2425
2026/05/17,00:00,2392,0,447,520,58,48,0,753,10,195,0,0,0,53,0,239,-6,75,0,2392
2026/05/17,00:30,2360,0,448,515,58,49,0,745,10,195,0,0,0,50,0,240,-11,61,0,2360
2026/05/17,01:00,2346,0,409,517,58,50,0,753,10,195,0,0,0,57,0,240,-6,63,0,2346
2026/05/17,01:30,2372,0,384,514,58,51,0,767,10,194,0,0,0,57,0,241,-6,102,0,2372
2026/05/17,02:00,2404,0,418,520,58,49,0,773,10,195,0,0,0,62,0,287,-3,35,0,2404
2026/05/17,02:30,2500,0,390,515,58,49,0,790,10,195,0,0,0,81,0,402,-2,12,0,2500
2026/05/17,03:00,2582,0,464,516,58,49,0,799,10,194,0,0,0,83,0,403,-4,10,0,2582
2026/05/17,03:30,2622,0,466,514,58,49,0,813,10,194,0,0,0,105,0,394,-4,23,0,2622
2026/05/17,04:00,2615,0,391,522,58,48,0,810,10,195,0,1,0,143,0,391,11,35,0,2615
2026/05/17,04:30,2605,0,433,491,58,49,0,811,10,192,0,95,0,147,0,338,-9,-10,0,2605
2026/05/17,05:00,2588,0,398,473,58,48,0,779,10,182,0,208,0,149,0,280,-5,8,0,2588
2026/05/17,05:30,2516,0,366,389,58,48,0,778,10,173,0,307,0,171,0,181,-8,43,0,2516
2026/05/17,06:00,2472,0,384,367,58,48,0,769,10,160,0,381,0,194,0,39,-4,66,0,2472
2026/05/17,06:30,2450,0,325,347,58,48,0,748,10,147,46,524,0,180,0,10,-6,59,0,2450
2026/05/17,07:00,2469,0,371,355,58,47,0,738,10,147,46,637,1,145,0,-129,-6,96,0,2469
2026/05/17,07:30,2537,0,425,350,58,47,0,724,10,148,46,754,1,148,0,-265,-6,144,0,2537
2026/05/17,08:00,2586,0,493,357,58,47,0,701,10,147,46,719,225,138,7,-217,-7,140,0,2586
2026/05/17,08:30,2618,0,428,351,58,47,0,701,10,147,46,863,119,150,6,-251,-5,119,0,2618
2026/05/17,09:00,2580,0,375,378,58,47,0,721,10,147,46,951,160,155,7,-348,-1,87,0,2580
2026/05/17,09:30,2556,0,354,358,58,47,0,707,10,147,46,1025,190,193,6,-408,-1,66,0,2556
2026/05/17,10:00,2562,0,362,330,58,47,0,708,10,147,46,1126,209,159,7,-458,4,69,0,2562
2026/05/17,10:30,2516,0,371,302,58,47,0,699,10,147,46,1210,215,137,7,-533,-66,134,0,2516
2026/05/17,11:00,2596,0,429,299,58,47,0,686,10,147,46,1274,221,98,7,-537,-56,141,0,2596
2026/05/17,11:30,2674,0,449,330,58,47,0,666,10,147,46,1321,214,110,8,-534,-81,151,0,2674
2026/05/17,12:00,2638,0,424,325,58,47,0,659,10,148,46,1319,208,106,8,-535,-77,154,0,2638
2026/05/17,12:30,2606,0,384,314,58,48,0,648,10,147,46,1292,191,117,8,-530,-39,157,0,2606
2026/05/17,13:00,2545,0,389,323,58,47,0,634,10,147,34,1257,174,118,9,-528,-24,114,0,2545
2026/05/17,13:30,2471,0,342,299,58,47,0,650,10,147,23,1210,153,125,9,-478,-5,66,0,2471
2026/05/17,14:00,2434,0,335,281,58,47,0,658,10,148,23,1106,133,117,9,-431,-5,110,0,2434
2026/05/17,14:30,2446,0,458,314,58,47,0,669,10,148,34,965,109,149,9,-430,-5,63,0,2446
2026/05/17,15:00,2458,0,472,361,58,47,0,700,10,147,46,761,87,172,9,-330,-5,65,0,2458
2026/05/17,15:30,2510,0,457,378,58,47,0,744,10,157,0,576,70,177,9,-119,-10,35,0,2510
2026/05/17,16:00,2534,0,315,412,58,47,0,782,10,180,0,454,0,170,0,21,-7,92,0,2534
2026/05/17,16:30,2610,0,436,391,58,47,0,830,10,188,0,315,0,178,0,42,-5,120,0,2610
2026/05/17,17:00,2697,0,500,423,58,48,0,944,10,191,0,173,0,161,0,80,-1,110,0,2697
2026/05/17,17:30,2707,0,488,449,58,51,0,880,10,193,0,65,0,147,0,221,-1,146,0,2707
2026/05/17,18:00,2750,0,506,503,58,52,0,862,10,193,0,6,0,141,0,220,69,130,0,2750
2026/05/17,18:30,2790,0,439,503,58,53,0,860,10,194,0,1,0,156,0,279,104,133,0,2790
2026/05/17,19:00,2826,0,468,514,58,53,0,859,10,195,0,0,0,111,0,278,101,179,0,2826
2026/05/17,19:30,2824,0,575,508,58,53,0,844,10,195,0,0,0,71,0,297,39,174,0,2824
2026/05/17,20:00,2775,0,575,517,58,53,0,837,10,195,0,0,0,78,0,310,-7,149,0,2775
2026/05/17,20:30,2695,0,488,510,58,51,0,850,10,194,0,0,0,113,0,282,-5,144,0,2695
2026/05/17,21:00,2600,0,477,514,58,51,0,836,10,195,0,0,0,127,0,197,-4,139,0,2600
2026/05/17,21:30,2550,0,421,508,58,48,0,831,10,195,0,0,0,151,0,217,-11,122,0,2550
2026/05/17,22:00,2521,0,552,512,58,48,0,815,10,195,0,0,0,165,0,130,-7,43,0,2521
2026/05/17,22:30,2431,0,492,507,58,48,0,807,10,195,0,0,0,168,0,150,-6,2,0,2431
2026/05/17,23:00,2412,0,523,512,58,48,0,792,10,195,0,0,0,184,0,154,0,-64,0,2412
2026/05/17,23:30,2376,0,534,506,58,50,0,789,10,195,0,0,0,266,0,149,-6,-175,0,2376
2026/05/18,00:00,2374,0,351,515,58,49,0,835,10,195,0,0,0,361,0,212,-14,-198,0,2374
2026/05/18,00:30,2336,0,329,500,58,48,0,845,10,195,0,0,0,390,0,251,-9,-281,0,2336
2026/05/18,01:00,2339,0,306,463,58,48,0,872,10,195,0,0,0,405,0,242,-6,-254,0,2339
2026/05/18,01:30,2361,0,314,453,58,48,0,882,10,195,0,0,0,401,0,245,-7,-238,0,2361
2026/05/18,02:00,2412,0,357,465,58,49,0,897,10,195,0,0,0,367,0,271,-3,-254,0,2412
2026/05/18,02:30,2494,0,265,455,58,50,0,898,10,195,0,0,0,431,0,320,-4,-184,0,2494
2026/05/18,03:00,2564,0,348,502,58,50,0,881,10,195,0,0,0,427,0,314,-4,-217,0,2564
2026/05/18,03:30,2578,0,425,505,58,49,0,880,10,195,0,0,0,451,0,241,-3,-233,0,2578
2026/05/18,04:00,2597,0,395,517,58,50,0,880,10,195,0,1,0,471,0,224,-4,-200,0,2597
2026/05/18,04:30,2645,0,365,505,58,48,0,879,10,195,0,91,0,494,0,219,8,-227,0,2645
2026/05/18,05:00,2716,0,424,512,58,48,0,877,10,191,0,196,0,486,0,221,-5,-302,0,2716
2026/05/18,05:30,2684,0,511,442,58,48,0,875,10,181,0,244,0,487,0,209,-8,-373,0,2684
2026/05/18,06:00,2652,0,477,402,58,48,0,839,10,173,0,260,0,464,0,137,-4,-212,0,2652
2026/05/18,06:30,2638,0,347,358,58,49,0,822,10,158,0,380,0,466,0,1,-5,-6,0,2638
2026/05/18,07:00,2695,0,348,333,59,47,0,805,10,147,46,501,1,466,0,-160,-6,145,0,2695
2026/05/18,07:30,2815,0,384,287,67,48,0,803,10,148,46,657,1,463,0,-204,-6,158,0,2815
2026/05/18,08:00,2986,0,480,321,69,47,0,791,10,148,46,760,44,447,14,-267,-2,182,0,2986
2026/05/18,08:30,3112,0,521,324,69,47,0,789,10,147,46,851,51,467,14,-277,-5,169,0,3112
2026/05/18,09:00,3134,0,419,347,69,47,0,772,10,147,46,951,56,481,14,-277,-2,170,0,3134
2026/05/18,09:30,3132,0,349,331,104,47,0,770,10,147,46,1034,61,497,14,-323,-5,171,0,3132
2026/05/18,10:00,3161,0,372,356,127,46,0,739,10,147,46,1095,65,511,14,-419,-18,195,0,3161
2026/05/18,10:30,3239,0,355,382,126,46,0,738,10,147,46,1180,66,515,14,-403,-49,192,0,3239
2026/05/18,11:00,3375,0,458,395,126,46,0,717,10,147,46,1189,66,487,15,-350,-54,204,0,3375
2026/05/18,11:30,3333,0,432,384,126,46,0,720,10,147,46,1077,66,487,14,-215,-76,195,0,3333
2026/05/18,12:00,3194,0,406,403,126,47,0,720,10,147,46,968,65,473,8,-220,-76,190,0,3194
2026/05/18,12:30,3198,0,440,452,126,47,0,727,10,147,46,840,85,481,8,-221,-39,188,0,3198
2026/05/18,13:00,3212,0,498,445,126,46,0,728,10,148,34,783,57,473,9,-217,-24,196,0,3212
2026/05/18,13:30,3140,0,326,409,125,47,0,738,10,147,23,739,70,539,9,-110,-4,174,0,3140
2026/05/18,14:00,3059,0,416,447,120,48,0,756,10,147,23,681,44,573,9,-297,-8,166,0,3059
2026/05/18,14:30,3013,0,411,433,119,48,0,781,10,147,34,576,128,567,25,-235,-4,160,0,3013
2026/05/18,15:00,2997,0,327,433,120,47,0,835,10,146,46,603,53,553,10,-234,-5,162,0,2997
2026/05/18,15:30,3051,0,361,425,121,47,0,940,10,146,46,567,24,527,9,-234,-8,149,0,3051
2026/05/18,16:00,3086,0,452,462,121,47,0,919,10,156,0,473,0,525,0,-150,-5,76,0,3086
2026/05/18,16:30,3110,0,387,484,159,47,0,919,10,178,0,359,0,556,0,0,-8,19,0,3110
2026/05/18,17:00,3061,0,374,517,245,47,0,917,10,188,0,207,0,554,0,166,-4,-160,0,3061
2026/05/18,17:30,3045,0,421,505,309,50,0,918,10,190,0,94,0,557,0,255,-2,-262,0,3045
2026/05/18,18:00,3077,0,480,516,313,51,0,918,10,193,0,13,0,549,0,262,78,-306,0,3077
2026/05/18,18:30,3113,0,489,506,312,55,0,916,10,193,0,4,0,535,0,260,99,-266,0,3113
2026/05/18,19:00,3155,0,536,510,313,54,0,917,10,194,0,0,0,495,0,276,96,-246,0,3155
2026/05/18,19:30,3097,0,586,505,314,55,0,916,10,195,0,0,0,405,0,284,28,-201,0,3097
2026/05/18,20:00,2971,0,563,512,288,51,0,916,10,195,0,0,0,301,0,230,-5,-90,0,2971
2026/05/18,20:30,2871,0,548,506,218,51,0,916,10,194,0,0,0,237,0,143,-1,49,0,2871
2026/05/18,21:00,2797,0,523,512,145,50,0,886,10,195,0,0,0,242,0,120,1,113,0,2797
2026/05/18,21:30,2725,0,516,507,119,48,0,885,10,194,0,0,0,257,0,112,-13,90,0,2725
2026/05/18,22:00,2656,0,479,514,115,48,0,885,10,194,0,0,0,255,0,108,-7,55,0,2656
2026/05/18,22:30,2568,0,470,510,114,48,0,885,10,194,0,0,0,261,0,108,-7,-25,0,2568
2026/05/18,23:00,2540,0,503,512,110,49,0,858,10,194,0,0,0,248,0,105,-13,-36,0,2540
2026/05/18,23:30,2494,0,553,505,107,48,0,859,10,195,0,0,0,248,0,47,-7,-71,0,2494
2026/05/19,00:00,2448,0,466,518,107,47,0,853,10,195,0,0,0,222,0,27,-7,10,0,2448
2026/05/19,00:30,2396,0,374,509,107,47,0,853,10,195,0,0,0,253,0,85,-11,-26,0,2396
2026/05/19,01:00,2430,0,438,518,107,47,0,853,10,195,0,0,0,288,0,84,-5,-105,0,2430
2026/05/19,01:30,2484,0,457,507,107,47,0,855,10,194,0,0,0,327,0,107,-4,-123,0,2484
2026/05/19,02:00,2536,0,463,519,107,47,0,863,10,195,0,0,0,314,0,144,-4,-122,0,2536
2026/05/19,02:30,2620,0,460,510,107,47,0,872,10,195,0,0,0,342,0,195,-3,-115,0,2620
2026/05/19,03:00,2668,0,366,510,107,47,0,941,10,194,0,0,0,359,0,186,-4,-48,0,2668
2026/05/19,03:30,2748,0,517,509,107,48,0,943,10,194,0,0,0,350,0,201,-2,-129,0,2748
2026/05/19,04:00,2719,0,543,516,107,47,0,944,10,195,0,2,0,359,0,126,8,-138,0,2719
2026/05/19,04:30,2753,0,568,504,107,47,0,869,10,195,0,94,0,358,0,116,-3,-112,0,2753
2026/05/19,05:00,2756,0,518,518,107,47,0,863,10,191,0,214,0,353,0,51,-2,-114,0,2756
2026/05/19,05:30,2698,0,429,466,108,47,0,862,10,181,0,335,0,380,0,14,-5,-129,0,2698
2026/05/19,06:00,2721,0,406,397,114,47,0,865,10,172,0,465,0,345,0,0,-3,-97,0,2721
2026/05/19,06:30,2757,0,402,333,115,47,0,874,10,157,0,682,0,266,0,0,-8,-121,0,2757
2026/05/19,07:00,2801,0,402,310,119,47,0,943,10,147,46,801,1,261,0,-62,-7,-170,0,2801
2026/05/19,07:30,2941,0,442,255,119,47,0,943,10,148,46,943,1,320,0,-178,-6,-102,0,2941
2026/05/19,08:00,3155,0,475,265,119,46,0,946,10,148,46,1059,1,294,0,-96,-6,-105,0,3155
2026/05/19,08:30,3309,0,395,248,119,46,0,947,10,147,46,1188,1,304,0,1,-6,-90,0,3309
2026/05/19,09:00,3419,0,453,252,119,46,0,924,10,146,46,1253,1,314,0,-149,-12,63,0,3419
2026/05/19,09:30,3439,0,431,257,119,46,0,925,10,146,46,1279,1,314,0,-260,-5,177,0,3439
2026/05/19,10:00,3480,0,422,275,119,46,0,916,10,146,46,1279,1,258,0,-173,-7,189,0,3480
2026/05/19,10:30,3486,0,487,279,119,46,0,915,10,146,46,1207,1,217,0,-85,-55,200,0,3486
2026/05/19,11:00,3524,0,534,346,119,46,0,922,10,146,46,1086,2,190,0,-35,-55,215,0,3524
2026/05/19,11:30,3436,0,532,372,120,46,0,881,10,146,46,1006,2,176,0,22,-75,200,0,3436
2026/05/19,12:00,3258,0,548,387,119,46,0,824,10,146,46,865,2,171,0,21,-78,199,0,3258
2026/05/19,12:30,3190,0,453,442,119,46,0,822,10,146,46,840,2,162,0,18,-46,178,0,3190
2026/05/19,13:00,3238,0,466,452,119,46,0,904,10,146,34,764,1,153,0,22,-30,186,0,3238
2026/05/19,13:30,3204,0,541,449,120,46,0,885,10,147,23,703,1,117,0,20,-10,176,0,3204
2026/05/19,14:00,3179,0,554,463,119,50,0,919,10,147,23,633,0,55,0,35,-13,207,0,3179
2026/05/19,14:30,3171,0,553,453,119,69,0,923,10,147,34,514,0,48,0,140,-10,205,0,3171
2026/05/19,15:00,3162,0,554,485,117,64,0,923,10,159,0,413,0,69,0,141,23,204,0,3162
2026/05/19,15:30,3178,0,579,511,114,67,0,923,10,180,0,316,0,68,0,224,-15,201,0,3178
2026/05/19,16:00,3116,0,583,530,118,71,0,920,10,186,0,249,0,40,0,191,24,194,0,3116
2026/05/19,16:30,3126,0,584,517,156,73,0,874,10,189,0,202,0,45,0,280,-8,204,0,3126
2026/05/19,17:00,3109,0,584,532,271,74,0,894,10,192,0,114,0,39,0,246,-41,194,0,3109
2026/05/19,17:30,3093,0,588,513,334,72,0,935,10,193,0,55,0,44,0,158,19,172,0,3093
2026/05/19,18:00,3137,0,611,519,322,70,0,945,10,193,0,5,0,36,0,267,63,96,0,3137
2026/05/19,18:30,3167,0,614,505,359,71,0,946,10,193,0,0,0,46,0,263,75,85,0,3167
2026/05/19,19:00,3180,0,617,510,360,70,0,943,10,194,0,0,0,16,0,258,101,101,0,3180
2026/05/19,19:30,3120,0,621,507,361,73,0,906,10,195,0,0,0,14,0,224,16,193,0,3120
2026/05/19,20:00,3034,0,613,515,323,76,0,934,10,194,0,0,0,13,0,201,10,145,0,3034
2026/05/19,20:30,2970,0,621,515,241,74,0,944,10,194,0,0,0,10,0,217,-45,189,0,2970
2026/05/19,21:00,2861,0,613,515,174,74,0,921,10,195,0,0,0,9,0,190,19,141,0,2861
2026/05/19,21:30,2753,0,621,511,120,81,0,931,10,195,0,0,0,11,0,144,-29,158,0,2753
2026/05/19,22:00,2675,0,588,518,107,81,0,947,10,194,0,0,0,11,0,79,-4,144,0,2675
2026/05/19,22:30,2597,0,543,512,107,85,0,930,10,195,0,0,0,14,0,78,-30,153,0,2597
2026/05/19,23:00,2625,0,603,519,107,93,0,917,10,195,0,0,0,12,0,36,-4,137,0,2625
2026/05/19,23:30,2569,0,573,510,107,96,0,918,10,195,0,0,0,21,0,18,-3,124,0,2569
2026/05/20,00:00,2524,0,542,523,107,95,0,881,10,194,0,0,0,28,0,23,-3,124,0,2524
2026/05/20,00:30,2484,0,480,513,107,97,0,875,10,195,0,0,0,74,0,12,-5,126,0,2484
2026/05/20,01:00,2461,0,445,515,150,96,0,871,10,195,0,0,0,68,0,3,-3,111,0,2461
2026/05/20,01:30,2497,0,352,473,234,97,0,920,10,195,0,0,0,70,0,18,-3,131,0,2497
2026/05/20,02:00,2575,0,430,506,298,95,0,902,10,195,0,0,0,78,0,19,-4,46,0,2575
2026/05/20,02:30,2657,0,408,512,301,95,0,929,10,195,0,0,0,106,0,4,-4,101,0,2657
2026/05/20,03:00,2710,0,506,513,301,95,0,891,10,195,0,0,0,107,0,0,-3,95,0,2710
2026/05/20,03:30,2766,0,511,512,301,96,0,896,10,195,0,0,0,84,0,3,3,155,0,2766
2026/05/20,04:00,2752,0,477,522,301,95,0,906,10,195,0,2,0,86,0,17,-4,145,0,2752
2026/05/20,04:30,2760,0,412,514,301,97,0,906,10,194,0,79,0,93,0,17,-5,142,0,2760
2026/05/20,05:00,2803,0,391,521,258,96,0,894,10,194,0,155,0,122,0,18,-4,148,0,2803
2026/05/20,05:30,2751,0,431,484,170,95,0,894,10,192,0,209,0,112,0,18,-17,153,0,2751
2026/05/20,06:00,2713,0,411,471,111,96,0,953,10,192,0,214,0,118,0,0,-7,144,0,2713
2026/05/20,06:30,2747,0,460,460,108,96,0,875,10,192,0,268,0,131,0,0,-7,154,0,2747
2026/05/20,07:00,2776,0,380,506,108,96,0,860,10,191,0,347,1,129,0,0,-6,155,0,2776
2026/05/20,07:30,2846,0,385,469,108,97,0,857,10,193,0,434,1,137,0,0,-6,162,0,2846
2026/05/20,08:00,2966,0,374,484,108,103,0,918,10,193,0,496,1,128,0,0,-8,160,0,2966
2026/05/20,08:30,3044,0,431,508,131,116,0,752,10,189,0,630,1,114,0,0,-7,170,0,3044
2026/05/20,09:00,3063,0,419,520,148,112,0,696,10,180,0,766,1,109,0,0,-7,110,0,3063
2026/05/20,09:30,3203,0,418,457,155,106,0,691,10,172,0,947,1,107,0,0,-2,142,0,3203
2026/05/20,10:00,3270,0,415,427,156,99,0,646,10,169,0,1079,1,86,0,0,-4,187,0,3270
2026/05/20,10:30,3284,0,423,463,154,96,0,644,10,168,23,1133,1,69,0,0,-54,178,0,3284
2026/05/20,11:00,3257,0,430,448,155,96,0,638,10,168,23,1151,2,71,0,-40,-56,186,0,3257
2026/05/20,11:30,3189,0,441,426,154,101,0,638,10,168,23,1158,2,79,0,-99,-76,189,0,3189
2026/05/20,12:00,3116,0,381,442,155,108,0,647,10,168,23,1141,2,76,0,-100,-81,169,0,3116
2026/05/20,12:30,3084,0,473,433,154,118,0,653,10,168,23,1076,2,79,0,-228,-42,190,0,3084
2026/05/20,13:00,3225,0,538,448,154,125,0,667,10,156,23,925,1,67,0,-39,-29,203,0,3225
2026/05/20,13:30,3197,0,550,432,155,132,0,660,10,148,23,835,1,40,0,51,-5,189,0,3197
2026/05/20,14:00,3175,0,565,462,154,150,0,698,10,163,0,724,0,27,0,180,-13,55,0,3175
2026/05/20,14:30,3099,0,569,494,207,166,0,707,10,180,0,627,0,28,0,170,5,-64,0,3099
2026/05/20,15:00,3075,0,565,521,296,175,0,729,10,188,0,538,0,29,0,62,-5,-33,0,3075
2026/05/20,15:30,3043,0,389,497,348,174,0,760,10,190,0,486,0,27,0,40,-5,127,0,3043
2026/05/20,16:00,3072,0,368,484,350,173,0,771,10,190,0,373,0,20,0,244,-6,95,0,3072
2026/05/20,16:30,3056,0,458,504,426,159,0,784,10,191,0,273,0,26,0,240,-6,-9,0,3056
2026/05/20,17:00,3057,0,457,517,445,158,0,872,10,193,0,159,0,19,0,243,-7,-9,0,3057
2026/05/20,17:30,3019,0,428,498,445,172,0,874,10,192,0,79,0,25,0,233,0,63,0,3019
2026/05/20,18:00,3069,0,533,513,446,174,0,884,10,190,0,13,0,21,0,193,72,20,0,3069
2026/05/20,18:30,3129,0,565,500,446,178,0,906,10,194,0,2,0,31,0,192,117,-12,0,3129
2026/05/20,19:00,3164,0,599,512,446,174,0,919,10,194,0,0,0,11,0,204,97,-2,0,3164
2026/05/20,19:30,3118,0,590,509,446,176,0,934,10,194,0,2,0,16,0,168,35,38,0,3118
2026/05/20,20:00,3017,0,556,514,446,176,0,935,10,195,0,0,0,18,0,98,-4,73,0,3017
2026/05/20,20:30,2943,0,522,508,448,174,0,935,10,194,0,0,0,15,0,97,-6,46,0,2943
2026/05/20,21:00,2864,0,553,514,402,176,0,916,10,194,0,0,0,6,0,96,-7,4,0,2864
2026/05/20,21:30,2788,0,557,510,318,176,0,915,10,193,0,0,0,7,0,99,-6,9,0,2788
2026/05/20,22:00,2723,0,533,516,257,174,0,851,10,194,0,0,0,1,0,100,-7,94,0,2723
2026/05/20,22:30,2701,0,569,514,248,172,0,835,10,196,0,0,0,6,0,110,-7,48,0,2701
2026/05/20,23:00,2695,0,571,519,248,173,0,824,10,196,0,0,0,4,0,109,-38,79,0,2695
2026/05/20,23:30,2575,0,429,517,249,174,0,823,10,195,0,0,0,10,0,107,-6,67,0,2575
2026/05/21,00:00,2526,0,509,515,249,174,0,820,10,195,0,0,0,7,0,20,-5,32,0,2526
2026/05/21,00:30,2484,0,495,507,248,174,0,820,10,195,0,0,0,14,0,18,-11,14,0,2484
2026/05/21,01:00,2489,0,500,510,248,172,0,819,10,194,0,0,0,12,0,8,-6,22,0,2489
2026/05/21,01:30,2513,0,472,506,248,172,0,820,10,194,0,0,0,14,0,8,-6,75,0,2513
2026/05/21,02:00,2553,0,428,499,248,173,0,860,10,194,0,0,0,13,0,0,-8,136,0,2553
2026/05/21,02:30,2641,0,463,499,286,173,0,874,10,194,0,0,0,14,0,0,-6,134,0,2641
2026/05/21,03:00,2713,0,403,509,402,174,0,873,10,194,0,0,0,15,0,0,-6,139,0,2713
2026/05/21,03:30,2799,0,415,508,469,174,0,873,10,194,0,0,0,27,0,0,-7,136,0,2799
2026/05/21,04:00,2742,0,430,512,470,173,0,873,10,194,0,4,0,39,0,0,-6,43,0,2742
2026/05/21,04:30,2786,0,350,506,426,173,0,872,10,195,0,111,0,44,0,0,-7,106,0,2786
2026/05/21,05:00,2803,0,398,509,281,175,0,871,10,194,0,256,0,44,0,0,-6,71,0,2803
2026/05/21,05:30,2743,0,380,495,203,173,0,847,10,192,0,353,0,69,0,0,-2,23,0,2743
2026/05/21,06:00,2671,0,340,504,156,174,0,825,10,192,0,390,0,96,0,0,-2,-14,0,2671
2026/05/21,06:30,2669,0,359,500,107,173,0,806,10,191,0,527,0,103,0,0,-1,-106,0,2669
2026/05/21,07:00,2735,0,472,524,107,173,0,787,10,192,0,691,1,96,0,3,-6,-314,0,2735
2026/05/21,07:30,2895,0,545,505,109,173,0,795,10,193,0,915,1,100,0,60,-6,-504,0,2895
2026/05/21,08:00,3036,0,531,513,115,173,0,794,10,193,0,1129,1,98,0,28,-6,-542,0,3036
2026/05/21,08:30,3202,0,543,501,115,172,0,744,10,193,0,1334,1,95,0,42,-6,-541,0,3202
2026/05/21,09:00,3279,0,498,516,114,173,0,710,10,193,0,1497,1,89,0,27,-7,-541,0,3279
2026/05/21,09:30,3379,0,491,501,115,173,0,717,10,192,0,1602,1,109,0,28,-19,-540,0,3379
2026/05/21,10:00,3371,0,474,514,114,171,0,670,10,192,0,1663,1,86,0,27,-10,-540,0,3371
2026/05/21,10:30,3441,0,536,498,115,172,0,667,10,192,0,1695,1,124,0,31,-61,-538,0,3441
2026/05/21,11:00,3448,0,552,515,114,172,0,668,10,193,0,1647,2,132,0,40,-58,-537,0,3448
2026/05/21,11:30,3350,0,474,500,113,172,0,670,10,193,0,1610,2,156,0,69,-79,-538,0,3350
2026/05/21,12:00,3106,0,346,504,115,172,0,663,10,193,0,1563,2,154,0,7,-81,-540,0,3106
2026/05/21,12:30,3056,0,432,497,168,172,0,667,10,192,0,1521,2,158,0,-180,-44,-537,0,3056
2026/05/21,13:00,3189,0,492,511,252,172,0,670,10,180,0,1412,1,158,0,-115,-28,-525,0,3189
2026/05/21,13:30,3265,0,457,496,311,172,0,726,10,172,0,1270,1,176,0,23,-7,-541,0,3265
2026/05/21,14:00,3271,0,479,512,350,173,0,785,10,185,0,1094,0,198,0,20,-13,-522,0,3271
2026/05/21,14:30,3171,0,413,492,404,172,0,886,10,193,0,898,0,199,0,8,-9,-495,0,3171
2026/05/21,15:00,3049,0,359,515,504,173,0,915,10,192,0,701,0,230,0,-110,-3,-437,0,3049
2026/05/21,15:30,3021,0,459,499,518,173,0,906,3,190,0,565,0,279,0,-158,-7,-406,0,3021
2026/05/21,16:00,3010,0,409,518,523,172,0,921,1,191,0,420,0,305,0,-149,-9,-292,0,3010
2026/05/21,16:30,3050,0,434,501,524,177,0,908,1,192,0,323,0,356,0,89,7,-462,0,3050
2026/05/21,17:00,3030,0,455,518,523,176,0,928,1,193,0,197,0,379,0,151,-7,-484,0,3030
2026/05/21,17:30,3010,0,422,498,525,179,0,928,1,194,0,93,0,392,0,150,-3,-369,0,3010
2026/05/21,18:00,3019,0,336,511,527,177,0,928,1,193,0,14,0,400,0,159,103,-330,0,3019
2026/05/21,18:30,3095,0,492,499,525,179,0,925,1,193,0,1,0,430,0,159,116,-425,0,3095
2026/05/21,19:00,3135,0,521,506,525,179,0,923,1,193,0,0,0,445,0,159,97,-414,0,3135
2026/05/21,19:30,3083,0,448,501,526,178,0,923,1,192,0,0,0,494,0,143,30,-353,0,3083
2026/05/21,20:00,2989,0,453,507,519,175,0,920,1,192,0,0,0,484,0,147,0,-409,0,2989
2026/05/21,20:30,2935,0,389,499,519,175,0,917,1,193,0,0,0,497,0,138,-2,-391,0,2935
2026/05/21,21:00,2852,0,453,508,472,174,0,888,1,195,0,0,0,492,0,83,0,-414,0,2852
2026/05/21,21:30,2760,0,458,496,392,174,0,877,1,195,0,0,0,518,0,54,-4,-401,0,2760
2026/05/21,22:00,2732,0,430,507,348,174,0,829,1,195,0,0,0,531,0,24,2,-309,0,2732
2026/05/21,22:30,2710,0,391,497,202,174,0,816,1,195,0,0,0,535,0,21,-1,-121,0,2710
2026/05/21,23:00,2721,0,375,508,178,174,0,795,1,194,0,0,0,563,0,0,40,-107,0,2721
2026/05/21,23:30,2609,0,353,494,150,174,0,795,1,195,0,0,0,605,0,0,-4,-154,0,2609
2026/05/22,00:00,2567,0,410,508,106,174,0,809,1,195,0,0,0,555,0,0,-45,-146,0,2567
2026/05/22,00:30,2507,0,387,503,107,174,0,823,1,195,0,0,0,523,0,0,-4,-202,0,2507
2026/05/22,01:00,2525,0,415,513,107,173,0,839,1,195,0,0,0,495,0,0,0,-213,0,2525
2026/05/22,01:30,2561,0,436,502,107,173,0,841,1,194,0,0,0,497,0,0,-48,-142,0,2561
2026/05/22,02:00,2569,0,352,514,107,170,0,840,1,194,0,0,0,480,0,0,-24,-65,0,2569
2026/05/22,02:30,2673,0,447,504,107,171,0,862,1,195,0,0,0,411,0,0,-1,-24,0,2673
2026/05/22,03:00,2750,0,441,519,106,174,0,861,1,183,0,0,0,399,0,65,-3,4,0,2750
2026/05/22,03:30,2768,0,468,511,107,175,0,861,1,166,0,0,0,360,0,78,-3,44,0,2768
2026/05/22,04:00,2813,0,437,521,107,173,0,862,1,151,0,5,0,272,0,132,-8,160,0,2813
2026/05/22,04:30,2823,0,448,514,107,174,0,862,1,138,0,115,0,210,0,213,-7,48,0,2823
2026/05/22,05:00,2943,0,508,522,107,176,0,862,1,126,0,278,0,197,0,169,-8,5,0,2943
2026/05/22,05:30,2857,0,430,503,107,175,0,839,1,124,0,414,0,209,0,129,-11,-63,0,2857
2026/05/22,06:00,2823,0,362,519,107,178,0,803,1,124,0,533,0,231,0,47,-6,-76,0,2823
2026/05/22,06:30,2817,0,325,511,107,175,0,780,1,123,0,727,0,232,0,0,-7,-157,0,2817
2026/05/22,07:00,2858,0,320,511,107,173,0,763,1,123,0,925,1,222,0,0,-8,-279,0,2858
2026/05/22,07:30,2920,0,342,450,107,174,0,761,1,125,0,1162,1,225,0,-109,-8,-310,0,2920
2026/05/22,08:00,3137,0,512,467,108,174,0,699,1,124,0,1321,1,214,0,-102,-6,-375,0,3137
2026/05/22,08:30,3257,0,420,420,108,174,0,676,1,123,0,1499,1,210,0,0,26,-400,0,3257
2026/05/22,09:00,3336,0,384,410,108,173,0,660,1,123,0,1611,1,194,0,-11,-5,-312,0,3336
2026/05/22,09:30,3364,0,390,424,108,172,0,688,1,122,0,1738,1,187,0,-221,-7,-238,0,3364
2026/05/22,10:00,3379,0,475,443,108,174,0,654,1,122,0,1803,1,123,0,-227,-7,-290,0,3379
2026/05/22,10:30,3413,0,536,425,109,174,0,663,1,122,0,1831,1,98,0,-226,-56,-264,0,3413
2026/05/22,11:00,3430,0,456,439,112,173,0,661,1,122,0,1844,2,74,0,-230,-58,-164,0,3430
2026/05/22,11:30,3308,0,425,423,117,172,0,657,1,122,0,1768,2,78,0,-270,-38,-147,0,3308
2026/05/22,12:00,3210,0,405,440,118,173,0,660,1,122,0,1729,2,82,0,-315,-79,-126,0,3210
2026/05/22,12:30,3170,0,430,437,118,173,0,648,1,122,0,1719,2,93,0,-320,-85,-166,0,3170
2026/05/22,13:00,3213,0,388,459,118,173,0,666,1,121,0,1645,1,106,0,-340,-8,-116,0,3213
2026/05/22,13:30,3163,0,512,460,118,173,0,673,1,124,0,1535,1,131,0,-414,-50,-100,0,3163
2026/05/22,14:00,3094,0,472,503,114,173,0,714,1,128,0,1392,0,111,0,-403,-5,-106,0,3094
2026/05/22,14:30,3016,0,500,500,114,173,0,736,1,128,0,1201,0,111,0,-308,-18,-122,0,3016
2026/05/22,15:00,2935,0,321,500,116,174,0,786,1,127,0,1025,0,114,0,-92,-5,-132,0,2935
2026/05/22,15:30,2981,0,449,493,123,176,0,786,1,127,0,893,0,118,0,0,-8,-177,0,2981
2026/05/22,16:00,3073,0,554,517,124,177,0,827,1,127,0,718,0,117,0,10,1,-100,0,3073
2026/05/22,16:30,3077,0,591,495,169,175,0,831,1,128,0,545,0,141,0,71,-10,-60,0,3077
2026/05/22,17:00,3021,0,541,511,349,176,0,853,1,130,0,317,0,142,0,27,-5,-21,0,3021
2026/05/22,17:30,2949,0,538,496,402,177,0,864,1,130,0,118,0,164,0,23,-4,40,0,2949
2026/05/22,18:00,2960,0,535,514,398,177,0,908,1,143,0,19,0,168,0,110,69,-82,0,2960
2026/05/22,18:30,2994,0,496,502,375,179,0,924,1,167,0,2,0,185,0,170,92,-99,0,2994
2026/05/22,19:00,3043,0,511,513,178,177,0,921,1,185,0,0,0,173,0,325,99,-40,0,3043
2026/05/22,19:30,3013,0,454,509,117,178,0,900,1,197,0,1,0,209,0,389,60,-2,0,3013
2026/05/22,20:00,2939,0,517,510,110,176,0,900,1,198,0,0,0,225,0,396,1,-95,0,2939
2026/05/22,20:30,2877,0,471,508,110,176,0,899,1,197,0,0,0,233,0,391,-1,-108,0,2877
2026/05/22,21:00,2786,0,374,514,113,175,0,867,1,197,0,0,0,243,0,396,27,-121,0,2786
2026/05/22,21:30,2712,0,428,510,113,174,0,865,1,197,0,0,0,240,0,361,-2,-175,0,2712
2026/05/22,22:00,2684,0,412,512,106,174,0,858,1,197,0,0,0,226,0,277,-5,-74,0,2684
2026/05/22,22:30,2680,0,471,503,107,173,0,859,1,197,0,0,0,230,0,182,-8,-35,0,2680
2026/05/22,23:00,2684,0,487,512,107,175,0,858,1,198,0,0,0,229,0,95,-5,27,0,2684
2026/05/22,23:30,2578,0,376,504,107,174,0,858,1,198,0,0,0,243,0,28,15,74,0,2578
2026/05/23,00:00,2578,0,535,521,107,174,0,837,1,197,0,0,0,214,0,31,-44,5,0,2578
2026/05/23,00:30,2548,0,566,514,107,173,0,834,1,198,0,0,0,193,0,27,-45,-20,0,2548
2026/05/23,01:00,2552,0,597,520,107,173,0,844,1,197,0,0,0,178,0,35,-5,-95,0,2552
2026/05/23,01:30,2590,0,600,514,107,174,0,842,1,197,0,0,0,193,0,70,-5,-103,0,2590
2026/05/23,02:00,2614,0,595,518,107,174,0,837,1,197,0,0,0,184,0,93,-5,-87,0,2614
2026/05/23,02:30,2704,0,557,510,107,174,0,837,1,197,0,0,0,244,0,104,-6,-21,0,2704
2026/05/23,03:00,2792,0,496,522,107,175,0,818,1,197,0,0,0,258,0,176,-4,46,0,2792
2026/05/23,03:30,2782,0,415,518,107,175,0,814,1,197,0,0,0,297,0,180,6,72,0,2782
2026/05/23,04:00,2784,0,423,525,107,175,0,789,1,197,0,6,0,350,0,188,-5,28,0,2784
2026/05/23,04:30,2834,0,547,513,107,175,0,786,1,194,0,121,0,331,0,138,15,-94,0,2834
2026/05/23,05:00,2921,0,538,514,107,155,0,772,1,186,0,312,0,364,0,86,-4,-110,0,2921
2026/05/23,05:30,2775,0,447,444,107,117,0,726,1,176,0,525,0,313,0,21,32,-134,0,2775
2026/05/23,06:00,2732,0,458,387,107,102,0,661,1,159,0,750,0,291,0,16,-8,-192,0,2732
2026/05/23,06:30,2658,0,322,312,107,97,0,645,1,151,46,971,0,353,0,-77,3,-227,0,2658
2026/05/23,07:00,2598,0,400,222,107,97,0,596,1,151,46,1112,57,310,31,-263,-28,-107,0,2598
2026/05/23,07:30,2658,0,413,158,107,97,0,592,1,152,46,1229,177,294,36,-297,-3,-85,0,2658
2026/05/23,08:00,2576,0,363,150,107,98,0,580,1,152,46,1282,352,283,54,-323,-3,-114,0,2576
2026/05/23,08:30,2650,0,389,101,107,97,0,576,1,152,46,1366,468,294,55,-405,-3,-25,0,2650
2026/05/23,09:00,2753,0,297,109,107,98,0,542,1,151,46,1523,474,310,33,-410,0,25,0,2753
2026/05/23,09:30,2767,0,284,94,107,98,0,551,1,151,46,1573,526,325,48,-416,-40,39,0,2767
2026/05/23,10:00,2755,0,357,115,107,97,0,556,1,151,46,1571,548,244,47,-432,-5,-7,0,2755
2026/05/23,10:30,2751,0,316,96,108,97,0,563,1,151,46,1625,526,172,124,-354,-53,29,0,2751
2026/05/23,11:00,2790,0,320,94,108,97,0,561,1,151,46,1626,527,154,126,-320,-51,49,0,2790
2026/05/23,11:30,2840,0,292,117,108,97,0,548,1,151,46,1622,547,184,127,-321,-75,116,0,2840
2026/05/23,12:00,2777,0,336,114,108,98,0,545,1,151,46,1508,580,173,127,-324,-77,144,0,2777
2026/05/23,12:30,2723,0,384,98,108,97,0,545,1,151,46,1410,594,173,161,-324,-30,110,0,2723
2026/05/23,13:00,2665,0,457,109,108,97,0,545,1,151,34,1238,658,171,164,-296,-35,119,0,2665
2026/05/23,13:30,2577,0,309,96,107,97,0,548,1,151,23,1169,546,205,167,-231,-1,126,0,2577
2026/05/23,14:00,2571,0,381,110,107,97,0,568,1,150,23,1012,542,236,166,-234,-6,149,0,2571
2026/05/23,14:30,2577,0,445,99,107,97,0,575,1,151,34,917,455,266,168,-233,-3,155,0,2577
2026/05/23,15:00,2526,0,381,178,107,97,0,609,1,150,46,890,245,265,122,-236,-22,106,0,2526
2026/05/23,15:30,2532,0,483,247,107,111,0,620,1,161,0,815,123,289,123,-233,-20,-49,0,2532
2026/05/23,16:00,2590,0,312,344,107,135,0,675,1,183,0,701,0,320,0,-236,-23,71,0,2590
2026/05/23,16:30,2628,0,472,364,107,165,0,737,1,192,0,506,0,344,0,-197,-11,-52,0,2628
2026/05/23,17:00,2682,0,440,438,107,173,0,786,1,194,0,297,0,365,0,32,-3,-148,0,2682
2026/05/23,17:30,2676,0,346,464,107,176,0,818,1,196,0,131,0,409,0,92,-5,-59,0,2676
2026/05/23,18:00,2754,0,342,511,107,175,0,832,1,197,0,23,0,431,0,165,82,-112,0,2754
2026/05/23,18:30,2816,0,419,500,107,177,0,834,1,197,0,4,0,462,0,168,99,-152,0,2816
2026/05/23,19:00,2878,0,406,507,107,177,0,835,1,197,0,0,0,492,0,301,98,-243,0,2878
2026/05/23,19:30,2878,0,537,505,107,179,0,826,1,197,0,0,0,502,0,281,56,-313,0,2878
2026/05/23,20:00,2793,0,592,505,107,175,0,806,1,197,0,0,0,496,0,189,-1,-274,0,2793
2026/05/23,20:30,2723,0,505,505,107,176,0,805,1,197,0,0,0,512,0,175,-2,-258,0,2723
2026/05/23,21:00,2672,0,453,510,107,174,0,794,1,197,0,0,0,529,0,128,-4,-217,0,2672
2026/05/23,21:30,2584,0,421,503,107,173,0,773,1,197,0,0,0,550,0,102,-6,-237,0,2584
2026/05/23,22:00,2595,0,418,506,106,173,0,768,1,197,0,0,0,553,0,85,-7,-205,0,2595
2026/05/23,22:30,2557,0,378,498,107,173,0,763,1,197,0,0,0,560,0,65,-9,-176,0,2557
2026/05/23,23:00,2545,0,387,513,107,173,0,729,1,197,0,0,0,542,0,55,-28,-131,0,2545
2026/05/23,23:30,2451,0,333,509,106,174,0,727,1,197,0,0,0,548,0,75,-5,-214,0,2451
2026/05/24,00:00,2421,0,418,512,107,174,0,718,1,197,0,0,0,539,0,22,-6,-261,0,2421
2026/05/24,00:30,2391,0,457,505,107,174,0,711,1,197,0,0,0,536,0,29,-10,-316,0,2391
2026/05/24,01:00,2405,0,369,513,106,174,0,738,1,197,0,0,0,508,0,16,-6,-211,0,2405
2026/05/24,01:30,2419,0,380,506,107,174,0,741,1,197,0,0,0,485,0,19,-6,-185,0,2419
2026/05/24,02:00,2492,0,509,511,107,174,0,760,1,197,0,0,0,502,0,17,-5,-281,0,2492
2026/05/24,02:30,2564,0,443,511,107,174,0,788,1,197,0,0,0,522,0,65,-5,-239,0,2564
2026/05/24,03:00,2617,0,364,512,107,174,0,811,1,197,0,0,0,520,0,202,-4,-267,0,2617
2026/05/24,03:30,2663,0,445,508,107,173,0,810,1,197,0,0,0,513,0,214,-4,-301,0,2663
2026/05/24,04:00,2680,0,537,521,107,174,0,800,1,197,0,6,0,493,0,212,-4,-364,0,2680
2026/05/24,04:30,2656,0,462,511,107,174,0,794,1,197,0,103,0,526,0,131,10,-360,0,2656
2026/05/24,05:00,2696,0,471,515,107,157,0,775,1,194,0,232,0,533,0,118,-7,-400,0,2696
2026/05/24,05:30,2536,0,388,502,107,122,0,771,1,185,0,319,0,530,0,91,-26,-454,0,2536
2026/05/24,06:00,2409,0,329,475,107,107,0,745,1,177,0,371,0,550,0,-123,-7,-323,0,2409
2026/05/24,06:30,2361,0,298,370,107,101,0,681,1,158,0,543,0,551,0,-181,-6,-262,0,2361
2026/05/24,07:00,2369,0,320,309,107,98,0,665,1,151,46,733,1,526,0,-187,-4,-350,0,2369
2026/05/24,07:30,2425,0,284,251,107,98,0,615,1,152,46,961,1,525,0,-188,-7,-374,0,2425
2026/05/24,08:00,2509,0,419,230,107,98,0,603,1,152,46,1143,1,496,0,-281,0,-459,0,2509
2026/05/24,08:30,2605,0,468,185,107,97,0,599,1,151,46,1330,1,486,0,-291,2,-530,0,2605
2026/05/24,09:00,2625,0,378,180,107,98,0,575,1,151,46,1472,2,468,0,-308,2,-499,0,2625
2026/05/24,09:30,2651,0,295,126,107,97,0,574,1,151,46,1555,2,480,0,-336,-4,-395,0,2651
2026/05/24,10:00,2694,0,219,122,107,98,0,544,1,151,46,1628,2,478,0,-379,-5,-270,0,2694
2026/05/24,10:30,2724,0,221,136,107,97,0,539,1,151,46,1657,2,513,0,-391,-56,-251,0,2724
2026/05/24,11:00,2710,0,288,139,107,97,0,543,1,151,46,1603,2,498,0,-355,-72,-290,0,2710
2026/05/24,11:30,2832,0,429,157,107,98,0,542,1,151,46,1525,2,511,0,-262,-70,-357,0,2832
2026/05/24,12:00,2835,0,453,190,107,98,0,561,1,151,46,1351,2,489,0,-187,-76,-303,0,2835
2026/05/24,12:30,2801,0,406,195,107,98,0,552,1,151,46,1187,2,494,0,-175,-39,-176,0,2801
2026/05/24,13:00,2766,0,466,240,107,98,0,560,1,151,34,1001,1,463,0,-6,-28,-287,0,2766
2026/05/24,13:30,2694,0,452,254,107,99,0,581,1,151,23,855,1,446,0,20,-1,-271,0,2694
2026/05/24,14:00,2691,0,431,295,107,98,0,598,1,151,23,733,1,423,0,20,-2,-164,0,2691
2026/05/24,14:30,2687,0,477,324,107,101,0,602,1,151,34,586,1,432,0,22,-7,-109,0,2687
2026/05/24,15:00,2693,0,543,380,107,114,0,631,1,150,46,420,1,429,0,36,-4,-114,0,2693
2026/05/24,15:30,2687,0,425,390,107,146,0,669,1,150,46,315,1,463,0,19,-4,6,0,2687
2026/05/24,16:00,2729,0,432,454,107,169,0,725,1,163,0,207,0,441,0,20,-4,14,0,2729
2026/05/24,16:30,2799,0,530,479,107,177,0,742,1,185,0,153,0,451,0,19,-5,-40,0,2799
2026/05/24,17:00,2843,0,524,507,107,173,0,775,1,193,0,90,0,422,0,125,-2,-72,0,2843
2026/05/24,17:30,2887,0,539,489,107,175,0,786,1,195,0,44,0,402,0,233,-2,-82,0,2887
2026/05/24,18:00,2910,0,444,530,107,176,0,807,1,196,0,6,0,374,0,310,71,-112,0,2910
2026/05/24,18:30,2926,0,408,531,107,178,0,808,1,197,0,0,0,370,0,339,100,-113,0,2926
2026/05/24,19:00,2947,0,567,550,107,178,0,805,1,197,0,0,0,311,0,340,97,-206,0,2947
2026/05/24,19:30,2923,0,590,549,107,179,0,816,1,197,0,0,0,276,0,343,54,-189,0,2923
2026/05/24,20:00,2870,0,578,559,107,179,0,824,1,197,0,0,0,268,0,327,-9,-161,0,2870
2026/05/24,20:30,2798,0,530,557,107,177,0,828,1,196,0,0,0,273,0,322,-19,-174,0,2798
2026/05/24,21:00,2711,0,529,560,107,174,0,806,1,197,0,0,0,254,0,226,-18,-125,0,2711
2026/05/24,21:30,2605,0,532,552,107,175,0,761,1,197,0,0,0,253,0,182,-17,-138,0,2605
2026/05/24,22:00,2550,0,475,560,107,176,0,760,1,197,0,0,0,238,0,78,-10,-32,0,2550
2026/05/24,22:30,2484,0,490,562,107,175,0,751,1,197,0,0,0,232,0,77,0,-108,0,2484
2026/05/24,23:00,2485,0,526,580,107,175,0,733,1,197,0,0,0,210,0,80,-10,-114,0,2485
2026/05/24,23:30,2391,0,510,575,107,174,0,730,1,197,0,0,0,211,0,78,-1,-191,0,2391
2026/05/25,00:00,2318,0,418,579,107,174,0,707,1,197,0,0,0,195,0,77,-11,-126,0,2318
2026/05/25,00:30,2324,0,488,583,107,174,0,709,1,197,0,0,0,164,0,76,-8,-167,0,2324
2026/05/25,01:00,2346,0,540,602,107,174,0,729,1,197,0,0,0,117,0,80,-3,-198,0,2346
2026/05/25,01:30,2370,0,499,607,107,174,0,722,1,197,0,0,0,90,0,82,-3,-106,0,2370
2026/05/25,02:00,2423,0,439,618,107,174,0,731,1,197,0,0,0,58,0,121,-3,-20,0,2423
2026/05/25,02:30,2481,0,387,615,107,174,0,760,1,197,0,0,0,48,0,165,-4,31,0,2481
2026/05/25,03:00,2591,0,400,623,107,174,0,801,1,197,0,0,0,42,0,233,-3,16,0,2591
2026/05/25,03:30,2635,0,417,615,107,174,0,805,1,197,0,0,0,57,0,248,-4,18,0,2635
2026/05/25,04:00,2674,0,478,618,107,174,0,820,1,196,0,7,0,55,0,248,-4,-26,0,2674
2026/05/25,04:30,2696,0,488,610,107,174,0,820,1,197,0,87,0,46,0,184,3,-21,0,2696
2026/05/25,05:00,2725,0,506,624,107,173,0,796,1,194,0,179,0,32,0,127,1,-15,0,2725
2026/05/25,05:30,2669,0,543,608,107,154,0,776,1,185,0,233,0,42,0,82,-7,-55,0,2669
2026/05/25,06:00,2606,0,533,579,107,117,0,750,1,176,0,257,0,27,0,81,1,-23,0,2606
2026/05/25,06:30,2586,0,473,488,107,107,0,722,1,160,0,345,0,37,0,69,-4,81,0,2586
2026/05/25,07:00,2682,0,511,504,107,110,0,639,1,151,46,457,1,43,0,34,-4,129,0,2682
2026/05/25,07:30,2754,0,510,484,107,99,0,609,1,152,46,602,1,54,0,21,-8,123,0,2754
2026/05/25,08:00,2870,0,451,461,107,119,0,599,1,152,46,749,1,53,0,12,-7,173,0,2870
2026/05/25,08:30,2978,0,472,383,149,99,0,599,1,150,46,913,1,50,0,0,-7,169,0,2978
2026/05/25,09:00,3033,0,373,371,148,117,0,590,1,148,46,1074,1,47,0,-8,-5,177,0,3033
2026/05/25,09:30,3051,0,411,368,97,111,0,561,1,144,46,1236,1,66,0,-88,-17,161,0,3051
2026/05/25,10:00,2994,0,327,424,60,97,0,561,1,141,46,1393,1,98,0,-166,-8,66,0,2994
2026/05/25,10:30,3002,0,364,468,60,97,0,561,1,139,46,1522,1,175,0,-329,-57,1,0,3002
2026/05/25,11:00,3044,0,320,512,60,97,0,553,1,140,46,1621,2,205,0,-395,-57,-13,0,3044
2026/05/25,11:30,3026,0,293,525,54,97,0,512,1,140,46,1717,82,221,4,-428,-105,-1,0,3026
2026/05/25,12:00,2974,0,288,617,13,97,0,491,1,140,46,1690,84,167,178,-430,-91,-9,0,2974
2026/05/25,12:30,3052,0,298,797,11,97,0,502,1,140,46,1614,134,34,185,-332,-50,-60,0,3052
2026/05/25,13:00,3125,0,371,852,11,97,0,548,1,140,34,1565,130,33,188,-331,-34,-128,0,3125
2026/05/25,13:30,3053,0,371,881,11,97,0,514,1,140,23,1496,42,71,167,-248,-14,-267,0,3053
2026/05/25,14:00,2984,0,305,919,11,97,0,502,1,140,23,1355,37,55,172,-233,-11,-157,0,2984
2026/05/25,14:30,2922,0,328,931,11,97,0,523,1,140,34,1209,35,47,176,-235,-10,-120,0,2922
2026/05/25,15:00,2937,0,407,948,11,98,0,574,1,140,46,1046,0,171,170,-233,-3,-223,0,2937
2026/05/25,15:30,3023,0,464,972,11,101,47,619,1,140,46,860,0,314,0,-171,-4,-284,0,3023
2026/05/25,16:00,3060,0,425,1012,13,98,48,662,1,140,46,665,0,311,0,-119,-2,-146,0,3060
2026/05/25,16:30,3134,0,512,1054,12,127,0,701,1,152,0,472,0,319,0,92,-4,-304,0,3134
2026/05/25,17:00,3080,0,417,1131,12,167,0,783,1,174,0,288,0,309,0,117,-1,-318,0,3080
2026/05/25,17:30,3018,0,354,1105,12,177,0,811,1,183,0,125,0,316,0,179,1,-246,0,3018
2026/05/25,18:00,3040,0,366,1051,12,176,0,842,1,184,0,25,0,309,0,214,86,-226,0,3040
2026/05/25,18:30,3114,0,475,1054,12,177,0,845,1,186,0,4,0,324,0,263,102,-329,0,3114
2026/05/25,19:00,3153,0,466,1138,12,178,0,826,1,186,0,0,0,307,0,296,96,-353,0,3153
2026/05/25,19:30,3103,0,506,1175,12,181,0,821,1,186,0,0,0,312,0,223,53,-367,0,3103
2026/05/25,20:00,3031,0,506,1194,12,179,0,821,1,186,0,0,0,309,0,199,-7,-369,0,3031
2026/05/25,20:30,2949,0,400,1224,12,179,0,808,1,186,0,0,0,326,0,185,-6,-366,0,2949
2026/05/25,21:00,2839,0,377,1236,12,174,0,771,1,187,0,0,0,332,0,87,-7,-331,0,2839
2026/05/25,21:30,2765,0,332,1222,12,175,0,757,1,187,0,0,0,347,0,81,-8,-341,0,2765
2026/05/25,22:00,2715,0,368,1151,12,174,0,756,1,187,0,0,0,353,0,46,-7,-326,0,2715
2026/05/25,22:30,2657,0,363,1167,11,175,0,748,1,186,0,0,0,358,0,21,-7,-366,0,2657
2026/05/25,23:00,2628,0,306,1163,11,175,0,735,1,187,0,0,0,398,0,18,-19,-347,0,2628
2026/05/25,23:30,2560,0,306,1072,11,175,0,732,1,187,0,0,0,418,0,27,-5,-364,0,2560
2026/05/26,00:00,2521,0,300,1016,11,174,0,734,1,187,0,0,0,435,0,25,-5,-357,0,2521
2026/05/26,00:30,2469,0,340,933,12,174,0,708,1,187,0,0,0,427,0,56,-8,-361,0,2469
2026/05/26,01:00,2460,0,364,915,11,173,0,697,1,187,0,0,0,424,0,55,-6,-361,0,2460
2026/05/26,01:30,2524,0,408,945,11,174,0,690,1,187,0,0,0,422,0,52,-7,-359,0,2524
2026/05/26,02:00,2536,0,379,978,11,174,0,703,1,187,0,0,0,445,0,32,-5,-369,0,2536
2026/05/26,02:30,2656,0,413,1014,11,174,0,720,1,187,0,0,0,471,0,33,-7,-361,0,2656
2026/05/26,03:00,2734,0,387,1086,11,174,0,722,1,186,0,0,0,507,0,33,-6,-367,0,2734
2026/05/26,03:30,2778,0,344,1085,11,174,0,764,1,187,0,0,0,559,0,26,-7,-366,0,2778
2026/05/26,04:00,2769,0,334,1076,11,174,0,763,1,187,0,9,0,562,0,24,-5,-367,0,2769
2026/05/26,04:30,2757,0,270,1022,11,174,0,764,1,187,0,97,0,555,0,14,11,-349,0,2757
2026/05/26,05:00,2779,0,307,948,11,158,0,752,1,187,0,235,0,535,0,18,-5,-368,0,2779
2026/05/26,05:30,2749,0,356,934,21,128,0,747,1,186,0,365,0,511,0,26,-30,-496,0,2749
2026/05/26,06:00,2798,0,266,1051,49,120,0,653,1,186,0,453,0,483,0,66,-5,-525,0,2798
2026/05/26,06:30,2844,0,93,1118,60,120,0,631,1,185,0,601,0,457,0,112,-7,-527,0,2844
2026/05/26,07:00,2915,0,13,1115,101,120,0,604,1,185,0,720,1,445,0,142,-6,-525,0,2915
2026/05/26,07:30,3021,0,9,1134,107,120,0,591,1,186,0,849,1,455,0,101,-7,-525,0,3021
2026/05/26,08:00,3179,0,9,1105,107,140,0,598,1,183,0,885,1,444,0,178,-6,-465,0,3179
2026/05/26,08:30,3297,0,9,1041,124,133,0,599,1,174,0,895,1,450,0,297,-5,-421,0,3297
2026/05/26,09:00,3274,0,9,1106,127,105,0,592,1,169,0,898,1,444,0,214,-5,-386,0,3274
2026/05/26,09:30,3244,0,9,1016,182,99,0,584,1,155,0,922,1,441,0,107,-7,-265,0,3244
2026/05/26,10:00,3122,0,9,964,111,98,0,589,1,148,46,969,1,388,0,49,-7,-197,0,3122
2026/05/26,10:30,3130,0,9,826,136,98,0,590,1,150,46,1029,1,388,0,21,-56,-62,0,3130
2026/05/26,11:00,3141,0,9,844,116,98,0,598,1,150,46,1113,2,368,0,-34,-57,-65,0,3141
2026/05/26,11:30,3075,0,9,796,107,98,0,619,1,150,46,1146,2,364,0,-29,-75,-111,0,3075
2026/05/26,12:00,2988,0,9,718,107,98,0,730,1,150,46,1159,105,360,0,-183,-86,-75,0,2988
2026/05/26,12:30,3040,0,9,659,118,98,0,619,1,150,46,1124,109,365,0,-52,-35,-16,0,3040
2026/05/26,13:00,3145,0,9,728,158,98,0,590,1,149,34,1177,63,353,0,21,-17,-122,0,3145
2026/05/26,13:30,3133,0,9,808,121,98,0,583,1,149,23,1115,1,378,0,14,2,-145,0,3133
2026/05/26,14:00,3108,0,9,761,114,98,0,586,1,149,23,1055,0,390,0,87,0,-142,0,3108
2026/05/26,14:30,3150,0,9,826,165,127,0,616,1,160,0,921,0,387,0,96,-11,-147,0,3150
2026/05/26,15:00,3114,0,47,1012,128,166,0,655,1,183,0,770,0,345,0,43,-8,-228,0,3114
2026/05/26,15:30,3152,0,57,1115,148,174,0,678,1,190,0,615,0,344,0,65,-7,-228,0,3152
2026/05/26,16:00,3135,0,61,1232,144,176,0,713,1,192,0,417,0,329,0,40,-6,-164,0,3135
2026/05/26,16:30,3165,0,62,1221,152,177,0,856,1,194,0,295,0,329,0,40,-9,-153,0,3165
2026/05/26,17:00,3090,0,61,1212,117,174,0,899,1,196,0,165,0,324,0,87,-6,-140,0,3090
2026/05/26,17:30,3070,0,61,1201,107,179,0,912,1,196,0,67,0,344,0,149,-4,-143,0,3070
2026/05/26,18:00,3049,0,61,1154,107,178,0,914,1,196,0,10,0,340,0,188,77,-177,0,3049
2026/05/26,18:30,3087,0,61,1058,108,180,0,911,1,196,0,3,0,355,0,282,103,-171,0,3087
2026/05/26,19:00,3132,0,62,1131,107,180,0,912,1,196,0,0,0,358,0,294,97,-206,0,3132
2026/05/26,19:30,3078,0,95,1154,107,181,0,918,1,196,0,0,0,370,0,258,28,-230,0,3078
2026/05/26,20:00,2989,0,109,1120,101,180,0,877,1,196,0,0,0,361,0,275,-6,-225,0,2989
2026/05/26,20:30,2897,0,109,1146,51,179,0,797,1,196,0,0,0,354,0,245,-6,-175,0,2897
2026/05/26,21:00,2812,0,215,1142,12,176,0,755,1,196,0,0,0,348,0,100,-3,-130,0,2812
2026/05/26,21:30,2734,0,280,1100,14,174,0,750,1,196,0,0,0,344,0,80,-6,-199,0,2734
2026/05/26,22:00,2678,0,460,1128,12,174,0,730,1,196,0,0,0,325,0,-133,-21,-194,0,2678
2026/05/26,22:30,2630,0,456,1100,11,174,0,730,1,196,0,0,0,334,0,-68,-5,-299,0,2630
2026/05/26,23:00,2604,0,397,1015,12,174,0,724,1,196,0,0,0,380,0,80,-9,-366,0,2604
2026/05/26,23:30,2580,0,441,936,11,174,0,692,1,196,0,0,0,459,0,45,-6,-369,0,2580
2026/05/27,00:00,2545,0,441,917,11,174,0,673,1,195,0,0,0,452,0,38,1,-358,0,2545
2026/05/27,00:30,2505,0,435,913,11,175,0,664,1,195,0,0,0,432,0,44,-10,-355,0,2505
2026/05/27,01:00,2486,0,436,932,11,175,0,654,1,195,0,0,0,410,0,31,0,-359,0,2486
2026/05/27,01:30,2538,0,450,984,12,175,0,662,1,196,0,0,0,370,0,55,-9,-358,0,2538
2026/05/27,02:00,2568,0,456,1089,11,175,0,668,1,195,0,0,0,298,0,43,-6,-362,0,2568
2026/05/27,02:30,2636,0,430,1147,11,175,0,704,1,196,0,0,0,290,0,9,-5,-322,0,2636
2026/05/27,03:00,2687,0,372,1172,11,174,0,733,1,195,0,0,0,299,0,0,-5,-265,0,2687
2026/05/27,03:30,2727,0,380,1133,11,175,0,715,1,200,0,0,0,325,0,3,-4,-212,0,2727
2026/05/27,04:00,2728,0,372,1076,12,175,0,723,1,205,0,11,0,346,0,60,6,-259,0,2728
2026/05/27,04:30,2778,0,415,1060,11,175,0,722,1,211,0,92,0,361,0,14,0,-284,0,2778
2026/05/27,05:00,2798,0,388,1106,11,159,0,706,1,214,0,198,0,340,0,2,-13,-314,0,2798
2026/05/27,05:30,2662,0,338,1068,11,129,0,655,1,216,0,263,0,281,0,-8,-7,-285,0,2662
2026/05/27,06:00,2594,0,395,1128,11,120,0,600,1,217,0,301,0,241,0,-205,11,-226,0,2594
2026/05/27,06:30,2626,0,393,1090,12,120,0,583,1,217,0,440,0,227,0,-218,-6,-233,0,2626
2026/05/27,07:00,2680,0,375,1067,11,120,0,517,1,217,0,601,1,210,0,-218,5,-226,0,2680
2026/05/27,07:30,2792,0,317,1008,11,120,0,514,1,218,0,798,1,230,0,-216,-7,-202,0,2792
2026/05/27,08:00,2941,0,331,1002,12,120,0,520,1,217,0,960,1,220,0,-217,-5,-220,0,2941
2026/05/27,08:30,3049,0,333,1006,12,121,0,520,1,217,0,1183,1,211,0,-219,-6,-330,0,3049
2026/05/27,09:00,3110,0,243,891,11,120,0,538,1,215,0,1438,1,199,0,-217,3,-332,0,3110
2026/05/27,09:30,3212,0,340,724,12,120,0,553,1,214,0,1622,1,207,0,-207,-46,-328,0,3212
2026/05/27,10:00,3293,0,397,655,12,119,0,513,1,214,0,1777,1,151,0,-233,-9,-304,0,3293
2026/05/27,10:30,3331,0,413,596,12,119,0,487,1,214,0,1837,1,162,0,-221,-55,-234,0,3331
2026/05/27,11:00,3381,0,415,604,12,119,0,471,1,215,0,1845,2,159,0,-214,-57,-189,0,3381
2026/05/27,11:30,3329,0,438,624,12,119,0,458,1,215,0,1820,2,160,0,-214,-77,-227,0,3329
2026/05/27,12:00,3143,0,345,622,12,118,0,454,1,216,0,1758,2,154,0,-230,-77,-230,0,3143
2026/05/27,12:30,3071,0,401,637,11,120,0,447,1,215,0,1660,2,165,0,-238,-40,-308,0,3071
2026/05/27,13:00,3188,0,453,715,13,118,0,468,1,206,0,1580,1,164,0,-191,17,-356,0,3188
2026/05/27,13:30,3170,0,469,830,11,135,0,486,1,195,0,1434,1,160,0,-200,-5,-346,0,3170
2026/05/27,14:00,3176,0,443,964,12,165,0,537,1,205,0,1272,0,146,0,-211,-11,-347,0,3176
2026/05/27,14:30,3188,0,432,1067,11,174,0,595,1,213,0,1021,0,156,0,-156,13,-339,0,3188
2026/05/27,15:00,3168,0,378,1132,11,175,0,659,1,216,0,771,0,166,0,34,-29,-346,0,3168
2026/05/27,15:30,3162,0,392,1176,12,174,0,714,1,216,0,588,0,145,0,30,-2,-284,0,3162
2026/05/27,16:00,3107,0,433,1188,13,175,0,834,1,217,0,399,0,119,0,1,-29,-244,0,3107
2026/05/27,16:30,3091,0,421,1207,13,173,0,858,1,216,0,302,0,120,0,0,-7,-213,0,3091
2026/05/27,17:00,3082,0,553,1238,13,175,0,868,1,216,0,179,0,119,0,21,-4,-297,0,3082
2026/05/27,17:30,3056,0,444,1223,13,179,0,868,1,216,0,79,0,134,0,63,42,-206,0,3056
2026/05/27,18:00,3055,0,339,1212,12,180,0,867,4,216,0,9,0,147,0,158,84,-173,0,3055
2026/05/27,18:30,3109,0,382,1227,12,180,0,873,9,217,0,1,0,168,0,128,99,-187,0,3109
2026/05/27,19:00,3156,0,465,1234,13,180,0,874,10,217,0,0,0,112,0,223,96,-268,0,3156
2026/05/27,19:30,3120,0,574,1232,12,179,0,872,10,217,0,1,0,83,0,235,52,-347,0,3120
2026/05/27,20:00,2998,0,585,1230,12,180,0,786,10,216,0,0,0,102,0,143,-2,-264,0,2998
2026/05/27,20:30,2912,0,457,1214,13,178,0,715,10,216,0,0,0,103,0,200,-8,-186,0,2912
2026/05/27,21:00,2825,0,441,1132,13,176,0,683,10,217,0,0,0,136,0,190,-12,-161,0,2825
2026/05/27,21:30,2743,0,490,1095,13,176,0,674,10,217,0,0,0,176,0,101,-2,-207,0,2743
2026/05/27,22:00,2715,0,455,1184,11,174,0,637,10,217,0,0,0,177,0,87,-6,-231,0,2715
2026/05/27,22:30,2665,0,443,1118,11,174,0,626,10,217,0,0,0,197,0,150,-7,-274,0,2665
2026/05/27,23:00,2682,0,456,1140,11,175,0,600,10,217,0,0,0,227,0,92,4,-250,0,2682
2026/05/27,23:30,2626,0,395,1174,11,176,0,572,10,217,0,0,0,258,0,43,10,-240,0,2626
2026/05/28,00:00,2598,0,413,1191,11,175,0,593,10,217,0,0,0,264,0,19,-71,-224,0,2598
2026/05/28,00:30,2528,0,421,1132,11,174,0,612,10,216,0,0,0,281,0,21,-103,-247,0,2528
2026/05/28,01:00,2573,0,470,1150,11,175,0,661,10,217,0,0,0,248,0,39,-58,-350,0,2573
2026/05/28,01:30,2561,0,468,1149,11,175,0,701,10,216,0,0,0,227,0,23,-100,-319,0,2561
2026/05/28,02:00,2656,0,455,1193,11,174,0,712,10,217,0,0,0,190,0,23,-28,-301,0,2656
2026/05/28,02:30,2726,0,486,1219,11,174,0,694,10,217,0,0,0,183,0,20,-7,-281,0,2726
2026/05/28,03:00,2754,0,482,1233,11,175,0,693,10,216,0,0,0,151,0,6,-6,-217,0,2754
2026/05/28,03:30,2770,0,508,1230,11,176,0,656,10,216,0,0,0,131,0,19,-6,-181,0,2770
2026/05/28,04:00,2757,0,482,1237,11,174,0,627,10,216,0,10,0,145,0,1,-4,-152,0,2757
2026/05/28,04:30,2785,0,437,1225,11,174,0,622,10,216,0,80,0,177,0,0,-8,-159,0,2785
2026/05/28,05:00,2805,0,434,1194,11,174,0,617,10,216,0,162,0,190,0,0,-6,-197,0,2805
2026/05/28,05:30,2681,0,362,1128,11,174,0,618,10,215,0,202,0,183,0,0,-15,-207,0,2681
2026/05/28,06:00,2703,0,462,1162,11,175,0,555,10,216,0,219,0,192,0,27,-6,-320,0,2703
2026/05/28,06:30,2733,0,498,1076,11,174,0,553,10,215,0,304,0,226,0,35,-6,-363,0,2733
2026/05/28,07:00,2758,0,414,1056,21,174,0,550,10,215,0,392,1,272,0,29,-12,-363,0,2758
2026/05/28,07:30,2816,0,325,966,48,174,0,547,10,215,0,525,1,360,0,18,-11,-361,0,2816
2026/05/28,08:00,2941,0,406,1019,87,173,0,526,10,215,0,652,1,381,0,-160,-6,-362,0,2941
2026/05/28,08:30,3021,0,344,999,133,169,0,523,10,215,0,789,1,402,0,-209,-3,-351,0,3021
2026/05/28,09:00,3108,0,405,923,59,173,0,549,10,216,0,897,1,402,0,-209,9,-326,0,3108
2026/05/28,09:30,3106,0,392,774,58,173,0,572,10,216,0,1024,1,422,0,-202,4,-337,0,3106
2026/05/28,10:00,3218,0,365,734,58,173,0,579,10,216,0,1155,1,435,0,-162,4,-349,0,3218
2026/05/28,10:30,3314,0,490,684,59,172,0,582,10,217,0,1230,1,420,0,-212,10,-348,0,3314
2026/05/28,11:00,3374,0,446,725,59,173,0,581,10,217,0,1167,2,356,0,-201,2,-161,0,3374
2026/05/28,11:30,3388,0,530,813,59,173,0,590,10,218,0,1071,2,344,0,-212,-1,-207,0,3388
2026/05/28,12:00,3320,0,460,946,36,173,0,548,10,217,0,914,2,365,0,-211,-18,-120,0,3320
2026/05/28,12:30,3228,0,408,1047,11,174,0,570,10,218,0,746,2,378,0,-196,-10,-128,0,3228
2026/05/28,13:00,3255,0,443,1088,12,173,0,655,10,205,0,604,1,360,0,-124,-10,-161,0,3255
2026/05/28,13:30,3321,0,381,1106,12,174,0,793,10,197,0,501,1,421,0,32,-5,-301,0,3321
2026/05/28,14:00,3313,0,369,1138,12,174,0,740,10,211,0,414,0,493,0,112,-7,-353,0,3313
2026/05/28,14:30,3273,0,359,1175,12,174,0,743,10,218,0,352,0,492,0,116,-9,-369,0,3273
2026/05/28,15:00,3217,0,318,1200,11,174,0,816,10,217,0,252,0,473,0,119,-9,-364,0,3217
2026/05/28,15:30,3253,0,360,1190,12,173,0,832,10,217,0,192,0,466,0,180,-9,-370,0,3253
2026/05/28,16:00,3270,0,386,1206,13,173,0,842,10,216,0,130,0,461,0,209,-7,-369,0,3270
2026/05/28,16:30,3262,0,382,1185,13,173,0,844,10,215,0,95,0,480,0,243,-7,-371,0,3262
2026/05/28,17:00,3220,0,428,1216,13,174,0,797,10,215,0,47,0,478,0,219,-8,-369,0,3220
2026/05/28,17:30,3208,0,363,1193,12,180,0,796,10,214,0,29,0,499,0,232,43,-363,0,3208
2026/05/28,18:00,3193,0,288,1189,13,178,0,797,10,214,0,5,0,504,0,270,74,-349,0,3193
2026/05/28,18:30,3207,0,319,1145,13,178,0,842,10,214,0,0,0,527,0,250,72,-363,0,3207
2026/05/28,19:00,3217,0,325,1141,13,178,0,846,10,216,0,0,0,559,0,242,54,-367,0,3217
2026/05/28,19:30,3137,0,350,1114,13,181,0,775,10,216,0,2,0,578,0,230,30,-362,0,3137
2026/05/28,20:00,3039,0,356,1152,13,178,0,752,10,215,0,0,0,564,0,170,-7,-364,0,3039
2026/05/28,20:30,2951,0,374,1168,13,177,0,686,10,215,0,0,0,549,0,122,-7,-356,0,2951
2026/05/28,21:00,2888,0,328,1142,12,175,0,673,10,216,0,0,0,530,0,179,-18,-359,0,2888
2026/05/28,21:30,2778,0,310,1102,12,174,0,685,10,216,0,0,0,510,0,126,-6,-361,0,2778
2026/05/28,22:00,2757,0,375,1103,11,175,0,683,10,215,0,0,0,427,0,123,-6,-359,0,2757
2026/05/28,22:30,2707,0,340,1129,11,174,0,678,10,216,0,0,0,405,0,111,-7,-360,0,2707
2026/05/28,23:00,2729,0,394,1133,11,174,0,672,10,216,0,0,0,361,0,103,-5,-340,0,2729
2026/05/28,23:30,2641,0,434,1102,11,174,0,651,10,216,0,0,0,316,0,85,-4,-354,0,2641
2026/05/29,00:00,2588,0,418,1139,11,174,0,645,10,216,0,0,0,246,0,97,-5,-363,0,2588
2026/05/29,00:30,2550,0,402,1173,12,174,0,651,10,217,0,0,0,190,0,100,-18,-361,0,2550
2026/05/29,01:00,2528,0,385,1110,11,174,0,669,10,216,0,0,0,155,0,76,-5,-273,0,2528
2026/05/29,01:30,2486,0,355,1006,11,175,0,674,10,217,0,0,0,131,0,92,-6,-179,0,2486
2026/05/29,02:00,2586,0,375,1064,11,174,0,713,10,217,0,0,0,114,0,112,-5,-199,0,2586
2026/05/29,02:30,2640,0,355,1113,12,174,0,724,10,217,0,0,0,129,0,151,-3,-242,0,2640
2026/05/29,03:00,2727,0,354,1129,11,175,0,725,10,217,0,0,0,110,0,180,-5,-179,0,2727
2026/05/29,03:30,2791,0,419,1187,11,175,0,727,10,217,0,0,0,122,0,177,-7,-247,0,2791
2026/05/29,04:00,2772,0,360,1193,11,174,0,732,10,216,0,12,0,138,0,160,11,-245,0,2772
2026/05/29,04:30,2802,0,291,1142,11,159,0,733,10,217,0,84,0,209,0,91,-6,-139,0,2802
2026/05/29,05:00,2796,0,305,1139,11,130,0,684,10,217,0,162,0,226,0,84,-7,-165,0,2796
2026/05/29,05:30,2716,0,245,1070,11,124,0,684,10,216,0,221,0,255,0,47,-19,-148,0,2716
2026/05/29,06:00,2691,0,333,965,11,124,0,643,10,217,0,241,0,263,0,22,-7,-131,0,2691
2026/05/29,06:30,2723,0,298,862,11,120,0,636,10,216,0,331,0,308,0,19,-7,-81,0,2723
2026/05/29,07:00,2821,0,333,797,11,120,0,623,10,210,0,429,1,371,0,0,-6,-77,0,2821
2026/05/29,07:30,2897,0,317,715,11,120,0,623,10,194,0,566,1,433,0,-63,-8,-21,0,2897
2026/05/29,08:00,2922,0,304,662,12,119,0,648,10,179,38,757,1,493,0,-241,-7,-14,0,2922
2026/05/29,08:30,3042,0,342,508,12,120,0,658,10,169,38,932,1,541,0,-303,12,41,0,3042
2026/05/29,09:00,3088,0,404,393,12,119,0,651,10,161,38,1032,1,587,0,-317,8,28,0,3088
2026/05/29,09:30,3166,0,262,362,12,119,0,659,10,157,38,1179,1,691,0,-394,-6,115,0,3166
2026/05/29,10:00,3162,0,276,384,12,119,0,659,10,158,38,1218,54,640,127,-413,-17,116,0,3162
2026/05/29,10:30,3214,0,388,369,12,118,0,653,10,158,38,1258,57,585,124,-407,-66,136,0,3214
2026/05/29,11:00,3352,0,439,338,13,119,0,652,10,158,38,1286,62,581,121,-318,-62,136,0,3352
2026/05/29,11:30,3428,0,501,304,12,119,0,652,10,159,38,1273,2,681,0,-318,-96,131,0,3428
2026/05/29,12:00,3298,0,400,339,12,119,0,600,10,158,38,1213,2,694,0,-306,-53,112,0,3298
2026/05/29,12:30,3174,0,316,366,12,119,0,600,10,158,38,1102,2,703,0,-305,-24,117,0,3174
2026/05/29,13:00,3216,0,407,395,12,119,0,614,10,159,27,983,1,679,0,-231,-25,94,0,3216
2026/05/29,13:30,3158,0,282,423,12,118,0,625,10,159,15,937,1,703,0,-216,-2,107,0,3158
2026/05/29,14:00,3138,0,285,483,12,119,0,631,10,159,15,829,0,723,0,-206,-5,98,0,3138
2026/05/29,14:30,3050,0,263,527,12,119,0,632,10,159,27,724,0,732,0,-194,-3,69,0,3050
2026/05/29,15:00,3052,0,294,650,12,119,0,663,10,174,0,613,0,728,0,-180,-4,-27,0,3052
2026/05/29,15:30,3102,0,331,751,12,135,0,701,10,191,0,516,0,716,0,-178,-1,-82,0,3102
2026/05/29,16:00,3106,0,405,878,13,149,0,736,10,193,0,390,0,672,0,-156,-4,-180,0,3106
2026/05/29,16:30,3106,0,400,917,13,163,0,757,10,195,0,297,0,665,0,3,-1,-313,0,3106
2026/05/29,17:00,3072,0,332,928,13,173,0,808,10,196,0,186,0,652,0,33,32,-291,0,3072
2026/05/29,17:30,3018,0,384,827,13,175,0,811,10,194,0,82,0,681,0,137,-2,-294,0,3018
2026/05/29,18:00,2994,0,313,771,13,162,0,829,10,194,0,15,0,681,0,298,70,-362,0,2994
2026/05/29,18:30,3004,0,358,675,13,156,0,812,10,195,0,2,0,721,0,327,82,-347,0,3004
2026/05/29,19:00,3040,0,376,635,13,155,0,811,10,195,0,0,0,751,0,309,65,-280,0,3040
2026/05/29,19:30,2996,0,326,628,13,155,0,811,10,195,0,2,0,799,0,310,26,-279,0,2996
2026/05/29,20:00,2931,0,346,627,13,155,0,811,10,196,0,0,0,778,0,291,-9,-287,0,2931
2026/05/29,20:30,2859,0,340,620,13,174,0,776,10,197,0,0,0,783,0,310,-8,-356,0,2859
2026/05/29,21:00,2783,0,313,610,14,177,0,729,10,198,0,0,0,814,0,291,-9,-364,0,2783
2026/05/29,21:30,2697,0,323,551,13,177,0,705,10,198,0,0,0,809,0,288,-8,-369,0,2697
2026/05/29,22:00,2734,0,385,561,11,176,0,704,10,198,0,0,0,791,0,264,-7,-359,0,2734
2026/05/29,22:30,2730,0,438,586,11,177,0,693,10,198,0,0,0,775,0,213,-7,-364,0,2730
2026/05/29,23:00,2705,0,447,613,11,177,0,670,10,198,0,0,0,745,0,184,14,-364,0,2705
2026/05/29,23:30,2627,0,446,577,11,179,0,656,10,198,0,0,0,728,0,186,-6,-358,0,2627
2026/05/30,00:00,2605,0,492,634,11,174,0,617,10,198,0,0,0,705,0,120,-6,-350,0,2605
2026/05/30,00:30,2505,0,395,711,11,174,0,616,10,199,0,0,0,661,0,91,-12,-351,0,2505
2026/05/30,01:00,2541,0,414,713,11,174,0,646,10,198,0,0,0,663,0,77,-6,-359,0,2541
2026/05/30,01:30,2547,0,422,696,11,174,0,653,10,198,0,0,0,633,0,95,-6,-339,0,2547
2026/05/30,02:00,2598,0,411,725,12,174,0,715,10,198,0,0,0,557,0,149,-7,-346,0,2598
2026/05/30,02:30,2702,0,458,740,11,174,0,715,10,198,0,0,0,565,0,203,-6,-366,0,2702
2026/05/30,03:00,2715,0,377,770,11,174,0,713,10,198,0,0,0,599,0,232,-5,-364,0,2715
2026/05/30,03:30,2775,0,389,754,11,174,0,708,10,198,0,1,0,636,0,244,-3,-347,0,2775
2026/05/30,04:00,2805,0,360,718,11,174,0,701,10,198,0,46,0,696,0,231,11,-351,0,2805
2026/05/30,04:30,2827,0,365,649,12,175,0,698,10,198,0,130,0,721,0,231,-7,-355,0,2827
2026/05/30,05:00,2909,0,366,601,11,173,0,691,10,197,0,316,0,723,0,164,-4,-339,0,2909
2026/05/30,05:30,2835,0,398,497,12,153,0,669,10,195,0,506,0,729,0,20,-6,-348,0,2835
2026/05/30,06:00,2792,0,419,413,11,117,0,614,10,188,0,601,0,701,0,28,-6,-304,0,2792
2026/05/30,06:30,2728,0,349,369,12,103,0,534,10,171,0,773,0,685,0,-27,-5,-246,0,2728
2026/05/30,07:00,2808,0,326,389,11,99,0,507,10,159,38,999,0,661,0,-222,-2,-129,0,2808
2026/05/30,07:30,2796,0,253,330,11,99,0,495,10,159,38,1136,73,646,32,-309,-4,-30,0,2796
2026/05/30,08:00,2707,0,329,273,11,99,0,442,10,160,38,932,403,610,90,-316,-5,162,0,2707
2026/05/30,08:30,2763,0,264,214,11,99,0,441,10,160,38,946,559,640,114,-323,-5,306,0,2763
2026/05/30,09:00,2814,0,393,216,11,99,0,447,10,159,38,895,669,640,114,-331,-6,281,0,2814
2026/05/30,09:30,2904,0,366,204,11,99,0,449,10,159,38,1052,647,658,110,-326,-6,228,0,2904
2026/05/30,10:00,2940,0,342,207,11,99,0,522,10,159,38,1078,667,680,109,-322,-9,163,0,2940
2026/05/30,10:30,2970,0,412,215,11,99,0,535,10,159,38,1043,630,661,101,-319,-59,203,0,2970
2026/05/30,11:00,2966,0,412,288,11,99,0,528,10,159,38,1002,650,650,110,-331,-91,229,0,2966
2026/05/30,11:30,2822,0,354,294,11,99,0,529,10,159,38,901,553,643,39,-332,-77,231,0,2822
2026/05/30,12:00,2744,0,294,338,11,99,0,459,10,159,38,891,534,661,39,-326,-79,227,0,2744
2026/05/30,12:30,2708,0,274,368,11,99,0,471,10,159,38,843,574,654,49,-313,-54,186,0,2708
2026/05/30,13:00,2772,0,251,366,12,99,0,453,10,159,27,933,404,679,55,-324,-44,178,0,2772
2026/05/30,13:30,2788,0,234,391,11,99,0,453,10,159,15,871,437,730,66,-326,-19,175,0,2788
2026/05/30,14:00,2716,0,246,391,11,99,0,465,10,159,15,682,400,721,65,-318,-15,265,0,2716
2026/05/30,14:30,2766,0,325,395,12,99,0,482,10,160,27,699,225,776,46,-282,-17,107,0,2766
2026/05/30,15:00,2712,0,411,433,11,99,0,494,10,164,38,660,190,743,46,-232,-5,-76,0,2712
2026/05/30,15:30,2706,0,372,486,12,128,0,575,10,182,0,631,79,689,13,-229,-15,-135,0,2706
2026/05/30,16:00,2780,0,388,564,13,166,0,611,10,197,0,558,0,650,0,-228,-13,-136,0,2780
2026/05/30,16:30,2804,0,430,576,13,173,0,645,10,199,0,425,0,650,0,-81,-13,-223,0,2804
2026/05/30,17:00,2834,0,441,621,13,174,0,673,10,201,0,262,0,622,0,42,-9,-216,0,2834
2026/05/30,17:30,2830,0,468,697,13,177,0,675,10,202,0,133,0,622,0,52,38,-257,0,2830
2026/05/30,18:00,2811,0,404,766,13,176,0,715,10,202,0,35,0,595,0,14,86,-205,0,2811
2026/05/30,18:30,2835,0,425,689,13,178,0,721,10,202,0,5,0,627,0,86,79,-200,0,2835
2026/05/30,19:00,2914,0,455,723,13,178,0,720,10,191,0,0,0,670,0,97,108,-251,0,2914
2026/05/30,19:30,2894,0,498,755,13,178,0,721,10,159,0,1,0,637,0,202,65,-345,0,2894
2026/05/30,20:00,2843,0,470,789,13,179,0,719,10,158,0,0,0,652,0,217,-3,-361,0,2843
2026/05/30,20:30,2775,0,454,763,14,176,0,717,10,157,0,0,0,673,0,167,10,-366,0,2775
2026/05/30,21:00,2706,0,505,738,13,174,0,687,10,157,0,0,0,675,0,116,-3,-366,0,2706
2026/05/30,21:30,2632,0,444,725,13,176,0,683,10,158,0,0,0,669,0,123,-6,-363,0,2632
2026/05/30,22:00,2600,0,422,747,11,175,0,681,10,158,0,0,0,628,0,130,-4,-358,0,2600
2026/05/30,22:30,2516,0,428,729,11,175,0,613,10,157,0,0,0,618,0,132,-4,-353,0,2516
2026/05/30,23:00,2535,0,432,751,11,174,0,597,10,157,0,0,0,642,0,140,-20,-359,0,2535
2026/05/30,23:30,2445,0,440,685,11,174,0,576,10,157,0,0,0,653,0,102,-4,-359,0,2445
2026/05/31,00:00,2392,0,431,726,12,174,0,541,10,157,0,0,0,619,0,76,-4,-350,0,2392
2026/05/31,00:30,2352,0,345,795,11,175,0,537,10,157,0,0,0,604,0,79,-7,-354,0,2352
2026/05/31,01:00,2354,0,364,820,12,174,0,529,10,157,0,0,0,559,0,83,-4,-350,0,2354
2026/05/31,01:30,2396,0,386,849,11,175,0,527,10,158,0,0,0,553,0,79,-3,-349,0,2396
2026/05/31,02:00,2436,0,400,838,11,175,0,545,10,157,0,0,0,547,0,117,-4,-360,0,2436
2026/05/31,02:30,2514,0,390,813,11,177,0,549,10,158,0,0,0,537,0,220,-4,-347,0,2514
2026/05/31,03:00,2578,0,362,838,11,177,0,607,10,157,0,0,0,531,0,256,-4,-367,0,2578
2026/05/31,03:30,2600,0,349,806,11,175,0,614,10,157,0,1,0,542,0,281,19,-365,0,2600
2026/05/31,04:00,2626,0,405,783,11,177,0,614,10,158,0,35,0,533,0,268,-4,-364,0,2626
2026/05/31,04:30,2696,0,482,683,11,175,0,608,10,157,0,200,0,550,0,166,-5,-341,0,2696
2026/05/31,05:00,2774,0,444,600,11,175,0,594,10,158,0,388,0,532,0,104,-9,-233,0,2774
2026/05/31,05:30,2700,0,345,519,12,174,0,593,10,157,0,557,0,527,0,29,-30,-193,0,2700
2026/05/31,06:00,2600,0,368,492,11,169,0,570,10,156,0,734,0,480,0,-98,-7,-285,0,2600
2026/05/31,06:30,2566,0,537,406,11,148,0,524,10,156,0,919,0,403,0,-191,-5,-352,0,2566
2026/05/31,07:00,2531,0,462,396,11,110,0,493,10,143,0,1048,1,416,0,-208,-5,-345,0,2531
2026/05/31,07:30,2551,0,383,304,11,97,0,491,10,135,38,1245,1,449,0,-223,-6,-345,0,2551
2026/05/31,08:00,2487,0,348,217,11,97,0,491,10,135,38,1270,180,455,19,-251,-7,-289,0,2487
2026/05/31,08:30,2551,0,297,191,11,97,0,471,10,135,38,1422,242,493,20,-338,-5,-233,0,2551
2026/05/31,09:00,2644,0,332,204,11,97,0,446,10,134,38,1526,286,518,20,-399,-5,-230,0,2644
2026/05/31,09:30,2682,0,293,192,11,97,0,451,10,133,38,1623,240,542,20,-389,-19,-262,0,2682
2026/05/31,10:00,2661,0,294,204,11,97,0,451,10,134,38,1589,338,550,19,-386,-11,-282,0,2661
2026/05/31,10:30,2639,0,321,186,12,97,0,452,10,134,38,1531,417,511,19,-380,-68,-167,0,2639
2026/05/31,11:00,2697,0,270,206,11,97,0,449,10,133,38,1553,375,466,10,-391,-69,-38,0,2697
2026/05/31,11:30,2703,0,274,186,12,97,0,453,10,133,38,1557,372,442,12,-385,-92,16,0,2703
2026/05/31,12:00,2706,0,320,208,11,97,0,443,10,133,38,1525,356,430,12,-388,-87,4,0,2706
2026/05/31,12:30,2498,0,315,191,11,97,0,444,10,133,38,1246,595,378,57,-318,-38,29,0,2498
2026/05/31,13:00,2498,0,435,193,11,97,0,443,10,134,27,1201,517,358,53,-297,-32,-55,0,2498
2026/05/31,13:30,2478,0,369,267,11,97,0,472,10,135,15,1173,424,337,50,-306,-15,-72,0,2478
2026/05/31,14:00,2344,0,338,264,11,97,0,504,10,135,15,1105,395,285,47,-285,-15,-105,0,2344
2026/05/31,14:30,2424,0,294,323,11,97,0,524,10,135,27,1115,237,321,10,-218,-13,-175,0,2424
2026/05/31,15:00,2466,0,394,439,11,97,0,533,10,134,38,1043,123,328,10,-209,-10,-304,0,2466
2026/05/31,15:30,2534,0,470,457,11,97,0,559,10,134,38,900,106,342,11,-107,3,-342,0,2534
2026/05/31,16:00,2666,0,400,518,11,113,0,568,10,142,0,805,0,390,0,0,-3,-288,0,2666
2026/05/31,16:30,2768,0,381,731,11,121,0,574,10,156,0,617,0,436,0,24,-4,-289,0,2768
2026/05/31,17:00,2808,0,382,908,11,142,0,584,10,158,0,380,0,448,0,0,-3,-212,0,2808
2026/05/31,17:30,2828,0,378,990,11,166,0,615,10,158,0,165,0,479,0,81,-2,-223,0,2828
2026/05/31,18:00,2777,0,343,900,11,173,0,655,10,158,0,37,0,496,0,139,70,-215,0,2777
2026/05/31,18:30,2811,0,304,919,11,176,0,664,10,158,0,4,0,510,0,139,104,-188,0,2811
2026/05/31,19:00,2919,0,382,1049,11,179,0,684,10,158,0,0,0,513,0,159,100,-326,0,2919
2026/05/31,19:30,2917,0,521,1032,11,180,0,634,10,158,0,0,0,520,0,173,36,-358,0,2917
2026/05/31,20:00,2847,0,510,1036,11,180,0,634,10,157,0,0,0,504,0,172,-8,-359,0,2847
2026/05/31,20:30,2791,0,513,1031,12,178,0,620,10,158,0,0,0,478,0,149,-7,-351,0,2791
2026/05/31,21:00,2684,0,476,1035,11,173,0,594,10,158,0,0,0,443,0,142,-8,-350,0,2684
2026/05/31,21:30,2624,0,423,1027,11,173,0,587,10,158,0,0,0,438,0,157,-8,-352,0,2624
2026/05/31,22:00,2616,0,481,1030,11,172,0,553,10,158,0,0,0,419,0,151,-7,-362,0,2616
2026/05/31,22:30,2556,0,384,1026,11,177,0,551,10,159,0,0,0,425,0,134,40,-361,0,2556
2026/05/31,23:00,2535,0,374,1035,11,175,0,587,10,157,0,0,0,432,0,94,-7,-333,0,2535
2026/05/31,23:30,2453,0,311,1022,12,173,0,585,10,158,0,0,0,451,0,95,-19,-345,0,2453
