単位[MW平均],,,供給力,,,,,,,,,,,,,,,,,,
DATE,TIME,エリア需要,原子力,火力(LNG),火力(石炭),火力(石油),火力(その他),火力出力制御量,水力,地熱,バイオマス,バイオマス出力制御量,太陽光発電実績,太陽光出力制御量,風力発電実績,風力出力制御量,揚水,蓄電池,連系線,その他,合計
2026/5/1,0:00,6500,0,1868,4288,22,222,0,1706,164,667,0,0,0,589,0,-3,-2,-3024,3,6500
2026/5/1,0:30,6347,0,1626,4293,21,220,0,1698,161,667,0,0,0,634,0,-5,-1,-2970,3,6347
2026/5/1,1:00,6391,0,1684,4318,21,220,0,1690,163,666,0,0,0,685,0,-215,-2,-2842,3,6391
2026/5/1,1:30,6462,0,1844,4340,21,223,0,1684,163,667,0,0,0,723,0,-227,-1,-2978,3,6462
2026/5/1,2:00,6582,0,2040,4355,21,223,0,1686,162,663,0,0,0,773,0,-227,-1,-3116,3,6582
2026/5/1,2:30,6690,0,2034,4328,22,220,0,1685,163,663,0,0,0,795,0,-227,-1,-2996,4,6690
2026/5/1,3:00,6872,0,1928,4262,23,221,0,1712,163,661,0,0,0,791,0,-227,-2,-2664,4,6872
2026/5/1,3:30,6991,0,1990,4352,23,222,0,1710,161,667,0,0,0,777,0,-227,-1,-2686,3,6991
2026/5/1,4:00,7043,0,2140,4295,24,222,0,1690,162,674,0,0,0,799,0,-225,-1,-2740,3,7043
2026/5/1,4:30,7138,0,2098,4418,26,217,0,1686,160,679,0,11,0,836,0,-227,0,-2770,4,7138
2026/5/1,5:00,7168,0,1924,4472,26,222,0,1686,163,675,0,81,0,882,0,-3,-1,-2962,3,7168
2026/5/1,5:30,7316,0,2106,4476,26,222,0,1690,162,680,0,206,0,879,0,-3,0,-3132,4,7316
2026/5/1,6:00,7316,0,2158,4597,26,222,0,1672,161,680,0,348,0,836,0,-3,-1,-3386,6,7316
2026/5/1,6:30,7501,0,2202,4638,27,225,0,1686,164,680,0,503,0,817,0,-3,-2,-3450,14,7501
2026/5/1,7:00,7617,0,2294,4636,27,227,0,1782,162,682,0,668,0,821,0,-3,-3,-3700,24,7617
2026/5/1,7:30,7815,0,2202,4646,28,260,0,1803,161,691,0,745,0,871,0,-3,0,-3606,17,7815
2026/5/1,8:00,8198,0,2458,4631,29,278,0,1785,165,689,0,729,0,935,0,-3,-1,-3512,15,8198
2026/5/1,8:30,8569,0,2792,4634,30,295,0,1786,164,687,0,703,0,991,0,-3,0,-3522,12,8569
2026/5/1,9:00,8713,0,3002,4659,30,297,0,1741,162,682,0,672,0,1005,0,-3,4,-3554,16,8713
2026/5/1,9:30,8874,0,3280,4709,30,294,0,1738,163,684,0,715,0,1008,0,-3,-3,-3758,17,8874
2026/5/1,10:00,8765,0,3374,4741,29,295,0,1748,164,686,0,751,0,1064,0,-3,9,-4108,15,8765
2026/5/1,10:30,8782,0,3352,4771,27,301,0,1772,162,685,0,729,0,1111,0,-3,-1,-4138,14,8782
2026/5/1,11:00,8808,0,3070,4750,26,289,0,1743,165,681,0,775,0,1243,0,-3,-4,-3938,11,8808
2026/5/1,11:30,8581,0,2160,4735,27,288,0,1733,162,684,0,897,0,1315,0,0,-1,-3436,17,8581
2026/5/1,12:00,8370,0,1994,4748,29,283,0,1695,164,683,0,923,0,1410,0,0,-36,-3534,11,8370
2026/5/1,12:30,8288,0,2140,4697,28,196,0,1689,164,685,0,1006,0,1449,0,0,-42,-3734,10,8288
2026/5/1,13:00,8503,0,2324,4651,29,229,0,1713,162,686,0,1050,0,1453,0,0,-6,-3802,14,8503
2026/5/1,13:30,8544,0,2254,4648,30,283,0,1730,166,691,0,1069,0,1459,0,0,-3,-3794,11,8544
2026/5/1,14:00,8508,0,2520,4654,28,266,0,1722,166,692,0,1020,0,1472,0,0,-5,-4042,15,8508
2026/5/1,14:30,8382,0,2330,4641,29,280,0,1716,165,688,0,883,0,1458,0,0,0,-3826,18,8382
2026/5/1,15:00,8341,0,2558,4635,28,269,0,1775,164,683,0,735,0,1396,0,0,-4,-3912,14,8341
2026/5/1,15:30,8340,0,2646,4635,28,233,0,1779,159,678,0,570,0,1415,0,0,2,-3822,17,8340
2026/5/1,16:00,8351,0,2648,4651,29,239,0,1855,160,676,0,414,0,1363,0,0,1,-3706,21,8351
2026/5/1,16:30,8401,0,3000,4711,29,342,0,1875,158,672,0,320,0,1188,0,0,-2,-3908,16,8401
2026/5/1,17:00,8279,0,3456,4745,28,344,0,1968,157,668,0,200,0,960,0,0,0,-4264,17,8279
2026/5/1,17:30,8229,0,3154,4828,29,345,0,1995,157,668,0,104,0,910,0,156,7,-4144,20,8229
2026/5/1,18:00,8292,0,3338,4842,29,342,0,2005,157,671,0,21,0,924,0,166,3,-4230,24,8292
2026/5/1,18:30,8260,0,3186,4836,29,350,0,2025,159,676,0,0,0,968,0,152,38,-4178,19,8260
2026/5/1,19:00,8192,0,3200,4785,29,361,0,2045,159,676,0,0,0,1018,0,140,22,-4262,19,8192
2026/5/1,19:30,7942,0,2920,4712,29,376,0,2056,157,678,0,0,0,1046,0,142,-2,-4184,12,7942
2026/5/1,20:00,7841,0,2724,4692,28,375,0,2052,160,676,0,0,0,1099,0,140,-3,-4120,18,7841
2026/5/1,20:30,7671,0,2700,4618,27,366,0,2048,160,675,0,0,0,1114,0,142,-3,-4194,18,7671
2026/5/1,21:00,7397,0,2536,4619,26,363,0,2054,161,677,0,0,0,996,0,146,-1,-4198,18,7397
2026/5/1,21:30,7198,0,2472,4621,25,267,0,2052,161,676,0,0,0,989,0,144,-2,-4222,15,7198
2026/5/1,22:00,7034,0,2088,4584,24,259,0,2045,161,671,0,0,0,996,0,0,-2,-3810,18,7034
2026/5/1,22:30,6805,0,1896,4453,22,260,0,2052,161,670,0,0,0,995,0,0,-2,-3714,12,6805
2026/5/1,23:00,6778,0,1834,4438,23,255,0,2053,161,677,0,0,0,1004,0,0,-2,-3672,7,6778
2026/5/1,23:30,6516,0,1772,4114,22,262,0,2073,159,676,0,0,0,1050,0,0,2,-3618,4,6516
2026/5/2,0:00,6352,0,1518,4056,21,261,0,2028,162,679,0,0,0,1003,0,0,-11,-3368,3,6352
2026/5/2,0:30,6331,0,1438,4156,21,261,0,2032,161,679,0,0,0,1006,0,0,-2,-3424,3,6331
2026/5/2,1:00,6220,0,1414,4163,20,260,0,2027,161,677,0,0,0,1112,0,0,-1,-3616,3,6220
2026/5/2,1:30,6392,0,1580,4270,21,262,0,2021,160,674,0,0,0,1254,0,0,-2,-3852,4,6392
2026/5/2,2:00,6390,0,1412,4177,21,257,0,2009,160,671,0,0,0,1638,0,0,-1,-3958,4,6390
2026/5/2,2:30,6647,0,1598,4274,21,263,0,2008,160,670,0,0,0,1771,0,0,-2,-4120,4,6647
2026/5/2,3:00,6729,0,1830,4219,23,264,0,2009,161,671,0,0,0,1725,0,0,-1,-4176,4,6729
2026/5/2,3:30,6862,0,2030,4028,23,265,0,2013,160,670,0,0,0,1792,0,180,-3,-4300,4,6862
2026/5/2,4:00,6929,0,2132,4007,24,260,0,1974,160,671,0,0,0,1872,0,220,-18,-4376,3,6929
2026/5/2,4:30,6939,0,2266,3809,24,262,0,1978,160,667,0,11,0,1874,0,214,-39,-4290,3,6939
2026/5/2,5:00,7032,0,2346,3517,25,262,0,2009,157,664,0,136,0,1868,0,206,-16,-4146,4,7032
2026/5/2,5:30,6785,0,2570,3006,25,254,0,2001,159,662,0,409,0,1835,0,0,36,-4176,4,6785
2026/5/2,6:00,6712,0,2338,2799,25,257,0,1989,158,663,0,1013,0,1793,0,0,26,-4356,7,6712
2026/5/2,6:30,6578,0,1670,2473,25,226,0,1998,159,662,0,1859,0,1806,0,0,-3,-4314,17,6578
2026/5/2,7:00,6521,0,1214,1973,23,187,228,2012,159,661,0,2878,0,1467,368,0,-34,-4042,23,6521
2026/5/2,7:30,6774,0,1272,1624,23,182,228,2062,162,643,0,3785,0,1385,357,0,-39,-4348,23,6774
2026/5/2,8:00,6947,0,1512,1530,23,186,59,2101,163,572,0,4363,697,1291,531,-210,32,-4634,18,6947
2026/5/2,8:30,6996,0,1104,1424,23,185,31,2062,160,517,142,5001,761,1153,489,-224,25,-4450,16,6996
2026/5/2,9:00,7105,0,852,1379,23,186,31,2016,158,498,141,5456,1088,1127,469,-224,-4,-4376,14,7105
2026/5/2,9:30,7196,0,1144,1393,22,185,31,1992,158,486,140,5539,1349,837,910,-224,0,-4356,20,7196
2026/5/2,10:00,7149,0,1202,1454,22,186,28,1960,157,473,139,5732,1563,531,1201,-224,-1,-4370,27,7149
2026/5/2,10:30,7117,0,1414,1474,21,188,28,1939,156,466,179,5738,1840,458,1215,-432,-2,-4322,19,7117
2026/5/2,11:00,7075,0,1226,1465,22,186,28,1920,158,467,178,5837,1905,453,1228,-442,-2,-4230,15,7075
2026/5/2,11:30,7101,0,1294,1474,22,191,28,1908,157,466,178,5784,1931,420,1206,-440,-2,-4188,15,7101
2026/5/2,12:00,6958,0,1306,1478,22,191,28,1869,158,467,178,5707,1934,430,1204,-442,-1,-4242,15,6958
2026/5/2,12:30,6834,0,1308,1472,22,191,28,1869,157,470,178,5553,1867,423,1181,-442,-7,-4204,22,6834
2026/5/2,13:00,6881,0,1238,1476,22,191,28,1881,158,465,178,5634,1562,448,1142,-442,-28,-4182,20,6881
2026/5/2,13:30,6802,0,1102,1477,22,189,28,1917,160,473,179,5569,1383,470,1113,-440,16,-4172,19,6802
2026/5/2,14:00,6770,0,868,1538,20,187,31,2011,165,491,179,5289,1115,759,741,-436,1,-4142,19,6770
2026/5/2,14:30,6667,0,712,1568,20,190,31,2064,168,505,180,4806,938,972,430,-224,-23,-4106,15,6667
2026/5/2,15:00,6548,0,899,1763,21,187,49,2193,177,575,0,4052,784,1227,165,-222,-35,-4300,11,6548
2026/5/2,15:30,6789,0,1522,2353,21,236,0,2224,177,656,0,3122,629,1254,143,-222,7,-4578,17,6789
2026/5/2,16:00,6760,0,1634,2406,23,258,0,2226,180,703,0,2635,0,1333,0,0,-15,-4646,23,6760
2026/5/2,16:30,6703,0,1684,2897,23,264,0,2192,176,703,0,1703,0,1332,0,0,-22,-4260,11,6703
2026/5/2,17:00,6732,0,2018,3292,24,263,0,2125,171,678,0,946,0,1300,0,0,4,-4106,17,6732
2026/5/2,17:30,7031,0,2410,4030,24,270,0,2058,167,670,0,420,0,1165,0,0,1,-4206,22,7031
2026/5/2,18:00,7059,0,2394,4465,26,270,0,2056,163,661,0,109,0,1115,0,198,2,-4422,22,7059
2026/5/2,18:30,7204,0,2494,4579,26,266,0,2042,162,658,0,0,0,1080,0,196,31,-4346,16,7204
2026/5/2,19:00,7207,0,2336,4575,27,268,0,2047,163,661,0,0,0,957,0,0,34,-3876,15,7207
2026/5/2,19:30,7099,0,2320,4589,27,269,0,2036,163,661,0,0,0,823,0,0,-2,-3802,15,7099
2026/5/2,20:00,7039,0,2380,4584,27,269,0,2045,162,666,0,0,0,689,0,0,0,-3798,15,7039
2026/5/2,20:30,6892,0,2278,4588,27,274,0,2038,163,663,0,0,0,562,0,0,-3,-3712,14,6892
2026/5/2,21:00,6764,0,2062,4628,26,284,0,2013,163,664,0,0,0,512,0,1,-2,-3602,15,6764
2026/5/2,21:30,6614,0,2048,4636,24,269,0,2008,163,663,0,0,0,471,0,1,-37,-3648,16,6614
2026/5/2,22:00,6438,0,1982,4414,24,269,0,2013,163,661,0,0,0,442,0,1,-40,-3508,17,6438
2026/5/2,22:30,6309,0,1972,4465,23,268,0,1995,161,662,0,0,0,465,0,1,-5,-3712,14,6309
2026/5/2,23:00,6297,0,1828,4536,23,268,0,1997,163,666,0,0,0,515,0,1,-1,-3708,9,6297
2026/5/2,23:30,6132,0,1732,4503,22,264,0,1998,163,658,0,0,0,497,0,1,-6,-3704,4,6132
2026/5/3,0:00,6005,0,1878,4472,21,263,0,1983,163,660,0,0,0,484,0,1,-2,-3922,4,6005
2026/5/3,0:30,5884,0,1598,4549,21,263,0,1986,163,663,0,0,0,487,0,1,-15,-3836,4,5884
2026/5/3,1:00,5931,0,1604,4543,20,266,0,1982,163,665,0,0,0,455,0,1,-15,-3756,3,5931
2026/5/3,1:30,5938,0,1482,4556,20,266,0,1978,163,664,0,0,0,424,0,1,-16,-3604,4,5938
2026/5/3,2:00,6057,0,1510,4563,21,263,0,1985,163,664,0,0,0,420,0,1,-1,-3536,4,6057
2026/5/3,2:30,6242,0,1546,4581,22,267,0,1981,163,663,0,0,0,433,0,195,-1,-3612,4,6242
2026/5/3,3:00,6378,0,1442,4598,22,261,0,1981,163,662,0,0,0,427,0,217,-1,-3398,4,6378
2026/5/3,3:30,6452,0,1456,4589,23,260,0,1963,163,666,0,0,0,416,0,211,-1,-3298,4,6452
2026/5/3,4:00,6560,0,1460,4604,23,263,0,1945,163,663,0,0,0,411,0,209,-1,-3184,4,6560
2026/5/3,4:30,6597,0,1492,4589,24,267,0,1940,163,664,0,14,0,411,0,213,-1,-3182,3,6597
2026/5/3,5:00,6606,0,1460,4585,25,265,0,1938,162,659,0,124,0,387,0,1,-4,-3000,4,6606
2026/5/3,5:30,6559,0,1506,4448,23,255,0,1954,161,666,0,375,0,353,0,1,-1,-3186,4,6559
2026/5/3,6:00,6417,0,1504,4336,23,260,0,1958,166,673,0,655,0,348,0,1,2,-3516,7,6417
2026/5/3,6:30,6438,0,1652,4157,24,258,0,1937,165,670,0,968,0,353,0,1,36,-3798,15,6438
2026/5/3,7:00,6426,0,1526,4070,22,258,0,1924,166,671,0,1459,0,324,0,1,22,-4038,21,6426
2026/5/3,7:30,6396,0,1288,3709,22,255,0,1931,166,678,0,2183,0,300,0,1,-16,-4146,25,6396
2026/5/3,8:00,6443,0,1208,3166,22,256,0,1909,166,678,0,3032,0,280,0,1,-17,-4278,20,6443
2026/5/3,8:30,6493,0,1150,2540,21,252,0,1935,168,684,0,3933,0,273,0,1,-3,-4478,17,6493
2026/5/3,9:00,6496,0,1114,2037,22,257,0,1843,171,691,0,4696,0,288,0,1,-27,-4614,17,6496
2026/5/3,9:30,6504,0,1090,1828,20,255,0,1804,169,690,0,5338,0,295,0,-209,-32,-4764,20,6504
2026/5/3,10:00,6465,0,1012,1521,19,257,0,1776,167,685,0,5955,0,297,0,-429,-11,-4810,26,6465
2026/5/3,10:30,6510,0,1016,1352,19,257,0,1753,163,675,0,6368,117,299,0,-439,8,-4976,15,6510
2026/5/3,11:00,6520,0,1222,1363,20,256,0,1814,169,692,0,5609,533,327,0,-439,15,-4548,20,6520
2026/5/3,11:30,6562,0,1372,1389,21,258,0,1738,164,678,0,5638,514,337,0,-437,11,-4626,19,6562
2026/5/3,12:00,6520,0,1412,1464,22,252,0,1752,165,679,0,5176,163,311,0,-225,-44,-4462,18,6520
2026/5/3,12:30,6512,0,1692,1845,23,254,0,1824,169,697,0,4477,366,275,0,-219,-1,-4538,14,6512
2026/5/3,13:00,6404,0,1444,2255,23,256,0,1837,171,699,0,3953,0,257,0,1,-2,-4506,16,6404
2026/5/3,13:30,6447,0,1532,2714,23,254,0,1876,173,708,0,3551,0,246,0,1,2,-4650,17,6447
2026/5/3,14:00,6293,0,1584,3220,23,255,0,1837,170,697,0,2654,0,263,0,1,-3,-4422,14,6293
2026/5/3,14:30,6338,0,1488,3803,23,258,0,1842,168,700,0,2200,0,246,0,1,4,-4414,19,6338
2026/5/3,15:00,6331,0,1750,3976,23,251,0,1853,167,685,0,1660,0,220,0,1,-9,-4260,14,6331
2026/5/3,15:30,6339,0,1552,4460,23,257,0,1830,163,674,0,951,0,187,0,194,5,-3974,17,6339
2026/5/3,16:00,6532,0,1712,4633,24,256,0,1874,162,667,0,604,0,171,0,208,-3,-3794,18,6532
2026/5/3,16:30,6519,0,1588,4594,25,261,0,1875,161,667,0,370,0,142,0,214,0,-3394,16,6519
2026/5/3,17:00,6741,0,1940,4694,25,261,0,1920,160,662,0,243,0,183,0,1,-3,-3364,19,6741
2026/5/3,17:30,6936,0,2356,4684,27,262,0,1947,161,662,0,119,0,147,0,1,-2,-3444,16,6936
2026/5/3,18:00,7020,0,2514,4697,27,261,0,1969,160,664,0,23,0,109,0,178,-2,-3602,22,7020
2026/5/3,18:30,7117,0,2528,4711,26,262,0,1985,159,665,0,0,0,103,0,198,1,-3538,17,7117
2026/5/3,19:00,6989,0,2194,4670,26,260,0,1979,161,665,0,0,0,144,0,194,-2,-3320,18,6989
2026/5/3,19:30,6921,0,2102,4623,25,265,0,1983,161,659,0,0,0,156,0,196,0,-3262,13,6921
2026/5/3,20:00,6815,0,1858,4626,25,264,0,1989,162,659,0,0,0,155,0,194,0,-3134,17,6815
2026/5/3,20:30,6771,0,1838,4628,24,273,0,1985,162,657,0,0,0,146,0,204,2,-3160,12,6771
2026/5/3,21:00,6529,0,2100,4530,25,267,0,1953,161,661,0,0,0,133,0,1,1,-3318,15,6529
2026/5/3,21:30,6419,0,2060,4404,24,268,0,1948,160,659,0,0,0,168,0,1,1,-3284,10,6419
2026/5/3,22:00,6241,0,2050,4310,23,266,0,1963,160,660,0,0,0,211,0,1,4,-3426,19,6241
2026/5/3,22:30,6153,0,2162,4253,22,262,0,1965,160,661,0,0,0,236,0,1,36,-3618,13,6153
2026/5/3,23:00,6074,0,2196,4206,22,265,0,1965,160,658,0,0,0,229,0,1,29,-3664,7,6074
2026/5/3,23:30,5866,0,2030,4198,22,258,0,1951,158,660,0,0,0,240,0,1,-8,-3648,4,5866
2026/5/4,0:00,5829,0,1762,4186,21,260,0,1820,159,662,0,0,0,252,0,1,-3,-3294,3,5829
2026/5/4,0:30,5742,0,1748,4167,20,263,0,1806,159,668,0,0,0,265,0,1,-2,-3356,3,5742
2026/5/4,1:00,5736,0,1674,4181,20,255,0,1804,159,672,0,0,0,364,0,1,-2,-3396,4,5736
2026/5/4,1:30,5798,0,1736,4166,20,264,0,1803,158,667,0,0,0,425,0,1,-2,-3444,4,5798
2026/5/4,2:00,5909,0,1654,4191,20,265,0,1799,158,666,0,0,0,446,0,1,-1,-3294,4,5909
2026/5/4,2:30,6047,0,1712,4201,21,263,0,1801,159,667,0,0,0,510,0,1,-2,-3290,4,6047
2026/5/4,3:00,6197,0,1894,4218,23,265,0,1765,158,671,0,0,0,582,0,1,-2,-3382,4,6197
2026/5/4,3:30,6302,0,1852,4215,23,265,0,1752,158,674,0,0,0,626,0,142,-1,-3408,4,6302
2026/5/4,4:00,6347,0,1964,4214,23,257,0,1753,157,673,0,0,0,653,0,150,-1,-3500,4,6347
2026/5/4,4:30,6419,0,2004,4219,24,258,0,1742,158,671,0,13,0,712,0,146,-2,-3530,4,6419
2026/5/4,5:00,6387,0,1828,4210,24,260,0,1765,157,669,0,60,0,832,0,142,-2,-3562,4,6387
2026/5/4,5:30,6323,0,1738,4128,24,261,0,1766,158,671,0,138,0,953,0,1,-1,-3518,4,6323
2026/5/4,6:00,6206,0,1670,3840,24,256,0,1788,158,671,0,319,0,1021,0,1,-5,-3544,7,6206
2026/5/4,6:30,6281,0,2084,3514,23,264,0,1792,158,673,0,580,0,1066,0,1,-3,-3886,15,6281
2026/5/4,7:00,6278,0,1648,3535,23,259,0,1878,160,678,0,974,0,1158,0,1,-2,-4058,24,6278
2026/5/4,7:30,6353,0,1692,3138,23,259,0,1921,162,684,0,1433,0,1207,0,1,5,-4190,18,6353
2026/5/4,8:00,6527,0,1756,2844,24,261,0,1960,164,689,0,1436,139,1277,25,1,-9,-3892,16,6527
2026/5/4,8:30,6679,0,1888,2777,23,229,0,1950,165,682,0,1522,135,1307,27,1,11,-3894,18,6679
2026/5/4,9:00,6695,0,1390,2636,24,187,193,1946,165,654,0,1938,194,1467,18,-211,-6,-3514,19,6695
2026/5/4,9:30,6709,0,938,2073,24,181,193,1879,163,565,0,3048,234,1537,28,-223,-35,-3462,21,6709
2026/5/4,10:00,6800,0,982,1735,24,181,191,1797,157,489,143,4207,311,1538,43,-223,-20,-4090,23,6800
2026/5/4,10:30,6846,0,1294,1655,22,178,191,1781,156,475,183,4410,423,1474,110,-223,14,-4406,16,6846
2026/5/4,11:00,6760,0,1474,1664,22,184,191,1785,156,474,183,4061,557,1425,180,-221,-1,-4276,13,6760
2026/5/4,11:30,6851,0,1748,1690,22,182,191,1788,156,475,183,4101,628,1512,78,-430,-3,-4406,16,6851
2026/5/4,12:00,6698,0,1734,1913,21,185,191,1786,157,473,183,3959,719,1523,97,-438,8,-4638,15,6698
2026/5/4,12:30,6696,0,1754,2166,22,185,191,1821,157,481,183,3791,494,1529,65,-440,-4,-4774,8,6696
2026/5/4,13:00,6695,0,1480,2493,22,184,191,1904,164,499,183,3695,396,1592,41,-436,1,-4918,15,6695
2026/5/4,13:30,6576,0,1146,2564,21,181,191,1944,167,508,183,3624,363,1669,38,-436,-6,-4814,8,6576
2026/5/4,14:00,6601,0,1326,2713,22,186,193,1924,166,546,0,3141,298,1731,40,-222,-4,-4942,14,6601
2026/5/4,14:30,6589,0,1332,2778,23,232,0,1957,167,622,0,2685,250,1739,41,0,-4,-4962,20,6589
2026/5/4,15:00,6608,0,1568,2921,23,257,0,1988,170,655,0,2094,200,1766,42,0,-11,-4838,15,6608
2026/5/4,15:30,6484,0,1476,2720,24,256,0,1983,170,671,0,1728,164,1769,43,0,-37,-4300,24,6484
2026/5/4,16:00,6616,0,1804,3179,25,255,0,1935,166,673,0,1486,0,1787,0,0,-28,-4684,18,6616
2026/5/4,16:30,6822,0,2046,3769,25,256,0,1936,165,679,0,1034,0,1785,0,0,-3,-4886,16,6822
2026/5/4,17:00,6832,0,1988,4085,27,258,0,2052,165,678,0,593,0,1800,0,140,4,-4978,20,6832
2026/5/4,17:30,6934,0,2096,4183,27,255,0,2035,163,668,0,233,0,1811,0,140,-2,-4698,23,6934
2026/5/4,18:00,7226,0,2272,4232,28,263,0,2086,159,671,0,54,0,1840,0,192,-2,-4592,23,7226
2026/5/4,18:30,7225,0,1916,4167,27,263,0,2126,161,671,0,0,0,1850,0,200,1,-4174,17,7225
2026/5/4,19:00,7267,0,1968,4148,27,255,0,2125,162,672,0,0,0,1850,0,196,-1,-4152,17,7267
2026/5/4,19:30,7177,0,1864,4152,27,253,0,2115,162,671,0,0,0,1890,0,196,-2,-4164,13,7177
2026/5/4,20:00,7071,0,2032,4206,27,257,0,2121,162,670,0,0,0,1916,0,194,1,-4536,21,7071
2026/5/4,20:30,6950,0,1994,4177,26,256,0,2111,162,674,0,0,0,1930,0,198,2,-4594,14,6950
2026/5/4,21:00,6835,0,1872,4072,26,255,0,2107,162,674,0,0,0,1924,0,202,38,-4514,17,6835
2026/5/4,21:30,6636,0,1994,4154,26,258,0,2112,162,673,0,0,0,1927,0,0,22,-4700,8,6636
2026/5/4,22:00,6583,0,1756,4203,23,259,0,2111,162,672,0,0,0,1897,0,0,-2,-4514,16,6583
2026/5/4,22:30,6312,0,1662,3951,23,253,0,2115,162,673,0,0,0,1908,0,0,-12,-4436,13,6312
2026/5/4,23:00,6328,0,1632,3864,24,255,0,2124,162,671,0,0,0,1904,0,0,-2,-4314,8,6328
2026/5/4,23:30,6173,0,1460,3911,22,257,0,2101,162,673,0,0,0,1915,0,0,-6,-4326,4,6173
2026/5/5,0:00,5976,0,1362,3947,22,259,0,1996,161,676,0,0,0,1895,0,0,-2,-4344,4,5976
2026/5/5,0:30,5954,0,1298,4009,21,253,0,1989,162,674,0,0,0,1894,0,0,-1,-4348,3,5954
2026/5/5,1:00,5879,0,1202,4029,21,259,0,1988,162,673,0,0,0,1864,0,0,-2,-4320,3,5879
2026/5/5,1:30,6015,0,1364,4068,21,258,0,1985,162,674,0,0,0,1797,0,0,-1,-4316,3,6015
2026/5/5,2:00,6089,0,1460,4071,21,256,0,1987,162,675,0,0,0,1665,0,0,-2,-4210,4,6089
2026/5/5,2:30,6275,0,1728,4149,22,255,0,1985,162,673,0,0,0,1586,0,0,-1,-4288,4,6275
2026/5/5,3:00,6426,0,1830,4248,23,260,0,1988,163,675,0,0,0,1472,0,0,1,-4238,4,6426
2026/5/5,3:30,6466,0,1894,4316,23,259,0,1980,162,674,0,0,0,1298,0,0,0,-4144,4,6466
2026/5/5,4:00,6627,0,2018,4282,24,256,0,1995,163,671,0,0,0,1091,0,0,1,-3878,4,6627
2026/5/5,4:30,6569,0,1990,4211,24,258,0,1997,162,673,0,46,0,949,0,0,-1,-3744,4,6569
2026/5/5,5:00,6664,0,2178,4001,25,257,0,2042,163,674,0,272,0,795,0,0,-3,-3744,4,6664
2026/5/5,5:30,6410,0,1920,3760,25,260,0,2041,160,666,0,739,0,709,0,0,-2,-3872,4,6410
2026/5/5,6:00,6410,0,1902,3484,24,223,0,2019,161,638,0,1543,0,684,0,0,-4,-4270,6,6410
2026/5/5,6:30,6243,0,1546,2964,23,185,277,2042,163,564,0,2260,211,630,0,0,-1,-4148,15,6243
2026/5/5,7:00,6213,0,1328,2365,23,187,211,1931,159,509,140,2895,560,554,24,0,2,-3764,24,6213
2026/5/5,7:30,6495,0,1492,2236,22,180,215,1906,159,504,140,3327,765,577,26,0,-5,-3924,21,6495
2026/5/5,8:00,6441,0,1490,2161,22,186,62,1826,158,501,140,3411,1726,583,68,0,-3,-3910,16,6441
2026/5/5,8:30,6590,0,1378,2152,21,184,62,1810,158,501,139,3729,1955,660,51,-216,1,-3800,12,6590
2026/5/5,9:00,6585,0,878,2073,20,186,62,1795,158,498,139,3933,2306,736,42,-222,-4,-3484,18,6585
2026/5/5,9:30,6659,0,886,2100,20,181,62,1785,158,488,138,4080,2564,591,318,-224,-4,-3420,18,6659
2026/5/5,10:00,6644,0,896,2047,20,185,58,1820,159,474,137,4287,2694,337,547,-224,-7,-3366,16,6644
2026/5/5,10:30,6670,0,1004,2157,19,187,58,1826,158,468,177,4433,2688,317,623,-430,0,-3484,15,6670
2026/5/5,11:00,6627,0,1024,2112,19,183,58,1822,155,469,177,4358,2842,342,806,-442,-3,-3424,12,6627
2026/5/5,11:30,6628,0,1254,1997,20,183,58,1820,158,469,177,4357,2856,347,821,-438,-5,-3550,16,6628
2026/5/5,12:00,6610,0,976,1890,20,181,59,1824,158,468,177,4804,2411,338,770,-440,-42,-3588,21,6610
2026/5/5,12:30,6614,0,862,1721,20,185,59,1814,156,467,177,5024,2123,348,816,-438,-38,-3526,19,6614
2026/5/5,13:00,6528,0,840,1654,20,185,59,1818,157,470,177,4954,2042,353,846,-440,12,-3516,21,6528
2026/5/5,13:30,6538,0,868,1692,20,184,59,1807,157,470,178,4734,1965,344,847,-222,-14,-3522,20,6538
2026/5/5,14:00,6346,0,794,1896,19,183,60,1813,156,467,178,4732,1491,351,834,-220,-24,-3838,17,6346
2026/5/5,14:30,6607,0,884,2212,19,182,60,1905,162,490,180,4662,1101,869,363,-222,-6,-4572,22,6607
2026/5/5,15:00,6580,0,784,2098,20,187,136,1972,164,499,181,4239,785,1215,100,-222,22,-4416,18,6580
2026/5/5,15:30,6306,0,759,2196,21,180,94,2045,166,508,180,3445,628,799,447,-72,-14,-3752,25,6306
2026/5/5,16:00,6522,0,1058,2581,22,228,0,2096,163,537,0,2948,0,1127,0,0,-4,-4252,18,6522
2026/5/5,16:30,6493,0,1458,2757,22,251,0,2077,160,608,0,1919,0,1100,0,0,-4,-3874,19,6493
2026/5/5,17:00,6597,0,1766,3301,23,255,0,2102,160,647,0,957,0,961,0,0,4,-3602,23,6597
2026/5/5,17:30,6920,0,2284,3941,24,255,0,2118,161,653,0,333,0,827,0,0,6,-3702,20,6920
2026/5/5,18:00,7000,0,2208,4235,25,255,0,2103,160,653,0,75,0,759,0,0,38,-3538,27,7000
2026/5/5,18:30,7131,0,2194,4265,26,260,0,2108,160,653,0,0,0,752,0,0,34,-3338,17,7131
2026/5/5,19:00,7192,0,2088,4211,27,258,0,2045,161,652,0,0,0,730,0,0,-2,-2996,18,7192
2026/5/5,19:30,7126,0,2064,4209,26,258,0,2042,159,650,0,0,0,735,0,0,-2,-3036,21,7126
2026/5/5,20:00,7030,0,2104,4212,26,256,0,2047,161,653,0,0,0,690,0,0,-3,-3136,20,7030
2026/5/5,20:30,6909,0,2080,4201,26,260,0,2042,161,655,0,0,0,762,0,0,0,-3292,14,6909
2026/5/5,21:00,6806,0,2208,4107,25,255,0,2009,160,648,0,0,0,782,0,0,1,-3406,17,6806
2026/5/5,21:30,6603,0,2090,4083,24,258,0,2011,160,651,0,0,0,769,0,0,-1,-3450,8,6603
2026/5/5,22:00,6466,0,1982,4083,24,256,0,2001,160,652,0,0,0,744,0,0,0,-3450,14,6466
2026/5/5,22:30,6357,0,1834,4080,22,258,0,2003,161,652,0,0,0,728,0,0,-2,-3392,13,6357
2026/5/5,23:00,6151,0,1880,4089,23,255,0,1987,160,652,0,0,0,720,0,0,-2,-3620,7,6151
2026/5/5,23:30,6048,0,1810,4085,22,259,0,1986,159,651,0,0,0,683,0,0,-12,-3598,3,6048
2026/5/6,0:00,5918,0,1390,4055,21,256,0,1932,161,653,0,0,0,663,0,0,0,-3216,3,5918
2026/5/6,0:30,5935,0,1480,4117,20,257,0,1923,160,656,0,0,0,688,0,0,-1,-3368,3,5935
2026/5/6,1:00,5825,0,1310,4040,20,254,0,1915,160,659,0,0,0,659,0,0,-3,-3192,3,5825
2026/5/6,1:30,5951,0,1372,4065,21,260,0,1918,160,656,0,0,0,653,0,0,-23,-3134,3,5951
2026/5/6,2:00,6072,0,1394,4093,21,257,0,1918,160,658,0,0,0,679,0,0,0,-3112,4,6072
2026/5/6,2:30,6243,0,1590,4102,22,255,0,1909,160,657,0,0,0,707,0,0,1,-3164,4,6243
2026/5/6,3:00,6401,0,1686,4165,22,256,0,1864,159,660,0,0,0,717,0,0,-1,-3130,3,6401
2026/5/6,3:30,6510,0,1594,4225,23,259,0,1868,161,659,0,0,0,738,0,0,0,-3020,3,6510
2026/5/6,4:00,6604,0,1490,4153,24,256,0,1859,160,658,0,0,0,749,0,146,0,-2894,3,6604
2026/5/6,4:30,6682,0,1564,4079,25,257,0,1853,160,655,0,55,0,799,0,156,0,-2924,3,6682
2026/5/6,5:00,6601,0,1834,3845,25,259,0,1776,160,658,0,288,0,816,0,208,-2,-3270,4,6601
2026/5/6,5:30,6559,0,1980,3683,24,259,0,1750,160,650,0,810,0,807,0,198,-1,-3764,3,6559
2026/5/6,6:00,6456,0,2086,3341,23,257,0,1633,158,642,0,1721,0,830,0,0,-3,-4238,6,6456
2026/5/6,6:30,6359,0,1528,2901,22,229,0,1651,159,619,0,2775,0,812,0,0,-5,-4346,14,6359
2026/5/6,7:00,6409,0,1400,2508,21,188,238,1690,160,565,0,3426,444,803,0,0,3,-4380,25,6409
2026/5/6,7:30,6564,0,1236,2177,21,189,256,1680,161,521,129,4133,566,785,0,0,3,-4360,18,6564
2026/5/6,8:00,6719,0,1256,2102,21,188,91,1703,163,523,128,4468,1306,777,46,0,15,-4512,15,6719
2026/5/6,8:30,6875,0,1234,2013,20,184,76,1615,158,506,128,4861,1423,772,46,0,-3,-4498,13,6875
2026/5/6,9:00,7065,0,1514,1993,20,189,60,1595,155,496,127,4991,1737,717,39,-212,-2,-4406,15,7065
2026/5/6,9:30,7015,0,1406,2070,19,185,60,1588,155,488,126,4889,2249,714,58,-226,-12,-4280,19,7015
2026/5/6,10:00,6974,0,1014,2187,19,195,58,1589,155,476,124,4754,2644,351,490,-424,2,-3360,16,6974
2026/5/6,10:30,6988,0,862,2231,18,198,58,1587,153,468,163,4984,2568,328,480,-438,-2,-3416,15,6988
2026/5/6,11:00,6988,0,898,2333,19,201,58,1582,156,467,164,4850,2739,293,491,-438,-1,-3384,12,6988
2026/5/6,11:30,7052,0,952,2384,20,198,58,1588,156,469,164,4792,2717,284,525,-436,-5,-3366,16,7052
2026/5/6,12:00,7024,0,1094,2391,20,193,58,1585,156,468,164,4718,2652,263,482,-434,-41,-3410,21,7024
2026/5/6,12:30,6887,0,960,2335,20,190,58,1582,155,465,164,4744,2305,272,450,-436,-31,-3388,19,6887
2026/5/6,13:00,7013,0,1298,2362,20,195,58,1597,155,466,168,5269,1119,290,379,-218,2,-4444,21,7013
2026/5/6,13:30,7010,0,1401,2389,20,192,58,1687,160,486,168,4895,926,294,391,0,-3,-4532,21,7010
2026/5/6,14:00,6886,0,1542,2484,19,236,0,1789,166,554,0,4343,727,286,377,0,-6,-4544,17,6886
2026/5/6,14:30,6910,0,1316,2634,19,266,0,1825,170,634,0,3981,523,629,30,0,-4,-4582,22,6910
2026/5/6,15:00,6860,0,1440,2918,20,266,0,1872,171,672,0,3311,440,679,32,0,-3,-4504,18,6860
2026/5/6,15:30,6927,0,1688,3358,21,264,0,1906,171,682,0,2724,344,661,31,0,-3,-4570,25,6927
2026/5/6,16:00,6960,0,1804,3761,22,268,0,1900,166,669,0,2325,0,647,0,0,-6,-4614,18,6960
2026/5/6,16:30,6999,0,2008,4060,22,265,0,1893,165,671,0,1714,0,646,0,0,-1,-4462,18,6999
2026/5/6,17:00,7081,0,2138,4097,23,265,0,1999,162,663,0,978,0,641,0,0,-1,-3910,26,7081
2026/5/6,17:30,7111,0,2356,4346,24,266,0,2000,159,663,0,377,0,656,0,0,4,-3758,18,7111
2026/5/6,18:00,7281,0,2472,4379,24,267,0,2004,160,660,0,98,0,633,0,0,4,-3442,22,7281
2026/5/6,18:30,7499,0,2770,4467,25,267,0,2002,160,663,0,1,0,498,0,188,38,-3596,16,7499
2026/5/6,19:00,7463,0,2728,4477,26,265,0,1999,159,667,0,0,0,430,0,206,23,-3534,17,7463
2026/5/6,19:30,7313,0,2536,4486,26,264,0,1996,160,668,0,0,0,426,0,144,-3,-3410,20,7313
2026/5/6,20:00,7223,0,2390,4485,25,268,0,1991,159,668,0,0,0,381,0,142,-2,-3304,20,7223
2026/5/6,20:30,7059,0,2172,4487,25,262,0,1997,160,669,0,0,0,369,0,140,-2,-3234,14,7059
2026/5/6,21:00,6920,0,2024,4402,24,265,0,1992,158,666,0,0,0,342,0,2,-1,-2970,16,6920
2026/5/6,21:30,6803,0,1968,4318,23,264,0,1988,159,667,0,0,0,300,0,0,1,-2894,9,6803
2026/5/6,22:00,6507,0,1800,4211,22,260,0,1941,160,669,0,0,0,293,0,0,1,-2866,16,6507
2026/5/6,22:30,6524,0,2154,4198,22,260,0,1945,161,670,0,0,0,275,0,0,-3,-3170,12,6524
2026/5/6,23:00,6349,0,1998,4203,22,262,0,1939,160,669,0,0,0,305,0,0,-2,-3214,7,6349
2026/5/6,23:30,6156,0,1828,4188,21,266,0,1939,160,666,0,0,0,340,0,0,-3,-3252,3,6156
2026/5/7,0:00,6039,0,1728,4150,21,263,0,1982,160,667,0,0,0,359,0,0,-2,-3292,3,6039
2026/5/7,0:30,6021,0,1814,4208,19,265,0,1980,160,670,0,0,0,362,0,0,-2,-3458,3,6021
2026/5/7,1:00,6064,0,1916,4205,19,266,0,1977,160,682,0,0,0,346,0,0,-2,-3508,3,6064
2026/5/7,1:30,6061,0,1846,4214,20,266,0,1978,158,679,0,0,0,359,0,0,-2,-3460,3,6061
2026/5/7,2:00,6253,0,1808,4224,20,263,0,1978,160,676,0,0,0,354,0,0,-1,-3232,3,6253
2026/5/7,2:30,6358,0,1874,4219,21,267,0,1983,160,678,0,0,0,354,0,0,-1,-3200,3,6358
2026/5/7,3:00,6563,0,1730,4188,22,266,0,1979,161,678,0,0,0,397,0,192,-1,-3052,3,6563
2026/5/7,3:30,6578,0,1500,4211,23,266,0,1976,161,678,0,0,0,438,0,208,-2,-2884,3,6578
2026/5/7,4:00,6724,0,1476,4230,23,267,0,1979,160,678,0,0,0,463,0,206,-1,-2760,3,6724
2026/5/7,4:30,6800,0,1552,4161,24,268,0,1962,159,674,0,59,0,523,0,214,-1,-2798,3,6800
2026/5/7,5:00,6771,0,1676,4068,24,270,0,1981,160,677,0,287,0,514,0,218,-1,-3106,3,6771
2026/5/7,5:30,6760,0,1554,3878,25,263,0,1966,159,672,0,826,0,515,0,216,0,-3318,4,6760
2026/5/7,6:00,6714,0,2054,3353,23,270,0,1900,156,670,0,1715,0,495,0,202,-2,-4128,6,6714
2026/5/7,6:30,6755,0,2040,2772,22,269,0,1933,160,679,0,2771,0,443,0,0,-1,-4346,13,6755
2026/5/7,7:00,6792,0,1490,2253,21,267,0,1977,164,691,0,3857,0,439,0,0,-1,-4390,24,6792
2026/5/7,7:30,7083,0,1198,1946,21,269,0,2033,167,704,0,4857,0,477,0,0,-26,-4580,17,7083
2026/5/7,8:00,7541,0,1200,1704,22,235,0,2063,169,703,0,5713,0,533,0,0,6,-4822,15,7541
2026/5/7,8:30,8029,0,1440,1594,21,201,396,2050,168,687,0,6473,0,658,0,-210,-2,-5064,13,8029
2026/5/7,9:00,8287,0,1430,1581,22,196,396,2036,167,606,0,6921,0,758,0,-226,3,-5222,15,8287
2026/5/7,9:30,8428,0,1620,1525,21,195,396,1999,165,544,143,7344,0,765,0,-428,5,-5346,19,8428
2026/5/7,10:00,8422,0,1224,1562,21,196,393,1920,160,514,143,7700,0,786,0,-440,-4,-5232,15,8422
2026/5/7,10:30,8577,0,1220,1574,21,195,394,1908,159,501,183,7825,0,756,0,-436,-1,-5164,19,8577
2026/5/7,11:00,8534,0,1262,1561,22,198,393,1888,158,493,183,7833,0,791,0,-440,-2,-5242,12,8534
2026/5/7,11:30,8691,0,1280,1796,22,196,59,1881,155,478,183,7641,0,786,0,-434,-8,-5116,14,8691
2026/5/7,12:00,8346,0,1198,2311,22,197,59,1884,154,479,183,7223,148,771,0,-436,-42,-5426,11,8346
2026/5/7,12:30,8152,0,1324,2535,22,195,59,1936,159,490,183,6582,826,769,0,-436,-39,-5392,7,8152
2026/5/7,13:00,8514,0,1364,2815,22,238,0,2041,159,540,0,6230,897,759,0,-432,1,-5238,15,8514
2026/5/7,13:30,8582,0,1534,3007,23,264,0,2016,159,601,0,5599,862,813,1,-222,0,-5220,8,8582
2026/5/7,14:00,8607,0,1818,3151,22,266,0,1981,158,645,0,5049,831,802,10,0,3,-5300,12,8607
2026/5/7,14:30,8508,0,1966,3362,23,263,0,2046,162,674,0,4579,662,724,11,0,-6,-5294,9,8508
2026/5/7,15:00,8405,0,2180,3704,24,266,0,2159,168,697,0,3839,555,637,0,0,-2,-5282,15,8405
2026/5/7,15:30,8488,0,2578,3948,24,362,0,2167,168,700,0,3027,434,619,0,0,2,-5122,15,8488
2026/5/7,16:00,8516,0,2660,4050,25,359,0,2115,161,688,0,2493,0,541,0,0,-4,-4588,16,8516
2026/5/7,16:30,8236,0,2612,4198,25,364,0,2107,161,681,0,1622,0,533,0,0,3,-4078,8,8236
2026/5/7,17:00,8177,0,2434,4377,24,380,0,2175,162,692,0,875,0,535,0,194,-2,-3686,17,8177
2026/5/7,17:30,8061,0,2544,4495,25,395,0,2155,161,686,0,349,0,447,0,202,3,-3416,15,8061
2026/5/7,18:00,8156,0,2708,4561,25,403,0,2125,160,677,0,75,0,392,0,202,14,-3208,22,8156
2026/5/7,18:30,8268,0,2714,4699,27,399,0,2129,160,679,0,0,0,351,0,194,35,-3136,17,8268
2026/5/7,19:00,8225,0,2702,4706,27,400,0,2141,159,680,0,0,0,336,0,186,8,-3136,16,8225
2026/5/7,19:30,7964,0,2500,4653,27,401,0,2134,160,677,0,0,0,364,0,190,-3,-3150,11,7964
2026/5/7,20:00,7769,0,2196,4586,26,402,0,2133,161,667,0,0,0,353,0,200,-2,-2970,17,7769
2026/5/7,20:30,7718,0,2454,4545,25,387,0,2125,160,655,0,0,0,368,0,210,-1,-3224,14,7718
2026/5/7,21:00,7469,0,2278,4506,25,378,0,2063,161,654,0,0,0,374,0,194,-2,-3174,12,7469
2026/5/7,21:30,7310,0,2220,4508,24,377,0,2043,160,654,0,0,0,372,0,206,-1,-3260,7,7310
2026/5/7,22:00,7178,0,2206,4502,23,281,0,2038,158,656,0,0,0,335,0,210,0,-3246,15,7178
2026/5/7,22:30,6998,0,2260,4508,22,271,0,2043,161,654,0,0,0,281,0,0,-2,-3212,12,6998
2026/5/7,23:00,6946,0,2144,4466,22,274,0,2045,161,656,0,0,0,276,0,0,-2,-3102,6,6946
2026/5/7,23:30,6700,0,1742,4441,21,271,0,2034,161,654,0,0,0,254,0,0,-9,-2872,3,6700
2026/5/8,0:00,6584,0,1632,4429,21,271,0,2034,161,658,0,0,0,252,0,0,-2,-2874,2,6584
2026/5/8,0:30,6494,0,1492,4439,20,271,0,2042,160,658,0,0,0,251,0,0,-1,-2840,2,6494
2026/5/8,1:00,6470,0,1372,4401,20,272,0,2034,159,657,0,0,0,255,0,0,-2,-2700,2,6470
2026/5/8,1:30,6486,0,1380,4335,20,269,0,2038,161,657,0,0,0,250,0,0,-2,-2624,2,6486
2026/5/8,2:00,6597,0,1376,4326,20,273,0,2036,161,655,0,0,0,230,0,0,-1,-2482,3,6597
2026/5/8,2:30,6760,0,1514,4416,21,271,0,2031,161,656,0,0,0,206,0,0,-1,-2518,3,6760
2026/5/8,3:00,6871,0,1780,4424,22,274,0,2049,161,656,0,0,0,196,0,198,0,-2892,3,6871
2026/5/8,3:30,6962,0,1816,4372,22,293,0,2049,161,655,0,0,0,178,0,224,0,-2810,2,6962
2026/5/8,4:00,7068,0,2028,4272,24,292,0,2047,161,655,0,0,0,182,0,224,0,-2820,3,7068
2026/5/8,4:30,7096,0,2036,4251,24,295,0,2035,159,652,0,37,0,175,0,212,-2,-2780,2,7096
2026/5/8,5:00,7037,0,1804,4256,24,277,0,2042,161,656,0,267,0,156,0,198,-3,-2804,3,7037
2026/5/8,5:30,7039,0,1834,4255,24,282,0,2064,162,660,0,636,0,144,0,0,-1,-3024,3,7039
2026/5/8,6:00,6946,0,2202,4270,24,277,0,2015,160,652,0,1296,0,120,0,0,0,-4076,6,6946
2026/5/8,6:30,7078,0,1782,4132,24,282,0,2042,161,660,0,2259,0,97,0,0,-4,-4370,13,7078
2026/5/8,7:00,7182,0,1594,3639,24,280,0,2099,165,670,0,3182,0,96,0,0,-5,-4586,24,7182
2026/5/8,7:30,7484,0,1558,3277,24,322,0,2144,169,685,0,3869,0,93,0,0,3,-4676,16,7484
2026/5/8,8:00,7941,0,2302,2818,24,324,0,2145,168,688,0,4429,0,78,0,0,-4,-5046,15,7941
2026/5/8,8:30,8463,0,2550,2792,25,324,0,2173,172,697,0,4715,0,61,0,0,2,-5060,12,8463
2026/5/8,9:00,8727,0,2802,2711,26,323,0,2164,172,710,0,4550,0,49,0,0,3,-4800,17,8727
2026/5/8,9:30,8758,0,2946,2933,26,324,0,2187,174,722,0,3990,0,53,0,0,-1,-4614,18,8758
2026/5/8,10:00,8719,0,2974,3483,27,323,0,2216,175,733,0,3245,0,72,0,0,-4,-4540,15,8719
2026/5/8,10:30,8834,0,2830,3800,28,319,0,2194,175,731,0,3198,0,79,0,0,-3,-4532,15,8834
2026/5/8,11:00,8841,0,2472,3875,29,323,0,2195,175,732,0,3553,0,113,0,0,-1,-4636,11,8841
2026/5/8,11:30,8741,0,2334,3742,29,321,0,2231,174,734,0,3327,0,132,0,0,-1,-4296,14,8741
2026/5/8,12:00,8465,0,2814,3933,28,320,0,2268,177,745,0,2775,0,144,0,0,-33,-4720,14,8465
2026/5/8,12:30,8324,0,2786,3966,28,314,0,2294,179,748,0,2626,0,185,0,0,-38,-4772,8,8324
2026/5/8,13:00,8793,0,3186,3963,28,411,0,2276,174,735,0,2482,0,253,0,0,-19,-4710,14,8793
2026/5/8,13:30,8871,0,3062,4106,28,444,0,2249,171,727,0,2518,0,312,0,0,2,-4756,8,8871
2026/5/8,14:00,8913,0,3294,4217,27,451,0,2231,169,717,0,2000,0,437,0,0,0,-4642,12,8913
2026/5/8,14:30,8845,0,3634,4344,26,448,0,2203,165,707,0,1249,0,525,0,0,-3,-4468,15,8845
2026/5/8,15:00,8775,0,3646,4358,27,449,0,2202,164,698,0,918,0,625,0,0,-1,-4324,13,8775
2026/5/8,15:30,8848,0,3638,4572,27,449,0,2175,158,690,0,777,0,652,0,0,-4,-4300,14,8848
2026/5/8,16:00,8877,0,3912,4727,28,454,0,2134,158,680,0,512,0,656,0,0,-1,-4400,17,8877
2026/5/8,16:30,8782,0,3930,4706,27,445,0,2134,158,682,0,320,0,697,0,0,0,-4334,17,8782
2026/5/8,17:00,8613,0,3760,4717,28,450,0,2164,158,669,0,161,0,841,0,0,-4,-4348,17,8613
2026/5/8,17:30,8560,0,3624,4717,27,451,0,2184,159,668,0,103,0,914,0,0,0,-4302,15,8560
2026/5/8,18:00,8502,0,3858,4660,27,458,0,2185,159,670,0,44,0,872,0,0,1,-4450,18,8502
2026/5/8,18:30,8490,0,3834,4599,27,458,0,2201,160,672,0,0,0,881,0,0,28,-4386,16,8490
2026/5/8,19:00,8370,0,3740,4585,27,459,0,2146,157,673,0,0,0,1020,0,0,36,-4492,19,8370
2026/5/8,19:30,8135,0,3286,4537,27,455,0,2143,159,671,0,0,0,1221,0,0,-1,-4378,15,8135
2026/5/8,20:00,8006,0,3380,4477,26,450,0,2143,159,673,0,0,0,1310,0,0,-3,-4628,19,8006
2026/5/8,20:30,7803,0,2976,4489,26,430,0,2141,160,671,0,0,0,1335,0,0,-1,-4438,14,7803
2026/5/8,21:00,7627,0,2830,4458,25,420,0,2062,159,670,0,0,0,1487,0,0,-2,-4498,16,7627
2026/5/8,21:30,7388,0,2778,4311,24,411,0,2057,160,668,0,0,0,1551,0,0,-1,-4580,9,7388
2026/5/8,22:00,7268,0,2832,4153,23,277,0,2005,160,670,0,0,0,1510,0,0,0,-4376,14,7268
2026/5/8,22:30,7098,0,2798,4100,22,251,0,2016,160,671,0,0,0,1422,0,0,-1,-4354,13,7098
2026/5/8,23:00,7000,0,2628,4080,23,254,0,2013,159,672,0,0,0,1502,0,0,-2,-4336,7,7000
2026/5/8,23:30,6804,0,2304,4079,22,257,0,2000,160,672,0,0,0,1606,0,0,-1,-4298,3,6804
2026/5/9,0:00,6648,0,2058,4059,21,254,0,1954,160,657,0,0,0,1641,0,0,-2,-4156,2,6648
2026/5/9,0:30,6559,0,2080,4091,20,261,0,1954,160,652,0,0,0,1529,0,0,-14,-4176,2,6559
2026/5/9,1:00,6492,0,1972,4078,20,258,0,1954,161,649,0,0,0,1638,0,0,-16,-4224,2,6492
2026/5/9,1:30,6629,0,2032,4283,20,258,0,1957,160,653,0,0,0,1642,0,0,-15,-4364,3,6629
2026/5/9,2:00,6665,0,1966,4390,21,253,0,1956,161,650,0,0,0,1615,0,0,-14,-4336,3,6665
2026/5/9,2:30,6757,0,1884,4480,21,259,0,1956,161,651,0,0,0,1574,0,0,-2,-4230,3,6757
2026/5/9,3:00,6945,0,1902,4499,22,256,0,1962,162,660,0,0,0,1545,0,1,-1,-4066,3,6945
2026/5/9,3:30,6991,0,1990,4502,23,257,0,1960,161,671,0,0,0,1501,0,1,1,-4078,2,6991
2026/5/9,4:00,7062,0,1794,4500,23,259,0,1969,162,673,0,0,0,1476,0,1,0,-3798,3,7062
2026/5/9,4:30,7065,0,1804,4454,24,258,0,1958,158,673,0,55,0,1336,0,1,0,-3658,2,7065
2026/5/9,5:00,7009,0,1788,4237,24,256,0,1937,161,672,0,251,0,1353,0,1,-2,-3672,3,7009
2026/5/9,5:30,6958,0,1820,4015,24,256,0,1944,162,672,0,696,0,1363,0,1,0,-3998,3,6958
2026/5/9,6:00,6842,0,1878,3651,23,256,0,1814,159,663,0,1344,0,1457,0,1,-8,-4402,6,6842
2026/5/9,6:30,6873,0,1446,3299,23,226,0,1816,159,664,0,2318,0,1523,0,1,-10,-4604,12,6873
2026/5/9,7:00,6938,0,1284,2761,22,187,333,1834,162,673,0,3284,0,1477,11,1,-32,-4736,21,6938
2026/5/9,7:30,6951,0,1268,2412,24,181,296,1810,160,660,0,3691,0,1084,350,1,-10,-4350,20,6951
2026/5/9,8:00,7299,0,1510,2475,23,186,281,1776,158,632,0,3408,711,1048,586,1,25,-3958,15,7299
2026/5/9,8:30,7582,0,1508,2541,24,187,276,1759,157,561,0,3837,712,1075,571,1,16,-4100,16,7582
2026/5/9,9:00,7691,0,1634,2271,25,194,257,1750,157,509,131,4319,949,1091,582,1,-3,-4274,17,7691
2026/5/9,9:30,7708,0,1326,2036,25,192,200,1760,158,495,130,4619,1069,1142,634,1,-1,-4062,17,7708
2026/5/9,10:00,7682,0,1286,2143,24,193,187,1707,157,482,129,4655,1227,1105,645,1,-1,-4086,16,7682
2026/5/9,10:30,7779,0,1502,2341,22,192,177,1711,156,474,169,4413,1718,1106,672,1,-4,-4150,15,7779
2026/5/9,11:00,7739,0,1580,2554,23,191,170,1711,157,475,169,4486,1777,1111,674,-209,2,-4356,14,7739
2026/5/9,11:30,7724,0,1448,2571,24,194,158,1710,155,475,169,4638,1678,1129,641,-221,-6,-4408,15,7724
2026/5/9,12:00,7590,0,1164,2304,23,193,144,1708,157,476,169,4840,1525,1423,222,-221,-41,-4450,14,7590
2026/5/9,12:30,7489,0,1042,2207,22,193,138,1705,156,477,169,4904,1429,1392,194,-219,-39,-4364,13,7489
2026/5/9,13:00,7576,0,1088,2508,22,194,145,1701,157,474,169,4806,1383,1240,186,-221,-2,-4404,13,7576
2026/5/9,13:30,7454,0,1068,2664,21,196,156,1706,157,474,169,4589,1299,1232,175,-219,-3,-4438,7,7454
2026/5/9,14:00,7367,0,956,2537,20,192,191,1699,157,476,169,4691,948,1247,166,1,2,-4622,11,7367
2026/5/9,14:30,7488,0,1174,3008,21,195,280,1729,158,488,172,4380,829,1273,155,1,-2,-4946,9,7488
2026/5/9,15:00,7380,0,1114,3280,21,196,282,1808,164,552,0,3926,723,1271,152,1,-3,-4962,12,7380
2026/5/9,15:30,7235,0,1116,3424,22,197,282,1819,164,622,0,3268,591,1234,149,1,1,-4646,13,7235
2026/5/9,16:00,7411,0,1416,3296,23,239,0,1843,161,643,0,2804,0,1262,0,1,7,-4300,16,7411
2026/5/9,16:30,7245,0,1686,3377,24,266,0,1852,160,648,0,1871,0,1278,0,1,-8,-3918,8,7245
2026/5/9,17:00,7335,0,1982,3824,24,268,0,1980,160,658,0,972,0,1255,0,1,0,-3804,15,7335
2026/5/9,17:30,7504,0,2384,4047,24,272,0,2016,161,665,0,359,0,1231,0,0,-1,-3670,16,7504
2026/5/9,18:00,7573,0,2490,4452,25,271,0,2023,158,667,0,93,0,1134,0,0,27,-3786,19,7573
2026/5/9,18:30,7719,0,2364,4708,26,274,0,2030,161,670,0,0,0,1114,0,0,35,-3678,15,7719
2026/5/9,19:00,7739,0,2200,4720,26,275,0,2032,161,668,0,0,0,1088,0,0,-3,-3444,16,7739
2026/5/9,19:30,7618,0,2228,4704,26,272,0,2030,162,672,0,0,0,1007,0,0,-2,-3492,11,7618
2026/5/9,20:00,7532,0,2184,4619,26,275,0,2020,161,675,0,0,0,994,0,166,-1,-3602,15,7532
2026/5/9,20:30,7363,0,1960,4582,26,273,0,2019,162,671,0,0,0,944,0,178,-2,-3464,14,7363
2026/5/9,21:00,7195,0,1980,4518,24,278,0,1969,161,673,0,0,0,889,0,180,-1,-3488,12,7195
2026/5/9,21:30,7024,0,1908,4501,23,273,0,1951,162,674,0,0,0,856,0,176,-3,-3504,7,7024
2026/5/9,22:00,6958,0,1860,4406,22,277,0,1884,162,672,0,0,0,874,0,182,-2,-3394,15,6958
2026/5/9,22:30,6770,0,1712,4340,21,278,0,1884,161,673,0,0,0,871,0,176,-3,-3356,13,6770
2026/5/9,23:00,6708,0,1834,4295,22,280,0,1882,161,673,0,0,0,853,0,186,9,-3494,7,6708
2026/5/9,23:30,6498,0,1590,4164,21,274,0,1874,161,671,0,0,0,852,0,200,-12,-3300,3,6498
2026/5/10,0:00,6336,0,1698,4321,20,280,0,1831,161,672,0,0,0,773,0,0,-1,-3422,3,6336
2026/5/10,0:30,6331,0,1844,4501,20,275,0,1806,162,670,0,0,0,700,0,0,-2,-3648,3,6331
2026/5/10,1:00,6295,0,1894,4507,19,271,0,1813,160,672,0,0,0,627,0,0,-4,-3666,2,6295
2026/5/10,1:30,6246,0,1766,4502,19,267,0,1814,161,671,0,0,0,562,0,0,-41,-3478,3,6246
2026/5/10,2:00,6408,0,1676,4509,20,269,0,1812,160,668,0,0,0,534,0,0,-37,-3206,3,6408
2026/5/10,2:30,6564,0,1564,4502,20,267,0,1809,160,669,0,0,0,510,0,194,-1,-3134,4,6564
2026/5/10,3:00,6728,0,1708,4507,21,268,0,1811,159,667,0,0,0,525,0,220,-1,-3160,3,6728
2026/5/10,3:30,6811,0,1798,4508,22,270,0,1807,159,666,0,0,0,527,0,220,-1,-3168,3,6811
2026/5/10,4:00,6935,0,1930,4515,23,266,0,1812,159,677,0,0,0,551,0,214,-1,-3214,3,6935
2026/5/10,4:30,6948,0,1846,4513,23,268,0,1796,159,677,0,74,0,560,0,218,-1,-3188,3,6948
2026/5/10,5:00,6899,0,2204,4170,24,269,0,1818,160,681,0,309,0,583,0,208,2,-3532,3,6899
2026/5/10,5:30,6749,0,2458,3566,23,271,0,1803,158,671,0,884,0,585,0,0,38,-3712,4,6749
2026/5/10,6:00,6595,0,2310,2913,21,267,0,1744,156,638,0,1820,0,543,0,0,21,-3846,8,6595
2026/5/10,6:30,6384,0,1564,2422,20,235,0,1777,156,572,0,2908,0,553,0,0,-3,-3832,12,6384
2026/5/10,7:00,6415,0,1402,1892,20,198,265,1794,162,533,145,3998,0,395,183,0,4,-4006,23,6415
2026/5/10,7:30,6533,0,1554,1606,19,194,234,1704,155,504,145,4535,117,375,212,0,-14,-4116,17,6533
2026/5/10,8:00,6593,0,1409,1591,19,196,53,1685,155,503,144,4446,1246,367,285,0,-2,-3792,16,6593
2026/5/10,8:30,6670,0,1368,1477,19,195,37,1676,155,502,143,4826,1507,421,381,-208,-2,-3772,13,6670
2026/5/10,9:00,6763,0,1208,1485,19,190,37,1662,155,499,142,4951,2161,463,432,-222,-2,-3660,15,6763
2026/5/10,9:30,6819,0,1262,1541,18,196,37,1659,154,490,142,5142,2387,491,490,-432,-3,-3716,17,6819
2026/5/10,10:00,6820,0,1346,1578,18,192,35,1591,154,477,141,5101,2709,491,550,-440,-3,-3700,15,6820
2026/5/10,10:30,6861,0,1378,1594,18,193,35,1592,155,470,181,5154,2806,517,580,-438,0,-3786,14,6861
2026/5/10,11:00,6852,0,1390,1604,19,193,35,1596,151,466,181,5271,2766,570,605,-438,-2,-3980,12,6852
2026/5/10,11:30,6875,0,1390,1599,19,196,35,1588,154,466,181,5278,2760,575,617,-436,-1,-3968,15,6875
2026/5/10,12:00,6889,0,1412,1589,20,189,35,1589,153,464,181,5253,2719,546,597,-438,-1,-3900,13,6889
2026/5/10,12:30,6839,0,1404,1594,19,161,35,1592,155,460,181,5211,2607,548,588,-434,-3,-3876,8,6839
2026/5/10,13:00,6847,0,1352,1601,19,225,35,1593,155,471,181,5207,2353,516,580,-434,-2,-3870,14,6847
2026/5/10,13:30,6757,0,1282,1616,18,193,35,1595,155,471,181,4884,2302,898,168,-434,-3,-3926,8,6757
2026/5/10,14:00,6710,0,1102,1754,18,192,37,1600,153,473,182,4610,2003,956,171,-220,-40,-3900,12,6710
2026/5/10,14:30,6718,0,1142,1901,18,165,53,1565,151,472,183,4416,1432,958,143,-146,-35,-3904,15,6718
2026/5/10,15:00,6678,0,1258,2319,19,228,182,1747,163,486,186,4242,802,1055,88,-292,0,-4560,13,6678
2026/5/10,15:30,6659,0,1223,2707,20,198,192,1797,165,508,0,3497,641,1020,80,0,3,-4492,13,6659
2026/5/10,16:00,6692,0,1266,3122,20,248,0,1813,162,501,0,3004,0,1077,0,0,-1,-4538,18,6692
2026/5/10,16:30,6856,0,1920,3685,22,274,0,1786,159,531,0,1979,0,1023,0,0,8,-4544,13,6856
2026/5/10,17:00,6947,0,2232,4167,23,276,0,1903,158,545,0,1032,0,917,0,0,-19,-4306,19,6947
2026/5/10,17:30,7106,0,2402,4518,24,282,0,1945,158,550,0,375,0,868,0,168,-5,-4194,15,7106
2026/5/10,18:00,7204,0,1946,4661,23,278,0,1962,157,545,0,106,0,813,0,206,0,-3512,19,7204
2026/5/10,18:30,7432,0,2202,4710,24,275,0,1982,158,552,0,0,0,756,0,194,-2,-3436,17,7432
2026/5/10,19:00,7498,0,2018,4724,24,280,0,1983,156,552,0,0,0,741,0,188,-7,-3180,19,7498
2026/5/10,19:30,7320,0,1940,4715,25,274,0,1986,158,556,0,0,0,682,0,2,-5,-3028,15,7320
2026/5/10,20:00,7198,0,1712,4712,25,275,0,1986,159,563,0,0,0,676,0,0,-3,-2926,19,7198
2026/5/10,20:30,7119,0,1738,4620,24,275,0,1981,159,571,0,0,0,647,0,0,-5,-2904,13,7119
2026/5/10,21:00,6955,0,1910,4607,24,276,0,1980,159,568,0,0,0,598,0,0,-1,-3182,16,6955
2026/5/10,21:30,6856,0,2126,4584,23,274,0,1974,159,570,0,0,0,552,0,0,32,-3446,8,6856
2026/5/10,22:00,6704,0,2192,4536,22,278,0,1926,159,572,0,0,0,507,0,0,4,-3510,18,6704
2026/5/10,22:30,6500,0,2052,4522,21,275,0,1914,158,571,0,0,0,492,0,0,25,-3542,12,6500
2026/5/10,23:00,6494,0,1974,4473,22,279,0,1878,157,572,0,0,0,431,0,0,-3,-3296,7,6494
2026/5/10,23:30,6242,0,1768,4377,21,278,0,1884,159,572,0,0,0,382,0,0,1,-3202,2,6242
2026/5/11,0:00,6204,0,1742,4344,20,281,0,1882,160,576,0,0,0,359,0,0,-2,-3160,2,6204
2026/5/11,0:30,6123,0,1688,4333,19,278,0,1881,160,575,0,0,0,309,0,0,-2,-3120,2,6123
2026/5/11,1:00,6101,0,1322,4432,19,278,0,1877,160,575,0,0,0,308,0,198,-1,-3070,3,6101
2026/5/11,1:30,6252,0,1444,4474,19,281,0,1871,159,577,0,0,0,295,0,208,-2,-3076,2,6252
2026/5/11,2:00,6393,0,1470,4465,20,281,0,1874,160,573,0,0,0,279,0,222,0,-2954,3,6393
2026/5/11,2:30,6555,0,1518,4474,21,281,0,1877,159,573,0,0,0,284,0,220,-1,-2854,3,6555
2026/5/11,3:00,6745,0,1692,4477,21,281,0,1867,160,575,0,0,0,278,0,220,-1,-2828,3,6745
2026/5/11,3:30,6843,0,1778,4477,22,284,0,1873,160,574,0,0,0,279,0,216,-1,-2822,3,6843
2026/5/11,4:00,6936,0,1762,4466,23,285,0,1873,158,571,0,0,0,254,0,222,0,-2680,2,6936
2026/5/11,4:30,7026,0,1758,4443,24,281,0,1862,159,572,0,74,0,242,0,216,-1,-2606,2,7026
2026/5/11,5:00,7074,0,1908,4066,25,283,0,1888,161,578,0,330,0,256,0,206,-2,-2628,3,7074
2026/5/11,5:30,7037,0,1638,3894,24,284,0,1873,160,576,0,873,0,292,0,192,-4,-2768,3,7037
2026/5/11,6:00,6979,0,1684,3710,24,275,0,1822,158,569,0,1721,0,298,0,0,-1,-3288,7,6979
2026/5/11,6:30,7141,0,1636,3460,23,281,0,1798,159,573,0,2694,0,249,0,0,-5,-3740,13,7141
2026/5/11,7:00,7118,0,1434,3086,22,280,0,1815,161,581,0,3765,0,216,0,0,2,-4268,24,7118
2026/5/11,7:30,7438,0,1220,2810,21,285,0,1857,165,591,0,4768,0,177,0,-2,-17,-4454,17,7438
2026/5/11,8:00,7807,0,1424,2538,22,281,0,1887,166,590,0,5697,0,145,0,-210,4,-4754,17,7807
2026/5/11,8:30,8357,0,1310,2414,23,249,0,1864,164,583,0,6425,0,144,0,-222,-7,-4602,12,8357
2026/5/11,9:00,8550,0,1310,2463,23,203,427,1700,155,527,0,6763,216,146,0,-226,-3,-4526,15,8550
2026/5/11,9:30,8640,0,1570,2304,22,201,380,1690,143,476,0,7062,304,177,0,-430,-1,-4592,18,8640
2026/5/11,10:00,8671,0,1516,2287,22,197,372,1627,138,430,129,7344,190,226,0,-438,-3,-4690,15,8671
2026/5/11,10:30,8770,0,1466,2265,21,201,344,1616,138,422,169,7395,250,269,0,-438,0,-4600,15,8770
2026/5/11,11:00,8800,0,1488,2230,22,198,328,1609,138,419,169,7459,217,266,0,-438,-5,-4600,14,8800
2026/5/11,11:30,8751,0,1574,2151,22,205,312,1616,138,422,169,7413,211,293,0,-436,-6,-4660,19,8751
2026/5/11,12:00,8399,0,1440,2188,22,198,262,1617,138,424,169,7133,367,350,0,-436,-42,-4644,11,8399
2026/5/11,12:30,8366,0,1538,2185,21,206,189,1617,135,424,169,6909,299,406,1,-436,-36,-4610,7,8366
2026/5/11,13:00,8681,0,1822,2224,22,251,0,1620,138,449,0,6794,108,416,1,-434,-3,-4632,14,8681
2026/5/11,13:30,8952,0,1832,2249,22,285,0,1654,139,505,0,6584,18,456,0,-146,0,-4636,8,8952
2026/5/11,14:00,8777,0,1828,2346,21,284,0,1741,144,561,0,6074,0,460,0,-74,-2,-4618,12,8777
2026/5/11,14:30,8791,0,1988,2589,22,292,0,1823,149,587,0,5431,0,449,0,0,-3,-4544,8,8791
2026/5/11,15:00,8670,0,2232,2836,23,292,0,1889,147,585,0,4588,0,440,0,0,-1,-4374,13,8670
2026/5/11,15:30,8740,0,2588,3302,23,306,0,1892,147,578,0,3726,0,446,0,0,2,-4284,14,8740
2026/5/11,16:00,8698,0,3140,3817,24,344,0,1957,142,568,0,2716,0,455,0,0,-18,-4464,17,8698
2026/5/11,16:30,8631,0,2864,4339,25,354,0,1980,139,567,0,1756,0,404,0,0,1,-3806,8,8631
2026/5/11,17:00,8481,0,3148,4584,26,439,0,2047,142,560,0,931,0,274,0,196,1,-3884,17,8481
2026/5/11,17:30,8355,0,3086,4635,25,470,0,2080,143,563,0,379,0,306,0,214,-1,-3564,19,8355
2026/5/11,18:00,8418,0,3166,4692,26,468,0,2061,142,559,0,108,0,274,0,198,-3,-3294,21,8418
2026/5/11,18:30,8492,0,3010,4726,26,470,0,2075,142,562,0,1,0,342,0,206,5,-3092,19,8492
2026/5/11,19:00,8352,0,3208,4727,26,469,0,2063,142,568,0,0,0,320,0,198,38,-3426,19,8352
2026/5/11,19:30,8261,0,3240,4733,25,472,0,2073,141,569,0,0,0,335,0,204,35,-3578,12,8261
2026/5/11,20:00,8067,0,3044,4721,25,470,0,2061,140,570,0,0,0,365,0,196,-2,-3540,17,8067
2026/5/11,20:30,7917,0,2966,4656,24,468,0,2064,142,569,0,0,0,334,0,214,2,-3536,14,7917
2026/5/11,21:00,7671,0,2824,4617,24,470,0,2046,142,567,0,0,0,340,0,206,0,-3578,13,7671
2026/5/11,21:30,7545,0,2756,4549,23,475,0,2014,142,571,0,0,0,383,0,194,-3,-3566,7,7545
2026/5/11,22:00,7362,0,2852,4521,22,332,0,1924,142,570,0,0,0,373,0,202,0,-3590,14,7362
2026/5/11,22:30,7204,0,2666,4516,21,313,0,1924,142,571,0,0,0,344,0,192,-3,-3494,12,7204
2026/5/11,23:00,7185,0,2562,4529,22,313,0,1904,142,574,0,0,0,320,0,0,-2,-3186,7,7185
2026/5/11,23:30,6907,0,1942,4457,21,318,0,1923,140,575,0,0,0,362,0,0,9,-2842,2,6907
2026/5/12,0:00,6816,0,2052,4436,21,289,0,1830,143,574,0,0,0,337,0,0,-2,-2866,2,6816
2026/5/12,0:30,6717,0,2194,4469,20,284,0,1824,142,570,0,0,0,346,0,0,-15,-3120,3,6717
2026/5/12,1:00,6715,0,2368,4510,20,283,0,1831,143,574,0,0,0,344,0,0,-40,-3320,2,6715
2026/5/12,1:30,6716,0,2370,4530,19,282,0,1824,142,574,0,0,0,344,0,0,-26,-3346,3,6716
2026/5/12,2:00,6847,0,2246,4529,19,285,0,1817,142,570,0,0,0,359,0,0,-1,-3122,3,6847
2026/5/12,2:30,7052,0,2518,4521,21,283,0,1825,143,572,0,0,0,339,0,0,-2,-3172,4,7052
2026/5/12,3:00,7175,0,2648,4514,21,303,0,1824,140,575,0,0,0,291,0,192,-1,-3334,2,7175
2026/5/12,3:30,7248,0,2658,4517,22,308,0,1828,142,576,0,0,0,282,0,224,-1,-3310,2,7248
2026/5/12,4:00,7411,0,2894,4526,23,315,0,1822,143,573,0,0,0,275,0,220,-1,-3382,3,7411
2026/5/12,4:30,7321,0,2652,4520,24,312,0,1825,143,574,0,87,0,309,0,222,-1,-3348,2,7321
2026/5/12,5:00,7380,0,2426,4526,24,312,0,1853,144,580,0,342,0,281,0,218,2,-3330,2,7380
2026/5/12,5:30,7275,0,2478,4184,24,293,0,1840,143,577,0,825,0,256,0,212,36,-3596,3,7275
2026/5/12,6:00,7253,0,2502,3746,23,289,0,1810,142,571,0,1606,0,222,0,2,25,-3690,5,7253
2026/5/12,6:30,7278,0,2238,3369,22,285,0,1814,140,570,0,2503,0,186,0,0,-2,-3864,17,7278
2026/5/12,7:00,7360,0,2056,2765,21,284,0,1826,146,575,0,3390,0,151,0,0,-2,-3876,24,7360
2026/5/12,7:30,7681,0,2026,2427,21,277,0,1867,148,571,0,4136,0,113,0,0,-4,-3918,17,7681
2026/5/12,8:00,8117,0,1830,2287,22,271,0,1865,149,539,0,4949,0,83,0,0,-2,-3892,16,8117
2026/5/12,8:30,8482,0,1532,2078,23,261,389,1902,151,529,102,5322,429,96,0,-210,1,-3216,13,8482
2026/5/12,9:00,8715,0,1348,2067,21,268,359,1826,147,516,106,5829,477,97,0,-222,-3,-3194,15,8715
2026/5/12,9:30,8876,0,1254,1897,22,264,300,1784,145,497,105,6282,515,111,0,-224,0,-3174,18,8876
2026/5/12,10:00,8925,0,1308,1917,21,263,282,1672,141,472,105,6503,542,146,0,-430,-3,-3100,15,8925
2026/5/12,10:30,9036,0,1624,2052,22,261,285,1600,139,449,145,6367,618,171,0,-440,-16,-3208,15,9036
2026/5/12,11:00,9025,0,1680,2077,22,264,290,1592,138,449,145,6329,644,193,0,-438,-15,-3280,14,9025
2026/5/12,11:30,9047,0,1640,2079,23,269,291,1593,138,451,145,6377,600,205,0,-438,-13,-3296,19,9047
2026/5/12,12:00,8649,0,1270,2012,22,281,280,1576,136,446,142,6361,590,206,0,-438,-42,-3192,11,8649
2026/5/12,12:30,8558,0,1270,1947,22,270,316,1594,137,452,142,6226,533,211,0,-436,-40,-3102,7,8558
2026/5/12,13:00,8986,0,1302,2192,22,272,359,1642,140,459,142,6057,500,226,0,-222,-5,-3114,15,8986
2026/5/12,13:30,9042,0,1460,2219,23,277,388,1699,142,501,0,5764,459,246,0,-220,-1,-3076,8,9042
2026/5/12,14:00,9035,0,1742,2102,23,278,0,1773,146,553,0,5333,421,261,0,0,-18,-3170,12,9035
2026/5/12,14:30,8984,0,2082,2204,23,288,0,1808,147,581,0,4710,372,243,0,0,2,-3112,8,8984
2026/5/12,15:00,8895,0,2074,2411,23,286,0,1902,146,585,0,4326,0,252,0,0,-3,-3120,13,8895
2026/5/12,15:30,8962,0,2598,2789,25,294,0,1935,145,585,0,3440,0,256,0,0,-1,-3118,14,8962
2026/5/12,16:00,8997,0,3046,3124,25,381,0,1956,142,572,0,2505,0,237,0,0,-4,-3004,17,8997
2026/5/12,16:30,8752,0,2986,3484,25,400,0,1958,138,573,0,1674,0,201,0,0,3,-2698,8,8752
2026/5/12,17:00,8617,0,3106,3864,25,406,0,2001,140,576,0,894,0,169,0,182,0,-2764,18,8617
2026/5/12,17:30,8486,0,3040,4131,25,409,0,2043,143,585,0,368,0,123,0,218,1,-2618,18,8486
2026/5/12,18:00,8529,0,3094,4314,26,401,0,2030,142,580,0,109,0,101,0,414,1,-2704,21,8529
2026/5/12,18:30,8645,0,3026,4542,26,405,0,2043,142,582,0,1,0,106,0,392,3,-2640,17,8645
2026/5/12,19:00,8481,0,2678,4723,27,400,0,2036,142,584,0,0,0,83,0,204,36,-2448,16,8481
2026/5/12,19:30,8355,0,2658,4734,26,403,0,2040,141,585,0,0,0,76,0,192,-25,-2490,15,8355
2026/5/12,20:00,8131,0,3072,4739,26,405,0,2023,142,580,0,0,0,72,0,2,-23,-2924,17,8131
2026/5/12,20:30,8002,0,2928,4713,25,403,0,2016,142,582,0,0,0,90,0,0,-2,-2908,13,8002
2026/5/12,21:00,7735,0,2628,4628,24,405,0,1996,141,580,0,0,0,109,0,0,-2,-2788,14,7735
2026/5/12,21:30,7569,0,2582,4596,23,407,0,1983,142,579,0,0,0,126,0,0,-1,-2876,8,7569
2026/5/12,22:00,7502,0,2618,4532,23,312,0,1918,142,579,0,0,0,125,0,0,-1,-2760,14,7502
2026/5/12,22:30,7328,0,2438,4515,22,307,0,1906,141,580,0,0,0,110,0,0,-2,-2702,13,7328
2026/5/12,23:00,7239,0,2322,4476,22,306,0,1905,142,579,0,0,0,98,0,0,-5,-2614,8,7239
2026/5/12,23:30,7078,0,2162,4478,21,303,0,1891,142,580,0,0,0,94,0,0,-12,-2584,3,7078
2026/5/13,0:00,6868,0,2118,4480,20,278,0,1886,142,578,0,0,0,95,0,0,0,-2732,3,6868
2026/5/13,0:30,6858,0,2062,4526,20,271,0,1890,142,580,0,0,0,87,0,0,-2,-2720,2,6858
2026/5/13,1:00,6719,0,2060,4512,20,272,0,1887,140,580,0,0,0,90,0,0,-1,-2844,3,6719
2026/5/13,1:30,6812,0,2168,4518,19,271,0,1884,142,584,0,0,0,78,0,0,-3,-2852,3,6812
2026/5/13,2:00,6895,0,2226,4533,20,275,0,1881,143,594,0,0,0,59,0,0,0,-2838,2,6895
2026/5/13,2:30,7048,0,2466,4508,21,275,0,1887,142,593,0,0,0,52,0,0,0,-2900,4,7048
2026/5/13,3:00,7108,0,2402,4521,22,295,0,1890,143,595,0,0,0,51,0,0,1,-2814,2,7108
2026/5/13,3:30,7285,0,2532,4519,22,297,0,1891,143,594,0,0,0,52,0,186,-2,-2952,3,7285
2026/5/13,4:00,7367,0,2768,4510,23,304,0,1895,141,592,0,0,0,51,0,224,0,-3144,3,7367
2026/5/13,4:30,7338,0,2640,4528,24,306,0,1892,142,592,0,80,0,56,0,206,-2,-3128,2,7338
2026/5/13,5:00,7365,0,2448,4511,24,286,0,1897,144,596,0,329,0,57,0,210,-2,-3138,3,7365
2026/5/13,5:30,7111,0,2114,4294,24,277,0,1885,142,589,0,878,0,62,0,0,-1,-3156,3,7111
2026/5/13,6:00,7164,0,1882,3849,23,280,0,1809,139,579,0,1749,0,59,0,0,-3,-3208,6,7164
2026/5/13,6:30,7154,0,1398,3415,22,279,0,1829,142,585,0,2784,0,49,0,0,-4,-3362,17,7154
2026/5/13,7:00,7307,0,1226,2826,21,285,0,1852,145,592,0,3786,0,43,0,0,1,-3494,24,7307
2026/5/13,7:30,7553,0,1170,2419,21,280,0,1902,146,602,0,4791,0,48,0,-210,-9,-3624,17,7553
2026/5/13,8:00,7983,0,1318,2131,21,281,0,1910,150,592,0,5642,0,58,0,-430,8,-3714,16,7983
2026/5/13,8:30,8468,0,1598,1892,22,235,0,1912,151,541,0,5985,312,67,0,-440,-2,-3506,13,8468
2026/5/13,9:00,8730,0,1576,1968,22,196,414,1820,148,493,95,6399,342,97,0,-440,-2,-3562,15,8730
2026/5/13,9:30,8797,0,1598,1763,22,197,406,1766,145,485,95,6568,360,109,0,-438,36,-3472,18,8797
2026/5/13,10:00,8878,0,1640,1768,22,195,403,1641,142,474,95,6603,372,129,0,-438,26,-3340,16,8878
2026/5/13,10:30,8943,0,1594,2071,22,196,404,1616,140,468,95,6520,382,165,0,-436,-5,-3422,14,8943
2026/5/13,11:00,9045,0,1578,2243,22,253,0,1587,137,493,0,6251,380,197,0,-436,-1,-3290,11,9045
2026/5/13,11:30,8977,0,1786,2134,23,282,0,1592,140,549,0,6030,372,234,0,-436,-1,-3370,14,8977
2026/5/13,12:00,8702,0,1946,2173,22,286,0,1580,134,568,0,5337,361,285,0,-434,-2,-3204,11,8702
2026/5/13,12:30,8575,0,2022,2476,22,273,0,1615,129,581,0,4445,330,319,0,-220,-3,-3090,6,8575
2026/5/13,13:00,9032,0,2252,3022,22,270,0,1674,133,593,0,4218,0,282,0,0,-2,-3446,14,9032
2026/5/13,13:30,9005,0,2194,3196,23,278,0,1748,136,604,0,3972,0,281,0,0,-6,-3428,7,9005
2026/5/13,14:00,9037,0,2192,3157,23,306,0,1725,132,597,0,3672,0,306,0,0,3,-3088,12,9037
2026/5/13,14:30,9045,0,2488,3243,23,307,0,1781,136,604,0,3245,0,268,0,0,-20,-3038,8,9045
2026/5/13,15:00,8828,0,2484,3476,24,398,0,1881,136,600,0,2926,0,266,0,0,-40,-3336,13,8828
2026/5/13,15:30,8968,0,2594,3718,24,432,0,1931,135,604,0,2476,0,259,0,198,-13,-3404,14,8968
2026/5/13,16:00,8942,0,2974,3830,25,461,0,2025,134,598,0,1876,0,276,0,222,1,-3496,16,8942
2026/5/13,16:30,8808,0,3140,3936,24,469,0,2027,133,604,0,1391,0,289,0,224,-1,-3436,8,8808
2026/5/13,17:00,8567,0,3178,4028,25,472,0,2114,132,600,0,836,0,290,0,208,-1,-3332,17,8567
2026/5/13,17:30,8532,0,3318,4207,26,474,0,2168,131,605,0,408,0,299,0,198,-1,-3316,15,8532
2026/5/13,18:00,8469,0,3452,4367,25,471,0,2143,135,601,0,137,0,277,0,406,15,-3582,22,8469
2026/5/13,18:30,8708,0,3676,4534,26,472,0,2153,143,598,0,2,0,209,0,428,-2,-3548,17,8708
2026/5/13,19:00,8555,0,3392,4686,27,464,0,2130,143,606,0,0,0,158,0,426,1,-3496,18,8555
2026/5/13,19:30,8328,0,3302,4622,27,465,0,2129,143,618,0,0,0,116,0,214,15,-3336,13,8328
2026/5/13,20:00,8201,0,3124,4492,26,467,0,2118,143,617,0,0,0,134,0,200,-2,-3132,14,8201
2026/5/13,20:30,7950,0,2888,4344,25,468,0,2095,143,607,0,0,0,145,0,212,-1,-2990,14,7950
2026/5/13,21:00,7742,0,2840,4289,24,467,0,2060,142,607,0,0,0,163,0,204,-1,-3066,13,7742
2026/5/13,21:30,7700,0,2986,4236,23,469,0,2062,143,607,0,0,0,164,0,204,-2,-3200,8,7700
2026/5/13,22:00,7514,0,2960,4275,22,334,0,1992,143,606,0,0,0,162,0,218,0,-3214,16,7514
2026/5/13,22:30,7240,0,2730,4300,22,318,0,1983,143,619,0,0,0,167,0,0,-1,-3054,13,7240
2026/5/13,23:00,7179,0,2674,4337,22,319,0,1912,143,632,0,0,0,162,0,0,8,-3036,6,7179
2026/5/13,23:30,6937,0,2436,4306,21,319,0,1903,144,640,0,0,0,159,0,0,-10,-2984,3,6937
2026/5/14,0:00,6775,0,2218,4215,20,293,0,1886,144,647,0,0,0,183,0,0,-2,-2832,3,6775
2026/5/14,0:30,6806,0,2428,4211,20,286,0,1887,144,657,0,0,0,209,0,0,-1,-3038,3,6806
2026/5/14,1:00,6637,0,2382,4287,19,283,0,1886,144,666,0,0,0,221,0,0,-1,-3252,2,6637
2026/5/14,1:30,6720,0,2482,4308,19,285,0,1880,144,677,0,0,0,172,0,0,-2,-3248,3,6720
2026/5/14,2:00,6809,0,2738,4301,20,285,0,1886,141,678,0,0,0,204,0,0,-40,-3406,2,6809
2026/5/14,2:30,7032,0,2700,4311,20,289,0,1879,143,678,0,0,0,295,0,192,-9,-3470,4,7032
2026/5/14,3:00,7171,0,2764,4302,21,307,0,1880,144,678,0,0,0,254,0,222,26,-3430,3,7171
2026/5/14,3:30,7238,0,2804,4305,22,314,0,1884,144,678,0,0,0,203,0,214,14,-3346,2,7238
2026/5/14,4:00,7336,0,2828,4306,23,312,0,1879,144,677,0,0,0,186,0,206,24,-3252,3,7336
2026/5/14,4:30,7397,0,2838,4286,24,316,0,1881,143,676,0,85,0,205,0,206,-1,-3264,2,7397
2026/5/14,5:00,7418,0,2862,4170,25,293,0,1851,144,680,0,319,0,204,0,0,-3,-3130,3,7418
2026/5/14,5:30,7252,0,2438,4044,24,284,0,1827,144,682,0,750,0,207,0,0,-3,-3148,3,7252
2026/5/14,6:00,7148,0,2138,3849,23,288,0,1721,140,663,0,1438,0,191,0,0,-4,-3304,5,7148
2026/5/14,6:30,7348,0,2044,3549,22,285,0,1730,139,664,0,2221,0,186,0,0,-3,-3506,17,7348
2026/5/14,7:00,7425,0,2018,3233,22,279,0,1698,142,666,0,2865,0,169,0,0,-1,-3690,24,7425
2026/5/14,7:30,7715,0,1882,3043,21,243,0,1729,144,673,0,3483,0,160,0,0,-4,-3676,17,7715
2026/5/14,8:00,8069,0,2052,2842,23,198,411,1733,144,666,0,3955,0,151,0,0,-1,-3710,16,8069
2026/5/14,8:30,8587,0,2036,2824,23,195,440,1752,145,643,0,4420,0,149,0,0,-1,-3612,13,8587
2026/5/14,9:00,8773,0,1804,2779,24,192,452,1772,148,619,0,4760,0,155,0,0,1,-3496,15,8773
2026/5/14,9:30,8799,26,1686,2738,24,192,449,1780,150,567,0,5148,0,162,0,-212,-2,-3478,18,8799
2026/5/14,10:00,8773,20,1702,2715,23,192,433,1670,145,509,108,5495,0,154,0,-428,-1,-3438,15,8773
2026/5/14,10:30,8939,42,1704,2722,23,197,439,1655,146,502,148,5698,0,140,0,-440,-3,-3462,15,8939
2026/5/14,11:00,8916,66,1656,2726,24,193,442,1639,145,500,148,5810,0,143,0,-440,-1,-3556,11,8916
2026/5/14,11:30,8989,84,1828,2704,24,196,434,1644,145,501,148,5690,0,153,0,-438,0,-3556,14,8989
2026/5/14,12:00,8541,98,1716,2707,23,195,411,1670,144,503,148,5434,0,152,0,-440,-40,-3632,11,8541
2026/5/14,12:30,8460,106,1508,2771,22,200,405,1735,145,505,148,5298,0,151,0,-436,-40,-3512,7,8460
2026/5/14,13:00,8867,112,1460,2862,23,202,446,1792,144,504,148,5196,0,150,0,-220,-3,-3370,15,8867
2026/5/14,13:30,8978,110,1538,2938,23,205,458,1772,145,541,0,4891,0,162,0,0,-3,-3354,10,8978
2026/5/14,14:00,8981,110,1780,3181,23,204,460,1814,144,616,0,4246,0,174,0,0,13,-3336,12,8981
2026/5/14,14:30,8926,114,2106,3333,24,251,0,1895,147,655,0,3460,0,181,0,142,-6,-3384,8,8926
2026/5/14,15:00,8773,108,2248,3157,24,318,0,2034,147,663,0,2786,0,163,0,168,-26,-3030,13,8773
2026/5/14,15:30,8839,112,2488,3460,25,324,0,2036,145,657,0,2137,0,154,0,172,1,-2886,14,8839
2026/5/14,16:00,8771,110,2558,3782,25,420,0,2079,143,661,0,1522,0,138,0,154,-3,-2836,18,8771
2026/5/14,16:30,8788,102,3012,3865,25,432,0,2062,142,656,0,1055,0,126,0,162,2,-2862,9,8788
2026/5/14,17:00,8597,82,3230,3942,26,452,0,2116,141,656,0,605,0,121,0,202,0,-2994,18,8597
2026/5/14,17:30,8592,56,3338,4095,26,461,0,2140,142,658,0,285,0,121,0,212,5,-2962,15,8592
2026/5/14,18:00,8567,36,3360,4231,27,450,0,2134,142,655,0,87,0,123,0,214,37,-2948,19,8567
2026/5/14,18:30,8636,0,3388,4409,27,455,0,2141,141,659,0,0,0,111,0,214,31,-2956,16,8636
2026/5/14,19:00,8541,0,3334,4533,28,451,0,2148,143,657,0,0,0,110,0,214,-1,-3092,16,8541
2026/5/14,19:30,8430,0,3250,4535,27,458,0,2148,143,654,0,0,0,107,0,194,-3,-3094,11,8430
2026/5/14,20:00,8280,0,3364,4528,26,463,0,2135,143,654,0,0,0,105,0,206,0,-3360,16,8280
2026/5/14,20:30,8089,0,3242,4445,26,456,0,2106,142,652,0,0,0,76,0,202,-2,-3270,14,8089
2026/5/14,21:00,7887,0,3032,4425,24,463,0,2053,143,653,0,0,0,71,0,194,-2,-3182,13,7887
2026/5/14,21:30,7631,0,2726,4419,24,459,0,2046,141,653,0,0,0,97,0,198,-2,-3138,8,7631
2026/5/14,22:00,7494,0,2744,4359,23,323,0,1988,143,656,0,0,0,83,0,196,-1,-3034,14,7494
2026/5/14,22:30,7292,0,2632,4316,22,298,0,1974,144,661,0,0,0,67,0,194,-3,-3026,13,7292
2026/5/14,23:00,7187,20,2318,4320,22,301,0,1983,143,666,0,0,0,81,0,194,-2,-2866,7,7187
2026/5/14,23:30,6923,32,2110,4301,21,300,0,1957,143,670,0,0,0,69,0,0,-2,-2680,2,6923
2026/5/15,0:00,6771,54,2286,4266,21,281,0,1868,141,668,0,0,0,57,0,0,-13,-2860,2,6771
2026/5/15,0:30,6697,76,2270,4267,20,272,0,1837,144,664,0,0,0,63,0,0,0,-2918,2,6697
2026/5/15,1:00,6667,88,2258,4273,19,275,0,1847,143,654,0,0,0,62,0,0,-3,-2952,3,6667
2026/5/15,1:30,6702,104,2284,4272,19,278,0,1838,144,653,0,0,0,60,0,0,-1,-2952,3,6702
2026/5/15,2:00,6785,112,2268,4278,20,270,0,1833,144,653,0,0,0,65,0,0,0,-2860,2,6785
2026/5/15,2:30,6971,112,2376,4283,20,277,0,1841,144,654,0,0,0,72,0,0,-2,-2810,4,6971
2026/5/15,3:00,7134,106,2362,4268,21,274,0,1846,144,651,0,0,0,76,0,0,1,-2618,3,7134
2026/5/15,3:30,7151,118,2282,4283,22,277,0,1840,142,651,0,0,0,87,0,0,-1,-2552,2,7151
2026/5/15,4:00,7327,116,2182,4276,23,276,0,1849,144,656,0,1,0,103,0,0,0,-2302,3,7327
2026/5/15,4:30,7365,126,2136,4266,24,279,0,1839,143,652,0,64,0,116,0,0,2,-2284,2,7365
2026/5/15,5:00,7388,140,2518,4149,25,279,0,1825,144,654,0,247,0,120,0,0,0,-2716,3,7388
2026/5/15,5:30,7355,146,2482,3993,24,281,0,1846,144,650,0,583,0,118,0,0,-1,-2914,3,7355
2026/5/15,6:00,7289,160,2324,3861,24,281,0,1849,144,646,0,1060,0,109,0,0,2,-3176,5,7289
2026/5/15,6:30,7405,172,1830,3806,24,244,0,1869,146,628,0,1694,0,112,0,0,-1,-3136,17,7405
2026/5/15,7:00,7466,170,1622,3807,23,199,377,1874,148,586,0,2423,0,149,0,-216,-3,-3340,24,7466
2026/5/15,7:30,7646,174,1586,3451,24,197,428,1901,148,555,89,3151,0,176,0,-224,2,-3512,17,7646
2026/5/15,8:00,8091,174,1868,3266,25,200,375,1882,152,553,88,3945,0,166,0,-430,0,-3726,16,8091
2026/5/15,8:30,8452,174,1574,3036,25,195,386,1876,151,549,88,4930,0,151,0,-442,-2,-3778,13,8452
2026/5/15,9:00,8696,172,1430,2461,25,199,365,1780,151,547,88,5975,0,147,0,-440,-5,-3762,16,8696
2026/5/15,9:30,8804,166,1390,2131,23,196,320,1740,149,543,88,6373,450,139,0,-440,-2,-3622,18,8804
2026/5/15,10:00,8774,174,1320,2037,21,199,279,1656,145,532,88,6656,779,135,0,-440,-2,-3674,15,8774
2026/5/15,10:30,8879,166,1250,1922,22,197,270,1581,140,513,88,7057,842,125,0,-442,-8,-3658,14,8879
2026/5/15,11:00,8946,170,1226,1857,21,197,263,1535,137,508,88,7258,875,138,0,-438,-2,-3676,15,8946
2026/5/15,11:30,8881,166,1278,1963,22,196,249,1530,139,507,87,6978,1216,152,0,-438,-8,-3620,16,8881
2026/5/15,12:00,8552,166,1408,1902,22,200,204,1577,138,514,88,6387,1727,203,0,-438,-44,-3496,13,8552
2026/5/15,12:30,8491,168,1424,1843,21,197,203,1631,141,520,88,6187,1704,256,0,-436,-40,-3432,11,8491
2026/5/15,13:00,8845,172,1182,1835,22,199,303,1701,145,530,88,6504,1098,274,0,-220,-1,-3510,12,8845
2026/5/15,13:30,8906,216,1230,1897,23,195,367,1760,148,577,0,6348,899,277,0,-222,-3,-3550,10,8906
2026/5/15,14:00,8926,254,1246,1977,22,198,405,1833,152,642,0,6119,593,294,0,-220,-2,-3602,13,8926
2026/5/15,14:30,8823,268,1404,2082,23,199,438,1879,155,678,0,5705,299,273,0,-220,-2,-3636,15,8823
2026/5/15,15:00,8775,322,1344,2268,23,248,0,1973,168,697,0,4889,257,231,0,0,0,-3402,14,8775
2026/5/15,15:30,8746,372,1742,2609,24,275,0,1936,167,689,0,4130,0,184,0,0,-1,-3400,19,8746
2026/5/15,16:00,8719,374,2102,3143,24,275,0,1979,164,672,0,3082,0,182,0,196,0,-3492,18,8719
2026/5/15,16:30,8628,378,2286,3814,24,372,0,1927,160,664,0,2009,0,195,0,220,1,-3438,16,8628
2026/5/15,17:00,8432,380,2294,4207,24,388,0,2033,161,662,0,1078,0,218,0,222,2,-3256,19,8432
2026/5/15,17:30,8317,380,2472,4481,25,412,0,2056,161,669,0,433,0,239,0,218,3,-3254,22,8317
2026/5/15,18:00,8284,382,2436,4552,25,415,0,2022,158,661,0,152,0,266,0,216,1,-3022,20,8284
2026/5/15,18:30,8377,374,2592,4553,26,427,0,2034,161,665,0,3,0,248,0,214,5,-2942,17,8377
2026/5/15,19:00,8263,376,2484,4542,27,460,0,2025,158,662,0,0,0,231,0,214,36,-2968,16,8263
2026/5/15,19:30,8210,372,2556,4495,26,466,0,2027,159,662,0,0,0,224,0,210,23,-3026,16,8210
2026/5/15,20:00,7974,372,2632,4494,26,447,0,2008,161,662,0,0,0,205,0,206,-3,-3256,20,7974
2026/5/15,20:30,7697,370,2280,4480,25,441,0,2009,160,662,0,0,0,201,0,206,-3,-3148,14,7697
2026/5/15,21:00,7584,364,2270,4435,25,440,0,1962,160,662,0,0,0,175,0,202,-3,-3124,16,7584
2026/5/15,21:30,7448,364,2256,4409,23,437,0,1927,161,661,0,0,0,164,0,198,-1,-3158,7,7448
2026/5/15,22:00,7358,362,2332,4400,22,296,0,1909,160,661,0,0,0,158,0,206,1,-3164,15,7358
2026/5/15,22:30,7218,360,2326,4396,21,273,0,1870,159,659,0,0,0,138,0,182,-2,-3180,16,7218
2026/5/15,23:00,7172,352,2448,4371,22,274,0,1782,162,659,0,0,0,141,0,194,-2,-3240,9,7172
2026/5/15,23:30,6915,352,2220,4336,21,271,0,1741,160,661,0,0,0,144,0,188,-4,-3180,5,6915
2026/5/16,0:00,6718,356,2016,4237,20,274,0,1590,161,660,0,0,0,135,0,0,-1,-2732,2,6718
2026/5/16,0:30,6657,350,1990,4261,20,272,0,1579,163,663,0,0,0,125,0,0,-1,-2768,3,6657
2026/5/16,1:00,6598,318,2042,4335,19,269,0,1553,161,661,0,0,0,116,0,0,-1,-2878,3,6598
2026/5/16,1:30,6571,218,1898,4392,19,274,0,1559,161,664,0,0,0,110,0,0,-1,-2726,3,6571
2026/5/16,2:00,6650,170,1952,4397,19,271,0,1555,161,664,0,0,0,120,0,0,0,-2662,3,6650
2026/5/16,2:30,6892,120,2310,4531,20,273,0,1549,163,661,0,0,0,134,0,0,-1,-2872,4,6892
2026/5/16,3:00,6972,98,2566,4615,21,269,0,1553,160,660,0,0,0,153,0,0,0,-3126,3,6972
2026/5/16,3:30,7064,96,2640,4623,23,273,0,1554,161,661,0,0,0,152,0,0,-2,-3120,3,7064
2026/5/16,4:00,7109,40,2802,4608,23,271,0,1563,162,665,0,0,0,143,0,0,0,-3172,4,7109
2026/5/16,4:30,7122,6,2800,4615,23,273,0,1556,160,659,0,87,0,145,0,0,-1,-3204,3,7122
2026/5/16,5:00,7101,0,2624,4563,24,273,0,1539,160,665,0,322,0,131,0,0,-1,-3202,3,7101
2026/5/16,5:30,6972,0,2396,4302,23,276,0,1515,161,659,0,768,0,124,0,0,-1,-3254,3,6972
2026/5/16,6:00,6784,0,2118,3915,22,270,0,1471,158,649,0,1428,0,107,0,0,2,-3362,6,6784
2026/5/16,6:30,6850,0,1570,3787,21,238,0,1486,159,623,0,2247,0,80,0,0,-2,-3372,13,6850
2026/5/16,7:00,6789,0,1250,3401,20,193,290,1496,162,558,0,3171,0,59,0,0,0,-3544,23,6789
2026/5/16,7:30,6897,0,1100,2969,20,195,304,1497,160,514,121,3978,0,59,0,0,0,-3612,17,6897
2026/5/16,8:00,7089,0,1134,2707,20,198,213,1558,163,521,120,4350,774,68,9,0,-7,-3640,17,7089
2026/5/16,8:30,7278,0,1060,2238,19,194,183,1558,166,522,120,5132,812,82,8,0,0,-3710,17,7278
2026/5/16,9:00,7478,0,1314,2125,19,195,156,1484,157,501,120,5369,1396,85,7,-214,-3,-3572,18,7478
2026/5/16,9:30,7582,0,1430,2049,19,186,123,1427,154,477,120,5560,1590,99,12,-222,-3,-3612,18,7582
2026/5/16,10:00,7627,0,1366,1904,19,185,86,1430,157,465,119,5745,1674,112,12,-224,2,-3558,24,7627
2026/5/16,10:30,7677,0,1468,1811,19,188,79,1432,153,459,159,5793,1770,115,13,-222,-2,-3552,15,7677
2026/5/16,11:00,7674,0,1406,1905,19,190,66,1432,153,461,159,5776,1826,117,14,-222,0,-3578,15,7674
2026/5/16,11:30,7733,0,1482,1911,20,187,72,1432,153,461,160,5790,1834,117,15,-220,-4,-3612,16,7733
2026/5/16,12:00,7625,0,1314,1908,20,190,65,1432,155,463,159,5879,1741,145,16,-222,-44,-3630,15,7625
2026/5/16,12:30,7502,0,1106,1903,20,188,63,1430,153,464,160,5886,1614,170,18,-222,-35,-3574,13,7502
2026/5/16,13:00,7591,0,1218,1925,20,187,99,1440,154,461,159,5755,1536,195,20,-222,-5,-3552,15,7591
2026/5/16,13:30,7644,0,1178,2122,20,190,145,1483,159,473,160,5519,1427,231,21,-220,-4,-3524,17,7644
2026/5/16,14:00,7582,0,966,2142,19,191,187,1616,163,501,159,5513,1014,273,25,-220,-3,-3592,13,7582
2026/5/16,14:30,7512,0,1090,2402,20,193,233,1661,167,509,160,4961,902,293,30,-220,0,-3574,10,7512
2026/5/16,15:00,7433,0,1204,2582,20,193,278,1704,166,560,0,4245,769,333,33,-2,-3,-3582,13,7433
2026/5/16,15:30,7445,0,1550,2931,21,223,0,1696,167,626,0,3428,626,348,32,0,-4,-3554,13,7445
2026/5/16,16:00,7450,0,1796,3332,22,228,0,1659,159,649,0,2949,0,354,0,0,-5,-3710,17,7450
2026/5/16,16:30,7466,0,2020,4019,22,246,0,1655,158,656,0,1986,0,347,0,0,3,-3654,8,7466
2026/5/16,17:00,7458,0,2222,4321,23,266,0,1802,159,659,0,1076,0,319,0,194,-1,-3598,16,7458
2026/5/16,17:30,7479,0,2438,4557,24,346,0,1837,160,667,0,433,0,330,0,194,-2,-3520,15,7479
2026/5/16,18:00,7552,0,2734,4591,24,351,0,1833,159,651,0,154,0,359,0,184,-4,-3504,20,7552
2026/5/16,18:30,7656,0,3044,4639,25,271,0,1841,158,651,0,5,0,325,0,198,37,-3554,16,7656
2026/5/16,19:00,7634,0,2970,4688,26,348,0,1835,159,650,0,0,0,265,0,194,29,-3546,16,7634
2026/5/16,19:30,7461,0,2876,4700,26,346,0,1838,162,649,0,0,0,226,0,190,-4,-3560,12,7461
2026/5/16,20:00,7352,0,2866,4704,25,276,0,1795,160,648,0,0,0,195,0,190,-3,-3520,16,7352
2026/5/16,20:30,7172,0,2702,4708,25,267,0,1777,161,648,0,0,0,196,0,198,-1,-3524,15,7172
2026/5/16,21:00,7013,0,2818,4710,23,272,0,1644,159,645,0,0,0,197,0,0,-2,-3466,13,7013
2026/5/16,21:30,6818,0,2680,4705,23,268,0,1632,161,646,0,0,0,188,0,0,-1,-3494,10,6818
2026/5/16,22:00,6731,0,2572,4712,22,269,0,1596,159,642,0,0,0,183,0,0,-1,-3442,19,6731
2026/5/16,22:30,6592,0,2524,4672,22,268,0,1596,162,643,0,0,0,163,0,0,-4,-3466,12,6592
2026/5/16,23:00,6544,0,2446,4663,21,269,0,1605,160,642,0,0,0,149,0,0,-12,-3406,7,6544
2026/5/16,23:30,6337,0,2224,4659,21,265,0,1589,160,645,0,0,0,142,0,0,-13,-3358,3,6337
2026/5/17,0:00,6184,0,1872,4658,20,269,0,1527,162,646,0,0,0,156,0,0,-11,-3118,3,6184
2026/5/17,0:30,6145,0,1846,4664,20,269,0,1536,160,648,0,0,0,171,0,0,-2,-3170,3,6145
2026/5/17,1:00,6119,0,1906,4663,19,271,0,1520,161,648,0,0,0,209,0,0,-2,-3278,2,6119
2026/5/17,1:30,6115,0,1882,4662,19,271,0,1520,161,648,0,0,0,246,0,0,-1,-3296,3,6115
2026/5/17,2:00,6215,0,1932,4660,19,269,0,1513,162,644,0,0,0,316,0,0,-1,-3302,3,6215
2026/5/17,2:30,6395,0,2122,4664,20,273,0,1513,159,642,0,0,0,328,0,0,-1,-3328,3,6395
2026/5/17,3:00,6495,0,2270,4691,21,268,0,1506,162,643,0,0,0,326,0,0,1,-3396,3,6495
2026/5/17,3:30,6645,0,2234,4707,22,269,0,1501,160,643,0,0,0,353,0,188,-1,-3434,3,6645
2026/5/17,4:00,6718,0,2354,4710,23,268,0,1506,162,646,0,0,0,310,0,208,-1,-3470,2,6718
2026/5/17,4:30,6661,0,2162,4710,23,271,0,1487,160,642,0,107,0,345,0,196,-1,-3444,3,6661
2026/5/17,5:00,6666,0,1974,4497,24,268,0,1509,161,645,0,368,0,325,0,204,-2,-3310,3,6666
2026/5/17,5:30,6482,0,1976,4025,23,272,0,1509,161,636,0,948,0,282,0,0,-3,-3350,3,6482
2026/5/17,6:00,6316,0,1730,3474,21,271,0,1426,159,604,0,1845,0,316,0,0,2,-3538,6,6316
2026/5/17,6:30,6257,0,1256,2867,21,233,0,1454,162,557,0,2896,0,349,0,0,-4,-3548,14,6257
2026/5/17,7:00,6350,0,1090,2406,20,196,177,1505,163,526,110,3658,263,378,0,-210,1,-3406,23,6350
2026/5/17,7:30,6448,0,1074,2178,19,195,152,1459,158,508,110,4273,329,304,0,-224,-3,-3510,17,6448
2026/5/17,8:00,6587,0,1174,2248,19,197,151,1517,153,516,109,4367,1298,223,27,-222,-4,-3616,15,6587
2026/5/17,8:30,6744,0,1224,2071,19,196,125,1448,148,503,109,4823,1347,179,25,-224,0,-3656,13,6744
2026/5/17,9:00,6929,0,1334,1884,19,199,120,1402,147,491,109,5078,1737,150,13,-222,-2,-3566,15,6929
2026/5/17,9:30,6970,0,1138,1978,18,197,108,1405,145,475,109,5272,1899,136,14,-223,-3,-3586,18,6970
2026/5/17,10:00,7047,0,1086,2065,18,199,93,1406,147,467,109,5317,2103,122,12,-223,-3,-3570,16,7047
2026/5/17,10:30,7112,0,1114,2059,18,196,91,1413,145,460,149,5424,2142,125,14,-223,-2,-3632,15,7112
2026/5/17,11:00,7149,0,1230,1904,18,200,94,1404,143,457,149,5542,2095,123,15,-223,-1,-3660,12,7149
2026/5/17,11:30,7234,0,1318,1901,20,196,97,1402,146,453,149,5543,2088,124,16,-223,-1,-3660,15,7234
2026/5/17,12:00,7199,0,1108,2058,19,196,102,1416,144,457,149,5566,1973,117,18,-221,-3,-3670,12,7199
2026/5/17,12:30,7180,0,1142,2073,19,198,106,1405,146,457,149,5509,1877,113,17,-223,-6,-3660,7,7180
2026/5/17,13:00,7088,0,1016,1912,19,197,108,1423,143,453,149,5702,1352,111,15,-221,-37,-3644,14,7088
2026/5/17,13:30,7178,0,1026,1947,19,199,107,1439,143,454,149,5613,1191,114,15,-221,27,-3590,8,7178
2026/5/17,14:00,7103,0,976,1983,18,195,125,1540,150,474,149,5284,1036,136,14,-1,-38,-3626,12,7103
2026/5/17,14:30,7105,0,974,2178,19,197,171,1651,155,502,149,4865,898,146,14,-1,-38,-3558,15,7105
2026/5/17,15:00,7097,0,1288,2333,20,198,178,1715,158,552,0,4212,767,143,13,-1,0,-3536,15,7097
2026/5/17,15:30,7045,0,1584,2636,20,245,0,1690,157,617,0,3409,622,130,12,-1,-3,-3454,15,7045
2026/5/17,16:00,7141,0,1580,3039,21,272,0,1674,151,651,0,2973,0,141,0,-1,-3,-3378,21,7141
2026/5/17,16:30,7174,0,1942,3494,22,276,0,1655,148,650,0,2003,0,131,0,-1,40,-3200,14,7174
2026/5/17,17:00,7245,0,2312,3973,22,277,0,1770,148,655,0,1088,0,116,0,-1,-52,-3082,19,7245
2026/5/17,17:30,7410,0,2684,4141,24,289,0,1815,152,658,0,439,0,101,0,193,7,-3112,19,7410
2026/5/17,18:00,7482,0,2776,4378,24,380,0,1781,149,651,0,159,0,93,0,209,39,-3178,21,7482
2026/5/17,18:30,7517,0,2846,4516,25,382,0,1793,149,654,0,6,0,78,0,211,37,-3196,16,7517
2026/5/17,19:00,7627,0,2808,4603,26,384,0,1784,150,656,0,0,0,72,0,201,-1,-3072,16,7627
2026/5/17,19:30,7352,0,2596,4541,26,381,0,1781,149,653,0,0,0,79,0,-1,0,-2868,15,7352
2026/5/17,20:00,7294,0,2564,4503,25,370,0,1724,149,654,0,0,0,79,0,-1,-2,-2792,21,7294
2026/5/17,20:30,7101,0,2500,4472,24,370,0,1717,151,651,0,0,0,69,0,-1,-2,-2864,14,7101
2026/5/17,21:00,6977,0,2430,4424,23,279,0,1598,149,653,0,0,0,57,0,-1,1,-2656,20,6977
2026/5/17,21:30,6798,0,2262,4405,23,273,0,1581,150,653,0,0,0,64,0,-1,0,-2630,18,6798
2026/5/17,22:00,6635,0,2138,4401,22,276,0,1571,149,652,0,0,0,81,0,-1,-4,-2664,14,6635
2026/5/17,22:30,6592,0,2320,4394,21,278,0,1555,147,652,0,0,0,90,0,-1,-2,-2874,12,6592
2026/5/17,23:00,6483,0,2156,4395,21,276,0,1551,149,648,0,0,0,111,0,-1,-1,-2828,6,6483
2026/5/17,23:30,6324,0,1884,4402,21,276,0,1556,150,648,0,0,0,136,0,-1,-2,-2750,4,6324
2026/5/18,0:00,6160,0,1884,4361,20,274,0,1560,147,650,0,0,0,140,0,-1,-3,-2874,2,6160
2026/5/18,0:30,6136,0,1882,4346,19,283,0,1563,149,653,0,0,0,128,0,-1,-2,-2886,2,6136
2026/5/18,1:00,6120,0,1792,4334,19,287,0,1561,150,650,0,0,0,143,0,-1,-5,-2812,2,6120
2026/5/18,1:30,6159,0,1762,4336,19,288,0,1561,146,650,0,0,0,148,0,-1,-2,-2750,2,6159
2026/5/18,2:00,6317,0,2012,4355,19,283,0,1558,149,651,0,0,0,152,0,-1,0,-2864,3,6317
2026/5/18,2:30,6376,0,1968,4350,20,284,0,1554,149,650,0,0,0,152,0,-1,-2,-2750,2,6376
2026/5/18,3:00,6528,0,2024,4352,21,281,0,1546,147,651,0,0,0,138,0,-1,0,-2634,3,6528
2026/5/18,3:30,6731,0,2192,4360,22,286,0,1551,150,650,0,0,0,145,0,-1,0,-2626,2,6731
2026/5/18,4:00,6883,0,2300,4355,23,282,0,1535,149,650,0,0,0,153,0,-1,-1,-2564,2,6883
2026/5/18,4:30,6853,0,2154,4338,23,286,0,1522,146,649,0,111,0,165,0,-1,-2,-2540,2,6853
2026/5/18,5:00,6850,0,2102,4283,24,283,0,1541,150,655,0,379,0,177,0,-1,-2,-2744,3,6850
2026/5/18,5:30,6900,0,2034,4008,23,290,0,1527,146,645,0,947,0,168,0,-1,-4,-2886,3,6900
2026/5/18,6:00,6842,0,1746,3717,23,288,0,1489,146,634,0,1841,0,147,0,-1,0,-3194,6,6842
2026/5/18,6:30,6854,0,1508,3111,22,292,0,1542,148,645,0,2907,0,120,0,-1,-1,-3454,15,6854
2026/5/18,7:00,7014,0,1296,2812,21,243,0,1539,151,657,0,3984,0,95,0,-211,-6,-3594,27,7014
2026/5/18,7:30,7337,0,1126,2396,20,200,619,1593,155,664,0,4995,0,73,0,-223,0,-3678,16,7337
2026/5/18,8:00,7878,0,1048,2218,21,196,389,1550,151,624,0,5890,5,91,0,-223,-1,-3702,15,7878
2026/5/18,8:30,8364,0,1128,2288,22,164,423,1431,147,556,0,6438,91,108,0,-221,-1,-3708,12,8364
2026/5/18,9:00,8753,0,996,2383,21,230,415,1370,142,514,92,6917,84,133,0,-221,-2,-3744,14,8753
2026/5/18,9:30,8865,0,976,2266,22,198,392,1372,140,498,92,7209,129,136,0,-223,-1,-3746,18,8865
2026/5/18,10:00,8936,0,996,2121,21,198,347,1373,142,478,92,7386,181,147,0,-221,-2,-3718,15,8936
2026/5/18,10:30,9082,0,1008,2155,22,194,341,1358,141,473,132,7504,239,160,0,-221,-2,-3724,14,9082
2026/5/18,11:00,9106,0,1054,2091,23,194,339,1360,142,480,132,7530,265,168,0,-221,-1,-3728,14,9106
2026/5/18,11:30,9066,0,1112,1990,23,196,341,1358,141,470,131,7550,264,177,0,-221,-8,-3740,18,9066
2026/5/18,12:00,8751,0,1142,1910,23,196,277,1363,141,475,131,7207,571,223,0,-221,-39,-3680,11,8751
2026/5/18,12:30,8750,0,1274,1827,22,204,288,1368,141,477,131,7153,492,240,0,-221,-34,-3708,7,8750
2026/5/18,13:00,9227,0,1398,2013,23,206,377,1385,139,481,132,7201,177,274,0,-221,-2,-3684,14,9227
2026/5/18,13:30,9290,0,1264,2243,23,212,409,1458,145,531,0,7010,37,308,0,-219,-3,-3690,8,9290
2026/5/18,14:00,9339,0,1146,2419,23,207,454,1569,150,609,0,6538,3,336,0,-1,-5,-3664,12,9339
2026/5/18,14:30,9321,0,1390,2612,23,297,0,1658,155,664,0,5858,0,372,0,-1,-7,-3708,8,9321
2026/5/18,15:00,9303,0,1964,2674,24,340,0,1671,155,670,0,4994,0,379,0,-1,4,-3584,13,9303
2026/5/18,15:30,9277,0,2232,3146,25,339,0,1658,150,661,0,4018,0,379,0,-1,0,-3344,14,9277
2026/5/18,16:00,9279,0,2646,3527,25,347,0,1678,149,651,0,2993,0,372,0,193,-1,-3318,17,9279
2026/5/18,16:30,9115,0,2864,3885,25,439,0,1656,145,645,0,1969,0,369,0,207,1,-3098,8,9115
2026/5/18,17:00,8968,0,3088,4043,25,445,0,1703,146,639,0,1086,0,395,0,201,-1,-2820,18,8968
2026/5/18,17:30,8699,0,3250,3961,26,449,0,1745,145,646,0,456,0,374,0,203,-7,-2568,19,8699
2026/5/18,18:00,8720,0,3326,4001,26,462,0,1709,145,634,0,169,0,386,0,391,-1,-2550,22,8720
2026/5/18,18:30,8681,0,3236,4060,27,475,0,1717,146,636,0,6,0,371,0,415,38,-2462,16,8681
2026/5/18,19:00,8562,0,3210,4063,27,473,0,1716,145,636,0,0,0,356,0,403,20,-2502,15,8562
2026/5/18,19:30,8372,0,3226,4016,27,478,0,1707,146,635,0,0,0,365,0,407,-37,-2610,12,8372
2026/5/18,20:00,8167,0,3174,3951,26,473,0,1701,146,636,0,0,0,359,0,397,1,-2714,17,8167
2026/5/18,20:30,8023,0,3448,3943,25,458,0,1691,144,637,0,0,0,360,0,199,-2,-2894,14,8023
2026/5/18,21:00,7814,0,3300,3902,24,449,0,1611,145,634,0,0,0,358,0,211,3,-2836,13,7814
2026/5/18,21:30,7482,0,3028,3863,23,446,0,1607,145,636,0,0,0,363,0,-1,30,-2666,8,7482
2026/5/18,22:00,7461,0,3056,3857,23,309,0,1592,146,634,0,0,0,359,0,-1,-1,-2528,15,7461
2026/5/18,22:30,7309,0,2936,3856,21,289,0,1592,146,632,0,0,0,376,0,-1,-4,-2546,12,7309
2026/5/18,23:00,7243,0,2730,3856,22,288,0,1578,145,633,0,0,0,391,0,-1,-1,-2406,8,7243
2026/5/18,23:30,6951,0,2280,3832,21,285,0,1576,147,634,0,0,0,423,0,-1,-9,-2240,3,6951
2026/5/19,0:00,6784,0,1788,3670,21,291,0,1520,146,633,0,0,0,453,0,-1,-3,-1736,2,6784
2026/5/19,0:30,6786,0,1976,3751,20,288,0,1512,146,635,0,0,0,442,0,-1,-1,-1984,2,6786
2026/5/19,1:00,6644,0,1850,3692,19,290,0,1509,145,637,0,0,0,445,0,-1,-2,-1942,2,6644
2026/5/19,1:30,6712,0,1926,3763,20,287,0,1509,147,633,0,0,0,459,0,-1,-1,-2032,2,6712
2026/5/19,2:00,6736,0,1888,3694,19,288,0,1502,144,634,0,0,0,505,0,-1,-2,-1938,3,6736
2026/5/19,2:30,6920,0,2124,3751,20,285,0,1501,147,635,0,0,0,573,0,-1,0,-2118,3,6920
2026/5/19,3:00,7083,0,2340,3634,21,291,0,1495,147,634,0,0,0,626,0,-1,0,-2106,2,7083
2026/5/19,3:30,7124,0,2534,3448,22,288,0,1491,146,635,0,0,0,618,0,-1,-2,-2058,3,7124
2026/5/19,4:00,7195,0,2546,3474,23,289,0,1487,146,634,0,0,0,635,0,-1,-1,-2040,3,7195
2026/5/19,4:30,7255,0,2470,3554,24,285,0,1479,144,634,0,115,0,682,0,-1,-2,-2132,3,7255
2026/5/19,5:00,7121,0,2288,3331,24,289,0,1516,148,639,0,382,0,694,0,-1,-8,-2184,3,7121
2026/5/19,5:30,7202,0,2146,3349,23,288,0,1527,149,639,0,868,0,708,0,-1,-13,-2484,3,7202
2026/5/19,6:00,7110,0,2012,3193,23,289,0,1504,148,631,0,1532,0,737,0,-1,11,-2974,5,7110
2026/5/19,6:30,7303,0,1736,3053,22,285,0,1513,148,631,0,2261,0,727,0,-1,-2,-3088,18,7303
2026/5/19,7:00,7343,0,1276,2855,22,245,0,1529,149,641,0,3054,0,678,0,-3,-17,-3110,24,7343
2026/5/19,7:30,7660,0,1348,2825,21,201,474,1573,150,654,0,3761,0,627,0,-213,-24,-3280,17,7660
2026/5/19,8:00,8184,0,1482,2798,22,196,396,1509,151,650,0,4580,0,581,0,-429,-16,-3354,14,8184
2026/5/19,8:30,8733,0,1496,2729,23,199,424,1543,153,654,0,5280,0,575,0,-441,-28,-3462,12,8733
2026/5/19,9:00,9029,0,1206,2807,23,193,436,1520,152,652,0,5860,0,688,0,-441,-4,-3642,15,9029
2026/5/19,9:30,9308,0,1252,2647,23,198,432,1500,148,644,0,6335,0,732,0,-441,-1,-3748,19,9308
2026/5/19,10:00,9371,0,1040,2580,23,195,392,1446,144,598,0,6808,0,709,0,-437,-1,-3750,16,9371
2026/5/19,10:30,9573,0,1122,2558,23,196,401,1410,144,519,0,7067,0,663,0,-439,-1,-3704,15,9573
2026/5/19,11:00,9586,0,1216,2579,24,194,404,1377,142,471,149,7114,0,645,0,-437,-2,-3748,11,9586
2026/5/19,11:30,9609,0,1428,2617,24,194,417,1318,137,460,149,6991,49,568,0,-439,-3,-3700,14,9609
2026/5/19,12:00,9243,0,1346,2691,23,195,345,1327,137,456,149,6725,165,538,2,-437,-4,-3766,12,9243
2026/5/19,12:30,9254,0,1230,2780,23,194,388,1332,138,456,149,6766,99,501,0,-433,0,-3740,7,9254
2026/5/19,13:00,9671,0,1436,2796,23,203,430,1377,140,501,0,6818,8,499,0,-435,-2,-3698,13,9671
2026/5/19,13:30,9779,0,1602,2553,24,245,0,1497,144,592,0,6577,0,475,0,-221,-3,-3714,8,9779
2026/5/19,14:00,9864,0,1988,2517,24,280,0,1563,149,643,0,6051,0,436,0,-1,-16,-3782,12,9864
2026/5/19,14:30,9752,0,2184,2754,25,299,0,1575,150,652,0,5389,0,390,0,-1,0,-3672,7,9752
2026/5/19,15:00,9720,0,2590,3152,26,333,0,1590,147,649,0,4533,0,329,0,-1,1,-3642,13,9720
2026/5/19,15:30,9727,0,3104,3600,26,343,0,1573,148,646,0,3590,0,268,0,-1,-5,-3578,13,9727
2026/5/19,16:00,9686,0,3452,3731,26,439,0,1578,146,639,0,2623,0,216,0,-1,4,-3184,17,9686
2026/5/19,16:30,9458,0,3508,3907,25,446,0,1590,143,643,0,1759,0,189,0,193,21,-2974,8,9458
2026/5/19,17:00,9148,0,3134,3963,26,466,0,1733,146,647,0,1048,0,158,0,217,-11,-2396,17,9148
2026/5/19,17:30,9117,0,3422,4032,27,470,0,1762,145,649,0,500,0,126,0,359,6,-2396,15,9117
2026/5/19,18:00,9002,0,3584,4097,27,475,0,1734,143,640,0,184,0,104,0,359,10,-2374,19,9002
2026/5/19,18:30,8977,0,3550,4168,27,470,0,1728,142,642,0,5,0,89,0,357,1,-2218,16,8977
2026/5/19,19:00,8913,0,3556,4092,28,466,0,1729,144,640,0,0,0,79,0,345,1,-2182,15,8913
2026/5/19,19:30,8560,0,3336,4047,27,472,0,1725,142,641,0,0,0,65,0,201,34,-2142,12,8560
2026/5/19,20:00,8420,0,3364,3947,27,472,0,1714,144,640,0,0,0,46,0,197,30,-2178,17,8420
2026/5/19,20:30,8161,0,3210,3938,26,477,0,1714,142,641,0,0,0,30,0,199,-2,-2228,14,8161
2026/5/19,21:00,7975,0,2984,3877,25,453,0,1691,145,639,0,0,0,38,0,-1,-3,-1886,13,7975
2026/5/19,21:30,7698,0,2698,3851,24,448,0,1676,142,637,0,0,0,55,0,-1,-2,-1838,8,7698
2026/5/19,22:00,7548,0,3038,3851,22,309,0,1662,145,641,0,0,0,68,0,-1,-1,-2200,14,7548
2026/5/19,22:30,7348,0,2928,3852,22,284,0,1638,143,634,0,0,0,97,0,-1,-2,-2260,13,7348
2026/5/19,23:00,7234,0,2512,3789,22,289,0,1606,144,629,0,0,0,130,0,-1,-1,-1892,7,7234
2026/5/19,23:30,6991,0,2206,3818,22,286,0,1585,143,636,0,0,0,134,0,-1,5,-1846,3,6991
2026/5/20,0:00,6918,0,1818,3785,21,285,0,1486,145,637,0,0,0,125,0,-1,-1,-1384,2,6918
2026/5/20,0:30,6747,0,1710,3669,20,290,0,1485,143,641,0,0,0,123,0,-1,-3,-1332,2,6747
2026/5/20,1:00,6745,0,1868,3625,19,289,0,1479,143,641,0,0,0,124,0,-1,-2,-1442,2,6745
2026/5/20,1:30,6706,0,1776,3679,19,292,0,1481,145,641,0,0,0,136,0,-1,-2,-1462,2,6706
2026/5/20,2:00,6795,0,1882,3710,20,285,0,1477,143,641,0,0,0,137,0,-1,-1,-1500,2,6795
2026/5/20,2:30,6854,0,1926,3805,20,288,0,1478,146,638,0,0,0,104,0,-1,-2,-1550,2,6854
2026/5/20,3:00,7037,0,2062,3926,21,289,0,1481,143,642,0,0,0,101,0,-1,-1,-1628,2,7037
2026/5/20,3:30,7150,0,2100,4097,22,287,0,1474,145,641,0,0,0,113,0,-1,-2,-1728,2,7150
2026/5/20,4:00,7253,0,2138,4221,23,291,0,1452,144,640,0,0,0,135,0,-1,-2,-1790,2,7253
2026/5/20,4:30,7243,0,2098,4135,24,288,0,1441,144,638,0,96,0,153,0,-1,-1,-1774,2,7243
2026/5/20,5:00,7221,0,1894,4110,24,291,0,1451,145,649,0,380,0,151,0,-1,-1,-1874,2,7221
2026/5/20,5:30,7160,0,1706,3878,24,290,0,1468,147,649,0,799,0,167,0,-1,-4,-1966,3,7160
2026/5/20,6:00,7068,0,1676,3395,23,290,0,1478,147,652,0,1487,0,190,0,-1,-2,-2272,5,7068
2026/5/20,6:30,7320,0,1968,3218,21,290,0,1531,152,664,0,1826,0,162,0,-1,0,-2528,17,7320
2026/5/20,7:00,7381,0,2236,3209,21,290,0,1584,150,676,0,2078,0,133,0,-1,0,-3018,23,7381
2026/5/20,7:30,7676,0,2214,3181,20,289,0,1580,151,675,0,2701,0,84,0,-1,-12,-3224,18,7676
2026/5/20,8:00,8114,0,1884,3034,21,288,0,1495,148,665,0,3550,0,92,0,-1,-8,-3068,14,8114
2026/5/20,8:30,8724,0,2032,3063,22,284,0,1476,148,658,0,4258,0,94,0,-1,-8,-3314,12,8724
2026/5/20,9:00,8909,0,1688,2655,22,282,0,1489,147,659,0,5195,0,76,0,-1,-21,-3296,14,8909
2026/5/20,9:30,9190,20,1606,2318,23,281,0,1491,149,654,0,6142,0,89,0,-65,-33,-3502,17,9190
2026/5/20,10:00,9138,42,1782,2162,22,285,0,1348,141,589,0,6506,50,96,0,-223,-1,-3626,15,9138
2026/5/20,10:30,9441,60,1802,2303,24,243,0,1343,137,503,0,6746,79,72,0,-221,2,-3588,15,9441
2026/5/20,11:00,9373,80,1702,2606,25,200,542,1336,141,458,160,6632,142,85,0,-221,36,-3718,11,9373
2026/5/20,11:30,9432,104,1488,2591,24,195,571,1341,139,459,160,6904,37,88,0,-149,2,-3768,14,9432
2026/5/20,12:00,9067,116,1358,2432,23,200,493,1347,141,460,160,6640,94,83,0,-1,-36,-3706,10,9067
2026/5/20,12:30,9049,112,1540,2377,24,199,485,1357,139,462,160,6486,70,107,0,-1,-40,-3720,7,9049
2026/5/20,13:00,9430,112,1812,2491,24,261,0,1410,143,509,0,6304,39,131,0,-1,-6,-3774,14,9430
2026/5/20,13:30,9541,118,2100,2578,24,297,0,1456,145,593,0,5854,15,151,0,-1,1,-3782,7,9541
2026/5/20,14:00,9504,118,2224,2653,24,295,0,1512,145,653,0,5330,1,159,0,-1,-1,-3618,11,9504
2026/5/20,14:30,9468,116,2286,2863,24,383,0,1552,151,666,0,4724,0,171,0,-1,-1,-3474,8,9468
2026/5/20,15:00,9284,114,2314,3330,25,435,0,1595,151,672,0,3962,0,179,0,-1,-1,-3506,15,9284
2026/5/20,15:30,9421,114,2808,3631,26,447,0,1620,151,670,0,3188,0,160,0,197,0,-3606,15,9421
2026/5/20,16:00,9323,120,3232,3969,26,458,0,1640,148,663,0,2219,0,159,0,209,4,-3540,16,9323
2026/5/20,16:30,9154,152,3492,4059,26,469,0,1635,148,660,0,1439,0,134,0,211,1,-3280,8,9154
2026/5/20,17:00,8888,176,3160,4074,26,468,0,1725,148,661,0,794,0,126,0,384,-21,-2850,17,8888
2026/5/20,17:30,8725,174,3274,4075,26,471,0,1765,147,663,0,402,0,113,0,416,3,-2820,16,8725
2026/5/20,18:00,8828,174,3490,4077,27,467,0,1753,148,656,0,135,0,96,0,362,40,-2616,19,8828
2026/5/20,18:30,8751,170,3380,4075,27,470,0,1757,147,655,0,2,0,78,0,360,36,-2422,16,8751
2026/5/20,19:00,8858,174,3326,4017,26,472,0,1755,145,654,0,0,0,78,0,214,-2,-2016,15,8858
2026/5/20,19:30,8285,170,2718,3928,26,450,0,1764,146,655,0,0,0,74,0,0,-39,-1618,11,8285
2026/5/20,20:00,8289,166,2588,3931,26,447,0,1749,145,652,0,0,0,62,0,0,-40,-1454,17,8289
2026/5/20,20:30,8124,170,2494,3863,25,424,0,1742,147,656,0,0,0,52,0,0,-5,-1458,14,8124
2026/5/20,21:00,7897,166,2300,3856,23,430,0,1689,147,655,0,0,0,57,0,0,-2,-1436,12,7897
2026/5/20,21:30,7749,166,2334,3861,23,411,0,1680,146,654,0,0,0,50,0,0,-2,-1582,8,7749
2026/5/20,22:00,7634,160,2480,3853,22,296,0,1652,147,655,0,0,0,45,0,0,-3,-1688,15,7634
2026/5/20,22:30,7380,162,2242,3857,21,283,0,1651,145,653,0,0,0,46,0,0,-3,-1690,13,7380
2026/5/20,23:00,7302,162,2212,3812,21,282,0,1654,147,651,0,0,0,30,0,0,0,-1676,7,7302
2026/5/20,23:30,7093,160,1884,3894,20,279,0,1641,147,651,0,0,0,21,0,0,5,-1612,3,7093
2026/5/21,0:00,6940,202,1894,3936,20,285,0,1576,145,652,0,0,0,21,0,-210,-1,-1582,2,6940
2026/5/21,0:30,6823,250,1748,3951,19,286,0,1569,147,653,0,0,0,25,0,-222,-3,-1602,2,6823
2026/5/21,1:00,6845,268,1960,3684,18,287,0,1561,148,644,0,0,0,23,0,-222,-2,-1526,2,6845
2026/5/21,1:30,6664,290,1960,3413,19,288,0,1563,145,640,0,0,0,27,0,-222,-1,-1460,2,6664
2026/5/21,2:00,6780,346,1960,3135,18,290,0,1563,148,640,0,0,0,35,0,-222,-1,-1134,2,6780
2026/5/21,2:30,6859,378,1982,2984,19,286,0,1557,147,636,0,0,0,44,0,0,-1,-1176,3,6859
2026/5/21,3:00,6971,384,1872,2935,20,290,0,1554,145,639,0,0,0,42,0,0,-2,-910,2,6971
2026/5/21,3:30,7212,386,2176,2991,21,287,0,1558,148,642,0,0,0,56,0,0,-2,-1054,3,7212
2026/5/21,4:00,7267,378,2324,2987,22,286,0,1527,146,640,0,0,0,84,0,0,-1,-1128,2,7267
2026/5/21,4:30,7301,382,2294,3005,23,286,0,1507,147,636,0,31,0,110,0,0,-4,-1118,2,7301
2026/5/21,5:00,7299,376,2256,3035,23,286,0,1491,147,638,0,100,0,154,0,0,-2,-1208,3,7299
2026/5/21,5:30,7357,376,2206,3033,23,293,0,1503,146,637,0,193,0,218,0,0,-2,-1272,3,7357
2026/5/21,6:00,7304,374,2228,3014,22,290,0,1524,149,646,0,236,0,318,0,0,-3,-1500,6,7304
2026/5/21,6:30,7577,364,2470,3055,23,298,0,1528,148,647,0,290,0,362,0,0,2,-1628,18,7577
2026/5/21,7:00,7623,368,2686,3134,23,298,0,1537,147,651,0,359,0,407,0,0,-7,-2004,24,7623
2026/5/21,7:30,7998,362,2780,3148,24,363,0,1542,150,647,0,410,0,521,0,0,4,-1970,17,7998
2026/5/21,8:00,8494,358,2928,3159,25,436,0,1499,149,646,0,486,0,494,0,0,-4,-1696,14,8494
2026/5/21,8:30,8885,354,2976,3181,27,447,0,1520,148,647,0,583,0,440,0,140,-4,-1586,12,8885
2026/5/21,9:00,9148,352,3642,3297,28,451,0,1600,151,650,0,593,0,407,0,170,26,-2234,15,9148
2026/5/21,9:30,9322,348,3520,3302,28,455,0,1716,148,643,0,644,0,458,0,356,24,-2338,18,9322
2026/5/21,10:00,9317,370,3608,3338,27,455,0,1630,150,647,0,645,0,488,0,428,-4,-2480,15,9317
2026/5/21,10:30,9291,404,3416,3391,27,438,0,1670,151,647,0,667,0,496,0,428,-22,-2436,14,9291
2026/5/21,11:00,9333,478,3476,3401,27,426,0,1646,152,650,0,709,0,521,0,152,-4,-2312,11,9333
2026/5/21,11:30,9218,550,3186,3392,27,431,0,1670,155,655,0,773,0,582,0,140,-1,-2356,14,9218
2026/5/21,12:00,8768,590,2668,3399,25,428,0,1716,156,662,0,808,0,635,0,0,-29,-2300,10,8768
2026/5/21,12:30,8791,640,2674,3391,24,444,0,1757,153,658,0,835,0,692,0,0,-17,-2466,6,8791
2026/5/21,13:00,9124,652,3064,3386,25,460,0,1890,156,660,0,797,0,704,0,0,0,-2684,14,9124
2026/5/21,13:30,9231,658,3098,3390,26,461,0,2039,156,662,0,775,0,624,0,0,-1,-2664,7,9231
2026/5/21,14:00,9313,654,3400,3384,26,465,0,2083,153,660,0,689,0,611,0,0,-1,-2824,13,9313
2026/5/21,14:30,9065,650,2980,3393,27,462,0,2112,154,652,0,599,0,627,0,0,-5,-2594,8,9065
2026/5/21,15:00,9179,654,3190,3401,27,469,0,2115,151,651,0,464,0,593,0,0,-2,-2546,12,9179
2026/5/21,15:30,9016,660,2760,3395,27,464,0,2103,153,651,0,438,0,615,0,0,-3,-2260,13,9016
2026/5/21,16:00,8994,652,2696,3412,27,467,0,2013,151,653,0,357,0,652,0,0,1,-2104,17,8994
2026/5/21,16:30,9177,652,3130,3394,27,461,0,1994,149,649,0,264,0,695,0,0,-5,-2240,7,9177
2026/5/21,17:00,8866,656,2750,3396,26,446,0,2082,149,658,0,173,0,805,0,0,-2,-2290,17,8866
2026/5/21,17:30,8846,654,2844,3406,26,437,0,2072,149,665,0,94,0,916,0,0,4,-2436,15,8846
2026/5/21,18:00,8811,654,2860,3257,26,434,0,2065,147,669,0,47,0,925,0,0,1,-2296,22,8811
2026/5/21,18:30,8780,656,2894,3156,27,434,0,2085,150,672,0,2,0,933,0,0,36,-2282,17,8780
2026/5/21,19:00,8662,654,2904,3086,27,436,0,2072,148,673,0,0,0,875,0,0,24,-2252,15,8662
2026/5/21,19:30,8412,654,2738,3080,25,438,0,2062,150,676,0,0,0,848,0,0,-1,-2270,12,8412
2026/5/21,20:00,8270,656,2384,3172,23,433,0,2043,150,679,0,0,0,902,0,0,0,-2188,16,8270
2026/5/21,20:30,8133,654,2282,3228,22,433,0,2045,148,681,0,0,0,931,0,0,2,-2306,13,8133
2026/5/21,21:00,7898,652,2282,3242,21,435,0,1986,150,682,0,0,0,981,0,0,1,-2546,12,7898
2026/5/21,21:30,7818,654,2324,3339,22,425,0,1985,150,683,0,0,0,1015,0,0,-2,-2784,7,7818
2026/5/21,22:00,7741,654,2224,3366,21,290,0,1975,148,687,0,0,0,1070,0,0,0,-2708,14,7741
2026/5/21,22:30,7327,654,1992,3084,20,283,0,1975,149,689,0,0,0,1093,0,0,-33,-2592,13,7327
2026/5/21,23:00,7354,652,2170,3139,21,280,0,1956,150,687,0,0,0,1115,0,-212,-32,-2578,6,7354
2026/5/21,23:30,7142,648,1794,3168,20,271,0,1953,147,688,0,0,0,1274,0,-224,-30,-2570,3,7142
2026/5/22,0:00,6917,572,1464,2813,19,278,0,2001,150,685,0,0,0,1319,0,-224,-28,-2134,2,6917
2026/5/22,0:30,6762,610,1432,2492,18,277,0,2024,150,689,0,0,0,1319,0,-222,-1,-2028,2,6762
2026/5/22,1:00,6873,620,1620,2409,18,275,0,2062,148,695,0,0,0,1328,0,-358,-2,-1944,2,6873
2026/5/22,1:30,6739,618,1594,2360,18,276,0,2079,150,693,0,0,0,1287,0,-440,-2,-1896,2,6739
2026/5/22,2:00,6844,614,1662,2441,19,281,0,2082,150,693,0,0,0,1271,0,-438,-1,-1932,2,6844
2026/5/22,2:30,6970,610,1814,2513,19,282,0,2088,148,694,0,0,0,1258,0,-438,0,-2020,2,6970
2026/5/22,3:00,7057,612,1630,2547,20,284,0,2133,149,694,0,0,0,1231,0,-294,-1,-1950,2,7057
2026/5/22,3:30,7247,606,1742,2719,21,285,0,2134,150,695,0,0,0,1248,0,-220,-1,-2134,2,7247
2026/5/22,4:00,7311,606,1642,2533,22,287,0,2118,148,703,0,0,0,1231,0,0,-1,-1980,2,7311
2026/5/22,4:30,7372,602,1592,2522,23,283,0,2109,150,707,0,42,0,1233,0,0,-1,-1892,2,7372
2026/5/22,5:00,7445,604,1638,2537,23,283,0,2075,149,715,0,123,0,1222,0,0,-1,-1926,3,7445
2026/5/22,5:30,7360,598,1418,2394,23,294,0,2082,147,718,0,262,0,1220,0,0,-1,-1798,3,7360
2026/5/22,6:00,7385,596,1624,2452,22,293,0,2089,151,728,0,442,0,1217,0,0,12,-2246,5,7385
2026/5/22,6:30,7639,596,1900,2366,23,294,0,2107,152,733,0,613,0,1186,0,0,1,-2350,18,7639
2026/5/22,7:00,7663,594,1832,2300,23,297,0,2117,152,743,0,756,0,1213,0,0,-3,-2384,23,7663
2026/5/22,7:30,7998,588,1938,2319,25,363,0,2149,156,754,0,1006,0,1198,0,0,-2,-2514,18,7998
2026/5/22,8:00,8392,590,2014,2325,26,436,0,2133,159,766,0,1202,0,1200,0,0,-3,-2470,14,8392
2026/5/22,8:30,8954,590,2400,2509,27,442,0,2125,157,764,0,1392,0,1191,0,0,-1,-2654,12,8954
2026/5/22,9:00,9119,586,2338,2509,28,441,0,2138,160,770,0,1634,0,1152,0,0,1,-2654,16,9119
2026/5/22,9:30,9089,586,2206,2360,28,445,0,2160,163,787,0,1709,0,1151,0,0,0,-2524,18,9089
2026/5/22,10:00,9124,586,1962,2181,27,436,0,2127,159,780,0,1815,0,1138,0,0,-4,-2098,15,9124
2026/5/22,10:30,9170,582,1902,2078,27,440,0,2129,161,784,0,1957,0,1113,0,0,1,-2018,14,9170
2026/5/22,11:00,9112,582,1790,1948,27,441,0,2135,162,785,0,2234,0,1096,0,0,-9,-2090,11,9112
2026/5/22,11:30,9224,580,1900,2121,27,431,0,2110,161,784,0,2435,0,1028,0,-2,28,-2392,13,9224
2026/5/22,12:00,8674,580,1858,2003,25,339,0,2093,159,785,0,2517,0,1032,0,-214,-10,-2506,13,8674
2026/5/22,12:30,8797,580,2000,2150,25,332,0,2141,162,797,0,2767,0,1029,0,-224,-32,-2938,8,8797
2026/5/22,13:00,8966,578,1670,2082,26,336,0,2239,164,804,0,2955,0,1017,0,0,-1,-2918,14,8966
2026/5/22,13:30,9130,576,1870,2288,26,337,0,2239,165,802,0,2953,0,997,0,0,-2,-3128,7,9130
2026/5/22,14:00,9126,592,2058,2435,25,340,0,2211,162,795,0,2886,0,965,0,0,1,-3356,12,9126
2026/5/22,14:30,8964,616,1916,2481,25,338,0,2218,163,793,0,2643,0,947,0,0,-3,-3188,15,8964
2026/5/22,15:00,8862,646,1966,2462,25,349,0,2151,161,784,0,2414,0,939,0,0,-3,-3044,12,8862
2026/5/22,15:30,8821,654,1942,2668,25,434,0,2134,159,780,0,1987,0,944,0,0,3,-2926,17,8821
2026/5/22,16:00,8845,664,2050,2835,25,434,0,2101,157,775,0,1561,0,969,0,0,2,-2746,18,8845
2026/5/22,16:30,8661,666,2100,2973,25,433,0,2088,155,769,0,1141,0,949,0,0,-6,-2648,16,8661
2026/5/22,17:00,8433,656,2022,3075,25,439,0,2150,153,767,0,668,0,872,0,0,0,-2412,18,8433
2026/5/22,17:30,8426,660,2198,3349,26,441,0,2146,152,766,0,288,0,779,0,152,-1,-2550,20,8426
2026/5/22,18:00,8485,662,2060,3339,26,453,0,2137,152,760,0,108,0,829,0,156,-2,-2216,21,8485
2026/5/22,18:30,8544,658,2134,3320,27,448,0,2154,153,757,0,5,0,859,0,146,27,-2160,16,8544
2026/5/22,19:00,8578,664,1882,3357,27,456,0,2147,152,763,0,0,0,833,0,140,31,-1890,16,8578
2026/5/22,19:30,8320,660,1830,3269,27,452,0,2158,153,761,0,0,0,759,0,0,-15,-1750,16,8320
2026/5/22,20:00,8221,664,1802,3141,26,458,0,2125,153,759,0,0,0,843,0,0,18,-1788,20,8221
2026/5/22,20:30,8075,668,1854,3067,26,451,0,2110,152,759,0,0,0,817,0,0,-2,-1840,13,8075
2026/5/22,21:00,7816,670,1886,2949,24,451,0,2054,152,755,0,0,0,869,0,0,0,-2010,16,7816
2026/5/22,21:30,7696,668,2020,3036,23,443,0,2028,150,756,0,0,0,702,0,0,0,-2138,8,7696
2026/5/22,22:00,7515,674,2036,3143,23,303,0,1949,153,760,0,0,0,615,0,0,-1,-2154,14,7515
2026/5/22,22:30,7246,678,1862,3023,22,292,0,1945,153,759,0,0,0,573,0,0,-2,-2072,13,7246
2026/5/22,23:00,7236,678,1804,2953,22,293,0,1931,153,756,0,0,0,577,0,0,-1,-1936,6,7236
2026/5/22,23:30,6996,684,1656,2920,21,297,0,1912,153,754,0,0,0,543,0,0,-7,-1940,3,6996
2026/5/23,0:00,6852,680,1696,2923,21,296,0,1824,153,759,0,0,0,574,0,0,-2,-2074,2,6852
2026/5/23,0:30,6733,688,1556,3008,20,299,0,1774,153,759,0,0,0,649,0,0,-15,-2160,2,6733
2026/5/23,1:00,6660,688,1604,3008,19,301,0,1783,153,746,0,0,0,655,0,0,-15,-2284,2,6660
2026/5/23,1:30,6734,688,1746,3047,19,301,0,1776,154,745,0,0,0,681,0,0,-15,-2410,2,6734
2026/5/23,2:00,6770,696,1984,3047,19,299,0,1779,150,745,0,0,0,652,0,0,-15,-2588,2,6770
2026/5/23,2:30,6960,694,2360,3061,20,301,0,1769,154,743,0,0,0,623,0,0,-1,-2766,2,6960
2026/5/23,3:00,7068,698,2446,3175,21,304,0,1776,153,745,0,0,0,660,0,0,0,-2912,2,7068
2026/5/23,3:30,7153,700,2224,3181,22,300,0,1771,153,745,0,0,0,810,0,198,1,-2954,2,7153
2026/5/23,4:00,7230,702,2212,3104,22,302,0,1766,154,747,0,4,0,914,0,216,-1,-2914,2,7230
2026/5/23,4:30,7289,704,2308,2984,23,297,0,1760,154,742,0,142,0,868,0,216,1,-2912,2,7289
2026/5/23,5:00,7169,706,2330,2883,23,298,0,1784,155,750,0,386,0,815,0,0,-1,-2962,2,7169
2026/5/23,5:30,7168,708,2238,2813,23,294,0,1781,155,744,0,801,0,693,0,0,-1,-3084,3,7168
2026/5/23,6:00,6981,710,1876,2775,22,296,0,1683,153,710,0,1412,0,591,0,0,-1,-3252,6,6981
2026/5/23,6:30,6989,706,1466,2569,21,258,0,1693,152,649,0,2060,0,593,0,0,-1,-3190,13,6989
2026/5/23,7:00,6962,708,1192,2370,21,221,355,1690,155,618,117,2749,0,582,0,0,-1,-3366,23,6962
2026/5/23,7:30,7029,708,1166,2322,20,214,454,1693,156,620,117,3116,192,565,0,-212,-3,-3354,18,7029
2026/5/23,8:00,7102,706,1136,2164,20,216,290,1747,160,627,115,3308,910,574,59,-224,0,-3346,14,7102
2026/5/23,8:30,7300,712,1088,2053,19,216,227,1708,156,617,114,3825,997,592,59,-224,-2,-3476,16,7300
2026/5/23,9:00,7395,714,1274,2117,19,211,175,1609,151,595,114,4057,1359,540,46,-430,-6,-3474,18,7395
2026/5/23,9:30,7426,716,1408,2174,18,217,142,1595,150,581,113,3920,1902,559,55,-440,-3,-3486,17,7426
2026/5/23,10:00,7335,716,1312,2044,18,216,95,1566,148,567,112,4135,2115,556,58,-440,-1,-3524,22,7335
2026/5/23,10:30,7395,724,1226,1943,18,212,91,1567,148,558,152,4442,2165,599,56,-436,-3,-3618,15,7395
2026/5/23,11:00,7341,722,1194,1824,19,214,86,1566,147,558,152,4460,2316,660,60,-438,-3,-3596,14,7341
2026/5/23,11:30,7381,724,1078,1878,19,216,94,1569,148,562,152,4627,2205,672,62,-436,1,-3692,15,7381
2026/5/23,12:00,7314,730,1132,1875,20,217,79,1571,147,560,152,4465,2398,682,67,-436,-2,-3662,15,7314
2026/5/23,12:30,7216,724,1060,1950,20,217,95,1583,147,567,152,4325,2314,729,68,-436,-3,-3680,13,7216
2026/5/23,13:00,7237,738,980,1824,20,216,125,1597,148,578,152,4271,2169,763,67,-222,0,-3690,14,7237
2026/5/23,13:30,7219,732,1026,1872,20,215,156,1593,147,584,153,4132,1914,807,71,-220,0,-3706,17,7219
2026/5/23,14:00,7097,738,1004,1843,19,217,216,1658,150,594,154,3955,1588,857,74,-220,-5,-3724,11,7097
2026/5/23,14:30,7144,742,850,1674,19,218,300,1769,158,623,156,3973,1060,920,72,0,-39,-3770,7,7144
2026/5/23,15:00,7060,746,838,1681,20,212,316,1802,157,669,0,3624,671,995,73,0,-38,-3658,12,7060
2026/5/23,15:30,7097,742,1120,1780,21,215,321,1845,160,736,0,2948,495,1034,53,0,-3,-3514,13,7097
2026/5/23,16:00,7117,754,1424,2056,21,255,0,1822,157,757,0,2413,0,1101,0,0,-7,-3654,18,7117
2026/5/23,16:30,7126,752,1654,2166,22,277,0,1890,160,773,0,1673,0,1108,0,161,2,-3520,8,7126
2026/5/23,17:00,7186,752,1848,2370,22,282,0,1969,158,769,0,974,0,1118,0,187,-7,-3272,16,7186
2026/5/23,17:30,7313,754,2332,2731,23,286,0,1943,155,762,0,465,0,1104,0,193,2,-3452,15,7313
2026/5/23,18:00,7423,758,2422,2942,24,302,0,1880,154,752,0,189,0,1112,0,207,4,-3346,23,7423
2026/5/23,18:30,7584,752,2480,3122,25,393,0,1862,152,743,0,9,0,1136,0,185,34,-3326,17,7584
2026/5/23,19:00,7585,760,2352,3173,26,396,0,1859,152,745,0,0,0,1159,0,187,24,-3264,16,7585
2026/5/23,19:30,7518,756,2098,3296,25,396,0,1854,150,742,0,0,0,1216,0,185,-2,-3210,12,7518
2026/5/23,20:00,7439,758,2002,3374,25,379,0,1831,151,742,0,0,0,1223,0,183,-2,-3242,15,7439
2026/5/23,20:30,7239,752,2102,3285,24,375,0,1823,152,741,0,0,0,1222,0,-1,-1,-3248,13,7239
2026/5/23,21:00,7145,760,2036,3197,23,388,0,1760,152,738,0,0,0,1236,0,-1,-1,-3156,13,7145
2026/5/23,21:30,6956,720,2200,3067,22,303,0,1734,152,738,0,0,0,1235,0,-1,1,-3222,7,6956
2026/5/23,22:00,6882,716,2196,3063,22,296,0,1665,151,741,0,0,0,1227,0,-1,0,-3208,14,6882
2026/5/23,22:30,6739,752,2266,2937,21,300,0,1648,152,740,0,0,0,1159,0,-1,-3,-3244,12,6739
2026/5/23,23:00,6653,774,2306,2863,21,299,0,1577,152,738,0,0,0,1182,0,-1,-1,-3264,7,6653
2026/5/23,23:30,6443,776,2068,2661,21,299,0,1570,149,742,0,0,0,1201,0,-1,0,-3046,3,6443
2026/5/24,0:00,6228,780,1730,2437,20,295,0,1554,152,736,0,0,0,1193,0,-1,-2,-2668,2,6228
2026/5/24,0:30,6276,778,1864,2516,19,292,0,1547,150,744,0,0,0,1182,0,-1,-1,-2816,2,6276
2026/5/24,1:00,6251,774,2084,2416,19,288,0,1552,151,751,0,0,0,1168,0,-1,-1,-2952,2,6251
2026/5/24,1:30,6186,780,2206,2286,19,289,0,1552,150,753,0,0,0,1136,0,-1,-2,-2984,2,6186
2026/5/24,2:00,6381,776,2254,2248,19,287,0,1547,150,754,0,0,0,1062,0,193,-1,-2910,2,6381
2026/5/24,2:30,6497,776,2360,2276,19,289,0,1544,150,752,0,0,0,1019,0,223,-1,-2912,2,6497
2026/5/24,3:00,6634,780,2424,2278,19,289,0,1543,150,755,0,0,0,969,0,221,0,-2796,2,6634
2026/5/24,3:30,6682,780,2486,2276,20,290,0,1532,151,757,0,0,0,901,0,217,-2,-2728,2,6682
2026/5/24,4:00,6835,778,2566,2263,21,288,0,1532,150,754,0,1,0,889,0,221,0,-2630,2,6835
2026/5/24,4:30,6830,786,2502,2304,22,287,0,1520,147,755,0,60,0,818,0,209,-4,-2578,2,6830
2026/5/24,5:00,6767,786,2226,2306,22,292,0,1509,149,751,0,190,0,803,0,203,-1,-2472,3,6767
2026/5/24,5:30,6725,784,2158,2258,21,293,0,1529,149,754,0,371,0,760,0,201,-2,-2554,3,6725
2026/5/24,6:00,6588,794,2108,2224,20,290,0,1521,150,759,0,571,0,792,0,199,-2,-2846,8,6588
2026/5/24,6:30,6554,790,1872,2218,20,290,0,1538,151,758,0,831,0,798,0,197,-25,-2896,12,6554
2026/5/24,7:00,6610,786,1746,2201,22,290,0,1545,153,764,0,1159,0,769,0,1,-26,-2822,22,6610
2026/5/24,7:30,6683,792,1412,2089,21,294,0,1603,156,777,0,1581,0,783,0,-1,11,-2852,17,6683
2026/5/24,8:00,6836,792,1536,2018,22,290,0,1667,159,790,0,1831,0,739,0,-1,26,-3048,15,6836
2026/5/24,8:30,6979,786,1502,1911,23,294,0,1643,155,781,0,2174,0,711,0,-1,-2,-3010,12,6979
2026/5/24,9:00,7057,792,1266,1809,23,302,0,1678,159,787,0,2554,0,689,0,-1,1,-3016,14,7057
2026/5/24,9:30,7029,790,1428,1623,22,302,0,1779,165,807,0,2547,0,641,0,-1,-5,-3086,17,7029
2026/5/24,10:00,7024,792,1786,1802,20,296,0,1719,161,795,0,2413,0,575,0,-213,-1,-3136,15,7024
2026/5/24,10:30,7119,790,1914,1836,20,295,0,1712,160,792,0,2497,0,531,0,-223,1,-3220,14,7119
2026/5/24,11:00,7055,786,1738,1861,20,296,0,1714,162,793,0,2676,0,479,0,-223,-2,-3256,11,7055
2026/5/24,11:30,7093,790,1572,1877,21,291,0,1721,161,795,0,2787,0,478,0,-223,-1,-3190,14,7093
2026/5/24,12:00,7127,790,1448,2006,21,294,0,1734,159,799,0,2839,0,491,0,-223,-40,-3202,11,7127
2026/5/24,12:30,7047,790,1688,2223,21,291,0,1760,162,798,0,2534,0,505,0,-427,-38,-3266,6,7047
2026/5/24,13:00,7053,788,1890,2362,20,292,0,1821,164,806,0,2043,0,479,0,-439,-3,-3184,14,7053
2026/5/24,13:30,7039,792,1858,2339,21,299,0,1775,160,797,0,1833,0,493,0,-223,-2,-3110,7,7039
2026/5/24,14:00,6986,788,1682,2308,21,284,0,1717,158,784,0,1754,0,529,0,-1,-1,-3048,11,6986
2026/5/24,14:30,6968,788,1904,2358,21,282,0,1728,157,783,0,1527,0,487,0,-1,-3,-3078,15,6968
2026/5/24,15:00,7029,792,2416,2407,21,283,0,1724,156,777,0,1293,0,434,0,-1,1,-3288,14,7029
2026/5/24,15:30,7042,788,2644,2443,22,283,0,1716,155,773,0,1102,0,413,0,-1,-1,-3310,15,7042
2026/5/24,16:00,7147,792,2636,2522,22,283,0,1738,150,768,0,875,0,431,0,-1,-3,-3086,20,7147
2026/5/24,16:30,7176,788,2688,2646,22,294,0,1696,149,756,0,568,0,418,0,-1,0,-2862,14,7176
2026/5/24,17:00,7351,788,2618,2739,23,379,0,1792,149,756,0,372,0,407,0,-1,2,-2692,19,7351
2026/5/24,17:30,7544,790,2904,2824,23,384,0,1780,149,746,0,230,0,408,0,-1,-3,-2708,18,7544
2026/5/24,18:00,7598,794,2924,2867,24,382,0,1759,148,734,0,114,0,418,0,145,0,-2732,21,7598
2026/5/24,18:30,7724,788,3188,2880,25,381,0,1753,148,736,0,8,0,400,0,153,0,-2752,16,7724
2026/5/24,19:00,7682,790,3102,2863,25,384,0,1757,149,735,0,0,0,382,0,143,34,-2698,16,7682
2026/5/24,19:30,7531,788,2942,2876,25,377,0,1751,146,737,0,0,0,371,0,147,27,-2672,16,7531
2026/5/24,20:00,7434,794,2854,2877,25,385,0,1697,148,740,0,0,0,369,0,147,-2,-2618,18,7434
2026/5/24,20:30,7313,788,2844,2808,24,385,0,1694,148,734,0,0,0,379,0,143,-2,-2646,14,7313
2026/5/24,21:00,7187,786,2540,2740,24,380,0,1603,147,731,0,0,0,399,0,-1,-2,-2176,16,7187
2026/5/24,21:30,7005,794,2446,2703,22,381,0,1605,147,733,0,0,0,357,0,-1,-1,-2188,7,7005
2026/5/24,22:00,6758,788,2486,2649,22,296,0,1550,147,731,0,0,0,327,0,-1,-2,-2250,15,6758
2026/5/24,22:30,6751,792,2516,2650,21,282,0,1546,145,735,0,0,0,327,0,-1,-2,-2274,14,6751
2026/5/24,23:00,6664,790,2624,2658,21,285,0,1540,147,733,0,0,0,317,0,-1,-2,-2454,6,6664
2026/5/24,23:30,6395,792,2284,2569,21,283,0,1550,147,734,0,0,0,310,0,-1,-1,-2296,3,6395
2026/5/25,0:00,6360,790,1744,2407,20,284,0,1597,147,735,0,0,0,284,0,-1,-3,-1646,2,6360
2026/5/25,0:30,6214,788,1494,2415,19,284,0,1600,147,738,0,0,0,272,0,-1,-14,-1530,2,6214
2026/5/25,1:00,6307,792,1430,2454,19,283,0,1607,148,735,0,0,0,282,0,-1,-40,-1404,2,6307
2026/5/25,1:30,6203,792,1290,2402,19,284,0,1607,148,736,0,0,0,275,0,-1,-31,-1320,2,6203
2026/5/25,2:00,6407,788,1322,2345,19,281,0,1604,145,738,0,0,0,238,0,-1,-2,-1072,2,6407
2026/5/25,2:30,6453,794,1324,2352,20,286,0,1610,147,734,0,0,0,205,0,-1,-1,-1020,3,6453
2026/5/25,3:00,6685,790,1450,2348,21,284,0,1604,147,734,0,0,0,188,0,-1,-1,-882,3,6685
2026/5/25,3:30,6752,790,1432,2371,22,288,0,1606,147,735,0,0,0,163,0,-1,-1,-802,2,6752
2026/5/25,4:00,6917,788,1296,2402,22,283,0,1601,148,735,0,2,0,171,0,-1,-2,-530,2,6917
2026/5/25,4:30,6959,792,1202,2441,23,282,0,1590,147,735,0,116,0,178,0,-1,-2,-546,2,6959
2026/5/25,5:00,6902,792,1262,2436,23,284,0,1600,148,735,0,350,0,178,0,-1,-1,-906,2,6902
2026/5/25,5:30,6895,790,1208,2198,23,279,0,1604,146,735,0,768,0,173,0,-1,1,-1032,3,6895
2026/5/25,6:00,6737,792,1308,2026,22,279,0,1539,149,725,0,1398,0,159,0,-1,-2,-1662,5,6737
2026/5/25,6:30,7116,788,1434,2013,22,263,0,1543,148,695,0,2161,0,128,0,-1,-3,-2090,15,7116
2026/5/25,7:00,7179,792,1400,1907,21,244,186,1535,148,623,0,2959,0,131,0,-1,-5,-2598,23,7179
2026/5/25,7:30,7460,792,1314,1849,22,250,185,1493,147,563,153,3762,32,141,0,-213,7,-2684,17,7460
2026/5/25,8:00,7940,786,1538,1761,22,254,376,1598,144,568,153,4878,0,147,0,-223,33,-3580,14,7940
2026/5/25,8:30,8386,794,1376,1565,22,252,377,1607,140,574,153,5789,0,118,0,-223,26,-3666,12,8386
2026/5/25,9:00,8677,784,1270,1495,22,249,377,1506,135,552,152,6394,18,88,0,-223,-3,-3606,14,8677
2026/5/25,9:30,8794,794,1292,1460,22,251,377,1440,132,536,152,6610,188,63,0,-223,-6,-3594,17,8794
2026/5/25,10:00,8842,788,1310,1441,22,249,374,1392,132,525,152,6671,411,54,0,-221,1,-3538,16,8842
2026/5/25,10:30,8954,792,1424,1448,22,250,374,1377,132,520,192,6600,651,51,0,-223,-6,-3448,15,8954
2026/5/25,11:00,8991,788,1390,1493,23,250,374,1366,131,519,192,6656,702,56,0,-223,-1,-3468,11,8991
2026/5/25,11:30,9037,790,1510,1497,24,254,374,1355,130,520,192,6554,746,42,0,-221,-2,-3430,14,9037
2026/5/25,12:00,8663,788,1624,1467,23,251,366,1361,131,522,192,6121,1129,35,0,-223,-38,-3410,11,8663
2026/5/25,12:30,8640,790,1756,1447,23,250,374,1380,131,520,192,5965,1019,40,0,-221,-41,-3406,6,8640
2026/5/25,13:00,9118,790,1942,1544,23,251,374,1453,131,518,192,5927,546,44,0,-221,-13,-3284,13,9118
2026/5/25,13:30,9202,784,1986,1658,23,259,374,1471,131,517,192,5718,272,39,0,-221,0,-3170,7,9202
2026/5/25,14:00,9171,786,1924,1865,22,260,377,1506,129,565,0,5605,37,36,0,-219,-3,-3316,11,9171
2026/5/25,14:30,9172,784,2156,1971,22,276,0,1598,137,671,0,4888,5,48,0,-3,-20,-3364,8,9172
2026/5/25,15:00,8969,786,2428,2001,23,293,0,1681,142,740,0,4092,0,45,0,-1,6,-3280,13,8969
2026/5/25,15:30,9092,788,2650,2204,24,336,0,1751,145,768,0,3481,0,46,0,-1,0,-3114,14,9092
2026/5/25,16:00,9069,784,3048,2477,25,431,0,1774,143,769,0,2733,0,51,0,-1,1,-3182,16,9069
2026/5/25,16:30,8918,786,3262,2574,24,458,0,1727,138,752,0,1816,0,41,0,197,-1,-2864,8,8918
2026/5/25,17:00,8796,786,3120,2717,24,473,0,1828,136,745,0,1044,0,44,0,209,-5,-2342,17,8796
2026/5/25,17:30,8445,786,2730,2753,25,470,0,1878,140,751,0,543,0,43,0,219,10,-1918,15,8445
2026/5/25,18:00,8602,786,2916,2823,26,474,0,1879,137,742,0,242,0,41,0,211,38,-1732,19,8602
2026/5/25,18:30,8509,786,2698,2867,26,478,0,1865,136,739,0,18,0,51,0,213,34,-1418,16,8509
2026/5/25,19:00,8511,788,2662,2874,27,475,0,1788,137,736,0,0,0,38,0,205,-3,-1232,16,8511
2026/5/25,19:30,8347,782,2634,2876,27,475,0,1767,134,738,0,0,0,30,0,207,-1,-1334,12,8347
2026/5/25,20:00,8206,792,2820,2757,26,473,0,1732,137,739,0,0,0,28,0,185,-4,-1496,17,8206
2026/5/25,20:30,7933,786,2846,2618,25,478,0,1718,136,739,0,0,0,30,0,-1,-4,-1452,14,7933
2026/5/25,21:00,7777,788,2906,2533,24,456,0,1700,136,740,0,0,0,34,0,-1,-2,-1550,13,7777
2026/5/25,21:30,7622,788,2846,2463,23,447,0,1701,137,736,0,0,0,56,0,-1,-2,-1580,8,7622
2026/5/25,22:00,7407,782,2766,2449,23,311,0,1620,137,736,0,0,0,82,0,-1,-1,-1512,15,7407
2026/5/25,22:30,7352,788,2748,2445,22,297,0,1610,134,739,0,0,0,119,0,-1,-3,-1560,14,7352
2026/5/25,23:00,7237,790,2484,2452,22,295,0,1557,136,737,0,0,0,122,0,-1,-1,-1364,8,7237
2026/5/25,23:30,6979,786,2142,2446,21,300,0,1556,136,735,0,0,0,130,0,-1,9,-1284,3,6979
2026/5/26,0:00,6868,788,2022,2436,20,299,0,1551,136,740,0,0,0,136,0,-1,-1,-1260,2,6868
2026/5/26,0:30,6821,786,1940,2442,19,298,0,1552,137,740,0,0,0,153,0,-1,-1,-1246,2,6821
2026/5/26,1:00,6806,786,1890,2446,19,295,0,1551,137,741,0,0,0,173,0,-1,-1,-1232,2,6806
2026/5/26,1:30,6697,790,1586,2443,19,296,0,1557,137,743,0,0,0,187,0,-1,-2,-1060,2,6697
2026/5/26,2:00,6857,784,1646,2452,20,294,0,1549,135,740,0,0,0,192,0,-1,-1,-956,3,6857
2026/5/26,2:30,6956,792,1698,2443,21,295,0,1553,138,736,0,0,0,157,0,-1,-2,-876,2,6956
2026/5/26,3:00,7123,780,1798,2454,22,299,0,1547,137,739,0,0,0,141,0,-1,-1,-794,2,7123
2026/5/26,3:30,7141,792,1714,2449,22,294,0,1544,138,737,0,0,0,202,0,-1,-1,-752,3,7141
2026/5/26,4:00,7290,786,1796,2449,23,295,0,1541,137,738,0,2,0,278,0,-1,-2,-754,2,7290
2026/5/26,4:30,7236,786,1616,2449,23,293,0,1530,137,735,0,108,0,323,0,-1,-1,-764,2,7236
2026/5/26,5:00,7248,788,1976,2186,24,297,0,1550,139,742,0,316,0,332,0,-1,0,-1104,3,7248
2026/5/26,5:30,7178,786,1980,2003,23,296,0,1539,136,738,0,614,0,291,0,-1,-2,-1228,3,7178
2026/5/26,6:00,7128,786,1812,2130,23,292,0,1454,137,741,0,1130,0,200,0,-212,-3,-1370,8,7128
2026/5/26,6:30,7365,788,1716,2174,22,296,0,1470,136,741,0,1673,0,133,0,-220,0,-1580,16,7365
2026/5/26,7:00,7518,788,1654,2040,22,298,0,1487,137,744,0,2220,0,102,0,-222,-6,-1770,24,7518
2026/5/26,7:30,7656,784,1284,1841,22,297,0,1532,141,757,0,2798,0,89,0,-220,-38,-1650,19,7656
2026/5/26,8:00,8288,792,1736,1857,23,296,0,1479,142,762,0,3342,0,81,0,0,0,-2238,16,8288
2026/5/26,8:30,8827,780,1888,1907,24,296,0,1508,143,772,0,3907,0,83,0,0,2,-2496,13,8827
2026/5/26,9:00,9088,786,1672,1847,24,295,0,1539,146,776,0,4482,0,84,0,0,0,-2578,15,9088
2026/5/26,9:30,9172,788,1682,1686,24,286,0,1540,145,773,0,4794,0,79,0,0,11,-2654,18,9172
2026/5/26,10:00,9242,784,1616,1625,23,288,0,1527,144,733,0,5031,0,86,0,0,8,-2638,15,9242
2026/5/26,10:30,9356,786,1600,1596,23,270,0,1530,143,655,0,5285,0,105,0,0,0,-2652,15,9356
2026/5/26,11:00,9409,782,1764,1533,24,250,455,1495,140,601,208,5408,0,125,0,0,-5,-2720,12,9409
2026/5/26,11:30,9369,790,1346,1492,25,262,450,1485,140,592,208,5688,0,150,0,0,-7,-2608,14,9369
2026/5/26,12:00,9125,790,1758,1525,24,262,422,1431,137,575,209,5958,0,148,0,-211,-45,-3236,9,9125
2026/5/26,12:30,8985,786,1468,1538,24,267,421,1484,139,587,209,6120,0,158,0,-221,-42,-3330,7,8985
2026/5/26,13:00,9460,788,1236,1612,24,300,0,1573,140,630,0,6320,0,147,0,-3,-14,-3304,11,9460
2026/5/26,13:30,9569,790,1508,1720,26,357,0,1589,139,708,0,5865,168,158,0,-1,8,-3306,8,9569
2026/5/26,14:00,9609,786,1886,2003,25,363,0,1672,144,753,0,5123,263,180,0,-211,-2,-3124,11,9609
2026/5/26,14:30,9464,786,2038,2305,25,422,0,1695,145,766,0,4401,154,196,0,-221,-3,-3100,9,9464
2026/5/26,15:00,9411,790,2172,2511,26,438,0,1702,144,765,0,3530,54,198,0,-1,0,-2876,12,9411
2026/5/26,15:30,9251,790,2188,2625,26,444,0,1707,144,770,0,2945,0,184,0,-1,-4,-2580,13,9251
2026/5/26,16:00,9254,786,2222,2686,27,463,0,1785,142,772,0,2330,0,126,0,-1,4,-2102,14,9254
2026/5/26,16:30,9095,786,2550,2820,26,466,0,1731,140,759,0,1602,0,108,0,-1,-1,-1902,11,9095
2026/5/26,17:00,9013,794,2652,2845,26,473,0,1743,139,759,0,1028,0,99,0,147,1,-1710,17,9013
2026/5/26,17:30,8756,792,2706,2858,26,475,0,1742,136,750,0,492,0,91,0,153,1,-1482,16,8756
2026/5/26,18:00,8826,784,2704,2795,27,479,0,1700,135,742,0,195,0,97,0,149,0,-1000,19,8826
2026/5/26,18:30,8786,788,2736,2742,27,480,0,1719,132,742,0,12,0,129,0,149,1,-888,17,8786
2026/5/26,19:00,8669,790,2642,2759,28,484,0,1712,134,742,0,0,0,138,0,143,-3,-916,16,8669
2026/5/26,19:30,8590,790,2728,2741,27,486,0,1730,134,744,0,0,0,126,0,149,-1,-1078,14,8590
2026/5/26,20:00,8299,790,2442,2706,27,487,0,1737,135,743,0,0,0,118,0,139,-3,-1038,16,8299
2026/5/26,20:30,8173,790,2490,2603,26,466,0,1733,134,744,0,0,0,128,0,145,3,-1104,15,8173
2026/5/26,21:00,7936,788,2516,2533,25,460,0,1661,132,743,0,0,0,124,0,-1,35,-1092,12,7936
2026/5/26,21:30,7675,790,2308,2455,24,454,0,1646,134,743,0,0,0,126,0,-1,31,-1044,9,7675
2026/5/26,22:00,7556,788,2302,2422,23,326,0,1601,134,746,0,0,0,120,0,-1,-1,-918,14,7556
2026/5/26,22:30,7410,790,2144,2420,22,306,0,1597,134,745,0,0,0,131,0,-1,-2,-890,14,7410
2026/5/26,23:00,7318,788,2026,2419,22,307,0,1559,134,744,0,0,0,152,0,-1,-1,-836,5,7318
2026/5/26,23:30,7058,792,1674,2368,22,302,0,1563,134,746,0,0,0,177,0,-1,-2,-720,3,7058
2026/5/27,0:00,6913,790,1678,2185,21,306,0,1499,132,744,0,0,0,206,0,-1,-1,-648,2,6913
2026/5/27,0:30,6870,792,1758,2210,20,304,0,1487,135,747,0,0,0,201,0,-1,-3,-782,2,6870
2026/5/27,1:00,6830,786,1722,2218,20,301,0,1488,134,747,0,0,0,219,0,-1,-2,-804,2,6830
2026/5/27,1:30,6767,794,1612,2203,19,299,0,1490,134,750,0,0,0,202,0,-1,-1,-736,2,6767
2026/5/27,2:00,6921,788,1682,2242,20,299,0,1490,134,746,0,0,0,213,0,-1,-1,-694,3,6921
2026/5/27,2:30,6915,790,1530,2211,20,297,0,1491,132,747,0,0,0,232,0,-1,-1,-536,3,6915
2026/5/27,3:00,7088,788,1508,2188,22,296,0,1482,135,747,0,0,0,228,0,-1,-2,-306,3,7088
2026/5/27,3:30,7169,792,1642,2142,22,301,0,1489,134,745,0,0,0,241,0,-1,0,-340,2,7169
2026/5/27,4:00,7228,792,1784,2049,23,298,0,1482,135,746,0,3,0,245,0,-1,-1,-330,3,7228
2026/5/27,4:30,7296,784,1834,2038,24,302,0,1472,134,740,0,109,0,243,0,-1,-1,-384,2,7296
2026/5/27,5:00,7163,792,1616,2060,24,297,0,1478,133,744,0,348,0,206,0,-1,-1,-536,3,7163
2026/5/27,5:30,7246,792,1560,1993,24,301,0,1499,137,753,0,755,0,193,0,-1,-2,-760,2,7246
2026/5/27,6:00,7018,786,1744,1863,23,300,0,1446,134,743,0,1426,0,157,0,-1,1,-1612,8,7018
2026/5/27,6:30,7461,790,2010,1713,22,299,0,1451,135,741,0,2205,0,113,0,-1,-5,-2028,16,7461
2026/5/27,7:00,7436,792,1956,1735,22,288,0,1435,137,740,0,2947,0,87,0,-1,-6,-2718,22,7436
2026/5/27,7:30,7732,790,1400,1602,22,271,158,1469,136,745,0,4043,0,88,0,-3,-18,-2830,17,7732
2026/5/27,8:00,8383,788,1484,1484,24,363,353,1441,141,755,0,5107,0,71,0,-205,6,-3090,14,8383
2026/5/27,8:30,8920,788,1348,1380,24,363,353,1433,140,748,0,5848,0,63,0,-221,-3,-3004,13,8920
2026/5/27,9:00,9279,792,1426,1360,24,288,353,1313,133,719,0,6254,45,55,0,-223,9,-2886,15,9279
2026/5/27,9:30,9464,788,1526,1437,25,262,353,1288,130,712,0,6370,334,50,0,-221,-3,-2918,18,9464
2026/5/27,10:00,9500,788,1508,1461,25,257,353,1293,128,713,0,6502,310,45,0,-223,-2,-3010,15,9500
2026/5/27,10:30,9664,788,1656,1477,25,260,353,1283,130,713,0,6540,323,45,0,-221,-3,-3044,15,9664
2026/5/27,11:00,9772,790,1858,1481,26,265,353,1282,131,715,0,6396,406,49,0,-221,-2,-3010,12,9772
2026/5/27,11:30,9746,792,1774,1490,27,265,353,1300,130,719,0,6333,378,61,0,-221,-8,-2930,14,9746
2026/5/27,12:00,9416,790,1674,1530,27,265,353,1342,129,727,0,6111,384,90,0,-221,-41,-3016,9,9416
2026/5/27,12:30,9388,786,1718,1543,26,275,353,1337,127,725,0,5986,299,119,0,-219,-40,-3002,7,9388
2026/5/27,13:00,9787,788,1988,1616,26,332,353,1357,130,724,0,5746,273,149,0,-221,0,-2860,12,9787
2026/5/27,13:30,9927,792,2194,1755,26,351,353,1473,137,750,0,5436,7,165,0,-219,3,-2946,10,9927
2026/5/27,14:00,9827,788,2034,1876,27,429,0,1617,143,762,0,4866,0,157,0,-1,13,-2894,10,9827
2026/5/27,14:30,9806,794,2436,2177,27,439,0,1665,143,769,0,4067,0,188,0,-1,3,-2910,9,9806
2026/5/27,15:00,9689,786,2736,2389,28,446,0,1673,143,766,0,3244,0,184,0,-1,-33,-2684,12,9689
2026/5/27,15:30,9593,790,2908,2485,29,464,0,1678,142,764,0,2431,0,201,0,191,-5,-2498,13,9593
2026/5/27,16:00,9571,790,3120,2541,28,470,0,1752,140,758,0,1747,0,195,0,213,0,-2196,13,9571
2026/5/27,16:30,9368,792,3328,2539,28,470,0,1730,135,749,0,1168,0,173,0,389,-3,-2140,10,9368
2026/5/27,17:00,9109,788,3006,2526,28,470,0,1803,137,752,0,696,0,174,0,401,1,-1690,17,9109
2026/5/27,17:30,8949,788,3070,2541,28,474,0,1799,135,746,0,338,0,178,0,419,2,-1584,15,8949
2026/5/27,18:00,8923,790,3322,2520,28,473,0,1778,134,748,0,157,0,175,0,415,37,-1672,18,8923
2026/5/27,18:30,8880,794,3294,2485,28,458,0,1785,133,742,0,17,0,185,0,415,33,-1506,17,8880
2026/5/27,19:00,8759,790,2928,2528,28,462,0,1768,131,745,0,0,0,146,0,199,-3,-978,15,8759
2026/5/27,19:30,8645,788,2860,2545,28,461,0,1767,134,745,0,0,0,123,0,187,-3,-1004,14,8645
2026/5/27,20:00,8380,792,2798,2455,28,458,0,1722,134,744,0,0,0,124,0,191,-2,-1080,16,8380
2026/5/27,20:30,8264,788,2918,2410,27,449,0,1717,135,742,0,0,0,129,0,197,-1,-1262,15,8264
2026/5/27,21:00,8027,790,3084,2349,26,441,0,1631,134,749,0,0,0,117,0,-1,-1,-1304,12,8027
2026/5/27,21:30,7781,792,2820,2345,25,439,0,1604,131,755,0,0,0,121,0,-1,-1,-1258,9,7781
2026/5/27,22:00,7667,792,2616,2345,24,313,0,1510,134,752,0,0,0,165,0,-1,-1,-996,14,7667
2026/5/27,22:30,7481,790,2388,2339,23,293,0,1497,135,754,0,0,0,214,0,-1,-2,-964,15,7481
2026/5/27,23:00,7310,790,2116,2339,23,292,0,1480,135,752,0,0,0,275,0,-1,-1,-896,6,7310
2026/5/27,23:30,7250,792,2148,2334,22,295,0,1462,135,755,0,0,0,334,0,-1,-2,-1028,4,7250
2026/5/28,0:00,7056,790,2020,2336,21,294,0,1418,135,754,0,0,0,309,0,-1,-2,-1020,2,7056
2026/5/28,0:30,6822,792,1682,2339,21,296,0,1417,133,751,0,0,0,269,0,-1,-1,-878,2,6822
2026/5/28,1:00,6877,790,1902,2330,21,286,0,1410,135,754,0,0,0,192,0,-1,-2,-942,2,6877
2026/5/28,1:30,6766,792,1756,2340,20,290,0,1411,134,755,0,0,0,178,0,-1,-1,-910,2,6766
2026/5/28,2:00,6890,790,1668,2334,20,288,0,1410,135,750,0,0,0,176,0,-1,-2,-680,2,6890
2026/5/28,2:30,6971,790,1668,2350,20,289,0,1418,135,754,0,0,0,159,0,-1,-1,-612,2,6971
2026/5/28,3:00,7091,792,1582,2340,21,285,0,1408,133,753,0,0,0,168,0,-1,-1,-392,3,7091
2026/5/28,3:30,7142,788,1610,2334,22,291,0,1410,135,754,0,0,0,184,0,-1,-1,-386,2,7142
2026/5/28,4:00,7237,790,1640,2336,23,288,0,1417,135,753,0,2,0,184,0,-1,0,-332,2,7237
2026/5/28,4:30,7304,794,1652,2338,24,291,0,1404,134,749,0,104,0,145,0,-1,-2,-330,2,7304
2026/5/28,5:00,7198,788,1402,2338,25,290,0,1447,135,756,0,348,0,162,0,-1,-3,-492,3,7198
2026/5/28,5:30,7282,792,1340,2309,24,287,0,1476,133,758,0,738,0,164,0,-1,-1,-740,3,7282
2026/5/28,6:00,7172,792,1882,2222,24,288,0,1513,136,760,0,1065,0,144,0,-211,-5,-1446,8,7172
2026/5/28,6:30,7517,788,2162,2214,23,290,0,1497,135,755,0,1469,0,130,0,-223,-2,-1738,17,7517
2026/5/28,7:00,7526,790,1902,2014,22,293,0,1513,136,758,0,2111,0,94,0,-431,-2,-1696,22,7526
2026/5/28,7:30,7849,792,1602,1802,23,326,0,1537,133,760,0,2917,0,88,0,-437,-49,-1662,17,7849
2026/5/28,8:00,8444,786,2038,1631,24,387,0,1474,130,755,0,3605,0,86,0,-223,-41,-2222,14,8444
2026/5/28,8:30,9134,792,2288,1635,26,393,0,1484,132,745,0,4159,0,72,0,-221,26,-2410,13,9134
2026/5/28,9:00,9406,790,2252,1554,26,390,0,1486,134,748,0,4917,0,54,0,-1,38,-2998,16,9406
2026/5/28,9:30,9632,790,2178,1543,26,391,0,1537,138,757,0,5271,0,45,0,-1,8,-3070,19,9632
2026/5/28,10:00,9685,790,1976,1477,28,391,0,1493,134,721,0,5593,0,54,0,-1,-4,-2982,15,9685
2026/5/28,10:30,9832,792,2154,1485,28,371,0,1470,134,645,0,5562,316,68,0,-1,-3,-2888,15,9832
2026/5/28,11:00,9901,790,2446,1483,28,313,610,1444,132,597,168,5434,330,71,0,-1,-2,-2846,12,9901
2026/5/28,11:30,10007,788,2648,1572,29,312,610,1467,133,602,169,5371,255,88,0,-1,-5,-3010,13,10007
2026/5/28,12:00,9631,792,2544,1624,29,318,566,1521,134,609,171,5192,92,92,0,-1,-41,-3192,10,9631
2026/5/28,12:30,9502,788,2842,1649,27,317,601,1520,132,608,174,4651,82,92,0,-1,-41,-3090,8,9502
2026/5/28,13:00,9920,790,3244,2032,27,418,0,1604,137,655,0,4019,0,83,0,-1,0,-3100,12,9920
2026/5/28,13:30,10088,790,3676,2326,27,455,0,1586,136,722,0,3279,0,107,0,-1,2,-3026,9,10088
2026/5/28,14:00,10040,786,3906,2490,27,460,0,1613,133,748,0,2436,0,153,0,-1,0,-2722,11,10040
2026/5/28,14:30,9950,790,4032,2533,28,462,0,1618,131,753,0,1850,0,207,0,201,4,-2668,9,9950
2026/5/28,15:00,9725,790,3792,2621,28,461,0,1604,132,748,0,1354,0,170,0,413,2,-2402,12,9725
2026/5/28,15:30,9649,790,3814,2727,28,464,0,1613,130,746,0,956,0,141,0,417,37,-2228,14,9649
2026/5/28,16:00,9533,788,3650,2730,29,468,0,1638,129,740,0,670,0,171,0,421,27,-1942,14,9533
2026/5/28,16:30,9218,792,3390,2748,28,467,0,1651,131,742,0,472,0,154,0,423,2,-1792,10,9218
2026/5/28,17:00,8979,790,3080,2754,28,465,0,1694,134,742,0,319,0,143,0,205,0,-1392,17,8979
2026/5/28,17:30,8944,794,3236,2751,28,470,0,1721,133,741,0,171,0,140,0,207,-1,-1462,15,8944
2026/5/28,18:00,8818,790,3324,2750,28,469,0,1757,133,741,0,59,0,148,0,205,3,-1608,19,8818
2026/5/28,18:30,8773,788,3288,2754,28,469,0,1776,132,740,0,8,0,138,0,209,0,-1576,19,8773
2026/5/28,19:00,8550,792,3120,2758,28,469,0,1787,134,741,0,0,0,138,0,209,-2,-1640,16,8550
2026/5/28,19:30,8620,790,3326,2738,28,471,0,1783,134,744,0,0,0,186,0,205,-1,-1798,14,8620
2026/5/28,20:00,8429,792,3500,2568,26,471,0,1748,134,743,0,0,0,193,0,-1,-1,-1760,16,8429
2026/5/28,20:30,8240,794,3474,2413,26,461,0,1747,133,742,0,0,0,203,0,-1,-1,-1766,15,8240
2026/5/28,21:00,8044,788,2994,2359,25,456,0,1646,134,743,0,0,0,241,0,-1,-3,-1350,12,8044
2026/5/28,21:30,7809,792,2750,2334,25,455,0,1632,133,745,0,0,0,327,0,-1,-3,-1388,8,7809
2026/5/28,22:00,7776,790,3038,2345,23,309,0,1556,134,743,0,0,0,427,0,-1,-2,-1600,14,7776
2026/5/28,22:30,7510,790,2668,2342,23,288,0,1550,131,747,0,0,0,567,0,-1,-14,-1596,15,7510
2026/5/28,23:00,7379,792,2536,2334,22,291,0,1536,134,747,0,0,0,667,0,-1,-1,-1684,6,7379
2026/5/28,23:30,7262,792,2378,2349,22,287,0,1532,134,750,0,0,0,726,0,-1,-1,-1710,4,7262
2026/5/29,0:00,7039,792,1766,2365,22,274,0,1501,134,747,0,0,0,854,0,-1,-3,-1414,2,7039
2026/5/29,0:30,6945,790,1572,2400,21,260,0,1515,134,750,0,0,0,1017,0,-1,-3,-1512,2,6945
2026/5/29,1:00,6887,792,1650,2319,20,261,0,1559,132,750,0,0,0,1080,0,-1,-3,-1674,2,6887
2026/5/29,1:30,6815,788,1444,2413,20,258,0,1556,135,750,0,0,0,1199,0,-1,-3,-1746,2,6815
2026/5/29,2:00,6914,794,1536,2333,20,242,0,1556,134,748,0,0,0,1293,0,-1,12,-1756,3,6914
2026/5/29,2:30,6971,792,1590,2297,21,230,0,1561,134,745,0,0,0,1342,0,-1,-1,-1742,3,6971
2026/5/29,3:00,7120,788,1650,2338,22,230,0,1565,135,745,0,0,0,1293,0,-1,-2,-1646,3,7120
2026/5/29,3:30,7160,794,1528,2352,23,231,0,1565,132,745,0,0,0,1417,0,-1,-2,-1626,2,7160
2026/5/29,4:00,7330,790,1688,2196,23,215,0,1553,134,747,0,2,0,1586,0,-1,-2,-1604,3,7330
2026/5/29,4:30,7236,790,1616,2061,24,205,0,1542,132,741,0,92,0,1535,0,-1,-1,-1502,2,7236
2026/5/29,5:00,7241,796,1662,1922,24,194,0,1546,134,741,0,296,0,1528,0,-1,-3,-1600,2,7241
2026/5/29,5:30,7255,788,1752,1606,24,182,0,1578,136,738,0,695,0,1542,0,-1,-2,-1786,3,7255
2026/5/29,6:00,7139,794,1766,1385,23,138,0,1594,136,705,0,1282,0,1476,0,-1,-5,-2162,8,7139
2026/5/29,6:30,7265,788,1384,1244,23,112,297,1623,135,635,0,2073,0,1538,0,-1,-5,-2300,16,7265
2026/5/29,7:00,7376,792,1180,1121,23,113,230,1701,139,599,139,2986,0,1224,290,-1,-39,-2484,22,7376
2026/5/29,7:30,7693,790,1106,1050,23,110,216,1738,143,606,139,3731,32,926,550,-1,-39,-2508,18,7693
2026/5/29,8:00,8222,792,1470,1110,24,114,411,1673,136,580,138,4297,245,820,740,-1,43,-2850,14,8222
2026/5/29,8:30,8734,790,1730,1174,23,112,411,1617,133,559,138,4877,372,525,970,-1,14,-2832,13,8734
2026/5/29,9:00,8994,788,1962,1165,23,112,409,1564,134,553,138,5122,501,465,992,-1,0,-2908,15,8994
2026/5/29,9:30,9081,792,2256,1160,23,110,362,1565,132,539,137,5214,622,459,1063,-213,-1,-2972,17,9081
2026/5/29,10:00,9057,792,2096,1167,22,117,315,1561,134,527,136,5266,919,440,1120,-223,-1,-2856,15,9057
2026/5/29,10:30,9165,788,2176,1162,22,114,265,1565,136,519,176,5583,815,490,1115,-431,-2,-2972,15,9165
2026/5/29,11:00,9098,792,2094,1165,22,117,256,1563,135,518,175,5632,898,497,1132,-439,-2,-3008,12,9098
2026/5/29,11:30,9037,788,1890,1168,23,113,260,1570,135,521,176,5757,868,496,1143,-441,-6,-2990,13,9037
2026/5/29,12:00,8619,794,1578,1159,22,114,203,1595,135,524,175,5745,1026,466,1130,-437,-42,-3044,10,8619
2026/5/29,12:30,8563,790,1532,1192,22,111,205,1607,135,523,175,5678,1078,451,1159,-439,-41,-3008,10,8563
2026/5/29,13:00,8864,790,1446,1221,23,134,285,1619,135,520,176,5882,784,507,1123,-437,-2,-2986,12,8864
2026/5/29,13:30,8963,790,1640,1232,23,132,293,1633,136,520,176,5793,682,496,1107,-435,-2,-3004,9,8963
2026/5/29,14:00,8900,786,1596,1241,22,137,339,1653,133,523,176,5289,787,708,843,-223,-2,-2974,11,8900
2026/5/29,14:30,8855,790,1482,1255,22,141,402,1648,136,525,176,4825,649,1052,553,-1,-3,-3030,13,8855
2026/5/29,15:00,8741,792,1490,1210,24,149,439,1745,142,552,177,4440,349,1180,467,-1,-19,-2976,13,8741
2026/5/29,15:30,8705,790,1442,1228,23,147,500,1833,148,607,0,3842,172,1540,131,-1,0,-2910,16,8705
2026/5/29,16:00,8731,794,1594,1241,24,167,0,1858,147,684,0,3098,0,1853,0,-1,-8,-2736,16,8731
2026/5/29,16:30,8576,792,1858,1376,24,255,0,1822,145,729,0,2101,0,1848,0,183,-5,-2570,18,8576
2026/5/29,17:00,8415,788,2234,1621,24,315,0,1778,142,734,0,1187,0,1780,0,213,2,-2420,17,8415
2026/5/29,17:30,8421,790,2904,1755,25,335,0,1787,141,741,0,503,0,1723,0,215,36,-2552,18,8421
2026/5/29,18:00,8396,792,3182,1996,25,344,0,1723,139,732,0,202,0,1678,0,205,37,-2678,19,8396
2026/5/29,18:30,8229,792,2952,2071,26,343,0,1736,140,731,0,29,0,1625,0,215,2,-2452,19,8229
2026/5/29,19:00,8285,790,2668,2172,27,346,0,1735,138,732,0,0,0,1593,0,191,-2,-2120,15,8285
2026/5/29,19:30,8164,794,2614,2171,27,325,0,1742,140,736,0,0,0,1549,0,197,-1,-2146,16,8164
2026/5/29,20:00,7991,788,2672,2169,26,318,0,1731,140,735,0,0,0,1506,0,189,-2,-2296,15,7991
2026/5/29,20:30,7815,792,2634,2172,25,314,0,1726,140,736,0,0,0,1483,0,-1,-1,-2220,15,7815
2026/5/29,21:00,7559,792,2564,2169,24,313,0,1673,139,733,0,0,0,1533,0,-1,-3,-2392,15,7559
2026/5/29,21:30,7524,792,2724,2166,23,312,0,1670,139,732,0,0,0,1532,0,-1,-1,-2574,10,7524
2026/5/29,22:00,7301,792,2540,2172,22,178,0,1603,139,738,0,0,0,1594,0,-1,-1,-2488,13,7301
2026/5/29,22:30,7243,788,2574,2104,22,158,0,1602,139,731,0,0,0,1642,0,-1,-3,-2528,15,7243
2026/5/29,23:00,7095,790,2564,2033,22,161,0,1558,138,735,0,0,0,1653,0,-1,-1,-2564,7,7095
2026/5/29,23:30,6868,788,2546,1850,21,158,0,1550,137,735,0,0,0,1580,0,-1,9,-2510,5,6868
2026/5/30,0:00,6733,796,2002,1901,21,161,0,1519,139,736,0,0,0,1566,0,0,-2,-2108,2,6733
2026/5/30,0:30,6665,788,2068,1857,20,157,0,1512,139,736,0,0,0,1635,0,0,-1,-2248,2,6665
2026/5/30,1:00,6604,792,2014,1899,19,162,0,1514,138,736,0,0,0,1768,0,0,0,-2440,2,6604
2026/5/30,1:30,6571,792,1916,1915,19,163,0,1508,139,737,0,0,0,1803,0,0,-1,-2422,2,6571
2026/5/30,2:00,6662,790,2186,1919,19,159,0,1505,138,736,0,0,0,1790,0,0,-2,-2580,2,6662
2026/5/30,2:30,6766,792,2292,1926,20,160,0,1510,139,736,0,0,0,1768,0,0,0,-2580,3,6766
2026/5/30,3:00,6902,790,2164,1936,21,159,0,1528,139,735,0,0,0,1794,0,0,0,-2366,2,6902
2026/5/30,3:30,6912,788,2196,1939,21,162,0,1530,140,735,0,0,0,1750,0,0,-1,-2350,2,6912
2026/5/30,4:00,7009,794,2628,1750,22,161,0,1525,137,730,0,6,0,1772,0,0,-2,-2516,2,7009
2026/5/30,4:30,7039,790,2610,1655,23,162,0,1507,138,721,0,147,0,1824,0,0,0,-2540,2,7039
2026/5/30,5:00,6945,792,2394,1375,24,157,0,1522,139,691,0,405,0,1847,0,0,-3,-2400,2,6945
2026/5/30,5:30,6811,792,2438,1202,22,139,0,1516,140,618,0,1004,0,1431,428,-212,0,-2282,3,6811
2026/5/30,6:00,6604,790,2054,1057,22,115,379,1416,140,571,159,1898,0,1258,471,-222,0,-2500,5,6604
2026/5/30,6:30,6684,794,1466,1060,20,111,225,1455,143,579,159,2698,185,1271,468,-222,-24,-2678,11,6684
2026/5/30,7:00,6839,792,1464,1058,20,107,200,1398,139,566,160,3318,466,1151,490,-426,0,-2770,22,6839
2026/5/30,7:30,6803,788,1682,1060,20,109,128,1344,135,550,159,3208,1163,928,477,-440,21,-2620,18,6803
2026/5/30,8:00,7112,794,1862,1147,20,112,120,1350,134,547,157,3593,1778,938,538,-220,-4,-3176,15,7112
2026/5/30,8:30,7390,790,1888,1106,20,111,85,1339,133,544,156,4023,1827,952,511,-220,1,-3314,17,7390
2026/5/30,9:00,7458,790,1832,1121,20,110,54,1328,135,542,155,4199,2256,936,481,-222,-3,-3346,16,7458
2026/5/30,9:30,7750,792,1766,1162,20,109,37,1329,135,532,154,4524,2190,989,502,-220,-12,-3394,18,7750
2026/5/30,10:00,7606,790,1448,1165,19,107,36,1322,135,519,150,4795,2111,1022,500,-220,-2,-3512,18,7606
2026/5/30,10:30,7787,788,1518,1168,19,110,36,1329,136,513,190,4914,2149,1027,503,-220,-4,-3526,15,7787
2026/5/30,11:00,7782,794,1628,1151,20,111,36,1355,135,515,190,4802,2102,1010,513,-220,-2,-3532,15,7782
2026/5/30,11:30,7833,792,1870,1164,21,114,36,1346,134,515,191,4813,1975,1012,545,-424,-2,-3538,16,7833
2026/5/30,12:00,7713,788,1888,1161,22,112,35,1344,136,518,191,4786,1924,928,518,-434,-5,-3544,13,7713
2026/5/30,12:30,7578,792,1622,1167,21,112,36,1341,133,515,191,4525,2028,1124,147,-220,-33,-3534,13,7578
2026/5/30,13:00,7593,788,1270,1165,21,112,36,1331,135,512,191,4665,1908,1172,131,-219,-39,-3332,12,7593
2026/5/30,13:30,7719,794,1186,1124,21,110,69,1325,135,511,192,4832,1551,1150,132,-1,0,-3482,14,7719
2026/5/30,14:00,7640,786,982,1056,20,112,108,1352,134,512,192,4987,1080,1215,134,-1,4,-3530,11,7640
2026/5/30,14:30,7634,794,990,1056,21,112,160,1469,141,535,193,4592,876,1329,128,-1,-16,-3398,10,7634
2026/5/30,15:00,7577,790,1256,1097,22,120,225,1509,145,547,194,3929,766,1347,121,-1,2,-3198,12,7577
2026/5/30,15:30,7612,792,1710,1183,23,123,311,1539,151,551,195,3264,632,1416,119,-1,10,-3162,13,7612
2026/5/30,16:00,7645,792,1721,1266,23,124,325,1519,150,540,195,2899,0,1633,0,-1,29,-3064,14,7645
2026/5/30,16:30,7534,792,1970,1543,24,141,0,1507,150,580,0,2011,0,1659,0,-1,-40,-2812,10,7534
2026/5/30,17:00,7555,790,2374,1811,24,245,0,1499,149,650,0,1150,0,1528,0,-1,-23,-2658,17,7555
2026/5/30,17:30,7665,792,2526,2110,24,311,0,1525,150,702,0,507,0,1448,0,187,1,-2632,14,7665
2026/5/30,18:00,7626,792,2686,2162,25,316,0,1495,148,712,0,206,0,1333,0,383,3,-2656,21,7626
2026/5/30,18:30,7705,788,2862,2163,25,310,0,1511,149,719,0,31,0,1329,0,421,37,-2656,16,7705
2026/5/30,19:00,7720,792,3216,2168,26,314,0,1508,148,722,0,0,0,1227,0,405,25,-2846,15,7720
2026/5/30,19:30,7486,792,2876,2167,26,309,0,1510,150,725,0,0,0,1133,0,403,-2,-2616,13,7486
2026/5/30,20:00,7418,788,2598,2163,25,313,0,1498,147,724,0,0,0,1031,0,413,-1,-2296,15,7418
2026/5/30,20:30,7206,792,2596,2167,24,307,0,1496,150,724,0,0,0,948,0,189,-3,-2198,14,7206
2026/5/30,21:00,7058,794,2452,2171,24,261,0,1454,149,723,0,0,0,1002,0,1,-3,-1982,12,7058
2026/5/30,21:30,6895,790,2358,2170,23,288,0,1442,149,723,0,0,0,1021,0,-1,-2,-2074,8,6895
2026/5/30,22:00,6784,792,2366,2166,22,176,0,1426,148,725,0,0,0,1070,0,-1,-2,-2118,14,6784
2026/5/30,22:30,6738,790,2212,2171,21,152,0,1420,150,720,0,0,0,1116,0,169,-3,-2192,12,6738
2026/5/30,23:00,6627,790,2206,2146,22,154,0,1409,150,719,0,0,0,1071,0,187,-3,-2234,10,6627
2026/5/30,23:30,6455,794,2116,2068,21,153,0,1402,147,719,0,0,0,1066,0,187,-2,-2220,4,6455
2026/5/31,0:00,6278,794,1798,2028,21,155,0,1320,149,720,0,0,0,1033,0,-1,-2,-1740,3,6278
2026/5/31,0:30,6221,790,1860,2017,20,154,0,1315,150,723,0,0,0,1032,0,-1,-11,-1830,2,6221
2026/5/31,1:00,6139,788,1910,1959,19,156,0,1314,149,730,0,0,0,934,0,0,-30,-1792,2,6139
2026/5/31,1:30,6129,796,1954,1876,19,156,0,1315,150,727,0,0,0,858,0,0,-21,-1704,3,6129
2026/5/31,2:00,6204,788,1800,1858,19,155,0,1311,149,728,0,0,0,829,0,198,-2,-1632,3,6204
2026/5/31,2:30,6206,792,1756,1820,19,158,0,1318,150,725,0,0,0,759,0,220,-1,-1512,2,6206
2026/5/31,3:00,6403,796,1756,1800,21,154,0,1318,150,724,0,0,0,750,0,214,-1,-1282,3,6403
2026/5/31,3:30,6500,790,2056,1917,21,159,0,1322,150,724,0,0,0,626,0,206,-1,-1472,2,6500
2026/5/31,4:00,6564,792,2178,2026,22,158,0,1323,148,727,0,6,0,550,0,216,-2,-1582,2,6564
2026/5/31,4:30,6525,786,2174,1917,23,155,0,1306,150,722,0,155,0,491,0,196,-2,-1550,2,6525
2026/5/31,5:00,6469,796,1990,1768,23,151,0,1308,153,728,0,446,0,443,0,2,-2,-1340,3,6469
2026/5/31,5:30,6585,790,2170,1666,22,136,0,1323,153,694,0,957,0,385,0,0,4,-1718,3,6585
2026/5/31,6:00,6313,790,2250,1588,21,113,294,1360,151,618,0,1749,0,343,0,-210,6,-2474,8,6313
2026/5/31,6:30,6327,794,1668,1444,20,114,235,1388,153,577,157,2726,0,278,0,-224,-9,-2616,14,6327
2026/5/31,7:00,6401,788,1452,1338,20,109,180,1359,154,576,168,3337,256,211,1,-420,-10,-2534,21,6401
2026/5/31,7:30,6625,794,1830,1311,20,108,138,1268,146,553,168,3298,847,183,16,-436,5,-2472,17,6625
2026/5/31,8:00,6659,786,1542,1282,20,110,39,1334,149,560,165,3745,1280,240,24,-222,-13,-2888,14,6659
2026/5/31,8:30,6947,796,1494,1253,20,110,37,1275,147,545,164,4273,1383,282,15,-222,17,-3056,13,6947
2026/5/31,9:00,7062,790,1676,1173,20,111,37,1269,147,545,163,4340,1965,292,13,-220,-2,-3094,15,7062
2026/5/31,9:30,7186,792,1640,1171,20,112,35,1264,146,535,163,4567,2143,279,21,-222,-1,-3134,17,7186
2026/5/31,10:00,7268,784,1630,1170,20,107,31,1246,146,523,163,4846,2180,295,21,-426,-3,-3084,14,7268
2026/5/31,10:30,7375,794,1714,1169,20,112,34,1246,146,516,203,4945,2237,320,21,-434,-1,-3188,16,7375
2026/5/31,11:00,7375,792,1558,1176,20,109,34,1245,146,514,203,5031,2337,319,23,-220,-1,-3326,12,7375
2026/5/31,11:30,7500,788,1568,1161,22,110,34,1248,144,515,203,5231,2168,300,22,-220,-7,-3374,14,7500
2026/5/31,12:00,7566,792,1700,1186,22,109,35,1238,146,515,203,5149,2162,304,24,-220,-45,-3340,10,7566
2026/5/31,12:30,7492,792,1720,1249,21,111,37,1244,146,515,204,5013,2117,318,23,-220,-41,-3384,8,7492
2026/5/31,13:00,7549,792,1720,1265,21,113,36,1230,145,515,205,4906,1951,324,23,-220,-5,-3268,11,7549
2026/5/31,13:30,7556,792,1572,1256,22,113,41,1256,145,515,206,5040,1199,358,22,-218,-2,-3302,9,7556
2026/5/31,14:00,7509,790,1356,1396,21,110,48,1342,149,527,206,4673,1020,404,23,-2,-3,-3266,12,7509
2026/5/31,14:30,7517,792,1444,1557,21,110,75,1452,155,553,207,4172,851,418,23,0,-3,-3168,14,7517
2026/5/31,15:00,7518,790,1528,1753,22,110,182,1505,155,613,0,3660,717,375,25,0,-2,-3004,13,7518
2026/5/31,15:30,7508,788,1931,1831,24,113,290,1533,158,698,0,3084,567,327,24,0,-3,-2992,16,7508
2026/5/31,16:00,7544,790,1924,1879,24,211,0,1525,154,727,0,2797,0,304,0,0,0,-2806,15,7544
2026/5/31,16:30,7583,792,2296,1969,24,251,0,1506,152,737,0,2041,0,257,0,156,-2,-2614,18,7583
2026/5/31,17:00,7717,792,2420,2132,25,252,0,1515,151,742,0,1223,0,221,0,220,3,-1996,17,7717
2026/5/31,17:30,7698,792,2826,2166,26,261,0,1525,152,740,0,532,0,183,0,216,-3,-1734,16,7698
2026/5/31,18:00,7778,792,3070,2175,26,280,0,1506,148,728,0,208,0,150,0,210,1,-1534,18,7778
2026/5/31,18:30,7824,790,3268,2179,26,282,0,1510,151,731,0,30,0,125,0,218,1,-1504,17,7824
2026/5/31,19:00,7823,790,3324,2176,27,283,0,1513,151,736,0,0,0,104,0,200,-3,-1494,16,7823
2026/5/31,19:30,7707,792,3176,2178,27,282,0,1513,151,736,0,0,0,101,0,194,-2,-1458,17,7707
2026/5/31,20:00,7490,792,2916,2171,26,283,0,1510,151,734,0,0,0,105,0,194,-2,-1406,16,7490
2026/5/31,20:30,7303,792,2830,2179,25,282,0,1505,149,736,0,0,0,100,0,194,-2,-1502,15,7303
2026/5/31,21:00,7237,796,2872,2169,24,280,0,1509,150,735,0,0,0,116,0,208,-2,-1634,14,7237
2026/5/31,21:30,7002,786,2792,2175,23,284,0,1499,147,732,0,0,0,132,0,200,-2,-1776,10,7002
2026/5/31,22:00,6778,790,2590,2180,22,186,0,1484,149,736,0,0,0,131,0,202,33,-1738,13,6778
2026/5/31,22:30,6719,794,2570,2173,22,175,0,1479,150,734,0,0,0,116,0,200,41,-1750,15,6719
2026/5/31,23:00,6711,788,2184,2174,22,178,0,1484,150,734,0,0,0,125,0,198,9,-1340,5,6711
2026/5/31,23:30,6345,792,1684,2171,21,176,0,1476,150,733,0,0,0,164,0,2,9,-1036,3,6345
