単位[MW平均],,,供給力,,,,,,,,,,,,,,,,
DATE,TIME,エリア需要,原子力,火力(LNG),火力(石炭),火力(石油),火力(その他),水力,地熱,バイオマス,太陽光発電実績,太陽光出力制御量,風力発電実績,風力出力制御量,揚水,蓄電池,連系線,その他,合計
2024/3/1,0:00,8893,0,4614,4430,164,296,1527,164,571,0,0,290,0,2,-1,-3172,7,8892
2024/3/1,0:30,8660,0,4016,4367,165,299,1517,163,570,0,0,329,0,2,-1,-2774,6,8659
2024/3/1,1:00,8875,0,4344,4392,165,296,1525,164,560,0,0,325,0,2,-1,-2904,6,8874
2024/3/1,1:30,8993,0,4264,4499,168,297,1527,165,561,0,0,352,0,2,-1,-2850,8,8992
2024/3/1,2:00,9212,0,4300,4772,167,299,1526,163,558,0,0,418,0,2,-1,-3002,9,9211
2024/3/1,2:30,9359,0,4260,4850,167,299,1534,165,559,0,0,387,0,2,-1,-2872,8,9358
2024/3/1,3:00,9508,0,4390,5169,169,298,1589,164,561,0,0,347,0,2,-1,-3188,7,9507
2024/3/1,3:30,9544,0,4436,5125,169,299,1605,166,554,0,0,385,0,2,-1,-3204,7,9543
2024/3/1,4:00,9677,0,4594,5214,171,296,1626,162,556,0,0,405,0,2,-1,-3356,7,9676
2024/3/1,4:30,9815,0,4714,5282,170,293,1637,165,556,0,0,405,0,2,-1,-3416,7,9814
2024/3/1,5:00,10052,0,4722,5601,173,291,1649,164,554,0,0,382,0,2,-1,-3496,10,10051
2024/3/1,5:30,10374,0,5390,5643,211,295,1655,165,553,0,0,379,0,2,-1,-3930,11,10373
2024/3/1,6:00,10667,0,5638,5792,272,297,1709,163,554,8,0,396,0,2,8,-4176,12,10675
2024/3/1,6:30,10823,0,5604,5963,295,295,1712,163,548,17,0,409,0,2,2,-4206,21,10825
2024/3/1,7:00,10843,0,5570,5882,414,301,1708,162,540,56,0,376,0,2,7,-4198,30,10850
2024/3/1,7:30,11251,0,5974,6002,443,356,1712,164,547,95,0,362,0,2,-3,-4430,24,11248
2024/3/1,8:00,11700,0,5964,6134,479,455,1685,163,552,153,0,396,0,2,-22,-4304,21,11678
2024/3/1,8:30,12035,0,5764,6146,465,453,1690,162,558,229,0,374,0,2,6,-3830,22,12041
2024/3/1,9:00,12244,0,5488,6077,482,446,1615,165,566,477,0,326,0,2,3,-3420,20,12247
2024/3/1,9:30,12126,0,5280,5840,402,448,1612,166,594,769,0,287,0,2,-4,-3298,24,12122
2024/3/1,10:00,11845,0,4920,5653,297,449,1555,168,621,980,0,274,0,2,9,-3096,22,11854
2024/3/1,10:30,11675,0,4532,5572,296,436,1569,171,655,1143,0,283,0,2,3,-3004,20,11678
2024/3/1,11:00,11550,0,3978,5556,327,434,1569,173,673,1559,0,264,0,2,-2,-3002,17,11548
2024/3/1,11:30,11196,0,3572,4936,299,435,1548,170,645,2295,0,232,0,0,9,-2956,20,11205
2024/3/1,12:00,10826,0,3546,4620,194,431,1518,169,642,2536,0,234,0,-210,1,-2872,18,10827
2024/3/1,12:30,10533,0,3490,4169,171,435,1503,167,612,2754,0,253,0,-222,-41,-2810,11,10492
2024/3/1,13:00,10806,0,3782,4172,170,434,1501,171,628,2961,0,275,0,2,5,-3308,18,10811
2024/3/1,13:30,10732,0,3736,4033,170,430,1508,169,646,3108,0,303,0,2,0,-3386,13,10732
2024/3/1,14:00,10658,0,3554,3988,172,425,1573,170,643,3063,0,333,0,2,9,-3284,19,10667
2024/3/1,14:30,10567,0,4016,3870,178,429,1597,169,644,2464,0,341,0,2,3,-3162,19,10570
2024/3/1,15:00,10536,0,4034,3875,174,421,1679,168,616,1854,0,594,0,2,-1,-2898,17,10535
2024/3/1,15:30,10566,0,3912,4111,174,423,1686,165,597,1281,0,851,0,2,0,-2652,16,10566
2024/3/1,16:00,10677,0,4538,4333,175,422,1729,164,564,855,0,1008,0,2,12,-3136,23,10689
2024/3/1,16:30,11008,0,5552,4841,176,423,1727,162,557,389,0,1058,0,2,3,-3898,19,11011
2024/3/1,17:00,10806,0,5646,5423,178,424,1742,165,577,66,0,1008,0,2,4,-4448,23,10810
2024/3/1,17:30,11132,0,5782,5895,252,421,1747,164,584,0,0,1062,0,138,0,-4932,19,11132
2024/3/1,18:00,11005,0,5448,6041,277,429,1743,164,584,0,0,1100,0,144,-5,-4950,25,11000
2024/3/1,18:30,10982,0,5486,6059,201,432,1750,164,583,0,0,1124,0,144,-1,-4980,19,10981
2024/3/1,19:00,10778,0,5544,5985,178,436,1743,167,580,0,0,1176,0,142,-1,-5194,21,10777
2024/3/1,19:30,10702,0,5732,6027,178,432,1749,163,576,0,0,1217,0,2,-1,-5390,16,10701
2024/3/1,20:00,10502,0,5468,5981,177,436,1706,163,575,0,0,1271,0,2,-1,-5298,21,10501
2024/3/1,20:30,10404,0,5242,6010,174,428,1700,164,579,0,0,1354,0,2,-1,-5268,19,10403
2024/3/1,21:00,10217,0,5276,5941,177,422,1697,166,576,0,0,1414,0,2,-1,-5470,16,10216
2024/3/1,21:30,9896,0,5046,5761,174,423,1686,163,575,0,0,1477,0,2,-1,-5422,11,9895
2024/3/1,22:00,9825,0,4814,5481,171,289,1622,164,562,0,0,1511,0,2,-1,-4812,21,9824
2024/3/1,22:30,9509,0,4212,5255,172,262,1563,164,561,0,0,1618,0,2,-1,-4316,16,9508
2024/3/1,23:00,9875,0,4142,5262,173,264,1502,165,556,0,0,1689,0,2,-1,-3896,16,9874
2024/3/1,23:30,9789,0,4152,5204,172,262,1454,163,558,0,0,1718,0,2,-1,-3906,10,9788
2024/3/2,0:00,9784,0,4228,5171,169,264,1363,165,551,0,0,1706,0,2,-1,-3844,9,9783
2024/3/2,0:30,9579,0,3810,5173,170,264,1360,166,553,0,0,1671,0,2,-1,-3598,8,9578
2024/3/2,1:00,9828,0,3550,5114,170,263,1346,164,552,0,0,1668,0,2,-1,-3008,7,9827
2024/3/2,1:30,9892,0,3472,5098,173,261,1331,165,552,0,0,1673,0,2,-1,-2844,9,9891
2024/3/2,2:00,10053,0,3632,4964,170,264,1328,163,552,0,0,1685,0,2,-1,-2716,9,10052
2024/3/2,2:30,10129,0,3654,5057,172,261,1306,165,550,0,0,1683,0,2,-1,-2730,9,10128
2024/3/2,3:00,10184,0,3708,5158,171,261,1305,164,553,0,0,1688,0,2,-1,-2834,8,10183
2024/3/2,3:30,10252,0,3682,5356,177,263,1312,164,551,0,0,1622,0,2,-1,-2884,7,10251
2024/3/2,4:00,10291,0,3642,5374,172,263,1364,164,551,0,0,1634,0,2,-1,-2882,7,10290
2024/3/2,4:30,10370,0,3904,5306,172,262,1371,166,547,0,0,1632,0,2,-1,-3000,8,10369
2024/3/2,5:00,10405,0,4320,5408,172,263,1397,164,552,0,0,1647,0,2,-1,-3532,12,10404
2024/3/2,5:30,10493,0,4720,5507,178,273,1415,163,553,0,0,1648,0,2,-2,-3980,14,10491
2024/3/2,6:00,10559,0,5042,5520,173,276,1462,163,550,16,0,1624,0,2,9,-4286,17,10568
2024/3/2,6:30,10543,0,4892,5578,176,274,1461,164,541,156,0,1581,0,2,1,-4306,24,10544
2024/3/2,7:00,10365,0,4054,5042,175,279,1459,164,538,451,0,1598,0,2,12,-3428,31,10377
2024/3/2,7:30,10534,0,4010,4932,178,334,1472,163,588,770,0,1602,0,2,42,-3542,25,10576
2024/3/2,8:00,10853,0,3886,4934,182,421,1489,171,627,1253,0,1622,0,2,23,-3756,22,10876
2024/3/2,8:30,10804,0,3148,4579,180,419,1497,170,658,1803,0,1623,0,2,0,-3300,25,10804
2024/3/2,9:00,11052,0,2676,4447,182,422,1461,175,681,2362,0,1636,0,2,14,-3018,26,11066
2024/3/2,9:30,11028,0,2524,4187,180,421,1457,170,669,2772,0,1647,0,2,6,-3028,27,11034
2024/3/2,10:00,10860,0,2702,4231,185,428,1380,174,666,3023,0,1653,0,2,6,-3608,24,10866
2024/3/2,10:30,10718,0,2684,4090,179,430,1370,171,662,3307,0,1658,0,2,7,-3858,23,10725
2024/3/2,11:00,10612,0,2684,4141,177,428,1291,166,601,3486,0,1672,0,2,6,-4056,20,10618
2024/3/2,11:30,10575,0,2646,4235,179,337,1243,166,594,3599,0,1662,0,2,5,-4110,22,10580
2024/3/2,12:00,10388,0,2562,4221,179,396,1207,167,615,3582,0,1658,0,2,-9,-4224,23,10379
2024/3/2,12:30,10047,0,2412,3841,180,321,1202,166,605,3734,0,1644,0,2,15,-4074,14,10062
2024/3/2,13:00,10215,0,2524,4064,175,422,1191,166,588,3582,0,1658,0,2,11,-4178,21,10226
2024/3/2,13:30,10108,0,2590,3799,177,428,1179,163,565,3371,0,1667,0,2,7,-3848,15,10115
2024/3/2,14:00,10189,0,2870,3825,174,431,1253,166,604,2880,0,1653,0,2,-39,-3688,19,10150
2024/3/2,14:30,10064,0,3058,3811,180,424,1258,165,582,2429,0,1635,0,2,-27,-3496,16,10037
2024/3/2,15:00,10102,0,3232,4148,174,432,1336,162,587,1797,0,1615,0,2,-6,-3402,19,10096
2024/3/2,15:30,10337,0,3840,4506,177,431,1328,163,553,1259,0,1613,0,2,6,-3554,19,10343
2024/3/2,16:00,10286,0,4426,4974,174,429,1323,161,552,747,0,1615,0,2,-2,-4142,25,10284
2024/3/2,16:30,10689,0,4876,5498,182,433,1326,161,546,310,0,1612,0,2,9,-4284,27,10698
2024/3/2,17:00,11025,0,5372,5936,178,429,1342,162,555,61,0,1578,0,138,-1,-4754,28,11024
2024/3/2,17:30,11299,0,5444,6107,182,432,1352,164,562,0,0,1592,0,144,38,-4704,24,11337
2024/3/2,18:00,11391,0,5570,6080,179,428,1349,161,563,0,0,1564,0,146,29,-4678,29,11420
2024/3/2,18:30,11407,0,5604,6091,181,428,1353,163,565,0,0,1546,0,144,-1,-4690,22,11406
2024/3/2,19:00,11258,0,5578,6067,183,431,1356,162,566,0,0,1525,0,2,-1,-4634,22,11257
2024/3/2,19:30,11149,0,5616,6032,178,427,1358,164,562,0,0,1509,0,2,-1,-4716,17,11148
2024/3/2,20:00,10959,0,5566,6044,179,425,1300,162,563,0,0,1486,0,2,-1,-4790,22,10958
2024/3/2,20:30,10808,0,5628,5969,178,427,1282,164,565,0,0,1453,0,2,-1,-4878,18,10807
2024/3/2,21:00,10590,0,5440,5908,178,424,1263,164,567,0,0,1467,0,2,-1,-4840,17,10589
2024/3/2,21:30,10264,0,5234,5848,173,423,1259,160,570,0,0,1480,0,2,-1,-4896,11,10263
2024/3/2,22:00,10011,0,4812,5583,171,286,1205,165,565,0,0,1492,0,2,-1,-4290,20,10010
2024/3/2,22:30,9679,0,4546,5329,170,264,1194,160,565,0,0,1492,0,2,-1,-4058,15,9678
2024/3/2,23:00,9899,0,4650,5241,170,264,1172,164,569,0,0,1450,0,2,-1,-3800,17,9898
2024/3/2,23:30,9632,0,4268,4998,169,263,1165,163,571,0,0,1436,0,2,-1,-3414,11,9631
2024/3/3,0:00,9513,0,4496,5405,168,266,1106,164,568,0,0,1475,0,2,-1,-4144,7,9512
2024/3/3,0:30,9329,0,3906,5635,167,262,1096,161,570,0,0,1407,0,2,-1,-3884,7,9328
2024/3/3,1:00,9508,0,4058,5631,167,260,1095,164,569,0,0,1279,0,2,-1,-3724,7,9507
2024/3/3,1:30,9636,0,4190,5706,172,257,1093,163,572,0,0,1123,0,2,-1,-3650,8,9635
2024/3/3,2:00,9725,0,4258,5683,166,257,1086,162,570,0,0,976,0,2,-1,-3444,9,9724
2024/3/3,2:30,9708,0,4034,5687,172,260,1086,162,565,0,0,940,0,2,-1,-3208,8,9707
2024/3/3,3:00,9835,0,3968,5615,168,257,1102,164,568,0,0,766,0,2,-1,-2782,7,9834
2024/3/3,3:30,9776,0,3978,5612,172,258,1104,160,566,0,0,687,0,2,-1,-2770,7,9775
2024/3/3,4:00,9869,0,4346,5584,173,259,1150,164,567,0,0,532,0,2,-1,-2914,6,9868
2024/3/3,4:30,9881,0,4304,5632,172,261,1158,164,572,0,0,421,0,2,-1,-2812,7,9880
2024/3/3,5:00,9870,0,4378,5641,169,262,1156,161,573,0,0,336,0,2,-1,-2818,10,9869
2024/3/3,5:30,10002,0,4532,5928,172,262,1166,165,576,0,0,258,0,2,-1,-3070,11,10001
2024/3/3,6:00,9999,0,4320,5981,217,267,1242,163,578,28,0,216,0,2,-1,-3028,13,9998
2024/3/3,6:30,10058,0,4264,6098,272,267,1247,164,586,209,0,202,0,2,2,-3274,21,10060
2024/3/3,7:00,9648,0,3916,5899,288,269,1234,164,609,543,0,188,0,2,12,-3492,28,9660
2024/3/3,7:30,9759,0,3972,5485,275,296,1245,168,632,1054,0,173,0,2,0,-3568,25,9759
2024/3/3,8:00,9692,0,3696,5080,181,369,1234,165,637,1684,0,171,0,2,11,-3550,23,9703
2024/3/3,8:30,9831,0,3366,4879,176,369,1227,168,625,2298,0,209,0,2,8,-3512,24,9839
2024/3/3,9:00,9902,0,2642,4507,175,363,1164,164,604,2811,0,265,0,2,7,-2818,23,9909
2024/3/3,9:30,9796,0,2230,4380,175,366,1136,161,560,3150,0,255,0,2,7,-2644,25,9803
2024/3/3,10:00,9831,0,2672,4649,177,366,1055,161,579,3274,0,262,0,2,-3,-3390,24,9828
2024/3/3,10:30,9466,0,2212,4352,174,268,1059,166,609,3406,0,290,0,2,-6,-3094,22,9460
2024/3/3,11:00,9416,0,1972,4113,177,266,1053,167,639,3508,0,320,0,2,-28,-2818,17,9388
2024/3/3,11:30,9458,0,2206,4370,175,263,1055,168,657,3589,0,325,0,0,-3,-3370,20,9455
2024/3/3,12:00,9263,0,2208,4349,172,263,1042,166,636,3695,0,316,0,-212,9,-3390,18,9272
2024/3/3,12:30,9146,0,2164,4426,174,260,1045,167,635,3623,0,307,0,-224,5,-3444,13,9151
2024/3/3,13:00,9113,0,2276,4574,175,260,1055,162,618,3420,0,328,0,-224,4,-3550,19,9117
2024/3/3,13:30,8964,0,2520,4601,176,262,1078,169,653,2945,0,334,0,-224,14,-3564,14,8978
2024/3/3,14:00,8921,0,2746,4370,173,355,1125,169,675,2502,0,330,0,-224,4,-3320,20,8925
2024/3/3,14:30,8985,0,3016,4700,171,363,1129,167,661,2210,0,345,0,-222,1,-3576,21,8986
2024/3/3,15:00,9093,0,3348,4899,175,369,1201,167,637,1678,0,386,0,0,6,-3786,19,9099
2024/3/3,15:30,9163,0,3568,5218,175,368,1193,166,612,1109,0,517,0,2,-2,-3784,19,9161
2024/3/3,16:00,9321,0,3750,5147,171,366,1278,165,627,510,0,803,0,2,9,-3520,22,9330
2024/3/3,16:30,9890,0,4700,5703,174,370,1324,167,630,116,0,860,0,2,39,-4180,24,9929
2024/3/3,17:00,10337,0,5538,6105,177,374,1399,163,589,22,0,766,0,140,6,-4964,28,10343
2024/3/3,17:30,10651,0,5718,6182,177,367,1406,164,578,0,0,809,0,144,1,-4918,24,10652
2024/3/3,18:00,10729,0,5658,6151,179,371,1419,162,577,0,0,892,0,4,-1,-4710,26,10728
2024/3/3,18:30,10701,0,5534,6167,177,370,1429,164,573,0,0,975,0,2,-1,-4710,20,10700
2024/3/3,19:00,10566,0,5532,6128,177,370,1423,161,570,0,0,1030,0,2,-1,-4848,21,10565
2024/3/3,19:30,10524,0,5586,6173,175,373,1417,162,571,0,0,1034,0,2,-1,-4988,19,10523
2024/3/3,20:00,10389,0,5544,6030,175,374,1391,165,573,0,0,1137,0,2,-1,-5020,18,10388
2024/3/3,20:30,10204,0,5496,6025,173,377,1390,161,571,0,0,1085,0,2,-1,-5096,20,10203
2024/3/3,21:00,10091,0,5604,5964,170,378,1375,165,572,0,0,1153,0,2,-1,-5308,16,10090
2024/3/3,21:30,9710,0,5088,5920,173,378,1370,162,573,0,0,1197,0,2,-1,-5162,9,9709
2024/3/3,22:00,9569,0,4822,5655,171,281,1319,163,570,0,0,1271,0,2,-1,-4706,21,9568
2024/3/3,22:30,9187,0,4196,5520,167,263,1310,162,566,0,0,1309,0,2,-1,-4322,14,9186
2024/3/3,23:00,9358,0,3940,5297,169,267,1296,163,564,0,0,1323,0,2,-1,-3678,15,9357
2024/3/3,23:30,9102,0,3620,5168,169,263,1294,160,561,0,0,1339,0,2,-1,-3484,10,9101
2024/3/4,0:00,9221,0,3714,5267,167,261,1290,164,565,0,0,1260,0,2,-1,-3476,7,9220
2024/3/4,0:30,9091,0,3524,5138,163,263,1286,162,564,0,0,1165,0,2,-1,-3182,6,9090
2024/3/4,1:00,9387,0,3668,5200,168,259,1298,163,562,0,0,1157,0,2,-1,-3096,6,9386
2024/3/4,1:30,9442,0,3714,5134,168,261,1299,162,563,0,0,1178,0,2,-1,-3046,7,9441
2024/3/4,2:00,9752,0,4012,5188,167,260,1300,164,563,0,0,1158,0,2,-1,-3070,8,9751
2024/3/4,2:30,9807,0,4038,5121,166,262,1300,161,564,0,0,1057,0,2,-1,-2872,8,9806
2024/3/4,3:00,9980,0,4052,5160,171,259,1311,163,566,0,0,1071,0,2,-1,-2782,7,9979
2024/3/4,3:30,10108,0,4276,5140,169,262,1324,162,567,0,0,996,0,2,-1,-2796,6,10107
2024/3/4,4:00,10174,0,4506,5128,172,263,1373,165,562,0,0,1043,0,2,-1,-3046,6,10173
2024/3/4,4:30,10289,0,4770,5255,168,262,1372,159,565,0,0,967,0,2,-1,-3238,7,10288
2024/3/4,5:00,10584,0,5340,5543,171,268,1402,164,558,0,0,884,0,2,-1,-3758,10,10583
2024/3/4,5:30,10975,0,5656,5819,172,281,1416,163,558,0,0,781,0,2,-1,-3884,11,10974
2024/3/4,6:00,11363,0,5956,6031,175,285,1446,164,556,8,0,759,0,2,3,-4032,13,11366
2024/3/4,6:30,11512,0,6018,6024,175,283,1453,161,574,66,0,635,0,140,4,-4036,19,11516
2024/3/4,7:00,11509,0,5752,6059,176,281,1493,168,620,205,0,510,0,142,4,-3926,29,11513
2024/3/4,7:30,11665,0,5542,6048,178,340,1509,167,660,446,0,509,0,4,1,-3762,24,11666
2024/3/4,8:00,12108,0,4904,5994,178,425,1524,172,702,873,0,564,0,2,1,-3252,22,12109
2024/3/4,8:30,12438,0,4386,5687,185,423,1514,171,688,1640,0,702,0,2,10,-2982,22,12448
2024/3/4,9:00,12642,0,4478,5254,181,423,1495,170,651,2357,0,788,0,2,5,-3178,21,12647
2024/3/4,9:30,12720,0,4460,4996,180,421,1486,164,625,2912,0,917,0,2,12,-3468,25,12732
2024/3/4,10:00,12371,0,4460,4840,178,418,1389,170,687,3210,0,925,0,2,6,-3932,24,12377
2024/3/4,10:30,12297,0,4274,4844,177,425,1357,166,647,3397,0,1059,0,2,1,-4072,21,12298
2024/3/4,11:00,12111,0,4440,4826,181,420,1288,166,581,3472,0,1127,0,2,6,-4410,18,12117
2024/3/4,11:30,12087,0,4716,4861,175,422,1310,167,637,3447,0,1205,0,2,7,-4876,21,12094
2024/3/4,12:00,11602,0,4390,4840,177,419,1259,170,661,3369,0,1270,0,2,-3,-4974,19,11599
2024/3/4,12:30,11396,0,4164,4751,177,420,1216,163,578,3505,0,1255,0,2,-25,-4848,13,11371
2024/3/4,13:00,11799,0,4184,4996,175,424,1230,169,635,3322,0,1336,0,2,-30,-4694,20,11769
2024/3/4,13:30,11705,0,4118,4877,176,424,1251,168,672,3048,0,1347,0,2,-2,-4392,14,11703
2024/3/4,14:00,11629,0,4272,5165,173,423,1307,171,672,2563,0,1407,0,2,3,-4544,18,11632
2024/3/4,14:30,11607,0,4084,5421,177,427,1344,172,697,2208,0,1413,0,2,-3,-4354,16,11604
2024/3/4,15:00,11547,0,4198,5419,175,430,1416,168,623,1855,0,1406,0,2,19,-4164,19,11566
2024/3/4,15:30,11779,0,4636,5725,175,427,1428,163,616,1243,0,1402,0,2,0,-4058,20,11779
2024/3/4,16:00,11837,0,4934,5738,175,430,1471,166,597,693,0,1471,0,2,9,-3864,24,11846
2024/3/4,16:30,11995,0,5370,5961,181,437,1490,164,610,208,0,1465,0,2,-7,-3906,13,11988
2024/3/4,17:00,11978,0,5778,6056,178,434,1514,162,578,25,0,1468,0,2,10,-4240,23,11988
2024/3/4,17:30,12343,0,6312,6173,179,435,1517,161,566,0,0,1466,0,138,1,-4624,20,12344
2024/3/4,18:00,12210,0,6106,6157,178,439,1520,162,569,0,0,1488,0,142,36,-4576,25,12246
2024/3/4,18:30,12248,0,6380,6150,180,444,1520,159,569,0,0,1488,0,4,26,-4666,20,12274
2024/3/4,19:00,12006,0,6326,6160,181,439,1520,164,569,0,0,1455,0,2,-1,-4832,22,12005
2024/3/4,19:30,11832,0,6140,6201,181,440,1518,160,570,0,0,1390,0,2,-1,-4786,16,11831
2024/3/4,20:00,11590,0,6168,6200,177,436,1473,162,570,0,0,1341,0,2,-1,-4960,21,11589
2024/3/4,20:30,11340,0,5808,6199,175,434,1451,160,568,0,0,1332,0,2,-1,-4808,19,11339
2024/3/4,21:00,11030,0,5654,6165,175,437,1446,162,568,0,0,1237,0,2,-1,-4832,16,11029
2024/3/4,21:30,10559,0,5128,5946,173,429,1425,159,567,0,0,1200,0,2,-1,-4480,10,10558
2024/3/4,22:00,10373,0,5222,5663,178,289,1375,162,569,0,0,1164,0,2,-1,-4274,23,10372
2024/3/4,22:30,9831,0,4612,5289,170,269,1369,161,573,0,0,1164,0,2,-1,-3792,14,9830
2024/3/4,23:00,9980,0,4330,5017,171,271,1330,163,569,0,0,1194,0,2,-1,-3082,15,9979
2024/3/4,23:30,9873,0,4302,5083,168,270,1294,160,572,0,0,1140,0,2,-1,-3128,10,9872
2024/3/5,0:00,9720,0,4464,5257,169,272,1239,164,571,0,0,1102,0,2,-1,-3526,6,9719
2024/3/5,0:30,9511,0,3984,5221,165,277,1231,161,569,0,0,1085,0,2,-1,-3190,6,9510
2024/3/5,1:00,9693,0,4134,5163,172,273,1250,161,573,0,0,1065,0,2,-1,-3106,6,9692
2024/3/5,1:30,9728,0,4106,5164,167,272,1248,163,571,0,0,1026,0,2,-1,-2998,7,9727
2024/3/5,2:00,9835,0,4122,5130,169,274,1270,161,572,0,0,1019,0,2,-1,-2892,8,9834
2024/3/5,2:30,9964,0,3880,5356,170,277,1276,161,570,0,0,1011,0,2,-1,-2746,7,9963
2024/3/5,3:00,10027,0,3902,5315,173,276,1285,161,568,0,0,998,0,2,-1,-2660,7,10026
2024/3/5,3:30,10054,0,3942,5444,169,276,1286,163,574,0,0,888,0,2,-1,-2696,6,10053
2024/3/5,4:00,10130,0,4108,5462,174,277,1295,160,574,0,0,862,0,2,-1,-2790,6,10129
2024/3/5,4:30,10222,0,4310,5524,172,279,1293,164,572,0,0,843,0,2,-1,-2944,7,10221
2024/3/5,5:00,10375,0,4460,5592,173,281,1295,161,573,0,0,796,0,2,-1,-2968,10,10374
2024/3/5,5:30,10792,0,5106,5838,176,287,1298,161,573,0,0,680,0,2,-1,-3340,11,10791
2024/3/5,6:00,11002,0,5290,6113,175,292,1337,160,570,21,0,634,0,2,4,-3604,12,11006
2024/3/5,6:30,11284,0,5626,6186,176,292,1337,161,569,113,0,542,0,2,-12,-3742,22,11272
2024/3/5,7:00,11081,0,5466,6219,176,296,1391,160,567,352,0,464,0,2,21,-4042,30,11102
2024/3/5,7:30,11379,0,5636,6208,176,357,1400,164,587,703,0,377,0,2,0,-4254,23,11379
2024/3/5,8:00,11757,0,5900,6203,178,434,1382,161,602,1210,0,289,0,2,8,-4624,20,11765
2024/3/5,8:30,11982,0,5576,6139,179,435,1381,168,624,1548,0,236,0,2,10,-4326,20,11992
2024/3/5,9:00,12208,0,5652,6152,210,431,1362,168,654,1724,0,167,0,2,11,-4334,20,12219
2024/3/5,9:30,12083,0,5464,6152,286,429,1361,169,670,1818,0,140,0,2,7,-4432,24,12090
2024/3/5,10:00,11716,0,4764,6024,285,422,1280,168,675,1944,0,153,0,2,10,-4024,23,11726
2024/3/5,10:30,11898,0,5352,6013,285,436,1278,173,698,2062,0,161,0,2,0,-4582,20,11898
2024/3/5,11:00,11651,0,4960,5826,269,444,1265,169,682,2087,0,156,0,2,12,-4226,17,11663
2024/3/5,11:30,11631,0,5202,5795,181,440,1255,170,671,2091,0,170,0,2,-6,-4366,20,11625
2024/3/5,12:00,11150,0,4628,5660,175,443,1207,168,673,1888,0,237,0,2,-42,-3950,19,11108
2024/3/5,12:30,11081,0,4766,5565,177,443,1191,169,660,1764,0,294,0,2,-18,-3962,12,11063
2024/3/5,13:00,11541,0,5754,5808,215,449,1198,167,650,1465,0,320,0,2,0,-4506,19,11541
2024/3/5,13:30,11614,0,6008,5910,283,448,1188,169,645,1152,0,398,0,2,14,-4602,13,11628
2024/3/5,14:00,11637,0,6122,5906,337,451,1192,165,628,1036,0,366,0,2,15,-4584,16,11652
2024/3/5,14:30,11612,0,6182,5947,463,451,1202,165,622,882,0,297,0,2,-1,-4616,15,11611
2024/3/5,15:00,11497,0,6354,5912,559,447,1264,164,599,708,0,317,0,2,5,-4846,17,11502
2024/3/5,15:30,11668,0,6942,5919,588,452,1284,163,573,476,0,241,0,2,5,-4988,16,11673
2024/3/5,16:00,11834,0,6442,5999,584,449,1326,160,560,288,0,247,0,2,7,-4248,25,11841
2024/3/5,16:30,11702,0,5958,5985,515,448,1337,163,559,109,0,228,0,2,8,-3616,14,11710
2024/3/5,17:00,11799,0,5898,5887,550,444,1339,159,554,24,0,191,0,2,-3,-3272,23,11796
2024/3/5,17:30,11947,0,6062,5828,463,446,1362,163,558,0,0,177,0,2,7,-3134,20,11954
2024/3/5,18:00,11985,0,6184,5876,449,446,1356,159,560,0,0,154,0,2,-1,-3226,25,11984
2024/3/5,18:30,11922,0,6220,5879,467,437,1355,164,558,0,0,149,0,2,6,-3328,19,11928
2024/3/5,19:00,11776,0,6482,6094,340,431,1357,160,560,0,0,153,0,2,37,-3824,21,11813
2024/3/5,19:30,11718,0,6494,6147,200,430,1350,163,560,0,0,152,0,2,17,-3796,16,11735
2024/3/5,20:00,11656,0,6628,6173,181,429,1329,159,559,0,0,145,0,2,-1,-3970,21,11655
2024/3/5,20:30,11577,0,6672,6211,178,427,1326,164,561,0,0,125,0,2,-1,-4108,19,11576
2024/3/5,21:00,11336,0,6228,6154,178,428,1298,159,561,0,0,92,0,2,-1,-3780,16,11335
2024/3/5,21:30,10895,0,5690,6017,175,424,1298,163,560,0,0,82,0,2,-1,-3526,10,10894
2024/3/5,22:00,10616,0,5858,6044,172,292,1293,159,563,0,0,75,0,2,-1,-3862,20,10615
2024/3/5,22:30,10212,0,5510,6051,171,267,1282,164,565,0,0,88,0,2,-1,-3902,14,10211
2024/3/5,23:00,10261,0,5094,5580,172,265,1273,160,564,0,0,110,0,2,-1,-2974,15,10260
2024/3/5,23:30,10121,0,4976,5403,170,264,1256,163,565,0,0,106,0,2,-1,-2794,10,10120
2024/3/6,0:00,10015,0,4910,5445,171,266,1178,161,561,0,0,116,0,2,-1,-2802,7,10014
2024/3/6,0:30,9832,0,4570,5601,170,268,1167,162,560,0,0,122,0,2,-1,-2796,6,9831
2024/3/6,1:00,9987,0,4470,5478,168,263,1174,161,564,0,0,111,0,2,-1,-2410,6,9986
2024/3/6,1:30,10018,0,4446,5481,167,266,1172,163,564,0,0,137,0,2,-1,-2388,8,10017
2024/3/6,2:00,10130,0,4440,5638,170,265,1147,160,563,0,0,145,0,2,-1,-2408,8,10129
2024/3/6,2:30,10065,0,4502,5700,173,265,1143,163,563,0,0,169,0,2,-1,-2622,7,10064
2024/3/6,3:00,10157,0,4506,5777,171,263,1145,161,562,0,0,195,0,2,-1,-2632,7,10156
2024/3/6,3:30,10253,0,4726,5733,171,263,1153,162,561,0,0,212,0,2,-1,-2736,6,10252
2024/3/6,4:00,10310,0,4694,5797,172,265,1158,161,559,0,0,224,0,2,-1,-2728,6,10309
2024/3/6,4:30,10335,0,4884,5752,172,259,1162,163,560,0,0,223,0,2,-1,-2848,6,10334
2024/3/6,5:00,10564,0,5300,5734,175,260,1163,160,559,0,0,213,0,2,-1,-3012,10,10563
2024/3/6,5:30,10953,0,5632,5883,173,265,1162,163,560,0,0,202,0,2,-1,-3100,11,10952
2024/3/6,6:00,11318,0,5754,5873,174,270,1251,160,551,22,0,191,0,2,0,-2942,12,11318
2024/3/6,6:30,11323,0,5786,5859,228,268,1272,162,553,74,0,182,0,2,5,-3082,19,11328
2024/3/6,7:00,11373,0,5886,5984,286,280,1299,161,565,176,0,184,0,2,6,-3478,28,11379
2024/3/6,7:30,11806,0,6612,6113,285,340,1309,163,575,285,0,165,0,2,-1,-4066,23,11805
2024/3/6,8:00,12309,0,6690,6176,289,416,1363,163,579,415,0,140,0,2,-25,-3944,20,12284
2024/3/6,8:30,12629,0,6556,6138,302,420,1373,167,598,589,0,113,0,2,-37,-3650,21,12592
2024/3/6,9:00,12772,0,6534,6156,393,416,1306,163,609,746,0,99,0,2,-10,-3674,22,12762
2024/3/6,9:30,12792,0,6528,6104,326,418,1292,166,603,831,0,106,0,2,4,-3610,26,12796
2024/3/6,10:00,12654,0,6464,6145,350,413,1244,165,614,848,0,98,0,2,5,-3714,25,12659
2024/3/6,10:30,12576,0,6510,6152,328,420,1230,165,601,852,0,103,0,2,3,-3810,23,12579
2024/3/6,11:00,12436,0,6380,6144,357,436,1226,163,598,900,0,121,0,2,30,-3910,19,12466
2024/3/6,11:30,12164,0,6042,6070,288,432,1243,167,612,919,0,159,0,2,41,-3790,20,12205
2024/3/6,12:00,11721,0,5972,5906,206,437,1204,165,625,909,0,175,0,2,12,-3902,22,11733
2024/3/6,12:30,11583,0,5838,5912,180,442,1189,167,614,957,0,266,0,2,-22,-3996,12,11561
2024/3/6,13:00,11942,0,5740,5897,178,442,1188,166,620,982,0,364,0,2,-35,-3656,19,11907
2024/3/6,13:30,11849,0,5570,5930,178,443,1209,167,623,987,0,413,0,2,-8,-3686,13,11841
2024/3/6,14:00,11906,0,5698,5916,205,439,1221,164,610,886,0,488,0,2,-1,-3740,17,11905
2024/3/6,14:30,11718,0,5724,5997,293,437,1278,165,594,743,0,528,0,2,4,-4058,15,11722
2024/3/6,15:00,11658,0,5430,6085,287,432,1361,162,592,620,0,543,0,2,5,-3872,16,11663
2024/3/6,15:30,11720,0,5604,6123,286,433,1375,164,582,465,0,581,0,2,-1,-3914,19,11719
2024/3/6,16:00,11877,0,5926,6124,292,439,1445,164,573,262,0,590,0,2,5,-3964,24,11882
2024/3/6,16:30,11903,0,6074,6143,289,438,1456,162,570,117,0,595,0,2,5,-3958,15,11908
2024/3/6,17:00,11832,0,5868,6018,290,437,1458,165,574,31,0,591,0,138,1,-3762,24,11833
2024/3/6,17:30,12002,0,6056,6028,291,435,1465,164,578,0,0,584,0,144,-1,-3764,21,12001
2024/3/6,18:00,11920,0,5868,6011,292,425,1466,162,578,0,0,566,0,146,37,-3622,28,11957
2024/3/6,18:30,11931,0,6102,6091,292,417,1461,164,574,0,0,558,0,144,30,-3894,22,11961
2024/3/6,19:00,11726,0,6286,6141,295,419,1462,163,574,0,0,521,0,146,-1,-4304,23,11725
2024/3/6,19:30,11566,0,6412,6152,223,417,1458,165,573,0,0,465,0,144,-1,-4462,19,11565
2024/3/6,20:00,11364,0,6694,6177,175,418,1394,163,573,0,0,423,0,2,-1,-4678,23,11363
2024/3/6,20:30,11117,0,6540,6169,177,419,1387,163,575,0,0,363,0,2,-1,-4696,18,11116
2024/3/6,21:00,10807,0,6208,5952,175,421,1369,162,566,0,0,332,0,2,-1,-4396,16,10806
2024/3/6,21:30,10376,0,5714,5889,173,418,1343,163,560,0,0,324,0,2,-1,-4220,10,10375
2024/3/6,22:00,10246,0,5596,5881,169,281,1303,163,561,0,0,288,0,2,-1,-4022,24,10245
2024/3/6,22:30,9678,0,4878,5758,168,260,1269,165,561,0,0,307,0,2,-1,-3706,16,9677
2024/3/6,23:00,9888,0,4834,5614,169,262,1213,164,559,0,0,371,0,2,-1,-3316,16,9887
2024/3/6,23:30,9568,0,4506,5418,170,259,1183,163,556,0,0,375,0,2,-1,-3074,10,9567
2024/3/7,0:00,9542,0,4484,5521,166,257,1135,162,555,0,0,458,0,2,-1,-3206,8,9541
2024/3/7,0:30,9405,0,4216,5500,169,263,1131,163,550,0,0,449,0,2,-1,-3044,6,9404
2024/3/7,1:00,9463,0,4086,5462,165,258,1152,163,556,0,0,477,0,2,-1,-2864,6,9462
2024/3/7,1:30,9578,0,4108,5429,166,260,1158,164,555,0,0,508,0,2,-1,-2780,8,9577
2024/3/7,2:00,9736,0,4272,5465,169,258,1146,163,557,0,0,524,0,2,-1,-2828,8,9735
2024/3/7,2:30,9863,0,4434,5592,170,261,1154,162,556,0,0,470,0,2,-1,-2946,8,9862
2024/3/7,3:00,9938,0,4426,5592,168,260,1162,163,553,0,0,467,0,2,-1,-2862,7,9937
2024/3/7,3:30,9896,0,4218,5494,169,261,1174,164,556,0,0,452,0,2,-1,-2600,6,9895
2024/3/7,4:00,10009,0,4398,5467,171,261,1178,163,559,0,0,428,0,2,-1,-2624,6,10008
2024/3/7,4:30,10115,0,4758,5510,174,256,1179,163,552,0,0,352,0,2,-1,-2838,7,10114
2024/3/7,5:00,10343,0,5144,5623,172,261,1177,163,554,0,0,317,0,2,-1,-3080,10,10342
2024/3/7,5:30,10693,0,5528,5772,175,259,1188,164,558,0,0,260,0,2,-1,-3224,11,10692
2024/3/7,6:00,11004,0,5982,6037,174,263,1215,162,545,69,0,241,0,2,-1,-3700,14,11003
2024/3/7,6:30,10936,0,5616,5975,175,260,1231,162,549,328,0,229,0,2,12,-3614,23,10948
2024/3/7,7:00,10896,0,5464,5934,173,264,1255,164,578,728,0,206,0,2,-1,-3904,32,10895
2024/3/7,7:30,11066,0,5286,5814,179,331,1284,168,629,1255,0,181,0,2,10,-4088,25,11076
2024/3/7,8:00,11446,0,5366,5879,180,414,1305,173,688,1826,0,172,0,2,3,-4580,21,11449
2024/3/7,8:30,11729,0,5130,5785,178,417,1329,177,746,2308,0,184,0,2,4,-4548,21,11733
2024/3/7,9:00,11758,0,4822,5601,173,417,1232,178,757,2739,0,217,0,2,6,-4400,20,11764
2024/3/7,9:30,11720,0,4566,5592,174,415,1221,179,784,2915,0,228,0,2,15,-4380,24,11735
2024/3/7,10:00,11423,0,4052,5440,174,419,1182,174,746,3381,0,230,0,2,7,-4400,23,11430
2024/3/7,10:30,11432,0,4036,5422,172,420,1179,177,746,3596,0,192,0,2,3,-4530,20,11435
2024/3/7,11:00,11225,0,4286,5294,172,420,1160,176,735,3801,0,251,0,-210,7,-4876,16,11232
2024/3/7,11:30,11073,0,4070,5344,173,421,1153,175,738,4036,0,260,0,-226,6,-5094,23,11079
2024/3/7,12:00,10548,0,3654,5113,173,418,1149,175,717,4107,0,290,0,-224,2,-5042,18,10550
2024/3/7,12:30,10377,0,3646,4876,173,419,1157,175,732,4161,0,284,0,-222,3,-5036,12,10380
2024/3/7,13:00,10784,0,4174,4709,173,417,1156,173,714,4161,0,298,0,-224,7,-4986,19,10791
2024/3/7,13:30,10577,0,3836,4572,172,426,1165,174,730,3959,0,358,0,-224,5,-4604,13,10582
2024/3/7,14:00,10656,0,3752,4352,172,422,1212,177,765,3473,0,356,0,2,-29,-4044,17,10627
2024/3/7,14:30,10573,0,3844,4343,175,414,1208,175,702,3231,0,334,0,2,-34,-3870,15,10539
2024/3/7,15:00,10519,0,4120,4405,173,413,1327,170,671,2688,0,291,0,2,7,-3758,17,10526
2024/3/7,15:30,10616,0,5136,4624,221,418,1307,167,622,1942,0,278,0,2,16,-4116,15,10632
2024/3/7,16:00,10947,0,6196,5175,278,420,1308,163,583,1133,0,259,0,1,-1,-4592,23,10946
2024/3/7,16:30,10874,0,6202,5544,319,422,1299,160,554,528,0,222,0,1,-4,-4390,13,10870
2024/3/7,17:00,11096,0,6044,5752,399,432,1318,165,566,121,0,221,0,137,5,-4082,23,11101
2024/3/7,17:30,11432,0,6418,5782,442,427,1331,163,579,0,0,213,0,143,-5,-4086,20,11427
2024/3/7,18:00,11478,0,6300,5908,405,428,1353,163,580,0,0,198,0,3,37,-3886,26,11515
2024/3/7,18:30,11493,0,6294,5954,364,425,1366,162,580,0,0,172,0,1,26,-3846,21,11519
2024/3/7,19:00,11319,0,6210,6017,421,423,1328,164,575,0,0,170,0,1,-1,-4016,26,11318
2024/3/7,19:30,11236,0,6136,6079,397,429,1335,163,576,0,0,163,0,1,-1,-4060,17,11235
2024/3/7,20:00,11006,0,6046,5991,326,422,1252,162,569,0,0,135,0,1,-1,-3920,22,11005
2024/3/7,20:30,10924,0,6132,6002,343,427,1245,164,564,0,0,94,0,1,-1,-4068,20,10923
2024/3/7,21:00,10571,0,6006,5915,337,426,1196,163,563,0,0,91,0,1,-1,-4144,17,10570
2024/3/7,21:30,10313,0,5792,5788,365,423,1193,163,561,0,0,81,0,1,-1,-4064,10,10312
2024/3/7,22:00,10006,0,5798,5729,268,287,1180,165,566,0,0,54,0,1,-1,-4064,22,10005
2024/3/7,22:30,9679,0,5524,5626,170,258,1170,162,565,0,0,58,0,1,-1,-3868,13,9678
2024/3/7,23:00,9795,0,5520,5630,175,262,1121,162,566,0,0,46,0,1,-1,-3702,14,9794
2024/3/7,23:30,9515,0,5160,5635,169,258,1116,163,566,0,0,41,0,-1,-1,-3602,10,9514
2024/3/8,0:00,9446,0,4566,5502,168,259,1075,165,565,0,0,43,0,-211,-37,-2692,6,9409
2024/3/8,0:30,9283,0,4354,5365,169,258,1076,163,562,0,0,49,0,-227,-41,-2492,6,9242
2024/3/8,1:00,9382,0,4240,5334,166,254,1102,163,565,0,0,55,0,-225,-3,-2278,6,9379
2024/3/8,1:30,9540,0,4348,5331,168,258,1099,166,566,0,0,66,0,-225,-1,-2244,7,9539
2024/3/8,2:00,9651,0,4618,5445,168,255,1096,162,565,0,0,81,0,-225,-1,-2522,8,9650
2024/3/8,2:30,9811,0,4454,5419,174,259,1101,164,562,0,0,94,0,1,-1,-2424,7,9810
2024/3/8,3:00,9967,0,4704,5562,170,252,1107,163,565,0,0,93,0,1,-1,-2656,6,9966
2024/3/8,3:30,9949,0,4824,5437,169,258,1113,165,562,0,0,82,0,1,-1,-2668,6,9948
2024/3/8,4:00,10069,0,4938,5520,173,256,1119,163,563,0,0,70,0,1,-1,-2740,6,10068
2024/3/8,4:30,10213,0,5168,5584,172,253,1121,163,564,0,0,71,0,1,-1,-2890,6,10212
2024/3/8,5:00,10489,0,5440,5633,174,262,1127,164,563,0,0,82,0,1,-1,-2966,9,10488
2024/3/8,5:30,10685,0,5518,5590,253,273,1136,164,563,0,0,103,0,1,-1,-2926,10,10684
2024/3/8,6:00,10966,0,5802,5806,286,281,1169,160,554,27,0,109,0,1,16,-3240,11,10982
2024/3/8,6:30,11330,0,6288,6112,370,280,1184,163,553,109,0,93,0,1,-2,-3844,21,11328
2024/3/8,7:00,11193,0,6004,6120,479,279,1218,165,552,253,0,116,0,1,1,-4024,30,11194
2024/3/8,7:30,11524,0,6002,6124,460,340,1229,162,563,436,0,116,0,137,7,-4070,25,11531
2024/3/8,8:00,11965,0,5982,6118,484,431,1250,163,579,645,0,98,0,279,36,-4086,22,12001
2024/3/8,8:30,12330,0,5870,6063,496,433,1254,163,587,854,0,82,0,287,38,-3782,23,12368
2024/3/8,9:00,12465,0,5490,5623,444,431,1150,168,610,1025,0,62,0,145,5,-2704,21,12470
2024/3/8,9:30,12359,0,5020,5464,326,425,1133,165,621,1326,0,45,0,1,-3,-2192,25,12356
2024/3/8,10:00,12119,0,4518,5133,274,430,1119,166,625,1605,0,41,0,1,9,-1818,25,12128
2024/3/8,10:30,11867,0,4509,4605,181,426,1130,167,625,1904,0,62,0,1,7,-1768,25,11874
2024/3/8,11:00,11747,0,4722,4206,173,422,1131,169,631,2114,0,97,0,1,-1,-1936,17,11746
2024/3/8,11:30,11559,0,4553,4086,170,424,1130,167,637,2244,0,118,0,1,9,-1992,21,11568
2024/3/8,12:00,11108,0,3898,3925,172,423,1120,166,643,2333,0,131,0,1,-38,-1722,18,11070
2024/3/8,12:30,10859,0,3834,3825,169,423,1128,169,655,2446,0,147,0,1,-36,-1950,12,10823
2024/3/8,13:00,11061,0,3698,3893,174,419,1125,172,659,2523,0,190,0,1,10,-1812,19,11071
2024/3/8,13:30,11075,0,3838,3930,171,424,1141,168,672,2501,0,232,0,1,2,-2016,13,11077
2024/3/8,14:00,10923,0,3908,4019,175,426,1156,171,686,2343,0,252,0,1,7,-2232,18,10930
2024/3/8,14:30,10869,0,4120,4189,174,425,1170,169,670,2145,0,269,0,1,11,-2482,19,10880
2024/3/8,15:00,10683,0,4010,4259,175,424,1262,171,637,1840,0,276,0,1,-1,-2390,18,10682
2024/3/8,15:30,10704,0,4094,4393,172,426,1255,163,606,1426,0,271,0,1,6,-2118,15,10710
2024/3/8,16:00,10825,0,5096,4761,181,435,1307,164,575,924,0,294,0,1,6,-2932,19,10831
2024/3/8,16:30,11144,0,6188,5153,267,434,1319,161,561,454,0,292,0,1,3,-3706,20,11147
2024/3/8,17:00,11058,0,5326,5504,283,437,1345,162,566,125,0,256,0,1,6,-2970,23,11064
2024/3/8,17:30,11222,0,5096,5542,290,429,1363,164,587,1,0,242,0,1,18,-2514,21,11240
2024/3/8,18:00,11311,0,5532,5629,289,428,1357,164,583,0,0,225,0,1,40,-2924,27,11351
2024/3/8,18:30,11420,0,5660,5871,284,432,1358,162,583,0,0,218,0,1,11,-3170,21,11431
2024/3/8,19:00,11186,0,5620,5928,288,425,1320,163,581,0,0,245,0,1,-1,-3406,21,11185
2024/3/8,19:30,11155,0,5748,5931,252,426,1307,162,580,0,0,259,0,1,-1,-3528,17,11154
2024/3/8,20:00,10946,0,6004,5947,178,426,1236,164,573,0,0,247,0,1,-1,-3852,22,10945
2024/3/8,20:30,10812,0,6030,5870,175,433,1220,164,575,0,0,245,0,1,-1,-3922,21,10811
2024/3/8,21:00,10543,0,5640,5681,174,428,1154,161,571,0,0,252,0,1,-1,-3536,17,10542
2024/3/8,21:30,10232,0,5216,5430,173,430,1143,163,575,0,0,262,0,1,-1,-3170,9,10231
2024/3/8,22:00,10012,0,5398,5284,169,289,1092,162,561,0,0,285,0,1,-1,-3248,19,10011
2024/3/8,22:30,9648,0,4866,5212,172,267,1062,162,561,0,0,284,0,1,-1,-2952,13,9647
2024/3/8,23:00,9821,0,4744,5055,170,269,970,162,563,0,0,258,0,1,-1,-2386,15,9820
2024/3/8,23:30,9608,0,4514,4850,171,268,943,163,561,0,0,259,0,1,-1,-2132,10,9607
2024/3/9,0:00,9601,0,4902,4754,168,270,876,162,562,0,0,266,0,1,-1,-2366,6,9600
2024/3/9,0:30,9359,0,4470,4930,165,267,871,162,564,0,0,279,0,1,-1,-2356,6,9358
2024/3/9,1:00,9526,0,4120,4775,169,262,864,165,565,0,0,271,0,1,-1,-1672,6,9525
2024/3/9,1:30,9635,0,4280,4769,168,264,868,163,562,0,0,259,0,1,-1,-1706,7,9634
2024/3/9,2:00,9749,0,4580,4984,168,261,897,161,561,0,0,274,0,1,-1,-2146,8,9748
2024/3/9,2:30,9842,0,4506,4956,169,263,901,163,566,0,0,310,0,1,-1,-2000,7,9841
2024/3/9,3:00,9899,0,4450,4761,171,260,919,163,563,0,0,348,0,1,-1,-1744,7,9898
2024/3/9,3:30,9871,0,4240,4747,171,262,920,162,564,0,0,377,0,1,-1,-1580,7,9870
2024/3/9,4:00,9906,0,4194,4737,173,260,950,163,565,0,0,389,0,1,-1,-1532,6,9905
2024/3/9,4:30,9996,0,4320,4751,172,261,981,162,566,0,0,387,0,1,-1,-1612,7,9995
2024/3/9,5:00,10040,0,4238,4684,171,259,997,164,563,0,0,424,0,137,-1,-1608,11,10039
2024/3/9,5:30,10182,0,4488,4721,171,262,1011,165,565,0,0,493,0,145,-1,-1850,11,10181
2024/3/9,6:00,10320,0,5080,4780,172,268,1041,162,548,62,0,524,0,143,7,-2476,16,10327
2024/3/9,6:30,10215,0,4988,4779,172,268,1041,162,556,228,0,516,0,145,5,-2662,22,10220
2024/3/9,7:00,10028,0,4942,4749,173,268,1052,161,569,444,0,451,0,1,9,-2812,30,10037
2024/3/9,7:30,10124,0,4604,4492,175,327,1064,166,602,707,0,409,0,1,6,-2448,25,10130
2024/3/9,8:00,10434,0,4646,4274,173,394,1078,167,630,1014,0,390,0,1,3,-2354,21,10437
2024/3/9,8:30,10451,0,4118,4063,175,399,1091,167,652,1399,0,378,0,1,-1,-2014,22,10450
2024/3/9,9:00,10564,0,3494,3816,177,395,1082,173,694,1843,0,395,0,1,7,-1528,22,10571
2024/3/9,9:30,10494,0,3310,3570,177,397,1091,171,693,2204,0,410,0,1,2,-1556,26,10496
2024/3/9,10:00,10325,0,3156,3707,175,400,1069,173,717,2566,0,374,0,1,4,-2036,23,10329
2024/3/9,10:30,10201,0,3088,3644,171,395,1073,176,726,2930,0,350,0,1,10,-2374,21,10211
2024/3/9,11:00,10102,0,3314,3577,174,396,1047,174,710,3240,0,346,0,1,6,-2896,19,10108
2024/3/9,11:30,10015,0,3612,3549,175,399,1034,173,693,3339,0,344,0,-213,3,-3110,20,10018
2024/3/9,12:00,9787,0,3150,3552,173,374,1031,171,690,3492,0,323,0,-227,7,-2964,22,9794
2024/3/9,12:30,9645,0,3174,3545,169,325,1031,169,682,3422,0,290,0,-225,1,-2950,13,9646
2024/3/9,13:00,9580,0,3100,3497,173,393,1040,173,703,3197,0,279,0,-227,1,-2766,18,9581
2024/3/9,13:30,9676,0,3268,3540,172,400,1043,173,703,3141,0,264,0,-225,10,-2816,13,9686
2024/3/9,14:00,9540,0,3170,3709,170,401,1034,171,683,2915,0,259,0,-227,2,-2762,17,9542
2024/3/9,14:30,9442,0,3198,3780,172,397,1028,170,659,2662,0,246,0,-225,-11,-2660,15,9431
2024/3/9,15:00,9579,0,3548,3894,170,400,1021,168,635,2174,0,254,0,-225,-34,-2478,18,9545
2024/3/9,15:30,9665,0,3912,3915,233,401,1011,162,592,1754,0,251,0,1,-17,-2586,19,9648
2024/3/9,16:00,9724,0,4816,4108,279,399,1140,163,573,1165,0,251,0,1,4,-3194,23,9728
2024/3/9,16:30,9902,0,5428,4301,327,423,1168,166,573,554,0,264,0,1,0,-3326,23,9902
2024/3/9,17:00,10354,0,5774,4480,350,427,1167,162,563,160,0,337,0,136,38,-3230,28,10392
2024/3/9,17:30,10598,0,5782,4544,464,430,1175,161,580,2,0,412,0,146,40,-3122,24,10638
2024/3/9,18:00,10853,0,5660,4695,455,428,1171,163,575,0,0,437,0,142,-1,-2900,27,10852
2024/3/9,18:30,10846,0,5566,4791,453,435,1171,164,578,0,0,374,0,142,-1,-2848,20,10845
2024/3/9,19:00,10776,0,5750,4895,502,438,1110,161,581,0,0,333,0,1,-1,-3018,23,10775
2024/3/9,19:30,10738,0,5906,4957,553,442,1087,162,579,0,0,404,0,1,-1,-3370,17,10737
2024/3/9,20:00,10635,0,6156,5064,594,439,1053,166,577,0,0,424,0,1,-1,-3860,21,10634
2024/3/9,20:30,10506,0,6150,5056,565,428,1051,161,579,0,0,445,0,1,-1,-3950,20,10505
2024/3/9,21:00,10297,0,5926,4989,521,430,1014,163,574,0,0,500,0,1,-1,-3838,17,10296
2024/3/9,21:30,10102,0,5800,5008,452,427,1009,162,570,0,0,470,0,1,-1,-3808,11,10101
2024/3/9,22:00,9850,0,5270,4924,360,284,931,162,559,0,0,443,0,1,-1,-3104,20,9849
2024/3/9,22:30,9535,0,4838,4907,234,264,925,162,552,0,0,495,0,1,-1,-2858,15,9534
2024/3/9,23:00,9747,0,4592,4829,169,261,926,162,555,0,0,570,0,1,-1,-2334,16,9746
2024/3/9,23:30,9647,0,4494,4729,172,267,908,161,557,0,0,533,0,1,-1,-2186,11,9646
2024/3/10,0:00,9518,0,4760,4804,163,264,882,164,556,0,0,527,0,1,-1,-2610,7,9517
2024/3/10,0:30,9314,0,4146,4686,166,262,877,160,554,0,0,621,0,1,-1,-2166,7,9313
2024/3/10,1:00,9429,0,4506,4662,168,265,878,164,556,0,0,486,0,1,-1,-2264,7,9428
2024/3/10,1:30,9578,0,4446,4600,169,262,877,162,556,0,0,637,0,1,-1,-2140,8,9577
2024/3/10,2:00,9706,0,4456,4672,165,266,906,161,557,0,0,699,0,1,-1,-2186,9,9705
2024/3/10,2:30,9744,0,4456,4611,168,263,912,165,559,0,0,738,0,1,-1,-2138,9,9743
2024/3/10,3:00,9735,0,4418,4610,171,268,922,162,561,0,0,710,0,1,-1,-2096,8,9734
2024/3/10,3:30,9827,0,4404,4668,172,264,928,162,567,0,0,776,0,1,-1,-2122,7,9826
2024/3/10,4:00,9980,0,4478,4679,172,266,930,163,561,0,0,739,0,1,-1,-2016,7,9979
2024/3/10,4:30,9932,0,4336,4635,170,268,935,163,564,0,0,634,0,1,-1,-1782,8,9931
2024/3/10,5:00,9969,0,4638,4717,174,266,944,164,565,0,0,641,0,1,-1,-2152,11,9968
2024/3/10,5:30,10061,0,4604,4780,170,270,951,163,567,0,0,660,0,134,-1,-2250,12,10060
2024/3/10,6:00,10104,0,4512,4817,171,265,992,161,558,104,0,630,0,140,8,-2260,14,10112
2024/3/10,6:30,9916,0,4278,4716,173,270,995,162,558,429,0,613,0,2,3,-2302,22,9919
2024/3/10,7:00,9577,0,4350,4531,176,268,1007,167,604,786,0,504,0,1,4,-2846,29,9581
2024/3/10,7:30,9741,0,4068,4305,175,301,1043,169,678,1262,0,543,0,1,-1,-2830,26,9740
2024/3/10,8:00,9653,0,3416,4117,174,381,1057,171,702,1850,0,538,0,1,7,-2778,24,9660
2024/3/10,8:30,9697,0,2828,3879,176,379,1071,175,737,2218,0,699,0,1,12,-2490,24,9709
2024/3/10,9:00,9668,0,2496,3284,175,380,992,177,742,2692,0,785,0,1,9,-2080,24,9677
2024/3/10,9:30,9675,0,2444,3108,175,377,969,172,724,3024,0,801,0,1,3,-2146,26,9678
2024/3/10,10:00,9417,0,2406,3065,174,377,954,173,716,3395,0,803,0,1,3,-2672,25,9420
2024/3/10,10:30,9373,0,2360,3001,173,382,958,173,723,3648,0,919,0,1,5,-2988,23,9378
2024/3/10,11:00,9151,0,2112,2900,172,278,948,172,708,3876,0,903,0,1,3,-2938,19,9154
2024/3/10,11:30,9185,0,2460,2829,173,273,935,172,678,4028,0,902,0,1,1,-3288,22,9186
2024/3/10,12:00,8953,0,2500,2847,171,272,953,171,694,4178,0,972,0,-211,4,-3614,20,8957
2024/3/10,12:30,8846,0,2384,2774,169,273,950,169,691,4342,0,1091,0,-227,8,-3784,14,8854
2024/3/10,13:00,8783,0,2326,2624,169,271,943,170,677,4315,0,1159,0,-227,-36,-3664,20,8747
2024/3/10,13:30,8686,0,2472,2560,170,349,943,168,676,4185,0,1210,0,-227,-36,-3834,14,8650
2024/3/10,14:00,8661,0,2430,2604,166,389,945,171,668,3988,0,1211,0,-225,23,-3708,22,8684
2024/3/10,14:30,8617,0,2462,2953,168,401,940,166,646,3532,0,1214,0,-225,-1,-3662,22,8616
2024/3/10,15:00,8718,0,2468,3072,168,424,963,169,650,2916,0,1193,0,1,11,-3326,20,8729
2024/3/10,15:30,8684,0,2830,3188,168,392,972,165,625,2099,0,1176,0,1,16,-2952,20,8700
2024/3/10,16:00,8988,0,3748,3622,171,376,1098,162,574,1335,0,1165,0,1,-6,-3288,24,8982
2024/3/10,16:30,9424,0,4980,3944,172,386,1103,162,552,607,0,1134,0,1,3,-3642,25,9427
2024/3/10,17:00,9965,0,5732,4456,175,384,1133,159,551,162,0,1132,0,1,1,-3948,28,9966
2024/3/10,17:30,10340,0,5804,4852,189,383,1167,162,570,2,0,1111,0,134,42,-4058,24,10382
2024/3/10,18:00,10579,0,5778,5039,279,378,1162,161,576,0,0,1093,0,145,31,-4058,26,10610
2024/3/10,18:30,10667,0,5744,5138,297,382,1159,161,575,0,0,1131,0,142,-1,-4082,20,10666
2024/3/10,19:00,10559,0,5604,5176,291,382,1107,164,570,0,0,1063,0,144,-1,-3964,22,10558
2024/3/10,19:30,10560,0,5826,5146,288,383,1102,161,573,0,0,1018,0,144,-1,-4098,17,10559
2024/3/10,20:00,10360,0,5890,5199,289,383,1050,162,570,0,0,1033,0,142,-1,-4376,18,10359
2024/3/10,20:30,10129,0,5646,5148,284,380,1027,161,573,0,0,1035,0,142,-1,-4286,19,10128
2024/3/10,21:00,9981,0,5486,5098,289,384,1022,160,569,0,0,993,0,144,-1,-4180,16,9980
2024/3/10,21:30,9654,0,5262,5100,281,386,1027,162,572,0,0,1034,0,2,-1,-4182,10,9653
2024/3/10,22:00,9443,0,4816,4904,232,287,960,163,572,0,0,1060,0,1,-1,-3572,20,9442
2024/3/10,22:30,9114,0,4626,4724,168,282,947,159,564,0,0,1108,0,1,-1,-3478,13,9113
2024/3/10,23:00,9210,0,4416,4590,169,270,935,161,566,0,0,1075,0,1,-1,-2988,15,9209
2024/3/10,23:30,9000,0,4230,4413,166,277,931,161,567,0,0,1084,0,1,-1,-2840,10,8999
2024/3/11,0:00,8939,0,4392,4428,167,275,937,162,567,0,0,1063,0,1,-1,-3060,7,8938
2024/3/11,0:30,8833,0,4174,4353,166,281,935,160,572,0,0,1065,0,1,-1,-2880,6,8832
2024/3/11,1:00,8934,0,4170,4308,169,280,932,162,568,0,0,1162,0,1,-1,-2824,6,8933
2024/3/11,1:30,9117,0,4306,4373,167,279,935,160,565,0,0,1184,0,1,-1,-2860,7,9116
2024/3/11,2:00,9260,0,4638,4679,168,282,964,160,571,0,0,1054,0,0,-1,-3264,8,9259
2024/3/11,2:30,9253,0,4490,4651,171,279,971,161,577,0,0,1047,0,0,-1,-3102,8,9252
2024/3/11,3:00,9433,0,4432,4614,169,281,976,160,575,0,0,979,0,0,-1,-2760,7,9432
2024/3/11,3:30,9394,0,4182,4567,234,277,977,160,570,0,0,900,0,1,-1,-2480,6,9393
2024/3/11,4:00,9580,0,4404,4604,278,282,986,162,579,0,0,780,0,1,-1,-2502,6,9579
2024/3/11,4:30,9690,0,4614,4633,291,281,998,159,580,0,0,758,0,1,-1,-2632,7,9689
2024/3/11,5:00,10001,0,4638,4779,283,284,1074,162,579,0,0,596,0,1,-1,-2404,9,10000
2024/3/11,5:30,10286,0,5112,4899,306,299,1084,160,583,0,0,517,0,1,-1,-2688,13,10285
2024/3/11,6:00,10704,0,5804,5032,372,302,1114,160,579,140,0,533,0,138,-2,-3484,14,10702
2024/3/11,6:30,10567,0,5202,4962,298,301,1120,160,569,632,0,410,0,140,7,-3248,21,10574
2024/3/11,7:00,10502,0,4526,4676,287,297,1111,161,579,1390,0,446,0,2,-5,-3004,31,10497
2024/3/11,7:30,10603,0,3800,4481,265,358,1121,162,610,2227,0,628,0,1,-8,-3074,24,10595
2024/3/11,8:00,11012,0,4242,4355,175,441,1144,167,664,3059,0,703,0,1,16,-3960,21,11028
2024/3/11,8:30,11254,0,4224,4171,174,442,1137,168,682,3802,0,792,0,1,-8,-4360,21,11246
2024/3/11,9:00,11293,0,3666,3722,175,445,1059,171,698,4448,0,809,0,1,21,-3922,21,11314
2024/3/11,9:30,11091,0,3070,3445,173,445,1049,165,672,5060,0,767,0,1,4,-3780,24,11095
2024/3/11,10:00,10907,0,2816,3128,168,448,1035,168,654,5505,0,793,0,1,1,-3832,23,10908
2024/3/11,10:30,10807,0,3044,3060,168,358,1019,165,647,5590,0,960,0,-211,13,-4012,19,10820
2024/3/11,11:00,10651,0,2790,3157,168,339,964,165,617,5750,0,973,0,-225,1,-4064,17,10652
2024/3/11,11:30,10496,0,2774,3060,169,343,948,162,609,5823,0,921,0,-225,3,-4108,20,10499
2024/3/11,12:00,10046,0,2662,3016,170,339,929,162,599,5766,0,882,0,-431,5,-4066,18,10051
2024/3/11,12:30,9872,0,2654,2994,168,338,945,163,616,5614,0,883,0,-443,-7,-4072,12,9865
2024/3/11,13:00,10153,0,2850,2928,167,351,958,168,661,5276,0,883,0,-225,10,-3884,20,10163
2024/3/11,13:30,10231,0,2980,2997,168,445,968,165,672,4850,0,851,0,1,-36,-3880,14,10195
2024/3/11,14:00,10242,0,3182,3285,170,437,1007,168,659,4274,0,916,0,1,-20,-3874,17,10222
2024/3/11,14:30,10069,0,3508,3568,170,438,1050,167,673,3520,0,838,0,1,-2,-3878,14,10067
2024/3/11,15:00,10021,0,3866,3950,168,440,1045,165,632,2802,0,804,0,0,2,-3868,17,10023
2024/3/11,15:30,10242,0,4716,4268,170,436,1047,163,598,2070,0,864,0,0,8,-4106,16,10250
2024/3/11,16:00,10454,0,5224,4651,218,442,1171,160,565,1225,0,886,0,0,11,-4112,24,10465
2024/3/11,16:30,10409,0,5516,4850,277,444,1175,159,557,557,0,844,0,0,8,-3984,14,10417
2024/3/11,17:00,10592,0,5778,5028,294,444,1207,161,559,162,0,811,0,142,15,-4016,22,10607
2024/3/11,17:30,10702,0,5766,5085,322,441,1261,160,568,1,0,720,0,142,-2,-3784,20,10700
2024/3/11,18:00,10870,0,5700,5092,291,441,1284,161,564,0,0,738,0,142,-4,-3570,27,10866
2024/3/11,18:30,10855,0,5778,5040,289,448,1286,158,558,0,0,732,0,142,1,-3596,20,10856
2024/3/11,19:00,10694,0,5810,5084,405,438,1239,162,562,0,0,670,0,140,-1,-3838,22,10693
2024/3/11,19:30,10565,0,5804,5117,435,446,1236,161,562,0,0,695,0,144,-1,-4052,17,10564
2024/3/11,20:00,10348,0,5772,5194,374,439,1238,160,559,0,0,751,0,140,34,-4300,21,10382
2024/3/11,20:30,10242,0,5610,5189,297,445,1235,160,559,0,0,750,0,142,29,-4166,21,10271
2024/3/11,21:00,9973,0,5404,4946,284,442,1174,162,557,0,0,776,0,0,-1,-3788,16,9972
2024/3/11,21:30,9550,0,5048,4814,188,445,1139,160,557,0,0,762,0,0,-1,-3572,9,9549
2024/3/11,22:00,9497,0,4938,4729,169,305,1101,160,560,0,0,720,0,0,-1,-3206,21,9496
2024/3/11,22:30,8942,0,4210,4572,165,283,1090,159,558,0,0,704,0,0,-1,-2814,15,8941
2024/3/11,23:00,9014,0,3886,4425,168,285,1091,163,560,0,0,743,0,0,-1,-2322,15,9013
2024/3/11,23:30,9045,0,4344,4481,168,288,1085,158,556,0,0,790,0,0,-1,-2834,9,9044
2024/3/12,0:00,8820,0,4008,4349,166,292,1030,162,560,0,0,755,0,0,-1,-2508,6,8819
2024/3/12,0:30,8760,0,4080,4406,163,284,1012,160,561,0,0,775,0,-216,-1,-2470,5,8759
2024/3/12,1:00,8891,0,4072,4388,166,276,1011,163,565,0,0,725,0,-224,-1,-2256,5,8890
2024/3/12,1:30,9016,0,4056,4381,166,277,1017,158,557,0,0,468,0,0,-1,-2070,6,9015
2024/3/12,2:00,9144,0,4090,4309,165,275,1047,161,563,0,0,337,0,0,-1,-1810,7,9143
2024/3/12,2:30,9312,0,4156,4408,170,279,1044,161,566,0,0,247,0,0,-1,-1726,7,9311
2024/3/12,3:00,9331,0,4064,4428,168,277,1059,161,569,0,0,275,0,0,-1,-1676,6,9330
2024/3/12,3:30,9424,0,4150,4352,171,274,1060,162,569,0,0,226,0,0,-1,-1546,6,9423
2024/3/12,4:00,9511,0,4450,4312,168,273,1074,160,570,0,0,225,0,0,-1,-1726,5,9510
2024/3/12,4:30,9614,0,4722,4376,171,275,1070,161,567,0,0,230,0,0,-1,-1964,6,9613
2024/3/12,5:00,9844,0,4664,4461,170,274,1086,161,570,0,0,245,0,0,-1,-1796,9,9843
2024/3/12,5:30,10004,0,4762,4611,171,279,1084,162,568,0,0,271,0,0,-1,-1914,10,10003
2024/3/12,6:00,10215,0,5004,4602,173,291,1116,160,563,110,0,301,0,0,8,-2116,11,10223
2024/3/12,6:30,10419,0,5330,4704,172,291,1130,160,555,474,0,281,0,0,6,-2698,20,10425
2024/3/12,7:00,10344,0,5406,4866,172,298,1214,160,581,870,0,234,0,0,3,-3486,29,10347
2024/3/12,7:30,10570,0,5402,4875,250,360,1210,164,606,1182,0,214,0,0,13,-3716,23,10583
2024/3/12,8:00,11132,0,6640,4942,288,444,1212,162,609,1330,0,191,0,0,15,-4706,20,11147
2024/3/12,8:30,11494,0,6742,4960,284,443,1219,165,614,1428,0,197,0,96,-3,-4674,20,11491
2024/3/12,9:00,11650,0,6530,4910,294,433,1154,162,618,1777,0,213,0,144,-3,-4604,19,11647
2024/3/12,9:30,11453,0,6002,4863,287,434,1137,167,634,2053,0,218,0,34,10,-4400,24,11463
2024/3/12,10:00,11223,0,5542,4628,290,439,1079,166,643,2241,0,236,0,0,-1,-4064,23,11222
2024/3/12,10:30,11294,0,5654,4626,288,439,1066,165,643,2266,0,317,0,0,5,-4190,20,11299
2024/3/12,11:00,11214,0,5894,4707,292,437,1055,164,633,2055,0,276,0,0,4,-4316,17,11218
2024/3/12,11:30,11114,0,6068,4684,344,433,1044,166,625,1696,0,273,0,0,-6,-4238,19,11108
2024/3/12,12:00,10725,0,5846,4822,288,435,1049,164,630,1546,0,297,0,0,6,-4370,18,10731
2024/3/12,12:30,10569,0,5774,4918,289,433,1043,163,611,1383,0,278,0,0,5,-4334,11,10574
2024/3/12,13:00,11050,0,6114,5029,290,436,1039,160,595,1080,0,228,0,0,1,-3940,19,11051
2024/3/12,13:30,11132,0,6268,5058,284,430,1034,161,589,852,0,163,0,0,9,-3720,13,11141
2024/3/12,14:00,11258,0,6670,5234,445,442,1057,162,581,617,0,123,0,0,-15,-4090,17,11243
2024/3/12,14:30,11179,0,6514,5229,587,442,1074,163,573,462,0,112,0,0,-27,-3992,15,11152
2024/3/12,15:00,11199,0,6454,5244,426,446,1150,162,573,328,0,91,0,0,-15,-3692,17,11184
2024/3/12,15:30,11198,0,6272,5247,289,448,1157,163,569,224,0,57,0,0,7,-3244,16,11205
2024/3/12,16:00,11383,0,6146,5248,286,450,1287,162,568,113,0,25,0,0,6,-2926,24,11389
2024/3/12,16:30,11469,0,6284,5253,291,448,1299,162,567,48,0,30,0,0,4,-2926,13,11473
2024/3/12,17:00,11447,0,5990,5250,285,451,1301,163,570,19,0,34,0,0,8,-2640,24,11455
2024/3/12,17:30,11460,0,5882,5245,292,450,1318,164,580,0,0,53,0,0,0,-2544,20,11460
2024/3/12,18:00,11548,0,5994,5246,289,452,1315,161,579,0,0,89,0,0,1,-2602,25,11549
2024/3/12,18:30,11507,0,5828,5244,324,448,1324,164,578,0,0,164,0,0,3,-2586,19,11510
2024/3/12,19:00,11269,0,5884,5245,360,445,1271,161,580,0,0,225,0,0,37,-2924,22,11306
2024/3/12,19:30,11325,0,6288,5261,291,450,1276,163,578,0,0,199,0,138,14,-3336,17,11339
2024/3/12,20:00,11087,0,6462,5252,399,442,1261,161,568,0,0,170,0,144,-1,-3794,22,11086
2024/3/12,20:30,10835,0,6294,5232,430,441,1266,164,562,0,0,171,0,0,-1,-3744,19,10834
2024/3/12,21:00,10536,0,5818,5206,332,437,1205,162,560,0,0,238,0,0,-1,-3438,16,10535
2024/3/12,21:30,10170,0,5310,5083,284,441,1202,163,558,0,0,321,0,0,-1,-3202,10,10169
2024/3/12,22:00,9954,0,5012,5021,280,307,1153,162,559,0,0,353,0,0,-1,-2912,19,9953
2024/3/12,22:30,9513,0,4272,5038,211,280,1156,163,561,0,0,418,0,0,-1,-2600,14,9512
2024/3/12,23:00,9534,0,4008,4885,168,280,1163,162,570,0,0,468,0,0,-1,-2186,16,9533
2024/3/12,23:30,9359,0,3860,4724,167,277,1154,164,571,0,0,568,0,0,-1,-2136,10,9358
2024/3/13,0:00,9199,0,4514,4747,166,280,1048,163,571,0,0,673,0,0,-1,-2970,7,9198
2024/3/13,0:30,9064,0,4226,4878,165,278,1045,164,569,0,0,706,0,0,-1,-2974,7,9063
2024/3/13,1:00,9158,0,4092,4772,165,279,1051,164,572,0,0,701,0,0,-1,-2644,6,9157
2024/3/13,1:30,9205,0,3970,4816,164,281,1042,163,572,0,0,739,0,0,-1,-2550,8,9204
2024/3/13,2:00,9319,0,4008,4691,168,277,1073,162,574,0,0,856,0,0,-1,-2498,8,9318
2024/3/13,2:30,9465,0,4070,4754,165,276,1083,164,572,0,0,987,0,0,-1,-2614,8,9464
2024/3/13,3:00,9533,0,4188,4740,168,275,1099,162,573,0,0,1051,0,0,-1,-2730,7,9532
2024/3/13,3:30,9503,0,4042,4708,171,276,1110,163,570,0,0,1084,0,0,-1,-2628,7,9502
2024/3/13,4:00,9604,0,4246,4800,169,272,1126,163,571,0,0,1082,0,0,-1,-2832,7,9603
2024/3/13,4:30,9655,0,4246,4793,169,276,1131,164,571,0,0,1096,0,0,-1,-2798,7,9654
2024/3/13,5:00,9972,0,4388,5026,170,277,1136,161,569,0,0,1111,0,0,-1,-2876,10,9971
2024/3/13,5:30,10144,0,4856,5114,186,275,1161,166,577,0,0,1047,0,0,-1,-3250,12,10143
2024/3/13,6:00,10530,0,5918,5161,269,285,1189,161,565,116,0,1066,0,1,-1,-4214,13,10529
2024/3/13,6:30,10433,0,5890,4914,281,282,1194,163,573,424,0,1029,0,1,14,-4338,20,10447
2024/3/13,7:00,10330,0,5382,4726,195,280,1265,164,591,961,0,1028,0,1,-7,-4292,29,10323
2024/3/13,7:30,10520,0,4868,4465,173,346,1285,166,614,1592,0,1155,0,1,13,-4168,23,10533
2024/3/13,8:00,11073,0,4970,4426,177,429,1295,168,642,2269,0,1232,0,1,5,-4556,20,11078
2024/3/13,8:30,11301,0,4810,4307,174,356,1312,172,674,2807,0,1369,0,1,0,-4700,19,11301
2024/3/13,9:00,11508,0,4502,4210,176,428,1179,171,680,3499,0,1371,0,1,-4,-4728,19,11504
2024/3/13,9:30,11325,0,3788,4091,174,373,1167,174,684,3995,0,1353,0,1,18,-4498,23,11343
2024/3/13,10:00,11182,0,3706,3872,176,326,1174,172,699,4151,0,1395,0,1,-5,-4512,22,11177
2024/3/13,10:30,11157,0,3532,3836,175,319,1168,177,727,4337,0,1433,0,1,6,-4568,20,11163
2024/3/13,11:00,11007,0,3594,3733,175,325,1114,169,653,4642,0,1451,0,-213,1,-4652,16,11008
2024/3/13,11:30,10973,0,3508,3706,176,324,1124,171,675,4675,0,1464,0,-225,0,-4644,19,10973
2024/3/13,12:00,10495,0,3320,3576,177,323,1116,171,669,4652,0,1487,0,-431,-37,-4582,17,10458
2024/3/13,12:30,10374,0,3322,3668,178,327,1122,169,681,4391,0,1432,0,-445,-38,-4482,11,10336
2024/3/13,13:00,10681,0,3444,3944,172,325,1138,173,690,4082,0,1427,0,-223,8,-4510,19,10689
2024/3/13,13:30,10784,0,3378,4172,173,330,1151,174,729,3760,0,1422,0,1,1,-4518,12,10785
2024/3/13,14:00,10766,0,3320,4431,175,341,1136,171,680,3634,0,1424,0,1,1,-4562,15,10767
2024/3/13,14:30,10744,0,3692,4538,172,436,1161,170,673,3168,0,1341,0,1,10,-4622,14,10754
2024/3/13,15:00,10716,0,4136,4637,176,441,1171,170,635,2622,0,1369,0,1,12,-4658,16,10728
2024/3/13,15:30,10744,0,4392,4763,174,441,1222,167,621,1914,0,1351,0,1,-6,-4318,16,10738
2024/3/13,16:00,11023,0,4610,4957,174,446,1372,165,563,1294,0,1338,0,1,12,-3920,23,11035
2024/3/13,16:30,11035,0,5344,5028,219,450,1376,163,554,595,0,1305,0,1,7,-4012,12,11042
2024/3/13,17:00,11127,0,5688,5195,285,441,1382,164,563,178,0,1236,0,139,20,-4168,24,11147
2024/3/13,17:30,11343,0,6094,5202,285,447,1381,164,577,4,0,1121,0,147,8,-4100,21,11351
2024/3/13,18:00,11524,0,6316,5171,285,446,1362,165,576,0,0,1188,0,149,39,-4160,26,11563
2024/3/13,18:30,11382,0,6160,5178,285,443,1353,163,572,0,0,1246,0,141,17,-4180,21,11399
2024/3/13,19:00,11288,0,6322,5166,287,447,1299,164,573,0,0,1222,0,143,-1,-4360,25,11287
2024/3/13,19:30,11177,0,6422,5195,288,442,1286,164,572,0,0,1340,0,3,-1,-4552,17,11176
2024/3/13,20:00,10908,0,6326,5127,280,445,1276,165,572,0,0,1377,0,1,-1,-4682,21,10907
2024/3/13,20:30,10843,0,6444,5083,284,443,1271,163,564,0,0,1315,0,1,-1,-4744,19,10842
2024/3/13,21:00,10477,0,6430,5057,281,443,1229,164,567,0,0,1279,0,1,-1,-4990,16,10476
2024/3/13,21:30,10172,0,6290,4989,279,443,1200,163,562,0,0,1223,0,1,-1,-4988,10,10171
2024/3/13,22:00,9861,0,5478,4942,280,305,1160,164,559,0,0,1174,0,1,-1,-4224,22,9860
2024/3/13,22:30,9546,0,5002,4958,276,277,1151,162,555,0,0,1150,0,1,-1,-4000,14,9545
2024/3/13,23:00,9584,0,4906,4775,276,280,1134,165,548,0,0,1028,0,1,-1,-3544,15,9583
2024/3/13,23:30,9408,0,4712,4554,197,278,1108,163,553,0,0,1086,0,1,-1,-3254,10,9407
2024/3/14,0:00,9281,0,4332,4573,162,275,1035,162,557,0,0,1075,0,1,-1,-2898,7,9280
2024/3/14,0:30,9101,0,3800,4626,165,276,1028,165,559,0,0,1003,0,1,-1,-2528,6,9100
2024/3/14,1:00,9274,0,3748,4512,165,276,1024,162,554,0,0,1038,0,1,-1,-2212,6,9273
2024/3/14,1:30,9325,0,3704,4561,164,275,1022,164,556,0,0,1014,0,1,-1,-2144,8,9324
2024/3/14,2:00,9514,0,3728,4491,167,270,1047,161,556,0,0,949,0,1,-1,-1864,8,9513
2024/3/14,2:30,9584,0,3860,4448,165,277,1050,165,561,0,0,899,0,1,-1,-1850,8,9583
2024/3/14,3:00,9669,0,3832,4626,168,277,1061,162,565,0,0,684,0,1,-1,-1714,7,9668
2024/3/14,3:30,9670,0,3916,4548,165,280,1066,164,563,0,0,671,0,1,-1,-1710,6,9669
2024/3/14,4:00,9728,0,3862,4701,169,278,1088,162,568,0,0,665,0,1,-1,-1772,6,9727
2024/3/14,4:30,9920,0,4498,4816,168,282,1079,166,568,0,0,561,0,1,-1,-2226,7,9919
2024/3/14,5:00,10035,0,4686,4867,169,281,1093,161,569,0,0,492,0,1,-1,-2294,10,10034
2024/3/14,5:30,10341,0,4992,4972,169,292,1099,165,570,1,0,521,0,137,-1,-2588,11,10340
2024/3/14,6:00,10647,0,5486,5054,168,310,1126,162,554,177,0,515,0,143,-1,-3060,12,10646
2024/3/14,6:30,10572,0,4798,4926,172,309,1127,164,561,591,0,542,0,143,4,-2782,21,10576
2024/3/14,7:00,10506,0,4598,4738,175,320,1178,162,567,1106,0,491,0,1,9,-2860,30,10515
2024/3/14,7:30,10684,0,4074,4576,170,374,1229,166,603,1664,0,469,0,1,2,-2666,24,10686
2024/3/14,8:00,10920,0,4114,4327,170,454,1244,167,639,2353,0,530,0,1,7,-3100,21,10927
2024/3/14,8:30,11328,0,4034,4152,169,452,1271,172,677,3016,0,600,0,1,12,-3236,20,11340
2024/3/14,9:00,11361,0,3756,3972,170,452,1183,172,712,3622,0,543,0,1,4,-3242,20,11365
2024/3/14,9:30,11316,0,3210,3820,174,453,1154,173,686,4136,0,550,0,1,12,-3064,23,11328
2024/3/14,10:00,11059,0,3318,3886,173,437,1134,168,665,4467,0,553,0,1,-2,-3766,23,11057
2024/3/14,10:30,11052,0,3274,3976,170,429,1131,170,650,4490,0,566,0,1,5,-3824,19,11057
2024/3/14,11:00,10857,0,3300,3993,170,431,1095,160,552,4759,0,594,0,-1,-6,-4212,16,10851
2024/3/14,11:30,10797,0,3582,4009,172,431,1105,165,602,4839,0,664,0,-211,12,-4580,19,10809
2024/3/14,12:00,10253,0,3414,4029,170,431,1086,159,556,4624,0,684,0,-227,-43,-4690,17,10210
2024/3/14,12:30,10149,0,3722,4142,180,429,1144,171,678,3470,0,705,0,-181,6,-4322,11,10155
2024/3/14,13:00,10594,0,4134,4731,271,428,1135,167,637,2981,0,528,0,1,36,-4438,19,10630
2024/3/14,13:30,10724,0,4146,4977,278,441,1113,166,597,3173,0,596,0,1,-2,-4776,12,10722
2024/3/14,14:00,10822,0,4200,5047,275,450,1125,167,627,2872,0,571,0,1,18,-4530,17,10840
2024/3/14,14:30,10623,0,4044,5020,277,452,1134,169,618,2285,0,485,0,1,2,-3876,14,10625
2024/3/14,15:00,10624,0,3700,4918,275,454,1163,166,624,2286,0,518,0,1,14,-3498,17,10638
2024/3/14,15:30,10475,0,3770,4807,278,462,1186,168,615,1925,0,521,0,0,14,-3272,15,10489
2024/3/14,16:00,10758,0,4572,4953,277,464,1324,160,574,1321,0,627,0,1,-6,-3538,23,10752
2024/3/14,16:30,10483,0,4376,4985,280,466,1323,163,570,664,0,687,0,0,6,-3042,11,10489
2024/3/14,17:00,10572,0,4772,5116,279,469,1326,159,571,191,0,849,0,0,0,-3182,22,10572
2024/3/14,17:30,10956,0,5476,5158,248,465,1334,165,590,7,0,953,0,138,6,-3596,18,10962
2024/3/14,18:00,10972,0,5660,5227,174,462,1326,161,589,0,0,1023,0,144,0,-3820,26,10972
2024/3/14,18:30,10937,0,5542,5237,176,458,1327,166,588,0,0,1136,0,142,0,-3854,19,10937
2024/3/14,19:00,10718,0,5372,5208,171,464,1342,162,589,0,0,1188,0,142,0,-3940,20,10718
2024/3/14,19:30,10646,0,5500,5141,175,460,1341,165,583,0,0,1303,0,146,0,-4184,16,10646
2024/3/14,20:00,10456,0,5790,5138,173,461,1236,162,585,0,0,1261,0,146,-1,-4516,20,10455
2024/3/14,20:30,10210,0,5576,5160,172,465,1209,164,585,0,0,1247,0,0,-1,-4386,18,10209
2024/3/14,21:00,9895,0,5424,5039,172,462,1163,161,580,0,0,1347,0,0,-1,-4468,15,9894
2024/3/14,21:30,9604,0,5036,4970,169,465,1159,162,578,0,0,1427,0,0,-1,-4370,8,9603
2024/3/14,22:00,9404,0,4654,4899,169,328,1136,164,572,0,0,1404,0,0,-1,-3942,20,9403
2024/3/14,22:30,8911,0,4128,4716,165,302,1124,161,571,0,0,1294,0,0,-1,-3562,12,8910
2024/3/14,23:00,9002,0,4006,4593,165,300,1088,166,572,0,0,1219,0,0,-1,-3122,15,9001
2024/3/14,23:30,8728,0,3824,4484,167,300,1068,160,570,0,0,1228,0,0,-1,-3082,9,8727
2024/3/15,0:00,8624,0,3498,4255,164,302,993,164,572,0,0,1190,0,0,-1,-2520,6,8623
2024/3/15,0:30,8556,0,3470,4260,164,304,989,162,577,0,0,1137,0,0,-1,-2512,5,8555
2024/3/15,1:00,8600,0,3122,4054,166,297,1017,165,575,0,0,1191,0,0,-1,-1992,5,8599
2024/3/15,1:30,8822,0,3116,4117,167,302,1014,161,579,0,0,1285,0,0,-1,-1926,7,8821
2024/3/15,2:00,8950,0,3246,4107,163,304,1033,164,574,0,0,1334,0,0,-1,-1982,7,8949
2024/3/15,2:30,9060,0,3386,4108,165,296,1030,161,573,0,0,1360,0,0,-1,-2026,7,9059
2024/3/15,3:00,9193,0,3586,4104,168,300,1048,165,576,0,0,1296,0,0,-1,-2056,6,9192
2024/3/15,3:30,9250,0,3710,4180,167,299,1075,162,575,0,0,1248,0,0,-1,-2172,6,9249
2024/3/15,4:00,9356,0,3886,4222,170,298,1110,165,578,0,0,1239,0,0,-1,-2318,6,9355
2024/3/15,4:30,9473,0,4198,4324,205,302,1117,162,577,0,0,1232,0,0,-1,-2650,6,9472
2024/3/15,5:00,9628,0,4042,4459,270,303,1131,164,579,0,0,1207,0,0,-1,-2536,9,9627
2024/3/15,5:30,9951,0,4608,4616,286,311,1127,161,580,2,0,1122,0,136,-1,-3008,10,9950
2024/3/15,6:00,10115,0,5318,4677,295,312,1157,164,568,223,0,1085,0,142,-3,-3838,12,10112
2024/3/15,6:30,9956,0,4988,4608,284,318,1156,160,556,781,0,1073,0,0,12,-3986,18,9968
2024/3/15,7:00,9747,0,4252,4379,281,319,1214,163,566,1483,0,1015,0,0,0,-3952,27,9747
2024/3/15,7:30,9863,0,3564,4056,336,364,1236,162,580,2342,0,1017,0,0,0,-3816,22,9863
2024/3/15,8:00,10056,0,3746,3602,275,450,1233,168,590,3315,0,1035,0,0,16,-4378,20,10072
2024/3/15,8:30,10380,0,3626,3598,180,449,1250,166,615,3974,0,1042,0,-2,0,-4538,20,10380
2024/3/15,9:00,10346,0,3222,3452,167,448,1169,171,620,4481,0,983,0,-204,22,-4182,19,10368
2024/3/15,9:30,10379,0,3136,3441,169,451,1140,165,592,5010,0,1028,0,-228,-1,-4548,23,10378
2024/3/15,10:00,10105,0,2473,3254,167,454,1077,168,568,5510,0,1047,0,-226,-1,-4408,21,10104
2024/3/15,10:30,10118,0,2531,3173,164,456,1077,164,549,5726,0,1069,0,-228,-2,-4582,19,10116
2024/3/15,11:00,10004,0,2436,3130,166,453,1048,163,497,6004,0,1123,0,-228,6,-4804,16,10010
2024/3/15,11:30,9942,0,2476,3066,166,460,1050,159,470,5952,0,1130,0,-226,2,-4780,19,9944
2024/3/15,12:00,9446,0,2420,2913,165,446,1044,160,453,5890,0,1153,0,-436,17,-4780,18,9463
2024/3/15,12:30,9327,0,2462,2928,165,446,1085,167,530,5440,0,1198,0,-446,4,-4658,10,9331
2024/3/15,13:00,9695,0,2994,3150,165,459,1093,165,537,5015,0,1257,0,-448,2,-4710,18,9697
2024/3/15,13:30,9672,0,3082,3176,163,461,1125,170,577,4486,0,1235,0,-226,-10,-4592,15,9662
2024/3/15,14:00,9725,0,2784,3221,169,458,1153,167,563,4026,0,1249,0,0,-28,-4084,19,9697
2024/3/15,14:30,9666,0,3162,3419,163,466,1160,169,556,3346,0,1301,0,0,-11,-4094,18,9655
2024/3/15,15:00,9564,0,3262,3639,166,469,1212,166,562,2617,0,1321,0,0,-2,-3868,18,9562
2024/3/15,15:30,9597,0,3864,3812,169,471,1244,168,528,1890,0,1354,0,0,13,-3918,15,9610
2024/3/15,16:00,9697,0,3900,4078,166,471,1374,161,484,1156,0,1360,0,0,39,-3474,21,9736
2024/3/15,16:30,9770,0,4408,4228,170,480,1398,162,456,544,0,1361,0,0,16,-3456,19,9786
2024/3/15,17:00,9726,0,4640,4426,168,479,1408,159,460,180,0,1352,0,0,8,-3568,22,9734
2024/3/15,17:30,10014,0,5256,4501,167,475,1431,163,479,5,0,1392,0,138,3,-4010,17,10017
2024/3/15,18:00,10005,0,5120,4637,171,476,1425,161,481,0,0,1402,0,280,5,-4172,24,10010
2024/3/15,18:30,9954,0,5114,4606,173,471,1431,157,476,0,0,1534,0,284,0,-4312,20,9954
2024/3/15,19:00,9809,0,5112,4542,168,475,1334,141,471,0,0,1663,0,142,0,-4262,23,9809
2024/3/15,19:30,9575,0,4904,4448,169,473,1322,141,473,0,0,1679,0,0,0,-4050,16,9575
2024/3/15,20:00,9399,0,4922,4528,169,476,1294,140,472,0,0,1678,0,0,-1,-4300,20,9398
2024/3/15,20:30,9307,0,4960,4496,169,477,1286,142,474,0,0,1650,0,0,-1,-4364,17,9306
2024/3/15,21:00,8970,0,4936,4469,168,472,1238,141,474,0,0,1698,0,0,-3,-4640,14,8967
2024/3/15,21:30,8734,0,4658,4342,167,474,1225,140,469,0,0,1692,0,0,-1,-4448,15,8733
2024/3/15,22:00,8534,0,4226,4195,164,329,1233,141,459,0,0,1669,0,0,-1,-3900,18,8533
2024/3/15,22:30,8357,0,4188,4148,165,307,1239,141,460,0,0,1583,0,0,-1,-3888,14,8356
2024/3/15,23:00,8349,0,3842,4129,167,305,1194,142,462,0,0,1550,0,0,-1,-3456,14,8348
2024/3/15,23:30,8118,0,3408,3947,164,307,1187,140,464,0,0,1456,0,0,-1,-2964,9,8117
2024/3/16,0:00,8015,0,3816,4134,161,301,1168,143,467,0,0,1351,0,0,-1,-3532,6,8014
2024/3/16,0:30,7933,0,4030,4185,164,307,1169,141,467,0,0,1279,0,0,-1,-3814,5,7932
2024/3/16,1:00,8049,0,4114,4274,164,304,1184,144,466,0,0,1240,0,0,-1,-3846,5,8048
2024/3/16,1:30,8124,0,4004,4250,161,304,1199,141,472,0,0,1208,0,0,-1,-3622,7,8123
2024/3/16,2:00,8245,0,3830,4336,163,301,1212,144,469,0,0,1253,0,0,-1,-3470,7,8244
2024/3/16,2:30,8459,0,4008,4513,165,306,1222,140,467,0,0,1167,0,0,-1,-3536,7,8458
2024/3/16,3:00,8521,0,3728,4532,163,306,1227,142,462,0,0,1110,0,0,-1,-3156,7,8520
2024/3/16,3:30,8613,0,3858,4547,168,302,1246,142,460,0,0,1056,0,0,-1,-3172,6,8612
2024/3/16,4:00,8689,0,3710,4567,165,308,1269,141,461,0,0,956,0,0,-7,-2894,6,8682
2024/3/16,4:30,8775,0,3814,4517,167,308,1277,141,461,0,0,782,0,0,-38,-2698,6,8737
2024/3/16,5:00,8852,0,4136,4478,166,305,1281,144,462,0,0,691,0,136,-28,-2956,9,8824
2024/3/16,5:30,8845,0,4202,4370,170,310,1283,139,458,5,0,674,0,278,-1,-3054,10,8844
2024/3/16,6:00,8706,0,4474,4035,168,320,1303,143,447,249,0,636,0,284,9,-3364,11,8715
2024/3/16,6:30,8533,0,4190,3868,168,310,1306,140,443,825,0,568,0,284,-4,-3592,23,8529
2024/3/16,7:00,8175,0,3970,3366,164,321,1319,142,458,1660,0,523,0,144,10,-3918,26,8185
2024/3/16,7:30,8183,0,3148,3077,168,379,1341,143,491,2641,0,512,0,0,3,-3740,23,8186
2024/3/16,8:00,8268,0,3064,2750,165,463,1356,149,514,3657,0,540,0,0,7,-4410,20,8275
2024/3/16,8:30,8560,0,2940,2551,165,454,1369,146,531,4499,0,578,0,0,47,-4694,21,8607
2024/3/16,9:00,8494,0,2208,2240,164,454,1367,149,538,5195,0,587,0,-212,-14,-4218,22,8480
2024/3/16,9:30,8639,0,1942,2145,161,395,1340,145,495,5720,0,653,0,-228,-41,-4152,23,8598
2024/3/16,10:00,8437,0,2040,1803,162,248,1319,144,443,6086,0,755,0,-226,-1,-4362,25,8436
2024/3/16,10:30,8372,0,1808,1742,163,250,1312,141,414,6350,0,828,0,-228,2,-4428,20,8374
2024/3/16,11:00,8296,0,1612,1709,160,248,1311,149,355,6547,0,845,0,-226,34,-4432,18,8330
2024/3/16,11:30,8168,0,1468,1710,161,251,1302,151,321,6585,0,859,0,-228,47,-4432,20,8215
2024/3/16,12:00,8101,0,1256,1713,161,246,1304,158,323,6592,0,888,0,-226,-32,-4336,22,8069
2024/3/16,12:30,7908,0,1284,1714,163,251,1316,160,342,6429,0,966,0,-436,-48,-4294,13,7860
2024/3/16,13:00,7881,0,1338,1716,161,261,1327,167,380,6202,0,958,0,-446,30,-4202,19,7911
2024/3/16,13:30,7905,0,1238,1717,159,260,1341,165,427,5941,0,982,0,-224,-25,-4114,13,7880
2024/3/16,14:00,7834,0,1250,1715,165,259,1376,168,494,5437,0,982,0,0,24,-4030,18,7858
2024/3/16,14:30,7696,0,1616,1859,160,313,1383,169,515,4605,244,834,101,0,-3,-3776,18,7693
2024/3/16,15:00,7706,0,1868,2316,161,359,1406,167,511,3714,210,786,103,0,15,-3600,18,7721
2024/3/16,15:30,7719,0,2218,2607,166,457,1420,164,483,2894,0,860,0,0,-16,-3568,18,7703
2024/3/16,16:00,7915,0,2624,2882,163,459,1542,162,454,1842,0,831,0,0,10,-3064,20,7925
2024/3/16,16:30,7929,0,3184,3135,165,460,1546,160,441,923,0,728,0,0,11,-2836,23,7940
2024/3/16,17:00,8242,0,3520,3686,165,464,1546,160,444,289,0,625,0,136,4,-2816,23,8246
2024/3/16,17:30,8676,0,4062,4003,168,458,1514,162,465,12,0,558,0,146,11,-2894,22,8687
2024/3/16,18:00,8882,0,4326,4245,170,466,1554,162,464,0,0,549,0,144,39,-3222,24,8921
2024/3/16,18:30,8885,0,4188,4299,172,470,1578,163,468,0,0,448,0,142,26,-3062,19,8911
2024/3/16,19:00,8907,0,4310,4447,170,477,1561,164,466,0,0,393,0,0,0,-3102,21,8907
2024/3/16,19:30,8800,0,4284,4454,172,475,1568,162,461,0,0,363,0,0,0,-3154,15,8800
2024/3/16,20:00,8704,0,4206,4437,172,478,1570,161,466,0,0,328,0,0,-1,-3132,18,8703
2024/3/16,20:30,8651,0,4160,4386,169,476,1564,164,464,0,0,307,0,0,-1,-3056,17,8650
2024/3/16,21:00,8478,0,4134,4383,168,484,1544,162,466,0,0,259,0,0,-1,-3138,16,8477
2024/3/16,21:30,8296,0,4142,4379,165,483,1537,163,468,0,0,231,0,0,-1,-3282,10,8295
2024/3/16,22:00,8201,0,4152,4470,166,342,1479,162,467,0,0,182,0,0,-1,-3236,17,8200
2024/3/16,22:30,7974,0,3646,4340,162,323,1468,165,464,0,0,175,0,0,-1,-2784,15,7973
2024/3/16,23:00,8136,0,3510,4212,166,328,1456,162,468,0,0,184,0,0,-1,-2360,10,8135
2024/3/16,23:30,8027,0,3098,4160,165,328,1456,163,465,0,0,210,0,0,-1,-2026,8,8026
2024/3/17,0:00,7996,0,3614,4120,164,326,1445,163,467,0,0,209,0,0,-1,-2518,6,7995
2024/3/17,0:30,7937,0,3456,4184,163,327,1450,164,463,0,0,219,0,0,-1,-2494,5,7936
2024/3/17,1:00,8109,0,3448,4210,159,332,1452,163,465,0,0,243,0,0,-1,-2368,5,8108
2024/3/17,1:30,8135,0,3460,4121,168,325,1442,164,466,0,0,293,0,0,-1,-2310,6,8134
2024/3/17,2:00,8332,0,3460,4206,165,327,1465,163,469,0,0,288,0,134,-1,-2352,7,8331
2024/3/17,2:30,8397,0,3456,4235,166,328,1465,163,467,0,0,348,0,140,-1,-2378,7,8396
2024/3/17,3:00,8478,0,3338,4106,170,327,1471,163,466,0,0,405,0,142,-1,-2116,6,8477
2024/3/17,3:30,8564,0,3432,4204,165,328,1478,164,466,0,0,393,0,142,-1,-2214,6,8563
2024/3/17,4:00,8597,0,3436,4339,166,325,1478,162,461,0,0,395,0,142,-1,-2312,5,8596
2024/3/17,4:30,8671,0,3516,4319,172,332,1477,164,465,0,0,442,0,140,-1,-2362,6,8670
2024/3/17,5:00,8704,0,3680,4402,168,330,1475,163,465,0,0,470,0,142,-1,-2600,9,8703
2024/3/17,5:30,8701,0,3730,4285,167,328,1483,164,468,6,0,484,0,140,-1,-2564,10,8700
2024/3/17,6:00,8692,0,3558,4210,169,333,1505,162,459,207,0,470,0,144,-15,-2536,11,8677
2024/3/17,6:30,8491,0,3086,4179,167,332,1492,162,447,678,0,441,0,0,15,-2512,19,8506
2024/3/17,7:00,8143,0,2750,3881,165,330,1489,163,461,1314,0,473,0,0,2,-2910,27,8145
2024/3/17,7:30,8242,0,2936,3692,168,360,1495,165,487,1916,0,425,0,0,2,-3424,22,8244
2024/3/17,8:00,8154,0,2360,3139,167,435,1507,164,508,2544,0,404,0,0,20,-3092,18,8174
2024/3/17,8:30,8302,0,2028,3019,169,434,1518,167,535,2991,0,392,0,0,7,-2974,23,8309
2024/3/17,9:00,8134,0,1940,2868,169,432,1441,167,537,3472,0,439,0,-212,16,-3140,21,8150
2024/3/17,9:30,8212,0,1754,2735,167,430,1436,168,545,4135,0,485,0,-228,0,-3438,23,8212
2024/3/17,10:00,8049,0,1524,2425,163,432,1397,166,523,4955,0,616,0,-228,-9,-3946,22,8040
2024/3/17,10:30,7903,0,1756,2130,172,311,1394,164,527,4830,0,683,0,-226,4,-3858,20,7907
2024/3/17,11:00,7887,0,1944,1825,198,278,1371,163,480,5190,0,780,0,-226,-3,-4132,16,7884
2024/3/17,11:30,7822,0,2020,1856,273,277,1391,164,522,5178,0,897,0,-226,26,-4550,20,7848
2024/3/17,12:00,7809,0,2002,1913,276,280,1385,164,498,4693,0,920,0,-24,7,-4316,18,7816
2024/3/17,12:30,7741,0,2258,2001,282,281,1410,165,544,4107,0,947,0,0,8,-4266,12,7749
2024/3/17,13:00,7885,0,2270,2372,336,275,1409,167,543,3650,0,1000,0,0,3,-4156,19,7888
2024/3/17,13:30,7481,0,1988,2480,280,311,1415,166,548,3067,0,1060,0,0,-11,-3846,12,7470
2024/3/17,14:00,7757,0,1940,2747,271,423,1452,167,551,2863,0,1092,0,0,-24,-3768,19,7733
2024/3/17,14:30,7611,0,2040,2912,180,416,1444,165,523,2253,0,1213,0,0,-5,-3556,21,7606
2024/3/17,15:00,7714,0,2130,2946,170,418,1475,166,522,1681,0,1249,0,0,0,-3060,17,7714
2024/3/17,15:30,7809,0,2564,3135,168,413,1476,162,498,1296,0,1297,0,0,2,-3218,18,7811
2024/3/17,16:00,8016,0,3254,3533,169,414,1520,163,472,856,0,1327,0,0,-2,-3716,24,8014
2024/3/17,16:30,8274,0,3638,3938,174,416,1532,159,466,474,0,1413,0,0,14,-3958,22,8288
2024/3/17,17:00,8611,0,3970,4278,170,418,1560,163,463,157,0,1531,0,0,-10,-4124,25,8601
2024/3/17,17:30,8871,0,4262,4346,173,420,1578,160,474,7,0,1614,0,0,8,-4184,21,8879
2024/3/17,18:00,8941,0,4144,4245,174,414,1604,163,475,0,0,1612,0,136,39,-4050,24,8980
2024/3/17,18:30,8927,0,4176,4275,172,417,1623,160,475,0,0,1610,0,142,29,-4142,19,8956
2024/3/17,19:00,8903,0,3936,4329,171,413,1635,163,479,0,0,1633,0,142,0,-4018,20,8903
2024/3/17,19:30,8848,0,3800,4303,173,410,1649,161,476,0,0,1667,0,142,0,-3948,15,8848
2024/3/17,20:00,8737,0,4124,4355,173,413,1663,162,473,0,0,1702,0,0,-1,-4348,20,8736
2024/3/17,20:30,8595,0,4260,4224,172,417,1677,161,475,0,0,1701,0,0,-1,-4510,18,8594
2024/3/17,21:00,8490,0,4226,4133,169,415,1684,163,475,0,0,1723,0,0,-1,-4514,16,8489
2024/3/17,21:30,8210,0,4120,4124,168,413,1680,163,476,0,0,1658,0,0,-1,-4602,10,8209
2024/3/17,22:00,8083,0,3860,3978,168,321,1656,163,465,0,0,1630,0,0,-1,-4174,16,8082
2024/3/17,22:30,7705,0,3198,3682,167,307,1661,161,462,0,0,1644,0,0,-1,-3592,15,7704
2024/3/17,23:00,7858,0,2800,3484,166,303,1654,164,461,0,0,1674,0,0,-1,-2858,10,7857
2024/3/17,23:30,7751,0,2764,3413,167,306,1654,162,460,0,0,1640,0,0,-1,-2822,7,7750
2024/3/18,0:00,7689,0,2474,3243,166,306,1659,163,460,0,0,1688,0,0,-41,-2476,6,7648
2024/3/18,0:30,7795,0,2682,3294,162,304,1664,160,465,0,0,1699,0,0,-39,-2640,5,7756
2024/3/18,1:00,7848,0,2504,3290,164,303,1664,165,462,0,0,1711,0,0,-1,-2420,5,7847
2024/3/18,1:30,8100,0,2798,3502,166,303,1671,163,464,0,0,1708,0,0,-1,-2682,7,8099
2024/3/18,2:00,8260,0,3076,3884,163,304,1686,164,464,0,0,1698,0,0,-1,-3186,7,8259
2024/3/18,2:30,8555,0,3334,4119,168,303,1684,162,464,0,0,1692,0,0,-1,-3378,7,8554
2024/3/18,3:00,8697,0,3362,4464,167,306,1727,165,469,0,0,1635,0,0,-1,-3604,6,8696
2024/3/18,3:30,8889,0,3606,4501,166,305,1739,163,468,0,0,1613,0,0,-1,-3678,6,8888
2024/3/18,4:00,8925,0,3904,4461,171,306,1745,164,466,0,0,1615,0,0,-1,-3912,5,8924
2024/3/18,4:30,9153,0,4038,4581,175,304,1747,162,469,0,0,1597,0,0,-1,-3926,6,9152
2024/3/18,5:00,9445,0,3760,4367,262,308,1741,165,474,0,0,1589,0,0,-1,-3230,9,9444
2024/3/18,5:30,9577,0,3978,4374,278,318,1743,162,473,6,0,1571,0,0,2,-3336,10,9579
2024/3/18,6:00,9756,0,4156,4243,285,315,1731,164,455,236,0,1575,0,136,43,-3552,12,9799
2024/3/18,6:30,9806,0,4022,4132,288,322,1739,161,462,723,0,1592,0,144,38,-3798,19,9844
2024/3/18,7:00,9736,0,3464,3878,282,323,1796,163,476,1453,0,1595,0,0,13,-3722,28,9749
2024/3/18,7:30,10118,0,3446,3737,283,376,1808,166,503,2202,0,1591,0,0,-14,-4016,22,10104
2024/3/18,8:00,10573,0,3416,3634,291,468,1821,165,531,3024,0,1603,0,0,8,-4398,18,10581
2024/3/18,8:30,11038,0,3250,3631,286,467,1823,170,550,3729,0,1613,0,0,15,-4498,17,11053
2024/3/18,9:00,11154,0,3050,3612,218,470,1788,167,521,4358,0,1551,0,0,3,-4600,19,11157
2024/3/18,9:30,11223,0,3040,3324,175,461,1782,168,511,4688,0,1568,0,0,4,-4516,22,11227
2024/3/18,10:00,11184,0,3002,3230,175,467,1701,165,501,4898,0,1584,0,0,8,-4558,19,11192
2024/3/18,10:30,11095,0,2946,3157,173,468,1672,165,482,5089,0,1585,0,0,-1,-4662,20,11094
2024/3/18,11:00,11116,0,3098,3162,174,452,1671,163,478,5136,0,1596,0,-214,7,-4616,16,11123
2024/3/18,11:30,11054,0,2972,3152,177,456,1667,166,488,5071,0,1593,0,-226,-6,-4480,18,11048
2024/3/18,12:00,10586,0,2850,2936,177,442,1672,166,513,4983,0,1588,0,-436,-31,-4324,19,10555
2024/3/18,12:30,10540,0,2912,2939,175,458,1680,170,535,4850,0,1629,0,-444,-29,-4374,10,10511
2024/3/18,13:00,10884,0,3180,3086,177,465,1693,169,549,4546,0,1652,0,-226,19,-4424,17,10903
2024/3/18,13:30,10947,0,3488,3251,175,468,1683,171,561,4273,0,1658,0,-224,5,-4568,11,10952
2024/3/18,14:00,10928,0,3468,3436,253,469,1668,168,574,3924,0,1645,0,-2,2,-4690,15,10930
2024/3/18,14:30,10776,0,3244,3585,291,468,1689,173,584,3361,0,1689,0,0,2,-4320,12,10778
2024/3/18,15:00,10938,0,3400,3784,286,468,1767,166,559,2738,0,1681,0,0,-5,-3930,19,10933
2024/3/18,15:30,10996,0,3928,3896,282,468,1751,168,502,2026,0,1701,0,0,10,-3744,18,11006
2024/3/18,16:00,11234,0,4610,4382,282,473,1737,162,471,1340,0,1681,0,0,5,-3922,18,11239
2024/3/18,16:30,11258,0,5002,4698,287,471,1731,163,454,679,0,1698,0,0,-4,-3938,13,11254
2024/3/18,17:00,11398,0,5162,4904,307,477,1742,160,464,197,0,1718,0,136,3,-3888,19,11401
2024/3/18,17:30,11534,0,5028,5003,389,469,1759,165,482,6,0,1713,0,144,32,-3646,22,11566
2024/3/18,18:00,11676,0,4938,5004,438,470,1748,161,475,0,0,1715,0,144,39,-3442,25,11715
2024/3/18,18:30,11784,0,5182,5038,448,476,1739,165,476,0,0,1689,0,150,2,-3600,21,11786
2024/3/18,19:00,11475,0,5208,5021,421,469,1748,161,478,0,0,1690,0,146,0,-3888,21,11475
2024/3/18,19:30,11443,0,5290,5022,338,473,1743,165,475,0,0,1698,0,142,0,-3920,17,11443
2024/3/18,20:00,11119,0,5298,4834,428,470,1714,163,475,0,0,1686,0,144,-1,-4114,21,11118
2024/3/18,20:30,10933,0,5152,4826,441,468,1704,164,494,0,0,1672,0,144,-1,-4150,18,10932
2024/3/18,21:00,10588,0,4814,4842,439,470,1674,162,500,0,0,1667,0,144,-1,-4140,16,10587
2024/3/18,21:30,10365,0,4614,4859,440,468,1659,164,507,0,0,1669,0,144,-1,-4170,11,10364
2024/3/18,22:00,10047,0,4706,4746,434,333,1660,162,518,0,0,1673,0,0,-1,-4206,21,10046
2024/3/18,22:30,9804,0,4484,4743,439,309,1651,164,513,0,0,1653,0,0,-1,-4168,16,9803
2024/3/18,23:00,9737,0,4048,4604,435,307,1631,163,513,0,0,1636,0,0,-1,-3612,12,9736
2024/3/18,23:30,9544,0,3960,4534,433,307,1617,163,511,0,0,1610,0,0,-1,-3600,9,9543
2024/3/19,0:00,9440,0,3414,4469,433,306,1530,163,513,0,0,1561,0,0,-1,-2956,7,9439
2024/3/19,0:30,9256,0,2954,4351,434,306,1528,164,514,0,0,1549,0,0,-1,-2550,6,9255
2024/3/19,1:00,9453,0,3220,4366,432,304,1519,163,510,0,0,1487,0,0,-1,-2554,6,9452
2024/3/19,1:30,9492,0,3170,4331,433,303,1518,163,512,0,0,1459,0,0,-1,-2404,7,9491
2024/3/19,2:00,9612,0,3358,4377,433,303,1552,163,513,0,0,1447,0,0,-1,-2542,8,9611
2024/3/19,2:30,9680,0,3498,4318,437,300,1545,164,510,0,0,1496,0,0,-1,-2596,8,9679
2024/3/19,3:00,9668,0,3314,4423,436,304,1561,163,516,0,0,1462,0,0,-1,-2518,7,9667
2024/3/19,3:30,9732,0,3320,4473,436,304,1549,164,515,0,0,1527,0,0,-1,-2562,6,9731
2024/3/19,4:00,9768,0,3724,4574,439,302,1550,162,515,0,0,1490,0,0,-1,-2994,6,9767
2024/3/19,4:30,9907,0,3946,4574,433,305,1550,164,516,0,0,1444,0,0,-1,-3032,7,9906
2024/3/19,5:00,10143,0,4168,4722,442,306,1566,165,517,0,0,1419,0,0,-1,-3172,10,10142
2024/3/19,5:30,10344,0,4522,4732,438,310,1576,161,520,12,0,1408,0,0,-1,-3346,11,10343
2024/3/19,6:00,10522,0,4736,4605,442,318,1601,163,500,254,0,1377,0,136,-4,-3622,12,10518
2024/3/19,6:30,10702,0,4980,4674,440,320,1607,160,494,760,0,1359,0,142,2,-4256,22,10704
2024/3/19,7:00,10346,0,4400,4427,441,323,1661,163,505,1471,0,1311,0,2,7,-4386,28,10353
2024/3/19,7:30,10514,0,3636,4396,438,376,1652,163,547,2359,0,1294,0,0,-9,-4370,23,10505
2024/3/19,8:00,10805,0,3518,4164,440,469,1645,166,570,3331,0,1250,0,0,13,-4768,20,10818
2024/3/19,8:30,11145,0,3302,4067,438,474,1650,167,586,4216,0,1160,0,-2,7,-4932,19,11152
2024/3/19,9:00,11106,0,3130,3804,436,483,1578,165,569,4984,0,1121,0,-214,15,-4970,20,11121
2024/3/19,9:30,11100,0,2914,3617,441,476,1577,166,573,5423,0,1072,0,-228,6,-4954,23,11106
2024/3/19,10:00,10789,0,2718,3535,431,473,1513,166,574,5645,0,1026,0,-226,3,-5088,22,10792
2024/3/19,10:30,10748,0,2818,3438,290,477,1492,164,556,5862,0,982,0,-228,-3,-5122,19,10745
2024/3/19,11:00,10587,0,2930,3354,194,470,1437,165,554,5922,0,951,0,-226,7,-5180,16,10594
2024/3/19,11:30,10448,0,2910,3344,168,467,1426,162,545,5873,0,913,0,-226,10,-5152,18,10458
2024/3/19,12:00,9938,0,2722,3449,168,463,1423,167,563,5652,0,900,0,-432,3,-5156,19,9941
2024/3/19,12:30,9875,0,2812,3500,169,453,1424,164,574,5546,0,850,0,-448,-9,-5180,11,9866
2024/3/19,13:00,10103,0,3008,3412,167,457,1431,164,597,5454,0,796,0,-226,18,-5176,19,10121
2024/3/19,13:30,10142,0,3160,3391,170,463,1460,169,623,5052,0,730,0,0,-10,-5088,12,10132
2024/3/19,14:00,10106,0,3114,3483,171,466,1562,170,630,4855,0,680,0,0,-17,-5042,17,10089
2024/3/19,14:30,9931,0,3386,3549,171,466,1559,169,610,4267,0,636,0,0,-29,-4896,14,9902
2024/3/19,15:00,10049,0,3890,3775,172,462,1563,165,580,3325,0,592,0,0,13,-4494,19,10062
2024/3/19,15:30,9958,0,4324,3956,172,466,1559,165,542,2220,0,527,0,0,9,-3992,19,9967
2024/3/19,16:00,10303,0,5046,4268,170,464,1643,161,522,1225,0,457,0,0,-13,-3672,19,10290
2024/3/19,16:30,10395,0,5450,4598,243,457,1645,163,520,572,0,392,0,0,2,-3656,11,10397
2024/3/19,17:00,10468,0,5436,4877,285,462,1656,160,529,181,0,341,0,136,2,-3616,21,10470
2024/3/19,17:30,10553,0,5214,4987,292,467,1664,164,541,6,0,308,0,142,2,-3250,18,10555
2024/3/19,18:00,10704,0,5166,4936,417,461,1669,163,540,0,0,290,0,142,3,-3104,24,10707
2024/3/19,18:30,10645,0,5176,4988,439,465,1665,163,541,0,0,237,0,144,38,-3192,19,10683
2024/3/19,19:00,10526,0,5232,4996,418,467,1664,164,544,0,0,189,0,140,22,-3312,24,10548
2024/3/19,19:30,10353,0,5214,4961,410,466,1666,164,546,0,0,121,0,144,0,-3354,15,10353
2024/3/19,20:00,10229,0,5142,4951,384,471,1661,162,547,0,0,91,0,142,-1,-3342,20,10228
2024/3/19,20:30,10087,0,5184,4947,352,471,1656,166,542,0,0,98,0,140,-1,-3486,17,10086
2024/3/19,21:00,9871,0,5322,4838,433,475,1549,162,548,0,0,119,0,142,-1,-3732,15,9870
2024/3/19,21:30,9488,0,5046,4802,428,471,1521,165,543,0,0,139,0,0,-1,-3638,11,9487
2024/3/19,22:00,9294,0,4778,4738,434,335,1464,161,531,0,0,153,0,0,-1,-3318,18,9293
2024/3/19,22:30,9079,0,4488,4761,431,315,1455,166,530,0,0,170,0,0,-1,-3252,15,9078
2024/3/19,23:00,9084,0,3916,4606,432,311,1439,162,531,0,0,191,0,0,-1,-2514,10,9083
2024/3/19,23:30,8853,0,3478,4521,426,305,1423,166,530,0,0,243,0,0,-1,-2246,7,8852
2024/3/20,0:00,8831,0,3838,4497,434,311,1335,162,530,0,0,306,0,0,-1,-2588,6,8830
2024/3/20,0:30,8759,0,3794,4427,429,309,1335,164,529,0,0,307,0,0,-19,-2540,5,8740
2024/3/20,1:00,8913,0,3924,4576,433,309,1346,163,530,0,0,263,0,0,-41,-2636,5,8872
2024/3/20,1:30,8982,0,4046,4610,433,313,1348,165,534,0,0,238,0,0,-21,-2712,7,8961
2024/3/20,2:00,9154,0,3848,4580,432,315,1359,162,536,0,0,265,0,0,-1,-2350,7,9153
2024/3/20,2:30,9187,0,3518,4533,434,312,1361,165,534,0,0,313,0,0,-1,-1990,7,9186
2024/3/20,3:00,9369,0,3392,4478,436,314,1356,164,532,0,0,319,0,0,-1,-1628,6,9368
2024/3/20,3:30,9409,0,3620,4625,435,315,1351,164,533,0,0,316,0,0,-1,-1956,6,9408
2024/3/20,4:00,9533,0,3760,4792,436,315,1355,164,531,0,0,297,0,0,-1,-2122,5,9532
2024/3/20,4:30,9435,0,3692,4677,438,313,1354,164,531,0,0,316,0,0,-1,-2056,6,9434
2024/3/20,5:00,9590,0,3886,4626,436,316,1355,165,530,0,0,331,0,0,-1,-2064,9,9589
2024/3/20,5:30,9686,0,4038,4703,435,317,1364,163,526,8,0,336,0,0,-1,-2214,10,9685
2024/3/20,6:00,9713,0,3802,4460,436,313,1398,163,522,109,0,354,0,0,4,-1856,12,9717
2024/3/20,6:30,9706,0,3554,4451,436,316,1407,163,514,346,0,382,0,0,4,-1882,19,9710
2024/3/20,7:00,9717,0,3192,4286,403,314,1430,163,526,616,0,408,0,0,13,-1648,27,9730
2024/3/20,7:30,9989,0,3446,4196,376,344,1431,164,531,835,0,438,0,0,41,-1796,24,10030
2024/3/20,8:00,10237,0,3536,4491,432,411,1432,163,519,1221,0,463,0,0,32,-2452,21,10269
2024/3/20,8:30,10449,0,3302,4567,443,423,1435,164,531,1338,0,468,0,0,9,-2244,22,10458
2024/3/20,9:00,10681,0,3364,4762,356,420,1389,163,533,1335,0,474,0,0,-3,-2136,21,10678
2024/3/20,9:30,10692,0,3154,4815,313,410,1400,166,554,1196,0,485,0,0,8,-1824,23,10700
2024/3/20,10:00,10589,0,2802,4997,410,412,1323,164,547,1050,0,510,0,0,-7,-1648,22,10582
2024/3/20,10:30,10741,0,3382,5016,426,410,1306,166,552,1055,0,514,0,0,7,-2106,20,10748
2024/3/20,11:00,10592,0,3298,5041,338,407,1311,164,543,1243,0,535,0,0,15,-2304,16,10607
2024/3/20,11:30,10547,0,3150,5052,284,413,1316,165,551,1299,0,543,0,0,5,-2248,22,10552
2024/3/20,12:00,10396,0,2918,5035,211,414,1335,167,574,1113,0,503,0,0,-41,-1890,16,10355
2024/3/20,12:30,10293,0,2902,5019,174,415,1323,165,556,1141,0,501,0,0,-38,-1914,11,10255
2024/3/20,13:00,10350,0,3112,5056,176,410,1347,167,567,1107,0,503,0,0,3,-2114,19,10353
2024/3/20,13:30,10388,0,3080,5042,174,413,1351,164,554,1104,0,529,0,0,8,-2036,13,10396
2024/3/20,14:00,10331,0,3168,5056,174,416,1419,167,557,1033,0,545,0,0,7,-2220,16,10338
2024/3/20,14:30,10404,0,3592,5070,171,406,1421,162,548,863,0,511,0,0,11,-2352,12,10415
2024/3/20,15:00,10518,0,4098,5061,249,413,1454,166,541,657,0,491,0,0,-9,-2632,20,10509
2024/3/20,15:30,10576,0,4154,5054,286,409,1460,161,532,536,0,477,0,0,11,-2510,17,10587
2024/3/20,16:00,10850,0,5110,5066,356,410,1549,165,531,321,0,468,0,0,1,-3146,20,10851
2024/3/20,16:30,10953,0,5196,5058,440,414,1552,162,528,171,0,454,0,0,8,-3042,20,10961
2024/3/20,17:00,11249,0,5492,5063,443,410,1558,164,540,66,0,450,0,0,5,-2960,23,11254
2024/3/20,17:30,11382,0,5366,5057,444,413,1571,164,550,8,0,457,0,0,0,-2670,22,11382
2024/3/20,18:00,11521,0,5384,5067,443,418,1575,165,552,0,0,461,0,0,0,-2568,24,11521
2024/3/20,18:30,11475,0,5414,4992,443,421,1567,165,553,0,0,444,0,0,0,-2546,22,11475
2024/3/20,19:00,11328,0,5460,4872,442,415,1574,165,552,0,0,425,0,0,0,-2598,21,11328
2024/3/20,19:30,11198,0,5450,4794,444,419,1568,164,548,0,0,407,0,0,0,-2614,18,11198
2024/3/20,20:00,11027,0,5418,4683,443,420,1546,164,548,0,0,369,0,0,-1,-2586,22,11026
2024/3/20,20:30,10948,0,5444,4682,444,421,1541,165,544,0,0,340,0,0,-1,-2652,19,10947
2024/3/20,21:00,10589,0,5292,4683,441,420,1454,162,541,0,0,294,0,0,2,-2714,16,10591
2024/3/20,21:30,10339,0,5334,4686,441,421,1445,165,542,0,0,297,0,0,38,-3002,10,10377
2024/3/20,22:00,10111,0,5078,4687,438,322,1436,162,541,0,0,284,0,0,20,-2856,19,10131
2024/3/20,22:30,9726,0,4548,4667,436,308,1432,165,541,0,0,267,0,0,-1,-2656,18,9725
2024/3/20,23:00,9794,0,4050,4546,439,313,1417,162,535,0,0,262,0,1,-1,-1948,17,9793
2024/3/20,23:30,9584,0,3894,4518,435,309,1413,166,534,0,0,265,0,1,-1,-1960,9,9583
2024/3/21,0:00,9464,0,4370,4594,435,303,1416,164,538,0,0,280,0,1,-1,-2644,7,9463
2024/3/21,0:30,9312,0,4064,4615,436,298,1417,163,528,0,0,281,0,2,-1,-2498,6,9311
2024/3/21,1:00,9431,0,4094,4632,434,305,1408,163,531,0,0,258,0,2,-1,-2402,6,9430
2024/3/21,1:30,9592,0,4098,4599,435,305,1414,164,533,0,0,312,0,2,-1,-2278,8,9591
2024/3/21,2:00,9674,0,3774,4512,433,298,1439,163,535,0,0,318,0,2,-1,-1808,8,9673
2024/3/21,2:30,9830,0,3994,4470,439,302,1444,164,532,0,0,361,0,2,-1,-1886,8,9829
2024/3/21,3:00,9851,0,3996,4469,441,302,1460,163,535,0,0,356,0,2,-1,-1880,7,9850
2024/3/21,3:30,9925,0,4072,4485,439,302,1461,165,531,0,0,387,0,2,-1,-1926,7,9924
2024/3/21,4:00,10036,0,4290,4494,442,302,1458,163,534,0,0,402,0,2,-1,-2058,7,10035
2024/3/21,4:30,10144,0,4468,4517,438,302,1465,166,538,0,0,511,0,2,-1,-2270,7,10143
2024/3/21,5:00,10423,0,4540,4586,441,305,1469,163,538,0,0,544,0,2,-1,-2176,11,10422
2024/3/21,5:30,10645,0,4766,4673,444,310,1473,165,533,8,0,510,0,2,-31,-2250,11,10614
2024/3/21,6:00,10980,0,4958,4683,445,314,1495,160,519,126,0,488,0,2,-40,-2222,12,10940
2024/3/21,6:30,11179,0,5164,4673,444,313,1502,163,520,324,0,481,0,2,8,-2428,21,11187
2024/3/21,7:00,11027,0,5070,4769,445,303,1564,162,532,649,0,394,0,2,48,-2892,29,11075
2024/3/21,7:30,11210,0,4494,4867,444,367,1575,166,560,1055,0,415,0,138,40,-2894,23,11250
2024/3/21,8:00,11626,0,3812,4547,443,358,1601,166,610,1505,0,458,0,142,5,-2036,20,11631
2024/3/21,8:30,12055,0,3764,4290,448,351,1618,173,640,2107,0,503,0,4,9,-1862,19,12064
2024/3/21,9:00,12039,0,3338,3988,448,349,1572,171,660,2604,0,472,0,2,2,-1576,11,12041
2024/3/21,9:30,12035,0,3060,3948,444,352,1560,176,697,2884,0,570,0,2,5,-1668,10,12040
2024/3/21,10:00,11782,0,3590,4181,444,352,1468,175,712,3151,0,567,0,-212,13,-2668,22,11795
2024/3/21,10:30,11757,0,3634,4309,439,347,1447,178,713,3546,0,593,0,-226,8,-3252,29,11765
2024/3/21,11:00,11491,0,3718,4335,444,423,1464,178,743,3814,0,626,0,-224,4,-4050,20,11495
2024/3/21,11:30,11533,0,3492,4440,438,353,1450,178,717,4134,0,690,0,-224,-10,-4152,17,11523
2024/3/21,12:00,10921,0,3316,4240,342,348,1451,173,694,4412,0,636,0,-224,-36,-4486,19,10885
2024/3/21,12:30,10760,0,3234,4273,236,347,1470,176,702,4444,0,652,0,-224,-39,-4564,14,10721
2024/3/21,13:00,11055,0,3474,4413,169,352,1477,175,695,4399,0,672,0,-224,9,-4572,25,11064
2024/3/21,13:30,10993,0,3634,4352,171,423,1483,175,705,4134,0,734,0,-224,1,-4610,16,10994
2024/3/21,14:00,11010,0,3684,4432,171,419,1464,174,673,3898,0,755,0,2,11,-4680,18,11021
2024/3/21,14:30,10877,0,3866,4669,183,427,1471,172,651,3411,0,679,0,2,2,-4678,24,10879
2024/3/21,15:00,10935,0,3882,4702,267,429,1568,168,626,2873,0,678,0,2,9,-4278,18,10944
2024/3/21,15:30,10939,0,4136,4636,286,437,1559,165,559,2320,0,760,0,2,4,-3936,15,10943
2024/3/21,16:00,11208,0,4850,4900,328,462,1593,164,555,1415,0,746,0,2,2,-3834,27,11210
2024/3/21,16:30,11159,0,4960,5041,443,459,1585,164,534,778,0,714,0,2,4,-3532,11,11163
2024/3/21,17:00,11330,0,5462,5067,443,468,1614,161,522,304,0,632,0,2,8,-3366,21,11338
2024/3/21,17:30,11489,0,5486,5059,449,468,1629,163,547,21,0,628,0,138,7,-3120,21,11496
2024/3/21,18:00,11897,0,5878,5026,447,475,1619,163,531,0,0,637,0,282,9,-3186,25,11906
2024/3/21,18:30,11765,0,5478,5053,450,472,1629,163,527,0,0,661,0,286,39,-2976,22,11804
2024/3/21,19:00,11646,0,5420,5058,446,473,1624,162,530,0,0,718,0,146,14,-2956,25,11660
2024/3/21,19:30,11416,0,5360,5029,444,473,1624,163,532,0,0,741,0,144,0,-3112,18,11416
2024/3/21,20:00,11301,0,5592,4881,450,472,1588,163,533,0,0,763,0,146,-1,-3308,21,11300
2024/3/21,20:30,11056,0,5464,4874,445,474,1563,163,530,0,0,764,0,146,-1,-3384,17,11055
2024/3/21,21:00,10931,0,5702,4874,443,472,1521,161,529,0,0,751,0,144,-1,-3682,16,10930
2024/3/21,21:30,10558,0,5712,4713,444,476,1514,165,528,0,0,743,0,4,-1,-3754,13,10557
2024/3/21,22:00,10359,0,5890,4689,440,315,1470,162,533,0,0,656,0,2,-1,-3816,18,10358
2024/3/21,22:30,10014,0,5508,4684,439,294,1461,164,537,0,0,626,0,2,-1,-3718,17,10013
2024/3/21,23:00,10045,0,5104,4657,439,298,1465,162,546,0,0,603,0,2,-1,-3242,11,10044
2024/3/21,23:30,9736,0,4530,4497,440,295,1446,164,543,0,0,618,0,2,-1,-2808,9,9735
2024/3/22,0:00,9622,0,4544,4488,437,290,1412,163,543,0,0,542,0,2,-1,-2806,7,9621
2024/3/22,0:30,9415,0,3926,4493,439,293,1408,163,547,0,0,532,0,2,-1,-2394,6,9414
2024/3/22,1:00,9586,0,3748,4495,438,294,1412,164,545,0,0,478,0,2,-1,-1996,6,9585
2024/3/22,1:30,9713,0,3908,4498,437,295,1420,162,549,0,0,488,0,2,-1,-2054,8,9712
2024/3/22,2:00,9833,0,4172,4490,437,297,1436,163,546,0,0,478,0,2,-1,-2196,8,9832
2024/3/22,2:30,9873,0,4094,4494,441,300,1448,164,551,0,0,415,0,2,-1,-2044,8,9872
2024/3/22,3:00,9988,0,4188,4497,439,301,1440,163,545,0,0,402,0,2,-1,-1996,7,9987
2024/3/22,3:30,9992,0,4284,4473,438,298,1454,164,551,0,0,357,0,2,-1,-2036,7,9991
2024/3/22,4:00,10148,0,4564,4404,442,303,1446,161,545,0,0,327,0,2,-1,-2052,6,10147
2024/3/22,4:30,10175,0,4784,4395,441,301,1438,165,542,0,0,300,0,2,-1,-2200,7,10174
2024/3/22,5:00,10415,0,5050,4396,444,303,1446,161,547,0,0,310,0,2,-1,-2254,10,10414
2024/3/22,5:30,10607,0,5006,4397,445,299,1453,164,542,30,0,324,0,2,-1,-2066,11,10606
2024/3/22,6:00,10748,0,4950,4382,444,310,1475,160,521,355,0,313,0,2,1,-2176,12,10749
2024/3/22,6:30,10818,0,4870,4365,445,310,1488,163,536,959,0,294,0,2,4,-2634,20,10822
2024/3/22,7:00,10570,0,4544,4209,444,310,1523,162,556,1771,0,312,0,2,4,-3292,29,10574
2024/3/22,7:30,10869,0,4100,3997,408,335,1549,168,608,2632,0,365,0,2,13,-3318,23,10882
2024/3/22,8:00,11096,0,3932,3655,256,342,1566,169,641,3496,0,408,0,2,3,-3392,21,11099
2024/3/22,8:30,11419,0,4086,3437,177,342,1573,174,678,4066,0,435,0,2,21,-3574,23,11440
2024/3/22,9:00,11577,0,3674,3647,174,343,1471,172,664,4621,0,367,0,1,-6,-3578,21,11571
2024/3/22,9:30,11463,0,3202,3725,173,343,1433,171,663,4794,0,406,0,1,19,-3472,24,11482
2024/3/22,10:00,11149,0,3242,3713,172,343,1390,170,653,5104,0,439,0,-213,-1,-3886,22,11148
2024/3/22,10:30,11146,0,3340,3646,170,340,1387,172,651,5213,0,548,0,-227,-2,-4116,22,11144
2024/3/22,11:00,10964,0,3394,3643,170,347,1364,165,612,5390,0,620,0,-225,6,-4534,18,10970
2024/3/22,11:30,10828,0,3358,3573,170,349,1339,165,577,5596,0,642,0,-225,2,-4736,20,10830
2024/3/22,12:00,10345,0,2896,3437,171,345,1329,164,590,5573,0,702,0,-225,-35,-4656,19,10310
2024/3/22,12:30,10144,0,2776,3330,171,346,1347,167,621,5525,0,814,0,-225,-38,-4740,12,10106
2024/3/22,13:00,10446,0,2888,3374,172,343,1343,168,627,5533,0,861,0,-225,8,-4658,20,10454
2024/3/22,13:30,10387,0,3000,3483,172,345,1354,169,644,5209,0,817,0,-223,1,-4596,13,10388
2024/3/22,14:00,10376,0,3088,3544,168,344,1343,170,631,4864,0,802,0,-1,2,-4596,19,10378
2024/3/22,14:30,10262,0,3264,3724,168,345,1356,164,617,4368,0,792,0,1,3,-4556,19,10265
2024/3/22,15:00,10232,0,3508,3934,169,346,1438,168,598,3647,0,829,0,1,9,-4424,18,10241
2024/3/22,15:30,10161,0,3850,4172,168,343,1455,165,598,2805,0,822,0,1,0,-4234,16,10161
2024/3/22,16:00,10332,0,3892,4255,236,350,1497,163,555,1931,0,821,0,1,9,-3388,19,10341
2024/3/22,16:30,10478,0,4882,4537,269,399,1490,160,533,1019,0,722,0,1,8,-3552,18,10486
2024/3/22,17:00,10403,0,4966,4736,323,445,1506,161,534,370,0,604,0,136,43,-3400,22,10446
2024/3/22,17:30,10584,0,5448,4834,442,458,1512,161,556,29,0,558,0,146,41,-3580,20,10625
2024/3/22,18:00,10880,0,5254,4926,442,461,1516,163,555,0,0,510,0,1,0,-2972,24,10880
2024/3/22,18:30,10908,0,5304,4973,442,462,1523,162,560,0,0,443,0,0,0,-2980,19,10908
2024/3/22,19:00,10821,0,5438,4851,440,462,1515,164,559,0,0,401,0,0,0,-3030,21,10821
2024/3/22,19:30,10648,0,5448,4779,441,464,1512,162,557,0,0,348,0,0,0,-3078,15,10648
2024/3/22,20:00,10474,0,5316,4673,438,461,1459,163,553,0,0,315,0,0,-1,-2924,20,10473
2024/3/22,20:30,10315,0,5428,4614,437,459,1413,163,555,0,0,267,0,0,-1,-3038,17,10314
2024/3/22,21:00,10085,0,5430,4490,440,460,1373,163,557,0,0,222,0,0,-1,-3066,16,10084
2024/3/22,21:30,9823,0,5422,4487,436,461,1334,162,559,0,0,155,0,0,-1,-3204,11,9822
2024/3/22,22:00,9671,0,5524,4422,421,325,1270,164,549,0,0,133,0,0,-1,-3154,17,9670
2024/3/22,22:30,9310,0,5176,4382,381,302,1212,161,549,0,0,118,0,0,-1,-2986,15,9309
2024/3/22,23:00,9552,0,4752,4395,338,303,1153,165,550,0,0,92,0,136,-1,-2342,10,9551
2024/3/22,23:30,9235,0,4434,4317,319,300,1080,162,552,0,0,83,0,144,-1,-2164,8,9234
2024/3/23,0:00,9206,0,4166,4248,286,302,933,165,553,0,0,79,0,0,-1,-1532,6,9205
2024/3/23,0:30,9021,0,3780,4235,285,297,918,162,551,0,0,77,0,0,-1,-1290,6,9020
2024/3/23,1:00,9148,0,3278,4230,277,296,916,163,548,0,0,76,0,0,-1,-642,6,9147
2024/3/23,1:30,9296,0,3318,4277,282,301,912,164,549,0,0,84,0,0,-1,-598,7,9295
2024/3/23,2:00,9412,0,3332,4268,281,297,906,163,554,0,0,79,0,0,-1,-476,8,9411
2024/3/23,2:30,9502,0,3258,4245,279,298,926,164,552,0,0,95,0,0,-1,-322,7,9501
2024/3/23,3:00,9578,0,3280,4161,282,296,913,163,552,0,0,112,0,0,-1,-188,7,9577
2024/3/23,3:30,9575,0,3342,4090,284,291,901,164,552,0,0,149,0,0,-1,-204,6,9574
2024/3/23,4:00,9666,0,3408,4088,279,298,897,163,550,0,0,179,0,0,-1,-202,6,9665
2024/3/23,4:30,9666,0,3256,4053,287,301,898,164,546,0,0,237,0,0,-1,-82,6,9665
2024/3/23,5:00,9741,0,3536,4174,283,300,897,164,554,0,0,228,0,0,-1,-404,9,9740
2024/3/23,5:30,9838,0,3790,4233,283,305,906,163,551,61,0,232,0,0,-1,-698,12,9837
2024/3/23,6:00,9697,0,3762,4208,282,313,927,163,541,418,0,223,0,0,10,-1152,12,9707
2024/3/23,6:30,9678,0,3718,4204,281,315,947,163,546,1017,0,226,0,0,-6,-1764,25,9672
2024/3/23,7:00,9290,0,3326,4242,256,316,1013,163,553,1579,0,251,0,0,5,-2436,27,9295
2024/3/23,7:30,9616,0,3878,4370,169,342,1029,165,582,2019,0,230,0,0,4,-3192,24,9620
2024/3/23,8:00,9609,0,3980,4599,172,373,1114,168,614,2351,0,224,0,0,-6,-4008,22,9603
2024/3/23,8:30,9966,0,4108,4745,237,393,1127,168,625,2704,0,232,0,122,11,-4518,23,9977
2024/3/23,9:00,9982,0,3728,4850,280,464,1060,169,627,2841,0,210,0,144,14,-4414,23,9996
2024/3/23,9:30,9959,0,3940,4915,285,378,1057,167,628,2529,0,224,0,2,5,-4192,26,9964
2024/3/23,10:00,9829,0,3780,5042,278,458,978,169,614,2288,0,181,0,0,7,-3984,25,9836
2024/3/23,10:30,9717,0,3762,5039,282,366,971,166,614,2114,0,143,0,0,8,-3762,22,9725
2024/3/23,11:00,9684,0,3596,4979,281,352,957,168,616,2072,0,138,0,0,-1,-3494,19,9683
2024/3/23,11:30,9601,0,3468,4890,287,373,961,167,610,1914,0,162,0,0,-17,-3252,21,9584
2024/3/23,12:00,9616,0,3788,4923,292,388,947,164,589,1612,0,202,0,0,-9,-3312,23,9607
2024/3/23,12:30,9313,0,3188,4939,287,359,945,163,578,1377,0,245,0,0,-11,-2782,14,9302
2024/3/23,13:00,9572,0,3068,4901,289,385,944,164,570,1236,0,277,0,0,-37,-2282,20,9535
2024/3/23,13:30,9493,0,2890,4829,286,358,958,164,576,1208,0,265,0,0,8,-2054,13,9501
2024/3/23,14:00,9462,0,2672,4610,286,352,987,166,584,1333,0,252,0,0,2,-1798,18,9464
2024/3/23,14:30,9423,0,2568,4533,285,353,1002,164,583,1367,0,223,0,0,11,-1674,19,9434
2024/3/23,15:00,9449,0,2890,4545,282,354,1000,163,573,1220,0,188,0,0,-2,-1784,18,9447
2024/3/23,15:30,9468,0,3256,4594,284,360,1012,164,574,1070,0,158,0,0,-1,-2022,18,9467
2024/3/23,16:00,9568,0,3690,4643,290,438,1083,162,550,849,0,129,0,0,3,-2286,20,9571
2024/3/23,16:30,9634,0,4172,4711,285,459,1083,161,544,521,0,138,0,0,5,-2466,26,9639
2024/3/23,17:00,9778,0,3970,4877,289,469,1130,162,543,201,0,165,0,0,9,-2050,22,9787
2024/3/23,17:30,9888,0,3848,4974,285,471,1136,163,550,20,0,165,0,0,-1,-1746,22,9887
2024/3/23,18:00,10080,0,4088,4980,217,472,1140,161,551,0,0,174,0,0,0,-1728,25,10080
2024/3/23,18:30,10088,0,3936,4965,175,472,1142,165,554,0,0,153,0,0,0,-1492,18,10088
2024/3/23,19:00,9951,0,4164,4936,174,463,1072,161,554,0,0,144,0,0,0,-1738,21,9951
2024/3/23,19:30,9865,0,4360,4900,175,466,1059,164,557,0,0,149,0,0,0,-1980,15,9865
2024/3/23,20:00,9677,0,4252,4958,173,466,1041,161,549,0,0,152,0,0,-1,-2094,19,9676
2024/3/23,20:30,9616,0,4380,4962,192,464,1036,164,546,0,0,143,0,0,-1,-2288,17,9615
2024/3/23,21:00,9317,0,4502,4879,275,463,1041,161,545,0,0,135,0,0,-1,-2700,16,9316
2024/3/23,21:30,9069,0,4370,4859,279,465,1038,163,545,0,0,137,0,0,-1,-2798,11,9068
2024/3/23,22:00,8878,0,4294,4815,279,330,1009,160,543,0,0,136,0,0,-1,-2704,16,8877
2024/3/23,22:30,8643,0,4016,4797,270,307,1002,164,545,0,0,143,0,0,28,-2618,17,8671
2024/3/23,23:00,8680,0,3828,4769,279,306,958,160,546,0,0,126,0,0,36,-2304,12,8716
2024/3/23,23:30,8544,0,3732,4764,272,307,942,165,550,0,0,100,0,0,-1,-2296,8,8543
2024/3/24,0:00,8464,0,3336,4708,263,302,924,161,550,0,0,92,0,0,-1,-1878,6,8463
2024/3/24,0:30,8242,0,2980,4535,170,301,921,164,546,0,0,88,0,0,-1,-1468,5,8241
2024/3/24,1:00,8467,0,3054,4535,164,303,918,161,547,0,0,86,0,0,-1,-1306,5,8466
2024/3/24,1:30,8511,0,3058,4529,165,307,921,163,550,0,0,75,0,0,-1,-1264,7,8510
2024/3/24,2:00,8662,0,2862,4449,161,305,919,161,550,0,0,71,0,0,-1,-824,8,8661
2024/3/24,2:30,8720,0,2738,4360,167,300,921,165,545,0,0,73,0,0,-1,-556,7,8719
2024/3/24,3:00,8838,0,2912,4308,167,307,921,161,550,0,0,74,0,0,-1,-568,6,8837
2024/3/24,3:30,8868,0,3078,4463,167,311,919,164,546,0,0,64,0,0,-1,-850,6,8867
2024/3/24,4:00,8952,0,3156,4574,166,306,914,161,546,0,0,65,0,0,-1,-942,6,8951
2024/3/24,4:30,8940,0,3280,4471,165,310,917,163,545,0,0,59,0,0,-1,-976,6,8939
2024/3/24,5:00,9067,0,3440,4420,168,307,926,162,546,0,0,55,0,0,-1,-966,9,9066
2024/3/24,5:30,9066,0,3590,4400,229,309,931,162,550,49,0,50,0,0,-1,-1214,10,9065
2024/3/24,6:00,8905,0,3194,4174,277,306,985,161,550,399,0,41,0,0,6,-1194,12,8911
2024/3/24,6:30,8864,0,3460,3854,287,306,985,162,552,958,0,51,0,0,3,-1770,19,8867
2024/3/24,7:00,8263,0,2708,3466,283,306,1012,162,572,1668,0,43,0,0,10,-1984,27,8273
2024/3/24,7:30,8719,0,3076,3448,328,299,991,162,524,2574,0,38,0,0,2,-2744,23,8721
2024/3/24,8:00,8470,0,3152,3132,305,303,990,158,533,3263,0,36,0,0,3,-3422,20,8473
2024/3/24,8:30,8557,0,2534,2958,313,303,1027,164,588,3977,0,35,0,0,13,-3364,22,8570
2024/3/24,9:00,8345,0,2230,2506,319,275,905,161,532,5019,0,31,0,0,19,-3654,21,8364
2024/3/24,9:30,8516,0,1838,2236,388,250,909,158,532,5848,0,43,0,0,7,-3708,22,8523
2024/3/24,10:00,8174,0,1862,1972,371,257,905,162,531,6290,0,58,0,-214,1,-4042,22,8175
2024/3/24,10:30,8127,0,1890,1909,276,257,909,158,531,6547,0,87,0,-226,7,-4230,19,8134
2024/3/24,11:00,7946,0,1768,1866,181,257,922,160,533,6711,0,120,0,-226,-8,-4362,16,7938
2024/3/24,11:30,7826,0,1710,1872,167,254,930,158,530,6691,0,159,0,-436,14,-4228,19,7840
2024/3/24,12:00,7795,0,1678,1880,164,258,949,161,534,6661,0,202,0,-448,-7,-4262,18,7788
2024/3/24,12:30,7605,0,1474,1845,165,254,959,159,532,6555,0,277,0,-444,-4,-4182,11,7601
2024/3/24,13:00,7523,0,1300,1856,164,257,964,158,531,6495,0,353,0,-444,18,-4130,19,7541
2024/3/24,13:30,7545,0,1622,2117,165,285,968,158,530,6240,0,466,0,-444,14,-4574,12,7559
2024/3/24,14:00,7388,0,1542,2492,162,306,983,159,534,5642,0,497,0,-224,11,-4724,19,7399
2024/3/24,14:30,7400,0,1696,2607,160,307,993,157,543,5012,0,521,0,0,3,-4616,20,7403
2024/3/24,15:00,7419,0,2118,2680,165,311,1025,158,531,4283,0,486,0,0,15,-4354,16,7434
2024/3/24,15:30,7239,0,2222,2852,164,309,1091,159,532,3161,0,493,0,0,1,-3762,18,7240
2024/3/24,16:00,7446,0,2618,3158,165,355,1253,158,532,2098,0,486,0,0,8,-3398,21,7454
2024/3/24,16:30,7655,0,3652,3399,166,362,1302,161,532,1088,0,492,0,136,-7,-3656,21,7648
2024/3/24,17:00,8001,0,4088,3710,167,376,1422,168,641,230,0,485,0,280,7,-3590,24,8008
2024/3/24,17:30,8306,0,4066,4084,171,424,1405,162,566,32,0,387,0,286,-8,-3298,21,8298
2024/3/24,18:00,8744,0,3544,4403,166,422,1407,161,542,0,0,342,0,286,-39,-2552,23,8705
2024/3/24,18:30,8846,0,3542,4452,174,423,1417,162,543,0,0,349,0,284,0,-2518,18,8846
2024/3/24,19:00,8686,0,3596,4352,171,422,1386,160,546,0,0,324,0,284,16,-2574,19,8702
2024/3/24,19:30,8779,0,3726,4393,171,423,1385,164,546,0,0,322,0,282,26,-2646,13,8805
2024/3/24,20:00,8641,0,3862,4337,172,423,1352,160,546,0,0,311,0,144,-1,-2686,20,8640
2024/3/24,20:30,8534,0,3902,4339,171,416,1361,162,541,0,0,320,0,2,-1,-2696,16,8533
2024/3/24,21:00,8305,0,3778,4309,169,417,1364,162,542,0,0,314,0,0,-1,-2764,14,8304
2024/3/24,21:30,8110,0,3564,4301,169,381,1359,160,538,0,0,334,0,0,-1,-2706,10,8109
2024/3/24,22:00,7994,0,3596,4351,164,312,1364,163,542,0,0,358,0,0,-1,-2872,16,7993
2024/3/24,22:30,7703,0,3082,4239,167,312,1362,160,537,0,0,344,0,0,-1,-2514,14,7702
2024/3/24,23:00,7815,0,2714,4155,168,314,1310,163,540,0,0,328,0,0,-1,-1886,9,7814
2024/3/24,23:30,7734,0,2664,4104,163,311,1306,160,542,0,0,347,0,0,-1,-1870,7,7733
2024/3/25,0:00,7697,0,2704,3941,166,308,1268,163,534,0,0,340,0,0,-1,-1732,5,7696
2024/3/25,0:30,7629,0,2786,3942,163,313,1237,160,538,0,0,356,0,0,-1,-1870,4,7628
2024/3/25,1:00,7812,0,2738,3843,166,308,1210,162,535,0,0,371,0,0,-1,-1526,5,7811
2024/3/25,1:30,7874,0,2670,3834,166,311,1196,162,539,0,0,392,0,0,-1,-1402,6,7873
2024/3/25,2:00,8099,0,2712,3962,165,310,1188,163,536,0,0,397,0,0,-1,-1340,6,8098
2024/3/25,2:30,8258,0,2660,3956,163,313,1184,160,538,0,0,372,0,0,-1,-1094,6,8257
2024/3/25,3:00,8442,0,2734,4087,168,313,1183,164,536,0,0,356,0,0,-1,-1104,5,8441
2024/3/25,3:30,8491,0,2730,4131,166,307,1178,160,541,0,0,341,0,0,-1,-1068,5,8490
2024/3/25,4:00,8664,0,2638,4185,167,312,1177,163,535,0,0,336,0,0,-1,-854,5,8663
2024/3/25,4:30,8797,0,2844,4277,170,311,1178,161,538,0,0,281,0,0,-1,-968,5,8796
2024/3/25,5:00,9012,0,2998,4338,168,310,1182,164,541,0,0,258,0,0,-1,-956,9,9011
2024/3/25,5:30,9134,0,2992,4301,168,317,1191,162,538,46,0,244,0,0,-1,-836,11,9133
2024/3/25,6:00,9342,0,3588,4231,169,328,1305,162,529,298,0,265,0,0,-4,-1544,11,9338
2024/3/25,6:30,9375,0,3668,4120,170,323,1316,161,529,678,0,268,0,0,5,-1876,18,9380
2024/3/25,7:00,9248,0,3300,4060,169,322,1374,162,533,1167,0,249,0,0,7,-2114,26,9255
2024/3/25,7:30,9715,0,3552,4045,172,348,1374,160,542,1775,0,242,0,0,3,-2516,21,9718
2024/3/25,8:00,9996,0,4210,4401,171,375,1384,163,575,2446,0,275,0,136,3,-4160,20,9999
2024/3/25,8:30,10342,0,4010,4391,173,469,1390,167,604,2979,0,296,0,142,8,-4298,19,10350
2024/3/25,9:00,10330,0,3960,4262,171,467,1231,169,637,3388,0,285,0,2,3,-4262,20,10333
2024/3/25,9:30,10346,0,3550,4214,173,469,1229,170,657,3941,0,250,0,0,-5,-4330,23,10341
2024/3/25,10:00,10079,0,3152,3854,171,369,1216,169,654,4498,0,263,0,0,12,-4290,23,10091
2024/3/25,10:30,9962,0,2910,3804,168,365,1222,173,665,4596,0,285,0,0,10,-4244,18,9972
2024/3/25,11:00,9828,0,2814,3534,169,359,1222,168,646,5080,0,314,0,0,12,-4494,16,9840
2024/3/25,11:30,9722,0,2808,3379,172,406,1236,173,665,4877,0,384,0,-2,-4,-4394,18,9718
2024/3/25,12:00,9318,0,2644,3266,171,357,1240,169,658,4897,0,452,0,-212,-40,-4342,18,9278
2024/3/25,12:30,9181,0,2634,3215,167,359,1246,174,670,4785,0,483,0,-226,-37,-4336,10,9144
2024/3/25,13:00,9467,0,2742,3498,170,435,1260,172,685,4369,0,493,0,0,10,-4374,17,9477
2024/3/25,13:30,9465,0,3120,3833,165,354,1249,171,662,3632,0,525,0,0,31,-4256,10,9496
2024/3/25,14:00,9430,0,3122,4428,169,437,1247,171,653,2888,0,536,0,0,26,-4238,17,9456
2024/3/25,14:30,9428,0,3152,4732,169,439,1269,167,608,2442,0,585,0,0,4,-4148,13,9432
2024/3/25,15:00,9339,0,3028,4395,166,468,1320,166,590,1890,0,620,0,0,0,-3320,16,9339
2024/3/25,15:30,9444,0,3428,4353,171,472,1352,165,564,1405,0,637,0,0,-37,-3120,17,9407
2024/3/25,16:00,9538,0,3748,4613,170,475,1510,163,541,953,0,671,0,0,1,-3324,18,9539
2024/3/25,16:30,9591,0,4130,4713,171,480,1523,161,544,474,0,685,0,0,-2,-3302,12,9589
2024/3/25,17:00,9547,0,3960,4640,172,474,1548,162,540,172,0,686,0,0,5,-2830,23,9552
2024/3/25,17:30,9668,0,3930,4656,172,470,1558,161,533,20,0,692,0,0,-1,-2544,20,9667
2024/3/25,18:00,9739,0,3772,4710,173,462,1561,163,533,0,0,703,0,0,-1,-2362,24,9738
2024/3/25,18:30,9792,0,3840,4747,178,460,1563,163,529,0,0,703,0,0,0,-2410,19,9792
2024/3/25,19:00,9531,0,3810,4781,169,465,1542,163,529,0,0,655,0,0,0,-2604,21,9531
2024/3/25,19:30,9462,0,3838,4798,172,470,1540,162,530,0,0,596,0,0,0,-2660,16,9462
2024/3/25,20:00,9288,0,3708,4937,174,471,1483,161,530,0,0,540,0,0,-1,-2736,20,9287
2024/3/25,20:30,9123,0,3632,4895,173,465,1474,166,526,0,0,511,0,0,-1,-2734,15,9122
2024/3/25,21:00,8903,0,3682,4837,172,380,1481,161,525,0,0,511,0,0,-1,-2860,14,8902
2024/3/25,21:30,8683,0,3852,4826,168,367,1481,164,525,0,0,446,0,0,-1,-3156,10,8682
2024/3/25,22:00,8382,0,3990,4691,165,322,1482,161,525,0,0,365,0,0,-1,-3338,19,8381
2024/3/25,22:30,8210,0,3622,4675,168,310,1484,163,523,0,0,323,0,0,-1,-3072,14,8209
2024/3/25,23:00,8175,0,3292,4535,166,303,1434,162,528,0,0,300,0,0,-1,-2554,9,8174
2024/3/25,23:30,7957,0,2810,4370,165,305,1429,163,528,0,0,248,0,0,-1,-2068,7,7956
2024/3/26,0:00,7924,0,2994,4475,164,305,1358,163,527,0,0,191,0,0,-1,-2258,5,7923
2024/3/26,0:30,7927,0,3195,4710,165,306,1360,163,528,0,0,158,0,0,-1,-2662,4,7926
2024/3/26,1:00,8090,0,3120,4701,163,302,1358,162,527,0,0,150,0,0,-1,-2398,5,8089
2024/3/26,1:30,8085,0,2902,4671,164,301,1359,164,529,0,0,107,0,0,-1,-2118,6,8084
2024/3/26,2:00,8346,0,3113,4616,169,298,1363,161,529,0,0,74,0,0,-1,-1984,7,8345
2024/3/26,2:30,8413,0,3004,4539,165,301,1359,164,532,0,0,71,0,0,-1,-1728,6,8412
2024/3/26,3:00,8703,0,3237,4545,164,298,1366,161,529,0,0,67,0,0,-1,-1670,6,8702
2024/3/26,3:30,8673,0,3003,4632,167,302,1396,164,528,0,0,62,0,0,-1,-1586,5,8672
2024/3/26,4:00,8801,0,3173,4803,169,304,1393,161,528,0,0,83,0,0,-1,-1818,5,8800
2024/3/26,4:30,8954,0,3386,4808,168,303,1393,165,530,0,0,122,0,0,-1,-1926,5,8953
2024/3/26,5:00,9183,0,3562,4702,170,310,1405,161,527,0,0,112,0,0,-1,-1774,8,9182
2024/3/26,5:30,9149,0,3733,4568,169,312,1412,164,525,37,0,120,0,0,-1,-1900,9,9148
2024/3/26,6:00,9244,0,3928,4570,170,318,1480,160,524,193,0,156,0,0,17,-2266,11,9261
2024/3/26,6:30,9242,0,3804,4536,171,316,1492,165,532,408,0,167,0,0,3,-2370,21,9245
2024/3/26,7:00,9309,0,3830,4582,173,317,1565,163,538,576,0,151,0,0,1,-2612,26,9310
2024/3/26,7:30,9748,0,3934,4683,172,372,1564,165,550,796,0,169,0,0,4,-2678,21,9752
2024/3/26,8:00,10384,0,4508,4905,174,452,1566,165,566,849,0,209,0,0,2,-3028,18,10386
2024/3/26,8:30,10832,0,4450,5048,178,453,1571,166,569,947,0,261,0,0,1,-2828,17,10833
2024/3/26,9:00,11070,0,4454,5017,174,462,1531,165,573,961,0,309,0,134,1,-2728,18,11071
2024/3/26,9:30,11281,0,4610,5042,179,463,1525,167,563,982,0,343,0,276,8,-2888,19,11289
2024/3/26,10:00,11102,0,4680,4909,178,467,1530,163,558,939,0,369,0,288,8,-3002,23,11110
2024/3/26,10:30,11219,0,4768,4869,176,471,1535,166,553,851,0,358,0,226,-2,-2772,18,11217
2024/3/26,11:00,11174,0,4710,4740,177,459,1490,164,547,816,0,394,0,228,0,-2566,15,11174
2024/3/26,11:30,11231,0,4780,4766,180,461,1501,165,551,764,0,425,0,226,8,-2606,18,11239
2024/3/26,12:00,10764,0,4762,4794,175,466,1527,165,553,735,0,468,0,280,41,-3178,17,10805
2024/3/26,12:30,10726,0,4820,4763,178,468,1546,163,555,712,0,490,0,282,29,-3260,9,10755
2024/3/26,13:00,11270,0,4932,4866,176,465,1616,161,544,682,0,489,0,288,2,-2966,17,11272
2024/3/26,13:30,11256,0,4852,4923,176,469,1639,160,533,596,0,527,0,284,-3,-2914,11,11253
2024/3/26,14:00,11468,0,4704,5000,176,470,1670,162,542,518,0,581,0,282,-1,-2652,15,11467
2024/3/26,14:30,11210,0,4246,4965,176,468,1665,160,524,427,0,588,0,162,4,-2184,13,11214
2024/3/26,15:00,11382,0,4476,4992,178,471,1695,163,512,330,0,586,0,0,3,-2038,17,11385
2024/3/26,15:30,11402,0,4506,5008,175,477,1718,160,500,219,0,580,0,0,6,-1958,17,11408
2024/3/26,16:00,11610,0,4444,5054,177,479,1800,161,499,151,0,576,0,0,-42,-1750,19,11568
2024/3/26,16:30,11554,0,4350,5055,178,475,1804,161,505,80,0,565,0,0,-36,-1630,11,11518
2024/3/26,17:00,11457,0,4188,5004,179,480,1828,162,513,34,0,548,0,0,-1,-1500,21,11456
2024/3/26,17:30,11552,0,4496,4998,182,480,1822,163,513,13,0,517,0,0,13,-1650,18,11565
2024/3/26,18:00,11469,0,4540,5021,176,479,1826,161,517,0,0,476,0,0,39,-1750,23,11508
2024/3/26,18:30,11442,0,4636,4987,177,480,1823,164,520,0,0,417,0,0,28,-1780,18,11470
2024/3/26,19:00,11202,0,4524,4931,177,480,1825,161,522,0,0,365,0,0,0,-1802,19,11202
2024/3/26,19:30,11095,0,4704,4878,178,483,1815,164,524,0,0,339,0,0,0,-2004,14,11095
2024/3/26,20:00,10901,0,4954,4768,173,479,1748,160,525,0,0,327,0,0,-1,-2252,19,10900
2024/3/26,20:30,10591,0,4756,4673,176,447,1736,163,524,0,0,308,0,0,-1,-2208,16,10590
2024/3/26,21:00,10314,0,4780,4706,173,413,1715,163,525,0,0,289,0,0,-1,-2466,16,10313
2024/3/26,21:30,10064,0,4830,4739,173,407,1707,163,530,0,0,269,0,0,-1,-2764,10,10063
2024/3/26,22:00,9823,0,5168,4828,171,311,1689,162,527,0,0,254,0,0,-1,-3304,17,9822
2024/3/26,22:30,9208,0,3950,4748,166,304,1682,163,529,0,0,244,0,0,-1,-2592,14,9207
2024/3/26,23:00,9418,0,4032,4697,168,296,1635,162,528,0,0,214,0,0,-1,-2324,10,9417
2024/3/26,23:30,9148,0,3810,4558,167,299,1630,164,529,0,0,198,0,0,-1,-2214,7,9147
2024/3/27,0:00,9076,0,3818,4623,168,298,1555,162,531,0,0,181,0,0,-1,-2266,6,9075
2024/3/27,0:30,8910,0,3763,4662,165,301,1549,163,532,0,0,162,0,-212,-1,-2180,5,8909
2024/3/27,1:00,9158,0,4319,4780,163,299,1547,163,529,0,0,155,0,-228,-1,-2574,5,9157
2024/3/27,1:30,9135,0,4067,4762,170,302,1544,163,531,0,0,136,0,-226,-1,-2320,6,9134
2024/3/27,2:00,9373,0,4074,4851,167,306,1543,162,533,0,0,148,0,-228,-1,-2190,7,9372
2024/3/27,2:30,9472,0,4186,4861,166,303,1540,165,533,0,0,129,0,-228,-1,-2190,7,9471
2024/3/27,3:00,9502,0,3636,4851,169,300,1536,162,532,0,0,148,0,-226,-1,-1612,6,9501
2024/3/27,3:30,9588,0,3650,4844,173,305,1518,164,532,0,0,152,0,-228,-1,-1528,6,9587
2024/3/27,4:00,9585,0,3849,4849,169,304,1513,161,532,0,0,145,0,-226,-1,-1716,5,9584
2024/3/27,4:30,9664,0,4187,4863,171,301,1513,165,533,0,0,135,0,-226,-1,-1984,6,9663
2024/3/27,5:00,9858,0,3815,4908,172,309,1519,163,533,0,0,132,0,0,-1,-1702,9,9857
2024/3/27,5:30,10074,0,4308,4950,174,314,1525,162,533,65,0,103,0,0,-1,-2070,10,10073
2024/3/27,6:00,10051,0,4210,4808,175,307,1571,159,524,346,0,91,0,0,2,-2152,12,10053
2024/3/27,6:30,9978,0,3946,4483,173,311,1584,166,557,778,0,84,0,0,11,-2122,18,9989
2024/3/27,7:00,9765,0,3748,4104,170,307,1679,166,610,1365,0,67,0,0,3,-2478,27,9768
2024/3/27,7:30,9911,0,3434,3771,176,307,1710,175,678,2091,0,69,0,-2,10,-2520,22,9921
2024/3/27,8:00,10230,0,3354,3229,177,300,1727,174,707,2912,0,83,0,-214,-4,-2238,19,10226
2024/3/27,8:30,10406,0,2832,2947,175,309,1742,176,725,3662,0,104,0,-226,23,-2058,18,10429
2024/3/27,9:00,10521,0,2922,2904,177,306,1667,179,741,4270,0,114,0,-226,-6,-2552,19,10515
2024/3/27,9:30,10587,0,2992,2856,170,300,1643,173,702,4805,0,134,0,-226,14,-2984,22,10601
2024/3/27,10:00,10381,0,2774,2847,172,303,1634,174,681,5170,0,176,0,-226,2,-3346,22,10383
2024/3/27,10:30,10337,0,2599,2992,169,298,1602,171,635,5565,0,218,0,-226,15,-3704,18,10352
2024/3/27,11:00,10315,0,2654,3198,171,295,1515,167,601,5847,0,280,0,-228,0,-4200,15,10315
2024/3/27,11:30,10200,0,2617,3321,170,304,1500,163,577,6111,0,319,0,-432,0,-4468,18,10200
2024/3/27,12:00,9671,0,2172,3130,168,311,1508,165,564,6283,0,367,0,-444,7,-4570,17,9678
2024/3/27,12:30,9464,0,2032,3152,170,313,1524,166,603,6144,0,443,0,-448,-5,-4646,11,9459
2024/3/27,13:00,9739,0,1838,3213,169,312,1607,168,633,6033,0,480,0,-224,10,-4508,18,9749
2024/3/27,13:30,9661,0,1735,3264,166,312,1615,171,660,5798,0,493,0,-226,4,-4338,11,9665
2024/3/27,14:00,9605,0,1649,3243,167,318,1624,174,677,5499,0,498,0,-224,5,-4036,16,9610
2024/3/27,14:30,9422,0,1841,3375,164,312,1618,171,678,4881,0,484,0,-224,1,-3892,14,9423
2024/3/27,15:00,9468,0,2163,3203,167,310,1601,170,636,4227,0,483,0,0,6,-3510,18,9474
2024/3/27,15:30,9286,0,2372,2989,166,313,1609,169,608,3226,0,508,0,0,-48,-2692,18,9238
2024/3/27,16:00,9559,0,2840,3255,171,310,1684,164,565,2155,0,519,0,0,1,-2122,18,9560
2024/3/27,16:30,9446,0,3430,3540,168,312,1657,162,531,1164,0,489,0,0,40,-2018,11,9486
2024/3/27,17:00,9532,0,3762,3952,173,308,1678,161,516,425,0,418,0,140,7,-2022,21,9539
2024/3/27,17:30,9742,0,3936,4320,170,315,1693,161,535,57,0,347,0,282,2,-2092,18,9744
2024/3/27,18:00,10094,0,3990,4541,174,310,1685,164,538,0,0,312,0,284,0,-1928,24,10094
2024/3/27,18:30,10183,0,4118,4625,174,308,1696,161,539,0,0,284,0,146,-13,-1886,18,10170
2024/3/27,19:00,10040,0,4086,4494,173,311,1702,163,539,0,0,237,0,142,-5,-1826,19,10035
2024/3/27,19:30,10068,0,4004,4563,177,309,1705,161,542,0,0,201,0,142,-1,-1750,14,10067
2024/3/27,20:00,9868,0,3870,4524,173,311,1620,165,543,0,0,193,0,278,-1,-1828,19,9867
2024/3/27,20:30,9750,0,4014,4635,175,307,1598,161,540,0,0,188,0,288,36,-2172,16,9786
2024/3/27,21:00,9503,0,3970,4643,172,309,1582,164,539,0,0,163,0,146,-2,-2200,15,9501
2024/3/27,21:30,9310,0,3850,4712,172,307,1582,162,542,0,0,175,0,144,-1,-2346,10,9309
2024/3/27,22:00,9158,0,3732,4541,170,309,1538,163,540,0,0,159,0,0,-1,-2010,16,9157
2024/3/27,22:30,8863,0,3398,4401,171,313,1530,162,538,0,0,138,0,0,-1,-1802,14,8862
2024/3/27,23:00,9030,0,3166,4345,173,307,1504,162,543,0,0,123,0,0,-1,-1302,9,9029
2024/3/27,23:30,8828,0,3071,4256,170,309,1493,162,539,0,0,122,0,0,-1,-1300,6,8827
2024/3/28,0:00,8880,0,3648,4851,165,307,1466,163,540,0,0,96,0,0,-1,-2362,6,8879
2024/3/28,0:30,8842,0,3699,4973,166,311,1445,162,539,0,0,84,0,0,-1,-2542,5,8841
2024/3/28,1:00,8968,0,3663,5029,169,307,1451,164,542,0,0,78,0,0,-1,-2440,5,8967
2024/3/28,1:30,9052,0,3468,5034,167,312,1449,163,545,0,0,112,0,0,-1,-2204,6,9051
2024/3/28,2:00,9295,0,3392,5027,168,309,1434,165,548,0,0,111,0,0,-1,-1866,7,9294
2024/3/28,2:30,9390,0,3534,5037,166,312,1433,162,545,0,0,111,0,0,-1,-1916,6,9389
2024/3/28,3:00,9526,0,3444,5028,171,308,1434,164,547,0,0,129,0,0,-1,-1706,7,9525
2024/3/28,3:30,9547,0,3413,5038,170,309,1435,161,545,0,0,149,0,0,-1,-1678,5,9546
2024/3/28,4:00,9674,0,3562,5037,172,309,1428,165,547,0,0,156,0,0,-1,-1708,6,9673
2024/3/28,4:30,9620,0,3332,5030,171,309,1423,163,545,0,0,172,0,0,-38,-1532,7,9582
2024/3/28,5:00,9989,0,3602,5026,174,304,1465,162,548,0,0,204,0,0,-42,-1506,10,9947
2024/3/28,5:30,10060,0,3360,5028,174,309,1466,162,543,121,0,186,0,0,-2,-1300,11,10058
2024/3/28,6:00,10007,0,3230,4889,173,307,1505,164,527,645,0,194,0,0,8,-1638,11,10015
2024/3/28,6:30,10023,0,3396,4426,174,300,1500,161,533,1518,0,192,0,0,44,-2198,21,10067
2024/3/28,7:00,9604,0,3336,3828,170,302,1534,165,562,2528,0,198,0,136,28,-3184,29,9632
2024/3/28,7:30,9814,0,3200,3335,171,302,1548,167,601,3415,0,187,0,140,2,-3274,22,9816
2024/3/28,8:00,10013,0,3398,3127,172,302,1570,172,641,4293,0,188,0,0,9,-3868,18,10022
2024/3/28,8:30,10368,0,3334,3005,171,294,1585,170,657,5024,0,146,0,0,4,-4036,18,10372
2024/3/28,9:00,10331,0,2982,2817,173,297,1494,173,648,5511,0,142,0,0,-2,-3926,20,10329
2024/3/28,9:30,10268,0,2470,2822,168,301,1478,161,629,5812,0,160,0,0,13,-3756,23,10281
2024/3/28,10:00,10009,0,2216,2782,169,303,1439,147,607,6028,0,228,0,0,-6,-3932,22,10003
2024/3/28,10:30,9886,0,2100,2666,168,306,1425,146,595,6175,0,243,0,0,-2,-3956,18,9884
2024/3/28,11:00,9840,0,2290,2699,166,307,1390,148,600,6071,0,292,0,0,2,-4138,15,9842
2024/3/28,11:30,9632,0,2430,2621,168,307,1408,147,627,5773,0,369,0,0,15,-4236,18,9647
2024/3/28,12:00,9233,0,2446,2701,165,308,1428,149,643,5526,0,395,0,-210,-8,-4334,16,9225
2024/3/28,12:30,9097,0,2410,2892,170,308,1454,153,669,5255,0,386,0,-226,5,-4384,10,9102
2024/3/28,13:00,9438,0,2560,3258,169,309,1514,150,664,4963,0,414,0,-226,26,-4354,17,9464
2024/3/28,13:30,9344,0,2890,3503,167,311,1512,151,660,4167,0,422,0,-226,30,-4224,11,9374
2024/3/28,14:00,9443,0,3168,3861,169,309,1508,149,640,3342,0,427,0,0,-11,-4144,14,9432
2024/3/28,14:30,9346,0,3056,4213,168,310,1499,147,625,2685,0,432,0,0,13,-3802,13,9359
2024/3/28,15:00,9376,0,3320,4427,169,313,1483,143,587,1947,0,476,0,0,-8,-3504,15,9368
2024/3/28,15:30,9355,0,3720,4552,169,310,1488,144,556,1261,0,506,0,0,17,-3368,17,9372
2024/3/28,16:00,9622,0,3926,4714,173,312,1592,140,545,737,0,520,0,0,11,-3056,19,9633
2024/3/28,16:30,9597,0,4092,4704,171,308,1585,141,530,402,0,545,0,0,3,-2894,13,9600
2024/3/28,17:00,9631,0,4158,4686,171,307,1667,141,534,136,0,507,0,0,0,-2698,22,9631
2024/3/28,17:30,9751,0,4252,4732,171,302,1680,142,537,20,0,493,0,0,1,-2598,20,9752
2024/3/28,18:00,9805,0,3826,4867,172,308,1693,140,542,0,0,577,0,0,-6,-2344,24,9799
2024/3/28,18:30,9763,0,3696,4919,174,306,1693,142,543,0,0,580,0,0,0,-2308,18,9763
2024/3/28,19:00,9603,0,3392,4978,172,309,1678,140,543,0,0,589,0,0,-13,-2218,20,9590
2024/3/28,19:30,9441,0,3266,4989,173,307,1665,143,541,0,0,647,0,0,0,-2304,14,9441
2024/3/28,20:00,9258,0,3186,4937,173,308,1633,139,540,0,0,664,0,0,-1,-2342,20,9257
2024/3/28,20:30,9150,0,3262,4919,158,303,1627,140,536,0,0,748,0,0,3,-2560,17,9153
2024/3/28,21:00,8847,0,3388,4996,127,305,1622,143,548,0,0,756,0,0,7,-3052,14,8854
2024/3/28,21:30,8526,0,2904,4901,55,304,1623,142,541,0,0,804,0,0,-1,-2758,10,8525
2024/3/28,22:00,8373,0,3160,4473,28,304,1635,141,545,0,0,869,0,0,-1,-2798,16,8372
2024/3/28,22:30,8184,0,2998,4421,26,305,1643,141,547,0,0,813,0,0,-1,-2724,14,8183
2024/3/28,23:00,8055,0,2645,4221,27,295,1623,143,547,0,0,767,0,0,-1,-2224,11,8054
2024/3/28,23:30,7957,0,2644,4234,26,296,1625,139,544,0,0,828,0,-2,-1,-2384,7,7956
2024/3/29,0:00,7871,0,2871,4408,25,296,1610,142,542,0,0,866,0,-214,-1,-2680,5,7870
2024/3/29,0:30,7522,0,2232,4084,25,296,1617,141,542,0,0,873,0,-226,-1,-2066,4,7521
2024/3/29,1:00,7792,0,2265,4021,24,295,1622,141,545,0,0,908,0,-226,-1,-1808,5,7791
2024/3/29,1:30,7860,0,2408,4030,24,294,1624,141,549,0,0,920,0,-224,-1,-1912,6,7859
2024/3/29,2:00,7965,0,2229,3883,26,294,1628,143,552,0,0,930,0,-226,-1,-1500,6,7964
2024/3/29,2:30,8212,0,2372,4168,26,296,1642,140,551,0,0,951,0,-226,-1,-1714,6,8211
2024/3/29,3:00,8280,0,2487,4267,27,294,1641,142,551,0,0,1010,0,-224,-1,-1920,5,8279
2024/3/29,3:30,8283,0,2494,4153,27,295,1649,143,548,0,0,1093,0,-226,-1,-1898,5,8282
2024/3/29,4:00,8367,0,2536,4086,28,296,1656,141,549,0,0,1124,0,-224,-1,-1830,5,8366
2024/3/29,4:30,8408,0,2626,4134,28,295,1673,143,548,0,0,1148,0,-224,-6,-1968,5,8402
2024/3/29,5:00,8593,0,2500,4178,29,298,1692,139,549,0,0,1136,0,0,-12,-1936,8,8581
2024/3/29,5:30,8597,0,2620,4104,29,298,1710,142,541,16,0,1162,0,0,-11,-2034,9,8586
2024/3/29,6:00,8642,0,2982,4189,29,301,1767,140,539,44,0,1199,0,0,0,-2558,10,8642
2024/3/29,6:30,8737,0,3358,4247,29,295,1782,141,534,111,0,1223,0,0,11,-3000,17,8748
2024/3/29,7:00,8757,0,3556,4203,30,296,1822,138,533,202,0,1169,0,138,5,-3356,26,8762
2024/3/29,7:30,9053,0,3680,4122,32,294,1825,138,530,284,0,1201,0,278,6,-3350,19,9059
2024/3/29,8:00,9500,0,3920,4218,33,291,1844,137,531,342,0,1241,0,288,-3,-3362,17,9497
2024/3/29,8:30,9948,0,4050,4527,35,290,1865,139,525,393,0,1214,0,288,-6,-3398,20,9942
2024/3/29,9:00,10210,0,4304,4747,35,288,1839,136,528,457,0,1164,0,288,12,-3594,18,10222
2024/3/29,9:30,10144,0,3834,4791,34,287,1872,136,522,575,0,1130,0,282,7,-3340,21,10151
2024/3/29,10:00,10182,0,4092,4823,33,287,1903,136,519,556,0,1037,0,286,8,-3508,18,10190
2024/3/29,10:30,10097,0,3972,4857,33,292,1907,138,514,691,0,1003,0,144,5,-3474,20,10102
2024/3/29,11:00,10092,0,3902,4859,33,296,1895,140,516,739,0,959,0,152,16,-3422,23,10108
2024/3/29,11:30,9969,0,3824,4833,33,287,1906,139,528,892,0,923,0,148,14,-3560,16,9983
2024/3/29,12:00,9471,0,3336,4639,32,290,1905,142,540,1253,0,999,0,0,13,-3688,23,9484
2024/3/29,12:30,9393,0,3486,4534,31,293,1930,143,586,1573,0,1014,0,0,-21,-4206,9,9372
2024/3/29,13:00,9367,0,2436,3857,32,295,1993,152,652,2833,0,965,0,-2,-48,-3860,14,9319
2024/3/29,13:30,9401,0,2370,3346,32,291,1990,147,637,4159,0,970,0,-218,-35,-4336,13,9366
2024/3/29,14:00,9131,0,2382,2984,31,296,1987,148,637,4345,0,1045,0,-436,31,-4298,10,9162
2024/3/29,14:30,9053,0,2424,3093,30,297,1989,149,637,4057,0,1181,0,-448,28,-4378,22,9081
2024/3/29,15:00,8962,0,2400,3231,29,295,1945,145,598,3372,0,1332,0,-446,2,-3954,15,8964
2024/3/29,15:30,8936,0,2440,3303,29,303,1936,146,584,2590,0,1368,0,-224,13,-3554,15,8949
2024/3/29,16:00,9042,0,2688,3566,29,307,1927,142,570,1692,0,1315,0,-2,-7,-3212,20,9035
2024/3/29,16:30,8927,0,2676,3726,30,325,1904,142,530,989,0,1299,0,0,12,-2710,16,8939
2024/3/29,17:00,8962,0,3198,3998,30,306,1918,140,527,346,0,1119,0,0,-11,-2640,20,8951
2024/3/29,17:30,9024,0,3552,4106,31,302,1932,141,538,55,0,972,0,0,6,-2624,19,9030
2024/3/29,18:00,9131,0,3796,4220,33,299,1933,141,543,0,0,935,0,0,37,-2794,25,9168
2024/3/29,18:30,9096,0,3572,4310,33,297,1929,141,543,0,0,783,0,0,34,-2530,18,9130
2024/3/29,19:00,9034,0,3490,4420,33,297,1921,142,542,0,0,718,0,0,0,-2550,21,9034
2024/3/29,19:30,8891,0,3382,4339,32,296,1922,141,538,0,0,794,0,0,0,-2570,17,8891
2024/3/29,20:00,8748,0,3356,4211,32,295,1915,143,540,0,0,712,0,0,-1,-2474,18,8747
2024/3/29,20:30,8646,0,3112,4339,31,296,1913,141,541,0,0,629,0,0,-1,-2372,16,8645
2024/3/29,21:00,8380,0,2948,4166,30,298,1909,143,536,0,0,622,0,0,-1,-2290,18,8379
2024/3/29,21:30,8162,0,2820,3996,29,297,1904,141,535,0,0,603,0,0,-1,-2172,9,8161
2024/3/29,22:00,8012,0,2834,4031,27,297,1895,143,535,0,0,582,0,0,-1,-2346,14,8011
2024/3/29,22:30,7742,0,2516,3908,26,298,1889,141,536,0,0,593,0,0,-1,-2180,15,7741
2024/3/29,23:00,7753,0,2302,3839,27,295,1889,143,543,0,0,642,0,0,-1,-1938,11,7752
2024/3/29,23:30,7643,0,2346,3772,26,293,1879,142,541,0,0,787,0,0,-1,-2150,7,7642
2024/3/30,0:00,7483,0,2668,4028,25,290,1834,143,545,0,0,893,0,0,-1,-2950,7,7482
2024/3/30,0:30,7401,0,2778,3928,24,293,1800,141,543,0,0,1007,0,0,-1,-3118,5,7400
2024/3/30,1:00,7499,0,2932,3996,24,296,1785,144,550,0,0,1106,0,0,-1,-3338,4,7498
2024/3/30,1:30,7546,0,2814,4034,24,290,1789,142,552,0,0,1209,0,0,-1,-3314,6,7545
2024/3/30,2:00,7709,0,2708,4175,25,294,1782,142,556,0,0,1261,0,0,-1,-3240,6,7708
2024/3/30,2:30,7771,0,2668,4133,25,291,1786,144,553,0,0,1299,0,0,-1,-3134,6,7770
2024/3/30,3:00,7886,0,2652,4105,26,293,1786,142,554,0,0,1311,0,0,-1,-2988,5,7885
2024/3/30,3:30,7901,0,2700,4118,27,291,1792,144,550,0,0,1238,0,0,-1,-2964,5,7900
2024/3/30,4:00,7991,0,2710,4028,27,297,1787,142,551,0,0,1194,0,0,-1,-2750,5,7990
2024/3/30,4:30,7937,0,2624,3890,28,294,1796,144,551,0,0,1153,0,0,-1,-2550,7,7936
2024/3/30,5:00,7916,0,2698,3752,27,297,1795,140,547,0,0,1160,0,0,-1,-2508,8,7915
2024/3/30,5:30,7988,0,3030,3669,27,306,1790,139,534,82,0,1182,0,136,-1,-2916,9,7987
2024/3/30,6:00,7779,0,2462,3517,26,311,1797,137,526,340,0,1174,0,148,16,-2670,11,7795
2024/3/30,6:30,7609,0,2078,3275,26,309,1803,140,531,797,0,1247,0,-2,-3,-2618,23,7606
2024/3/30,7:00,7516,0,1872,2610,26,305,1817,139,557,1293,0,1279,0,-212,-6,-2196,26,7510
2024/3/30,7:30,7680,0,1692,2364,25,257,1843,144,587,1746,0,1354,0,-228,-4,-2126,22,7676
2024/3/30,8:00,7754,0,1790,1671,25,243,1796,140,554,1937,601,1288,177,-226,31,-1484,20,7785
2024/3/30,8:30,8065,0,1806,1718,25,245,1807,142,542,2337,652,1279,173,-228,1,-1628,20,8066
2024/3/30,9:00,8073,0,1592,1752,24,246,1773,138,474,2908,943,1224,142,-226,33,-1852,20,8106
2024/3/30,9:30,8081,0,1306,1736,23,243,1783,138,425,3318,1070,1303,250,-438,-7,-1780,24,8074
2024/3/30,10:00,7946,0,1160,1579,22,247,1777,138,407,3748,1099,1352,247,-448,-10,-2058,22,7936
2024/3/30,10:30,8052,0,1456,1734,22,242,1791,136,398,4051,1168,1299,258,-448,3,-2648,19,8055
2024/3/30,11:00,7937,0,1230,1708,22,248,1805,138,395,4159,1191,1306,263,-444,2,-2646,16,7939
2024/3/30,11:30,7828,0,966,1580,22,246,1811,136,391,4287,1216,1295,270,-446,-33,-2478,18,7795
2024/3/30,12:00,7665,0,1064,1589,22,249,1825,137,392,3965,1848,1054,553,-444,14,-2208,20,7679
2024/3/30,12:30,7462,0,1120,1623,21,248,1828,136,391,3985,1838,959,542,-444,30,-2416,11,7492
2024/3/30,13:00,7486,0,1268,1689,21,246,1828,138,391,4016,1860,897,535,-444,8,-2582,18,7494
2024/3/30,13:30,7510,0,1432,1770,21,245,1829,137,389,4035,1811,842,499,-444,9,-2756,10,7519
2024/3/30,14:00,7360,0,1576,1813,21,251,1846,139,388,3830,1674,786,499,-442,15,-2864,16,7375
2024/3/30,14:30,7387,0,1646,1826,22,253,1883,141,454,3721,955,991,252,-442,11,-3122,14,7398
2024/3/30,15:00,7380,0,1896,1981,23,255,1898,142,445,3122,792,1008,249,-442,0,-2964,16,7380
2024/3/30,15:30,7262,0,2164,2126,24,257,1905,137,407,2305,612,978,246,-348,22,-2710,17,7284
2024/3/30,16:00,7465,0,2536,2550,25,314,2001,144,473,1649,0,1035,0,-222,-11,-3058,18,7454
2024/3/30,16:30,7507,0,2818,2829,27,350,1984,137,458,975,0,1076,0,-222,-1,-2942,17,7506
2024/3/30,17:00,7798,0,3108,3320,27,354,1983,139,454,418,0,968,0,0,15,-2994,21,7813
2024/3/30,17:30,8026,0,3456,3563,30,351,1994,138,474,79,0,810,0,138,-2,-3028,21,8024
2024/3/30,18:00,8364,0,3600,3729,31,348,2005,140,489,0,0,669,0,142,-1,-2814,25,8363
2024/3/30,18:30,8286,0,3238,3825,32,352,2003,138,485,0,0,586,0,0,-1,-2392,19,8285
2024/3/30,19:00,8289,0,3116,3850,31,351,1968,142,490,0,0,513,0,0,-1,-2192,20,8288
2024/3/30,19:30,8191,0,3184,3868,31,350,1964,139,489,0,0,453,0,0,-1,-2302,15,8190
2024/3/30,20:00,8057,0,3240,3902,30,351,1963,139,487,0,0,441,0,0,-1,-2516,20,8056
2024/3/30,20:30,7971,0,3278,3929,30,353,1961,141,488,0,0,417,0,0,-1,-2642,16,7970
2024/3/30,21:00,7765,0,3034,3881,28,351,1959,138,487,0,0,457,0,0,-1,-2586,16,7764
2024/3/30,21:30,7553,0,2776,3903,27,351,1956,140,489,0,0,419,0,0,-1,-2518,10,7552
2024/3/30,22:00,7542,0,2852,3975,26,313,1948,139,490,0,0,375,0,0,-1,-2592,16,7541
2024/3/30,22:30,7304,0,2518,3906,25,300,1932,141,490,0,0,348,0,0,-1,-2370,14,7303
2024/3/30,23:00,7408,0,2516,3828,26,300,1880,139,492,0,0,316,0,0,-1,-2098,9,7407
2024/3/30,23:30,7152,0,1980,3658,25,301,1872,141,490,0,0,340,0,0,-1,-1662,7,7151
2024/3/31,0:00,7111,0,2420,3786,24,295,1862,140,496,0,0,379,0,0,-1,-2296,5,7110
2024/3/31,0:30,6919,0,2112,3701,23,292,1856,140,498,0,0,472,0,0,-1,-2180,5,6918
2024/3/31,1:00,7085,0,1870,3687,23,297,1860,139,505,0,0,515,0,0,-1,-1816,5,7084
2024/3/31,1:30,7196,0,2062,3701,24,293,1863,142,515,0,0,520,0,0,-1,-1930,6,7195
2024/3/31,2:00,7290,0,2270,3678,24,298,1873,140,524,0,0,577,0,0,-1,-2100,6,7289
2024/3/31,2:30,7422,0,2142,3668,25,294,1875,141,530,0,0,641,0,0,-1,-1900,6,7421
2024/3/31,3:00,7556,0,2054,3652,26,293,1895,140,545,0,0,672,0,0,-1,-1728,7,7555
2024/3/31,3:30,7621,0,2078,3649,26,297,1905,145,551,0,0,685,0,0,-1,-1722,7,7620
2024/3/31,4:00,7698,0,2016,3621,26,295,1926,143,553,0,0,922,0,0,-1,-1810,6,7697
2024/3/31,4:30,7798,0,2050,3593,26,298,1937,145,553,0,0,1023,0,0,-1,-1834,7,7797
2024/3/31,5:00,7750,0,2274,3574,27,301,1932,143,548,0,0,1013,0,0,-1,-2072,10,7749
2024/3/31,5:30,7725,0,2260,3496,26,304,1925,143,510,110,0,1072,0,0,-1,-2130,9,7724
2024/3/31,6:00,7528,0,2140,3332,26,301,1920,140,483,450,0,874,0,0,-1,-2148,10,7527
2024/3/31,6:30,7329,0,1636,3060,25,304,1924,142,472,984,0,878,0,0,-15,-2114,18,7314
2024/3/31,7:00,7176,0,1598,2526,24,292,1933,141,472,1666,0,911,0,0,-30,-2412,25,7146
2024/3/31,7:30,7369,0,1416,2259,23,279,1957,145,487,2246,0,934,0,0,-29,-2398,21,7340
2024/3/31,8:00,7262,0,1146,1622,23,246,1958,143,456,2829,506,834,129,0,22,-2014,19,7284
2024/3/31,8:30,7501,0,1066,1584,23,248,1956,144,442,3443,555,816,131,0,5,-2240,19,7506
2024/3/31,9:00,7538,0,1060,1550,22,246,1918,142,416,4028,732,773,106,0,2,-2636,19,7540
2024/3/31,9:30,7473,0,1018,1546,21,244,1893,143,399,4062,1288,698,333,-2,16,-2570,21,7489
2024/3/31,10:00,7435,0,811,1545,20,239,1854,139,382,4317,1389,737,301,-214,-22,-2416,21,7413
2024/3/31,10:30,7377,0,764,1548,20,249,1850,142,375,4378,1681,682,352,-226,9,-2422,17,7386
2024/3/31,11:00,7300,0,822,1548,20,245,1855,139,369,4274,2007,705,379,-432,12,-2260,15,7312
2024/3/31,11:30,7317,0,834,1542,21,250,1858,139,367,4250,2012,682,387,-442,24,-2202,18,7341
2024/3/31,12:00,7234,0,844,1533,21,249,1862,142,371,4243,1999,709,386,-440,27,-2316,16,7261
2024/3/31,12:30,7276,0,1046,1517,21,246,1862,139,368,4202,1985,761,391,-438,5,-2458,10,7281
2024/3/31,13:00,7097,0,1128,1511,21,250,1860,143,385,4077,1936,775,394,-226,7,-2844,17,7104
2024/3/31,13:30,7168,0,1484,1552,21,246,1875,144,427,3829,1865,753,403,-222,23,-2952,11,7191
2024/3/31,14:00,7055,0,1806,1771,20,251,1903,149,491,3433,1732,709,410,-34,1,-3462,18,7056
2024/3/31,14:30,7038,0,1720,1821,20,251,1926,151,570,3266,1125,779,279,0,7,-3484,18,7045
2024/3/31,15:00,7099,0,1926,2120,21,281,1943,152,585,2835,623,825,184,0,3,-3604,15,7102
2024/3/31,15:30,6992,0,2076,2199,22,300,1927,146,552,2207,478,823,179,0,-1,-3278,18,6991
2024/3/31,16:00,7230,0,2158,2502,23,297,1985,148,546,1701,0,937,0,0,-17,-3088,21,7213
2024/3/31,16:30,7336,0,2578,2766,25,300,1973,142,491,1011,0,991,0,0,5,-2960,19,7341
2024/3/31,17:00,7692,0,3350,3280,26,298,1971,142,472,451,0,979,0,142,21,-3442,23,7713
2024/3/31,17:30,7991,0,3598,3533,28,300,1983,141,479,73,0,944,0,152,37,-3262,22,8028
2024/3/31,18:00,8343,0,3268,3604,29,297,1991,143,480,0,0,914,0,146,-10,-2552,23,8333
2024/3/31,18:30,8384,0,3064,3757,31,299,1992,141,481,0,0,872,0,144,0,-2416,19,8384
2024/3/31,19:00,8417,0,2952,3835,30,301,1931,143,479,0,0,760,0,142,0,-2176,20,8417
2024/3/31,19:30,8354,0,3096,3887,30,297,1934,141,484,0,0,689,0,0,0,-2218,14,8354
2024/3/31,20:00,8198,0,2838,3920,30,306,1903,143,484,0,0,628,0,0,-1,-2074,20,8197
2024/3/31,20:30,8166,0,2894,3913,29,310,1896,142,486,0,0,565,0,0,-1,-2084,15,8165
2024/3/31,21:00,7949,0,2950,3982,29,311,1895,144,486,0,0,471,0,0,-1,-2334,15,7948
2024/3/31,21:30,7831,0,3152,4112,28,304,1904,142,491,0,0,425,0,0,-1,-2738,11,7830
2024/3/31,22:00,7568,0,2944,4066,26,310,1892,145,490,0,0,342,0,0,-1,-2662,15,7567
2024/3/31,22:30,7313,0,2834,3956,25,308,1880,141,492,0,0,277,0,0,-2,-2614,14,7311
2024/3/31,23:00,7366,0,2740,3845,25,305,1863,145,489,0,0,217,0,0,-1,-2272,9,7365
2024/3/31,23:30,7187,0,2710,3776,25,303,1869,142,489,0,0,214,0,0,-1,-2348,7,7186
