単位[MW平均],,,供給力,,,,,,,,,,,,,,,,
DATE,TIME,エリア需要,原子力,火力(LNG),火力(石炭),火力(石油),火力(その他),水力,地熱,バイオマス,太陽光発電実績,太陽光出力制御量,風力発電実績,風力出力制御量,揚水,蓄電池,連系線,その他,合計
2024/2/1,0:00,8808,0,4464,4729,410,363,1459,160,521,0,0,1241,0,1,-1,-4546,6,8807
2024/2/1,0:30,8597,0,3952,4648,412,363,1458,161,500,0,0,1211,0,1,-1,-4114,5,8596
2024/2/1,1:00,8727,0,3896,4632,412,361,1458,161,503,0,0,1142,0,1,-1,-3844,5,8726
2024/2/1,1:30,8957,0,4022,4899,406,357,1458,159,502,0,0,1195,0,1,-1,-4048,6,8956
2024/2/1,2:00,8966,0,4020,4825,406,355,1457,160,501,0,0,1236,0,1,-1,-4002,7,8965
2024/2/1,2:30,9183,0,4108,4950,410,351,1460,159,502,0,0,1208,0,1,-1,-3972,6,9182
2024/2/1,3:00,9255,0,4220,5095,404,350,1483,161,497,0,0,1262,0,1,-1,-4224,6,9254
2024/2/1,3:30,9302,0,4230,5085,406,347,1474,160,494,0,0,1444,0,1,-1,-4344,5,9301
2024/2/1,4:00,9419,0,4244,5250,406,351,1481,158,491,0,0,1538,0,1,-1,-4506,5,9418
2024/2/1,4:30,9514,0,4180,5306,406,424,1486,161,491,0,0,1589,0,1,-1,-4536,6,9513
2024/2/1,5:00,9669,0,4574,5209,410,361,1495,160,488,0,0,1608,0,1,-1,-4646,9,9668
2024/2/1,5:30,9943,0,4880,5326,418,356,1517,158,488,0,0,1629,0,1,-1,-4840,10,9942
2024/2/1,6:00,10193,0,4758,5488,416,372,1571,160,487,0,0,1643,0,1,-4,-4714,11,10189
2024/2/1,6:30,10322,0,4678,5516,408,371,1575,160,486,13,0,1596,0,1,16,-4500,18,10338
2024/2/1,7:00,10396,0,4536,5438,406,373,1564,159,484,165,0,1593,0,1,0,-4350,27,10396
2024/2/1,7:30,10717,0,4674,5338,408,402,1575,148,494,506,0,1645,0,1,7,-4496,22,10724
2024/2/1,8:00,11153,0,4930,5183,404,422,1590,147,500,971,0,1662,0,1,4,-4676,19,11157
2024/2/1,8:30,11353,0,4692,4946,390,426,1603,149,525,1548,0,1669,0,1,4,-4614,18,11357
2024/2/1,9:00,11576,0,4696,4712,402,418,1535,146,527,2110,0,1658,0,1,3,-4648,19,11579
2024/2/1,9:30,11752,0,5044,4797,390,415,1529,149,531,2486,0,1620,0,1,2,-5232,22,11754
2024/2/1,10:00,11557,0,4874,4623,248,402,1525,149,533,2896,0,1630,0,1,5,-5346,22,11562
2024/2/1,10:30,11530,0,4558,4666,158,403,1537,149,552,3221,0,1626,0,1,1,-5360,19,11531
2024/2/1,11:00,11502,0,4204,4715,138,407,1516,148,518,3641,0,1634,0,1,5,-5436,16,11507
2024/2/1,11:30,11428,0,4148,4346,138,407,1509,148,517,3855,0,1647,0,1,14,-5308,20,11442
2024/2/1,12:00,11104,0,3892,4338,134,409,1450,142,476,4000,0,1596,0,1,-43,-5352,18,11061
2024/2/1,12:30,10945,0,3702,4479,136,403,1464,145,475,3968,0,1538,0,1,-32,-5378,12,10913
2024/2/1,13:00,11417,0,4252,4760,138,407,1468,146,495,3623,0,1604,0,1,-4,-5496,19,11413
2024/2/1,13:30,11603,0,4218,5311,144,414,1468,143,472,3391,0,1601,0,1,3,-5572,12,11606
2024/2/1,14:00,11583,0,4298,5673,228,408,1526,144,473,2863,0,1576,0,1,0,-5624,17,11583
2024/2/1,14:30,11643,0,4452,6176,240,401,1545,148,502,2182,0,1604,0,1,1,-5622,14,11644
2024/2/1,15:00,11845,0,4984,6417,300,456,1568,145,504,1540,0,1606,0,1,6,-5694,18,11851
2024/2/1,15:30,12152,0,5530,6699,462,407,1565,146,485,954,0,1609,0,1,-3,-5722,16,12149
2024/2/1,16:00,12269,0,5716,6793,476,450,1699,153,565,193,0,1570,0,1,5,-5374,27,12274
2024/2/1,16:30,12565,0,6138,6781,528,514,1668,147,496,31,0,1558,0,1,-2,-5312,15,12563
2024/2/1,17:00,12816,0,6026,7077,526,520,1660,144,485,0,0,1589,0,1,40,-5234,22,12856
2024/2/1,17:30,12993,0,6118,7205,560,514,1654,146,488,0,0,1541,0,1,33,-5258,24,13026
2024/2/1,18:00,12915,0,6010,7209,552,517,1650,149,486,0,0,1517,0,1,-1,-5204,28,12914
2024/2/1,18:30,12878,0,6102,7117,440,515,1640,158,485,0,0,1501,0,1,-1,-5106,25,12877
2024/2/1,19:00,12556,0,6032,7051,410,439,1631,161,487,0,0,1463,0,1,-1,-5142,23,12555
2024/2/1,19:30,12365,0,5922,6991,338,516,1632,160,486,0,0,1430,0,1,-1,-5130,19,12364
2024/2/1,20:00,12127,0,5858,7028,338,518,1564,159,486,0,0,1432,0,1,-1,-5278,21,12126
2024/2/1,20:30,11919,0,5718,6952,338,518,1558,160,482,0,0,1448,0,1,-1,-5278,22,11918
2024/2/1,21:00,11649,0,5750,6710,336,516,1536,161,484,0,0,1525,0,1,-1,-5388,18,11648
2024/2/1,21:30,11209,0,5512,6610,344,510,1528,160,484,0,0,1478,0,1,-1,-5430,12,11208
2024/2/1,22:00,10937,0,4986,6532,408,376,1518,158,491,0,0,1451,0,1,-1,-5006,22,10936
2024/2/1,22:30,10576,0,4864,6339,404,419,1515,160,485,0,0,1457,0,1,-1,-5084,16,10575
2024/2/1,23:00,10624,0,4970,6158,406,422,1504,160,484,0,0,1409,0,1,-1,-4908,18,10623
2024/2/1,23:30,10316,0,4494,5983,406,355,1507,158,482,0,0,1387,0,1,-1,-4470,13,10315
2024/2/2,0:00,10173,0,4576,5537,402,344,1495,160,482,0,0,1411,0,1,-1,-4244,9,10172
2024/2/2,0:30,10170,0,4406,5631,408,347,1489,160,486,0,0,1392,0,1,-1,-4158,8,10169
2024/2/2,1:00,10163,0,4336,5563,406,346,1491,159,483,0,0,1369,0,1,-1,-4000,9,10162
2024/2/2,1:30,10314,0,4424,5658,406,346,1491,160,486,0,0,1360,0,1,-1,-4028,10,10313
2024/2/2,2:00,10280,0,4412,5727,404,353,1518,160,486,0,0,1327,0,1,-1,-4118,10,10279
2024/2/2,2:30,10515,0,4772,5794,406,428,1513,158,484,0,0,1323,0,1,-1,-4374,10,10514
2024/2/2,3:00,10477,0,5016,5874,404,424,1521,160,483,0,0,1293,0,1,-1,-4708,9,10476
2024/2/2,3:30,10410,0,4832,5835,406,422,1523,160,482,0,0,1242,0,1,-1,-4502,9,10409
2024/2/2,4:00,10534,0,5210,6012,406,424,1532,158,484,0,0,1243,0,1,-1,-4944,8,10533
2024/2/2,4:30,10597,0,5200,6174,404,427,1523,160,481,0,0,1227,0,1,-1,-5008,8,10596
2024/2/2,5:00,10841,0,5404,6075,406,362,1524,160,492,0,0,1194,0,1,-1,-4788,11,10840
2024/2/2,5:30,11017,0,5470,6144,406,353,1532,158,490,0,0,1191,0,1,-1,-4740,12,11016
2024/2/2,6:00,11480,0,5866,6160,406,362,1587,160,494,0,0,1239,0,1,8,-4808,13,11488
2024/2/2,6:30,11757,0,6138,6343,404,364,1587,160,489,20,0,1167,0,1,1,-4936,20,11758
2024/2/2,7:00,11772,0,5902,6451,406,366,1589,160,488,180,0,1187,0,1,3,-4988,30,11775
2024/2/2,7:30,12039,0,5766,6451,406,391,1605,153,503,510,0,1248,0,1,2,-5020,25,12041
2024/2/2,8:00,12502,0,6276,6708,404,413,1597,145,480,1016,0,1199,0,1,16,-5758,21,12518
2024/2/2,8:30,12815,0,5946,6697,406,422,1596,143,477,1648,0,1212,0,1,0,-5756,23,12815
2024/2/2,9:00,12846,0,5846,6426,404,418,1523,145,481,2350,0,1219,0,1,3,-5988,21,12849
2024/2/2,9:30,12704,0,5454,6065,408,421,1490,145,479,3033,0,1251,0,1,0,-6068,25,12704
2024/2/2,10:00,12503,0,4978,5781,304,411,1472,145,470,3754,0,1197,0,1,-1,-6034,24,12502
2024/2/2,10:30,12377,0,4780,5562,226,407,1467,143,472,4023,0,1221,0,1,5,-5946,21,12382
2024/2/2,11:00,12181,0,4510,5512,138,401,1483,151,506,4052,0,1289,0,1,1,-5880,18,12182
2024/2/2,11:30,12014,0,4404,5351,138,402,1454,149,476,4288,0,1292,0,1,6,-5962,21,12020
2024/2/2,12:00,11523,0,4154,4958,138,402,1400,149,477,4249,0,1368,0,1,-34,-5792,19,11489
2024/2/2,12:30,11514,0,4140,5222,138,397,1401,153,478,4042,0,1343,0,1,-34,-5814,13,11480
2024/2/2,13:00,11761,0,4366,5748,140,403,1422,158,519,3450,0,1414,0,1,-2,-5880,20,11759
2024/2/2,13:30,11810,0,4484,5877,138,405,1435,157,528,3244,0,1409,0,1,4,-5882,14,11814
2024/2/2,14:00,11808,0,4800,6043,140,398,1471,160,488,2923,0,1336,0,1,-1,-5972,20,11807
2024/2/2,14:30,11793,0,5078,6211,224,396,1501,163,523,2332,0,1410,0,1,3,-6066,20,11796
2024/2/2,15:00,11832,0,5426,6547,248,411,1541,161,526,1605,0,1415,0,1,-1,-6068,19,11831
2024/2/2,15:30,12092,0,5982,6936,274,500,1541,161,509,887,0,1434,0,1,-5,-6150,17,12087
2024/2/2,16:00,12260,0,6442,7071,452,505,1648,166,563,211,0,1421,0,1,10,-6244,24,12270
2024/2/2,16:30,12558,0,6778,7159,556,509,1616,158,505,37,0,1403,0,137,3,-6320,20,12561
2024/2/2,17:00,12731,0,6746,7213,516,512,1626,160,492,0,0,1460,0,143,38,-6162,25,12769
2024/2/2,17:30,12646,0,6470,7218,514,511,1617,160,491,0,0,1464,0,143,31,-5962,20,12677
2024/2/2,18:00,12631,0,6356,7171,510,514,1616,158,490,0,0,1547,0,145,-1,-5902,26,12630
2024/2/2,18:30,12474,0,6254,7143,502,514,1620,159,495,0,0,1593,0,1,-1,-5828,21,12473
2024/2/2,19:00,12253,0,6276,7047,480,431,1603,160,492,0,0,1613,0,1,-1,-5872,22,12252
2024/2/2,19:30,12079,0,6106,6956,406,504,1608,158,496,0,0,1620,0,1,-1,-5794,18,12078
2024/2/2,20:00,11826,0,6078,6821,406,478,1535,160,494,0,0,1628,0,1,-1,-5798,23,11825
2024/2/2,20:30,11664,0,5904,6834,398,487,1517,159,494,0,0,1641,0,1,-1,-5790,19,11663
2024/2/2,21:00,11376,0,5862,6655,402,499,1428,158,494,0,0,1652,0,1,-1,-5792,17,11375
2024/2/2,21:30,10995,0,5770,6463,400,399,1411,161,497,0,0,1669,0,1,-1,-5788,12,10994
2024/2/2,22:00,10644,0,5232,6173,354,346,1362,159,495,0,0,1662,0,1,-1,-5160,20,10643
2024/2/2,22:30,10278,0,4988,6144,306,333,1316,160,496,0,0,1646,0,1,-1,-5128,16,10277
2024/2/2,23:00,10360,0,5218,6120,262,333,1237,158,495,0,0,1643,0,1,-1,-5124,17,10359
2024/2/2,23:30,10150,0,4994,6039,358,333,1194,160,497,0,0,1608,0,1,-1,-5046,12,10149
2024/2/3,0:00,9935,0,4954,6304,260,337,1030,158,499,0,0,1551,0,1,-1,-5168,9,9934
2024/2/3,0:30,9769,0,4852,6377,152,336,1010,160,501,0,0,1508,0,1,-1,-5136,8,9768
2024/2/3,1:00,9826,0,4932,6242,142,339,1033,160,503,0,0,1457,0,1,-1,-4992,9,9825
2024/2/3,1:30,9864,0,4882,6229,142,412,1033,160,505,0,0,1416,0,1,-1,-4926,10,9863
2024/2/3,2:00,9986,0,5260,6323,140,406,1030,159,505,0,0,1371,0,1,-1,-5220,11,9985
2024/2/3,2:30,10026,0,5250,6453,140,409,1025,160,504,0,0,1360,0,1,-1,-5286,10,10025
2024/2/3,3:00,10068,0,5270,6481,142,416,1017,158,504,0,0,1364,0,1,-1,-5294,9,10067
2024/2/3,3:30,10027,0,5292,6600,140,411,983,160,506,0,0,1302,0,1,-1,-5376,8,10026
2024/2/3,4:00,10043,0,5442,6570,138,410,988,160,505,0,0,1247,0,1,-1,-5426,8,10042
2024/2/3,4:30,10089,0,5580,6506,140,412,996,161,506,0,0,1172,0,1,-1,-5394,9,10088
2024/2/3,5:00,10112,0,5650,6635,138,407,995,158,505,0,0,1129,0,1,-1,-5518,12,10111
2024/2/3,5:30,10113,0,5512,6706,140,418,1001,160,505,0,0,1077,0,1,-1,-5420,13,10112
2024/2/3,6:00,10263,0,5938,6644,140,352,1044,160,509,0,0,980,0,1,3,-5520,15,10266
2024/2/3,6:30,10312,0,6156,6705,138,348,1040,159,509,23,0,855,0,1,1,-5646,24,10313
2024/2/3,7:00,10255,0,5818,6563,142,352,1044,160,507,201,0,857,0,1,5,-5420,30,10260
2024/2/3,7:30,10420,0,5780,6288,140,430,1034,158,482,652,0,852,0,1,5,-5422,25,10425
2024/2/3,8:00,10623,0,5228,6075,138,501,1034,157,480,1189,0,791,0,1,8,-4994,23,10631
2024/2/3,8:30,10742,0,4938,5727,140,497,1044,159,478,1816,0,679,0,1,3,-4760,23,10745
2024/2/3,9:00,10803,0,4972,5472,138,496,985,159,474,2265,0,672,0,1,4,-4856,25,10807
2024/2/3,9:30,10679,0,4520,5410,140,400,1020,163,550,2433,0,721,0,1,11,-4706,27,10690
2024/2/3,10:00,10465,0,4530,5516,140,390,959,159,479,3114,0,745,0,1,-4,-5594,26,10461
2024/2/3,10:30,10317,0,4286,5243,138,391,950,159,468,3511,0,711,0,1,2,-5564,23,10319
2024/2/3,11:00,10189,0,4248,5166,140,387,951,157,466,3725,0,732,0,1,16,-5806,22,10205
2024/2/3,11:30,10076,0,4312,5075,140,388,948,158,469,3730,0,714,0,1,-1,-5882,23,10075
2024/2/3,12:00,9849,0,4014,4933,138,392,956,158,469,3758,0,696,0,1,5,-5694,28,9854
2024/2/3,12:30,9616,0,3936,4849,140,387,961,156,468,3552,0,745,0,1,-10,-5594,15,9606
2024/2/3,13:00,9751,0,4048,4874,140,384,964,159,469,3437,0,800,0,1,-36,-5546,21,9715
2024/2/3,13:30,9654,0,4076,4921,138,386,972,160,494,3107,0,815,0,1,-28,-5430,14,9626
2024/2/3,14:00,9551,0,4278,4958,138,383,1013,161,534,2565,0,881,0,1,14,-5380,19,9565
2024/2/3,14:30,9706,0,4794,5461,140,380,1015,163,528,2079,0,901,0,1,-2,-5772,16,9704
2024/2/3,15:00,9648,0,4788,5526,142,423,1030,162,528,1572,0,835,0,1,2,-5378,19,9650
2024/2/3,15:30,9814,0,4964,6071,138,491,1031,158,492,972,0,852,0,1,1,-5374,18,9815
2024/2/3,16:00,10053,0,5810,6542,178,489,1185,166,574,247,0,797,0,1,7,-5960,24,10060
2024/2/3,16:30,10437,0,6136,6921,234,499,1145,160,500,44,0,803,0,1,-4,-6030,24,10433
2024/2/3,17:00,10731,0,6228,7046,260,498,1130,158,487,0,0,878,0,1,41,-5984,29,10772
2024/2/3,17:30,10928,0,6192,7106,386,498,1129,159,489,0,0,904,0,1,30,-5960,24,10958
2024/2/3,18:00,10945,0,6256,7064,404,494,1123,160,487,0,0,946,0,1,-1,-6018,28,10944
2024/2/3,18:30,10922,0,6276,7018,406,497,1125,157,487,0,0,923,0,1,-1,-5990,22,10921
2024/2/3,19:00,10816,0,6296,7022,346,497,1105,159,491,0,0,904,0,1,-1,-6028,23,10815
2024/2/3,19:30,10688,0,6094,7052,366,493,1104,157,492,0,0,963,0,1,-1,-6052,18,10687
2024/2/3,20:00,10531,0,6026,6982,404,496,1048,160,490,0,0,956,0,1,-1,-6052,20,10530
2024/2/3,20:30,10365,0,5914,6959,406,496,1034,159,486,0,0,953,0,1,-1,-6062,19,10364
2024/2/3,21:00,10211,0,5894,6877,404,490,1033,159,486,0,0,938,0,1,-1,-6088,17,10210
2024/2/3,21:30,9896,0,5744,6744,408,494,1039,158,489,0,0,925,0,1,-1,-6118,12,9895
2024/2/3,22:00,9684,0,5202,6340,402,427,1022,159,489,0,0,937,0,1,-1,-5316,21,9683
2024/2/3,22:30,9396,0,5042,6197,406,405,1007,157,488,0,0,971,0,1,-1,-5294,16,9395
2024/2/3,23:00,9595,0,5354,6141,404,418,978,160,488,0,0,942,0,1,-1,-5308,17,9594
2024/2/3,23:30,9302,0,4912,6185,348,357,976,159,489,0,0,1051,0,1,-1,-5188,12,9301
2024/2/4,0:00,9213,0,5126,6178,206,413,937,157,486,0,0,1127,0,1,-1,-5426,8,9212
2024/2/4,0:30,9044,0,4888,6162,138,407,934,160,485,0,0,1159,0,1,-1,-5298,8,9043
2024/2/4,1:00,9189,0,5070,6171,134,412,951,159,487,0,0,1164,0,1,-1,-5368,8,9188
2024/2/4,1:30,9188,0,5052,6248,140,412,959,159,486,0,0,1158,0,1,-1,-5436,9,9187
2024/2/4,2:00,9335,0,5102,6301,136,412,953,159,487,0,0,1252,0,1,-1,-5478,10,9334
2024/2/4,2:30,9412,0,5084,6315,136,411,953,159,481,0,0,1315,0,1,-1,-5452,9,9411
2024/2/4,3:00,9457,0,5140,6223,136,414,952,157,484,0,0,1362,0,1,-1,-5420,8,9456
2024/2/4,3:30,9440,0,5164,6191,138,414,952,159,483,0,0,1356,0,1,-1,-5426,8,9439
2024/2/4,4:00,9477,0,5256,6165,136,410,956,160,484,0,0,1330,0,1,-1,-5428,7,9476
2024/2/4,4:30,9409,0,5152,6239,138,404,958,157,485,0,0,1288,0,1,-1,-5420,7,9408
2024/2/4,5:00,9483,0,5142,6196,138,404,966,159,484,0,0,1277,0,1,-1,-5294,10,9482
2024/2/4,5:30,9183,0,4672,5845,136,402,970,159,487,0,0,1272,0,1,-1,-4772,11,9182
2024/2/4,6:00,9305,0,4606,5629,138,428,1025,158,485,0,0,1254,0,1,8,-4432,13,9313
2024/2/4,6:30,9447,0,4662,5736,138,430,1030,159,485,16,0,1205,0,1,0,-4434,19,9447
2024/2/4,7:00,9337,0,4620,5661,138,340,1033,160,490,200,0,1150,0,1,-5,-4486,30,9332
2024/2/4,7:30,9529,0,4694,5446,136,341,1028,156,479,684,0,1049,0,1,8,-4510,25,9537
2024/2/4,8:00,9648,0,4708,5772,140,436,1026,158,483,1327,0,974,0,1,12,-5400,23,9660
2024/2/4,8:30,9626,0,4146,5564,138,435,1024,159,481,1964,0,1036,0,1,0,-5344,22,9626
2024/2/4,9:00,9629,0,3746,5313,138,437,959,156,478,2695,0,1059,0,1,4,-5376,23,9633
2024/2/4,9:30,9419,0,3120,4961,134,333,951,158,478,3503,0,1106,0,1,3,-5352,26,9422
2024/2/4,10:00,9268,0,2574,4476,96,326,909,158,480,4100,0,1174,0,1,0,-5050,24,9268
2024/2/4,10:30,9106,0,2166,4309,78,326,913,156,481,4551,0,1185,0,1,11,-5082,22,9117
2024/2/4,11:00,8952,0,2028,4148,72,320,912,158,480,4842,0,1191,0,1,12,-5218,18,8964
2024/2/4,11:30,8985,0,2362,4282,74,324,920,159,493,4743,0,1290,0,-217,4,-5468,23,8989
2024/2/4,12:00,8924,0,2420,4459,78,325,917,156,482,4815,0,1206,0,-429,-26,-5522,17,8898
2024/2/4,12:30,8710,0,2328,4392,78,322,919,158,483,4746,0,1224,0,-447,-39,-5506,13,8671
2024/2/4,13:00,8622,0,2270,4188,104,321,895,158,479,4600,0,1217,0,-225,-9,-5406,21,8613
2024/2/4,13:30,8568,0,2456,4211,132,328,916,158,507,3987,0,1290,0,1,17,-5436,18,8585
2024/2/4,14:00,8505,0,2788,4164,134,327,975,159,483,3505,0,1321,0,1,10,-5374,22,8515
2024/2/4,14:30,8614,0,3400,4397,196,324,998,158,483,2665,0,1313,0,1,6,-5342,21,8620
2024/2/4,15:00,8715,0,3952,4869,254,337,1042,162,547,1639,0,1424,0,1,-13,-5532,20,8702
2024/2/4,15:30,8854,0,4072,5360,318,430,1032,159,486,1039,0,1457,0,1,10,-5520,20,8864
2024/2/4,16:00,9167,0,4970,5743,404,432,1167,165,562,262,0,1412,0,1,2,-5974,23,9169
2024/2/4,16:30,9675,0,5424,6156,402,432,1157,159,500,50,0,1302,0,135,4,-6066,24,9679
2024/2/4,17:00,10142,0,5638,6393,404,438,1161,159,486,0,0,1292,0,275,-1,-6130,26,10141
2024/2/4,17:30,10419,0,5706,6495,410,451,1171,159,485,0,0,1306,0,287,39,-6074,23,10458
2024/2/4,18:00,10470,0,5832,6520,452,465,1174,157,494,0,0,1278,0,145,30,-6074,27,10500
2024/2/4,18:30,10495,0,5904,6600,434,485,1175,160,502,0,0,1295,0,1,-1,-6082,21,10494
2024/2/4,19:00,10362,0,5646,6664,408,490,1167,160,500,0,0,1321,0,1,-1,-6018,23,10361
2024/2/4,19:30,10355,0,5744,6657,414,455,1168,158,500,0,0,1290,0,1,-1,-6050,18,10354
2024/2/4,20:00,10153,0,5664,6706,406,441,1114,160,498,0,0,1226,0,1,-1,-6082,19,10152
2024/2/4,20:30,10028,0,5712,6608,412,446,1109,160,498,0,0,1162,0,1,-1,-6100,20,10027
2024/2/4,21:00,9796,0,5692,6383,410,439,1111,158,498,0,0,1147,0,1,-1,-6060,17,9795
2024/2/4,21:30,9469,0,5446,6307,398,436,1100,160,496,0,0,1162,0,1,-1,-6048,11,9468
2024/2/4,22:00,9087,0,4624,5826,262,410,1085,160,496,0,0,1199,0,1,-1,-4996,20,9086
2024/2/4,22:30,8775,0,4652,5541,266,404,1084,158,497,0,0,1183,0,1,-1,-5026,15,8774
2024/2/4,23:00,8923,0,4350,5229,252,401,1097,160,497,0,0,1210,0,1,-1,-4290,16,8922
2024/2/4,23:30,8755,0,4212,5074,274,347,1099,159,494,0,0,1212,0,-1,-1,-4126,11,8754
2024/2/5,0:00,8682,0,4768,5474,404,406,1092,158,490,0,0,1189,0,-213,-1,-5094,8,8681
2024/2/5,0:30,8656,0,4828,5739,404,405,1094,161,485,0,0,1116,0,-225,-1,-5358,7,8655
2024/2/5,1:00,8829,0,5144,5851,402,409,1088,160,485,0,0,1104,0,-225,-1,-5596,7,8828
2024/2/5,1:30,8937,0,4914,6030,404,403,1094,158,485,0,0,1089,0,-225,-1,-5424,9,8936
2024/2/5,2:00,9079,0,5114,6084,400,407,1117,160,487,0,0,1030,0,-225,-1,-5504,9,9078
2024/2/5,2:30,9211,0,5192,6220,402,407,1120,160,486,0,0,957,0,-223,-1,-5518,8,9210
2024/2/5,3:00,9320,0,5212,6252,402,407,1123,158,489,0,0,867,0,1,-1,-5598,7,9319
2024/2/5,3:30,9382,0,5208,6415,408,410,1126,160,489,0,0,748,0,1,-1,-5590,7,9381
2024/2/5,4:00,9500,0,5474,6534,406,403,1128,160,489,0,0,624,0,1,-1,-5726,7,9499
2024/2/5,4:30,9634,0,5684,6555,398,403,1131,158,488,0,0,529,0,1,-1,-5720,7,9633
2024/2/5,5:00,9860,0,5874,6523,400,407,1132,161,491,0,0,469,0,1,-1,-5608,10,9859
2024/2/5,5:30,10098,0,6218,6505,402,406,1133,161,492,0,0,379,0,1,-1,-5610,11,10097
2024/2/5,6:00,10592,0,6458,6515,394,438,1177,158,492,0,0,303,0,1,8,-5356,12,10600
2024/2/5,6:30,10783,0,6348,6681,400,449,1182,160,490,8,0,273,0,1,7,-5228,19,10790
2024/2/5,7:00,10926,0,6276,6714,408,450,1235,160,491,115,0,189,0,1,4,-5142,29,10930
2024/2/5,7:30,11449,0,6596,7058,408,486,1231,147,485,335,0,111,0,1,-34,-5432,23,11415
2024/2/5,8:00,11996,0,7154,7155,400,506,1227,146,478,625,0,60,0,1,-33,-5776,20,11963
2024/2/5,8:30,12313,0,6964,7136,394,509,1226,144,468,998,0,29,0,1,14,-5576,20,12327
2024/2/5,9:00,12575,0,7004,7149,406,515,1120,142,473,1228,0,17,0,1,49,-5500,20,12624
2024/2/5,9:30,12595,0,6758,7116,510,516,1114,144,465,1383,0,24,0,1,16,-5460,24,12611
2024/2/5,10:00,12409,0,6364,7110,544,416,1107,144,461,1484,0,28,0,1,-4,-5274,24,12405
2024/2/5,10:30,12452,0,6532,7024,486,408,1085,145,457,1525,0,22,0,1,10,-5254,21,12462
2024/2/5,11:00,12414,0,7192,6948,448,424,1027,143,461,1339,0,25,0,1,6,-5612,18,12420
2024/2/5,11:30,12316,0,6826,7014,538,426,1025,145,465,1188,0,34,0,1,1,-5368,22,12317
2024/2/5,12:00,11980,0,6688,7043,446,429,992,155,476,971,0,31,0,1,-28,-5272,20,11952
2024/2/5,12:30,12023,0,7064,7051,252,428,985,158,476,822,0,64,0,1,-35,-5292,14,11988
2024/2/5,13:00,12351,0,7352,7083,244,519,999,161,475,872,0,70,0,1,-1,-5446,21,12350
2024/2/5,13:30,12457,0,7488,7126,248,532,1030,158,473,970,0,91,0,1,12,-5674,14,12469
2024/2/5,14:00,12370,0,7156,7190,306,530,1095,157,481,913,0,88,0,1,-6,-5566,19,12364
2024/2/5,14:30,12403,0,7402,7236,384,529,1125,158,479,602,0,86,0,1,10,-5616,17,12413
2024/2/5,15:00,12589,0,7370,7274,398,531,1294,159,490,323,0,89,0,1,4,-5360,20,12593
2024/2/5,15:30,12752,0,7248,7293,396,527,1360,158,491,168,0,88,0,1,3,-4996,18,12755
2024/2/5,16:00,12776,0,7140,7299,400,525,1470,162,504,37,0,102,0,1,-1,-4890,26,12775
2024/2/5,16:30,12955,0,7270,7311,400,522,1484,160,480,3,0,126,0,137,3,-4952,14,12958
2024/2/5,17:00,13204,0,7360,7231,396,520,1514,160,479,0,0,156,0,283,13,-4920,25,13217
2024/2/5,17:30,13160,0,7288,7259,400,517,1529,160,483,0,0,211,0,283,38,-4992,22,13198
2024/2/5,18:00,13176,0,7334,7313,400,514,1526,160,480,0,0,258,0,289,15,-5126,28,13191
2024/2/5,18:30,13083,0,7188,7298,398,515,1521,160,479,0,0,316,0,289,-1,-5102,21,13082
2024/2/5,19:00,12869,0,7168,7260,398,511,1500,161,479,0,0,325,0,287,-1,-5248,28,12868
2024/2/5,19:30,12691,0,7170,7277,396,515,1486,160,478,0,0,340,0,145,-1,-5294,18,12690
2024/2/5,20:00,12484,0,7406,7316,402,511,1407,160,478,0,0,383,0,3,-1,-5604,22,12483
2024/2/5,20:30,12155,0,7090,7301,398,511,1378,160,481,0,0,387,0,1,-1,-5572,20,12154
2024/2/5,21:00,11899,0,7074,7265,396,515,1360,160,475,0,0,388,0,1,-1,-5752,17,11898
2024/2/5,21:30,11397,0,6724,7124,398,513,1358,160,475,0,0,404,0,1,-1,-5772,12,11396
2024/2/5,22:00,11002,0,6270,7031,400,440,1276,159,479,0,0,377,0,1,-1,-5450,19,11001
2024/2/5,22:30,10663,0,6008,6949,398,420,1231,160,479,0,0,399,0,1,-1,-5398,16,10662
2024/2/5,23:00,10649,0,5964,6945,402,422,1184,159,478,0,0,400,0,1,-1,-5322,16,10648
2024/2/5,23:30,10290,0,5454,6842,394,424,1165,160,478,0,0,369,0,1,-1,-5012,15,10289
2024/2/6,0:00,10141,0,6028,6896,398,417,1124,160,479,0,0,351,0,-217,-1,-5504,9,10140
2024/2/6,0:30,9995,0,5996,6939,402,417,1123,159,476,0,0,342,0,-225,-13,-5642,8,9982
2024/2/6,1:00,10119,0,6190,6927,398,414,1124,160,477,0,0,343,0,-225,-39,-5698,9,10080
2024/2/6,1:30,10136,0,6192,6967,398,412,1129,158,476,0,0,343,0,-225,-30,-5724,10,10106
2024/2/6,2:00,10236,0,6096,7034,398,419,1151,160,476,0,0,348,0,-225,-1,-5632,11,10235
2024/2/6,2:30,10334,0,6216,7022,398,420,1154,160,474,0,0,349,0,-223,-1,-5646,10,10333
2024/2/6,3:00,10395,0,6130,7034,398,418,1167,160,472,0,0,337,0,1,-1,-5732,10,10394
2024/2/6,3:30,10524,0,6206,7033,400,420,1173,160,477,0,0,349,0,1,-1,-5704,9,10523
2024/2/6,4:00,10623,0,6198,7032,398,420,1172,159,474,0,0,338,0,1,-1,-5578,9,10622
2024/2/6,4:30,10772,0,6142,7094,396,416,1188,160,476,0,0,344,0,1,-1,-5454,9,10771
2024/2/6,5:00,10990,0,6174,7147,400,414,1198,160,478,0,0,314,0,1,-1,-5308,12,10989
2024/2/6,5:30,11365,0,6728,7285,398,416,1205,159,479,0,0,315,0,1,-1,-5634,13,11364
2024/2/6,6:00,11798,0,6920,7313,400,455,1267,159,479,0,0,322,0,1,3,-5532,14,11801
2024/2/6,6:30,11940,0,6764,7324,398,463,1288,159,478,7,0,330,0,1,-1,-5292,20,11939
2024/2/6,7:00,11870,0,6350,7306,398,463,1418,160,485,55,0,324,0,1,1,-5120,30,11871
2024/2/6,7:30,12302,0,6760,7329,398,492,1415,160,483,211,0,283,0,1,1,-5254,24,12303
2024/2/6,8:00,12781,0,7032,7316,400,503,1422,159,481,421,0,227,0,135,7,-5336,21,12788
2024/2/6,8:30,13275,0,7302,7318,398,511,1406,159,471,701,0,173,0,279,3,-5464,21,13278
2024/2/6,9:00,13394,0,7182,7320,400,527,1169,160,489,957,0,151,0,287,7,-5268,20,13401
2024/2/6,9:30,13270,0,6996,7317,398,522,1143,162,511,1129,0,126,0,145,16,-5204,25,13286
2024/2/6,10:00,13051,0,6706,7283,398,497,1121,161,496,1317,0,132,0,3,36,-5088,25,13087
2024/2/6,10:30,12846,0,6438,7134,398,464,1118,161,504,1443,0,102,0,1,21,-4938,21,12867
2024/2/6,11:00,12765,0,6700,7037,400,455,1101,160,490,1551,0,78,0,1,-1,-5226,18,12764
2024/2/6,11:30,12589,0,6776,7003,398,454,1091,163,482,1678,0,65,0,1,11,-5542,20,12600
2024/2/6,12:00,12020,0,6484,6939,398,446,1079,166,521,1632,0,57,0,-213,-39,-5508,19,11981
2024/2/6,12:30,11816,0,6344,7006,400,448,1072,166,520,1688,0,55,0,-225,-37,-5670,12,11779
2024/2/6,13:00,12113,0,6538,7050,396,451,1065,162,491,1727,0,65,0,-225,-3,-5626,19,12110
2024/2/6,13:30,12160,0,6440,7078,398,496,1070,164,486,1589,0,77,0,-1,15,-5650,13,12175
2024/2/6,14:00,12115,0,6476,7105,402,466,1121,161,492,1358,0,95,0,1,0,-5580,18,12115
2024/2/6,14:30,12011,0,6438,7136,398,496,1149,167,532,1009,0,99,0,1,-1,-5430,16,12010
2024/2/6,15:00,11939,0,6594,7191,400,497,1182,163,498,791,0,126,0,1,1,-5522,18,11940
2024/2/6,15:30,12119,0,6996,7223,396,500,1196,163,498,449,0,151,0,1,23,-5470,16,12142
2024/2/6,16:00,12097,0,6876,7270,396,496,1411,165,530,133,0,142,0,1,4,-5348,25,12101
2024/2/6,16:30,12518,0,7522,7283,402,505,1413,164,497,26,0,145,0,137,-8,-5590,14,12510
2024/2/6,17:00,12520,0,7134,7316,398,509,1417,165,490,0,0,160,0,143,4,-5236,24,12524
2024/2/6,17:30,12594,0,7218,7310,400,521,1419,163,488,0,0,163,0,145,46,-5254,21,12640
2024/2/6,18:00,12523,0,7288,7323,398,522,1424,163,490,0,0,140,0,3,30,-5256,28,12553
2024/2/6,18:30,12483,0,7388,7316,402,512,1426,164,486,0,0,117,0,1,-1,-5350,21,12482
2024/2/6,19:00,12243,0,7228,7308,410,512,1390,165,488,0,0,110,0,1,-1,-5392,23,12242
2024/2/6,19:30,12055,0,7142,7308,404,510,1380,163,488,0,0,103,0,1,-1,-5466,22,12054
2024/2/6,20:00,11865,0,7118,7303,408,507,1262,164,489,0,0,129,0,1,-1,-5538,22,11864
2024/2/6,20:30,11671,0,6948,7290,356,507,1244,163,485,0,0,128,0,1,-1,-5472,21,11670
2024/2/6,21:00,11395,0,6904,7243,290,508,1226,165,483,0,0,127,0,1,-1,-5570,18,11394
2024/2/6,21:30,10954,0,6476,7010,382,501,1230,163,485,0,0,123,0,1,-1,-5428,11,10953
2024/2/6,22:00,10628,0,6130,6767,406,401,1156,163,485,0,0,124,0,1,-1,-5026,21,10627
2024/2/6,22:30,10225,0,5624,6565,408,417,1154,164,483,0,0,141,0,1,-1,-4748,16,10224
2024/2/6,23:00,10305,0,5434,6402,404,420,1120,165,482,0,0,154,0,1,-1,-4294,17,10304
2024/2/6,23:30,10147,0,5358,6341,406,420,1117,163,482,0,0,154,0,1,-1,-4308,13,10146
2024/2/7,0:00,9994,0,5590,6394,406,407,1089,163,480,0,0,139,0,1,-1,-4684,9,9993
2024/2/7,0:30,9849,0,5288,6436,410,408,1089,163,483,0,0,135,0,1,-1,-4572,8,9848
2024/2/7,1:00,10054,0,5750,6632,406,410,1086,163,484,0,0,136,0,1,-1,-5022,8,10053
2024/2/7,1:30,10068,0,5474,6741,406,405,1085,165,483,0,0,151,0,1,-1,-4852,9,10067
2024/2/7,2:00,10239,0,5680,6754,404,412,1088,164,483,0,0,171,0,1,-1,-4928,10,10238
2024/2/7,2:30,10449,0,6070,6802,406,412,1089,163,492,0,0,171,0,1,-1,-5166,9,10448
2024/2/7,3:00,10480,0,6070,6859,408,411,1107,163,494,0,0,165,0,1,-1,-5206,8,10479
2024/2/7,3:30,10511,0,5852,6960,408,411,1108,163,491,0,0,171,0,1,-1,-5062,8,10510
2024/2/7,4:00,10708,0,6288,6992,406,409,1123,163,494,0,0,174,0,1,-1,-5350,8,10707
2024/2/7,4:30,10756,0,6200,7077,406,411,1122,165,493,0,0,202,0,1,-1,-5330,9,10755
2024/2/7,5:00,11095,0,6526,7171,406,411,1131,163,492,0,0,181,0,1,-1,-5398,11,11094
2024/2/7,5:30,11285,0,6762,7197,408,410,1148,164,492,0,0,156,0,1,-1,-5466,13,11284
2024/2/7,6:00,11892,0,7158,7228,432,447,1197,164,494,0,0,151,0,1,-3,-5392,12,11889
2024/2/7,6:30,12025,0,7094,7235,540,453,1210,163,495,15,0,141,0,1,2,-5342,20,12027
2024/2/7,7:00,12006,0,6784,7224,560,458,1300,165,498,171,0,143,0,1,-1,-5326,28,12005
2024/2/7,7:30,12143,0,6462,7223,556,487,1307,164,505,505,0,143,0,1,-1,-5234,24,12142
2024/2/7,8:00,12405,0,6138,7184,554,496,1346,166,523,941,0,135,0,1,4,-5100,21,12409
2024/2/7,8:30,12793,0,6326,7084,490,497,1357,167,541,1425,0,112,0,1,13,-5228,21,12806
2024/2/7,9:00,12786,0,6524,6803,366,488,1270,170,552,1970,0,89,0,1,4,-5468,21,12790
2024/2/7,9:30,12467,0,6164,6384,252,487,1216,162,472,2611,0,76,0,1,8,-5382,24,12475
2024/2/7,10:00,12217,0,5418,5989,150,489,1208,168,549,2848,0,84,0,1,3,-4710,23,12220
2024/2/7,10:30,12031,0,5362,5875,140,491,1198,168,548,2854,0,80,0,1,8,-4706,20,12039
2024/2/7,11:00,11928,0,4920,5794,138,491,1063,163,472,3196,0,101,0,1,10,-4428,17,11938
2024/2/7,11:30,11739,0,4812,5878,144,491,1065,162,488,2953,0,135,0,-1,-17,-4408,20,11722
2024/2/7,12:00,11316,0,5126,6035,138,445,1084,165,533,2595,0,139,0,-213,-35,-4750,19,11281
2024/2/7,12:30,11092,0,4920,6160,140,490,1101,168,557,2434,0,171,0,-225,-20,-4836,12,11072
2024/2/7,13:00,11435,0,4996,6349,142,490,1089,169,543,2460,0,200,0,-225,1,-4798,20,11436
2024/2/7,13:30,11362,0,4954,6367,144,488,1118,168,571,2220,0,224,0,-225,13,-4682,15,11375
2024/2/7,14:00,11449,0,5546,6540,230,487,1157,161,476,2000,0,245,0,-225,3,-5186,18,11452
2024/2/7,14:30,11256,0,5208,6602,252,490,1202,165,534,1409,0,262,0,1,-1,-4884,15,11255
2024/2/7,15:00,11371,0,5276,6632,324,485,1188,166,509,1123,0,283,0,1,7,-4634,18,11378
2024/2/7,15:30,11456,0,5572,6770,462,488,1191,164,522,688,0,304,0,1,0,-4722,16,11456
2024/2/7,16:00,11613,0,5580,6848,514,485,1311,168,556,226,0,288,0,1,1,-4390,26,11614
2024/2/7,16:30,12012,0,6430,7038,556,493,1314,165,514,37,0,275,0,1,6,-4826,15,12018
2024/2/7,17:00,12001,0,6744,7211,568,495,1359,164,504,0,0,281,0,135,34,-5484,24,12035
2024/2/7,17:30,12183,0,7116,7252,558,494,1358,164,503,0,0,266,0,147,40,-5696,21,12223
2024/2/7,18:00,12127,0,7166,7242,408,494,1361,163,501,0,0,296,0,147,6,-5678,27,12133
2024/2/7,18:30,12068,0,7036,7241,404,495,1355,162,510,0,0,307,0,145,-1,-5608,21,12067
2024/2/7,19:00,11855,0,6890,7252,470,491,1406,154,517,0,0,284,0,143,-1,-5774,22,11854
2024/2/7,19:30,11770,0,6850,7241,502,497,1404,148,515,0,0,233,0,277,-1,-5914,17,11769
2024/2/7,20:00,11540,0,6822,7208,504,497,1383,156,515,0,0,212,0,285,-1,-6064,22,11539
2024/2/7,20:30,11366,0,6640,7212,500,496,1367,164,515,0,0,220,0,285,-1,-6052,19,11365
2024/2/7,21:00,11073,0,6438,7179,502,497,1353,163,512,0,0,201,0,145,-1,-5934,17,11072
2024/2/7,21:30,10716,0,6306,7067,506,498,1350,162,508,0,0,157,0,1,-1,-5852,13,10715
2024/2/7,22:00,10371,0,5842,6847,502,414,1322,164,512,0,0,129,0,1,-1,-5384,22,10370
2024/2/7,22:30,9995,0,5468,6606,500,400,1315,163,512,0,0,168,0,1,-1,-5156,18,9994
2024/2/7,23:00,10033,0,5094,6411,506,404,1255,163,513,0,0,184,0,1,-1,-4514,16,10032
2024/2/7,23:30,9863,0,5340,6305,472,399,1235,165,512,0,0,183,0,1,-1,-4760,11,9862
2024/2/8,0:00,9731,0,5822,6415,404,401,1129,163,517,0,0,148,0,1,-1,-5276,7,9730
2024/2/8,0:30,9552,0,5544,6536,406,396,1109,162,530,0,0,169,0,1,-1,-5308,7,9551
2024/2/8,1:00,9736,0,5542,6490,404,394,1107,164,545,0,0,233,0,1,-1,-5150,6,9735
2024/2/8,1:30,9799,0,5548,6524,406,399,1105,162,555,0,0,257,0,1,-1,-5166,8,9798
2024/2/8,2:00,9917,0,5690,6570,406,394,1098,162,558,0,0,328,0,1,-1,-5298,8,9916
2024/2/8,2:30,10070,0,5908,6618,408,402,1102,162,559,0,0,354,0,1,-1,-5452,8,10069
2024/2/8,3:00,10121,0,5844,6623,406,399,1103,164,558,0,0,380,0,1,-1,-5364,7,10120
2024/2/8,3:30,10177,0,6004,6628,404,398,1099,163,556,0,0,362,0,1,-1,-5444,6,10176
2024/2/8,4:00,10223,0,5950,6602,406,399,1096,163,555,0,0,375,0,1,-1,-5330,6,10222
2024/2/8,4:30,10391,0,6144,6703,404,399,1097,162,557,0,0,397,0,1,-1,-5480,7,10390
2024/2/8,5:00,10582,0,6186,6813,404,402,1118,162,555,0,0,475,0,1,-1,-5544,10,10581
2024/2/8,5:30,10846,0,6386,6861,406,401,1135,164,555,0,0,544,0,1,-1,-5618,11,10845
2024/2/8,6:00,11268,0,6600,6937,430,438,1209,162,552,0,0,548,0,1,-3,-5620,11,11265
2024/2/8,6:30,11434,0,6676,6975,502,441,1226,163,559,22,0,484,0,1,3,-5636,21,11437
2024/2/8,7:00,11373,0,6276,6853,502,445,1272,163,570,227,0,464,0,1,-1,-5430,30,11372
2024/2/8,7:30,11596,0,6178,6804,502,385,1285,166,587,621,0,469,0,1,-1,-5426,24,11595
2024/2/8,8:00,12001,0,6630,6816,438,489,1311,167,625,1127,0,516,0,1,7,-6140,21,12008
2024/2/8,8:30,12356,0,6630,6650,424,483,1320,168,637,1688,0,503,0,1,1,-6168,20,12357
2024/2/8,9:00,12359,0,6174,6653,404,490,1224,168,621,2263,0,519,0,1,2,-6178,20,12361
2024/2/8,9:30,12130,0,5620,6433,404,504,1193,168,592,2763,0,511,0,1,3,-6082,23,12133
2024/2/8,10:00,11984,0,5270,6240,326,413,1142,161,529,3374,0,565,0,1,2,-6060,23,11986
2024/2/8,10:30,11833,0,5272,6175,218,402,1160,165,584,3285,0,666,0,1,5,-6116,21,11838
2024/2/8,11:00,11781,0,5260,5977,142,494,1039,163,533,3529,0,739,0,1,-1,-6112,16,11780
2024/2/8,11:30,11592,0,5252,5692,142,492,1025,160,529,3627,0,800,0,1,11,-6152,24,11603
2024/2/8,12:00,11147,0,4964,5883,140,509,1014,162,532,3449,0,855,0,-213,1,-6166,18,11148
2024/2/8,12:30,10965,0,4888,5799,142,509,1015,160,535,3357,0,970,0,-227,-36,-6194,11,10929
2024/2/8,13:00,11323,0,5296,5881,142,512,1051,168,594,3095,0,962,0,-225,-37,-6172,19,11286
2024/2/8,13:30,11370,0,5444,6133,138,507,1050,165,589,2852,0,950,0,-227,1,-6244,13,11371
2024/2/8,14:00,11297,0,5418,6184,142,505,1134,166,609,2408,0,950,0,1,4,-6238,18,11301
2024/2/8,14:30,11342,0,5608,6325,154,506,1094,161,537,2208,0,957,0,1,-3,-6224,15,11339
2024/2/8,15:00,11305,0,5758,6423,238,510,1116,163,539,1694,0,1040,0,1,6,-6194,17,11311
2024/2/8,15:30,11500,0,6264,6774,250,507,1125,161,537,1077,0,1090,0,1,-3,-6302,16,11497
2024/2/8,16:00,11678,0,6436,6982,326,504,1289,166,598,378,0,1132,0,1,-2,-6158,24,11676
2024/2/8,16:30,11869,0,6778,7188,456,507,1297,163,571,56,0,1056,0,1,-1,-6216,12,11868
2024/2/8,17:00,12041,0,6802,7207,516,506,1321,164,550,1,0,1158,0,1,39,-6210,25,12080
2024/2/8,17:30,12038,0,6624,7216,534,505,1329,163,552,0,0,1195,0,1,32,-6102,21,12070
2024/2/8,18:00,12079,0,6664,7183,534,504,1323,162,554,0,0,1151,0,1,-1,-6022,25,12078
2024/2/8,18:30,11971,0,6436,7180,538,507,1306,164,549,0,0,1222,0,1,-1,-5952,20,11970
2024/2/8,19:00,11827,0,6474,7128,426,498,1240,162,551,0,0,1146,0,1,-1,-5820,21,11826
2024/2/8,19:30,11583,0,6396,7071,408,496,1235,162,549,0,0,1174,0,1,-1,-5930,21,11582
2024/2/8,20:00,11395,0,6400,6984,406,500,1203,162,548,0,0,1151,0,1,-1,-5982,22,11394
2024/2/8,20:30,11210,0,6268,6987,404,495,1197,164,549,0,0,1117,0,1,-1,-5990,18,11209
2024/2/8,21:00,10854,0,6066,6902,406,494,1188,162,548,0,0,1080,0,1,-1,-6010,17,10853
2024/2/8,21:30,10445,0,5830,6776,406,493,1176,162,547,0,0,1091,0,1,-1,-6048,11,10444
2024/2/8,22:00,10096,0,5324,6219,406,422,1171,162,551,0,0,1092,0,1,-1,-5272,20,10095
2024/2/8,22:30,9802,0,5160,6062,406,400,1170,164,548,0,0,1089,0,1,-1,-5212,14,9801
2024/2/8,23:00,9844,0,5286,6143,406,402,1160,163,553,0,0,1079,0,1,-1,-5364,15,9843
2024/2/8,23:30,9646,0,5016,6279,406,402,1145,163,552,0,0,1073,0,1,-1,-5402,11,9645
2024/2/9,0:00,9507,0,5100,6255,408,399,1072,162,552,0,0,973,0,1,-1,-5422,7,9506
2024/2/9,0:30,9235,0,4552,6187,406,400,1061,165,552,0,0,883,0,1,-1,-4978,6,9234
2024/2/9,1:00,9492,0,4960,6151,406,401,1055,162,553,0,0,808,0,1,-1,-5012,7,9491
2024/2/9,1:30,9536,0,5110,6096,404,401,1062,162,549,0,0,747,0,1,-1,-5004,8,9535
2024/2/9,2:00,9699,0,5230,6172,406,403,1062,163,551,0,0,738,0,1,-16,-5036,9,9683
2024/2/9,2:30,9814,0,5208,6244,406,400,1067,164,553,0,0,675,0,1,-39,-4912,8,9775
2024/2/9,3:00,9894,0,5234,6257,406,405,1081,162,548,0,0,613,0,1,-27,-4820,7,9867
2024/2/9,3:30,9939,0,5386,6251,404,403,1075,162,548,0,0,587,0,1,-1,-4884,6,9938
2024/2/9,4:00,10056,0,5784,6481,408,403,1077,164,547,0,0,567,0,1,-1,-5382,6,10055
2024/2/9,4:30,10097,0,5712,6589,406,407,1081,163,556,0,0,496,0,1,-1,-5320,6,10096
2024/2/9,5:00,10341,0,5778,6778,406,403,1091,162,556,0,0,425,0,1,-1,-5268,9,10340
2024/2/9,5:30,10665,0,6242,6899,408,406,1098,163,558,0,0,323,0,1,-1,-5444,11,10664
2024/2/9,6:00,11020,0,6598,6995,406,442,1151,164,556,0,0,269,0,1,1,-5574,12,11021
2024/2/9,6:30,11214,0,6772,7012,406,446,1169,162,556,47,0,220,0,1,0,-5596,19,11214
2024/2/9,7:00,11139,0,6356,6912,406,447,1244,162,561,363,0,208,0,1,1,-5550,29,11140
2024/2/9,7:30,11315,0,6050,6858,406,476,1252,163,561,917,0,178,0,1,19,-5570,23,11334
2024/2/9,8:00,11750,0,6500,6856,410,496,1229,162,536,1712,0,168,0,1,47,-6340,20,11797
2024/2/9,8:30,11880,0,5866,6628,406,495,1230,161,562,2497,0,174,0,1,15,-6162,22,11895
2024/2/9,9:00,12008,0,5686,6337,408,498,1150,158,533,3290,0,155,0,1,-3,-6228,20,12005
2024/2/9,9:30,11838,0,5208,6071,412,498,1153,158,533,3868,0,196,0,1,9,-6284,24,11847
2024/2/9,10:00,11680,0,4786,5802,414,502,1148,160,532,4172,0,259,0,1,-1,-6118,22,11679
2024/2/9,10:30,11562,0,4778,5610,414,498,1136,158,532,4181,0,275,0,1,5,-6042,21,11567
2024/2/9,11:00,11458,0,4878,5605,404,504,1079,162,588,3925,0,267,0,-1,1,-5970,17,11459
2024/2/9,11:30,11283,0,4700,5506,350,499,1042,161,536,4372,0,220,0,-215,-15,-5908,20,11268
2024/2/9,12:00,10826,0,4324,5374,232,496,1047,161,550,4431,0,215,0,-225,-35,-5798,19,10791
2024/2/9,12:30,10638,0,4200,5238,144,503,1046,163,550,4293,0,234,0,-225,-12,-5520,12,10626
2024/2/9,13:00,10953,0,4458,5413,138,497,1042,162,548,4067,0,208,0,-225,4,-5374,19,10957
2024/2/9,13:30,10988,0,4392,5605,138,501,1051,160,546,3877,0,262,0,-1,5,-5556,13,10993
2024/2/9,14:00,10991,0,4924,5737,140,502,1125,161,547,3334,0,277,0,1,5,-5776,19,10996
2024/2/9,14:30,10930,0,5236,6069,138,499,1122,161,544,2694,0,284,0,1,-1,-5838,20,10929
2024/2/9,15:00,11025,0,5872,6548,200,501,1110,163,548,1931,0,287,0,1,0,-6154,18,11025
2024/2/9,15:30,11049,0,6024,6923,242,490,1122,161,543,1201,0,289,0,1,4,-5964,17,11053
2024/2/9,16:00,11294,0,6612,7098,254,496,1250,164,575,468,0,276,0,1,-2,-5924,24,11292
2024/2/9,16:30,11500,0,6894,7236,256,495,1262,165,576,70,0,237,0,1,15,-5712,20,11515
2024/2/9,17:00,11654,0,7130,7262,432,495,1291,163,556,1,0,170,0,1,-2,-5872,25,11652
2024/2/9,17:30,11676,0,6978,7272,566,493,1293,163,552,0,0,127,0,1,3,-5790,21,11679
2024/2/9,18:00,11619,0,7070,7279,564,498,1293,164,552,0,0,110,0,1,37,-5938,26,11656
2024/2/9,18:30,11561,0,7148,7278,562,496,1290,163,556,0,0,89,0,1,31,-6042,20,11592
2024/2/9,19:00,11432,0,7016,7280,568,494,1281,163,556,0,0,66,0,1,1,-6016,23,11433
2024/2/9,19:30,11167,0,6558,7276,564,497,1278,163,554,0,0,49,0,1,0,-5796,23,11167
2024/2/9,20:00,11066,0,6374,7255,476,494,1232,163,556,0,0,41,0,1,5,-5548,22,11071
2024/2/9,20:30,10954,0,6360,7229,440,497,1209,163,554,0,0,42,0,1,-3,-5560,19,10951
2024/2/9,21:00,10705,0,6744,7147,560,493,1054,163,561,0,0,32,0,1,5,-6068,18,10710
2024/2/9,21:30,10404,0,6634,7082,516,489,1037,165,557,0,0,29,0,1,5,-6118,12,10409
2024/2/9,22:00,10131,0,6156,6925,376,411,999,163,559,0,0,33,0,1,0,-5514,22,10131
2024/2/9,22:30,9956,0,6102,6838,270,400,994,162,559,0,0,38,0,1,1,-5424,16,9957
2024/2/9,23:00,10062,0,6072,6869,252,398,975,163,567,0,0,48,0,1,0,-5300,17,10062
2024/2/9,23:30,9793,0,5502,6854,154,401,934,163,569,0,0,59,0,1,1,-4856,12,9794
2024/2/10,0:00,9746,0,5932,6924,138,402,812,163,569,0,0,62,0,1,3,-5266,9,9749
2024/2/10,0:30,9649,0,5950,6922,140,392,802,165,573,0,0,66,0,1,-1,-5370,8,9648
2024/2/10,1:00,9753,0,6118,6963,140,399,806,163,569,0,0,66,0,1,7,-5480,8,9760
2024/2/10,1:30,9845,0,6162,7016,138,397,804,163,570,0,0,64,0,1,-1,-5480,10,9844
2024/2/10,2:00,9927,0,6294,7051,140,395,806,162,571,0,0,75,0,1,-1,-5578,10,9926
2024/2/10,2:30,10029,0,6308,7114,142,398,805,163,571,0,0,73,0,1,-1,-5556,10,10028
2024/2/10,3:00,10111,0,6270,7154,140,399,821,165,571,0,0,83,0,1,-1,-5502,9,10110
2024/2/10,3:30,10125,0,6212,7204,138,397,823,163,571,0,0,88,0,1,-1,-5480,8,10124
2024/2/10,4:00,10190,0,6334,7203,140,403,821,163,574,0,0,91,0,1,-1,-5548,8,10189
2024/2/10,4:30,10186,0,6198,7216,140,409,828,163,570,0,0,101,0,1,-1,-5448,8,10185
2024/2/10,5:00,10323,0,6348,7207,140,407,834,163,572,0,0,120,0,1,-1,-5480,11,10322
2024/2/10,5:30,10317,0,6358,7129,138,409,841,165,573,0,0,142,0,1,-1,-5450,11,10316
2024/2/10,6:00,10556,0,6606,7065,140,439,911,163,572,0,0,164,0,1,-2,-5518,13,10554
2024/2/10,6:30,10470,0,6436,7009,140,439,912,163,571,73,0,161,0,1,-1,-5454,19,10469
2024/2/10,7:00,10285,0,5762,6735,138,433,908,164,553,572,0,161,0,1,-4,-5172,30,10281
2024/2/10,7:30,10409,0,5516,6315,144,457,908,161,553,1446,0,148,0,1,11,-5264,24,10420
2024/2/10,8:00,10419,0,5380,6084,138,473,877,161,551,2492,0,123,0,1,4,-5884,23,10423
2024/2/10,8:30,10349,0,4828,5519,136,467,885,161,547,3524,0,113,0,1,2,-5856,24,10351
2024/2/10,9:00,10310,0,4614,5097,108,465,797,163,548,4326,0,105,0,1,1,-5938,24,10311
2024/2/10,9:30,10007,0,3546,5084,74,453,769,161,545,4948,0,77,0,1,13,-5676,25,10020
2024/2/10,10:00,9780,0,2840,5155,76,419,740,162,549,5341,0,77,0,1,-9,-5604,24,9771
2024/2/10,10:30,9536,0,2596,4915,76,391,719,161,548,5595,0,82,0,1,10,-5570,22,9546
2024/2/10,11:00,9400,0,2364,4852,76,378,710,164,548,5670,0,91,0,1,-3,-5474,20,9397
2024/2/10,11:30,9135,0,2348,4469,76,381,712,161,548,5592,0,79,0,1,12,-5254,22,9147
2024/2/10,12:00,9092,0,2314,4455,78,379,709,161,551,5417,0,80,0,1,-32,-5072,19,9060
2024/2/10,12:30,8848,0,2360,4418,76,375,701,161,551,5014,0,81,0,1,-27,-4906,16,8821
2024/2/10,13:00,8998,0,2620,4831,74,380,700,164,548,4342,0,97,0,1,-8,-4780,21,8990
2024/2/10,13:30,8930,0,2814,4941,78,379,714,161,548,3743,0,130,0,1,1,-4600,21,8931
2024/2/10,14:00,8939,0,2966,4963,78,377,710,161,547,3149,0,173,0,1,-1,-4206,20,8938
2024/2/10,14:30,8939,0,3372,5083,82,445,715,162,547,2507,0,195,0,1,14,-4186,16,8953
2024/2/10,15:00,8977,0,3758,5362,128,390,752,163,548,1689,0,205,0,1,3,-4038,19,8980
2024/2/10,15:30,9301,0,4616,5889,132,479,791,163,569,890,0,277,0,1,-1,-4526,20,9300
2024/2/10,16:00,9405,0,5198,6467,198,475,968,164,576,326,0,376,0,1,7,-5368,24,9412
2024/2/10,16:30,9838,0,5764,6648,256,490,989,164,584,52,0,398,0,1,4,-5532,24,9842
2024/2/10,17:00,10099,0,5956,6935,402,499,989,164,569,0,0,405,0,1,-4,-5846,25,10095
2024/2/10,17:30,10380,0,6228,7062,486,496,985,162,568,0,0,467,0,1,3,-6098,23,10383
2024/2/10,18:00,10330,0,6218,7053,486,495,999,163,565,0,0,515,0,1,35,-6192,27,10365
2024/2/10,18:30,10297,0,6174,7017,486,494,1003,162,560,0,0,533,0,1,31,-6154,21,10328
2024/2/10,19:00,10199,0,6116,6958,486,493,1005,165,562,0,0,578,0,1,-1,-6188,23,10198
2024/2/10,19:30,10099,0,6066,6950,500,495,1005,163,562,0,0,568,0,1,-1,-6228,17,10098
2024/2/10,20:00,9965,0,6034,7003,432,492,950,163,560,0,0,587,0,1,-1,-6278,21,9964
2024/2/10,20:30,9854,0,5998,6932,486,495,948,162,562,0,0,577,0,1,-1,-6328,21,9853
2024/2/10,21:00,9727,0,5994,6847,486,493,872,165,562,0,0,623,0,1,-1,-6334,18,9726
2024/2/10,21:30,9416,0,5516,6730,488,489,867,163,563,0,0,803,0,1,-1,-6214,10,9415
2024/2/10,22:00,9302,0,5104,6328,486,411,861,163,565,0,0,849,0,1,-1,-5488,22,9301
2024/2/10,22:30,9129,0,4934,6177,486,395,859,163,565,0,0,773,0,1,-1,-5244,20,9128
2024/2/10,23:00,9219,0,5166,6145,382,401,840,164,562,0,0,827,0,1,-1,-5288,19,9218
2024/2/10,23:30,9040,0,4748,6334,246,393,824,165,558,0,0,1012,0,1,-1,-5254,13,9039
2024/2/11,0:00,8920,0,4880,6066,216,397,807,163,555,0,0,1207,0,1,-1,-5382,10,8919
2024/2/11,0:30,8906,0,4980,6095,136,400,797,163,561,0,0,1178,0,1,-1,-5414,9,8905
2024/2/11,1:00,9033,0,5200,6139,140,396,804,164,563,0,0,1083,0,1,-1,-5466,9,9032
2024/2/11,1:30,9152,0,5176,6241,136,402,801,164,560,0,0,1189,0,1,-1,-5528,10,9151
2024/2/11,2:00,9279,0,5134,6230,140,404,799,163,558,0,0,1227,0,1,-1,-5388,11,9278
2024/2/11,2:30,9373,0,4984,6290,138,404,796,162,559,0,0,1256,0,1,-1,-5228,11,9372
2024/2/11,3:00,9424,0,5086,6338,134,401,816,163,557,0,0,1164,0,1,-1,-5246,10,9423
2024/2/11,3:30,9467,0,5066,6538,140,401,816,165,556,0,0,1147,0,1,-1,-5372,9,9466
2024/2/11,4:00,9481,0,5222,6476,136,406,822,163,555,0,0,1079,0,1,-1,-5388,9,9480
2024/2/11,4:30,9503,0,5258,6491,138,378,829,162,553,0,0,962,0,1,-1,-5278,9,9502
2024/2/11,5:00,9497,0,5180,6498,144,338,835,162,555,0,0,890,0,1,-1,-5118,12,9496
2024/2/11,5:30,9397,0,5212,6350,138,405,843,165,556,0,0,887,0,1,-1,-5172,12,9396
2024/2/11,6:00,9391,0,5188,6033,138,336,915,160,558,0,0,928,0,1,12,-4880,14,9403
2024/2/11,6:30,9464,0,5522,6049,140,328,917,161,558,42,0,863,0,1,1,-5136,19,9465
2024/2/11,7:00,9293,0,4900,6020,138,332,917,160,547,280,0,822,0,1,0,-4856,32,9293
2024/2/11,7:30,9336,0,4978,5676,140,344,925,161,565,696,0,812,0,1,-3,-4988,26,9333
2024/2/11,8:00,9445,0,4732,5160,138,438,917,164,575,1227,0,796,0,1,8,-4728,25,9453
2024/2/11,8:30,9165,0,4040,4613,140,344,932,163,595,1757,0,738,0,1,9,-4182,24,9174
2024/2/11,9:00,9332,0,3592,4519,138,333,873,164,611,2246,0,693,0,1,4,-3862,24,9336
2024/2/11,9:30,9128,0,2874,4349,140,329,875,165,622,2635,0,659,0,1,6,-3548,27,9134
2024/2/11,10:00,9024,0,2606,4320,138,328,886,172,660,3004,0,596,0,1,-3,-3712,25,9021
2024/2/11,10:30,8850,0,2406,4134,142,329,850,166,594,3414,0,568,0,1,2,-3778,24,8852
2024/2/11,11:00,8826,0,2388,4107,138,331,817,162,551,3649,0,585,0,1,-33,-3924,21,8793
2024/2/11,11:30,8835,0,2248,4073,132,331,821,163,562,3738,0,562,0,1,-33,-3820,24,8802
2024/2/11,12:00,8721,0,2386,4138,92,327,833,163,578,3751,0,584,0,1,10,-4154,22,8731
2024/2/11,12:30,8613,0,2468,4107,80,331,821,164,556,3836,0,557,0,1,8,-4324,16,8621
2024/2/11,13:00,8646,0,2560,4190,74,332,824,161,551,3553,0,563,0,1,-4,-4184,21,8642
2024/2/11,13:30,8480,0,2366,4073,78,326,828,162,551,3526,0,624,0,1,2,-4070,15,8482
2024/2/11,14:00,8554,0,2668,4250,78,329,834,162,541,3140,0,637,0,1,12,-4110,24,8566
2024/2/11,14:30,8552,0,2962,4506,100,329,842,163,557,2539,0,648,0,1,0,-4114,19,8552
2024/2/11,15:00,8603,0,3650,4956,130,337,849,162,540,2074,0,602,0,1,7,-4722,24,8610
2024/2/11,15:30,8862,0,4356,5609,140,437,847,164,539,1364,0,549,0,1,-3,-5162,18,8859
2024/2/11,16:00,9041,0,4872,6333,234,438,956,164,566,578,0,478,0,1,6,-5602,23,9047
2024/2/11,16:30,9522,0,5552,6725,242,443,972,166,589,94,0,451,0,1,-3,-5736,23,9519
2024/2/11,17:00,10038,0,5876,7099,284,442,998,163,560,2,0,432,0,1,9,-5846,27,10047
2024/2/11,17:30,10411,0,6032,7179,404,447,1009,163,559,0,0,373,0,135,1,-5916,26,10412
2024/2/11,18:00,10429,0,5818,7129,464,445,1072,162,557,0,0,395,0,143,35,-5786,30,10464
2024/2/11,18:30,10493,0,6064,7082,498,446,1075,162,549,0,0,374,0,145,30,-5924,22,10523
2024/2/11,19:00,10418,0,5922,7102,490,448,1073,163,553,0,0,323,0,143,-1,-5822,23,10417
2024/2/11,19:30,10376,0,5968,7100,488,447,1081,164,555,0,0,253,0,143,-1,-5842,19,10375
2024/2/11,20:00,10259,0,5996,7082,490,445,1044,163,553,0,0,237,0,3,-1,-5774,20,10258
2024/2/11,20:30,10139,0,6022,6997,492,449,1039,163,552,0,0,192,0,1,-1,-5788,20,10138
2024/2/11,21:00,10012,0,5866,7005,488,445,984,164,554,0,0,147,0,1,-1,-5660,18,10011
2024/2/11,21:30,9755,0,5810,6884,496,442,979,163,552,0,0,117,0,1,-1,-5702,13,9754
2024/2/11,22:00,9440,0,5380,6517,478,355,853,163,553,0,0,108,0,1,-1,-4990,22,9439
2024/2/11,22:30,9203,0,5042,6318,486,416,845,163,556,0,0,91,0,1,-1,-4732,17,9202
2024/2/11,23:00,9368,0,5118,6277,414,417,820,163,554,0,0,87,0,1,-1,-4500,17,9367
2024/2/11,23:30,9135,0,4638,6147,406,413,820,163,555,0,0,88,0,1,-1,-4108,12,9134
2024/2/12,0:00,9136,0,5192,6392,412,415,806,164,555,0,0,98,0,1,-1,-4908,9,9135
2024/2/12,0:30,9015,0,4928,6401,372,414,808,164,558,0,0,81,0,1,-1,-4720,8,9014
2024/2/12,1:00,9148,0,4966,6398,328,415,804,163,558,0,0,85,0,1,-1,-4578,8,9147
2024/2/12,1:30,9268,0,5206,6508,274,412,806,163,561,0,0,93,0,1,-1,-4766,10,9267
2024/2/12,2:00,9355,0,5248,6490,252,417,816,163,553,0,0,103,0,1,-1,-4698,10,9354
2024/2/12,2:30,9524,0,5536,6684,166,412,815,163,555,0,0,124,0,1,-1,-4942,10,9523
2024/2/12,3:00,9608,0,5408,6779,138,415,817,163,552,0,0,138,0,1,-1,-4812,9,9607
2024/2/12,3:30,9651,0,5298,6921,138,417,816,163,552,0,0,142,0,1,-1,-4806,9,9650
2024/2/12,4:00,9700,0,5392,6760,140,417,815,163,552,0,0,166,0,1,-1,-4714,8,9699
2024/2/12,4:30,9812,0,5536,6651,136,417,809,163,551,0,0,215,0,1,-1,-4676,9,9811
2024/2/12,5:00,9964,0,5866,6842,138,419,819,163,553,0,0,220,0,1,-1,-5068,11,9963
2024/2/12,5:30,10035,0,5928,6850,136,413,827,163,554,0,0,242,0,1,-1,-5092,13,10034
2024/2/12,6:00,10243,0,6082,6920,138,443,894,165,553,0,0,255,0,1,3,-5222,14,10246
2024/2/12,6:30,10279,0,6098,6920,138,446,903,162,552,47,0,244,0,1,3,-5252,20,10282
2024/2/12,7:00,10112,0,5520,6607,136,349,900,162,547,361,0,258,0,1,6,-4758,29,10118
2024/2/12,7:30,10422,0,5538,6409,140,348,909,161,544,1031,0,277,0,1,3,-4962,26,10425
2024/2/12,8:00,10423,0,4958,6393,138,435,884,162,543,1880,0,333,0,1,1,-5328,24,10424
2024/2/12,8:30,10465,0,4222,5907,136,439,884,162,543,2944,0,388,0,1,10,-5184,23,10475
2024/2/12,9:00,10375,0,3392,5393,136,344,820,158,539,3774,0,474,0,1,6,-4680,24,10381
2024/2/12,9:30,10288,0,3004,4913,120,329,806,160,540,4572,0,524,0,1,12,-4706,25,10300
2024/2/12,10:00,10003,0,2550,4904,84,327,805,160,540,5081,0,613,0,1,16,-5086,24,10019
2024/2/12,10:30,9922,0,2164,4842,78,322,810,162,541,5388,0,659,0,1,0,-5068,23,9922
2024/2/12,11:00,9730,0,2020,4558,76,322,807,161,543,5371,0,779,0,1,8,-4926,18,9738
2024/2/12,11:30,9714,0,2018,4345,76,325,808,161,542,5476,0,880,0,1,2,-4940,22,9716
2024/2/12,12:00,9506,0,1888,4181,78,323,818,163,546,5421,0,1006,0,-213,-32,-4724,19,9474
2024/2/12,12:30,9283,0,1858,4159,76,325,824,161,545,5214,0,1044,0,-225,-40,-4712,14,9243
2024/2/12,13:00,9359,0,1928,4330,96,323,822,161,543,4980,0,1019,0,-227,3,-4636,20,9362
2024/2/12,13:30,9335,0,2080,4578,130,322,825,162,543,4536,0,1097,0,-225,2,-4728,15,9337
2024/2/12,14:00,9281,0,2262,4602,130,325,826,161,542,3924,0,1173,0,1,7,-4688,23,9288
2024/2/12,14:30,9296,0,2694,4727,138,323,840,163,541,3237,0,1239,0,1,2,-4636,29,9298
2024/2/12,15:00,9298,0,3196,4783,136,331,887,161,541,2440,0,1222,0,1,5,-4424,24,9303
2024/2/12,15:30,9571,0,3934,5450,220,336,901,161,538,1578,0,1211,0,1,8,-4788,29,9579
2024/2/12,16:00,9743,0,5098,6022,244,349,1072,162,562,692,0,1197,0,1,-1,-5678,22,9742
2024/2/12,16:30,10194,0,5454,6689,316,443,1136,167,588,114,0,1214,0,1,-3,-5952,24,10191
2024/2/12,17:00,10550,0,5742,6904,448,446,1196,162,553,4,0,1209,0,1,45,-6140,25,10595
2024/2/12,17:30,10856,0,5840,7056,518,444,1221,162,556,0,0,1207,0,1,27,-6172,23,10883
2024/2/12,18:00,11010,0,5802,7027,548,445,1240,161,553,0,0,1241,0,1,-1,-6034,26,11009
2024/2/12,18:30,10926,0,5676,6996,564,446,1256,163,549,0,0,1245,0,1,-1,-5990,20,10925
2024/2/12,19:00,10867,0,5706,6927,452,446,1262,162,549,0,0,1229,0,1,-1,-5890,23,10866
2024/2/12,19:30,10739,0,5708,6855,402,447,1264,161,546,0,0,1268,0,1,-1,-5930,17,10738
2024/2/12,20:00,10664,0,5730,6800,406,452,1262,162,550,0,0,1276,0,1,-1,-5994,19,10663
2024/2/12,20:30,10515,0,5606,6701,404,448,1259,163,550,0,0,1295,0,1,-1,-5930,18,10514
2024/2/12,21:00,10395,0,5678,6667,406,448,1154,161,552,0,0,1243,0,1,-1,-5932,17,10394
2024/2/12,21:30,10010,0,5412,6561,402,444,1145,162,550,0,0,1189,0,1,-1,-5866,10,10009
2024/2/12,22:00,9617,0,4744,6104,388,350,1141,161,553,0,0,1162,0,1,-1,-5008,21,9616
2024/2/12,22:30,9425,0,4466,5955,406,408,1143,164,553,0,0,1143,0,1,-1,-4828,14,9424
2024/2/12,23:00,9503,0,4574,6028,402,407,1131,162,553,0,0,1125,0,1,-1,-4894,14,9502
2024/2/12,23:30,9391,0,4452,5993,396,414,1131,163,559,0,0,1170,0,1,-1,-4900,12,9390
2024/2/13,0:00,9277,0,4278,6014,406,338,1127,162,557,0,0,1131,0,1,-1,-4744,7,9276
2024/2/13,0:30,9190,0,4202,5961,394,326,1130,162,555,0,0,1211,0,1,-1,-4758,6,9189
2024/2/13,1:00,9417,0,4284,5932,404,331,1122,164,550,0,0,1309,0,1,-1,-4686,6,9416
2024/2/13,1:30,9527,0,4464,6014,404,329,1126,162,554,0,0,1259,0,1,-1,-4794,8,9526
2024/2/13,2:00,9657,0,4526,6008,406,329,1130,162,551,0,0,1256,0,1,-1,-4720,8,9656
2024/2/13,2:30,9785,0,4628,6050,402,334,1132,161,549,0,0,1208,0,1,-1,-4688,8,9784
2024/2/13,3:00,9868,0,4730,6048,404,330,1131,164,552,0,0,1163,0,1,-1,-4662,7,9867
2024/2/13,3:30,9873,0,4698,6069,402,333,1135,162,549,0,0,1176,0,1,-1,-4658,6,9872
2024/2/13,4:00,10048,0,4834,6026,400,331,1169,162,550,0,0,1205,0,1,-1,-4636,6,10047
2024/2/13,4:30,10185,0,5018,6094,404,332,1169,162,553,0,0,1111,0,1,-1,-4666,7,10184
2024/2/13,5:00,10444,0,5232,6175,402,336,1210,162,555,0,0,1096,0,1,-1,-4734,9,10443
2024/2/13,5:30,10623,0,5542,6105,402,339,1211,164,557,0,0,1110,0,1,-1,-4818,10,10622
2024/2/13,6:00,11077,0,5934,6230,400,341,1212,162,558,0,0,1093,0,1,3,-4866,12,11080
2024/2/13,6:30,11162,0,5968,6217,406,346,1215,162,550,105,0,1142,0,1,1,-4970,20,11163
2024/2/13,7:00,11051,0,5232,5797,386,352,1281,161,548,666,0,1169,0,1,1,-4570,28,11052
2024/2/13,7:30,11191,0,4970,5373,394,384,1282,160,550,1649,0,1115,0,1,10,-4710,23,11201
2024/2/13,8:00,11498,0,5176,5222,396,401,1267,163,546,2691,0,1084,0,1,7,-5470,21,11505
2024/2/13,8:30,11732,0,5022,4933,402,398,1266,160,546,3688,0,1150,0,1,2,-5854,20,11734
2024/2/13,9:00,11563,0,4216,4476,396,395,1189,160,545,4526,0,1183,0,1,-3,-5544,20,11560
2024/2/13,9:30,11447,0,3512,4315,334,389,1180,161,547,5200,0,1247,0,1,12,-5462,23,11459
2024/2/13,10:00,11149,0,2896,4167,422,391,1170,160,545,5738,0,1292,0,1,8,-5656,23,11157
2024/2/13,10:30,10952,0,2416,4163,416,392,1175,163,536,5974,0,1317,0,1,6,-5620,19,10958
2024/2/13,11:00,10798,0,2420,3897,230,391,1157,161,519,6142,0,1364,0,1,19,-5502,18,10817
2024/2/13,11:30,10558,0,2522,3618,138,392,1143,162,508,6153,0,1327,0,-213,-22,-5212,20,10536
2024/2/13,12:00,10079,0,2286,3580,138,390,1073,161,498,6112,0,1430,0,-439,-37,-5168,18,10042
2024/2/13,12:30,9875,0,2240,3577,140,386,1070,162,495,5977,0,1471,0,-443,-32,-5212,12,9843
2024/2/13,13:00,10128,0,2302,3773,140,386,1059,163,489,5665,0,1452,0,-223,2,-5096,18,10130
2024/2/13,13:30,10178,0,2318,4232,184,388,1064,162,488,5103,0,1491,0,1,-3,-5266,13,10175
2024/2/13,14:00,10155,0,2656,4647,244,390,1075,162,473,4607,0,1441,0,1,7,-5558,17,10162
2024/2/13,14:30,10085,0,3186,4918,256,382,1092,161,471,3808,0,1511,0,1,7,-5716,15,10092
2024/2/13,15:00,10061,0,3494,5260,370,391,1174,162,473,2934,0,1456,0,1,3,-5672,18,10064
2024/2/13,15:30,10044,0,4098,5403,404,393,1188,162,473,1842,0,1483,0,1,11,-5418,15,10055
2024/2/13,16:00,10264,0,4384,5872,398,388,1323,163,522,766,0,1528,0,139,9,-5242,23,10273
2024/2/13,16:30,10479,0,4942,6268,468,394,1341,164,533,118,0,1531,0,143,-2,-5436,13,10477
2024/2/13,17:00,10608,0,5036,6610,512,397,1344,161,494,4,0,1519,0,143,25,-5634,22,10633
2024/2/13,17:30,10808,0,5198,6745,544,396,1348,161,494,0,0,1447,0,145,36,-5690,20,10844
2024/2/13,18:00,10807,0,5158,6604,546,393,1355,163,495,0,0,1478,0,143,14,-5554,26,10821
2024/2/13,18:30,10736,0,5116,6541,476,397,1364,161,494,0,0,1510,0,143,-1,-5486,20,10735
2024/2/13,19:00,10573,0,4950,6640,494,393,1365,161,493,0,0,1527,0,145,-1,-5616,21,10572
2024/2/13,19:30,10461,0,5074,6589,414,390,1370,160,491,0,0,1531,0,1,-1,-5574,15,10460
2024/2/13,20:00,10205,0,5038,6431,398,390,1360,161,494,0,0,1482,0,1,-1,-5572,22,10204
2024/2/13,20:30,10083,0,5092,6263,336,388,1368,161,492,0,0,1511,0,1,-1,-5548,19,10082
2024/2/13,21:00,9887,0,5070,6120,334,386,1309,162,486,0,0,1542,0,1,-1,-5540,17,9886
2024/2/13,21:30,9446,0,4874,5832,340,384,1298,161,487,0,0,1555,0,1,-1,-5496,10,9445
2024/2/13,22:00,9317,0,4492,5501,334,344,1271,161,488,0,0,1550,0,1,-1,-4844,19,9316
2024/2/13,22:30,9022,0,4184,5434,338,333,1277,160,486,0,0,1573,0,1,-1,-4778,14,9021
2024/2/13,23:00,9101,0,4508,5200,336,334,1252,161,487,0,0,1560,0,1,-1,-4754,16,9100
2024/2/13,23:30,8797,0,4160,5080,336,334,1237,160,485,0,0,1491,0,1,-1,-4498,11,8796
2024/2/14,0:00,8726,0,4138,5272,338,334,1186,160,485,0,0,1517,0,1,-1,-4712,7,8725
2024/2/14,0:30,8529,0,3886,5124,404,336,1187,160,486,0,0,1538,0,1,-1,-4600,7,8528
2024/2/14,1:00,8719,0,4004,5154,408,336,1197,160,488,0,0,1580,0,1,-1,-4616,7,8718
2024/2/14,1:30,8844,0,4008,5336,406,334,1202,163,491,0,0,1621,0,1,-1,-4726,8,8843
2024/2/14,2:00,8957,0,4108,5349,406,336,1220,161,490,0,0,1617,0,1,-1,-4740,9,8956
2024/2/14,2:30,9082,0,4260,5371,404,333,1224,160,495,0,0,1578,0,1,-1,-4752,8,9081
2024/2/14,3:00,9183,0,4374,5522,406,340,1236,160,491,0,0,1598,0,1,-1,-4952,7,9182
2024/2/14,3:30,9228,0,4388,5528,408,335,1236,161,491,0,0,1619,0,1,-1,-4946,7,9227
2024/2/14,4:00,9386,0,4428,5645,406,334,1235,159,490,0,0,1630,0,1,-1,-4948,6,9385
2024/2/14,4:30,9365,0,4554,5587,406,336,1245,160,491,0,0,1628,0,1,-1,-5050,7,9364
2024/2/14,5:00,9634,0,4686,5661,406,335,1289,158,492,0,0,1576,0,1,-1,-4980,10,9633
2024/2/14,5:30,9692,0,4952,5457,406,337,1297,161,491,0,0,1556,0,1,-1,-4976,10,9691
2024/2/14,6:00,9954,0,5068,5562,406,343,1332,158,492,0,0,1550,0,1,-4,-4970,12,9950
2024/2/14,6:30,10023,0,5024,5482,406,344,1335,160,487,107,0,1612,0,1,1,-4954,19,10024
2024/2/14,7:00,9872,0,4572,5244,406,341,1367,157,484,529,0,1604,0,1,0,-4862,29,9872
2024/2/14,7:30,9925,0,4280,4863,408,372,1358,159,486,1274,0,1545,0,1,6,-4844,23,9931
2024/2/14,8:00,10212,0,4304,4866,404,395,1359,157,487,2178,0,1495,0,1,4,-5454,20,10216
2024/2/14,8:30,10491,0,3968,4753,408,394,1352,158,485,3052,0,1492,0,1,0,-5592,20,10491
2024/2/14,9:00,10525,0,3572,4579,304,390,1240,157,479,3907,0,1384,0,1,0,-5508,20,10525
2024/2/14,9:30,10379,0,2786,4674,264,388,1218,159,477,4525,0,1349,0,1,19,-5486,24,10398
2024/2/14,10:00,10239,0,2400,4671,252,373,1211,155,482,4873,0,1394,0,1,-3,-5596,23,10236
2024/2/14,10:30,10099,0,2358,4159,238,364,1209,158,481,5199,0,1386,0,1,2,-5474,20,10101
2024/2/14,11:00,10002,0,2398,4069,146,363,1184,155,479,5345,0,1396,0,-1,6,-5548,16,10008
2024/2/14,11:30,9964,0,2580,4187,138,360,1200,160,506,5276,0,1416,0,-213,4,-5666,20,9968
2024/2/14,12:00,9527,0,2498,4255,138,358,1217,159,530,5198,0,1427,0,-435,-39,-5836,18,9488
2024/2/14,12:30,9377,0,2472,4366,138,358,1217,161,515,5126,0,1467,0,-445,-33,-6010,12,9344
2024/2/14,13:00,9675,0,2490,4568,144,358,1211,157,499,4871,0,1399,0,-223,-1,-5818,19,9674
2024/2/14,13:30,9720,0,2460,4802,138,367,1240,161,518,4258,0,1407,0,1,5,-5644,12,9725
2024/2/14,14:00,9683,0,2670,5341,200,379,1264,155,476,3700,0,1380,0,1,20,-5900,17,9703
2024/2/14,14:30,9687,0,3006,5557,246,380,1309,161,519,2957,0,1440,0,1,0,-5904,15,9687
2024/2/14,15:00,9551,0,3234,5618,260,383,1368,156,481,2370,0,1381,0,1,-1,-5718,17,9550
2024/2/14,15:30,9722,0,3752,6123,282,384,1391,158,489,1556,0,1309,0,1,22,-5738,15,9744
2024/2/14,16:00,9818,0,4528,6470,402,388,1503,157,498,644,0,1298,0,1,35,-6096,25,9853
2024/2/14,16:30,9988,0,4978,6570,424,386,1538,160,534,101,0,1340,0,137,1,-6194,14,9989
2024/2/14,17:00,10145,0,5178,6375,494,447,1551,160,499,2,0,1283,0,277,4,-6144,23,10149
2024/2/14,17:30,10152,0,5268,6236,494,491,1562,157,500,0,0,1278,0,285,0,-6138,19,10152
2024/2/14,18:00,10187,0,5400,6232,498,492,1575,160,503,0,0,1294,0,143,-1,-6134,24,10186
2024/2/14,18:30,10012,0,5090,6298,494,491,1574,157,505,0,0,1299,0,141,-1,-6056,19,10011
2024/2/14,19:00,9898,0,5166,6271,496,493,1587,159,510,0,0,1329,0,3,-1,-6136,20,9897
2024/2/14,19:30,9688,0,5158,6088,498,498,1595,158,514,0,0,1280,0,1,-1,-6116,14,9687
2024/2/14,20:00,9542,0,5142,5889,496,497,1610,159,515,0,0,1258,0,1,-1,-6046,21,9541
2024/2/14,20:30,9358,0,5002,5712,492,502,1617,158,507,0,0,1293,0,1,-1,-5944,18,9357
2024/2/14,21:00,9175,0,5030,5644,498,499,1563,160,503,0,0,1274,0,1,-1,-6012,15,9174
2024/2/14,21:30,8765,0,4792,5501,496,491,1567,158,500,0,0,1244,0,1,-1,-5996,11,8764
2024/2/14,22:00,8637,0,4526,5142,434,349,1548,159,500,0,0,1164,0,1,-1,-5204,18,8636
2024/2/14,22:30,8409,0,4528,4966,404,325,1568,157,502,0,0,1075,0,1,-1,-5132,15,8408
2024/2/14,23:00,8386,0,4628,4847,406,333,1555,159,506,0,0,1008,0,1,-1,-5072,15,8385
2024/2/14,23:30,8272,0,4458,4879,404,326,1548,157,509,0,0,919,0,1,-1,-4938,9,8271
2024/2/15,0:00,8093,0,4212,5026,431,306,1523,160,507,0,0,863,0,1,-1,-4942,6,8092
2024/2/15,0:30,7928,0,4096,4838,430,312,1525,159,511,0,0,878,0,1,-1,-4828,6,7927
2024/2/15,1:00,8196,0,4306,5133,428,309,1549,160,499,0,0,961,0,1,-1,-5156,6,8195
2024/2/15,1:30,8200,0,4092,5215,428,315,1546,158,500,0,0,920,0,1,-1,-4982,7,8199
2024/2/15,2:00,8426,0,4298,5364,429,311,1536,161,503,0,0,850,0,1,-1,-5034,7,8425
2024/2/15,2:30,8562,0,4302,5455,432,316,1535,157,503,0,0,866,0,1,-1,-5012,7,8561
2024/2/15,3:00,8706,0,4316,5498,433,315,1531,161,501,0,0,888,0,1,-1,-4944,6,8705
2024/2/15,3:30,8773,0,4174,5567,433,319,1548,158,500,0,0,936,0,1,-1,-4868,5,8772
2024/2/15,4:00,8927,0,4278,5821,515,323,1551,159,500,0,0,1002,0,1,-1,-5228,5,8926
2024/2/15,4:30,8992,0,4224,5790,524,382,1562,158,501,0,0,1090,0,1,-1,-5246,6,8991
2024/2/15,5:00,9189,0,4466,5844,522,383,1582,159,500,0,0,1019,0,1,-1,-5296,9,9188
2024/2/15,5:30,9363,0,4754,5801,526,324,1590,160,505,0,0,908,0,1,-1,-5216,10,9362
2024/2/15,6:00,9546,0,5138,5869,522,410,1526,158,501,0,0,882,0,1,2,-5472,11,9548
2024/2/15,6:30,9554,0,5214,5929,427,417,1432,160,497,95,0,812,0,1,2,-5450,20,9556
2024/2/15,7:00,9441,0,5072,5883,285,352,1377,156,483,470,0,725,0,1,0,-5392,29,9441
2024/2/15,7:30,9679,0,4882,5747,284,450,1338,158,482,1074,0,662,0,1,1,-5422,23,9680
2024/2/15,8:00,10070,0,5418,6014,290,464,1325,156,483,1592,0,560,0,1,9,-6252,19,10079
2024/2/15,8:30,10456,0,5326,6201,287,374,1339,158,480,2061,0,579,0,1,4,-6370,20,10460
2024/2/15,9:00,10506,0,4844,6309,289,363,1297,160,526,2478,0,536,0,1,6,-6316,19,10512
2024/2/15,9:30,10428,0,4094,6328,291,357,1313,163,532,2770,0,478,0,79,18,-6000,23,10446
2024/2/15,10:00,10415,0,3964,6300,287,357,1329,142,477,3154,0,440,0,167,-9,-6224,22,10406
2024/2/15,10:30,10331,0,4016,6173,289,358,1384,145,480,3162,0,448,0,1,-4,-6144,19,10327
2024/2/15,11:00,10149,0,3604,6095,266,440,1410,146,502,3141,0,460,0,1,-3,-5932,16,10146
2024/2/15,11:30,10062,0,3286,5944,174,448,1402,143,482,3555,0,430,0,1,8,-5822,19,10070
2024/2/15,12:00,9689,0,3246,5750,169,357,1416,144,485,3492,0,502,0,1,-26,-5890,17,9663
2024/2/15,12:30,9622,0,3368,5686,173,380,1438,142,483,3308,0,518,0,1,-32,-5886,11,9590
2024/2/15,13:00,10000,0,3534,6322,265,459,1449,148,500,2826,0,586,0,1,-24,-6108,18,9976
2024/2/15,13:30,10029,0,3638,6334,287,454,1450,156,493,2549,0,535,0,1,1,-5880,12,10030
2024/2/15,14:00,10005,0,4064,6747,282,354,1501,158,528,2100,0,511,0,1,-3,-6258,17,10002
2024/2/15,14:30,9982,0,4336,6788,289,449,1542,164,575,1595,0,482,0,1,5,-6254,15,9987
2024/2/15,15:00,9965,0,4630,6928,284,461,1609,158,533,1113,0,447,0,1,-1,-6216,17,9964
2024/2/15,15:30,9983,0,4906,6918,332,467,1631,160,535,776,0,388,0,1,7,-6146,15,9990
2024/2/15,16:00,10019,0,4998,6896,447,469,1723,162,564,443,0,364,0,1,6,-6070,22,10025
2024/2/15,16:30,10210,0,5592,6898,491,464,1748,163,552,116,0,347,0,1,1,-6174,12,10211
2024/2/15,17:00,10201,0,5608,6857,484,467,1771,158,514,7,0,380,0,1,-2,-6068,22,10199
2024/2/15,17:30,10324,0,5728,6866,511,460,1799,161,507,0,0,466,0,1,0,-6194,19,10324
2024/2/15,18:00,10199,0,5424,6616,449,459,1816,159,501,0,0,551,0,1,29,-5800,23,10228
2024/2/15,18:30,10106,0,5328,6566,521,463,1819,161,510,0,0,473,0,1,35,-5754,18,10141
2024/2/15,19:00,9900,0,4956,6405,509,463,1831,160,515,0,0,344,0,1,-1,-5304,20,9899
2024/2/15,19:30,9771,0,5204,6172,525,463,1827,161,511,0,0,346,0,1,-1,-5458,19,9770
2024/2/15,20:00,9622,0,5216,6063,510,459,1843,159,516,0,0,329,0,1,-1,-5494,20,9621
2024/2/15,20:30,9363,0,4960,5907,501,462,1832,161,515,0,0,366,0,1,-1,-5358,16,9362
2024/2/15,21:00,9258,0,5168,6028,522,461,1823,159,511,0,0,314,0,1,-1,-5744,15,9257
2024/2/15,21:30,8882,0,4790,5783,488,459,1833,161,511,0,0,465,0,1,-1,-5620,11,8881
2024/2/15,22:00,8790,0,4490,5456,494,322,1819,161,526,0,0,758,0,1,-1,-5254,17,8789
2024/2/15,22:30,8442,0,4374,4926,497,311,1822,162,526,0,0,886,0,1,-1,-5076,13,8441
2024/2/15,23:00,8607,0,4462,4751,509,302,1798,160,516,0,0,1002,0,1,-1,-4908,14,8606
2024/2/15,23:30,8243,0,3842,4425,484,299,1799,162,508,0,0,1120,0,1,-1,-4406,9,8242
2024/2/16,0:00,8257,0,3776,4293,431,303,1797,160,508,0,0,1118,0,1,-1,-4136,6,8256
2024/2/16,0:30,8225,0,3814,4305,423,296,1794,163,507,0,0,1193,0,1,-1,-4276,5,8224
2024/2/16,1:00,8431,0,3932,4178,429,300,1797,161,506,0,0,1194,0,1,-1,-4072,5,8430
2024/2/16,1:30,8607,0,4038,4201,424,300,1794,163,508,0,0,1173,0,1,-1,-4002,7,8606
2024/2/16,2:00,8833,0,3990,4437,425,304,1792,163,510,0,0,1191,0,1,-1,-3988,8,8832
2024/2/16,2:30,9155,0,4064,4618,424,307,1795,161,507,0,0,1242,0,1,-1,-3972,8,9154
2024/2/16,3:00,9231,0,3938,4926,425,308,1792,163,504,0,0,1341,0,1,-1,-4174,7,9230
2024/2/16,3:30,9323,0,3950,4931,427,307,1795,162,504,0,0,1421,0,1,-1,-4182,7,9322
2024/2/16,4:00,9515,0,3900,5062,426,304,1796,162,503,0,0,1454,0,1,-1,-4100,7,9514
2024/2/16,4:30,9682,0,3994,5173,434,308,1801,161,502,0,0,1445,0,1,-1,-4144,7,9681
2024/2/16,5:00,9909,0,4376,5329,429,304,1794,163,500,0,0,1416,0,1,-1,-4414,11,9908
2024/2/16,5:30,10093,0,4526,5494,430,306,1795,160,501,0,0,1437,0,1,-1,-4568,11,10092
2024/2/16,6:00,10373,0,4982,5751,430,307,1787,163,499,0,0,1443,0,1,5,-5002,12,10378
2024/2/16,6:30,10491,0,4894,5783,434,305,1784,161,499,49,0,1474,0,1,-1,-4914,21,10490
2024/2/16,7:00,10440,0,4438,5661,402,307,1807,162,495,413,0,1448,0,1,0,-4724,30,10440
2024/2/16,7:30,10674,0,4314,5556,432,334,1816,160,486,994,0,1376,0,1,8,-4818,23,10682
2024/2/16,8:00,11018,0,4752,5142,431,349,1835,163,509,1661,0,1342,0,1,4,-5186,19,11022
2024/2/16,8:30,11456,0,4596,5147,408,354,1810,161,473,2544,0,1314,0,1,2,-5374,22,11458
2024/2/16,9:00,11616,0,4610,4868,377,353,1746,148,470,3316,0,1252,0,1,6,-5544,19,11622
2024/2/16,9:30,11463,0,4244,4749,277,345,1749,146,468,3726,0,1295,0,1,0,-5560,23,11463
2024/2/16,10:00,11196,0,3524,4509,182,349,1780,144,469,4291,0,1179,0,1,14,-5254,22,11210
2024/2/16,10:30,11301,0,3778,4474,173,345,1804,147,477,4429,0,1193,0,1,3,-5544,24,11304
2024/2/16,11:00,11108,0,3792,4431,172,344,1855,151,568,4503,0,1208,0,1,7,-5934,17,11115
2024/2/16,11:30,11022,0,3970,4330,173,343,1855,154,534,4532,0,1203,0,1,9,-6092,19,11031
2024/2/16,12:00,10598,0,3794,4298,170,347,1849,162,508,4572,0,1141,0,1,-35,-6262,18,10563
2024/2/16,12:30,10495,0,3568,4357,168,345,1836,159,474,4746,0,1072,0,1,-41,-6242,11,10454
2024/2/16,13:00,10780,0,3706,4754,173,353,1833,159,472,4699,0,1036,0,1,1,-6422,16,10781
2024/2/16,13:30,10838,0,3504,5222,244,352,1838,160,470,4249,0,993,0,1,1,-6208,13,10839
2024/2/16,14:00,10937,0,3908,5394,277,349,1835,158,474,3724,0,941,0,1,7,-6142,18,10944
2024/2/16,14:30,10836,0,4082,5659,291,343,1831,160,472,3220,0,834,0,1,-1,-6076,19,10835
2024/2/16,15:00,10822,0,4478,5957,371,394,1898,159,473,2500,0,776,0,1,6,-6202,17,10828
2024/2/16,15:30,11000,0,5376,6338,389,376,1902,161,469,1638,0,672,0,1,-2,-6338,16,10998
2024/2/16,16:00,11182,0,5836,6646,452,446,1901,159,484,771,0,678,0,1,9,-6216,24,11191
2024/2/16,16:30,11280,0,6288,7033,450,454,1942,167,545,117,0,532,0,1,-4,-6268,19,11276
2024/2/16,17:00,11485,0,6132,7229,443,460,1919,163,501,6,0,442,0,135,5,-5968,23,11490
2024/2/16,17:30,11662,0,6346,7255,486,462,1926,159,503,0,0,363,0,145,-1,-6002,19,11661
2024/2/16,18:00,11561,0,6388,7227,597,455,1928,164,498,0,0,289,0,1,35,-6014,28,11596
2024/2/16,18:30,11481,0,6432,7152,565,463,1927,160,499,0,0,239,0,1,31,-5980,23,11512
2024/2/16,19:00,11244,0,6280,7125,540,459,1910,162,497,0,0,251,0,1,-1,-6002,21,11243
2024/2/16,19:30,11238,0,6240,7177,516,448,1926,161,497,0,0,230,0,1,-1,-5974,16,11237
2024/2/16,20:00,11004,0,6044,7096,447,454,1925,163,496,0,0,231,0,1,-1,-5874,21,11003
2024/2/16,20:30,10831,0,5976,6956,446,450,1913,160,496,0,0,242,0,1,-1,-5826,17,10830
2024/2/16,21:00,10579,0,5798,6805,445,450,1906,163,498,0,0,215,0,1,-1,-5718,16,10578
2024/2/16,21:30,10266,0,5710,6372,445,454,1903,161,498,0,0,191,0,1,-1,-5480,11,10265
2024/2/16,22:00,10046,0,5474,6175,437,320,1903,162,500,0,0,135,0,1,-1,-5080,19,10045
2024/2/16,22:30,9757,0,5196,5944,440,369,1893,161,500,0,0,121,0,1,-1,-4882,14,9756
2024/2/16,23:00,9917,0,5318,6052,439,366,1870,164,500,0,0,129,0,1,-1,-4936,14,9916
2024/2/16,23:30,9626,0,4760,5866,435,369,1848,160,502,0,0,118,0,1,-1,-4442,9,9625
2024/2/17,0:00,9603,0,5186,6017,447,370,1789,163,501,0,0,87,0,1,-1,-4964,6,9602
2024/2/17,0:30,9390,0,5024,5939,436,367,1720,161,500,0,0,75,0,1,-1,-4838,5,9389
2024/2/17,1:00,9569,0,5100,5749,436,368,1695,164,501,0,0,79,0,1,-1,-4530,6,9568
2024/2/17,1:30,9592,0,5178,5779,317,365,1667,162,500,0,0,72,0,1,-1,-4456,7,9591
2024/2/17,2:00,9733,0,5250,6074,199,367,1637,161,502,0,0,56,0,1,-1,-4522,8,9732
2024/2/17,2:30,9800,0,5306,6214,171,367,1619,163,501,0,0,55,0,1,-1,-4604,7,9799
2024/2/17,3:00,9878,0,5300,6166,169,362,1606,160,502,0,0,41,0,1,-1,-4436,7,9877
2024/2/17,3:30,9899,0,5498,6253,170,369,1582,164,501,0,0,37,0,1,-1,-4682,6,9898
2024/2/17,4:00,9999,0,5748,6278,172,363,1573,161,503,0,0,38,0,1,-1,-4844,6,9998
2024/2/17,4:30,9981,0,5446,6444,170,368,1558,163,499,0,0,44,0,1,-1,-4718,6,9980
2024/2/17,5:00,10121,0,5982,6643,169,347,1558,161,501,0,0,48,0,1,-1,-5298,9,10120
2024/2/17,5:30,10135,0,5850,6778,173,368,1562,164,500,0,0,55,0,1,-1,-5326,10,10134
2024/2/17,6:00,10276,0,5520,6843,172,401,1558,160,504,1,0,55,0,1,-1,-4950,11,10275
2024/2/17,6:30,10308,0,5612,6675,174,398,1529,162,484,149,0,61,0,1,4,-4958,21,10312
2024/2/17,7:00,10113,0,5278,6475,171,404,1516,159,473,703,0,75,0,1,-5,-5172,30,10108
2024/2/17,7:30,10160,0,5016,5879,174,428,1509,160,473,1573,0,69,0,1,12,-5146,24,10172
2024/2/17,8:00,10188,0,4934,5816,174,443,1505,160,496,2535,0,80,0,1,2,-5978,22,10190
2024/2/17,8:30,10211,0,4410,5481,171,446,1510,164,516,3509,0,95,0,1,8,-6114,22,10219
2024/2/17,9:00,10121,0,3704,5136,172,438,1511,163,533,4309,0,81,0,1,5,-5950,23,10126
2024/2/17,9:30,9854,0,3164,4738,171,349,1508,165,527,4996,0,60,0,1,1,-5852,27,9855
2024/2/17,10:00,9648,0,2886,4350,168,336,1472,162,503,5564,0,51,0,1,4,-5868,23,9652
2024/2/17,10:30,9412,0,2338,4331,167,290,1452,161,472,5982,0,46,0,1,17,-5850,22,9429
2024/2/17,11:00,9274,0,2506,4135,214,239,1444,157,483,6179,0,32,0,-211,-6,-5924,20,9268
2024/2/17,11:30,9118,0,2512,3960,274,238,1436,161,481,6248,0,32,0,-225,0,-6020,21,9118
2024/2/17,12:00,8798,0,2436,4014,220,236,1435,158,485,6227,0,26,0,-227,-2,-6234,22,8796
2024/2/17,12:30,8604,0,2348,4055,165,243,1431,160,482,6155,0,24,0,-225,-1,-6248,14,8603
2024/2/17,13:00,8631,0,2416,4128,164,254,1458,160,505,5869,0,19,0,-225,5,-6136,19,8636
2024/2/17,13:30,8568,0,2524,4038,164,250,1464,164,527,5361,0,19,0,1,7,-5958,14,8575
2024/2/17,14:00,8480,0,2830,3980,164,256,1503,164,537,4762,0,14,0,1,9,-5750,19,8489
2024/2/17,14:30,8443,0,3146,4058,164,321,1502,161,521,3990,0,14,0,1,-24,-5452,17,8419
2024/2/17,15:00,8429,0,3554,4334,162,350,1495,160,501,2927,0,24,0,1,-33,-5098,19,8396
2024/2/17,15:30,8519,0,4058,4706,163,450,1492,160,477,2057,0,28,0,1,8,-5090,17,8527
2024/2/17,16:00,8686,0,4742,5326,169,452,1483,158,480,1079,0,38,0,1,6,-5266,24,8692
2024/2/17,16:30,9005,0,5308,5907,246,450,1486,160,478,375,0,58,0,1,-4,-5486,22,9001
2024/2/17,17:00,9299,0,5362,6192,278,460,1500,160,516,15,0,75,0,137,1,-5424,28,9300
2024/2/17,17:30,9765,0,5566,6552,357,458,1501,161,509,0,0,111,0,143,18,-5616,23,9783
2024/2/17,18:00,9798,0,5738,6646,441,452,1523,162,511,0,0,136,0,145,36,-5982,26,9834
2024/2/17,18:30,9841,0,5778,6723,442,454,1530,160,507,0,0,152,0,143,4,-6068,20,9845
2024/2/17,19:00,9777,0,5780,6689,441,462,1524,161,508,0,0,161,0,143,-1,-6114,22,9776
2024/2/17,19:30,9675,0,5728,6604,438,457,1526,159,505,0,0,169,0,143,-1,-6070,16,9674
2024/2/17,20:00,9538,0,5696,6566,438,458,1532,161,508,0,0,157,0,1,-1,-5998,19,9537
2024/2/17,20:30,9432,0,5694,6529,437,461,1523,159,507,0,0,175,0,1,-1,-6072,18,9431
2024/2/17,21:00,9297,0,5632,6434,436,457,1487,160,510,0,0,196,0,1,-1,-6032,16,9296
2024/2/17,21:30,8980,0,5532,6168,439,462,1476,160,506,0,0,208,0,1,-1,-5982,10,8979
2024/2/17,22:00,8849,0,4780,5659,435,390,1442,161,508,0,0,241,0,1,-1,-4788,20,8848
2024/2/17,22:30,8558,0,4766,5201,430,384,1421,159,507,0,0,258,0,1,-1,-4582,13,8557
2024/2/17,23:00,8679,0,4568,5119,433,380,1361,161,510,0,0,261,0,1,-1,-4130,15,8678
2024/2/17,23:30,8636,0,4222,5293,344,374,1309,161,511,0,0,293,0,1,-1,-3882,10,8635
2024/2/18,0:00,8573,0,5010,5791,239,382,1265,162,514,0,0,317,0,1,-1,-5114,6,8572
2024/2/18,0:30,8403,0,4738,5714,168,377,1261,160,513,0,0,321,0,1,-1,-4856,6,8402
2024/2/18,1:00,8589,0,4588,5692,168,374,1261,162,504,0,0,319,0,1,-1,-4486,6,8588
2024/2/18,1:30,8615,0,4470,5701,167,373,1256,159,506,0,0,311,0,1,-1,-4336,7,8614
2024/2/18,2:00,8773,0,4416,5561,168,370,1254,162,501,0,0,340,0,1,-1,-4008,8,8772
2024/2/18,2:30,8933,0,4486,5681,168,370,1253,160,505,0,0,382,0,1,-1,-4080,7,8932
2024/2/18,3:00,9006,0,4418,5621,173,370,1250,162,505,0,0,417,0,1,-1,-3918,7,9005
2024/2/18,3:30,9026,0,4492,5662,169,375,1255,160,502,0,0,404,0,1,-1,-4000,6,9025
2024/2/18,4:00,9111,0,4626,5690,170,346,1259,162,502,0,0,385,0,1,-1,-4036,6,9110
2024/2/18,4:30,9134,0,4628,5685,170,363,1257,160,500,0,0,385,0,1,-1,-4022,7,9133
2024/2/18,5:00,9175,0,5108,5541,170,299,1253,162,503,0,0,391,0,1,-1,-4262,9,9174
2024/2/18,5:30,9137,0,5028,5443,171,297,1260,160,500,0,0,388,0,1,-1,-4122,11,9136
2024/2/18,6:00,9195,0,4900,5219,170,393,1260,163,502,2,0,390,0,1,3,-3816,11,9198
2024/2/18,6:30,9103,0,4776,5090,171,397,1244,158,481,192,0,345,0,1,7,-3770,18,9110
2024/2/18,7:00,8848,0,4518,4885,169,388,1243,159,473,821,0,318,0,1,-1,-4156,29,8847
2024/2/18,7:30,8772,0,4070,4636,172,344,1241,158,472,1785,0,333,0,1,7,-4464,24,8779
2024/2/18,8:00,8712,0,3748,4438,168,401,1236,157,472,2854,0,325,0,1,2,-5110,22,8714
2024/2/18,8:30,8472,0,3016,3961,174,396,1246,160,488,3787,0,324,0,1,6,-5102,21,8478
2024/2/18,9:00,8417,0,2384,3585,168,307,1253,160,505,4621,0,267,0,1,9,-4856,22,8426
2024/2/18,9:30,8319,0,2314,3365,167,293,1245,162,505,5264,0,215,0,1,11,-5236,24,8330
2024/2/18,10:00,8146,0,2462,2800,167,266,1232,159,487,5782,0,198,0,1,8,-5432,24,8154
2024/2/18,10:30,7920,0,2336,2293,164,249,1226,159,478,6118,0,151,0,-1,-1,-5276,23,7919
2024/2/18,11:00,7797,0,2456,2293,165,245,1225,157,481,6283,0,184,0,-213,-1,-5496,17,7796
2024/2/18,11:30,7791,0,2328,2316,163,246,1219,159,483,6360,0,216,0,-229,-5,-5492,22,7786
2024/2/18,12:00,7669,0,2646,2322,165,244,1220,156,482,6273,0,213,0,-433,1,-5640,21,7670
2024/2/18,12:30,7529,0,2674,2318,177,245,1212,158,483,6137,0,210,0,-447,5,-5650,12,7534
2024/2/18,13:00,7425,0,2432,2289,263,241,1217,157,491,5904,0,194,0,-225,-1,-5556,18,7424
2024/2/18,13:30,7292,0,2498,2208,258,245,1242,161,525,5424,0,189,0,-225,5,-5246,13,7297
2024/2/18,14:00,7280,0,2038,2706,168,349,1260,161,538,4833,0,196,0,1,-34,-4990,20,7246
2024/2/18,14:30,7169,0,1986,3088,159,336,1279,164,537,4043,0,187,0,1,-37,-4632,21,7132
2024/2/18,15:00,7229,0,2428,3281,159,292,1323,158,500,3192,0,189,0,1,-2,-4312,18,7227
2024/2/18,15:30,7206,0,2892,3686,163,362,1326,157,474,2160,0,169,0,1,1,-4204,20,7207
2024/2/18,16:00,7412,0,3684,4181,161,322,1445,157,473,1123,0,149,0,1,1,-4304,20,7413
2024/2/18,16:30,7831,0,4470,4643,224,393,1483,156,474,361,0,151,0,1,38,-4548,23,7869
2024/2/18,17:00,8182,0,4802,5486,275,390,1554,160,503,15,0,186,0,141,34,-5354,24,8216
2024/2/18,17:30,8719,0,4862,5975,318,391,1596,158,498,0,0,201,0,149,2,-5450,21,8721
2024/2/18,18:00,8789,0,4522,5870,437,393,1638,160,497,0,0,223,0,141,-1,-5116,24,8788
2024/2/18,18:30,8813,0,4732,5705,435,398,1654,157,496,0,0,256,0,143,-1,-5182,19,8812
2024/2/18,19:00,8761,0,5042,5237,436,398,1668,161,498,0,0,288,0,141,-1,-5128,20,8760
2024/2/18,19:30,8685,0,5070,5116,436,392,1674,158,498,0,0,303,0,143,-1,-5120,15,8684
2024/2/18,20:00,8497,0,5010,5128,429,399,1680,160,497,0,0,342,0,1,-1,-5168,19,8496
2024/2/18,20:30,8464,0,5010,5125,434,399,1680,158,497,0,0,375,0,1,-1,-5232,17,8463
2024/2/18,21:00,8262,0,4920,4960,434,395,1686,159,496,0,0,412,0,1,-1,-5216,15,8261
2024/2/18,21:30,7955,0,4462,4905,428,396,1692,159,496,0,0,412,0,1,-1,-5004,8,7954
2024/2/18,22:00,7857,0,4184,4868,433,340,1685,160,496,0,0,436,0,1,-1,-4764,18,7856
2024/2/18,22:30,7466,0,3612,4758,428,367,1690,157,499,0,0,409,0,1,-1,-4468,13,7465
2024/2/18,23:00,7660,0,3630,4551,429,365,1685,159,490,0,0,408,0,1,-1,-4072,14,7659
2024/2/18,23:30,7441,0,3564,4279,428,302,1691,162,488,0,0,453,0,1,-1,-3936,9,7440
2024/2/19,0:00,7466,0,3608,4137,431,293,1668,158,489,0,0,492,0,1,-1,-3816,5,7465
2024/2/19,0:30,7347,0,3436,4021,423,292,1664,160,490,0,0,521,0,1,-1,-3666,5,7346
2024/2/19,1:00,7492,0,3614,3947,427,293,1666,159,491,0,0,565,0,1,-1,-3676,5,7491
2024/2/19,1:30,7728,0,3838,4069,430,295,1662,160,492,0,0,585,0,1,-1,-3810,6,7727
2024/2/19,2:00,7842,0,4062,4266,429,291,1678,158,490,0,0,600,0,1,-1,-4140,7,7841
2024/2/19,2:30,8058,0,4348,4298,433,293,1673,160,490,0,0,632,0,1,-1,-4276,6,8057
2024/2/19,3:00,8187,0,4292,4519,427,292,1660,159,489,0,0,660,0,1,-1,-4318,6,8186
2024/2/19,3:30,8275,0,4086,4804,431,295,1660,160,491,0,0,630,0,1,-1,-4288,5,8274
2024/2/19,4:00,8481,0,4372,4852,435,289,1658,160,492,0,0,629,0,1,-1,-4412,5,8480
2024/2/19,4:30,8514,0,4084,4991,430,294,1664,158,488,0,0,636,0,1,-1,-4238,6,8513
2024/2/19,5:00,8807,0,4370,5240,434,293,1706,160,486,0,0,649,0,1,-1,-4540,8,8806
2024/2/19,5:30,8992,0,4524,5278,432,298,1703,159,487,0,0,653,0,1,-1,-4552,9,8991
2024/2/19,6:00,9284,0,4804,5484,433,302,1702,161,488,1,0,619,0,1,1,-4722,11,9285
2024/2/19,6:30,9288,0,4768,5494,433,301,1720,159,498,120,0,652,0,1,3,-4876,18,9291
2024/2/19,7:00,9193,0,4180,5322,364,299,1764,160,483,574,0,656,0,1,1,-4636,26,9194
2024/2/19,7:30,9258,0,3918,5044,404,322,1777,159,494,1247,0,636,0,1,7,-4766,22,9265
2024/2/19,8:00,9728,0,4480,5104,297,337,1773,160,488,2081,0,587,0,1,5,-5598,18,9733
2024/2/19,8:30,10038,0,4582,5005,179,332,1758,157,458,2817,0,493,0,1,1,-5762,18,10039
2024/2/19,9:00,10048,0,4018,5224,169,334,1679,155,457,3311,0,447,0,1,5,-5764,17,10053
2024/2/19,9:30,9994,0,3342,5326,169,332,1677,154,458,3806,0,439,0,1,6,-5730,20,10000
2024/2/19,10:00,9823,0,2926,5350,166,315,1667,157,458,4010,0,426,0,1,1,-5674,21,9824
2024/2/19,10:30,9774,0,2744,5293,168,307,1662,158,461,4115,0,436,0,1,0,-5588,17,9774
2024/2/19,11:00,9698,0,2658,5368,166,310,1605,156,470,4101,0,471,0,1,2,-5622,14,9700
2024/2/19,11:30,9572,0,2504,5383,168,312,1623,158,494,3946,0,560,0,1,0,-5594,17,9572
2024/2/19,12:00,9172,0,2502,5117,168,314,1609,158,473,3797,0,619,0,1,3,-5602,16,9175
2024/2/19,12:30,9042,0,2682,5312,164,320,1632,158,502,3193,0,649,0,1,2,-5580,9,9044
2024/2/19,13:00,9543,0,3204,5856,242,327,1631,161,512,2577,0,587,0,1,1,-5572,17,9544
2024/2/19,13:30,9521,0,3406,6193,276,321,1618,156,485,2107,0,517,0,1,1,-5570,11,9522
2024/2/19,14:00,9568,0,3558,6440,302,385,1628,154,469,1630,0,586,0,1,0,-5600,15,9568
2024/2/19,14:30,9500,0,3702,6561,280,444,1660,159,502,1058,0,590,0,1,3,-5470,13,9503
2024/2/19,15:00,9538,0,4310,6573,309,357,1654,155,466,789,0,547,0,2,-18,-5640,16,9520
2024/2/19,15:30,9700,0,4708,6489,433,439,1696,159,464,471,0,537,0,2,-39,-5714,16,9661
2024/2/19,16:00,9764,0,4892,6488,448,440,1847,159,484,204,0,459,0,2,-22,-5682,23,9742
2024/2/19,16:30,9823,0,5180,6347,552,436,1870,161,500,35,0,473,0,2,12,-5746,13,9835
2024/2/19,17:00,9823,0,5262,6368,595,436,1866,158,494,0,0,527,0,2,36,-5908,23,9859
2024/2/19,17:30,9845,0,5314,6295,599,441,1885,160,494,0,0,533,0,2,21,-5898,20,9866
2024/2/19,18:00,9765,0,5156,5991,597,442,1892,159,496,0,0,598,0,2,-1,-5592,24,9764
2024/2/19,18:30,9646,0,5090,5908,521,445,1887,159,498,0,0,650,0,2,-1,-5532,18,9645
2024/2/19,19:00,9441,0,5034,5706,514,439,1882,161,498,0,0,733,0,2,-1,-5548,20,9440
2024/2/19,19:30,9237,0,4840,5579,511,444,1911,159,500,0,0,724,0,2,-1,-5448,15,9236
2024/2/19,20:00,9035,0,4810,5356,511,354,1916,160,494,0,0,753,0,2,-1,-5340,19,9034
2024/2/19,20:30,8838,0,4828,5114,451,353,1914,159,490,0,0,792,0,2,-1,-5282,17,8837
2024/2/19,21:00,8670,0,4986,4763,436,421,1907,160,490,0,0,814,0,2,-1,-5324,15,8669
2024/2/19,21:30,8291,0,4644,4693,435,357,1893,158,493,0,0,878,0,2,-1,-5272,10,8290
2024/2/19,22:00,8182,0,3882,4583,494,312,1890,161,496,0,0,914,0,2,-1,-4570,18,8181
2024/2/19,22:30,7968,0,4120,4165,548,305,1890,160,500,0,0,942,0,2,-1,-4678,14,7967
2024/2/19,23:00,7926,0,4026,4229,555,304,1841,159,499,0,0,995,0,2,-1,-4698,14,7925
2024/2/19,23:30,7836,0,3852,4291,444,309,1841,161,499,0,0,1076,0,2,-1,-4648,9,7835
2024/2/20,0:00,7623,0,3894,4183,425,302,1821,159,497,0,0,1163,0,2,-1,-4828,5,7622
2024/2/20,0:30,7565,0,3696,4110,429,303,1810,161,498,0,0,1233,0,2,-1,-4682,5,7564
2024/2/20,1:00,7722,0,3784,4136,433,300,1807,159,489,0,0,1275,0,2,-1,-4668,5,7721
2024/2/20,1:30,7833,0,3862,4183,431,300,1808,162,489,0,0,1243,0,2,-1,-4654,7,7832
2024/2/20,2:00,7959,0,3974,4326,432,300,1787,159,495,0,0,1349,0,2,-1,-4872,7,7958
2024/2/20,2:30,8120,0,3976,4504,435,299,1774,161,490,0,0,1391,0,2,-1,-4918,6,8119
2024/2/20,3:00,8266,0,4038,4535,430,296,1791,159,485,0,0,1518,0,2,-1,-4994,6,8265
2024/2/20,3:30,8314,0,4082,4501,433,293,1790,161,482,0,0,1601,0,2,-1,-5036,5,8313
2024/2/20,4:00,8435,0,4250,4506,435,293,1800,159,486,0,0,1559,0,2,-1,-5060,5,8434
2024/2/20,4:30,8472,0,4174,4664,438,296,1795,159,485,0,0,1465,0,2,-1,-5012,6,8471
2024/2/20,5:00,8545,0,4234,4873,435,291,1788,161,483,0,0,1388,0,2,-1,-5118,8,8544
2024/2/20,5:30,8574,0,4282,4885,431,296,1777,159,482,0,0,1407,0,2,-1,-5156,9,8573
2024/2/20,6:00,8766,0,4548,4817,433,305,1764,162,484,0,0,1483,0,2,0,-5242,10,8766
2024/2/20,6:30,8830,0,4658,4798,439,297,1771,161,493,23,0,1493,0,2,2,-5324,19,8832
2024/2/20,7:00,8897,0,4476,4761,439,325,1817,163,488,169,0,1479,0,2,-1,-5250,28,8896
2024/2/20,7:30,9188,0,4638,4638,441,330,1804,161,493,325,0,1465,0,2,8,-5132,23,9196
2024/2/20,8:00,9704,0,4796,4766,447,349,1827,169,563,473,0,1429,0,2,1,-5136,19,9705
2024/2/20,8:30,10214,0,4724,5028,447,347,1781,157,461,1018,0,1308,0,2,-1,-5078,19,10213
2024/2/20,9:00,10397,0,3964,4919,403,357,1779,160,455,1401,0,1321,0,2,5,-4384,20,10402
2024/2/20,9:30,10400,0,3268,4805,281,352,1770,158,459,1905,0,1313,0,2,10,-3936,23,10410
2024/2/20,10:00,10371,0,3030,4668,189,349,1766,152,459,2416,0,1318,0,2,7,-4000,22,10378
2024/2/20,10:30,10412,0,3372,4581,173,346,1755,145,459,2567,0,1336,0,2,3,-4344,20,10415
2024/2/20,11:00,10332,0,3392,4501,173,346,1737,147,468,2665,0,1305,0,2,12,-4420,16,10344
2024/2/20,11:30,10242,0,3242,4461,173,342,1734,147,471,2868,0,1338,0,2,0,-4556,20,10242
2024/2/20,12:00,9739,0,2794,4298,173,342,1752,150,476,3458,0,1294,0,2,-33,-5018,18,9706
2024/2/20,12:30,9864,0,3220,4342,171,341,1759,148,477,3583,0,1292,0,2,-36,-5482,11,9828
2024/2/20,13:00,10104,0,3466,4507,174,340,1771,150,471,3478,0,1256,0,2,-2,-5530,19,10102
2024/2/20,13:30,10205,0,3580,4772,172,340,1774,148,471,3220,0,1198,0,2,2,-5484,12,10207
2024/2/20,14:00,10197,0,3806,4861,172,344,1782,150,487,2939,0,1174,0,2,-1,-5538,18,10196
2024/2/20,14:30,10054,0,3788,4963,196,346,1893,162,687,2157,0,1262,0,2,5,-5416,14,10059
2024/2/20,15:00,10094,0,3968,5167,274,346,1857,160,605,1828,0,1294,0,2,-7,-5424,17,10087
2024/2/20,15:30,10187,0,4414,5580,295,347,1838,165,542,1267,0,1264,0,2,-1,-5542,15,10186
2024/2/20,16:00,10441,0,4872,5953,421,350,1892,169,530,643,0,1252,0,2,0,-5666,23,10441
2024/2/20,16:30,10472,0,5016,6090,516,358,1921,168,543,136,0,1205,0,2,2,-5494,11,10474
2024/2/20,17:00,10595,0,5180,6110,536,356,1901,166,493,10,0,1125,0,2,35,-5306,22,10630
2024/2/20,17:30,10805,0,5582,6216,545,354,1892,162,488,0,0,1065,0,2,35,-5520,19,10840
2024/2/20,18:00,10680,0,5602,6275,554,350,1921,166,487,0,0,1023,0,2,7,-5724,24,10687
2024/2/20,18:30,10648,0,5552,6334,547,352,1937,163,487,0,0,1003,0,2,-1,-5748,19,10647
2024/2/20,19:00,10490,0,5274,6284,458,357,1939,165,488,0,0,971,0,2,-1,-5472,24,10489
2024/2/20,19:30,10233,0,4938,6173,434,380,1938,164,493,0,0,911,0,2,-1,-5214,14,10232
2024/2/20,20:00,10089,0,4980,5936,435,369,1935,165,494,0,0,859,0,2,-1,-5106,20,10088
2024/2/20,20:30,9907,0,5032,5712,426,376,1940,163,491,0,0,800,0,2,-1,-5052,17,9906
2024/2/20,21:00,9598,0,4798,5483,368,355,1936,163,488,0,0,798,0,2,-1,-4808,15,9597
2024/2/20,21:30,9392,0,4846,5353,401,346,1935,164,486,0,0,791,0,2,-1,-4942,10,9391
2024/2/20,22:00,9109,0,4784,4955,291,299,1928,166,491,0,0,771,0,2,-1,-4596,18,9108
2024/2/20,22:30,8842,0,4846,4571,278,292,1915,163,488,0,0,829,0,2,-1,-4556,14,8841
2024/2/20,23:00,8841,0,4876,4460,279,292,1852,166,481,0,0,859,0,2,-1,-4440,14,8840
2024/2/20,23:30,8744,0,4716,4443,242,287,1852,166,480,0,0,841,0,2,-1,-4294,9,8743
2024/2/21,0:00,8549,0,4306,4317,163,344,1866,163,484,0,0,809,0,2,-1,-3910,5,8548
2024/2/21,0:30,8494,0,4326,4308,166,286,1861,166,480,0,0,720,0,2,-1,-3826,5,8493
2024/2/21,1:00,8720,0,4356,4323,164,288,1863,164,486,0,0,577,0,2,-39,-3508,5,8681
2024/2/21,1:30,8845,0,4540,4424,166,283,1865,166,487,0,0,550,0,2,-39,-3644,6,8806
2024/2/21,2:00,8909,0,4460,4511,165,286,1860,164,485,0,0,529,0,2,-4,-3560,7,8905
2024/2/21,2:30,9044,0,4450,4595,167,290,1860,167,485,0,0,516,0,2,-1,-3494,6,9043
2024/2/21,3:00,9099,0,3972,4787,165,301,1858,163,484,0,0,524,0,2,-1,-3162,5,9098
2024/2/21,3:30,9247,0,4064,4863,170,360,1858,166,482,0,0,509,0,2,-1,-3232,5,9246
2024/2/21,4:00,9309,0,3880,5118,169,362,1869,165,481,0,0,493,0,2,-1,-3236,6,9308
2024/2/21,4:30,9409,0,4136,5253,167,344,1875,166,483,0,0,395,0,2,-1,-3418,6,9408
2024/2/21,5:00,9549,0,4936,5245,170,360,1874,165,484,0,0,322,0,2,-1,-4018,9,9548
2024/2/21,5:30,9834,0,5098,5578,170,372,1879,166,483,0,0,259,0,2,-1,-4182,9,9833
2024/2/21,6:00,10137,0,5202,5653,171,400,1874,163,489,1,0,197,0,2,2,-4026,11,10139
2024/2/21,6:30,10412,0,5316,5810,174,408,1882,166,484,21,0,191,0,2,-1,-4062,20,10411
2024/2/21,7:00,10476,0,5486,5803,172,402,1921,163,466,121,0,197,0,2,10,-4286,29,10486
2024/2/21,7:30,10922,0,5580,6142,175,436,1916,164,453,223,0,152,0,2,16,-4344,23,10938
2024/2/21,8:00,11490,0,6204,6763,178,449,1934,163,481,246,0,141,0,2,37,-5090,19,11527
2024/2/21,8:30,12139,0,6708,7157,181,446,1932,166,479,375,0,125,0,2,39,-5452,20,12178
2024/2/21,9:00,12420,0,6880,7191,231,450,1910,164,473,476,0,110,0,2,0,-5486,19,12420
2024/2/21,9:30,12342,0,6574,7162,283,443,1908,165,458,643,0,85,0,2,9,-5404,23,12351
2024/2/21,10:00,12340,0,5952,7146,299,441,1915,162,463,687,0,92,0,2,8,-4842,23,12348
2024/2/21,10:30,12271,0,5852,7071,290,445,1925,165,475,576,0,116,0,2,2,-4666,20,12273
2024/2/21,11:00,12305,0,5946,6998,288,448,1877,164,493,515,0,118,0,2,-1,-4560,16,12304
2024/2/21,11:30,12328,0,6216,7036,291,447,1882,164,472,660,0,110,0,2,-2,-4972,20,12326
2024/2/21,12:00,11741,0,5298,6708,288,444,1896,163,488,595,0,117,0,2,0,-4276,18,11741
2024/2/21,12:30,11719,0,5306,6661,289,450,1899,165,486,526,0,110,0,2,-38,-4186,11,11681
2024/2/21,13:00,12102,0,6004,6891,289,448,1940,163,482,473,0,146,0,2,-29,-4754,18,12073
2024/2/21,13:30,12131,0,6000,7077,288,446,1941,166,488,430,0,191,0,2,6,-4910,12,12137
2024/2/21,14:00,12044,0,5798,7073,292,446,1941,163,478,360,0,234,0,2,7,-4760,17,12051
2024/2/21,14:30,12128,0,6062,7165,290,447,1935,166,478,254,0,262,0,2,-5,-4948,15,12123
2024/2/21,15:00,12004,0,6078,7170,286,442,1936,163,482,165,0,285,0,2,3,-5022,17,12007
2024/2/21,15:30,12217,0,6184,7200,311,441,1946,165,481,78,0,264,0,2,-1,-4870,15,12216
2024/2/21,16:00,12314,0,6394,7165,443,453,1984,163,478,29,0,252,0,2,3,-5072,23,12317
2024/2/21,16:30,12456,0,6544,7181,424,452,1987,166,482,3,0,273,0,2,1,-5070,12,12457
2024/2/21,17:00,12361,0,6474,7224,348,453,1985,164,480,0,0,248,0,2,28,-5040,23,12389
2024/2/21,17:30,12455,0,6712,7228,353,451,1985,166,480,0,0,197,0,2,36,-5138,19,12491
2024/2/21,18:00,12413,0,6800,7248,351,451,1980,164,479,0,0,153,0,2,4,-5242,27,12417
2024/2/21,18:30,12333,0,6726,7236,353,451,1982,167,478,0,0,135,0,2,-1,-5218,21,12332
2024/2/21,19:00,12095,0,6338,7090,349,447,1984,163,475,0,0,154,0,2,-1,-4928,21,12094
2024/2/21,19:30,11909,0,6204,6952,281,448,1990,167,477,0,0,167,0,2,-1,-4796,17,11908
2024/2/21,20:00,11734,0,6214,6905,186,449,1978,166,478,0,0,212,0,2,-1,-4876,20,11733
2024/2/21,20:30,11523,0,6138,6897,176,447,1984,163,478,0,0,240,0,2,-1,-5018,16,11522
2024/2/21,21:00,11209,0,5712,6633,173,446,1988,166,476,0,0,274,0,2,-1,-4678,17,11208
2024/2/21,21:30,10874,0,5426,6529,175,442,1987,165,481,0,0,274,0,2,-1,-4618,11,10873
2024/2/21,22:00,10622,0,5430,6413,169,369,1986,166,479,0,0,271,0,2,-1,-4682,19,10621
2024/2/21,22:30,10164,0,5240,6124,172,358,1983,164,482,0,0,291,0,2,-1,-4666,14,10163
2024/2/21,23:00,10259,0,5232,5740,172,359,1886,166,481,0,0,306,0,2,-1,-4100,15,10258
2024/2/21,23:30,9881,0,4592,5386,169,356,1884,164,483,0,0,332,0,2,-1,-3496,9,9880
2024/2/22,0:00,9869,0,4862,5395,166,355,1906,166,478,0,0,347,0,2,-1,-3814,6,9868
2024/2/22,0:30,9602,0,4722,5208,165,357,1899,165,480,0,0,322,0,2,-1,-3724,6,9601
2024/2/22,1:00,9804,0,4806,5165,169,358,1898,166,465,0,0,340,0,2,-1,-3570,5,9803
2024/2/22,1:30,9837,0,4760,5173,166,353,1898,163,467,0,0,338,0,2,-1,-3490,7,9836
2024/2/22,2:00,9944,0,4668,5302,168,360,1892,166,463,0,0,306,0,2,-1,-3390,7,9943
2024/2/22,2:30,10107,0,4614,5432,169,358,1896,163,465,0,0,325,0,2,-1,-3324,7,10106
2024/2/22,3:00,10141,0,4708,5427,169,355,1888,166,463,0,0,373,0,2,-1,-3416,6,10140
2024/2/22,3:30,10257,0,4822,5509,170,358,1871,164,464,0,0,402,0,2,-1,-3510,5,10256
2024/2/22,4:00,10326,0,4922,5573,169,353,1866,166,461,0,0,451,0,2,-1,-3642,5,10325
2024/2/22,4:30,10531,0,5050,5687,171,358,1866,164,459,0,0,428,0,2,-1,-3660,6,10530
2024/2/22,5:00,10891,0,5352,5767,173,352,1856,166,460,0,0,444,0,2,-1,-3690,9,10890
2024/2/22,5:30,11193,0,5390,5958,175,356,1846,164,461,0,0,413,0,2,-1,-3582,10,11192
2024/2/22,6:00,11605,0,5888,6363,172,386,1880,166,462,0,0,444,0,2,1,-4170,12,11606
2024/2/22,6:30,11836,0,6084,6696,176,393,1886,161,452,22,0,433,0,2,5,-4490,21,11841
2024/2/22,7:00,11781,0,5970,6572,176,400,1942,165,448,46,0,376,0,2,1,-4346,30,11782
2024/2/22,7:30,12129,0,6092,6645,179,433,1949,162,444,70,0,382,0,2,-22,-4252,23,12107
2024/2/22,8:00,12821,0,6606,7047,209,445,1960,164,439,104,0,407,0,2,0,-4582,20,12821
2024/2/22,8:30,13173,0,6494,7169,286,446,1956,162,442,114,0,506,0,2,8,-4426,22,13181
2024/2/22,9:00,13452,0,6608,7203,297,445,1950,165,447,121,0,543,0,2,1,-4350,21,13453
2024/2/22,9:30,13282,0,6222,7137,293,443,1948,164,450,172,0,557,0,2,-1,-4130,24,13281
2024/2/22,10:00,13107,0,6068,6947,291,443,1897,163,448,283,0,614,0,2,0,-4074,25,13107
2024/2/22,10:30,13008,0,6024,6681,292,441,1894,164,442,380,0,624,0,2,2,-3960,24,13010
2024/2/22,11:00,12871,0,5684,6658,249,447,1896,161,450,514,0,711,0,2,5,-3920,19,12876
2024/2/22,11:30,12806,0,5838,6663,183,443,1897,164,451,686,0,668,0,2,5,-4210,21,12811
2024/2/22,12:00,12294,0,5324,6210,183,446,1874,162,471,653,0,664,0,2,-38,-3714,19,12256
2024/2/22,12:30,12059,0,5232,6091,182,456,1887,166,488,624,0,621,0,2,-17,-3702,12,12042
2024/2/22,13:00,12395,0,5622,6197,176,446,1903,163,491,751,0,667,0,2,3,-4042,19,12398
2024/2/22,13:30,12254,0,5588,6191,180,445,1901,167,491,776,0,685,0,2,7,-4184,12,12261
2024/2/22,14:00,12159,0,5644,6269,179,450,1888,164,483,819,0,719,0,2,5,-4478,20,12164
2024/2/22,14:30,12115,0,5798,6520,178,453,1902,168,497,634,0,723,0,2,0,-4780,20,12115
2024/2/22,15:00,11976,0,6036,6639,178,456,1916,165,502,508,0,800,0,2,0,-5244,18,11976
2024/2/22,15:30,12159,0,6300,6972,215,451,1917,167,502,346,0,856,0,2,4,-5586,17,12163
2024/2/22,16:00,12197,0,6508,6950,274,452,1944,163,479,205,0,877,0,2,2,-5680,23,12199
2024/2/22,16:30,12225,0,6540,7127,310,453,1941,165,474,92,0,916,0,2,1,-5816,21,12226
2024/2/22,17:00,12223,0,6890,7165,351,448,1968,163,483,10,0,840,0,2,44,-6122,25,12267
2024/2/22,17:30,12400,0,7036,7150,442,448,1973,166,483,0,0,850,0,2,27,-6170,20,12427
2024/2/22,18:00,12383,0,7048,7131,447,450,1974,162,484,0,0,835,0,2,-1,-6176,26,12382
2024/2/22,18:30,12169,0,6882,7077,449,446,1967,165,480,0,0,772,0,2,-1,-6092,21,12168
2024/2/22,19:00,11975,0,6646,6963,395,453,1955,163,484,0,0,727,0,2,-1,-5838,25,11974
2024/2/22,19:30,11796,0,6474,7050,383,455,1960,166,482,0,0,695,0,2,-1,-5892,21,11795
2024/2/22,20:00,11498,0,6346,6913,328,447,1937,163,484,0,0,635,0,2,-1,-5780,23,11497
2024/2/22,20:30,11352,0,6442,6875,339,452,1938,165,482,0,0,605,0,2,-1,-5966,18,11351
2024/2/22,21:00,11072,0,6316,6778,344,447,1935,164,481,0,0,514,0,2,-1,-5926,17,11071
2024/2/22,21:30,10663,0,5852,6705,344,444,1934,165,485,0,0,462,0,2,-1,-5742,12,10662
2024/2/22,22:00,10458,0,5732,6219,331,371,1914,162,484,0,0,445,0,2,-1,-5222,20,10457
2024/2/22,22:30,10078,0,5578,6034,279,363,1912,166,484,0,0,428,0,2,-1,-5182,14,10077
2024/2/22,23:00,10222,0,5396,5920,286,357,1916,166,484,0,0,421,0,2,-1,-4742,16,10221
2024/2/22,23:30,9937,0,4974,5850,222,360,1905,164,484,0,0,381,0,2,-1,-4416,11,9936
2024/2/23,0:00,9886,0,4984,6180,168,360,1826,167,488,0,0,334,0,2,-1,-4630,7,9885
2024/2/23,0:30,9501,0,4212,5970,167,367,1822,164,483,0,0,359,0,2,-1,-4052,7,9500
2024/2/23,1:00,9693,0,4504,5633,167,370,1822,166,476,0,0,352,0,2,-1,-3806,7,9692
2024/2/23,1:30,9796,0,4606,5589,167,365,1811,164,478,0,0,305,0,2,-1,-3700,9,9795
2024/2/23,2:00,9860,0,4630,5739,168,372,1809,166,477,0,0,294,0,2,-1,-3806,9,9859
2024/2/23,2:30,9883,0,4604,5749,171,369,1813,163,474,0,0,288,0,2,-1,-3758,8,9882
2024/2/23,3:00,10020,0,4638,5780,169,371,1819,166,477,0,0,265,0,2,-1,-3674,7,10019
2024/2/23,3:30,9894,0,4468,5557,172,371,1812,164,477,0,0,250,0,2,-1,-3386,7,9893
2024/2/23,4:00,10012,0,4646,5933,168,373,1821,165,471,0,0,209,0,2,-1,-3782,6,10011
2024/2/23,4:30,9985,0,4646,5956,168,376,1819,165,470,0,0,150,0,2,-1,-3774,7,9984
2024/2/23,5:00,10050,0,5008,5901,170,370,1854,166,470,0,0,125,0,2,-1,-4026,10,10049
2024/2/23,5:30,10108,0,5236,5843,172,370,1853,165,471,0,0,119,0,2,-1,-4134,11,10107
2024/2/23,6:00,10227,0,5450,6068,171,401,1854,165,473,1,0,98,0,2,5,-4468,12,10232
2024/2/23,6:30,10383,0,5518,6474,171,403,1855,164,476,8,0,94,0,2,2,-4804,22,10385
2024/2/23,7:00,10351,0,5450,6504,174,402,1933,167,485,38,0,92,0,2,5,-4926,30,10356
2024/2/23,7:30,10667,0,5526,6717,173,404,1942,165,496,100,0,103,0,2,-1,-4986,25,10666
2024/2/23,8:00,11063,0,6016,6873,174,406,1943,168,503,174,0,123,0,2,11,-5342,23,11074
2024/2/23,8:30,11422,0,6026,7221,177,408,1947,167,513,260,0,147,0,2,7,-5470,24,11429
2024/2/23,9:00,11593,0,6366,7222,223,403,1928,171,530,279,0,148,0,2,8,-5704,25,11601
2024/2/23,9:30,11512,0,6202,7139,278,404,1915,168,546,347,0,125,0,2,-1,-5640,26,11511
2024/2/23,10:00,11328,0,6082,6892,292,402,1846,172,541,478,0,188,0,2,4,-5592,25,11332
2024/2/23,10:30,11225,0,6058,6693,334,398,1844,170,554,590,0,241,0,2,5,-5684,25,11230
2024/2/23,11:00,11176,0,6046,6586,325,404,1848,173,572,590,0,294,0,2,-3,-5686,22,11173
2024/2/23,11:30,10924,0,5756,6610,295,403,1853,172,589,561,0,305,0,2,15,-5646,24,10939
2024/2/23,12:00,10796,0,5688,6501,221,409,1816,174,595,623,0,361,0,2,-3,-5614,20,10793
2024/2/23,12:30,10578,0,5372,6568,174,410,1806,172,585,595,0,486,0,2,-36,-5610,18,10542
2024/2/23,13:00,10690,0,5344,6526,173,408,1800,172,572,652,0,600,0,2,-39,-5580,21,10651
2024/2/23,13:30,10491,0,5194,6374,180,408,1803,171,586,626,0,642,0,2,3,-5518,23,10494
2024/2/23,14:00,10514,0,5158,6407,172,400,1808,174,584,557,0,630,0,2,8,-5398,20,10522
2024/2/23,14:30,10486,0,5352,6485,173,395,1802,171,576,516,0,640,0,2,-2,-5644,18,10484
2024/2/23,15:00,10451,0,5084,6587,174,395,1797,172,556,447,0,667,0,2,4,-5450,20,10455
2024/2/23,15:30,10516,0,5284,6490,172,400,1799,168,553,349,0,665,0,2,1,-5386,20,10517
2024/2/23,16:00,10630,0,6030,6582,253,395,1907,169,537,205,0,629,0,2,6,-6102,23,10636
2024/2/23,16:30,10856,0,6350,6920,281,394,1907,169,530,40,0,518,0,2,3,-6280,25,10859
2024/2/23,17:00,11099,0,6466,7118,328,395,1891,163,502,5,0,484,0,2,0,-6280,25,11099
2024/2/23,17:30,11365,0,6540,7151,438,395,1886,166,501,0,0,464,0,2,45,-6202,24,11410
2024/2/23,18:00,11460,0,6784,7193,447,401,1895,165,509,0,0,438,0,2,28,-6402,28,11488
2024/2/23,18:30,11414,0,6704,7181,445,398,1876,165,506,0,0,433,0,2,-1,-6318,22,11413
2024/2/23,19:00,11280,0,6586,7090,444,405,1888,164,503,0,0,383,0,2,-1,-6208,23,11279
2024/2/23,19:30,11093,0,6486,7040,381,403,1886,167,517,0,0,419,0,2,-1,-6226,18,11092
2024/2/23,20:00,11004,0,6498,6933,351,406,1857,164,525,0,0,401,0,2,-1,-6154,21,11003
2024/2/23,20:30,10869,0,6412,6951,250,400,1848,166,535,0,0,410,0,2,-1,-6126,21,10868
2024/2/23,21:00,10738,0,6380,6837,173,403,1838,163,544,0,0,394,0,2,-1,-6014,18,10737
2024/2/23,21:30,10399,0,6090,6672,171,401,1854,166,550,0,0,421,0,2,-1,-5940,12,10398
2024/2/23,22:00,9983,0,5244,6198,170,372,1821,164,539,0,0,410,0,2,-1,-4958,21,9982
2024/2/23,22:30,9702,0,5364,5947,168,371,1825,166,540,0,0,415,0,2,-1,-5112,16,9701
2024/2/23,23:00,9815,0,5142,5904,169,372,1809,164,538,0,0,385,0,2,-1,-4686,16,9814
2024/2/23,23:30,9546,0,4508,5656,170,374,1799,164,538,0,0,397,0,2,-1,-4074,12,9545
2024/2/24,0:00,9429,0,5378,5900,167,372,1741,165,539,0,0,421,0,2,-1,-5264,8,9428
2024/2/24,0:30,9397,0,5288,5995,166,371,1739,166,545,0,0,453,0,2,-1,-5336,8,9396
2024/2/24,1:00,9466,0,5184,6127,166,374,1731,165,543,0,0,454,0,2,-1,-5288,8,9465
2024/2/24,1:30,9400,0,4934,6041,164,369,1730,166,531,0,0,526,0,2,-1,-5072,9,9399
2024/2/24,2:00,9620,0,4928,6093,169,377,1740,163,520,0,0,443,0,2,-1,-4824,9,9619
2024/2/24,2:30,9652,0,4996,6118,168,374,1744,166,493,0,0,410,0,2,-1,-4828,9,9651
2024/2/24,3:00,9684,0,4738,5998,168,375,1740,164,479,0,0,358,0,2,-1,-4346,8,9683
2024/2/24,3:30,9719,0,4872,6052,169,375,1736,166,475,0,0,337,0,2,-1,-4472,7,9718
2024/2/24,4:00,9829,0,4910,6408,170,372,1760,166,476,0,0,316,0,2,-1,-4758,7,9828
2024/2/24,4:30,9772,0,4884,6322,171,369,1754,165,476,0,0,327,0,2,-1,-4706,8,9771
2024/2/24,5:00,9823,0,4996,6263,170,366,1772,167,478,0,0,325,0,2,-1,-4726,10,9822
2024/2/24,5:30,9964,0,5410,6467,172,374,1772,163,473,0,0,340,0,2,-1,-5220,11,9963
2024/2/24,6:00,10091,0,5694,6641,170,407,1778,166,478,1,0,298,0,2,-1,-5556,12,10090
2024/2/24,6:30,10019,0,5814,6412,171,405,1777,164,468,91,0,284,0,2,-1,-5588,19,10018
2024/2/24,7:00,9944,0,5562,6224,169,411,1848,166,480,290,0,193,0,2,-1,-5432,31,9943
2024/2/24,7:30,10041,0,5404,6090,172,441,1859,164,518,541,0,157,0,2,-1,-5332,25,10040
2024/2/24,8:00,10244,0,5150,5654,174,452,1830,171,552,815,0,180,0,2,-1,-4760,24,10243
2024/2/24,8:30,10086,0,4394,5221,174,452,1847,174,604,1056,0,181,0,2,10,-4042,23,10096
2024/2/24,9:00,10284,0,3780,5171,178,355,1831,178,635,1364,0,206,0,2,2,-3440,24,10286
2024/2/24,9:30,10216,0,3426,5246,173,348,1832,177,631,1665,0,212,0,2,7,-3522,26,10223
2024/2/24,10:00,9981,0,3136,5243,171,342,1833,179,649,1888,0,245,0,2,2,-3732,25,9983
2024/2/24,10:30,9945,0,3272,5114,171,349,1837,178,667,2082,0,258,0,2,7,-4008,23,9952
2024/2/24,11:00,9726,0,3632,5265,171,348,1842,180,680,2335,0,240,0,2,1,-4990,21,9727
2024/2/24,11:30,9640,0,3686,5043,170,347,1832,178,667,2591,0,245,0,2,9,-5146,25,9649
2024/2/24,12:00,9448,0,3058,4886,172,347,1819,178,642,2820,0,292,0,2,-13,-4790,22,9435
2024/2/24,12:30,9211,0,2640,4814,169,352,1804,173,618,2983,0,357,0,2,-24,-4716,15,9187
2024/2/24,13:00,9213,0,2280,4740,169,349,1804,175,620,2965,0,404,0,2,-28,-4318,23,9185
2024/2/24,13:30,9119,0,2632,4502,170,349,1802,175,619,2853,0,446,0,2,7,-4446,15,9126
2024/2/24,14:00,9141,0,2842,4406,169,351,1784,173,579,2816,0,525,0,2,9,-4530,24,9150
2024/2/24,14:30,8983,0,3032,4260,168,352,1767,170,558,2452,0,609,0,2,1,-4406,19,8984
2024/2/24,15:00,9033,0,3272,4181,176,349,1768,169,528,2048,0,625,0,2,4,-4108,23,9037
2024/2/24,15:30,9125,0,3864,4254,170,360,1763,163,487,1502,0,612,0,2,4,-4072,20,9129
2024/2/24,16:00,9384,0,4968,4732,189,457,1827,164,461,857,0,616,0,2,5,-4912,23,9389
2024/2/24,16:30,9782,0,5574,5102,285,459,1829,162,455,330,0,654,0,2,1,-5094,24,9783
2024/2/24,17:00,10087,0,6354,5682,332,457,1834,165,475,37,0,652,0,2,41,-5928,25,10128
2024/2/24,17:30,10558,0,6352,6183,376,463,1842,162,478,0,0,620,0,2,37,-5944,24,10595
2024/2/24,18:00,10619,0,6212,6546,370,461,1837,165,474,0,0,585,0,2,1,-6060,27,10620
2024/2/24,18:30,10656,0,5954,6799,351,456,1842,163,474,0,0,526,0,2,-1,-5932,21,10655
2024/2/24,19:00,10556,0,5924,6882,353,460,1842,163,477,0,0,448,0,2,-1,-6018,23,10555
2024/2/24,19:30,10450,0,5924,6896,342,460,1844,164,478,0,0,399,0,2,-1,-6076,17,10449
2024/2/24,20:00,10306,0,6006,6860,342,460,1835,165,480,0,0,326,0,2,-1,-6190,20,10305
2024/2/24,20:30,10173,0,6020,6864,335,456,1830,163,481,0,0,244,0,2,-1,-6242,20,10172
2024/2/24,21:00,10020,0,5916,6839,314,457,1817,165,482,0,0,183,0,2,-1,-6172,17,10019
2024/2/24,21:30,9720,0,5760,6621,321,457,1809,163,483,0,0,109,0,2,-1,-6016,11,9719
2024/2/24,22:00,9525,0,5560,6076,273,388,1798,163,473,0,0,108,0,2,-1,-5336,20,9524
2024/2/24,22:30,9360,0,5314,6298,182,373,1791,166,474,0,0,88,0,2,-1,-5342,14,9359
2024/2/24,23:00,9595,0,5190,6269,167,373,1784,164,473,0,0,85,0,2,-1,-4928,16,9594
2024/2/24,23:30,9140,0,4486,5731,164,373,1761,165,473,0,0,74,0,2,-1,-4100,11,9139
2024/2/25,0:00,9231,0,4928,5677,168,373,1715,165,473,0,0,49,0,2,-1,-4326,7,9230
2024/2/25,0:30,9060,0,4744,5487,166,375,1705,165,472,0,0,51,0,2,-1,-4114,7,9059
2024/2/25,1:00,9198,0,4844,5325,166,373,1699,164,474,0,0,42,0,2,-1,-3898,7,9197
2024/2/25,1:30,9233,0,4916,5228,165,373,1699,167,474,0,0,39,0,2,-1,-3838,8,9232
2024/2/25,2:00,9392,0,4890,5262,168,376,1711,164,472,0,0,59,0,2,-1,-3720,8,9391
2024/2/25,2:30,9388,0,4650,5214,168,372,1710,165,470,0,0,81,0,2,-1,-3452,8,9387
2024/2/25,3:00,9497,0,4750,5267,171,376,1710,164,472,0,0,100,0,2,-1,-3522,7,9496
2024/2/25,3:30,9534,0,4922,5227,166,372,1715,165,472,0,0,134,0,2,-1,-3648,7,9533
2024/2/25,4:00,9532,0,4708,5323,171,373,1738,164,472,0,0,135,0,2,-1,-3560,6,9531
2024/2/25,4:30,9610,0,4718,5351,167,374,1734,167,473,0,0,167,0,2,-1,-3550,7,9609
2024/2/25,5:00,9586,0,4566,5345,169,366,1743,164,470,0,0,187,0,2,-1,-3436,10,9585
2024/2/25,5:30,9636,0,4894,5413,169,376,1741,165,471,0,0,231,0,2,-1,-3836,10,9635
2024/2/25,6:00,9649,0,4868,5396,169,395,1741,164,475,2,0,251,0,2,2,-3826,12,9651
2024/2/25,6:30,9592,0,4700,5464,169,403,1736,163,468,111,0,249,0,2,-2,-3892,19,9590
2024/2/25,7:00,9462,0,4720,5508,170,404,1812,163,474,381,0,177,0,2,3,-4378,29,9465
2024/2/25,7:30,9681,0,4740,5576,170,404,1813,166,488,703,0,160,0,2,8,-4566,25,9689
2024/2/25,8:00,9676,0,5134,5689,172,404,1754,165,500,1053,0,153,0,2,-2,-5372,22,9674
2024/2/25,8:30,9951,0,5352,5901,172,407,1759,168,515,1335,0,181,0,2,5,-5862,21,9956
2024/2/25,9:00,9867,0,4698,5720,174,405,1726,168,529,1680,0,227,0,2,12,-5484,22,9879
2024/2/25,9:30,9696,0,4362,5529,170,405,1740,170,553,1931,0,250,0,2,0,-5440,24,9696
2024/2/25,10:00,9578,0,4098,5409,171,405,1741,170,572,2130,0,277,0,2,7,-5420,23,9585
2024/2/25,10:30,9440,0,3932,5316,171,403,1737,173,575,2135,0,275,0,2,2,-5300,21,9442
2024/2/25,11:00,9286,0,3754,5079,171,405,1740,171,585,2272,0,282,0,2,-4,-5192,17,9282
2024/2/25,11:30,9210,0,3364,5149,170,404,1740,174,587,2125,0,330,0,2,8,-4856,21,9218
2024/2/25,12:00,9236,0,3956,5421,171,395,1705,169,571,2068,0,311,0,2,2,-5556,23,9238
2024/2/25,12:30,8955,0,3864,5284,172,399,1693,169,557,1917,0,306,0,2,-37,-5422,14,8918
2024/2/25,13:00,8957,0,3568,5290,170,396,1694,170,557,1650,0,330,0,2,-33,-4890,20,8924
2024/2/25,13:30,8957,0,3888,5495,170,392,1677,169,532,1325,0,317,0,2,-1,-5024,14,8956
2024/2/25,14:00,8986,0,4018,6037,172,395,1665,165,501,1073,0,318,0,2,0,-5382,22,8986
2024/2/25,14:30,9019,0,4058,6325,168,397,1653,165,486,777,0,334,0,2,-2,-5374,28,9017
2024/2/25,15:00,9107,0,4270,6249,235,394,1694,165,478,555,0,334,0,2,6,-5292,23,9113
2024/2/25,15:30,9277,0,4844,6359,280,396,1700,165,475,332,0,311,0,2,0,-5616,29,9277
2024/2/25,16:00,9482,0,5360,6341,286,397,1795,162,468,176,0,294,0,2,3,-5822,23,9485
2024/2/25,16:30,9880,0,5732,6717,319,399,1797,165,468,58,0,293,0,2,8,-6094,24,9888
2024/2/25,17:00,10317,0,6146,6785,441,405,1799,162,468,11,0,322,0,2,0,-6248,24,10317
2024/2/25,17:30,10549,0,6276,6912,447,404,1798,163,476,0,0,323,0,2,0,-6276,24,10549
2024/2/25,18:00,10619,0,6060,7054,475,421,1799,165,471,0,0,355,0,2,35,-6212,29,10654
2024/2/25,18:30,10605,0,5988,7018,459,440,1802,161,467,0,0,397,0,2,30,-6156,27,10635
2024/2/25,19:00,10597,0,6176,6867,386,432,1802,164,469,0,0,405,0,2,-1,-6130,24,10596
2024/2/25,19:30,10450,0,6134,6841,325,410,1798,162,467,0,0,429,0,2,-1,-6134,16,10449
2024/2/25,20:00,10345,0,6156,6768,332,408,1800,163,466,0,0,428,0,2,-1,-6198,20,10344
2024/2/25,20:30,10243,0,6104,6701,333,409,1808,162,467,0,0,398,0,2,-1,-6160,19,10242
2024/2/25,21:00,10024,0,6034,6654,322,421,1767,165,470,0,0,376,0,2,-1,-6204,17,10023
2024/2/25,21:30,9654,0,5722,6559,250,417,1765,162,470,0,0,355,0,2,-1,-6060,12,9653
2024/2/25,22:00,9390,0,5198,6058,168,372,1744,164,466,0,0,365,0,2,-1,-5168,21,9389
2024/2/25,22:30,8975,0,4754,5668,171,374,1743,162,460,0,0,353,0,2,-1,-4726,14,8974
2024/2/25,23:00,9148,0,4588,5458,168,369,1735,163,459,0,0,347,0,2,-1,-4156,15,9147
2024/2/25,23:30,8917,0,4126,5381,169,377,1737,163,458,0,0,334,0,2,-1,-3840,10,8916
2024/2/26,0:00,8875,0,4650,5274,168,374,1763,166,460,0,0,314,0,2,-1,-4302,6,8874
2024/2/26,0:30,8693,0,4612,4989,165,375,1768,163,459,0,0,302,0,2,-1,-4148,6,8692
2024/2/26,1:00,8904,0,4468,4822,165,380,1769,165,460,0,0,271,0,2,-1,-3604,6,8903
2024/2/26,1:30,8874,0,4164,4810,168,376,1765,163,462,0,0,255,0,2,-1,-3298,7,8873
2024/2/26,2:00,9060,0,4290,4770,169,374,1782,164,464,0,0,271,0,2,-1,-3234,8,9059
2024/2/26,2:30,9202,0,4200,4977,172,368,1775,163,462,0,0,275,0,2,-1,-3200,8,9201
2024/2/26,3:00,9271,0,4326,5196,169,367,1781,165,461,0,0,261,0,2,-1,-3464,7,9270
2024/2/26,3:30,9293,0,4290,5287,171,373,1780,163,458,0,0,298,0,2,-1,-3536,7,9292
2024/2/26,4:00,9465,0,4384,5226,169,369,1787,164,456,0,0,364,0,2,-1,-3462,6,9464
2024/2/26,4:30,9641,0,4536,5273,172,371,1784,164,455,0,0,397,0,2,-1,-3520,7,9640
2024/2/26,5:00,9792,0,4976,5472,173,379,1785,165,457,0,0,361,0,2,-1,-3988,10,9791
2024/2/26,5:30,10225,0,5668,5631,172,381,1791,163,460,0,0,325,0,2,-1,-4378,10,10224
2024/2/26,6:00,10521,0,6236,6128,173,407,1782,166,458,2,0,355,0,2,1,-5200,12,10522
2024/2/26,6:30,10807,0,6434,6360,176,415,1779,162,461,25,0,343,0,2,0,-5370,20,10807
2024/2/26,7:00,10747,0,6006,6227,173,428,1781,164,463,120,0,362,0,2,7,-5008,29,10754
2024/2/26,7:30,10962,0,5960,6247,178,462,1778,164,467,305,0,389,0,2,7,-5012,22,10969
2024/2/26,8:00,11392,0,5792,5997,177,476,1773,166,473,642,0,409,0,2,5,-4536,21,11397
2024/2/26,8:30,11949,0,5884,6202,175,477,1757,164,473,1062,0,431,0,2,0,-4700,22,11949
2024/2/26,9:00,12004,0,6030,6000,178,474,1659,166,504,1560,0,421,0,2,-1,-5010,20,12003
2024/2/26,9:30,11836,0,5354,5861,177,478,1661,155,540,1968,0,443,0,2,-1,-4826,23,11835
2024/2/26,10:00,11608,0,4244,5623,175,428,1617,152,482,2528,0,470,0,2,-1,-4136,23,11607
2024/2/26,10:30,11574,0,4186,5267,176,463,1600,148,480,3063,0,471,0,2,-1,-4302,20,11573
2024/2/26,11:00,11450,0,4236,5039,172,464,1578,148,452,3449,0,419,0,2,-1,-4526,17,11449
2024/2/26,11:30,11277,0,3972,4965,171,375,1584,144,454,3521,0,394,0,2,-1,-4326,21,11276
2024/2/26,12:00,10732,0,3818,4696,179,419,1590,164,519,3340,0,412,0,2,-1,-4430,23,10731
2024/2/26,12:30,10604,0,3894,4706,173,368,1590,167,521,3263,0,454,0,2,-38,-4546,12,10566
2024/2/26,13:00,10882,0,4030,5018,176,439,1617,169,582,3191,0,483,0,2,-39,-4844,19,10843
2024/2/26,13:30,10987,0,4540,5117,176,444,1652,174,641,2953,0,495,0,2,-5,-5220,13,10982
2024/2/26,14:00,10860,0,4142,5231,173,431,1599,164,546,2966,0,660,0,2,-6,-5072,18,10854
2024/2/26,14:30,10874,0,4622,5272,175,447,1599,165,552,2632,0,694,0,2,-1,-5300,14,10873
2024/2/26,15:00,10775,0,4554,5222,191,405,1659,163,520,2106,0,750,0,2,-1,-4816,19,10774
2024/2/26,15:30,11022,0,4924,5582,280,477,1675,164,512,1365,0,811,0,2,-1,-4786,16,11021
2024/2/26,16:00,11093,0,5240,6023,293,475,1758,163,550,719,0,884,0,2,-1,-5036,22,11092
2024/2/26,16:30,11420,0,5862,6335,324,476,1798,168,620,162,0,887,0,2,-1,-5228,14,11419
2024/2/26,17:00,11474,0,6272,6684,387,476,1762,164,560,19,0,879,0,2,23,-5754,23,11497
2024/2/26,17:30,11753,0,6514,6905,442,473,1764,164,552,0,0,845,0,2,36,-5928,20,11789
2024/2/26,18:00,11753,0,6502,7032,448,476,1759,163,549,0,0,801,0,2,12,-6008,29,11765
2024/2/26,18:30,11712,0,6416,6995,446,473,1757,164,550,0,0,827,0,2,-1,-5940,22,11711
2024/2/26,19:00,11542,0,6286,6810,441,461,1764,163,552,0,0,855,0,2,-1,-5820,28,11541
2024/2/26,19:30,11330,0,6276,6498,445,460,1771,165,552,0,0,946,0,2,-1,-5802,17,11329
2024/2/26,20:00,11117,0,6266,6223,442,450,1768,163,555,0,0,954,0,2,-1,-5728,22,11116
2024/2/26,20:30,10945,0,6174,6054,441,466,1766,165,554,0,0,990,0,2,-1,-5686,19,10944
2024/2/26,21:00,10665,0,6170,5941,329,466,1739,163,554,0,0,1027,0,2,-1,-5742,16,10664
2024/2/26,21:30,10325,0,5944,5828,283,469,1740,165,556,0,0,1011,0,2,-1,-5686,13,10324
2024/2/26,22:00,9988,0,5692,5422,220,397,1704,162,556,0,0,1017,0,2,-1,-5204,20,9987
2024/2/26,22:30,9782,0,5372,5542,173,389,1694,165,556,0,0,1052,0,2,-1,-5180,17,9781
2024/2/26,23:00,9835,0,5166,5595,172,387,1677,163,555,0,0,1024,0,2,-1,-4922,16,9834
2024/2/26,23:30,9504,0,4912,5359,170,387,1635,165,555,0,0,1014,0,2,-1,-4706,11,9503
2024/2/27,0:00,9475,0,5250,5207,171,381,1583,163,553,0,0,1035,0,2,-1,-4878,8,9474
2024/2/27,0:30,9233,0,4776,5135,168,380,1569,165,550,0,0,1081,0,2,-1,-4600,7,9232
2024/2/27,1:00,9444,0,4716,5148,169,382,1560,162,539,0,0,1121,0,2,-1,-4362,7,9443
2024/2/27,1:30,9627,0,5136,5211,169,380,1562,164,537,0,0,1130,0,2,-1,-4672,8,9626
2024/2/27,2:00,9751,0,5274,5528,170,385,1571,163,536,0,0,1091,0,2,-1,-4978,9,9750
2024/2/27,2:30,9791,0,5268,5537,171,379,1575,164,535,0,0,1040,0,2,-1,-4888,8,9790
2024/2/27,3:00,9936,0,5302,5593,186,377,1586,163,535,0,0,1082,0,2,-1,-4898,8,9935
2024/2/27,3:30,9859,0,5154,5531,268,379,1582,165,536,0,0,1069,0,2,-1,-4834,7,9858
2024/2/27,4:00,9984,0,4780,5755,281,343,1583,162,532,0,0,995,0,2,-1,-4456,7,9983
2024/2/27,4:30,10170,0,4974,5917,289,377,1585,164,532,0,0,894,0,2,-1,-4572,8,10169
2024/2/27,5:00,10331,0,5134,6038,288,373,1586,163,535,0,0,815,0,2,-1,-4614,11,10330
2024/2/27,5:30,10550,0,5606,6102,286,378,1595,164,537,0,0,765,0,2,-1,-4896,11,10549
2024/2/27,6:00,10947,0,5880,6371,287,409,1585,161,525,24,0,861,0,2,-1,-5170,12,10946
2024/2/27,6:30,11031,0,5882,6361,288,412,1589,164,532,124,0,859,0,2,-1,-5204,22,11030
2024/2/27,7:00,11010,0,5728,6193,287,415,1589,164,538,367,0,878,0,2,-1,-5182,31,11009
2024/2/27,7:30,11242,0,5746,6078,291,438,1567,161,525,723,0,840,0,2,-1,-5152,23,11241
2024/2/27,8:00,11689,0,5228,6056,239,453,1543,163,510,1140,0,650,0,2,-1,-4316,21,11688
2024/2/27,8:30,12331,0,5780,6018,181,461,1530,162,523,1399,0,571,0,2,-1,-4316,20,12330
2024/2/27,9:00,12455,0,5700,6005,180,460,1443,162,537,1464,0,540,0,1,-1,-4056,19,12454
2024/2/27,9:30,12480,0,5616,6029,181,460,1429,149,543,1494,0,539,0,1,-1,-3984,23,12479
2024/2/27,10:00,12323,0,5142,5820,179,459,1377,150,530,1641,0,498,0,1,-1,-3496,22,12322
2024/2/27,10:30,12293,0,5108,5975,178,462,1362,147,518,1785,0,456,0,1,-1,-3718,19,12292
2024/2/27,11:00,12144,0,5040,6093,175,456,1388,153,581,1710,0,420,0,1,-1,-3890,17,12143
2024/2/27,11:30,12036,0,4830,6110,178,447,1359,147,532,1929,0,408,0,2,-1,-3924,18,12035
2024/2/27,12:00,11507,0,4696,5811,174,448,1328,150,532,2083,0,397,0,2,-32,-4134,20,11475
2024/2/27,12:30,11328,0,4736,5693,175,445,1327,147,518,2138,0,343,0,2,-39,-4208,12,11289
2024/2/27,13:00,11607,0,4654,5915,175,450,1345,155,547,1971,0,346,0,2,-10,-3972,19,11597
2024/2/27,13:30,11553,0,4714,5844,173,455,1311,160,516,1903,0,343,0,2,-1,-3878,10,11552
2024/2/27,14:00,11486,0,4756,5776,176,460,1348,164,552,1635,0,371,0,2,-1,-3772,18,11485
2024/2/27,14:30,11452,0,4716,5915,176,445,1352,162,532,1470,0,413,0,2,-1,-3746,15,11451
2024/2/27,15:00,11316,0,4952,6063,174,368,1399,164,528,1219,0,424,0,2,-1,-3994,17,11315
2024/2/27,15:30,11438,0,5292,6093,176,454,1434,163,540,967,0,447,0,2,-1,-4146,16,11437
2024/2/27,16:00,11399,0,5646,6346,198,458,1572,164,541,637,0,456,0,2,-1,-4646,25,11398
2024/2/27,16:30,11684,0,6222,6964,279,461,1634,167,604,135,0,406,0,2,35,-5202,12,11719
2024/2/27,17:00,11678,0,6586,7211,312,466,1631,165,560,24,0,330,0,2,30,-5634,25,11708
2024/2/27,17:30,11895,0,6674,7273,507,464,1647,163,554,0,0,292,0,2,-1,-5702,21,11894
2024/2/27,18:00,11854,0,6624,7258,579,459,1644,165,552,0,0,286,0,2,-1,-5742,27,11853
2024/2/27,18:30,11795,0,6530,7248,593,462,1643,162,551,0,0,282,0,2,-1,-5698,20,11794
2024/2/27,19:00,11556,0,6348,7208,578,463,1641,164,551,0,0,299,0,2,-1,-5720,22,11555
2024/2/27,19:30,11410,0,6432,7091,585,457,1640,162,554,0,0,314,0,2,-1,-5844,17,11409
2024/2/27,20:00,11126,0,6348,7045,453,452,1640,165,552,0,0,315,0,2,-1,-5868,22,11125
2024/2/27,20:30,10945,0,6312,6982,364,449,1626,163,552,0,0,363,0,2,-1,-5888,20,10944
2024/2/27,21:00,10672,0,6170,7070,216,450,1634,164,550,0,0,357,0,2,-1,-5958,17,10671
2024/2/27,21:30,10248,0,5996,6820,174,450,1624,162,550,0,0,361,0,2,-1,-5904,13,10247
2024/2/27,22:00,9967,0,5526,6281,168,377,1583,165,548,0,0,432,0,2,-1,-5136,21,9966
2024/2/27,22:30,9568,0,5212,5798,169,367,1580,162,552,0,0,560,0,2,-1,-4850,16,9567
2024/2/27,23:00,9610,0,4966,5743,170,363,1569,165,556,0,0,603,0,2,-1,-4542,15,9609
2024/2/27,23:30,9486,0,5060,5614,169,364,1573,162,558,0,0,641,0,2,-1,-4668,11,9485
2024/2/28,0:00,9364,0,5188,5411,165,363,1462,165,557,0,0,705,0,2,-1,-4662,8,9363
2024/2/28,0:30,9074,0,4890,5041,168,363,1453,164,554,0,0,682,0,2,-1,-4250,7,9073
2024/2/28,1:00,9226,0,4798,5056,166,361,1443,165,543,0,0,709,0,2,-1,-4024,7,9225
2024/2/28,1:30,9376,0,4734,5264,165,363,1448,163,542,0,0,821,0,2,-1,-4134,8,9375
2024/2/28,2:00,9434,0,4626,5521,168,363,1456,165,546,0,0,830,0,2,-1,-4252,9,9433
2024/2/28,2:30,9661,0,5028,5647,169,362,1450,163,543,0,0,853,0,2,-1,-4564,8,9660
2024/2/28,3:00,9707,0,5088,5549,171,365,1454,163,544,0,0,821,0,2,-1,-4458,8,9706
2024/2/28,3:30,9653,0,4718,5637,168,364,1456,164,546,0,0,839,0,2,-1,-4248,7,9652
2024/2/28,4:00,9781,0,4994,5836,170,366,1482,165,542,0,0,859,0,2,-1,-4642,7,9780
2024/2/28,4:30,10015,0,5144,6062,170,363,1490,163,542,0,0,904,0,2,-1,-4832,7,10014
2024/2/28,5:00,10080,0,5296,6151,172,362,1499,165,546,0,0,913,0,2,-1,-5038,12,10079
2024/2/28,5:30,10354,0,5654,6230,171,363,1508,164,541,0,0,914,0,2,-1,-5206,13,10353
2024/2/28,6:00,10701,0,5808,6448,173,394,1546,165,538,32,0,871,0,138,-1,-5426,14,10700
2024/2/28,6:30,10711,0,5576,6336,174,401,1540,163,540,260,0,887,0,144,-1,-5334,24,10710
2024/2/28,7:00,10597,0,5382,5942,174,403,1504,163,545,743,0,907,0,2,-1,-5200,32,10596
2024/2/28,7:30,10795,0,5114,5815,175,434,1499,165,574,1356,0,893,0,2,-1,-5256,24,10794
2024/2/28,8:00,11092,0,5190,5532,176,441,1493,172,624,1990,0,866,0,2,-1,-5416,22,11091
2024/2/28,8:30,11422,0,4934,5114,179,440,1470,168,607,2758,0,817,0,2,0,-5090,23,11422
2024/2/28,9:00,11565,0,4918,5293,181,440,1392,173,650,3249,0,786,0,2,-1,-5540,21,11564
2024/2/28,9:30,11281,0,3826,5306,176,436,1397,171,653,3687,0,771,0,2,-1,-5168,24,11280
2024/2/28,10:00,11158,0,3524,5376,177,444,1343,174,670,4051,0,757,0,2,-1,-5384,24,11157
2024/2/28,10:30,11108,0,3344,5299,176,431,1342,173,669,4366,0,785,0,2,-1,-5500,21,11107
2024/2/28,11:00,10978,0,2862,4988,176,345,1281,167,567,4997,0,843,0,0,-1,-5266,18,10977
2024/2/28,11:30,10821,0,2922,4850,176,334,1281,163,572,5140,0,866,0,-210,-1,-5294,21,10820
2024/2/28,12:00,10385,0,3020,4596,175,338,1214,163,515,5303,0,874,0,-224,-1,-5608,19,10384
2024/2/28,12:30,10243,0,2904,4698,174,338,1239,164,571,5078,0,1000,0,-224,-33,-5712,13,10210
2024/2/28,13:00,10538,0,2852,4823,173,334,1226,166,557,4989,0,1112,0,-222,-33,-5492,20,10505
2024/2/28,13:30,10559,0,2668,4926,173,340,1226,164,566,4796,0,1126,0,2,-3,-5442,14,10556
2024/2/28,14:00,10577,0,2928,5106,176,421,1285,169,623,4370,0,1125,0,2,-1,-5646,18,10576
2024/2/28,14:30,10459,0,3512,5132,172,358,1289,169,593,3657,0,1136,0,2,-1,-5576,15,10458
2024/2/28,15:00,10414,0,3734,5260,175,353,1356,165,583,2885,0,1127,0,2,-8,-5244,18,10406
2024/2/28,15:30,10603,0,4394,5609,175,439,1359,162,532,2159,0,1098,0,2,-1,-5342,16,10602
2024/2/28,16:00,10740,0,4992,5933,173,460,1494,161,532,1218,0,1113,0,2,-1,-5362,24,10739
2024/2/28,16:30,10971,0,5722,6330,178,457,1578,171,637,254,0,1051,0,2,-1,-5422,13,10970
2024/2/28,17:00,11101,0,6082,6799,253,457,1593,164,561,35,0,1034,0,138,27,-6040,25,11128
2024/2/28,17:30,11313,0,6168,6875,290,462,1610,164,547,0,0,999,0,144,31,-5966,20,11344
2024/2/28,18:00,11432,0,6216,6810,344,461,1638,162,546,0,0,931,0,2,5,-5704,26,11437
2024/2/28,18:30,11315,0,6018,6675,370,457,1642,165,548,0,0,888,0,2,-1,-5472,22,11314
2024/2/28,19:00,11177,0,6106,6688,361,459,1645,162,547,0,0,838,0,2,-1,-5658,27,11176
2024/2/28,19:30,11097,0,6206,6801,353,459,1662,163,544,0,0,841,0,2,-1,-5950,16,11096
2024/2/28,20:00,10891,0,6170,6726,356,451,1613,163,545,0,0,796,0,2,-1,-5954,23,10890
2024/2/28,20:30,10614,0,5826,6600,313,457,1608,164,540,0,0,753,0,2,-1,-5668,19,10613
2024/2/28,21:00,10444,0,5962,6580,345,456,1607,162,540,0,0,763,0,2,-1,-5990,17,10443
2024/2/28,21:30,9974,0,5538,6089,328,453,1606,163,539,0,0,816,0,2,-1,-5572,12,9973
2024/2/28,22:00,9787,0,5488,5888,286,385,1550,162,536,0,0,817,0,2,-1,-5346,19,9786
2024/2/28,22:30,9464,0,5082,5891,194,370,1545,164,530,0,0,802,0,2,-1,-5132,16,9463
2024/2/28,23:00,9488,0,4744,5772,168,374,1542,163,531,0,0,776,0,2,-1,-4600,16,9487
2024/2/28,23:30,9255,0,4558,5568,164,371,1537,165,532,0,0,756,0,2,-1,-4408,10,9254
2024/2/29,0:00,9184,0,4914,5485,167,367,1517,163,532,0,0,694,0,2,-1,-4664,7,9183
2024/2/29,0:30,9093,0,4760,5469,166,375,1513,163,531,0,0,686,0,2,-1,-4578,6,9092
2024/2/29,1:00,9240,0,4564,5404,163,366,1507,162,533,0,0,745,0,2,-1,-4212,6,9239
2024/2/29,1:30,9273,0,4564,5349,167,374,1512,165,532,0,0,740,0,2,-1,-4140,8,9272
2024/2/29,2:00,9480,0,4818,5306,166,372,1507,162,534,0,0,749,0,2,-1,-4144,8,9479
2024/2/29,2:30,9503,0,4746,5358,167,368,1516,163,533,0,0,772,0,2,-1,-4130,8,9502
2024/2/29,3:00,9666,0,4652,5554,170,371,1560,163,530,0,0,767,0,2,-1,-4110,7,9665
2024/2/29,3:30,9628,0,4602,5550,170,368,1563,164,531,0,0,766,0,2,-1,-4094,6,9627
2024/2/29,4:00,9735,0,4650,5643,169,371,1581,163,532,0,0,792,0,2,-1,-4174,6,9734
2024/2/29,4:30,9887,0,4734,5812,171,372,1577,164,533,0,0,736,0,2,-1,-4220,6,9886
2024/2/29,5:00,10079,0,5198,6196,172,369,1574,162,528,0,0,686,0,2,-1,-4818,10,10078
2024/2/29,5:30,10306,0,5528,6190,172,376,1575,164,529,0,0,595,0,2,-1,-4836,11,10305
2024/2/29,6:00,10677,0,5842,6605,173,403,1612,162,533,16,0,516,0,2,-1,-5198,11,10676
2024/2/29,6:30,10786,0,5780,6661,174,411,1597,162,516,261,0,481,0,2,0,-5280,21,10786
2024/2/29,7:00,10576,0,5316,6207,174,418,1597,159,511,824,0,336,0,2,-1,-4998,30,10575
2024/2/29,7:30,10812,0,5210,6085,175,445,1598,163,521,1571,0,245,0,2,-1,-5226,23,10811
2024/2/29,8:00,10932,0,4968,6088,175,461,1586,163,559,2467,0,177,0,2,-1,-5734,20,10931
2024/2/29,8:30,11221,0,4560,5900,176,463,1601,166,595,3292,0,174,0,2,-1,-5728,20,11220
2024/2/29,9:00,11217,0,4456,5468,172,465,1499,168,603,3977,0,193,0,2,-1,-5806,20,11216
2024/2/29,9:30,11067,0,4090,5249,173,454,1469,168,578,4514,0,187,0,2,-1,-5840,23,11066
2024/2/29,10:00,10798,0,3736,4899,174,447,1393,164,547,4998,0,162,0,2,-1,-5748,24,10797
2024/2/29,10:30,10713,0,3398,4736,175,450,1384,165,550,5234,0,159,0,2,-1,-5560,20,10712
2024/2/29,11:00,10590,0,3380,4547,171,456,1378,164,550,5301,0,155,0,2,-1,-5530,16,10589
2024/2/29,11:30,10417,0,3302,4415,172,454,1384,168,578,5269,0,159,0,2,-1,-5506,20,10416
2024/2/29,12:00,9966,0,3096,4390,171,450,1358,166,587,5153,0,131,0,2,-41,-5556,18,9925
2024/2/29,12:30,9756,0,3020,4570,171,449,1355,170,608,4834,0,127,0,2,-40,-5562,12,9716
2024/2/29,13:00,10113,0,3344,4855,173,450,1360,169,613,4368,0,100,0,2,-1,-5340,19,10112
2024/2/29,13:30,10196,0,3748,5404,243,458,1355,170,598,3619,0,71,0,2,37,-5484,12,10233
2024/2/29,14:00,10195,0,4080,5840,277,455,1385,167,614,2948,0,56,0,2,0,-5646,17,10195
2024/2/29,14:30,10195,0,4172,6149,288,455,1394,169,585,2541,0,43,0,2,-1,-5618,15,10194
2024/2/29,15:00,10159,0,4328,6102,288,454,1521,165,560,1997,0,41,0,2,4,-5316,17,10163
2024/2/29,15:30,10344,0,5168,6223,285,457,1533,164,540,1306,0,43,0,2,4,-5392,15,10348
2024/2/29,16:00,10502,0,5496,6241,288,457,1602,162,531,746,0,30,0,2,1,-5076,23,10503
2024/2/29,16:30,10585,0,5710,6347,286,458,1632,163,538,315,0,20,0,2,0,-4898,12,10585
2024/2/29,17:00,10707,0,5894,6411,305,464,1647,163,555,44,0,23,0,2,-2,-4824,23,10705
2024/2/29,17:30,10902,0,6186,6432,349,457,1646,166,563,0,0,21,0,2,35,-4940,20,10937
2024/2/29,18:00,10916,0,6206,6375,351,457,1650,164,568,0,0,26,0,2,-1,-4908,25,10915
2024/2/29,18:30,10889,0,6236,6369,395,455,1655,164,573,0,0,33,0,2,-1,-5012,19,10888
2024/2/29,19:00,10703,0,6178,6231,376,457,1660,163,572,0,0,34,0,2,-1,-4990,20,10702
2024/2/29,19:30,10489,0,5978,6123,341,457,1654,165,573,0,0,41,0,2,-1,-4866,21,10488
2024/2/29,20:00,10356,0,5854,5989,319,457,1614,164,572,0,0,66,0,2,-1,-4702,21,10355
2024/2/29,20:30,10188,0,5852,6043,319,458,1608,163,571,0,0,94,0,2,-1,-4940,18,10187
2024/2/29,21:00,9936,0,5456,5833,318,459,1575,163,571,0,0,133,0,2,-1,-4590,16,9935
2024/2/29,21:30,9522,0,5256,5453,303,450,1578,166,569,0,0,155,0,2,-1,-4422,12,9521
2024/2/29,22:00,9336,0,4976,5464,215,311,1555,163,566,0,0,165,0,2,-1,-4100,19,9335
2024/2/29,22:30,8975,0,4430,5123,168,298,1549,165,569,0,0,179,0,2,-1,-3522,14,8974
2024/2/29,23:00,9101,0,4026,4668,169,293,1529,163,572,0,0,210,0,2,-1,-2546,15,9100
2024/2/29,23:30,8885,0,4074,4203,169,294,1526,165,573,0,0,245,0,2,-1,-2376,10,8884
