単位[MW平均],,,供給力,,,,,,,,,,,,,,,,
DATE,TIME,エリア需要,原子力,火力(LNG),火力(石炭),火力(石油),火力(その他),水力,地熱,バイオマス,太陽光発電実績,太陽光出力制御量,風力発電実績,風力出力制御量,揚水,蓄電池,連系線,その他,合計
2024/8/1,0:00,7854,0,3614,6060,26,300,1708,84,569,0,0,65,0,1,-1,-4576,4,7854
2024/8/1,0:30,7602,0,3506,5928,25,303,1702,87,567,0,0,54,0,1,-1,-4574,4,7602
2024/8/1,1:00,7516,0,3526,5868,25,304,1706,84,565,0,0,41,0,1,-2,-4608,6,7516
2024/8/1,1:30,7392,0,3498,5773,25,299,1702,87,568,0,0,40,0,1,-13,-4592,4,7392
2024/8/1,2:00,7382,0,3510,5682,25,299,1700,83,568,0,0,43,0,1,-13,-4520,4,7382
2024/8/1,2:30,7386,0,3518,5502,25,298,1686,86,567,0,0,37,0,1,-13,-4328,7,7386
2024/8/1,3:00,7474,0,3400,6033,26,298,1665,85,565,0,0,26,0,1,-5,-4624,4,7474
2024/8/1,3:30,7493,0,3446,6063,26,292,1629,84,567,0,0,30,0,1,-13,-4636,4,7493
2024/8/1,4:00,7606,0,3608,5999,26,295,1616,87,568,0,0,33,0,1,-1,-4632,6,7606
2024/8/1,4:30,7598,0,3662,5928,27,295,1610,83,564,17,0,33,0,1,-1,-4624,3,7598
2024/8/1,5:00,7676,0,3660,5830,28,297,1594,86,544,203,0,38,0,1,-1,-4608,4,7676
2024/8/1,5:30,7623,0,3372,5750,28,300,1597,83,548,546,0,34,0,1,-1,-4640,5,7623
2024/8/1,6:00,7774,0,3066,5823,28,305,1594,85,536,1020,0,25,0,1,-12,-4704,7,7774
2024/8/1,6:30,8050,0,3026,5626,28,315,1588,83,531,1560,0,22,0,1,-13,-4734,17,8050
2024/8/1,7:00,8378,0,2986,5273,28,315,1585,84,531,2354,0,22,0,1,-17,-4806,22,8378
2024/8/1,7:30,8866,0,2882,4969,31,346,1594,83,553,3252,0,26,0,1,-20,-4872,21,8866
2024/8/1,8:00,9707,0,3128,4998,32,361,1604,87,597,3923,0,20,0,1,-21,-5042,19,9707
2024/8/1,8:30,10507,0,3212,5275,35,361,1589,85,581,4327,0,16,0,1,1,-4990,14,10507
2024/8/1,9:00,10977,0,3580,5082,36,370,1594,85,587,4639,0,12,0,1,-5,-5020,16,10977
2024/8/1,9:30,11230,0,3572,5189,37,355,1606,88,611,4820,0,8,0,1,-1,-5076,20,11230
2024/8/1,10:00,11353,0,3764,5056,36,343,1592,86,592,5052,0,6,0,1,-4,-5188,17,11353
2024/8/1,10:30,11543,0,3778,5012,36,342,1590,87,601,5209,0,8,0,1,-1,-5136,16,11543
2024/8/1,11:00,11672,0,3864,5024,36,343,1585,86,606,5188,0,7,0,1,1,-5082,13,11672
2024/8/1,11:30,11687,0,3844,5027,37,343,1579,86,584,5196,0,10,0,1,-6,-5030,16,11687
2024/8/1,12:00,11378,0,3602,5097,37,341,1570,84,582,5198,0,12,0,1,-43,-5116,13,11378
2024/8/1,12:30,11379,0,3490,5303,37,345,1564,84,583,5094,0,16,0,1,-16,-5134,12,11379
2024/8/1,13:00,11809,0,3610,5651,38,357,1569,86,568,4991,0,14,0,1,0,-5092,16,11809
2024/8/1,13:30,11880,0,3834,5823,37,373,1619,87,628,4585,0,12,0,1,3,-5134,12,11880
2024/8/1,14:00,11937,0,4090,5838,39,374,1629,86,605,4297,0,10,0,1,-5,-5042,15,11937
2024/8/1,14:30,11993,0,4324,5976,39,435,1636,82,564,3964,0,12,0,1,0,-5054,14,11993
2024/8/1,15:00,11821,0,4468,6101,39,463,1645,81,565,3483,0,12,0,1,-5,-5050,18,11821
2024/8/1,15:30,11845,0,4752,6232,40,471,1648,83,551,3004,0,13,0,1,-1,-4968,19,11845
2024/8/1,16:00,11905,0,5030,6556,40,474,1662,80,552,2374,0,11,0,1,4,-4896,17,11905
2024/8/1,16:30,11695,0,5484,6671,41,475,1659,83,537,1622,0,10,0,1,9,-4908,11,11695
2024/8/1,17:00,11316,0,5636,6739,41,472,1657,81,536,987,0,12,0,1,10,-4876,20,11316
2024/8/1,17:30,11053,0,5686,6795,40,479,1657,80,538,496,0,10,0,1,8,-4754,17,11053
2024/8/1,18:00,10850,0,5576,6805,39,474,1661,83,547,186,0,11,0,1,10,-4564,21,10850
2024/8/1,18:30,10776,0,5516,6837,39,481,1675,84,566,11,0,12,0,138,35,-4634,16,10776
2024/8/1,19:00,10630,0,5512,6796,39,472,1672,84,567,0,0,17,0,140,45,-4732,18,10630
2024/8/1,19:30,10308,0,5464,6752,38,472,1674,83,566,0,0,22,0,1,15,-4792,13,10308
2024/8/1,20:00,9957,0,5016,6699,37,467,1663,83,566,0,0,26,0,1,-1,-4618,18,9957
2024/8/1,20:30,9700,0,4924,6687,35,466,1634,85,569,0,0,26,0,1,-1,-4740,14,9700
2024/8/1,21:00,9334,0,4558,6593,34,458,1624,84,569,0,0,34,0,1,-1,-4634,14,9334
2024/8/1,21:30,9066,0,4520,6431,32,435,1614,84,571,0,0,42,0,1,-2,-4670,8,9066
2024/8/1,22:00,8804,0,4132,6324,30,322,1597,84,576,0,0,38,0,1,-1,-4318,19,8804
2024/8/1,22:30,8588,0,4030,6245,29,305,1589,84,576,0,0,38,0,1,-1,-4322,14,8588
2024/8/1,23:00,8377,0,3862,6260,29,311,1569,84,578,0,0,35,0,1,-2,-4358,8,8377
2024/8/1,23:30,8073,0,3806,6043,28,309,1547,84,576,0,0,37,0,1,-1,-4362,5,8073
2024/8/2,0:00,7838,0,3724,5951,26,307,1512,84,577,0,0,40,0,1,-1,-4386,3,7838
2024/8/2,0:30,7604,0,3742,5676,25,308,1475,84,581,0,0,45,0,1,-1,-4336,4,7604
2024/8/2,1:00,7529,0,3824,5506,24,303,1474,85,581,0,0,48,0,1,-1,-4322,6,7529
2024/8/2,1:30,7403,0,3830,5360,24,304,1472,84,583,0,0,48,0,1,-1,-4306,4,7403
2024/8/2,2:00,7394,0,3906,5350,23,301,1495,84,583,0,0,55,0,1,-2,-4406,4,7394
2024/8/2,2:30,7422,0,3884,5354,24,305,1494,83,586,0,0,63,0,1,-1,-4378,7,7422
2024/8/2,3:00,7526,0,3986,5353,25,299,1501,84,592,0,0,58,0,1,-1,-4376,4,7526
2024/8/2,3:30,7563,0,3980,5375,25,301,1505,83,587,0,0,56,0,1,-12,-4342,4,7563
2024/8/2,4:00,7584,0,3862,5484,25,302,1506,85,589,0,0,65,0,1,-1,-4340,6,7584
2024/8/2,4:30,7706,0,3956,5459,26,307,1499,83,586,17,0,70,0,1,-1,-4300,3,7706
2024/8/2,5:00,7696,0,4098,5252,28,305,1489,81,559,184,0,61,0,1,-12,-4354,4,7696
2024/8/2,5:30,7709,0,3916,5169,28,308,1482,82,550,516,0,44,0,1,-4,-4388,5,7709
2024/8/2,6:00,7854,0,3598,5246,28,318,1480,81,551,1057,0,42,0,1,-12,-4544,8,7854
2024/8/2,6:30,8117,0,3312,5194,28,316,1481,82,550,1812,0,30,0,-1,-12,-4692,17,8117
2024/8/2,7:00,8544,0,3230,5078,29,326,1492,81,561,2577,0,20,0,-209,-12,-4652,23,8544
2024/8/2,7:30,9187,0,3572,4673,30,352,1500,84,590,3309,0,12,0,-221,-13,-4722,21,9187
2024/8/2,8:00,10094,0,3862,4673,33,365,1507,83,602,4013,0,10,0,1,-12,-5062,19,10094
2024/8/2,8:30,10956,0,4050,4749,36,367,1508,73,607,4521,0,11,0,1,-10,-4972,15,10956
2024/8/2,9:00,11444,0,4036,4821,37,367,1480,68,608,4912,0,13,0,1,-3,-4912,16,11444
2024/8/2,9:30,11816,0,3914,4942,37,369,1489,68,615,5380,0,16,0,1,-2,-5036,23,11816
2024/8/2,10:00,11910,0,3764,4877,38,369,1480,68,578,5816,0,21,0,1,-1,-5126,25,11910
2024/8/2,10:30,12172,0,3784,4909,38,366,1477,64,547,6096,0,29,0,1,-5,-5156,22,12172
2024/8/2,11:00,12386,0,3856,4885,39,370,1478,63,535,6260,0,35,0,1,1,-5160,23,12386
2024/8/2,11:30,12466,0,3824,4845,40,369,1481,66,535,6363,0,36,0,1,-6,-5108,20,12466
2024/8/2,12:00,12110,0,3688,4707,40,366,1476,62,536,6338,0,25,0,1,-41,-5110,22,12110
2024/8/2,12:30,12147,0,3702,4765,40,370,1477,63,536,6319,0,22,0,1,-39,-5130,21,12147
2024/8/2,13:00,12513,0,4010,4852,41,368,1487,65,552,6079,0,25,0,1,-3,-4986,22,12513
2024/8/2,13:30,12644,0,4276,5047,41,369,1491,66,574,5752,0,14,0,1,-2,-5008,23,12644
2024/8/2,14:00,12753,0,4482,5347,41,373,1509,68,586,5308,0,15,0,1,-3,-4994,20,12753
2024/8/2,14:30,12699,0,4638,5491,42,376,1522,67,596,4758,0,21,0,1,0,-4836,23,12699
2024/8/2,15:00,12623,0,4736,5922,43,382,1600,66,584,4047,0,19,0,1,-2,-4796,21,12623
2024/8/2,15:30,12669,0,5230,6253,43,375,1603,66,550,3246,0,29,0,1,-3,-4752,28,12669
2024/8/2,16:00,12600,0,5548,6485,43,423,1596,63,532,2457,0,30,0,1,8,-4608,22,12600
2024/8/2,16:30,12489,0,6120,6502,44,481,1597,62,533,1630,0,32,0,1,11,-4550,26,12489
2024/8/2,17:00,12045,0,6106,6723,43,485,1580,65,528,933,0,27,0,1,8,-4478,24,12045
2024/8/2,17:30,11767,0,6230,6875,42,479,1567,62,529,443,0,22,0,1,5,-4512,24,11767
2024/8/2,18:00,11424,0,6150,6934,42,474,1564,66,537,164,0,24,0,1,11,-4572,29,11424
2024/8/2,18:30,11294,0,6090,6960,41,474,1578,65,560,7,0,27,0,1,44,-4570,17,11294
2024/8/2,19:00,11077,0,5898,6949,41,473,1579,65,560,0,0,25,0,1,36,-4570,20,11077
2024/8/2,19:30,10707,0,5628,6914,39,474,1567,67,563,0,0,25,0,1,9,-4594,14,10707
2024/8/2,20:00,10409,0,5620,6856,38,472,1455,65,570,0,0,20,0,1,-2,-4708,22,10409
2024/8/2,20:30,10066,0,5412,6784,36,477,1439,65,570,0,0,18,0,1,-1,-4752,17,10066
2024/8/2,21:00,9746,0,5208,6689,35,462,1399,64,572,0,0,18,0,1,-2,-4724,24,9746
2024/8/2,21:30,9385,0,4978,6648,33,437,1380,63,567,0,0,16,0,1,-1,-4766,29,9385
2024/8/2,22:00,9170,0,4576,6556,31,324,1347,66,574,0,0,25,0,1,-1,-4362,33,9170
2024/8/2,22:30,8962,0,4262,6612,30,315,1343,63,573,0,0,42,0,1,-2,-4310,33,8962
2024/8/2,23:00,8640,0,4038,6602,30,314,1320,66,578,0,0,38,0,1,-1,-4360,14,8640
2024/8/2,23:30,8440,0,3830,6649,28,314,1271,64,584,0,0,41,0,1,-1,-4348,7,8440
2024/8/3,0:00,8117,0,3746,6676,27,313,1132,66,585,0,0,45,0,1,-1,-4478,5,8117
2024/8/3,0:30,7878,0,3490,6648,26,314,1128,63,587,0,0,39,0,1,-2,-4422,6,7878
2024/8/3,1:00,7685,0,3490,6456,25,312,1172,64,584,0,0,42,0,1,-1,-4468,8,7685
2024/8/3,1:30,7568,0,3532,6309,24,316,1167,65,584,0,0,42,0,1,-1,-4478,7,7568
2024/8/3,2:00,7472,0,3546,6179,24,313,1165,64,588,0,0,41,0,1,-1,-4454,6,7472
2024/8/3,2:30,7457,0,3540,6182,24,311,1167,65,588,0,0,43,0,1,-1,-4472,9,7457
2024/8/3,3:00,7504,0,3394,6279,25,315,1159,64,589,0,0,43,0,1,-1,-4370,6,7504
2024/8/3,3:30,7511,0,3322,6398,25,315,1165,66,588,0,0,43,0,1,-1,-4416,5,7511
2024/8/3,4:00,7565,0,3388,6362,26,316,1158,63,590,0,0,42,0,1,-2,-4386,7,7565
2024/8/3,4:30,7587,0,3442,6312,26,317,1156,64,587,16,0,51,0,1,-1,-4388,4,7587
2024/8/3,5:00,7579,0,3408,6172,27,320,1142,64,564,185,0,62,0,1,-1,-4370,5,7579
2024/8/3,5:30,7421,0,3270,5884,27,318,1140,62,547,511,0,61,0,1,-5,-4400,5,7421
2024/8/3,6:00,7576,0,3256,5613,27,327,1134,64,549,1062,0,43,0,1,-9,-4500,9,7576
2024/8/3,6:30,7754,0,2952,5490,28,323,1145,61,547,1810,0,30,0,1,-13,-4638,18,7754
2024/8/3,7:00,8078,0,2564,5398,29,326,1131,62,552,2619,0,20,0,1,-11,-4638,25,8078
2024/8/3,7:30,8485,0,2546,4942,30,358,1156,65,580,3384,0,13,0,1,-12,-4600,22,8485
2024/8/3,8:00,9046,0,2778,4744,33,371,1228,65,602,4081,0,10,0,1,-13,-4876,22,9046
2024/8/3,8:30,9664,0,2570,4907,35,370,1225,67,605,4760,0,14,0,1,-12,-4896,18,9664
2024/8/3,9:00,10088,0,2612,4811,37,371,1223,65,594,5263,0,21,0,1,0,-4928,18,10088
2024/8/3,9:30,10439,0,2696,4796,37,378,1216,63,588,5676,0,19,0,1,-1,-5052,22,10439
2024/8/3,10:00,10613,0,2644,4812,38,372,1193,63,540,5956,0,25,0,1,-3,-5056,28,10613
2024/8/3,10:30,10814,0,2766,4835,38,375,1196,61,536,6018,0,34,0,1,0,-5066,20,10814
2024/8/3,11:00,10955,0,3012,4854,39,374,1176,63,537,5896,0,34,0,1,-3,-5052,24,10955
2024/8/3,11:30,11051,0,3086,4811,40,371,1172,60,538,5939,0,33,0,1,-4,-5018,22,11051
2024/8/3,12:00,11064,0,2816,5064,40,373,1182,61,535,5977,0,40,0,1,-49,-5002,26,11064
2024/8/3,12:30,11027,0,2876,5117,40,372,1185,62,539,5845,0,42,0,1,-49,-5026,23,11027
2024/8/3,13:00,11131,0,3012,5106,40,372,1188,61,540,5710,0,51,0,1,-6,-4968,24,11131
2024/8/3,13:30,11216,0,3302,5193,41,371,1206,62,555,5384,0,67,0,1,-5,-4984,23,11216
2024/8/3,14:00,11158,0,3292,5329,41,371,1220,65,564,5071,0,77,0,1,1,-4896,22,11158
2024/8/3,14:30,11137,0,3346,5587,41,372,1228,65,575,4572,0,65,0,1,-3,-4738,26,11137
2024/8/3,15:00,11129,0,3646,5821,42,362,1268,67,563,3900,0,68,0,1,0,-4632,23,11129
2024/8/3,15:30,11134,0,4112,6097,42,365,1252,63,529,3196,0,72,0,1,-4,-4618,27,11134
2024/8/3,16:00,11128,0,4400,6255,43,361,1257,63,527,2430,0,54,0,1,-1,-4288,26,11128
2024/8/3,16:30,11114,0,5066,6476,43,359,1254,66,528,1627,0,47,0,1,-6,-4372,25,11114
2024/8/3,17:00,10905,0,5448,6566,44,374,1258,63,529,924,0,44,0,1,10,-4382,26,10905
2024/8/3,17:30,10794,0,5770,6554,43,468,1253,63,531,446,0,31,0,1,10,-4398,22,10794
2024/8/3,18:00,10579,0,5840,6555,43,465,1246,66,539,156,0,25,0,1,13,-4400,30,10579
2024/8/3,18:30,10522,0,5908,6562,42,470,1255,65,565,4,0,19,0,1,44,-4430,17,10522
2024/8/3,19:00,10327,0,5724,6520,42,468,1244,67,566,0,0,13,0,1,38,-4376,20,10327
2024/8/3,19:30,10068,0,5526,6526,40,470,1229,66,567,0,0,11,0,1,9,-4390,13,10068
2024/8/3,20:00,9766,0,5240,6517,39,467,1209,66,569,0,0,9,0,1,10,-4382,21,9766
2024/8/3,20:30,9556,0,5136,6514,38,376,1191,67,573,0,0,8,0,1,5,-4370,17,9556
2024/8/3,21:00,9263,0,5010,6426,36,361,1173,65,572,0,0,7,0,1,-1,-4412,25,9263
2024/8/3,21:30,9024,0,4750,6400,34,416,1171,68,575,0,0,7,0,1,-2,-4424,28,9024
2024/8/3,22:00,8837,0,4282,6399,33,321,1139,64,575,0,0,6,0,1,-1,-4014,32,8837
2024/8/3,22:30,8562,0,3838,6350,32,312,1136,67,578,0,0,8,0,1,-1,-3792,33,8562
2024/8/3,23:00,8379,0,3864,6307,31,311,1130,66,576,0,0,6,0,1,-2,-3924,13,8379
2024/8/3,23:30,8116,0,3602,6307,30,310,1128,67,580,0,0,6,0,1,-2,-3920,7,8116
2024/8/4,0:00,7855,0,3564,6258,28,307,1091,67,580,0,0,9,0,1,-1,-4054,5,7855
2024/8/4,0:30,7644,0,3426,6224,27,305,1079,66,581,0,0,13,0,1,-2,-4082,6,7644
2024/8/4,1:00,7439,0,3354,6057,26,302,1114,65,581,0,0,19,0,1,-1,-4084,5,7439
2024/8/4,1:30,7326,0,3266,6026,26,300,1107,68,584,0,0,21,0,1,-1,-4078,6,7326
2024/8/4,2:00,7224,0,3208,5984,25,299,1108,65,579,0,0,13,0,1,-1,-4064,7,7224
2024/8/4,2:30,7259,0,3270,5984,25,297,1109,67,580,0,0,12,0,1,-1,-4092,7,7259
2024/8/4,3:00,7280,0,3210,6048,26,301,1111,66,579,0,0,13,0,1,-2,-4078,5,7280
2024/8/4,3:30,7360,0,3408,6020,26,299,1108,67,579,0,0,14,0,1,-1,-4166,5,7360
2024/8/4,4:00,7396,0,3412,5942,27,298,1107,65,581,0,0,14,0,1,-1,-4054,4,7396
2024/8/4,4:30,7411,0,3294,5945,27,299,1110,66,579,12,0,13,0,1,-1,-3938,4,7411
2024/8/4,5:00,7454,0,3298,5783,28,300,1095,65,554,186,0,14,0,1,-1,-3874,5,7454
2024/8/4,5:30,7266,0,3120,5474,29,298,1090,64,546,508,0,19,0,1,-5,-3884,6,7266
2024/8/4,6:00,7394,0,3228,5344,28,301,1078,66,539,1005,0,15,0,1,-11,-4208,8,7394
2024/8/4,6:30,7539,0,3314,5058,29,299,1080,62,539,1655,0,8,0,1,-11,-4510,15,7539
2024/8/4,7:00,7766,0,2846,4881,30,304,1066,64,539,2390,0,4,0,1,-11,-4372,24,7766
2024/8/4,7:30,8318,0,2950,4723,31,303,1068,65,546,3131,0,3,0,1,-19,-4506,22,8318
2024/8/4,8:00,8646,0,3006,4536,33,305,1122,64,569,3827,0,3,0,1,-8,-4832,20,8646
2024/8/4,8:30,9218,0,3156,4472,35,305,1138,67,568,4367,0,3,0,1,-14,-4896,16,9218
2024/8/4,9:00,9579,0,2946,4534,36,306,1144,65,571,4839,0,3,0,1,-3,-4882,19,9579
2024/8/4,9:30,9890,0,2904,4586,37,309,1145,64,572,5250,0,4,0,1,-1,-5002,21,9890
2024/8/4,10:00,10111,0,3020,4556,38,308,1120,66,545,5549,0,7,0,1,-2,-5124,27,10111
2024/8/4,10:30,10277,0,2962,4724,38,308,1110,62,527,5670,0,10,0,1,-1,-5152,18,10277
2024/8/4,11:00,10436,0,3004,4831,38,304,1099,62,526,5646,0,14,0,1,-4,-5108,23,10436
2024/8/4,11:30,10645,0,3080,4942,40,301,1095,65,526,5616,0,24,0,1,-6,-5060,21,10645
2024/8/4,12:00,10714,0,3334,4998,40,302,1095,62,528,5409,0,28,0,1,-47,-5054,18,10714
2024/8/4,12:30,10723,0,3454,5008,41,307,1092,62,528,5309,0,34,0,1,-52,-5080,19,10723
2024/8/4,13:00,10731,0,3272,5296,40,300,1114,65,525,5232,0,36,0,1,-5,-5168,23,10731
2024/8/4,13:30,10759,0,3268,5460,41,305,1133,62,526,5019,0,39,0,1,-2,-5116,23,10759
2024/8/4,14:00,10747,0,3400,5644,41,304,1136,64,526,4627,0,50,0,1,0,-5068,22,10747
2024/8/4,14:30,10721,0,3584,5882,41,304,1137,62,527,4063,0,61,0,1,-3,-4962,24,10721
2024/8/4,15:00,10721,0,3956,6027,41,303,1171,62,526,3375,0,61,0,1,-4,-4818,20,10721
2024/8/4,15:30,10681,0,4296,6154,42,310,1177,64,527,2644,0,66,0,1,-2,-4618,20,10681
2024/8/4,16:00,10690,0,4810,6333,43,312,1202,63,530,1910,0,94,0,1,0,-4628,20,10690
2024/8/4,16:30,10644,0,5302,6438,42,324,1212,62,529,1272,0,113,0,1,-3,-4672,24,10644
2024/8/4,17:00,10658,0,5554,6510,43,417,1213,63,527,796,0,123,0,1,10,-4622,23,10658
2024/8/4,17:30,10627,0,5786,6549,43,433,1217,63,531,408,0,124,0,1,7,-4556,21,10627
2024/8/4,18:00,10554,0,5582,6573,42,423,1206,62,541,141,0,109,0,1,9,-4158,23,10554
2024/8/4,18:30,10504,0,5440,6570,43,423,1200,66,567,3,0,82,0,1,30,-3944,23,10504
2024/8/4,19:00,10354,0,5314,6628,42,425,1165,65,567,0,0,70,0,1,45,-3994,26,10354
2024/8/4,19:30,10137,0,5196,6639,41,412,1145,64,567,0,0,64,0,1,20,-4034,22,10137
2024/8/4,20:00,9865,0,5076,6654,40,411,1125,66,568,0,0,73,0,1,10,-4174,15,9865
2024/8/4,20:30,9669,0,4942,6558,39,410,1114,65,568,0,0,62,0,1,5,-4112,17,9669
2024/8/4,21:00,9399,0,4972,6574,38,393,1110,67,570,0,0,71,0,1,-2,-4414,19,9399
2024/8/4,21:30,9113,0,4518,6581,35,384,1118,63,569,0,0,68,0,1,-1,-4232,9,9113
2024/8/4,22:00,8906,0,4196,6586,34,311,1083,65,572,0,0,60,0,1,-2,-4018,18,8906
2024/8/4,22:30,8558,0,3958,6473,33,304,1073,67,574,0,0,51,0,1,-2,-3988,14,8558
2024/8/4,23:00,8462,0,3774,6475,32,305,1064,64,574,0,0,41,0,1,-12,-3864,8,8462
2024/8/4,23:30,8170,0,3510,6461,31,300,1057,66,578,0,0,36,0,1,-12,-3864,6,8170
2024/8/5,0:00,7962,0,3594,6511,29,301,1030,65,577,0,0,38,0,1,-1,-4188,5,7962
2024/8/5,0:30,7651,0,3266,6368,28,301,1037,65,579,0,0,41,0,1,-1,-4038,4,7651
2024/8/5,1:00,7544,0,3448,6140,26,301,1068,67,578,0,0,50,0,1,-1,-4138,4,7544
2024/8/5,1:30,7497,0,3532,6005,26,302,1069,64,581,0,0,46,0,1,-1,-4132,4,7497
2024/8/5,2:00,7431,0,3522,6026,26,298,1083,67,577,0,0,39,0,1,-2,-4210,4,7431
2024/8/5,2:30,7518,0,3692,6026,26,300,1087,64,581,0,0,37,0,1,-12,-4290,6,7518
2024/8/5,3:00,7548,0,3446,5987,26,305,1079,64,578,0,0,43,0,1,-1,-3984,4,7548
2024/8/5,3:30,7634,0,3480,6049,27,301,1085,67,580,0,0,57,0,1,-1,-4016,4,7634
2024/8/5,4:00,7708,0,3584,5974,27,301,1080,66,580,0,0,72,0,1,-1,-3980,4,7708
2024/8/5,4:30,7823,0,3774,5947,28,303,1079,66,578,7,0,70,0,1,-12,-4022,4,7823
2024/8/5,5:00,7929,0,3700,6056,29,303,1054,63,552,138,0,98,0,1,-12,-4058,5,7929
2024/8/5,5:30,7972,0,3348,6046,30,312,1052,64,541,403,0,111,0,1,-12,-3930,6,7972
2024/8/5,6:00,8167,0,3270,6079,31,310,1058,65,541,771,0,98,0,1,-14,-4052,9,8167
2024/8/5,6:30,8548,0,3414,6023,32,312,1079,63,539,1219,0,82,0,1,-13,-4218,15,8548
2024/8/5,7:00,9021,0,3506,5908,33,314,1075,65,538,1733,0,73,0,1,0,-4248,23,9021
2024/8/5,7:30,9748,0,3734,5906,36,334,1096,62,536,2354,0,58,0,1,-2,-4388,21,9748
2024/8/5,8:00,10716,0,4290,6022,39,352,1135,62,540,2873,0,50,0,1,-5,-4662,19,10716
2024/8/5,8:30,11564,0,4734,5996,42,349,1165,66,548,3433,0,52,0,1,-1,-4836,15,11564
2024/8/5,9:00,12076,0,4718,6042,42,357,1182,78,574,3950,0,38,0,1,1,-4924,17,12076
2024/8/5,9:30,12309,0,4772,5981,43,358,1186,83,565,4163,0,33,0,1,-2,-4894,20,12309
2024/8/5,10:00,12543,0,4986,5989,43,357,1190,85,546,4168,0,37,0,1,-5,-4872,18,12543
2024/8/5,10:30,12530,0,4628,5985,43,357,1180,80,525,4289,0,50,0,1,-3,-4622,17,12530
2024/8/5,11:00,12750,0,4728,6004,44,359,1180,83,531,4452,0,68,0,1,-3,-4714,17,12750
2024/8/5,11:30,12716,0,4680,5987,43,357,1179,80,519,4498,0,69,0,1,-4,-4710,17,12716
2024/8/5,12:00,12520,0,4626,6002,42,357,1185,79,528,4373,0,80,0,1,-41,-4726,14,12520
2024/8/5,12:30,12563,0,4926,6049,41,383,1190,82,522,4154,0,88,0,1,-30,-4856,13,12563
2024/8/5,13:00,12913,0,5438,6287,41,442,1205,81,520,3715,0,112,0,1,23,-4968,16,12913
2024/8/5,13:30,12921,0,5462,6614,41,443,1230,88,545,3316,0,115,0,1,32,-4976,10,12921
2024/8/5,14:00,12873,0,5744,6706,42,449,1250,89,540,2846,0,107,0,1,-3,-4912,14,12873
2024/8/5,14:30,12765,0,5690,6808,42,448,1246,87,516,2620,0,105,0,1,-3,-4812,17,12765
2024/8/5,15:00,12631,0,5420,6983,43,442,1295,89,510,2561,0,108,0,1,-36,-4800,15,12631
2024/8/5,15:30,12596,0,5834,7051,43,466,1300,88,510,1786,0,119,0,1,-43,-4574,15,12596
2024/8/5,16:00,12518,0,6056,6957,44,459,1293,87,512,1233,0,144,0,1,2,-4288,18,12518
2024/8/5,16:30,12353,0,6308,6823,43,455,1301,90,517,971,0,162,0,1,11,-4346,17,12353
2024/8/5,17:00,11890,0,6174,6787,41,460,1320,88,523,693,0,158,0,1,13,-4388,20,11890
2024/8/5,17:30,11706,0,6422,6851,41,460,1320,89,539,350,0,125,0,1,10,-4520,18,11706
2024/8/5,18:00,11525,0,6498,6891,41,466,1335,90,543,109,0,90,0,1,27,-4588,22,11525
2024/8/5,18:30,11405,0,6254,6962,41,472,1346,90,566,2,0,75,0,1,45,-4470,21,11405
2024/8/5,19:00,11121,0,5930,7079,40,474,1337,92,567,0,0,53,0,1,24,-4496,20,11121
2024/8/5,19:30,10787,0,5642,7108,39,458,1338,90,565,0,0,37,0,1,9,-4514,14,10787
2024/8/5,20:00,10483,0,5472,7029,38,458,1317,92,562,0,0,35,0,1,-1,-4540,20,10483
2024/8/5,20:30,10192,0,5378,6948,37,460,1281,90,560,0,0,27,0,1,-1,-4604,15,10192
2024/8/5,21:00,9857,0,5116,6968,35,394,1227,90,560,0,0,22,0,1,-1,-4570,15,9857
2024/8/5,21:30,9548,0,4952,6958,33,385,1223,91,562,0,0,19,0,1,-1,-4684,9,9548
2024/8/5,22:00,9377,0,4616,6918,32,338,1168,91,563,0,0,14,0,1,-2,-4382,20,9377
2024/8/5,22:30,9151,0,4350,6917,31,327,1154,92,567,0,0,20,0,1,-1,-4322,15,9151
2024/8/5,23:00,8916,0,4096,6808,30,355,1150,91,568,0,0,16,0,1,-1,-4206,8,8916
2024/8/5,23:30,8616,0,3628,6838,29,333,1137,90,568,0,0,12,0,1,-12,-4014,6,8616
2024/8/6,0:00,8350,0,3798,6828,27,300,1009,93,572,0,0,16,0,1,9,-4308,5,8350
2024/8/6,0:30,8165,0,3886,6540,26,304,1001,90,570,0,0,15,0,1,-1,-4272,5,8165
2024/8/6,1:00,8010,0,3828,6508,25,301,998,94,570,0,0,17,0,1,-12,-4324,4,8010
2024/8/6,1:30,7878,0,3724,6532,25,292,1003,90,567,0,0,16,0,1,-12,-4366,6,7878
2024/8/6,2:00,7843,0,3654,6559,25,289,1040,92,570,0,0,12,0,1,-1,-4404,6,7843
2024/8/6,2:30,7848,0,3714,6548,25,295,1030,92,568,0,0,10,0,1,-12,-4430,7,7848
2024/8/6,3:00,7959,0,3904,6501,26,291,1042,91,567,0,0,8,0,1,-1,-4476,5,7959
2024/8/6,3:30,7962,0,3966,6502,26,293,1036,93,568,0,0,10,0,1,-4,-4534,5,7962
2024/8/6,4:00,8090,0,4056,6513,27,294,1039,92,570,0,0,10,0,1,-12,-4506,6,8090
2024/8/6,4:30,8149,0,4184,6431,28,296,1036,92,563,6,0,7,0,1,-1,-4498,4,8149
2024/8/6,5:00,8293,0,4254,6365,29,293,1031,91,544,106,0,5,0,1,-12,-4418,4,8293
2024/8/6,5:30,8242,0,3928,6377,29,301,1033,89,536,319,0,4,0,1,-12,-4368,5,8242
2024/8/6,6:00,8433,0,3756,6334,29,301,1059,90,533,641,0,6,0,1,-17,-4308,8,8433
2024/8/6,6:30,8660,0,3678,6308,30,303,1075,89,534,983,0,4,0,1,-11,-4352,18,8660
2024/8/6,7:00,9065,0,3538,6303,30,305,1129,90,539,1455,0,3,0,1,-3,-4348,23,9065
2024/8/6,7:30,9666,0,3556,6341,32,328,1148,89,556,2131,0,3,0,1,-6,-4534,21,9666
2024/8/6,8:00,10534,0,3816,6445,35,341,1200,90,574,2932,0,2,0,1,1,-4922,19,10534
2024/8/6,8:30,11333,0,4138,6286,37,343,1216,94,581,3583,0,2,0,1,-1,-4962,15,11333
2024/8/6,9:00,11876,0,4418,6153,37,348,1217,93,589,4035,0,4,0,1,-1,-5036,18,11876
2024/8/6,9:30,12194,0,4672,5965,37,349,1226,96,604,4305,0,11,0,1,10,-5102,20,12194
2024/8/6,10:00,12209,0,4482,5999,37,352,1216,93,579,4544,0,20,0,1,5,-5138,19,12209
2024/8/6,10:30,12448,0,4722,6023,38,351,1241,93,575,4479,0,27,0,1,-3,-5116,17,12448
2024/8/6,11:00,12644,0,4870,6021,39,357,1252,93,561,4485,0,45,0,1,-1,-5096,17,12644
2024/8/6,11:30,12610,0,4820,5958,40,358,1250,93,550,4466,0,69,0,1,1,-5014,18,12610
2024/8/6,12:00,12207,0,4474,6023,40,354,1244,92,546,4527,0,108,0,1,-42,-5176,16,12207
2024/8/6,12:30,12285,0,4062,6356,39,360,1225,89,508,4654,0,146,0,1,-50,-5120,15,12285
2024/8/6,13:00,12682,0,4346,6578,39,368,1235,87,513,4516,0,147,0,1,-20,-5144,16,12682
2024/8/6,13:30,12646,0,4478,6605,40,358,1259,91,537,4288,0,151,0,1,-2,-5170,10,12646
2024/8/6,14:00,12678,0,4366,6710,40,366,1340,89,537,4205,0,138,0,1,1,-5130,15,12678
2024/8/6,14:30,12579,0,4668,6796,40,364,1361,88,537,3680,0,131,0,1,-2,-5102,17,12579
2024/8/6,15:00,12324,0,4754,6811,40,370,1374,90,525,3230,0,93,0,1,0,-4982,18,12324
2024/8/6,15:30,12414,0,5254,6894,40,469,1428,86,521,2497,0,93,0,1,-5,-4878,14,12414
2024/8/6,16:00,12371,0,5864,7037,40,462,1470,88,527,1698,0,84,0,1,8,-4926,18,12371
2024/8/6,16:30,12158,0,6128,7112,40,465,1490,89,526,1152,0,65,0,1,11,-4938,17,12158
2024/8/6,17:00,11754,0,6150,7125,39,466,1512,88,532,637,0,42,0,1,10,-4866,18,11754
2024/8/6,17:30,11512,0,6178,7147,39,470,1522,89,530,312,0,32,0,1,11,-4838,19,11512
2024/8/6,18:00,11319,0,5972,7120,38,474,1548,89,543,101,0,38,0,1,45,-4672,22,11319
2024/8/6,18:30,11275,0,5974,7121,38,485,1596,89,569,1,0,38,0,1,38,-4696,21,11275
2024/8/6,19:00,11071,0,6066,7021,38,479,1604,93,568,0,0,30,0,1,10,-4862,23,11071
2024/8/6,19:30,10700,0,5674,6998,37,468,1588,90,568,0,0,57,0,1,5,-4800,14,10700
2024/8/6,20:00,10457,0,5510,6963,36,465,1581,92,568,0,0,63,0,1,-1,-4840,19,10457
2024/8/6,20:30,10142,0,5208,6971,35,469,1582,90,569,0,0,48,0,1,-1,-4844,14,10142
2024/8/6,21:00,9885,0,5114,6923,32,452,1549,90,570,0,0,54,0,1,-1,-4914,15,9885
2024/8/6,21:30,9500,0,4812,6874,32,370,1544,92,565,0,0,64,0,1,-2,-4860,8,9500
2024/8/6,22:00,9305,0,4466,6778,30,320,1500,90,567,0,0,46,0,1,-2,-4510,19,9305
2024/8/6,22:30,9092,0,4310,6716,28,306,1496,93,565,0,0,28,0,1,-1,-4464,14,9092
2024/8/6,23:00,8884,0,4316,6625,29,308,1427,90,570,0,0,23,0,1,-1,-4512,8,8884
2024/8/6,23:30,8521,0,3992,6539,27,311,1380,91,570,0,0,28,0,1,-1,-4422,5,8521
2024/8/7,0:00,8365,0,3876,6468,26,308,1249,92,574,0,0,19,0,1,-1,-4252,5,8365
2024/8/7,0:30,8114,0,3804,6318,25,307,1181,91,576,0,0,19,0,1,-4,-4208,4,8114
2024/8/7,1:00,8042,0,4030,6088,24,305,1164,93,574,0,0,14,0,1,-12,-4246,7,8042
2024/8/7,1:30,7843,0,3736,6111,24,304,1135,91,577,0,0,7,0,1,-12,-4136,5,7843
2024/8/7,2:00,7866,0,3694,6189,24,307,1124,92,582,0,0,6,0,1,-12,-4146,5,7866
2024/8/7,2:30,7846,0,3694,6206,24,305,1121,91,575,0,0,4,0,1,-12,-4170,7,7846
2024/8/7,3:00,7935,0,3806,6323,25,307,1120,93,577,0,0,5,0,1,-1,-4326,5,7935
2024/8/7,3:30,8000,0,4018,6325,25,307,1116,90,578,0,0,7,0,1,-12,-4460,5,8000
2024/8/7,4:00,8043,0,4096,6297,26,305,1111,92,575,0,0,6,0,1,-1,-4470,5,8043
2024/8/7,4:30,8186,0,4240,6187,27,315,1117,92,575,5,0,4,0,1,-1,-4380,4,8186
2024/8/7,5:00,8257,0,4440,6219,28,319,1106,91,553,118,0,6,0,-215,-2,-4410,4,8257
2024/8/7,5:30,8189,0,4164,6249,28,321,1092,90,539,349,0,4,0,-221,-12,-4418,4,8189
2024/8/7,6:00,8325,0,4012,6181,28,326,1097,90,537,683,0,9,0,-221,-2,-4424,9,8325
2024/8/7,6:30,8579,0,3846,6119,29,327,1109,90,536,1191,0,3,0,-221,-12,-4456,18,8579
2024/8/7,7:00,9057,0,3762,5961,29,336,1184,89,538,1769,0,3,0,-219,-11,-4406,22,9057
2024/8/7,7:30,9486,0,3940,5714,32,357,1180,88,532,2329,0,3,0,-221,-3,-4486,21,9486
2024/8/7,8:00,10421,0,4282,5777,33,371,1200,91,548,2896,0,6,0,1,1,-4804,19,10421
2024/8/7,8:30,11096,0,4684,5854,36,372,1192,91,567,3180,0,3,0,1,-2,-4896,14,11096
2024/8/7,9:00,11639,0,5154,5866,37,374,1192,90,574,3280,0,3,0,1,-3,-4946,17,11639
2024/8/7,9:30,11769,0,5346,5755,37,375,1213,95,604,3385,0,3,0,1,-1,-5064,20,11769
2024/8/7,10:00,11920,0,5036,5759,37,373,1219,92,606,3747,0,14,0,1,-1,-4980,17,11920
2024/8/7,10:30,11981,0,4672,5804,37,380,1213,94,580,4018,0,21,0,1,-4,-4852,17,11981
2024/8/7,11:00,12264,0,4544,5984,37,376,1211,90,568,4169,0,36,0,1,0,-4768,16,12264
2024/8/7,11:30,12125,0,4828,6004,38,377,1216,94,562,3775,0,62,0,1,-5,-4844,17,12125
2024/8/7,12:00,11800,0,4520,5985,39,381,1193,99,521,3608,0,90,0,1,-33,-4616,12,11800
2024/8/7,12:30,11962,0,4824,6307,39,379,1208,99,515,3395,0,116,0,1,-40,-4892,11,11962
2024/8/7,13:00,12194,0,5010,6514,39,376,1264,102,541,3265,0,146,0,1,-3,-5076,15,12194
2024/8/7,13:30,12289,0,4922,6599,38,376,1289,101,559,3348,0,151,0,1,-2,-5102,9,12289
2024/8/7,14:00,12245,0,5088,6621,37,390,1337,101,546,3077,0,155,0,1,-1,-5120,13,12245
2024/8/7,14:30,12274,0,5246,6730,38,486,1382,101,524,2616,0,207,0,1,-4,-5068,15,12274
2024/8/7,15:00,12115,0,5570,6913,39,482,1448,99,517,1909,0,219,0,1,1,-5096,13,12115
2024/8/7,15:30,12142,0,5942,7084,39,483,1501,98,515,1337,0,203,0,1,-4,-5070,13,12142
2024/8/7,16:00,11975,0,5938,7170,39,478,1528,101,519,992,0,176,0,136,10,-5128,16,11975
2024/8/7,16:30,11767,0,6244,7146,39,475,1553,98,519,669,0,122,0,142,9,-5264,15,11767
2024/8/7,17:00,11317,0,6092,7164,39,473,1573,102,526,509,0,122,0,142,10,-5452,17,11317
2024/8/7,17:30,11145,0,6292,7130,38,476,1606,99,548,270,0,106,0,142,19,-5598,17,11145
2024/8/7,18:00,11010,0,6212,7155,37,475,1631,102,548,95,0,69,0,142,43,-5520,21,11010
2024/8/7,18:30,10971,0,6552,7162,38,471,1628,104,561,2,0,36,0,142,21,-5766,20,10971
2024/8/7,19:00,10782,0,6418,7167,37,467,1620,102,561,0,0,23,0,2,9,-5642,18,10782
2024/8/7,19:30,10290,0,5670,7167,37,467,1598,103,561,0,0,38,0,1,5,-5370,13,10290
2024/8/7,20:00,10088,0,5196,7156,35,478,1544,103,564,0,0,41,0,1,-2,-5046,18,10088
2024/8/7,20:30,9828,0,4856,7178,35,471,1522,101,562,0,0,28,0,1,-1,-4938,13,9828
2024/8/7,21:00,9526,0,4970,7079,32,463,1463,105,560,0,0,27,0,1,-2,-5186,14,9526
2024/8/7,21:30,9303,0,5074,6919,32,442,1444,101,561,0,0,24,0,1,-2,-5300,7,9303
2024/8/7,22:00,9016,0,5160,6797,30,385,1415,105,565,0,0,14,0,1,-1,-5474,19,9016
2024/8/7,22:30,8831,0,5054,6775,29,325,1419,102,566,0,0,9,0,1,-2,-5460,13,8831
2024/8/7,23:00,8649,0,5092,6595,29,318,1404,105,567,0,0,26,0,1,-12,-5484,8,8649
2024/8/7,23:30,8293,0,4858,6328,28,322,1387,102,568,0,0,21,0,1,-12,-5314,4,8293
2024/8/8,0:00,8109,0,4482,6291,26,316,1349,102,566,0,0,26,0,1,-1,-5052,3,8109
2024/8/8,0:30,7807,0,4042,6167,25,373,1341,104,568,0,0,36,0,1,9,-4862,3,7807
2024/8/8,1:00,7809,0,4338,6371,24,319,1338,102,567,0,0,40,0,1,-2,-5292,3,7809
2024/8/8,1:30,7612,0,4218,6366,24,308,1341,105,565,0,0,37,0,1,-12,-5344,3,7612
2024/8/8,2:00,7670,0,4280,6380,24,312,1317,101,566,0,0,34,0,1,-12,-5336,3,7670
2024/8/8,2:30,7601,0,4252,6359,24,307,1319,105,566,0,0,40,0,1,-1,-5374,3,7601
2024/8/8,3:00,7721,0,4420,6390,24,312,1286,101,567,0,0,49,0,1,-2,-5430,3,7721
2024/8/8,3:30,7742,0,4516,6374,25,309,1242,103,565,0,0,69,0,1,-1,-5464,3,7742
2024/8/8,4:00,7857,0,4742,6249,26,308,1228,103,562,0,0,65,0,1,-12,-5418,3,7857
2024/8/8,4:30,7868,0,4780,6157,27,310,1228,103,565,6,0,64,0,1,-12,-5364,3,7868
2024/8/8,5:00,7930,0,4214,6166,27,342,1223,103,542,159,0,54,0,1,-2,-4902,3,7930
2024/8/8,5:30,7967,0,4058,6174,28,312,1228,101,533,486,0,43,0,1,-1,-5000,4,7967
2024/8/8,6:00,8074,0,4200,6070,28,317,1189,102,528,977,0,44,0,1,-12,-5376,6,8074
2024/8/8,6:30,8233,0,3930,5723,28,320,1179,100,528,1654,0,48,0,1,-12,-5282,16,8233
2024/8/8,7:00,8706,0,3858,5573,29,319,1219,100,527,2448,0,68,0,1,-14,-5444,22,8706
2024/8/8,7:30,9343,0,3952,5445,30,344,1253,102,536,3072,0,93,0,1,-5,-5498,18,9343
2024/8/8,8:00,10193,0,4562,5629,33,376,1309,102,558,3710,0,84,0,1,-4,-6182,15,10193
2024/8/8,8:30,11029,0,4764,5604,36,465,1354,106,585,4217,0,127,0,1,-1,-6242,13,11029
2024/8/8,9:00,11488,0,4886,5631,37,474,1387,103,587,4504,0,164,0,1,-1,-6300,15,11488
2024/8/8,9:30,11769,0,4540,5936,38,467,1388,105,579,4800,0,137,0,1,-1,-6240,19,11769
2024/8/8,10:00,11846,0,4470,6133,38,372,1395,102,554,4842,0,120,0,1,-1,-6196,16,11846
2024/8/8,10:30,12058,0,4476,6343,38,364,1397,103,536,4876,0,96,0,1,-3,-6184,15,12058
2024/8/8,11:00,12126,0,4190,6529,39,443,1387,100,536,5158,0,114,0,1,-2,-6384,15,12126
2024/8/8,11:30,12174,0,4232,6426,39,437,1385,98,526,5262,0,123,0,1,-1,-6370,16,12174
2024/8/8,12:00,11888,0,4166,6323,38,404,1380,103,532,5008,0,142,0,1,-37,-6184,12,11888
2024/8/8,12:30,11940,0,4376,6355,38,438,1360,100,534,4833,0,147,0,1,-40,-6218,16,11940
2024/8/8,13:00,12323,0,4908,6423,39,461,1359,102,545,4622,0,140,0,1,-4,-6288,15,12323
2024/8/8,13:30,12459,0,5108,6526,40,468,1368,103,581,4343,0,131,0,1,-1,-6226,17,12459
2024/8/8,14:00,12482,0,5210,6573,40,471,1374,104,591,4069,0,172,0,1,-4,-6132,13,12482
2024/8/8,14:30,12479,0,5430,6635,40,470,1373,103,585,3754,0,161,0,1,-3,-6088,18,12479
2024/8/8,15:00,12357,0,5374,6895,40,468,1423,101,587,3407,0,149,0,1,0,-6102,14,12357
2024/8/8,15:30,12458,0,5880,6975,41,466,1431,103,563,2979,0,135,0,1,-2,-6132,18,12458
2024/8/8,16:00,12476,0,6388,7019,42,465,1430,99,533,2316,0,117,0,1,13,-5964,17,12476
2024/8/8,16:30,12236,0,6656,7156,42,465,1410,101,535,1512,0,110,0,1,-3,-5766,17,12236
2024/8/8,17:00,11985,0,7034,7171,41,466,1429,100,543,897,0,104,0,138,45,-6000,17,11985
2024/8/8,17:30,11578,0,6996,7167,40,477,1430,100,543,396,0,89,0,144,-36,-5788,20,11578
2024/8/8,18:00,11492,0,7000,7160,40,481,1434,101,557,120,0,93,0,146,34,-5698,24,11492
2024/8/8,18:30,11260,0,6670,7144,39,482,1452,101,580,0,0,80,0,142,44,-5490,16,11260
2024/8/8,19:00,11092,0,6288,7159,39,467,1463,104,585,0,0,69,0,142,22,-5264,18,11092
2024/8/8,19:30,10710,0,5980,7161,37,464,1455,102,583,0,0,54,0,144,5,-5290,15,10710
2024/8/8,20:00,10359,0,5866,7167,36,465,1428,104,580,0,0,47,0,1,-2,-5348,15,10359
2024/8/8,20:30,10108,0,5792,7168,34,468,1411,102,580,0,0,32,0,1,-2,-5492,14,10108
2024/8/8,21:00,9753,0,5658,7156,33,459,1403,103,586,0,0,31,0,1,-1,-5694,18,9753
2024/8/8,21:30,9377,0,5208,7175,31,438,1395,103,591,0,0,28,0,1,-1,-5600,8,9377
2024/8/8,22:00,9079,0,4854,7165,30,375,1354,103,590,0,0,28,0,1,-1,-5436,16,9079
2024/8/8,22:30,8806,0,4562,7177,29,359,1353,104,594,0,0,33,0,1,-1,-5416,11,8806
2024/8/8,23:00,8637,0,4394,7166,29,312,1312,104,593,0,0,31,0,1,-12,-5302,9,8637
2024/8/8,23:30,8317,0,3878,7075,28,310,1302,104,593,0,0,30,0,1,-12,-4996,4,8317
2024/8/9,0:00,8083,0,3982,7011,27,362,1264,105,593,0,0,29,0,1,-1,-5294,4,8083
2024/8/9,0:30,7862,0,3996,6754,25,314,1252,103,591,0,0,39,0,1,-2,-5214,3,7862
2024/8/9,1:00,7719,0,3946,6594,24,306,1238,104,591,0,0,41,0,1,-1,-5128,3,7719
2024/8/9,1:30,7626,0,3936,6491,24,302,1245,104,596,0,0,45,0,1,-1,-5120,3,7626
2024/8/9,2:00,7513,0,3836,6475,24,305,1287,103,597,0,0,52,0,1,-1,-5170,4,7513
2024/8/9,2:30,7570,0,4006,6422,24,304,1287,105,601,0,0,53,0,1,-1,-5236,4,7570
2024/8/9,3:00,7582,0,4214,6398,24,304,1254,102,601,0,0,46,0,1,-12,-5354,4,7582
2024/8/9,3:30,7677,0,4340,6402,25,305,1250,106,600,0,0,43,0,1,-4,-5394,3,7677
2024/8/9,4:00,7686,0,4316,6461,26,302,1251,102,601,0,0,44,0,1,-1,-5420,3,7686
2024/8/9,4:30,7847,0,4472,6586,26,310,1260,105,602,10,0,38,0,1,-2,-5564,3,7847
2024/8/9,5:00,7861,0,4146,6758,27,305,1246,102,588,189,0,33,0,-1,-12,-5524,4,7861
2024/8/9,5:30,7812,0,3822,6717,28,309,1246,103,574,517,0,27,0,-209,-12,-5314,4,7812
2024/8/9,6:00,7914,0,3624,6394,28,316,1258,101,561,1036,0,14,0,-221,-12,-5192,7,7914
2024/8/9,6:30,8155,0,3586,6016,28,317,1261,102,560,1764,0,9,0,-221,-2,-5278,13,8155
2024/8/9,7:00,8626,0,3590,5619,28,324,1268,100,559,2613,0,5,0,-221,-16,-5264,21,8626
2024/8/9,7:30,9279,0,3616,5155,31,350,1274,103,572,3422,0,9,0,1,-8,-5264,18,9279
2024/8/9,8:00,10223,0,4136,5717,34,359,1248,100,586,4135,0,9,0,1,-6,-6112,16,10223
2024/8/9,8:30,10942,0,4268,5816,36,362,1249,104,584,4744,0,7,0,1,0,-6242,13,10942
2024/8/9,9:00,11482,0,4414,5841,37,378,1282,102,595,5244,0,7,0,1,0,-6434,15,11482
2024/8/9,9:30,11780,0,4506,5706,38,372,1278,101,587,5642,0,7,0,1,1,-6478,19,11780
2024/8/9,10:00,11959,0,4408,5694,39,365,1275,104,565,5903,0,4,0,1,-5,-6412,18,11959
2024/8/9,10:30,12175,0,4456,5696,39,372,1259,98,539,6136,0,7,0,1,-1,-6442,15,12175
2024/8/9,11:00,12376,0,4588,5717,40,370,1273,102,542,6223,0,11,0,1,0,-6506,15,12376
2024/8/9,11:30,12344,0,4582,5609,41,369,1285,99,540,6230,0,28,0,1,-8,-6448,16,12344
2024/8/9,12:00,12109,0,4310,5641,41,382,1281,98,543,6053,0,78,0,1,-41,-6294,16,12109
2024/8/9,12:30,12168,0,4554,5652,40,380,1284,102,542,5748,0,102,0,1,-40,-6214,17,12168
2024/8/9,13:00,12510,0,5154,5710,41,375,1286,99,546,5501,0,86,0,1,2,-6310,19,12510
2024/8/9,13:30,12587,0,5314,5909,41,383,1294,103,563,5211,0,96,0,1,-4,-6342,18,12587
2024/8/9,14:00,12555,0,5508,6077,42,419,1290,99,560,4798,0,107,0,1,1,-6364,17,12555
2024/8/9,14:30,12545,0,5532,6489,42,478,1292,99,564,4198,0,81,0,1,-3,-6242,14,12545
2024/8/9,15:00,12407,0,5630,6832,42,483,1336,101,554,3597,0,70,0,1,-2,-6254,17,12407
2024/8/9,15:30,12446,0,6118,7061,42,478,1334,97,546,2847,0,73,0,1,10,-6182,21,12446
2024/8/9,16:00,12413,0,6396,7140,43,477,1342,101,549,1987,0,68,0,1,31,-5742,20,12413
2024/8/9,16:30,12047,0,6422,7165,42,487,1338,97,548,1210,0,57,0,1,6,-5344,18,12047
2024/8/9,17:00,11639,0,6154,7150,42,487,1348,99,541,648,0,51,0,1,9,-4914,23,11639
2024/8/9,17:30,11321,0,6166,7123,41,486,1350,100,540,319,0,62,0,1,9,-4898,22,11321
2024/8/9,18:00,10997,0,5802,7124,40,477,1361,99,559,107,0,62,0,1,9,-4668,24,10997
2024/8/9,18:30,10977,0,5944,7151,41,470,1366,103,577,2,0,63,0,1,9,-4768,18,10977
2024/8/9,19:00,10683,0,5942,7167,40,474,1322,100,576,0,0,60,0,1,9,-5026,18,10683
2024/8/9,19:30,10552,0,6282,7184,39,473,1300,103,578,0,0,54,0,1,-2,-5480,20,10552
2024/8/9,20:00,10038,0,5964,7179,38,478,1245,101,576,0,0,45,0,1,-1,-5604,16,10038
2024/8/9,20:30,9888,0,6084,7175,36,478,1214,101,574,0,0,43,0,1,-1,-5832,15,9888
2024/8/9,21:00,9547,0,5794,7174,35,466,1196,103,580,0,0,46,0,1,-2,-5862,16,9547
2024/8/9,21:30,9078,0,5110,7148,33,442,1193,101,577,0,0,42,0,1,-1,-5576,8,9078
2024/8/9,22:00,8960,0,5054,7099,31,348,1133,103,582,0,0,41,0,1,-1,-5448,17,8960
2024/8/9,22:30,8645,0,4732,7088,30,372,1118,102,582,0,0,43,0,1,-1,-5438,16,8645
2024/8/9,23:00,8405,0,4378,7069,30,324,1103,103,579,0,0,49,0,1,-2,-5238,9,8405
2024/8/9,23:30,8161,0,4128,6911,29,318,1091,101,577,0,0,50,0,1,-2,-5048,5,8161
2024/8/10,0:00,7847,0,3940,6851,27,304,1008,104,579,0,0,48,0,1,-1,-5018,4,7847
2024/8/10,0:30,7650,0,3676,6879,25,276,1006,100,579,0,0,58,0,1,35,-4988,3,7650
2024/8/10,1:00,7448,0,3618,6773,25,264,991,103,578,0,0,72,0,1,1,-4982,4,7448
2024/8/10,1:30,7303,0,3486,6722,24,264,1000,104,580,0,0,87,0,1,-1,-4968,4,7303
2024/8/10,2:00,7290,0,3408,6713,24,265,1047,101,578,0,0,98,0,1,-1,-4948,4,7290
2024/8/10,2:30,7290,0,3450,6705,24,263,1045,104,576,0,0,85,0,1,-1,-4966,4,7290
2024/8/10,3:00,7300,0,3490,6738,25,268,1054,101,577,0,0,90,0,1,-2,-5046,4,7300
2024/8/10,3:30,7321,0,3384,6754,25,266,1054,104,579,0,0,87,0,1,-1,-4936,4,7321
2024/8/10,4:00,7365,0,3454,6756,26,267,1049,102,573,0,0,89,0,1,-1,-4954,3,7365
2024/8/10,4:30,7462,0,3634,6653,27,273,1052,102,579,2,0,86,0,1,-1,-4950,4,7462
2024/8/10,5:00,7490,0,3792,6502,27,271,1033,101,560,119,0,87,0,1,-1,-5006,4,7490
2024/8/10,5:30,7326,0,3470,6249,27,280,1031,101,549,372,0,86,0,1,-5,-4840,5,7326
2024/8/10,6:00,7376,0,3464,5901,28,280,1024,100,549,705,0,101,0,1,-12,-4774,9,7376
2024/8/10,6:30,7523,0,3218,5882,27,282,1020,101,547,1089,0,113,0,1,-12,-4756,11,7523
2024/8/10,7:00,7683,0,2976,5778,28,284,1028,99,551,1499,0,118,0,1,-14,-4688,23,7683
2024/8/10,7:30,8027,0,2930,5609,30,308,1033,99,552,1973,0,120,0,1,-15,-4634,21,8027
2024/8/10,8:00,8498,0,3084,5644,32,322,1005,101,551,2589,0,127,0,1,-8,-4970,20,8498
2024/8/10,8:30,8982,0,3054,5917,34,322,1032,99,550,3079,0,148,0,1,-16,-5256,18,8982
2024/8/10,9:00,9266,0,3038,5637,35,320,1058,102,564,3655,0,179,0,1,0,-5338,15,9266
2024/8/10,9:30,9502,0,3000,5592,36,321,1074,102,599,3941,0,166,0,1,-5,-5344,19,9502
2024/8/10,10:00,9592,0,3028,5480,36,319,1059,101,579,4412,0,185,0,1,2,-5634,24,9592
2024/8/10,10:30,9722,0,3010,5428,36,319,1057,102,569,4625,0,177,0,1,-3,-5616,17,9722
2024/8/10,11:00,9810,0,3082,5392,37,322,1065,101,559,4695,0,170,0,1,-7,-5628,21,9810
2024/8/10,11:30,10046,0,3224,5644,37,317,1059,102,540,4867,0,171,0,1,1,-5936,19,10046
2024/8/10,12:00,9993,0,3498,5664,37,318,1050,97,517,4863,0,187,0,1,-47,-6214,22,9993
2024/8/10,12:30,9989,0,3648,5708,38,319,1046,100,514,4683,0,218,0,1,-48,-6262,24,9989
2024/8/10,13:00,10126,0,3484,6103,38,316,1054,99,530,4464,0,271,0,1,-7,-6250,23,10126
2024/8/10,13:30,10178,0,3652,6298,38,317,1078,101,560,4143,0,293,0,1,-3,-6320,20,10178
2024/8/10,14:00,10182,0,3840,6323,38,314,1148,103,546,3732,0,296,0,1,2,-6182,21,10182
2024/8/10,14:30,10165,0,4188,6364,38,316,1169,98,537,3136,0,316,0,1,-6,-6010,18,10165
2024/8/10,15:00,10139,0,4506,6557,39,329,1243,102,531,2352,0,355,0,1,-2,-5894,20,10139
2024/8/10,15:30,10107,0,4814,6670,40,415,1243,98,506,1743,0,374,0,1,-2,-5818,23,10107
2024/8/10,16:00,10092,0,4780,6988,40,419,1223,100,507,1307,0,348,0,1,2,-5650,27,10092
2024/8/10,16:30,9912,0,4782,7117,40,417,1219,99,511,877,0,333,0,1,6,-5506,16,9912
2024/8/10,17:00,9906,0,5168,7168,40,418,1209,98,509,522,0,395,0,1,10,-5654,22,9906
2024/8/10,17:30,9630,0,4888,7159,40,420,1204,101,516,254,0,445,0,1,4,-5422,20,9630
2024/8/10,18:00,9560,0,4688,7129,40,424,1176,99,528,83,0,436,0,1,13,-5078,21,9560
2024/8/10,18:30,9710,0,5246,6977,39,430,1181,102,538,1,0,435,0,1,9,-5266,17,9710
2024/8/10,19:00,9486,0,5164,7025,39,433,1183,101,539,0,0,492,0,1,9,-5518,18,9486
2024/8/10,19:30,9309,0,5056,7065,38,432,1172,102,533,0,0,515,0,1,9,-5630,16,9309
2024/8/10,20:00,9009,0,4754,7066,37,415,1148,100,534,0,0,552,0,1,3,-5620,19,9009
2024/8/10,20:30,8815,0,4642,7000,36,418,1139,101,534,0,0,561,0,1,-1,-5632,16,8815
2024/8/10,21:00,8488,0,4602,6872,34,411,1101,102,535,0,0,507,0,1,-1,-5692,16,8488
2024/8/10,21:30,8227,0,4418,6896,33,384,1084,100,537,0,0,517,0,1,-2,-5748,7,8227
2024/8/10,22:00,8040,0,3828,6666,31,272,990,103,532,0,0,603,0,1,-1,-5000,15,8040
2024/8/10,22:30,7852,0,3590,6621,30,261,975,101,536,0,0,585,0,1,-1,-4860,13,7852
2024/8/10,23:00,7773,0,3398,6746,30,260,952,102,540,0,0,547,0,1,-2,-4808,7,7773
2024/8/10,23:30,7434,0,3080,6656,29,261,949,101,543,0,0,533,0,1,-2,-4722,5,7434
2024/8/11,0:00,7295,0,2940,6672,27,262,934,102,544,0,0,520,0,1,-1,-4710,4,7295
2024/8/11,0:30,6989,0,2488,6598,25,320,941,101,541,0,0,520,0,1,-1,-4548,3,6989
2024/8/11,1:00,6870,0,2498,6569,25,317,934,101,545,0,0,490,0,1,-2,-4612,4,6870
2024/8/11,1:30,6824,0,2568,6619,24,313,941,102,542,0,0,475,0,1,-1,-4764,4,6824
2024/8/11,2:00,6758,0,2592,6530,24,262,983,102,546,0,0,504,0,1,-2,-4788,4,6758
2024/8/11,2:30,6815,0,2576,6626,24,251,981,102,544,0,0,513,0,1,-1,-4806,4,6815
2024/8/11,3:00,6858,0,2542,6677,25,251,983,101,541,0,0,515,0,1,-2,-4780,4,6858
2024/8/11,3:30,6947,0,2674,6652,25,249,990,103,543,0,0,474,0,1,-2,-4766,4,6947
2024/8/11,4:00,6968,0,2982,6475,26,249,992,100,543,0,0,435,0,1,-5,-4834,4,6968
2024/8/11,4:30,7080,0,3180,6334,26,252,1005,103,543,1,0,448,0,1,-1,-4816,4,7080
2024/8/11,5:00,7064,0,3138,6201,27,251,991,100,515,99,0,448,0,1,-1,-4710,4,7064
2024/8/11,5:30,6948,0,2816,6095,28,252,986,98,515,320,0,414,0,1,8,-4590,5,6948
2024/8/11,6:00,6960,0,2650,5985,28,255,991,102,511,681,0,410,0,1,21,-4684,9,6960
2024/8/11,6:30,7112,0,2456,5944,28,255,988,99,511,1181,0,427,0,1,4,-4794,12,7112
2024/8/11,7:00,7269,0,2450,5660,28,254,987,101,505,1718,0,458,0,1,-14,-4902,23,7269
2024/8/11,7:30,7547,0,2498,5455,30,252,989,99,489,2146,0,493,0,1,-15,-4912,22,7547
2024/8/11,8:00,7792,0,2572,5419,32,252,950,102,484,2651,0,474,0,1,-11,-5154,20,7792
2024/8/11,8:30,8116,0,2530,5425,33,259,985,102,523,3038,0,462,0,1,-11,-5250,19,8116
2024/8/11,9:00,8380,0,2398,5193,34,256,999,104,541,3505,0,464,0,1,-3,-5130,18,8380
2024/8/11,9:30,8613,0,2390,4962,35,255,998,103,527,3953,0,492,0,1,-2,-5120,19,8613
2024/8/11,10:00,8731,0,2392,4787,36,258,1001,101,483,4291,0,518,0,1,-1,-5160,24,8731
2024/8/11,10:30,8891,0,2396,4807,36,257,990,98,474,4363,0,562,0,1,0,-5110,17,8891
2024/8/11,11:00,8957,0,2512,5055,36,259,987,99,486,4274,0,559,0,1,-5,-5328,22,8957
2024/8/11,11:30,9150,0,2470,5071,37,256,983,100,487,4388,0,607,0,1,-17,-5252,19,9150
2024/8/11,12:00,9212,0,2708,5127,38,258,984,98,491,4190,0,586,0,1,-54,-5236,21,9212
2024/8/11,12:30,9251,0,2762,5365,38,270,994,103,516,3920,0,595,0,1,-32,-5304,23,9251
2024/8/11,13:00,9283,0,3056,5626,38,354,1004,102,555,3522,0,606,0,1,-6,-5596,21,9283
2024/8/11,13:30,9288,0,3128,5832,38,354,1035,107,601,3124,0,594,0,1,-2,-5546,22,9288
2024/8/11,14:00,9164,0,3206,5714,38,355,1102,101,558,3004,0,614,0,1,0,-5550,21,9164
2024/8/11,14:30,9157,0,3310,5880,39,353,1148,102,551,2603,0,702,0,1,-4,-5548,20,9157
2024/8/11,15:00,9130,0,3460,6103,40,354,1210,99,528,2134,0,700,0,1,-3,-5518,22,9130
2024/8/11,15:30,9127,0,3714,6313,40,355,1223,101,517,1644,0,747,0,1,-1,-5552,25,9127
2024/8/11,16:00,9125,0,3812,6519,40,356,1206,99,529,1227,0,772,0,1,0,-5458,22,9125
2024/8/11,16:30,9094,0,3844,6665,41,355,1200,99,514,917,0,804,0,1,0,-5366,20,9094
2024/8/11,17:00,9151,0,4232,6732,40,351,1186,100,509,562,0,742,0,1,10,-5336,22,9151
2024/8/11,17:30,9127,0,4478,6745,40,355,1198,98,518,269,0,729,0,1,5,-5330,21,9127
2024/8/11,18:00,9146,0,4388,6864,39,353,1182,102,523,79,0,726,0,1,45,-5178,22,9146
2024/8/11,18:30,9188,0,4544,6839,39,361,1182,99,530,1,0,685,0,1,35,-5144,16,9188
2024/8/11,19:00,9026,0,4532,6746,39,372,1173,102,528,0,0,723,0,1,9,-5216,17,9026
2024/8/11,19:30,8891,0,4476,6721,37,365,1179,100,528,0,0,755,0,1,9,-5292,12,8891
2024/8/11,20:00,8697,0,4242,6817,36,355,1173,102,528,0,0,775,0,1,9,-5358,17,8697
2024/8/11,20:30,8484,0,4056,6732,35,355,1171,100,525,0,0,790,0,1,9,-5306,16,8484
2024/8/11,21:00,8290,0,4118,6448,33,348,1119,99,522,0,0,810,0,1,-1,-5220,13,8290
2024/8/11,21:30,7982,0,3540,6497,33,331,1086,103,528,0,0,776,0,1,-2,-4918,7,7982
2024/8/11,22:00,7806,0,3502,6170,32,314,1014,100,528,0,0,769,0,1,-2,-4638,16,7806
2024/8/11,22:30,7591,0,3232,6186,31,310,1013,102,527,0,0,788,0,1,-2,-4610,13,7591
2024/8/11,23:00,7453,0,2998,6097,31,310,1005,101,527,0,0,827,0,1,-1,-4450,7,7453
2024/8/11,23:30,7196,0,2946,5850,30,309,994,102,528,0,0,823,0,1,-2,-4390,5,7196
2024/8/12,0:00,6974,0,2706,5912,29,309,1008,100,532,0,0,784,0,1,-1,-4410,4,6974
2024/8/12,0:30,6827,0,2344,6190,27,310,1005,102,531,0,0,853,0,1,-1,-4538,3,6827
2024/8/12,1:00,6734,0,2460,6239,26,253,1007,100,529,0,0,884,0,1,-1,-4768,4,6734
2024/8/12,1:30,6635,0,2314,6227,25,251,1003,100,529,0,0,922,0,1,-1,-4740,4,6635
2024/8/12,2:00,6614,0,2114,6337,25,248,1012,102,528,0,0,945,0,1,-2,-4700,4,6614
2024/8/12,2:30,6706,0,2170,6503,25,251,1001,100,531,0,0,953,0,1,-1,-4832,4,6706
2024/8/12,3:00,6772,0,2142,6607,25,252,1009,102,529,0,0,971,0,1,-2,-4868,4,6772
2024/8/12,3:30,6868,0,2208,6670,26,250,1013,100,530,0,0,983,0,1,-1,-4916,4,6868
2024/8/12,4:00,6912,0,2440,6385,27,253,1012,102,528,0,0,985,0,1,-1,-4824,4,6912
2024/8/12,4:30,7036,0,2478,6399,28,250,1002,99,526,0,0,1000,0,1,-1,-4750,4,7036
2024/8/12,5:00,7118,0,2442,6422,28,252,1005,99,512,58,0,1024,0,1,-1,-4728,4,7118
2024/8/12,5:30,7010,0,2364,6221,29,253,996,101,510,187,0,986,0,1,-5,-4638,5,7010
2024/8/12,6:00,7101,0,2288,6148,30,250,1020,99,512,348,0,990,0,1,-13,-4582,10,7101
2024/8/12,6:30,7198,0,2262,6078,30,254,1021,100,510,512,0,1024,0,1,-11,-4594,11,7198
2024/8/12,7:00,7443,0,2292,6226,31,255,1027,98,515,672,0,1052,0,1,-13,-4736,23,7443
2024/8/12,7:30,7747,0,2360,6312,32,253,1030,101,517,816,0,1077,0,1,-13,-4758,19,7747
2024/8/12,8:00,7911,0,2318,6208,33,252,1026,97,519,954,0,1092,0,1,-13,-4596,20,7911
2024/8/12,8:30,8286,0,2378,6285,34,249,1035,99,528,1161,0,1099,0,1,-13,-4590,20,8286
2024/8/12,9:00,8522,0,2360,6324,35,253,1046,102,560,1371,0,1096,0,1,-2,-4642,18,8522
2024/8/12,9:30,8636,0,2560,6196,35,254,1057,100,581,1543,0,1093,0,1,1,-4804,19,8636
2024/8/12,10:00,8670,0,2564,6076,36,257,1071,103,570,1659,0,1145,0,1,-4,-4832,24,8670
2024/8/12,10:30,8766,0,2752,5932,36,252,1070,101,576,1701,0,1167,0,1,-2,-4838,18,8766
2024/8/12,11:00,8794,0,2798,5657,37,254,1086,102,586,2017,0,1149,0,1,-1,-4914,22,8794
2024/8/12,11:30,8916,0,2880,5531,37,255,1116,102,585,2228,0,1136,0,1,-2,-4972,19,8916
2024/8/12,12:00,8980,0,3268,5248,37,253,1130,101,588,2215,0,1146,0,1,-53,-4976,22,8980
2024/8/12,12:30,8878,0,3406,5251,37,253,1150,104,611,2035,0,1052,0,1,-49,-4994,21,8878
2024/8/12,13:00,8916,0,3488,5351,38,264,1157,103,603,1939,0,1032,0,1,-5,-5074,19,8916
2024/8/12,13:30,8875,0,3294,5458,38,349,1178,105,621,1935,0,953,0,1,1,-5076,18,8875
2024/8/12,14:00,8947,0,3290,5558,38,342,1236,100,578,1809,0,977,0,1,-2,-4998,18,8947
2024/8/12,14:30,8942,0,3654,5633,38,260,1236,99,551,1486,0,997,0,1,-3,-5032,22,8942
2024/8/12,15:00,8953,0,3680,5870,38,252,1252,100,545,1228,0,990,0,1,-5,-5018,20,8953
2024/8/12,15:30,8949,0,3756,5984,38,255,1251,97,534,1072,0,976,0,1,-1,-5038,24,8949
2024/8/12,16:00,9029,0,3950,6050,39,250,1260,100,536,891,0,952,0,1,0,-5018,18,9029
2024/8/12,16:30,9022,0,4076,6140,39,282,1263,98,539,637,0,964,0,1,-1,-5032,16,9022
2024/8/12,17:00,9062,0,3948,6439,40,303,1287,89,540,382,0,972,0,1,10,-4966,17,9062
2024/8/12,17:30,9189,0,4044,6661,40,287,1296,87,550,208,0,936,0,1,14,-4954,19,9189
2024/8/12,18:00,9277,0,4608,6860,40,345,1297,86,560,66,0,865,0,1,45,-5518,22,9277
2024/8/12,18:30,9219,0,4412,6967,40,346,1297,88,575,1,0,783,0,1,33,-5340,16,9219
2024/8/12,19:00,9163,0,4446,6936,40,348,1286,86,573,0,0,759,0,1,9,-5338,17,9163
2024/8/12,19:30,9004,0,4468,6877,39,347,1273,89,571,0,0,724,0,1,9,-5412,18,9004
2024/8/12,20:00,8778,0,4100,6859,38,351,1269,98,575,0,0,707,0,1,9,-5246,17,8778
2024/8/12,20:30,8620,0,4066,6793,37,346,1262,100,578,0,0,692,0,1,-1,-5268,14,8620
2024/8/12,21:00,8449,0,4244,6817,36,346,1222,102,578,0,0,647,0,1,5,-5566,17,8449
2024/8/12,21:30,8117,0,4068,6822,34,324,1198,100,576,0,0,608,0,1,-2,-5620,8,8117
2024/8/12,22:00,7890,0,3660,6616,32,252,1125,101,577,0,0,609,0,1,-2,-5096,15,7890
2024/8/12,22:30,7640,0,3416,6612,32,255,1119,99,577,0,0,594,0,1,-1,-5076,12,7640
2024/8/12,23:00,7510,0,2942,6518,31,304,1113,100,573,0,0,541,0,1,-1,-4622,10,7510
2024/8/12,23:30,7228,0,2588,6392,30,297,1123,101,570,0,0,498,0,1,-1,-4376,5,7228
2024/8/13,0:00,7049,0,2696,6458,29,256,1110,99,569,0,0,544,0,1,-1,-4716,4,7049
2024/8/13,0:30,6893,0,2564,6346,28,308,1097,101,567,0,0,561,0,1,-1,-4682,3,6893
2024/8/13,1:00,6738,0,2636,6486,26,256,1095,101,566,0,0,502,0,1,-2,-4932,3,6738
2024/8/13,1:30,6760,0,2682,6530,26,249,1093,99,569,0,0,466,0,1,-1,-4958,4,6760
2024/8/13,2:00,6654,0,2558,6540,26,244,1091,102,569,0,0,440,0,1,-1,-4920,4,6654
2024/8/13,2:30,6722,0,2568,6542,26,245,1089,100,571,0,0,401,0,1,-1,-4824,4,6722
2024/8/13,3:00,6885,0,2714,6592,26,250,1085,100,571,0,0,369,0,1,-1,-4826,4,6885
2024/8/13,3:30,6866,0,2738,6516,27,248,1086,102,570,0,0,346,0,1,-1,-4770,3,6866
2024/8/13,4:00,7013,0,2832,6518,28,249,1095,99,575,0,0,337,0,1,-1,-4724,4,7013
2024/8/13,4:30,7136,0,3020,6515,29,250,1090,101,574,3,0,320,0,1,-1,-4770,4,7136
2024/8/13,5:00,7159,0,2966,6491,30,248,1080,100,556,99,0,318,0,1,-2,-4732,4,7159
2024/8/13,5:30,7144,0,3182,6113,30,256,1073,98,542,311,0,308,0,1,-5,-4770,5,7144
2024/8/13,6:00,7141,0,3016,6043,30,254,1072,98,538,648,0,271,0,1,-13,-4824,7,7141
2024/8/13,6:30,7334,0,2730,6095,31,262,1065,98,532,1071,0,261,0,1,-11,-4814,13,7334
2024/8/13,7:00,7563,0,2726,6088,33,259,1064,99,528,1547,0,240,0,1,-14,-5030,22,7563
2024/8/13,7:30,7894,0,2614,6006,34,288,1067,96,525,2158,0,216,0,1,-13,-5116,18,7894
2024/8/13,8:00,8336,0,3004,6082,36,306,1039,97,523,2839,0,192,0,1,-13,-5786,16,8336
2024/8/13,8:30,8745,0,2914,6075,38,298,1062,99,539,3435,0,182,0,1,-9,-5902,13,8745
2024/8/13,9:00,9098,0,3012,6065,39,303,1100,99,552,3702,0,169,0,1,-2,-5956,14,9098
2024/8/13,9:30,9248,0,3068,6050,39,307,1095,100,545,3903,0,145,0,1,-1,-6026,22,9248
2024/8/13,10:00,9468,0,3142,6082,39,299,1106,98,542,4113,0,142,0,1,-4,-6110,18,9468
2024/8/13,10:30,9504,0,2746,6029,39,303,1105,98,532,4402,0,152,0,1,0,-5920,17,9504
2024/8/13,11:00,9707,0,2890,6061,40,305,1107,99,529,4396,0,128,0,1,-2,-5862,15,9707
2024/8/13,11:30,9818,0,2982,6083,40,303,1109,97,525,4323,0,140,0,1,-2,-5800,17,9818
2024/8/13,12:00,9869,0,3012,6224,40,308,1103,98,516,4190,0,134,0,1,-17,-5758,18,9869
2024/8/13,12:30,9869,0,2944,6302,41,303,1114,97,524,4198,0,134,0,1,-51,-5756,18,9869
2024/8/13,13:00,9870,0,3042,6343,40,304,1100,94,507,3984,0,153,0,1,-39,-5676,17,9870
2024/8/13,13:30,9916,0,3278,6459,40,306,1116,98,520,3708,0,153,0,1,1,-5782,18,9916
2024/8/13,14:00,9887,0,3434,6448,40,304,1181,97,509,3439,0,145,0,1,-2,-5726,17,9887
2024/8/13,14:30,9905,0,3946,6484,41,305,1186,96,508,2902,0,143,0,1,-2,-5726,21,9905
2024/8/13,15:00,9877,0,4326,6557,41,305,1256,100,506,2358,0,133,0,1,-3,-5718,15,9877
2024/8/13,15:30,9824,0,4596,6639,42,375,1258,97,507,1829,0,120,0,1,-1,-5658,19,9824
2024/8/13,16:00,9742,0,4848,6775,42,314,1256,99,509,1215,0,97,0,1,-5,-5428,19,9742
2024/8/13,16:30,9825,0,5192,7014,43,396,1251,97,508,777,0,95,0,1,0,-5568,19,9825
2024/8/13,17:00,9694,0,5350,7016,43,399,1237,97,511,449,0,92,0,1,8,-5528,19,9694
2024/8/13,17:30,9642,0,5366,7084,43,395,1232,101,521,203,0,82,0,1,13,-5418,19,9642
2024/8/13,18:00,9584,0,5434,7079,43,398,1240,99,536,54,0,91,0,1,45,-5458,22,9584
2024/8/13,18:30,9552,0,5508,7080,43,394,1237,99,548,1,0,87,0,1,36,-5498,16,9552
2024/8/13,19:00,9401,0,5486,7069,42,394,1238,102,550,0,0,77,0,1,9,-5588,21,9401
2024/8/13,19:30,9206,0,5218,7078,41,394,1243,100,550,0,0,72,0,1,9,-5514,14,9206
2024/8/13,20:00,8980,0,4982,7030,40,397,1211,101,549,0,0,64,0,1,9,-5422,18,8980
2024/8/13,20:30,8750,0,4888,6947,39,366,1217,100,549,0,0,62,0,1,2,-5436,15,8750
2024/8/13,21:00,8569,0,5022,6859,37,396,1213,99,546,0,0,65,0,1,-2,-5680,13,8569
2024/8/13,21:30,8257,0,4892,6808,36,379,1198,102,547,0,0,63,0,1,-2,-5774,7,8257
2024/8/13,22:00,8053,0,4278,6767,35,260,1123,100,552,0,0,62,0,1,-1,-5138,14,8053
2024/8/13,22:30,7815,0,4010,6756,33,253,1079,101,549,0,0,60,0,1,-2,-5038,13,7815
2024/8/13,23:00,7671,0,3922,6799,33,252,1052,100,554,0,0,52,0,1,-1,-5100,7,7671
2024/8/13,23:30,7335,0,3578,6771,31,306,1043,100,550,0,0,46,0,1,-2,-5094,5,7335
2024/8/14,0:00,7198,0,3300,6821,29,307,1017,102,555,0,0,44,0,1,-2,-4980,4,7198
2024/8/14,0:30,6938,0,2902,6733,28,306,1024,101,551,0,0,49,0,1,-1,-4760,4,6938
2024/8/14,1:00,6868,0,2906,6682,27,257,1031,101,556,0,0,52,0,1,-2,-4746,3,6868
2024/8/14,1:30,6709,0,2764,6626,26,246,1036,99,555,0,0,61,0,1,-1,-4708,4,6709
2024/8/14,2:00,6700,0,2818,6578,26,248,1068,100,555,0,0,71,0,1,-12,-4756,3,6700
2024/8/14,2:30,6689,0,2828,6520,26,247,1064,102,558,0,0,84,0,1,-1,-4744,4,6689
2024/8/14,3:00,6793,0,2916,6611,27,246,1053,100,555,0,0,87,0,1,-1,-4806,4,6793
2024/8/14,3:30,6813,0,2972,6619,27,248,1050,102,556,0,0,88,0,1,-1,-4852,3,6813
2024/8/14,4:00,6873,0,2988,6606,28,247,1059,100,553,0,0,93,0,1,-2,-4804,4,6873
2024/8/14,4:30,6987,0,3150,6596,29,251,1059,101,559,2,0,109,0,1,-1,-4872,3,6987
2024/8/14,5:00,7018,0,3212,6509,29,249,1064,101,541,94,0,121,0,1,-1,-4906,4,7018
2024/8/14,5:30,6977,0,3210,6277,30,253,1056,99,528,299,0,129,0,1,-1,-4908,4,6977
2024/8/14,6:00,7063,0,3022,6159,31,257,1015,100,520,604,0,129,0,1,-3,-4780,8,7063
2024/8/14,6:30,7308,0,2898,6297,32,256,1013,98,517,1016,0,127,0,1,-12,-4948,13,7308
2024/8/14,7:00,7556,0,2838,6295,32,258,998,99,519,1532,0,129,0,1,-13,-5154,22,7556
2024/8/14,7:30,7892,0,2824,6208,35,284,996,100,517,2042,0,133,0,1,-13,-5254,19,7892
2024/8/14,8:00,8262,0,3092,6177,36,297,993,99,541,2475,0,135,0,1,-10,-5590,16,8262
2024/8/14,8:30,8689,0,3020,6182,38,301,1003,102,556,2934,0,133,0,1,-11,-5584,14,8689
2024/8/14,9:00,8944,0,3068,6121,39,300,1006,102,585,3260,0,139,0,1,-3,-5690,16,8944
2024/8/14,9:30,9106,0,3256,6061,39,302,1017,104,606,3380,0,142,0,1,-2,-5820,20,9106
2024/8/14,10:00,9272,0,3252,6050,39,300,1014,105,598,3588,0,135,0,1,-1,-5834,25,9272
2024/8/14,10:30,9341,0,3332,6052,39,302,1013,103,594,3611,0,128,0,1,-3,-5848,17,9341
2024/8/14,11:00,9440,0,3186,6029,40,304,1048,101,583,3818,0,132,0,1,-1,-5822,21,9440
2024/8/14,11:30,9468,0,3204,6025,41,303,1075,103,574,3852,0,139,0,1,-2,-5866,19,9468
2024/8/14,12:00,9558,0,3146,6091,41,307,1065,100,554,3944,0,162,0,1,-13,-5862,22,9558
2024/8/14,12:30,9521,0,3132,6066,42,306,1071,102,549,3980,0,182,0,1,-46,-5882,18,9521
2024/8/14,13:00,9518,0,3338,6037,41,303,1104,100,556,3799,0,183,0,1,-41,-5926,23,9518
2024/8/14,13:30,9514,0,3496,5977,40,302,1143,99,562,3614,0,177,0,1,3,-5918,18,9514
2024/8/14,14:00,9569,0,3766,5925,39,305,1222,101,526,3319,0,175,0,1,-2,-5826,18,9569
2024/8/14,14:30,9535,0,3886,6174,39,303,1222,98,526,2807,0,143,0,1,-3,-5684,23,9535
2024/8/14,15:00,9539,0,4156,6283,40,301,1289,97,528,2343,0,115,0,1,-1,-5636,23,9539
2024/8/14,15:30,9548,0,4624,6343,40,304,1318,98,522,1854,0,106,0,1,-1,-5682,21,9548
2024/8/14,16:00,9497,0,4856,6509,40,391,1361,99,526,1262,0,93,0,1,-3,-5656,18,9497
2024/8/14,16:30,9531,0,4982,6903,40,393,1358,99,521,794,0,90,0,1,-1,-5668,19,9531
2024/8/14,17:00,9439,0,5106,6972,40,400,1366,97,524,479,0,91,0,1,10,-5670,23,9439
2024/8/14,17:30,9419,0,5240,7029,40,398,1374,98,529,240,0,100,0,1,12,-5662,20,9419
2024/8/14,18:00,9435,0,5378,7053,39,397,1363,101,548,61,0,96,0,1,45,-5670,23,9435
2024/8/14,18:30,9446,0,5470,7071,40,397,1353,100,564,0,0,84,0,1,29,-5680,17,9446
2024/8/14,19:00,9251,0,5278,7115,39,394,1325,102,568,0,0,74,0,1,9,-5672,18,9251
2024/8/14,19:30,9080,0,5094,7105,39,400,1306,100,568,0,0,72,0,1,9,-5632,18,9080
2024/8/14,20:00,8780,0,4746,7125,37,397,1275,93,566,0,0,83,0,1,9,-5570,18,8780
2024/8/14,20:30,8603,0,4620,7133,36,400,1230,90,564,0,0,87,0,1,1,-5572,13,8603
2024/8/14,21:00,8333,0,4426,7087,35,397,1210,88,570,0,0,84,0,1,-1,-5580,16,8333
2024/8/14,21:30,8100,0,4364,6963,33,377,1201,89,575,0,0,91,0,1,-1,-5600,7,8100
2024/8/14,22:00,7872,0,4252,6681,32,263,1109,88,575,0,0,79,0,1,-1,-5222,15,7872
2024/8/14,22:30,7623,0,4146,6587,30,246,1100,88,574,0,0,77,0,1,-1,-5238,13,7623
2024/8/14,23:00,7503,0,4000,6499,30,265,1107,90,575,0,0,78,0,1,-1,-5148,7,7503
2024/8/14,23:30,7119,0,3360,6428,29,294,1106,88,577,0,0,91,0,1,-1,-4858,4,7119
2024/8/15,0:00,6959,0,3054,6437,28,300,1082,91,579,0,0,101,0,1,-2,-4716,4,6959
2024/8/15,0:30,6791,0,2980,6351,26,304,1088,88,575,0,0,89,0,1,-2,-4712,3,6791
2024/8/15,1:00,6645,0,2918,6434,25,299,1104,88,575,0,0,109,0,1,-1,-4910,3,6645
2024/8/15,1:30,6630,0,3046,6448,25,302,1106,89,575,0,0,117,0,1,-2,-5080,3,6630
2024/8/15,2:00,6579,0,3134,6327,24,299,1109,88,574,0,0,132,0,1,-1,-5112,4,6579
2024/8/15,2:30,6639,0,3168,6333,25,298,1113,90,578,0,0,114,0,1,-1,-5084,4,6639
2024/8/15,3:00,6674,0,3230,6315,25,302,1123,88,579,0,0,104,0,1,-3,-5094,4,6674
2024/8/15,3:30,6732,0,3276,6337,25,299,1112,88,579,0,0,84,0,1,-1,-5072,4,6732
2024/8/15,4:00,6770,0,3296,6321,26,302,1115,90,582,0,0,106,0,1,-2,-5070,3,6770
2024/8/15,4:30,6910,0,3400,6339,27,307,1122,88,580,0,0,95,0,1,-1,-5052,4,6910
2024/8/15,5:00,6891,0,3222,6308,27,303,1104,88,559,94,0,88,0,1,-1,-4906,4,6891
2024/8/15,5:30,6922,0,3144,6323,28,294,1100,86,540,367,0,75,0,1,-2,-5038,4,6922
2024/8/15,6:00,6959,0,2992,6235,28,284,1065,85,540,779,0,66,0,1,-13,-5110,7,6959
2024/8/15,6:30,7146,0,2666,6205,29,277,1068,86,537,1358,0,68,0,1,-14,-5148,13,7146
2024/8/15,7:00,7412,0,2548,6010,30,284,1066,86,538,2019,0,57,0,1,-12,-5236,21,7412
2024/8/15,7:30,7892,0,2504,5907,31,304,1077,87,539,2625,0,52,0,1,-12,-5242,19,7892
2024/8/15,8:00,8331,0,2724,5659,33,320,1071,85,558,3269,0,65,0,1,-15,-5454,15,8331
2024/8/15,8:30,8724,0,2788,5384,36,322,1088,88,576,3884,0,62,0,1,-11,-5508,14,8724
2024/8/15,9:00,9177,0,2986,5036,36,320,1077,89,583,4431,0,58,0,1,1,-5456,15,9177
2024/8/15,9:30,9417,0,3118,4793,37,326,1079,94,570,4871,0,55,0,1,0,-5546,19,9417
2024/8/15,10:00,9619,0,3150,4808,37,327,1070,100,550,5111,0,60,0,1,-4,-5616,25,9619
2024/8/15,10:30,9718,0,2970,4878,37,333,1057,97,532,5353,0,54,0,1,-2,-5608,16,9718
2024/8/15,11:00,9903,0,2878,4897,38,331,1069,97,534,5503,0,45,0,1,1,-5510,19,9903
2024/8/15,11:30,10040,0,2988,4930,39,331,1087,99,532,5476,0,44,0,1,-5,-5500,18,10040
2024/8/15,12:00,10166,0,3064,4945,39,329,1088,98,533,5496,0,55,0,1,-28,-5476,22,10166
2024/8/15,12:30,10164,0,3230,5088,40,326,1088,97,532,5361,0,79,0,1,-52,-5646,20,10164
2024/8/15,13:00,10197,0,3430,5257,39,332,1097,95,532,5114,0,91,0,1,-28,-5786,23,10197
2024/8/15,13:30,10178,0,3348,5406,39,329,1113,85,540,4890,0,106,0,1,1,-5698,18,10178
2024/8/15,14:00,10276,0,3630,5612,39,345,1151,87,526,4326,0,124,0,1,-4,-5580,19,10276
2024/8/15,14:30,10217,0,3886,5719,40,361,1150,85,528,3796,0,156,0,1,-1,-5526,22,10217
2024/8/15,15:00,10167,0,3998,6121,40,362,1156,84,526,3143,0,176,0,1,-1,-5462,23,10167
2024/8/15,15:30,10157,0,4162,6622,40,363,1168,85,529,2429,0,186,0,1,-3,-5446,21,10157
2024/8/15,16:00,10128,0,4510,6823,41,373,1190,91,532,1766,0,183,0,1,-4,-5396,18,10128
2024/8/15,16:30,10059,0,4728,6970,41,459,1210,97,531,1090,0,194,0,1,-2,-5280,20,10059
2024/8/15,17:00,10023,0,5144,6992,41,461,1313,99,536,571,0,189,0,1,12,-5360,24,10023
2024/8/15,17:30,9864,0,5294,6987,40,460,1305,98,543,245,0,185,0,1,10,-5324,20,9864
2024/8/15,18:00,9799,0,5310,6996,40,467,1295,100,567,54,0,170,0,1,9,-5232,22,9799
2024/8/15,18:30,9776,0,5388,6992,40,465,1295,100,577,0,0,151,0,1,9,-5260,18,9776
2024/8/15,19:00,9627,0,5392,6994,39,464,1282,100,576,0,0,125,0,1,9,-5374,19,9627
2024/8/15,19:30,9423,0,5276,6986,38,458,1275,102,577,0,0,90,0,1,9,-5408,19,9423
2024/8/15,20:00,9095,0,4814,6972,37,460,1206,99,571,0,0,64,0,1,9,-5156,18,9095
2024/8/15,20:30,8985,0,4924,6932,36,458,1200,100,571,0,0,56,0,1,-1,-5306,14,8985
2024/8/15,21:00,8613,0,4688,6862,34,463,1108,101,572,0,0,43,0,1,-1,-5278,20,8613
2024/8/15,21:30,8322,0,4482,6762,33,439,1113,100,575,0,0,37,0,1,-2,-5228,10,8322
2024/8/15,22:00,8045,0,4142,6721,31,380,1108,102,574,0,0,36,0,1,-1,-5064,15,8045
2024/8/15,22:30,7855,0,4046,6724,30,315,1117,100,571,0,0,30,0,1,-1,-5090,12,7855
2024/8/15,23:00,7654,0,4010,6705,30,313,1094,100,570,0,0,32,0,1,-2,-5208,9,7654
2024/8/15,23:30,7395,0,3770,6685,28,334,1097,102,565,0,0,42,0,1,-2,-5232,5,7395
2024/8/16,0:00,7149,0,3308,6630,27,311,1102,100,568,0,0,48,0,1,-1,-4948,3,7149
2024/8/16,0:30,6968,0,2922,6610,26,312,1096,103,572,0,0,39,0,1,-2,-4714,3,6968
2024/8/16,1:00,6831,0,2928,6708,25,310,1095,100,574,0,0,36,0,1,-1,-4948,3,6831
2024/8/16,1:30,6735,0,2872,6650,25,310,1094,102,575,0,0,43,0,1,-2,-4938,3,6735
2024/8/16,2:00,6727,0,2868,6645,24,311,1107,100,575,0,0,55,0,1,-1,-4962,4,6727
2024/8/16,2:30,6701,0,2866,6662,25,311,1101,101,577,0,0,57,0,1,-2,-5002,4,6701
2024/8/16,3:00,6790,0,2878,6728,25,310,1101,103,577,0,0,71,0,1,-12,-4996,4,6790
2024/8/16,3:30,6888,0,3064,6590,26,316,1104,101,576,0,0,87,0,1,-12,-4968,3,6888
2024/8/16,4:00,6948,0,3152,6514,26,319,1093,102,573,0,0,97,0,1,-2,-4930,3,6948
2024/8/16,4:30,7037,0,3206,6526,27,314,1093,100,573,0,0,107,0,1,-12,-4902,4,7037
2024/8/16,5:00,7129,0,3182,6538,28,314,1078,100,550,74,0,126,0,1,-12,-4854,4,7129
2024/8/16,5:30,7086,0,2926,6557,29,315,1066,100,536,278,0,144,0,1,-12,-4858,4,7086
2024/8/16,6:00,7214,0,2894,6380,29,320,1066,98,537,564,0,153,0,1,-13,-4822,7,7214
2024/8/16,6:30,7431,0,2888,6427,30,315,1069,100,535,852,0,153,0,1,-15,-4938,14,7431
2024/8/16,7:00,7776,0,2958,6365,31,325,1071,98,536,1225,0,183,0,1,-12,-5026,21,7776
2024/8/16,7:30,8269,0,3048,6440,33,351,1062,98,539,1586,0,198,0,1,-7,-5100,20,8269
2024/8/16,8:00,8773,0,3420,6470,34,358,1047,102,562,1948,0,231,0,1,2,-5418,16,8773
2024/8/16,8:30,9374,0,3650,6510,37,364,1055,99,551,2338,0,245,0,1,-1,-5488,13,9374
2024/8/16,9:00,9743,0,3716,6554,38,360,1065,104,588,2521,0,231,0,1,31,-5482,16,9743
2024/8/16,9:30,9902,0,3762,6335,38,367,1070,102,609,2801,0,246,0,1,31,-5480,20,9902
2024/8/16,10:00,10085,0,3910,6297,39,363,1064,102,596,3009,0,278,0,1,-4,-5594,24,10085
2024/8/16,10:30,10187,0,3936,6298,39,364,1066,104,599,3229,0,276,0,1,-5,-5736,16,10187
2024/8/16,11:00,10344,0,3936,6047,40,362,1089,102,611,3553,0,290,0,1,2,-5708,19,10344
2024/8/16,11:30,10459,0,4204,5964,41,363,1081,105,606,3527,0,310,0,1,-3,-5758,18,10459
2024/8/16,12:00,10465,0,4300,5953,41,363,1100,103,606,3437,0,333,0,1,-36,-5752,16,10465
2024/8/16,12:30,10432,0,4314,5988,41,364,1111,102,602,3343,0,374,0,1,-42,-5784,18,10432
2024/8/16,13:00,10492,0,4004,6236,41,364,1154,105,620,3308,0,431,0,1,-6,-5786,20,10492
2024/8/16,13:30,10570,0,4060,6339,41,374,1153,103,617,3081,0,484,0,1,-1,-5698,16,10570
2024/8/16,14:00,10514,0,4030,6476,40,423,1190,101,590,2813,0,538,0,1,-1,-5700,13,10514
2024/8/16,14:30,10570,0,4128,6680,41,380,1190,101,567,2527,0,539,0,1,-5,-5598,19,10570
2024/8/16,15:00,10466,0,4078,6816,41,467,1188,99,552,2120,0,562,0,1,3,-5478,17,10466
2024/8/16,15:30,10453,0,4282,6871,42,464,1178,99,527,1792,0,604,0,1,-2,-5422,17,10453
2024/8/16,16:00,10467,0,4532,6856,42,466,1179,98,523,1375,0,577,0,1,-1,-5198,17,10467
2024/8/16,16:30,10426,0,4926,6862,43,460,1184,98,519,930,0,591,0,1,9,-5210,13,10426
2024/8/16,17:00,10256,0,4814,6793,43,463,1246,99,517,580,0,632,0,1,8,-4960,20,10256
2024/8/16,17:30,10127,0,4966,6854,43,462,1264,98,538,269,0,623,0,1,2,-5012,19,10127
2024/8/16,18:00,10055,0,4986,6883,42,454,1252,98,547,68,0,637,0,1,10,-4944,21,10055
2024/8/16,18:30,10029,0,5010,6967,42,459,1250,102,556,0,0,673,0,1,40,-5088,17,10029
2024/8/16,19:00,9825,0,4514,6948,41,459,1245,100,557,0,0,740,0,1,36,-4834,18,9825
2024/8/16,19:30,9526,0,4394,6912,41,458,1234,99,559,0,0,753,0,1,9,-4952,18,9526
2024/8/16,20:00,9257,0,4274,6909,39,460,1212,101,554,0,0,769,0,1,9,-5088,17,9257
2024/8/16,20:30,9062,0,4178,6942,38,461,1203,99,555,0,0,780,0,1,-1,-5208,14,9062
2024/8/16,21:00,8689,0,4052,6900,37,467,1129,101,557,0,0,698,0,1,-2,-5266,15,8689
2024/8/16,21:30,8463,0,3962,6865,35,442,1126,100,561,0,0,680,0,1,0,-5316,7,8463
2024/8/16,22:00,8191,0,3702,6790,34,328,1035,98,563,0,0,658,0,1,-1,-5032,15,8191
2024/8/16,22:30,8064,0,3578,6805,32,320,1032,102,564,0,0,637,0,1,-2,-5018,13,8064
2024/8/16,23:00,7841,0,3604,6585,32,318,1029,99,562,0,0,623,0,1,-3,-5018,9,7841
2024/8/16,23:30,7611,0,3236,6490,31,326,1034,102,564,0,0,615,0,1,-1,-4792,5,7611
2024/8/17,0:00,7312,0,2854,6110,29,377,1048,99,562,0,0,595,0,1,-1,-4366,4,7312
2024/8/17,0:30,7161,0,2788,6142,27,326,1048,100,564,0,0,589,0,1,-2,-4426,4,7161
2024/8/17,1:00,6984,0,2850,6063,27,316,1042,102,564,0,0,553,0,1,-1,-4536,3,6984
2024/8/17,1:30,6931,0,2972,6128,26,316,1043,100,566,0,0,515,0,1,-2,-4738,4,6931
2024/8/17,2:00,6856,0,2980,6038,25,318,1042,102,565,0,0,527,0,1,-2,-4744,4,6856
2024/8/17,2:30,6876,0,2918,6069,26,314,1050,101,567,0,0,526,0,1,-2,-4698,4,6876
2024/8/17,3:00,6939,0,2996,6088,25,314,1052,100,564,0,0,490,0,1,-1,-4694,4,6939
2024/8/17,3:30,6971,0,3116,6095,26,315,1049,102,559,0,0,483,0,1,-1,-4778,4,6971
2024/8/17,4:00,7050,0,3100,6154,27,313,1056,99,563,0,0,471,0,1,-2,-4736,4,7050
2024/8/17,4:30,7115,0,2898,6367,27,317,1051,103,563,0,0,469,0,1,-1,-4684,4,7115
2024/8/17,5:00,7190,0,2892,6319,28,316,1044,99,541,49,0,492,0,1,-1,-4594,4,7190
2024/8/17,5:30,7136,0,3052,6117,28,318,1035,100,534,191,0,465,0,1,-12,-4698,5,7136
2024/8/17,6:00,7177,0,2936,5978,29,324,1037,98,535,440,0,435,0,1,-2,-4644,10,7177
2024/8/17,6:30,7389,0,3138,5870,29,324,1046,98,533,870,0,395,0,1,-12,-4914,11,7389
2024/8/17,7:00,7654,0,2932,5676,31,329,1043,101,532,1384,0,360,0,1,-12,-4744,21,7654
2024/8/17,7:30,7977,0,2666,5410,33,353,1044,98,532,2010,0,381,0,1,-12,-4558,19,7977
2024/8/17,8:00,8567,0,2766,5007,36,366,1036,100,528,2665,0,400,0,1,-12,-4342,16,8567
2024/8/17,8:30,9031,0,3064,4727,38,364,1020,97,530,3187,0,395,0,1,-12,-4394,14,9031
2024/8/17,9:00,9453,0,3320,5088,41,363,990,102,558,3685,0,373,0,1,-1,-5084,17,9453
2024/8/17,9:30,9853,0,3376,5209,41,368,978,98,528,4213,0,333,0,1,1,-5312,19,9853
2024/8/17,10:00,9897,0,3228,5215,41,369,966,97,516,4663,0,315,0,1,-6,-5532,24,9897
2024/8/17,10:30,10100,0,3114,5280,42,367,972,99,514,4913,0,291,0,1,2,-5512,17,10100
2024/8/17,11:00,10210,0,3172,5250,43,371,973,97,514,5174,0,289,0,1,-3,-5690,19,10210
2024/8/17,11:30,10306,0,3178,5302,43,365,980,99,515,5158,0,329,0,1,-5,-5678,19,10306
2024/8/17,12:00,10286,0,3018,5390,43,369,1004,97,513,5224,0,353,0,1,-51,-5696,21,10286
2024/8/17,12:30,10270,0,3060,5465,43,371,992,97,513,5091,0,357,0,1,-47,-5692,19,10270
2024/8/17,13:00,10356,0,3314,5534,43,372,981,100,508,4829,0,351,0,1,-4,-5694,21,10356
2024/8/17,13:30,10394,0,3478,5993,43,371,999,97,509,4243,0,330,0,1,2,-5688,16,10394
2024/8/17,14:00,10354,0,3602,6417,44,369,1031,99,510,3579,0,307,0,1,-2,-5622,19,10354
2024/8/17,14:30,10287,0,3820,6656,43,371,1029,97,511,2920,0,272,0,1,-8,-5448,23,10287
2024/8/17,15:00,10095,0,3874,6497,43,376,1046,97,511,2441,0,283,0,1,1,-5094,19,10095
2024/8/17,15:30,10059,0,4136,6633,42,467,1054,100,511,1891,0,273,0,1,-2,-5066,19,10059
2024/8/17,16:00,9969,0,4192,6656,42,464,1088,98,514,1452,0,263,0,1,2,-4822,19,9969
2024/8/17,16:30,9868,0,4256,6778,42,466,1108,99,516,1062,0,250,0,1,7,-4738,21,9868
2024/8/17,17:00,9775,0,4552,6780,42,482,1177,98,520,617,0,210,0,1,9,-4736,23,9775
2024/8/17,17:30,9726,0,4902,6787,42,480,1194,98,534,272,0,211,0,1,46,-4862,21,9726
2024/8/17,18:00,9657,0,4912,6806,41,480,1183,101,553,58,0,199,0,1,37,-4736,22,9657
2024/8/17,18:30,9668,0,5148,6790,41,475,1182,100,560,0,0,187,0,1,9,-4842,17,9668
2024/8/17,19:00,9449,0,4730,6794,40,475,1168,102,560,0,0,195,0,1,10,-4644,18,9449
2024/8/17,19:30,9164,0,4228,6857,40,472,1174,100,558,0,0,179,0,1,9,-4472,18,9164
2024/8/17,20:00,8940,0,4068,6879,38,469,1126,102,563,0,0,143,0,1,0,-4466,17,8940
2024/8/17,20:30,8699,0,3924,6835,37,460,1106,99,568,0,0,128,0,1,-1,-4472,14,8699
2024/8/17,21:00,8396,0,3886,6681,36,458,1025,103,572,0,0,110,0,1,-1,-4488,13,8396
2024/8/17,21:30,8167,0,3866,6613,34,437,1020,100,574,0,0,122,0,1,-1,-4606,7,8167
2024/8/17,22:00,7945,0,3554,6588,32,382,979,101,575,0,0,104,0,1,-1,-4386,16,7945
2024/8/17,22:30,7758,0,3452,6511,31,370,981,102,587,0,0,98,0,1,-2,-4388,15,7758
2024/8/17,23:00,7658,0,3708,6376,31,368,977,99,605,0,0,95,0,1,-1,-4608,7,7658
2024/8/17,23:30,7302,0,3232,6124,30,370,976,103,616,0,0,79,0,1,-1,-4232,4,7302
2024/8/18,0:00,7175,0,3206,6275,29,315,987,100,618,0,0,77,0,1,-1,-4436,4,7175
2024/8/18,0:30,6911,0,2808,6307,27,311,987,102,618,0,0,71,0,1,-1,-4324,4,6911
2024/8/18,1:00,6773,0,2686,6359,26,308,1021,100,618,0,0,65,0,1,-1,-4414,4,6773
2024/8/18,1:30,6758,0,2928,6446,26,304,1022,100,620,0,0,64,0,1,-1,-4756,4,6758
2024/8/18,2:00,6714,0,2946,6457,26,304,1039,103,620,0,0,63,0,1,-1,-4848,4,6714
2024/8/18,2:30,6710,0,2906,6431,26,308,1043,100,621,0,0,66,0,1,-2,-4794,4,6710
2024/8/18,3:00,6792,0,3158,6439,26,303,1031,103,618,0,0,58,0,1,-1,-4948,4,6792
2024/8/18,3:30,6847,0,3220,6447,26,305,1037,101,619,0,0,64,0,1,-1,-4976,4,6847
2024/8/18,4:00,6906,0,3232,6433,27,307,1034,103,618,0,0,74,0,1,-1,-4926,4,6906
2024/8/18,4:30,6982,0,3232,6384,27,309,1040,101,618,0,0,73,0,1,-1,-4806,4,6982
2024/8/18,5:00,6990,0,3434,6167,28,310,1012,100,599,81,0,71,0,1,-1,-4816,4,6990
2024/8/18,5:30,6910,0,3554,5743,28,308,1007,101,585,318,0,68,0,1,-12,-4796,5,6910
2024/8/18,6:00,6896,0,3446,5684,28,311,1003,98,584,681,0,61,0,1,-12,-4998,9,6896
2024/8/18,6:30,7019,0,3184,5531,28,308,1015,101,574,1179,0,76,0,1,-12,-4978,12,7019
2024/8/18,7:00,7168,0,2902,5438,30,311,974,99,578,1777,0,61,0,1,-12,-5012,21,7168
2024/8/18,7:30,7496,0,2674,5303,30,312,996,101,589,2469,0,73,0,1,-12,-5058,18,7496
2024/8/18,8:00,7731,0,2862,5206,31,311,981,100,601,3087,0,100,0,1,-12,-5554,17,7731
2024/8/18,8:30,8149,0,2816,5101,34,312,991,101,610,3652,0,105,0,1,-16,-5574,16,8149
2024/8/18,9:00,8489,0,2690,4737,34,312,990,104,620,4121,0,117,0,1,-1,-5254,18,8489
2024/8/18,9:30,8738,0,2966,4623,35,316,970,100,603,4424,0,113,0,1,3,-5436,20,8738
2024/8/18,10:00,8894,0,2906,4643,34,318,971,102,592,4766,0,89,0,1,-3,-5548,23,8894
2024/8/18,10:30,8953,0,2718,4687,35,319,958,99,579,5023,0,88,0,1,-5,-5566,17,8953
2024/8/18,11:00,9130,0,2620,4664,35,316,967,98,581,5254,0,84,0,1,4,-5514,20,9130
2024/8/18,11:30,9306,0,2692,4784,36,320,957,100,581,5289,0,82,0,1,-6,-5550,20,9306
2024/8/18,12:00,9411,0,2606,4890,36,317,972,98,577,5353,0,88,0,1,-49,-5498,20,9411
2024/8/18,12:30,9422,0,2562,4902,36,322,971,100,572,5328,0,81,0,1,-38,-5432,17,9422
2024/8/18,13:00,9427,0,2652,4820,36,321,981,99,579,5292,0,105,0,1,-10,-5472,23,9427
2024/8/18,13:30,9486,0,3078,4563,36,316,994,99,597,5150,0,120,0,1,4,-5490,18,9486
2024/8/18,14:00,9465,0,3208,4821,36,315,1025,103,605,4721,0,114,0,1,-2,-5502,20,9465
2024/8/18,14:30,9488,0,3248,5320,36,317,1026,99,593,4126,0,113,0,1,-4,-5410,23,9488
2024/8/18,15:00,9412,0,3482,5521,36,325,1046,101,582,3475,0,125,0,1,1,-5306,23,9412
2024/8/18,15:30,9451,0,3558,6071,36,414,1038,97,565,2796,0,127,0,1,-3,-5270,21,9451
2024/8/18,16:00,9474,0,4014,6431,37,417,1046,98,568,2039,0,127,0,1,-2,-5322,20,9474
2024/8/18,16:30,9511,0,4400,6830,37,420,1069,100,567,1283,0,123,0,1,0,-5340,21,9511
2024/8/18,17:00,9482,0,4780,6955,37,421,1138,98,568,665,0,111,0,1,8,-5324,24,9482
2024/8/18,17:30,9493,0,5088,6971,38,419,1151,101,572,257,0,114,0,1,9,-5248,20,9493
2024/8/18,18:00,9402,0,4868,6979,37,424,1145,99,593,42,0,102,0,1,12,-4922,22,9402
2024/8/18,18:30,9445,0,4942,6944,37,429,1143,100,604,0,0,89,0,1,45,-4906,17,9445
2024/8/18,19:00,9271,0,4984,6951,36,431,1117,102,604,0,0,70,0,1,35,-5078,18,9271
2024/8/18,19:30,9080,0,5034,6941,36,417,1114,102,607,0,0,71,0,1,9,-5270,18,9080
2024/8/18,20:00,8819,0,4802,6996,34,415,1063,103,604,0,0,70,0,1,8,-5294,17,8819
2024/8/18,20:30,8566,0,4594,6976,33,413,1031,101,604,0,0,69,0,1,-2,-5268,14,8566
2024/8/18,21:00,8354,0,4618,6898,32,412,918,103,604,0,0,63,0,1,-2,-5314,21,8354
2024/8/18,21:30,8055,0,4494,6787,30,391,916,101,606,0,0,35,0,1,-1,-5316,11,8055
2024/8/18,22:00,7804,0,4012,6754,29,372,872,103,605,0,0,26,0,1,-2,-4984,16,7804
2024/8/18,22:30,7589,0,3868,6778,28,320,871,101,611,0,0,29,0,1,-1,-5030,13,7589
2024/8/18,23:00,7498,0,4004,6612,27,313,858,102,614,0,0,25,0,1,-1,-5064,7,7498
2024/8/18,23:30,7236,0,3730,6553,27,319,859,104,613,0,0,27,0,1,-12,-4990,5,7236
2024/8/19,0:00,7047,0,3608,6430,25,316,868,101,615,0,0,18,0,1,-1,-4938,4,7047
2024/8/19,0:30,6865,0,3560,6367,24,313,874,104,614,0,0,19,0,1,-1,-5014,4,6865
2024/8/19,1:00,6719,0,3592,6283,23,315,901,102,610,0,0,16,0,1,-2,-5126,4,6719
2024/8/19,1:30,6680,0,3506,6289,22,312,904,104,608,0,0,16,0,1,-2,-5084,4,6680
2024/8/19,2:00,6631,0,3524,6247,22,314,924,103,607,0,0,12,0,1,-9,-5118,4,6631
2024/8/19,2:30,6744,0,3678,6283,23,314,922,104,605,0,0,17,0,1,-1,-5206,4,6744
2024/8/19,3:00,6789,0,3720,6308,23,314,927,101,604,0,0,18,0,1,-1,-5230,4,6789
2024/8/19,3:30,6900,0,3818,6314,23,314,928,105,610,0,0,17,0,1,-12,-5222,4,6900
2024/8/19,4:00,7015,0,4284,6261,24,313,932,102,606,0,0,20,0,-213,-12,-5306,4,7015
2024/8/19,4:30,7118,0,4438,6214,25,316,926,104,607,0,0,13,0,-221,-12,-5296,4,7118
2024/8/19,5:00,7237,0,4532,6095,26,315,916,101,589,91,0,9,0,-219,-12,-5210,4,7237
2024/8/19,5:30,7197,0,4352,5922,27,320,911,101,570,370,0,6,0,-221,-12,-5154,5,7197
2024/8/19,6:00,7353,0,4044,5911,27,327,895,99,570,845,0,5,0,-221,-12,-5144,7,7353
2024/8/19,6:30,7696,0,3792,5815,28,326,903,99,567,1522,0,3,0,-219,-2,-5152,14,7696
2024/8/19,7:00,8151,0,3670,5689,28,324,881,102,567,2271,0,1,0,-221,-1,-5182,22,8151
2024/8/19,7:30,8883,0,3868,5448,30,356,882,99,566,3083,0,1,0,-219,1,-5252,20,8883
2024/8/19,8:00,9835,0,4230,5493,34,365,923,103,599,3863,0,1,0,1,-3,-5790,16,9835
2024/8/19,8:30,10557,0,4282,5443,36,368,930,102,612,4414,0,2,0,1,1,-5648,14,10557
2024/8/19,9:00,11199,0,4732,5278,38,368,923,104,615,4767,0,3,0,1,-4,-5642,16,11199
2024/8/19,9:30,11506,0,4584,5341,38,367,924,101,613,5218,0,3,0,1,-1,-5702,19,11506
2024/8/19,10:00,11696,0,4262,5510,39,370,968,102,597,5505,0,6,0,1,-3,-5678,17,11696
2024/8/19,10:30,11923,0,4300,5493,39,369,987,98,596,5677,0,10,0,1,-3,-5660,16,11923
2024/8/19,11:00,12132,0,4226,5636,40,375,981,98,575,5719,0,14,0,1,-2,-5544,13,12132
2024/8/19,11:30,12179,0,4350,5642,41,377,991,100,576,5674,0,19,0,1,-5,-5602,15,12179
2024/8/19,12:00,11915,0,4140,5656,40,382,990,97,582,5629,0,27,0,1,-40,-5602,13,11915
2024/8/19,12:30,11957,0,4292,5767,40,377,989,100,576,5437,0,33,0,1,-35,-5628,8,11957
2024/8/19,13:00,12340,0,4790,6015,41,377,995,98,568,5064,0,30,0,1,-4,-5650,15,12340
2024/8/19,13:30,12488,0,5160,6089,42,390,1004,99,568,4701,0,32,0,1,-1,-5606,9,12488
2024/8/19,14:00,12541,0,5598,6202,42,482,1033,100,565,4106,0,40,0,1,8,-5650,14,12541
2024/8/19,14:30,12507,0,6040,6312,42,482,1041,99,565,3426,0,46,0,1,0,-5556,9,12507
2024/8/19,15:00,12325,0,6072,6405,42,484,1100,102,564,2733,0,54,0,200,9,-5454,14,12325
2024/8/19,15:30,12411,0,6418,6643,42,481,1088,100,567,2035,0,51,0,228,8,-5262,12,12411
2024/8/19,16:00,12342,0,6442,6801,42,486,1125,100,552,1392,0,41,0,144,8,-4808,17,12342
2024/8/19,16:30,11898,0,6054,6787,41,483,1132,100,553,875,0,34,0,142,10,-4322,9,11898
2024/8/19,17:00,11539,0,6024,6803,40,498,1137,99,552,512,0,28,0,140,11,-4322,17,11539
2024/8/19,17:30,11262,0,5992,6888,40,498,1150,101,571,212,0,30,0,142,10,-4388,16,11262
2024/8/19,18:00,11145,0,6028,6953,39,495,1175,102,590,36,0,40,0,140,34,-4506,19,11145
2024/8/19,18:30,11118,0,6054,6948,40,495,1181,102,610,0,0,55,0,142,25,-4550,16,11118
2024/8/19,19:00,10740,0,5706,6939,39,493,1176,101,613,0,0,52,0,1,-1,-4396,17,10740
2024/8/19,19:30,10466,0,5610,7013,38,499,1178,105,614,0,0,44,0,1,-1,-4648,13,10466
2024/8/19,20:00,10075,0,4668,7029,37,498,1133,102,613,0,0,39,0,1,-1,-4062,18,10075
2024/8/19,20:30,9890,0,4598,7047,36,484,1111,102,610,0,0,30,0,1,-2,-4140,13,9890
2024/8/19,21:00,9535,0,4594,7043,34,469,1047,102,615,0,0,20,0,1,-1,-4402,13,9535
2024/8/19,21:30,9325,0,4508,7059,33,443,1038,102,618,0,0,20,0,1,-2,-4502,7,9325
2024/8/19,22:00,8986,0,4128,7017,31,385,1011,102,620,0,0,14,0,1,-1,-4340,18,8986
2024/8/19,22:30,8786,0,3848,6907,30,365,1019,102,626,0,0,16,0,1,-1,-4140,13,8786
2024/8/19,23:00,8538,0,4046,6763,29,366,1014,103,624,0,0,17,0,1,-1,-4430,6,8538
2024/8/19,23:30,8378,0,4114,6662,29,364,1019,102,627,0,0,18,0,1,-12,-4550,4,8378
2024/8/20,0:00,7992,0,3760,6697,27,324,1026,103,627,0,0,17,0,1,-1,-4592,3,7992
2024/8/20,0:30,7892,0,3686,6694,26,377,1036,105,624,0,0,22,0,1,-2,-4680,3,7892
2024/8/20,1:00,7696,0,3726,6714,25,323,1059,102,624,0,0,36,0,1,-1,-4916,3,7696
2024/8/20,1:30,7607,0,3702,6666,25,315,1054,103,623,0,0,57,0,1,-2,-4940,3,7607
2024/8/20,2:00,7596,0,3636,6697,25,321,1048,102,626,0,0,68,0,1,-1,-4930,3,7596
2024/8/20,2:30,7582,0,3650,6630,25,318,1047,103,631,0,0,65,0,1,-1,-4890,3,7582
2024/8/20,3:00,7637,0,3666,6676,25,317,1045,102,630,0,0,59,0,1,-1,-4886,3,7637
2024/8/20,3:30,7737,0,3766,6720,26,320,1049,103,634,0,0,60,0,1,-1,-4944,3,7737
2024/8/20,4:00,7763,0,3806,6723,26,318,1084,103,634,0,0,60,0,1,-9,-4986,3,7763
2024/8/20,4:30,7928,0,3950,6733,27,325,1077,102,635,0,0,55,0,1,-12,-4968,3,7928
2024/8/20,5:00,7999,0,4066,6532,29,319,1070,103,621,75,0,58,0,1,-2,-4876,3,7999
2024/8/20,5:30,8003,0,3972,6403,28,321,1056,101,604,331,0,52,0,1,-12,-4858,4,8003
2024/8/20,6:00,8029,0,3982,6421,29,331,1052,102,605,747,0,44,0,-211,-15,-5064,6,8029
2024/8/20,6:30,8435,0,3908,6508,30,333,1046,104,601,1324,0,44,0,-219,-12,-5248,16,8435
2024/8/20,7:00,8926,0,3808,6498,31,337,1018,101,593,1899,0,43,0,-221,-14,-5188,21,8926
2024/8/20,7:30,9429,0,3656,6382,33,364,1019,101,590,2572,0,52,0,-219,-13,-5126,18,9429
2024/8/20,8:00,10361,0,4098,6560,36,376,966,101,588,3370,0,44,0,1,-4,-5790,15,10361
2024/8/20,8:30,11242,0,4124,6670,39,378,957,102,597,4134,0,39,0,1,2,-5814,13,11242
2024/8/20,9:00,11721,0,4180,6664,40,368,963,102,609,4597,0,34,0,1,3,-5856,16,11721
2024/8/20,9:30,11985,0,4274,6678,41,370,977,103,600,4900,0,33,0,1,4,-6014,18,11985
2024/8/20,10:00,12102,0,4344,6760,41,367,1001,100,594,5040,0,44,0,1,-5,-6202,17,12102
2024/8/20,10:30,12259,0,4440,6756,41,371,1000,101,577,5067,0,49,0,1,1,-6160,15,12259
2024/8/20,11:00,12386,0,4526,6840,42,372,1002,103,574,5004,0,70,0,1,-6,-6154,12,12386
2024/8/20,11:30,12386,0,4548,6751,43,369,984,100,574,5027,0,86,0,-1,-5,-6106,16,12386
2024/8/20,12:00,12049,0,4524,6690,42,376,995,100,579,4966,0,98,0,-209,-49,-6074,11,12049
2024/8/20,12:30,11994,0,4720,6778,43,387,1014,100,581,4514,0,92,0,-219,-36,-5988,8,11994
2024/8/20,13:00,12327,0,4850,6810,43,475,1029,98,578,4153,0,87,0,1,-8,-5804,15,12327
2024/8/20,13:30,12455,0,4974,6877,43,478,1061,99,572,3979,0,96,0,1,1,-5734,8,12455
2024/8/20,14:00,12430,0,4924,6901,43,474,1126,100,572,3563,0,85,0,1,3,-5374,12,12430
2024/8/20,14:30,12408,0,4944,6943,45,478,1190,100,582,3187,0,86,0,136,-5,-5286,8,12408
2024/8/20,15:00,12191,0,5124,6943,44,484,1256,99,574,2555,0,88,0,142,0,-5134,16,12191
2024/8/20,15:30,12297,0,6106,6951,45,487,1267,99,576,1866,0,94,0,144,4,-5356,14,12297
2024/8/20,16:00,12068,0,5648,6951,45,497,1270,100,573,1436,0,102,0,278,10,-4858,16,12068
2024/8/20,16:30,11780,0,5650,6962,45,496,1266,100,574,956,0,94,0,282,9,-4662,8,11780
2024/8/20,17:00,11320,0,5352,6928,43,494,1272,100,576,497,0,94,0,282,9,-4344,17,11320
2024/8/20,17:30,11161,0,5518,6992,43,492,1272,101,588,206,0,89,0,282,8,-4446,16,11161
2024/8/20,18:00,10958,0,5872,7025,42,499,1284,102,606,32,0,79,0,284,12,-4898,19,10958
2024/8/20,18:30,11075,0,6162,7085,43,495,1296,104,617,0,0,65,0,282,45,-5136,17,11075
2024/8/20,19:00,10628,0,5906,7090,42,495,1286,104,624,0,0,50,0,144,26,-5156,17,10628
2024/8/20,19:30,10351,0,5732,7094,41,498,1286,102,627,0,0,55,0,142,-2,-5236,12,10351
2024/8/20,20:00,10018,0,5268,7051,39,492,1202,103,630,0,0,53,0,142,-2,-4978,18,10018
2024/8/20,20:30,9917,0,5416,7067,38,497,1163,103,633,0,0,40,0,142,-2,-5194,14,9917
2024/8/20,21:00,9550,0,5252,7028,36,485,1089,103,635,0,0,42,0,1,-2,-5132,13,9550
2024/8/20,21:30,9212,0,5052,6952,35,464,1062,103,635,0,0,34,0,1,-1,-5132,7,9212
2024/8/20,22:00,9027,0,4544,6927,33,403,1018,105,634,0,0,41,0,1,-2,-4694,17,9027
2024/8/20,22:30,8598,0,3918,6922,32,390,1006,102,641,0,0,45,0,1,-1,-4470,12,8598
2024/8/20,23:00,8523,0,4016,6924,32,336,994,103,643,0,0,36,0,1,-2,-4566,6,8523
2024/8/20,23:30,8272,0,3806,6740,30,334,988,103,644,0,0,28,0,1,-2,-4404,4,8272
2024/8/21,0:00,7998,0,4134,6792,29,336,970,102,640,0,0,22,0,1,-1,-5030,3,7998
2024/8/21,0:30,7747,0,3702,6741,27,333,970,106,640,0,0,14,0,1,-2,-4788,3,7747
2024/8/21,1:00,7655,0,3598,6545,26,337,989,103,640,0,0,16,0,1,-1,-4602,3,7655
2024/8/21,1:30,7558,0,3716,6610,26,336,986,104,642,0,0,21,0,1,-1,-4886,3,7558
2024/8/21,2:00,7566,0,3742,6691,25,338,1001,103,645,0,0,19,0,1,-12,-4990,3,7566
2024/8/21,2:30,7589,0,3806,6713,26,338,1019,104,643,0,0,20,0,1,-2,-5082,3,7589
2024/8/21,3:00,7677,0,3848,6692,27,338,1068,103,645,0,0,28,0,1,-12,-5064,3,7677
2024/8/21,3:30,7656,0,3804,6694,26,337,1061,103,643,0,0,28,0,1,-12,-5032,3,7656
2024/8/21,4:00,7741,0,3814,6729,27,340,1012,103,644,0,0,26,0,1,-12,-4946,3,7741
2024/8/21,4:30,7875,0,4140,6668,28,338,1002,103,644,0,0,20,0,1,-2,-5070,3,7875
2024/8/21,5:00,7976,0,4128,6676,30,336,997,104,630,56,0,14,0,1,-1,-4998,3,7976
2024/8/21,5:30,7819,0,3554,6617,30,340,989,100,612,254,0,14,0,1,-12,-4684,4,7819
2024/8/21,6:00,7927,0,3596,6459,31,347,989,101,609,541,0,12,0,1,-9,-4756,6,7927
2024/8/21,6:30,8219,0,3666,6457,31,347,994,101,611,914,0,21,0,1,-12,-4928,16,8219
2024/8/21,7:00,8647,0,3654,6471,32,355,916,101,606,1407,0,12,0,1,-2,-4928,22,8647
2024/8/21,7:30,9117,0,3712,6253,34,382,915,103,608,2075,0,9,0,1,-3,-4990,18,9117
2024/8/21,8:00,9929,0,4272,6098,37,391,896,102,611,2731,0,13,0,1,2,-5240,15,9929
2024/8/21,8:30,10819,0,4628,6426,39,391,905,100,604,3282,0,17,0,1,-2,-5586,14,10819
2024/8/21,9:00,11184,0,4450,6491,40,380,946,103,628,3758,0,27,0,1,-3,-5652,15,11184
2024/8/21,9:30,11478,0,4494,6413,40,385,942,101,619,4104,0,33,0,1,-3,-5670,19,11478
2024/8/21,10:00,11528,0,4564,6132,41,381,921,103,613,4367,0,35,0,1,-2,-5644,16,11528
2024/8/21,10:30,11785,0,4562,6227,41,382,922,102,617,4548,0,35,0,1,-3,-5664,15,11785
2024/8/21,11:00,11897,0,4476,6284,42,374,912,102,605,4672,0,42,0,1,-1,-5624,12,11897
2024/8/21,11:30,11971,0,4654,6385,42,367,915,99,599,4461,0,48,0,1,-3,-5612,15,11971
2024/8/21,12:00,11608,0,4464,6351,42,381,930,101,599,4324,0,55,0,1,-13,-5638,11,11608
2024/8/21,12:30,11541,0,4526,6306,42,387,955,100,613,4278,0,57,0,1,-41,-5690,7,11541
2024/8/21,13:00,11972,0,4902,6329,42,396,1027,103,631,4176,0,49,0,1,-38,-5660,14,11972
2024/8/21,13:30,12038,0,4822,6455,41,487,1040,103,642,4009,0,51,0,1,-7,-5614,8,12038
2024/8/21,14:00,12071,0,5030,6605,42,489,1062,103,640,3669,0,58,0,1,-1,-5640,13,12071
2024/8/21,14:30,12071,0,5194,6733,42,489,1045,101,608,3431,0,57,0,1,-2,-5636,8,12071
2024/8/21,15:00,11933,0,5190,6909,43,495,1075,102,599,3119,0,53,0,1,0,-5666,13,11933
2024/8/21,15:30,11965,0,5616,7033,43,500,1079,100,597,2553,0,56,0,1,3,-5628,12,11965
2024/8/21,16:00,12002,0,6326,7041,43,511,1118,100,596,1796,0,57,0,1,17,-5620,16,12002
2024/8/21,16:30,11809,0,6818,7076,43,510,1116,100,603,1067,0,54,0,1,6,-5594,9,11809
2024/8/21,17:00,11395,0,6574,7101,41,514,1133,100,606,589,0,50,0,138,12,-5480,17,11395
2024/8/21,17:30,11027,0,6408,7102,41,513,1140,100,619,232,0,51,0,144,17,-5356,16,11027
2024/8/21,18:00,11054,0,6532,7085,41,511,1132,101,635,28,0,60,0,278,45,-5414,20,11054
2024/8/21,18:30,10901,0,6350,7008,41,506,1131,102,642,0,0,60,0,284,20,-5260,17,10901
2024/8/21,19:00,10660,0,6388,7024,40,498,1122,102,643,0,0,67,0,142,7,-5396,23,10660
2024/8/21,19:30,10319,0,6086,7004,39,499,1118,102,641,0,0,73,0,140,-2,-5394,13,10319
2024/8/21,20:00,10011,0,5904,7001,37,497,1101,102,642,0,0,77,0,1,-1,-5368,18,10011
2024/8/21,20:30,9710,0,5628,7007,36,508,1077,104,644,0,0,74,0,1,-1,-5384,16,9710
2024/8/21,21:00,9330,0,5172,7050,34,491,1003,103,642,0,0,54,0,1,-1,-5232,13,9330
2024/8/21,21:30,9012,0,4896,7057,32,476,999,102,643,0,0,58,0,1,-1,-5258,7,9012
2024/8/21,22:00,8785,0,4698,7040,31,417,955,101,645,0,0,47,0,1,-1,-5164,15,8785
2024/8/21,22:30,8504,0,4546,6944,30,408,956,102,643,0,0,59,0,1,-2,-5196,13,8504
2024/8/21,23:00,8345,0,4676,6877,29,401,953,103,647,0,0,62,0,-209,-1,-5200,7,8345
2024/8/21,23:30,8054,0,4466,6857,28,355,946,100,648,0,0,67,0,-221,-2,-5194,4,8054
2024/8/22,0:00,7780,0,4140,6824,27,352,922,103,650,0,0,78,0,1,-12,-5308,3,7780
2024/8/22,0:30,7561,0,4054,6624,25,352,929,100,650,0,0,95,0,1,-12,-5260,3,7561
2024/8/22,1:00,7444,0,3976,6567,25,350,953,104,652,0,0,91,0,1,-2,-5276,3,7444
2024/8/22,1:30,7336,0,4012,6474,25,344,959,101,653,0,0,90,0,1,-12,-5314,3,7336
2024/8/22,2:00,7309,0,3978,6435,24,345,975,101,654,0,0,117,0,1,-12,-5312,3,7309
2024/8/22,2:30,7411,0,4012,6451,25,345,985,103,654,0,0,136,0,1,-12,-5292,3,7411
2024/8/22,3:00,7399,0,3882,6465,25,346,1035,101,649,0,0,156,0,1,-12,-5252,3,7399
2024/8/22,3:30,7506,0,3908,6539,26,347,1028,103,649,0,0,178,0,1,-12,-5264,3,7506
2024/8/22,4:00,7642,0,3996,6587,26,342,971,101,652,0,0,194,0,1,-9,-5222,3,7642
2024/8/22,4:30,7809,0,4124,6612,28,344,972,102,655,0,0,199,0,1,-1,-5230,3,7809
2024/8/22,5:00,7797,0,4140,6469,29,347,965,101,646,100,0,219,0,1,-1,-5222,3,7797
2024/8/22,5:30,7733,0,3922,6440,28,350,962,102,637,351,0,201,0,1,-1,-5264,4,7733
2024/8/22,6:00,7950,0,3724,6508,29,356,953,98,615,730,0,161,0,1,-4,-5228,7,7950
2024/8/22,6:30,8140,0,3670,6333,29,356,952,100,613,1210,0,137,0,1,-2,-5272,13,8140
2024/8/22,7:00,8685,0,3724,6318,30,358,903,98,615,1668,0,137,0,1,3,-5194,24,8685
2024/8/22,7:30,9109,0,3770,6342,32,398,905,99,634,2000,0,143,0,1,-3,-5230,18,9109
2024/8/22,8:00,10044,0,4380,6685,35,509,891,102,645,2366,0,123,0,1,-2,-5706,15,10044
2024/8/22,8:30,10857,0,4788,6847,38,509,882,101,639,2686,0,123,0,1,-1,-5770,14,10857
2024/8/22,9:00,11314,0,4780,6968,39,497,909,104,677,2942,0,106,0,1,7,-5732,16,11314
2024/8/22,9:30,11588,0,4898,7044,39,502,906,103,683,3015,0,97,0,1,1,-5720,19,11588
2024/8/22,10:00,11727,0,5010,7034,40,497,900,103,658,3080,0,100,0,1,-4,-5708,16,11727
2024/8/22,10:30,11929,0,5206,7033,40,498,908,105,670,3052,0,110,0,1,-2,-5708,16,11929
2024/8/22,11:00,12053,0,5476,7024,42,498,911,103,662,2892,0,117,0,1,-3,-5682,12,12053
2024/8/22,11:30,12103,0,5498,7073,42,500,919,105,661,2853,0,119,0,1,-1,-5682,15,12103
2024/8/22,12:00,11701,0,5182,7059,42,500,983,102,663,2782,0,126,0,1,-5,-5746,12,11701
2024/8/22,12:30,11657,0,5214,6932,41,500,1003,106,682,2856,0,140,0,1,-49,-5776,7,11657
2024/8/22,13:00,12136,0,5686,6961,42,495,1013,104,667,2787,0,144,0,1,-37,-5742,15,12136
2024/8/22,13:30,12272,0,5970,7074,44,500,999,99,624,2545,0,147,0,1,-5,-5734,8,12272
2024/8/22,14:00,12310,0,6112,7068,45,506,1009,100,609,2459,0,163,0,1,-3,-5772,13,12310
2024/8/22,14:30,12233,0,6184,7085,45,501,1022,97,603,2319,0,151,0,1,-2,-5782,9,12233
2024/8/22,15:00,12224,0,6274,7090,45,506,1145,98,612,1994,0,174,0,1,-1,-5728,14,12224
2024/8/22,15:30,12179,0,6332,7094,46,501,1173,98,607,1522,0,170,0,139,-1,-5514,12,12179
2024/8/22,16:00,12229,0,6346,7090,45,504,1195,97,608,1014,0,177,0,145,6,-5014,16,12229
2024/8/22,16:30,12002,0,6308,7093,44,506,1196,100,603,644,0,188,0,143,8,-4840,9,12002
2024/8/22,17:00,11631,0,6366,7083,43,524,1192,98,604,366,0,218,0,145,9,-5034,17,11631
2024/8/22,17:30,11491,0,6380,7095,43,540,1198,100,618,130,0,211,0,147,11,-4998,16,11491
2024/8/22,18:00,11441,0,6120,7087,43,533,1191,99,630,18,0,209,0,143,45,-4696,19,11441
2024/8/22,18:30,11327,0,5902,7086,44,528,1191,101,634,0,0,229,0,143,28,-4576,17,11327
2024/8/22,19:00,11055,0,6054,7101,43,515,1198,99,635,0,0,256,0,143,9,-5018,20,11055
2024/8/22,19:30,10767,0,5904,7043,41,512,1191,99,632,0,0,287,0,141,0,-5096,13,10767
2024/8/22,20:00,10415,0,5862,6950,39,519,1167,101,634,0,0,304,0,143,8,-5330,18,10415
2024/8/22,20:30,10171,0,5692,6953,38,511,1150,99,633,0,0,330,0,141,-2,-5390,16,10171
2024/8/22,21:00,9815,0,5796,6926,36,510,1059,101,634,0,0,333,0,1,-1,-5592,12,9815
2024/8/22,21:30,9513,0,5610,6897,34,485,1060,99,635,0,0,346,0,1,-2,-5658,6,9513
2024/8/22,22:00,9256,0,5074,6783,33,424,1020,99,637,0,0,391,0,1,-1,-5222,17,9256
2024/8/22,22:30,8928,0,4782,6722,32,415,1015,102,634,0,0,429,0,1,-1,-5216,13,8928
2024/8/22,23:00,8765,0,4562,6721,32,417,1016,99,635,0,0,453,0,1,-2,-5178,9,8765
2024/8/22,23:30,8471,0,4320,6540,30,411,1000,101,636,0,0,455,0,1,-9,-5018,4,8471
2024/8/23,0:00,8219,0,4350,6509,29,362,981,100,637,0,0,456,0,1,-1,-5208,3,8219
2024/8/23,0:30,8009,0,4198,6445,27,405,986,101,634,0,0,465,0,1,-2,-5254,3,8009
2024/8/23,1:00,7889,0,4312,6436,26,348,1015,100,634,0,0,465,0,-207,-1,-5242,3,7889
2024/8/23,1:30,7743,0,4132,6508,26,341,1016,99,636,0,0,461,0,-221,-2,-5256,3,7743
2024/8/23,2:00,7733,0,4086,6525,25,341,1036,101,637,0,0,455,0,-221,-9,-5246,3,7733
2024/8/23,2:30,7756,0,4216,6438,26,343,1044,99,638,0,0,436,0,-221,-12,-5254,3,7756
2024/8/23,3:00,7823,0,4248,6402,26,341,1089,102,636,0,0,429,0,-221,-12,-5220,3,7823
2024/8/23,3:30,7864,0,4244,6453,27,343,1096,99,638,0,0,432,0,-221,-12,-5238,3,7864
2024/8/23,4:00,7944,0,4254,6506,27,340,1092,100,640,0,0,431,0,-219,-12,-5218,3,7944
2024/8/23,4:30,8080,0,4402,6499,28,336,1089,102,642,0,0,422,0,-221,-2,-5220,3,8080
2024/8/23,5:00,8184,0,4554,6401,30,340,1089,98,627,35,0,441,0,-219,-1,-5214,3,8184
2024/8/23,5:30,8191,0,4468,6386,30,346,1079,100,605,185,0,428,0,-221,-1,-5218,4,8191
2024/8/23,6:00,8405,0,4344,6366,31,347,1090,97,607,411,0,391,0,-219,-2,-5064,6,8405
2024/8/23,6:30,8674,0,4328,6177,33,349,1100,100,610,730,0,377,0,-219,-1,-4926,16,8674
2024/8/23,7:00,9153,0,4368,6266,33,343,1077,97,606,1165,0,365,0,1,-14,-5178,24,9153
2024/8/23,7:30,9736,0,4240,6453,36,344,1085,97,603,1723,0,366,0,1,-12,-5218,18,9736
2024/8/23,8:00,10640,0,4858,6772,39,354,1016,99,605,2274,0,357,0,1,-4,-5746,15,10640
2024/8/23,8:30,11471,0,4960,6892,42,377,1000,97,605,2910,0,326,0,1,-2,-5750,13,11471
2024/8/23,9:00,12020,0,5224,6882,44,449,943,99,622,3386,0,353,0,1,0,-5998,15,12020
2024/8/23,9:30,12386,0,5334,6898,45,429,946,97,623,3726,0,385,0,1,0,-6116,18,12386
2024/8/23,10:00,12480,0,4940,6897,46,425,935,96,614,4244,0,449,0,1,-5,-6178,16,12480
2024/8/23,10:30,12806,0,4628,6912,45,390,935,98,588,4797,0,518,0,1,-1,-6120,15,12806
2024/8/23,11:00,12998,0,4556,6730,46,402,932,96,577,5160,0,584,0,1,0,-6098,12,12998
2024/8/23,11:30,13109,0,4608,6507,47,381,935,98,576,5410,0,590,0,1,-9,-6050,15,13109
2024/8/23,12:00,12908,0,4220,6614,47,365,942,96,585,5458,0,617,0,1,-44,-6008,15,12908
2024/8/23,12:30,12987,0,4422,6621,47,369,945,96,582,5346,0,642,0,1,-37,-6058,11,12987
2024/8/23,13:00,13464,0,4830,6907,47,356,955,98,577,5115,0,637,0,1,-2,-6072,15,13464
2024/8/23,13:30,13569,0,5256,6937,48,347,953,96,578,4747,0,653,0,1,-3,-6056,12,13569
2024/8/23,14:00,13580,0,5440,6900,47,347,994,98,584,4477,0,627,0,1,-2,-5948,15,13580
2024/8/23,14:30,13610,0,5872,6922,48,356,1011,96,590,3920,0,606,0,1,-2,-5828,18,13610
2024/8/23,15:00,13434,0,5702,6974,49,360,1053,96,594,3193,0,577,0,1,2,-5180,13,13434
2024/8/23,15:30,13531,0,6446,7017,50,362,1077,98,599,2479,0,545,0,1,6,-5162,13,13531
2024/8/23,16:00,13404,0,6428,6993,50,369,1132,96,604,1827,0,492,0,138,0,-4742,17,13404
2024/8/23,16:30,13209,0,6588,7036,50,372,1144,96,606,1185,0,439,0,278,2,-4604,17,13209
2024/8/23,17:00,12756,0,6872,7100,49,366,1197,98,611,628,0,443,0,286,3,-4914,17,12756
2024/8/23,17:30,12387,0,6722,7099,48,366,1215,97,620,234,0,499,0,282,5,-4816,16,12387
2024/8/23,18:00,12155,0,6564,7094,47,363,1227,100,634,31,0,514,0,286,13,-4740,22,12155
2024/8/23,18:30,12176,0,6506,7105,46,360,1228,98,639,0,0,525,0,404,28,-4780,17,12176
2024/8/23,19:00,11747,0,6280,7103,46,359,1201,98,640,0,0,565,0,430,-25,-4968,18,11747
2024/8/23,19:30,11532,0,6104,7101,44,358,1200,100,637,0,0,599,0,432,12,-5070,15,11532
2024/8/23,20:00,11144,0,6052,7118,42,358,1157,98,635,0,0,621,0,420,29,-5404,18,11144
2024/8/23,20:30,10880,0,6148,7104,41,342,1117,100,631,0,0,703,0,144,39,-5502,13,10880
2024/8/23,21:00,10515,0,6204,7110,39,342,1027,98,633,0,0,705,0,2,-4,-5658,17,10515
2024/8/23,21:30,10122,0,5774,7099,38,320,1015,98,634,0,0,705,0,1,-2,-5572,12,10122
2024/8/23,22:00,9778,0,5178,7109,36,259,938,101,637,0,0,721,0,1,-2,-5216,16,9778
2024/8/23,22:30,9413,0,4852,7112,35,245,935,99,637,0,0,682,0,1,-2,-5196,13,9413
2024/8/23,23:00,9224,0,4738,7098,34,249,922,100,638,0,0,594,0,1,-1,-5156,7,9224
2024/8/23,23:30,8929,0,4444,6993,32,208,905,99,641,0,0,555,0,1,-1,-4952,4,8929
2024/8/24,0:00,8705,0,4450,6928,31,251,823,98,649,0,0,606,0,1,-1,-5134,3,8705
2024/8/24,0:30,8311,0,3906,6879,29,252,827,102,649,0,0,616,0,1,-1,-4952,3,8311
2024/8/24,1:00,8179,0,3936,6867,28,249,854,99,649,0,0,596,0,1,-1,-5102,3,8179
2024/8/24,1:30,7978,0,3854,6859,28,197,858,101,649,0,0,619,0,1,-1,-5190,3,7978
2024/8/24,2:00,7941,0,3824,6867,27,195,872,99,652,0,0,621,0,1,-2,-5218,3,7941
2024/8/24,2:30,7894,0,3780,6875,28,197,881,99,649,0,0,611,0,1,-2,-5228,3,7894
2024/8/24,3:00,7908,0,3818,6854,27,190,938,101,651,0,0,553,0,1,-12,-5216,3,7908
2024/8/24,3:30,7904,0,3822,6870,27,189,934,99,649,0,0,519,0,1,-1,-5208,3,7904
2024/8/24,4:00,7923,0,3826,6854,27,192,934,101,646,0,0,518,0,1,-1,-5178,3,7923
2024/8/24,4:30,8022,0,3950,6877,28,188,931,99,647,0,0,499,0,1,-1,-5200,3,8022
2024/8/24,5:00,8025,0,3976,6858,29,192,921,100,638,60,0,446,0,1,-1,-5198,3,8025
2024/8/24,5:30,7986,0,4002,6675,29,194,912,97,620,325,0,375,0,-1,-1,-5246,5,7986
2024/8/24,6:00,7992,0,4094,6360,30,199,911,97,618,747,0,332,0,-211,2,-5194,7,7992
2024/8/24,6:30,8215,0,4020,6217,30,199,903,99,619,1338,0,331,0,-225,-4,-5324,12,8215
2024/8/24,7:00,8552,0,3714,6186,29,199,881,97,617,2066,0,372,0,-223,-15,-5392,21,8552
2024/8/24,7:30,8955,0,3600,5735,31,230,876,100,623,2923,0,389,0,-223,-11,-5336,18,8955
2024/8/24,8:00,9602,0,4150,5555,34,237,831,97,626,3625,0,389,0,-223,-11,-5724,16,9602
2024/8/24,8:30,10192,0,4194,5701,36,236,826,97,628,4065,0,367,0,-223,-9,-5744,18,10192
2024/8/24,9:00,10625,0,3990,5706,37,236,840,99,624,4536,0,369,0,-223,-19,-5586,16,10625
2024/8/24,9:30,10837,0,3908,5501,37,231,848,97,620,4905,0,346,0,-223,-10,-5442,19,10837
2024/8/24,10:00,11018,0,3988,5549,37,235,860,99,615,5117,0,325,0,1,-15,-5810,17,11018
2024/8/24,10:30,11185,0,3898,5779,38,236,855,96,615,5151,0,337,0,1,-1,-5838,18,11185
2024/8/24,11:00,11316,0,3740,6062,38,239,852,99,617,5054,0,361,0,1,-3,-5760,16,11316
2024/8/24,11:30,11398,0,3602,6297,40,256,850,97,616,4943,0,351,0,1,-1,-5670,16,11398
2024/8/24,12:00,11285,0,3668,6429,39,256,849,98,616,4791,0,328,0,1,-43,-5764,17,11285
2024/8/24,12:30,11307,0,3672,6407,39,261,848,99,616,4752,0,333,0,1,-41,-5692,12,11307
2024/8/24,13:00,11319,0,3950,6401,39,272,885,97,609,4512,0,336,0,1,-3,-5796,16,11319
2024/8/24,13:30,11258,0,4312,6317,37,272,896,99,606,4212,0,322,0,1,-7,-5826,17,11258
2024/8/24,14:00,11276,0,4558,6361,39,278,921,97,608,3819,0,310,0,1,-5,-5724,13,11276
2024/8/24,14:30,11179,0,4670,6613,40,358,938,97,605,3203,0,304,0,1,-2,-5656,8,11179
2024/8/24,15:00,11133,0,5120,6712,41,364,1023,98,605,2503,0,284,0,1,-1,-5632,15,11133
2024/8/24,15:30,11105,0,5534,6820,42,375,1026,98,611,1958,0,254,0,1,-3,-5628,17,11105
2024/8/24,16:00,11067,0,5744,6848,42,402,1062,97,613,1429,0,224,0,1,0,-5412,17,11067
2024/8/24,16:30,10834,0,5754,6855,42,406,1057,99,614,921,0,178,0,1,7,-5112,12,10834
2024/8/24,17:00,10686,0,5814,6804,41,474,1071,98,622,502,0,145,0,1,13,-4918,19,10686
2024/8/24,17:30,10583,0,5890,6754,41,475,1084,101,647,206,0,117,0,1,5,-4754,16,10583
2024/8/24,18:00,10492,0,5858,6920,41,481,1088,100,654,42,0,102,0,1,9,-4824,20,10492
2024/8/24,18:30,10578,0,6006,7059,41,487,1090,99,647,0,0,98,0,1,34,-5000,16,10578
2024/8/24,19:00,10289,0,5940,7088,40,481,1086,102,648,0,0,76,0,1,44,-5234,17,10289
2024/8/24,19:30,9990,0,5706,7073,39,475,1078,100,656,0,0,61,0,1,19,-5230,12,9990
2024/8/24,20:00,9706,0,5550,7050,37,469,1041,101,661,0,0,40,0,1,-1,-5260,17,9706
2024/8/24,20:30,9452,0,5306,7069,36,479,1013,102,659,0,0,29,0,1,-1,-5254,13,9452
2024/8/24,21:00,9232,0,5082,7086,35,470,928,101,663,0,0,22,0,1,-2,-5168,14,9232
2024/8/24,21:30,8899,0,4812,6888,33,450,918,102,663,0,0,20,0,1,-1,-5000,13,8899
2024/8/24,22:00,8678,0,4808,6727,32,333,874,101,661,0,0,27,0,1,-2,-4902,18,8678
2024/8/24,22:30,8418,0,4530,6784,31,371,874,102,663,0,0,18,0,1,-1,-4968,13,8418
2024/8/24,23:00,8288,0,4394,6762,31,369,880,102,662,0,0,5,0,1,-1,-4924,7,8288
2024/8/24,23:30,7913,0,3956,6459,30,369,886,101,665,0,0,6,0,1,-2,-4562,4,7913
2024/8/25,0:00,7739,0,4130,6597,29,323,880,103,665,0,0,3,0,1,-1,-4994,3,7739
2024/8/25,0:30,7463,0,3580,6678,27,321,863,101,664,0,0,8,0,1,-1,-4782,3,7463
2024/8/25,1:00,7309,0,3576,6654,26,314,891,103,665,0,0,8,0,1,-2,-4930,3,7309
2024/8/25,1:30,7235,0,3640,6664,26,310,894,102,663,0,0,8,0,1,-2,-5074,3,7235
2024/8/25,2:00,7200,0,3740,6528,25,307,913,101,667,0,0,10,0,1,-1,-5094,3,7200
2024/8/25,2:30,7219,0,3694,6586,26,309,924,103,667,0,0,13,0,1,-1,-5106,3,7219
2024/8/25,3:00,7255,0,3636,6583,26,311,971,102,668,0,0,11,0,1,-1,-5056,3,7255
2024/8/25,3:30,7282,0,3536,6685,26,311,966,104,665,0,0,10,0,1,-1,-5024,3,7282
2024/8/25,4:00,7335,0,3622,6700,26,310,952,102,665,0,0,15,0,1,-1,-5060,3,7335
2024/8/25,4:30,7423,0,3802,6610,27,310,947,101,663,0,0,30,0,1,-1,-5070,3,7423
2024/8/25,5:00,7413,0,4008,6572,28,314,955,102,652,40,0,39,0,-215,-1,-5084,3,7413
2024/8/25,5:30,7283,0,3898,6414,28,313,951,99,633,225,0,47,0,-223,-2,-5104,4,7283
2024/8/25,6:00,7333,0,3684,6369,29,308,951,101,631,512,0,44,0,-223,-2,-5080,9,7333
2024/8/25,6:30,7428,0,3478,6321,29,311,925,99,632,906,0,35,0,-223,-12,-5084,11,7428
2024/8/25,7:00,7670,0,3438,6176,29,308,907,101,635,1344,0,38,0,-223,-13,-5090,20,7670
2024/8/25,7:30,7936,0,3468,5969,29,309,924,99,637,1781,0,37,0,-223,-11,-5100,17,7936
2024/8/25,8:00,8254,0,3670,6211,32,309,868,99,635,2060,0,32,0,1,-13,-5666,16,8254
2024/8/25,8:30,8681,0,3656,6209,35,307,890,100,635,2497,0,54,0,1,-12,-5704,13,8681
2024/8/25,9:00,8955,0,3522,6278,37,304,914,103,691,2741,0,47,0,1,-1,-5698,16,8955
2024/8/25,9:30,9212,0,3516,6343,37,306,900,102,689,2946,0,48,0,1,-2,-5694,20,9212
2024/8/25,10:00,9379,0,3400,6251,38,309,906,104,688,3145,0,71,0,1,0,-5550,16,9379
2024/8/25,10:30,9400,0,3056,6098,39,319,899,101,679,3293,0,85,0,1,-2,-5184,16,9400
2024/8/25,11:00,9584,0,3478,6291,38,325,912,103,664,3279,0,90,0,1,-5,-5604,12,9584
2024/8/25,11:30,9780,0,3630,6424,38,307,902,99,644,3233,0,111,0,1,0,-5624,15,9780
2024/8/25,12:00,9849,0,3652,6598,39,306,933,100,653,3132,0,123,0,1,-28,-5674,14,9849
2024/8/25,12:30,9741,0,3620,6604,39,306,941,102,666,3020,0,153,0,1,-50,-5672,11,9741
2024/8/25,13:00,9773,0,3610,6671,39,304,939,99,644,2995,0,162,0,1,-32,-5674,15,9773
2024/8/25,13:30,9692,0,3902,6759,38,303,939,99,642,2492,0,184,0,1,1,-5678,10,9692
2024/8/25,14:00,9614,0,4184,6806,38,301,969,100,627,2078,0,185,0,1,-1,-5690,16,9614
2024/8/25,14:30,9553,0,4388,6856,38,298,972,98,628,1700,0,215,0,1,-3,-5652,14,9553
2024/8/25,15:00,9482,0,4440,6742,36,350,1019,98,625,1286,0,224,0,1,-1,-5354,16,9482
2024/8/25,15:30,9360,0,4458,6723,36,342,1064,101,625,947,0,235,0,1,2,-5192,18,9360
2024/8/25,16:00,9409,0,4510,6771,36,339,1160,99,625,629,0,226,0,1,-1,-5002,16,9409
2024/8/25,16:30,9417,0,4518,6849,36,345,1188,101,626,344,0,253,0,1,-2,-4858,16,9417
2024/8/25,17:00,9456,0,4836,6886,35,399,1180,98,629,158,0,251,0,1,-1,-5036,20,9456
2024/8/25,17:30,9594,0,5268,6910,35,405,1206,99,631,64,0,280,0,1,42,-5366,19,9594
2024/8/25,18:00,9485,0,5090,6949,34,403,1212,103,665,5,0,295,0,1,38,-5332,22,9485
2024/8/25,18:30,9513,0,5302,6951,35,404,1228,101,667,0,0,333,0,1,9,-5536,18,9513
2024/8/25,19:00,9264,0,5088,6940,34,407,1267,101,667,0,0,333,0,1,9,-5600,17,9264
2024/8/25,19:30,9073,0,4974,6904,35,405,1277,104,664,0,0,351,0,1,9,-5668,17,9073
2024/8/25,20:00,8817,0,4734,6845,34,411,1304,101,661,0,0,341,0,1,-1,-5628,14,8817
2024/8/25,20:30,8642,0,4644,6772,32,408,1305,103,659,0,0,347,0,1,-1,-5648,20,8642
2024/8/25,21:00,8381,0,4576,6644,31,401,1303,102,661,0,0,333,0,1,-2,-5684,15,8381
2024/8/25,21:30,8076,0,4444,6492,30,312,1315,100,658,0,0,356,0,1,-2,-5636,6,8076
2024/8/25,22:00,7884,0,4088,6185,29,303,1252,104,658,0,0,327,0,1,-1,-5078,16,7884
2024/8/25,22:30,7702,0,4038,6107,28,303,1237,101,661,0,0,263,0,1,-1,-5052,16,7702
2024/8/25,23:00,7545,0,3972,6099,28,302,1218,104,662,0,0,222,0,1,-2,-5070,9,7545
2024/8/25,23:30,7339,0,3854,6013,27,302,1229,101,660,0,0,232,0,1,-12,-5072,4,7339
2024/8/26,0:00,7145,0,4002,5931,25,308,1181,104,662,0,0,239,0,-215,-1,-5094,3,7145
2024/8/26,0:30,6953,0,3900,5908,25,304,1142,102,661,0,0,223,0,-226,-1,-5088,3,6953
2024/8/26,1:00,6876,0,3968,6015,24,306,1147,102,661,0,0,203,0,-427,-2,-5124,3,6876
2024/8/26,1:30,6810,0,3898,6080,24,304,1147,103,664,0,0,211,0,-440,-12,-5172,3,6810
2024/8/26,2:00,6808,0,4024,6111,23,304,1154,101,665,0,0,190,0,-441,-12,-5314,3,6808
2024/8/26,2:30,6901,0,4146,6114,24,306,1148,104,667,0,0,168,0,-439,-12,-5328,3,6901
2024/8/26,3:00,6987,0,4224,6092,24,301,1188,102,671,0,0,139,0,-440,-1,-5316,3,6987
2024/8/26,3:30,7056,0,4234,6093,25,305,1200,102,672,0,0,145,0,-439,-12,-5272,3,7056
2024/8/26,4:00,7214,0,4246,6098,25,307,1192,104,676,0,0,154,0,-437,-12,-5142,3,7214
2024/8/26,4:30,7332,0,4320,6112,26,307,1192,101,676,0,0,130,0,-440,-1,-5094,3,7332
2024/8/26,5:00,7440,0,4416,6092,27,312,1179,104,665,60,0,126,0,-435,-2,-5108,4,7440
2024/8/26,5:30,7466,0,4318,6022,27,317,1161,99,640,293,0,132,0,-438,-1,-5108,4,7466
2024/8/26,6:00,7605,0,4252,5922,28,322,1155,102,637,617,0,129,0,-437,-1,-5128,7,7605
2024/8/26,6:30,7951,0,3982,5922,28,326,1171,100,638,1089,0,107,0,-219,-1,-5206,14,7951
2024/8/26,7:00,8355,0,3632,5862,30,319,1200,100,636,1594,0,96,0,1,-2,-5134,21,8355
2024/8/26,7:30,9043,0,3702,5973,32,348,1212,101,634,2139,0,90,0,1,-3,-5204,18,9043
2024/8/26,8:00,9913,0,4418,6074,35,361,1193,99,631,2797,0,86,0,1,-1,-5794,13,9913
2024/8/26,8:30,10745,0,4562,6136,38,358,1200,99,629,3402,0,82,0,1,-2,-5776,16,10745
2024/8/26,9:00,11237,0,4412,6364,39,362,1209,102,638,3898,0,75,0,1,-2,-5876,15,11237
2024/8/26,9:30,11542,0,4154,6359,40,355,1203,99,624,4513,0,53,0,1,-1,-5876,18,11542
2024/8/26,10:00,11696,0,4132,6241,39,355,1189,101,611,4876,0,46,0,1,-1,-5910,16,11696
2024/8/26,10:30,11968,0,4032,6189,39,355,1192,97,607,5310,0,42,0,1,-1,-5910,15,11968
2024/8/26,11:00,12151,0,4316,6019,40,358,1162,99,562,5455,0,39,0,1,-2,-5912,14,12151
2024/8/26,11:30,12240,0,4250,6034,42,388,1163,100,565,5481,0,31,0,1,-6,-5824,15,12240
2024/8/26,12:00,12005,0,4040,5977,42,364,1168,98,567,5532,0,30,0,0,-41,-5784,12,12005
2024/8/26,12:30,12048,0,4342,6023,42,372,1159,100,566,5262,0,36,0,0,-41,-5820,7,12048
2024/8/26,13:00,12551,0,5064,6099,41,462,1171,98,561,4822,0,35,0,0,-1,-5816,15,12551
2024/8/26,13:30,12632,0,5344,6556,43,463,1161,98,559,4268,0,36,0,0,-2,-5902,8,12632
2024/8/26,14:00,12655,0,5686,6821,42,465,1223,100,558,3465,0,36,0,0,1,-5754,12,12655
2024/8/26,14:30,12512,0,5806,7058,43,459,1238,98,564,2741,0,32,0,0,4,-5540,9,12512
2024/8/26,15:00,12403,0,5888,7117,42,457,1278,100,568,2236,0,48,0,136,2,-5482,13,12403
2024/8/26,15:30,12170,0,5886,7051,44,454,1291,98,569,1725,0,43,0,142,7,-5152,12,12170
2024/8/26,16:00,12257,0,5906,7004,43,453,1338,98,571,1305,0,43,0,142,8,-4670,16,12257
2024/8/26,16:30,12033,0,6008,6940,43,453,1361,100,568,888,0,49,0,142,12,-4540,9,12033
2024/8/26,17:00,11651,0,6036,7048,42,472,1362,98,569,450,0,49,0,278,-6,-4764,17,11651
2024/8/26,17:30,11503,0,6092,7090,42,476,1374,98,581,158,0,87,0,280,11,-4802,16,11503
2024/8/26,18:00,11408,0,6498,7090,42,477,1382,101,606,6,0,69,0,286,22,-5190,19,11408
2024/8/26,18:30,11354,0,6414,7093,43,477,1394,100,601,0,0,77,0,284,38,-5182,15,11354
2024/8/26,19:00,11032,0,6600,7098,41,468,1371,102,607,0,0,76,0,142,22,-5512,17,11032
2024/8/26,19:30,10525,0,5974,7094,40,469,1347,100,608,0,0,71,0,142,-2,-5334,16,10525
2024/8/26,20:00,10174,0,5488,7108,38,471,1269,101,608,0,0,77,0,142,-1,-5146,19,10174
2024/8/26,20:30,10091,0,5752,7121,37,468,1213,102,607,0,0,88,0,142,-2,-5450,13,10091
2024/8/26,21:00,9650,0,5362,7111,35,466,1189,101,608,0,0,94,0,0,-1,-5328,13,9650
2024/8/26,21:30,9387,0,5286,7108,34,446,1185,103,606,0,0,104,0,0,-1,-5490,6,9387
2024/8/26,22:00,9091,0,4688,7033,32,391,1143,100,609,0,0,147,0,0,-1,-5068,17,9091
2024/8/26,22:30,8827,0,4518,7051,31,371,1135,101,611,0,0,167,0,0,-1,-5170,13,8827
2024/8/26,23:00,8642,0,4330,6875,31,319,1130,102,609,0,0,185,0,0,-2,-4944,7,8642
2024/8/26,23:30,8388,0,4256,6692,30,320,1130,101,609,0,0,212,0,0,-12,-4954,4,8388
2024/8/27,0:00,8116,0,4262,6655,28,319,1120,102,610,0,0,248,0,0,-1,-5230,3,8116
2024/8/27,0:30,7864,0,4088,6552,27,315,1126,101,609,0,0,274,0,0,-2,-5228,2,7864
2024/8/27,1:00,7809,0,3998,6552,26,316,1141,100,608,0,0,293,0,0,-1,-5226,2,7809
2024/8/27,1:30,7673,0,3890,6518,26,318,1152,103,607,0,0,319,0,-2,-12,-5248,2,7673
2024/8/27,2:00,7639,0,4000,6527,25,318,1161,100,611,0,0,356,0,-210,-10,-5242,3,7639
2024/8/27,2:30,7684,0,3950,6607,25,323,1157,103,609,0,0,366,0,-222,-1,-5236,3,7684
2024/8/27,3:00,7632,0,3940,6606,26,321,1202,100,608,0,0,401,0,-222,-1,-5352,3,7632
2024/8/27,3:30,7811,0,4076,6632,26,321,1206,103,607,0,0,438,0,-222,-1,-5378,3,7811
2024/8/27,4:00,7846,0,3922,6628,27,319,1205,102,606,0,0,438,0,0,-12,-5392,3,7846
2024/8/27,4:30,8001,0,4076,6628,28,316,1207,100,603,0,0,464,0,0,-12,-5412,3,8001
2024/8/27,5:00,8094,0,4166,6631,29,323,1175,102,595,55,0,437,0,0,-12,-5410,3,8094
2024/8/27,5:30,8103,0,4026,6518,30,322,1163,99,578,327,0,411,0,0,-1,-5374,4,8103
2024/8/27,6:00,8232,0,3754,6460,30,332,1163,101,581,783,0,400,0,0,-3,-5376,7,8232
2024/8/27,6:30,8571,0,3722,6428,30,336,1174,99,580,1231,0,364,0,0,-13,-5396,16,8571
2024/8/27,7:00,9017,0,3746,6406,31,330,1146,99,582,1838,0,327,0,0,-11,-5498,21,9017
2024/8/27,7:30,9690,0,4030,6376,34,359,1108,101,577,2361,0,292,0,0,0,-5566,18,9690
2024/8/27,8:00,10520,0,4954,6732,37,381,1095,99,574,2715,0,265,0,0,-5,-6342,15,10520
2024/8/27,8:30,11336,0,5392,6930,39,467,1102,102,585,2853,0,251,0,0,-4,-6394,13,11336
2024/8/27,9:00,11711,0,5062,7051,41,470,1101,100,600,3108,0,235,0,0,6,-6078,15,11711
2024/8/27,9:30,11943,0,5160,6973,41,467,1094,101,588,3311,0,207,0,0,9,-6026,18,11943
2024/8/27,10:00,11965,0,4892,6923,41,472,1109,102,603,3740,0,190,0,0,3,-6124,14,11965
2024/8/27,10:30,12206,0,4698,6888,42,469,1098,99,587,4240,0,178,0,0,-5,-6104,16,12206
2024/8/27,11:00,12419,0,4612,6870,42,471,1088,100,557,4532,0,177,0,0,0,-6042,12,12419
2024/8/27,11:30,12514,0,4622,6903,44,469,1090,98,562,4481,0,190,0,0,-8,-5952,15,12514
2024/8/27,12:00,12172,0,4366,6823,42,469,1110,97,562,4406,0,250,0,0,-54,-5910,11,12172
2024/8/27,12:30,12233,0,4542,6807,42,474,1145,100,563,4191,0,277,0,0,-45,-5870,7,12233
2024/8/27,13:00,12590,0,5242,6929,43,474,1160,96,560,3753,0,329,0,0,-2,-6008,14,12590
2024/8/27,13:30,12670,0,5698,6911,45,474,1169,97,559,3345,0,379,0,0,1,-6016,8,12670
2024/8/27,14:00,12628,0,5874,6975,44,465,1178,99,559,2881,0,447,0,0,-5,-5902,13,12628
2024/8/27,14:30,12523,0,6130,6978,44,463,1204,98,559,2368,0,459,0,0,0,-5788,8,12523
2024/8/27,15:00,12278,0,5380,6990,43,466,1340,99,559,2127,0,389,0,0,10,-5140,15,12278
2024/8/27,15:30,12253,0,5620,6999,42,470,1350,98,560,1453,0,468,0,136,1,-4956,12,12253
2024/8/27,16:00,12243,0,5496,7043,43,472,1344,98,561,880,0,490,0,142,7,-4348,15,12243
2024/8/27,16:30,11973,0,5552,7054,42,467,1343,99,565,575,0,323,0,140,10,-4206,9,11973
2024/8/27,17:00,11541,0,5538,7022,39,471,1323,90,571,342,0,326,0,142,5,-4344,16,11541
2024/8/27,17:30,11523,0,6142,7033,39,474,1326,94,578,106,0,295,0,142,-1,-4720,15,11523
2024/8/27,18:00,11325,0,6138,7065,38,466,1349,92,603,5,0,205,0,140,45,-4840,19,11325
2024/8/27,18:30,11261,0,6084,7086,38,468,1348,92,603,0,0,206,0,140,43,-4864,17,11261
2024/8/27,19:00,10910,0,6358,7087,36,468,1360,98,610,0,0,249,0,142,0,-5518,20,10910
2024/8/27,19:30,10441,0,5684,7067,35,470,1357,100,611,0,0,313,0,140,-2,-5346,12,10441
2024/8/27,20:00,10123,0,5002,7078,33,469,1297,102,610,0,0,296,0,142,-1,-4922,17,10123
2024/8/27,20:30,9962,0,5198,7063,32,470,1305,100,610,0,0,310,0,140,-2,-5276,12,9962
2024/8/27,21:00,9603,0,5124,7073,30,461,1263,100,609,0,0,296,0,2,-2,-5366,13,9603
2024/8/27,21:30,9287,0,4868,7055,29,440,1270,102,614,0,0,336,0,0,-1,-5432,6,9287
2024/8/27,22:00,9008,0,4558,7068,28,375,1248,101,611,0,0,346,0,0,-1,-5342,16,9008
2024/8/27,22:30,8717,0,4160,7068,27,362,1268,102,613,0,0,375,0,0,-1,-5270,13,8717
2024/8/27,23:00,8538,0,4030,7032,27,361,1254,100,615,0,0,398,0,0,-2,-5284,7,8538
2024/8/27,23:30,8237,0,3826,6749,26,307,1256,103,622,0,0,518,0,0,-4,-5170,4,8237
2024/8/28,0:00,8047,0,4114,6456,25,313,1245,101,625,0,0,482,0,0,-1,-5316,3,8047
2024/8/28,0:30,7785,0,4062,6296,24,308,1230,102,623,0,0,393,0,0,-1,-5254,2,7785
2024/8/28,1:00,7729,0,4092,6337,23,309,1230,104,621,0,0,248,0,0,-1,-5236,2,7729
2024/8/28,1:30,7535,0,3822,6433,23,311,1229,101,620,0,0,226,0,0,-12,-5220,2,7535
2024/8/28,2:00,7543,0,3816,6680,23,310,1261,103,632,0,0,222,0,-212,-12,-5282,2,7543
2024/8/28,2:30,7509,0,3900,6572,23,315,1259,101,627,0,0,232,0,-222,-12,-5288,2,7509
2024/8/28,3:00,7668,0,4046,6553,24,309,1317,103,627,0,0,213,0,-222,-12,-5292,2,7668
2024/8/28,3:30,7666,0,4180,6417,24,310,1308,101,627,0,0,178,0,-222,-7,-5252,2,7666
2024/8/28,4:00,7745,0,3866,6368,25,313,1299,101,626,0,0,171,0,0,-1,-5026,3,7745
2024/8/28,4:30,7844,0,3844,6512,26,313,1307,103,632,0,0,132,0,0,-1,-5026,2,7844
2024/8/28,5:00,7967,0,3852,6612,27,316,1296,101,627,63,0,101,0,0,-1,-5030,3,7967
2024/8/28,5:30,7963,0,3794,6386,27,318,1292,101,613,260,0,85,0,0,-1,-4916,4,7963
2024/8/28,6:00,8032,0,3778,6159,27,339,1268,99,604,525,0,79,0,0,0,-4852,6,8032
2024/8/28,6:30,8383,0,3818,6202,27,320,1260,100,603,856,0,72,0,0,-13,-4878,16,8383
2024/8/28,7:00,8750,0,3804,6334,28,323,1251,100,602,1232,0,49,0,0,-12,-4982,21,8750
2024/8/28,7:30,9206,0,3800,6385,29,346,1242,98,601,1688,0,47,0,0,-13,-5036,19,9206
2024/8/28,8:00,10056,0,4340,6822,32,368,1214,103,625,2047,0,41,0,0,-3,-5548,15,10056
2024/8/28,8:30,10714,0,4532,6935,34,377,1201,99,634,2422,0,32,0,0,0,-5564,12,10714
2024/8/28,9:00,11113,0,4478,7006,34,470,1215,101,657,2627,0,32,0,0,-2,-5520,15,11113
2024/8/28,9:30,11384,0,4548,7015,35,468,1208,100,632,2872,0,24,0,0,-4,-5532,18,11384
2024/8/28,10:00,11335,0,4308,6979,36,467,1212,99,627,3194,0,22,0,0,3,-5628,16,11335
2024/8/28,10:30,11559,0,4792,6801,36,468,1231,100,632,3227,0,21,0,0,0,-5764,15,11559
2024/8/28,11:00,11670,0,4930,6891,38,468,1233,101,638,3161,0,17,0,0,-7,-5812,12,11670
2024/8/28,11:30,11692,0,4986,6848,40,470,1229,100,636,3154,0,14,0,0,-5,-5794,14,11692
2024/8/28,12:00,11283,0,4538,6790,39,466,1218,100,643,3328,0,16,0,0,-40,-5826,11,11283
2024/8/28,12:30,11341,0,4492,6844,38,467,1199,100,642,3366,0,16,0,0,-38,-5792,7,11341
2024/8/28,13:00,11676,0,4918,6928,39,471,1178,99,622,3221,0,20,0,0,-8,-5826,14,11676
2024/8/28,13:30,11837,0,5336,7041,40,466,1172,100,637,2887,0,19,0,0,1,-5870,8,11837
2024/8/28,14:00,11785,0,5468,7086,40,464,1173,101,633,2544,0,23,0,0,1,-5760,12,11785
2024/8/28,14:30,11673,0,5382,7079,41,470,1159,99,600,2364,0,26,0,0,9,-5564,8,11673
2024/8/28,15:00,11575,0,4834,7047,41,471,1202,100,594,1921,0,31,0,0,-1,-4678,13,11575
2024/8/28,15:30,11680,0,5406,7121,41,474,1203,98,595,1431,0,39,0,0,8,-4748,12,11680
2024/8/28,16:00,11630,0,5292,7112,40,477,1256,98,594,999,0,37,0,0,9,-4300,16,11630
2024/8/28,16:30,11368,0,5274,7118,40,489,1258,100,592,624,0,47,0,0,2,-4184,8,11368
2024/8/28,17:00,11093,0,5572,7118,39,489,1256,98,595,340,0,61,0,0,5,-4496,16,11093
2024/8/28,17:30,10882,0,5560,7118,39,484,1267,101,607,110,0,69,0,0,9,-4498,16,10882
2024/8/28,18:00,10894,0,5636,7114,39,485,1277,100,628,2,0,77,0,136,9,-4628,19,10894
2024/8/28,18:30,10886,0,5786,7092,39,471,1275,100,629,0,0,88,0,142,18,-4770,16,10886
2024/8/28,19:00,10575,0,5740,7114,39,470,1297,102,627,0,0,105,0,142,37,-5114,16,10575
2024/8/28,19:30,10201,0,5276,7115,37,470,1294,99,626,0,0,100,0,142,18,-4988,12,10201
2024/8/28,20:00,9873,0,4760,7036,35,472,1300,102,628,0,0,93,0,142,-1,-4712,18,9873
2024/8/28,20:30,9698,0,4564,7044,35,475,1301,99,627,0,0,98,0,142,-1,-4698,12,9698
2024/8/28,21:00,9389,0,4846,7022,33,463,1221,101,630,0,0,97,0,0,-2,-5034,12,9389
2024/8/28,21:30,9018,0,4498,6929,31,439,1199,102,629,0,0,88,0,0,-1,-4902,6,9018
2024/8/28,22:00,8868,0,4318,6905,30,382,1143,101,631,0,0,91,0,0,-1,-4748,16,8868
2024/8/28,22:30,8665,0,4302,6886,29,320,1134,102,631,0,0,84,0,0,-1,-4834,12,8665
2024/8/28,23:00,8479,0,4018,6820,29,337,1121,100,634,0,0,78,0,0,-2,-4662,6,8479
2024/8/28,23:30,8205,0,3880,6670,28,313,1121,100,632,0,0,84,0,0,-1,-4626,4,8205
2024/8/29,0:00,7985,0,4058,6658,27,315,1093,102,634,0,0,88,0,0,-1,-4992,3,7985
2024/8/29,0:30,7705,0,3804,6539,26,314,1070,100,635,0,0,90,0,0,-1,-4874,2,7705
2024/8/29,1:00,7616,0,3794,6571,25,311,1067,103,633,0,0,93,0,0,-1,-4982,2,7616
2024/8/29,1:30,7497,0,3806,6418,25,315,1069,100,630,0,0,100,0,0,-1,-4968,3,7497
2024/8/29,2:00,7469,0,3880,6472,24,314,1113,101,630,0,0,94,0,0,-12,-5150,3,7469
2024/8/29,2:30,7601,0,3936,6489,25,314,1110,102,626,0,0,96,0,0,-12,-5088,3,7601
2024/8/29,3:00,7672,0,4032,6451,25,314,1156,100,623,0,0,90,0,0,-12,-5110,3,7672
2024/8/29,3:30,7695,0,4058,6458,26,314,1154,102,621,0,0,94,0,0,-12,-5122,2,7695
2024/8/29,4:00,7781,0,4132,6446,26,316,1159,101,622,0,0,107,0,0,-12,-5118,2,7781
2024/8/29,4:30,7874,0,4142,6443,28,316,1155,102,622,0,0,122,0,0,-1,-5058,3,7874
2024/8/29,5:00,7996,0,4340,6399,29,312,1156,100,612,29,0,128,0,0,-12,-5100,3,7996
2024/8/29,5:30,7975,0,4104,6366,29,315,1152,99,608,205,0,134,0,0,-1,-5040,4,7975
2024/8/29,6:00,8044,0,3958,6308,30,320,1156,102,610,514,0,138,0,0,-10,-5088,6,8044
2024/8/29,6:30,8394,0,4024,6191,30,318,1151,98,603,920,0,117,0,0,-12,-5062,16,8394
2024/8/29,7:00,8728,0,3948,6201,30,325,1086,102,613,1352,0,104,0,0,0,-5054,21,8728
2024/8/29,7:30,9339,0,4202,6049,33,413,1067,99,614,1828,0,91,0,0,-3,-5072,18,9339
2024/8/29,8:00,10035,0,4812,6423,36,377,1084,102,656,2149,0,80,0,0,-1,-5698,15,10035
2024/8/29,8:30,10780,0,5064,6654,38,463,1103,106,690,2299,0,78,0,0,-2,-5726,13,10780
2024/8/29,9:00,11201,0,5176,6832,39,469,1109,104,690,2359,0,77,0,0,-3,-5666,15,11201
2024/8/29,9:30,11337,0,4914,6871,40,468,1106,104,691,2674,0,72,0,0,-3,-5618,18,11337
2024/8/29,10:00,11447,0,4580,6911,40,463,1112,109,703,2937,0,71,0,0,1,-5496,16,11447
2024/8/29,10:30,11554,0,4536,6918,40,467,1120,108,720,3042,0,62,0,0,-2,-5472,15,11554
2024/8/29,11:00,11691,0,4790,6906,40,466,1118,108,723,3004,0,52,0,0,-3,-5524,11,11691
2024/8/29,11:30,11650,0,5030,6903,40,469,1124,108,720,2830,0,51,0,0,-4,-5636,15,11650
2024/8/29,12:00,11264,0,4888,6924,39,472,1127,110,722,2655,0,49,0,0,-39,-5694,11,11264
2024/8/29,12:30,11220,0,5002,7003,39,467,1133,107,718,2438,0,40,0,0,-40,-5694,7,11220
2024/8/29,13:00,11599,0,5376,7016,40,475,1172,107,699,2229,0,39,0,0,-2,-5566,14,11599
2024/8/29,13:30,11673,0,5686,7084,40,477,1162,107,674,1923,0,37,0,0,-1,-5524,8,11673
2024/8/29,14:00,11678,0,5786,7117,39,484,1159,105,668,1539,0,44,0,0,7,-5282,12,11678
2024/8/29,14:30,11548,0,5876,7018,39,490,1148,106,665,1237,0,46,0,0,11,-5096,8,11548
2024/8/29,15:00,11359,0,5220,6946,39,489,1177,103,659,1010,0,67,0,0,8,-4372,13,11359
2024/8/29,15:30,11325,0,5240,6994,39,488,1173,102,645,755,0,77,0,0,12,-4212,12,11325
2024/8/29,16:00,11375,0,4910,7086,38,489,1230,104,628,487,0,64,0,0,4,-3680,15,11375
2024/8/29,16:30,11247,0,4888,7108,38,494,1227,101,620,279,0,59,0,0,9,-3584,8,11247
2024/8/29,17:00,10950,0,5352,7054,36,495,1221,104,613,125,0,75,0,0,9,-4150,16,10950
2024/8/29,17:30,10873,0,5508,7003,37,492,1220,101,604,39,0,94,0,0,0,-4240,15,10873
2024/8/29,18:00,10812,0,5414,6941,37,492,1231,102,617,0,0,109,0,136,26,-4312,19,10812
2024/8/29,18:30,10751,0,5404,6923,37,474,1227,104,619,0,0,126,0,142,34,-4354,15,10751
2024/8/29,19:00,10440,0,5400,6923,36,475,1195,103,620,0,0,153,0,142,4,-4628,17,10440
2024/8/29,19:30,10095,0,4988,6959,35,478,1193,104,618,0,0,169,0,144,-1,-4604,12,10095
2024/8/29,20:00,9839,0,4660,6965,34,476,1135,102,617,0,0,152,0,142,-1,-4460,17,9839
2024/8/29,20:30,9675,0,4714,6950,32,474,1134,102,617,0,0,138,0,142,-1,-4640,13,9675
2024/8/29,21:00,9326,0,4634,6918,32,460,1102,104,618,0,0,163,0,0,-1,-4716,12,9326
2024/8/29,21:30,9008,0,4364,6801,30,440,1102,102,614,0,0,215,0,0,-2,-4664,6,9008
2024/8/29,22:00,8793,0,4580,6755,29,324,1082,104,617,0,0,226,0,0,-1,-4940,17,8793
2024/8/29,22:30,8533,0,4436,6760,28,311,1070,102,616,0,0,242,0,0,-2,-5042,12,8533
2024/8/29,23:00,8430,0,4346,6736,28,311,1068,104,618,0,0,262,0,0,-1,-5048,6,8430
2024/8/29,23:30,8129,0,4174,6470,27,312,1070,103,620,0,0,270,0,0,-1,-4920,4,8129
2024/8/30,0:00,7968,0,4512,6124,26,315,1067,103,622,0,0,230,0,0,-2,-5032,3,7968
2024/8/30,0:30,7667,0,4398,6052,25,309,1063,104,623,0,0,208,0,0,-1,-5116,2,7667
2024/8/30,1:00,7569,0,4210,6026,24,302,1069,102,619,0,0,226,0,0,-1,-5010,2,7569
2024/8/30,1:30,7502,0,4106,5994,24,306,1073,104,617,0,0,284,0,0,-1,-5008,3,7502
2024/8/30,2:00,7441,0,4042,6030,24,306,1099,103,618,0,0,284,0,0,-10,-5058,3,7441
2024/8/30,2:30,7548,0,4110,6145,25,304,1108,103,619,0,0,319,0,0,-12,-5176,3,7548
2024/8/30,3:00,7545,0,4040,6100,25,306,1110,103,615,0,0,419,0,0,-12,-5164,3,7545
2024/8/30,3:30,7651,0,4132,6031,26,310,1143,102,624,0,0,451,0,0,-12,-5158,2,7651
2024/8/30,4:00,7706,0,4050,6039,26,309,1202,105,625,0,0,483,0,0,-12,-5124,3,7706
2024/8/30,4:30,7850,0,4214,5983,27,310,1205,102,625,0,0,531,0,0,-12,-5138,3,7850
2024/8/30,5:00,7942,0,4334,5867,28,310,1215,104,615,19,0,541,0,0,-12,-5082,3,7942
2024/8/30,5:30,7890,0,4318,5732,28,312,1233,100,601,117,0,515,0,0,-1,-5068,3,7890
2024/8/30,6:00,8044,0,4174,5919,29,318,1242,102,595,288,0,542,0,0,-13,-5158,6,8044
2024/8/30,6:30,8230,0,4172,5810,28,315,1246,100,593,526,0,510,0,0,-2,-5084,16,8230
2024/8/30,7:00,8655,0,4198,5927,29,317,1245,99,591,770,0,520,0,0,-2,-5060,21,8655
2024/8/30,7:30,9115,0,4332,6063,31,342,1251,103,602,1002,0,555,0,0,-3,-5180,17,9115
2024/8/30,8:00,9842,0,4850,6582,34,370,1198,101,613,1347,0,527,0,0,-1,-5794,15,9842
2024/8/30,8:30,10509,0,4898,6722,35,461,1193,103,619,1757,0,510,0,0,0,-5802,13,10509
2024/8/30,9:00,10907,0,4560,6857,35,465,1208,104,661,2152,0,487,0,0,-2,-5634,14,10907
2024/8/30,9:30,11222,0,4492,6819,37,469,1206,105,652,2610,0,469,0,0,1,-5656,18,11222
2024/8/30,10:00,11319,0,4498,6606,37,472,1209,101,629,2914,0,519,0,0,-3,-5678,15,11319
2024/8/30,10:30,11619,0,4480,6537,38,470,1214,103,640,3256,0,551,0,0,-1,-5684,15,11619
2024/8/30,11:00,11779,0,4484,6679,40,472,1212,104,631,3279,0,549,0,0,-2,-5680,11,11779
2024/8/30,11:30,11882,0,4522,6760,41,473,1211,101,629,3231,0,537,0,0,-4,-5634,15,11882
2024/8/30,12:00,11552,0,4328,6841,41,371,1202,103,627,3226,0,531,0,0,-38,-5694,14,11552
2024/8/30,12:30,11560,0,4402,6899,41,376,1205,100,618,3125,0,527,0,0,-39,-5704,10,11560
2024/8/30,13:00,11939,0,4508,6909,43,461,1274,102,626,3143,0,553,0,0,-2,-5692,14,11939
2024/8/30,13:30,12111,0,4912,6913,44,470,1287,104,636,2879,0,549,0,0,-2,-5688,7,12111
2024/8/30,14:00,12091,0,5092,6864,44,483,1311,103,648,2697,0,524,0,0,-4,-5686,15,12091
2024/8/30,14:30,12129,0,5110,6867,45,486,1304,101,626,2738,0,483,0,0,10,-5654,13,12129
2024/8/30,15:00,11921,0,4968,6944,45,486,1289,104,596,2233,0,454,0,136,9,-5356,13,11921
2024/8/30,15:30,11980,0,5292,7027,46,483,1283,100,575,1713,0,432,0,278,7,-5268,12,11980
2024/8/30,16:00,11963,0,5428,7038,46,487,1331,102,577,1229,0,401,0,282,10,-4986,18,11963
2024/8/30,16:30,11674,0,5388,6970,46,486,1337,101,577,731,0,396,0,284,5,-4662,15,11674
2024/8/30,17:00,11367,0,5746,6994,45,481,1343,101,587,371,0,413,0,284,8,-5022,16,11367
2024/8/30,17:30,11164,0,5738,6994,45,484,1346,103,603,108,0,429,0,284,11,-4996,15,11164
2024/8/30,18:00,11076,0,5592,7051,44,485,1350,102,616,1,0,458,0,286,36,-4968,23,11076
2024/8/30,18:30,11033,0,5612,7040,45,471,1353,103,620,0,0,495,0,284,27,-5034,17,11033
2024/8/30,19:00,10796,0,5734,6931,43,469,1342,102,621,0,0,479,0,144,-1,-5084,16,10796
2024/8/30,19:30,10293,0,4968,6870,42,469,1336,102,623,0,0,450,0,142,-2,-4722,15,10293
2024/8/30,20:00,10080,0,4978,6896,40,471,1242,104,622,0,0,419,0,142,-2,-4848,16,10080
2024/8/30,20:30,9863,0,4902,6938,39,470,1236,102,626,0,0,408,0,144,-1,-5016,15,9863
2024/8/30,21:00,9558,0,4812,6980,37,458,1171,105,622,0,0,408,0,0,-2,-5048,15,9558
2024/8/30,21:30,9224,0,4564,6875,35,434,1158,103,623,0,0,400,0,0,-1,-4974,7,9224
2024/8/30,22:00,8997,0,4496,6762,34,376,1096,102,625,0,0,425,0,0,-1,-4932,14,8997
2024/8/30,22:30,8745,0,4272,6764,33,355,1068,105,630,0,0,449,0,0,-1,-4942,12,8745
2024/8/30,23:00,8617,0,4086,6803,33,344,1017,103,631,0,0,441,0,0,-1,-4846,6,8617
2024/8/30,23:30,8264,0,3800,6537,31,354,972,105,632,0,0,442,0,0,-1,-4612,4,8264
2024/8/31,0:00,8046,0,3658,6619,30,310,856,103,630,0,0,429,0,0,-12,-4580,3,8046
2024/8/31,0:30,7737,0,3156,6638,28,357,853,102,631,0,0,401,0,0,-1,-4430,2,7737
2024/8/31,1:00,7619,0,3148,6613,27,359,853,105,634,0,0,381,0,0,-1,-4502,2,7619
2024/8/31,1:30,7570,0,3434,6695,27,306,848,102,634,0,0,379,0,0,-1,-4856,2,7570
2024/8/31,2:00,7472,0,3342,6740,26,300,847,102,635,0,0,388,0,0,-1,-4910,3,7472
2024/8/31,2:30,7517,0,3474,6693,27,297,857,105,639,0,0,379,0,0,-1,-4956,3,7517
2024/8/31,3:00,7510,0,3556,6649,27,286,899,103,638,0,0,348,0,0,-1,-4998,3,7510
2024/8/31,3:30,7563,0,3602,6626,28,291,907,104,632,0,0,381,0,0,-1,-5010,3,7563
2024/8/31,4:00,7582,0,3574,6537,28,299,949,102,632,0,0,337,0,0,-1,-4878,3,7582
2024/8/31,4:30,7695,0,3732,6609,29,298,954,102,627,0,0,356,0,0,-1,-5014,3,7695
2024/8/31,5:00,7696,0,3720,6563,29,302,935,104,612,22,0,393,0,0,-1,-4986,3,7696
2024/8/31,5:30,7593,0,3572,6560,29,301,935,100,592,144,0,434,0,0,-12,-5066,4,7593
2024/8/31,6:00,7603,0,3308,6601,29,313,916,102,589,311,0,370,0,0,-1,-4944,9,7603
2024/8/31,6:30,7829,0,3284,6706,29,313,915,99,588,531,0,331,0,0,-2,-4976,11,7829
2024/8/31,7:00,8044,0,3312,6694,30,314,893,100,586,720,0,390,0,0,-1,-5014,20,8044
2024/8/31,7:30,8357,0,3484,6658,32,340,898,102,594,931,0,410,0,0,-2,-5108,18,8357
2024/8/31,8:00,8792,0,3590,6652,33,349,860,101,607,1155,0,429,0,0,-5,-4994,15,8792
2024/8/31,8:30,9216,0,3812,6675,34,360,847,104,596,1460,0,434,0,0,-10,-5110,14,9216
2024/8/31,9:00,9477,0,3660,6688,35,447,876,102,622,1478,0,445,0,0,-5,-4886,15,9477
2024/8/31,9:30,9628,0,3552,6709,35,362,873,101,601,1667,0,475,0,0,2,-4768,19,9628
2024/8/31,10:00,9603,0,3498,6645,34,356,917,102,595,2082,0,429,0,0,-3,-5068,16,9603
2024/8/31,10:30,9744,0,3424,6559,34,353,930,100,587,2406,0,443,0,0,0,-5108,16,9744
2024/8/31,11:00,9809,0,3652,6581,35,357,945,102,572,2768,0,339,0,0,-1,-5556,15,9809
2024/8/31,11:30,9842,0,3770,6597,35,354,955,100,572,2852,0,270,0,0,-5,-5674,16,9842
2024/8/31,12:00,9739,0,3710,6639,34,353,962,99,575,2869,0,297,0,0,-54,-5760,15,9739
2024/8/31,12:30,9652,0,3606,6658,33,356,976,103,588,2750,0,369,0,0,-48,-5748,9,9652
2024/8/31,13:00,9701,0,3664,6633,32,356,1013,101,591,2651,0,378,0,0,-3,-5732,17,9701
2024/8/31,13:30,9661,0,3726,6396,32,358,1014,101,583,2685,0,395,0,0,-2,-5644,17,9661
2024/8/31,14:00,9686,0,4206,6221,32,370,1018,100,594,2371,0,450,0,0,-1,-5688,13,9686
2024/8/31,14:30,9560,0,4544,6201,32,458,1019,100,595,1836,0,384,0,0,-3,-5614,8,9560
2024/8/31,15:00,9467,0,4480,6030,33,461,1034,102,595,1249,0,371,0,0,-6,-4896,14,9467
2024/8/31,15:30,9441,0,4586,6022,33,468,1060,101,609,853,0,460,0,0,4,-4772,17,9441
2024/8/31,16:00,9425,0,4902,6088,35,469,1126,104,617,605,0,422,0,0,-1,-4960,18,9425
2024/8/31,16:30,9352,0,4498,6446,37,467,1112,102,614,446,0,378,0,0,9,-4768,11,9352
2024/8/31,17:00,9345,0,4050,6639,37,469,1099,101,608,240,0,410,0,0,1,-4328,19,9345
2024/8/31,17:30,9263,0,4256,6427,37,466,1109,103,614,67,0,368,0,0,5,-4204,15,9263
2024/8/31,18:00,9349,0,4236,6396,37,465,1118,99,632,1,0,364,0,0,8,-4026,19,9349
2024/8/31,18:30,9375,0,4420,6371,37,466,1123,98,635,0,0,338,0,0,8,-4138,17,9375
2024/8/31,19:00,9133,0,4372,6287,37,468,1067,97,638,0,0,324,0,0,8,-4182,17,9133
2024/8/31,19:30,8895,0,4302,6245,35,466,1030,98,639,0,0,313,0,0,-1,-4244,12,8895
2024/8/31,20:00,8652,0,4284,6182,34,470,999,95,634,0,0,372,0,0,-1,-4432,15,8652
2024/8/31,20:30,8524,0,4366,6170,33,468,979,98,637,0,0,335,0,0,-1,-4574,13,8524
2024/8/31,21:00,8232,0,4252,6062,32,462,942,96,639,0,0,275,0,0,-1,-4540,13,8232
2024/8/31,21:30,7995,0,4084,6013,30,439,942,96,638,0,0,232,0,0,-1,-4484,6,7995
2024/8/31,22:00,7806,0,3740,6084,29,318,903,99,642,0,0,210,0,0,-2,-4232,15,7806
2024/8/31,22:30,7603,0,3714,5887,28,301,897,96,644,0,0,183,0,0,-1,-4158,12,7603
2024/8/31,23:00,7557,0,3982,5802,28,304,882,105,644,0,0,147,0,0,-11,-4332,6,7557
2024/8/31,23:30,7270,0,4004,5529,27,309,874,104,644,0,0,134,0,0,-11,-4348,4,7270
