単位[MW平均],,,供給力,,,,,,,,,,,,,,,,
DATE,TIME,エリア需要,原子力,火力(LNG),火力(石炭),火力(石油),火力(その他),水力,地熱,バイオマス,太陽光発電実績,太陽光出力制御量,風力発電実績,風力出力制御量,揚水,蓄電池,連系線,その他,合計
2025/4/1,0:00,8415,789,3704,3931,27,306,1888,152,603,0,0,143,0,0,-1,-3132,5,8415
2025/4/1,0:30,8301,789,3546,3993,27,302,1877,149,605,0,0,176,0,0,-1,-3166,4,8301
2025/4/1,1:00,8402,789,3580,3988,26,306,1883,153,607,0,0,206,0,0,-1,-3140,5,8402
2025/4/1,1:30,8536,787,3874,3982,27,305,1883,153,607,0,0,227,0,0,-1,-3314,6,8536
2025/4/1,2:00,8732,788,4236,4091,28,305,1884,150,610,0,0,243,0,0,-1,-3608,6,8732
2025/4/1,2:30,8842,787,4498,4085,29,300,1888,152,607,0,0,267,0,0,-1,-3776,6,8842
2025/4/1,3:00,8962,789,4650,4085,30,305,1905,150,611,0,0,259,0,0,-1,-3826,5,8962
2025/4/1,3:30,8938,785,4532,4089,31,306,1900,151,608,0,0,291,0,0,-2,-3758,5,8938
2025/4/1,4:00,9039,788,4860,4092,31,297,1903,153,605,0,0,316,0,0,-1,-4010,5,9039
2025/4/1,4:30,9103,785,4884,4068,32,305,1901,149,606,0,0,347,0,0,-1,-3978,5,9103
2025/4/1,5:00,9385,789,4742,4048,33,305,1919,152,608,0,0,366,0,0,-1,-3584,8,9385
2025/4/1,5:30,9354,789,4034,3938,34,309,1925,150,613,63,0,384,0,0,2,-2896,9,9354
2025/4/1,6:00,9583,786,3896,3846,34,311,1933,152,633,288,0,383,0,196,37,-2922,10,9583
2025/4/1,6:30,9731,789,3852,3857,34,308,1944,154,643,652,0,358,0,228,23,-3132,21,9731
2025/4/1,7:00,9737,789,3844,3858,33,312,1976,154,675,989,0,335,0,0,-1,-3254,27,9737
2025/4/1,7:30,10065,787,3820,3846,33,347,1974,156,689,1314,0,293,0,0,0,-3216,22,10065
2025/4/1,8:00,10563,785,4856,3878,34,368,1972,156,699,1526,0,289,0,0,-6,-4012,18,10563
2025/4/1,8:30,11024,791,5064,3922,35,448,1983,159,716,1647,0,302,0,0,-3,-4056,16,11024
2025/4/1,9:00,11315,785,5168,3962,34,452,1983,159,716,1733,0,335,0,0,-3,-4028,19,11315
2025/4/1,9:30,11275,788,5032,3996,34,363,1980,158,719,1808,0,373,0,0,1,-3998,21,11275
2025/4/1,10:00,11205,788,4870,3993,34,353,1955,157,714,1863,0,444,0,0,-5,-3982,21,11205
2025/4/1,10:30,11168,790,4784,3933,33,352,1961,158,727,1870,0,462,0,0,0,-3920,18,11168
2025/4/1,11:00,11112,793,4604,3888,33,347,1978,159,743,1901,0,484,0,0,1,-3834,15,11112
2025/4/1,11:30,11093,787,4756,3790,33,352,1978,160,738,1840,0,504,0,0,-10,-3854,19,11093
2025/4/1,12:00,10668,785,4756,3796,31,353,1971,157,742,1746,0,521,0,0,-41,-4164,15,10668
2025/4/1,12:30,10554,784,4684,3814,31,366,1978,160,741,1620,0,494,0,0,-31,-4098,11,10554
2025/4/1,13:00,10918,791,4978,3821,33,450,1975,156,730,1527,0,508,0,0,0,-4068,17,10918
2025/4/1,13:30,10966,789,5230,3891,32,454,1973,160,722,1316,0,502,0,0,-12,-4102,11,10966
2025/4/1,14:00,10952,782,5464,3926,32,461,1966,157,706,1086,0,519,0,0,-2,-4160,15,10952
2025/4/1,14:30,10881,789,5418,3978,33,459,1961,160,680,882,0,548,0,0,-4,-4034,11,10881
2025/4/1,15:00,10882,786,5566,3989,33,461,1960,158,666,672,0,580,0,136,1,-4144,18,10882
2025/4/1,15:30,10839,787,5362,3981,32,460,1978,156,650,487,0,577,0,142,0,-3792,19,10839
2025/4/1,16:00,10970,784,5524,4016,34,459,1999,158,633,338,0,562,0,2,-3,-3554,18,10970
2025/4/1,16:30,10894,789,5502,4039,34,459,1987,155,613,191,0,585,0,0,-2,-3468,10,10894
2025/4/1,17:00,10831,791,5348,3997,35,462,1988,157,598,79,0,620,0,0,-2,-3262,20,10831
2025/4/1,17:30,10827,785,4986,3989,36,460,1984,152,594,14,0,695,0,200,-2,-3084,18,10827
2025/4/1,18:00,10915,787,5026,3984,37,461,1982,156,593,0,0,744,0,226,2,-3106,23,10915
2025/4/1,18:30,10931,790,5052,3980,37,462,1986,156,594,0,0,760,0,226,33,-3162,17,10931
2025/4/1,19:00,10705,789,5004,3997,36,460,1986,153,595,0,0,742,0,226,-1,-3300,18,10705
2025/4/1,19:30,10547,785,4900,4007,36,464,1985,154,590,0,0,768,0,226,-1,-3380,13,10547
2025/4/1,20:00,10396,789,5412,3990,35,450,1984,154,594,0,0,727,0,226,-1,-3982,18,10396
2025/4/1,20:30,10179,791,5408,3998,34,446,1976,154,596,0,0,695,0,0,-1,-3934,16,10179
2025/4/1,21:00,9853,787,5018,4002,33,438,1950,154,597,0,0,713,0,0,-1,-3852,14,9853
2025/4/1,21:30,9437,789,4400,3964,31,420,1948,154,601,0,0,791,0,0,-1,-3668,8,9437
2025/4/1,22:00,9233,786,3956,3961,29,309,1922,155,600,0,0,814,0,0,-1,-3314,16,9233
2025/4/1,22:30,8937,795,3688,3946,27,296,1916,152,600,0,0,837,0,0,-2,-3334,16,8937
2025/4/1,23:00,8793,786,3804,3862,28,296,1903,155,603,0,0,798,0,0,-1,-3452,11,8793
2025/4/1,23:30,8536,788,3606,3820,26,295,1893,153,599,0,0,788,0,0,-1,-3438,7,8536
2025/4/2,0:00,8341,789,3368,3747,25,298,1854,154,598,0,0,826,0,0,-1,-3322,5,8341
2025/4/2,0:30,8215,790,3154,3852,24,299,1847,156,596,0,0,874,0,0,-1,-3380,4,8215
2025/4/2,1:00,8287,791,3314,3842,24,291,1852,153,597,0,0,904,0,0,-1,-3484,4,8287
2025/4/2,1:30,8339,785,3416,3850,24,295,1846,154,598,0,0,870,0,0,-1,-3504,6,8339
2025/4/2,2:00,8431,791,3532,3850,25,292,1850,152,593,0,0,863,0,0,-1,-3522,6,8431
2025/4/2,2:30,8592,789,3830,3852,26,292,1844,154,587,0,0,892,0,0,-1,-3678,5,8592
2025/4/2,3:00,8672,789,3756,3844,27,292,1847,152,586,0,0,993,0,0,-1,-3618,5,8672
2025/4/2,3:30,8756,787,3916,3848,27,294,1852,154,585,0,0,1010,0,0,-1,-3720,4,8756
2025/4/2,4:00,8876,791,4200,3854,28,292,1840,153,586,0,0,1052,0,0,-1,-3924,5,8876
2025/4/2,4:30,9019,791,4300,3852,29,293,1838,151,587,0,0,1088,0,0,-1,-3914,5,9019
2025/4/2,5:00,9123,789,4290,3860,29,294,1840,152,582,0,0,1122,0,0,-1,-3842,8,9123
2025/4/2,5:30,9228,787,4204,3862,30,300,1850,149,579,15,0,1198,0,0,-1,-3754,9,9228
2025/4/2,6:00,9374,789,4180,3838,30,303,1868,151,587,74,0,1203,0,0,-1,-3658,10,9374
2025/4/2,6:30,9463,795,4238,3829,31,303,1881,151,595,177,0,1197,0,0,-1,-3752,19,9463
2025/4/2,7:00,9569,787,4038,3861,31,307,1887,150,608,316,0,1177,0,0,-1,-3618,26,9569
2025/4/2,7:30,9905,789,4054,3854,31,370,1893,152,622,457,0,1190,0,0,-6,-3522,21,9905
2025/4/2,8:00,10409,785,4626,3856,32,446,1872,150,632,628,0,1241,0,0,34,-3910,17,10409
2025/4/2,8:30,10943,790,5032,3952,33,446,1891,153,646,788,0,1291,0,62,-1,-4156,16,10943
2025/4/2,9:00,11033,785,4694,4004,33,442,1897,150,652,946,0,1290,0,222,-2,-4098,18,11033
2025/4/2,9:30,11063,793,4358,3985,33,441,1896,153,658,1137,0,1271,0,224,-1,-3906,21,11063
2025/4/2,10:00,10887,787,3892,3926,32,443,1890,152,656,1285,0,1247,0,0,0,-3444,21,10887
2025/4/2,10:30,10874,780,3948,3809,33,451,1903,151,670,1391,0,1251,0,0,-4,-3526,17,10874
2025/4/2,11:00,10780,790,3998,3757,33,453,1928,154,689,1482,0,1269,0,0,-1,-3786,14,10780
2025/4/2,11:30,10738,787,3966,3791,34,455,1926,152,690,1544,0,1287,0,0,-2,-3912,20,10738
2025/4/2,12:00,10282,788,3928,3789,33,441,1933,154,704,1540,0,1266,0,0,-30,-4278,14,10282
2025/4/2,12:30,10089,787,4014,3772,33,437,1926,154,701,1501,0,1279,0,0,-44,-4480,9,10089
2025/4/2,13:00,10417,786,4172,3767,32,450,1928,152,695,1340,0,1275,0,0,-4,-4192,16,10417
2025/4/2,13:30,10489,790,4482,3784,32,446,1938,153,701,1154,0,1285,0,0,-6,-4280,10,10489
2025/4/2,14:00,10437,784,4468,3773,29,434,1936,151,695,1202,0,1256,0,0,0,-4306,15,10437
2025/4/2,14:30,10253,791,3910,3921,30,443,1932,152,679,1120,0,1263,0,0,-1,-3998,11,10253
2025/4/2,15:00,10184,787,3952,3861,30,447,1926,151,665,834,0,1154,0,0,-4,-3634,15,10184
2025/4/2,15:30,10288,787,4408,3836,31,445,1923,148,641,646,0,1062,0,0,-2,-3654,17,10288
2025/4/2,16:00,10377,788,4856,3849,31,448,1945,151,632,460,0,1067,0,0,-4,-3864,18,10377
2025/4/2,16:30,10242,789,4610,3822,32,442,1939,146,601,295,0,1114,0,138,-1,-3694,9,10242
2025/4/2,17:00,10172,789,4240,3801,32,452,1937,148,584,129,0,1145,0,142,1,-3252,24,10172
2025/4/2,17:30,10201,787,4014,3806,33,453,1944,146,577,25,0,1176,0,142,1,-2920,17,10201
2025/4/2,18:00,10320,791,3936,3847,34,452,1937,148,582,0,0,1127,0,142,37,-2736,23,10320
2025/4/2,18:30,10337,789,4120,3843,34,454,1933,149,585,0,0,1094,0,142,23,-2846,17,10337
2025/4/2,19:00,10130,789,4020,3839,34,457,1924,147,583,0,0,1091,0,142,-1,-2912,17,10130
2025/4/2,19:30,10007,791,4046,3839,33,445,1924,148,585,0,0,1120,0,142,-1,-3078,13,10007
2025/4/2,20:00,9759,785,4208,3850,32,451,1912,147,584,0,0,1117,0,0,-1,-3344,18,9759
2025/4/2,20:30,9571,791,3982,3924,31,453,1919,148,587,0,0,1127,0,0,-1,-3406,16,9571
2025/4/2,21:00,9326,788,3994,3896,30,448,1903,149,590,0,0,1085,0,0,-1,-3570,14,9326
2025/4/2,21:30,9060,789,4020,3862,29,437,1910,147,592,0,0,1014,0,0,-1,-3746,7,9060
2025/4/2,22:00,8812,787,4044,3878,27,309,1905,148,591,0,0,996,0,0,-1,-3888,16,8812
2025/4/2,22:30,8501,791,3830,3812,26,301,1908,148,592,0,0,975,0,0,-1,-3896,15,8501
2025/4/2,23:00,8411,789,3748,3837,26,295,1904,149,594,0,0,970,0,0,-1,-3910,10,8411
2025/4/2,23:30,8179,789,3594,3822,25,298,1901,147,595,0,0,927,0,0,-1,-3924,6,8179
2025/4/3,0:00,8016,788,3360,3794,24,301,1884,149,594,0,0,935,0,0,-1,-3816,4,8016
2025/4/3,0:30,7948,788,3272,3849,24,299,1882,148,595,0,0,924,0,0,-1,-3836,4,7948
2025/4/3,1:00,8044,790,3298,3861,23,298,1874,148,596,0,0,853,0,0,-1,-3700,4,8044
2025/4/3,1:30,8126,784,3324,3852,24,298,1881,150,598,0,0,782,0,0,-1,-3572,6,8126
2025/4/3,2:00,8220,791,3238,3841,24,301,1876,146,598,0,0,717,0,0,-2,-3316,6,8220
2025/4/3,2:30,8416,786,3338,3863,25,297,1885,150,598,0,0,685,0,0,-1,-3216,6,8416
2025/4/3,3:00,8502,792,3272,3836,27,298,1902,148,599,0,0,654,0,0,-1,-3030,5,8502
2025/4/3,3:30,8624,791,3358,3849,27,301,1904,148,602,0,0,628,0,0,-1,-2988,5,8624
2025/4/3,4:00,8768,785,3562,3866,27,295,1876,149,600,0,0,632,0,0,-1,-3028,5,8768
2025/4/3,4:30,8835,786,3716,3746,28,300,1873,148,600,0,0,650,0,0,-1,-3016,5,8835
2025/4/3,5:00,9045,789,3922,3737,28,298,1871,149,597,0,0,631,0,0,-1,-2984,8,9045
2025/4/3,5:30,9125,788,3822,3819,29,309,1868,149,599,56,0,636,0,0,-1,-2958,9,9125
2025/4/3,6:00,9216,789,4100,3773,29,305,1886,149,618,187,0,603,0,0,-5,-3228,10,9216
2025/4/3,6:30,9302,786,4380,3591,28,312,1898,152,636,384,0,603,0,0,-1,-3486,19,9302
2025/4/3,7:00,9378,788,4444,3578,29,314,1918,150,650,567,0,578,0,0,-2,-3662,26,9378
2025/4/3,7:30,9725,788,4588,3460,28,383,1934,154,673,856,0,557,0,0,-6,-3710,20,9725
2025/4/3,8:00,10255,784,4914,3479,28,464,1977,155,693,1110,0,489,0,0,9,-3864,17,10255
2025/4/3,8:30,10728,792,5178,3630,29,466,1978,153,695,1214,0,445,0,0,-9,-3858,15,10728
2025/4/3,9:00,10913,785,4738,3797,27,464,1981,155,703,1429,0,406,0,0,-1,-3588,17,10913
2025/4/3,9:30,10881,787,4404,3846,28,468,1989,155,711,1608,0,336,0,0,0,-3472,21,10881
2025/4/3,10:00,10797,792,4164,3880,28,466,2007,155,726,1689,0,277,0,0,0,-3408,21,10797
2025/4/3,10:30,10792,786,4400,3804,27,367,2007,159,737,1725,0,268,0,0,0,-3506,18,10792
2025/4/3,11:00,10775,786,4452,3790,28,353,2004,155,720,1740,0,250,0,0,-4,-3514,15,10775
2025/4/3,11:30,10643,784,4256,3801,28,356,2013,161,725,1708,0,215,0,0,4,-3428,20,10643
2025/4/3,12:00,10290,790,4206,3837,28,356,1997,157,717,1623,0,213,0,0,-6,-3642,14,10290
2025/4/3,12:30,10067,788,4162,3733,27,358,1990,158,702,1466,0,216,0,0,-1,-3542,10,10067
2025/4/3,13:00,10567,786,4480,3766,28,356,1990,158,691,1438,0,233,0,0,-4,-3372,17,10567
2025/4/3,13:30,10457,784,4572,3707,26,373,1996,156,707,1246,0,238,0,0,0,-3358,10,10457
2025/4/3,14:00,10564,789,4444,3836,26,458,1997,158,701,1169,0,263,0,0,-1,-3290,14,10564
2025/4/3,14:30,10410,787,4362,3808,28,453,1990,155,679,1061,0,282,0,0,-2,-3204,11,10410
2025/4/3,15:00,10358,783,4276,3862,29,460,1990,157,666,924,0,328,0,0,-2,-3130,15,10358
2025/4/3,15:30,10391,785,4370,3853,30,460,1993,154,659,744,0,301,0,0,1,-2976,17,10391
2025/4/3,16:00,10528,786,4638,3908,30,456,1984,156,640,521,0,295,0,0,-7,-2898,19,10528
2025/4/3,16:30,10332,787,4500,3964,31,464,1978,154,624,299,0,290,0,0,-4,-2764,9,10332
2025/4/3,17:00,10347,788,4666,4059,31,464,1987,152,612,167,0,312,0,0,-43,-2872,24,10347
2025/4/3,17:30,10480,786,4586,4061,33,464,1982,152,605,49,0,311,0,198,-29,-2736,18,10480
2025/4/3,18:00,10543,783,4578,4059,33,466,1973,152,607,0,0,336,0,228,33,-2728,23,10543
2025/4/3,18:30,10562,790,4598,4020,34,469,1982,154,611,0,0,317,0,226,29,-2686,18,10562
2025/4/3,19:00,10340,784,4576,4015,33,468,1966,153,613,0,0,290,0,224,-1,-2798,17,10340
2025/4/3,19:30,10160,789,4622,4008,33,471,1971,150,623,0,0,266,0,0,-1,-2786,14,10160
2025/4/3,20:00,9973,788,4836,3961,32,463,1955,154,625,0,0,255,0,0,-1,-3114,19,9973
2025/4/3,20:30,9888,787,5014,3948,31,464,1949,150,626,0,0,230,0,0,-1,-3326,16,9888
2025/4/3,21:00,9494,789,5012,3894,30,463,1926,153,624,0,0,195,0,0,-1,-3606,15,9494
2025/4/3,21:30,9212,787,4686,3904,29,459,1926,153,623,0,0,163,0,0,-1,-3524,7,9212
2025/4/3,22:00,8950,785,4214,3909,27,329,1926,150,621,0,0,170,0,0,-1,-3198,18,8950
2025/4/3,22:30,8723,790,4106,3915,26,308,1924,152,622,0,0,200,0,0,-1,-3334,15,8723
2025/4/3,23:00,8610,785,3978,3935,26,306,1915,151,622,0,0,200,0,0,-1,-3316,9,8610
2025/4/3,23:30,8389,785,3810,3883,25,310,1923,153,630,0,0,198,0,0,-1,-3334,7,8389
2025/4/4,0:00,8197,790,3668,3907,24,308,1909,152,628,0,0,239,0,0,-1,-3432,5,8197
2025/4/4,0:30,8126,788,3702,3907,23,305,1892,152,625,0,0,251,0,0,-1,-3522,4,8126
2025/4/4,1:00,8181,785,3794,3911,23,307,1889,152,626,0,0,272,0,0,-1,-3582,5,8181
2025/4/4,1:30,8178,788,3802,3904,24,306,1893,151,635,0,0,290,0,0,-1,-3620,6,8178
2025/4/4,2:00,8423,787,3748,3906,24,310,1891,153,650,0,0,371,0,0,-1,-3422,6,8423
2025/4/4,2:30,8469,788,3516,3931,25,306,1899,152,650,0,0,485,0,0,-1,-3288,6,8469
2025/4/4,3:00,8612,786,3692,3873,26,307,1918,151,655,0,0,596,0,0,-1,-3396,5,8612
2025/4/4,3:30,8612,788,3430,3890,27,304,1918,152,656,0,0,771,0,0,-1,-3328,5,8612
2025/4/4,4:00,8802,790,3570,3944,27,305,1930,151,670,0,0,817,0,0,-1,-3406,5,8802
2025/4/4,4:30,8919,785,3644,3966,28,306,1921,152,683,0,0,812,0,0,-1,-3382,5,8919
2025/4/4,5:00,9109,787,3816,3984,29,308,1921,151,684,1,0,927,0,0,-1,-3506,8,9109
2025/4/4,5:30,9069,786,3656,3912,29,303,1933,153,698,159,0,934,0,0,-1,-3502,9,9069
2025/4/4,6:00,9122,792,3638,3604,30,309,1954,154,726,610,0,953,0,0,-4,-3654,10,9122
2025/4/4,6:30,9008,786,3114,3285,30,306,1981,155,763,1353,0,1002,0,0,0,-3786,19,9008
2025/4/4,7:00,8997,789,2652,2803,30,309,2024,158,816,2284,0,1030,0,0,-37,-3886,25,8997
2025/4/4,7:30,9235,786,2368,2530,30,308,2062,162,871,3009,0,1019,0,0,-35,-3896,21,9235
2025/4/4,8:00,9674,788,2824,2469,32,310,2070,160,886,3555,0,1052,0,0,42,-4532,18,9674
2025/4/4,8:30,10157,788,2966,2624,32,294,2061,163,863,3830,0,1037,0,0,7,-4524,16,10157
2025/4/4,9:00,10255,787,2918,2578,32,281,2074,162,896,3955,0,1033,0,0,1,-4480,18,10255
2025/4/4,9:30,10247,784,2668,2559,31,284,2093,163,918,4150,0,948,0,0,-2,-4370,21,10247
2025/4/4,10:00,10095,791,2344,2425,31,282,2090,167,931,4306,0,1017,0,0,2,-4312,21,10095
2025/4/4,10:30,10103,783,2234,2466,30,282,2104,165,948,4417,0,1013,0,0,-5,-4352,18,10103
2025/4/4,11:00,10012,790,2442,2241,29,283,2109,167,944,4456,0,1031,0,-2,0,-4492,14,10012
2025/4/4,11:30,9989,787,2760,2130,29,283,2093,165,922,4553,0,1025,0,-210,2,-4568,18,9989
2025/4/4,12:00,9576,785,2902,2055,28,283,2085,165,917,4453,0,1055,0,-434,-8,-4726,16,9576
2025/4/4,12:30,9447,788,3046,1920,28,278,2097,165,933,4451,0,1060,0,-448,1,-4882,10,9447
2025/4/4,13:00,9743,787,3128,2047,28,277,2087,167,914,4339,0,1142,0,-226,-5,-4958,16,9743
2025/4/4,13:30,9826,787,3026,2279,28,275,2106,166,932,4144,0,1143,0,0,-2,-5068,10,9826
2025/4/4,14:00,9724,787,2998,2257,29,278,2083,163,891,4169,0,1188,0,0,0,-5134,15,9724
2025/4/4,14:30,9679,788,3170,2477,30,282,2087,164,879,3646,0,1206,0,0,-7,-5060,17,9679
2025/4/4,15:00,9594,787,3372,2514,31,297,2078,161,847,3182,0,1287,0,0,-3,-4974,15,9594
2025/4/4,15:30,9608,785,3870,2683,31,314,2062,161,821,2488,0,1279,0,0,7,-4910,17,9608
2025/4/4,16:00,9707,787,3970,3039,32,314,2050,160,783,1667,0,1292,0,0,-8,-4398,19,9707
2025/4/4,16:30,9602,787,4194,3188,32,316,2026,155,733,917,0,1234,0,0,2,-3998,16,9602
2025/4/4,17:00,9651,791,3822,3567,33,384,2021,154,673,354,0,1202,0,200,-5,-3564,19,9651
2025/4/4,17:30,9673,786,3836,3653,34,381,2003,152,631,74,0,1173,0,230,-3,-3296,19,9673
2025/4/4,18:00,9929,790,4044,3766,35,371,2006,153,637,0,0,1137,0,230,-1,-3262,23,9929
2025/4/4,18:30,9945,786,3812,3914,35,385,2004,154,656,0,0,1116,0,226,-1,-3160,18,9945
2025/4/4,19:00,9867,790,3718,4060,34,379,1997,153,662,0,0,1051,0,0,-1,-2994,18,9867
2025/4/4,19:30,9725,787,3636,4096,34,382,1997,154,665,0,0,934,0,0,-1,-2972,13,9725
2025/4/4,20:00,9517,789,3642,3999,33,315,1985,151,667,0,0,911,0,0,-1,-2992,18,9517
2025/4/4,20:30,9384,791,3568,3987,32,311,1985,155,668,0,0,888,0,0,-1,-3014,14,9384
2025/4/4,21:00,9118,789,3428,4013,31,374,1975,153,669,0,0,869,0,0,-1,-3196,14,9118
2025/4/4,21:30,8972,795,3540,4038,29,311,1976,151,675,0,0,841,0,0,-1,-3394,11,8972
2025/4/4,22:00,8663,784,3570,3977,28,307,1966,153,684,0,0,788,0,0,-1,-3612,19,8663
2025/4/4,22:30,8467,787,3436,4010,26,307,1968,152,691,0,0,730,0,0,-1,-3654,15,8467
2025/4/4,23:00,8417,787,3490,4027,27,309,1964,153,691,0,0,743,0,0,-1,-3782,9,8417
2025/4/4,23:30,8202,796,3472,3855,26,309,1964,151,691,0,0,764,0,0,-1,-3832,7,8202
2025/4/5,0:00,8016,785,2920,3824,25,308,1940,152,689,0,0,751,0,0,-1,-3382,5,8016
2025/4/5,0:30,7921,787,2556,3798,24,306,1931,151,684,0,0,779,0,0,-1,-3098,4,7921
2025/4/5,1:00,8056,791,2782,3705,24,308,1929,152,681,0,0,840,0,0,-1,-3160,5,8056
2025/4/5,1:30,8095,789,2766,3659,24,309,1934,153,680,0,0,876,0,0,-1,-3100,6,8095
2025/4/5,2:00,8174,788,2678,3466,24,310,1928,152,682,0,0,883,0,0,-1,-2742,6,8174
2025/4/5,2:30,8357,788,2810,3538,26,306,1936,151,682,0,0,849,0,0,-1,-2734,6,8357
2025/4/5,3:00,8395,791,3132,3396,27,307,1948,153,678,0,0,743,0,0,-1,-2784,5,8395
2025/4/5,3:30,8470,785,3444,3324,27,311,1953,151,679,0,0,714,0,0,-1,-2922,5,8470
2025/4/5,4:00,8571,791,3476,3305,28,303,1931,153,676,0,0,710,0,0,-1,-2806,5,8571
2025/4/5,4:30,8628,788,3452,3170,29,310,1933,152,674,0,0,646,0,200,-1,-2730,5,8628
2025/4/5,5:00,8684,789,3472,3036,30,315,1929,152,680,6,0,630,0,226,-1,-2588,8,8684
2025/4/5,5:30,8666,789,3486,2770,29,310,1935,153,693,219,0,574,0,222,-1,-2522,9,8666
2025/4/5,6:00,8435,791,3408,2531,29,302,1956,154,723,749,0,555,0,0,-5,-2768,10,8435
2025/4/5,6:30,8295,789,3102,2089,28,305,1972,157,760,1628,0,508,0,0,-5,-3058,20,8295
2025/4/5,7:00,8032,786,2500,1750,27,284,2017,160,802,2684,0,497,0,0,2,-3504,27,8032
2025/4/5,7:30,8047,791,2192,1340,26,260,2064,162,841,3552,0,437,0,0,-1,-3638,21,8047
2025/4/5,8:00,8123,787,2096,1324,26,257,2072,166,795,4262,429,410,53,0,-5,-4086,19,8123
2025/4/5,8:30,8338,793,1810,1267,26,254,2083,165,778,4999,441,393,57,0,0,-4248,18,8338
2025/4/5,9:00,8394,785,1468,1223,25,256,2071,165,765,5571,572,425,27,0,-50,-4328,18,8394
2025/4/5,9:30,8289,791,1362,1301,26,259,2038,164,713,5648,966,404,56,-214,-37,-4188,22,8289
2025/4/5,10:00,8172,790,1244,1237,24,254,1996,159,657,5790,1257,368,87,-228,-5,-4136,22,8172
2025/4/5,10:30,8010,789,1290,1249,24,256,1999,161,654,5499,1581,290,93,-438,30,-3810,17,8010
2025/4/5,11:00,7984,788,1292,1254,23,256,1972,159,625,5557,1587,245,91,-448,31,-3784,14,7984
2025/4/5,11:30,7922,793,1324,1221,22,259,1975,160,633,5513,1603,248,80,-446,-2,-3794,16,7922
2025/4/5,12:00,7752,786,1560,1240,22,256,1975,164,677,5008,1934,230,86,-448,-37,-3702,21,7752
2025/4/5,12:30,7585,791,1608,1280,22,257,1972,161,670,4875,1863,256,90,-448,-40,-3830,11,7585
2025/4/5,13:00,7618,791,1564,1407,21,258,1976,164,693,4684,1770,261,92,-446,7,-3778,16,7618
2025/4/5,13:30,7588,792,1792,1500,21,259,1986,162,706,4437,1665,233,95,-446,14,-3878,10,7588
2025/4/5,14:00,7462,785,2074,1771,21,256,2027,166,761,4324,1179,243,87,-446,-3,-4532,15,7462
2025/4/5,14:30,7489,791,2272,1929,21,262,2029,166,788,4042,861,274,51,-444,-3,-4652,14,7489
2025/4/5,15:00,7380,792,2334,2001,22,261,2039,164,833,3475,541,287,44,-228,-1,-4614,15,7380
2025/4/5,15:30,7393,788,2632,2190,24,295,2017,163,849,2727,279,283,38,0,-10,-4582,17,7393
2025/4/5,16:00,7471,791,2684,2374,25,304,2021,157,811,1942,0,283,0,0,3,-3946,22,7471
2025/4/5,16:30,7472,787,2988,2618,25,307,1992,156,741,1147,0,234,0,0,-6,-3526,9,7472
2025/4/5,17:00,7796,792,3316,2889,27,308,1990,153,714,461,0,191,0,200,1,-3266,20,7796
2025/4/5,17:30,8089,786,3746,3040,29,309,1978,152,686,89,0,189,0,230,1,-3164,18,8089
2025/4/5,18:00,8495,795,3426,3352,30,303,1979,154,682,0,0,180,0,230,38,-2696,22,8495
2025/4/5,18:30,8471,789,3344,3303,31,300,1979,149,682,0,0,141,0,230,10,-2504,17,8471
2025/4/5,19:00,8497,791,3394,3350,31,300,1965,154,681,0,0,123,0,144,-1,-2452,17,8497
2025/4/5,19:30,8461,787,3446,3371,31,301,1963,150,684,0,0,94,0,142,-2,-2520,14,8461
2025/4/5,20:00,8258,793,3330,3304,30,296,1941,154,681,0,0,94,0,142,-2,-2522,17,8258
2025/4/5,20:30,8217,789,3324,3349,29,300,1939,153,681,0,0,106,0,142,-1,-2608,14,8217
2025/4/5,21:00,8017,789,3354,3250,28,300,1943,152,681,0,0,121,0,0,-1,-2614,14,8017
2025/4/5,21:30,7865,791,3176,3272,27,295,1940,153,686,0,0,144,0,0,-1,-2626,8,7865
2025/4/5,22:00,7605,788,3188,3218,26,298,1934,151,687,0,0,199,0,0,0,-2900,16,7605
2025/4/5,22:30,7534,789,3114,3264,25,298,1940,154,688,0,0,212,0,0,-1,-2962,13,7534
2025/4/5,23:00,7514,793,2868,3326,26,293,1933,154,687,0,0,218,0,0,-1,-2792,9,7514
2025/4/5,23:30,7305,788,2586,3232,24,300,1934,151,684,0,0,233,0,0,-1,-2632,6,7305
2025/4/6,0:00,7181,789,2894,3143,24,300,1938,153,688,0,0,229,0,0,-2,-2980,5,7181
2025/4/6,0:30,7062,791,2984,2957,23,300,1928,151,687,0,0,254,0,0,-1,-3016,4,7062
2025/4/6,1:00,7161,789,2874,2957,23,297,1933,153,687,0,0,297,0,0,-1,-2852,4,7161
2025/4/6,1:30,7278,788,2694,3136,23,299,1932,154,688,0,0,355,0,0,0,-2796,5,7278
2025/4/6,2:00,7400,793,2684,3106,24,300,1935,151,693,0,0,395,0,0,-1,-2686,6,7400
2025/4/6,2:30,7514,789,2918,3000,24,302,1931,154,692,0,0,415,0,0,0,-2716,5,7514
2025/4/6,3:00,7583,790,2980,2932,25,301,1930,151,691,0,0,450,0,0,-2,-2670,5,7583
2025/4/6,3:30,7761,788,2954,3164,26,300,1935,153,689,0,0,477,0,0,-1,-2728,4,7761
2025/4/6,4:00,7719,790,2804,3187,26,300,1924,153,689,0,0,475,0,0,-1,-2632,4,7719
2025/4/6,4:30,7909,790,2970,3239,26,298,1931,153,689,0,0,465,0,0,-1,-2656,5,7909
2025/4/6,5:00,7891,791,2946,3122,27,300,1929,155,692,3,0,479,0,0,-1,-2560,8,7891
2025/4/6,5:30,7769,788,2914,2904,26,301,1934,152,702,122,0,519,0,0,-2,-2600,9,7769
2025/4/6,6:00,7583,793,2810,2687,26,296,1954,155,731,475,0,583,0,0,3,-2940,10,7583
2025/4/6,6:30,7352,785,2412,2191,26,299,1971,156,768,1006,0,651,0,0,17,-2944,14,7352
2025/4/6,7:00,7207,790,2214,1891,26,280,2002,161,818,1702,0,620,0,0,-5,-3316,24,7207
2025/4/6,7:30,7242,793,2020,1397,26,257,2033,163,863,2520,0,577,0,0,-10,-3418,21,7242
2025/4/6,8:00,7320,790,1964,1357,27,252,2045,162,884,3188,0,501,0,0,-16,-3852,18,7320
2025/4/6,8:30,7473,787,2128,1406,28,249,2086,166,949,3703,0,426,0,-214,-12,-4246,17,7473
2025/4/6,9:00,7412,792,1916,1396,28,251,2091,165,971,4259,0,432,0,-440,-3,-4464,18,7412
2025/4/6,9:30,7396,790,1474,1393,27,256,2075,167,954,4774,0,392,0,-444,4,-4486,20,7396
2025/4/6,10:00,7342,788,1544,1417,27,252,2047,164,942,5001,0,355,0,-446,-4,-4764,19,7342
2025/4/6,10:30,7285,793,1294,1424,24,254,2059,167,953,5164,0,344,0,-446,0,-4762,17,7285
2025/4/6,11:00,7286,787,854,1301,27,255,2067,165,964,5231,0,486,0,-224,-10,-4630,13,7286
2025/4/6,11:30,7175,791,750,1367,28,239,2124,173,1063,4650,307,563,0,-224,-36,-4330,17,7175
2025/4/6,12:00,7293,789,776,1595,28,215,2082,166,992,4547,334,423,0,-226,-25,-4084,15,7293
2025/4/6,12:30,7137,793,860,1631,27,211,2064,167,969,4096,256,316,0,0,30,-4036,9,7137
2025/4/6,13:00,7173,789,1202,1768,27,212,2059,168,959,3736,0,235,0,0,-1,-3998,17,7173
2025/4/6,13:30,7056,789,1398,1841,26,241,2057,163,929,3459,0,232,0,0,-9,-4080,10,7056
2025/4/6,14:00,7106,792,1346,1950,26,254,2056,164,895,3293,0,326,0,0,4,-4014,14,7106
2025/4/6,14:30,7022,791,1414,2142,26,259,2038,159,873,2938,0,368,0,0,-7,-3996,17,7022
2025/4/6,15:00,7055,791,1650,2367,26,259,2031,162,853,2495,0,310,0,0,11,-3914,14,7055
2025/4/6,15:30,7088,792,2068,2518,26,266,1997,157,790,2033,0,223,0,0,-16,-3784,18,7088
2025/4/6,16:00,7206,787,2226,2748,26,276,2007,156,767,1374,0,240,0,0,1,-3420,18,7206
2025/4/6,16:30,7383,795,2542,3010,28,287,1983,154,743,788,0,239,0,200,20,-3422,16,7383
2025/4/6,17:00,7618,786,3022,3194,28,261,1969,153,699,326,0,262,0,226,1,-3332,23,7618
2025/4/6,17:30,7959,793,3356,3467,29,258,1960,153,675,73,0,255,0,228,-4,-3302,18,7959
2025/4/6,18:00,8145,791,3208,3663,30,261,1972,149,673,0,0,219,0,226,0,-3068,21,8145
2025/4/6,18:30,8215,793,3060,3695,30,256,1987,154,674,0,0,246,0,226,-1,-2922,17,8215
2025/4/6,19:00,8145,787,3048,3811,30,249,1990,150,673,0,0,234,0,144,-2,-2986,17,8145
2025/4/6,19:30,8049,793,2980,3777,29,255,1991,153,675,0,0,269,0,140,-1,-3024,12,8049
2025/4/6,20:00,7907,790,3104,3779,29,254,1977,150,672,0,0,249,0,2,-2,-3114,17,7907
2025/4/6,20:30,7867,793,3068,3894,29,253,1979,152,678,0,0,274,0,0,-1,-3266,14,7867
2025/4/6,21:00,7671,788,2974,3852,28,257,1983,153,677,0,0,272,0,0,-1,-3326,14,7671
2025/4/6,21:30,7362,792,2886,3710,27,255,1975,151,675,0,0,260,0,0,-1,-3376,8,7362
2025/4/6,22:00,7228,788,2592,3581,25,256,1979,153,678,0,0,275,0,0,-1,-3116,18,7228
2025/4/6,22:30,7072,793,2612,3410,25,251,1978,151,680,0,0,283,0,0,-1,-3124,14,7072
2025/4/6,23:00,7028,790,2398,3287,25,248,1980,153,685,0,0,297,0,0,-2,-2842,9,7028
2025/4/6,23:30,6895,791,2270,3354,24,241,1982,151,686,0,0,353,0,0,-1,-2962,6,6895
2025/4/7,0:00,6765,791,2408,3214,23,234,1989,154,684,0,0,371,0,0,-1,-3106,4,6765
2025/4/7,0:30,6673,790,2216,3302,23,234,1994,152,684,0,0,443,0,0,-1,-3168,4,6673
2025/4/7,1:00,6748,791,2354,3363,23,236,1986,150,679,0,0,523,0,0,-1,-3360,4,6748
2025/4/7,1:30,6840,789,2432,3444,23,228,1997,152,685,0,0,510,0,0,-1,-3424,5,6840
2025/4/7,2:00,7027,792,2546,3462,24,229,2002,151,678,0,0,468,0,0,-1,-3330,6,7027
2025/4/7,2:30,7208,791,2568,3580,25,230,2002,152,675,0,0,475,0,0,-1,-3294,5,7208
2025/4/7,3:00,7368,789,2670,3497,25,228,1999,152,674,0,0,493,0,0,-2,-3162,5,7368
2025/4/7,3:30,7487,793,2588,3667,26,230,2001,152,676,0,0,467,0,0,-1,-3116,4,7487
2025/4/7,4:00,7557,789,2554,3502,27,229,1994,153,675,0,0,432,0,0,-2,-2800,4,7557
2025/4/7,4:30,7812,792,2832,3648,27,233,2001,150,675,0,0,412,0,0,-1,-2962,5,7812
2025/4/7,5:00,7915,788,2900,3621,28,228,2000,153,676,3,0,381,0,0,-2,-2868,7,7915
2025/4/7,5:30,8051,793,3142,3532,28,208,2005,151,685,113,0,400,0,0,-2,-3012,8,8051
2025/4/7,6:00,8132,790,3488,3519,28,207,2027,155,711,388,0,439,0,0,-4,-3626,10,8132
2025/4/7,6:30,8110,788,3064,3207,28,207,2043,154,729,918,0,420,0,0,-1,-3462,15,8110
2025/4/7,7:00,8080,792,2614,3139,27,199,2063,159,763,1731,0,330,0,0,-6,-3754,23,8080
2025/4/7,7:30,8342,788,2108,2830,27,202,2097,160,811,2666,0,288,0,0,-3,-3652,20,8342
2025/4/7,8:00,8832,793,2730,2661,29,198,2142,163,867,3690,0,271,0,0,-1,-4728,17,8832
2025/4/7,8:30,9247,787,2396,2365,30,187,2190,166,929,4602,0,303,0,0,4,-4728,16,9247
2025/4/7,9:00,9402,791,2318,2004,31,173,2187,165,933,5053,0,426,0,0,-6,-4690,17,9402
2025/4/7,9:30,9406,791,2040,1922,32,162,2208,170,956,5118,0,536,0,0,-1,-4548,20,9406
2025/4/7,10:00,9419,786,2250,1915,30,154,2203,168,950,4889,0,608,0,0,-3,-4548,17,9419
2025/4/7,10:30,9477,787,2340,1897,28,154,2203,165,937,5037,0,772,0,-216,-2,-4642,17,9477
2025/4/7,11:00,9451,795,2112,1888,27,153,2181,167,914,5250,0,808,0,-226,1,-4632,13,9451
2025/4/7,11:30,9351,788,1826,1832,27,156,2188,164,920,5380,0,897,0,-224,-2,-4618,17,9351
2025/4/7,12:00,9015,791,1556,1723,26,173,2180,167,919,5366,0,1022,0,-438,-41,-4444,15,9015
2025/4/7,12:30,8873,787,1690,1679,27,154,2177,165,913,5354,0,1018,0,-444,-50,-4606,9,8873
2025/4/7,13:00,9211,795,2222,1693,26,161,2225,168,963,5048,0,1052,0,-444,1,-4714,15,9211
2025/4/7,13:30,9164,787,2398,1832,27,191,2222,169,945,4592,0,1094,0,-224,26,-4904,9,9164
2025/4/7,14:00,9169,795,2530,1928,25,203,2202,162,896,4138,0,1087,0,2,-1,-4812,14,9169
2025/4/7,14:30,9046,787,2574,2186,25,205,2183,166,875,3736,0,1043,0,0,4,-4750,12,9046
2025/4/7,15:00,8999,791,2752,2587,25,208,2175,163,878,2996,0,1173,0,0,-10,-4754,15,8999
2025/4/7,15:30,9132,789,3272,2795,26,216,2138,160,808,2448,0,1226,0,0,-39,-4724,17,9132
2025/4/7,16:00,9188,795,3678,3070,27,218,2119,158,753,1666,0,1257,0,0,-23,-4548,18,9188
2025/4/7,16:30,9034,789,3832,3278,28,231,2106,153,728,989,0,1265,0,0,-4,-4370,9,9034
2025/4/7,17:00,9060,787,3362,3533,29,220,2095,155,707,433,0,1351,0,134,-1,-3764,19,9060
2025/4/7,17:30,9180,790,3648,3740,30,220,2093,151,681,112,0,1404,0,144,-1,-3848,16,9180
2025/4/7,18:00,9434,792,3944,3900,32,219,2079,153,679,1,0,1351,0,144,1,-3880,19,9434
2025/4/7,18:30,9465,789,3892,3867,33,217,2071,153,681,0,0,1320,0,142,37,-3754,17,9465
2025/4/7,19:00,9311,789,3794,3801,32,219,2063,151,680,0,0,1354,0,142,26,-3760,20,9311
2025/4/7,19:30,9205,793,3906,3679,32,220,2041,154,675,0,0,1351,0,142,-2,-3798,12,9205
2025/4/7,20:00,9022,791,3756,3674,31,219,2036,150,678,0,0,1387,0,142,-1,-3858,17,9022
2025/4/7,20:30,8806,787,3828,3518,30,220,2040,154,681,0,0,1381,0,142,-2,-3986,13,8806
2025/4/7,21:00,8562,791,3432,3482,29,222,2045,154,679,0,0,1446,0,2,-1,-3732,13,8562
2025/4/7,21:30,8396,793,3360,3502,28,224,2038,151,677,0,0,1545,0,0,-1,-3928,7,8396
2025/4/7,22:00,8200,791,3150,3406,26,223,2037,155,675,0,0,1417,0,0,-1,-3694,15,8200
2025/4/7,22:30,7917,784,2840,3399,25,226,2038,150,674,0,0,1407,0,0,-2,-3638,14,7917
2025/4/7,23:00,7899,793,2844,3453,25,221,2035,154,672,0,0,1390,0,0,-2,-3696,10,7899
2025/4/7,23:30,7692,789,2612,3487,24,223,2031,152,669,0,0,1304,0,0,-1,-3604,6,7692
2025/4/8,0:00,7501,791,2544,3618,23,222,2027,152,667,0,0,1182,0,0,-1,-3728,4,7501
2025/4/8,0:30,7374,787,2264,3590,23,220,2032,153,668,0,0,1232,0,0,-1,-3598,4,7374
2025/4/8,1:00,7571,794,2296,3731,23,224,2027,152,665,0,0,1254,0,0,-1,-3598,4,7571
2025/4/8,1:30,7567,789,2426,3678,23,220,2023,151,668,0,0,1181,0,0,-1,-3596,5,7567
2025/4/8,2:00,7735,789,2562,3749,24,223,2019,154,666,0,0,1153,0,0,-1,-3608,5,7735
2025/4/8,2:30,7897,791,2838,3754,25,222,2023,151,663,0,0,1084,0,0,-1,-3658,5,7897
2025/4/8,3:00,7999,790,2772,3746,26,222,2018,153,667,0,0,1079,0,0,-2,-3476,4,7999
2025/4/8,3:30,8048,790,2720,3756,26,221,2025,151,665,0,0,1111,0,0,-1,-3420,4,8048
2025/4/8,4:00,8166,789,2782,3701,27,218,2028,153,665,0,0,1052,0,0,-1,-3252,4,8166
2025/4/8,4:30,8379,791,3220,3546,28,217,2030,153,666,0,0,997,0,0,-1,-3272,4,8379
2025/4/8,5:00,8574,789,3560,3406,28,213,2041,151,671,15,0,910,0,0,-1,-3216,7,8574
2025/4/8,5:30,8679,791,3660,3337,28,208,2044,154,688,228,0,850,0,0,-1,-3316,8,8679
2025/4/8,6:00,8640,790,3730,3141,28,204,2077,156,725,687,0,781,0,0,-3,-3688,12,8640
2025/4/8,6:30,8585,791,3094,3097,29,186,2100,158,756,1406,0,735,0,0,-7,-3774,14,8585
2025/4/8,7:00,8425,787,2312,2817,28,162,2131,161,802,2321,0,673,0,0,-1,-3790,22,8425
2025/4/8,7:30,8550,793,1640,2517,27,158,2164,162,852,3286,0,648,0,0,4,-3722,21,8550
2025/4/8,8:00,9005,789,2284,2415,29,159,2206,166,911,4276,0,576,0,0,-5,-4816,15,9005
2025/4/8,8:30,9387,785,2064,2334,29,160,2233,167,951,5034,0,494,0,0,-3,-4876,15,9387
2025/4/8,9:00,9400,795,1756,2167,29,158,2220,168,954,5647,0,451,0,-2,8,-4968,17,9400
2025/4/8,9:30,9429,786,1774,2153,27,156,2218,169,944,5956,0,443,0,-214,5,-5006,18,9429
2025/4/8,10:00,9280,791,1626,1949,26,152,2194,164,930,6254,0,437,0,-226,-6,-5028,17,9280
2025/4/8,10:30,9383,789,1748,1926,26,159,2181,167,919,6262,0,374,0,-226,-4,-4952,14,9383
2025/4/8,11:00,9279,791,2046,1791,27,160,2196,167,938,5846,0,331,0,-226,-3,-4798,13,9279
2025/4/8,11:30,9210,791,2282,1790,28,161,2214,170,962,5315,0,301,0,-226,-3,-4590,15,9210
2025/4/8,12:00,8849,791,2252,1983,29,175,2181,164,921,5011,0,278,0,-226,-4,-4718,12,8849
2025/4/8,12:30,8732,789,2306,2227,28,166,2186,167,923,4371,0,241,0,-224,-1,-4456,9,8732
2025/4/8,13:00,9051,789,2266,2490,28,194,2162,164,896,3916,0,212,0,0,-2,-4078,14,9051
2025/4/8,13:30,9101,786,2452,2725,29,205,2144,161,877,3290,0,165,0,0,-1,-3742,10,9101
2025/4/8,14:00,9162,789,2738,2930,30,207,2134,164,862,2774,0,130,0,0,-1,-3608,13,9162
2025/4/8,14:30,9135,790,3210,3070,29,208,2129,159,841,2250,0,122,0,0,-1,-3682,10,9135
2025/4/8,15:00,9123,791,3354,3257,29,211,2118,159,804,1672,0,118,0,0,-1,-3402,13,9123
2025/4/8,15:30,9167,788,3720,3520,28,216,2124,156,775,983,0,142,0,0,-1,-3296,12,9167
2025/4/8,16:00,9346,791,3844,3602,29,221,2142,156,750,624,0,120,0,0,-19,-2930,16,9346
2025/4/8,16:30,9205,793,3404,3608,29,235,2130,156,720,426,0,159,0,0,-41,-2424,10,9205
2025/4/8,17:00,9257,788,3374,3729,29,230,2118,151,710,175,0,197,0,136,-18,-2380,18,9257
2025/4/8,17:30,9276,791,3340,3756,30,225,2110,155,694,40,0,213,0,142,9,-2246,17,9276
2025/4/8,18:00,9417,790,3792,3771,32,218,2078,153,686,0,0,263,0,140,36,-2562,20,9417
2025/4/8,18:30,9379,791,3642,3921,33,228,2078,153,692,0,0,294,0,138,27,-2636,18,9379
2025/4/8,19:00,9188,789,3548,3974,32,213,2085,155,698,0,0,329,0,142,-2,-2794,19,9188
2025/4/8,19:30,8998,791,3458,3944,32,215,2094,151,697,0,0,392,0,140,-2,-2928,14,8998
2025/4/8,20:00,8909,791,3558,3983,31,216,2085,155,695,0,0,382,0,140,-2,-3142,17,8909
2025/4/8,20:30,8783,789,3590,3923,30,215,2084,151,696,0,0,373,0,140,-1,-3222,15,8783
2025/4/8,21:00,8542,793,3490,3842,29,214,2079,155,701,0,0,424,0,2,-2,-3196,11,8542
2025/4/8,21:30,8216,791,2884,3789,28,212,2081,155,704,0,0,455,0,0,0,-2892,9,8216
2025/4/8,22:00,7993,786,3126,3820,26,214,2082,152,701,0,0,440,0,0,-1,-3368,15,7993
2025/4/8,22:30,7842,796,3106,3797,25,212,2081,155,699,0,0,417,0,0,-1,-3462,17,7842
2025/4/8,23:00,7789,785,3044,3847,25,210,2071,153,695,0,0,407,0,0,-1,-3454,7,7789
2025/4/8,23:30,7525,794,2524,3854,24,211,2075,154,693,0,0,326,0,0,-2,-3134,6,7525
2025/4/9,0:00,7381,789,2428,3852,23,214,2066,153,689,0,0,291,0,0,-2,-3126,4,7381
2025/4/9,0:30,7274,791,2324,3854,23,209,2074,153,685,0,0,283,0,0,-1,-3124,3,7274
2025/4/9,1:00,7382,791,2458,3862,22,211,2069,154,691,0,0,296,0,0,-2,-3174,4,7382
2025/4/9,1:30,7414,793,2528,3774,22,208,2077,153,695,0,0,306,0,0,-1,-3146,5,7414
2025/4/9,2:00,7550,791,2522,3765,22,209,2072,153,695,0,0,285,0,0,-1,-2968,5,7550
2025/4/9,2:30,7656,785,2616,3697,23,211,2074,154,695,0,0,249,0,0,-1,-2852,5,7656
2025/4/9,3:00,7877,793,2630,3761,24,211,2060,150,691,0,0,286,0,0,-1,-2732,4,7877
2025/4/9,3:30,7905,789,2774,3585,26,209,2057,153,691,0,0,261,0,0,0,-2644,4,7905
2025/4/9,4:00,8081,791,2878,3562,27,209,2063,151,693,0,0,233,0,0,-1,-2528,3,8081
2025/4/9,4:30,8143,793,3220,3288,27,205,2056,152,693,0,0,253,0,0,0,-2548,4,8143
2025/4/9,5:00,8332,789,3496,3246,28,204,2070,154,701,13,0,280,0,0,-1,-2654,6,8332
2025/4/9,5:30,8365,791,3976,2952,28,206,2080,153,708,170,0,307,0,0,-2,-3010,6,8365
2025/4/9,6:00,8512,787,4274,2865,29,210,2090,157,724,543,0,331,0,0,-10,-3496,8,8512
2025/4/9,6:30,8358,793,3708,2644,29,214,2107,154,749,1062,0,290,0,0,2,-3412,18,8358
2025/4/9,7:00,8400,791,3428,2464,29,215,2116,159,769,1597,0,315,0,0,1,-3506,22,8400
2025/4/9,7:30,8701,789,3312,2343,29,216,2156,160,817,2031,0,284,0,0,3,-3458,19,8701
2025/4/9,8:00,9172,789,4080,2191,29,212,2201,163,886,2611,0,267,0,0,-3,-4270,16,9172
2025/4/9,8:30,9543,795,3782,2067,28,188,2203,165,892,3285,0,249,0,0,-5,-4120,14,9543
2025/4/9,9:00,9585,789,3436,1895,27,165,2172,163,878,4041,0,239,0,0,-2,-4234,16,9585
2025/4/9,9:30,9603,789,2956,1794,26,156,2178,165,862,4584,0,271,0,0,-1,-4196,19,9603
2025/4/9,10:00,9433,787,2976,1662,26,154,2151,163,790,4704,203,281,10,0,-2,-4276,17,9433
2025/4/9,10:30,9413,788,3186,1575,26,154,2142,161,697,4827,225,339,9,-2,-6,-4490,16,9413
2025/4/9,11:00,9361,788,3468,1546,25,152,2136,161,647,4835,553,436,53,-212,-2,-4632,13,9361
2025/4/9,11:30,9252,792,3522,1562,24,156,2139,161,653,4879,561,530,74,-436,-8,-4738,16,9252
2025/4/9,12:00,8804,788,2202,1536,24,163,2129,161,654,5052,580,705,89,-446,-45,-4132,13,8804
2025/4/9,12:30,8719,793,1720,1469,23,154,2155,163,691,5195,584,879,142,-444,-23,-4064,8,8719
2025/4/9,13:00,9104,787,2126,1565,23,157,2170,165,716,5311,565,970,146,-444,-5,-4452,15,9104
2025/4/9,13:30,9084,788,2126,1690,23,158,2187,167,738,5160,548,982,150,-444,36,-4536,9,9084
2025/4/9,14:00,8961,787,1984,1756,23,156,2204,165,792,4822,513,981,144,-224,31,-4530,14,8961
2025/4/9,14:30,8890,795,1710,1754,23,161,2201,169,859,4676,267,950,87,0,1,-4418,9,8890
2025/4/9,15:00,8768,788,2088,1854,24,161,2214,166,905,4182,0,1104,0,0,-5,-4726,13,8768
2025/4/9,15:30,8787,789,2390,2381,25,191,2188,165,870,3367,0,1021,0,0,-16,-4598,14,8787
2025/4/9,16:00,8926,791,3036,2686,26,205,2172,160,815,2336,0,946,0,0,-34,-4230,17,8926
2025/4/9,16:30,8709,791,3000,3000,26,222,2132,156,764,1312,0,955,0,0,-45,-3612,8,8709
2025/4/9,17:00,8691,793,2974,3246,27,208,2109,156,736,524,0,1013,0,0,2,-3116,19,8691
2025/4/9,17:30,8921,789,3538,3550,29,207,2106,151,705,137,0,891,0,0,-3,-3196,17,8921
2025/4/9,18:00,9141,789,3770,3952,31,208,2071,155,694,0,0,856,0,0,-1,-3404,20,9141
2025/4/9,18:30,9316,791,3780,4019,32,207,2068,151,696,0,0,795,0,136,-1,-3374,16,9316
2025/4/9,19:00,9138,788,3506,4047,32,209,2069,154,698,0,0,770,0,140,-2,-3288,15,9138
2025/4/9,19:30,9073,789,3486,4049,31,210,2068,153,699,0,0,744,0,142,-2,-3310,14,9073
2025/4/9,20:00,8904,792,3204,4032,31,211,2069,151,697,0,0,716,0,140,-1,-3156,18,8904
2025/4/9,20:30,8781,789,3218,3966,30,207,2067,154,694,0,0,661,0,140,-2,-3158,15,8781
2025/4/9,21:00,8544,789,3258,3835,30,205,2056,151,696,0,0,572,0,0,-1,-3060,13,8544
2025/4/9,21:30,8327,795,3142,3842,28,205,2055,154,698,0,0,477,0,0,-1,-3074,6,8327
2025/4/9,22:00,8111,786,3140,3839,26,204,2041,154,699,0,0,394,0,0,-1,-3188,17,8111
2025/4/9,22:30,7930,793,2996,3818,25,204,2025,151,701,0,0,366,0,0,-1,-3162,14,7930
2025/4/9,23:00,7838,791,3034,3846,25,204,2024,154,699,0,0,355,0,0,-1,-3300,7,7838
2025/4/9,23:30,7685,787,2892,3848,25,207,2020,152,703,0,0,307,0,0,3,-3264,5,7685
2025/4/10,0:00,7494,791,2598,3804,23,204,2020,156,700,0,0,307,0,0,-1,-3112,4,7494
2025/4/10,0:30,7473,789,2408,3822,23,208,2019,154,701,0,0,332,0,0,-2,-2984,3,7473
2025/4/10,1:00,7564,795,2632,3843,23,206,2019,152,702,0,0,317,0,0,-1,-3128,4,7564
2025/4/10,1:30,7658,787,2646,3854,23,206,2015,154,702,0,0,350,0,0,-1,-3082,4,7658
2025/4/10,2:00,7754,791,2562,3819,24,201,2011,152,703,0,0,366,0,0,-1,-2878,4,7754
2025/4/10,2:30,7936,789,2616,3862,25,203,2012,154,707,0,0,316,0,0,0,-2752,4,7936
2025/4/10,3:00,8077,790,2636,3844,26,205,2011,155,703,0,0,313,0,0,0,-2610,4,8077
2025/4/10,3:30,8160,787,2560,3843,27,205,2025,152,702,0,0,313,0,0,-1,-2456,3,8160
2025/4/10,4:00,8302,793,2472,3819,27,199,2023,155,705,0,0,296,0,0,-1,-2190,4,8302
2025/4/10,4:30,8466,791,2752,3775,27,204,2019,152,707,0,0,314,0,0,-2,-2276,3,8466
2025/4/10,5:00,8590,791,2768,3820,29,204,2018,156,710,33,0,312,0,0,-1,-2254,4,8590
2025/4/10,5:30,8702,789,3040,3591,29,200,2039,156,735,348,0,279,0,0,-1,-2508,5,8702
2025/4/10,6:00,8654,791,3154,3320,29,200,2075,157,773,862,0,253,0,0,33,-3000,7,8654
2025/4/10,6:30,8542,787,2704,3125,29,205,2086,159,799,1516,0,255,0,0,0,-3140,17,8542
2025/4/10,7:00,8447,794,2256,2865,28,203,2125,162,856,2031,0,240,0,0,-3,-3134,24,8447
2025/4/10,7:30,8649,789,1938,2575,28,198,2140,163,883,2801,0,216,0,0,9,-3110,19,8649
2025/4/10,8:00,9154,789,2638,2554,27,178,2181,166,926,3474,0,158,0,0,27,-3980,16,9154
2025/4/10,8:30,9386,789,2586,2396,26,165,2197,167,936,3899,0,171,0,0,-3,-3958,15,9386
2025/4/10,9:00,9526,791,2770,2553,26,167,2193,169,963,3737,0,168,0,0,-5,-4022,16,9526
2025/4/10,9:30,9498,791,2534,2545,28,169,2185,167,962,3816,0,180,0,0,-12,-3886,19,9498
2025/4/10,10:00,9453,789,2396,2538,28,164,2172,169,969,4285,0,136,0,-216,2,-3996,17,9453
2025/4/10,10:30,9379,790,2416,2530,27,167,2178,168,975,4238,0,140,0,-226,3,-4042,15,9379
2025/4/10,11:00,9366,789,2610,2565,28,166,2170,168,967,3978,0,129,0,-226,-12,-3978,12,9366
2025/4/10,11:30,9113,792,2112,2476,27,168,2187,168,994,4261,0,100,0,-434,2,-3756,16,9113
2025/4/10,12:00,8879,791,1744,2245,26,166,2170,168,979,4435,0,65,0,-444,-12,-3466,12,8879
2025/4/10,12:30,8669,789,1546,2099,26,167,2162,169,973,4572,0,49,0,-442,-13,-3436,8,8669
2025/4/10,13:00,9120,791,2044,2467,27,170,2168,168,1006,4562,0,56,0,-444,-4,-3906,15,9120
2025/4/10,13:30,9061,789,2044,2470,28,177,2163,170,991,4428,0,64,0,-224,4,-4052,9,9061
2025/4/10,14:00,9100,791,2334,2632,28,158,2161,167,976,3838,0,67,0,0,11,-4078,15,9100
2025/4/10,14:30,8983,790,3248,2929,29,161,2123,165,911,2769,0,103,0,0,5,-4260,10,8983
2025/4/10,15:00,8965,793,3514,3475,29,202,2098,152,831,2032,0,123,0,0,-38,-4260,14,8965
2025/4/10,15:30,9003,789,3606,3678,30,209,2096,145,805,1480,0,99,0,0,-43,-3906,15,9003
2025/4/10,16:00,9000,792,3302,3773,30,191,2095,147,775,1037,0,103,0,0,-10,-3252,17,9000
2025/4/10,16:30,8918,787,3268,3876,30,201,2082,141,748,621,0,139,0,0,-1,-2982,8,8918
2025/4/10,17:00,8948,790,3394,3880,29,172,2058,142,719,275,0,127,0,0,-3,-2654,19,8948
2025/4/10,17:30,9059,789,3456,3907,30,161,2056,141,699,58,0,119,0,134,-1,-2506,16,9059
2025/4/10,18:00,9212,795,3466,3932,31,135,2056,147,697,0,0,133,0,142,-2,-2340,20,9212
2025/4/10,18:30,9217,788,3564,3934,32,130,2053,147,698,0,0,165,0,142,-1,-2452,17,9217
2025/4/10,19:00,9021,793,3364,3902,31,131,2054,147,697,0,0,180,0,142,-1,-2440,21,9021
2025/4/10,19:30,8861,790,3400,3849,30,132,2057,148,691,0,0,153,0,2,-2,-2402,13,8861
2025/4/10,20:00,8712,789,3420,3834,29,130,2032,145,688,0,0,124,0,0,32,-2528,17,8712
2025/4/10,20:30,8604,793,3358,3845,28,131,2037,148,689,0,0,118,0,0,33,-2590,14,8604
2025/4/10,21:00,8317,789,3134,3805,27,124,2013,145,694,0,0,115,0,0,-1,-2540,12,8317
2025/4/10,21:30,8154,793,3282,3628,26,123,2015,148,694,0,0,151,0,0,-1,-2712,7,8154
2025/4/10,22:00,7937,789,3300,3425,24,80,2007,146,694,0,0,183,0,0,-1,-2726,16,7937
2025/4/10,22:30,7777,789,3122,3525,23,72,2001,148,691,0,0,163,0,0,-1,-2770,14,7777
2025/4/10,23:00,7626,793,3068,3532,24,70,2002,148,692,0,0,134,0,0,-3,-2840,6,7626
2025/4/10,23:30,7437,790,2852,3529,23,71,2000,146,690,0,0,103,0,0,-11,-2760,4,7437
2025/4/11,0:00,7289,789,2776,3526,22,72,1999,149,692,0,0,92,0,0,-2,-2830,4,7289
2025/4/11,0:30,7173,791,2630,3524,21,73,2007,147,693,0,0,81,0,0,-1,-2796,3,7173
2025/4/11,1:00,7231,791,2596,3633,22,72,2003,148,692,0,0,89,0,0,0,-2818,3,7231
2025/4/11,1:30,7208,789,2516,3689,22,73,2004,147,693,0,0,102,0,0,-1,-2830,4,7208
2025/4/11,2:00,7412,793,2468,3749,22,76,2004,148,694,0,0,107,0,0,-1,-2652,4,7412
2025/4/11,2:30,7467,791,2330,3815,23,72,2003,147,693,0,0,110,0,0,-1,-2520,4,7467
2025/4/11,3:00,7686,791,2382,3845,23,71,2007,145,692,0,0,127,0,0,-1,-2400,4,7686
2025/4/11,3:30,7747,793,2490,3853,24,70,2008,148,693,0,0,149,0,0,-1,-2484,4,7747
2025/4/11,4:00,7842,791,2622,3685,25,67,2004,145,692,0,0,135,0,0,-1,-2326,3,7842
2025/4/11,4:30,8015,789,3092,3526,25,68,2006,148,691,0,0,101,0,0,-2,-2432,3,8015
2025/4/11,5:00,8104,791,3276,3557,26,72,2005,144,690,10,0,114,0,0,-1,-2584,4,8104
2025/4/11,5:30,8160,791,3508,3436,26,70,2011,148,692,91,0,119,0,0,-2,-2734,4,8160
2025/4/11,6:00,8222,787,3810,3216,26,69,2037,148,707,276,0,98,0,0,-3,-2956,7,8222
2025/4/11,6:30,8209,793,3538,3103,26,71,2054,149,731,572,0,120,0,0,-2,-2964,18,8209
2025/4/11,7:00,8251,791,3158,2921,26,65,2078,152,758,1096,0,118,0,0,-1,-2934,23,8251
2025/4/11,7:30,8398,788,2696,2565,25,64,2090,150,786,1684,0,108,0,0,5,-2582,19,8398
2025/4/11,8:00,8912,792,3184,2586,25,60,2105,154,817,2228,0,101,0,0,-6,-3150,16,8912
2025/4/11,8:30,9278,794,3308,2567,25,58,2137,154,853,2715,0,80,0,0,-1,-3426,14,9278
2025/4/11,9:00,9321,786,2670,2431,25,55,2164,159,902,3000,0,68,0,0,-1,-2954,16,9321
2025/4/11,9:30,9290,788,2318,2151,24,51,2181,161,920,3414,0,67,0,0,-6,-2798,19,9290
2025/4/11,10:00,9232,791,2272,2127,24,51,2174,159,925,4100,0,66,0,0,2,-3476,17,9232
2025/4/11,10:30,9246,786,2416,2016,24,51,2202,162,967,4186,0,63,0,0,-5,-3638,16,9246
2025/4/11,11:00,9096,796,1982,1838,25,51,2220,162,992,4574,0,67,0,-2,-3,-3622,16,9096
2025/4/11,11:30,9106,788,2226,1829,25,51,2224,165,1000,4770,0,67,0,-214,-2,-3840,17,9106
2025/4/11,12:00,8654,791,2128,1845,25,63,2216,161,979,4638,0,110,0,-432,-7,-3876,13,8654
2025/4/11,12:30,8528,791,2444,1762,25,54,2201,161,965,4404,0,142,0,-444,-39,-3946,8,8528
2025/4/11,13:00,8862,793,2898,1935,25,54,2193,160,951,3927,0,154,0,-224,-39,-3980,15,8862
2025/4/11,13:30,8925,788,2858,2196,25,53,2203,161,954,3520,0,136,0,0,-2,-3976,9,8925
2025/4/11,14:00,8893,789,2754,2561,24,56,2188,159,936,3206,0,109,0,0,0,-3902,13,8893
2025/4/11,14:30,8836,792,2934,2829,25,55,2187,160,921,2600,0,85,0,0,1,-3762,9,8836
2025/4/11,15:00,8822,786,3124,3149,25,57,2163,157,867,2024,0,94,0,0,-12,-3626,14,8822
2025/4/11,15:30,8579,797,2642,3014,25,61,2174,154,848,1513,0,81,0,0,-8,-2736,14,8579
2025/4/11,16:00,8712,786,2848,3190,26,61,2203,152,799,1091,0,57,0,0,-5,-2514,18,8712
2025/4/11,16:30,8733,790,3282,3421,27,74,2200,150,770,676,0,55,0,0,1,-2728,15,8733
2025/4/11,17:00,8612,788,3378,3532,27,61,2183,149,732,352,0,44,0,0,-4,-2650,20,8612
2025/4/11,17:30,8603,795,3386,3640,29,63,2172,147,706,136,0,38,0,0,-2,-2524,17,8603
2025/4/11,18:00,8789,786,3356,3771,30,61,2167,147,697,4,0,48,0,136,-1,-2434,21,8789
2025/4/11,18:30,8839,788,3442,3783,30,62,2178,146,697,0,0,50,0,142,-1,-2494,16,8839
2025/4/11,19:00,8721,793,3496,3773,29,63,2143,148,696,0,0,53,0,0,33,-2524,18,8721
2025/4/11,19:30,8544,790,3334,3754,29,64,2144,145,693,0,0,56,0,0,37,-2514,12,8544
2025/4/11,20:00,8421,786,3442,3741,28,67,2146,147,694,0,0,46,0,0,1,-2694,17,8421
2025/4/11,20:30,8292,792,3482,3638,28,70,2134,147,693,0,0,52,0,0,-1,-2758,15,8292
2025/4/11,21:00,8063,787,3388,3503,27,68,2126,145,695,0,0,56,0,0,-1,-2744,13,8063
2025/4/11,21:30,7768,790,2908,3480,26,68,2124,147,693,0,0,58,0,0,-1,-2534,9,7768
2025/4/11,22:00,7702,791,3136,3458,25,67,2120,145,694,0,0,59,0,0,-1,-2808,16,7702
2025/4/11,22:30,7531,792,3106,3491,24,67,2114,148,697,0,0,59,0,0,-2,-2978,13,7531
2025/4/11,23:00,7420,788,3038,3539,24,65,2085,145,696,0,0,90,0,0,-1,-3056,7,7420
2025/4/11,23:30,7227,790,2690,3565,23,68,2077,148,691,0,0,119,0,0,-1,-2948,5,7227
2025/4/12,0:00,7025,788,2104,3422,22,66,2076,146,692,0,0,126,0,0,-2,-2418,3,7025
2025/4/12,0:30,6960,794,2154,3427,21,65,2076,145,691,0,0,144,0,0,-2,-2558,3,6960
2025/4/12,1:00,7008,790,2338,3405,22,66,2078,147,691,0,0,147,0,0,-1,-2678,3,7008
2025/4/12,1:30,7031,784,2398,3385,21,64,2075,146,695,0,0,154,0,0,-1,-2694,4,7031
2025/4/12,2:00,7181,794,2548,3394,22,68,2071,148,693,0,0,154,0,0,-1,-2714,4,7181
2025/4/12,2:30,7234,786,2596,3304,23,70,2069,145,690,0,0,162,0,0,-1,-2614,4,7234
2025/4/12,3:00,7412,791,2430,3216,24,70,2082,148,694,0,0,172,0,0,-1,-2218,4,7412
2025/4/12,3:30,7424,789,2290,3155,25,71,2088,145,692,0,0,182,0,136,-1,-2152,4,7424
2025/4/12,4:00,7513,790,2238,3039,25,71,2091,148,693,0,0,171,0,142,-1,-1898,4,7513
2025/4/12,4:30,7573,791,2296,2974,26,69,2110,148,692,0,0,146,0,142,-1,-1824,4,7573
2025/4/12,5:00,7608,787,2650,2835,26,72,2112,146,693,14,0,137,0,140,-2,-2006,4,7608
2025/4/12,5:30,7445,789,2452,2648,26,72,2116,148,695,91,0,151,0,142,-1,-1888,4,7445
2025/4/12,6:00,7439,790,2548,2492,25,68,2118,146,706,297,0,151,0,144,9,-2062,7,7439
2025/4/12,6:30,7291,792,2354,2340,25,65,2134,150,730,530,0,145,0,0,0,-1986,12,7291
2025/4/12,7:00,7252,788,2222,2218,25,69,2139,148,753,856,0,143,0,0,-15,-2116,22,7252
2025/4/12,7:30,7380,788,1932,2210,24,68,2165,153,781,1201,0,116,0,0,-8,-2072,22,7380
2025/4/12,8:00,7581,792,1840,2235,24,61,2173,154,793,1541,0,94,0,0,-16,-2130,20,7581
2025/4/12,8:30,7749,790,1938,2146,25,58,2175,154,762,2080,0,87,0,0,-10,-2474,18,7749
2025/4/12,9:00,7724,788,1592,1863,27,60,2199,157,731,2906,0,83,0,0,-34,-2670,22,7724
2025/4/12,9:30,7802,792,1678,1638,25,61,2214,158,702,3520,0,61,0,0,-31,-3036,20,7802
2025/4/12,10:00,7643,788,2206,1386,24,60,2213,159,685,3865,0,48,0,-212,35,-3638,24,7643
2025/4/12,10:30,7676,788,2214,1490,24,60,2204,157,666,4087,0,42,0,-226,11,-3860,19,7676
2025/4/12,11:00,7601,788,2284,1463,24,59,2220,162,703,4312,0,48,0,-224,-2,-4252,16,7601
2025/4/12,11:30,7628,796,2410,1436,24,58,2236,158,727,4544,0,71,0,-434,-2,-4414,18,7628
2025/4/12,12:00,7485,786,2172,1330,24,58,2221,161,707,5021,0,109,0,-442,-44,-4634,16,7485
2025/4/12,12:30,7306,788,1982,1271,23,62,2247,160,750,5027,0,127,0,-444,-13,-4684,10,7306
2025/4/12,13:00,7339,791,1836,1272,22,62,2265,162,751,5051,0,149,0,-442,32,-4628,16,7339
2025/4/12,13:30,7226,792,1726,1263,22,61,2267,162,745,5010,0,158,0,-442,0,-4552,14,7226
2025/4/12,14:00,7128,786,1862,1271,22,62,2283,160,762,4656,0,150,0,-442,-2,-4458,16,7128
2025/4/12,14:30,7136,794,2014,1272,22,62,2277,162,749,4293,0,134,0,-222,-1,-4434,14,7136
2025/4/12,15:00,7039,790,2100,1321,23,62,2282,159,771,3715,0,128,0,0,-2,-4324,14,7039
2025/4/12,15:30,7000,790,2396,1640,22,58,2265,159,801,2883,0,106,0,0,-5,-4128,13,7000
2025/4/12,16:00,7058,792,2586,1936,23,62,2255,153,818,1926,0,107,0,0,-1,-3620,21,7058
2025/4/12,16:30,7043,786,2884,2266,25,64,2216,151,784,1129,0,115,0,0,4,-3390,9,7043
2025/4/12,17:00,7266,790,2994,2594,25,69,2191,147,748,457,0,97,0,0,-8,-2856,18,7266
2025/4/12,17:30,7455,788,3106,2912,27,70,2169,147,709,123,0,87,0,138,-1,-2836,16,7455
2025/4/12,18:00,7760,788,3058,3061,28,71,2150,146,704,2,0,91,0,140,-2,-2496,19,7760
2025/4/12,18:30,7839,794,2712,3252,29,67,2155,147,703,0,0,84,0,142,-1,-2262,17,7839
2025/4/12,19:00,7785,786,2662,3380,29,67,2150,147,701,0,0,71,0,140,-2,-2362,16,7785
2025/4/12,19:30,7700,792,2576,3356,29,65,2146,145,701,0,0,118,0,140,-2,-2378,12,7700
2025/4/12,20:00,7638,789,2914,3217,28,64,2116,147,701,0,0,155,0,140,-1,-2648,16,7638
2025/4/12,20:30,7451,793,2978,2980,27,64,2122,145,701,0,0,175,0,0,-2,-2546,14,7451
2025/4/12,21:00,7340,791,2796,2857,26,65,2113,148,702,0,0,164,0,0,-1,-2336,15,7340
2025/4/12,21:30,7150,787,2674,2803,26,71,2108,146,700,0,0,187,0,0,-2,-2370,20,7150
2025/4/12,22:00,7072,788,2908,2801,25,69,2109,147,701,0,0,225,0,0,-1,-2718,18,7072
2025/4/12,22:30,6913,790,2482,2765,23,69,2109,148,704,0,0,297,0,0,-1,-2486,13,6913
2025/4/12,23:00,6848,790,2376,2773,24,70,2088,145,704,0,0,352,0,0,-1,-2482,9,6848
2025/4/12,23:30,6783,790,2432,2810,23,68,2091,148,704,0,0,368,0,0,-1,-2654,4,6783
2025/4/13,0:00,6576,790,2588,2778,23,65,2087,145,703,0,0,437,0,0,-2,-3042,4,6576
2025/4/13,0:30,6487,788,2392,2780,22,67,2087,148,703,0,0,480,0,0,-1,-2982,3,6487
2025/4/13,1:00,6568,790,2342,2900,22,66,2086,146,702,0,0,450,0,0,-1,-2938,3,6568
2025/4/13,1:30,6637,791,2276,2984,22,66,2089,148,706,0,0,442,0,0,-1,-2890,4,6637
2025/4/13,2:00,6811,788,2540,2988,22,68,2100,147,708,0,0,443,0,0,-1,-2996,4,6811
2025/4/13,2:30,6889,792,2536,2953,23,69,2098,148,706,0,0,501,0,0,-1,-2940,4,6889
2025/4/13,3:00,7121,786,2476,2986,24,68,2099,148,706,0,0,545,0,0,-1,-2720,4,7121
2025/4/13,3:30,7059,790,2294,2915,24,67,2093,148,705,0,0,592,0,0,-1,-2572,4,7059
2025/4/13,4:00,7278,794,2484,2793,25,67,2106,148,706,0,0,661,0,0,-2,-2508,4,7278
2025/4/13,4:30,7235,786,2540,2629,25,71,2101,147,704,0,0,753,0,0,-1,-2524,4,7235
2025/4/13,5:00,7298,790,2652,2617,25,73,2101,147,701,24,0,819,0,0,-1,-2654,4,7298
2025/4/13,5:30,7187,788,2662,2502,25,72,2109,147,708,87,0,901,0,0,-1,-2818,5,7187
2025/4/13,6:00,7063,790,2652,2287,24,71,2111,147,721,196,0,968,0,0,-3,-2910,9,7063
2025/4/13,6:30,6978,790,2350,2227,24,68,2125,150,739,331,0,1082,0,0,-1,-2918,11,6978
2025/4/13,7:00,6932,789,2106,2097,24,71,2142,149,760,472,0,1145,0,0,-3,-2842,22,6932
2025/4/13,7:30,7119,792,2234,2011,25,71,2152,152,784,618,0,1197,0,0,-40,-2896,19,7119
2025/4/13,8:00,7272,786,2990,2034,25,70,2172,151,804,769,0,1234,0,0,2,-3780,15,7272
2025/4/13,8:30,7386,790,2918,2071,26,71,2181,154,823,928,0,1270,0,0,32,-3894,16,7386
2025/4/13,9:00,7440,788,2782,2075,26,70,2180,155,829,1126,0,1260,0,0,0,-3870,19,7440
2025/4/13,9:30,7440,794,2536,2092,25,72,2181,154,840,1307,0,1229,0,0,7,-3818,21,7440
2025/4/13,10:00,7494,788,2370,2236,24,70,2175,156,854,1475,0,1246,0,-2,-12,-3902,16,7494
2025/4/13,10:30,7467,788,2226,2537,24,68,2172,154,848,1458,0,1348,0,-212,-3,-3958,17,7467
2025/4/13,11:00,7468,790,2036,2759,25,69,2159,155,844,1354,0,1408,0,-224,-2,-3920,15,7468
2025/4/13,11:30,7545,788,2122,2791,26,70,2131,153,810,1276,0,1471,0,-224,2,-3886,15,7545
2025/4/13,12:00,7574,790,2122,2900,24,69,2142,153,804,1165,0,1510,0,-224,-9,-3884,12,7574
2025/4/13,12:30,7432,788,1720,3075,23,73,2137,153,804,1200,0,1579,0,-224,-40,-3866,10,7432
2025/4/13,13:00,7458,794,1578,3158,24,71,2137,154,796,1306,0,1616,0,-222,-36,-3932,14,7458
2025/4/13,13:30,7418,784,1624,3156,25,70,2156,153,803,1194,0,1592,0,-224,1,-3924,8,7418
2025/4/13,14:00,7472,794,1956,2912,25,70,2152,152,789,1122,0,1635,0,-222,-3,-3924,14,7472
2025/4/13,14:30,7410,784,2004,2904,25,70,2148,154,776,847,0,1637,0,-2,0,-3952,15,7410
2025/4/13,15:00,7503,792,2054,3138,25,70,2152,152,760,596,0,1654,0,0,-3,-3900,13,7503
2025/4/13,15:30,7524,788,2174,3231,25,69,2158,152,744,458,0,1655,0,0,0,-3944,14,7524
2025/4/13,16:00,7675,792,2178,3422,25,70,2162,151,720,392,0,1679,0,0,-3,-3930,17,7675
2025/4/13,16:30,7821,786,2270,3578,26,69,2157,151,704,247,0,1694,0,0,2,-3878,15,7821
2025/4/13,17:00,8026,794,2378,3720,27,70,2165,150,689,107,0,1698,0,0,6,-3798,20,8026
2025/4/13,17:30,8274,784,2822,3782,28,71,2151,147,679,30,0,1731,0,0,3,-3970,16,8274
2025/4/13,18:00,8459,794,2958,3886,29,70,2150,150,676,0,0,1715,0,0,37,-4026,20,8459
2025/4/13,18:30,8440,786,2980,3877,30,70,2143,146,675,0,0,1676,0,0,23,-3982,16,8440
2025/4/13,19:00,8409,794,3222,3746,29,71,2136,147,675,0,0,1642,0,0,-1,-4068,16,8409
2025/4/13,19:30,8215,790,3128,3687,29,71,2128,145,676,0,0,1627,0,0,-1,-4078,13,8215
2025/4/13,20:00,8119,788,3120,3563,28,71,2127,148,678,0,0,1633,0,0,-2,-4050,15,8119
2025/4/13,20:30,7999,793,3158,3364,28,73,2124,147,675,0,0,1603,0,0,-2,-3982,18,7999
2025/4/13,21:00,7792,788,3250,3238,27,71,2085,147,679,0,0,1549,0,0,-1,-4058,17,7792
2025/4/13,21:30,7497,792,3116,3123,26,72,2074,147,674,0,0,1474,0,0,-1,-4020,20,7497
2025/4/13,22:00,7280,786,2486,2870,25,73,2078,144,674,0,0,1359,0,0,-1,-3234,20,7280
2025/4/13,22:30,7141,794,2218,3012,23,72,2076,148,677,0,0,1194,0,0,-2,-3080,9,7141
2025/4/13,23:00,7028,784,2382,3060,25,72,2068,145,677,0,0,949,0,0,-1,-3142,9,7028
2025/4/13,23:30,6890,790,2190,3130,24,69,2058,146,673,0,0,891,0,0,-1,-3088,8,6890
2025/4/14,0:00,6704,792,2032,3144,22,71,2046,147,670,0,0,880,0,0,-1,-3102,3,6704
2025/4/14,0:30,6646,792,1964,3242,22,70,2046,145,670,0,0,754,0,0,-2,-3060,3,6646
2025/4/14,1:00,6695,790,1926,3233,22,72,2044,147,674,0,0,773,0,0,-1,-2988,3,6695
2025/4/14,1:30,6809,791,2000,3342,22,69,2029,146,675,0,0,774,0,0,-1,-3042,4,6809
2025/4/14,2:00,6939,786,1952,3404,22,71,2044,148,680,0,0,766,0,0,-1,-2936,3,6939
2025/4/14,2:30,7099,792,1966,3495,24,73,2057,148,679,0,0,733,0,0,-2,-2870,4,7099
2025/4/14,3:00,7275,788,2228,3462,25,70,2068,145,674,0,0,732,0,0,-1,-2920,4,7275
2025/4/14,3:30,7351,790,2522,3393,25,71,2058,147,673,0,0,712,0,0,-1,-3042,3,7351
2025/4/14,4:00,7498,790,2684,3467,26,70,2081,145,669,0,0,764,0,0,-2,-3200,4,7498
2025/4/14,4:30,7613,788,2694,3523,27,69,2081,147,667,0,0,801,0,0,-1,-3186,3,7613
2025/4/14,5:00,7798,790,2694,3635,28,71,2074,143,661,15,0,873,0,0,-2,-3188,4,7798
2025/4/14,5:30,7792,790,2662,3514,28,73,2079,146,660,57,0,915,0,0,-2,-3134,4,7792
2025/4/14,6:00,8020,789,2754,3474,28,80,2041,145,669,143,0,963,0,0,0,-3074,8,8020
2025/4/14,6:30,8080,789,2720,3226,28,80,2057,144,675,270,0,1000,0,0,-1,-2922,14,8080
2025/4/14,7:00,8270,790,2684,3227,28,80,2056,147,684,436,0,993,0,0,-3,-2874,22,8270
2025/4/14,7:30,8644,789,2862,3274,28,81,2073,147,704,594,0,991,0,0,-1,-2918,20,8644
2025/4/14,8:00,9217,791,3208,3283,30,79,2084,149,708,789,0,960,0,136,-5,-3012,17,9217
2025/4/14,8:30,9572,790,3124,3218,30,77,2102,150,732,978,0,953,0,142,1,-2740,15,9572
2025/4/14,9:00,9761,786,3174,3182,29,82,2110,149,755,1089,0,966,0,142,-3,-2716,16,9761
2025/4/14,9:30,9742,790,2834,3072,28,81,2112,153,771,1233,0,962,0,140,1,-2454,19,9742
2025/4/14,10:00,9705,787,2630,2986,26,80,2101,151,775,1497,0,1044,0,2,-4,-2386,16,9705
2025/4/14,10:30,9806,792,2540,2780,26,75,2126,154,799,1828,0,1206,0,0,2,-2538,16,9806
2025/4/14,11:00,9765,792,3210,2804,27,66,2146,153,807,2033,0,1245,0,0,-2,-3528,12,9765
2025/4/14,11:30,9635,788,3004,2693,26,70,2146,153,793,2435,0,1148,0,-210,1,-3428,16,9635
2025/4/14,12:00,9214,794,2676,2588,25,68,2164,153,813,2965,0,884,0,-430,-4,-3494,12,9214
2025/4/14,12:30,9012,788,2440,2447,24,67,2175,157,815,3377,0,710,0,-440,-40,-3516,8,9012
2025/4/14,13:00,9398,788,2774,2405,24,70,2188,159,821,3554,0,527,0,-222,-41,-3664,15,9398
2025/4/14,13:30,9467,788,3054,2545,24,66,2209,161,850,3284,0,343,0,-222,-2,-3642,9,9467
2025/4/14,14:00,9331,788,3336,2592,24,66,2216,161,845,2858,0,296,0,-222,-2,-3640,13,9331
2025/4/14,14:30,9324,794,3412,2684,24,65,2207,164,840,2603,0,306,0,0,2,-3786,9,9324
2025/4/14,15:00,9147,786,3436,2911,25,76,2179,160,779,2105,0,319,0,0,-8,-3634,13,9147
2025/4/14,15:30,9187,792,3348,3167,25,87,2190,160,770,1637,0,288,0,136,0,-3430,17,9187
2025/4/14,16:00,9104,788,3274,3370,26,111,2186,158,756,1324,0,290,0,142,0,-3338,17,9104
2025/4/14,16:30,9073,788,3498,3605,27,122,2183,154,736,919,0,328,0,0,-3,-3292,8,9073
2025/4/14,17:00,9005,790,3532,3747,28,121,2162,154,702,495,0,407,0,0,-4,-3148,19,9005
2025/4/14,17:30,8942,790,3264,3888,29,123,2140,151,665,157,0,481,0,0,-1,-2760,15,8942
2025/4/14,18:00,9222,790,3316,3888,30,141,2136,153,660,7,0,577,0,0,18,-2514,20,9222
2025/4/14,18:30,9312,788,3382,3889,31,141,2122,151,656,0,0,676,0,0,36,-2574,14,9312
2025/4/14,19:00,9206,792,3522,3818,31,152,2118,149,655,0,0,761,0,0,11,-2820,17,9206
2025/4/14,19:30,9051,786,3494,3769,31,173,2114,152,649,0,0,733,0,0,-2,-2860,12,9051
2025/4/14,20:00,8924,788,3532,3795,30,170,2096,147,649,0,0,703,0,0,-1,-3002,17,8924
2025/4/14,20:30,8787,792,3434,3786,29,190,2080,149,652,0,0,635,0,0,-1,-2972,13,8787
2025/4/14,21:00,8493,790,3444,3681,28,201,2091,149,662,0,0,606,0,0,-2,-3170,13,8493
2025/4/14,21:30,8243,790,3272,3649,27,207,2098,150,661,0,0,604,0,0,-1,-3220,6,8243
2025/4/14,22:00,8035,790,2784,3594,26,227,2107,147,666,0,0,574,0,0,-1,-2894,15,8035
2025/4/14,22:30,7840,788,2686,3590,25,232,2110,147,672,0,0,519,0,0,-2,-2940,13,7840
2025/4/14,23:00,7730,790,2628,3563,25,234,2109,149,679,0,0,419,0,0,-1,-2872,7,7730
2025/4/14,23:30,7534,790,2424,3646,24,233,2112,147,685,0,0,332,0,0,-1,-2862,4,7534
2025/4/15,0:00,7355,788,2222,3639,23,236,2137,149,685,0,0,329,0,0,-2,-2854,3,7355
2025/4/15,0:30,7269,790,2124,3550,22,234,2136,148,684,0,0,409,0,0,-1,-2830,3,7269
2025/4/15,1:00,7356,792,2300,3496,22,230,2141,150,688,0,0,348,0,0,-6,-2808,3,7356
2025/4/15,1:30,7386,788,2350,3474,22,231,2143,147,690,0,0,363,0,0,-1,-2824,3,7386
2025/4/15,2:00,7546,788,2506,3458,23,233,2141,149,693,0,0,335,0,0,-1,-2782,3,7546
2025/4/15,2:30,7653,788,2474,3508,24,229,2142,148,693,0,0,236,0,0,0,-2592,3,7653
2025/4/15,3:00,7787,793,2878,3450,25,230,2138,151,690,0,0,169,0,0,0,-2740,3,7787
2025/4/15,3:30,7916,787,3282,3469,25,230,2136,147,693,0,0,125,0,0,-1,-2980,3,7916
2025/4/15,4:00,8042,788,3336,3448,26,227,2135,148,705,0,0,155,0,0,-1,-2928,3,8042
2025/4/15,4:30,8135,792,3330,3300,27,230,2137,149,719,0,0,181,0,0,-1,-2732,3,8135
2025/4/15,5:00,8237,788,3380,3202,28,225,2101,149,723,42,0,181,0,0,-1,-2584,3,8237
2025/4/15,5:30,8402,792,3542,3244,28,226,2099,147,742,156,0,161,0,0,-1,-2738,4,8402
2025/4/15,6:00,8455,786,3644,3228,29,224,2107,151,756,304,0,141,0,0,-2,-2920,7,8455
2025/4/15,6:30,8538,792,3332,3319,30,225,2131,151,795,487,0,185,0,0,-3,-2922,16,8538
2025/4/15,7:00,8592,787,3128,3046,30,224,2146,152,831,776,0,191,0,0,0,-2740,21,8592
2025/4/15,7:30,8787,792,2962,2964,31,222,2173,156,870,1036,0,147,0,0,0,-2586,20,8787
2025/4/15,8:00,9342,789,3692,3180,33,224,2202,157,909,1525,0,133,0,0,-4,-3514,16,9342
2025/4/15,8:30,9646,786,3522,3224,33,223,2220,158,932,1752,0,116,0,0,-2,-3332,14,9646
2025/4/15,9:00,9838,792,3378,3222,32,227,2228,159,933,2104,0,139,0,0,-2,-3390,16,9838
2025/4/15,9:30,9786,788,3038,3101,32,225,2212,157,917,2244,0,105,0,0,2,-3054,19,9786
2025/4/15,10:00,9641,790,2840,3056,31,224,2214,155,905,2332,0,109,0,0,-7,-3024,16,9641
2025/4/15,10:30,9768,786,2708,3025,31,223,2221,161,924,2747,0,135,0,0,1,-3210,16,9768
2025/4/15,11:00,9663,788,2630,2671,30,222,2214,160,930,2922,0,171,0,0,-1,-3086,12,9663
2025/4/15,11:30,9695,790,2896,2632,31,224,2201,160,924,2868,0,172,0,-2,-5,-3212,16,9695
2025/4/15,12:00,9421,788,3512,2647,29,225,2172,161,898,2658,0,226,0,-212,-42,-3652,11,9421
2025/4/15,12:30,9017,790,3712,2663,29,223,2162,157,884,1834,0,226,0,-222,-2,-3448,9,9017
2025/4/15,13:00,9610,788,3878,2984,28,225,2139,156,844,1315,0,200,0,0,-42,-2920,15,9610
2025/4/15,13:30,9633,790,3638,3276,26,227,2123,154,826,963,0,170,0,0,-1,-2568,9,9633
2025/4/15,14:00,9599,789,3182,3276,26,226,2111,157,812,966,0,191,0,0,-4,-2146,13,9599
2025/4/15,14:30,9722,784,3190,3431,27,225,2102,153,787,1016,0,252,0,0,-1,-2252,8,9722
2025/4/15,15:00,9520,792,3252,3413,28,232,2103,152,777,903,0,291,0,0,0,-2440,17,9520
2025/4/15,15:30,9698,788,3408,3571,29,234,2105,154,769,792,0,294,0,0,0,-2464,18,9698
2025/4/15,16:00,9648,790,3650,3606,30,232,2122,152,757,710,0,296,0,0,-6,-2708,17,9648
2025/4/15,16:30,9671,786,3704,3748,31,235,2147,157,800,538,0,299,0,0,0,-2782,8,9671
2025/4/15,17:00,9516,788,3912,3823,31,277,2122,152,773,272,0,335,0,0,-3,-2984,18,9516
2025/4/15,17:30,9553,790,3926,3906,31,284,2102,153,740,91,0,325,0,0,0,-2810,15,9553
2025/4/15,18:00,9703,792,4008,3900,33,281,2095,149,736,2,0,333,0,134,2,-2782,20,9703
2025/4/15,18:30,9747,788,4108,3889,33,282,2098,151,734,0,0,316,0,140,36,-2844,16,9747
2025/4/15,19:00,9574,792,4234,3916,32,278,2077,153,736,0,0,324,0,0,26,-3010,16,9574
2025/4/15,19:30,9379,788,4082,3893,32,277,2084,151,737,0,0,275,0,0,-2,-2950,12,9379
2025/4/15,20:00,9218,790,3932,3895,31,280,2094,152,742,0,0,291,0,0,-2,-3004,17,9218
2025/4/15,20:30,9057,790,3874,3786,31,282,2104,151,744,0,0,293,0,0,-1,-3010,13,9057
2025/4/15,21:00,8769,786,3878,3728,30,280,2100,150,745,0,0,363,0,0,-2,-3302,13,8769
2025/4/15,21:30,8451,794,3424,3654,28,235,2101,153,745,0,0,478,0,0,-2,-3166,7,8451
2025/4/15,22:00,8232,790,3012,3507,27,229,2088,152,746,0,0,654,0,0,-2,-2986,15,8232
2025/4/15,22:30,8017,788,2658,3438,26,234,2092,152,746,0,0,902,0,0,-1,-3030,12,8017
2025/4/15,23:00,7891,788,2242,3388,26,228,2085,152,754,0,0,1184,0,0,-2,-2964,10,7891
2025/4/15,23:30,7714,789,2276,3209,24,232,2083,152,754,0,0,1353,0,0,-1,-3162,5,7714
2025/4/16,0:00,7493,794,1830,3188,23,234,2073,152,755,0,0,1562,0,0,-2,-3120,4,7493
2025/4/16,0:30,7381,788,1940,3034,23,232,2071,150,751,0,0,1706,0,0,-1,-3316,3,7381
2025/4/16,1:00,7442,788,2200,2770,23,238,2064,154,749,0,0,1801,0,0,-2,-3346,3,7442
2025/4/16,1:30,7513,791,2278,2749,23,240,2060,151,745,0,0,1902,0,0,-1,-3428,3,7513
2025/4/16,2:00,7652,792,2380,2765,24,237,2060,153,749,0,0,1903,0,0,-1,-3414,4,7652
2025/4/16,2:30,7817,788,2566,2768,25,238,2052,149,747,0,0,1873,0,0,-1,-3392,4,7817
2025/4/16,3:00,7944,788,2748,2809,26,240,2060,152,744,0,0,1866,0,0,-1,-3492,4,7944
2025/4/16,3:30,8014,793,3030,2751,25,245,2064,155,745,0,0,1908,0,0,-1,-3704,3,8014
2025/4/16,4:00,8184,788,3064,2840,26,243,2066,150,741,0,0,1905,0,0,-2,-3640,3,8184
2025/4/16,4:30,8299,788,3058,2887,28,242,2074,152,744,0,0,1909,0,0,-2,-3584,3,8299
2025/4/16,5:00,8509,786,3226,2824,28,236,2093,150,739,43,0,1944,0,0,0,-3564,4,8509
2025/4/16,5:30,8466,794,2954,2511,29,232,2102,151,754,243,0,1933,0,0,-1,-3240,4,8466
2025/4/16,6:00,8680,792,2826,2475,30,228,2120,156,791,582,0,1913,0,0,-6,-3234,7,8680
2025/4/16,6:30,8595,785,2516,2273,30,225,2125,153,808,1108,0,1904,0,0,2,-3350,16,8595
2025/4/16,7:00,8649,788,2308,2020,30,206,2157,159,849,1718,0,1898,0,0,-2,-3504,22,8649
2025/4/16,7:30,8929,790,2314,1813,30,201,2179,159,874,2231,0,1857,0,0,-4,-3534,19,8929
2025/4/16,8:00,9386,788,2790,1739,32,202,2181,159,851,2592,247,1809,80,0,3,-3776,16,9386
2025/4/16,8:30,9869,792,3054,1758,32,204,2191,161,771,2980,272,1811,59,0,-12,-3888,15,9869
2025/4/16,9:00,9997,788,2870,1590,32,205,2182,154,739,3387,349,1819,43,-2,-5,-3778,16,9997
2025/4/16,9:30,10004,786,3144,1589,30,202,2166,146,729,3398,395,1835,72,-210,2,-3832,19,10004
2025/4/16,10:00,9827,792,2566,1485,30,200,2131,141,692,3693,429,1826,69,-224,-13,-3508,16,9827
2025/4/16,10:30,9903,790,2300,1450,32,204,2129,141,689,4020,445,1827,71,-222,-11,-3462,16,9903
2025/4/16,11:00,9857,792,2610,1529,32,200,2107,142,661,4318,450,1839,76,-224,-13,-4148,12,9857
2025/4/16,11:30,9824,790,2742,1551,31,201,2121,143,658,4360,449,1846,76,-222,-14,-4398,15,9824
2025/4/16,12:00,9309,785,2588,1545,30,205,2117,141,650,4489,517,1724,199,-430,-41,-4506,12,9309
2025/4/16,12:30,9215,794,2196,1551,31,205,2100,145,645,4847,515,1706,198,-440,-35,-4538,8,9215
2025/4/16,13:00,9660,787,2596,1570,28,200,2114,142,655,4495,504,1693,199,-222,19,-4432,15,9660
2025/4/16,13:30,9575,789,3072,1658,26,201,2135,146,674,3649,478,1697,186,-222,-7,-4252,9,9575
2025/4/16,14:00,9522,790,2500,1989,26,201,2152,143,681,3315,457,1705,188,-222,5,-3776,13,9522
2025/4/16,14:30,9555,788,2990,2221,26,200,2163,144,686,2694,331,1808,76,-220,2,-3956,9,9555
2025/4/16,15:00,9328,790,2636,2481,27,200,2157,148,672,2315,279,1836,77,0,-5,-3942,13,9328
2025/4/16,15:30,9417,788,2630,2885,28,215,2175,151,717,1915,222,1856,77,0,-15,-3942,14,9417
2025/4/16,16:00,9383,792,2934,2876,29,225,2144,153,736,1677,0,1924,0,0,-10,-4114,17,9383
2025/4/16,16:30,9358,788,2990,3207,29,226,2127,155,761,1053,0,1947,0,0,-2,-3930,7,9358
2025/4/16,17:00,9279,790,3108,3401,30,230,2136,157,760,488,0,1952,0,0,-1,-3792,20,9279
2025/4/16,17:30,9322,789,3470,3480,31,228,2102,154,742,144,0,1929,0,0,-3,-3760,16,9322
2025/4/16,18:00,9511,788,3706,3446,32,228,2108,155,745,6,0,1911,0,188,1,-3822,19,9511
2025/4/16,18:30,9702,792,4074,3516,33,225,2110,156,745,0,0,1853,0,210,8,-4036,16,9702
2025/4/16,19:00,9525,784,3824,3506,33,227,2098,154,747,0,0,1904,0,210,36,-4014,16,9525
2025/4/16,19:30,9369,794,3576,3576,32,228,2097,154,748,0,0,1919,0,210,18,-3996,13,9369
2025/4/16,20:00,9258,792,3592,3516,32,228,2046,155,746,0,0,1906,0,218,-1,-3988,16,9258
2025/4/16,20:30,9083,786,3576,3422,31,229,2043,154,743,0,0,1877,0,212,-2,-4000,12,9083
2025/4/16,21:00,8822,788,3604,3253,30,228,2037,155,737,0,0,1860,0,212,-1,-4094,13,8822
2025/4/16,21:30,8523,790,3378,3163,28,227,2039,155,734,0,0,1856,0,206,-1,-4058,6,8523
2025/4/16,22:00,8277,791,2916,2823,27,221,2038,153,736,0,0,1890,0,2,-1,-3334,15,8277
2025/4/16,22:30,7993,788,2670,2756,25,225,2039,154,735,0,0,1887,0,0,-2,-3298,14,7993
2025/4/16,23:00,7879,790,2256,2790,26,225,2019,156,738,0,0,1871,0,0,-1,-2998,7,7879
2025/4/16,23:30,7697,794,2022,2810,24,226,2024,155,737,0,0,1869,0,0,-2,-2966,4,7697
2025/4/17,0:00,7456,784,1998,2827,24,227,2016,154,736,0,0,1871,0,0,-1,-3184,4,7456
2025/4/17,0:30,7337,792,1924,2866,23,227,2020,154,733,0,0,1832,0,0,-1,-3236,3,7337
2025/4/17,1:00,7394,788,1958,2942,22,227,2018,154,733,0,0,1815,0,0,-2,-3264,3,7394
2025/4/17,1:30,7471,792,1892,3071,23,223,2021,154,734,0,0,1797,0,0,-1,-3238,3,7471
2025/4/17,2:00,7563,786,2044,3088,23,227,2036,155,733,0,0,1756,0,0,-1,-3288,4,7563
2025/4/17,2:30,7722,792,2342,2985,25,222,2035,155,735,0,0,1670,0,0,-1,-3242,4,7722
2025/4/17,3:00,7866,788,2596,2908,25,224,2034,153,736,0,0,1582,0,0,-2,-3182,4,7866
2025/4/17,3:30,7950,791,2762,2880,27,224,2037,154,732,0,0,1439,0,138,-1,-3236,3,7950
2025/4/17,4:00,8135,792,3006,2923,27,225,2060,153,735,0,0,1287,0,142,-2,-3216,3,8135
2025/4/17,4:30,8291,787,3348,2745,27,225,2067,154,729,0,0,1120,0,144,-1,-3058,4,8291
2025/4/17,5:00,8463,792,3568,2703,29,216,2060,156,727,82,0,1053,0,142,-1,-3068,4,8463
2025/4/17,5:30,8371,788,3516,2528,28,219,2075,156,736,400,0,964,0,0,-1,-3042,4,8371
2025/4/17,6:00,8418,788,3460,2340,29,209,2089,155,706,1052,0,906,0,0,-3,-3320,7,8418
2025/4/17,6:30,8261,794,3030,2042,28,197,2101,158,639,1960,0,840,0,0,-1,-3544,17,8261
2025/4/17,7:00,8147,788,2740,1725,28,195,2147,161,672,2713,197,548,345,-214,-3,-3374,21,8147
2025/4/17,7:30,8377,790,2478,1709,27,193,2193,165,736,3359,263,476,317,-222,-4,-3542,19,8377
2025/4/17,8:00,8755,786,2910,1891,27,191,2208,170,788,3581,1013,677,121,-224,-4,-4262,16,8755
2025/4/17,8:30,9132,794,2820,1892,26,189,2236,170,813,4144,1067,731,107,-224,-3,-4470,14,9132
2025/4/17,9:00,9168,788,2724,1861,25,196,2236,168,813,4613,1278,372,461,-222,-1,-4420,15,9168
2025/4/17,9:30,9148,790,2358,1794,25,193,2230,169,797,4944,1373,380,426,-224,-3,-4324,19,9148
2025/4/17,10:00,9070,784,2150,1650,25,191,2187,165,737,5235,1431,392,510,-222,-2,-4238,16,9070
2025/4/17,10:30,9099,790,2122,1544,24,191,2173,166,699,5424,1468,405,627,-224,-4,-4226,15,9099
2025/4/17,11:00,9090,792,2308,1673,24,195,2171,164,686,5119,1809,398,627,-224,0,-4228,12,9090
2025/4/17,11:30,8941,788,2466,1694,24,195,2171,162,685,4961,1827,426,626,-428,-12,-4206,15,8941
2025/4/17,12:00,8594,790,2588,1671,23,196,2115,159,616,4126,2643,427,620,-438,-41,-3650,12,8594
2025/4/17,12:30,8542,790,3094,1738,23,194,2115,158,621,3731,2518,440,613,-438,-30,-3902,8,8542
2025/4/17,13:00,8836,790,3198,1736,23,196,2127,162,656,3844,1926,459,583,-222,-2,-4146,15,8836
2025/4/17,13:30,8869,789,2990,1741,23,197,2137,161,672,3671,1805,910,170,-222,-3,-4206,9,8869
2025/4/17,14:00,8763,795,2888,1734,25,197,2180,164,735,3530,1392,965,152,-220,-1,-4242,13,8763
2025/4/17,14:30,8832,786,3064,1755,26,198,2185,164,731,3596,638,956,146,-222,-6,-4410,9,8832
2025/4/17,15:00,8641,792,3314,1822,25,197,2176,162,749,2932,533,919,137,0,4,-4464,13,8641
2025/4/17,15:30,8748,792,3914,2138,27,201,2168,159,800,2039,405,910,136,0,26,-4440,14,8748
2025/4/17,16:00,8695,792,3346,2615,27,203,2174,161,839,1713,0,1004,0,0,28,-4224,17,8695
2025/4/17,16:30,8627,785,3404,2994,28,212,2163,158,829,1131,0,912,0,0,1,-3998,8,8627
2025/4/17,17:00,8538,791,3632,3235,28,215,2138,155,787,498,0,842,0,0,10,-3812,19,8538
2025/4/17,17:30,8626,794,3998,3391,29,218,2121,154,762,164,0,752,0,0,5,-3776,14,8626
2025/4/17,18:00,8777,788,3714,3539,30,216,2146,152,755,6,0,784,0,138,-3,-3508,20,8777
2025/4/17,18:30,8808,792,3464,3862,30,213,2145,152,751,0,0,780,0,140,-1,-3536,16,8808
2025/4/17,19:00,8658,788,3146,3907,29,219,2168,155,749,0,0,795,0,278,-2,-3590,16,8658
2025/4/17,19:30,8568,792,3162,3940,30,225,2175,151,746,0,0,690,0,364,-1,-3718,12,8568
2025/4/17,20:00,8354,788,3230,3771,28,220,2167,152,747,0,0,614,0,366,-2,-3744,17,8354
2025/4/17,20:30,8275,794,3412,3727,28,222,2161,154,742,0,0,530,0,284,-1,-3792,14,8275
2025/4/17,21:00,8003,790,3430,3680,26,214,2122,153,747,0,0,490,0,142,-2,-3802,13,8003
2025/4/17,21:30,7698,790,3130,3658,25,214,2120,153,744,0,0,446,0,140,-2,-3728,8,7698
2025/4/17,22:00,7638,790,2802,3656,23,225,2119,152,743,0,0,372,0,2,-1,-3260,15,7638
2025/4/17,22:30,7478,792,2560,3694,22,224,2118,155,744,0,0,317,0,0,-2,-3160,14,7478
2025/4/17,23:00,7383,789,2304,3665,23,223,2111,152,747,0,0,303,0,0,-1,-2940,7,7383
2025/4/17,23:30,7220,790,2186,3692,22,223,2108,153,746,0,0,304,0,0,-2,-3006,4,7220
2025/4/18,0:00,7081,792,2336,3621,21,216,2089,154,746,0,0,286,0,0,-1,-3182,3,7081
2025/4/18,0:30,6968,788,2290,3531,21,215,2092,152,748,0,0,274,0,0,-2,-3144,3,6968
2025/4/18,1:00,7027,792,2390,3531,20,212,2088,152,749,0,0,271,0,0,-1,-3180,3,7027
2025/4/18,1:30,7113,788,2526,3531,20,214,2090,152,752,0,0,304,0,0,-1,-3266,3,7113
2025/4/18,2:00,7237,790,2618,3530,21,213,2101,154,750,0,0,349,0,0,0,-3292,3,7237
2025/4/18,2:30,7364,790,2666,3531,22,212,2097,152,747,0,0,364,0,0,-1,-3220,4,7364
2025/4/18,3:00,7496,792,2698,3495,23,217,2101,152,749,0,0,372,0,136,-1,-3242,4,7496
2025/4/18,3:30,7582,792,3178,3372,23,223,2111,153,746,0,0,352,0,144,-1,-3514,3,7582
2025/4/18,4:00,7710,788,3264,3443,24,223,2142,152,746,0,0,311,0,142,-2,-3526,3,7710
2025/4/18,4:30,7749,792,3100,3528,25,220,2146,151,746,0,0,337,0,140,-1,-3438,3,7749
2025/4/18,5:00,7881,790,3280,3560,25,219,2135,152,740,50,0,312,0,2,-1,-3386,3,7881
2025/4/18,5:30,7808,792,3048,3522,25,215,2147,153,753,245,0,332,0,0,-2,-3426,4,7808
2025/4/18,6:00,7896,786,3146,3284,25,203,2157,154,769,511,0,362,0,0,-1,-3506,6,7896
2025/4/18,6:30,7840,794,2934,2945,26,183,2172,154,799,837,0,401,0,0,-3,-3420,18,7840
2025/4/18,7:00,7955,788,3050,2479,26,159,2196,155,819,1228,0,433,0,0,-3,-3400,25,7955
2025/4/18,7:30,8145,788,2794,2187,27,159,2223,160,856,1748,0,488,0,0,0,-3304,19,8145
2025/4/18,8:00,8604,790,3342,2209,28,156,2237,160,879,2202,0,471,0,0,-6,-3880,16,8604
2025/4/18,8:30,9017,794,3210,2278,28,156,2258,160,906,2652,0,498,0,0,-3,-3934,14,9017
2025/4/18,9:00,9182,788,2754,2310,28,157,2274,161,928,3163,0,524,0,-2,-3,-3916,16,9182
2025/4/18,9:30,9101,788,2300,2077,28,159,2308,165,965,3675,0,500,0,-210,3,-3676,19,9101
2025/4/18,10:00,9066,789,2356,2093,28,159,2303,162,947,3848,0,536,0,-224,-5,-3942,16,9066
2025/4/18,10:30,9088,786,2116,2016,27,154,2298,163,912,4302,0,518,0,-222,2,-4000,16,9088
2025/4/18,11:00,9082,788,1992,1909,26,159,2288,164,845,4536,0,553,0,-224,-3,-3966,15,9082
2025/4/18,11:30,9099,784,2228,2065,26,157,2264,164,751,4185,0,545,0,-222,5,-3868,15,9099
2025/4/18,12:00,8652,788,2154,1985,25,156,2232,161,750,3803,0,661,0,-424,-25,-3626,12,8652
2025/4/18,12:30,8482,782,1790,1840,25,154,2251,162,773,4035,0,723,0,-438,-13,-3610,8,8482
2025/4/18,13:00,8908,785,2212,2171,25,160,2241,162,763,3798,0,514,0,-222,18,-3734,15,8908
2025/4/18,13:30,8982,786,2366,2364,24,161,2239,163,779,3418,0,564,0,0,-30,-3860,8,8982
2025/4/18,14:00,8937,788,2296,2619,22,171,2242,160,844,3268,0,529,0,0,-39,-3976,13,8937
2025/4/18,14:30,8866,783,2416,2834,24,192,2239,166,887,2777,0,579,0,0,-30,-4010,9,8866
2025/4/18,15:00,8754,784,2582,3106,24,195,2241,165,897,2421,0,599,0,0,3,-4276,13,8754
2025/4/18,15:30,8762,784,2870,3337,24,201,2228,164,864,2057,0,549,0,0,0,-4330,14,8762
2025/4/18,16:00,8761,786,2984,3608,24,208,2221,161,827,1532,0,537,0,0,-2,-4142,17,8761
2025/4/18,16:30,8659,786,3322,3710,25,217,2213,161,815,971,0,598,0,0,0,-4174,15,8659
2025/4/18,17:00,8517,786,3124,3875,25,228,2197,159,792,481,0,654,0,0,-4,-3818,18,8517
2025/4/18,17:30,8496,788,3254,3944,26,236,2184,158,757,160,0,648,0,0,-3,-3672,16,8496
2025/4/18,18:00,8593,784,3062,3945,26,218,2160,155,748,7,0,631,0,134,24,-3320,19,8593
2025/4/18,18:30,8630,786,3040,3957,27,207,2162,156,747,0,0,663,0,142,35,-3308,16,8630
2025/4/18,19:00,8480,786,3086,3965,27,205,2156,157,748,0,0,663,0,142,5,-3476,16,8480
2025/4/18,19:30,8361,788,3026,3931,27,205,2157,156,750,0,0,712,0,142,-1,-3544,12,8361
2025/4/18,20:00,8154,790,3206,3623,26,203,2152,159,751,0,0,761,0,142,-2,-3674,17,8154
2025/4/18,20:30,8023,790,3254,3558,25,200,2152,154,751,0,0,734,0,142,-1,-3748,12,8023
2025/4/18,21:00,7792,788,3218,3275,24,202,2155,158,758,0,0,881,0,142,-2,-3820,13,7792
2025/4/18,21:30,7500,792,2918,3079,23,204,2135,156,755,0,0,1062,0,142,-6,-3766,6,7500
2025/4/18,22:00,7414,792,2424,2883,22,205,2137,153,757,0,0,1100,0,142,-4,-3210,13,7414
2025/4/18,22:30,7289,786,2476,2902,21,204,2118,141,752,0,0,1022,0,2,-2,-3148,15,7289
2025/4/18,23:00,7313,792,2278,2854,23,203,2108,137,753,0,0,1317,0,0,-1,-3162,11,7313
2025/4/18,23:30,7106,788,2098,2790,21,204,2105,137,752,0,0,1300,0,0,-1,-3092,4,7106
2025/4/19,0:00,6945,792,2278,2707,21,203,2103,137,756,0,0,1081,0,0,-1,-3136,4,6945
2025/4/19,0:30,6821,792,2270,2708,21,201,2095,138,745,0,0,1029,0,0,-1,-3180,3,6821
2025/4/19,1:00,6859,788,2356,2791,21,201,2091,134,746,0,0,1033,0,0,-1,-3304,3,6859
2025/4/19,1:30,6863,794,2384,2801,21,202,2097,136,743,0,0,987,0,0,-1,-3304,3,6863
2025/4/19,2:00,7003,789,2302,2817,21,203,2091,142,736,0,0,1012,0,0,-1,-3112,3,7003
2025/4/19,2:30,7105,792,2256,2925,22,205,2081,143,736,0,0,1039,0,0,-1,-3096,3,7105
2025/4/19,3:00,7276,790,2330,2946,23,205,2093,143,738,0,0,1009,0,0,-2,-3002,3,7276
2025/4/19,3:30,7234,790,2172,2929,24,205,2095,141,732,0,0,1065,0,0,0,-2922,3,7234
2025/4/19,4:00,7356,791,2388,2948,25,204,2087,143,732,0,0,1023,0,0,-2,-2986,3,7356
2025/4/19,4:30,7360,788,2608,2720,25,207,2093,142,733,1,0,964,0,0,0,-2924,3,7360
2025/4/19,5:00,7271,794,2682,2614,25,204,2069,145,736,76,0,899,0,0,-1,-2976,4,7271
2025/4/19,5:30,7084,788,2658,2305,25,203,2074,143,740,299,0,839,0,0,0,-2994,4,7084
2025/4/19,6:00,6932,794,2400,2066,23,199,2075,143,713,797,0,783,0,0,5,-3072,6,6932
2025/4/19,6:30,6912,788,2324,1765,23,171,2083,147,644,1441,0,774,0,0,-3,-3256,11,6912
2025/4/19,7:00,6792,790,2036,1572,23,145,2099,149,635,2065,0,833,0,0,-9,-3566,20,6792
2025/4/19,7:30,6983,792,1922,1362,24,144,2143,152,688,2597,152,748,49,0,2,-3610,19,6983
2025/4/19,8:00,7145,790,2402,1402,25,143,2162,152,694,2887,858,696,144,-2,-4,-4218,16,7145
2025/4/19,8:30,7370,792,2294,1437,25,141,2113,146,618,3614,1261,652,193,-214,-2,-4264,18,7370
2025/4/19,9:00,7422,790,1962,1383,24,143,2118,150,616,4100,1532,589,153,-430,-2,-4040,19,7422
2025/4/19,9:30,7478,788,1816,1393,24,141,2130,148,612,4464,1696,552,182,-440,2,-4172,20,7478
2025/4/19,10:00,7442,792,1922,1398,25,145,2134,147,594,4285,2286,536,185,-442,-5,-4106,17,7442
2025/4/19,10:30,7503,791,1898,1444,24,140,2118,146,560,4428,2347,547,185,-436,-1,-4172,16,7503
2025/4/19,11:00,7471,790,1922,1455,23,145,2122,149,559,4416,2412,519,182,-440,-1,-4204,16,7471
2025/4/19,11:30,7483,790,2024,1479,24,146,2125,147,565,4282,2460,497,178,-438,1,-4176,17,7483
2025/4/19,12:00,7338,791,1946,1452,23,146,2134,148,562,4292,2430,444,168,-440,-10,-4162,12,7338
2025/4/19,12:30,7195,787,1946,1454,23,147,2144,148,579,4136,2361,384,155,-436,-29,-4096,8,7195
2025/4/19,13:00,7311,792,1876,1480,22,146,2168,150,610,4136,1950,385,121,-438,-47,-3984,15,7311
2025/4/19,13:30,7318,793,2048,1603,21,146,2170,153,623,3803,1836,369,107,-438,-4,-3978,9,7318
2025/4/19,14:00,7211,788,1800,1646,22,147,2191,153,679,3860,1312,360,69,-438,-5,-4006,14,7211
2025/4/19,14:30,7276,789,1810,1727,22,149,2167,152,664,3754,786,305,65,-220,-2,-4050,9,7276
2025/4/19,15:00,7129,794,2330,1907,22,148,2137,152,691,2928,610,236,69,0,0,-4230,14,7129
2025/4/19,15:30,7154,792,2650,2281,23,187,2127,148,752,2179,444,166,66,0,27,-4192,14,7154
2025/4/19,16:00,7033,788,2196,2565,23,202,2144,149,823,1722,0,139,0,0,-37,-3702,21,7033
2025/4/19,16:30,7205,791,2770,2816,24,218,2108,146,791,1086,0,126,0,0,-3,-3676,8,7205
2025/4/19,17:00,7216,793,2800,2993,25,221,2086,144,775,561,0,113,0,0,-7,-3306,18,7216
2025/4/19,17:30,7350,788,3062,3159,26,257,2074,144,742,187,0,121,0,186,2,-3414,16,7350
2025/4/19,18:00,7568,790,2718,3358,26,267,2062,142,737,4,0,125,0,210,36,-2926,19,7568
2025/4/19,18:30,7643,789,2752,3411,27,278,2060,143,738,0,0,126,0,208,25,-2930,16,7643
2025/4/19,19:00,7582,794,2686,3423,27,270,2047,143,741,0,0,142,0,208,-1,-2914,16,7582
2025/4/19,19:30,7437,788,2584,3399,27,264,2034,142,743,0,0,169,0,206,-2,-2928,11,7437
2025/4/19,20:00,7284,789,2532,3307,26,267,1989,143,747,0,0,234,0,206,-1,-2970,15,7284
2025/4/19,20:30,7192,791,2450,3266,26,264,1975,142,743,0,0,351,0,208,-2,-3034,12,7192
2025/4/19,21:00,7011,788,2452,3137,25,222,1970,144,745,0,0,474,0,208,-1,-3166,13,7011
2025/4/19,21:30,6826,790,2216,3088,24,213,1959,142,743,0,0,516,0,208,-1,-3078,6,6826
2025/4/19,22:00,6791,792,2180,3092,23,211,1957,143,743,0,0,550,0,208,-1,-3124,17,6791
2025/4/19,22:30,6670,788,2236,3088,22,203,1955,141,742,0,0,522,0,2,-1,-3040,12,6670
2025/4/19,23:00,6618,790,2302,3096,23,195,1956,143,744,0,0,496,0,0,-1,-3132,6,6618
2025/4/19,23:30,6434,789,2132,3063,22,193,1946,141,739,0,0,544,0,0,-1,-3138,4,6434
2025/4/20,0:00,6301,789,1860,2950,21,188,1926,144,740,0,0,619,0,0,-1,-2938,3,6301
2025/4/20,0:30,6284,787,1962,2977,20,185,1914,141,739,0,0,652,0,0,-2,-3094,3,6284
2025/4/20,1:00,6302,790,1914,2936,20,187,1923,142,737,0,0,651,0,0,-1,-3000,3,6302
2025/4/20,1:30,6396,792,2080,2941,20,188,1937,140,741,0,0,543,0,0,-1,-2988,3,6396
2025/4/20,2:00,6504,790,2080,2946,21,187,1951,144,740,0,0,471,0,0,-1,-2828,3,6504
2025/4/20,2:30,6608,786,2084,2944,22,184,1947,141,738,0,0,462,0,0,-1,-2702,3,6608
2025/4/20,3:00,6767,794,2024,2950,22,183,1956,144,736,0,0,517,0,0,-1,-2562,4,6767
2025/4/20,3:30,6829,788,2028,2920,23,180,1957,141,738,0,0,578,0,0,-1,-2526,3,6829
2025/4/20,4:00,6880,788,2294,2803,23,182,1955,143,735,0,0,622,0,0,-2,-2666,3,6880
2025/4/20,4:30,6935,794,2390,2747,23,185,1951,141,735,0,0,633,0,0,-1,-2666,3,6935
2025/4/20,5:00,6847,788,2508,2628,23,190,1926,143,730,36,0,650,0,0,-2,-2776,3,6847
2025/4/20,5:30,6728,790,2678,2551,22,186,1928,142,735,168,0,591,0,0,-1,-3066,4,6728
2025/4/20,6:00,6617,786,2568,2466,22,181,1939,144,746,386,0,636,0,0,1,-3264,6,6617
2025/4/20,6:30,6470,794,2150,2388,21,166,1948,143,712,644,0,574,0,0,-4,-3080,14,6470
2025/4/20,7:00,6535,788,1868,2251,21,145,1964,145,646,894,0,679,0,0,-3,-2886,23,6535
2025/4/20,7:30,6654,790,1774,2165,22,145,1994,146,630,1231,0,755,0,0,-6,-3010,18,6654
2025/4/20,8:00,6730,792,2094,2187,23,143,1999,149,632,1572,56,772,2,0,1,-3650,16,6730
2025/4/20,8:30,6893,790,1944,2143,23,147,2020,148,654,2098,59,754,3,0,-4,-3838,14,6893
2025/4/20,9:00,6970,792,1736,2115,23,159,2046,151,683,2400,81,891,3,0,-2,-4040,16,6970
2025/4/20,9:30,6964,789,1458,1791,23,154,2074,151,702,2846,90,1127,4,0,-36,-4134,19,6964
2025/4/20,10:00,7002,792,1296,1572,24,153,2090,153,694,3178,96,1212,3,0,-34,-4144,16,7002
2025/4/20,10:30,7028,788,1814,1552,24,150,2119,154,726,2854,357,951,218,0,16,-4136,16,7028
2025/4/20,11:00,7038,792,2026,1575,25,158,2115,155,730,2794,364,935,259,0,0,-4282,15,7038
2025/4/20,11:30,7017,790,2024,1575,25,156,2112,153,718,2824,350,888,296,0,0,-4264,16,7017
2025/4/20,12:00,7062,790,1796,1526,25,147,2105,154,710,2935,350,801,288,0,-44,-3896,13,7062
2025/4/20,12:30,6903,791,1538,1542,25,145,2109,153,715,2878,343,791,291,0,-7,-3786,9,6903
2025/4/20,13:00,6868,790,1620,1401,25,145,2108,156,724,2718,315,847,298,0,-1,-3680,15,6868
2025/4/20,13:30,6933,791,2058,1615,25,143,2086,152,698,2226,287,827,298,0,11,-3708,9,6933
2025/4/20,14:00,6905,790,2338,1732,25,142,2071,150,667,1767,247,890,301,0,17,-3696,12,6905
2025/4/20,14:30,6927,791,2316,1733,26,143,2041,150,633,1807,63,1073,1,0,-40,-3762,16,6927
2025/4/20,15:00,6968,790,2504,2042,25,145,2018,148,650,1540,49,988,1,0,-3,-3892,13,6968
2025/4/20,15:30,7006,792,2640,2210,24,177,2006,146,702,1145,35,914,1,0,-2,-3762,14,7006
2025/4/20,16:00,7162,788,2710,2541,24,186,1983,144,738,776,0,941,0,0,0,-3686,17,7162
2025/4/20,16:30,7269,793,2726,2791,26,191,1960,144,732,446,0,934,0,0,-1,-3488,15,7269
2025/4/20,17:00,7429,786,2246,2909,26,190,1958,142,725,185,0,865,0,0,-1,-2620,18,7429
2025/4/20,17:30,7682,794,2710,3090,28,187,1954,144,723,70,0,822,0,0,2,-2858,16,7682
2025/4/20,18:00,7744,788,2818,3191,27,189,1956,143,730,5,0,727,0,0,37,-2886,19,7744
2025/4/20,18:30,7772,794,2748,3255,29,188,1947,145,736,0,0,717,0,0,31,-2834,16,7772
2025/4/20,19:00,7683,790,2640,3340,29,189,1921,145,737,0,0,740,0,0,-2,-2862,16,7683
2025/4/20,19:30,7602,788,2710,3352,29,187,1928,144,740,0,0,669,0,0,-1,-2956,12,7602
2025/4/20,20:00,7418,794,2704,3327,28,192,1927,146,739,0,0,621,0,0,-1,-3074,15,7418
2025/4/20,20:30,7381,789,2934,3286,28,190,1912,142,737,0,0,659,0,0,-1,-3308,13,7381
2025/4/20,21:00,7143,788,2864,3343,26,190,1890,145,745,0,0,645,0,0,-1,-3504,12,7143
2025/4/20,21:30,6946,789,2446,3335,25,193,1879,143,746,0,0,663,0,0,-1,-3278,6,6946
2025/4/20,22:00,6844,790,2292,3155,23,191,1865,145,746,0,0,705,0,0,-1,-3082,15,6844
2025/4/20,22:30,6677,792,2250,2966,23,187,1862,144,746,0,0,736,0,0,-1,-3040,12,6677
2025/4/20,23:00,6629,788,2180,2893,23,190,1857,144,748,0,0,751,0,0,-1,-2950,6,6629
2025/4/20,23:30,6554,796,2290,2764,23,186,1844,145,744,0,0,738,0,0,-2,-2978,4,6554
2025/4/21,0:00,6365,784,2286,2746,22,184,1854,144,750,0,0,755,0,0,-1,-3162,3,6365
2025/4/21,0:30,6323,788,2278,2743,21,178,1870,145,747,0,0,795,0,0,-1,-3244,3,6323
2025/4/21,1:00,6381,792,2260,2736,21,181,1876,144,746,0,0,841,0,0,-1,-3218,3,6381
2025/4/21,1:30,6497,792,2250,2733,21,182,1875,143,746,0,0,870,0,0,-2,-3116,3,6497
2025/4/21,2:00,6629,786,2356,2697,22,179,1908,146,749,0,0,888,0,0,-1,-3104,3,6629
2025/4/21,2:30,6810,790,2588,2650,22,183,1906,144,752,0,0,851,0,0,-1,-3078,3,6810
2025/4/21,3:00,6990,790,2832,2654,24,183,1907,145,745,0,0,800,0,0,-1,-3092,3,6990
2025/4/21,3:30,7019,794,2764,2642,24,183,1906,144,748,0,0,837,0,0,-2,-3024,3,7019
2025/4/21,4:00,7234,784,2998,2614,25,183,1906,144,748,0,0,797,0,0,-2,-2966,3,7234
2025/4/21,4:30,7284,792,3206,2541,26,185,1909,146,758,0,0,725,0,0,-1,-3006,3,7284
2025/4/21,5:00,7384,792,3410,2334,26,184,1915,145,756,116,0,672,0,0,-1,-2968,3,7384
2025/4/21,5:30,7302,786,3166,2213,26,183,1927,147,773,418,0,694,0,0,-1,-3034,4,7302
2025/4/21,6:00,7349,789,2974,2209,26,183,1932,146,743,1050,0,671,0,0,-7,-3374,7,7349
2025/4/21,6:30,7455,792,2710,2101,25,165,1949,150,682,1841,0,684,0,0,-1,-3656,13,7455
2025/4/21,7:00,7422,788,2200,2025,25,151,1965,152,680,2559,243,707,1,0,-2,-3850,22,7422
2025/4/21,7:30,7630,788,1838,1893,24,147,2016,155,743,3048,317,723,1,0,-5,-3758,18,7630
2025/4/21,8:00,8119,790,2528,2071,24,150,2010,155,724,3162,1165,755,105,0,-6,-4260,16,8119
2025/4/21,8:30,8580,790,2650,2040,23,155,2039,155,743,3629,1224,739,98,0,3,-4400,14,8580
2025/4/21,9:00,8721,790,2660,1939,23,152,2058,156,752,4023,1491,653,74,0,-1,-4500,16,8721
2025/4/21,9:30,8819,790,2530,1789,23,157,2068,153,724,4412,1601,583,137,0,-1,-4428,19,8819
2025/4/21,10:00,8761,788,2468,1495,23,150,2080,157,705,4677,1670,562,138,0,-2,-4358,16,8761
2025/4/21,10:30,8829,795,2550,1422,23,146,2045,154,645,4859,1843,587,137,0,-2,-4410,15,8829
2025/4/21,11:00,8750,787,2680,1390,22,147,2043,151,629,4710,2116,715,146,0,1,-4536,11,8750
2025/4/21,11:30,8737,788,2764,1402,23,152,2031,151,595,4803,2163,773,150,0,-9,-4752,16,8737
2025/4/21,12:00,8305,792,2142,1398,23,154,2046,148,602,4762,2199,799,155,0,-41,-4532,12,8305
2025/4/21,12:30,8233,794,2136,1394,22,154,2073,152,626,4648,2174,791,163,0,-38,-4526,7,8233
2025/4/21,13:00,8570,786,2304,1404,23,156,2102,150,626,4731,1859,802,169,0,-1,-4528,15,8570
2025/4/21,13:30,8663,790,2302,1378,23,151,2162,157,713,4673,1529,836,161,0,-1,-4530,9,8663
2025/4/21,14:00,8612,789,2310,1398,22,150,2190,158,733,4512,1195,837,150,0,0,-4500,13,8612
2025/4/21,14:30,8599,792,2720,1404,23,148,2211,156,745,3981,1058,843,148,0,-1,-4432,9,8599
2025/4/21,15:00,8393,786,3008,1632,22,148,2204,158,750,3369,769,852,141,0,-3,-4546,13,8393
2025/4/21,15:30,8486,786,3290,1907,24,180,2181,154,744,2678,616,849,137,0,1,-4324,16,8486
2025/4/21,16:00,8457,794,3416,2191,24,190,2147,153,792,2242,0,870,0,0,-3,-4376,17,8457
2025/4/21,16:30,8405,790,3672,2499,25,191,2124,149,805,1440,0,890,0,0,-2,-4186,8,8405
2025/4/21,17:00,8251,788,3442,2852,26,190,2108,148,800,674,0,876,0,0,-1,-3670,18,8251
2025/4/21,17:30,8318,792,3594,3118,27,193,2082,144,760,236,0,847,0,0,-4,-3486,15,8318
2025/4/21,18:00,8536,790,3674,3333,28,195,2066,146,748,19,0,759,0,0,27,-3268,19,8536
2025/4/21,18:30,8615,788,3750,3346,30,195,2064,146,747,0,0,697,0,0,46,-3208,14,8615
2025/4/21,19:00,8538,790,3960,3360,29,193,2068,144,746,0,0,669,0,0,7,-3444,16,8538
2025/4/21,19:30,8362,790,3754,3362,29,196,2070,147,747,0,0,666,0,0,-1,-3410,12,8362
2025/4/21,20:00,8238,790,3634,3356,28,197,2068,145,750,0,0,616,0,0,1,-3364,17,8238
2025/4/21,20:30,8120,788,3754,3357,28,195,2066,146,748,0,0,519,0,0,0,-3494,13,8120
2025/4/21,21:00,7848,790,3596,3246,27,196,2067,146,743,0,0,500,0,0,-1,-3474,12,7848
2025/4/21,21:30,7715,790,3758,3136,26,198,2068,145,743,0,0,509,0,0,-2,-3662,6,7715
2025/4/21,22:00,7532,790,3670,3109,24,197,2061,146,747,0,0,520,0,0,-1,-3746,15,7532
2025/4/21,22:30,7316,786,3452,3075,23,194,2066,145,752,0,0,484,0,0,-1,-3674,14,7316
2025/4/21,23:00,7281,792,3268,3070,24,189,2058,147,752,0,0,441,0,0,-2,-3464,6,7281
2025/4/21,23:30,7030,788,2962,3064,23,188,2059,146,750,0,0,417,0,0,-1,-3370,4,7030
2025/4/22,0:00,6967,794,2634,2982,22,189,2064,146,753,0,0,435,0,0,-1,-3054,3,6967
2025/4/22,0:30,6836,786,2530,2951,21,189,2051,146,751,0,0,437,0,0,-1,-3028,3,6836
2025/4/22,1:00,6911,792,2458,2934,21,189,2048,146,753,0,0,428,0,0,-1,-2860,3,6911
2025/4/22,1:30,7007,792,2546,2972,22,192,2048,147,755,0,0,397,0,0,-1,-2866,3,7007
2025/4/22,2:00,7142,786,2788,2974,22,185,2048,145,758,0,0,308,0,0,-1,-2874,3,7142
2025/4/22,2:30,7268,786,2884,2989,23,190,2054,147,759,0,0,209,0,0,-2,-2774,3,7268
2025/4/22,3:00,7454,790,2950,3108,24,190,2051,144,764,0,0,193,0,0,-1,-2762,3,7454
2025/4/22,3:30,7583,788,3104,3105,25,189,2052,149,763,0,0,213,0,0,-2,-2806,3,7583
2025/4/22,4:00,7712,786,3106,3156,26,185,2047,147,762,0,0,188,0,0,0,-2694,3,7712
2025/4/22,4:30,7815,792,3154,3162,26,191,2051,145,765,1,0,153,0,0,0,-2628,3,7815
2025/4/22,5:00,7901,790,3272,2935,27,188,2059,147,770,129,0,138,0,0,-1,-2556,3,7901
2025/4/22,5:30,7875,790,3256,2570,26,191,2072,147,793,497,0,113,0,0,-2,-2582,4,7875
2025/4/22,6:00,7792,792,3258,2316,26,191,2085,151,790,1232,0,77,0,0,-1,-3132,7,7792
2025/4/22,6:30,7855,784,3160,1906,25,174,2115,150,787,2195,0,67,0,0,-6,-3518,16,7855
2025/4/22,7:00,7749,792,2474,1570,25,151,2154,156,765,3216,0,52,0,0,-3,-3624,21,7749
2025/4/22,7:30,7868,784,2144,1404,23,152,2215,161,821,3760,186,35,0,0,-5,-3644,18,7868
2025/4/22,8:00,8363,792,2682,1322,23,157,2215,158,828,4312,744,37,0,0,1,-4180,16,8363
2025/4/22,8:30,8626,790,2880,1319,24,157,2226,162,829,4380,1263,37,7,0,8,-4198,12,8626
2025/4/22,9:00,8825,788,2954,1445,23,157,2156,157,786,4807,1495,42,6,0,-11,-4496,17,8825
2025/4/22,9:30,8861,792,2776,1432,23,155,2140,160,786,5071,1601,51,8,0,-1,-4542,18,8861
2025/4/22,10:00,8825,786,2578,1375,22,152,2085,152,691,5065,2014,58,25,0,-1,-4156,18,8825
2025/4/22,10:30,8871,788,2614,1306,22,147,2083,151,662,5204,2070,66,28,0,-3,-4184,15,8871
2025/4/22,11:00,8913,786,2892,1281,23,147,2086,151,649,5281,2085,79,33,0,2,-4476,12,8913
2025/4/22,11:30,8783,784,2772,1291,23,146,2087,152,644,5017,2393,83,53,0,-7,-4224,15,8783
2025/4/22,12:00,8421,788,2298,1278,22,146,2090,150,646,4920,2371,96,68,0,-44,-3980,11,8421
2025/4/22,12:30,8342,786,2344,1291,22,145,2111,151,657,4755,2314,110,75,0,-38,-4000,8,8342
2025/4/22,13:00,8690,786,2660,1276,22,149,2155,151,677,4805,1916,122,77,0,-3,-4124,14,8690
2025/4/22,13:30,8781,788,3000,1359,22,147,2187,153,684,4418,1783,129,79,0,-3,-4112,9,8781
2025/4/22,14:00,8743,782,3306,1502,22,148,2208,153,717,3875,1578,138,92,0,0,-4120,12,8743
2025/4/22,14:30,8637,788,3196,1581,23,147,2233,155,756,3802,897,193,41,0,-3,-4244,10,8637
2025/4/22,15:00,8549,784,3302,1792,24,146,2268,155,902,3297,381,258,0,0,0,-4392,13,8549
2025/4/22,15:30,8605,788,3926,2204,24,179,2197,153,874,2143,293,305,0,0,-3,-4198,13,8605
2025/4/22,16:00,8628,788,3736,2567,25,182,2162,148,845,1391,0,304,0,0,-7,-3530,17,8628
2025/4/22,16:30,8452,784,3238,2993,26,186,2133,151,826,850,0,344,0,0,3,-3090,8,8452
2025/4/22,17:00,8436,788,3028,3167,27,188,2095,147,779,461,0,356,0,0,-2,-2616,18,8436
2025/4/22,17:30,8449,782,3196,3313,27,188,2088,145,745,165,0,374,0,0,1,-2590,15,8449
2025/4/22,18:00,8689,788,3424,3358,28,188,2074,145,736,10,0,379,0,0,38,-2498,19,8689
2025/4/22,18:30,8672,790,3286,3340,28,189,2083,142,741,0,0,506,0,0,24,-2474,17,8672
2025/4/22,19:00,8530,782,3164,3352,28,189,2065,146,741,0,0,542,0,0,-2,-2496,19,8530
2025/4/22,19:30,8435,786,3536,3229,27,185,2061,143,741,0,0,510,0,0,-1,-2794,12,8435
2025/4/22,20:00,8213,784,3278,3148,27,188,2052,145,742,0,0,467,0,0,-1,-2634,17,8213
2025/4/22,20:30,8131,788,3292,3111,27,190,2055,144,739,0,0,482,0,0,-1,-2708,12,8131
2025/4/22,21:00,7848,786,3310,3110,26,187,2041,145,745,0,0,467,0,0,-1,-2980,12,7848
2025/4/22,21:30,7640,786,3178,3119,25,189,2041,142,750,0,0,507,0,0,-1,-3102,6,7640
2025/4/22,22:00,7452,788,2874,3075,24,184,2034,146,753,0,0,581,0,0,-2,-3020,15,7452
2025/4/22,22:30,7334,784,2864,3093,23,186,2033,145,754,0,0,556,0,0,-1,-3116,13,7334
2025/4/22,23:00,7218,788,2660,3113,23,185,2032,144,757,0,0,561,0,0,-1,-3050,6,7218
2025/4/22,23:30,7077,788,2674,3103,22,188,2029,146,759,0,0,599,0,0,-1,-3234,4,7077
2025/4/23,0:00,6878,792,2220,3049,21,187,2027,143,760,0,0,555,0,0,-1,-2878,3,6878
2025/4/23,0:30,6815,782,2308,3086,21,184,2027,147,758,0,0,506,0,0,-1,-3006,3,6815
2025/4/23,1:00,6864,794,2342,3110,21,186,2027,144,760,0,0,468,0,0,-1,-2990,3,6864
2025/4/23,1:30,6866,786,2304,3099,21,187,2027,146,760,0,0,438,0,0,-1,-2904,3,6866
2025/4/23,2:00,7017,788,2338,3094,21,182,2057,144,761,0,0,444,0,0,-1,-2814,3,7017
2025/4/23,2:30,7149,790,2294,3155,22,184,2064,146,761,0,0,448,0,0,0,-2718,3,7149
2025/4/23,3:00,7323,790,2532,3180,23,186,2061,145,757,0,0,475,0,0,-1,-2828,3,7323
2025/4/23,3:30,7375,790,2566,3155,23,187,2065,145,762,0,0,426,0,0,-11,-2736,3,7375
2025/4/23,4:00,7502,786,2696,3189,24,183,2056,146,757,0,0,376,0,0,-8,-2706,3,7502
2025/4/23,4:30,7556,792,2722,3171,25,185,2058,144,759,0,0,334,0,0,-1,-2636,3,7556
2025/4/23,5:00,7666,786,2896,3197,25,188,2058,145,750,22,0,289,0,0,-1,-2692,3,7666
2025/4/23,5:30,7618,790,2770,3212,25,189,2056,143,748,58,0,263,0,0,-11,-2628,3,7618
2025/4/23,6:00,7777,790,2646,3206,25,187,2062,146,751,136,0,259,0,0,-2,-2436,7,7777
2025/4/23,6:30,7838,788,2526,3153,26,192,2055,144,757,211,0,293,0,0,-5,-2318,16,7838
2025/4/23,7:00,8032,790,2670,3138,26,194,2070,146,769,300,0,314,0,0,0,-2406,21,8032
2025/4/23,7:30,8217,786,2534,3171,27,194,2085,147,788,432,0,386,0,0,-6,-2346,19,8217
2025/4/23,8:00,8578,790,2758,3066,28,206,2110,147,830,735,0,392,0,0,3,-2502,15,8578
2025/4/23,8:30,9159,790,3476,3073,29,327,2127,151,845,1125,0,295,0,0,-1,-3092,14,9159
2025/4/23,9:00,9187,786,3772,3109,29,335,2163,152,895,1504,0,215,0,0,1,-3790,16,9187
2025/4/23,9:30,9355,790,3942,3111,29,258,2160,154,896,1734,0,206,0,0,-2,-3942,19,9355
2025/4/23,10:00,9162,788,3620,3098,28,247,2131,153,921,1874,0,187,0,0,-3,-3898,16,9162
2025/4/23,10:30,9145,794,3472,2971,27,244,2136,154,922,1989,0,172,0,0,-4,-3748,16,9145
2025/4/23,11:00,9236,796,3864,2884,27,271,2141,152,927,2061,0,153,0,0,-2,-4050,12,9236
2025/4/23,11:30,9028,790,3348,2850,28,252,2142,157,944,2241,0,124,0,0,-4,-3860,16,9028
2025/4/23,12:00,8673,786,3084,2700,27,250,2151,155,960,2325,0,108,0,0,-42,-3842,11,8673
2025/4/23,12:30,8611,790,3008,2779,26,247,2153,157,959,2336,0,102,0,0,-40,-3914,8,8611
2025/4/23,13:00,8930,790,3210,2671,27,250,2145,156,963,2332,0,97,0,0,2,-3728,15,8930
2025/4/23,13:30,8989,790,3418,2846,27,257,2155,156,968,2034,0,90,0,0,-2,-3758,8,8989
2025/4/23,14:00,9010,790,3702,2894,26,256,2154,153,915,1764,0,91,0,0,-5,-3742,12,9010
2025/4/23,14:30,8924,786,3710,2888,27,253,2165,151,890,1620,0,88,0,0,-4,-3658,8,8924
2025/4/23,15:00,8801,790,3292,2906,26,255,2155,149,874,1380,0,93,0,0,2,-3136,15,8801
2025/4/23,15:30,8899,788,3702,3038,26,258,2150,150,845,1011,0,97,0,0,-4,-3176,14,8899
2025/4/23,16:00,8885,792,3644,3102,26,256,2135,147,823,700,0,93,0,0,-3,-2846,16,8885
2025/4/23,16:30,8784,788,3776,3235,27,255,2122,147,785,440,0,96,0,0,-1,-2894,8,8784
2025/4/23,17:00,8650,790,3804,3339,27,259,2110,144,763,231,0,97,0,0,-2,-2930,18,8650
2025/4/23,17:30,8682,790,3948,3434,28,257,2107,145,749,95,0,93,0,0,1,-2980,15,8682
2025/4/23,18:00,8769,790,3690,3439,29,253,2106,144,746,9,0,97,0,138,-1,-2690,19,8769
2025/4/23,18:30,8785,788,3774,3393,29,255,2097,144,748,0,0,108,0,142,-1,-2708,16,8785
2025/4/23,19:00,8595,786,3732,3362,28,257,2087,145,749,0,0,111,0,0,-2,-2676,16,8595
2025/4/23,19:30,8513,796,3796,3370,28,254,2080,142,752,0,0,136,0,0,-1,-2852,12,8513
2025/4/23,20:00,8326,786,3834,3439,27,215,2080,146,748,0,0,165,0,0,-1,-3130,17,8326
2025/4/23,20:30,8072,794,3490,3313,27,200,2086,143,748,0,0,178,0,0,2,-2922,13,8072
2025/4/23,21:00,7910,788,3540,3245,26,205,2075,145,745,0,0,189,0,0,36,-3096,12,7910
2025/4/23,21:30,7652,790,3348,3188,24,203,2074,142,747,0,0,207,0,0,23,-3100,6,7652
2025/4/23,22:00,7599,788,3530,3138,23,200,2073,146,747,0,0,214,0,0,-1,-3276,17,7599
2025/4/23,22:30,7374,788,3240,3092,23,197,2062,145,747,0,0,266,0,0,-1,-3198,13,7374
2025/4/23,23:00,7284,790,2986,3084,23,201,2056,144,745,0,0,283,0,0,-2,-3032,6,7284
2025/4/23,23:30,7100,790,2690,3048,22,204,2051,146,745,0,0,360,0,0,-2,-2958,4,7100
2025/4/24,0:00,6960,790,2216,2991,22,202,2047,143,745,0,0,382,0,0,-1,-2580,3,6960
2025/4/24,0:30,6856,790,2238,3022,21,201,2045,146,741,0,0,405,0,0,-2,-2754,3,6856
2025/4/24,1:00,6906,788,2316,3047,21,206,2047,143,739,0,0,445,0,0,-1,-2848,3,6906
2025/4/24,1:30,6883,790,2124,3043,21,204,2068,144,736,0,0,469,0,0,-1,-2718,3,6883
2025/4/24,2:00,7056,790,2140,3056,21,204,2065,145,735,0,0,502,0,0,-1,-2604,3,7056
2025/4/24,2:30,7157,788,2184,3018,22,204,2066,144,729,0,0,532,0,0,-1,-2532,3,7157
2025/4/24,3:00,7311,790,2108,3045,23,206,2060,145,729,0,0,623,0,0,-1,-2420,3,7311
2025/4/24,3:30,7416,788,2328,3002,23,202,2059,143,727,0,0,644,0,0,-1,-2502,3,7416
2025/4/24,4:00,7462,786,2264,3008,24,205,2060,146,727,0,0,621,0,0,-2,-2380,3,7462
2025/4/24,4:30,7567,790,2414,3024,24,204,2058,143,723,0,0,609,0,0,-1,-2424,3,7567
2025/4/24,5:00,7564,792,2440,3060,25,202,2055,146,724,61,0,574,0,0,-2,-2516,3,7564
2025/4/24,5:30,7495,786,2290,3018,25,204,2067,145,740,217,0,547,0,0,-1,-2546,3,7495
2025/4/24,6:00,7511,790,2378,2842,24,204,2079,144,762,467,0,534,0,0,-2,-2718,7,7511
2025/4/24,6:30,7600,788,2200,2787,25,203,2098,149,791,846,0,479,0,0,0,-2782,16,7600
2025/4/24,7:00,7664,788,2364,2621,25,204,2130,145,836,1411,0,466,0,0,-4,-3344,22,7664
2025/4/24,7:30,7881,786,2146,2378,25,205,2163,147,893,2173,0,439,0,0,-2,-3490,18,7881
2025/4/24,8:00,8338,792,2776,2107,26,206,2168,146,901,2884,0,403,0,0,1,-4088,16,8338
2025/4/24,8:30,8711,790,2448,1911,27,200,2189,147,920,3523,0,409,0,188,-1,-4054,14,8711
2025/4/24,9:00,8914,786,2374,1570,27,180,2221,149,963,4017,0,403,0,208,-5,-3996,17,8914
2025/4/24,9:30,9027,792,3108,1426,26,155,2223,150,964,3690,627,347,36,0,-7,-3866,19,9027
2025/4/24,10:00,8906,784,3146,1454,25,151,2226,151,947,3713,711,370,49,0,-3,-4074,16,8906
2025/4/24,10:30,8964,792,3020,1420,26,151,2259,149,925,3877,696,411,59,0,1,-4082,15,8964
2025/4/24,11:00,8965,788,3058,1386,26,150,2265,153,807,3940,716,428,78,0,-4,-4044,12,8965
2025/4/24,11:30,8888,790,3240,1290,27,150,2244,150,738,3906,720,421,72,0,-3,-4080,15,8888
2025/4/24,12:00,8512,786,3316,1303,26,150,2243,150,721,3636,911,364,106,-208,-41,-3946,12,8512
2025/4/24,12:30,8424,788,3258,1398,25,155,2254,149,721,3490,889,329,99,-220,-38,-3892,7,8424
2025/4/24,13:00,8769,790,3140,1461,26,151,2252,151,717,3589,616,339,99,0,-4,-3858,15,8769
2025/4/24,13:30,8859,788,3194,1449,27,151,2250,149,763,3561,569,258,111,0,-6,-3734,9,8859
2025/4/24,14:00,8853,788,3038,1510,25,148,2290,155,906,3802,150,255,48,0,1,-4078,13,8853
2025/4/24,14:30,8766,790,2888,1609,26,151,2288,153,983,3699,0,321,0,0,1,-4152,9,8766
2025/4/24,15:00,8667,788,3136,1701,26,154,2276,153,966,3258,0,334,0,0,-6,-4132,13,8667
2025/4/24,15:30,8716,792,3544,2051,27,183,2241,149,929,2563,0,327,0,0,9,-4112,13,8716
2025/4/24,16:00,8727,790,3942,2274,27,188,2194,149,880,1847,0,307,0,0,-2,-3886,17,8727
2025/4/24,16:30,8542,788,3748,2686,28,184,2155,146,827,1156,0,365,0,0,1,-3550,8,8542
2025/4/24,17:00,8504,786,3602,3016,28,187,2126,150,788,502,0,397,0,0,-4,-3092,18,8504
2025/4/24,17:30,8414,786,3308,3265,28,188,2102,147,750,164,0,362,0,0,12,-2714,16,8414
2025/4/24,18:00,8668,794,3520,3385,29,182,2095,146,741,23,0,320,0,138,0,-2724,19,8668
2025/4/24,18:30,8616,788,3272,3378,29,186,2090,146,737,0,0,311,0,140,-1,-2476,16,8616
2025/4/24,19:00,8525,786,3322,3439,29,183,2095,149,738,0,0,323,0,0,-1,-2554,16,8525
2025/4/24,19:30,8371,790,3312,3443,28,179,2091,148,739,0,0,310,0,0,-1,-2680,12,8371
2025/4/24,20:00,8160,790,3236,3446,28,175,2078,145,740,0,0,283,0,0,-2,-2776,17,8160
2025/4/24,20:30,8067,792,3420,3318,27,172,2086,148,742,0,0,266,0,0,-2,-2916,14,8067
2025/4/24,21:00,7797,784,3408,3247,26,172,2074,146,742,0,0,277,0,0,-1,-3090,12,7797
2025/4/24,21:30,7589,790,3326,3200,25,167,2079,149,742,0,0,252,0,0,-1,-3146,6,7589
2025/4/24,22:00,7445,788,3088,3188,24,172,2079,146,742,0,0,258,0,0,27,-3082,15,7445
2025/4/24,22:30,7249,788,2990,3170,22,172,2075,149,741,0,0,240,0,0,35,-3146,13,7249
2025/4/24,23:00,7181,794,2922,3186,23,170,2078,147,742,0,0,280,0,0,-1,-3166,6,7181
2025/4/24,23:30,6971,786,2674,3162,22,169,2078,148,743,0,0,286,0,0,-1,-3100,4,6971
2025/4/25,0:00,6814,792,2280,3129,22,171,2077,149,744,0,0,283,0,0,-2,-2834,3,6814
2025/4/25,0:30,6691,790,2194,3187,20,169,2077,145,744,0,0,277,0,0,-1,-2914,3,6691
2025/4/25,1:00,6747,786,2142,3177,20,174,2080,150,746,0,0,232,0,0,-1,-2762,3,6747
2025/4/25,1:30,6762,788,2062,3181,20,174,2073,147,743,0,0,210,0,0,-1,-2638,3,6762
2025/4/25,2:00,6940,790,2070,3184,22,172,2078,148,746,0,0,239,0,0,-1,-2512,4,6940
2025/4/25,2:30,7036,790,2074,3178,22,171,2071,147,746,0,0,239,0,0,-1,-2404,3,7036
2025/4/25,3:00,7189,790,2226,3173,23,174,2074,148,744,0,0,211,0,0,-2,-2376,4,7189
2025/4/25,3:30,7247,786,2298,3146,24,174,2078,149,746,0,0,186,0,0,-1,-2342,3,7247
2025/4/25,4:00,7361,790,2596,2994,24,175,2082,147,743,0,0,139,0,0,-2,-2330,3,7361
2025/4/25,4:30,7388,792,2644,2965,25,172,2084,148,742,0,0,120,0,0,-1,-2306,3,7388
2025/4/25,5:00,7471,786,2734,2986,25,172,2086,148,741,42,0,103,0,0,-2,-2354,4,7471
2025/4/25,5:30,7410,790,2670,2747,26,170,2090,149,744,165,0,114,0,0,-1,-2258,4,7410
2025/4/25,6:00,7449,790,2762,2589,25,171,2097,149,757,351,0,145,0,0,-1,-2392,6,7449
2025/4/25,6:30,7641,792,2864,2598,25,170,2112,150,776,590,0,143,0,0,-1,-2596,18,7641
2025/4/25,7:00,7682,786,2924,2556,25,171,2122,152,794,863,0,111,0,0,-4,-2840,22,7682
2025/4/25,7:30,7923,788,2974,2455,26,173,2143,151,822,1186,0,128,0,0,-5,-2936,18,7923
2025/4/25,8:00,8333,790,3436,2474,27,169,2164,155,850,1542,0,176,0,0,1,-3466,15,8333
2025/4/25,8:30,8682,788,3448,2511,27,169,2188,154,868,1836,0,234,0,0,-1,-3554,14,8682
2025/4/25,9:00,8901,786,3002,2529,26,154,2196,158,845,2303,0,365,0,0,-4,-3476,17,8901
2025/4/25,9:30,8934,792,2898,2505,24,131,2222,157,773,2578,0,506,0,0,-1,-3670,19,8934
2025/4/25,10:00,8842,782,2572,2538,25,133,2218,160,734,2909,0,630,0,0,-4,-3872,17,8842
2025/4/25,10:30,8713,790,1678,2412,25,130,2230,162,748,3355,0,670,0,0,-15,-3488,16,8713
2025/4/25,11:00,8843,786,1698,2115,24,126,2244,164,764,3446,0,706,0,0,1,-3244,13,8843
2025/4/25,11:30,8741,788,1698,1941,24,129,2258,163,782,3400,0,743,0,0,-1,-3200,16,8741
2025/4/25,12:00,8279,784,1550,1760,24,129,2284,164,822,3649,0,892,0,-210,-50,-3534,15,8279
2025/4/25,12:30,8451,790,1916,1881,22,128,2291,165,830,3696,0,1116,0,-220,-36,-4136,8,8451
2025/4/25,13:00,8656,786,2108,1991,22,130,2265,163,789,3476,0,1304,0,0,2,-4396,16,8656
2025/4/25,13:30,8785,788,2652,2024,23,124,2250,162,756,2948,0,1322,0,0,24,-4302,14,8785
2025/4/25,14:00,8713,790,2086,2061,23,126,2221,158,719,2775,0,1425,0,0,-4,-3680,13,8713
2025/4/25,14:30,8598,788,1950,2173,24,127,2216,160,701,2335,0,1478,0,0,-27,-3342,15,8598
2025/4/25,15:00,8493,788,2352,2400,24,131,2198,156,710,1798,0,1516,0,0,-3,-3590,13,8493
2025/4/25,15:30,8543,786,2540,2571,24,161,2203,155,792,1511,0,1503,0,0,-13,-3704,14,8543
2025/4/25,16:00,8468,786,2680,2693,26,166,2208,156,836,1166,0,1384,0,0,6,-3656,17,8468
2025/4/25,16:30,8515,788,3040,2948,26,168,2204,153,829,859,0,1235,0,0,-2,-3748,15,8515
2025/4/25,17:00,8293,788,2844,3084,27,172,2184,153,799,531,0,1188,0,136,2,-3636,21,8293
2025/4/25,17:30,8383,786,3290,3255,28,169,2161,150,759,230,0,1100,0,142,35,-3738,16,8383
2025/4/25,18:00,8478,786,3290,3444,28,164,2145,148,733,31,0,1110,0,144,30,-3594,19,8478
2025/4/25,18:30,8571,790,3398,3448,30,168,2139,149,724,0,0,1083,0,142,-1,-3516,17,8571
2025/4/25,19:00,8455,792,3416,3363,29,167,2130,147,730,0,0,1013,0,142,-2,-3492,20,8455
2025/4/25,19:30,8301,788,3324,3272,29,167,2132,149,733,0,0,982,0,142,-1,-3428,12,8301
2025/4/25,20:00,8153,784,3182,3203,28,170,2125,149,737,0,0,918,0,142,-1,-3302,18,8153
2025/4/25,20:30,8001,792,3224,3124,28,165,2131,146,738,0,0,791,0,142,-1,-3292,13,8001
2025/4/25,21:00,7756,786,3450,3039,27,166,2120,151,737,0,0,762,0,0,-2,-3496,16,7756
2025/4/25,21:30,7535,792,3402,2971,26,165,2125,148,731,0,0,757,0,0,-1,-3588,7,7535
2025/4/25,22:00,7352,786,3172,2884,25,169,2120,149,732,0,0,737,0,0,-1,-3436,15,7352
2025/4/25,22:30,7193,788,2946,2888,24,169,2121,150,729,0,0,823,0,0,-2,-3456,13,7193
2025/4/25,23:00,7133,788,2962,2663,24,168,2123,149,729,0,0,886,0,0,-1,-3364,6,7133
2025/4/25,23:30,6904,788,2778,2534,23,169,2126,149,732,0,0,911,0,0,-2,-3308,4,6904
2025/4/26,0:00,6744,786,2464,2512,22,166,2115,148,735,0,0,885,0,0,4,-3096,3,6744
2025/4/26,0:30,6683,790,2434,2585,22,164,2115,150,733,0,0,879,0,0,0,-3192,3,6683
2025/4/26,1:00,6646,790,2464,2625,21,166,2119,150,737,0,0,858,0,0,-1,-3286,3,6646
2025/4/26,1:30,6712,784,2252,2787,22,166,2116,148,737,0,0,843,0,0,-1,-3146,4,6712
2025/4/26,2:00,6818,790,2384,2751,22,164,2116,150,738,0,0,875,0,0,-1,-3174,3,6818
2025/4/26,2:30,6987,790,2478,2766,23,168,2110,148,739,0,0,911,0,0,2,-3152,4,6987
2025/4/26,3:00,7092,784,2468,2762,24,165,2116,151,746,0,0,972,0,0,0,-3100,4,7092
2025/4/26,3:30,7224,788,2476,2710,25,168,2113,151,748,0,0,1112,0,0,-1,-3070,4,7224
2025/4/26,4:00,7307,788,2562,2567,25,164,2114,150,753,0,0,1195,0,0,-1,-3014,4,7307
2025/4/26,4:30,7381,792,2736,2583,26,167,2114,151,750,5,0,1174,0,0,-1,-3120,4,7381
2025/4/26,5:00,7365,786,3048,2516,26,166,2115,150,752,126,0,1131,0,0,-1,-3454,4,7365
2025/4/26,5:30,7186,786,2742,2316,26,170,2139,151,768,447,0,1083,0,0,-2,-3444,4,7186
2025/4/26,6:00,7107,790,2430,1933,25,163,2144,154,738,1097,0,1117,0,0,-3,-3490,9,7107
2025/4/26,6:30,6983,786,1550,1630,24,148,2165,153,682,2029,0,1175,0,0,-4,-3366,11,6983
2025/4/26,7:00,6945,790,1294,1260,23,125,2201,158,675,2776,240,1013,138,0,-7,-3382,19,6945
2025/4/26,7:30,7041,786,1024,1192,24,119,2225,158,703,3331,310,1004,138,0,-24,-3522,21,7041
2025/4/26,8:00,7157,788,1056,1146,24,120,2223,157,695,3525,1385,972,279,0,-16,-3550,17,7157
2025/4/26,8:30,7324,790,1070,1147,23,121,2198,157,664,3750,1821,802,446,0,30,-3442,14,7324
2025/4/26,9:00,7432,786,1132,1175,23,120,2193,155,665,3601,2570,759,573,0,2,-3196,17,7432
2025/4/26,9:30,7374,794,1450,1170,22,122,2194,156,649,3422,2973,627,742,0,-5,-3246,19,7374
2025/4/26,10:00,7310,786,1318,1164,21,120,2174,156,616,3601,3105,645,728,0,2,-3316,23,7310
2025/4/26,10:30,7315,788,1268,1180,20,118,2185,153,621,3574,3150,697,749,0,-3,-3302,16,7315
2025/4/26,11:00,7315,788,1472,1177,20,120,2141,153,558,3582,3331,647,852,0,-2,-3356,15,7315
2025/4/26,11:30,7303,790,1520,1176,21,121,2140,150,541,3485,3319,696,873,0,0,-3354,17,7303
2025/4/26,12:00,7227,790,1554,1185,21,123,2141,152,547,3310,3263,703,911,0,-5,-3312,18,7227
2025/4/26,12:30,7092,788,1656,1170,21,123,2146,152,557,3079,3174,699,920,0,2,-3318,17,7092
2025/4/26,13:00,7143,790,1898,1324,21,122,2160,149,566,2646,2998,695,936,0,2,-3246,16,7143
2025/4/26,13:30,7191,786,2172,1495,22,121,2153,153,563,2353,2718,716,957,0,-10,-3346,13,7191
2025/4/26,14:00,7096,792,2028,1425,21,123,2165,152,575,2331,1935,915,756,0,-3,-3444,16,7096
2025/4/26,14:30,7071,790,1726,1381,22,123,2178,155,602,2367,1356,1063,514,0,6,-3360,18,7071
2025/4/26,15:00,7087,790,2198,1508,22,124,2168,155,590,2158,986,1107,422,0,-10,-3740,17,7087
2025/4/26,15:30,7052,788,2256,1591,23,125,2184,152,661,1821,596,1290,302,0,-4,-3854,19,7052
2025/4/26,16:00,7058,790,2208,1860,24,152,2175,155,739,1626,0,1403,0,0,-27,-4064,17,7058
2025/4/26,16:30,7149,790,2544,2064,25,162,2173,152,776,1162,0,1323,0,0,-38,-3996,12,7149
2025/4/26,17:00,7259,792,2984,2206,26,165,2152,153,769,607,0,1387,0,0,-16,-3984,18,7259
2025/4/26,17:30,7403,784,3140,2466,27,162,2133,150,747,235,0,1483,0,0,-6,-3934,16,7403
2025/4/26,18:00,7635,792,3368,2698,28,165,2146,149,744,38,0,1502,0,0,6,-4020,19,7635
2025/4/26,18:30,7806,792,3498,2877,29,167,2143,151,750,0,0,1384,0,0,37,-4038,16,7806
2025/4/26,19:00,7711,786,3540,2869,29,166,2140,150,751,0,0,1366,0,0,24,-4126,16,7711
2025/4/26,19:30,7601,794,3562,2874,29,167,2140,148,749,0,0,1300,0,0,-1,-4172,11,7601
2025/4/26,20:00,7481,784,3366,2872,28,165,2141,150,751,0,0,1307,0,0,-2,-4096,15,7481
2025/4/26,20:30,7358,790,3216,2856,28,165,2138,149,750,0,0,1298,0,0,-1,-4044,13,7358
2025/4/26,21:00,7191,790,3010,2810,26,167,2138,150,749,0,0,1408,0,0,-1,-4068,12,7191
2025/4/26,21:30,6964,792,2826,2629,26,164,2131,151,746,0,0,1507,0,0,-1,-4014,7,6964
2025/4/26,22:00,6890,786,2400,2538,24,163,2136,147,747,0,0,1499,0,0,-1,-3564,15,6890
2025/4/26,22:30,6742,792,2198,2534,23,161,2135,152,749,0,0,1493,0,0,-2,-3506,13,6742
2025/4/26,23:00,6692,786,2290,2479,24,165,2136,148,750,0,0,1471,0,0,-1,-3562,6,6692
2025/4/26,23:30,6475,790,2200,2279,23,164,2128,150,748,0,0,1560,0,0,-2,-3570,5,6475
2025/4/27,0:00,6352,788,1852,2218,22,165,2133,150,745,0,0,1650,0,0,-1,-3374,4,6352
2025/4/27,0:30,6299,790,1850,2224,21,165,2140,149,747,0,0,1671,0,0,0,-3462,4,6299
2025/4/27,1:00,6310,792,1968,2252,21,167,2139,150,750,0,0,1693,0,0,-1,-3624,3,6310
2025/4/27,1:30,6409,792,2060,2325,21,167,2140,152,750,0,0,1738,0,0,-2,-3738,4,6409
2025/4/27,2:00,6505,784,2146,2379,22,163,2138,148,752,0,0,1670,0,0,-1,-3700,4,6505
2025/4/27,2:30,6630,794,2168,2386,23,168,2136,151,750,0,0,1729,0,0,-1,-3678,4,6630
2025/4/27,3:00,6804,788,2326,2317,23,167,2134,148,745,0,0,1787,0,0,-1,-3634,4,6804
2025/4/27,3:30,6854,790,2406,2262,24,163,2135,151,742,0,0,1818,0,0,-11,-3630,4,6854
2025/4/27,4:00,6978,786,2470,2113,24,165,2131,150,745,0,0,1816,0,0,-2,-3424,4,6978
2025/4/27,4:30,6995,790,2518,2046,25,166,2136,148,745,7,0,1821,0,0,-2,-3408,3,6995
2025/4/27,5:00,6909,790,2500,1847,25,166,2133,151,748,171,0,1808,0,0,-10,-3424,4,6909
2025/4/27,5:30,6900,788,2462,1710,25,165,2149,150,764,507,0,1774,0,0,-10,-3588,4,6900
2025/4/27,6:00,6674,794,2150,1539,24,148,2146,152,747,1171,0,1236,547,0,-2,-3440,9,6674
2025/4/27,6:30,6530,786,1796,1439,23,122,2161,155,670,2053,0,1084,543,0,-2,-3768,11,6530
2025/4/27,7:00,6478,790,1288,1309,23,123,2169,154,648,2655,361,883,677,0,-3,-3582,21,6478
2025/4/27,7:30,6448,792,1110,1238,22,122,2263,162,791,2767,838,733,583,0,-2,-3568,18,6448
2025/4/27,8:00,6518,790,1302,1174,22,119,2338,169,905,2545,2078,674,745,0,-2,-3534,16,6518
2025/4/27,8:30,6686,790,1150,1165,21,122,2233,159,732,3342,1973,666,707,0,-2,-3706,14,6686
2025/4/27,9:00,6756,786,1182,1193,21,118,2213,159,702,3266,2581,601,687,0,-5,-3496,16,6756
2025/4/27,9:30,6737,794,1060,1187,20,122,2199,154,670,3491,3058,599,827,0,0,-3578,19,6737
2025/4/27,10:00,6757,790,948,1162,20,121,2186,156,648,3667,3243,600,873,-2,-5,-3550,16,6757
2025/4/27,10:30,6762,788,1318,1222,20,120,2159,153,614,3507,3647,392,1050,-208,-1,-3338,16,6762
2025/4/27,11:00,6728,790,1510,1318,20,123,2143,154,605,3498,3697,350,1084,-222,-9,-3564,12,6728
2025/4/27,11:30,6764,788,1494,1334,20,123,2152,151,610,3488,3700,349,1084,-222,3,-3542,16,6764
2025/4/27,12:00,6792,792,1696,1357,20,122,2153,154,610,3417,3668,364,1041,-426,-5,-3474,12,6792
2025/4/27,12:30,6673,786,1720,1346,20,123,2168,157,633,3237,3589,391,1031,-436,-4,-3476,8,6673
2025/4/27,13:00,6623,794,1816,1352,20,123,2183,155,663,2633,3751,594,804,-222,-39,-3464,15,6623
2025/4/27,13:30,6590,790,1424,1309,20,120,2187,157,651,2991,2792,746,670,-222,-39,-3556,12,6590
2025/4/27,14:00,6555,792,1566,1350,22,120,2213,154,657,2664,2504,706,656,-220,0,-3482,13,6555
2025/4/27,14:30,6568,788,1762,1427,22,121,2211,156,642,2106,2082,668,583,0,32,-3386,19,6568
2025/4/27,15:00,6537,790,2026,1568,23,122,2222,154,640,2179,1104,634,504,0,0,-3834,13,6537
2025/4/27,15:30,6645,792,2544,1807,23,122,2204,155,658,1671,803,531,476,0,24,-3900,14,6645
2025/4/27,16:00,6543,790,2514,2066,24,157,2221,152,716,1438,161,487,324,0,-2,-4036,16,6543
2025/4/27,16:30,6756,790,2894,2244,25,165,2236,150,769,987,0,854,0,0,-22,-4350,14,6756
2025/4/27,17:00,6924,790,2792,2616,27,166,2220,151,776,499,0,875,0,0,-46,-3962,20,6924
2025/4/27,17:30,7079,792,2748,2714,27,167,2206,149,759,205,0,992,0,0,-14,-3682,16,7079
2025/4/27,18:00,7340,786,2762,2873,28,165,2196,150,750,25,0,918,0,0,-4,-3328,19,7340
2025/4/27,18:30,7383,792,2982,2872,28,171,2195,150,753,0,0,824,0,0,2,-3402,16,7383
2025/4/27,19:00,7353,790,3112,2900,28,167,2196,148,757,0,0,873,0,0,36,-3670,16,7353
2025/4/27,19:30,7274,794,3154,2913,28,167,2194,150,757,0,0,901,0,0,26,-3822,12,7274
2025/4/27,20:00,7114,788,3210,2936,27,166,2192,147,759,0,0,840,0,0,-2,-3964,15,7114
2025/4/27,20:30,7047,792,3196,2922,27,163,2201,151,763,0,0,752,0,0,-1,-3936,17,7047
2025/4/27,21:00,6829,786,2996,2924,25,162,2195,146,761,0,0,695,0,0,-1,-3874,14,6829
2025/4/27,21:30,6628,792,2778,2971,25,165,2197,151,766,0,0,634,0,0,-1,-3856,6,6628
2025/4/27,22:00,6471,792,2430,2997,24,166,2182,151,766,0,0,584,0,0,-1,-3634,14,6471
2025/4/27,22:30,6275,788,2266,2997,23,165,2187,149,763,0,0,504,0,0,-1,-3578,12,6275
2025/4/27,23:00,6284,792,2330,2924,23,163,2183,150,761,0,0,501,0,0,-1,-3548,6,6284
2025/4/27,23:30,6148,788,2236,2878,22,165,2182,149,763,0,0,498,0,0,-1,-3536,4,6148
2025/4/28,0:00,6020,790,2324,2892,21,164,2169,151,772,0,0,487,0,0,-1,-3752,3,6020
2025/4/28,0:30,5920,788,2300,2891,21,163,2163,149,766,0,0,449,0,0,-1,-3772,3,5920
2025/4/28,1:00,6012,794,2344,2902,20,167,2159,149,765,0,0,388,0,0,-1,-3678,3,6012
2025/4/28,1:30,6078,788,2376,2908,21,164,2158,150,761,0,0,374,0,0,-1,-3624,3,6078
2025/4/28,2:00,6255,788,2468,2876,21,165,2160,147,762,0,0,317,0,0,-1,-3452,4,6255
2025/4/28,2:30,6370,790,2444,2865,22,161,2162,150,761,0,0,299,0,0,-2,-3286,4,6370
2025/4/28,3:00,6555,792,2494,2878,23,164,2150,149,760,0,0,260,0,0,-1,-3118,4,6555
2025/4/28,3:30,6584,790,2448,2873,24,164,2150,149,763,0,0,226,0,0,-2,-3004,3,6584
2025/4/28,4:00,6802,786,2564,2892,24,160,2149,151,756,0,0,179,0,0,-1,-2862,4,6802
2025/4/28,4:30,6776,790,2348,2950,25,164,2155,148,759,3,0,170,0,0,-1,-2738,3,6776
2025/4/28,5:00,6846,790,2370,2961,25,163,2149,148,757,72,0,200,0,0,-1,-2792,4,6846
2025/4/28,5:30,6944,792,2318,2964,26,162,2151,150,767,233,0,198,0,0,-1,-2820,4,6944
2025/4/28,6:00,6916,790,2314,2933,25,162,2175,151,783,492,0,214,0,0,-1,-3128,6,6916
2025/4/28,6:30,7013,790,2224,2866,25,162,2188,153,803,845,0,259,0,0,0,-3314,12,7013
2025/4/28,7:00,6998,788,1994,2665,24,162,2204,152,831,1248,0,264,0,0,-1,-3354,21,6998
2025/4/28,7:30,7263,786,2148,2457,24,162,2224,154,860,1672,0,282,0,0,-3,-3522,19,7263
2025/4/28,8:00,7667,788,2846,2558,25,163,2236,155,874,2052,0,279,0,0,-2,-4322,15,7667
2025/4/28,8:30,7926,790,2600,2411,25,162,2252,158,901,2585,0,289,0,0,-1,-4260,14,7926
2025/4/28,9:00,8093,788,2430,2214,25,164,2287,159,947,3180,0,310,0,0,-2,-4424,15,8093
2025/4/28,9:30,8152,788,1998,1943,25,160,2320,161,982,3885,0,349,0,-2,-16,-4460,19,8152
2025/4/28,10:00,8119,788,2086,1657,26,160,2323,162,992,4059,0,380,0,-210,2,-4322,16,8119
2025/4/28,10:30,8179,786,1882,1576,26,160,2341,161,1009,4257,0,402,0,-222,0,-4214,15,8179
2025/4/28,11:00,8137,788,1952,1500,26,158,2346,164,1017,4258,0,406,0,-222,-12,-4256,12,8137
2025/4/28,11:30,8122,788,1862,1244,25,160,2364,162,1027,4436,0,416,0,-220,18,-4176,16,8122
2025/4/28,12:00,7814,790,1626,1227,25,159,2359,164,1017,4580,0,452,0,-222,-49,-4326,12,7814
2025/4/28,12:30,7767,790,1514,1296,25,159,2359,161,1020,4598,0,476,0,-220,-34,-4384,7,7767
2025/4/28,13:00,8112,786,2000,1396,26,162,2373,164,1024,4043,0,502,0,-222,37,-4194,15,8112
2025/4/28,13:30,8046,792,2554,1605,26,161,2346,160,994,3102,0,512,0,-218,45,-4042,9,8046
2025/4/28,14:00,8050,788,2996,1940,27,165,2313,159,936,2575,0,472,0,-2,-13,-4318,12,8050
2025/4/28,14:30,8031,784,3108,2263,27,168,2302,157,916,2178,0,465,0,0,2,-4348,9,8031
2025/4/28,15:00,7916,790,3390,2387,28,170,2298,156,908,1711,0,466,0,0,-47,-4354,13,7916
2025/4/28,15:30,7963,786,3812,2693,28,172,2256,154,855,1116,0,468,0,0,-38,-4352,13,7963
2025/4/28,16:00,7977,792,3760,2763,28,208,2243,151,824,765,0,483,0,0,-9,-4048,17,7977
2025/4/28,16:30,8039,790,3936,2796,29,218,2223,152,787,458,0,428,0,186,-2,-3970,8,8039
2025/4/28,17:00,7949,790,3828,2851,29,222,2212,147,768,252,0,430,0,206,0,-3804,18,7949
2025/4/28,17:30,7994,786,3774,2927,29,220,2198,150,753,91,0,424,0,210,-2,-3582,16,7994
2025/4/28,18:00,8165,790,3984,2979,30,221,2194,148,745,15,0,418,0,208,36,-3622,19,8165
2025/4/28,18:30,8110,790,3754,3011,30,222,2200,149,748,0,0,396,0,206,25,-3436,15,8110
2025/4/28,19:00,8027,786,3596,3057,29,224,2198,150,747,0,0,376,0,210,-2,-3360,16,8027
2025/4/28,19:30,7879,792,3504,3030,29,176,2197,148,748,0,0,375,0,146,-1,-3276,11,7879
2025/4/28,20:00,7642,790,3422,2998,28,168,2200,150,746,0,0,416,0,140,-1,-3432,17,7642
2025/4/28,20:30,7541,790,3502,3002,27,167,2196,148,747,0,0,395,0,140,-1,-3584,12,7541
2025/4/28,21:00,7270,788,3206,3006,27,165,2193,149,748,0,0,372,0,142,-2,-3536,12,7270
2025/4/28,21:30,7102,788,3096,2993,25,169,2198,149,743,0,0,413,0,140,-2,-3616,6,7102
2025/4/28,22:00,6979,790,2856,3000,24,169,2198,148,744,0,0,435,0,142,-1,-3540,14,6979
2025/4/28,22:30,6816,790,2666,2994,23,171,2190,150,742,0,0,433,0,142,-1,-3496,12,6816
2025/4/28,23:00,6710,788,2628,2992,23,168,2197,148,743,0,0,429,0,140,-2,-3550,6,6710
2025/4/28,23:30,6577,788,2510,2998,23,167,2193,150,742,0,0,417,0,140,-2,-3554,5,6577
2025/4/29,0:00,6427,790,2488,2998,22,169,2191,149,742,0,0,358,0,0,-1,-3482,3,6427
2025/4/29,0:30,6280,790,2422,2904,21,171,2199,148,741,0,0,326,0,0,-1,-3444,3,6280
2025/4/29,1:00,6374,788,2506,2822,21,173,2199,150,742,0,0,313,0,0,-1,-3342,3,6374
2025/4/29,1:30,6342,790,2472,2782,21,174,2199,148,746,0,0,309,0,0,-1,-3302,4,6342
2025/4/29,2:00,6519,790,2638,2732,22,175,2202,149,745,0,0,323,0,0,-2,-3258,3,6519
2025/4/29,2:30,6566,790,2580,2530,22,173,2201,149,743,0,0,349,0,202,-1,-3176,4,6566
2025/4/29,3:00,6759,790,2668,2526,23,177,2207,148,745,0,0,348,0,228,-1,-3104,4,6759
2025/4/29,3:30,6873,786,2892,2536,23,174,2205,150,743,0,0,281,0,228,-1,-3148,4,6873
2025/4/29,4:00,6968,792,3084,2505,23,175,2206,148,747,0,0,314,0,228,-1,-3256,3,6968
2025/4/29,4:30,7020,788,3334,2408,24,174,2207,150,740,4,0,434,0,0,-1,-3246,4,7020
2025/4/29,5:00,7056,788,3470,2411,25,175,2207,150,736,106,0,481,0,0,-1,-3496,4,7056
2025/4/29,5:30,6833,792,3046,2253,24,173,2220,149,754,353,0,486,0,0,-1,-3420,4,6833
2025/4/29,6:00,6842,790,2814,1910,24,172,2257,152,735,684,0,596,0,0,1,-3300,7,6842
2025/4/29,6:30,6809,790,2516,1738,23,152,2283,154,676,1021,0,654,0,0,1,-3210,11,6809
2025/4/29,7:00,6872,786,1962,1515,24,132,2287,155,649,1384,0,638,0,0,-9,-2672,21,6872
2025/4/29,7:30,6919,786,1326,1480,24,131,2315,158,687,1804,0,746,0,0,-25,-2534,21,6919
2025/4/29,8:00,7283,792,1372,1646,25,130,2294,154,651,2508,217,919,0,0,-44,-3180,16,7283
2025/4/29,8:30,7559,788,1550,1578,25,128,2287,155,639,2715,443,874,0,0,22,-3216,14,7559
2025/4/29,9:00,7653,794,1922,1661,25,133,2301,155,664,3145,495,859,0,-212,30,-3840,16,7653
2025/4/29,9:30,7642,786,1312,1431,24,127,2300,157,663,3862,566,1024,0,-222,1,-3842,19,7642
2025/4/29,10:00,7643,790,1546,1184,24,131,2201,153,596,3930,855,981,0,-224,1,-3686,16,7643
2025/4/29,10:30,7690,788,1952,1152,24,132,2206,153,582,3848,1141,744,113,-224,-1,-3682,16,7690
2025/4/29,11:00,7648,792,2362,1249,25,130,2199,154,574,3593,1556,658,161,-428,-8,-3664,12,7648
2025/4/29,11:30,7631,788,2172,1393,27,132,2198,152,569,3640,1483,732,169,-436,-2,-3750,16,7631
2025/4/29,12:00,7512,790,1904,1384,28,132,2201,154,579,3544,1572,812,175,-438,-46,-3546,14,7512
2025/4/29,12:30,7433,790,1862,1421,27,131,2213,155,597,3377,1565,929,245,-438,-42,-3598,9,7433
2025/4/29,13:00,7472,786,1792,1374,27,130,2232,156,624,3262,1495,897,275,-220,-1,-3602,15,7472
2025/4/29,13:30,7538,790,1766,1293,27,131,2286,160,700,3355,1032,902,274,-222,-1,-3662,13,7538
2025/4/29,14:00,7482,792,1680,1331,28,129,2358,163,725,3293,659,956,268,-220,-2,-3764,13,7482
2025/4/29,14:30,7565,788,2200,1437,28,132,2369,160,733,2975,363,876,257,-220,0,-3928,15,7565
2025/4/29,15:00,7489,788,2568,1510,28,130,2346,161,702,2418,297,864,238,2,-7,-4034,13,7489
2025/4/29,15:30,7490,792,2734,1532,28,135,2317,156,702,2008,125,899,132,0,-1,-3826,14,7490
2025/4/29,16:00,7561,788,3334,1798,29,165,2283,155,746,1399,0,948,0,0,-5,-4096,17,7561
2025/4/29,16:30,7747,790,3968,2094,29,175,2248,152,758,825,0,883,0,0,-3,-4186,14,7747
2025/4/29,17:00,7829,788,3972,2479,30,174,2244,149,759,413,0,922,0,202,29,-4352,20,7829
2025/4/29,17:30,7975,792,3944,2731,31,175,2238,151,748,160,0,1083,0,228,33,-4356,17,7975
2025/4/29,18:00,8192,794,3742,2793,31,176,2228,150,751,28,0,1204,0,226,6,-3956,19,8192
2025/4/29,18:30,8224,788,3710,2799,31,174,2233,150,755,0,0,1270,0,226,8,-3936,16,8224
2025/4/29,19:00,8164,784,3664,2926,31,180,2223,152,756,0,0,1317,0,224,7,-4116,16,8164
2025/4/29,19:30,8088,792,3670,2939,30,180,2215,148,759,0,0,1348,0,228,-1,-4232,12,8088
2025/4/29,20:00,7905,788,3574,2939,30,177,2224,151,760,0,0,1336,0,226,-1,-4314,15,7905
2025/4/29,20:30,7749,788,3398,2893,30,178,2217,151,760,0,0,1293,0,222,-1,-4192,12,7749
2025/4/29,21:00,7505,792,3434,2844,29,179,2222,149,762,0,0,1317,0,2,-1,-4236,12,7505
2025/4/29,21:30,7229,790,3178,2879,27,180,2215,152,763,0,0,1334,0,0,-1,-4294,6,7229
2025/4/29,22:00,7065,786,2660,2761,26,178,2215,151,765,0,0,1386,0,0,-2,-3876,15,7065
2025/4/29,22:30,6837,792,2462,2665,24,179,2214,149,760,0,0,1410,0,0,-1,-3830,13,6837
2025/4/29,23:00,6758,788,2398,2565,25,179,2217,151,763,0,0,1422,0,0,-2,-3754,6,6758
2025/4/29,23:30,6556,790,2182,2516,24,179,2210,148,763,0,0,1394,0,0,-8,-3646,4,6556
2025/4/30,0:00,6401,788,1878,2306,23,181,2195,151,764,0,0,1405,0,0,-13,-3280,3,6401
2025/4/30,0:30,6312,792,1948,2185,22,181,2191,151,761,0,0,1403,0,0,-1,-3324,3,6312
2025/4/30,1:00,6322,788,2004,2285,22,179,2199,150,763,0,0,1382,0,0,-1,-3452,3,6322
2025/4/30,1:30,6459,786,2114,2295,22,181,2194,151,764,0,0,1406,0,0,-1,-3456,3,6459
2025/4/30,2:00,6578,790,2328,2243,23,180,2197,148,766,0,0,1432,0,0,-1,-3532,4,6578
2025/4/30,2:30,6724,792,2368,2260,24,179,2193,150,765,0,0,1409,0,0,0,-3420,4,6724
2025/4/30,3:00,6857,786,2164,2388,25,179,2202,151,765,0,0,1426,0,0,-1,-3232,4,6857
2025/4/30,3:30,6990,788,2352,2340,26,177,2210,150,765,0,0,1453,0,0,-2,-3272,3,6990
2025/4/30,4:00,7102,792,2446,2234,26,179,2203,151,763,0,0,1493,0,136,-1,-3324,4,7102
2025/4/30,4:30,7207,788,2374,2208,27,177,2206,151,763,11,0,1598,0,142,-1,-3240,3,7207
2025/4/30,5:00,7290,788,2368,2108,27,173,2200,148,759,166,0,1614,0,142,-1,-3206,4,7290
2025/4/30,5:30,7287,792,2408,1937,28,173,2219,152,769,478,0,1595,0,34,-2,-3300,4,7287
2025/4/30,6:00,7405,788,2538,1756,28,175,2231,151,753,1006,0,1561,0,-62,4,-3530,6,7405
2025/4/30,6:30,7375,790,2284,1686,28,151,2244,155,679,1596,62,1238,270,-222,12,-3280,14,7375
2025/4/30,7:00,7474,792,2064,1612,28,128,2252,155,655,2275,128,1166,266,-222,0,-3452,21,7474
2025/4/30,7:30,7606,788,1890,1592,27,129,2238,153,670,2729,130,1099,257,-224,-3,-3500,18,7606
2025/4/30,8:00,8102,786,2264,1644,27,127,2257,159,698,2804,712,955,363,-222,-1,-3412,16,8102
2025/4/30,8:30,8428,792,2326,1590,26,128,2260,156,699,3352,767,921,348,-220,-8,-3608,14,8428
2025/4/30,9:00,8534,788,2080,1498,27,127,2264,160,715,3813,898,901,297,-222,-1,-3632,16,8534
2025/4/30,9:30,8550,786,1850,1406,26,131,2256,157,673,4232,990,898,322,-222,-2,-3660,19,8550
2025/4/30,10:00,8416,786,1842,1320,26,128,2223,153,623,4413,1095,888,322,-222,-6,-3774,16,8416
2025/4/30,10:30,8420,790,1662,1428,25,127,2215,153,603,4612,1164,914,321,-222,-2,-3900,15,8420
2025/4/30,11:00,8410,790,1908,1380,25,126,2216,154,607,4415,1628,795,467,-222,-2,-3794,12,8410
2025/4/30,11:30,8356,788,1762,1432,24,125,2193,153,566,4564,1632,769,461,-220,-7,-3808,15,8356
2025/4/30,12:00,8034,790,1778,1442,24,128,2197,153,578,4282,2000,745,448,-222,-41,-3832,12,8034
2025/4/30,12:30,7896,790,1630,1509,23,131,2192,151,580,4297,1997,726,408,-220,-37,-3884,8,7896
2025/4/30,13:00,8107,788,1382,1481,23,126,2246,156,643,4508,1610,867,234,-222,0,-3906,15,8107
2025/4/30,13:30,8108,790,1274,1450,23,128,2258,156,661,4460,1531,880,237,-220,0,-3760,8,8108
2025/4/30,14:00,8103,792,1474,1538,23,125,2208,158,671,4023,1669,831,237,0,-9,-3744,13,8103
2025/4/30,14:30,8012,784,1826,1638,24,129,2212,158,680,3637,1504,773,235,0,-1,-3856,8,8012
2025/4/30,15:00,7846,788,2176,1830,23,159,2203,157,722,3133,1290,734,232,0,-2,-4090,13,7846
2025/4/30,15:30,7969,790,2696,2031,24,171,2193,155,793,2488,1047,701,225,0,8,-4094,13,7969
2025/4/30,16:00,7932,790,3094,2320,26,172,2167,153,812,2335,225,781,99,0,-9,-4726,17,7932
2025/4/30,16:30,7831,788,3156,2544,26,166,2156,154,795,1634,0,881,0,136,1,-4614,8,7831
2025/4/30,17:00,7833,792,3134,2669,27,168,2189,150,766,781,0,881,0,224,-4,-3962,18,7833
2025/4/30,17:30,7968,786,3824,2850,29,174,2167,150,741,264,0,824,0,230,1,-4088,16,7968
2025/4/30,18:00,8097,788,3862,2970,29,177,2159,150,732,46,0,729,0,228,27,-3818,18,8097
2025/4/30,18:30,8305,790,4010,2958,31,176,2162,147,732,0,0,689,0,228,36,-3672,18,8305
2025/4/30,19:00,8218,788,3974,2990,31,176,2164,150,732,0,0,639,0,228,-1,-3672,19,8218
2025/4/30,19:30,8149,794,3984,3051,31,175,2165,148,733,0,0,593,0,228,-1,-3766,14,8149
2025/4/30,20:00,7936,786,3676,3053,30,172,2174,150,732,0,0,551,0,226,-2,-3628,16,7936
2025/4/30,20:30,7810,790,3434,3051,29,175,2166,150,732,0,0,529,0,228,-1,-3486,13,7810
2025/4/30,21:00,7562,790,3272,3028,28,175,2171,148,730,0,0,466,0,2,8,-3268,12,7562
2025/4/30,21:30,7349,790,3122,2991,27,177,2169,150,733,0,0,433,0,0,-1,-3248,6,7349
2025/4/30,22:00,7106,786,3102,2971,26,175,2166,148,733,0,0,405,0,0,-1,-3420,15,7106
2025/4/30,22:30,6972,792,3044,2938,24,179,2168,150,738,0,0,375,0,0,-10,-3438,12,6972
2025/4/30,23:00,6844,786,3066,2887,25,177,2166,151,740,0,0,334,0,0,-1,-3494,7,6844
2025/4/30,23:30,6589,792,2878,2849,24,175,2167,149,744,0,0,286,0,0,-1,-3478,4,6589
