単位[MW平均],,,供給力,,,,,,,,,,,,,,,,
DATE,TIME,エリア需要,原子力,火力(LNG),火力(石炭),火力(石油),火力(その他),水力,地熱,バイオマス,太陽光発電実績,太陽光出力制御量,風力発電実績,風力出力制御量,揚水,蓄電池,連系線,その他,合計
2026/1/1,0:00,9394,788,3724,4735,33,278,1229,162,878,0,0,1610,0,1,3,-4056,9,9394
2026/1/1,0:30,9260,784,3570,4865,32,276,1188,164,880,0,0,1615,0,1,-1,-4122,8,9260
2026/1/1,1:00,9263,788,3656,4993,31,279,1158,165,878,0,0,1598,0,1,-1,-4292,9,9263
2026/1/1,1:30,9234,786,3628,5088,31,270,1137,165,877,0,0,1613,0,1,0,-4372,10,9234
2026/1/1,2:00,9328,784,3820,5097,32,271,1124,165,878,0,0,1628,0,1,-2,-4480,10,9328
2026/1/1,2:30,9380,790,3948,5049,32,273,1119,165,876,0,0,1632,0,1,-1,-4514,10,9380
2026/1/1,3:00,9410,784,3992,5042,32,275,1105,165,878,0,0,1661,0,1,-2,-4532,9,9410
2026/1/1,3:30,9400,782,4052,5021,32,272,1106,163,877,0,0,1652,0,1,-1,-4566,9,9400
2026/1/1,4:00,9443,790,4084,4859,33,273,1131,165,878,0,0,1683,0,1,-1,-4462,9,9443
2026/1/1,4:30,9421,784,4126,4831,33,274,1134,162,878,0,0,1707,0,1,0,-4518,9,9421
2026/1/1,5:00,9475,788,4168,4882,33,274,1190,164,877,0,0,1695,0,1,-2,-4606,11,9475
2026/1/1,5:30,9480,784,3990,4992,33,274,1185,164,875,0,0,1702,0,1,-1,-4530,11,9480
2026/1/1,6:00,9458,784,3984,4961,32,276,1185,164,872,0,0,1672,0,1,-2,-4484,13,9458
2026/1/1,6:30,9311,788,4078,4691,33,277,1185,162,871,2,0,1703,0,1,-2,-4498,20,9311
2026/1/1,7:00,9278,786,4100,4461,33,272,1179,163,869,94,0,1714,0,1,-3,-4422,31,9278
2026/1/1,7:30,9548,784,4234,4425,34,277,1194,163,874,283,0,1730,0,1,-2,-4474,25,9548
2026/1/1,8:00,9621,790,4244,4450,35,277,1180,166,889,591,0,1648,0,1,-1,-4674,25,9621
2026/1/1,8:30,9590,786,3736,4290,35,275,1175,169,898,959,0,1668,0,1,-5,-4420,23,9590
2026/1/1,9:00,9623,786,2922,3817,37,273,1154,169,911,1403,0,1691,0,1,7,-3572,24,9623
2026/1/1,9:30,9397,786,2188,3466,36,278,1177,174,917,1848,0,1687,0,1,-21,-3166,26,9397
2026/1/1,10:00,9321,784,1956,3047,36,273,1196,173,911,2077,0,1677,0,1,-6,-2828,24,9321
2026/1/1,10:30,9194,788,1904,2833,35,273,1205,173,917,2131,0,1682,0,1,11,-2784,25,9194
2026/1/1,11:00,9132,786,1942,2657,36,273,1193,172,910,2077,0,1682,0,1,-9,-2608,20,9132
2026/1/1,11:30,9153,786,1896,2589,35,278,1180,171,906,2082,0,1709,0,1,1,-2506,25,9153
2026/1/1,12:00,9163,790,1954,2578,35,275,1172,171,907,2044,0,1723,0,1,-4,-2508,25,9163
2026/1/1,12:30,9026,784,1956,2559,35,272,1172,171,911,1940,0,1774,0,1,-11,-2562,24,9026
2026/1/1,13:00,8929,786,1968,2734,34,276,1160,170,901,1744,0,1802,0,1,-40,-2630,23,8929
2026/1/1,13:30,8874,790,2050,3027,34,278,1158,168,904,1407,0,1807,0,1,-24,-2750,24,8874
2026/1/1,14:00,8782,784,2974,3403,34,271,1124,165,882,1103,0,1819,0,1,-3,-3798,23,8782
2026/1/1,14:30,8739,786,2932,3704,34,275,1118,165,880,733,0,1836,0,1,-2,-3748,25,8739
2026/1/1,15:00,8982,788,3188,3748,34,277,1148,162,866,453,0,1806,0,1,0,-3512,23,8982
2026/1/1,15:30,9313,790,3896,4021,34,275,1177,162,867,186,0,1784,0,1,-2,-3910,32,9313
2026/1/1,16:00,9293,786,4370,4395,35,276,1275,163,871,21,0,1791,0,1,1,-4718,26,9293
2026/1/1,16:30,9664,786,4314,4771,36,275,1284,163,873,0,0,1791,0,1,-2,-4642,14,9664
2026/1/1,17:00,10104,784,4520,5095,37,276,1278,163,871,0,0,1817,0,1,-2,-4762,26,10104
2026/1/1,17:30,10180,788,4578,5192,37,272,1285,164,870,0,0,1791,0,1,10,-4832,24,10180
2026/1/1,18:00,10178,788,4532,5243,37,276,1280,161,874,0,0,1762,0,1,34,-4838,28,10178
2026/1/1,18:30,10131,786,4706,4951,37,275,1286,164,869,0,0,1763,0,1,24,-4752,21,10131
2026/1/1,19:00,10114,784,4716,4928,38,273,1282,163,873,0,0,1769,0,1,1,-4738,24,10114
2026/1/1,19:30,10029,786,4570,4803,37,278,1285,162,870,0,0,1749,0,1,0,-4530,18,10029
2026/1/1,20:00,10031,784,4350,4934,37,274,1214,164,872,0,0,1717,0,1,-1,-4336,21,10031
2026/1/1,20:30,9985,778,4530,4852,36,277,1210,162,874,0,0,1766,0,1,-1,-4520,20,9985
2026/1/1,21:00,9958,778,4412,4854,36,280,1203,162,872,0,0,1744,0,1,-2,-4400,18,9958
2026/1/1,21:30,9873,774,4478,4913,35,277,1202,163,874,0,0,1733,0,1,-2,-4588,13,9873
2026/1/1,22:00,9602,780,4132,4729,33,275,1178,160,874,0,0,1682,0,1,-2,-4260,20,9602
2026/1/1,22:30,9351,774,3964,4565,32,274,1169,162,874,0,0,1629,0,1,-1,-4110,18,9351
2026/1/1,23:00,9468,780,4388,4633,33,276,1147,163,876,0,0,1544,0,1,-2,-4386,15,9468
2026/1/1,23:30,9224,770,4108,4636,31,275,1132,162,873,0,0,1555,0,1,-2,-4328,11,9224
2026/1/2,0:00,9058,774,3804,4561,31,276,1110,162,874,0,0,1468,0,1,-6,-4006,9,9058
2026/1/2,0:30,9017,776,3934,4651,29,272,1109,163,874,0,0,1456,0,1,-11,-4246,9,9017
2026/1/2,1:00,9034,774,4062,4650,29,271,1106,163,876,0,0,1314,0,1,-1,-4220,9,9034
2026/1/2,1:30,9069,778,4028,4650,30,274,1107,161,874,0,0,1343,0,1,-1,-4186,10,9069
2026/1/2,2:00,9180,776,4408,4652,30,276,1072,163,877,0,0,1210,0,1,0,-4296,11,9180
2026/1/2,2:30,9253,774,4574,4687,30,276,1073,162,876,0,0,1121,0,1,-1,-4330,10,9253
2026/1/2,3:00,9309,776,4414,4958,31,276,1050,163,876,0,0,1068,0,1,0,-4314,10,9309
2026/1/2,3:30,9288,776,4148,5159,31,277,1042,163,872,0,0,1031,0,1,-1,-4220,9,9288
2026/1/2,4:00,9366,778,4088,5080,31,277,1045,163,874,0,0,964,0,1,0,-3944,9,9366
2026/1/2,4:30,9357,776,4202,4942,32,278,1039,163,873,0,0,847,0,1,-1,-3804,9,9357
2026/1/2,5:00,9494,776,4358,4769,32,278,1072,161,874,0,0,787,0,1,0,-3626,12,9494
2026/1/2,5:30,9466,776,4238,4618,32,276,1066,162,871,0,0,758,0,1,-2,-3342,12,9466
2026/1/2,6:00,9502,776,4262,4593,32,279,1069,162,867,0,0,724,0,1,-2,-3274,13,9502
2026/1/2,6:30,9636,774,4662,4828,32,280,1069,162,866,0,0,715,0,1,1,-3774,20,9636
2026/1/2,7:00,9549,776,4510,4809,34,274,1092,162,864,60,0,694,0,1,2,-3760,31,9549
2026/1/2,7:30,9797,778,4622,4870,35,274,1080,160,854,307,0,637,0,1,-9,-3838,26,9797
2026/1/2,8:00,9826,774,4726,4658,37,274,1097,161,862,668,0,615,0,1,6,-4076,23,9826
2026/1/2,8:30,9605,778,3814,4307,38,275,1143,166,886,1053,0,600,0,1,1,-3482,25,9605
2026/1/2,9:00,9583,778,3330,3993,38,275,1189,178,942,1475,0,507,0,1,-9,-3138,24,9583
2026/1/2,9:30,9383,778,2758,3691,39,270,1186,177,943,2085,0,472,0,1,-2,-3040,25,9383
2026/1/2,10:00,9145,778,2634,3664,38,272,1170,176,930,2637,0,469,0,1,-4,-3644,24,9145
2026/1/2,10:30,8962,780,2378,3545,37,274,1131,171,911,3048,0,443,0,-1,-5,-3772,22,8962
2026/1/2,11:00,8801,774,2260,3656,38,274,1139,170,911,3205,0,418,0,-209,-35,-3824,24,8801
2026/1/2,11:30,8722,776,2444,3706,39,270,1178,174,924,3021,0,416,0,-223,-40,-3986,23,8722
2026/1/2,12:00,8642,782,2454,3785,38,270,1220,178,946,2773,0,373,0,-223,-8,-3976,30,8642
2026/1/2,12:30,8496,774,2234,4011,38,271,1209,175,943,2550,0,301,0,-223,-1,-3814,28,8496
2026/1/2,13:00,8444,782,2176,4068,37,272,1212,178,942,2258,0,223,0,-221,-2,-3508,27,8444
2026/1/2,13:30,8533,778,2526,4195,37,271,1180,175,932,1844,0,172,0,1,0,-3604,26,8533
2026/1/2,14:00,8406,780,3028,4032,35,274,1135,168,902,1539,0,152,0,1,-5,-3656,21,8406
2026/1/2,14:30,8418,776,3282,4094,36,277,1111,166,883,1224,0,154,0,1,-4,-3610,28,8418
2026/1/2,15:00,8609,780,3824,3908,36,273,1146,162,870,763,0,158,0,1,-5,-3336,29,8609
2026/1/2,15:30,8945,780,4324,4458,36,273,1162,162,872,276,0,132,0,1,-2,-3558,29,8945
2026/1/2,16:00,9150,776,4642,4642,37,274,1239,165,877,30,0,109,0,1,5,-3672,25,9150
2026/1/2,16:30,9615,776,4706,4854,38,273,1243,162,877,0,0,182,0,1,-6,-3512,21,9615
2026/1/2,17:00,10080,778,4822,5051,39,272,1270,161,875,0,0,217,0,199,2,-3634,28,10080
2026/1/2,17:30,10308,782,4780,5338,40,274,1278,163,874,0,0,242,0,221,0,-3708,24,10308
2026/1/2,18:00,10262,776,4840,5544,39,273,1292,162,875,0,0,233,0,225,0,-4028,31,10262
2026/1/2,18:30,10352,780,5122,5747,39,273,1283,163,872,0,0,235,0,225,0,-4410,23,10352
2026/1/2,19:00,10199,776,5026,5764,38,270,1283,163,875,0,0,317,0,221,2,-4562,26,10199
2026/1/2,19:30,10042,776,4978,5716,38,275,1280,162,871,0,0,343,0,221,33,-4678,27,10042
2026/1/2,20:00,9964,780,4686,5670,38,275,1241,162,873,0,0,322,0,225,31,-4360,21,9964
2026/1/2,20:30,9922,776,4782,5681,37,272,1234,162,874,0,0,290,0,227,0,-4438,25,9922
2026/1/2,21:00,9978,780,4782,5626,37,275,1199,162,876,0,0,199,0,227,-1,-4206,22,9978
2026/1/2,21:30,9729,774,4634,5487,35,276,1197,160,873,0,0,224,0,223,-1,-4166,13,9729
2026/1/2,22:00,9519,780,4398,5396,34,273,1163,162,871,0,0,259,0,1,-1,-3836,19,9519
2026/1/2,22:30,9352,776,4328,5294,33,273,1151,162,874,0,0,242,0,1,-1,-3802,21,9352
2026/1/2,23:00,9427,776,4506,5222,34,276,1116,161,877,0,0,261,0,1,-1,-3818,16,9427
2026/1/2,23:30,9173,776,4346,5201,32,274,1103,163,880,0,0,244,0,1,-2,-3856,11,9173
2026/1/3,0:00,8841,776,3952,5164,31,242,1063,162,876,0,0,237,0,1,-11,-3662,10,8841
2026/1/3,0:30,8625,776,3696,4982,30,246,1048,162,881,0,0,237,0,1,-11,-3432,9,8625
2026/1/3,1:00,8880,774,4248,5034,30,244,1033,163,881,0,0,221,0,1,-11,-3748,10,8880
2026/1/3,1:30,8933,778,4246,4997,30,241,1053,162,879,0,0,258,0,1,-11,-3712,11,8933
2026/1/3,2:00,8963,776,4170,4943,31,242,1012,159,879,0,0,274,0,1,-1,-3534,11,8963
2026/1/3,2:30,9037,776,4212,4958,31,243,1017,163,880,0,0,242,0,1,-1,-3496,11,9037
2026/1/3,3:00,9156,778,4192,5058,31,246,1014,162,880,0,0,250,0,1,-2,-3464,10,9156
2026/1/3,3:30,9231,772,4346,5155,32,239,1016,162,881,0,0,288,0,1,-1,-3670,10,9231
2026/1/3,4:00,9263,780,4294,5126,32,244,1012,164,877,0,0,355,0,1,0,-3632,10,9263
2026/1/3,4:30,9349,778,4400,5057,32,245,1010,163,875,0,0,398,0,1,-1,-3618,9,9349
2026/1/3,5:00,9426,774,4514,5056,32,242,1034,162,879,0,0,409,0,1,0,-3688,11,9426
2026/1/3,5:30,9455,778,4588,5073,32,241,1034,162,877,0,0,445,0,1,0,-3788,12,9455
2026/1/3,6:00,9488,774,4516,5122,33,243,1026,160,876,0,0,550,0,1,-2,-3824,13,9488
2026/1/3,6:30,9578,778,4846,5142,33,245,1026,162,876,1,0,530,0,1,1,-4082,19,9578
2026/1/3,7:00,9527,774,5068,5009,33,241,1066,161,867,128,0,543,0,1,-2,-4394,32,9527
2026/1/3,7:30,9758,776,4960,5094,35,244,1073,162,873,413,0,625,0,1,0,-4524,26,9758
2026/1/3,8:00,9883,778,4796,4795,36,245,1090,163,880,976,0,650,0,1,-1,-4550,24,9883
2026/1/3,8:30,9857,774,4254,4487,37,238,1157,171,918,1623,0,601,0,1,-6,-4422,24,9857
2026/1/3,9:00,9863,780,4014,4133,37,246,1136,176,936,2398,0,606,0,1,3,-4630,27,9863
2026/1/3,9:30,9664,772,3224,3921,37,247,1155,178,952,2871,0,612,0,1,-4,-4330,28,9664
2026/1/3,10:00,9552,780,2524,3984,37,223,1136,174,946,3200,0,647,0,1,-14,-4112,26,9552
2026/1/3,10:30,9437,774,2460,3907,36,206,1123,174,941,3530,0,697,0,1,-13,-4422,23,9437
2026/1/3,11:00,9264,780,2124,3783,35,205,1119,175,940,3466,0,782,0,1,-16,-4156,26,9264
2026/1/3,11:30,9117,776,2160,3775,37,211,1151,178,960,3145,0,802,0,1,-16,-4086,23,9117
2026/1/3,12:00,9040,780,1836,3627,37,207,1148,178,959,2989,0,936,0,1,-38,-3650,30,9040
2026/1/3,12:30,8833,776,1712,3461,36,211,1128,177,950,2969,0,1063,0,1,-38,-3644,31,8833
2026/1/3,13:00,8809,780,2006,3506,36,212,1123,172,940,2536,0,1129,0,1,-12,-3650,30,8809
2026/1/3,13:30,8650,778,1986,3482,35,248,1064,166,911,2249,0,1098,0,1,-2,-3392,26,8650
2026/1/3,14:00,8614,778,2332,3681,34,257,1068,166,914,1648,0,1106,0,1,3,-3396,22,8614
2026/1/3,14:30,8691,778,2660,3975,34,256,1036,163,892,1224,0,1049,0,1,-2,-3408,33,8691
2026/1/3,15:00,8786,776,3312,4471,34,259,1038,161,888,728,0,1079,0,1,12,-3994,21,8786
2026/1/3,15:30,9008,780,3574,4865,34,262,1039,160,876,324,0,998,0,1,-1,-3932,28,9008
2026/1/3,16:00,9185,780,3988,4728,35,264,1185,161,886,36,0,1006,0,1,4,-3914,25,9185
2026/1/3,16:30,9854,776,4762,5321,36,268,1188,163,887,0,0,1070,0,1,-8,-4634,24,9854
2026/1/3,17:00,9998,780,4734,5567,37,276,1188,162,886,0,0,1067,0,1,6,-4730,24,9998
2026/1/3,17:30,10253,774,5056,5685,38,278,1188,162,885,0,0,1062,0,1,30,-4936,30,10253
2026/1/3,18:00,10250,780,5136,5722,37,279,1188,159,890,0,0,1075,0,1,17,-5058,24,10250
2026/1/3,18:30,10216,778,5032,5723,37,289,1185,162,883,0,0,1127,0,1,1,-5030,28,10216
2026/1/3,19:00,10095,776,4796,5721,37,302,1190,161,889,0,0,1233,0,1,-1,-5032,22,10095
2026/1/3,19:30,10058,774,4684,5704,37,284,1188,162,889,0,0,1361,0,1,-1,-5054,29,10058
2026/1/3,20:00,9939,778,4668,5728,36,272,1096,163,890,0,0,1287,0,1,-1,-4998,19,9939
2026/1/3,20:30,9825,778,4628,5724,35,274,1093,161,889,0,0,1310,0,1,-1,-5092,25,9825
2026/1/3,21:00,9711,780,4604,5610,34,271,1057,162,886,0,0,1345,0,1,-2,-5058,21,9711
2026/1/3,21:30,9472,776,4620,5442,33,268,1053,162,883,0,0,1360,0,1,-4,-5136,14,9472
2026/1/3,22:00,9209,770,3998,5247,32,271,1060,161,890,0,0,1448,0,1,1,-4690,20,9209
2026/1/3,22:30,8930,774,3908,5063,31,272,1065,161,892,0,0,1399,0,1,-1,-4654,19,8930
2026/1/3,23:00,8982,778,4074,5100,31,268,1044,163,892,0,0,1321,0,1,-2,-4706,18,8982
2026/1/3,23:30,8758,774,4010,4890,30,272,1044,163,888,0,0,1390,0,1,-4,-4710,10,8758
2026/1/4,0:00,8630,772,3864,4726,29,275,1038,162,887,0,0,1550,0,1,-2,-4680,8,8630
2026/1/4,0:30,8448,770,3646,4758,28,267,1045,163,886,0,0,1496,0,1,-2,-4618,8,8448
2026/1/4,1:00,8510,770,3666,4989,28,271,1030,163,891,0,0,1420,0,1,-1,-4726,8,8510
2026/1/4,1:30,8579,778,3666,5005,28,274,1028,162,888,0,0,1481,0,1,-1,-4740,9,8579
2026/1/4,2:00,8704,768,3802,5014,29,272,994,163,888,0,0,1476,0,1,-1,-4712,10,8704
2026/1/4,2:30,8760,774,3732,4958,29,272,1000,163,892,0,0,1544,0,1,-1,-4614,10,8760
2026/1/4,3:00,8845,772,3832,4987,30,272,994,163,894,0,0,1584,0,1,-1,-4692,9,8845
2026/1/4,3:30,8923,772,3900,5025,30,273,994,162,891,0,0,1607,0,1,-1,-4740,9,8923
2026/1/4,4:00,8965,776,3898,5020,31,273,998,163,890,0,0,1627,0,1,-1,-4720,9,8965
2026/1/4,4:30,8948,772,3772,5098,31,269,1008,162,893,0,0,1677,0,1,-1,-4742,8,8948
2026/1/4,5:00,9006,772,3718,5081,31,274,1035,158,891,0,0,1745,0,1,-1,-4710,11,9006
2026/1/4,5:30,8906,772,3938,4675,30,272,1053,161,881,0,0,1831,0,1,0,-4720,12,8906
2026/1/4,6:00,8919,774,3900,4688,30,272,1051,161,871,0,0,1837,0,1,0,-4678,12,8919
2026/1/4,6:30,8937,774,4038,4598,31,273,1053,160,868,1,0,1800,0,1,1,-4680,19,8937
2026/1/4,7:00,8939,772,3970,4518,32,275,1044,161,866,102,0,1770,0,1,-2,-4600,30,8939
2026/1/4,7:30,9220,776,3848,4488,33,278,1052,160,865,396,0,1789,0,1,-5,-4486,25,9220
2026/1/4,8:00,9397,774,3748,4434,34,379,1064,162,871,825,0,1778,0,1,-1,-4694,22,9397
2026/1/4,8:30,9548,772,3584,4222,36,291,1059,161,869,1432,0,1790,0,1,2,-4696,25,9548
2026/1/4,9:00,9601,774,3302,4182,37,340,1061,164,891,1741,0,1739,0,1,-6,-4648,23,9601
2026/1/4,9:30,9506,772,2852,4271,37,271,1084,170,904,2013,0,1700,0,1,-4,-4590,25,9506
2026/1/4,10:00,9431,774,2098,4199,36,256,1076,171,913,2489,0,1672,0,1,-4,-4274,24,9431
2026/1/4,10:30,9267,770,2170,3951,36,235,1126,177,940,2524,0,1722,0,1,3,-4410,22,9267
2026/1/4,11:00,9204,772,1964,3888,36,234,1118,176,934,2505,0,1737,0,1,-8,-4176,23,9204
2026/1/4,11:30,9125,776,1636,3735,37,232,1098,175,927,2726,0,1742,0,1,-2,-3982,24,9125
2026/1/4,12:00,9085,772,1718,3419,37,233,1072,172,912,2968,0,1795,0,1,-31,-4008,25,9085
2026/1/4,12:30,9035,774,1876,3578,36,234,1047,166,896,2948,0,1796,0,1,-36,-4306,25,9035
2026/1/4,13:00,8915,770,1704,3528,36,233,1044,169,902,2774,0,1832,0,1,-21,-4082,25,8915
2026/1/4,13:30,8914,778,2326,3671,35,233,1058,169,902,2215,0,1828,0,1,-2,-4324,24,8914
2026/1/4,14:00,8868,772,2232,3955,34,234,1047,166,893,1726,0,1811,0,1,5,-4028,20,8868
2026/1/4,14:30,8810,774,2318,4015,34,263,1045,165,881,1213,0,1797,0,1,-10,-3716,30,8810
2026/1/4,15:00,8956,776,2920,4100,34,272,1097,162,870,703,0,1768,0,1,4,-3774,23,8956
2026/1/4,15:30,9227,772,3392,4642,36,282,1117,161,870,305,0,1732,0,1,-11,-4100,28,9227
2026/1/4,16:00,9468,776,4330,4912,37,379,1256,163,869,48,0,1754,0,1,4,-5082,21,9468
2026/1/4,16:30,9927,772,4356,5366,37,381,1273,160,870,0,0,1757,0,1,1,-5068,21,9927
2026/1/4,17:00,10212,774,4472,5521,37,379,1270,163,872,0,0,1711,0,1,1,-5016,27,10212
2026/1/4,17:30,10368,776,4504,5655,38,378,1273,163,870,0,0,1702,0,1,17,-5034,25,10368
2026/1/4,18:00,10399,772,4552,5588,38,382,1274,163,873,0,0,1696,0,1,34,-5000,26,10399
2026/1/4,18:30,10353,772,4554,5540,38,380,1276,162,870,0,0,1694,0,1,8,-4964,22,10353
2026/1/4,19:00,10302,764,4598,5476,37,378,1287,163,881,0,0,1648,0,1,-5,-4952,26,10302
2026/1/4,19:30,10252,770,4534,5397,37,374,1286,162,882,0,0,1701,0,1,-11,-4908,27,10252
2026/1/4,20:00,10148,766,4496,5415,36,380,1225,163,882,0,0,1676,0,1,0,-4910,18,10148
2026/1/4,20:30,9993,768,4410,5362,36,373,1220,161,883,0,0,1687,0,1,-2,-4928,22,9993
2026/1/4,21:00,9870,772,4502,5134,34,379,1213,160,880,0,0,1733,0,1,-1,-4960,23,9870
2026/1/4,21:30,9507,766,4322,4908,32,380,1213,162,877,0,0,1739,0,1,-1,-4904,12,9507
2026/1/4,22:00,9204,772,3918,4651,31,323,1201,161,879,0,0,1720,0,1,-2,-4470,19,9204
2026/1/4,22:30,8945,768,3686,4690,29,271,1189,161,879,0,0,1744,0,1,-1,-4488,16,8945
2026/1/4,23:00,9013,770,3878,4695,30,282,1182,161,878,0,0,1732,0,1,-2,-4608,14,9013
2026/1/4,23:30,8899,768,3854,4660,29,273,1179,162,881,0,0,1746,0,1,-3,-4660,9,8899
2026/1/5,0:00,8734,770,3636,4719,28,287,1120,161,883,0,0,1778,0,1,-2,-4654,7,8734
2026/1/5,0:30,8633,768,3590,4694,27,300,1119,162,880,0,0,1761,0,1,-1,-4674,6,8633
2026/1/5,1:00,8766,764,3804,4602,27,304,1113,160,879,0,0,1712,0,1,-1,-4606,7,8766
2026/1/5,1:30,8868,772,3910,4613,27,305,1114,162,879,0,0,1674,0,1,-1,-4596,8,8868
2026/1/5,2:00,8924,762,3794,4818,28,301,1109,161,874,0,0,1689,0,1,-1,-4620,8,8924
2026/1/5,2:30,9056,770,3640,5059,29,303,1111,163,874,0,0,1658,0,1,0,-4560,8,9056
2026/1/5,3:00,9114,766,3632,5171,30,303,1119,161,879,0,0,1650,0,1,-1,-4604,7,9114
2026/1/5,3:30,9213,770,3544,5409,30,302,1122,162,876,0,0,1660,0,1,-2,-4668,7,9213
2026/1/5,4:00,9307,766,3642,5516,31,301,1130,163,873,0,0,1588,0,1,0,-4710,6,9307
2026/1/5,4:30,9445,764,3776,5615,31,305,1144,162,872,0,0,1494,0,1,-2,-4724,7,9445
2026/1/5,5:00,9688,770,4016,5575,32,303,1224,161,871,0,0,1401,0,1,0,-4676,10,9688
2026/1/5,5:30,9840,764,4200,5562,32,302,1237,160,871,0,0,1207,0,1,-1,-4506,11,9840
2026/1/5,6:00,10332,770,4982,5616,34,316,1243,162,869,0,0,1007,0,1,0,-4680,12,10332
2026/1/5,6:30,10618,772,5160,5671,34,406,1260,163,870,1,0,975,0,1,0,-4714,19,10618
2026/1/5,7:00,10773,770,5056,5693,36,411,1341,160,862,89,0,952,0,1,2,-4628,28,10773
2026/1/5,7:30,11205,776,4884,5676,37,410,1366,162,869,323,0,926,0,1,-5,-4244,24,11205
2026/1/5,8:00,11582,766,4934,5725,40,413,1393,164,883,818,0,947,0,1,-5,-4518,21,11582
2026/1/5,8:30,11988,774,4766,5690,42,410,1401,163,883,1583,0,866,0,1,-3,-4610,22,11988
2026/1/5,9:00,12006,772,4156,5511,42,417,1419,167,895,2265,0,899,0,1,2,-4562,22,12006
2026/1/5,9:30,12132,770,4088,5492,42,421,1458,171,917,2709,0,801,0,1,-4,-4758,24,12132
2026/1/5,10:00,11921,768,4078,5347,41,416,1432,167,907,2836,0,747,0,1,4,-4846,23,11921
2026/1/5,10:30,11832,774,4448,5561,42,317,1481,176,944,2171,0,703,0,1,-7,-4800,21,11832
2026/1/5,11:00,11839,774,4132,5635,41,312,1465,176,933,2374,0,730,0,1,-11,-4740,17,11839
2026/1/5,11:30,11576,766,3532,5192,42,361,1459,173,931,2712,0,871,0,1,0,-4484,20,11576
2026/1/5,12:00,11352,768,3268,4791,42,311,1461,173,937,2567,0,979,0,1,-43,-3920,17,11352
2026/1/5,12:30,11328,768,3894,4595,41,306,1431,169,915,2051,0,1035,0,1,-41,-3852,15,11328
2026/1/5,13:00,11622,770,4500,4585,41,385,1431,169,918,1560,0,1023,0,1,-5,-3782,26,11622
2026/1/5,13:30,11674,766,4524,4852,41,406,1424,169,911,1193,0,1032,0,1,-7,-3660,22,11674
2026/1/5,14:00,11715,766,4954,4987,39,420,1404,164,900,851,0,1092,0,1,4,-3886,19,11715
2026/1/5,14:30,11794,768,5334,4995,40,419,1395,164,889,536,0,1094,0,1,-3,-3860,22,11794
2026/1/5,15:00,11909,768,5734,5302,40,422,1475,165,888,277,0,1059,0,1,-6,-4236,20,11909
2026/1/5,15:30,12106,768,5478,5528,41,415,1522,165,883,117,0,899,0,139,-3,-3866,20,12106
2026/1/5,16:00,12227,774,5524,5566,42,420,1547,163,880,24,0,796,0,145,0,-3678,24,12227
2026/1/5,16:30,12548,776,5780,5673,42,412,1553,164,879,0,0,794,0,147,-2,-3690,20,12548
2026/1/5,17:00,12598,768,5802,5675,43,416,1563,164,879,0,0,778,0,151,10,-3676,25,12598
2026/1/5,17:30,12444,772,5548,5623,42,418,1567,163,879,0,0,839,0,143,0,-3572,22,12444
2026/1/5,18:00,12397,774,5640,5539,43,412,1569,164,883,0,0,855,0,141,25,-3674,26,12397
2026/1/5,18:30,12481,772,6196,5459,43,417,1569,161,880,0,0,906,0,3,34,-3980,21,12481
2026/1/5,19:00,12257,772,5962,5409,43,413,1565,163,885,0,0,924,0,1,7,-3908,21,12257
2026/1/5,19:30,12289,770,6254,5501,42,416,1572,163,884,0,0,961,0,1,-1,-4292,18,12289
2026/1/5,20:00,12028,776,5920,5556,41,414,1516,163,886,0,0,946,0,1,-12,-4202,23,12028
2026/1/5,20:30,11863,770,5740,5420,40,411,1511,162,885,0,0,1017,0,1,-1,-4112,19,11863
2026/1/5,21:00,11584,772,5416,5289,39,414,1463,163,883,0,0,1095,0,1,-1,-3968,18,11584
2026/1/5,21:30,11345,772,5368,5283,37,410,1470,162,883,0,0,1045,0,1,-1,-4098,13,11345
2026/1/5,22:00,11021,774,5476,5415,35,381,1455,162,883,0,0,1075,0,1,-2,-4654,20,11021
2026/1/5,22:30,10681,772,5172,5312,34,377,1449,163,882,0,0,1146,0,1,-2,-4642,17,10681
2026/1/5,23:00,10662,770,4992,5173,34,379,1419,160,876,0,0,1318,0,1,0,-4476,16,10662
2026/1/5,23:30,10419,774,4606,5211,33,377,1408,162,880,0,0,1273,0,1,-3,-4314,11,10419
2026/1/6,0:00,10195,772,4220,5510,31,336,1300,163,876,0,0,1257,0,1,-1,-4278,8,10195
2026/1/6,0:30,10048,772,4086,5467,31,309,1305,163,877,0,0,1319,0,1,-2,-4288,8,10048
2026/1/6,1:00,10145,774,4182,5320,30,307,1296,161,878,0,0,1322,0,1,-1,-4134,9,10145
2026/1/6,1:30,10218,770,4296,5393,31,307,1297,163,879,0,0,1252,0,1,-2,-4178,9,10218
2026/1/6,2:00,10289,772,4462,5271,32,332,1309,162,878,0,0,1246,0,1,0,-4186,10,10289
2026/1/6,2:30,10415,768,4434,5374,32,342,1322,163,879,0,0,1276,0,1,-1,-4184,9,10415
2026/1/6,3:00,10489,776,4252,5566,33,330,1341,160,874,0,0,1260,0,1,-1,-4112,9,10489
2026/1/6,3:30,10651,766,4592,5369,33,337,1343,163,880,0,0,1288,0,1,-1,-4128,8,10651
2026/1/6,4:00,10664,772,4564,5386,34,340,1381,162,877,0,0,1342,0,1,-1,-4202,8,10664
2026/1/6,4:30,10732,768,4362,5618,35,343,1397,162,874,0,0,1376,0,1,0,-4212,8,10732
2026/1/6,5:00,11072,776,4474,5468,35,368,1414,162,876,0,0,1307,0,1,-2,-3818,11,11072
2026/1/6,5:30,11269,772,4618,5462,35,314,1415,162,873,0,0,1310,0,1,-1,-3704,12,11269
2026/1/6,6:00,11663,772,5176,5594,37,406,1416,162,876,0,0,1309,0,1,1,-4100,13,11663
2026/1/6,6:30,12140,784,5718,5839,38,411,1415,162,876,1,0,1380,0,1,3,-4508,20,12140
2026/1/6,7:00,12136,780,5706,5834,38,410,1415,159,873,75,0,1362,0,1,-6,-4540,29,12136
2026/1/6,7:30,12508,786,5966,5833,41,407,1425,163,874,289,0,1292,0,1,-3,-4590,24,12508
2026/1/6,8:00,13021,788,5940,5824,43,411,1479,168,903,539,0,1213,0,1,-3,-4308,23,13021
2026/1/6,8:30,13327,786,5624,5839,44,405,1542,176,932,829,0,1215,0,1,1,-4086,19,13327
2026/1/6,9:00,13420,782,4560,5533,45,409,1541,181,956,1133,0,1154,0,1,-2,-2894,21,13420
2026/1/6,9:30,13536,786,4508,5419,45,397,1565,185,973,1451,0,1168,0,1,-2,-2984,24,13536
2026/1/6,10:00,13298,786,4372,5475,44,375,1455,181,954,1704,0,1256,0,1,-1,-3326,22,13298
2026/1/6,10:30,13142,784,3902,5256,44,304,1424,176,939,1870,0,1253,0,1,-3,-2828,20,13142
2026/1/6,11:00,13096,782,3918,5179,44,385,1369,174,922,1900,0,1281,0,1,0,-2878,19,13096
2026/1/6,11:30,12899,780,4046,4997,45,389,1371,175,929,1886,0,1337,0,1,-7,-3070,20,12899
2026/1/6,12:00,12546,786,3554,4826,43,307,1394,177,932,1898,0,1437,0,1,-54,-2772,17,12546
2026/1/6,12:30,12334,780,3478,4588,42,304,1375,175,922,1875,0,1494,0,1,-34,-2682,16,12334
2026/1/6,13:00,12667,780,3578,4650,42,400,1419,178,945,1822,0,1495,0,1,-1,-2662,20,12667
2026/1/6,13:30,12735,778,3724,4835,41,387,1382,173,927,1775,0,1571,0,1,0,-2872,13,12735
2026/1/6,14:00,12541,782,4498,5286,40,396,1416,177,928,1449,0,1523,0,1,-4,-3970,19,12541
2026/1/6,14:30,12498,782,4746,5589,40,409,1388,168,897,1101,0,1460,0,1,-1,-4096,14,12498
2026/1/6,15:00,12622,788,5644,5640,41,412,1454,162,867,730,0,1462,0,1,0,-4602,23,12622
2026/1/6,15:30,12759,784,6094,5756,41,401,1443,160,857,360,0,1422,0,1,-4,-4576,20,12759
2026/1/6,16:00,12924,784,6100,5836,42,412,1510,162,867,70,0,1318,0,143,-2,-4340,22,12924
2026/1/6,16:30,13145,788,6228,5900,42,414,1513,162,872,0,0,1310,0,151,2,-4250,13,13145
2026/1/6,17:00,13081,782,6362,5873,42,413,1508,162,876,0,0,1276,0,161,1,-4402,27,13081
2026/1/6,17:30,12994,786,6468,5902,42,407,1513,163,873,0,0,1224,0,151,-3,-4554,22,12994
2026/1/6,18:00,12962,788,6608,5902,43,408,1505,160,872,0,0,1170,0,157,0,-4680,29,12962
2026/1/6,18:30,12825,786,6624,5897,42,419,1515,163,874,0,0,1115,0,147,0,-4778,21,12825
2026/1/6,19:00,12605,788,6442,5912,42,414,1511,163,874,0,0,1063,0,147,-1,-4772,22,12605
2026/1/6,19:30,12432,782,6410,5897,41,410,1519,162,877,0,0,1030,0,145,2,-4860,17,12432
2026/1/6,20:00,12274,788,6380,5913,40,415,1465,163,877,0,0,986,0,149,32,-4956,22,12274
2026/1/6,20:30,12005,784,6226,5904,39,417,1459,163,875,0,0,886,0,147,28,-4942,19,12005
2026/1/6,21:00,11783,786,6226,5899,38,409,1438,162,877,0,0,794,0,149,-2,-5010,17,11783
2026/1/6,21:30,11355,788,5960,5874,36,417,1435,161,875,0,0,739,0,3,-1,-4944,12,11355
2026/1/6,22:00,10970,786,5654,5722,34,385,1438,160,872,0,0,656,0,1,-2,-4756,20,10970
2026/1/6,22:30,10626,788,5526,5599,33,384,1441,162,876,0,0,600,0,1,-2,-4802,20,10626
2026/1/6,23:00,10528,784,5034,5512,33,384,1403,162,878,0,0,543,0,1,-1,-4218,13,10528
2026/1/6,23:30,10408,790,5096,5524,31,386,1389,162,878,0,0,482,0,1,-1,-4340,10,10408
2026/1/7,0:00,10112,784,4726,5529,31,382,1301,162,875,0,0,381,0,1,-2,-4066,8,10112
2026/1/7,0:30,9922,790,4612,5522,30,383,1293,163,877,0,0,343,0,-1,-1,-4096,7,9922
2026/1/7,1:00,10090,784,4646,5527,30,386,1280,162,878,0,0,343,0,-207,0,-3746,7,10090
2026/1/7,1:30,10078,786,4582,5501,31,383,1281,162,877,0,0,330,0,-223,-1,-3640,9,10078
2026/1/7,2:00,10237,782,4604,5547,31,333,1289,160,876,0,0,313,0,-223,-2,-3482,9,10237
2026/1/7,2:30,10363,790,4634,5570,32,326,1297,162,874,0,0,260,0,-223,0,-3368,9,10363
2026/1/7,3:00,10514,784,4660,5691,32,336,1329,161,875,0,0,250,0,1,-1,-3612,8,10514
2026/1/7,3:30,10574,784,4722,5754,33,351,1339,162,874,0,0,267,0,1,-1,-3720,8,10574
2026/1/7,4:00,10660,788,4778,5724,33,310,1357,162,864,0,0,277,0,1,-1,-3640,7,10660
2026/1/7,4:30,10810,784,4830,5712,34,315,1368,162,866,0,0,295,0,1,-1,-3564,8,10810
2026/1/7,5:00,11080,790,4804,5668,35,387,1375,161,866,0,0,322,0,1,-1,-3338,10,11080
2026/1/7,5:30,11312,786,5068,5597,35,382,1376,162,867,0,0,322,0,1,-2,-3294,12,11312
2026/1/7,6:00,11796,784,5572,5622,37,412,1427,160,868,0,0,390,0,1,-2,-3488,13,11796
2026/1/7,6:30,12128,786,6136,5655,38,414,1438,162,871,1,0,381,0,1,2,-3780,23,12128
2026/1/7,7:00,12109,786,6232,5691,38,420,1434,162,867,105,0,424,0,1,0,-4080,29,12109
2026/1/7,7:30,12643,784,6816,5835,39,410,1441,163,881,404,0,444,0,1,-7,-4592,24,12643
2026/1/7,8:00,12919,786,7022,5887,42,406,1472,164,889,778,0,495,0,1,-29,-5018,24,12919
2026/1/7,8:30,13307,784,6992,5896,43,410,1490,167,905,1111,0,576,0,1,1,-5088,19,13307
2026/1/7,9:00,13380,788,6490,5895,42,413,1480,171,924,1398,0,601,0,1,-6,-4838,21,13380
2026/1/7,9:30,13340,786,6146,5897,41,429,1472,172,923,1723,0,631,0,1,3,-4908,24,13340
2026/1/7,10:00,12982,784,5756,5859,40,425,1427,171,931,1806,0,651,0,1,-2,-4890,23,12982
2026/1/7,10:30,12924,784,5616,5860,40,416,1416,173,935,1897,0,688,0,1,-5,-4918,21,12924
2026/1/7,11:00,12695,786,5538,5856,40,405,1385,178,959,1890,0,714,0,1,0,-5076,19,12695
2026/1/7,11:30,12567,786,5524,5750,39,409,1385,179,950,1936,0,751,0,1,0,-5164,21,12567
2026/1/7,12:00,11937,784,5056,5552,38,311,1339,174,927,2119,0,769,0,1,-52,-5098,17,11937
2026/1/7,12:30,11743,790,4598,5632,39,302,1331,170,916,2138,0,824,0,1,-11,-5002,15,11743
2026/1/7,13:00,12024,786,4862,5702,38,303,1317,170,914,2023,0,909,0,1,-3,-5018,20,12024
2026/1/7,13:30,11969,786,4908,5702,37,391,1330,168,906,1909,0,880,0,1,2,-5064,13,11969
2026/1/7,14:00,11893,790,5062,5710,37,400,1365,166,898,1719,0,955,0,1,-5,-5224,19,11893
2026/1/7,14:30,11813,786,5306,5678,37,419,1359,164,891,1418,0,1036,0,1,0,-5298,16,11813
2026/1/7,15:00,11730,786,5272,5426,37,432,1396,162,885,1084,0,1004,0,1,0,-4772,17,11730
2026/1/7,15:30,11809,788,5368,5740,38,431,1378,159,871,598,0,1041,0,1,-4,-4618,18,11809
2026/1/7,16:00,12106,788,5530,5877,39,459,1455,162,883,124,0,990,0,1,-1,-4222,21,12106
2026/1/7,16:30,12427,784,5942,5880,38,464,1467,162,881,1,0,988,0,1,2,-4196,13,12427
2026/1/7,17:00,12563,788,6288,5894,38,465,1473,160,884,0,0,981,0,153,-1,-4584,24,12563
2026/1/7,17:30,12489,788,6302,5896,38,466,1468,162,883,0,0,894,0,159,1,-4588,20,12489
2026/1/7,18:00,12502,788,6432,5880,38,469,1483,163,886,0,0,885,0,155,34,-4736,25,12502
2026/1/7,18:30,12385,788,6256,5897,38,469,1479,163,882,0,0,979,0,143,29,-4758,20,12385
2026/1/7,19:00,12244,786,5932,5889,37,471,1492,163,885,0,0,977,0,151,-1,-4558,20,12244
2026/1/7,19:30,12164,792,6194,5893,37,421,1498,163,888,0,0,840,0,159,-1,-4736,16,12164
2026/1/7,20:00,12008,788,6502,5896,36,409,1468,163,898,0,0,749,0,1,-1,-4922,21,12008
2026/1/7,20:30,11691,786,6196,5887,35,407,1452,159,892,0,0,669,0,1,-1,-4810,18,11691
2026/1/7,21:00,11547,788,6162,5858,34,409,1422,163,890,0,0,697,0,1,-1,-4892,16,11547
2026/1/7,21:30,11075,786,5548,5862,32,407,1429,162,889,0,0,677,0,1,-1,-4728,11,11075
2026/1/7,22:00,10793,790,5128,5792,30,315,1400,162,884,0,0,664,0,1,-1,-4390,18,10793
2026/1/7,22:30,10364,788,4854,5547,28,312,1398,163,888,0,0,714,0,1,-2,-4344,17,10364
2026/1/7,23:00,10405,786,4604,5492,29,376,1364,162,889,0,0,828,0,1,-1,-4136,11,10405
2026/1/7,23:30,10093,790,3864,5465,28,375,1366,162,888,0,0,938,0,1,-2,-3790,8,10093
2026/1/8,0:00,9922,788,3830,5502,27,383,1287,162,886,0,0,957,0,1,-11,-3896,6,9922
2026/1/8,0:30,9835,786,4000,5506,26,365,1270,159,885,0,0,866,0,1,-43,-3992,6,9835
2026/1/8,1:00,9832,788,4178,5492,26,385,1259,162,886,0,0,847,0,1,-42,-4156,6,9832
2026/1/8,1:30,9850,790,4056,5483,27,385,1262,162,889,0,0,891,0,1,-11,-4092,7,9850
2026/1/8,2:00,9982,786,3964,5466,27,369,1287,162,889,0,0,945,0,1,-2,-3920,8,9982
2026/1/8,2:30,10111,790,3836,5473,29,385,1301,161,890,0,0,1071,0,1,-1,-3832,7,10111
2026/1/8,3:00,10241,788,3848,5498,29,371,1341,162,891,0,0,1128,0,1,-2,-3820,6,10241
2026/1/8,3:30,10254,786,3798,5519,31,375,1351,161,890,0,0,1150,0,1,-2,-3812,6,10254
2026/1/8,4:00,10329,788,3918,5500,32,387,1363,162,890,0,0,1198,0,1,-2,-3914,6,10329
2026/1/8,4:30,10475,790,3934,5494,32,368,1359,159,890,0,0,1358,0,1,-1,-3916,7,10475
2026/1/8,5:00,10775,788,3938,5555,33,377,1382,162,891,0,0,1369,0,1,-2,-3728,9,10775
2026/1/8,5:30,11139,792,4302,5608,34,384,1384,161,892,0,0,1357,0,1,-1,-3786,11,11139
2026/1/8,6:00,11574,786,5460,5665,35,412,1418,161,890,0,0,1380,0,1,2,-4648,12,11574
2026/1/8,6:30,11832,786,5622,5751,36,418,1421,162,891,4,0,1397,0,1,0,-4680,23,11832
2026/1/8,7:00,11858,788,5288,5896,38,416,1429,160,893,125,0,1458,0,1,-3,-4660,29,11858
2026/1/8,7:30,12288,786,5490,5888,40,414,1442,162,890,406,0,1494,0,1,-3,-4746,24,12288
2026/1/8,8:00,12763,788,5810,5884,42,416,1498,164,904,791,0,1420,0,1,-3,-4976,24,12763
2026/1/8,8:30,13282,788,5708,5884,44,417,1518,167,908,1280,0,1504,0,1,33,-4990,20,13282
2026/1/8,9:00,13477,786,5292,5803,45,425,1468,165,910,1692,0,1510,0,1,28,-4670,22,13477
2026/1/8,9:30,13378,788,4572,5751,46,384,1448,167,908,2141,0,1522,0,1,-1,-4374,25,13378
2026/1/8,10:00,13337,786,4762,5696,45,419,1364,167,908,2401,0,1507,0,1,-4,-4738,23,13337
2026/1/8,10:30,13325,786,4474,5667,46,427,1381,169,925,2632,0,1548,0,1,-1,-4752,22,13325
2026/1/8,11:00,13286,790,4476,5619,46,429,1363,169,920,2987,0,1592,0,1,-6,-5120,20,13286
2026/1/8,11:30,13252,788,4288,5484,48,426,1347,167,916,3225,0,1564,0,1,-4,-5020,22,13252
2026/1/8,12:00,12897,786,4314,5298,46,344,1381,169,932,3080,0,1593,0,1,-51,-5014,18,12897
2026/1/8,12:30,12700,786,4044,5261,45,361,1323,164,901,3224,0,1629,0,1,-38,-5018,17,12700
2026/1/8,13:00,13153,786,4034,5390,45,411,1316,165,898,3044,0,1623,0,1,-3,-4578,21,13153
2026/1/8,13:30,13145,784,4418,5646,45,410,1343,164,908,2516,0,1670,0,1,-4,-4770,14,13145
2026/1/8,14:00,13063,788,4864,5810,44,414,1346,166,912,1869,0,1650,0,1,1,-4822,20,13063
2026/1/8,14:30,12989,784,5116,5888,44,416,1314,162,888,1248,0,1640,0,1,-4,-4524,16,12989
2026/1/8,15:00,13250,786,5858,5897,44,419,1411,160,885,707,0,1676,0,1,0,-4614,20,13250
2026/1/8,15:30,13510,786,6544,5892,45,414,1419,159,879,303,0,1747,0,1,-2,-4696,19,13510
2026/1/8,16:00,13508,786,6514,5897,46,418,1497,161,888,58,0,1810,0,1,0,-4590,22,13508
2026/1/8,16:30,13796,788,6744,5886,45,420,1499,161,888,0,0,1808,0,153,6,-4616,14,13796
2026/1/8,17:00,13856,786,6860,5880,46,417,1514,162,890,0,0,1767,0,159,12,-4662,25,13856
2026/1/8,17:30,13714,786,6732,5896,45,415,1523,162,896,0,0,1668,0,151,3,-4584,21,13714
2026/1/8,18:00,13702,786,6592,5887,45,412,1558,160,895,0,0,1717,0,225,13,-4616,28,13702
2026/1/8,18:30,13674,784,6656,5899,46,418,1552,162,894,0,0,1698,0,227,34,-4718,22,13674
2026/1/8,19:00,13424,786,6666,5889,45,414,1551,162,891,0,0,1613,0,227,17,-4864,27,13424
2026/1/8,19:30,13242,784,6494,5902,44,418,1557,162,886,0,0,1574,0,225,-1,-4820,17,13242
2026/1/8,20:00,13095,788,6822,5893,43,416,1523,162,881,0,0,1598,0,3,-12,-5044,22,13095
2026/1/8,20:30,12795,784,6422,5896,42,415,1517,161,874,0,0,1550,0,1,-12,-4874,19,12795
2026/1/8,21:00,12615,784,6324,5898,41,410,1496,162,870,0,0,1536,0,1,-1,-4924,18,12615
2026/1/8,21:30,12139,786,5780,5877,38,413,1482,161,865,0,0,1555,0,1,-2,-4830,13,12139
2026/1/8,22:00,11868,784,5474,5868,36,388,1453,161,857,0,0,1489,0,1,-2,-4660,19,11868
2026/1/8,22:30,11367,786,4922,5858,34,321,1445,160,850,0,0,1408,0,1,-2,-4436,20,11367
2026/1/8,23:00,11409,786,4816,5842,35,385,1421,161,851,0,0,1471,0,1,-1,-4372,13,11409
2026/1/8,23:30,11054,786,4190,5838,33,385,1411,160,849,0,0,1572,0,-1,-1,-4178,10,11054
2026/1/9,0:00,10906,782,3956,5805,32,384,1317,161,845,0,0,1613,0,-209,-16,-3772,8,10906
2026/1/9,0:30,10664,786,3568,5686,32,379,1302,161,843,0,0,1654,0,-225,-38,-3492,8,10664
2026/1/9,1:00,10785,790,3792,5597,31,386,1299,160,846,0,0,1609,0,-223,-32,-3478,8,10785
2026/1/9,1:30,10871,782,4058,5578,32,386,1303,161,848,0,0,1519,0,-225,-2,-3578,9,10871
2026/1/9,2:00,11007,786,4232,5581,32,382,1300,161,844,0,0,1556,0,-223,-2,-3652,10,11007
2026/1/9,2:30,11068,786,4206,5563,33,385,1301,158,848,0,0,1564,0,-225,-2,-3558,9,11068
2026/1/9,3:00,11162,784,4096,5583,34,387,1310,161,846,0,0,1616,0,-223,-3,-3438,9,11162
2026/1/9,3:30,11128,786,4108,5598,34,382,1312,159,849,0,0,1580,0,-223,-3,-3462,8,11128
2026/1/9,4:00,11192,786,4186,5584,34,387,1306,161,848,0,0,1603,0,-223,0,-3488,8,11192
2026/1/9,4:30,11271,782,4216,5695,36,388,1315,160,845,0,0,1608,0,-223,-3,-3556,8,11271
2026/1/9,5:00,11590,782,4214,5838,36,378,1387,159,849,0,0,1537,0,-223,-2,-3376,11,11590
2026/1/9,5:30,11836,784,4512,5903,37,385,1393,160,842,0,0,1462,0,-221,-1,-3432,12,11836
2026/1/9,6:00,12384,786,5896,5890,38,410,1371,161,848,0,0,1478,0,1,-1,-4506,12,12384
2026/1/9,6:30,12586,788,6020,5904,39,414,1364,158,849,0,0,1510,0,1,-3,-4482,24,12586
2026/1/9,7:00,12706,782,5790,5901,39,413,1365,158,846,86,0,1531,0,1,-1,-4234,29,12706
2026/1/9,7:30,12879,786,5508,5903,41,419,1364,159,843,293,0,1538,0,1,-1,-4000,25,12879
2026/1/9,8:00,13324,784,6078,5905,43,411,1406,163,860,558,0,1408,0,1,-5,-4312,24,13324
2026/1/9,8:30,13605,782,5622,5894,45,411,1416,165,864,997,0,1474,0,1,-2,-4084,20,13605
2026/1/9,9:00,13682,786,4642,5796,45,424,1371,165,862,1457,0,1477,0,1,-4,-3362,22,13682
2026/1/9,9:30,13500,786,3640,5771,45,423,1379,167,871,1984,0,1514,0,1,-4,-3102,25,13500
2026/1/9,10:00,13224,782,3558,5567,44,342,1303,169,887,2455,0,1641,0,1,5,-3552,22,13224
2026/1/9,10:30,13237,788,3590,5587,44,334,1311,172,888,2697,0,1689,0,1,32,-3918,22,13237
2026/1/9,11:00,12994,786,3834,5253,43,367,1275,168,870,3085,0,1721,0,1,33,-4462,20,12994
2026/1/9,11:30,12844,790,3850,5025,43,363,1283,169,874,3109,0,1765,0,1,-4,-4446,22,12844
2026/1/9,12:00,12356,786,3644,5006,42,322,1258,167,858,2996,0,1786,0,1,-37,-4492,19,12356
2026/1/9,12:30,12219,790,3932,5025,42,322,1297,170,874,2665,0,1772,0,1,-44,-4642,15,12219
2026/1/9,13:00,12561,782,4618,5034,41,411,1293,168,863,2456,0,1753,0,1,-5,-4874,20,12561
2026/1/9,13:30,12466,782,4536,5126,41,414,1268,165,845,2146,0,1691,0,1,3,-4570,18,12466
2026/1/9,14:00,12379,784,4400,5411,41,416,1285,166,850,1676,0,1674,0,1,-3,-4340,18,12379
2026/1/9,14:30,12330,784,4524,5548,41,413,1262,163,831,1265,0,1615,0,1,-1,-4138,22,12330
2026/1/9,15:00,12354,788,4838,5766,42,410,1360,161,824,786,0,1482,0,1,-7,-4116,19,12354
2026/1/9,15:30,12490,788,5432,5880,42,410,1357,159,817,383,0,1340,0,1,-1,-4136,18,12490
2026/1/9,16:00,12713,784,5810,5908,42,415,1419,160,822,86,0,1176,0,137,1,-4068,21,12713
2026/1/9,16:30,12830,786,5926,5886,43,414,1459,159,827,0,0,1098,0,225,-2,-4010,19,12830
2026/1/9,17:00,12840,786,5972,5935,43,415,1458,162,832,0,0,1058,0,227,7,-4082,27,12840
2026/1/9,17:30,12724,786,6146,5941,43,422,1462,161,829,0,0,891,0,225,13,-4216,21,12724
2026/1/9,18:00,12635,784,6664,5946,44,412,1476,161,830,0,0,695,0,227,12,-4646,30,12635
2026/1/9,18:30,12550,790,6762,5934,43,413,1470,162,831,0,0,657,0,231,44,-4812,25,12550
2026/1/9,19:00,12324,786,6640,5956,43,413,1473,162,841,0,0,477,0,229,34,-4752,22,12324
2026/1/9,19:30,12141,784,6586,5944,41,413,1470,160,849,0,0,393,0,227,-1,-4744,19,12141
2026/1/9,20:00,12001,788,6494,5934,40,416,1388,162,857,0,0,410,0,227,3,-4746,28,12001
2026/1/9,20:30,11785,784,6248,5921,39,411,1336,160,862,0,0,432,0,227,-1,-4650,16,11785
2026/1/9,21:00,11568,786,6068,5922,38,409,1246,161,866,0,0,519,0,159,0,-4632,26,11568
2026/1/9,21:30,11193,788,5794,5901,36,410,1231,161,871,0,0,568,0,1,-1,-4588,21,11193
2026/1/9,22:00,10948,788,5488,5819,33,380,1171,161,877,0,0,590,0,1,-2,-4380,22,10948
2026/1/9,22:30,10616,784,5176,5708,31,381,1164,162,879,0,0,626,0,1,-2,-4312,18,10616
2026/1/9,23:00,10645,790,5254,5552,32,379,1122,160,878,0,0,650,0,1,-1,-4186,14,10645
2026/1/9,23:30,10300,784,5040,5333,30,380,1093,161,879,0,0,688,0,1,0,-4098,9,10300
2026/1/10,0:00,10116,786,4878,5002,29,374,947,160,876,0,0,789,0,1,-13,-3720,7,10116
2026/1/10,0:30,9879,788,4498,4837,28,377,940,159,878,0,0,743,0,1,-13,-3364,7,9879
2026/1/10,1:00,9947,782,4868,4619,28,375,937,161,882,0,0,748,0,1,-13,-3448,7,9947
2026/1/10,1:30,10055,790,5334,4383,28,374,938,160,882,0,0,771,0,1,-14,-3600,8,10055
2026/1/10,2:00,10071,786,5030,4262,28,375,933,162,879,0,0,695,0,1,-1,-3088,9,10071
2026/1/10,2:30,10124,788,5004,4233,29,376,933,161,875,0,0,683,0,1,-1,-2966,8,10124
2026/1/10,3:00,10233,784,4930,4245,29,375,940,160,879,0,0,714,0,1,0,-2832,8,10233
2026/1/10,3:30,10107,792,4436,4231,30,371,941,161,875,0,0,695,0,1,-1,-2432,7,10107
2026/1/10,4:00,10178,786,4734,4300,30,373,978,158,877,0,0,719,0,1,-1,-2784,7,10178
2026/1/10,4:30,10206,786,4624,4399,30,375,984,161,876,0,0,703,0,1,-2,-2738,7,10206
2026/1/10,5:00,10295,786,4762,4472,31,375,1023,161,877,0,0,684,0,1,-1,-2886,10,10295
2026/1/10,5:30,10318,790,4610,4547,31,380,1031,160,877,0,0,689,0,1,-1,-2808,11,10318
2026/1/10,6:00,10430,788,4642,4642,30,400,1031,161,877,0,0,701,0,1,-3,-2852,12,10430
2026/1/10,6:30,10629,790,4838,4692,31,408,1032,161,877,1,0,754,0,1,4,-2982,22,10629
2026/1/10,7:00,10599,786,5222,4689,31,407,1030,159,876,126,0,758,0,1,-3,-3512,29,10599
2026/1/10,7:30,10872,786,5356,4723,32,410,1014,157,864,485,0,761,0,1,-3,-3738,24,10872
2026/1/10,8:00,10951,788,4936,4847,33,408,1005,158,867,987,0,803,0,1,-6,-3898,22,10951
2026/1/10,8:30,11156,788,4598,4794,33,386,1014,159,870,1556,0,784,0,1,3,-3852,22,11156
2026/1/10,9:00,10999,790,3928,4626,31,323,947,161,872,2159,0,795,0,1,-3,-3654,23,10999
2026/1/10,9:30,10930,782,3714,4404,29,310,982,166,896,2889,0,774,0,1,-6,-4036,25,10930
2026/1/10,10:00,10490,790,3122,4113,28,308,989,169,909,3620,0,846,0,1,-4,-4432,31,10490
2026/1/10,10:30,10246,786,2664,3677,28,307,1001,171,912,4131,0,897,0,-1,2,-4350,21,10246
2026/1/10,11:00,9967,788,2260,3455,27,311,994,167,911,4818,0,934,0,-213,-5,-4498,18,9967
2026/1/10,11:30,9799,784,2016,3365,26,312,1022,173,927,5179,0,901,0,-225,1,-4702,20,9799
2026/1/10,12:00,9506,792,1854,3276,26,312,1018,172,925,5282,0,864,0,-225,-37,-4774,21,9506
2026/1/10,12:30,9291,788,1980,3197,26,314,1007,170,918,5001,0,875,0,-223,-39,-4744,21,9291
2026/1/10,13:00,9263,790,2136,3263,28,310,1015,172,920,4670,0,883,0,-225,-6,-4712,19,9263
2026/1/10,13:30,9085,788,2242,3275,29,310,1016,172,919,4263,0,913,0,-225,0,-4634,17,9085
2026/1/10,14:00,9101,784,2474,3270,30,310,1026,169,918,3493,0,973,0,-223,4,-4144,17,9101
2026/1/10,14:30,9071,792,3292,3319,30,309,984,166,891,2547,0,954,0,-223,20,-4036,26,9071
2026/1/10,15:00,9068,786,3632,3803,31,312,1014,162,874,1494,0,891,0,-1,21,-3970,19,9068
2026/1/10,15:30,9211,790,4054,4168,31,374,1012,159,869,643,0,977,0,1,-20,-3866,19,9211
2026/1/10,16:00,9622,786,4252,4503,31,418,1085,162,877,135,0,976,0,1,-38,-3588,22,9622
2026/1/10,16:30,10039,788,4760,4647,32,414,1097,162,880,2,0,973,0,1,-6,-3726,15,10039
2026/1/10,17:00,10266,788,4794,4635,34,416,1094,163,880,0,0,1042,0,1,-1,-3606,26,10266
2026/1/10,17:30,10410,788,4810,4700,35,414,1098,163,881,0,0,1245,0,1,-2,-3746,23,10410
2026/1/10,18:00,10409,790,4724,4732,34,420,1090,160,875,0,0,1430,0,1,-1,-3872,26,10409
2026/1/10,18:30,10376,790,4814,4767,34,420,1093,162,878,0,0,1413,0,1,0,-4016,20,10376
2026/1/10,19:00,10282,788,4846,4856,34,439,1090,162,872,0,0,1320,0,1,-2,-4146,22,10282
2026/1/10,19:30,10141,788,4738,4858,33,428,1094,162,870,0,0,1312,0,1,-1,-4158,16,10141
2026/1/10,20:00,10013,788,4514,4831,32,411,1043,161,874,0,0,1477,0,1,-1,-4138,20,10013
2026/1/10,20:30,9897,784,4366,4804,32,414,1035,161,873,0,0,1569,0,1,-2,-4158,18,9897
2026/1/10,21:00,9663,792,3998,4741,31,413,1032,162,872,0,0,1567,0,1,-1,-3962,17,9663
2026/1/10,21:30,9504,788,4102,4748,29,399,1042,159,874,0,0,1575,0,1,-2,-4222,11,9504
2026/1/10,22:00,9246,788,3496,4734,28,320,1028,160,869,0,0,1642,0,1,-2,-3836,18,9246
2026/1/10,22:30,8987,788,3260,4689,26,315,1048,162,871,0,0,1652,0,1,-13,-3828,16,8987
2026/1/10,23:00,8981,792,3274,4600,27,384,1047,161,874,0,0,1652,0,1,-2,-3840,11,8981
2026/1/10,23:30,8757,786,3234,4583,26,315,1055,161,873,0,0,1603,0,1,-7,-3882,9,8757
2026/1/11,0:00,8618,788,3212,4427,25,310,1057,160,873,0,0,1549,0,1,-1,-3790,7,8618
2026/1/11,0:30,8494,790,3164,4384,24,306,1065,161,874,0,0,1495,0,1,-2,-3774,6,8494
2026/1/11,1:00,8544,788,3058,4374,25,308,1076,159,877,0,0,1473,0,1,0,-3602,7,8544
2026/1/11,1:30,8631,788,2992,4388,25,307,1082,161,875,0,0,1518,0,1,0,-3514,8,8631
2026/1/11,2:00,8751,790,3018,4376,26,306,1099,161,873,0,0,1510,0,1,-1,-3416,8,8751
2026/1/11,2:30,8811,790,3022,4377,27,309,1103,161,874,0,0,1478,0,1,-1,-3338,8,8811
2026/1/11,3:00,8968,788,3132,4366,27,305,1116,161,875,0,0,1466,0,1,-2,-3274,7,8968
2026/1/11,3:30,9019,788,3194,4374,28,312,1118,161,874,0,0,1437,0,1,-1,-3274,7,9019
2026/1/11,4:00,9040,786,3186,4372,28,309,1130,162,874,0,0,1456,0,1,-1,-3270,7,9040
2026/1/11,4:30,9083,790,3202,4434,29,311,1134,161,874,0,0,1429,0,1,-1,-3288,7,9083
2026/1/11,5:00,9134,790,3116,4536,29,315,1155,159,874,0,0,1473,0,1,-2,-3322,10,9134
2026/1/11,5:30,9112,788,3218,4526,28,313,1188,161,872,0,0,1449,0,1,-1,-3442,11,9112
2026/1/11,6:00,9035,792,3302,4513,28,310,1210,161,874,0,0,1483,0,1,-1,-3648,10,9035
2026/1/11,6:30,9156,786,3714,4483,28,311,1213,162,873,0,0,1483,0,1,-1,-3918,21,9156
2026/1/11,7:00,9091,792,3624,4548,29,311,1213,161,874,48,0,1473,0,1,-1,-4012,30,9091
2026/1/11,7:30,9227,788,3434,4611,30,310,1222,162,871,262,0,1453,0,1,-1,-3940,24,9227
2026/1/11,8:00,9448,792,3618,4584,31,313,1212,163,876,519,0,1504,0,1,0,-4188,23,9448
2026/1/11,8:30,9699,784,3712,4585,32,311,1229,165,884,751,0,1485,0,1,18,-4282,24,9699
2026/1/11,9:00,9686,794,2918,4594,33,305,1189,165,884,1180,0,1545,0,1,33,-3978,23,9686
2026/1/11,9:30,9724,790,2902,4347,32,307,1149,161,872,1661,0,1527,0,1,5,-4056,26,9724
2026/1/11,10:00,9531,786,2314,4293,32,309,1138,162,868,2362,0,1537,0,-213,-2,-4080,25,9531
2026/1/11,10:30,9469,794,2348,3839,34,308,1198,169,898,2800,0,1580,0,-225,-3,-4292,21,9469
2026/1/11,11:00,9348,784,2216,3595,34,313,1214,171,905,2984,0,1575,0,-225,0,-4238,20,9348
2026/1/11,11:30,9391,790,2112,3536,36,308,1223,172,910,3142,0,1578,0,-223,-10,-4206,23,9391
2026/1/11,12:00,9421,792,2096,3596,37,313,1197,168,897,3014,0,1671,0,-223,-31,-4128,22,9421
2026/1/11,12:30,9425,788,2566,3672,37,308,1233,172,916,2528,0,1640,0,-225,-35,-4190,15,9425
2026/1/11,13:00,9498,788,2610,3873,36,305,1198,169,897,2176,0,1728,0,-223,-5,-4076,22,9498
2026/1/11,13:30,9637,790,2810,4242,36,311,1185,166,893,1538,0,1768,0,-223,-2,-3898,21,9637
2026/1/11,14:00,9595,784,2650,4327,36,304,1145,161,870,917,0,1750,0,1,1,-3370,19,9595
2026/1/11,14:30,9833,792,3092,4542,36,302,1151,154,870,546,0,1735,0,1,-3,-3410,25,9833
2026/1/11,15:00,10215,790,3456,4629,36,319,1151,152,869,354,0,1812,0,1,-2,-3372,20,10215
2026/1/11,15:30,10367,788,3522,4754,36,310,1157,151,865,220,0,1783,0,1,-7,-3232,19,10367
2026/1/11,16:00,10431,786,3906,4700,37,314,1241,150,857,83,0,1833,0,1,3,-3504,24,10431
2026/1/11,16:30,10940,790,4604,4808,38,405,1248,150,860,1,0,1906,0,1,2,-3896,23,10940
2026/1/11,17:00,11353,788,4892,4946,39,409,1248,150,861,0,0,1906,0,1,-1,-3912,26,11353
2026/1/11,17:30,11602,786,5226,4995,40,411,1247,150,863,0,0,1914,0,1,-1,-4054,24,11602
2026/1/11,18:00,11613,792,5296,5004,40,405,1244,150,863,0,0,1950,0,1,32,-4192,28,11613
2026/1/11,18:30,11555,788,5182,5063,40,407,1245,147,864,0,0,1935,0,1,30,-4164,17,11555
2026/1/11,19:00,11481,786,5238,5025,39,415,1240,150,860,0,0,1939,0,1,-1,-4228,17,11481
2026/1/11,19:30,11440,786,5276,4944,38,416,1236,149,865,0,0,1962,0,1,-2,-4256,25,11440
2026/1/11,20:00,11333,786,5342,4885,37,393,1181,150,864,0,0,1882,0,1,-2,-4218,32,11333
2026/1/11,20:30,11172,790,5390,4854,36,315,1172,150,863,0,0,1821,0,1,-2,-4238,20,11172
2026/1/11,21:00,11026,790,5194,4831,36,313,1147,150,862,0,0,1887,0,1,-1,-4202,18,11026
2026/1/11,21:30,10737,786,4852,4783,34,302,1147,150,861,0,0,1938,0,1,-1,-4132,16,10737
2026/1/11,22:00,10521,786,4182,4800,32,322,1143,149,855,0,0,1908,0,1,-1,-3670,14,10521
2026/1/11,22:30,10268,784,3858,4774,32,312,1143,149,860,0,0,1871,0,1,-2,-3532,18,10268
2026/1/11,23:00,10388,786,4166,4723,32,378,1131,149,859,0,0,1848,0,1,-3,-3702,20,10388
2026/1/11,23:30,10177,788,4026,4631,31,373,1125,148,863,0,0,1816,0,1,-2,-3640,17,10177
2026/1/12,0:00,10011,788,3938,4437,30,332,1118,150,863,0,0,1751,0,1,-2,-3404,9,10011
2026/1/12,0:30,9886,788,3988,4363,29,382,1113,149,860,0,0,1779,0,1,0,-3574,8,9886
2026/1/12,1:00,9978,786,3896,4382,30,380,1113,150,860,0,0,1731,0,1,0,-3360,9,9978
2026/1/12,1:30,10034,784,3878,4425,29,380,1113,150,859,0,0,1700,0,1,-1,-3294,10,10034
2026/1/12,2:00,10205,788,4022,4471,31,380,1129,149,857,0,0,1699,0,1,-2,-3330,10,10205
2026/1/12,2:30,10290,784,4034,4487,31,377,1133,149,858,0,0,1696,0,1,-2,-3268,10,10290
2026/1/12,3:00,10351,782,4166,4491,32,375,1134,151,857,0,0,1685,0,1,-2,-3330,9,10351
2026/1/12,3:30,10386,790,4238,4502,32,376,1135,149,859,0,0,1686,0,1,-4,-3386,8,10386
2026/1/12,4:00,10544,780,4334,4632,33,381,1130,146,855,0,0,1651,0,1,-37,-3370,8,10544
2026/1/12,4:30,10593,786,4292,4705,33,387,1138,147,855,0,0,1668,0,1,-36,-3392,9,10593
2026/1/12,5:00,10747,782,4426,4793,33,375,1161,147,861,0,0,1663,0,1,-6,-3500,11,10747
2026/1/12,5:30,10953,788,4822,4817,33,384,1163,148,860,0,0,1697,0,1,-1,-3772,13,10953
2026/1/12,6:00,11177,786,5278,4892,34,410,1161,147,855,0,0,1724,0,1,-11,-4114,14,11177
2026/1/12,6:30,11200,784,5284,5036,34,411,1161,148,857,0,0,1707,0,1,-11,-4232,20,11200
2026/1/12,7:00,11311,786,5108,5049,36,414,1153,146,852,34,0,1710,0,1,-10,-3998,30,11311
2026/1/12,7:30,11634,782,5328,5051,37,313,1144,147,848,105,0,1715,0,1,-13,-3850,26,11634
2026/1/12,8:00,11949,786,5318,5051,39,351,1145,146,844,222,0,1745,0,1,-14,-3708,23,11949
2026/1/12,8:30,12165,786,5198,5054,42,305,1159,148,849,369,0,1769,0,1,-15,-3524,24,12165
2026/1/12,9:00,12229,786,4488,5033,42,301,1117,148,855,612,0,1764,0,1,3,-2944,23,12229
2026/1/12,9:30,12175,782,3840,4973,42,306,1148,153,871,860,0,1771,0,1,-6,-2590,24,12175
2026/1/12,10:00,12081,786,3610,4802,42,347,1105,155,879,1214,0,1816,0,1,-2,-2702,28,12081
2026/1/12,10:30,11949,780,3524,4423,41,301,1098,155,875,1597,0,1814,0,1,37,-2720,23,11949
2026/1/12,11:00,11787,788,3354,4335,40,301,1116,158,894,1806,0,1836,0,1,24,-2886,20,11787
2026/1/12,11:30,11572,782,3224,4195,39,301,1111,157,889,2036,0,1852,0,-215,0,-2822,23,11572
2026/1/12,12:00,11358,790,3108,4210,39,303,1089,155,879,2235,0,1869,0,-223,-3,-3114,21,11358
2026/1/12,12:30,11258,782,3234,4292,38,300,1120,159,904,2149,0,1892,0,-223,-3,-3406,20,11258
2026/1/12,13:00,11191,784,3430,4283,39,305,1159,159,900,2057,0,1894,0,-223,-4,-3614,22,11191
2026/1/12,13:30,11226,786,3470,4210,36,302,1138,154,886,1977,0,1890,0,1,3,-3650,23,11226
2026/1/12,14:00,11098,784,3646,4334,36,302,1139,154,873,1693,0,1906,0,1,-4,-3790,24,11098
2026/1/12,14:30,11114,788,4164,4421,36,303,1123,151,860,1319,0,1877,0,1,-1,-3958,30,11114
2026/1/12,15:00,11111,782,4432,4754,36,325,1142,150,845,861,0,1889,0,1,-25,-4102,21,11111
2026/1/12,15:30,11338,788,5076,4876,37,402,1133,148,841,411,0,1866,0,1,-38,-4224,21,11338
2026/1/12,16:00,11473,782,5690,4854,38,406,1229,149,846,101,0,1844,0,1,-22,-4470,25,11473
2026/1/12,16:30,11864,788,5910,4932,40,408,1250,150,849,2,0,1795,0,1,0,-4284,23,11864
2026/1/12,17:00,12186,784,6188,5032,41,409,1290,150,848,0,0,1802,0,1,-1,-4386,28,12186
2026/1/12,17:30,12322,788,6290,5088,41,405,1294,148,846,0,0,1775,0,1,2,-4380,24,12322
2026/1/12,18:00,12256,782,6132,5109,41,407,1296,151,847,0,0,1681,0,201,31,-4448,26,12256
2026/1/12,18:30,12282,786,6360,5123,42,408,1300,151,847,0,0,1585,0,227,10,-4578,21,12282
2026/1/12,19:00,12008,784,6428,5114,40,402,1300,151,850,0,0,1428,0,147,21,-4680,23,12008
2026/1/12,19:30,11885,784,6534,5111,39,408,1300,150,849,0,0,1314,0,3,1,-4630,22,11885
2026/1/12,20:00,11770,784,6390,5113,39,408,1256,151,848,0,0,1266,0,1,1,-4510,23,11770
2026/1/12,20:30,11535,788,6064,5127,36,404,1259,150,848,0,0,1273,0,1,-2,-4432,19,11535
2026/1/12,21:00,11315,786,6086,5109,35,409,1236,151,850,0,0,1204,0,1,-1,-4572,21,11315
2026/1/12,21:30,10882,784,5662,5116,33,411,1239,148,849,0,0,1159,0,1,-2,-4532,14,10882
2026/1/12,22:00,10614,786,5340,5125,32,378,1221,150,845,0,0,1145,0,1,-1,-4430,22,10614
2026/1/12,22:30,10260,786,4932,5127,30,372,1221,150,847,0,0,1092,0,1,-1,-4314,17,10260
2026/1/12,23:00,10258,788,4970,5113,31,375,1203,150,851,0,0,971,0,1,-1,-4206,12,10258
2026/1/12,23:30,10031,784,4778,5126,30,378,1195,149,850,0,0,900,0,-1,-1,-4166,9,10031
2026/1/13,0:00,9890,786,4518,5027,28,378,1162,150,852,0,0,816,0,-209,-5,-3620,7,9890
2026/1/13,0:30,9736,786,4324,4919,28,382,1164,150,852,0,0,773,0,-223,-39,-3386,6,9736
2026/1/13,1:00,9878,788,4138,4913,28,383,1178,151,855,0,0,686,0,-223,-42,-2984,7,9878
2026/1/13,1:30,9983,782,4278,4915,27,383,1178,148,853,0,0,630,0,-221,-8,-2990,8,9983
2026/1/13,2:00,10091,786,4488,4906,29,389,1193,150,856,0,0,537,0,-223,-2,-3026,8,10091
2026/1/13,2:30,10287,786,4784,4908,29,387,1197,151,859,0,0,462,0,-221,-1,-3062,8,10287
2026/1/13,3:00,10316,784,5096,4901,30,389,1205,151,858,0,0,414,0,-223,-2,-3294,7,10316
2026/1/13,3:30,10333,790,5048,4908,30,385,1210,151,861,0,0,422,0,-219,-2,-3258,7,10333
2026/1/13,4:00,10415,788,4662,4987,31,377,1269,150,861,0,0,432,0,-1,0,-3148,7,10415
2026/1/13,4:30,10641,786,5144,4999,31,381,1286,150,859,0,0,475,0,1,0,-3478,7,10641
2026/1/13,5:00,10858,786,5080,5026,31,381,1311,148,861,0,0,514,0,201,1,-3492,10,10858
2026/1/13,5:30,11094,788,5162,5100,32,379,1323,149,860,0,0,536,0,223,-1,-3468,11,11094
2026/1/13,6:00,11684,786,5818,5096,32,412,1343,151,871,0,0,563,0,225,20,-3646,13,11684
2026/1/13,6:30,11924,790,6010,5152,34,422,1357,150,870,0,0,565,0,225,35,-3706,20,11924
2026/1/13,7:00,11992,784,6062,5215,35,419,1347,148,868,118,0,558,0,229,13,-3830,26,11992
2026/1/13,7:30,12283,786,6340,5216,36,417,1349,149,868,405,0,555,0,225,-18,-4068,23,12283
2026/1/13,8:00,12633,782,6584,5209,39,426,1394,153,885,822,0,526,0,1,14,-4224,22,12633
2026/1/13,8:30,12974,790,6570,5202,39,429,1421,156,905,1343,0,568,0,1,0,-4468,18,12974
2026/1/13,9:00,12961,786,5740,5123,40,443,1512,164,935,1824,0,557,0,1,-3,-4182,21,12961
2026/1/13,9:30,12839,786,5304,5112,39,433,1539,167,952,2270,0,591,0,1,-5,-4372,22,12839
2026/1/13,10:00,12515,788,4698,4993,39,422,1482,168,952,2752,0,680,0,1,3,-4482,19,12515
2026/1/13,10:30,12387,788,4540,4738,39,409,1509,171,963,3009,0,697,0,1,-4,-4494,21,12387
2026/1/13,11:00,12216,794,4166,4729,39,411,1500,170,956,3226,0,729,0,1,-7,-4516,18,12216
2026/1/13,11:30,12059,782,3726,4768,40,411,1480,167,945,3367,0,882,0,1,-1,-4528,19,12059
2026/1/13,12:00,11618,790,3578,4670,39,326,1476,167,950,3164,0,1016,0,1,-51,-4524,16,11618
2026/1/13,12:30,11422,788,3414,4649,39,337,1448,163,935,3161,0,1142,0,1,-34,-4636,15,11422
2026/1/13,13:00,11759,788,3744,4617,38,398,1452,162,915,2944,0,1305,0,1,-4,-4620,19,11759
2026/1/13,13:30,11724,786,3852,4738,38,422,1453,160,908,2524,0,1402,0,1,2,-4574,12,11724
2026/1/13,14:00,11897,786,4166,4988,38,429,1461,157,886,1743,0,1533,0,1,-3,-4306,18,11897
2026/1/13,14:30,11702,792,3960,5272,38,424,1430,154,869,1210,0,1486,0,1,0,-3948,14,11702
2026/1/13,15:00,11770,788,4196,5554,38,421,1438,151,854,679,0,1464,0,1,-6,-3828,20,11770
2026/1/13,15:30,12062,792,4896,5716,38,423,1432,149,843,297,0,1659,0,1,-2,-4196,14,12062
2026/1/13,16:00,12211,786,5278,5878,39,418,1458,148,848,90,0,1676,0,1,1,-4434,24,12211
2026/1/13,16:30,12414,788,5742,5922,41,423,1462,148,854,2,0,1716,0,1,0,-4696,11,12414
2026/1/13,17:00,12395,790,5760,5932,41,419,1466,150,852,0,0,1797,0,1,-1,-4834,22,12395
2026/1/13,17:30,12290,716,5660,5936,41,420,1486,149,848,0,0,1827,0,1,-1,-4814,21,12290
2026/1/13,18:00,12352,542,5702,5944,41,420,1504,151,853,0,0,1780,0,1,1,-4612,25,12352
2026/1/13,18:30,12268,398,5682,5945,41,427,1496,150,850,0,0,1786,0,1,32,-4560,20,12268
2026/1/13,19:00,12157,354,5388,5937,40,445,1496,150,850,0,0,1700,0,1,30,-4254,20,12157
2026/1/13,19:30,12014,348,5248,5950,39,423,1501,150,854,0,0,1688,0,1,-1,-4204,17,12014
2026/1/13,20:00,11850,334,5224,5929,38,416,1498,151,855,0,0,1687,0,1,-1,-4302,20,11850
2026/1/13,20:30,11751,270,5436,5705,38,413,1499,150,854,0,0,1669,0,1,-2,-4300,18,11751
2026/1/13,21:00,11494,198,5530,5563,37,416,1468,148,854,0,0,1676,0,1,0,-4414,17,11494
2026/1/13,21:30,11206,164,5494,5331,35,413,1461,151,855,0,0,1690,0,1,-1,-4400,12,11206
2026/1/13,22:00,10815,120,4988,5199,32,380,1431,149,850,0,0,1721,0,1,-1,-4074,19,10815
2026/1/13,22:30,10582,92,4784,5162,31,380,1436,150,852,0,0,1761,0,1,-2,-4082,17,10582
2026/1/13,23:00,10572,90,4950,5089,31,369,1430,150,856,0,0,1711,0,1,-1,-4116,12,10572
2026/1/13,23:30,10350,62,4574,5006,30,383,1419,150,856,0,0,1695,0,1,-1,-3834,9,10350
2026/1/14,0:00,10151,34,4260,4864,29,384,1400,150,856,0,0,1709,0,1,-3,-3540,7,10151
2026/1/14,0:30,10115,0,4606,4791,30,316,1390,149,858,0,0,1667,0,1,-1,-3698,6,10115
2026/1/14,1:00,10278,0,4674,4772,30,307,1397,148,858,0,0,1666,0,1,-2,-3580,7,10278
2026/1/14,1:30,10273,0,4684,4844,30,308,1390,149,857,0,0,1687,0,1,1,-3686,8,10273
2026/1/14,2:00,10482,0,4400,4909,31,383,1397,151,859,0,0,1668,0,1,-29,-3296,8,10482
2026/1/14,2:30,10572,0,4484,4899,32,392,1414,151,860,0,0,1594,0,1,-37,-3226,8,10572
2026/1/14,3:00,10718,0,4256,4904,32,385,1409,150,858,0,0,1625,0,1,-13,-2896,7,10718
2026/1/14,3:30,10902,0,4532,4900,33,387,1411,151,857,0,0,1623,0,1,-2,-2998,7,10902
2026/1/14,4:00,11004,0,4674,4903,34,391,1455,150,852,0,0,1668,0,1,-1,-3130,7,11004
2026/1/14,4:30,11185,0,4900,4906,35,379,1455,149,855,0,0,1680,0,1,0,-3182,7,11185
2026/1/14,5:00,11446,0,4842,4965,35,392,1469,147,855,0,0,1671,0,1,-1,-2940,10,11446
2026/1/14,5:30,11756,0,5264,4995,36,390,1466,150,855,0,0,1649,0,1,1,-3062,11,11756
2026/1/14,6:00,12296,0,6022,5039,37,417,1470,151,852,0,0,1664,0,1,-5,-3364,12,12296
2026/1/14,6:30,12665,0,6444,5252,39,420,1466,150,856,0,0,1700,0,1,4,-3690,23,12665
2026/1/14,7:00,12730,0,6340,5311,39,432,1456,149,853,64,0,1761,0,1,-5,-3700,29,12730
2026/1/14,7:30,12962,0,6378,5350,41,429,1461,148,849,256,0,1752,0,1,-3,-3724,24,12962
2026/1/14,8:00,13491,0,6084,5381,44,433,1501,151,854,549,0,1765,0,1,-1,-3294,23,13491
2026/1/14,8:30,13733,0,5596,5376,46,434,1525,155,870,832,0,1781,0,1,-4,-2898,19,13733
2026/1/14,9:00,13943,0,5144,5369,46,437,1553,161,898,1033,0,1787,0,1,5,-2512,21,13943
2026/1/14,9:30,14014,0,5028,5375,46,431,1551,160,909,1323,0,1796,0,1,36,-2666,24,14014
2026/1/14,10:00,13773,0,4714,5353,45,429,1410,160,908,1694,0,1810,0,1,21,-2794,22,13773
2026/1/14,10:30,13675,0,4512,5306,44,433,1366,161,911,1995,0,1810,0,1,-2,-2884,22,13675
2026/1/14,11:00,13561,0,4504,5317,43,433,1377,162,920,2270,0,1826,0,1,-2,-3310,20,13561
2026/1/14,11:30,13516,0,4520,5324,44,435,1366,162,916,2365,0,1828,0,1,-6,-3460,21,13516
2026/1/14,12:00,12989,0,4396,5186,43,433,1363,162,923,2339,0,1834,0,1,-45,-3664,18,12989
2026/1/14,12:30,12796,0,4272,5079,42,433,1320,157,901,2484,0,1832,0,1,-32,-3708,15,12796
2026/1/14,13:00,13200,0,4802,5049,43,433,1311,155,889,2318,0,1836,0,1,-13,-3644,20,13200
2026/1/14,13:30,13165,0,4792,5086,42,435,1303,149,873,2098,0,1835,0,1,-1,-3462,14,13165
2026/1/14,14:00,13058,0,4662,5113,42,434,1330,148,859,1830,0,1839,0,1,5,-3224,19,13058
2026/1/14,14:30,13090,0,4834,5198,43,425,1353,148,850,1385,0,1841,0,1,-6,-2998,16,13090
2026/1/14,15:00,13227,0,5778,5410,42,434,1432,147,836,928,0,1850,0,1,-2,-3648,19,13227
2026/1/14,15:30,13473,0,6400,5560,43,430,1444,150,834,443,0,1840,0,1,-6,-3684,18,13473
2026/1/14,16:00,13426,0,6314,5688,44,431,1493,154,839,128,0,1849,0,1,-2,-3536,23,13426
2026/1/14,16:30,13760,0,6792,5709,45,430,1546,157,850,2,0,1829,0,1,-1,-3612,12,13760
2026/1/14,17:00,13823,0,6672,5791,45,433,1578,157,849,0,0,1828,0,1,-2,-3554,25,13823
2026/1/14,17:30,13742,0,6604,5791,45,435,1536,157,849,0,0,1861,0,1,0,-3558,21,13742
2026/1/14,18:00,13635,0,6798,5796,45,428,1519,159,850,0,0,1829,0,1,-1,-3816,27,13635
2026/1/14,18:30,13499,0,6708,5783,45,421,1510,160,849,0,0,1824,0,1,-1,-3822,21,13499
2026/1/14,19:00,13234,0,6478,5798,44,424,1511,160,850,0,0,1831,0,1,-1,-3884,22,13234
2026/1/14,19:30,13122,0,6712,5797,43,425,1507,159,850,0,0,1831,0,1,-2,-4218,17,13122
2026/1/14,20:00,12837,0,6508,5793,41,432,1463,160,852,0,0,1838,0,1,-1,-4272,22,12837
2026/1/14,20:30,12532,0,6598,5584,41,435,1461,159,849,0,0,1854,0,1,-2,-4466,18,12532
2026/1/14,21:00,12292,0,6652,5482,39,433,1458,160,852,0,0,1857,0,1,-1,-4658,17,12292
2026/1/14,21:30,11849,0,6446,5285,37,433,1454,158,854,0,0,1797,0,1,-1,-4628,13,11849
2026/1/14,22:00,11407,0,5866,5119,34,403,1394,160,849,0,0,1805,0,1,-2,-4240,18,11407
2026/1/14,22:30,11142,0,5792,5045,33,346,1379,160,850,0,0,1810,0,1,-2,-4292,20,11142
2026/1/14,23:00,11022,0,5846,4922,33,400,1303,161,850,0,0,1792,0,1,0,-4298,12,11022
2026/1/14,23:30,10797,0,5520,4876,31,397,1295,160,850,0,0,1785,0,1,-2,-4126,10,10797
2026/1/15,0:00,10554,0,5080,4877,30,396,1285,161,849,0,0,1847,0,1,-6,-3974,8,10554
2026/1/15,0:30,10433,0,5034,4880,29,395,1290,161,851,0,0,1812,0,1,-7,-4020,7,10433
2026/1/15,1:00,10362,0,5032,4866,29,395,1288,159,854,0,0,1816,0,1,-6,-4080,8,10362
2026/1/15,1:30,10538,0,5294,4880,30,397,1291,160,853,0,0,1797,0,1,-8,-4166,9,10538
2026/1/15,2:00,10590,0,5262,4876,31,392,1296,160,847,0,0,1841,0,1,-1,-4124,9,10590
2026/1/15,2:30,10641,0,5310,4865,31,391,1299,160,849,0,0,1816,0,1,-2,-4088,9,10641
2026/1/15,3:00,10687,0,5244,4927,32,392,1329,161,850,0,0,1784,0,1,-1,-4040,8,10687
2026/1/15,3:30,10745,0,5340,4975,32,392,1328,160,848,0,0,1740,0,1,-1,-4078,8,10745
2026/1/15,4:00,10766,0,5308,5015,32,394,1365,160,846,0,0,1717,0,1,-2,-4078,8,10766
2026/1/15,4:30,10890,0,5550,5071,33,390,1360,156,849,0,0,1654,0,1,-1,-4180,7,10890
2026/1/15,5:00,11155,0,5814,5135,34,397,1363,159,844,0,0,1602,0,1,2,-4206,10,11155
2026/1/15,5:30,11393,0,5902,5320,34,400,1363,160,844,0,0,1551,0,1,31,-4224,11,11393
2026/1/15,6:00,11881,0,6470,5318,35,424,1369,159,844,0,0,1470,0,1,7,-4228,12,11881
2026/1/15,6:30,12132,0,6720,5329,36,435,1376,159,843,1,0,1360,0,1,-7,-4144,23,12132
2026/1/15,7:00,12216,0,6762,5338,37,430,1425,158,842,81,0,1311,0,1,-10,-4188,29,12216
2026/1/15,7:30,12366,0,6766,5363,38,431,1431,157,844,310,0,1248,0,1,-3,-4244,24,12366
2026/1/15,8:00,12693,0,6602,5328,39,427,1454,161,849,816,0,1162,0,1,-15,-4154,23,12693
2026/1/15,8:30,13053,0,6292,5264,40,428,1463,163,864,1584,0,1074,0,1,34,-4174,20,13053
2026/1/15,9:00,12993,0,5642,5119,41,425,1487,171,901,2191,0,1006,0,1,-4,-4008,21,12993
2026/1/15,9:30,12847,0,4940,4973,40,425,1497,173,914,2786,0,894,0,1,2,-3822,24,12847
2026/1/15,10:00,12607,0,5104,4750,40,424,1302,172,907,3273,0,833,0,1,-2,-4218,21,12607
2026/1/15,10:30,12462,0,4990,4711,39,422,1285,171,899,3493,0,832,0,1,-4,-4398,21,12462
2026/1/15,11:00,12213,0,4472,4715,36,421,1288,169,912,3883,0,827,0,1,-2,-4528,19,12213
2026/1/15,11:30,12080,0,4110,4566,38,427,1293,172,902,4265,0,798,0,1,1,-4512,19,12080
2026/1/15,12:00,11563,0,4198,4315,38,428,1300,170,900,4297,0,741,0,1,-46,-4796,17,11563
2026/1/15,12:30,11337,0,4324,4314,38,390,1298,170,899,4141,0,674,0,1,-35,-4892,15,11337
2026/1/15,13:00,11723,0,4866,4512,38,403,1304,170,895,3767,0,602,0,1,0,-4854,19,11723
2026/1/15,13:30,11591,0,5044,4591,38,422,1299,167,883,3128,0,559,0,1,0,-4554,13,11591
2026/1/15,14:00,11708,0,5230,4713,38,422,1340,162,864,2391,0,500,0,1,-3,-3968,18,11708
2026/1/15,14:30,11591,0,5752,4942,38,419,1358,164,868,1647,0,417,0,1,-2,-4028,15,11591
2026/1/15,15:00,11681,0,5400,5291,38,421,1445,160,850,990,0,368,0,1,1,-3302,18,11681
2026/1/15,15:30,11829,0,5794,5508,38,426,1453,160,844,397,0,340,0,1,-3,-3146,17,11829
2026/1/15,16:00,12097,0,6156,5607,38,426,1504,161,849,92,0,315,0,1,-1,-3072,21,12097
2026/1/15,16:30,12307,0,6418,5626,38,419,1530,161,852,2,0,287,0,1,-3,-3036,12,12307
2026/1/15,17:00,12223,0,6424,5643,38,422,1508,161,855,0,0,279,0,1,-3,-3128,23,12223
2026/1/15,17:30,12183,0,6442,5646,38,414,1504,160,855,0,0,306,0,1,10,-3212,19,12183
2026/1/15,18:00,12100,0,6510,5701,38,414,1497,161,851,0,0,307,0,1,-2,-3404,26,12100
2026/1/15,18:30,11979,0,6394,5666,38,409,1504,161,854,0,0,301,0,1,-1,-3368,20,11979
2026/1/15,19:00,11747,0,6200,5758,37,410,1507,164,855,0,0,319,0,1,-2,-3522,20,11747
2026/1/15,19:30,11566,0,5904,5822,36,414,1509,162,857,0,0,369,0,1,2,-3526,16,11566
2026/1/15,20:00,11297,0,5722,5886,35,406,1498,162,854,0,0,405,0,1,33,-3726,21,11297
2026/1/15,20:30,11195,0,5940,5889,34,411,1499,161,856,0,0,395,0,1,15,-4024,18,11195
2026/1/15,21:00,10830,0,5818,5652,33,412,1509,159,855,0,0,378,0,1,-1,-4002,16,10830
2026/1/15,21:30,10397,0,5242,5519,31,411,1507,162,851,0,0,402,0,1,-2,-3738,11,10397
2026/1/15,22:00,10128,0,5488,5292,29,391,1475,161,844,0,0,389,0,1,0,-3960,18,10128
2026/1/15,22:30,9829,0,5206,5181,28,388,1482,162,841,0,0,403,0,1,0,-3880,17,9829
2026/1/15,23:00,9869,0,5538,5127,28,386,1471,161,842,0,0,370,0,1,-1,-4064,10,9869
2026/1/15,23:30,9445,0,4540,5074,27,389,1457,161,846,0,0,372,0,1,-2,-3428,8,9445
2026/1/16,0:00,9378,0,4008,5076,26,390,1388,161,848,0,0,371,0,1,-1,-2896,6,9378
2026/1/16,0:30,9257,0,3904,5058,26,397,1389,161,848,0,0,396,0,1,-3,-2926,6,9257
2026/1/16,1:00,9343,0,4040,5077,26,329,1390,159,849,0,0,419,0,1,-1,-2952,6,9343
2026/1/16,1:30,9444,0,4016,5086,26,366,1407,162,851,0,0,419,0,1,-1,-2896,7,9444
2026/1/16,2:00,9541,0,4112,5075,27,365,1433,162,854,0,0,463,0,1,-1,-2958,8,9541
2026/1/16,2:30,9688,0,4190,5079,27,362,1439,162,852,0,0,414,0,1,1,-2846,7,9688
2026/1/16,3:00,9782,0,4084,5066,28,361,1474,162,853,0,0,374,0,1,-1,-2626,6,9782
2026/1/16,3:30,9867,0,4120,5068,29,361,1496,161,853,0,0,469,0,1,-1,-2696,6,9867
2026/1/16,4:00,9941,0,4330,5078,30,374,1502,162,856,0,0,519,0,1,-21,-2896,6,9941
2026/1/16,4:30,10110,0,4730,5019,30,318,1514,159,859,0,0,547,0,1,-33,-3040,6,10110
2026/1/16,5:00,10346,0,4956,4960,31,325,1556,161,862,0,0,761,0,1,24,-3300,9,10346
2026/1/16,5:30,10474,0,4976,4954,31,385,1553,161,862,0,0,779,0,1,20,-3258,10,10474
2026/1/16,6:00,10813,0,5422,5056,32,407,1545,162,858,0,0,767,0,1,-26,-3422,11,10813
2026/1/16,6:30,11226,0,6082,5154,33,410,1568,161,864,2,0,805,0,1,-36,-3840,22,11226
2026/1/16,7:00,11053,0,5844,5271,34,409,1609,160,862,167,0,961,0,1,1,-4294,28,11053
2026/1/16,7:30,11359,0,5850,5351,35,404,1580,156,843,608,0,1043,0,1,16,-4550,22,11359
2026/1/16,8:00,11619,0,5566,5357,37,405,1625,160,865,1077,0,1055,0,1,27,-4578,22,11619
2026/1/16,8:30,12022,0,5190,5354,38,401,1615,162,864,1821,0,1186,0,1,-7,-4622,19,12022
2026/1/16,9:00,12018,0,4220,5262,37,317,1624,167,882,2486,0,1344,0,1,6,-4348,20,12018
2026/1/16,9:30,12056,0,4422,4937,36,295,1637,169,896,2936,0,1382,0,1,-8,-4672,25,12056
2026/1/16,10:00,11804,0,4032,4795,36,299,1556,170,892,3477,0,1391,0,1,2,-4868,21,11804
2026/1/16,10:30,11800,0,3880,4651,35,299,1557,170,891,3801,0,1420,0,1,-5,-4920,20,11800
2026/1/16,11:00,11669,0,3592,4582,36,299,1504,164,869,4001,0,1566,0,1,0,-4964,19,11669
2026/1/16,11:30,11553,0,3494,4530,35,304,1528,165,882,4062,0,1563,0,1,-3,-5028,20,11553
2026/1/16,12:00,11108,0,3376,4199,35,302,1515,169,897,3999,0,1658,0,1,-7,-5056,20,11108
2026/1/16,12:30,10875,0,3230,4184,34,307,1558,175,915,3738,0,1781,0,1,-29,-5032,13,10875
2026/1/16,13:00,11381,0,3852,4261,34,321,1549,172,902,3484,0,1829,0,1,-42,-5002,20,11381
2026/1/16,13:30,11321,0,3860,4314,34,326,1575,171,894,3102,0,1829,0,1,-14,-4788,17,11321
2026/1/16,14:00,11363,0,3944,4533,35,323,1577,168,885,2513,0,1846,0,1,0,-4480,18,11363
2026/1/16,14:30,11328,0,4022,4700,34,372,1551,163,869,1892,0,1881,0,1,-4,-4174,21,11328
2026/1/16,15:00,11375,0,4242,5065,35,393,1625,159,848,1235,0,1914,0,1,-2,-4158,18,11375
2026/1/16,15:30,11547,0,4854,5265,36,400,1641,155,844,595,0,1932,0,1,-1,-4192,17,11547
2026/1/16,16:00,11725,0,4872,5388,36,406,1669,159,851,172,0,1894,0,1,-1,-3744,22,11725
2026/1/16,16:30,12079,0,5632,5466,37,413,1681,161,861,4,0,1863,0,1,-5,-4054,19,12079
2026/1/16,17:00,11984,0,5144,5463,38,419,1678,161,862,0,0,1839,0,1,11,-3658,26,11984
2026/1/16,17:30,11953,0,5176,5491,39,418,1671,161,862,0,0,1818,0,1,7,-3712,21,11953
2026/1/16,18:00,11812,0,5068,5508,39,410,1679,162,862,0,0,1787,0,1,19,-3748,25,11812
2026/1/16,18:30,11696,0,4920,5491,38,411,1671,160,862,0,0,1782,0,1,34,-3696,22,11696
2026/1/16,19:00,11487,0,4908,5484,38,428,1665,159,864,0,0,1730,0,1,13,-3824,21,11487
2026/1/16,19:30,11378,0,4886,5479,37,418,1672,162,864,0,0,1676,0,1,-1,-3832,16,11378
2026/1/16,20:00,11116,0,4934,5536,36,403,1653,162,865,0,0,1620,0,1,-1,-4116,23,11116
2026/1/16,20:30,10992,0,4998,5539,36,406,1655,162,861,0,0,1590,0,1,-1,-4274,19,10992
2026/1/16,21:00,10727,0,4892,5532,34,403,1624,161,859,0,0,1568,0,1,-3,-4364,20,10727
2026/1/16,21:30,10419,0,4598,5519,33,397,1610,163,845,0,0,1577,0,1,-1,-4338,15,10419
2026/1/16,22:00,10154,0,4466,5585,31,379,1613,162,841,0,0,1550,0,1,1,-4496,21,10154
2026/1/16,22:30,9868,0,4266,5632,31,377,1619,161,839,0,0,1496,0,1,-1,-4570,17,9868
2026/1/16,23:00,9848,0,4278,5689,31,378,1605,161,842,0,0,1504,0,1,-2,-4650,11,9848
2026/1/16,23:30,9575,0,3670,5641,29,368,1586,161,840,0,0,1508,0,1,-4,-4234,9,9575
2026/1/17,0:00,9408,0,3268,5332,29,304,1500,161,841,0,0,1470,0,1,-13,-3492,7,9408
2026/1/17,0:30,9370,0,3198,5503,28,316,1443,163,842,0,0,1407,0,1,-15,-3522,6,9370
2026/1/17,1:00,9425,0,3396,5519,28,298,1441,161,842,0,0,1311,0,1,-13,-3566,7,9425
2026/1/17,1:30,9486,0,3446,5515,28,297,1435,162,844,0,0,1227,0,1,-13,-3464,8,9486
2026/1/17,2:00,9656,0,3588,5517,29,301,1476,161,845,0,0,1115,0,1,-15,-3370,8,9656
2026/1/17,2:30,9687,0,3594,5538,29,298,1477,162,842,0,0,901,0,1,-1,-3162,8,9687
2026/1/17,3:00,9831,0,3672,5601,30,296,1496,160,845,0,0,768,0,1,-1,-3044,7,9831
2026/1/17,3:30,9803,0,3610,5627,31,296,1493,161,844,0,0,651,0,1,-2,-2916,7,9803
2026/1/17,4:00,9892,0,3730,5718,31,300,1495,163,849,0,0,551,0,1,-1,-2952,7,9892
2026/1/17,4:30,9952,0,3798,5812,31,301,1500,161,847,0,0,415,0,1,-1,-2920,7,9952
2026/1/17,5:00,10072,0,3892,5896,32,304,1541,162,853,0,0,320,0,1,-1,-2938,10,10072
2026/1/17,5:30,10140,0,3982,5910,32,374,1550,162,850,0,0,284,0,1,-24,-2992,11,10140
2026/1/17,6:00,10352,0,4242,5894,32,394,1548,162,850,0,0,273,0,1,-14,-3042,12,10352
2026/1/17,6:30,10519,0,4432,5870,33,399,1555,163,852,1,0,251,0,1,-4,-3054,20,10519
2026/1/17,7:00,10484,0,4584,5823,34,397,1555,160,851,171,0,227,0,1,6,-3352,27,10484
2026/1/17,7:30,10695,0,4636,5772,34,397,1546,161,846,631,0,222,0,1,9,-3584,24,10695
2026/1/17,8:00,10760,0,4250,5750,34,397,1520,163,855,1245,0,205,0,1,16,-3698,22,10760
2026/1/17,8:30,11017,0,3980,5752,34,398,1538,166,863,1946,0,170,0,1,3,-3856,22,11017
2026/1/17,9:00,10808,0,3604,5691,31,309,1387,166,871,2482,0,129,0,0,-8,-3878,24,10808
2026/1/17,9:30,10814,0,3498,5481,33,302,1388,168,869,2867,0,96,0,0,0,-3914,26,10814
2026/1/17,10:00,10538,0,2922,5448,34,297,1393,167,879,3019,0,74,0,0,-7,-3718,30,10538
2026/1/17,10:30,10383,0,2506,5422,34,300,1418,169,894,3042,0,93,0,0,-2,-3516,23,10383
2026/1/17,11:00,10355,0,2158,5379,34,298,1391,168,879,3301,0,121,0,0,-9,-3384,19,10355
2026/1/17,11:30,10233,0,2096,5008,34,299,1377,166,874,3267,0,136,0,0,-30,-3014,20,10233
2026/1/17,12:00,10178,0,2214,5045,35,302,1382,164,862,2977,0,132,0,0,-36,-2922,23,10178
2026/1/17,12:30,9934,0,2234,5114,34,301,1369,162,858,2403,0,158,0,0,-11,-2710,22,9934
2026/1/17,13:00,10108,0,2458,5122,33,301,1408,167,875,2006,0,185,0,0,-3,-2464,20,10108
2026/1/17,13:30,9930,0,2024,5015,32,301,1413,166,875,1909,0,284,0,0,2,-2108,17,9930
2026/1/17,14:00,9944,0,1964,4856,31,300,1413,163,865,1862,0,547,0,0,-9,-2068,20,9944
2026/1/17,14:30,9961,0,2246,4987,31,300,1415,163,859,1600,0,735,0,0,0,-2394,19,9961
2026/1/17,15:00,9918,0,2712,5152,32,299,1425,160,843,1020,0,1000,0,0,-4,-2740,19,9918
2026/1/17,15:30,10126,0,3330,5267,34,305,1422,160,831,509,0,1283,0,0,1,-3040,24,10126
2026/1/17,16:00,10241,0,3808,5261,35,322,1523,160,838,160,0,1356,0,0,-2,-3242,22,10241
2026/1/17,16:30,10619,0,4162,5407,37,394,1534,161,842,4,0,1512,0,0,-2,-3448,16,10619
2026/1/17,17:00,10773,0,3838,5661,38,394,1531,161,842,0,0,1687,0,0,4,-3406,23,10773
2026/1/17,17:30,10830,0,3692,5734,38,398,1532,159,833,0,0,1735,0,0,-5,-3308,22,10830
2026/1/17,18:00,10820,0,3892,5801,39,398,1530,160,823,0,0,1779,0,0,-1,-3628,27,10820
2026/1/17,18:30,10789,0,3912,5842,37,399,1531,160,823,0,0,1819,0,0,-2,-3752,20,10789
2026/1/17,19:00,10615,0,3798,5805,37,397,1537,161,818,0,0,1814,0,0,-1,-3772,21,10615
2026/1/17,19:30,10581,0,3846,5851,36,402,1535,160,809,0,0,1846,0,0,-1,-3920,17,10581
2026/1/17,20:00,10412,0,3960,5852,35,399,1487,162,808,0,0,1828,0,0,19,-4158,20,10412
2026/1/17,20:30,10317,0,4008,5852,35,395,1481,161,804,0,0,1852,0,0,31,-4320,18,10317
2026/1/17,21:00,10190,0,3938,5844,34,395,1423,157,803,0,0,1880,0,0,25,-4326,17,10190
2026/1/17,21:30,9916,0,3748,5803,33,392,1420,161,800,0,0,1868,0,0,-1,-4320,12,9916
2026/1/17,22:00,9740,0,3494,5725,31,372,1409,161,793,0,0,1854,0,0,0,-4118,19,9740
2026/1/17,22:30,9520,0,3142,5686,30,357,1409,160,794,0,0,1873,0,0,-1,-3946,16,9520
2026/1/17,23:00,9573,0,3324,5695,31,373,1407,162,798,0,0,1878,0,0,-1,-4106,12,9573
2026/1/17,23:30,9353,0,2966,5657,30,360,1403,161,793,0,0,1922,0,0,-1,-3948,10,9353
2026/1/18,0:00,9245,0,2842,5606,29,298,1373,161,794,0,0,1939,0,0,-1,-3804,8,9245
2026/1/18,0:30,9136,0,2696,5446,28,295,1367,159,790,0,0,1941,0,0,-1,-3592,7,9136
2026/1/18,1:00,9257,0,2850,5505,28,292,1367,161,791,0,0,1929,0,0,-1,-3672,7,9257
2026/1/18,1:30,9336,0,2876,5555,28,293,1367,161,792,0,0,1930,0,0,-1,-3674,9,9336
2026/1/18,2:00,9465,0,2850,5520,29,290,1375,160,792,0,0,1925,0,0,-1,-3484,9,9465
2026/1/18,2:30,9518,0,2886,5523,30,293,1379,161,794,0,0,1872,0,0,-2,-3426,8,9518
2026/1/18,3:00,9573,0,2910,5563,31,289,1400,162,792,0,0,1887,0,0,0,-3468,7,9573
2026/1/18,3:30,9578,0,2910,5554,31,297,1402,161,793,0,0,1875,0,0,-2,-3450,7,9578
2026/1/18,4:00,9624,0,3028,5581,31,295,1420,160,792,0,0,1852,0,0,0,-3542,7,9624
2026/1/18,4:30,9655,0,3142,5680,31,302,1421,161,793,0,0,1771,0,0,-1,-3652,7,9655
2026/1/18,5:00,9657,0,3426,5758,32,297,1447,161,797,0,0,1710,0,0,-1,-3980,10,9657
2026/1/18,5:30,9615,0,3420,5789,31,298,1444,161,794,0,0,1709,0,0,-2,-4040,11,9615
2026/1/18,6:00,9740,0,3544,5824,31,307,1438,162,792,0,0,1678,0,0,0,-4048,12,9740
2026/1/18,6:30,9686,0,3448,5845,32,324,1437,161,792,2,0,1670,0,0,-3,-4030,8,9686
2026/1/18,7:00,9726,0,3484,5790,33,396,1426,160,789,184,0,1654,0,0,-1,-4228,39,9726
2026/1/18,7:30,9903,0,3536,5731,34,303,1410,159,780,644,0,1583,0,0,-5,-4298,26,9903
2026/1/18,8:00,9947,0,3542,5507,35,299,1407,156,781,1312,0,1569,0,0,-2,-4682,23,9947
2026/1/18,8:30,10047,0,3358,5040,35,295,1421,159,787,2150,0,1527,0,0,0,-4750,25,10047
2026/1/18,9:00,10036,0,2874,4547,35,298,1352,161,796,2959,0,1449,0,0,-2,-4456,23,10036
2026/1/18,9:30,9976,0,2556,4046,32,297,1359,162,801,3676,0,1398,0,0,-2,-4374,25,9976
2026/1/18,10:00,9807,0,2270,3497,30,300,1348,164,813,4223,0,1447,0,0,-4,-4308,27,9807
2026/1/18,10:30,9622,0,1892,2955,28,298,1361,165,822,4697,0,1395,0,0,-5,-4008,22,9622
2026/1/18,11:00,9491,0,1882,2822,28,298,1362,168,830,4961,0,1372,0,0,-1,-4250,19,9491
2026/1/18,11:30,9498,0,1948,2782,28,296,1364,166,831,5136,0,1354,0,0,-3,-4426,22,9498
2026/1/18,12:00,9347,0,1848,2903,27,297,1410,169,837,5102,0,1313,0,0,-3,-4576,20,9347
2026/1/18,12:30,9130,0,1744,2997,27,299,1460,174,859,4851,0,1290,0,0,-3,-4582,14,9130
2026/1/18,13:00,9071,0,1832,3163,26,298,1480,175,867,4546,0,1229,0,0,-40,-4526,21,9071
2026/1/18,13:30,8998,0,2120,3523,26,300,1474,173,859,4113,0,1198,0,0,-34,-4774,20,8998
2026/1/18,14:00,9020,0,2630,3950,27,302,1461,172,848,3481,0,1137,0,0,-7,-5000,19,9020
2026/1/18,14:30,8955,0,3006,4487,27,296,1439,167,825,2612,0,1144,0,0,-3,-5072,27,8955
2026/1/18,15:00,9072,0,3320,4980,28,296,1438,162,804,1683,0,1084,0,0,0,-4742,19,9072
2026/1/18,15:30,9213,0,3962,5411,29,313,1413,156,785,853,0,928,0,0,-3,-4654,20,9213
2026/1/18,16:00,9656,0,4230,5612,31,402,1491,159,789,272,0,836,0,0,0,-4192,26,9656
2026/1/18,16:30,10072,0,4588,5680,33,402,1514,160,798,11,0,763,0,0,-1,-3898,22,10072
2026/1/18,17:00,10651,0,5074,5702,36,402,1516,161,800,0,0,715,0,0,-1,-3782,28,10651
2026/1/18,17:30,10907,0,5562,5764,37,403,1519,160,801,0,0,594,0,0,-4,-3952,23,10907
2026/1/18,18:00,10947,0,5454,5818,38,398,1529,160,802,0,0,595,0,0,27,-3900,26,10947
2026/1/18,18:30,11019,0,5496,5823,38,401,1527,161,801,0,0,586,0,0,34,-3872,24,11019
2026/1/18,19:00,10904,0,5296,5838,37,399,1521,159,799,0,0,596,0,0,9,-3780,30,10904
2026/1/18,19:30,10817,0,5140,5851,37,402,1521,160,800,0,0,522,0,0,-1,-3632,17,10817
2026/1/18,20:00,10640,0,4636,5842,37,397,1483,161,802,0,0,434,0,0,-1,-3174,23,10640
2026/1/18,20:30,10539,0,4546,5856,36,400,1472,160,802,0,0,391,0,0,-1,-3144,21,10539
2026/1/18,21:00,10385,0,4280,5851,35,399,1443,161,802,0,0,355,0,0,-1,-2962,22,10385
2026/1/18,21:30,10087,0,4048,5849,33,396,1440,160,802,0,0,327,0,0,-2,-2978,12,10087
2026/1/18,22:00,9818,0,3860,5839,32,374,1362,160,800,0,0,312,0,0,-1,-2938,18,9818
2026/1/18,22:30,9458,0,3104,5809,30,375,1359,160,801,0,0,316,0,0,0,-2512,16,9458
2026/1/18,23:00,9588,0,3044,5854,31,372,1349,158,804,0,0,266,0,0,-3,-2298,11,9588
2026/1/18,23:30,9347,0,2788,5818,29,363,1339,160,803,0,0,212,0,0,0,-2174,9,9347
2026/1/19,0:00,9295,0,2858,5842,28,302,1306,160,805,0,0,229,0,0,-2,-2240,7,9295
2026/1/19,0:30,9175,0,2756,5840,27,298,1296,160,806,0,0,229,0,0,-1,-2242,6,9175
2026/1/19,1:00,9302,0,2634,5847,27,296,1293,161,804,0,0,197,0,0,3,-1966,6,9302
2026/1/19,1:30,9422,0,2742,5855,28,292,1270,160,807,0,0,217,0,0,-2,-1954,7,9422
2026/1/19,2:00,9564,0,2864,5889,28,296,1275,160,806,0,0,236,0,0,-4,-1994,8,9564
2026/1/19,2:30,9611,0,2916,5865,29,295,1286,158,803,0,0,243,0,0,-37,-1954,7,9611
2026/1/19,3:00,9715,0,2908,5836,30,295,1319,161,802,0,0,234,0,0,-37,-1840,7,9715
2026/1/19,3:30,9764,0,2828,5839,30,300,1322,160,803,0,0,230,0,0,-7,-1748,7,9764
2026/1/19,4:00,9889,0,2814,5849,31,300,1347,160,800,0,0,238,0,0,-2,-1654,6,9889
2026/1/19,4:30,10044,0,2910,5870,31,310,1359,160,800,0,0,234,0,0,-1,-1636,7,10044
2026/1/19,5:00,10351,0,3098,5863,32,380,1386,161,806,0,0,262,0,0,-1,-1646,10,10351
2026/1/19,5:30,10649,0,3580,5901,32,393,1394,159,802,0,0,261,0,0,-1,-1882,10,10649
2026/1/19,6:00,11097,0,4380,5911,33,416,1433,161,801,0,0,270,0,0,-10,-2310,12,11097
2026/1/19,6:30,11376,0,4736,5889,34,417,1447,158,805,0,0,252,0,0,-13,-2368,19,11376
2026/1/19,7:00,11696,0,5448,5910,35,421,1522,160,804,27,0,227,0,0,-6,-2880,28,11696
2026/1/19,7:30,11928,0,5038,5909,37,453,1542,161,809,106,0,224,0,0,0,-2374,23,11928
2026/1/19,8:00,12621,0,5496,5906,39,466,1565,162,811,267,0,251,0,0,-3,-2362,23,12621
2026/1/19,8:30,13071,0,5518,5910,40,465,1575,162,811,476,0,225,0,0,2,-2132,19,13071
2026/1/19,9:00,13295,0,4838,5899,39,467,1569,164,813,534,0,225,0,0,-4,-1270,21,13295
2026/1/19,9:30,13391,0,4834,5894,39,461,1534,163,818,634,0,258,0,0,-2,-1266,24,13391
2026/1/19,10:00,13175,0,3962,5807,39,462,1509,163,816,913,0,267,0,0,0,-784,21,13175
2026/1/19,10:30,13174,0,3560,5437,38,467,1510,166,814,1184,0,283,0,0,19,-324,20,13174
2026/1/19,11:00,12996,0,3420,5647,38,464,1436,167,817,1231,0,276,0,0,32,-550,18,12996
2026/1/19,11:30,12974,0,3656,5582,38,463,1429,168,821,1411,0,272,0,0,6,-892,20,12974
2026/1/19,12:00,12452,0,3338,5346,37,469,1391,166,819,1463,0,261,0,0,-48,-806,16,12452
2026/1/19,12:30,12194,0,3326,5121,36,443,1389,165,816,1604,0,254,0,0,-50,-924,14,12194
2026/1/19,13:00,12539,0,3446,5455,37,466,1388,166,820,1425,0,249,0,0,-18,-916,21,12539
2026/1/19,13:30,12579,0,3272,5719,37,469,1369,160,807,1390,0,259,0,0,-5,-916,18,12579
2026/1/19,14:00,12470,0,3498,5571,37,468,1447,165,821,1046,0,314,0,0,-2,-912,17,12470
2026/1/19,14:30,12411,0,3550,5519,36,466,1458,163,810,912,0,359,0,0,-3,-874,15,12411
2026/1/19,15:00,12290,0,3674,5552,37,469,1540,162,804,635,0,381,0,0,0,-982,18,12290
2026/1/19,15:30,12473,0,3990,5626,37,474,1518,161,805,393,0,349,0,0,0,-902,22,12473
2026/1/19,16:00,12572,0,4504,5814,38,474,1513,162,806,138,0,413,0,0,-5,-1308,23,12572
2026/1/19,16:30,12744,0,4586,5818,38,487,1526,161,808,6,0,429,0,0,1,-1130,14,12744
2026/1/19,17:00,12647,0,4270,5861,38,494,1522,160,811,0,0,424,0,0,6,-962,23,12647
2026/1/19,17:30,12657,0,4540,5889,38,489,1519,161,806,0,0,378,0,0,1,-1184,20,12657
2026/1/19,18:00,12523,0,4626,5892,38,491,1527,161,803,0,0,338,0,0,9,-1388,26,12523
2026/1/19,18:30,12423,0,4678,5890,38,492,1527,161,798,0,0,293,0,0,12,-1486,20,12423
2026/1/19,19:00,12166,0,4402,5891,38,492,1527,162,801,0,0,294,0,0,33,-1494,20,12166
2026/1/19,19:30,11984,0,4292,5889,37,473,1528,162,800,0,0,333,0,0,30,-1576,16,11984
2026/1/19,20:00,11647,0,4102,5895,36,465,1519,162,800,0,0,465,0,0,0,-1818,21,11647
2026/1/19,20:30,11495,0,3898,5866,35,421,1526,158,798,0,0,880,0,0,-1,-2104,18,11495
2026/1/19,21:00,11167,0,3882,5621,33,406,1522,162,796,0,0,1094,0,0,-1,-2364,16,11167
2026/1/19,21:30,10892,0,3838,5428,32,401,1520,160,799,0,0,1253,0,0,-1,-2550,12,10892
2026/1/19,22:00,10466,0,4242,5309,31,376,1459,162,802,0,0,1367,0,0,-1,-3300,19,10466
2026/1/19,22:30,10226,0,3866,5448,29,376,1463,162,803,0,0,1456,0,0,-1,-3394,18,10226
2026/1/19,23:00,10143,0,3812,5508,29,378,1421,162,805,0,0,1440,0,0,-1,-3422,11,10143
2026/1/19,23:30,9933,0,3642,5434,29,369,1401,162,808,0,0,1483,0,0,-1,-3402,8,9933
2026/1/20,0:00,9726,0,3298,5421,28,304,1329,160,809,0,0,1449,0,0,-2,-3076,6,9726
2026/1/20,0:30,9690,0,3556,5539,27,301,1322,163,814,0,0,1436,0,0,-1,-3472,5,9690
2026/1/20,1:00,9727,0,3336,5551,28,299,1315,162,814,0,0,1489,0,0,-1,-3272,6,9727
2026/1/20,1:30,9796,0,3078,5511,28,300,1313,162,814,0,0,1616,0,0,-33,-3000,7,9796
2026/1/20,2:00,9987,0,3164,5508,29,302,1343,162,811,0,0,1688,0,0,-38,-2990,8,9987
2026/1/20,2:30,10086,0,3022,5557,31,298,1346,161,809,0,0,1738,0,0,-13,-2870,7,10086
2026/1/20,3:00,10276,0,3106,5514,31,300,1379,162,808,0,0,1756,0,0,-1,-2786,7,10276
2026/1/20,3:30,10436,0,3266,5663,32,303,1381,160,807,0,0,1794,0,0,-1,-2976,7,10436
2026/1/20,4:00,10608,0,3296,5635,33,298,1399,160,806,0,0,1841,0,0,0,-2866,6,10608
2026/1/20,4:30,10859,0,3486,5711,34,298,1414,161,807,0,0,1861,0,0,0,-2920,7,10859
2026/1/20,5:00,11257,0,3636,5696,35,301,1468,161,808,0,0,1853,0,0,-1,-2710,10,11257
2026/1/20,5:30,11670,0,4004,5770,36,301,1484,162,808,0,0,1840,0,0,-2,-2744,11,11670
2026/1/20,6:00,12098,0,4774,5867,37,319,1488,160,805,0,0,1843,0,0,-1,-3206,12,12098
2026/1/20,6:30,12435,0,4840,5986,39,402,1494,161,809,1,0,1856,0,0,0,-3176,23,12435
2026/1/20,7:00,12514,0,4612,6080,39,406,1547,159,801,143,0,1873,0,0,-4,-3172,30,12514
2026/1/20,7:30,12884,0,4778,6099,42,405,1553,156,795,449,0,1847,0,0,-3,-3260,23,12884
2026/1/20,8:00,13348,0,4246,6070,44,403,1557,159,798,868,0,1835,0,0,-7,-2648,23,13348
2026/1/20,8:30,13898,0,3930,6073,46,411,1573,159,795,1399,0,1850,0,0,7,-2364,19,13898
2026/1/20,9:00,14049,0,3560,6025,47,412,1542,160,793,1939,0,1890,0,0,29,-2368,20,14049
2026/1/20,9:30,14427,0,4330,6047,46,316,1516,158,789,2310,0,1889,0,0,34,-3032,24,14427
2026/1/20,10:00,14067,0,4988,6031,45,294,1490,159,789,2553,0,1892,0,0,-7,-4188,21,14067
2026/1/20,10:30,13890,0,4924,6009,43,294,1509,161,807,2714,0,1859,0,0,-4,-4446,20,13890
2026/1/20,11:00,13986,0,4836,6003,42,371,1407,158,804,3088,0,1869,0,0,-41,-4570,19,13986
2026/1/20,11:30,13751,0,4602,6008,42,370,1341,162,802,3269,0,1866,0,0,-36,-4694,19,13751
2026/1/20,12:00,13209,0,4264,5943,41,301,1340,159,800,3353,0,1875,0,0,-14,-4872,19,13209
2026/1/20,12:30,13120,0,4178,5925,41,316,1335,158,784,3378,0,1861,0,0,-12,-4860,16,13120
2026/1/20,13:00,13386,0,4402,5961,41,407,1375,161,797,3101,0,1893,0,0,-11,-4760,19,13386
2026/1/20,13:30,13396,0,4629,5988,41,412,1374,162,803,2740,0,1871,0,0,-5,-4632,13,13396
2026/1/20,14:00,13335,0,4956,6019,42,417,1403,162,808,2279,0,1887,0,0,-6,-4650,18,13335
2026/1/20,14:30,13207,0,5094,6049,43,415,1422,160,794,1720,0,1916,0,0,-1,-4420,15,13207
2026/1/20,15:00,13393,0,5228,6088,44,450,1485,159,787,1135,0,1913,0,0,-1,-3914,19,13393
2026/1/20,15:30,13591,0,5788,6073,44,465,1523,158,786,579,0,1917,0,0,-2,-3758,18,13591
2026/1/20,16:00,13665,0,5470,6076,45,426,1603,158,791,195,0,1929,0,0,1,-3052,23,13665
2026/1/20,16:30,13974,0,5856,6080,45,420,1626,161,801,6,0,1937,0,0,-3,-2968,13,13974
2026/1/20,17:00,14040,0,5670,6074,46,443,1625,161,804,0,0,1939,0,0,1,-2748,25,14040
2026/1/20,17:30,14116,0,5846,6075,47,443,1623,162,806,0,0,1913,0,0,1,-2822,22,14116
2026/1/20,18:00,13949,0,6090,6067,47,441,1628,160,801,0,0,1885,0,0,34,-3232,28,13949
2026/1/20,18:30,13959,0,6256,6074,46,440,1628,162,802,0,0,1859,0,0,29,-3360,23,13959
2026/1/20,19:00,13594,0,5918,6082,45,438,1626,162,805,0,0,1832,0,0,-19,-3322,27,13594
2026/1/20,19:30,13592,0,6210,6076,45,440,1629,161,804,0,0,1797,0,0,-2,-3586,18,13592
2026/1/20,20:00,13242,0,6020,6073,43,439,1547,160,800,0,0,1739,0,0,-2,-3600,23,13242
2026/1/20,20:30,13150,0,6226,6082,43,419,1528,160,800,0,0,1690,0,0,-3,-3814,19,13150
2026/1/20,21:00,12833,0,6014,6090,41,407,1512,163,803,0,0,1637,0,0,-2,-3850,18,12833
2026/1/20,21:30,12393,0,5634,6077,39,404,1500,161,803,0,0,1624,0,0,-1,-3862,14,12393
2026/1/20,22:00,11989,0,5598,6042,37,387,1386,162,804,0,0,1617,0,0,-2,-4064,22,11989
2026/1/20,22:30,11651,0,5410,5911,35,383,1375,163,805,0,0,1575,0,0,-1,-4024,19,11651
2026/1/20,23:00,11551,0,5034,5891,36,384,1370,161,806,0,0,1536,0,0,-2,-3678,13,11551
2026/1/20,23:30,11381,0,4680,5898,35,385,1365,164,807,0,0,1592,0,0,-1,-3554,10,11381
2026/1/21,0:00,11104,0,4758,5895,33,386,1304,162,810,0,0,1486,0,0,-11,-3728,9,11104
2026/1/21,0:30,11031,0,4802,5891,33,387,1289,161,806,0,0,1447,0,0,-37,-3756,8,11031
2026/1/21,1:00,11040,0,4626,5888,33,382,1278,163,808,0,0,1469,0,0,-18,-3598,9,11040
2026/1/21,1:30,11096,0,4650,5896,33,383,1287,163,806,0,0,1447,0,0,-1,-3578,10,11096
2026/1/21,2:00,11116,0,4400,5887,34,382,1312,163,808,0,0,1437,0,0,-1,-3316,10,11116
2026/1/21,2:30,11216,0,4402,5886,34,382,1321,162,809,0,0,1541,0,0,-1,-3330,10,11216
2026/1/21,3:00,11312,0,3920,5902,35,380,1353,163,807,0,0,1524,0,0,-3,-2778,9,11312
2026/1/21,3:30,11413,0,4222,5915,35,352,1356,163,807,0,0,1472,0,0,0,-2918,9,11413
2026/1/21,4:00,11463,0,4294,5899,36,322,1365,163,806,0,0,1472,0,0,-2,-2900,8,11463
2026/1/21,4:30,11646,0,4418,5900,37,379,1363,160,804,0,0,1450,0,0,-2,-2872,9,11646
2026/1/21,5:00,11899,0,4246,5899,38,387,1395,162,803,0,0,1496,0,0,-20,-2518,11,11899
2026/1/21,5:30,12151,0,4252,5908,38,389,1410,161,798,0,0,1525,0,0,-4,-2338,12,12151
2026/1/21,6:00,12713,0,5418,5896,40,408,1480,162,796,0,0,1592,0,0,4,-3096,13,12713
2026/1/21,6:30,13039,0,6058,5892,41,416,1493,161,795,3,0,1526,0,0,0,-3370,24,13039
2026/1/21,7:00,13072,0,6098,5894,42,438,1545,160,791,150,0,1511,0,0,2,-3588,29,13072
2026/1/21,7:30,13308,0,6208,5942,43,438,1547,161,788,446,0,1504,0,0,-1,-3794,26,13308
2026/1/21,8:00,13747,0,6226,6004,45,442,1575,162,797,854,0,1437,0,0,-4,-3816,25,13747
2026/1/21,8:30,14065,0,6024,6007,47,431,1611,163,801,1317,0,1492,0,0,-1,-3848,21,14065
2026/1/21,9:00,14206,0,5476,6002,47,442,1606,166,811,1773,0,1454,0,0,-2,-3592,23,14206
2026/1/21,9:30,14165,0,5198,5980,46,434,1616,169,822,2162,0,1528,0,0,0,-3816,26,14165
2026/1/21,10:00,13844,0,5300,5876,45,331,1521,168,816,2359,0,1513,0,0,-5,-4102,22,13844
2026/1/21,10:30,13753,0,4828,5821,45,316,1501,167,812,2753,0,1540,0,0,-4,-4048,22,13753
2026/1/21,11:00,13593,0,4898,5832,44,400,1392,164,805,2913,0,1560,0,0,3,-4438,20,13593
2026/1/21,11:30,13442,0,4776,5827,44,402,1395,166,810,2877,0,1565,0,0,-2,-4440,22,13442
2026/1/21,12:00,13030,0,4648,5792,45,386,1434,167,834,2615,0,1635,0,0,-1,-4542,17,13030
2026/1/21,12:30,12854,0,4352,5822,43,381,1478,177,857,2568,0,1619,0,0,-7,-4452,16,12854
2026/1/21,13:00,13246,0,4568,5824,44,381,1481,175,856,2565,0,1577,0,0,5,-4250,20,13246
2026/1/21,13:30,13202,0,4502,5841,43,402,1449,172,834,2253,0,1500,0,0,-3,-3804,13,13202
2026/1/21,14:00,13141,0,4474,5829,43,402,1461,168,820,1875,0,1518,0,0,-6,-3462,19,13141
2026/1/21,14:30,12991,0,4094,5858,42,429,1480,168,815,1425,0,1529,0,0,-3,-2862,16,12991
2026/1/21,15:00,13344,0,4096,5895,43,452,1617,163,798,958,0,1506,0,0,2,-2204,18,13344
2026/1/21,15:30,13570,0,4930,5885,44,455,1598,162,784,466,0,1490,0,0,0,-2262,18,13570
2026/1/21,16:00,13685,0,5490,5888,45,458,1585,159,787,153,0,1407,0,1,-6,-2304,22,13685
2026/1/21,16:30,13735,0,5206,5901,45,485,1601,165,795,7,0,1305,0,2,0,-1790,13,13735
2026/1/21,17:00,14062,0,5410,5889,46,490,1601,165,799,0,0,1288,0,2,10,-1662,24,14062
2026/1/21,17:30,14005,0,5346,5902,46,487,1606,165,801,0,0,1238,0,2,10,-1618,20,14005
2026/1/21,18:00,14004,0,5638,5886,47,486,1610,166,801,0,0,1191,0,2,11,-1862,28,14004
2026/1/21,18:30,13945,0,5792,5869,46,490,1604,165,800,0,0,1178,0,2,14,-2036,21,13945
2026/1/21,19:00,13773,0,6448,5972,45,489,1609,163,803,0,0,1115,0,2,21,-2916,22,13773
2026/1/21,19:30,13632,0,6306,5993,44,489,1609,165,801,0,0,1094,0,1,15,-2902,17,13632
2026/1/21,20:00,13269,0,6332,6069,43,485,1597,165,798,0,0,1048,0,0,-12,-3278,22,13269
2026/1/21,20:30,13151,0,6270,6083,43,489,1595,165,799,0,0,1017,0,0,-12,-3318,20,13151
2026/1/21,21:00,12868,0,6470,6086,41,467,1539,165,800,0,0,943,0,0,-1,-3660,18,12868
2026/1/21,21:30,12493,0,6080,6051,40,458,1523,165,796,0,0,971,0,0,-1,-3604,14,12493
2026/1/21,22:00,12085,0,6262,5973,38,402,1357,162,796,0,0,952,0,0,-2,-3876,21,12085
2026/1/21,22:30,11686,0,6236,5837,35,379,1325,164,797,0,0,920,0,0,-2,-4026,21,11686
2026/1/21,23:00,11681,0,6290,5874,37,375,1307,163,800,0,0,952,0,0,-1,-4130,14,11681
2026/1/21,23:30,11346,0,5624,5892,35,380,1308,164,801,0,0,958,0,0,-1,-3826,11,11346
2026/1/22,0:00,11237,0,5026,5880,34,378,1288,164,800,0,0,921,0,0,-1,-3262,9,11237
2026/1/22,0:30,11017,0,4538,5880,33,381,1271,163,800,0,0,918,0,0,-1,-2974,8,11017
2026/1/22,1:00,11171,0,4344,5883,32,373,1270,162,803,0,0,838,0,0,-1,-2542,9,11171
2026/1/22,1:30,11277,0,4434,5884,33,379,1274,165,805,0,0,808,0,0,-1,-2514,10,11277
2026/1/22,2:00,11404,0,4934,5885,34,379,1276,164,800,0,0,868,0,0,-35,-2912,11,11404
2026/1/22,2:30,11437,0,4812,5878,34,379,1276,164,800,0,0,958,0,0,-36,-2838,10,11437
2026/1/22,3:00,11561,0,4692,5878,35,387,1276,165,801,0,0,1017,0,0,-12,-2688,10,11561
2026/1/22,3:30,11552,0,4696,5891,36,387,1285,165,803,0,0,1028,0,0,-2,-2746,9,11552
2026/1/22,4:00,11648,0,4538,5882,36,387,1315,164,802,0,0,1064,0,0,-1,-2548,9,11648
2026/1/22,4:30,11742,0,4432,5870,37,387,1315,164,805,0,0,1051,0,0,-1,-2326,8,11742
2026/1/22,5:00,12052,0,4636,5882,38,381,1331,164,801,0,0,1125,0,0,-1,-2316,11,12052
2026/1/22,5:30,12502,0,5438,5881,39,384,1364,163,803,0,0,1133,0,0,-2,-2714,13,12502
2026/1/22,6:00,12943,0,6376,5876,40,405,1457,161,801,0,0,967,0,0,-5,-3148,13,12943
2026/1/22,6:30,13225,0,6518,5909,41,416,1477,164,800,4,0,1060,0,0,0,-3188,24,13225
2026/1/22,7:00,13217,0,6440,5973,43,440,1526,162,794,86,0,944,0,0,5,-3226,30,13217
2026/1/22,7:30,13408,0,6250,5960,44,439,1531,162,796,287,0,884,0,0,-4,-2966,25,13408
2026/1/22,8:00,13854,0,6308,5907,47,440,1572,167,808,535,0,982,0,0,-7,-2928,23,13854
2026/1/22,8:30,14225,0,5864,5958,48,430,1652,172,840,825,0,1084,0,0,0,-2666,18,14225
2026/1/22,9:00,14253,0,4356,6029,48,455,1689,179,875,1170,0,1064,0,0,-2,-1632,22,14253
2026/1/22,9:30,14347,0,4144,5934,48,441,1683,186,906,1532,0,1110,0,0,-2,-1662,27,14347
2026/1/22,10:00,14003,0,4150,5817,47,440,1557,183,907,1820,0,1256,0,0,0,-2196,22,14003
2026/1/22,10:30,14027,0,3968,5954,47,430,1535,188,914,1973,0,1310,0,0,-5,-2308,21,14027
2026/1/22,11:00,13721,0,4260,5953,47,411,1485,188,917,2206,0,1304,0,0,4,-3074,20,13721
2026/1/22,11:30,13812,0,5186,6141,48,401,1478,186,910,2210,0,1311,0,0,-8,-4072,21,13812
2026/1/22,12:00,13320,0,4806,6361,46,401,1462,185,903,2149,0,1291,0,0,-1,-4300,17,13320
2026/1/22,12:30,13104,0,4716,6419,46,399,1432,181,885,2054,0,1331,0,0,-2,-4372,15,13104
2026/1/22,13:00,13470,0,5212,6394,46,398,1440,179,885,1853,0,1292,0,0,-3,-4246,20,13470
2026/1/22,13:30,13539,0,5568,6420,46,411,1415,182,869,1728,0,1296,0,0,3,-4412,13,13539
2026/1/22,14:00,13423,0,5498,6460,45,409,1379,174,844,1516,0,1174,0,0,0,-4094,18,13423
2026/1/22,14:30,13219,0,5652,6476,46,413,1383,168,820,1140,0,1076,0,0,-8,-3964,17,13219
2026/1/22,15:00,13497,0,5316,6488,46,417,1481,167,804,764,0,1109,0,0,1,-3114,18,13497
2026/1/22,15:30,13653,0,5550,6517,46,449,1470,162,786,428,0,1119,0,0,-2,-2890,18,13653
2026/1/22,16:00,13742,0,5822,6522,46,461,1530,163,790,143,0,1107,0,0,2,-2866,22,13742
2026/1/22,16:30,13935,0,5924,6540,47,474,1554,165,797,6,0,1181,0,0,-4,-2762,13,13935
2026/1/22,17:00,14107,0,5822,6691,47,484,1532,164,797,0,0,1247,0,1,13,-2716,25,14107
2026/1/22,17:30,14321,0,5780,6804,48,483,1583,164,797,0,0,1227,0,2,4,-2592,21,14321
2026/1/22,18:00,14135,0,6148,6796,47,482,1550,162,797,0,0,1279,0,2,10,-3166,28,14135
2026/1/22,18:30,14033,0,6180,6847,47,489,1553,164,799,0,0,1298,0,2,10,-3378,22,14033
2026/1/22,19:00,13813,0,6052,6900,46,490,1549,164,795,0,0,1408,0,1,9,-3626,25,13813
2026/1/22,19:30,13655,0,6116,6909,45,493,1544,163,790,0,0,1465,0,0,11,-3898,17,13655
2026/1/22,20:00,13409,0,6199,6868,44,455,1544,163,789,0,0,1397,0,0,-9,-4064,23,13409
2026/1/22,20:30,13293,0,6294,6870,43,439,1537,164,742,0,0,1424,0,0,23,-4260,17,13293
2026/1/22,21:00,13002,0,6278,6863,41,429,1512,162,743,0,0,1435,0,0,25,-4506,20,13002
2026/1/22,21:30,12621,0,6138,6871,40,409,1499,164,746,0,0,1450,0,0,-1,-4708,13,12621
2026/1/22,22:00,12072,0,5580,6850,38,395,1315,163,748,0,0,1537,0,0,-2,-4570,18,12072
2026/1/22,22:30,11733,0,5292,6868,36,394,1297,163,743,0,0,1482,0,0,-2,-4560,20,11733
2026/1/22,23:00,11665,0,5114,6858,36,391,1273,160,745,0,0,1511,0,0,0,-4436,13,11665
2026/1/22,23:30,11260,0,3936,6806,35,393,1263,161,745,0,0,1575,0,0,-3,-3662,11,11260
2026/1/23,0:00,11192,0,3962,6788,34,392,1256,164,747,0,0,1586,0,0,-1,-3744,8,11192
2026/1/23,0:30,11041,0,3898,6789,33,391,1250,163,744,0,0,1523,0,0,-4,-3754,8,11041
2026/1/23,1:00,11149,0,4232,6850,33,396,1242,162,745,0,0,1514,0,0,-1,-4032,8,11149
2026/1/23,1:30,11178,0,4138,6862,33,384,1241,164,745,0,0,1606,0,0,-4,-4000,9,11178
2026/1/23,2:00,11295,0,4402,6861,34,381,1251,163,743,0,0,1580,0,0,-6,-4124,10,11295
2026/1/23,2:30,11323,0,4356,6857,34,379,1266,163,743,0,0,1549,0,0,-37,-3996,9,11323
2026/1/23,3:00,11440,0,4092,6845,35,384,1300,163,747,0,0,1497,0,0,-38,-3594,9,11440
2026/1/23,3:30,11458,0,3886,6837,35,388,1298,161,745,0,0,1537,0,0,-1,-3436,8,11458
2026/1/23,4:00,11565,0,3936,6801,36,390,1296,163,742,0,0,1508,0,0,-2,-3312,7,11565
2026/1/23,4:30,11753,0,4122,6842,36,390,1299,161,742,0,0,1557,0,0,0,-3404,8,11753
2026/1/23,5:00,12082,0,4778,6853,38,388,1348,164,751,0,0,1518,0,0,-1,-3766,11,12082
2026/1/23,5:30,12460,0,5340,6868,38,395,1360,162,748,0,0,1554,0,0,1,-4018,12,12460
2026/1/23,6:00,12973,0,5802,6861,39,401,1427,162,749,0,0,1545,0,0,0,-4026,13,12973
2026/1/23,6:30,13183,0,5678,6860,41,411,1444,162,749,2,0,1576,0,0,0,-3764,24,13183
2026/1/23,7:00,13178,0,5716,6873,42,430,1507,160,746,103,0,1598,0,0,-3,-4024,30,13178
2026/1/23,7:30,13466,0,5898,6856,43,430,1519,159,745,289,0,1524,0,0,-3,-4018,24,13466
2026/1/23,8:00,13781,0,5642,6867,45,433,1519,166,764,580,0,1603,0,0,-2,-3860,24,13781
2026/1/23,8:30,14190,0,5522,6865,46,412,1561,170,788,961,0,1563,0,0,-1,-3716,19,14190
2026/1/23,9:00,14207,0,4024,6832,47,413,1570,175,802,1356,0,1593,0,0,-4,-2624,23,14207
2026/1/23,9:30,14257,0,3884,6807,46,412,1579,179,831,1600,0,1544,0,0,-3,-2650,28,14257
2026/1/23,10:00,13910,0,3840,6549,45,405,1446,183,847,1827,0,1574,0,0,0,-2828,22,13910
2026/1/23,10:30,13967,0,4388,6459,45,399,1432,183,855,1948,0,1557,0,0,-6,-3314,21,13967
2026/1/23,11:00,13645,0,3946,6444,43,401,1389,188,869,2016,0,1546,0,0,0,-3218,21,13645
2026/1/23,11:30,13491,0,3764,6254,44,396,1365,183,862,2204,0,1547,0,0,-3,-3146,21,13491
2026/1/23,12:00,13057,0,3958,6285,43,399,1352,185,858,2177,0,1551,0,0,-2,-3770,21,13057
2026/1/23,12:30,12863,0,3876,6270,42,398,1355,183,855,2173,0,1589,0,0,-4,-3888,14,12863
2026/1/23,13:00,13150,0,4036,6260,42,401,1404,182,848,2123,0,1564,0,0,-11,-3720,21,13150
2026/1/23,13:30,13127,0,4136,6241,41,404,1397,180,839,1953,0,1530,0,0,-9,-3602,17,13127
2026/1/23,14:00,12988,0,3940,6107,42,411,1378,177,825,1686,0,1577,0,0,-14,-3160,19,12988
2026/1/23,14:30,12906,0,4046,6155,41,405,1381,171,800,1455,0,1521,0,0,-12,-3080,23,12906
2026/1/23,15:00,13125,0,4218,6308,42,411,1430,163,767,985,0,1467,0,0,-5,-2680,19,13125
2026/1/23,15:30,13343,0,5280,6527,42,412,1429,160,748,491,0,1340,0,0,-3,-3100,17,13343
2026/1/23,16:00,13325,0,5602,6619,43,418,1480,159,741,189,0,1299,0,0,-4,-3244,23,13325
2026/1/23,16:30,13585,0,6052,6633,44,447,1505,160,749,12,0,1243,0,0,0,-3280,20,13585
2026/1/23,17:00,13726,0,6052,6583,45,447,1512,164,752,0,0,1185,0,0,12,-3054,28,13726
2026/1/23,17:30,13634,0,5754,6525,45,450,1515,162,749,0,0,1247,0,0,6,-2840,21,13634
2026/1/23,18:00,13638,0,6104,6543,45,451,1509,163,748,0,0,1317,0,0,10,-3280,28,13638
2026/1/23,18:30,13558,0,6136,6607,44,447,1506,162,740,0,0,1297,0,0,6,-3410,23,13558
2026/1/23,19:00,13346,0,6290,6622,43,455,1503,162,743,0,0,1222,0,0,-1,-3716,23,13346
2026/1/23,19:30,13157,0,6262,6623,42,448,1512,160,743,0,0,1264,0,0,19,-3934,18,13157
2026/1/23,20:00,12903,0,6208,6617,42,450,1507,162,741,0,0,1237,0,0,32,-4118,25,12903
2026/1/23,20:30,12707,0,6130,6574,41,432,1501,161,742,0,0,1247,0,0,20,-4160,19,12707
2026/1/23,21:00,12476,0,6164,6566,39,426,1494,162,739,0,0,1157,0,0,-2,-4290,21,12476
2026/1/23,21:30,12129,0,5874,6636,38,427,1490,162,740,0,0,1105,0,0,-1,-4358,16,12129
2026/1/23,22:00,11761,0,5388,6798,36,392,1369,163,741,0,0,1067,0,0,-2,-4214,23,11761
2026/1/23,22:30,11461,0,5248,6798,34,386,1356,162,741,0,0,1075,0,0,-1,-4358,20,11461
2026/1/23,23:00,11437,0,5450,6735,35,385,1341,161,742,0,0,1025,0,0,-3,-4448,14,11437
2026/1/23,23:30,11134,0,4914,6609,33,385,1330,161,745,0,0,1014,0,0,-1,-4066,10,11134
2026/1/24,0:00,10981,0,5182,6447,32,387,1232,161,742,0,0,1020,0,0,-14,-4216,8,10981
2026/1/24,0:30,10859,0,5208,6362,32,384,1229,162,744,0,0,1008,0,0,-13,-4264,7,10859
2026/1/24,1:00,10899,0,5100,6308,32,380,1222,162,742,0,0,959,0,0,-14,-4000,8,10899
2026/1/24,1:30,10999,0,5314,6349,32,384,1224,162,745,0,0,891,0,0,-14,-4096,8,10999
2026/1/24,2:00,11054,0,5142,6433,32,380,1232,162,745,0,0,859,0,0,-14,-3926,9,11054
2026/1/24,2:30,11060,0,4848,6435,32,375,1236,161,743,0,0,778,0,0,-2,-3554,8,11060
2026/1/24,3:00,11133,0,4848,6435,33,381,1262,161,742,0,0,662,0,0,-1,-3398,8,11133
2026/1/24,3:30,11124,0,4798,6442,32,381,1268,162,746,0,0,622,0,0,-1,-3334,8,11124
2026/1/24,4:00,11152,0,4868,6435,33,382,1289,161,745,0,0,507,0,0,-1,-3274,7,11152
2026/1/24,4:30,11198,0,4944,6439,33,382,1292,162,745,0,0,469,0,0,0,-3276,8,11198
2026/1/24,5:00,11318,0,5236,6439,34,383,1302,162,743,0,0,424,0,0,-1,-3414,10,11318
2026/1/24,5:30,11440,0,5440,6436,34,386,1306,161,739,0,0,386,0,0,-1,-3458,11,11440
2026/1/24,6:00,11574,0,5764,6437,35,405,1318,163,741,0,0,335,0,0,-6,-3630,12,11574
2026/1/24,6:30,11799,0,6126,6440,35,412,1321,162,744,4,0,398,0,0,-31,-3834,22,11799
2026/1/24,7:00,11762,0,6162,6274,36,415,1308,163,741,119,0,385,0,0,10,-3880,29,11762
2026/1/24,7:30,11964,0,6094,6119,38,418,1297,160,739,427,0,419,0,0,20,-3792,25,11964
2026/1/24,8:00,12271,0,5476,5976,40,418,1278,158,735,813,0,429,0,0,-4,-3072,24,12271
2026/1/24,8:30,12360,0,4596,5948,41,414,1295,162,743,1171,0,452,0,0,2,-2486,22,12360
2026/1/24,9:00,12654,0,4030,5940,42,411,1255,166,762,1552,0,556,0,0,-4,-2082,26,12654
2026/1/24,9:30,12581,0,3536,5845,41,410,1250,169,772,1895,0,548,0,0,0,-1914,29,12581
2026/1/24,10:00,12321,0,3522,5532,41,413,1244,173,793,2117,0,568,0,0,-3,-2112,33,12321
2026/1/24,10:30,12282,0,3734,5532,40,373,1233,172,790,2268,0,613,0,0,-3,-2492,22,12282
2026/1/24,11:00,11903,0,4074,5503,40,338,1267,177,816,2177,0,641,0,0,-2,-3150,22,11903
2026/1/24,11:30,11749,0,3572,5534,40,369,1315,182,842,2430,0,679,0,0,-1,-3234,21,11749
2026/1/24,12:00,11503,0,3490,5305,40,374,1325,182,848,2794,0,763,0,0,0,-3644,26,11503
2026/1/24,12:30,11263,0,3812,5110,40,414,1326,182,845,2770,0,777,0,0,-14,-4022,23,11263
2026/1/24,13:00,11206,0,4162,5196,40,375,1327,184,837,2516,0,793,0,0,-36,-4210,22,11206
2026/1/24,13:30,11253,0,4798,5363,40,407,1312,180,827,2145,0,728,0,0,-32,-4534,19,11253
2026/1/24,14:00,10933,0,4180,5514,40,418,1259,174,793,1856,0,647,0,0,1,-3970,21,10933
2026/1/24,14:30,10852,0,4114,5600,39,410,1246,168,770,1595,0,694,0,0,-2,-3802,20,10852
2026/1/24,15:00,11185,0,4344,5732,39,417,1279,163,743,1207,0,726,0,0,-3,-3484,22,11185
2026/1/24,15:30,11197,0,4720,5755,40,420,1289,160,731,682,0,731,0,0,0,-3356,25,11197
2026/1/24,16:00,11240,0,4860,5781,40,420,1389,159,734,228,0,759,0,0,0,-3154,24,11240
2026/1/24,16:30,11628,0,5428,5856,42,429,1404,161,739,16,0,826,0,0,0,-3290,17,11628
2026/1/24,17:00,12165,0,5450,5946,42,428,1411,161,737,0,0,914,0,0,-1,-2948,25,12165
2026/1/24,17:30,12445,0,5778,6059,43,428,1420,162,739,0,0,952,0,0,0,-3162,26,12445
2026/1/24,18:00,12493,0,6052,6132,43,423,1413,162,737,0,0,1001,0,0,32,-3528,26,12493
2026/1/24,18:30,12436,0,6026,6183,43,427,1417,162,737,0,0,1059,0,0,29,-3670,23,12436
2026/1/24,19:00,12179,0,5932,6274,42,429,1417,162,737,0,0,1075,0,0,-3,-3908,22,12179
2026/1/24,19:30,12221,0,5834,6461,41,428,1416,162,739,0,0,1174,0,0,-1,-4052,19,12221
2026/1/24,20:00,11971,0,5428,6612,40,427,1360,161,739,0,0,1323,0,0,1,-4142,22,11971
2026/1/24,20:30,11952,0,5536,6624,40,428,1350,160,734,0,0,1404,0,0,-1,-4344,21,11952
2026/1/24,21:00,11678,0,5716,6583,38,430,1340,163,733,0,0,1406,0,0,-1,-4750,20,11678
2026/1/24,21:30,11396,0,5610,6467,36,424,1338,161,732,0,0,1396,0,0,-1,-4782,15,11396
2026/1/24,22:00,11173,0,5362,6439,35,391,1288,162,732,0,0,1334,0,0,-1,-4588,19,11173
2026/1/24,22:30,10918,0,5216,6439,33,388,1287,162,733,0,0,1290,0,0,-1,-4648,19,10918
2026/1/24,23:00,10948,0,5274,6428,34,383,1279,161,736,0,0,1249,0,0,-13,-4596,13,10948
2026/1/24,23:30,10713,0,4870,6445,33,383,1275,161,733,0,0,1293,0,0,-12,-4478,10,10713
2026/1/25,0:00,10512,0,4214,6393,32,380,1253,162,733,0,0,1237,0,0,-1,-3900,9,10512
2026/1/25,0:30,10440,0,4136,6426,31,380,1247,161,733,0,0,1280,0,0,-2,-3960,8,10440
2026/1/25,1:00,10502,0,4406,6443,31,376,1245,160,731,0,0,1288,0,0,-2,-4184,8,10502
2026/1/25,1:30,10316,0,4062,6441,31,382,1244,160,735,0,0,1294,0,0,-2,-4040,9,10316
2026/1/25,2:00,10786,0,4490,6436,31,376,1251,162,731,0,0,1326,0,0,-1,-4026,10,10786
2026/1/25,2:30,10706,0,4270,6448,32,380,1246,161,729,0,0,1371,0,0,-2,-3938,9,10706
2026/1/25,3:00,10798,0,4266,6443,33,379,1245,161,729,0,0,1411,0,0,-1,-3876,8,10798
2026/1/25,3:30,10758,0,4196,6446,34,381,1250,160,727,0,0,1497,0,0,-3,-3938,8,10758
2026/1/25,4:00,10854,0,4272,6440,34,381,1278,161,728,0,0,1496,0,0,-2,-3942,8,10854
2026/1/25,4:30,10868,0,4312,6446,34,379,1279,160,725,0,0,1489,0,0,0,-3964,8,10868
2026/1/25,5:00,10938,0,4336,6448,35,386,1275,160,726,0,0,1460,0,0,-1,-3898,11,10938
2026/1/25,5:30,11032,0,4524,6434,35,383,1278,159,726,0,0,1440,0,0,-2,-3958,13,11032
2026/1/25,6:00,11051,0,4740,6445,35,411,1287,160,728,0,0,1353,0,0,-1,-4120,13,11051
2026/1/25,6:30,11094,0,4650,6403,36,423,1286,162,727,4,0,1443,0,0,-2,-4058,20,11094
2026/1/25,7:00,11153,0,4354,6207,37,424,1268,159,720,137,0,1532,0,0,-3,-3714,32,11153
2026/1/25,7:30,11320,0,4378,6026,38,427,1251,158,715,423,0,1521,0,0,-2,-3642,27,11320
2026/1/25,8:00,11464,0,4134,5887,40,425,1246,162,733,780,0,1517,0,0,-7,-3476,23,11464
2026/1/25,8:30,11498,0,3498,5829,41,420,1276,166,744,1227,0,1474,0,0,-3,-3198,24,11498
2026/1/25,9:00,11561,0,3078,5734,41,418,1284,168,756,1695,0,1496,0,0,2,-3134,23,11561
2026/1/25,9:30,11608,0,3122,5665,42,413,1341,173,783,1993,0,1513,0,0,-4,-3458,25,11608
2026/1/25,10:00,11415,0,3410,5509,42,413,1232,166,757,2399,0,1626,0,0,5,-4166,22,11415
2026/1/25,10:30,11431,0,3534,5513,42,413,1253,174,782,2570,0,1747,0,0,-5,-4614,22,11431
2026/1/25,11:00,11245,0,3524,5425,41,344,1230,171,776,2765,0,1776,0,0,-3,-4826,22,11245
2026/1/25,11:30,11264,0,3440,5423,42,310,1207,169,763,2829,0,1841,0,0,-38,-4742,20,11264
2026/1/25,12:00,11237,0,3148,5377,41,306,1222,170,771,2744,0,1878,0,0,-39,-4402,21,11237
2026/1/25,12:30,11103,0,3096,5334,40,310,1216,169,765,2632,0,1884,0,0,-6,-4350,13,11103
2026/1/25,13:00,11125,0,3090,5362,40,307,1251,172,776,2494,0,1856,0,0,-4,-4240,21,11125
2026/1/25,13:30,11056,0,3164,5460,39,312,1259,172,779,2333,0,1877,0,0,0,-4358,19,11056
2026/1/25,14:00,10930,0,3054,5362,39,389,1245,169,758,2095,0,1884,0,0,-1,-4082,18,10930
2026/1/25,14:30,10909,0,3334,5425,39,405,1241,162,743,1731,0,1905,0,0,2,-4104,26,10909
2026/1/25,15:00,11233,0,4016,5590,40,410,1329,162,733,1151,0,1893,0,0,-3,-4108,20,11233
2026/1/25,15:30,11303,0,4276,5705,41,413,1310,159,716,668,0,1919,0,0,4,-3930,22,11303
2026/1/25,16:00,11425,0,4434,5745,42,415,1379,159,715,218,0,1917,0,0,-5,-3618,24,11425
2026/1/25,16:30,11909,0,4824,5924,43,426,1397,160,724,19,0,1962,0,0,0,-3592,22,11909
2026/1/25,17:00,12404,0,5150,6144,45,427,1407,160,723,0,0,1938,0,0,-2,-3614,26,12404
2026/1/25,17:30,12833,0,5512,6442,46,429,1407,160,724,0,0,1916,0,0,-2,-3828,27,12833
2026/1/25,18:00,12813,0,5550,6706,46,426,1412,161,724,0,0,1864,0,0,-1,-4102,27,12813
2026/1/25,18:30,12910,0,5612,6790,45,428,1417,160,725,0,0,1851,0,0,-3,-4138,23,12910
2026/1/25,19:00,12748,0,5476,6800,45,434,1411,159,728,0,0,1883,0,0,-2,-4210,24,12748
2026/1/25,19:30,12580,0,5384,6794,44,428,1414,160,728,0,0,1828,0,0,1,-4222,21,12580
2026/1/25,20:00,12504,0,5096,6731,43,428,1393,160,726,0,0,1876,0,0,24,-3994,21,12504
2026/1/25,20:30,12294,0,5248,6666,42,428,1360,159,726,0,0,1841,0,0,32,-4228,20,12294
2026/1/25,21:00,12177,0,5198,6530,40,429,1340,160,727,0,0,1788,0,0,5,-4062,22,12177
2026/1/25,21:30,11739,0,4872,6484,40,425,1331,159,728,0,0,1789,0,0,-8,-4094,13,11739
2026/1/25,22:00,11428,0,4774,6496,37,390,1236,159,729,0,0,1759,0,0,-12,-4160,20,11428
2026/1/25,22:30,10996,0,4510,6438,35,389,1227,160,726,0,0,1641,0,0,-12,-4134,16,10996
2026/1/25,23:00,11130,0,4768,6396,36,388,1211,158,727,0,0,1667,0,0,-12,-4224,15,11130
2026/1/25,23:30,10819,0,4354,6447,34,384,1204,160,727,0,0,1609,0,0,-12,-4098,10,10819
2026/1/26,0:00,10721,0,4220,6509,34,381,1155,159,728,0,0,1693,0,0,-20,-4146,8,10721
2026/1/26,0:30,10679,0,4256,6579,33,380,1151,160,728,0,0,1671,0,0,-36,-4250,7,10679
2026/1/26,1:00,10726,0,4280,6623,33,378,1152,160,728,0,0,1576,0,0,-24,-4188,8,10726
2026/1/26,1:30,10904,0,4616,6637,33,380,1164,160,732,0,0,1357,0,0,-2,-4182,9,10904
2026/1/26,2:00,10970,0,4608,6625,34,376,1164,163,733,0,0,1353,0,0,-1,-4094,9,10970
2026/1/26,2:30,11054,0,4770,6621,35,377,1171,162,733,0,0,1234,0,0,0,-4058,9,11054
2026/1/26,3:00,11152,0,4554,6621,35,377,1178,159,734,0,0,1225,0,0,-1,-3738,8,11152
2026/1/26,3:30,11124,0,4426,6629,36,382,1181,162,733,0,0,1204,0,0,-1,-3636,8,11124
2026/1/26,4:00,11371,0,4596,6629,36,381,1242,162,734,0,0,1164,0,0,0,-3580,7,11371
2026/1/26,4:30,11391,0,4810,6451,37,381,1269,161,735,0,0,1096,0,0,-1,-3556,8,11391
2026/1/26,5:00,11820,0,5090,6134,38,382,1352,161,731,0,0,1060,0,0,-1,-3138,11,11820
2026/1/26,5:30,12069,0,5140,6051,39,382,1366,161,733,0,0,1075,0,0,-2,-2888,12,12069
2026/1/26,6:00,12660,0,5716,6028,40,412,1405,162,745,0,0,945,0,0,-3,-2804,14,12660
2026/1/26,6:30,12950,0,5996,6005,42,421,1420,159,745,3,0,866,0,0,-10,-2718,21,12950
2026/1/26,7:00,12976,0,5986,6034,42,445,1446,158,733,167,0,753,0,0,36,-2854,30,12976
2026/1/26,7:30,13283,0,6122,6014,42,483,1433,158,726,489,0,679,0,0,30,-2918,25,13283
2026/1/26,8:00,13708,0,6192,5988,45,494,1443,161,750,892,0,685,0,0,-1,-2964,23,13708
2026/1/26,8:30,14077,0,6126,5987,47,482,1475,166,766,1254,0,782,0,0,-23,-3004,19,14077
2026/1/26,9:00,14210,0,5758,5991,47,436,1525,172,788,1702,0,842,0,0,-41,-3032,22,14210
2026/1/26,9:30,14091,0,4978,5899,48,423,1545,171,800,2191,0,978,0,0,-14,-2952,24,14091
2026/1/26,10:00,13836,0,4810,5777,47,424,1424,175,813,2693,0,1005,0,0,-4,-3350,22,13836
2026/1/26,10:30,13691,0,4352,5736,47,416,1422,179,832,2963,0,1091,0,0,-3,-3366,22,13691
2026/1/26,11:00,13524,0,4334,5737,47,418,1343,175,815,3180,0,1184,0,0,1,-3730,20,13524
2026/1/26,11:30,13375,0,4112,5726,47,417,1351,178,823,3118,0,1351,0,0,-2,-3766,20,13375
2026/1/26,12:00,12945,0,3948,5738,47,420,1262,169,799,3060,0,1358,0,0,-6,-3868,18,12945
2026/1/26,12:30,12850,0,4346,5785,46,413,1275,173,803,2778,0,1387,0,0,-5,-4166,15,12850
2026/1/26,13:00,13186,0,4288,5828,45,419,1300,170,784,2378,0,1435,0,0,1,-3482,20,13186
2026/1/26,13:30,13132,0,4364,5894,45,419,1286,165,755,2050,0,1584,0,0,-3,-3440,13,13132
2026/1/26,14:00,13035,0,4404,5959,45,417,1315,167,763,1672,0,1531,0,0,1,-3258,19,13035
2026/1/26,14:30,13104,0,4682,6192,44,417,1283,163,744,1328,0,1484,0,0,-2,-3246,15,13104
2026/1/26,15:00,13173,0,5340,6405,44,415,1333,160,736,894,0,1349,0,0,-4,-3518,19,13173
2026/1/26,15:30,13291,0,5432,6619,44,412,1353,157,737,497,0,1206,0,0,-5,-3180,19,13291
2026/1/26,16:00,13337,0,5568,6677,44,410,1457,160,734,171,0,1194,0,0,-2,-3098,22,13337
2026/1/26,16:30,13613,0,5887,6735,45,421,1473,161,742,15,0,1115,0,0,16,-3010,13,13613
2026/1/26,17:00,13684,0,5788,6731,46,438,1503,162,742,0,0,1099,0,0,1,-2850,24,13684
2026/1/26,17:30,13670,0,5824,6711,46,438,1507,160,736,0,0,1072,0,0,43,-2888,21,13670
2026/1/26,18:00,13499,0,5724,6713,46,441,1534,162,739,0,0,1055,0,0,29,-2972,28,13499
2026/1/26,18:30,13381,0,5702,6716,45,437,1533,159,742,0,0,1051,0,0,14,-3040,22,13381
2026/1/26,19:00,13103,0,5846,6717,44,444,1531,163,742,0,0,963,0,0,10,-3378,21,13103
2026/1/26,19:30,13045,0,5980,6710,43,448,1532,161,746,0,0,1037,0,0,-4,-3626,18,13045
2026/1/26,20:00,12726,0,5720,6716,42,423,1502,162,745,0,0,1109,0,0,9,-3724,22,12726
2026/1/26,20:30,12549,0,5682,6651,41,421,1488,161,742,0,0,1158,0,0,-1,-3814,20,12549
2026/1/26,21:00,12222,0,5606,6608,40,420,1478,162,743,0,0,1213,0,0,-1,-4064,17,12222
2026/1/26,21:30,11841,0,5536,6616,38,419,1469,161,742,0,0,1185,0,0,-3,-4334,12,11841
2026/1/26,22:00,11406,0,5300,6612,36,385,1324,161,745,0,0,1091,0,0,-1,-4268,21,11406
2026/1/26,22:30,11048,0,5236,6628,34,381,1292,158,740,0,0,1069,0,0,-1,-4506,17,11048
2026/1/26,23:00,11032,0,5332,6568,34,382,1261,161,743,0,0,1058,0,0,-1,-4520,14,11032
2026/1/26,23:30,10596,0,4208,6583,33,379,1251,160,742,0,0,1053,0,0,-1,-3822,10,10596
2026/1/27,0:00,10486,0,4408,6594,32,377,1161,162,744,0,0,917,0,0,-1,-3916,8,10486
2026/1/27,0:30,10398,0,4350,6605,32,380,1149,160,741,0,0,842,0,0,-22,-3846,7,10398
2026/1/27,1:00,10534,0,4520,6601,32,377,1147,161,746,0,0,793,0,0,-36,-3814,7,10534
2026/1/27,1:30,10583,0,4578,6570,32,378,1149,161,746,0,0,749,0,0,-24,-3764,8,10583
2026/1/27,2:00,10674,0,4526,6568,33,376,1157,162,743,0,0,723,0,0,-1,-3622,9,10674
2026/1/27,2:30,10790,0,4458,6580,34,380,1166,159,744,0,0,726,0,0,-1,-3464,8,10790
2026/1/27,3:00,10917,0,4498,6535,34,378,1112,160,742,0,0,688,0,0,-2,-3236,8,10917
2026/1/27,3:30,10884,0,4460,6498,35,376,1105,161,742,0,0,652,0,0,-2,-3150,7,10884
2026/1/27,4:00,11037,0,4052,6482,36,379,1131,160,742,0,0,574,0,0,0,-2526,7,11037
2026/1/27,4:30,11109,0,3586,6583,37,381,1162,160,739,0,0,460,0,0,-1,-2006,8,11109
2026/1/27,5:00,11501,0,3958,6613,37,376,1292,161,740,0,0,324,0,0,-1,-2010,11,11501
2026/1/27,5:30,11905,0,4442,6622,38,378,1292,160,737,0,0,235,0,0,-2,-2008,11,11905
2026/1/27,6:00,12445,0,5620,6614,39,407,1313,161,741,0,0,158,0,0,3,-2624,13,12445
2026/1/27,6:30,12683,0,5954,6600,40,419,1314,162,742,0,0,169,0,0,-6,-2734,23,12683
2026/1/27,7:00,12632,0,5714,6617,40,429,1315,162,740,107,0,224,0,0,0,-2744,28,12632
2026/1/27,7:30,12914,0,5938,6604,41,438,1342,163,751,299,0,236,0,0,1,-2926,27,12914
2026/1/27,8:00,13209,0,6156,6626,43,433,1355,166,764,705,0,245,0,0,38,-3346,24,13209
2026/1/27,8:30,13547,0,6052,6533,45,435,1388,169,784,1289,0,193,0,0,29,-3390,20,13547
2026/1/27,9:00,13553,0,5476,6537,45,419,1311,175,800,1948,0,191,0,0,1,-3372,22,13553
2026/1/27,9:30,13363,0,4332,6650,45,416,1321,180,828,2587,0,218,0,0,-2,-3236,24,13363
2026/1/27,10:00,13135,0,3742,6527,44,422,1254,177,821,2770,0,239,0,0,5,-2888,22,13135
2026/1/27,10:30,13014,0,3510,6487,44,425,1239,177,816,2672,0,284,0,0,-7,-2654,21,13014
2026/1/27,11:00,12799,0,3606,6491,43,427,1242,181,833,2659,0,318,0,0,-8,-3012,19,12799
2026/1/27,11:30,12909,0,3724,6549,43,431,1180,174,811,2838,0,356,0,0,-1,-3216,20,12909
2026/1/27,12:00,12276,0,3664,6503,41,418,1177,175,817,2417,0,346,0,0,-51,-3248,17,12276
2026/1/27,12:30,12201,0,4086,6561,40,424,1172,174,815,1937,0,349,0,0,-52,-3320,15,12201
2026/1/27,13:00,12617,0,3886,6553,39,419,1121,169,787,1894,0,415,0,0,-14,-2672,20,12617
2026/1/27,13:30,12599,0,3664,6498,39,422,1135,169,783,1715,0,477,0,0,-12,-2304,13,12599
2026/1/27,14:00,12638,0,3474,6423,40,421,1163,165,775,1576,0,541,0,0,-13,-1946,19,12638
2026/1/27,14:30,12483,0,3446,6389,41,417,1208,166,772,1250,0,688,0,0,-14,-1896,16,12483
2026/1/27,15:00,12509,0,3324,6525,42,421,1352,162,758,860,0,831,0,0,-2,-1782,18,12509
2026/1/27,15:30,12815,0,4374,6582,42,419,1351,163,752,509,0,981,0,0,1,-2376,17,12815
2026/1/27,16:00,12751,0,4908,6662,42,425,1374,161,747,187,0,1072,0,0,-1,-2848,22,12751
2026/1/27,16:30,13022,0,5244,6764,43,428,1403,164,754,22,0,1132,0,0,-5,-2940,13,13022
2026/1/27,17:00,13190,0,5248,6817,44,444,1404,163,753,0,0,1174,0,0,-2,-2880,25,13190
2026/1/27,17:30,13248,0,5350,6845,44,450,1404,159,750,0,0,1273,0,0,-1,-3048,22,13248
2026/1/27,18:00,13237,0,5570,6888,44,447,1392,162,749,0,0,1323,0,0,-3,-3362,27,13237
2026/1/27,18:30,13133,0,5328,6949,44,445,1397,160,746,0,0,1384,0,0,13,-3354,21,13133
2026/1/27,19:00,12978,0,5196,6973,43,433,1390,161,744,0,0,1544,0,0,33,-3560,21,12978
2026/1/27,19:30,12826,0,5100,7012,42,428,1386,161,739,0,0,1580,0,0,18,-3658,18,12826
2026/1/27,20:00,12741,0,5480,6981,42,427,1360,161,739,0,0,1518,0,0,-1,-3988,22,12741
2026/1/27,20:30,12445,0,5064,6971,41,426,1345,161,736,0,0,1513,0,0,-1,-3830,19,12445
2026/1/27,21:00,12275,0,5154,6974,39,430,1260,158,733,0,0,1536,0,0,-2,-4024,17,12275
2026/1/27,21:30,11815,0,4268,6968,38,426,1227,160,732,0,0,1711,0,0,-2,-3726,13,11815
2026/1/27,22:00,11516,0,4304,6965,36,399,1186,161,730,0,0,1679,0,0,-2,-3962,20,11516
2026/1/27,22:30,11232,0,4252,6979,34,398,1185,160,734,0,0,1464,0,0,-2,-3990,18,11232
2026/1/27,23:00,11233,0,4316,6983,35,398,1134,160,733,0,0,1537,0,0,-1,-4074,12,11233
2026/1/27,23:30,10919,0,3654,6971,33,396,1123,160,731,0,0,1660,0,0,-1,-3818,10,10919
2026/1/28,0:00,10826,0,4128,6959,32,390,1067,159,732,0,0,1608,0,0,-1,-4256,8,10826
2026/1/28,0:30,10571,0,3690,6970,31,390,1058,158,731,0,0,1626,0,0,-3,-4088,8,10571
2026/1/28,1:00,10763,0,4116,6974,32,385,1061,160,734,0,0,1521,0,0,0,-4228,8,10763
2026/1/28,1:30,10730,0,3950,6978,32,388,1062,161,732,0,0,1492,0,0,-2,-4072,9,10730
2026/1/28,2:00,10922,0,4114,6970,33,389,1057,161,733,0,0,1449,0,0,0,-3994,10,10922
2026/1/28,2:30,10872,0,3930,6984,33,389,1071,161,734,0,0,1353,0,0,0,-3792,9,10872
2026/1/28,3:00,11031,0,3608,6965,34,385,1099,160,737,0,0,1474,0,0,0,-3440,9,11031
2026/1/28,3:30,11101,0,3748,6981,34,387,1098,160,732,0,0,1383,0,0,-1,-3430,9,11101
2026/1/28,4:00,11236,0,3860,6960,35,385,1106,158,732,0,0,1326,0,0,-2,-3332,8,11236
2026/1/28,4:30,11319,0,3738,6969,36,387,1127,160,731,0,0,1306,0,0,-1,-3142,8,11319
2026/1/28,5:00,11634,0,4370,6976,36,384,1182,161,730,0,0,1289,0,0,-5,-3500,11,11634
2026/1/28,5:30,11906,0,4848,6972,36,392,1187,161,731,0,0,1323,0,0,-38,-3718,12,11906
2026/1/28,6:00,12313,0,5440,6978,38,418,1279,161,732,0,0,1313,0,0,-28,-4030,12,12313
2026/1/28,6:30,12594,0,5872,6969,39,419,1296,163,731,9,0,1326,0,0,38,-4292,24,12594
2026/1/28,7:00,12618,0,6080,6966,40,442,1348,161,731,185,0,1251,0,0,-24,-4592,30,12618
2026/1/28,7:30,12772,0,5754,6972,41,443,1349,158,725,571,0,1328,0,0,4,-4598,25,12772
2026/1/28,8:00,13136,0,5390,6970,44,444,1403,165,748,1077,0,1273,0,0,28,-4430,24,13136
2026/1/28,8:30,13348,0,4844,6985,45,422,1408,167,756,1720,0,1178,0,0,-3,-4194,20,13348
2026/1/28,9:00,13452,0,4258,6980,45,422,1365,169,754,2358,0,1146,0,0,2,-4068,21,13452
2026/1/28,9:30,13310,0,3598,6961,45,421,1393,172,779,2693,0,1168,0,0,-3,-3942,25,13310
2026/1/28,10:00,13191,0,3964,6889,43,419,1198,171,772,2952,0,1063,0,0,1,-4304,23,13191
2026/1/28,10:30,13054,0,4202,6866,42,420,1176,170,788,2998,0,1035,0,0,-3,-4662,22,13054
2026/1/28,11:00,12896,0,3930,6867,41,421,1168,175,792,3065,0,1120,0,0,-1,-4702,20,12896
2026/1/28,11:30,12736,0,3814,6866,41,420,1169,175,795,3043,0,1110,0,0,-3,-4716,22,12736
2026/1/28,12:00,12294,0,3528,6857,40,417,1152,174,792,3026,0,1124,0,0,-40,-4794,18,12294
2026/1/28,12:30,12188,0,3482,6781,38,417,1128,170,776,3182,0,1147,0,0,-43,-4906,16,12188
2026/1/28,13:00,12483,0,4012,6869,38,417,1141,170,771,3041,0,1166,0,0,-16,-5148,22,12483
2026/1/28,13:30,12525,0,4606,6866,38,413,1140,168,777,2549,0,1126,0,0,-4,-5168,14,12525
2026/1/28,14:00,12468,0,4614,6901,37,418,1130,167,766,2216,0,1085,0,0,-3,-4882,19,12468
2026/1/28,14:30,12382,0,4890,6943,37,420,1135,164,757,1702,0,1081,0,0,0,-4764,17,12382
2026/1/28,15:00,12494,0,5114,6968,39,418,1182,161,736,1236,0,994,0,0,0,-4376,22,12494
2026/1/28,15:30,12686,0,5582,6973,40,426,1218,157,726,802,0,950,0,0,-4,-4204,20,12686
2026/1/28,16:00,12770,0,5254,6965,42,432,1386,157,719,397,0,1017,0,0,-3,-3618,22,12770
2026/1/28,16:30,13102,0,6070,6976,42,433,1421,159,735,51,0,935,0,0,9,-3742,13,13102
2026/1/28,17:00,13294,0,6326,6970,44,449,1434,159,737,0,0,893,0,0,8,-3750,24,13294
2026/1/28,17:30,13262,0,6332,6972,44,447,1433,158,734,0,0,899,0,0,2,-3780,21,13262
2026/1/28,18:00,13282,0,6370,6973,45,454,1437,159,739,0,0,797,0,0,44,-3764,28,13282
2026/1/28,18:30,13150,0,6084,6964,45,454,1436,159,738,0,0,927,0,0,42,-3720,21,13150
2026/1/28,19:00,12963,0,6136,6965,44,434,1435,159,740,0,0,1007,0,0,9,-3988,22,12963
2026/1/28,19:30,12923,0,6102,6976,43,426,1428,159,739,0,0,1052,0,0,9,-4028,17,12923
2026/1/28,20:00,12721,0,6162,6966,41,429,1385,158,740,0,0,1059,0,0,0,-4242,23,12721
2026/1/28,20:30,12595,0,6342,6985,40,430,1368,159,747,0,0,999,0,0,-1,-4492,18,12595
2026/1/28,21:00,12368,0,5930,6976,39,430,1302,160,753,0,0,986,0,0,0,-4226,18,12368
2026/1/28,21:30,11832,0,4884,6983,38,433,1286,158,756,0,0,1080,0,0,-1,-3798,13,11832
2026/1/28,22:00,11628,0,4868,6978,36,402,1236,160,756,0,0,1127,0,0,-1,-3954,20,11628
2026/1/28,22:30,11250,0,4190,6973,34,403,1232,159,752,0,0,1207,0,0,-1,-3718,19,11250
2026/1/28,23:00,11206,0,4234,6984,34,399,1205,160,754,0,0,1234,0,0,1,-3812,13,11206
2026/1/28,23:30,11080,0,4226,6978,33,403,1188,159,754,0,0,1215,0,0,-2,-3884,10,11080
2026/1/29,0:00,10865,0,4098,6967,32,401,1078,159,769,0,0,1219,0,0,-23,-3844,9,10865
2026/1/29,0:30,10748,0,3940,6967,31,400,1081,160,794,0,0,1246,0,0,-37,-3842,8,10748
2026/1/29,1:00,10856,0,3672,6975,32,399,1084,160,803,0,0,1220,0,0,-23,-3474,8,10856
2026/1/29,1:30,10974,0,3620,6882,32,399,1098,156,807,0,0,1315,0,0,-2,-3342,9,10974
2026/1/29,2:00,11098,0,3826,6821,33,399,1098,160,808,0,0,1235,0,0,-2,-3290,10,11098
2026/1/29,2:30,11195,0,3776,6790,33,397,1097,159,806,0,0,1279,0,0,-1,-3150,9,11195
2026/1/29,3:00,11307,0,3872,6866,34,397,1108,159,812,0,0,1140,0,0,-2,-3088,9,11307
2026/1/29,3:30,11364,0,3784,6729,34,399,1119,159,810,0,0,1215,0,0,-1,-2892,8,11364
2026/1/29,4:00,11538,0,3874,6744,35,400,1209,159,812,0,0,1174,0,0,-2,-2874,7,11538
2026/1/29,4:30,11690,0,4042,6944,36,400,1212,159,812,0,0,1065,0,0,0,-2988,8,11690
2026/1/29,5:00,12021,0,4606,6976,37,394,1308,160,817,0,0,1037,0,0,-1,-3324,11,12021
2026/1/29,5:30,12358,0,4878,6979,38,398,1312,156,817,0,0,1074,0,0,-2,-3304,12,12358
2026/1/29,6:00,12798,0,5542,6976,39,419,1321,160,821,0,0,1010,0,0,5,-3508,13,12798
2026/1/29,6:30,13204,0,6516,6973,40,425,1324,158,816,6,0,975,0,0,35,-4088,24,13204
2026/1/29,7:00,13067,0,6442,6978,40,441,1357,157,809,215,0,884,0,0,12,-4298,30,13067
2026/1/29,7:30,13234,0,6334,6974,41,447,1370,157,811,583,0,902,0,0,-7,-4402,24,13234
2026/1/29,8:00,13590,0,5684,6912,43,446,1396,158,822,1124,0,959,0,0,10,-3988,24,13590
2026/1/29,8:30,13828,0,5246,6802,46,419,1430,164,839,1771,0,850,0,0,-2,-3756,19,13828
2026/1/29,9:00,13799,0,4328,6749,46,412,1442,169,855,2267,0,882,0,0,-2,-3372,23,13799
2026/1/29,9:30,13826,0,4092,6663,46,408,1419,166,858,2859,0,954,0,0,-4,-3662,27,13826
2026/1/29,10:00,13546,0,4040,6423,46,404,1238,169,859,3254,0,1102,0,0,2,-4014,23,13546
2026/1/29,10:30,13647,0,4240,6491,46,405,1176,166,851,3442,0,1141,0,0,-3,-4330,22,13647
2026/1/29,11:00,13430,0,4600,6444,45,406,1198,172,871,3440,0,1170,0,0,0,-4936,20,13430
2026/1/29,11:30,13362,0,4580,6528,45,412,1153,169,845,3604,0,1199,0,0,-11,-5184,22,13362
2026/1/29,12:00,12749,0,3818,5901,44,411,1200,173,872,3628,0,1292,0,0,-44,-4564,18,12749
2026/1/29,12:30,12736,0,4072,6076,42,415,1163,170,851,3710,0,1300,0,0,-51,-5028,16,12736
2026/1/29,13:00,12919,0,4166,5995,41,417,1160,166,842,3513,0,1301,0,0,-13,-4690,21,12919
2026/1/29,13:30,13072,0,4750,6381,41,448,1172,170,847,3103,0,1344,0,0,-17,-5182,15,13072
2026/1/29,14:00,12886,0,4578,6675,41,457,1143,166,833,2692,0,1479,0,0,-10,-5188,20,12886
2026/1/29,14:30,12832,0,4930,6835,42,456,1181,170,837,2044,0,1430,0,0,-12,-5098,17,12832
2026/1/29,15:00,12990,0,5132,6945,43,465,1283,164,814,1471,0,1319,0,0,-13,-4652,19,12990
2026/1/29,15:30,13130,0,5832,6971,43,463,1304,162,798,854,0,1302,0,0,-2,-4616,19,13130
2026/1/29,16:00,13264,0,5768,6977,44,466,1454,159,798,321,0,1321,0,0,0,-4066,22,13264
2026/1/29,16:30,13545,0,6180,6979,45,467,1504,161,808,39,0,1367,0,0,-3,-4016,14,13545
2026/1/29,17:00,13811,0,6080,7022,45,478,1501,163,809,0,0,1483,0,0,10,-3804,24,13811
2026/1/29,17:30,13917,0,6414,7010,46,484,1492,162,810,0,0,1484,0,1,8,-4016,22,13917
2026/1/29,18:00,13858,0,6398,6942,46,441,1490,163,809,0,0,1422,0,2,9,-3890,26,13858
2026/1/29,18:30,13871,0,6588,6897,46,434,1499,163,814,0,0,1384,0,2,11,-3990,23,13871
2026/1/29,19:00,13540,0,6498,6909,44,439,1501,161,819,0,0,1281,0,2,-9,-4128,23,13540
2026/1/29,19:30,13506,0,6670,6891,44,435,1504,164,821,0,0,1211,0,2,2,-4256,18,13506
2026/1/29,20:00,13201,0,6490,6859,43,435,1492,161,822,0,0,1250,0,2,44,-4420,23,13201
2026/1/29,20:30,13015,0,6302,6859,42,434,1492,162,820,0,0,1193,0,1,43,-4352,19,13015
2026/1/29,21:00,12778,0,6238,6854,40,417,1441,162,824,0,0,1115,0,0,0,-4332,19,12778
2026/1/29,21:30,12403,0,5892,6857,38,411,1382,161,825,0,0,1164,0,0,-2,-4338,13,12403
2026/1/29,22:00,12037,0,5936,6866,37,384,1322,162,822,0,0,1178,0,0,-1,-4690,21,12037
2026/1/29,22:30,11684,0,5560,6915,35,384,1313,160,819,0,0,1224,0,0,-1,-4744,19,11684
2026/1/29,23:00,11680,0,5590,6979,35,380,1285,161,813,0,0,1169,0,0,-16,-4728,12,11680
2026/1/29,23:30,11367,0,5022,6974,34,380,1258,159,813,0,0,1127,0,0,-32,-4378,10,11367
2026/1/30,0:00,11156,0,4814,6985,33,380,1167,161,818,0,0,1017,0,0,-31,-4196,8,11156
2026/1/30,0:30,11038,0,4784,6973,32,379,1148,162,816,0,0,1055,0,0,-2,-4316,7,11038
2026/1/30,1:00,11105,0,4788,6984,32,379,1142,160,815,0,0,1082,0,0,-3,-4282,8,11105
2026/1/30,1:30,11060,0,4674,6977,33,380,1143,162,814,0,0,1183,0,0,-1,-4314,9,11060
2026/1/30,2:00,11153,0,5092,6974,34,377,1143,161,812,0,0,1165,0,0,-2,-4612,9,11153
2026/1/30,2:30,11217,0,5086,6979,34,382,1154,158,812,0,0,1192,0,0,-1,-4588,9,11217
2026/1/30,3:00,11300,0,4822,6974,34,379,1193,161,813,0,0,1199,0,0,-1,-4282,8,11300
2026/1/30,3:30,11272,0,4414,6975,35,382,1209,160,815,0,0,1256,0,0,-1,-3980,7,11272
2026/1/30,4:00,11434,0,4618,6969,36,379,1259,160,816,0,0,1262,0,0,-1,-4072,8,11434
2026/1/30,4:30,11530,0,4630,6980,36,376,1264,159,815,0,0,1312,0,0,0,-4050,8,11530
2026/1/30,5:00,11877,0,4888,6978,37,382,1316,160,815,0,0,1282,0,0,0,-3992,11,11877
2026/1/30,5:30,12301,0,5600,6984,38,381,1335,157,817,0,0,1281,0,0,-2,-4302,12,12301
2026/1/30,6:00,12652,0,5686,6972,39,412,1326,160,817,0,0,1311,0,0,2,-4086,13,12652
2026/1/30,6:30,13037,0,6372,6978,42,414,1335,160,817,5,0,1365,0,0,-11,-4464,24,13037
2026/1/30,7:00,12977,0,6320,6973,41,434,1382,160,813,169,0,1323,0,0,2,-4670,30,12977
2026/1/30,7:30,13263,0,6306,6973,43,435,1396,160,818,500,0,1306,0,0,33,-4732,25,13263
2026/1/30,8:00,13586,0,6122,6964,45,432,1437,166,841,952,0,1275,0,0,31,-4702,23,13586
2026/1/30,8:30,13789,0,5246,6963,47,417,1472,167,855,1544,0,1248,0,0,0,-4188,18,13789
2026/1/30,9:00,13984,0,4312,6973,47,419,1413,172,865,2170,0,1227,0,0,-2,-3634,22,13984
2026/1/30,9:30,13818,0,3668,6746,46,419,1379,171,863,2682,0,1264,0,0,-1,-3442,23,13818
2026/1/30,10:00,13555,0,4144,6319,45,421,1178,170,856,3104,0,1249,0,0,-2,-3952,23,13555
2026/1/30,10:30,13540,0,4276,6170,45,418,1151,168,849,3343,0,1280,0,0,-2,-4180,22,13540
2026/1/30,11:00,13342,0,5090,6094,44,410,1152,169,851,3385,0,1253,0,0,-2,-5124,20,13342
2026/1/30,11:30,13332,0,5230,6141,43,407,1138,166,844,3443,0,1241,0,0,-5,-5336,20,13332
2026/1/30,12:00,12812,0,4656,6112,44,403,1144,165,845,3497,0,1259,0,0,-48,-5286,21,12812
2026/1/30,12:30,12620,0,4438,6085,42,408,1136,165,843,3511,0,1270,0,0,-48,-5244,14,12620
2026/1/30,13:00,12958,0,4734,6064,43,408,1140,168,846,3262,0,1280,0,0,-17,-4990,20,12958
2026/1/30,13:30,13038,0,4954,6183,43,411,1118,164,831,3065,0,1287,0,0,-12,-5022,16,13038
2026/1/30,14:00,12948,0,4640,6316,43,408,1077,162,813,2590,0,1299,0,0,-13,-4406,19,12948
2026/1/30,14:30,12690,0,4514,6456,44,409,1106,160,820,2067,0,1225,0,0,-16,-4118,23,12690
2026/1/30,15:00,12942,0,4502,6732,43,412,1220,161,817,1475,0,1264,0,0,-8,-3694,18,12942
2026/1/30,15:30,13216,0,5256,6961,44,411,1262,157,798,913,0,1279,0,0,1,-3884,18,13216
2026/1/30,16:00,13207,0,5748,6951,44,406,1431,155,782,370,0,1314,0,0,-3,-4014,23,13207
2026/1/30,16:30,13381,0,6104,6941,45,414,1468,159,792,47,0,1341,0,0,8,-3958,20,13381
2026/1/30,17:00,13723,0,6368,6943,46,430,1464,160,793,0,0,1367,0,0,10,-3886,28,13723
2026/1/30,17:30,13624,0,6310,6945,46,434,1464,160,793,0,0,1333,0,0,5,-3888,22,13624
2026/1/30,18:00,13642,0,6414,6950,47,427,1463,160,795,0,0,1306,0,0,32,-3980,28,13642
2026/1/30,18:30,13507,0,6316,6961,46,433,1467,160,794,0,0,1255,0,0,30,-3978,23,13507
2026/1/30,19:00,13316,0,6218,6948,45,429,1458,160,797,0,0,1283,0,0,-2,-4044,24,13316
2026/1/30,19:30,13174,0,6270,6958,44,430,1462,160,796,0,0,1231,0,0,-1,-4194,18,13174
2026/1/30,20:00,12907,0,6122,6951,42,411,1400,159,797,0,0,1199,0,0,-1,-4198,25,12907
2026/1/30,20:30,12731,0,6078,6962,42,409,1397,158,798,0,0,1120,0,0,-1,-4252,20,12731
2026/1/30,21:00,12455,0,5952,6969,40,410,1328,160,798,0,0,1073,0,0,-1,-4296,22,12455
2026/1/30,21:30,12119,0,5740,6954,39,409,1309,160,808,0,0,1083,0,0,-2,-4398,17,12119
2026/1/30,22:00,11719,0,5432,6957,37,381,1219,159,819,0,0,1058,0,0,-1,-4366,24,11719
2026/1/30,22:30,11493,0,5292,6968,35,379,1208,159,811,0,0,981,0,0,-2,-4358,20,11493
2026/1/30,23:00,11430,0,5394,6958,36,381,1066,158,798,0,0,1011,0,0,-2,-4384,14,11430
2026/1/30,23:30,11212,0,5034,6967,35,378,1059,158,799,0,0,1054,0,0,-1,-4282,11,11212
2026/1/31,0:00,11025,0,4732,6888,33,385,1022,159,791,0,0,1067,0,0,-15,-4046,9,11025
2026/1/31,0:30,10882,0,4486,6833,33,379,1020,158,797,0,0,1118,0,0,-16,-3934,8,10882
2026/1/31,1:00,10927,0,4780,6759,33,375,1017,156,796,0,0,1113,0,0,-15,-4096,9,10927
2026/1/31,1:30,11002,0,4964,6764,33,379,1023,158,796,0,0,1109,0,0,-14,-4220,10,11002
2026/1/31,2:00,11082,0,5282,6720,33,381,1018,157,795,0,0,1065,0,0,-15,-4364,10,11082
2026/1/31,2:30,11128,0,5260,6637,34,376,1026,158,795,0,0,1133,0,0,-1,-4300,10,11128
2026/1/31,3:00,11127,0,5200,6557,34,380,1029,158,796,0,0,1086,0,0,0,-4122,9,11127
2026/1/31,3:30,11128,0,5090,6541,35,379,1029,157,795,0,0,1210,0,0,-1,-4116,9,11128
2026/1/31,4:00,11247,0,5300,6521,35,384,1073,157,792,0,0,1137,0,0,-1,-4160,9,11247
2026/1/31,4:30,11258,0,5090,6539,36,382,1091,156,793,0,0,1298,0,0,0,-4136,9,11258
2026/1/31,5:00,11416,0,5270,6531,36,382,1190,155,793,0,0,1278,0,0,0,-4230,11,11416
2026/1/31,5:30,11457,0,5474,6529,36,385,1199,157,802,0,0,1272,0,0,-1,-4408,12,11457
2026/1/31,6:00,11648,0,5354,6544,37,408,1195,156,801,0,0,1205,0,0,-2,-4064,14,11648
2026/1/31,6:30,11896,0,6102,6531,37,411,1215,155,804,5,0,1100,0,0,-2,-4484,22,11896
2026/1/31,7:00,11725,0,6162,6538,38,414,1208,151,795,170,0,1080,0,0,-2,-4858,29,11725
2026/1/31,7:30,11924,0,6058,6530,40,415,1226,155,806,438,0,1170,0,0,0,-4942,28,11924
2026/1/31,8:00,12027,0,5252,6530,42,408,1180,159,824,838,0,1127,0,0,1,-4356,22,12027
2026/1/31,8:30,12200,0,4974,6501,43,417,1236,162,856,1320,0,1098,0,0,0,-4430,23,12200
2026/1/31,9:00,12075,0,4290,6355,42,408,1218,170,882,1873,0,1126,0,0,-6,-4306,23,12075
2026/1/31,9:30,12064,0,4164,6114,42,310,1271,177,910,2305,0,1211,0,0,-2,-4466,28,12064
2026/1/31,10:00,11770,0,4072,5969,41,301,1151,173,900,2802,0,1278,0,0,2,-4950,31,11770
2026/1/31,10:30,11599,0,3690,5973,41,298,1090,171,889,3151,0,1201,0,0,-5,-4922,22,11599
2026/1/31,11:00,11392,0,3522,5885,41,301,1045,170,880,3430,0,1176,0,0,0,-5078,20,11392
2026/1/31,11:30,11318,0,3356,5838,41,297,1065,171,888,3597,0,1243,0,1,-6,-5194,21,11318
2026/1/31,12:00,11133,0,3182,5802,41,298,1044,167,882,3719,0,1367,0,1,-41,-5352,23,11133
2026/1/31,12:30,10786,0,3036,5511,40,299,1043,167,876,3768,0,1332,0,1,-34,-5274,21,10786
2026/1/31,13:00,10779,0,3176,5583,40,301,1070,171,887,3509,0,1347,0,1,-7,-5320,21,10779
2026/1/31,13:30,10757,0,3416,5755,39,303,1026,164,857,3389,0,1343,0,1,-3,-5550,17,10757
2026/1/31,14:00,10650,0,3312,5678,38,318,1008,158,831,3089,0,1404,0,1,3,-5208,18,10650
2026/1/31,14:30,10524,0,3376,5887,39,304,999,155,820,2551,0,1413,0,1,0,-5040,19,10524
2026/1/31,15:00,10695,0,3572,6050,39,298,1123,156,828,1792,0,1345,0,1,-3,-4526,20,10695
2026/1/31,15:30,10780,0,3886,6384,39,350,1099,150,793,1123,0,1367,0,1,-2,-4432,22,10780
2026/1/31,16:00,10949,0,4184,6552,40,410,1248,150,797,462,0,1430,0,1,-3,-4344,22,10949
2026/1/31,16:30,11205,0,4554,6627,41,408,1305,153,815,66,0,1366,0,1,0,-4144,13,11205
2026/1/31,17:00,11767,0,4984,6733,43,412,1325,154,814,0,0,1411,0,1,1,-4136,25,11767
2026/1/31,17:30,12063,0,5512,6815,43,411,1323,153,815,0,0,1413,0,1,-9,-4438,24,12063
2026/1/31,18:00,11965,0,5606,6926,44,410,1324,153,815,0,0,1387,0,1,-2,-4726,27,11965
2026/1/31,18:30,11894,0,5496,6946,43,410,1325,153,814,0,0,1435,0,1,0,-4750,21,11894
2026/1/31,19:00,11820,0,5568,6946,42,410,1341,153,817,0,0,1309,0,1,-2,-4788,23,11820
2026/1/31,19:30,11663,0,5606,6902,41,413,1342,154,817,0,0,1236,0,1,-2,-4864,17,11663
2026/1/31,20:00,11532,0,5546,6846,41,410,1288,154,815,0,0,1281,0,1,3,-4874,21,11532
2026/1/31,20:30,11359,0,5508,6751,40,411,1274,153,815,0,0,1280,0,1,33,-4926,19,11359
2026/1/31,21:00,11235,0,5304,6638,38,413,1265,154,813,0,0,1251,0,1,27,-4688,19,11235
2026/1/31,21:30,10880,0,5110,6551,37,406,1268,152,820,0,0,1218,0,1,-1,-4696,14,10880
2026/1/31,22:00,10646,0,4886,6539,35,382,1214,154,816,0,0,1227,0,1,0,-4628,20,10646
2026/1/31,22:30,10382,0,4692,6540,33,381,1216,154,816,0,0,1225,0,1,-2,-4692,18,10382
2026/1/31,23:00,10464,0,4728,6509,34,380,1211,154,809,0,0,1217,0,1,-1,-4592,14,10464
2026/1/31,23:30,10310,0,4250,6534,33,379,1204,154,792,0,0,1228,0,1,-3,-4272,10,10310
