単位[MW平均],,,供給力,,,,,,,,,,,,,,,,
DATE,TIME,エリア需要,原子力,火力(LNG),火力(石炭),火力(石油),火力(その他),水力,地熱,バイオマス,太陽光発電実績,太陽光出力制御量,風力発電実績,風力出力制御量,揚水,蓄電池,連系線,その他,合計
2025/2/1,0:00,10230,787,4986,6406,30,295,745,163,679,0,0,1561,0,1,-1,-5430,8,10230
2025/2/1,0:30,10110,787,4944,6443,29,297,740,162,659,0,0,1533,0,1,-1,-5492,8,10110
2025/2/1,1:00,10138,785,5188,6416,29,297,739,164,661,0,0,1505,0,1,-1,-5654,8,10138
2025/2/1,1:30,10159,785,5340,6332,30,292,739,162,662,0,0,1485,0,1,-2,-5676,9,10159
2025/2/1,2:00,10260,787,5060,6398,30,303,735,164,662,0,0,1403,0,1,-1,-5292,10,10260
2025/2/1,2:30,10350,789,4952,6429,31,370,740,161,658,0,0,1431,0,1,-1,-5220,9,10350
2025/2/1,3:00,10403,787,4772,6416,31,370,740,164,658,0,0,1429,0,1,3,-4976,8,10403
2025/2/1,3:30,10418,785,4926,6452,32,366,729,162,660,0,0,1386,0,1,-1,-5088,8,10418
2025/2/1,4:00,10432,789,4780,6556,32,302,730,164,663,0,0,1303,0,1,-1,-4894,7,10432
2025/2/1,4:30,10445,783,4798,6540,32,296,731,162,661,0,0,1309,0,1,0,-4876,8,10445
2025/2/1,5:00,10488,791,4652,6529,33,302,758,164,661,0,0,1309,0,1,-1,-4722,11,10488
2025/2/1,5:30,10648,783,4812,6546,32,304,755,162,658,0,0,1279,0,1,0,-4696,12,10648
2025/2/1,6:00,10629,787,4740,6524,32,318,756,163,659,0,0,1216,0,1,-1,-4580,14,10629
2025/2/1,6:30,10813,786,5022,6577,33,408,753,162,664,6,0,1182,0,1,-1,-4804,24,10813
2025/2/1,7:00,10817,787,5098,6567,34,409,753,164,658,165,0,1250,0,1,-1,-5098,30,10817
2025/2/1,7:30,10954,789,4956,6526,36,438,757,163,673,485,0,1249,0,1,-3,-5142,26,10954
2025/2/1,8:00,11043,785,4996,6436,38,452,753,167,720,891,0,1240,0,1,1,-5460,23,11043
2025/2/1,8:30,11284,791,5064,6416,38,382,767,169,758,1435,0,1279,0,1,-1,-5838,23,11284
2025/2/1,9:00,11237,783,4666,6108,38,457,771,172,794,1968,0,1300,0,1,-5,-5840,24,11237
2025/2/1,9:30,10976,789,4388,5555,37,366,791,175,853,2418,0,1373,0,1,-1,-5798,29,10976
2025/2/1,10:00,10794,786,3736,4924,35,357,758,176,852,2877,0,1346,0,1,3,-5082,25,10794
2025/2/1,10:30,10576,787,3616,4823,33,356,757,176,866,3024,0,1315,0,1,-5,-5196,23,10576
2025/2/1,11:00,10355,785,3870,4704,33,356,737,175,838,3214,0,1271,0,1,-2,-5648,21,10355
2025/2/1,11:30,10244,788,3968,4555,35,356,746,175,873,3291,0,1286,0,1,-4,-5850,24,10244
2025/2/1,12:00,10036,789,3616,4521,34,356,734,176,850,3462,0,1235,0,1,-41,-5716,19,10036
2025/2/1,12:30,9810,789,3462,4440,33,356,729,172,818,3660,0,1216,0,1,-35,-5848,17,9810
2025/2/1,13:00,9808,785,3734,4680,33,358,739,176,857,3408,0,1150,0,1,-5,-6130,22,9808
2025/2/1,13:30,9729,791,3682,4884,32,359,733,173,842,3214,0,1076,0,1,-3,-6070,15,9729
2025/2/1,14:00,9625,787,3626,5206,31,357,702,173,815,2824,0,1067,0,1,1,-5986,21,9625
2025/2/1,14:30,9676,789,3918,5683,32,355,697,170,789,2237,0,1066,0,1,-3,-6078,20,9676
2025/2/1,15:00,9684,789,4146,6165,32,358,699,168,711,1551,0,1015,0,1,-2,-5970,21,9684
2025/2/1,15:30,9812,787,4786,6418,34,356,689,161,639,893,0,1009,0,1,1,-5982,20,9812
2025/2/1,16:00,10003,791,5180,6596,34,369,745,162,625,352,0,927,0,1,-3,-5798,22,10003
2025/2/1,16:30,10316,785,5370,6654,36,454,761,161,634,54,0,854,0,1,2,-5474,24,10316
2025/2/1,17:00,10810,789,5654,6683,38,456,830,162,637,0,0,802,0,1,-3,-5264,25,10810
2025/2/1,17:30,10888,785,5748,6648,40,454,829,161,634,0,0,709,0,1,1,-5146,24,10888
2025/2/1,18:00,11019,791,5656,6658,39,453,828,162,634,0,0,725,0,1,35,-4990,27,11019
2025/2/1,18:30,10909,788,5532,6630,39,455,831,161,631,0,0,687,0,1,27,-4894,21,10909
2025/2/1,19:00,10821,785,5588,6579,38,455,828,162,636,0,0,652,0,1,-1,-4924,22,10821
2025/2/1,19:30,10796,791,5686,6590,37,455,830,161,633,0,0,692,0,1,-1,-5096,17,10796
2025/2/1,20:00,10606,785,5608,6559,37,455,800,161,634,0,0,657,0,1,-2,-5110,21,10606
2025/2/1,20:30,10467,787,5494,6581,37,453,793,161,633,0,0,592,0,1,0,-5084,19,10467
2025/2/1,21:00,10248,787,5448,6538,34,456,759,162,634,0,0,537,0,1,-1,-5124,17,10248
2025/2/1,21:30,10029,789,5282,6598,34,451,759,161,634,0,0,548,0,1,-1,-5240,13,10029
2025/2/1,22:00,9769,785,5016,6576,32,390,725,162,633,0,0,489,0,1,-1,-5058,19,9769
2025/2/1,22:30,9542,791,4912,6539,31,313,725,161,636,0,0,428,0,1,-2,-5010,17,9542
2025/2/1,23:00,9609,791,4822,6539,32,376,719,162,636,0,0,361,0,1,-1,-4842,13,9609
2025/2/1,23:30,9521,785,4936,6526,31,318,716,161,636,0,0,314,0,1,-1,-4912,10,9521
2025/2/2,0:00,9386,787,4950,6494,29,378,650,162,635,0,0,280,0,1,-2,-4986,8,9386
2025/2/2,0:30,9278,787,4900,6348,29,313,651,161,638,0,0,284,0,1,-1,-4840,7,9278
2025/2/2,1:00,9380,786,4946,6321,29,306,653,164,637,0,0,232,0,1,0,-4702,7,9380
2025/2/2,1:30,9418,785,4838,6330,29,303,656,160,636,0,0,246,0,1,-2,-4572,8,9418
2025/2/2,2:00,9585,793,4704,6261,30,300,652,163,639,0,0,205,0,1,0,-4172,9,9585
2025/2/2,2:30,9602,787,4346,6283,30,305,649,160,640,0,0,182,0,1,-1,-3788,8,9602
2025/2/2,3:00,9735,785,4408,6357,31,304,676,163,637,0,0,176,0,1,-1,-3810,8,9735
2025/2/2,3:30,9745,787,4358,6474,31,303,673,161,639,0,0,162,0,1,-1,-3850,7,9745
2025/2/2,4:00,9811,785,4320,6514,31,307,676,163,641,0,0,135,0,1,-1,-3768,7,9811
2025/2/2,4:30,9826,787,4316,6527,32,306,690,161,641,0,0,124,0,1,-1,-3766,8,9826
2025/2/2,5:00,9897,791,4334,6489,32,306,714,163,640,0,0,126,0,1,-1,-3708,10,9897
2025/2/2,5:30,9892,789,4504,6437,32,302,714,161,643,0,0,107,0,1,-1,-3808,11,9892
2025/2/2,6:00,9966,783,5074,6409,32,304,714,164,644,0,0,96,0,1,-6,-4262,13,9966
2025/2/2,6:30,9998,787,5148,6413,32,315,717,161,644,8,0,101,0,1,4,-4354,21,9998
2025/2/2,7:00,9850,785,5218,6331,33,400,707,163,644,162,0,121,0,1,-5,-4738,28,9850
2025/2/2,7:30,10197,789,5368,6458,34,406,705,162,653,613,0,129,0,1,-2,-5144,25,10197
2025/2/2,8:00,10097,789,4914,6570,34,407,726,167,712,1183,0,110,0,1,3,-5542,23,10097
2025/2/2,8:30,10134,788,4426,6423,33,316,727,171,789,1797,0,90,0,1,-2,-5450,25,10134
2025/2/2,9:00,10054,787,4002,5966,31,310,738,175,832,2475,0,88,0,1,-1,-5374,24,10054
2025/2/2,9:30,9988,787,3566,6020,31,309,758,177,897,3003,0,66,0,1,-4,-5648,25,9988
2025/2/2,10:00,9755,787,3686,5437,31,306,730,181,924,3317,0,49,0,1,2,-5722,26,9755
2025/2/2,10:30,9547,788,3438,5251,29,294,729,178,918,3639,0,57,0,1,-3,-5794,22,9547
2025/2/2,11:00,9340,789,3056,5247,28,265,701,182,926,3851,0,52,0,1,-2,-5774,18,9340
2025/2/2,11:30,9235,785,2770,5280,28,256,698,178,923,4106,0,58,0,1,-4,-5866,22,9235
2025/2/2,12:00,9093,793,2648,5112,27,260,697,182,933,4403,0,53,0,1,-50,-5984,18,9093
2025/2/2,12:30,8898,787,2522,4985,27,252,696,179,928,4444,0,51,0,1,-48,-5942,16,8898
2025/2/2,13:00,8819,785,2698,5046,27,254,708,180,905,4148,0,50,0,1,-7,-6000,24,8819
2025/2/2,13:30,8694,787,3004,5128,27,254,724,178,897,3798,0,56,0,1,-1,-6176,17,8694
2025/2/2,14:00,8702,791,3442,5239,27,249,752,177,868,3277,0,58,0,1,3,-6204,22,8702
2025/2/2,14:30,8651,787,3790,5484,27,268,747,172,806,2652,0,55,0,1,0,-6160,22,8651
2025/2/2,15:00,8672,789,3894,6012,27,297,790,167,717,1920,0,55,0,1,-11,-6006,20,8672
2025/2/2,15:30,8807,787,4642,6142,29,310,799,162,654,1188,0,65,0,1,1,-5994,21,8807
2025/2/2,16:00,9112,788,4744,6370,30,319,885,161,623,544,0,56,0,1,-2,-5428,21,9112
2025/2/2,16:30,9426,788,4824,6338,32,405,885,161,639,98,0,48,0,1,3,-4820,24,9426
2025/2/2,17:00,10157,788,5344,6494,35,407,896,162,641,0,0,48,0,1,-3,-4684,28,10157
2025/2/2,17:30,10422,787,5442,6533,37,406,895,161,642,0,0,42,0,1,0,-4548,24,10422
2025/2/2,18:00,10599,785,5354,6548,37,407,900,163,640,0,0,47,0,1,35,-4344,26,10599
2025/2/2,18:30,10676,792,5584,6544,37,408,900,160,641,0,0,40,0,1,27,-4478,20,10676
2025/2/2,19:00,10646,788,5632,6554,37,409,898,163,644,0,0,31,0,1,-1,-4534,24,10646
2025/2/2,19:30,10630,787,5550,6548,37,409,906,160,642,0,0,39,0,1,-1,-4464,16,10630
2025/2/2,20:00,10562,789,5518,6543,36,407,918,164,643,0,0,44,0,1,-1,-4520,20,10562
2025/2/2,20:30,10440,785,5474,6551,36,409,922,160,642,0,0,39,0,1,-1,-4596,18,10440
2025/2/2,21:00,10209,785,4938,6523,34,407,861,163,641,0,0,34,0,1,-1,-4194,17,10209
2025/2/2,21:30,10043,791,5312,6513,33,406,859,161,643,0,0,36,0,1,-2,-4722,12,10043
2025/2/2,22:00,9660,787,4890,6584,32,382,865,163,643,0,0,46,0,1,0,-4752,19,9660
2025/2/2,22:30,9438,789,4782,6593,30,309,865,161,641,0,0,49,0,1,-1,-4798,17,9438
2025/2/2,23:00,9550,785,4852,6467,31,307,842,162,643,0,0,54,0,1,-2,-4604,12,9550
2025/2/2,23:30,9409,787,4652,6409,30,312,845,161,643,0,0,56,0,1,-1,-4496,10,9409
2025/2/3,0:00,9370,789,4704,6506,29,379,838,164,643,0,0,74,0,1,-1,-4764,8,9370
2025/2/3,0:30,9302,787,4728,6557,29,313,844,161,640,0,0,100,0,1,-1,-4864,7,9302
2025/2/3,1:00,9454,786,4982,6554,29,306,842,163,642,0,0,111,0,1,-1,-4968,7,9454
2025/2/3,1:30,9550,789,5030,6607,29,308,840,160,642,0,0,125,0,1,-1,-4988,8,9550
2025/2/3,2:00,9666,787,4970,6568,30,304,839,164,643,0,0,165,0,1,-1,-4812,8,9666
2025/2/3,2:30,9853,787,5126,6628,31,302,840,161,643,0,0,193,0,1,-1,-4866,8,9853
2025/2/3,3:00,9939,790,5078,6598,31,305,867,163,643,0,0,219,0,1,-1,-4762,7,9939
2025/2/3,3:30,9990,786,4938,6595,32,301,871,161,642,0,0,219,0,1,-1,-4562,7,9990
2025/2/3,4:00,10085,789,5024,6613,32,301,867,164,640,0,0,149,0,1,-1,-4500,6,10085
2025/2/3,4:30,10338,786,5488,6637,33,308,874,160,642,0,0,137,0,1,-1,-4734,7,10338
2025/2/3,5:00,10658,791,5774,6600,33,313,908,162,639,0,0,140,0,1,-1,-4712,10,10658
2025/2/3,5:30,10890,785,5648,6610,34,383,917,162,642,0,0,180,0,1,-1,-4482,11,10890
2025/2/3,6:00,11407,788,5706,6668,35,411,928,164,647,0,0,203,0,1,1,-4158,13,11407
2025/2/3,6:30,11676,787,5886,6606,37,412,947,162,647,9,0,254,0,1,-5,-4080,13,11676
2025/2/3,7:00,11697,787,5824,6478,37,415,1022,164,663,138,0,277,0,1,-3,-4122,16,11697
2025/2/3,7:30,12025,789,5754,6524,38,443,1042,164,680,486,0,271,0,1,-3,-4180,16,12025
2025/2/3,8:00,12456,788,5896,6604,40,454,1066,167,711,897,0,256,0,1,5,-4446,17,12456
2025/2/3,8:30,12800,790,5892,6584,40,460,1077,168,751,1250,0,232,0,1,-5,-4454,14,12800
2025/2/3,9:00,12855,782,5390,6450,40,453,1065,171,772,1781,0,241,0,1,0,-4306,15,12855
2025/2/3,9:30,12786,787,4832,6313,39,453,1083,174,852,2347,0,254,0,1,0,-4366,17,12786
2025/2/3,10:00,12447,788,4722,6281,38,455,1011,175,842,2737,0,267,0,1,-1,-4888,19,12447
2025/2/3,10:30,12306,790,4662,6195,37,363,984,173,835,3049,0,267,0,1,-3,-5060,13,12306
2025/2/3,11:00,12095,787,4700,6009,38,374,986,176,857,3197,0,271,0,1,-1,-5314,14,12095
2025/2/3,11:30,11939,783,4950,6035,39,455,986,176,853,3047,0,295,0,1,-3,-5692,14,11939
2025/2/3,12:00,11377,787,4338,6178,38,403,982,173,860,3004,0,348,0,1,-9,-5738,12,11377
2025/2/3,12:30,11294,789,4610,6301,36,364,965,176,851,2735,0,406,0,1,-4,-5946,10,11294
2025/2/3,13:00,11563,787,5048,6322,35,435,973,171,815,2700,0,433,0,1,2,-6174,15,11563
2025/2/3,13:30,11572,787,5356,6414,34,449,960,170,780,2332,0,477,0,1,-4,-6194,10,11572
2025/2/3,14:00,11600,789,5808,6490,35,456,965,168,746,1663,0,582,0,1,3,-6120,14,11600
2025/2/3,14:30,11535,787,5866,6611,36,456,961,166,705,1102,0,658,0,1,-2,-5824,12,11535
2025/2/3,15:00,11518,785,5584,6586,36,461,964,163,689,903,0,738,0,1,5,-5410,13,11518
2025/2/3,15:30,11556,785,5610,6528,36,457,982,165,673,593,0,786,0,1,-2,-5070,12,11556
2025/2/3,16:00,11734,793,5518,6542,36,459,1111,161,660,254,0,815,0,1,-2,-4628,14,11734
2025/2/3,16:30,11970,785,5828,6554,38,459,1127,161,648,42,0,791,0,1,-4,-4470,10,11970
2025/2/3,17:00,12035,789,6102,6562,39,458,1129,160,647,0,0,812,0,1,0,-4680,16,12035
2025/2/3,17:30,12043,785,6038,6659,39,458,1132,162,645,0,0,798,0,1,2,-4690,14,12043
2025/2/3,18:00,12017,787,5992,6720,39,460,1129,160,645,0,0,689,0,1,3,-4626,18,12017
2025/2/3,18:30,11913,789,5824,6729,39,461,1129,161,647,0,0,682,0,1,-2,-4560,13,11913
2025/2/3,19:00,11712,787,5580,6722,38,456,1108,159,639,0,0,705,0,1,0,-4500,17,11712
2025/2/3,19:30,11628,791,5646,6729,37,461,1103,161,642,0,0,683,0,1,-1,-4638,13,11628
2025/2/3,20:00,11375,785,5628,6734,36,464,1046,158,643,0,0,652,0,1,-1,-4786,15,11375
2025/2/3,20:30,11277,791,5764,6735,36,460,1030,161,637,0,0,623,0,1,-2,-4972,13,11277
2025/2/3,21:00,10997,789,5820,6729,34,464,1000,158,638,0,0,583,0,1,-1,-5230,12,10997
2025/2/3,21:30,10586,789,5544,6719,32,461,1001,161,646,0,0,541,0,1,-1,-5318,10,10586
2025/2/3,22:00,10295,790,5036,6697,31,326,1003,158,645,0,0,749,0,1,-1,-5152,12,10295
2025/2/3,22:30,9960,787,4788,6483,29,307,1009,160,640,0,0,857,0,1,-1,-5112,12,9960
2025/2/3,23:00,9946,787,4954,6376,29,308,1016,159,649,0,0,906,0,1,-1,-5248,10,9946
2025/2/3,23:30,9678,791,4882,6266,29,303,1007,160,648,0,0,968,0,1,0,-5386,9,9678
2025/2/4,0:00,9571,788,4812,6052,28,305,905,159,650,0,0,1026,0,1,-2,-5160,7,9571
2025/2/4,0:30,9391,791,4620,5997,27,306,884,160,649,0,0,1084,0,1,-1,-5134,7,9391
2025/2/4,1:00,9565,789,4494,6263,28,300,888,157,650,0,0,1157,0,1,-1,-5168,7,9565
2025/2/4,1:30,9667,785,4640,6356,28,304,880,157,650,0,0,1207,0,1,-1,-5348,8,9667
2025/2/4,2:00,9807,789,4720,6403,29,303,877,157,649,0,0,1258,0,1,-1,-5386,8,9807
2025/2/4,2:30,9922,789,4762,6372,30,297,884,158,652,0,0,1309,0,1,-2,-5338,8,9922
2025/2/4,3:00,10029,787,4588,6619,31,299,885,157,649,0,0,1353,0,1,-1,-5346,7,10029
2025/2/4,3:30,10149,790,4648,6558,31,301,887,158,647,0,0,1422,0,1,-1,-5300,7,10149
2025/2/4,4:00,10292,789,4630,6664,32,300,884,156,646,0,0,1424,0,1,-1,-5240,7,10292
2025/2/4,4:30,10563,787,4942,6689,32,305,888,159,645,0,0,1379,0,1,-1,-5270,7,10563
2025/2/4,5:00,10843,789,4764,6661,34,308,917,157,649,0,0,1446,0,1,-1,-4892,10,10843
2025/2/4,5:30,11234,785,5222,6736,35,321,915,158,646,0,0,1529,0,1,-1,-5124,11,11234
2025/2/4,6:00,11497,791,5144,6740,35,405,941,157,649,0,0,1524,0,1,0,-4902,12,11497
2025/2/4,6:30,11767,789,5286,6744,37,410,947,158,650,20,0,1490,0,1,-3,-4786,24,11767
2025/2/4,7:00,11722,788,5178,6673,37,414,1010,156,641,255,0,1600,0,1,-4,-5056,29,11722
2025/2/4,7:30,11927,787,4996,6548,39,374,1026,159,673,695,0,1646,0,1,0,-5042,25,11927
2025/2/4,8:00,12251,792,5036,6534,41,454,1073,165,745,1334,0,1674,0,1,0,-5622,24,12251
2025/2/4,8:30,12766,786,5242,6407,42,460,1090,168,815,2068,0,1674,0,1,-4,-6002,19,12766
2025/2/4,9:00,12835,786,5208,6040,42,458,1100,172,859,2737,0,1662,0,1,0,-6254,24,12835
2025/2/4,9:30,12726,787,4854,5639,41,459,1093,170,850,3379,0,1685,0,1,1,-6258,25,12726
2025/2/4,10:00,12531,785,4506,5364,39,370,1030,170,832,3852,0,1693,0,1,-4,-6132,25,12531
2025/2/4,10:30,12429,793,4518,4943,38,353,1018,168,829,4284,0,1658,0,1,0,-6196,22,12429
2025/2/4,11:00,12319,793,4482,4880,37,354,998,167,766,4512,0,1730,0,-211,5,-6212,18,12319
2025/2/4,11:30,12233,788,4220,5054,37,354,1004,166,797,4422,0,1761,0,-223,-13,-6156,22,12233
2025/2/4,12:00,11758,787,3822,4900,37,356,1005,169,808,4394,0,1818,0,-223,-51,-6082,18,11758
2025/2/4,12:30,11616,789,3768,4945,38,355,1014,169,845,4254,0,1814,0,-221,-45,-6124,15,11616
2025/2/4,13:00,12075,789,3904,5401,38,356,1026,171,884,3962,0,1817,0,1,2,-6300,24,12075
2025/2/4,13:30,12156,785,4450,5519,39,353,1021,171,872,3574,0,1810,0,1,-5,-6450,16,12156
2025/2/4,14:00,12058,785,4636,5599,39,354,993,171,837,3230,0,1794,0,1,4,-6408,23,12058
2025/2/4,14:30,12090,785,4772,6047,39,354,989,167,799,2558,0,1761,0,1,-5,-6194,17,12090
2025/2/4,15:00,12228,790,5140,6360,40,388,1001,165,745,1818,0,1768,0,1,8,-6018,22,12228
2025/2/4,15:30,12506,785,5654,6793,40,459,1011,158,682,1051,0,1764,0,1,-4,-5906,18,12506
2025/2/4,16:00,12478,789,5686,7044,43,461,1128,158,639,428,0,1758,0,1,-8,-5670,21,12478
2025/2/4,16:30,12800,787,6214,7045,42,461,1145,156,644,71,0,1760,0,133,1,-5674,15,12800
2025/2/4,17:00,13145,791,5852,7047,44,478,1143,158,649,0,0,1767,0,145,0,-4954,25,13145
2025/2/4,17:30,13317,783,5868,7060,44,477,1162,156,652,0,0,1756,0,143,1,-4806,21,13317
2025/2/4,18:00,13354,787,6022,6979,45,470,1151,159,646,0,0,1739,0,143,34,-4850,29,13354
2025/2/4,18:30,13247,785,6046,6861,44,461,1135,157,643,0,0,1722,0,143,27,-4798,21,13247
2025/2/4,19:00,13059,786,6484,6825,44,458,1118,157,645,0,0,1719,0,143,-1,-5342,23,13059
2025/2/4,19:30,12869,789,6472,6821,42,459,1114,158,639,0,0,1766,0,1,-1,-5410,19,12869
2025/2/4,20:00,12678,787,6274,6842,42,463,1082,157,639,0,0,1753,0,1,-1,-5384,23,12678
2025/2/4,20:30,12479,787,6046,6840,41,462,1059,158,640,0,0,1779,0,1,-2,-5350,18,12479
2025/2/4,21:00,12265,785,6024,6839,39,461,1023,156,639,0,0,1789,0,1,-2,-5508,19,12265
2025/2/4,21:30,11882,788,5722,6811,38,456,1022,156,636,0,0,1802,0,1,-1,-5562,13,11882
2025/2/4,22:00,11554,786,5052,6700,35,323,1022,157,635,0,0,1766,0,1,-1,-4944,22,11554
2025/2/4,22:30,11228,787,4864,6532,34,311,1029,159,638,0,0,1736,0,1,-1,-4882,20,11228
2025/2/4,23:00,11219,785,4914,6554,35,376,1031,156,639,0,0,1734,0,1,-1,-5018,13,11219
2025/2/4,23:30,11082,787,4892,6619,33,314,1021,158,638,0,0,1744,0,1,-1,-5134,10,11082
2025/2/5,0:00,10844,784,4854,6529,32,304,917,157,638,0,0,1734,0,1,-2,-5112,8,10844
2025/2/5,0:30,10774,786,4854,6528,31,308,907,157,636,0,0,1720,0,1,-2,-5160,8,10774
2025/2/5,1:00,10828,791,4890,6690,32,305,900,157,638,0,0,1719,0,1,-1,-5302,8,10828
2025/2/5,1:30,10927,784,5018,6815,31,303,900,158,640,0,0,1700,0,1,-2,-5430,9,10927
2025/2/5,2:00,11034,788,5168,6809,32,295,897,157,643,0,0,1695,0,1,-1,-5460,10,11034
2025/2/5,2:30,11114,783,5142,6833,33,298,903,158,645,0,0,1676,0,1,-1,-5366,9,11114
2025/2/5,3:00,11277,786,5228,6846,34,298,893,157,642,0,0,1668,0,1,-2,-5282,8,11277
2025/2/5,3:30,11269,785,5320,6857,35,297,893,158,639,0,0,1666,0,1,-1,-5388,7,11269
2025/2/5,4:00,11400,790,5570,6866,35,298,891,159,638,0,0,1674,0,1,-1,-5528,7,11400
2025/2/5,4:30,11394,782,5594,6776,36,303,894,156,639,0,0,1645,0,1,0,-5440,8,11394
2025/2/5,5:00,11783,790,5872,6747,37,300,924,159,641,0,0,1606,0,1,-1,-5304,11,11783
2025/2/5,5:30,12015,783,5906,6745,38,356,923,156,644,0,0,1608,0,1,-1,-5156,12,12015
2025/2/5,6:00,12454,788,6044,6745,40,404,957,157,640,0,0,1627,0,1,-3,-4958,12,12454
2025/2/5,6:30,12659,787,6116,6724,41,405,969,156,640,20,0,1647,0,1,-1,-4870,24,12659
2025/2/5,7:00,12761,785,6046,6752,42,414,1035,158,644,150,0,1637,0,1,-3,-4928,28,12761
2025/2/5,7:30,12993,787,5982,6717,43,442,1053,157,666,406,0,1653,0,1,0,-4940,26,12993
2025/2/5,8:00,13456,786,6286,6771,44,455,1064,163,702,754,0,1699,0,1,0,-5292,23,13456
2025/2/5,8:30,13773,786,6090,6720,45,459,1076,163,749,1179,0,1703,0,1,-4,-5214,20,13773
2025/2/5,9:00,13950,785,5896,6698,46,456,1062,165,755,1643,0,1702,0,1,-1,-5280,22,13950
2025/2/5,9:30,13912,786,6010,6510,45,455,1065,166,797,1884,0,1688,0,1,-2,-5518,25,13912
2025/2/5,10:00,13671,784,5406,6292,45,457,1002,169,818,2131,0,1682,0,1,-4,-5134,22,13671
2025/2/5,10:30,13587,790,4988,6296,45,453,998,169,854,2301,0,1705,0,1,-2,-5034,23,13587
2025/2/5,11:00,13545,785,5018,6313,45,452,973,170,819,2487,0,1669,0,1,4,-5210,19,13545
2025/2/5,11:30,13549,787,5178,6301,46,445,960,165,781,2578,0,1701,0,1,-6,-5408,20,13549
2025/2/5,12:00,13175,787,5382,6308,45,360,956,167,776,2549,0,1696,0,1,-49,-5822,19,13175
2025/2/5,12:30,12938,783,5620,6316,45,356,960,167,799,2160,0,1651,0,1,-51,-5882,13,12938
2025/2/5,13:00,13363,785,5574,6285,46,459,953,166,761,2140,0,1678,0,1,-11,-5496,22,13363
2025/2/5,13:30,13364,785,5406,6516,44,478,971,164,749,1911,0,1683,0,1,-3,-5356,15,13364
2025/2/5,14:00,13294,787,5834,6623,44,480,939,166,738,1516,0,1699,0,1,-4,-5552,23,13294
2025/2/5,14:30,13178,781,5964,6679,44,474,925,165,719,1127,0,1692,0,1,3,-5412,16,13178
2025/2/5,15:00,13444,790,6236,6862,44,479,954,166,703,826,0,1687,0,1,1,-5324,19,13444
2025/2/5,15:30,13550,781,6460,6937,44,476,980,164,676,455,0,1676,0,1,-3,-5114,17,13550
2025/2/5,16:00,13495,788,6314,6947,45,464,1119,160,648,196,0,1640,0,1,-4,-4844,21,13495
2025/2/5,16:30,13578,786,6404,6926,45,463,1172,161,645,45,0,1650,0,1,0,-4734,14,13578
2025/2/5,17:00,13821,786,6764,6939,46,478,1202,160,649,0,0,1629,0,1,0,-4858,25,13821
2025/2/5,17:30,13843,789,6644,6961,46,474,1206,161,648,0,0,1648,0,137,35,-4926,20,13843
2025/2/5,18:00,13823,780,6838,6950,46,472,1196,160,645,0,0,1666,0,225,28,-5210,27,13823
2025/2/5,18:30,13696,790,6866,6954,45,475,1194,161,645,0,0,1651,0,227,-1,-5330,19,13696
2025/2/5,19:00,13536,785,6724,6945,44,481,1171,160,644,0,0,1659,0,147,-1,-5248,25,13536
2025/2/5,19:30,13386,787,6766,6957,44,481,1163,161,644,0,0,1681,0,1,-1,-5316,18,13386
2025/2/5,20:00,13218,784,6638,6952,43,465,1090,159,650,0,0,1662,0,1,-1,-5248,23,13218
2025/2/5,20:30,13060,792,6506,6954,43,463,1074,162,641,0,0,1690,0,1,-1,-5284,19,13060
2025/2/5,21:00,12762,784,6264,6963,41,464,1044,160,636,0,0,1734,0,1,-1,-5346,18,12762
2025/2/5,21:30,12365,788,5892,6872,39,461,1044,159,635,0,0,1749,0,1,-2,-5286,13,12365
2025/2/5,22:00,11997,785,5398,6751,37,331,1009,161,633,0,0,1709,0,1,0,-4840,22,11997
2025/2/5,22:30,11609,787,5140,6857,34,315,1005,159,633,0,0,1649,0,1,-2,-4988,19,11609
2025/2/5,23:00,11652,786,5274,6882,36,308,1002,161,639,0,0,1661,0,1,-1,-5110,13,11652
2025/2/5,23:30,11318,786,4944,6841,34,310,987,160,638,0,0,1678,0,1,-2,-5070,11,11318
2025/2/6,0:00,11231,785,4810,6871,33,310,914,161,639,0,0,1698,0,1,-2,-4998,9,11231
2025/2/6,0:30,11037,787,4784,6868,32,312,911,159,634,0,0,1679,0,1,-2,-5136,8,11037
2025/2/6,1:00,11204,790,4940,6875,32,308,908,161,632,0,0,1707,0,1,0,-5158,8,11204
2025/2/6,1:30,11207,783,4980,6871,33,309,914,158,639,0,0,1693,0,1,-1,-5182,9,11207
2025/2/6,2:00,11303,787,5210,6886,33,307,910,162,635,0,0,1687,0,1,0,-5324,9,11303
2025/2/6,2:30,11350,787,5258,6872,34,306,909,161,635,0,0,1679,0,1,-1,-5300,9,11350
2025/2/6,3:00,11421,787,5358,6878,35,305,909,159,636,0,0,1649,0,1,-2,-5302,8,11421
2025/2/6,3:30,11435,784,5400,6891,35,307,918,162,634,0,0,1675,0,1,0,-5380,8,11435
2025/2/6,4:00,11571,784,5550,6865,35,308,912,160,636,0,0,1692,0,1,-1,-5378,7,11571
2025/2/6,4:30,11720,787,5582,6869,37,308,914,160,630,0,0,1709,0,1,-1,-5284,8,11720
2025/2/6,5:00,12158,787,5824,6892,37,315,970,159,634,0,0,1697,0,1,-1,-5168,11,12158
2025/2/6,5:30,12354,785,5698,6879,38,329,975,161,635,0,0,1712,0,1,-1,-4870,12,12354
2025/2/6,6:00,12895,784,6088,6925,40,411,971,159,637,0,0,1700,0,1,0,-4834,13,12895
2025/2/6,6:30,12964,789,5880,6911,41,417,980,160,633,14,0,1711,0,1,-2,-4594,23,12964
2025/2/6,7:00,13015,787,5830,6909,41,419,1049,159,626,103,0,1703,0,1,-2,-4638,28,13015
2025/2/6,7:30,13204,786,5758,6892,42,445,1066,162,647,275,0,1695,0,1,-3,-4588,26,13204
2025/2/6,8:00,13709,790,6146,6882,44,471,1082,161,667,548,0,1700,0,1,1,-4808,24,13709
2025/2/6,8:30,14025,790,5862,6800,45,472,1095,164,704,850,0,1699,0,1,-2,-4472,17,14025
2025/2/6,9:00,14248,790,5704,6741,45,469,1070,163,711,1169,0,1710,0,1,-3,-4346,24,14248
2025/2/6,9:30,14184,790,5776,6687,45,470,1067,164,707,1517,0,1703,0,1,-2,-4766,25,14184
2025/2/6,10:00,13990,791,5128,6528,45,474,1005,163,722,1783,0,1734,0,1,-3,-4404,23,13990
2025/2/6,10:30,13819,789,4886,6501,43,473,999,167,739,1953,0,1736,0,1,-3,-4484,19,13819
2025/2/6,11:00,13695,790,4974,6475,44,475,1015,169,813,2039,0,1749,0,1,3,-4872,20,13695
2025/2/6,11:30,13614,787,5042,6521,44,464,1018,173,855,2145,0,1751,0,1,-1,-5204,18,13614
2025/2/6,12:00,13118,794,4644,6523,44,442,948,173,869,2175,0,1765,0,1,-28,-5252,20,13118
2025/2/6,12:30,12877,789,4600,6525,43,373,948,172,880,2199,0,1750,0,1,-40,-5376,13,12877
2025/2/6,13:00,13205,791,4882,6549,42,465,959,176,912,2095,0,1737,0,1,-20,-5404,20,13205
2025/2/6,13:30,13232,788,5120,6585,43,468,988,176,935,1856,0,1744,0,1,4,-5492,16,13232
2025/2/6,14:00,13070,794,4906,6587,42,471,1030,177,920,1648,0,1768,0,1,-5,-5292,23,13070
2025/2/6,14:30,13021,791,5056,6623,43,467,1010,171,848,1415,0,1758,0,1,2,-5180,16,13021
2025/2/6,15:00,13249,789,5904,6757,43,473,1035,169,794,1035,0,1726,0,1,-1,-5496,20,13249
2025/2/6,15:30,13272,791,6140,6827,43,479,1041,162,731,606,0,1718,0,1,-2,-5282,17,13272
2025/2/6,16:00,13260,791,6040,6862,44,472,1139,163,678,243,0,1696,0,1,-5,-4886,22,13260
2025/2/6,16:30,13360,788,6200,6847,44,479,1138,159,642,44,0,1719,0,1,-2,-4712,13,13360
2025/2/6,17:00,13711,787,6596,6938,45,484,1155,161,637,0,0,1681,0,137,1,-4936,25,13711
2025/2/6,17:30,13630,785,6492,6906,45,487,1163,159,640,0,0,1611,0,143,34,-4856,21,13630
2025/2/6,18:00,13739,789,6686,6937,45,490,1173,162,644,0,0,1632,0,143,28,-5016,26,13739
2025/2/6,18:30,13556,783,6554,6926,45,491,1170,160,647,0,0,1629,0,143,-1,-5012,21,13556
2025/2/6,19:00,13348,785,6358,6939,44,492,1145,161,644,0,0,1644,0,145,-1,-5034,26,13348
2025/2/6,19:30,13257,787,6470,6945,43,488,1147,159,644,0,0,1615,0,141,-2,-5198,18,13257
2025/2/6,20:00,12954,787,6488,6891,42,478,1104,161,645,0,0,1579,0,143,-1,-5384,21,12954
2025/2/6,20:30,12832,787,6550,6862,41,471,1102,160,645,0,0,1582,0,1,-1,-5392,24,12832
2025/2/6,21:00,12536,789,6334,6863,39,471,1070,161,643,0,0,1615,0,1,9,-5478,19,12536
2025/2/6,21:30,12130,788,5950,6862,37,472,1066,159,644,0,0,1567,0,1,-1,-5428,13,12130
2025/2/6,22:00,11740,788,5306,6816,35,342,1055,161,644,0,0,1546,0,1,-7,-4968,21,11740
2025/2/6,22:30,11456,789,5236,6804,33,324,1042,160,646,0,0,1522,0,1,-12,-5106,17,11456
2025/2/6,23:00,11374,783,5248,6790,34,323,1001,161,647,0,0,1592,0,1,-1,-5218,13,11374
2025/2/6,23:30,11155,789,4940,6798,32,379,975,160,645,0,0,1615,0,1,1,-5190,10,11155
2025/2/7,0:00,10915,783,4706,6696,31,324,901,162,647,0,0,1620,0,1,-2,-4962,8,10915
2025/2/7,0:30,10840,787,4698,6668,31,321,907,160,642,0,0,1621,0,1,-1,-5002,7,10840
2025/2/7,1:00,10987,787,4950,6716,31,325,906,161,643,0,0,1657,0,1,-1,-5196,7,10987
2025/2/7,1:30,11037,787,5018,6793,32,391,904,160,644,0,0,1653,0,1,0,-5354,8,11037
2025/2/7,2:00,11172,788,5230,6799,32,342,904,161,645,0,0,1662,0,1,-1,-5400,9,11172
2025/2/7,2:30,11243,784,5212,6815,33,394,901,159,644,0,0,1644,0,1,0,-5352,8,11243
2025/2/7,3:00,11284,791,5340,6843,33,323,904,161,644,0,0,1660,0,1,-2,-5422,8,11284
2025/2/7,3:30,11355,784,5432,6866,34,318,902,159,644,0,0,1661,0,1,-1,-5452,7,11355
2025/2/7,4:00,11474,790,5530,6845,35,361,903,161,640,0,0,1643,0,1,0,-5442,7,11474
2025/2/7,4:30,11680,785,5764,6864,34,328,906,158,642,0,0,1609,0,1,-1,-5418,8,11680
2025/2/7,5:00,12037,786,5824,6847,36,392,933,161,645,0,0,1574,0,1,-1,-5172,11,12037
2025/2/7,5:30,12334,791,5946,6882,37,395,939,159,646,0,0,1577,0,1,-1,-5050,12,12334
2025/2/7,6:00,12739,781,6282,6915,38,420,967,160,646,0,0,1579,0,1,-1,-5062,13,12739
2025/2/7,6:30,12979,790,6336,6952,40,426,977,161,647,17,0,1544,0,1,0,-4936,24,12979
2025/2/7,7:00,12879,787,5928,6928,40,436,1055,160,640,139,0,1557,0,1,-2,-4818,28,12879
2025/2/7,7:30,13221,785,6134,6770,41,455,1068,163,663,330,0,1560,0,1,-2,-4774,27,13221
2025/2/7,8:00,13587,783,6118,6694,43,473,1093,162,691,551,0,1550,0,1,0,-4594,22,13587
2025/2/7,8:30,14070,785,6110,6637,45,479,1103,165,707,776,0,1556,0,1,-2,-4316,24,14070
2025/2/7,9:00,14327,782,6044,6609,46,482,1084,165,731,972,0,1564,0,1,-2,-4170,19,14327
2025/2/7,9:30,14339,788,6030,6527,46,480,1073,165,703,1134,0,1568,0,1,2,-4206,28,14339
2025/2/7,10:00,14172,783,5266,6483,46,480,1019,163,720,1255,0,1600,0,1,-3,-3664,23,14172
2025/2/7,10:30,14235,787,5246,6610,46,472,1013,163,685,1247,0,1607,0,1,-3,-3660,21,14235
2025/2/7,11:00,14041,783,5586,6581,45,474,1011,163,704,1061,0,1528,0,1,-2,-3916,22,14041
2025/2/7,11:30,14067,785,5630,6614,45,476,1002,164,709,1068,0,1539,0,1,-4,-3982,20,14067
2025/2/7,12:00,13544,787,5484,6624,45,475,916,159,653,1023,0,1529,0,1,-37,-4138,23,13544
2025/2/7,12:30,13244,781,5098,6618,44,477,930,164,698,928,0,1573,0,1,-36,-4052,20,13244
2025/2/7,13:00,13571,782,5244,6631,44,475,920,162,676,863,0,1581,0,1,-6,-3824,22,13571
2025/2/7,13:30,13556,782,5148,6707,44,476,945,164,707,895,0,1659,0,1,1,-3988,15,13556
2025/2/7,14:00,13420,782,5546,6748,43,472,1014,165,707,786,0,1642,0,1,-3,-4506,23,13420
2025/2/7,14:30,13474,774,5770,6773,44,476,1012,162,686,683,0,1639,0,1,-5,-4564,23,13474
2025/2/7,15:00,13424,784,6198,6786,44,473,1038,165,685,514,0,1644,0,1,5,-4932,19,13424
2025/2/7,15:30,13576,782,6548,6795,44,476,1067,160,652,321,0,1644,0,1,0,-4930,16,13576
2025/2/7,16:00,13504,784,6496,6821,45,471,1148,162,637,127,0,1586,0,1,-5,-4790,21,13504
2025/2/7,16:30,13501,784,6034,6873,45,471,1152,159,637,35,0,1512,0,137,1,-4362,23,13501
2025/2/7,17:00,13706,781,6376,6878,46,481,1165,160,643,0,0,1463,0,143,-3,-4452,25,13706
2025/2/7,17:30,13585,784,6496,6878,45,482,1173,161,649,0,0,1276,0,143,-2,-4520,20,13585
2025/2/7,18:00,13517,774,6326,6863,45,482,1179,162,647,0,0,1166,0,141,37,-4332,27,13517
2025/2/7,18:30,13406,785,6404,6848,44,484,1176,159,645,0,0,1044,0,143,28,-4376,22,13406
2025/2/7,19:00,13179,782,6240,6841,44,482,1156,161,638,0,0,958,0,143,-2,-4286,22,13179
2025/2/7,19:30,13143,782,6428,6859,43,482,1144,159,634,0,0,864,0,141,-1,-4410,18,13143
2025/2/7,20:00,12897,784,6586,6857,43,483,1118,161,624,0,0,769,0,143,-2,-4690,21,12897
2025/2/7,20:30,12842,788,6756,6869,41,472,1105,159,623,0,0,662,0,141,-1,-4792,19,12842
2025/2/7,21:00,12597,788,6882,6852,40,463,1055,159,622,0,0,587,0,141,-2,-5010,20,12597
2025/2/7,21:30,12193,784,6478,6858,38,469,1051,161,619,0,0,539,0,3,-1,-4818,12,12193
2025/2/7,22:00,11912,785,6218,6866,37,405,995,158,620,0,0,550,0,1,-1,-4742,20,11912
2025/2/7,22:30,11447,782,5884,6860,34,392,960,161,619,0,0,565,0,1,-2,-4824,15,11447
2025/2/7,23:00,11557,785,6026,6891,35,392,906,157,619,0,0,552,0,1,-1,-4836,30,11557
2025/2/7,23:30,11404,784,5678,6901,34,393,877,161,617,0,0,561,0,1,-1,-4618,16,11404
2025/2/8,0:00,11254,788,5824,6919,33,385,746,159,619,0,0,527,0,1,-2,-4754,9,11254
2025/2/8,0:30,11141,782,5710,6942,32,385,737,161,618,0,0,589,0,1,0,-4824,8,11141
2025/2/8,1:00,11072,788,5824,6940,32,382,733,159,618,0,0,582,0,1,-1,-4994,8,11072
2025/2/8,1:30,10964,782,5736,6924,32,382,733,161,618,0,0,639,0,1,-1,-5052,9,10964
2025/2/8,2:00,11028,786,5814,6938,33,379,733,158,618,0,0,687,0,1,-1,-5128,10,11028
2025/2/8,2:30,11197,786,5940,6907,34,381,731,160,619,0,0,776,0,1,-1,-5146,9,11197
2025/2/8,3:00,11330,784,5932,6894,34,382,690,161,620,0,0,864,0,1,-1,-5040,9,11330
2025/2/8,3:30,11330,784,6028,6866,34,381,675,159,620,0,0,865,0,1,-1,-5090,8,11330
2025/2/8,4:00,11401,788,6264,6856,35,379,660,160,617,0,0,768,0,2,-10,-5126,8,11401
2025/2/8,4:30,11406,784,6326,6838,35,383,648,158,617,0,0,734,0,2,-12,-5116,9,11406
2025/2/8,5:00,11482,786,6128,6828,35,387,722,161,613,0,0,732,0,2,-1,-4922,11,11482
2025/2/8,5:30,11472,785,6090,6855,36,397,725,158,611,0,0,656,0,2,1,-4856,12,11472
2025/2/8,6:00,11607,782,5920,6818,37,419,728,160,620,0,0,594,0,2,-1,-4484,12,11607
2025/2/8,6:30,11755,786,6286,6819,37,423,728,158,616,17,0,485,0,2,-1,-4612,11,11755
2025/2/8,7:00,11558,784,6108,6842,36,426,705,161,608,94,0,420,0,2,-3,-4640,15,11558
2025/2/8,7:30,11799,789,6134,6813,37,452,708,159,630,248,0,386,0,2,-4,-4580,25,11799
2025/2/8,8:00,11940,786,6002,6811,38,463,718,163,661,449,0,394,0,2,1,-4590,42,11940
2025/2/8,8:30,12049,784,6154,6682,40,463,733,162,688,702,0,446,0,2,-3,-4824,20,12049
2025/2/8,9:00,12224,786,5908,6569,40,374,753,166,707,1045,0,449,0,2,-4,-4592,21,12224
2025/2/8,9:30,11784,784,4548,6555,40,367,763,167,746,1328,0,404,0,2,5,-3944,19,11784
2025/2/8,10:00,11581,786,4124,6628,40,369,682,168,730,1619,0,410,0,2,-4,-4004,31,11581
2025/2/8,10:30,11423,785,3694,6660,40,372,686,167,747,1885,0,393,0,2,-2,-4018,12,11423
2025/2/8,11:00,11163,787,3884,6667,39,376,694,170,780,2028,0,411,0,2,1,-4690,14,11163
2025/2/8,11:30,11014,787,3564,6762,39,378,708,173,844,2137,0,465,0,2,-7,-4860,22,11014
2025/2/8,12:00,10894,788,3182,6656,39,374,696,176,873,2277,0,634,0,2,-36,-4786,19,10894
2025/2/8,12:30,10768,785,3130,6597,38,370,684,170,802,2288,0,718,0,2,-36,-4810,30,10768
2025/2/8,13:00,10709,785,3118,6570,38,369,678,170,789,2136,0,776,0,2,-10,-4728,16,10709
2025/2/8,13:30,10576,790,3104,6346,38,362,699,173,837,2147,0,752,0,2,4,-4700,22,10576
2025/2/8,14:00,10456,786,3658,6559,38,366,726,176,848,1870,0,625,0,2,-4,-5218,24,10456
2025/2/8,14:30,10414,791,4028,6629,37,363,717,170,794,1539,0,507,0,2,2,-5196,31,10414
2025/2/8,15:00,10492,785,4250,6691,37,382,738,167,719,1073,0,432,0,1,-13,-4796,26,10492
2025/2/8,15:30,10507,785,4056,6683,37,465,742,161,658,648,0,481,0,1,4,-4238,24,10507
2025/2/8,16:00,10774,789,4304,6620,37,460,789,161,617,267,0,546,0,1,4,-3846,25,10774
2025/2/8,16:30,11032,791,4714,6584,38,466,798,158,612,47,0,588,0,1,1,-3798,32,11032
2025/2/8,17:00,11419,787,5390,6688,39,468,803,160,613,0,0,513,0,1,-6,-4062,25,11419
2025/2/8,17:30,11827,785,6190,6691,41,467,810,158,614,0,0,571,0,1,0,-4520,19,11827
2025/2/8,18:00,11813,785,6110,6687,41,475,808,160,615,0,0,596,0,2,-3,-4496,33,11813
2025/2/8,18:30,11762,790,5932,6667,41,477,823,158,616,0,0,561,0,2,-1,-4332,28,11762
2025/2/8,19:00,11587,785,5980,6678,40,475,850,160,611,0,0,501,0,2,-1,-4514,20,11587
2025/2/8,19:30,11569,791,6156,6726,39,468,851,157,609,0,0,507,0,2,-1,-4752,16,11569
2025/2/8,20:00,11335,785,6048,6680,38,471,838,160,612,0,0,514,0,2,19,-4856,24,11335
2025/2/8,20:30,11225,789,5964,6656,38,465,836,160,612,0,0,505,0,2,34,-4858,22,11225
2025/2/8,21:00,11062,786,5726,6580,36,463,744,158,611,0,0,526,0,2,11,-4604,23,11062
2025/2/8,21:30,10704,787,5290,6514,34,465,731,159,613,0,0,706,0,2,-1,-4612,16,10704
2025/2/8,22:00,10427,787,4926,6399,33,328,712,158,606,0,0,909,0,2,-1,-4454,22,10427
2025/2/8,22:30,10194,787,4794,6364,31,317,714,160,609,0,0,914,0,2,-2,-4510,14,10194
2025/2/8,23:00,10298,787,4992,6259,32,377,685,158,624,0,0,1053,0,2,-1,-4690,20,10298
2025/2/8,23:30,10115,789,4858,6111,31,376,682,161,619,0,0,999,0,2,-1,-4524,12,10115
2025/2/9,0:00,9919,787,4794,6058,30,309,650,158,612,0,0,986,0,2,-1,-4474,8,9919
2025/2/9,0:30,9936,785,5138,6077,29,298,646,160,610,0,0,959,0,2,-2,-4774,8,9936
2025/2/9,1:00,9886,791,4968,6097,29,302,644,157,606,0,0,974,0,2,-2,-4690,8,9886
2025/2/9,1:30,9989,782,4954,6098,30,299,647,160,607,0,0,990,0,2,-1,-4588,9,9989
2025/2/9,2:00,10003,787,4916,6132,30,296,644,157,610,0,0,1063,0,2,-2,-4642,10,10003
2025/2/9,2:30,10208,787,5098,6156,31,297,649,160,618,0,0,1133,0,2,-2,-4730,9,10208
2025/2/9,3:00,10238,794,5146,6135,31,298,645,159,620,0,0,1170,0,2,-1,-4770,9,10238
2025/2/9,3:30,10323,783,5384,6091,32,297,652,161,632,0,0,1199,0,2,-2,-4916,8,10323
2025/2/9,4:00,10334,790,5374,6145,32,299,651,159,631,0,0,1276,0,2,-1,-5032,8,10334
2025/2/9,4:30,10355,786,5370,6170,32,298,648,161,630,0,0,1185,0,2,-2,-4934,9,10355
2025/2/9,5:00,10366,790,5304,6171,32,302,676,159,643,0,0,1165,0,2,-1,-4888,11,10366
2025/2/9,5:30,10388,785,5230,6166,32,314,690,161,661,0,0,1234,0,2,-1,-4898,12,10388
2025/2/9,6:00,10507,790,5216,6143,32,404,705,159,670,0,0,1303,0,2,-1,-4930,14,10507
2025/2/9,6:30,10482,787,5046,6139,33,411,704,161,673,22,0,1295,0,2,-1,-4812,22,10482
2025/2/9,7:00,10482,788,4808,6153,33,338,709,159,670,136,0,1301,0,2,-1,-4644,30,10482
2025/2/9,7:30,10677,788,4722,6143,35,314,700,159,646,339,0,1348,0,2,-2,-4542,25,10677
2025/2/9,8:00,10730,785,5026,6119,37,402,709,159,675,551,0,1275,0,2,-1,-5030,21,10730
2025/2/9,8:30,10748,787,4822,6135,37,313,714,160,672,900,0,1192,0,2,1,-5010,23,10748
2025/2/9,9:00,10863,788,4492,6087,38,304,711,164,757,1183,0,1192,0,2,-9,-4868,22,10863
2025/2/9,9:30,10526,787,3394,5899,38,312,724,170,815,1455,0,1296,0,2,9,-4400,25,10526
2025/2/9,10:00,10508,790,3254,5958,38,314,698,169,820,1687,0,1373,0,2,-7,-4610,22,10508
2025/2/9,10:30,10339,787,2946,5902,37,304,703,172,855,1883,0,1480,0,2,0,-4754,22,10339
2025/2/9,11:00,10257,785,3308,5492,37,306,695,172,881,1913,0,1530,0,2,-3,-4880,19,10257
2025/2/9,11:30,10274,785,2984,5514,37,308,694,175,905,2081,0,1600,0,2,-6,-4828,23,10274
2025/2/9,12:00,10129,787,3056,5501,36,306,705,175,940,2088,0,1644,0,2,-46,-5082,17,10129
2025/2/9,12:30,10075,787,2900,5621,36,303,709,177,943,2108,0,1662,0,2,-51,-5134,12,10075
2025/2/9,13:00,9931,789,2974,5649,36,300,703,175,928,2189,0,1681,0,2,-5,-5510,20,9931
2025/2/9,13:30,9918,788,3038,5712,35,306,699,174,894,2063,0,1737,0,2,1,-5548,17,9918
2025/2/9,14:00,9780,789,3158,5736,35,307,729,171,864,1864,0,1714,0,2,-2,-5610,23,9780
2025/2/9,14:30,9806,784,3282,5887,34,313,716,169,817,1613,0,1669,0,2,-3,-5502,25,9806
2025/2/9,15:00,9948,789,3590,5985,35,363,788,166,769,1209,0,1626,0,2,0,-5392,18,9948
2025/2/9,15:30,10026,786,3854,6269,35,381,792,163,699,723,0,1646,0,2,-4,-5340,20,10026
2025/2/9,16:00,10232,789,4638,6320,36,325,892,159,667,307,0,1625,0,2,-2,-5550,24,10232
2025/2/9,16:30,10611,785,4952,6512,38,407,912,161,668,57,0,1639,0,2,-1,-5546,25,10611
2025/2/9,17:00,11319,788,5826,6532,39,410,920,158,666,0,0,1616,0,2,-3,-5664,29,11319
2025/2/9,17:30,11499,787,5562,6561,40,415,923,160,663,0,0,1560,0,2,3,-5204,27,11499
2025/2/9,18:00,11639,783,5716,6565,41,410,923,158,670,0,0,1502,0,2,34,-5194,29,11639
2025/2/9,18:30,11617,792,5710,6549,41,410,926,160,668,0,0,1482,0,2,28,-5172,21,11617
2025/2/9,19:00,11526,786,5980,6494,41,413,924,158,665,0,0,1494,0,2,-1,-5454,24,11526
2025/2/9,19:30,11458,789,5890,6436,40,414,927,160,667,0,0,1531,0,2,-2,-5414,18,11458
2025/2/9,20:00,11293,785,5900,6431,39,410,892,160,668,0,0,1488,0,2,-1,-5502,21,11293
2025/2/9,20:30,11125,789,5914,6356,38,415,881,157,666,0,0,1527,0,2,-1,-5640,21,11125
2025/2/9,21:00,10893,786,5874,6314,37,413,846,161,665,0,0,1418,0,2,-2,-5640,19,10893
2025/2/9,21:30,10569,788,5890,6178,35,409,847,157,659,0,0,1365,0,2,0,-5774,13,10569
2025/2/9,22:00,10205,785,5010,6237,33,324,828,159,664,0,0,1316,0,2,-2,-5172,21,10205
2025/2/9,22:30,9914,786,4642,6281,32,313,824,159,663,0,0,1324,0,2,-2,-5128,18,9914
2025/2/9,23:00,10005,789,4684,6220,33,312,798,160,665,0,0,1338,0,2,-1,-5008,13,10005
2025/2/9,23:30,9879,789,4746,6137,32,310,796,158,668,0,0,1306,0,2,-1,-5074,10,9879
2025/2/10,0:00,9677,784,4632,6144,30,310,774,161,669,0,0,1346,0,2,-1,-5182,8,9677
2025/2/10,0:30,9650,786,4616,6145,30,312,771,158,667,0,0,1371,0,2,-2,-5214,8,9650
2025/2/10,1:00,9826,788,4732,6150,30,376,771,160,665,0,0,1452,0,2,0,-5308,8,9826
2025/2/10,1:30,9886,787,4686,6207,30,376,767,159,667,0,0,1436,0,2,-2,-5238,9,9886
2025/2/10,2:00,10026,783,4856,6224,31,381,768,161,667,0,0,1448,0,2,0,-5304,9,10026
2025/2/10,2:30,10161,789,5064,6279,32,375,768,158,665,0,0,1469,0,2,-1,-5448,9,10161
2025/2/10,3:00,10287,787,5132,6300,32,376,769,160,668,0,0,1436,0,2,-1,-5382,8,10287
2025/2/10,3:30,10383,789,5344,6296,33,378,765,157,669,0,0,1439,0,2,-1,-5496,8,10383
2025/2/10,4:00,10523,783,5472,6297,33,377,765,161,668,0,0,1448,0,2,-2,-5488,7,10523
2025/2/10,4:30,10719,788,5734,6305,34,385,763,159,668,0,0,1384,0,2,-1,-5510,8,10719
2025/2/10,5:00,11007,788,5696,6277,35,396,800,158,667,0,0,1418,0,2,-1,-5240,11,11007
2025/2/10,5:30,11393,786,5896,6302,35,408,821,160,669,0,0,1414,0,2,0,-5112,12,11393
2025/2/10,6:00,11815,785,6242,6307,36,431,861,158,671,0,0,1423,0,2,-1,-5114,14,11815
2025/2/10,6:30,12065,787,6354,6343,38,437,873,160,671,29,0,1387,0,2,0,-5038,22,12065
2025/2/10,7:00,12031,786,6006,6335,38,445,896,157,667,202,0,1366,0,2,-5,-4894,30,12031
2025/2/10,7:30,12356,789,6176,6348,39,481,901,160,666,486,0,1380,0,2,-5,-5092,25,12356
2025/2/10,8:00,12829,787,6256,6343,41,486,915,159,696,758,0,1433,0,2,3,-5072,22,12829
2025/2/10,8:30,13137,781,6076,6325,43,488,925,164,753,1120,0,1442,0,2,-6,-4998,22,13137
2025/2/10,9:00,13437,787,6220,6316,43,490,911,166,796,1350,0,1550,0,2,2,-5218,22,13437
2025/2/10,9:30,13157,787,5712,6178,43,485,907,170,811,1519,0,1601,0,2,0,-5082,24,13157
2025/2/10,10:00,12989,786,5310,6255,42,486,932,171,885,1555,0,1520,0,2,-4,-4974,23,12989
2025/2/10,10:30,12847,786,5012,6267,42,480,934,175,919,1576,0,1593,0,2,0,-4962,23,12847
2025/2/10,11:00,12739,785,4958,6278,42,468,933,176,942,1699,0,1665,0,2,-4,-5224,19,12739
2025/2/10,11:30,12562,790,4672,6245,42,454,938,178,981,1825,0,1721,0,2,0,-5310,24,12562
2025/2/10,12:00,12150,786,4566,6255,41,399,930,175,949,1927,0,1718,0,2,-42,-5576,20,12150
2025/2/10,12:30,11979,785,4424,6231,40,414,934,180,969,1968,0,1755,0,2,-38,-5698,13,11979
2025/2/10,13:00,12332,787,4712,6293,40,469,919,175,946,2051,0,1738,0,2,-4,-5816,20,12332
2025/2/10,13:30,12281,789,4722,6402,39,472,920,177,943,1923,0,1719,0,2,-3,-5838,14,12281
2025/2/10,14:00,12172,783,4444,6458,40,484,937,173,915,1745,0,1725,0,2,-1,-5554,21,12172
2025/2/10,14:30,12215,785,4746,6490,40,485,924,172,858,1463,0,1702,0,2,-1,-5472,21,12215
2025/2/10,15:00,12260,785,5272,6489,40,411,966,168,809,1093,0,1695,0,2,-1,-5488,19,12260
2025/2/10,15:30,12412,785,5480,6632,40,486,981,165,734,709,0,1667,0,2,-1,-5288,20,12412
2025/2/10,16:00,12492,789,5482,6756,41,484,1104,160,690,327,0,1626,0,2,-4,-4986,21,12492
2025/2/10,16:30,12668,785,5524,6913,42,479,1120,161,670,73,0,1663,0,2,-1,-4784,21,12668
2025/2/10,17:00,13021,786,5976,6944,42,489,1123,161,671,1,0,1675,0,2,0,-4874,25,13021
2025/2/10,17:30,13050,785,6038,6975,43,496,1122,158,668,0,0,1643,0,2,2,-4904,22,13050
2025/2/10,18:00,13076,789,6002,6981,44,500,1126,161,674,0,0,1560,0,2,33,-4824,28,13076
2025/2/10,18:30,12865,785,5930,6966,42,497,1116,158,676,0,0,1516,0,2,29,-4874,22,12865
2025/2/10,19:00,12686,787,5760,6982,42,495,1099,160,674,0,0,1566,0,2,-2,-4902,23,12686
2025/2/10,19:30,12487,789,5692,6990,41,485,1091,158,671,0,0,1595,0,2,-1,-5044,18,12487
2025/2/10,20:00,12236,787,5588,6972,40,482,1043,160,668,0,0,1563,0,2,-1,-5090,22,12236
2025/2/10,20:30,12076,785,5578,6927,39,482,1030,158,671,0,0,1553,0,2,-2,-5166,19,12076
2025/2/10,21:00,11762,787,5376,6873,38,483,1003,161,672,0,0,1537,0,2,10,-5198,18,11762
2025/2/10,21:30,11453,785,5448,6839,36,483,1000,158,673,0,0,1556,0,2,-1,-5538,12,11453
2025/2/10,22:00,11055,783,4848,6677,34,415,1000,160,665,0,0,1563,0,2,-1,-5112,21,11055
2025/2/10,22:30,10751,791,4548,6584,33,405,996,159,665,0,0,1593,0,2,-1,-5042,18,10751
2025/2/10,23:00,10766,783,4702,6582,34,408,959,159,667,0,0,1578,0,2,-1,-5120,13,10766
2025/2/10,23:30,10759,788,4848,6587,33,402,950,159,663,0,0,1564,0,2,-5,-5242,10,10759
2025/2/11,0:00,10616,787,4894,6575,32,408,844,161,666,0,0,1503,0,2,-2,-5262,8,10616
2025/2/11,0:30,10480,787,4524,6552,31,403,839,158,660,0,0,1607,0,2,-2,-5088,7,10480
2025/2/11,1:00,10622,785,4378,6550,31,399,837,160,662,0,0,1621,0,2,-1,-4810,8,10622
2025/2/11,1:30,10741,787,4340,6593,32,395,836,158,665,0,0,1619,0,2,-1,-4694,9,10741
2025/2/11,2:00,10797,785,4444,6613,32,394,835,160,667,0,0,1576,0,2,0,-4720,9,10797
2025/2/11,2:30,10964,788,4734,6621,33,400,837,158,668,0,0,1551,0,2,-1,-4836,9,10964
2025/2/11,3:00,10957,788,4918,6579,33,391,836,161,667,0,0,1553,0,2,-1,-4978,8,10957
2025/2/11,3:30,10905,785,4962,6562,33,394,835,158,664,0,0,1589,0,2,-1,-5086,8,10905
2025/2/11,4:00,10914,789,4908,6610,34,399,833,161,664,0,0,1525,0,2,-1,-5018,8,10914
2025/2/11,4:30,11043,788,4980,6623,34,397,838,159,648,0,0,1557,0,2,-1,-4990,8,11043
2025/2/11,5:00,11148,787,5040,6652,35,405,858,160,621,0,0,1556,0,2,-1,-4978,11,11148
2025/2/11,5:30,11115,784,4600,6707,35,404,879,158,619,0,0,1598,0,2,-1,-4682,12,11115
2025/2/11,6:00,11383,785,4792,6678,35,423,903,160,622,0,0,1560,0,2,-4,-4586,13,11383
2025/2/11,6:30,11391,789,5090,6713,36,426,920,158,624,44,0,1532,0,2,1,-4968,24,11391
2025/2/11,7:00,11423,786,5002,6715,36,430,983,161,623,262,0,1579,0,2,-3,-5182,29,11423
2025/2/11,7:30,11711,784,4838,6648,38,423,997,161,661,583,0,1615,0,2,-1,-5064,26,11711
2025/2/11,8:00,11940,787,5112,6534,39,420,1005,165,691,947,0,1605,0,2,0,-5390,23,11940
2025/2/11,8:30,12140,787,5076,6269,41,420,1017,165,722,1392,0,1699,0,2,-1,-5472,23,12140
2025/2/11,9:00,12293,785,5006,6081,41,424,993,169,757,1633,0,1740,0,2,2,-5362,22,12293
2025/2/11,9:30,12165,785,4382,6168,41,329,1009,171,809,1888,0,1762,0,2,-5,-5200,24,12165
2025/2/11,10:00,12033,785,4146,6200,40,320,961,173,814,2169,0,1799,0,2,-4,-5396,24,12033
2025/2/11,10:30,11984,794,3948,6188,39,322,948,172,851,2243,0,1812,0,2,0,-5356,21,11984
2025/2/11,11:00,11830,785,4100,6167,39,321,869,174,837,2349,0,1792,0,2,-2,-5620,17,11830
2025/2/11,11:30,11799,785,3728,6192,39,324,864,173,848,2512,0,1758,0,2,-7,-5440,21,11799
2025/2/11,12:00,11615,785,3574,6172,39,327,852,173,822,2625,0,1794,0,2,-36,-5532,18,11615
2025/2/11,12:30,11416,787,3686,6228,38,325,841,169,798,2555,0,1794,0,2,-39,-5782,14,11416
2025/2/11,13:00,11465,788,3382,6248,37,323,847,171,809,2455,0,1792,0,2,-3,-5410,24,11465
2025/2/11,13:30,11435,787,3588,6265,37,327,850,168,786,2287,0,1820,0,2,-1,-5496,15,11435
2025/2/11,14:00,11345,784,3710,6334,36,392,925,169,756,2078,0,1791,0,2,-2,-5654,24,11345
2025/2/11,14:30,11301,790,3952,6536,37,328,924,167,744,1664,0,1775,0,2,-1,-5644,27,11301
2025/2/11,15:00,11445,785,4108,6547,37,335,958,168,736,1169,0,1750,0,2,-2,-5168,20,11445
2025/2/11,15:30,11470,787,4258,6643,37,354,969,162,685,730,0,1757,0,2,3,-4936,19,11470
2025/2/11,16:00,11623,789,4984,6741,38,428,1042,161,640,350,0,1759,0,2,-6,-5326,21,11623
2025/2/11,16:30,11818,785,5104,6733,39,425,1047,159,612,101,0,1759,0,2,1,-4974,25,11818
2025/2/11,17:00,12200,787,5284,6872,41,425,1055,160,615,2,0,1735,0,2,1,-4808,29,12200
2025/2/11,17:30,12506,785,5668,6996,42,427,1064,157,616,0,0,1729,0,2,34,-5040,26,12506
2025/2/11,18:00,12429,786,5782,7012,42,426,1068,159,618,0,0,1703,0,2,28,-5224,27,12429
2025/2/11,18:30,12464,789,6062,6971,42,428,1066,156,622,0,0,1689,0,2,-1,-5384,22,12464
2025/2/11,19:00,12242,787,5932,6970,41,426,1058,159,623,0,0,1651,0,2,-1,-5434,28,12242
2025/2/11,19:30,12157,784,5954,6958,41,427,1064,158,623,0,0,1628,0,2,-1,-5504,23,12157
2025/2/11,20:00,11962,786,5962,6923,40,427,1006,158,619,0,0,1658,0,2,-1,-5640,22,11962
2025/2/11,20:30,11675,791,5634,6965,38,425,994,158,616,0,0,1681,0,2,-2,-5646,19,11675
2025/2/11,21:00,11448,785,5624,6860,37,424,972,159,614,0,0,1647,0,2,-1,-5692,17,11448
2025/2/11,21:30,10964,787,5434,6701,35,425,967,158,616,0,0,1605,0,2,-1,-5778,13,10964
2025/2/11,22:00,10611,785,4712,6578,33,404,965,159,617,0,0,1580,0,2,-1,-5246,23,10611
2025/2/11,22:30,10236,789,4274,6615,32,398,966,158,617,0,0,1562,0,2,-1,-5194,18,10236
2025/2/11,23:00,10292,787,4454,6570,32,401,930,160,614,0,0,1577,0,2,-1,-5246,12,10292
2025/2/11,23:30,10082,788,4238,6534,32,399,908,157,615,0,0,1557,0,2,-2,-5156,10,10082
2025/2/12,0:00,9977,787,4244,6584,30,327,814,158,611,0,0,1513,0,2,-1,-5100,8,9977
2025/2/12,0:30,9831,785,4116,6593,30,327,804,160,610,0,0,1497,0,2,-2,-5098,7,9831
2025/2/12,1:00,10013,791,4442,6638,29,321,809,157,609,0,0,1427,0,2,-1,-5218,7,10013
2025/2/12,1:30,10043,783,4642,6632,31,324,808,159,613,0,0,1341,0,2,-1,-5300,9,10043
2025/2/12,2:00,10175,789,4796,6630,31,397,809,158,609,0,0,1328,0,2,-1,-5382,9,10175
2025/2/12,2:30,10282,783,4872,6634,32,397,807,159,610,0,0,1329,0,2,-1,-5350,8,10282
2025/2/12,3:00,10296,791,5040,6637,33,395,806,157,607,0,0,1307,0,2,-9,-5478,8,10296
2025/2/12,3:30,10392,784,5170,6640,33,399,799,158,607,0,0,1287,0,2,-12,-5482,7,10392
2025/2/12,4:00,10438,789,5258,6637,33,398,797,157,603,0,0,1248,0,2,-3,-5488,7,10438
2025/2/12,4:30,10635,785,5498,6614,34,400,799,158,606,0,0,1206,0,2,-1,-5474,8,10635
2025/2/12,5:00,10888,789,5620,6646,35,394,820,157,617,0,0,1240,0,2,-1,-5442,11,10888
2025/2/12,5:30,11119,785,5694,6666,35,402,844,158,617,0,0,1292,0,2,2,-5390,12,11119
2025/2/12,6:00,11594,788,6090,6666,36,429,875,157,614,0,0,1256,0,2,0,-5332,13,11594
2025/2/12,6:30,11749,789,6150,6630,38,463,889,159,615,39,0,1131,0,2,-1,-5180,25,11749
2025/2/12,7:00,11718,787,5970,6543,38,476,989,156,622,285,0,917,0,2,-2,-5094,29,11718
2025/2/12,7:30,12005,789,5812,6511,40,489,1007,160,657,720,0,772,0,2,-2,-4978,26,12005
2025/2/12,8:00,12316,781,5954,6496,41,497,1039,167,759,1277,0,685,0,135,-2,-5534,21,12316
2025/2/12,8:30,12761,789,6074,6495,43,497,1044,170,812,1599,0,595,0,143,0,-5520,20,12761
2025/2/12,9:00,12914,784,6830,6300,42,483,999,170,791,1326,0,532,0,2,-1,-5366,22,12914
2025/2/12,9:30,12759,792,6236,6250,42,476,984,168,776,1555,0,568,0,2,-2,-5112,24,12759
2025/2/12,10:00,12402,783,4918,6257,40,466,966,174,855,1971,0,585,0,2,-1,-4638,24,12402
2025/2/12,10:30,12214,787,4544,6196,40,468,945,174,888,2161,0,685,0,2,-1,-4696,21,12214
2025/2/12,11:00,12102,787,4722,6046,40,470,870,177,899,2007,0,734,0,2,1,-4670,17,12102
2025/2/12,11:30,12253,787,5734,6195,41,466,852,171,843,1474,0,752,0,2,-11,-5074,21,12253
2025/2/12,12:00,11662,789,5386,6226,40,466,842,171,809,1309,0,778,0,2,-37,-5138,19,11662
2025/2/12,12:30,11596,783,5374,6262,39,396,850,170,844,1439,0,747,0,2,-35,-5288,13,11596
2025/2/12,13:00,11850,792,5654,6299,39,462,841,171,815,1329,0,683,0,2,-7,-5250,20,11850
2025/2/12,13:30,11850,783,5902,6316,39,454,849,168,782,1190,0,607,0,2,-2,-5256,16,11850
2025/2/12,14:00,11882,791,5530,6527,39,458,905,168,755,1165,0,646,0,2,1,-5126,21,11882
2025/2/12,14:30,11775,789,5282,6685,40,459,917,166,754,1146,0,653,0,2,-7,-5130,19,11775
2025/2/12,15:00,11719,785,5436,6732,40,461,938,166,724,1085,0,645,0,2,4,-5318,19,11719
2025/2/12,15:30,11816,787,5680,6781,40,459,959,163,700,771,0,616,0,2,-3,-5156,17,11816
2025/2/12,16:00,11944,787,6056,6955,41,464,1097,162,659,380,0,531,0,2,-6,-5204,20,11944
2025/2/12,16:30,12131,789,6614,7072,41,468,1106,158,636,106,0,470,0,2,0,-5344,13,12131
2025/2/12,17:00,12166,788,6306,7101,42,468,1112,159,628,1,0,546,0,2,0,-5010,23,12166
2025/2/12,17:30,12313,786,6508,7085,42,475,1119,157,622,0,0,672,0,2,34,-5210,21,12313
2025/2/12,18:00,12279,788,6140,6963,43,479,1118,159,624,0,0,701,0,2,28,-4792,26,12279
2025/2/12,18:30,12201,788,6086,6933,41,479,1124,157,626,0,0,736,0,2,-1,-4790,20,12201
2025/2/12,19:00,12055,791,6296,6920,40,466,1099,160,631,0,0,761,0,2,-2,-5130,21,12055
2025/2/12,19:30,11825,787,6134,6943,39,465,1101,157,627,0,0,805,0,2,-1,-5250,16,11825
2025/2/12,20:00,11669,787,6056,6919,38,465,1014,159,626,0,0,842,0,2,-1,-5260,22,11669
2025/2/12,20:30,11448,789,5846,6862,37,464,999,157,627,0,0,855,0,2,-1,-5208,19,11448
2025/2/12,21:00,11090,791,5680,6787,36,466,952,159,622,0,0,863,0,2,-1,-5284,17,11090
2025/2/12,21:30,10763,787,5446,6733,33,464,947,157,625,0,0,886,0,2,-2,-5326,11,10763
2025/2/12,22:00,10414,787,4712,6688,31,394,950,159,626,0,0,918,0,2,0,-4874,21,10414
2025/2/12,22:30,10107,787,4566,6564,29,379,949,158,630,0,0,902,0,2,-3,-4872,16,10107
2025/2/12,23:00,10178,791,4806,6588,30,376,925,159,628,0,0,873,0,2,-1,-5010,11,10178
2025/2/12,23:30,9923,785,4568,6563,29,379,916,158,626,0,0,794,0,2,-2,-4904,9,9923
2025/2/13,0:00,9745,789,4258,6547,27,307,823,160,619,0,0,783,0,2,-1,-4576,7,9745
2025/2/13,0:30,9691,787,4212,6575,27,300,822,160,625,0,0,822,0,2,-1,-4646,6,9691
2025/2/13,1:00,9799,792,4406,6594,27,304,821,159,626,0,0,856,0,2,-1,-4794,7,9799
2025/2/13,1:30,9765,788,4382,6653,27,323,819,159,626,0,0,808,0,2,0,-4830,8,9765
2025/2/13,2:00,9896,785,4654,6772,28,378,824,158,623,0,0,672,0,2,0,-5008,8,9896
2025/2/13,2:30,9978,791,4848,6775,28,377,819,159,615,0,0,539,0,2,-1,-4982,8,9978
2025/2/13,3:00,10048,792,4884,6740,30,375,822,157,611,0,0,458,0,2,-2,-4828,7,10048
2025/2/13,3:30,10073,787,4804,6746,30,377,826,159,614,0,0,500,0,2,-1,-4778,7,10073
2025/2/13,4:00,10159,787,4664,6770,30,374,830,159,626,0,0,617,0,2,-1,-4706,7,10159
2025/2/13,4:30,10244,789,4522,6761,31,373,833,160,634,0,0,819,0,2,-1,-4686,7,10244
2025/2/13,5:00,10495,789,4632,6779,32,381,872,158,630,0,0,991,0,2,-1,-4780,10,10495
2025/2/13,5:30,10658,788,4696,6786,32,323,891,160,630,0,0,1013,0,2,-2,-4672,11,10658
2025/2/13,6:00,11033,789,4718,6778,34,411,920,158,632,1,0,1190,0,2,0,-4612,12,11033
2025/2/13,6:30,11397,790,5284,6760,36,416,927,160,631,62,0,1339,0,2,-3,-5030,23,11397
2025/2/13,7:00,11264,791,4716,6664,36,416,1034,159,631,269,0,1433,0,2,-2,-4914,29,11264
2025/2/13,7:30,11606,783,4732,6598,39,446,1057,161,647,574,0,1542,0,2,-1,-4998,24,11606
2025/2/13,8:00,12244,786,4988,6393,41,463,1073,163,684,883,0,1637,0,2,1,-4892,22,12244
2025/2/13,8:30,12814,787,5390,6361,43,456,1082,167,722,1111,0,1655,0,2,-3,-4976,17,12814
2025/2/13,9:00,13093,792,5246,6405,43,462,1032,168,763,1385,0,1728,0,2,-4,-4950,21,13093
2025/2/13,9:30,13002,783,5034,6224,44,376,1037,172,797,1720,0,1730,0,2,-4,-4934,21,13002
2025/2/13,10:00,12914,789,4804,6083,43,365,983,173,858,2048,0,1730,0,2,-2,-4986,24,12914
2025/2/13,10:30,12926,788,4646,6074,43,358,968,176,851,2323,0,1742,0,2,2,-5068,21,12926
2025/2/13,11:00,12784,786,4596,6044,43,363,914,177,911,2367,0,1716,0,2,-3,-5152,20,12784
2025/2/13,11:30,12843,788,4602,6157,43,358,904,179,899,2611,0,1706,0,2,-7,-5416,17,12843
2025/2/13,12:00,12333,787,4102,6117,42,359,919,179,938,2730,0,1687,0,2,-33,-5514,18,12333
2025/2/13,12:30,12146,785,4194,6092,43,356,915,181,928,2807,0,1714,0,-210,-38,-5634,13,12146
2025/2/13,13:00,12533,791,4680,6243,43,356,917,182,965,2574,0,1709,0,-224,-7,-5716,20,12533
2025/2/13,13:30,12480,787,4492,6297,42,358,927,180,923,2482,0,1689,0,-222,-5,-5484,14,12480
2025/2/13,14:00,12480,783,4192,6297,42,354,993,180,931,2322,0,1660,0,2,2,-5298,20,12480
2025/2/13,14:30,12487,787,4582,6337,42,353,990,177,894,1880,0,1646,0,2,6,-5224,15,12487
2025/2/13,15:00,12493,787,4862,6518,42,365,1008,172,799,1486,0,1650,0,2,1,-5218,19,12493
2025/2/13,15:30,12662,786,5226,6822,43,431,1032,166,718,929,0,1679,0,2,-4,-5184,16,12662
2025/2/13,16:00,12642,789,5254,6949,43,374,1154,163,651,443,0,1639,0,2,-5,-4834,20,12642
2025/2/13,16:30,12904,786,5832,7025,44,464,1174,159,617,115,0,1645,0,2,1,-4974,14,12904
2025/2/13,17:00,13103,786,6060,7090,44,463,1180,160,622,2,0,1635,0,2,-3,-4962,24,13103
2025/2/13,17:30,13215,790,6132,7108,45,459,1187,159,624,0,0,1587,0,2,3,-4902,21,13215
2025/2/13,18:00,13166,787,6282,7089,45,466,1182,160,622,0,0,1600,0,2,35,-5132,28,13166
2025/2/13,18:30,13138,787,6206,7101,45,474,1181,159,624,0,0,1605,0,2,32,-5098,20,13138
2025/2/13,19:00,12995,781,6064,7077,43,472,1155,159,636,0,0,1619,0,2,-2,-5034,23,12995
2025/2/13,19:30,12785,789,5896,7076,43,471,1150,158,632,0,0,1643,0,2,-1,-5092,18,12785
2025/2/13,20:00,12433,789,5912,6956,42,467,1119,160,637,0,0,1619,0,2,-1,-5288,19,12433
2025/2/13,20:30,12184,785,5838,6876,41,464,1118,159,635,0,0,1628,0,2,-1,-5386,25,12184
2025/2/13,21:00,11968,786,5704,6854,38,465,1050,160,635,0,0,1644,0,2,-1,-5388,19,11968
2025/2/13,21:30,11512,787,5426,6735,37,467,1050,158,638,0,0,1604,0,2,-2,-5402,12,11512
2025/2/13,22:00,11291,787,4746,6590,35,389,1008,160,639,0,0,1615,0,2,-1,-4701,22,11291
2025/2/13,22:30,10757,787,4166,6534,33,317,1014,159,636,0,0,1628,0,2,-1,-4537,19,10757
2025/2/13,23:00,10844,787,4148,6603,33,372,983,161,638,0,0,1655,0,2,-1,-4550,13,10844
2025/2/13,23:30,10681,789,4278,6538,32,319,973,158,638,0,0,1641,0,2,-2,-4694,9,10681
2025/2/14,0:00,10462,786,4180,6598,31,314,886,159,633,0,0,1679,0,2,-1,-4812,7,10462
2025/2/14,0:30,10316,784,3960,6722,30,308,880,157,633,0,0,1677,0,2,-2,-4842,7,10316
2025/2/14,1:00,10349,787,3900,6691,30,308,876,159,635,0,0,1681,0,2,-1,-4726,7,10349
2025/2/14,1:30,10464,787,4108,6735,30,306,873,157,632,0,0,1627,0,2,-1,-4800,8,10464
2025/2/14,2:00,10568,789,4160,6708,31,301,873,159,633,0,0,1689,0,2,-1,-4784,8,10568
2025/2/14,2:30,10626,785,4254,6702,32,303,873,157,634,0,0,1675,0,2,-1,-4798,8,10626
2025/2/14,3:00,10665,789,4322,6662,32,305,873,159,632,0,0,1658,0,2,-1,-4776,8,10665
2025/2/14,3:30,10669,785,4434,6647,33,310,871,159,629,0,0,1658,0,2,-2,-4864,7,10669
2025/2/14,4:00,10795,786,4592,6659,33,376,870,156,628,0,0,1661,0,2,-1,-4974,7,10795
2025/2/14,4:30,10826,787,4612,6646,34,324,870,159,630,0,0,1646,0,2,0,-4892,8,10826
2025/2/14,5:00,11123,787,4852,6652,34,386,890,157,632,0,0,1637,0,2,0,-4916,10,11123
2025/2/14,5:30,11347,787,5070,6637,35,392,906,158,635,0,0,1624,0,2,-1,-4910,12,11347
2025/2/14,6:00,11639,785,5116,6641,36,418,918,157,637,0,0,1584,0,2,0,-4668,13,11639
2025/2/14,6:30,11785,789,5202,6668,38,420,931,159,643,47,0,1523,0,199,0,-4858,24,11785
2025/2/14,7:00,11733,783,4726,6663,38,422,1030,159,657,233,0,1506,0,227,-4,-4736,29,11733
2025/2/14,7:30,11872,789,4686,6587,39,445,1040,161,677,660,0,1504,0,2,-4,-4738,24,11872
2025/2/14,8:00,12301,783,5046,6493,41,463,1057,164,728,1159,0,1557,0,2,-1,-5212,21,12301
2025/2/14,8:30,12619,788,5052,6100,43,458,1075,168,776,1671,0,1587,0,1,-2,-5120,22,12619
2025/2/14,9:00,12697,786,5014,5768,42,454,1016,167,792,2043,0,1610,0,0,3,-5018,20,12697
2025/2/14,9:30,12667,787,4958,5518,41,365,1034,173,870,2439,0,1636,0,0,-8,-5170,24,12667
2025/2/14,10:00,12300,786,4290,5356,38,354,974,177,914,2748,0,1656,0,0,6,-5022,23,12300
2025/2/14,10:30,12232,785,4142,5296,36,353,974,177,954,3056,0,1659,0,0,-2,-5218,20,12232
2025/2/14,11:00,12015,785,4140,5263,37,350,891,178,930,3174,0,1663,0,0,-2,-5410,16,12015
2025/2/14,11:30,11907,790,4094,5408,36,357,878,175,937,3338,0,1682,0,-212,-9,-5584,17,11907
2025/2/14,12:00,11439,787,3684,5377,36,353,872,177,933,3448,0,1680,0,-226,-52,-5652,22,11439
2025/2/14,12:30,11196,783,3544,5091,37,348,889,179,994,3364,0,1705,0,-226,-47,-5482,17,11196
2025/2/14,13:00,11627,790,3960,5481,36,350,868,177,931,3310,0,1707,0,-224,-17,-5762,20,11627
2025/2/14,13:30,11528,788,3624,5517,34,349,880,177,936,2959,0,1702,0,2,-1,-5452,13,11528
2025/2/14,14:00,11502,790,3388,5522,33,353,950,176,898,2866,0,1731,0,2,-13,-5212,18,11502
2025/2/14,14:30,11423,786,3752,5678,34,352,952,171,856,2391,0,1749,0,2,-2,-5320,22,11423
2025/2/14,15:00,11275,787,3884,5742,34,422,982,170,802,1803,0,1762,0,2,1,-5134,18,11275
2025/2/14,15:30,11486,789,4238,6219,36,376,1001,162,715,1289,0,1781,0,2,-3,-5136,17,11486
2025/2/14,16:00,11611,786,4372,6580,36,446,1142,161,671,606,0,1798,0,2,-2,-5008,21,11611
2025/2/14,16:30,11881,788,4958,6782,38,448,1159,157,646,160,0,1785,0,2,-1,-5060,19,11881
2025/2/14,17:00,11971,792,4900,6793,39,450,1162,159,638,2,0,1824,0,2,-2,-4812,24,11971
2025/2/14,17:30,12211,787,5442,6858,39,450,1170,156,630,0,0,1825,0,2,-2,-5166,20,12211
2025/2/14,18:00,12009,783,5520,6956,40,446,1167,159,628,0,0,1779,0,2,34,-5532,27,12009
2025/2/14,18:30,12006,789,5530,6930,41,451,1154,156,628,0,0,1777,0,2,28,-5502,22,12006
2025/2/14,19:00,11756,783,5384,6844,39,454,1131,159,629,0,0,1764,0,2,-1,-5454,22,11756
2025/2/14,19:30,11622,792,5284,6751,39,450,1121,156,624,0,0,1836,0,2,-2,-5450,19,11622
2025/2/14,20:00,11409,789,5190,6738,38,452,1026,158,627,0,0,1817,0,2,0,-5450,22,11409
2025/2/14,20:30,11219,789,5288,6533,38,456,981,159,624,0,0,1802,0,2,-1,-5476,24,11219
2025/2/14,21:00,10976,787,5186,6469,36,451,926,157,625,0,0,1814,0,2,-1,-5494,18,10976
2025/2/14,21:30,10575,785,4780,6406,34,445,916,159,627,0,0,1809,0,2,-1,-5398,11,10575
2025/2/14,22:00,10338,789,4228,6269,33,384,897,157,625,0,0,1809,0,2,-1,-4874,20,10338
2025/2/14,22:30,10011,786,4186,6065,32,370,877,159,628,0,0,1790,0,2,-1,-4898,15,10011
2025/2/14,23:00,10151,791,4606,5926,32,364,842,157,629,0,0,1797,0,2,-1,-5010,16,10151
2025/2/14,23:30,9874,786,4418,5750,31,373,809,158,630,0,0,1800,0,2,-1,-4892,10,9874
2025/2/15,0:00,9694,789,4512,5637,29,365,690,157,630,0,0,1799,0,2,0,-4924,8,9694
2025/2/15,0:30,9650,786,4514,5435,29,370,672,158,632,0,0,1779,0,2,-2,-4732,7,9650
2025/2/15,1:00,9741,788,5042,5222,29,363,650,158,635,0,0,1775,0,2,-1,-4930,8,9741
2025/2/15,1:30,9729,789,5502,4805,29,364,647,159,637,0,0,1775,0,2,-1,-4988,9,9729
2025/2/15,2:00,9786,787,5644,4683,29,368,642,158,641,0,0,1750,0,2,-1,-4926,9,9786
2025/2/15,2:30,9877,788,5834,4621,30,364,641,159,647,0,0,1729,0,2,-2,-4944,8,9877
2025/2/15,3:00,9888,787,5898,4602,31,367,640,157,647,0,0,1720,0,2,-1,-4970,8,9888
2025/2/15,3:30,9942,786,6062,4624,31,369,642,159,644,0,0,1693,0,2,-1,-5076,7,9942
2025/2/15,4:00,9915,787,6044,4722,32,366,638,157,627,0,0,1666,0,2,-1,-5132,7,9915
2025/2/15,4:30,9961,791,6060,4715,32,365,640,159,624,0,0,1630,0,2,-1,-5064,8,9961
2025/2/15,5:00,10001,787,5946,4700,32,369,659,156,625,0,0,1571,0,2,-1,-4856,11,10001
2025/2/15,5:30,9975,789,5690,4708,32,377,674,160,617,0,0,1570,0,2,-2,-4654,12,9975
2025/2/15,6:00,10308,783,5972,4684,33,391,692,156,617,1,0,1529,0,2,-1,-4564,13,10308
2025/2/15,6:30,10142,787,5786,4530,33,399,700,158,617,97,0,1434,0,2,-1,-4424,24,10142
2025/2/15,7:00,10110,787,6262,4359,34,399,686,157,625,495,0,1317,0,2,-3,-5040,30,10110
2025/2/15,7:30,10080,789,5854,4173,34,349,705,162,672,1196,0,1180,0,2,0,-5062,26,10080
2025/2/15,8:00,10094,787,5186,4003,34,346,726,167,751,2035,0,1061,0,2,-1,-5024,21,10094
2025/2/15,8:30,10229,788,4818,3624,33,350,737,175,824,2924,0,1109,0,2,0,-5178,23,10229
2025/2/15,9:00,10216,789,4256,3061,32,349,721,177,896,3725,0,1224,0,2,-6,-5034,24,10216
2025/2/15,9:30,9877,785,3256,2614,30,261,734,181,943,4434,0,1320,0,0,-14,-4696,29,9877
2025/2/15,10:00,9803,791,3254,2315,30,225,709,180,952,4978,0,1391,0,-216,9,-4840,25,9803
2025/2/15,10:30,9563,785,2632,2240,28,224,701,181,925,5408,0,1419,0,-432,-4,-4566,22,9563
2025/2/15,11:00,9507,793,2794,2202,28,221,681,177,907,5697,0,1402,0,-442,1,-4974,20,9507
2025/2/15,11:30,9382,785,2688,2166,27,230,671,177,891,5834,0,1398,0,-444,-6,-5058,23,9382
2025/2/15,12:00,9081,789,2256,2175,27,229,671,176,902,5862,0,1417,0,-442,-33,-4966,18,9081
2025/2/15,12:30,8962,785,2486,2176,27,235,680,178,924,5740,0,1380,0,-442,-38,-5186,17,8962
2025/2/15,13:00,8952,791,2674,2177,27,232,693,180,947,5490,0,1257,0,-438,-5,-5094,21,8952
2025/2/15,13:30,8808,787,2476,2180,26,235,704,183,961,5089,0,1182,0,-222,5,-4812,14,8808
2025/2/15,14:00,8700,792,2752,2589,26,307,710,180,958,4510,0,1111,0,2,-10,-5246,19,8700
2025/2/15,14:30,8752,788,3278,3090,28,345,700,178,900,3787,0,1076,0,2,2,-5442,20,8752
2025/2/15,15:00,8607,785,3604,3431,28,347,691,170,817,2852,0,1069,0,2,-1,-5208,20,8607
2025/2/15,15:30,8738,791,4290,3889,30,382,683,164,700,1848,0,1045,0,2,-7,-5098,19,8738
2025/2/15,16:00,8843,787,4802,4097,31,440,782,160,619,918,0,1050,0,2,0,-4868,23,8843
2025/2/15,16:30,9155,791,5256,4309,32,446,807,156,610,256,0,1024,0,2,0,-4556,22,9155
2025/2/15,17:00,9586,787,5886,4527,34,448,817,160,617,11,0,963,0,2,-3,-4688,25,9586
2025/2/15,17:30,9872,787,5848,4693,36,455,814,158,617,0,0,879,0,2,15,-4454,22,9872
2025/2/15,18:00,10041,787,5890,4755,37,456,820,158,625,0,0,761,0,2,32,-4310,28,10041
2025/2/15,18:30,9965,791,5818,4720,37,454,822,158,632,0,0,657,0,2,16,-4162,20,9965
2025/2/15,19:00,9990,789,5942,4728,36,455,823,159,636,0,0,594,0,2,-1,-4196,23,9990
2025/2/15,19:30,9930,789,5862,4713,36,456,824,158,642,0,0,561,0,2,-2,-4128,17,9930
2025/2/15,20:00,9829,785,5880,4740,35,455,783,159,649,0,0,530,0,2,-1,-4208,20,9829
2025/2/15,20:30,9746,790,5776,4726,35,452,773,158,653,0,0,487,0,2,-1,-4124,19,9746
2025/2/15,21:00,9535,789,5702,4705,34,456,702,160,657,0,0,461,0,2,2,-4152,17,9535
2025/2/15,21:30,9364,787,5664,4709,32,450,703,156,668,0,0,426,0,2,-1,-4244,12,9364
2025/2/15,22:00,9107,785,5126,4699,31,387,689,159,674,0,0,391,0,2,3,-3858,19,9107
2025/2/15,22:30,9066,789,5612,4686,29,369,681,159,676,0,0,350,0,2,-1,-4302,16,9066
2025/2/15,23:00,9041,791,5314,4658,30,370,682,161,676,0,0,316,0,2,1,-3972,12,9041
2025/2/15,23:30,8862,789,5124,4621,29,371,673,157,680,0,0,295,0,2,0,-3888,9,8862
2025/2/16,0:00,8720,785,4492,4668,28,366,653,161,679,0,0,281,0,2,-1,-3402,8,8720
2025/2/16,0:30,8626,789,4060,4799,28,371,654,159,680,0,0,265,0,2,-2,-3186,7,8626
2025/2/16,1:00,8796,787,4052,4912,27,371,652,160,678,0,0,255,0,2,-1,-3106,7,8796
2025/2/16,1:30,8796,793,3894,5038,28,362,652,159,681,0,0,264,0,2,-1,-3084,8,8796
2025/2/16,2:00,8979,787,4004,5136,29,368,650,160,683,0,0,269,0,2,-1,-3116,8,8979
2025/2/16,2:30,9030,785,4156,5136,29,365,651,158,681,0,0,267,0,2,-2,-3206,8,9030
2025/2/16,3:00,9164,791,4226,5147,30,364,649,160,676,0,0,277,0,2,-1,-3164,7,9164
2025/2/16,3:30,9142,787,4102,5118,30,362,648,159,673,0,0,328,0,2,0,-3074,7,9142
2025/2/16,4:00,9222,794,4054,5102,30,364,643,160,673,0,0,369,0,2,-2,-2974,7,9222
2025/2/16,4:30,9188,783,4042,5103,31,362,642,158,671,0,0,396,0,2,-1,-3008,7,9188
2025/2/16,5:00,9243,792,3912,5125,30,365,664,159,673,0,0,464,0,2,-1,-2952,10,9243
2025/2/16,5:30,9229,791,3940,5127,29,366,682,158,671,0,0,487,0,2,-1,-3034,11,9229
2025/2/16,6:00,9262,788,3906,5056,29,393,698,159,674,1,0,456,0,2,-3,-2910,13,9262
2025/2/16,6:30,9200,787,4138,4854,30,396,698,158,681,52,0,439,0,2,3,-3058,20,9200
2025/2/16,7:00,9031,787,4376,4538,31,394,700,161,699,407,0,453,0,2,-6,-3538,27,9031
2025/2/16,7:30,9150,789,4188,4278,31,394,708,161,732,1193,0,463,0,2,-3,-3810,24,9150
2025/2/16,8:00,9080,791,4704,3631,32,400,720,167,801,2081,0,490,0,2,-1,-4760,22,9080
2025/2/16,8:30,9031,787,4592,3276,31,302,734,170,861,2858,0,484,0,2,0,-5090,24,9031
2025/2/16,9:00,9010,791,3668,2912,31,286,722,176,920,3538,0,494,0,2,3,-4556,23,9010
2025/2/16,9:30,8810,793,2814,2598,28,254,726,173,923,4107,0,466,0,2,-3,-4096,25,8810
2025/2/16,10:00,8747,785,2530,2120,29,225,696,175,918,4462,0,422,0,2,-3,-3638,24,8747
2025/2/16,10:30,8609,793,2254,2137,29,225,699,173,932,4578,0,444,0,2,-6,-3672,21,8609
2025/2/16,11:00,8512,787,2572,2170,30,227,692,175,904,4528,0,632,0,0,0,-4222,17,8512
2025/2/16,11:30,8461,791,2762,2202,31,225,694,172,909,4448,0,727,0,-210,-1,-4310,21,8461
2025/2/16,12:00,8427,789,3170,2243,29,229,696,174,908,4185,0,838,0,-222,-37,-4592,17,8427
2025/2/16,12:30,8238,787,3236,2261,27,225,711,175,958,3689,0,992,0,-222,-42,-4574,15,8238
2025/2/16,13:00,8203,794,2668,2267,27,227,712,176,940,3763,0,1114,0,-220,13,-4302,24,8203
2025/2/16,13:30,8190,789,3134,2351,28,225,716,173,929,3509,0,1004,0,-222,0,-4462,16,8190
2025/2/16,14:00,8080,789,3476,2469,27,225,703,174,905,2711,0,962,0,-220,21,-4182,20,8080
2025/2/16,14:30,8114,791,3664,3019,27,223,701,168,857,2149,0,880,0,-222,27,-4190,20,8114
2025/2/16,15:00,8013,791,3388,3360,27,267,694,169,809,1596,0,854,0,-220,-17,-3724,19,8013
2025/2/16,15:30,8134,787,3316,3416,29,308,700,161,736,1105,0,819,0,2,-28,-3236,19,8134
2025/2/16,16:00,8292,793,3782,3837,30,309,856,161,691,581,0,782,0,2,-12,-3540,20,8292
2025/2/16,16:30,8754,785,4534,4313,31,398,856,157,672,198,0,777,0,2,1,-3992,22,8754
2025/2/16,17:00,9234,793,4698,4496,33,405,861,159,668,8,0,787,0,2,-1,-3702,27,9234
2025/2/16,17:30,9435,787,4198,4803,34,401,857,157,669,0,0,755,0,2,1,-3252,23,9435
2025/2/16,18:00,9641,789,3662,4982,35,397,865,159,673,0,0,712,0,2,-3,-2658,26,9641
2025/2/16,18:30,9631,789,3680,4984,34,403,864,157,675,0,0,683,0,2,-1,-2658,19,9631
2025/2/16,19:00,9581,789,3688,4974,34,400,874,158,678,0,0,661,0,2,-2,-2696,21,9581
2025/2/16,19:30,9521,793,3824,4914,34,399,877,158,676,0,0,582,0,2,-1,-2758,21,9521
2025/2/16,20:00,9377,785,3830,4921,33,400,842,160,681,0,0,553,0,2,9,-2858,19,9377
2025/2/16,20:30,9309,791,3950,4920,32,400,837,157,677,0,0,558,0,2,22,-3056,19,9309
2025/2/16,21:00,9084,789,4150,4805,31,401,787,158,681,0,0,542,0,2,-2,-3278,18,9084
2025/2/16,21:30,8798,791,3758,4880,29,398,790,159,685,0,0,547,0,2,0,-3254,13,8798
2025/2/16,22:00,8610,787,3706,5062,28,374,796,158,685,0,0,554,0,2,-1,-3558,17,8610
2025/2/16,22:30,8294,791,3234,5076,27,374,791,161,688,0,0,612,0,2,-1,-3476,15,8294
2025/2/16,23:00,8385,789,2976,5026,28,306,785,158,688,0,0,643,0,2,-1,-3026,11,8385
2025/2/16,23:30,8342,789,3060,5126,27,299,793,161,693,0,0,716,0,2,-2,-3330,8,8342
2025/2/17,0:00,8228,789,3420,5134,26,294,782,158,692,0,0,738,0,2,-1,-3812,6,8228
2025/2/17,0:30,8245,789,3484,5247,25,294,785,162,693,0,0,794,0,2,-1,-4034,5,8245
2025/2/17,1:00,8420,791,3642,5213,26,290,786,158,690,0,0,769,0,2,-1,-3952,6,8420
2025/2/17,1:30,8490,789,3646,5240,26,293,780,161,690,0,0,756,0,2,0,-3900,7,8490
2025/2/17,2:00,8729,787,3640,5353,27,296,779,159,691,0,0,691,0,2,-1,-3702,7,8729
2025/2/17,2:30,8878,791,3806,5358,27,293,784,160,691,0,0,572,0,2,-1,-3612,7,8878
2025/2/17,3:00,9018,787,3650,5469,28,293,777,159,691,0,0,554,0,2,-12,-3386,6,9018
2025/2/17,3:30,9124,787,3702,5481,29,295,772,160,685,0,0,530,0,2,-9,-3316,6,9124
2025/2/17,4:00,9272,791,3688,5490,29,297,768,159,682,0,0,531,0,2,-1,-3170,6,9272
2025/2/17,4:30,9446,791,3924,5432,30,374,771,159,679,0,0,529,0,2,-1,-3250,6,9446
2025/2/17,5:00,9779,787,4328,5571,31,376,804,159,678,0,0,521,0,2,-1,-3486,9,9779
2025/2/17,5:30,9971,789,4620,5639,31,382,820,159,674,0,0,508,0,2,1,-3664,10,9971
2025/2/17,6:00,10316,789,4690,5682,32,404,884,160,674,1,0,463,0,2,-1,-3476,12,10316
2025/2/17,6:30,10558,789,5110,5696,32,405,907,157,680,101,0,413,0,2,-2,-3750,18,10558
2025/2/17,7:00,10406,785,4992,5653,32,411,994,160,688,499,0,354,0,2,-2,-4190,28,10406
2025/2/17,7:30,10717,792,4956,5530,34,439,1008,160,724,1029,0,296,0,2,3,-4278,22,10717
2025/2/17,8:00,11057,787,5026,5492,37,450,1008,165,753,1711,0,262,0,2,-8,-4650,22,11057
2025/2/17,8:30,11401,791,4806,5323,37,453,1036,168,816,2466,0,232,0,2,-3,-4744,18,11401
2025/2/17,9:00,11380,787,4082,5167,37,456,999,174,897,3105,0,227,0,2,3,-4576,20,11380
2025/2/17,9:30,11488,787,4058,5013,39,447,996,173,921,3870,0,180,0,2,0,-5020,22,11488
2025/2/17,10:00,11195,789,3994,4742,39,361,962,173,874,4500,0,201,0,2,-1,-5464,23,11195
2025/2/17,10:30,11156,788,4078,4562,38,353,967,171,872,4525,0,221,0,2,-1,-5440,20,11156
2025/2/17,11:00,11099,788,4480,4461,37,350,965,171,867,4110,0,248,0,2,-1,-5396,17,11099
2025/2/17,11:30,11125,788,5204,4533,38,354,956,171,867,3232,0,271,0,2,-1,-5310,20,11125
2025/2/17,12:00,10830,790,5392,4654,37,356,888,170,850,2365,0,342,0,2,-3,-5030,17,10830
2025/2/17,12:30,10657,789,4562,5011,37,350,881,168,836,2191,0,363,0,2,-10,-4536,13,10657
2025/2/17,13:00,11159,791,4470,5280,38,353,906,170,840,1945,0,394,0,2,-36,-4016,22,11159
2025/2/17,13:30,11420,790,4206,5219,38,424,918,168,831,1848,0,806,0,2,-33,-3812,15,11420
2025/2/17,14:00,11443,792,4268,5283,37,365,980,170,821,1901,0,1054,0,2,-1,-4250,21,11443
2025/2/17,14:30,11509,786,4492,5481,38,450,988,168,823,1757,0,1261,0,2,-2,-4750,15,11509
2025/2/17,15:00,11566,789,4566,5868,39,451,987,167,770,1326,0,1355,0,2,-1,-4772,19,11566
2025/2/17,15:30,11849,789,5276,6044,39,451,995,161,727,793,0,1456,0,2,-1,-4900,17,11849
2025/2/17,16:00,11924,787,5242,6164,39,452,1154,161,687,393,0,1580,0,2,-1,-4758,22,11924
2025/2/17,16:30,12151,788,5438,6263,40,460,1170,157,656,116,0,1739,0,2,-1,-4690,13,12151
2025/2/17,17:00,12309,788,5318,6396,41,472,1179,160,664,5,0,1748,0,2,-1,-4488,25,12309
2025/2/17,17:30,12552,789,5744,6409,42,469,1193,158,658,0,0,1725,0,2,2,-4660,21,12552
2025/2/17,18:00,12543,786,6024,6393,43,466,1212,158,659,0,0,1733,0,2,33,-4992,26,12543
2025/2/17,18:30,12508,791,6070,6373,43,466,1212,158,655,0,0,1770,0,2,29,-5080,19,12508
2025/2/17,19:00,12291,789,6158,6219,42,456,1196,158,653,0,0,1759,0,2,-1,-5164,24,12291
2025/2/17,19:30,12198,787,6064,6259,41,454,1197,160,655,0,0,1737,0,2,-1,-5174,17,12198
2025/2/17,20:00,12108,787,6288,6221,40,456,1161,157,658,0,0,1693,0,2,-1,-5376,22,12108
2025/2/17,20:30,11896,787,6160,6088,39,450,1157,160,660,0,0,1667,0,2,-1,-5292,19,11896
2025/2/17,21:00,11746,788,5536,6048,38,457,1131,157,657,0,0,1758,0,2,-1,-4842,17,11746
2025/2/17,21:30,11324,790,5094,6017,36,449,1130,160,658,0,0,1767,0,2,0,-4792,13,11324
2025/2/17,22:00,11116,785,4892,5910,34,385,1107,156,659,0,0,1780,0,2,-2,-4614,22,11116
2025/2/17,22:30,10848,785,4728,5830,32,374,1102,160,660,0,0,1769,0,2,-2,-4610,18,10848
2025/2/17,23:00,10817,787,4958,5783,34,369,1085,157,662,0,0,1746,0,2,-1,-4778,13,10817
2025/2/17,23:30,10679,789,4794,5730,32,367,1080,160,659,0,0,1738,0,2,-1,-4680,9,10679
2025/2/18,0:00,10463,785,4800,5748,31,369,1036,158,661,0,0,1728,0,2,-1,-4862,8,10463
2025/2/18,0:30,10328,784,4572,5823,30,365,1037,160,661,0,0,1722,0,2,-1,-4834,7,10328
2025/2/18,1:00,10454,785,4748,5825,30,365,1034,157,652,0,0,1726,0,2,-1,-4876,7,10454
2025/2/18,1:30,10521,786,4934,5759,30,370,1040,160,656,0,0,1686,0,2,0,-4910,8,10521
2025/2/18,2:00,10650,789,4942,5768,31,366,1032,157,654,0,0,1729,0,2,-1,-4828,9,10650
2025/2/18,2:30,10762,785,4958,5780,32,367,1036,161,652,0,0,1718,0,2,-1,-4736,8,10762
2025/2/18,3:00,10818,786,5224,5775,32,365,1037,158,656,0,0,1717,0,2,0,-4942,8,10818
2025/2/18,3:30,10904,786,5514,5733,33,370,1042,161,660,0,0,1693,0,2,-1,-5096,7,10904
2025/2/18,4:00,10987,787,5716,5690,34,369,1038,160,658,0,0,1689,0,2,-1,-5162,7,10987
2025/2/18,4:30,11182,787,5968,5638,35,367,1050,158,659,0,0,1677,0,2,-1,-5166,8,11182
2025/2/18,5:00,11455,790,5962,5707,36,376,1053,162,658,0,0,1685,0,2,-1,-4986,11,11455
2025/2/18,5:30,11757,783,5966,5750,37,377,1064,159,658,0,0,1678,0,2,-1,-4728,12,11757
2025/2/18,6:00,12254,782,6312,5755,37,402,1106,162,660,1,0,1679,0,2,-1,-4656,13,12254
2025/2/18,6:30,12378,785,6176,5797,39,408,1115,160,654,70,0,1654,0,2,-1,-4504,23,12378
2025/2/18,7:00,12321,786,6076,5897,40,416,1145,162,664,303,0,1642,0,2,-1,-4840,29,12321
2025/2/18,7:30,12430,788,5740,5915,42,452,1159,164,703,664,0,1633,0,2,-1,-4854,23,12430
2025/2/18,8:00,12976,785,5782,5801,45,463,1168,169,763,1112,0,1643,0,2,-1,-4778,22,12976
2025/2/18,8:30,13216,785,5346,5738,46,461,1184,173,841,1559,0,1628,0,2,-1,-4564,18,13216
2025/2/18,9:00,13383,785,5596,5539,46,453,1105,176,878,2010,0,1616,0,2,-1,-4842,20,13383
2025/2/18,9:30,13327,785,5444,5351,45,455,1094,176,909,2467,0,1627,0,2,0,-5052,24,13327
2025/2/18,10:00,13125,787,5236,5387,45,445,1067,179,928,2831,0,1636,0,2,-1,-5440,23,13125
2025/2/18,10:30,13168,783,4886,5328,44,445,1067,177,932,3083,0,1618,0,2,-1,-5216,20,13168
2025/2/18,11:00,12994,785,4812,5156,44,447,1066,179,918,3289,0,1574,0,2,0,-5294,16,12994
2025/2/18,11:30,12827,785,4628,5060,44,414,1053,175,895,3489,0,1624,0,2,-16,-5346,20,12827
2025/2/18,12:00,12405,787,4510,5038,43,397,1019,175,881,3482,0,1607,0,2,-37,-5516,17,12405
2025/2/18,12:30,12270,783,4728,5051,43,351,1017,175,888,3423,0,1531,0,2,-29,-5706,13,12270
2025/2/18,13:00,12603,787,4946,5141,43,442,1026,174,884,3255,0,1518,0,2,-1,-5636,22,12603
2025/2/18,13:30,12638,785,5098,5380,43,447,1034,178,910,2865,0,1555,0,2,-1,-5672,14,12638
2025/2/18,14:00,12549,785,4734,5919,43,449,1029,178,879,2390,0,1551,0,2,-1,-5430,21,12549
2025/2/18,14:30,12644,785,5216,5967,44,448,1023,172,816,2051,0,1480,0,2,7,-5382,15,12644
2025/2/18,15:00,12833,785,5398,6064,43,450,1014,171,766,1484,0,1506,0,2,-1,-4870,21,12833
2025/2/18,15:30,12972,787,5758,6224,44,445,1037,169,721,951,0,1394,0,2,-1,-4576,17,12972
2025/2/18,16:00,12855,785,5366,6262,45,448,1172,165,693,414,0,1363,0,2,-1,-3880,21,12855
2025/2/18,16:30,13245,788,6400,6446,45,454,1178,164,677,121,0,1344,0,2,0,-4388,14,13245
2025/2/18,17:00,13273,785,6304,6508,45,464,1179,165,680,6,0,1307,0,139,-1,-4332,24,13273
2025/2/18,17:30,13623,785,6864,6490,46,470,1185,165,685,0,0,1175,0,225,-1,-4488,22,13623
2025/2/18,18:00,13542,787,6640,6482,47,470,1188,165,684,0,0,1189,0,231,-1,-4368,28,13542
2025/2/18,18:30,13417,785,6614,6478,46,466,1191,163,687,0,0,1219,0,148,14,-4416,22,13417
2025/2/18,19:00,13270,787,6524,6492,45,470,1168,164,687,0,0,1173,0,143,33,-4442,26,13270
2025/2/18,19:30,12950,785,6130,6476,44,470,1195,166,687,0,0,1207,0,2,16,-4246,18,12950
2025/2/18,20:00,12801,783,6220,6490,44,474,1145,164,679,0,0,1262,0,2,-1,-4484,23,12801
2025/2/18,20:30,12576,784,6170,6535,43,466,1133,163,672,0,0,1280,0,2,-1,-4690,19,12576
2025/2/18,21:00,12338,785,5886,6525,41,473,1091,163,676,0,0,1243,0,2,-2,-4562,17,12338
2025/2/18,21:30,11986,786,5522,6519,39,459,1087,164,667,0,0,1239,0,2,-1,-4510,13,11986
2025/2/18,22:00,11590,784,5610,6517,37,385,1072,165,669,0,0,1159,0,2,-1,-4830,21,11590
2025/2/18,22:30,11227,787,5154,6466,35,376,1060,163,667,0,0,1305,0,2,-1,-4806,19,11227
2025/2/18,23:00,11297,782,5176,6282,36,368,1050,163,668,0,0,1210,0,2,0,-4452,12,11297
2025/2/18,23:30,11028,787,4680,6275,34,370,1044,163,675,0,0,1197,0,2,-1,-4208,10,11028
2025/2/19,0:00,10922,785,5262,6150,34,370,990,163,668,0,0,1205,0,2,-1,-4714,8,10922
2025/2/19,0:30,10815,783,5320,6058,32,367,990,165,666,0,0,1212,0,2,-1,-4786,7,10815
2025/2/19,1:00,10922,785,5204,5972,33,369,988,163,671,0,0,1147,0,2,-1,-4418,7,10922
2025/2/19,1:30,10925,785,5164,5981,33,362,981,162,669,0,0,1234,0,2,-1,-4456,9,10925
2025/2/19,2:00,11080,786,5646,6014,34,367,983,164,670,0,0,1168,0,2,-1,-4762,9,11080
2025/2/19,2:30,11122,783,5578,5978,35,369,986,163,665,0,0,1250,0,2,-1,-4694,8,11122
2025/2/19,3:00,11248,785,5552,5984,35,372,980,164,663,0,0,1259,0,2,0,-4556,8,11248
2025/2/19,3:30,11191,785,5300,5987,36,377,978,163,661,0,0,1285,0,2,0,-4390,7,11191
2025/2/19,4:00,11372,785,5554,5976,36,378,978,162,657,0,0,1293,0,2,-2,-4454,7,11372
2025/2/19,4:30,11533,783,5900,5978,37,378,973,163,657,0,0,1166,0,2,0,-4512,8,11533
2025/2/19,5:00,11849,787,5840,5970,38,379,981,164,657,0,0,1175,0,2,-1,-4154,11,11849
2025/2/19,5:30,12114,779,5840,5988,39,386,1009,163,659,0,0,1090,0,2,-1,-3852,12,12114
2025/2/19,6:00,12412,789,5512,5978,40,417,1059,162,663,1,0,1096,0,201,-1,-3518,13,12412
2025/2/19,6:30,12879,783,6646,5969,41,422,1066,164,668,56,0,1070,0,229,-1,-4258,24,12879
2025/2/19,7:00,12484,783,5982,5997,42,431,1122,164,688,232,0,1086,0,227,-1,-4298,29,12484
2025/2/19,7:30,12657,781,5848,6019,43,466,1131,167,732,491,0,1081,0,229,-1,-4354,24,12657
2025/2/19,8:00,13094,787,5748,5957,44,485,1125,169,772,878,0,1082,0,229,-1,-4202,21,13094
2025/2/19,8:30,13302,790,5350,5723,45,473,1137,173,837,1433,0,928,0,229,0,-3840,24,13302
2025/2/19,9:00,13388,779,5614,5400,45,471,1083,183,953,2084,0,956,0,225,-1,-4428,24,13388
2025/2/19,9:30,13329,787,5768,5131,44,469,1073,183,990,2680,0,1031,0,3,-1,-4852,23,13329
2025/2/19,10:00,12887,782,5612,4799,44,472,986,184,1010,3221,0,937,0,2,-1,-5184,23,12887
2025/2/19,10:30,12919,785,5648,4768,42,467,978,186,993,3675,0,951,0,2,-1,-5596,21,12919
2025/2/19,11:00,12609,782,5312,4795,42,470,967,182,977,3984,0,953,0,0,0,-5878,23,12609
2025/2/19,11:30,12408,787,4810,4938,41,466,975,182,983,4202,0,985,0,-208,-4,-5768,19,12408
2025/2/19,12:00,11848,783,4322,4742,40,453,954,185,983,4393,0,1002,0,-222,-48,-5756,17,11848
2025/2/19,12:30,11689,783,4204,4862,40,464,944,181,970,4439,0,1029,0,-222,-48,-5970,13,11689
2025/2/19,13:00,12061,789,4398,5003,39,471,947,183,958,4405,0,1144,0,-222,-15,-6056,17,12061
2025/2/19,13:30,12020,785,4294,5053,39,468,946,182,985,4099,0,1244,0,2,-1,-6094,18,12020
2025/2/19,14:00,12027,787,4412,5293,39,468,943,178,948,3766,0,1287,0,2,-1,-6116,21,12027
2025/2/19,14:30,11960,781,4712,5525,39,466,948,180,923,3143,0,1320,0,2,-1,-6094,16,11960
2025/2/19,15:00,11979,789,5012,5829,40,464,963,174,865,2397,0,1332,0,2,-1,-5906,19,11979
2025/2/19,15:30,12216,783,5748,6043,40,455,988,169,790,1691,0,1293,0,2,0,-5804,18,12216
2025/2/19,16:00,12166,787,5770,6083,41,458,1160,165,719,852,0,1235,0,2,-1,-5126,21,12166
2025/2/19,16:30,12411,783,6220,6430,43,462,1176,162,678,253,0,1150,0,137,-1,-5094,12,12411
2025/2/19,17:00,12735,789,6326,6491,43,468,1186,164,683,16,0,1015,0,143,0,-4612,23,12735
2025/2/19,17:30,12921,783,6484,6533,45,473,1188,162,672,0,0,1025,0,143,-1,-4608,22,12921
2025/2/19,18:00,12922,787,6444,6529,45,474,1195,162,679,0,0,991,0,143,-2,-4546,21,12922
2025/2/19,18:30,12930,785,6404,6528,45,475,1199,164,671,0,0,1035,0,143,2,-4542,21,12930
2025/2/19,19:00,12729,783,6210,6539,44,471,1183,163,683,0,0,1057,0,143,34,-4604,23,12729
2025/2/19,19:30,12587,789,6270,6531,44,473,1172,162,674,0,0,1038,0,143,28,-4754,17,12587
2025/2/19,20:00,12427,787,6342,6545,43,474,1130,164,683,0,0,1005,0,143,-1,-4908,20,12427
2025/2/19,20:30,12257,785,6314,6531,42,466,1128,164,689,0,0,1190,0,2,-1,-5074,21,12257
2025/2/19,21:00,12115,786,6582,6536,40,465,1092,163,690,0,0,1107,0,2,-1,-5370,23,12115
2025/2/19,21:30,11595,790,5952,6534,38,463,1085,164,688,0,0,1031,0,2,-2,-5160,10,11595
2025/2/19,22:00,11344,784,5594,6526,36,391,1051,162,688,0,0,1123,0,2,-1,-5032,20,11344
2025/2/19,22:30,10944,787,5034,6519,34,381,1046,163,685,0,0,1109,0,2,-1,-4832,17,10944
2025/2/19,23:00,11072,784,5144,6541,35,381,1041,165,687,0,0,1070,0,2,-1,-4796,19,11072
2025/2/19,23:30,10825,788,4564,6530,34,378,1035,163,684,0,0,1083,0,2,-1,-4452,17,10825
2025/2/20,0:00,10684,785,5190,6423,32,378,987,162,678,0,0,1085,0,2,-1,-5050,13,10684
2025/2/20,0:30,10465,784,4932,6325,32,377,988,163,672,0,0,1002,0,2,-1,-4818,7,10465
2025/2/20,1:00,10518,788,4848,6145,32,385,984,165,677,0,0,1138,0,2,-1,-4652,7,10518
2025/2/20,1:30,10660,787,5174,6090,32,379,987,162,688,0,0,1086,0,2,-1,-4734,8,10660
2025/2/20,2:00,10747,788,5180,6080,33,380,988,164,689,0,0,1117,0,2,-1,-4682,9,10747
2025/2/20,2:30,10867,784,5492,5995,34,387,987,165,687,0,0,1039,0,2,-1,-4712,8,10867
2025/2/20,3:00,10963,786,5684,5997,34,381,989,163,684,0,0,1043,0,2,0,-4808,8,10963
2025/2/20,3:30,10928,782,5642,5984,34,381,999,162,686,0,0,994,0,2,-1,-4744,7,10928
2025/2/20,4:00,11112,791,5842,5991,35,381,1007,165,681,0,0,1030,0,2,0,-4820,7,11112
2025/2/20,4:30,11164,787,5672,5994,36,384,1029,162,679,0,0,1129,0,2,-1,-4716,7,11164
2025/2/20,5:00,11581,785,6134,5988,37,381,1054,163,679,0,0,1043,0,2,0,-4696,11,11581
2025/2/20,5:30,11807,785,6128,5982,37,387,1062,163,676,0,0,1022,0,2,-1,-4448,12,11807
2025/2/20,6:00,12329,788,6242,5989,39,419,1095,164,675,5,0,1036,0,135,-1,-4270,13,12329
2025/2/20,6:30,12465,786,6260,5989,41,431,1104,162,672,173,0,905,0,143,-1,-4224,24,12465
2025/2/20,7:00,12260,782,6038,5979,41,435,1144,163,691,653,0,903,0,141,-1,-4738,29,12260
2025/2/20,7:30,12388,786,5808,5860,42,470,1167,169,757,1370,0,841,0,143,-1,-5048,24,12388
2025/2/20,8:00,12660,785,5234,5676,44,471,1186,171,823,2163,0,907,0,2,-1,-4824,23,12660
2025/2/20,8:30,13198,787,5060,5647,46,468,1208,177,907,2904,0,851,0,2,-1,-4876,18,13198
2025/2/20,9:00,13214,783,5122,5564,45,470,1161,180,924,3592,0,927,0,2,0,-5576,20,13214
2025/2/20,9:30,13177,787,5054,5125,45,460,1135,180,942,4032,0,940,0,2,-1,-5548,24,13177
2025/2/20,10:00,12828,778,4598,5070,45,463,1053,178,931,4179,0,871,0,2,-2,-5360,22,12828
2025/2/20,10:30,12710,792,4584,5069,45,458,1063,183,999,3993,0,833,0,2,-1,-5330,20,12710
2025/2/20,11:00,12582,792,4646,4939,45,459,1057,184,987,3931,0,807,0,2,-1,-5282,16,12582
2025/2/20,11:30,12566,786,5152,4949,45,451,1054,181,978,3652,0,829,0,2,-5,-5528,20,12566
2025/2/20,12:00,12065,787,4696,4965,43,433,1019,180,967,3355,0,806,0,2,-37,-5168,17,12065
2025/2/20,12:30,11818,785,4314,4996,42,432,1011,180,929,3150,0,833,0,2,-36,-4832,12,11818
2025/2/20,13:00,12333,785,4260,5237,42,456,1003,177,923,2911,0,726,0,2,-4,-4206,21,12333
2025/2/20,13:30,12389,785,4284,5319,39,462,1014,178,947,2573,0,688,0,2,-2,-3914,14,12389
2025/2/20,14:00,12213,787,4424,5368,40,459,1012,176,919,2072,0,718,0,2,-1,-3784,21,12213
2025/2/20,14:30,12166,787,4526,5426,39,458,1024,179,904,1770,0,703,0,2,-1,-3666,15,12166
2025/2/20,15:00,12301,791,4732,5510,41,457,1017,174,876,1445,0,756,0,2,-1,-3518,19,12301
2025/2/20,15:30,12405,784,5176,5790,41,457,1022,167,777,1080,0,731,0,2,-1,-3638,17,12405
2025/2/20,16:00,12292,785,5420,5990,42,465,1193,164,714,536,0,721,0,2,-1,-3760,21,12292
2025/2/20,16:30,12629,784,6304,6125,43,460,1194,162,684,174,0,825,0,2,0,-4142,14,12629
2025/2/20,17:00,12730,789,6254,6198,45,463,1204,162,685,13,0,849,0,2,-1,-3958,25,12730
2025/2/20,17:30,12977,785,6448,6420,45,477,1201,161,691,0,0,835,0,139,4,-4250,21,12977
2025/2/20,18:00,12992,787,6446,6531,46,476,1193,160,695,0,0,825,0,143,33,-4370,27,12992
2025/2/20,18:30,12962,786,6572,6501,45,475,1196,162,694,0,0,855,0,145,29,-4518,20,12962
2025/2/20,19:00,12748,785,6702,6531,44,473,1169,159,694,0,0,848,0,143,-1,-4822,23,12748
2025/2/20,19:30,12682,789,6844,6524,43,478,1167,160,690,0,0,818,0,3,-1,-4850,17,12682
2025/2/20,20:00,12389,783,6884,6530,42,485,1090,159,687,0,0,791,0,2,-1,-5086,23,12389
2025/2/20,20:30,12243,787,6806,6521,42,480,1071,158,688,0,0,752,0,2,-2,-5086,24,12243
2025/2/20,21:00,11879,783,6270,6522,40,468,1060,160,684,0,0,760,0,2,-1,-4888,19,11879
2025/2/20,21:30,11568,787,6102,6535,38,466,1060,157,684,0,0,788,0,2,-1,-5062,12,11568
2025/2/20,22:00,11249,787,5856,6521,36,403,1026,157,681,0,0,750,0,2,-1,-4990,21,11249
2025/2/20,22:30,10826,789,5442,6503,34,385,1027,158,689,0,0,757,0,2,-1,-4976,17,10826
2025/2/20,23:00,10997,786,5392,6473,35,383,1003,157,684,0,0,749,0,2,0,-4680,13,10997
2025/2/20,23:30,10652,785,4826,6452,33,381,997,159,686,0,0,814,0,2,0,-4492,9,10652
2025/2/21,0:00,10536,785,5036,6313,32,383,983,158,686,0,0,849,0,2,-1,-4698,8,10536
2025/2/21,0:30,10402,785,5048,6195,32,389,986,157,684,0,0,836,0,2,-1,-4718,7,10402
2025/2/21,1:00,10509,789,5164,5933,31,385,983,158,680,0,0,841,0,2,0,-4464,7,10509
2025/2/21,1:30,10530,783,5442,5824,32,385,983,157,670,0,0,781,0,2,0,-4538,9,10530
2025/2/21,2:00,10618,785,5632,5777,32,388,976,157,670,0,0,742,0,2,-2,-4550,9,10618
2025/2/21,2:30,10799,784,5974,5712,33,386,978,159,670,0,0,760,0,2,-1,-4666,8,10799
2025/2/21,3:00,10881,790,6080,5693,34,386,981,157,672,0,0,791,0,2,-1,-4712,8,10881
2025/2/21,3:30,10827,785,5924,5673,34,381,970,157,672,0,0,845,0,2,-1,-4622,7,10827
2025/2/21,4:00,10943,785,5950,5698,35,386,976,158,671,0,0,833,0,2,0,-4558,7,10943
2025/2/21,4:30,11058,787,6096,5695,35,388,994,157,669,0,0,783,0,2,0,-4556,8,11058
2025/2/21,5:00,11418,785,6292,5689,37,389,1019,157,668,0,0,717,0,2,0,-4348,11,11418
2025/2/21,5:30,11720,785,6406,5677,37,390,1033,158,670,0,0,689,0,2,-1,-4138,12,11720
2025/2/21,6:00,12088,787,6582,5781,39,418,1075,159,673,6,0,626,0,137,0,-4208,13,12088
2025/2/21,6:30,12356,783,6612,5895,40,419,1078,157,670,168,0,579,0,143,0,-4212,24,12356
2025/2/21,7:00,12138,786,6652,5888,40,423,1102,159,696,611,0,534,0,143,-2,-4924,30,12138
2025/2/21,7:30,12203,786,6124,5714,40,450,1114,162,755,1284,0,550,0,144,-2,-4942,24,12203
2025/2/21,8:00,12466,783,5834,5650,42,468,1066,170,878,2039,0,502,0,2,-1,-4988,21,12466
2025/2/21,8:30,12763,790,5210,5396,43,468,1073,173,915,2929,0,442,0,2,0,-4702,24,12763
2025/2/21,9:00,12870,783,5404,5225,44,467,1023,174,940,3507,0,391,0,2,-1,-5110,21,12870
2025/2/21,9:30,12795,787,5556,5138,44,468,1007,180,974,3709,0,398,0,2,-1,-5492,25,12795
2025/2/21,10:00,12473,786,5386,5119,43,464,984,178,1013,3647,0,419,0,2,-2,-5590,24,12473
2025/2/21,10:30,12320,787,5164,5129,42,378,960,178,985,3775,0,530,0,2,-1,-5632,23,12320
2025/2/21,11:00,12192,789,5080,5079,42,435,951,177,966,3686,0,590,0,2,-1,-5622,18,12192
2025/2/21,11:30,12130,787,4894,5130,42,435,957,177,973,3750,0,620,0,2,-5,-5656,24,12130
2025/2/21,12:00,11664,785,4726,4953,39,433,933,174,936,3887,0,687,0,2,-37,-5872,18,11664
2025/2/21,12:30,11546,783,4652,5130,40,432,936,174,942,3771,0,706,0,2,-37,-6002,17,11546
2025/2/21,13:00,11779,787,4588,5223,38,436,929,179,975,3410,0,645,0,2,-4,-5450,21,11779
2025/2/21,13:30,11915,787,4870,5522,39,433,927,174,950,3053,0,599,0,2,-1,-5458,18,11915
2025/2/21,14:00,11717,791,4470,5521,39,434,920,172,902,2834,0,647,0,2,2,-5038,21,11717
2025/2/21,14:30,11789,784,4688,5554,40,452,923,169,882,2459,0,733,0,2,-1,-4920,24,11789
2025/2/21,15:00,11874,785,4912,5700,41,462,984,168,814,2146,0,772,0,2,6,-4938,20,11874
2025/2/21,15:30,11899,790,5196,6062,41,464,1013,161,755,1494,0,825,0,2,-6,-4916,18,11899
2025/2/21,16:00,11965,785,5222,6190,42,467,1142,159,706,811,0,845,0,137,-1,-4564,24,11965
2025/2/21,16:30,12155,791,5814,6335,44,470,1146,158,689,280,0,819,0,143,-1,-4554,21,12155
2025/2/21,17:00,12534,785,5970,6398,43,473,1137,160,699,26,0,723,0,141,-4,-4044,27,12534
2025/2/21,17:30,12633,787,6094,6384,44,476,1136,158,692,0,0,715,0,143,-2,-4016,22,12633
2025/2/21,18:00,12662,785,6418,6356,44,481,1132,156,689,0,0,612,0,143,-6,-4178,30,12662
2025/2/21,18:30,12486,787,6218,6352,44,483,1132,158,673,0,0,539,0,142,-5,-4060,23,12486
2025/2/21,19:00,12228,785,6088,6425,44,479,1081,157,680,0,0,510,0,2,34,-4080,23,12228
2025/2/21,19:30,12159,789,6376,6475,42,480,1074,157,681,0,0,615,0,2,29,-4580,19,12159
2025/2/21,20:00,11904,789,5978,6438,41,481,996,156,688,0,0,540,0,2,-1,-4224,20,11904
2025/2/21,20:30,11819,785,6208,6374,41,482,957,159,680,0,0,677,0,2,-1,-4570,25,11819
2025/2/21,21:00,11646,787,6198,6293,39,478,864,156,681,0,0,643,0,2,-1,-4516,22,11646
2025/2/21,21:30,11239,785,5720,6247,38,470,835,157,683,0,0,667,0,2,-2,-4376,13,11239
2025/2/21,22:00,10976,789,5886,6240,35,399,764,157,688,0,0,715,0,2,-1,-4718,20,10976
2025/2/21,22:30,10721,785,6070,6084,34,383,754,159,687,0,0,668,0,2,-1,-4924,20,10721
2025/2/21,23:00,10732,790,5872,5970,34,391,745,157,687,0,0,736,0,2,-1,-4664,13,10732
2025/2/21,23:30,10602,783,5738,5837,34,387,721,157,689,0,0,800,0,2,-2,-4554,10,10602
2025/2/22,0:00,10370,791,6136,5796,32,385,631,157,683,0,0,813,0,2,0,-5064,8,10370
2025/2/22,0:30,10244,788,5882,5720,32,381,623,160,688,0,0,916,0,2,-1,-4954,7,10244
2025/2/22,1:00,10328,787,5806,5710,31,380,622,157,685,0,0,892,0,2,-1,-4750,7,10328
2025/2/22,1:30,10357,787,6012,5666,32,385,620,157,684,0,0,831,0,2,-2,-4826,9,10357
2025/2/22,2:00,10487,785,6030,5690,32,386,616,159,701,0,0,815,0,2,0,-4738,9,10487
2025/2/22,2:30,10501,785,6052,5696,33,384,620,157,699,0,0,837,0,2,-1,-4772,9,10501
2025/2/22,3:00,10595,785,5970,5678,33,390,611,156,696,0,0,835,0,2,-1,-4568,8,10595
2025/2/22,3:30,10594,785,5938,5712,34,388,608,156,698,0,0,761,0,2,-12,-4484,8,10594
2025/2/22,4:00,10707,791,5918,5722,34,385,607,160,692,0,0,820,0,2,-1,-4430,7,10707
2025/2/22,4:30,10716,785,6078,5726,35,385,607,156,694,0,0,734,0,2,-10,-4484,8,10716
2025/2/22,5:00,10838,785,6256,5682,35,386,602,156,691,0,0,667,0,2,-1,-4434,11,10838
2025/2/22,5:30,11006,787,6482,5721,36,385,621,156,688,0,0,523,0,2,2,-4410,13,11006
2025/2/22,6:00,11128,787,6328,5909,36,413,715,159,690,7,0,466,0,2,1,-4400,15,11128
2025/2/22,6:30,11218,783,6146,5968,37,416,720,155,687,185,0,422,0,137,-6,-4456,24,11218
2025/2/22,7:00,11023,785,6148,5680,37,431,713,156,690,664,0,412,0,221,3,-4948,31,11023
2025/2/22,7:30,11126,787,6444,5114,38,459,717,157,709,1358,0,383,0,3,-7,-5062,26,11126
2025/2/22,8:00,11186,787,6474,5064,40,470,727,162,746,2113,0,316,0,2,0,-5738,23,11186
2025/2/22,8:30,11378,785,5672,5139,41,473,744,163,787,2761,0,387,0,2,1,-5600,23,11378
2025/2/22,9:00,11447,787,5250,5146,41,469,755,169,886,3056,0,427,0,2,-2,-5564,25,11447
2025/2/22,9:30,11345,785,4644,5005,42,469,752,168,873,3470,0,489,0,2,-1,-5382,29,11345
2025/2/22,10:00,11290,789,4642,5158,40,375,644,169,851,3650,0,507,0,2,-4,-5558,25,11290
2025/2/22,10:30,11217,787,4606,5095,39,367,634,168,877,3787,0,498,0,2,2,-5668,23,11217
2025/2/22,11:00,11021,787,4730,5190,38,367,638,172,896,3677,0,426,0,2,-5,-5922,25,11021
2025/2/22,11:30,10843,785,4456,5412,37,368,636,174,904,3527,0,432,0,2,1,-5910,19,10843
2025/2/22,12:00,10533,787,3720,5621,37,366,614,176,930,3718,0,535,0,2,-37,-5960,24,10533
2025/2/22,12:30,10280,787,3356,5436,36,366,622,178,968,3782,0,676,0,2,-37,-5914,22,10280
2025/2/22,13:00,10322,785,3414,5456,36,370,616,177,973,3808,0,590,0,2,-12,-5916,23,10322
2025/2/22,13:30,10278,789,3358,5273,36,382,619,177,966,3870,0,656,0,2,5,-5876,21,10278
2025/2/22,14:00,10170,785,3402,5510,34,366,619,175,931,3453,0,778,0,2,-3,-5904,22,10170
2025/2/22,14:30,10132,791,3844,5579,35,366,621,176,901,2750,0,882,0,2,-5,-5834,24,10132
2025/2/22,15:00,10248,785,4378,5607,35,366,619,170,846,2088,0,836,0,2,2,-5512,26,10248
2025/2/22,15:30,10284,787,4692,5505,36,379,647,165,784,1427,0,959,0,2,-4,-5124,29,10284
2025/2/22,16:00,10389,789,5046,5644,37,461,721,163,728,694,0,923,0,2,-2,-4842,25,10389
2025/2/22,16:30,10811,785,5728,5834,39,465,729,161,694,256,0,881,0,2,-3,-4788,28,10811
2025/2/22,17:00,11275,789,6626,5895,40,475,757,160,709,28,0,828,0,2,3,-5068,31,11275
2025/2/22,17:30,11550,782,6536,5937,42,476,759,160,705,0,0,839,0,135,30,-4876,25,11550
2025/2/22,18:00,11750,793,6680,5977,42,477,762,161,705,0,0,858,0,143,28,-4906,30,11750
2025/2/22,18:30,11651,785,6508,5968,42,475,755,160,711,0,0,842,0,143,-2,-4758,22,11651
2025/2/22,19:00,11536,789,6246,5977,41,478,766,162,711,0,0,853,0,143,-1,-4654,25,11536
2025/2/22,19:30,11485,781,6416,5975,40,477,764,161,708,0,0,936,0,143,-2,-4934,20,11485
2025/2/22,20:00,11352,791,6374,5980,40,476,694,159,711,0,0,933,0,143,-1,-4970,22,11352
2025/2/22,20:30,11098,787,6390,5981,39,479,663,161,711,0,0,900,0,2,-1,-5034,20,11098
2025/2/22,21:00,10946,785,6200,5979,38,476,632,160,709,0,0,958,0,2,-1,-5012,20,10946
2025/2/22,21:30,10599,787,6064,5985,36,471,639,160,703,0,0,995,0,2,-1,-5256,14,10599
2025/2/22,22:00,10418,787,5964,5990,34,407,630,162,704,0,0,954,0,2,-1,-5236,21,10418
2025/2/22,22:30,10163,789,5810,5991,33,388,628,160,709,0,0,940,0,2,-1,-5306,20,10163
2025/2/22,23:00,10278,784,5862,5963,34,387,599,160,707,0,0,932,0,2,-1,-5164,13,10278
2025/2/22,23:30,10066,790,5498,5972,33,389,597,160,706,0,0,1021,0,2,-1,-5112,11,10066
2025/2/23,0:00,9844,783,5206,5964,31,397,601,160,696,0,0,1036,0,2,-1,-5040,9,9844
2025/2/23,0:30,9740,785,4890,5959,31,393,599,159,699,0,0,1027,0,2,-2,-4810,8,9740
2025/2/23,1:00,9910,787,5132,5972,30,393,602,160,700,0,0,986,0,2,-1,-4862,9,9910
2025/2/23,1:30,10066,785,5312,5957,31,391,603,158,696,0,0,970,0,2,-1,-4848,10,10066
2025/2/23,2:00,10062,789,5266,5962,32,395,604,159,696,0,0,944,0,2,-1,-4796,10,10062
2025/2/23,2:30,10156,787,5356,5958,33,392,603,158,693,0,0,875,0,2,0,-4710,9,10156
2025/2/23,3:00,10289,787,5386,5967,33,394,600,160,690,0,0,846,0,2,-1,-4584,9,10289
2025/2/23,3:30,10289,788,5378,5965,33,397,597,158,691,0,0,818,0,2,-1,-4546,9,10289
2025/2/23,4:00,10347,787,5548,5969,34,396,599,160,689,0,0,685,0,2,-2,-4528,8,10347
2025/2/23,4:30,10350,783,5508,5957,35,398,598,157,687,0,0,673,0,2,-1,-4456,9,10350
2025/2/23,5:00,10446,788,5592,5965,35,398,581,160,692,0,0,706,0,2,-1,-4484,12,10446
2025/2/23,5:30,10421,789,5460,5953,34,399,596,158,689,0,0,697,0,2,-1,-4368,13,10421
2025/2/23,6:00,10510,787,5524,5964,34,413,666,159,687,4,0,659,0,2,-1,-4402,14,10510
2025/2/23,6:30,10551,785,5594,5956,35,411,675,157,685,151,0,651,0,2,-2,-4572,23,10551
2025/2/23,7:00,10345,781,5460,5837,35,413,671,160,708,563,0,779,0,2,-1,-5092,29,10345
2025/2/23,7:30,10382,790,5008,5471,36,408,687,163,774,1158,0,772,0,2,-5,-4910,28,10382
2025/2/23,8:00,10319,787,5080,5342,38,398,693,168,817,1976,0,752,0,2,-3,-5754,23,10319
2025/2/23,8:30,10409,787,4794,5030,39,398,701,170,885,2596,0,770,0,2,0,-5788,25,10409
2025/2/23,9:00,10513,787,4270,4821,39,319,684,173,893,3210,0,826,0,2,1,-5538,26,10513
2025/2/23,9:30,10161,788,3480,4464,39,309,685,170,893,3648,0,800,0,2,-3,-5140,26,10161
2025/2/23,10:00,10225,791,3340,4202,38,309,643,173,912,3729,0,864,0,0,2,-4804,26,10225
2025/2/23,10:30,9942,785,3208,3920,38,305,631,172,907,3765,0,928,0,-210,-2,-4528,23,9942
2025/2/23,11:00,9949,791,3290,3571,37,280,631,174,917,3832,0,875,0,-226,3,-4248,22,9949
2025/2/23,11:30,9827,788,3406,3288,38,265,627,170,892,3937,0,807,0,-222,-10,-4182,23,9827
2025/2/23,12:00,9813,788,2460,3173,37,268,619,172,873,3993,0,935,0,-224,-51,-3252,22,9813
2025/2/23,12:30,9705,785,2596,3228,36,268,632,172,908,3638,0,954,0,-224,-46,-3260,18,9705
2025/2/23,13:00,9623,789,2670,3348,36,263,628,172,925,3534,0,769,0,-224,-11,-3298,22,9623
2025/2/23,13:30,9580,788,2830,3472,35,269,626,175,923,3292,0,767,0,-224,4,-3396,19,9580
2025/2/23,14:00,9426,787,3128,3747,33,292,603,167,819,3137,0,979,0,-224,-2,-4064,24,9426
2025/2/23,14:30,9625,790,3740,4359,34,296,609,170,834,2535,0,860,0,2,-8,-4626,30,9625
2025/2/23,15:00,9463,789,3764,4759,35,296,616,166,796,2033,0,883,0,2,-2,-4694,20,9463
2025/2/23,15:30,9875,786,4600,5006,35,302,645,164,743,1350,0,855,0,2,9,-4644,22,9875
2025/2/23,16:00,9809,787,4878,5192,36,309,716,158,686,769,0,661,0,2,-6,-4400,21,9809
2025/2/23,16:30,10247,791,5294,5497,38,399,710,160,669,277,0,731,0,2,-2,-4344,25,10247
2025/2/23,17:00,10850,785,6072,5687,39,406,776,157,673,27,0,754,0,2,4,-4558,26,10850
2025/2/23,17:30,11238,786,6210,5844,41,414,774,160,678,0,0,730,0,2,28,-4454,25,11238
2025/2/23,18:00,11428,788,6414,5756,41,411,785,157,677,0,0,773,0,2,18,-4424,30,11428
2025/2/23,18:30,11435,790,6398,5718,41,418,805,160,677,0,0,769,0,2,-1,-4366,24,11435
2025/2/23,19:00,11322,787,6182,5818,41,417,811,157,682,0,0,653,0,135,3,-4388,24,11322
2025/2/23,19:30,11351,785,6300,5808,40,414,807,160,680,0,0,620,0,143,0,-4430,24,11351
2025/2/23,20:00,11133,787,6198,5799,39,420,720,157,675,0,0,518,0,2,-2,-4202,22,11133
2025/2/23,20:30,11003,787,5942,5800,37,419,694,159,674,0,0,538,0,2,-1,-4068,20,11003
2025/2/23,21:00,10828,787,6282,5825,37,419,669,157,677,0,0,465,0,2,-1,-4510,19,10828
2025/2/23,21:30,10589,790,6158,5842,35,396,664,159,678,0,0,411,0,2,-1,-4558,13,10589
2025/2/23,22:00,10293,783,5804,5863,34,375,655,158,674,0,0,355,0,2,-1,-4430,21,10293
2025/2/23,22:30,10091,787,5742,5860,32,373,666,159,679,0,0,411,0,2,-1,-4636,17,10091
2025/2/23,23:00,10246,785,5746,5855,33,374,637,158,670,0,0,344,0,2,-1,-4370,13,10246
2025/2/23,23:30,9975,789,5232,5843,32,377,628,157,670,0,0,299,0,2,-2,-4062,10,9975
2025/2/24,0:00,9933,787,4962,5869,31,374,584,159,667,0,0,302,0,2,0,-3812,8,9933
2025/2/24,0:30,9801,787,4806,5856,30,375,591,156,667,0,0,331,0,2,-2,-3806,8,9801
2025/2/24,1:00,9970,785,5070,5858,30,376,584,160,666,0,0,288,0,2,-1,-3856,8,9970
2025/2/24,1:30,10033,787,5104,5877,30,375,583,157,667,0,0,303,0,2,-1,-3860,9,10033
2025/2/24,2:00,10189,789,5118,5872,31,372,579,159,666,0,0,293,0,2,-1,-3700,9,10189
2025/2/24,2:30,10309,783,5204,5871,32,372,585,157,669,0,0,286,0,2,-1,-3660,9,10309
2025/2/24,3:00,10354,787,4978,5879,32,376,594,159,665,0,0,295,0,2,-2,-3420,9,10354
2025/2/24,3:30,10471,785,5200,5864,33,372,589,157,664,0,0,331,0,2,-1,-3534,9,10471
2025/2/24,4:00,10473,787,5210,5865,33,373,588,159,665,0,0,298,0,2,-1,-3514,8,10473
2025/2/24,4:30,10626,788,5416,5865,34,373,597,158,672,0,0,285,0,2,-1,-3572,9,10626
2025/2/24,5:00,10720,785,5492,5861,34,378,599,159,677,0,0,286,0,2,-2,-3562,11,10720
2025/2/24,5:30,10878,787,5618,5862,34,375,611,157,677,0,0,278,0,2,-1,-3534,12,10878
2025/2/24,6:00,11041,788,6036,5854,35,392,666,157,684,8,0,280,0,2,-1,-3874,14,11041
2025/2/24,6:30,11095,785,5908,5865,36,398,666,158,680,212,0,269,0,2,-1,-3904,21,11095
2025/2/24,7:00,10827,789,5494,5783,36,397,661,157,698,707,0,240,0,2,-2,-4164,29,10827
2025/2/24,7:30,11102,785,5438,5625,36,398,669,162,733,1330,0,245,0,2,-2,-4344,25,11102
2025/2/24,8:00,11121,783,5372,5606,38,396,664,164,802,2006,0,215,0,2,-3,-4948,24,11121
2025/2/24,8:30,11222,787,4860,5329,39,402,666,170,849,2649,0,214,0,2,2,-4770,23,11222
2025/2/24,9:00,11298,787,4356,5145,39,314,646,168,862,3312,0,201,0,2,-1,-4560,27,11298
2025/2/24,9:30,11261,788,4382,5150,39,301,637,168,840,3885,0,200,0,1,-6,-5150,26,11261
2025/2/24,10:00,10956,787,3572,5031,38,298,620,169,880,3982,0,217,0,1,-1,-4664,26,10956
2025/2/24,10:30,10829,786,3630,4979,38,300,624,173,917,3821,0,227,0,1,-2,-4688,23,10829
2025/2/24,11:00,10689,789,3670,4894,39,297,623,173,931,3709,0,263,0,1,-1,-4718,19,10689
2025/2/24,11:30,10464,787,3338,4858,40,303,631,175,938,3780,0,316,0,-213,-6,-4504,21,10464
2025/2/24,12:00,10401,783,3364,4912,39,301,614,170,904,3661,0,354,0,-223,-38,-4464,24,10401
2025/2/24,12:30,10334,789,3406,4938,38,298,616,173,893,3529,0,444,0,-225,-35,-4550,20,10334
2025/2/24,13:00,10233,785,3400,5042,38,300,611,171,913,3260,0,471,0,-225,-7,-4548,22,10233
2025/2/24,13:30,10213,790,3102,5121,38,299,601,172,891,3202,0,526,0,-223,0,-4326,20,10213
2025/2/24,14:00,10152,784,3166,5288,37,296,595,169,855,2637,0,568,0,1,-1,-4268,25,10152
2025/2/24,14:30,10124,789,3132,5559,37,299,586,168,819,2174,0,615,0,1,-2,-4084,31,10124
2025/2/24,15:00,10303,786,3450,5596,37,305,607,163,773,1857,0,667,0,1,-2,-3956,19,10303
2025/2/24,15:30,10453,786,4294,5580,37,322,618,161,732,1340,0,715,0,1,2,-4160,25,10453
2025/2/24,16:00,10556,789,4678,5564,38,414,744,158,706,701,0,779,0,1,3,-4042,23,10556
2025/2/24,16:30,10868,785,5242,5611,39,413,755,159,685,288,0,849,0,1,-4,-3980,25,10868
2025/2/24,17:00,11446,791,6026,5721,40,412,811,156,674,35,0,871,0,137,-2,-4254,28,11446
2025/2/24,17:30,11678,785,5926,5745,42,444,819,158,674,0,0,988,0,277,-5,-4200,25,11678
2025/2/24,18:00,11859,791,6114,5765,42,452,831,156,675,0,0,1092,0,283,8,-4378,28,11859
2025/2/24,18:30,11689,783,5714,5739,42,454,829,158,684,0,0,1151,0,145,33,-4064,21,11689
2025/2/24,19:00,11625,787,5906,5758,41,447,829,141,681,0,0,1147,0,1,22,-4158,23,11625
2025/2/24,19:30,11521,789,5928,5767,40,401,834,136,681,0,0,1170,0,1,-2,-4250,26,11521
2025/2/24,20:00,11290,785,5730,5762,39,406,790,134,676,0,0,1153,0,1,-1,-4204,19,11290
2025/2/24,20:30,11219,787,5806,5759,38,402,789,137,680,0,0,1152,0,1,-1,-4350,19,11219
2025/2/24,21:00,10876,785,6236,5752,37,404,758,135,681,0,0,1107,0,1,9,-5050,21,10876
2025/2/24,21:30,10559,792,5954,5753,34,404,767,135,676,0,0,1143,0,1,10,-5124,14,10559
2025/2/24,22:00,10176,785,5252,5738,33,386,743,135,676,0,0,1209,0,1,9,-4812,21,10176
2025/2/24,22:30,9830,787,4926,5696,31,382,744,135,674,0,0,1260,0,1,-1,-4824,19,9830
2025/2/24,23:00,9899,789,5112,5662,32,382,725,134,670,0,0,1220,0,1,3,-4844,13,9899
2025/2/24,23:30,9739,785,4708,5644,31,383,688,136,673,0,0,1272,0,1,-1,-4590,9,9739
2025/2/25,0:00,9588,787,4852,5621,30,380,672,134,671,0,0,1321,0,1,-2,-4886,7,9588
2025/2/25,0:30,9558,789,4852,5639,29,375,673,136,670,0,0,1262,0,1,-1,-4874,7,9558
2025/2/25,1:00,9672,785,4968,5661,29,377,669,133,671,0,0,1264,0,1,-1,-4892,7,9672
2025/2/25,1:30,9759,784,4822,5812,30,376,675,137,678,0,0,1361,0,1,-1,-4924,8,9759
2025/2/25,2:00,9932,791,4886,5825,30,376,670,133,673,0,0,1397,0,1,-1,-4858,9,9932
2025/2/25,2:30,9954,785,4852,5822,32,376,665,136,677,0,0,1378,0,1,0,-4778,8,9954
2025/2/25,3:00,10091,788,4694,5832,32,376,669,134,680,0,0,1415,0,1,-2,-4536,8,10091
2025/2/25,3:30,10120,785,4774,5841,32,380,666,137,680,0,0,1398,0,1,-1,-4580,7,10120
2025/2/25,4:00,10259,789,4670,5826,33,380,665,135,682,0,0,1444,0,1,-1,-4372,7,10259
2025/2/25,4:30,10315,785,4764,5840,33,376,667,136,679,0,0,1471,0,1,-1,-4444,8,10315
2025/2/25,5:00,10586,785,5102,5834,34,383,680,136,685,0,0,1479,0,1,-1,-4542,10,10586
2025/2/25,5:30,10858,792,5176,5831,34,391,695,153,679,0,0,1503,0,137,-2,-4542,11,10858
2025/2/25,6:00,11247,785,5610,5758,35,410,751,156,685,12,0,1511,0,349,-6,-4822,13,11247
2025/2/25,6:30,11302,785,5432,5620,37,419,762,157,681,293,0,1527,0,367,-1,-4798,21,11302
2025/2/25,7:00,11162,789,5062,5458,37,419,841,157,710,961,0,1526,0,145,-2,-4970,29,11162
2025/2/25,7:30,11334,787,4642,5314,38,451,871,164,789,1832,0,1528,0,1,-1,-5106,24,11334
2025/2/25,8:00,11758,785,5036,5131,40,465,948,167,864,2780,0,1456,0,1,-3,-5936,24,11758
2025/2/25,8:30,11997,787,4596,4915,41,387,982,173,923,3668,0,1441,0,1,0,-5936,19,11997
2025/2/25,9:00,12110,783,3922,4720,41,461,911,172,926,4480,0,1449,0,1,0,-5778,22,12110
2025/2/25,9:30,11878,790,3496,4310,40,371,925,174,941,5052,0,1411,0,1,6,-5664,25,11878
2025/2/25,10:00,11712,785,3108,4091,40,357,936,174,962,5434,0,1394,0,1,-4,-5590,24,11712
2025/2/25,10:30,11571,787,3140,3628,40,362,944,174,946,5713,0,1426,0,-1,5,-5614,21,11571
2025/2/25,11:00,11479,791,2976,3419,39,295,923,171,899,5931,0,1419,0,-211,-2,-5188,17,11479
2025/2/25,11:30,11273,785,3168,3196,39,254,916,170,878,6058,0,1390,0,-433,-7,-5162,21,11273
2025/2/25,12:00,10811,785,2498,3031,38,265,894,169,882,6007,0,1412,0,-445,-30,-4712,17,10811
2025/2/25,12:30,10621,791,2476,3123,38,265,918,172,901,5882,0,1377,0,-443,-53,-4840,14,10621
2025/2/25,13:00,10943,788,3152,3256,37,269,926,172,949,5537,0,1279,0,-443,-27,-4974,22,10943
2025/2/25,13:30,10900,785,3158,3503,35,342,929,174,944,5173,0,1198,0,-225,-23,-5108,15,10900
2025/2/25,14:00,10774,789,3336,3586,34,377,936,176,992,4595,0,1179,0,-1,0,-5246,21,10774
2025/2/25,14:30,10790,788,3598,4091,35,375,933,176,974,3966,0,1204,0,1,6,-5372,15,10790
2025/2/25,15:00,10617,791,4182,4547,35,373,950,170,920,3113,0,1205,0,1,3,-5694,21,10617
2025/2/25,15:30,10856,788,5066,5070,35,377,970,167,832,2189,0,1175,0,1,-5,-5826,17,10856
2025/2/25,16:00,10812,789,5308,5366,36,467,1188,161,763,1225,0,990,0,1,-1,-5500,19,10812
2025/2/25,16:30,10929,787,5406,5696,37,480,1210,160,700,415,0,873,0,1,-5,-4844,13,10929
2025/2/25,17:00,11151,787,5918,5996,38,478,1232,156,690,48,0,847,0,1,6,-5070,24,11151
2025/2/25,17:30,11349,791,5904,6106,40,476,1242,159,685,0,0,886,0,1,31,-4992,20,11349
2025/2/25,18:00,11444,787,5620,6247,40,479,1265,157,688,0,0,915,0,1,34,-4814,25,11444
2025/2/25,18:30,11497,789,5718,6242,39,479,1268,159,688,0,0,953,0,1,-1,-4858,20,11497
2025/2/25,19:00,11324,789,5882,6253,39,483,1245,156,689,0,0,830,0,1,-1,-5068,26,11324
2025/2/25,19:30,11250,790,5970,6258,38,482,1231,160,695,0,0,803,0,1,-1,-5192,15,11250
2025/2/25,20:00,11093,787,6020,6133,37,483,1183,157,698,0,0,841,0,1,-2,-5266,21,11093
2025/2/25,20:30,10852,787,5726,6124,36,481,1172,158,694,0,0,884,0,1,-1,-5228,18,10852
2025/2/25,21:00,10671,787,5326,6124,35,480,1152,158,685,0,0,954,0,1,-1,-5046,16,10671
2025/2/25,21:30,10207,791,4660,6145,33,476,1153,159,673,0,0,1007,0,1,-1,-4902,12,10207
2025/2/25,22:00,9962,787,4424,6065,32,404,1121,156,675,0,0,1055,0,1,-1,-4778,21,9962
2025/2/25,22:30,9663,789,4356,6037,29,395,1123,159,677,0,0,978,0,1,-1,-4896,16,9663
2025/2/25,23:00,9639,785,4354,5986,31,395,1105,157,682,0,0,1048,0,1,-1,-4916,12,9639
2025/2/25,23:30,9490,789,4316,5921,29,323,1097,159,680,0,0,1041,0,1,-2,-4872,8,9490
2025/2/26,0:00,9278,787,4320,5771,28,313,1051,157,676,0,0,1118,0,1,-2,-4948,6,9278
2025/2/26,0:30,9244,791,4274,5704,28,316,1050,159,669,0,0,1225,0,1,-1,-4978,6,9244
2025/2/26,1:00,9326,785,4340,5638,27,315,1015,156,667,0,0,1305,0,1,-1,-4928,6,9326
2025/2/26,1:30,9383,790,4288,5591,27,310,1022,159,674,0,0,1295,0,1,-1,-4780,7,9383
2025/2/26,2:00,9540,787,4244,5595,27,317,1014,156,671,0,0,1427,0,1,-1,-4706,8,9540
2025/2/26,2:30,9638,789,4236,5606,28,317,1019,159,676,0,0,1516,0,1,-2,-4714,7,9638
2025/2/26,3:00,9714,789,4178,5595,29,319,1014,156,676,0,0,1481,0,1,-2,-4528,6,9714
2025/2/26,3:30,9779,789,4320,5590,30,314,1016,160,676,0,0,1474,0,1,-1,-4596,6,9779
2025/2/26,4:00,9876,787,4444,5574,30,315,1042,157,673,0,0,1529,0,1,-2,-4680,6,9876
2025/2/26,4:30,9956,789,4618,5276,31,321,1036,158,672,0,0,1654,0,1,-1,-4606,7,9956
2025/2/26,5:00,10094,788,4628,5256,31,389,1081,157,673,0,0,1621,0,1,-22,-4518,9,10094
2025/2/26,5:30,10367,786,4746,5293,32,401,1102,158,674,0,0,1553,0,200,-37,-4552,11,10367
2025/2/26,6:00,10635,792,4666,5268,32,434,1127,157,675,5,0,1620,0,350,-22,-4480,11,10635
2025/2/26,6:30,10833,787,4762,5276,34,434,1131,159,675,177,0,1545,0,366,-1,-4534,22,10833
2025/2/26,7:00,10774,787,4936,5089,34,438,1149,157,685,657,0,1521,0,224,-4,-4926,27,10774
2025/2/26,7:30,10964,790,5004,5012,35,394,1161,161,723,1184,0,1501,0,2,1,-5028,24,10964
2025/2/26,8:00,11402,787,5144,4976,37,477,1144,161,766,1781,0,1419,0,1,30,-5344,23,11402
2025/2/26,8:30,11700,788,4738,4859,38,379,1153,169,831,2329,0,1553,0,1,30,-5186,18,11700
2025/2/26,9:00,11834,791,4308,4535,39,364,1075,167,840,2791,0,1639,0,1,3,-4740,21,11834
2025/2/26,9:30,11733,787,3898,4241,39,358,1069,171,859,3329,0,1672,0,1,-5,-4710,24,11733
2025/2/26,10:00,11614,789,2906,3852,38,362,1035,168,849,3594,0,1719,0,1,3,-3726,24,11614
2025/2/26,10:30,11628,787,3132,3793,37,363,1046,170,861,3809,0,1762,0,-211,-5,-3936,20,11628
2025/2/26,11:00,11524,787,3204,3738,35,293,1042,169,857,4081,0,1772,0,-433,2,-4040,17,11524
2025/2/26,11:30,11416,791,3182,3742,36,261,1048,169,885,3971,0,1776,0,-445,-10,-4010,20,11416
2025/2/26,12:00,10901,787,2762,3623,35,261,1052,170,889,4026,0,1777,0,-443,-16,-4038,16,10901
2025/2/26,12:30,10871,787,3016,3650,35,261,1076,174,912,3830,0,1788,0,-445,-49,-4176,12,10871
2025/2/26,13:00,11136,790,3092,3761,36,260,1066,172,905,3734,0,1784,0,-443,-39,-4004,22,11136
2025/2/26,13:30,11269,785,3130,3974,35,327,1076,174,920,3557,0,1788,0,-441,0,-4070,14,11269
2025/2/26,14:00,11155,789,2924,4250,35,360,1074,173,883,3184,0,1801,0,-223,-15,-4102,22,11155
2025/2/26,14:30,11164,789,3022,4428,36,366,1066,170,870,2647,0,1790,0,1,-9,-4028,16,11164
2025/2/26,15:00,11109,790,3224,4535,35,370,1052,167,807,2162,0,1788,0,1,2,-3842,18,11109
2025/2/26,15:30,11329,787,3976,4899,36,371,1077,164,766,1471,0,1792,0,1,-6,-4022,17,11329
2025/2/26,16:00,11388,787,4362,5305,37,425,1267,162,711,829,0,1797,0,1,-5,-4310,20,11388
2025/2/26,16:30,11477,787,4318,5663,38,469,1269,158,681,320,0,1817,0,1,-3,-4054,13,11477
2025/2/26,17:00,11656,791,4438,5933,39,472,1276,159,662,41,0,1810,0,1,0,-3988,22,11656
2025/2/26,17:30,11864,787,4424,6126,40,468,1280,158,662,0,0,1797,0,200,0,-4098,20,11864
2025/2/26,18:00,11804,787,4314,6126,40,468,1270,159,661,0,0,1808,0,228,34,-4118,27,11804
2025/2/26,18:30,11896,787,4608,6209,40,469,1274,157,661,0,0,1814,0,226,30,-4398,19,11896
2025/2/26,19:00,11647,787,4682,6180,39,469,1281,158,662,0,0,1816,0,1,-1,-4446,19,11647
2025/2/26,19:30,11523,787,4586,6188,39,467,1293,157,662,0,0,1816,0,1,-1,-4490,18,11523
2025/2/26,20:00,11283,791,4390,6181,37,465,1258,159,664,0,0,1820,0,1,0,-4504,21,11283
2025/2/26,20:30,11203,785,4736,6142,37,464,1240,157,666,0,0,1820,0,1,-1,-4862,18,11203
2025/2/26,21:00,10765,787,4274,6122,35,460,1219,159,665,0,0,1818,0,1,-1,-4790,16,10765
2025/2/26,21:30,10496,787,4164,6142,34,459,1221,157,666,0,0,1811,0,1,-1,-4956,11,10496
2025/2/26,22:00,10067,788,3934,6077,31,399,1200,158,668,0,0,1811,0,1,-1,-5020,21,10067
2025/2/26,22:30,9779,789,3886,6023,30,364,1186,158,669,0,0,1794,0,1,-2,-5136,17,9779
2025/2/26,23:00,9645,789,3786,6039,30,306,1150,158,671,0,0,1797,0,1,-1,-5092,11,9645
2025/2/26,23:30,9570,786,3950,5986,29,365,1147,157,670,0,0,1793,0,1,-2,-5320,8,9570
2025/2/27,0:00,9373,790,4020,5882,29,384,1103,159,671,0,0,1767,0,1,0,-5440,7,9373
2025/2/27,0:30,9259,788,4018,5800,27,389,1098,157,671,0,0,1728,0,1,-2,-5422,6,9259
2025/2/27,1:00,9403,785,4046,5729,27,386,1067,160,671,0,0,1714,0,1,-1,-5188,6,9403
2025/2/27,1:30,9479,785,4112,5692,28,388,1068,157,675,0,0,1719,0,1,-1,-5152,7,9479
2025/2/27,2:00,9575,792,4126,5676,29,387,1066,160,676,0,0,1693,0,1,-1,-5038,8,9575
2025/2/27,2:30,9724,788,4358,5612,30,383,1071,158,677,0,0,1657,0,1,-2,-5016,7,9724
2025/2/27,3:00,9865,786,4374,5594,30,387,1084,160,672,0,0,1674,0,1,0,-4904,7,9865
2025/2/27,3:30,9857,786,4294,5667,32,384,1071,157,672,0,0,1646,0,1,-1,-4858,6,9857
2025/2/27,4:00,9906,789,4284,5672,31,385,1078,160,685,0,0,1652,0,1,-1,-4836,6,9906
2025/2/27,4:30,10022,785,4390,5676,32,387,1087,157,685,0,0,1652,0,1,-1,-4836,7,10022
2025/2/27,5:00,10200,791,4310,5689,33,386,1123,160,686,0,0,1701,0,204,-1,-4892,10,10200
2025/2/27,5:30,10408,786,4300,5687,33,395,1144,157,683,0,0,1650,0,400,-2,-4836,11,10408
2025/2/27,6:00,10719,789,4336,5667,35,426,1171,159,690,11,0,1670,0,422,-1,-4668,12,10719
2025/2/27,6:30,10995,787,4834,5477,35,425,1179,158,695,253,0,1660,0,426,-1,-4956,23,10995
2025/2/27,7:00,10835,787,4552,5252,35,430,1189,159,702,831,0,1657,0,424,-2,-5210,29,10835
2025/2/27,7:30,10951,790,4260,5019,35,455,1204,161,750,1605,0,1645,0,226,-1,-5222,24,10951
2025/2/27,8:00,11322,783,5176,4726,35,471,1124,167,836,2508,0,1595,0,1,-1,-6122,23,11322
2025/2/27,8:30,11572,787,4954,4470,35,379,1117,169,877,3382,0,1600,0,1,-3,-6216,20,11572
2025/2/27,9:00,11596,790,4234,4112,34,365,1063,174,919,4274,0,1600,0,1,-1,-5990,21,11596
2025/2/27,9:30,11402,787,3278,3826,33,363,1064,175,981,4896,0,1559,0,1,-1,-5584,24,11402
2025/2/27,10:00,11193,784,3254,3131,31,364,1015,177,970,5397,0,1532,0,-1,9,-5492,22,11193
2025/2/27,10:30,11214,790,3106,2873,31,304,989,172,920,5886,0,1463,0,-213,-2,-5126,21,11214
2025/2/27,11:00,11086,785,2906,2477,31,247,989,173,911,6079,0,1405,0,-225,-10,-4700,18,11086
2025/2/27,11:30,10777,785,2320,2475,29,248,989,171,917,6162,0,1347,0,-435,-5,-4246,20,10777
2025/2/27,12:00,10340,787,1874,2421,29,247,987,173,911,6194,0,1324,0,-445,-34,-4144,16,10340
2025/2/27,12:30,10276,783,2124,2433,28,260,988,172,930,6080,0,1307,0,-443,-44,-4354,12,10276
2025/2/27,13:00,10442,787,2170,2393,28,260,1015,177,974,5914,0,1291,0,-445,-2,-4142,22,10442
2025/2/27,13:30,10529,783,2362,2522,28,257,1023,175,985,5647,0,1289,0,-223,-3,-4330,14,10529
2025/2/27,14:00,10326,787,2332,2988,28,315,1027,179,1006,5112,0,1296,0,1,-15,-4752,22,10326
2025/2/27,14:30,10232,787,2778,3363,29,347,1050,175,991,4313,0,1307,0,1,-2,-4922,15,10232
2025/2/27,15:00,10182,787,3126,3972,30,352,1074,174,927,3409,0,1225,0,1,-2,-4912,19,10182
2025/2/27,15:30,10424,783,4234,4649,31,354,1092,165,830,2450,0,1185,0,1,-4,-5362,16,10424
2025/2/27,16:00,10440,787,4662,5256,33,393,1250,161,727,1420,0,1156,0,1,2,-5428,20,10440
2025/2/27,16:30,10409,785,4502,5701,33,453,1275,156,681,531,0,1124,0,1,0,-4846,13,10409
2025/2/27,17:00,10674,787,4018,5856,35,457,1310,158,690,69,0,1066,0,1,2,-3798,23,10674
2025/2/27,17:30,10958,787,4318,5976,36,454,1310,157,689,0,0,981,0,1,-1,-3770,20,10958
2025/2/27,18:00,11057,785,4682,6022,36,453,1313,158,693,0,0,1012,0,1,24,-4148,26,11057
2025/2/27,18:30,10996,784,4530,6059,37,457,1312,156,698,0,0,910,0,136,34,-4138,21,10996
2025/2/27,19:00,10910,788,4584,6101,36,458,1316,159,705,0,0,922,0,2,9,-4194,24,10910
2025/2/27,19:30,10791,787,4686,6103,35,455,1321,157,703,0,0,930,0,1,-1,-4402,16,10791
2025/2/27,20:00,10644,787,4674,6113,35,464,1287,158,703,0,0,872,0,1,0,-4470,20,10644
2025/2/27,20:30,10417,785,4518,6021,34,455,1293,158,705,0,0,934,0,1,-2,-4508,23,10417
2025/2/27,21:00,10221,789,3946,6005,33,450,1241,160,706,0,0,937,0,1,0,-4064,17,10221
2025/2/27,21:30,9907,780,4050,5881,31,453,1235,158,704,0,0,968,0,1,-1,-4364,11,9907
2025/2/27,22:00,9636,789,3656,5866,29,386,1247,159,702,0,0,952,0,1,1,-4172,20,9636
2025/2/27,22:30,9316,788,3478,5843,28,373,1225,157,703,0,0,891,0,1,-1,-4186,16,9316
2025/2/27,23:00,9337,784,3664,5880,29,377,1188,159,701,0,0,835,0,1,-1,-4290,10,9337
2025/2/27,23:30,9140,786,3678,5854,28,378,1181,156,698,0,0,710,0,1,0,-4338,8,9140
2025/2/28,0:00,9026,790,4300,5725,27,307,1143,158,694,0,0,677,0,1,-2,-4800,6,9026
2025/2/28,0:30,8994,786,4388,5722,26,304,1138,157,693,0,0,677,0,1,-2,-4902,6,8994
2025/2/28,1:00,9064,787,4188,5665,26,302,1140,159,696,0,0,655,0,1,-1,-4560,6,9064
2025/2/28,1:30,9153,787,4320,5598,27,303,1138,157,701,0,0,665,0,1,-1,-4550,7,9153
2025/2/28,2:00,9316,789,4724,5535,27,307,1141,160,702,0,0,661,0,1,-1,-4738,8,9316
2025/2/28,2:30,9457,787,4924,5525,28,377,1137,157,700,0,0,673,0,1,-1,-4858,7,9457
2025/2/28,3:00,9589,788,4980,5555,29,380,1134,160,703,0,0,694,0,1,-1,-4840,6,9589
2025/2/28,3:30,9526,787,4590,5568,29,314,1147,157,707,0,0,691,0,1,-1,-4470,6,9526
2025/2/28,4:00,9726,793,4908,5588,30,308,1152,159,707,0,0,700,0,1,-2,-4624,6,9726
2025/2/28,4:30,9836,790,5022,5544,30,381,1153,158,713,0,0,711,0,1,-1,-4672,6,9836
2025/2/28,5:00,10122,787,5028,5541,32,372,1204,160,717,0,0,774,0,1,-1,-4502,9,10122
2025/2/28,5:30,10328,787,5054,5533,32,373,1206,157,711,0,0,796,0,1,-1,-4332,11,10328
2025/2/28,6:00,10652,793,5640,5422,33,406,1227,160,720,23,0,772,0,1,-3,-4554,12,10652
2025/2/28,6:30,10738,783,5524,5389,34,408,1228,157,720,354,0,678,0,1,0,-4560,22,10738
2025/2/28,7:00,10561,787,5182,5286,34,410,1241,161,745,1003,0,586,0,1,-2,-4900,27,10561
2025/2/28,7:30,10647,787,4676,5009,33,439,1246,161,785,1866,0,545,0,1,1,-4926,24,10647
2025/2/28,8:00,10879,787,5018,4753,34,450,1196,167,859,2672,0,484,0,1,-2,-5560,20,10879
2025/2/28,8:30,11065,791,4920,4408,34,378,1159,172,899,3341,0,435,0,1,1,-5496,22,11065
2025/2/28,9:00,11100,787,4564,4109,33,455,1076,173,958,3984,0,435,0,1,1,-5496,20,11100
2025/2/28,9:30,10971,787,4012,3874,31,312,1054,179,997,4534,0,505,0,1,4,-5342,23,10971
2025/2/28,10:00,10698,793,3238,3527,29,247,1036,175,992,5176,0,618,0,1,-6,-5148,20,10698
2025/2/28,10:30,10435,790,2494,3209,28,247,1006,175,959,5622,0,683,0,1,-3,-4798,22,10435
2025/2/28,11:00,10369,793,2174,2995,30,248,1007,174,967,5721,0,721,0,-1,-8,-4468,16,10369
2025/2/28,11:30,10251,793,2322,3165,31,244,1006,176,968,5679,0,700,0,-213,-4,-4638,22,10251
2025/2/28,12:00,9851,787,2540,3153,31,249,992,173,968,5393,0,693,0,-433,-11,-4700,16,9851
2025/2/28,12:30,9569,793,2342,3207,31,247,983,175,957,5291,0,681,0,-441,-6,-4702,11,9569
2025/2/28,13:00,9874,787,2160,3368,32,257,1000,173,970,5127,0,704,0,-224,-3,-4496,19,9874
2025/2/28,13:30,10023,787,2404,3370,32,259,986,175,945,4911,0,741,0,1,-35,-4566,13,10023
2025/2/28,14:00,9883,789,2826,3668,32,257,996,170,921,4177,0,773,0,1,4,-4748,17,9883
2025/2/28,14:30,9799,791,3216,3998,33,364,1012,172,901,3481,0,799,0,1,-8,-4976,15,9799
2025/2/28,15:00,9731,791,3230,4513,33,429,1052,165,838,2614,0,792,0,1,0,-4744,17,9731
2025/2/28,15:30,9764,789,3464,4751,33,462,1106,165,803,1829,0,825,0,1,-4,-4476,16,9764
2025/2/28,16:00,9897,791,3988,5115,33,463,1314,160,749,1105,0,808,0,1,-1,-4650,21,9897
2025/2/28,16:30,9937,785,4058,5375,34,459,1346,159,705,452,0,752,0,198,-1,-4404,19,9937
2025/2/28,17:00,9959,793,3788,5436,35,461,1358,156,697,71,0,717,0,228,2,-3806,23,9959
2025/2/28,17:30,10333,787,4278,5577,36,455,1373,158,699,0,0,701,0,228,33,-4012,20,10333
2025/2/28,18:00,10263,791,3988,5568,36,459,1372,155,696,0,0,781,0,400,0,-4008,25,10263
2025/2/28,18:30,10311,789,4018,5475,35,459,1380,158,697,0,0,902,0,426,-1,-4046,19,10311
2025/2/28,19:00,10141,791,3932,5449,35,460,1370,155,700,0,0,954,0,422,-1,-4146,20,10141
2025/2/28,19:30,10095,789,3992,5449,34,463,1374,159,691,0,0,993,0,426,-2,-4290,17,10095
2025/2/28,20:00,9894,787,3936,5427,33,456,1264,155,670,0,0,1068,0,224,-1,-4146,21,9894
2025/2/28,20:30,9782,791,4122,5453,32,457,1248,157,648,0,0,1111,0,2,-2,-4258,21,9782
2025/2/28,21:00,9507,787,3686,5431,31,458,1153,155,638,0,0,1087,0,0,-1,-3936,18,9507
2025/2/28,21:30,9289,791,3690,5378,30,454,1129,158,638,0,0,1118,0,0,-2,-4106,11,9289
2025/2/28,22:00,9070,787,3632,5283,28,316,1024,155,638,0,0,1176,0,0,-2,-3988,21,9070
2025/2/28,22:30,8812,793,3580,5116,27,303,1008,158,638,0,0,1216,0,0,-2,-4042,17,8812
2025/2/28,23:00,8799,789,3580,4939,27,304,927,156,638,0,0,1204,0,0,-1,-3776,12,8799
2025/2/28,23:30,8595,789,3454,4756,26,301,873,158,637,0,0,1282,0,0,-1,-3688,8,8595
