単位[MW平均],,,供給力,,,,,,,,,,,,,,,,
DATE,TIME,エリア需要,原子力,火力(LNG),火力(石炭),火力(石油),火力(その他),水力,地熱,バイオマス,太陽光発電実績,太陽光出力制御量,風力発電実績,風力出力制御量,揚水,蓄電池,連系線,その他,合計
2024/11/1,0:00,6798,0,2402,5641,22,284,704,127,545,0,0,218,0,0,-2,-3146,3,6798
2024/11/1,0:30,6662,0,2254,5780,21,284,698,127,545,0,0,195,0,0,-1,-3244,3,6662
2024/11/1,1:00,6666,0,2218,5800,20,283,699,130,548,0,0,187,0,0,0,-3222,3,6666
2024/11/1,1:30,6630,0,2092,5896,21,284,701,127,548,0,0,183,0,0,-1,-3224,3,6630
2024/11/1,2:00,6781,0,2234,5903,20,282,697,130,551,0,0,186,0,0,-1,-3224,3,6781
2024/11/1,2:30,6913,0,2288,5906,22,282,707,128,550,0,0,197,0,0,-2,-3168,3,6913
2024/11/1,3:00,7130,0,2292,5906,23,283,735,130,554,0,0,185,0,0,-1,-2980,3,7130
2024/11/1,3:30,7195,0,2316,5902,24,283,732,127,550,0,0,161,0,0,-1,-2902,3,7195
2024/11/1,4:00,7396,0,2258,5909,24,283,739,129,547,0,0,185,0,0,-1,-2680,3,7396
2024/11/1,4:30,7475,0,2292,5900,25,286,738,130,551,0,0,174,0,0,-2,-2622,3,7475
2024/11/1,5:00,7634,0,2448,5879,26,286,738,127,548,0,0,205,0,0,-1,-2626,4,7634
2024/11/1,5:30,7734,0,2590,5890,26,292,733,130,549,0,0,205,0,0,-1,-2684,4,7734
2024/11/1,6:00,7849,0,2772,5984,26,294,700,127,522,102,0,188,0,0,3,-2876,7,7849
2024/11/1,6:30,7997,0,2924,6009,26,295,692,127,513,554,0,170,0,0,-9,-3320,16,7997
2024/11/1,7:00,7888,0,2378,5862,25,303,685,126,511,1273,0,155,0,0,0,-3452,22,7888
2024/11/1,7:30,8110,0,2376,5668,25,331,686,128,509,2169,0,148,0,0,-1,-3948,19,8110
2024/11/1,8:00,8325,0,2666,5678,26,352,678,125,502,3035,0,103,0,0,2,-4858,16,8325
2024/11/1,8:30,8714,0,2556,5713,26,352,675,127,496,3687,0,69,0,0,-4,-4996,13,8714
2024/11/1,9:00,8915,0,2806,5588,26,350,669,125,497,4044,0,47,0,0,-3,-5250,16,8915
2024/11/1,9:30,8959,0,2802,5541,26,347,673,125,498,4369,0,32,0,0,-1,-5472,19,8959
2024/11/1,10:00,8861,0,2812,5542,26,344,668,127,502,4437,0,29,0,0,-2,-5640,16,8861
2024/11/1,10:30,8898,0,2704,5476,25,348,680,124,513,4599,0,29,0,0,0,-5616,16,8898
2024/11/1,11:00,8862,0,2778,5549,27,347,705,127,512,4469,0,33,0,0,-5,-5692,12,8862
2024/11/1,11:30,8825,0,2738,5495,28,354,709,124,514,4481,0,35,0,0,4,-5672,15,8825
2024/11/1,12:00,8524,0,2952,5598,27,351,731,127,517,3701,0,36,0,0,-44,-5484,12,8524
2024/11/1,12:30,8273,0,2994,5707,26,352,740,128,514,2973,0,33,0,0,-44,-5158,8,8273
2024/11/1,13:00,8757,0,3218,5882,27,349,751,127,516,2483,0,30,0,0,-1,-4640,15,8757
2024/11/1,13:30,8858,0,3594,5986,27,352,747,128,514,1792,0,36,0,0,-1,-4326,9,8858
2024/11/1,14:00,8914,0,3672,6113,28,444,756,126,512,1435,0,44,0,0,0,-4232,16,8914
2024/11/1,14:30,8893,0,4080,6134,29,443,764,127,528,1012,0,45,0,0,-2,-4284,17,8893
2024/11/1,15:00,8838,0,4092,6070,28,464,797,128,530,650,0,43,0,0,-2,-3976,14,8838
2024/11/1,15:30,8825,0,3928,6033,29,458,801,126,543,291,0,47,0,136,0,-3580,13,8825
2024/11/1,16:00,9057,0,3872,6016,29,461,887,128,547,84,0,50,0,144,-5,-3172,16,9057
2024/11/1,16:30,9175,0,3922,6051,30,463,899,128,571,0,0,54,0,142,-2,-3098,15,9175
2024/11/1,17:00,9045,0,3812,6052,31,467,941,131,571,0,0,49,0,140,-3,-3168,22,9045
2024/11/1,17:30,8899,0,3764,6046,31,462,949,128,580,0,0,48,0,144,-1,-3270,18,8899
2024/11/1,18:00,8774,0,3898,6046,30,450,946,128,577,0,0,52,0,142,-1,-3516,22,8774
2024/11/1,18:30,8638,0,3890,6004,30,449,945,130,568,0,0,64,0,142,-1,-3600,17,8638
2024/11/1,19:00,8538,0,3764,5962,29,447,936,128,569,0,0,73,0,142,-1,-3530,19,8538
2024/11/1,19:30,8212,0,3280,5773,28,444,928,130,568,0,0,81,0,140,-1,-3174,15,8212
2024/11/1,20:00,8156,0,3364,5708,28,446,796,128,570,0,0,87,0,2,-1,-2990,18,8156
2024/11/1,20:30,7950,0,3096,5693,27,448,780,128,571,0,0,104,0,0,0,-2910,13,7950
2024/11/1,21:00,7755,0,2898,5545,26,372,750,130,571,0,0,110,0,0,-2,-2662,17,7755
2024/11/1,21:30,7557,0,2722,5553,25,443,753,128,571,0,0,83,0,0,-2,-2728,9,7557
2024/11/1,22:00,7456,0,2942,5598,24,318,739,130,568,0,0,68,0,0,-2,-2946,17,7456
2024/11/1,22:30,7285,0,2942,5507,23,299,740,128,563,0,0,67,0,0,-2,-2994,12,7285
2024/11/1,23:00,7212,0,2676,5479,23,299,731,127,562,0,0,71,0,0,-1,-2762,7,7212
2024/11/1,23:30,6934,0,2406,5301,23,294,731,130,558,0,0,94,0,0,-1,-2606,4,6934
2024/11/2,0:00,6789,0,2158,5141,22,295,763,128,559,0,0,89,0,0,-11,-2358,3,6789
2024/11/2,0:30,6700,0,2124,5191,21,295,762,130,561,0,0,78,0,0,-11,-2454,3,6700
2024/11/2,1:00,6657,0,2194,5226,20,285,766,128,563,0,0,93,0,0,-11,-2610,3,6657
2024/11/2,1:30,6612,0,2170,5238,21,289,772,128,562,0,0,78,0,0,-1,-2648,3,6612
2024/11/2,2:00,6757,0,2072,5116,21,293,767,130,564,0,0,71,0,0,-2,-2278,3,6757
2024/11/2,2:30,6806,0,2152,5092,22,289,770,127,560,0,0,84,0,0,-1,-2292,3,6806
2024/11/2,3:00,6985,0,2128,5247,23,293,810,129,561,0,0,103,0,0,-2,-2310,3,6985
2024/11/2,3:30,7041,0,2102,5327,24,293,813,128,560,0,0,94,0,0,-1,-2302,3,7041
2024/11/2,4:00,7157,0,2084,5393,24,292,825,130,562,0,0,84,0,0,-2,-2238,3,7157
2024/11/2,4:30,7152,0,2192,5386,24,291,819,127,559,0,0,92,0,0,-1,-2340,3,7152
2024/11/2,5:00,7146,0,2218,5308,25,298,820,128,561,0,0,91,0,0,-1,-2306,4,7146
2024/11/2,5:30,7069,0,2210,5292,24,300,822,129,561,0,0,78,0,0,-2,-2348,3,7069
2024/11/2,6:00,7046,0,2034,5308,23,300,787,127,547,26,0,62,0,0,-3,-2172,7,7046
2024/11/2,6:30,7154,0,2184,5283,24,304,783,128,533,114,0,51,0,0,-2,-2260,12,7154
2024/11/2,7:00,7151,0,2336,5272,25,305,779,126,530,224,0,67,0,0,-1,-2534,22,7151
2024/11/2,7:30,7267,0,2110,5235,25,366,784,126,533,336,0,71,0,0,-2,-2338,21,7267
2024/11/2,8:00,7497,0,2292,5151,27,443,782,127,533,465,0,55,0,0,0,-2398,20,7497
2024/11/2,8:30,7796,0,2526,5270,28,447,799,127,538,556,0,57,0,0,-1,-2572,21,7796
2024/11/2,9:00,7918,0,2430,5292,28,442,807,127,530,609,0,50,0,0,0,-2420,23,7918
2024/11/2,9:30,7925,0,2366,5340,28,440,818,127,529,670,0,35,0,0,-2,-2444,18,7925
2024/11/2,10:00,7902,0,2152,5289,29,443,852,127,529,739,0,39,0,0,-2,-2318,23,7902
2024/11/2,10:30,7895,0,2124,5056,28,439,874,128,535,899,0,35,0,0,0,-2238,15,7895
2024/11/2,11:00,7877,0,2266,5025,28,442,888,127,531,919,0,28,0,0,-3,-2394,20,7877
2024/11/2,11:30,7902,0,2152,5204,28,442,912,130,541,831,0,28,0,0,-1,-2384,19,7902
2024/11/2,12:00,7823,0,2470,5289,27,437,946,127,536,717,0,35,0,0,-3,-2776,18,7823
2024/11/2,12:30,7666,0,2230,5278,27,435,957,127,534,650,0,45,0,0,0,-2634,17,7666
2024/11/2,13:00,7827,0,2340,5315,26,437,962,129,532,639,0,56,0,0,-1,-2628,20,7827
2024/11/2,13:30,7823,0,2462,5330,27,447,970,127,519,461,0,61,0,0,-3,-2592,14,7823
2024/11/2,14:00,7862,0,2432,5306,27,448,1001,129,525,334,0,97,0,0,-2,-2450,15,7862
2024/11/2,14:30,7857,0,2576,5314,28,447,1020,127,521,232,0,95,0,0,-2,-2516,15,7857
2024/11/2,15:00,7827,0,2900,5344,28,444,1035,127,520,145,0,67,0,0,-2,-2804,23,7827
2024/11/2,15:30,7897,0,3028,5383,27,449,1059,129,518,75,0,88,0,0,-5,-2874,20,7897
2024/11/2,16:00,8050,0,3116,5409,28,448,1155,127,521,37,0,98,0,0,1,-2906,16,8050
2024/11/2,16:30,8204,0,3226,5428,29,447,1206,130,540,0,0,107,0,0,-2,-2920,13,8204
2024/11/2,17:00,8256,0,3136,5446,29,447,1222,128,541,0,0,127,0,0,-1,-2836,17,8256
2024/11/2,17:30,8269,0,3174,5392,29,450,1270,128,538,0,0,147,0,0,2,-2880,19,8269
2024/11/2,18:00,8128,0,3074,5402,30,448,1318,129,542,0,0,158,0,0,14,-3010,23,8128
2024/11/2,18:30,8043,0,2834,5429,30,451,1385,128,536,0,0,225,0,0,-1,-2990,16,8043
2024/11/2,19:00,7876,0,2736,5369,29,453,1386,130,540,0,0,337,0,0,2,-3124,18,7876
2024/11/2,19:30,7827,0,2776,5418,29,446,1396,128,542,0,0,386,0,0,33,-3340,13,7827
2024/11/2,20:00,7597,0,2960,5450,28,443,1363,130,536,0,0,391,0,0,1,-3726,21,7597
2024/11/2,20:30,7492,0,2954,5437,27,441,1373,128,525,0,0,447,0,0,-1,-3852,13,7492
2024/11/2,21:00,7288,0,2914,5452,26,439,1359,128,525,0,0,456,0,0,-1,-4026,16,7288
2024/11/2,21:30,7054,0,2784,5358,25,441,1365,130,523,0,0,447,0,0,-1,-4026,8,7054
2024/11/2,22:00,6909,0,2334,5277,24,320,1363,128,522,0,0,488,0,0,-2,-3560,15,6909
2024/11/2,22:30,6786,0,2312,5183,23,301,1362,130,526,0,0,571,0,0,-1,-3634,13,6786
2024/11/2,23:00,6772,0,2264,5237,24,294,1337,128,528,0,0,585,0,0,-1,-3632,8,6772
2024/11/2,23:30,6525,0,2002,5131,23,299,1329,130,528,0,0,497,0,0,-2,-3416,4,6525
2024/11/3,0:00,6399,0,1802,5154,22,296,1307,129,530,0,0,480,0,0,-2,-3322,3,6399
2024/11/3,0:30,6302,0,1742,5203,21,298,1275,128,526,0,0,484,0,0,-2,-3376,3,6302
2024/11/3,1:00,6268,0,1844,5199,20,299,1205,130,518,0,0,485,0,0,-1,-3434,3,6268
2024/11/3,1:30,6251,0,1804,5186,20,297,1148,128,518,0,0,569,0,0,0,-3422,3,6251
2024/11/3,2:00,6384,0,1818,5208,21,297,1130,130,517,0,0,635,0,0,-1,-3374,3,6384
2024/11/3,2:30,6548,0,1866,5203,21,289,1099,129,518,0,0,743,0,0,-1,-3322,3,6548
2024/11/3,3:00,6746,0,2072,5175,22,296,1098,130,523,0,0,782,0,0,-1,-3354,3,6746
2024/11/3,3:30,6816,0,2168,5102,23,293,1083,129,523,0,0,878,0,0,-2,-3384,3,6816
2024/11/3,4:00,6915,14,2036,5153,24,290,1079,131,523,0,0,991,0,0,-1,-3328,3,6915
2024/11/3,4:30,6985,18,2100,5067,25,289,1081,128,523,0,0,1096,0,0,-1,-3344,3,6985
2024/11/3,5:00,6988,36,2260,4864,25,292,1105,129,526,0,0,1132,0,0,-1,-3384,4,6988
2024/11/3,5:30,6972,50,2612,4617,25,292,1106,131,522,0,0,1161,0,0,-1,-3548,5,6972
2024/11/3,6:00,6858,82,2602,4428,24,291,1078,128,509,77,0,1176,0,0,2,-3548,9,6858
2024/11/3,6:30,6940,98,2770,4211,24,293,1066,129,502,565,0,1123,0,0,-5,-3848,12,6940
2024/11/3,7:00,6798,96,2556,3881,23,292,1053,127,512,1299,0,1130,0,-212,-2,-3978,21,6798
2024/11/3,7:30,6813,102,2288,3354,23,252,1055,129,506,2194,0,1070,0,-224,2,-3956,18,6813
2024/11/3,8:00,6700,116,1648,2828,23,228,1053,127,505,2891,282,974,112,-224,-7,-3478,16,6700
2024/11/3,8:30,6881,116,1408,2643,22,229,1064,128,487,3702,277,967,117,-224,-4,-3670,13,6881
2024/11/3,9:00,6897,114,1368,2431,22,230,1058,127,424,4223,387,911,75,-224,12,-3814,15,6897
2024/11/3,9:30,6738,112,1374,2169,21,227,1057,129,375,4573,423,859,92,-222,-7,-3948,19,6738
2024/11/3,10:00,6749,116,1400,2086,21,229,1055,127,362,4826,599,762,153,-224,-3,-4024,16,6749
2024/11/3,10:30,6744,114,1354,1970,20,228,1052,127,357,5124,621,732,144,-224,-6,-4120,16,6744
2024/11/3,11:00,6689,116,1388,1958,20,228,1031,129,358,5207,632,694,139,-222,-22,-4208,12,6689
2024/11/3,11:30,6751,118,1526,2029,20,229,1027,126,358,5071,773,651,165,-222,-36,-4162,16,6751
2024/11/3,12:00,6702,110,1602,2145,20,229,970,128,358,4935,763,641,162,-222,-25,-4202,13,6702
2024/11/3,12:30,6642,108,1578,2290,20,227,957,127,360,4756,742,613,146,-224,1,-4180,9,6642
2024/11/3,13:00,6635,96,1710,2440,20,228,966,128,403,4520,552,581,110,-222,-3,-4246,14,6635
2024/11/3,13:30,6592,70,1682,2908,21,265,960,126,463,4124,367,501,65,-222,-5,-4310,9,6592
2024/11/3,14:00,6587,54,1418,3351,20,293,958,129,498,3404,318,452,61,-222,3,-3786,15,6587
2024/11/3,14:30,6658,48,1790,4102,22,300,953,126,504,2557,259,402,53,-220,-3,-3936,13,6658
2024/11/3,15:00,6679,36,2092,4672,22,305,965,127,504,1595,188,419,47,-2,9,-4078,13,6679
2024/11/3,15:30,6610,0,2138,5159,23,390,972,129,505,722,109,393,43,0,-11,-3822,12,6610
2024/11/3,16:00,7009,0,2410,5294,24,393,1076,127,507,205,0,412,0,0,6,-3462,17,7009
2024/11/3,16:30,7257,0,2494,5444,26,391,1091,131,531,0,0,473,0,0,-11,-3322,9,7257
2024/11/3,17:00,7702,0,2806,5462,28,390,1100,128,529,0,0,464,0,0,-7,-3216,18,7702
2024/11/3,17:30,7719,0,2662,5449,28,391,1101,130,528,0,0,403,0,0,1,-2990,16,7719
2024/11/3,18:00,7801,0,2670,5456,29,386,1101,129,527,0,0,346,0,0,35,-2898,20,7801
2024/11/3,18:30,7769,0,2660,5466,28,391,1099,130,527,0,0,320,0,0,27,-2896,17,7769
2024/11/3,19:00,7668,0,2634,5461,28,386,1099,128,527,0,0,273,0,0,-1,-2884,17,7668
2024/11/3,19:30,7627,0,2810,5366,28,391,1085,131,531,0,0,209,0,0,-2,-2934,12,7627
2024/11/3,20:00,7519,0,2738,5218,27,386,1026,128,531,0,0,170,0,0,-1,-2720,16,7519
2024/11/3,20:30,7394,0,2750,5194,27,392,1018,129,532,0,0,132,0,0,-1,-2792,13,7394
2024/11/3,21:00,7256,0,2692,5189,26,387,980,130,536,0,0,135,0,0,-2,-2830,13,7256
2024/11/3,21:30,6979,0,2322,5080,25,382,978,128,535,0,0,151,0,0,-1,-2628,7,6979
2024/11/3,22:00,6911,0,2040,5105,24,304,948,131,538,0,0,150,0,0,-2,-2342,15,6911
2024/11/3,22:30,6779,0,2048,5141,23,292,923,129,536,0,0,181,0,0,-1,-2506,13,6779
2024/11/3,23:00,6650,0,2068,5058,23,294,896,131,538,0,0,222,0,0,-2,-2584,6,6650
2024/11/3,23:30,6513,0,2096,5045,23,297,871,130,538,0,0,250,0,0,-1,-2740,4,6513
2024/11/4,0:00,6458,0,1878,5034,22,299,828,131,539,0,0,281,0,0,-1,-2556,3,6458
2024/11/4,0:30,6338,0,1844,4972,21,304,823,129,538,0,0,302,0,0,-2,-2596,3,6338
2024/11/4,1:00,6372,0,2074,4973,20,298,826,131,536,0,0,316,0,0,-1,-2804,3,6372
2024/11/4,1:30,6413,0,2116,4969,20,306,827,129,541,0,0,293,0,0,-1,-2790,3,6413
2024/11/4,2:00,6556,0,2116,4946,20,303,824,131,538,0,0,289,0,0,-2,-2612,3,6556
2024/11/4,2:30,6735,0,2154,4964,22,303,823,128,538,0,0,281,0,0,-1,-2480,3,6735
2024/11/4,3:00,6892,0,2094,4927,23,300,857,132,537,0,0,328,0,0,-1,-2308,3,6892
2024/11/4,3:30,7056,0,2068,4962,24,306,855,128,537,0,0,395,0,0,0,-2222,3,7056
2024/11/4,4:00,7136,0,2126,4920,24,303,863,129,540,0,0,465,0,0,-1,-2236,3,7136
2024/11/4,4:30,7331,0,2162,4907,25,303,863,131,538,0,0,556,0,134,-1,-2290,3,7331
2024/11/4,5:00,7332,0,2298,4876,26,304,846,128,537,0,0,576,0,142,-1,-2404,4,7332
2024/11/4,5:30,7388,0,2402,4873,26,302,839,131,536,0,0,575,0,142,-1,-2442,5,7388
2024/11/4,6:00,7340,0,2574,4657,25,295,807,128,525,62,0,575,0,142,-1,-2458,9,7340
2024/11/4,6:30,7541,0,2920,4587,25,299,801,129,505,532,0,540,0,0,-1,-2808,12,7541
2024/11/4,7:00,7358,0,2574,4429,25,296,788,126,505,1342,0,546,0,0,-4,-3290,21,7358
2024/11/4,7:30,7580,0,2636,4187,24,299,791,129,503,2322,0,515,0,-212,-1,-3632,19,7580
2024/11/4,8:00,7599,0,2322,3872,24,289,788,127,499,3242,145,455,47,-222,1,-3814,16,7599
2024/11/4,8:30,7730,0,2294,3313,23,296,789,128,499,4110,154,440,45,-222,-4,-3950,14,7730
2024/11/4,9:00,7768,0,2510,2949,23,258,804,126,485,4788,198,434,36,-222,12,-4416,17,7768
2024/11/4,9:30,7766,0,2452,2532,22,223,805,126,412,5316,218,474,40,-224,-19,-4372,19,7766
2024/11/4,10:00,7695,0,2024,2446,21,222,807,128,363,5681,230,536,38,-222,0,-4328,17,7695
2024/11/4,10:30,7667,0,1900,2476,21,226,808,126,356,5881,238,567,40,-222,-1,-4488,17,7667
2024/11/4,11:00,7639,0,2032,2392,22,220,807,128,356,5920,240,682,38,-222,-36,-4674,12,7639
2024/11/4,11:30,7648,0,2190,2290,21,225,802,125,358,5786,237,830,41,-220,-39,-4736,16,7648
2024/11/4,12:00,7537,0,2424,2254,21,226,802,128,365,5553,228,891,48,-222,-10,-4912,17,7537
2024/11/4,12:30,7396,0,2486,2293,21,225,802,125,373,5203,210,980,53,-220,-2,-4904,14,7396
2024/11/4,13:00,7584,0,2492,2451,22,228,804,125,415,4747,189,1031,57,-220,3,-4530,16,7584
2024/11/4,13:30,7482,0,2184,3011,22,255,801,127,481,4127,167,1109,60,-222,-2,-4424,13,7482
2024/11/4,14:00,7655,0,2450,3683,22,288,813,124,520,3296,140,1159,62,-220,-2,-4496,18,7655
2024/11/4,14:30,7593,0,2438,4407,23,284,819,127,527,2334,110,1118,67,-222,-3,-4280,21,7593
2024/11/4,15:00,7691,0,2864,5045,24,299,849,125,534,1423,79,1050,66,-220,-3,-4316,17,7691
2024/11/4,15:30,7611,0,2354,5392,25,381,898,126,531,639,46,1223,64,0,-7,-3972,21,7611
2024/11/4,16:00,7991,0,2948,5556,26,385,1030,125,537,221,0,1259,0,0,7,-4120,17,7991
2024/11/4,16:30,8127,0,3062,5496,27,382,1044,127,572,1,0,1303,0,0,-2,-3902,17,8127
2024/11/4,17:00,8416,0,3342,5532,29,390,1013,130,579,0,0,1096,0,0,-3,-3708,16,8416
2024/11/4,17:30,8410,0,3252,5559,30,381,998,127,574,0,0,987,0,0,0,-3518,20,8410
2024/11/4,18:00,8410,0,3450,5692,29,380,904,126,569,0,0,926,0,0,35,-3724,23,8410
2024/11/4,18:30,8235,0,3106,5690,29,377,892,129,566,0,0,991,0,0,26,-3588,17,8235
2024/11/4,19:00,8153,0,3062,5689,29,382,851,127,576,0,0,1059,0,0,-1,-3640,19,8153
2024/11/4,19:30,7936,0,2898,5697,28,379,856,127,578,0,0,977,0,0,-1,-3618,15,7936
2024/11/4,20:00,7849,0,2874,5690,27,375,819,129,576,0,0,1000,0,0,-1,-3654,14,7849
2024/11/4,20:30,7742,0,2814,5669,26,373,812,127,569,0,0,1048,0,0,-1,-3712,17,7742
2024/11/4,21:00,7499,0,2772,5636,25,374,825,128,560,0,0,960,0,0,-1,-3796,16,7499
2024/11/4,21:30,7344,0,2636,5640,24,370,833,127,568,0,0,937,0,0,-2,-3796,7,7344
2024/11/4,22:00,7149,0,2098,5650,22,295,837,129,550,0,0,784,0,0,-1,-3230,15,7149
2024/11/4,22:30,7058,0,2112,5644,21,284,834,127,552,0,0,773,0,0,-1,-3300,12,7058
2024/11/4,23:00,6949,0,2206,5566,22,284,841,127,545,0,0,782,0,0,-2,-3428,6,6949
2024/11/4,23:30,6782,0,1950,5524,21,286,857,129,543,0,0,825,0,0,-1,-3356,4,6782
2024/11/5,0:00,6659,0,2428,5621,21,289,853,127,542,0,0,739,0,-212,-2,-3750,3,6659
2024/11/5,0:30,6579,0,2230,5685,21,284,858,129,543,0,0,900,0,-222,-2,-3850,3,6579
2024/11/5,1:00,6536,0,2310,5675,21,282,868,127,544,0,0,887,0,-220,0,-3960,2,6536
2024/11/5,1:30,6515,0,2204,5686,21,283,869,130,544,0,0,915,0,-222,0,-3918,3,6515
2024/11/5,2:00,6721,0,2268,5692,21,285,880,127,543,0,0,944,0,-220,-2,-3820,3,6721
2024/11/5,2:30,6836,0,2120,5727,22,281,896,129,545,0,0,1038,0,-220,-1,-3704,3,6836
2024/11/5,3:00,7067,0,2070,5747,23,285,925,127,547,0,0,1087,0,-220,-1,-3526,3,7067
2024/11/5,3:30,7160,0,2188,5791,23,284,919,127,548,0,0,1054,0,-220,-1,-3556,3,7160
2024/11/5,4:00,7259,0,2208,5799,24,281,922,130,552,0,0,987,0,0,-1,-3646,3,7259
2024/11/5,4:30,7385,0,2382,5704,24,288,930,128,553,0,0,920,0,0,-1,-3546,3,7385
2024/11/5,5:00,7423,0,2572,5516,26,288,910,130,551,0,0,913,0,0,-1,-3486,4,7423
2024/11/5,5:30,7485,0,2572,5420,25,292,910,128,552,0,0,868,0,0,-2,-3284,4,7485
2024/11/5,6:00,7569,0,2786,5401,26,297,900,130,547,40,0,840,0,0,-1,-3404,7,7569
2024/11/5,6:30,7757,0,2928,5414,25,298,890,127,529,403,0,881,0,0,-3,-3748,13,7757
2024/11/5,7:00,7815,0,2732,5383,26,299,885,128,528,972,0,868,0,0,-4,-4026,24,7815
2024/11/5,7:30,7981,0,2458,5350,27,327,877,126,528,1682,0,806,0,0,1,-4218,17,7981
2024/11/5,8:00,8501,0,2950,5235,27,342,837,129,524,2377,0,797,0,0,0,-4732,15,8501
2024/11/5,8:30,8868,0,2720,5270,26,345,819,127,522,2988,0,814,0,0,-6,-4770,13,8868
2024/11/5,9:00,9081,0,2866,5077,27,346,798,128,524,3252,0,783,0,0,0,-4736,16,9081
2024/11/5,9:30,9114,0,2842,5009,26,347,802,126,522,3449,0,728,0,0,0,-4756,19,9114
2024/11/5,10:00,9110,0,2834,4993,27,343,784,126,523,3546,0,683,0,0,-3,-4762,16,9110
2024/11/5,10:30,9054,0,2636,4890,26,344,780,129,520,3593,0,665,0,0,0,-4544,15,9054
2024/11/5,11:00,9047,0,2914,4802,25,340,763,126,522,3481,0,656,0,0,-4,-4590,12,9047
2024/11/5,11:30,9011,0,2954,4852,24,344,756,128,522,3402,0,619,0,0,-6,-4598,14,9011
2024/11/5,12:00,8608,0,2776,4712,23,341,737,127,526,3259,0,576,0,0,-32,-4448,11,8608
2024/11/5,12:30,8592,0,3042,4967,22,341,739,128,524,2915,0,581,0,0,-47,-4628,8,8592
2024/11/5,13:00,9036,0,3566,5244,24,348,751,124,522,2507,0,512,0,0,1,-4578,15,9036
2024/11/5,13:30,9008,0,3646,5411,24,432,761,129,523,2119,0,424,0,0,-1,-4468,8,9008
2024/11/5,14:00,9092,0,3704,5409,25,430,751,127,527,1770,0,343,0,0,1,-4008,13,9092
2024/11/5,14:30,9114,0,4104,5492,26,432,757,129,531,1309,0,298,0,136,-4,-4104,8,9114
2024/11/5,15:00,9082,0,4140,5491,27,429,778,127,532,821,0,272,0,144,-2,-3692,15,9082
2024/11/5,15:30,9086,0,4066,5460,27,432,788,128,527,394,0,272,0,226,-2,-3244,12,9086
2024/11/5,16:00,9339,0,4028,5503,28,434,836,128,537,101,0,228,0,226,1,-2728,17,9339
2024/11/5,16:30,9516,0,4188,5551,29,447,874,130,561,0,0,180,0,228,-1,-2680,9,9516
2024/11/5,17:00,9453,0,4140,5576,30,450,879,129,560,0,0,152,0,228,-3,-2704,16,9453
2024/11/5,17:30,9427,0,4036,5580,30,451,881,129,562,0,0,129,0,228,-2,-2612,15,9427
2024/11/5,18:00,9272,0,4348,5592,30,452,883,131,565,0,0,104,0,230,2,-3084,19,9272
2024/11/5,18:30,9276,0,4430,5584,30,442,877,129,564,0,0,91,0,228,34,-3148,15,9276
2024/11/5,19:00,9040,0,4412,5601,30,437,873,130,563,0,0,77,0,226,26,-3352,17,9040
2024/11/5,19:30,8816,0,4244,5637,29,439,868,129,563,0,0,79,0,0,-1,-3182,11,8816
2024/11/5,20:00,8566,0,3954,5730,28,438,782,131,563,0,0,74,0,0,-1,-3150,17,8566
2024/11/5,20:30,8548,0,4002,5793,28,433,768,129,563,0,0,69,0,0,-1,-3250,14,8548
2024/11/5,21:00,8241,0,3860,5731,27,428,725,131,563,0,0,67,0,0,-1,-3302,12,8241
2024/11/5,21:30,8005,0,3648,5696,26,427,720,129,563,0,0,81,0,0,-1,-3290,6,8005
2024/11/5,22:00,7862,0,3380,5687,24,303,699,131,565,0,0,88,0,0,-1,-3030,16,7862
2024/11/5,22:30,7697,0,3284,5702,24,284,698,129,567,0,0,84,0,0,-1,-3086,12,7697
2024/11/5,23:00,7480,0,2916,5630,24,282,694,131,566,0,0,80,0,0,-1,-2848,6,7480
2024/11/5,23:30,7303,0,2770,5538,23,290,691,129,570,0,0,99,0,0,-1,-2810,4,7303
2024/11/6,0:00,7153,0,2628,5563,22,285,695,131,565,0,0,128,0,0,-1,-2866,3,7153
2024/11/6,0:30,6990,0,2598,5559,21,289,690,129,568,0,0,156,0,0,-2,-3020,2,6990
2024/11/6,1:00,7001,0,2632,5611,20,283,689,131,581,0,0,161,0,0,-1,-3108,2,7001
2024/11/6,1:30,7008,0,2698,5579,20,284,694,129,582,0,0,136,0,0,-1,-3116,3,7008
2024/11/6,2:00,7112,0,2642,5583,21,284,687,131,581,0,0,157,0,0,-1,-2976,3,7112
2024/11/6,2:30,7232,0,2596,5595,22,281,689,129,578,0,0,135,0,0,-2,-2794,3,7232
2024/11/6,3:00,7486,0,2894,5633,23,287,700,131,580,0,0,128,0,0,-1,-2892,3,7486
2024/11/6,3:30,7551,0,2872,5668,24,282,697,128,578,0,0,114,0,0,-1,-2814,3,7551
2024/11/6,4:00,7758,0,3026,5722,25,284,704,131,579,0,0,81,0,0,-1,-2796,3,7758
2024/11/6,4:30,7832,0,3248,5501,25,283,704,128,579,0,0,80,0,0,-1,-2718,3,7832
2024/11/6,5:00,8017,0,3384,5469,26,292,705,128,575,0,0,101,0,0,-36,-2630,3,8017
2024/11/6,5:30,8166,0,3642,5369,26,292,710,131,573,0,0,102,0,0,-39,-2644,4,8166
2024/11/6,6:00,8412,0,3886,5273,27,294,699,128,565,13,0,117,0,0,-6,-2590,6,8412
2024/11/6,6:30,8537,0,3890,5223,27,292,703,129,543,86,0,120,0,0,-2,-2490,16,8537
2024/11/6,7:00,8699,0,3892,5242,27,297,722,127,539,181,0,107,0,0,34,-2492,23,8699
2024/11/6,7:30,8835,0,3810,5238,28,352,726,127,544,366,0,94,0,0,25,-2492,17,8835
2024/11/6,8:00,9332,0,4116,5271,29,424,726,127,543,572,0,90,0,0,2,-2582,14,9332
2024/11/6,8:30,9747,0,4344,5274,31,414,742,130,562,773,0,69,0,0,-2,-2602,12,9747
2024/11/6,9:00,9933,0,4240,5275,31,415,740,128,565,1028,0,60,0,0,-4,-2560,15,9933
2024/11/6,9:30,9990,0,4346,5159,28,421,735,129,566,1263,0,50,0,0,-1,-2724,18,9990
2024/11/6,10:00,9768,0,4196,4907,28,419,724,126,550,1641,0,38,0,0,-2,-2874,15,9768
2024/11/6,10:30,9715,0,3568,4675,26,419,727,128,549,2320,0,34,0,0,0,-2746,15,9715
2024/11/6,11:00,9537,0,3698,4385,26,417,722,126,551,2970,0,42,0,0,-5,-3406,11,9537
2024/11/6,11:30,9500,0,3650,4248,28,422,726,128,551,3367,0,39,0,0,-3,-3670,14,9500
2024/11/6,12:00,8889,0,3632,4212,26,421,728,126,552,3768,0,33,0,0,-3,-4616,10,8889
2024/11/6,12:30,8822,0,3518,4352,26,419,732,128,552,4130,0,27,0,0,-6,-5062,6,8822
2024/11/6,13:00,9112,0,3888,4424,27,427,747,126,553,4132,0,33,0,0,-33,-5226,14,9112
2024/11/6,13:30,9224,0,4312,4735,27,432,758,128,557,3675,0,39,0,0,-45,-5402,8,9224
2024/11/6,14:00,9265,0,4150,5126,28,437,835,126,557,2931,0,53,0,0,0,-4990,12,9265
2024/11/6,14:30,9089,0,4268,5360,28,432,848,125,556,2035,0,69,0,0,-4,-4636,8,9089
2024/11/6,15:00,9222,0,4708,5612,29,436,867,128,558,1098,0,97,0,0,-1,-4322,12,9222
2024/11/6,15:30,9295,0,4746,5773,30,432,877,125,559,459,0,124,0,204,-7,-4038,11,9295
2024/11/6,16:00,9552,0,4378,5804,30,439,894,128,559,123,0,187,0,228,7,-3240,15,9552
2024/11/6,16:30,9754,0,4464,5861,31,444,922,128,580,0,0,391,0,228,11,-3314,8,9754
2024/11/6,17:00,9684,0,4578,5868,32,446,942,129,578,0,0,551,0,146,36,-3638,16,9684
2024/11/6,17:30,9662,0,4474,5925,32,443,935,128,581,0,0,779,0,142,14,-3806,15,9662
2024/11/6,18:00,9601,0,4460,6006,32,443,940,130,576,0,0,910,0,226,-2,-4138,18,9601
2024/11/6,18:30,9561,0,4616,6029,32,445,939,128,585,0,0,807,0,226,-2,-4260,16,9561
2024/11/6,19:00,9323,0,4558,6012,32,448,930,130,584,0,0,874,0,0,-2,-4262,19,9323
2024/11/6,19:30,9072,0,4286,5862,31,444,934,128,581,0,0,1024,0,0,-2,-4228,12,9072
2024/11/6,20:00,8936,0,3534,5789,30,433,865,131,581,0,0,1120,0,0,-1,-3562,16,8936
2024/11/6,20:30,8795,0,3424,5779,29,429,835,129,590,0,0,1098,0,0,0,-3532,14,8795
2024/11/6,21:00,8533,0,3318,5684,28,431,782,130,604,0,0,1147,0,0,-1,-3602,12,8533
2024/11/6,21:30,8268,0,2974,5597,27,432,775,129,615,0,0,1373,0,0,-2,-3658,6,8268
2024/11/6,22:00,8112,0,2708,5472,26,306,761,130,612,0,0,1450,0,0,0,-3370,17,8112
2024/11/6,22:30,7928,0,2708,5409,25,287,758,128,612,0,0,1474,0,0,-1,-3484,12,7928
2024/11/6,23:00,7747,0,2918,5044,24,283,754,130,612,0,0,1491,0,0,-1,-3514,6,7747
2024/11/6,23:30,7529,0,2860,5025,24,282,743,128,610,0,0,1497,0,0,0,-3644,4,7529
2024/11/7,0:00,7296,0,2432,4926,23,283,726,130,608,0,0,1507,0,0,-2,-3340,3,7296
2024/11/7,0:30,7220,0,2476,4902,22,280,735,128,604,0,0,1576,0,0,-1,-3504,2,7220
2024/11/7,1:00,7233,0,2494,4854,21,280,738,130,603,0,0,1560,0,0,-1,-3448,2,7233
2024/11/7,1:30,7202,0,2668,4973,21,275,749,128,616,0,0,1511,0,-212,0,-3530,3,7202
2024/11/7,2:00,7306,0,2576,5170,22,276,762,130,631,0,0,1489,0,-222,-1,-3530,3,7306
2024/11/7,2:30,7493,0,2588,5298,23,270,764,128,633,0,0,1553,0,-222,-1,-3544,3,7493
2024/11/7,3:00,7696,0,2662,5301,24,274,766,130,647,0,0,1516,0,-222,-1,-3404,3,7696
2024/11/7,3:30,7774,0,2798,5344,25,273,785,128,644,0,0,1438,0,-222,-1,-3440,2,7774
2024/11/7,4:00,7963,0,2552,5444,26,273,789,130,642,0,0,1467,0,0,-1,-3362,3,7963
2024/11/7,4:30,8037,0,2478,5513,26,276,790,128,660,0,0,1467,0,0,-2,-3302,3,8037
2024/11/7,5:00,8162,0,2706,5531,27,276,789,131,667,0,0,1323,0,0,-1,-3290,3,8162
2024/11/7,5:30,8377,0,2932,5797,28,276,796,128,664,0,0,1316,0,0,-1,-3562,3,8377
2024/11/7,6:00,8576,0,3176,5869,29,286,781,128,659,25,0,1234,0,0,1,-3618,6,8576
2024/11/7,6:30,8792,0,3488,5762,30,284,773,128,637,366,0,1258,0,0,-2,-3948,16,8792
2024/11/7,7:00,8805,0,3430,5664,29,285,765,126,641,830,0,1247,0,0,-4,-4232,24,8805
2024/11/7,7:30,9041,0,3430,5564,30,313,774,129,639,1468,0,1231,0,0,-4,-4550,17,9041
2024/11/7,8:00,9581,0,3780,5345,32,337,770,126,640,2125,0,1215,0,0,0,-4804,15,9581
2024/11/7,8:30,9808,0,3402,4898,32,340,774,128,633,2680,0,1224,0,0,-5,-4310,12,9808
2024/11/7,9:00,10115,0,3538,4672,32,334,783,126,635,2957,0,1174,0,0,0,-4150,14,10115
2024/11/7,9:30,10119,0,3144,4614,31,336,787,127,639,3425,0,1160,0,0,3,-4164,17,10119
2024/11/7,10:00,9979,0,3084,4502,32,336,787,124,639,3533,0,1153,0,0,-6,-4220,15,9979
2024/11/7,10:30,10224,0,2984,4518,32,335,966,121,641,3679,0,1320,0,-214,1,-4174,15,10224
2024/11/7,11:00,9967,0,2992,4549,32,334,802,120,642,3655,0,1261,0,-222,-1,-4208,11,9967
2024/11/7,11:30,9938,0,3132,4531,31,336,790,123,644,3466,0,1234,0,-222,-7,-4134,14,9938
2024/11/7,12:00,9457,0,2860,4392,31,338,783,125,647,3557,0,1340,0,-220,-23,-4384,11,9457
2024/11/7,12:30,9390,0,2862,4543,31,335,790,128,646,3398,0,1369,0,-222,-51,-4446,7,9390
2024/11/7,13:00,9709,0,2998,4351,31,342,799,125,646,3102,0,1383,0,0,-34,-4048,14,9709
2024/11/7,13:30,9898,0,3518,4732,31,343,804,127,646,2720,0,1285,0,0,-4,-4312,8,9898
2024/11/7,14:00,9905,0,3938,5168,31,342,798,126,647,2154,0,1298,0,0,-1,-4608,12,9905
2024/11/7,14:30,9836,0,4060,5342,32,351,802,128,646,1557,0,1349,0,0,-7,-4432,8,9836
2024/11/7,15:00,9938,0,3900,5494,32,436,831,126,648,1031,0,1431,0,0,-11,-3992,12,9938
2024/11/7,15:30,10008,0,4380,5628,33,444,840,128,643,500,0,1436,0,0,-5,-4030,11,10008
2024/11/7,16:00,10227,0,4618,5708,33,450,900,126,645,121,0,1432,0,136,1,-3958,15,10227
2024/11/7,16:30,10596,0,5192,5752,34,444,918,130,679,0,0,1393,0,142,2,-4098,8,10596
2024/11/7,17:00,10407,0,5088,5863,35,442,934,127,679,0,0,1345,0,142,6,-4270,16,10407
2024/11/7,17:30,10423,0,5002,6003,36,441,936,128,681,0,0,1313,0,142,36,-4310,15,10423
2024/11/7,18:00,10298,0,5034,5988,36,443,920,131,681,0,0,1281,0,0,33,-4268,19,10298
2024/11/7,18:30,10161,0,4848,5970,35,442,919,128,678,0,0,1329,0,0,-2,-4202,16,10161
2024/11/7,19:00,9991,0,4844,5906,35,442,919,130,683,0,0,1336,0,0,-1,-4322,19,9991
2024/11/7,19:30,9731,0,4648,5685,34,443,924,128,673,0,0,1244,0,0,-2,-4058,12,9731
2024/11/7,20:00,9553,0,4432,5628,33,428,873,129,674,0,0,1218,0,0,-1,-3878,17,9553
2024/11/7,20:30,9382,0,4220,5628,32,429,866,128,675,0,0,1234,0,0,-2,-3840,12,9382
2024/11/7,21:00,9036,0,3830,5600,31,425,817,130,674,0,0,1144,0,0,-1,-3626,12,9036
2024/11/7,21:30,8808,0,3688,5451,29,425,817,127,672,0,0,1228,0,0,-2,-3634,7,8808
2024/11/7,22:00,8569,0,3426,5097,27,307,811,130,678,0,0,1133,0,0,-2,-3054,16,8569
2024/11/7,22:30,8177,0,2918,4980,26,281,810,129,680,0,0,1185,0,0,-2,-2842,12,8177
2024/11/7,23:00,8106,0,2622,4948,26,282,789,130,679,0,0,1139,0,0,-1,-2514,6,8106
2024/11/7,23:30,7859,0,2642,4971,25,280,784,128,676,0,0,1060,0,0,-1,-2710,4,7859
2024/11/8,0:00,7655,0,2442,5152,24,277,763,131,683,0,0,1053,0,0,-1,-2872,3,7655
2024/11/8,0:30,7477,0,2392,5163,23,276,762,128,676,0,0,934,0,0,-2,-2878,3,7477
2024/11/8,1:00,7452,0,2480,5211,23,272,762,128,665,0,0,897,0,0,-2,-2986,2,7452
2024/11/8,1:30,7401,0,2390,5383,22,273,763,130,662,0,0,814,0,0,-1,-3038,3,7401
2024/11/8,2:00,7587,0,2434,5437,23,273,758,128,660,0,0,820,0,0,-1,-2948,3,7587
2024/11/8,2:30,7677,0,2560,5395,24,274,764,130,665,0,0,706,0,0,-2,-2842,3,7677
2024/11/8,3:00,7861,0,2608,5517,25,269,763,128,674,0,0,663,0,0,-1,-2788,3,7861
2024/11/8,3:30,8019,0,2736,5618,26,275,762,130,675,0,0,570,0,0,-1,-2774,2,8019
2024/11/8,4:00,8190,0,3204,5611,26,276,763,128,674,0,0,496,0,0,-1,-2990,3,8190
2024/11/8,4:30,8218,0,2974,5638,27,272,760,130,659,0,0,458,0,0,-1,-2702,3,8218
2024/11/8,5:00,8424,0,2996,5630,28,276,753,128,658,0,0,383,0,0,-1,-2430,3,8424
2024/11/8,5:30,8626,0,3274,5646,29,277,755,129,658,0,0,311,0,0,-1,-2456,4,8626
2024/11/8,6:00,8869,0,3730,5619,30,283,791,128,658,25,0,272,0,0,5,-2678,6,8869
2024/11/8,6:30,9117,0,4170,5529,30,291,782,128,632,347,0,225,0,0,-10,-3024,17,9117
2024/11/8,7:00,8951,0,3876,5317,30,297,785,126,634,875,0,200,0,0,-1,-3210,22,8951
2024/11/8,7:30,9159,0,3630,5239,30,317,786,127,633,1608,0,166,0,0,-3,-3392,18,9159
2024/11/8,8:00,9537,0,3794,5132,30,331,785,128,634,2435,0,142,0,0,0,-3888,14,9537
2024/11/8,8:30,9754,0,3286,4886,31,331,783,126,628,3143,0,122,0,0,-3,-3592,13,9754
2024/11/8,9:00,9938,0,3482,4661,30,335,784,128,631,3719,0,135,0,0,3,-3984,14,9938
2024/11/8,9:30,9967,0,3718,4601,30,330,782,125,627,4018,0,134,0,0,-3,-4412,17,9967
2024/11/8,10:00,9760,0,3222,4633,29,334,779,129,629,4134,0,139,0,0,-7,-4276,15,9760
2024/11/8,10:30,9727,0,3368,4647,28,335,777,126,629,4175,0,153,0,-212,1,-4314,14,9727
2024/11/8,11:00,9674,0,3460,4461,27,332,778,128,632,4211,0,195,0,-222,1,-4340,11,9674
2024/11/8,11:30,9569,0,3462,4334,27,331,781,126,630,4103,0,220,0,-222,-1,-4236,14,9569
2024/11/8,12:00,9151,0,3316,3961,26,326,783,128,632,3858,0,251,0,-222,-44,-3876,12,9151
2024/11/8,12:30,8895,0,2890,3573,25,329,777,126,630,3777,0,295,0,0,-37,-3496,6,8895
2024/11/8,13:00,9343,0,3340,3802,26,331,785,126,630,3453,0,382,0,0,-2,-3544,14,9343
2024/11/8,13:30,9409,0,3382,4212,26,341,785,127,631,3027,0,426,0,0,-4,-3552,8,9409
2024/11/8,14:00,9472,0,3516,4451,26,339,791,126,631,2554,0,542,0,0,0,-3518,14,9472
2024/11/8,14:30,9445,0,3872,4656,27,382,803,128,631,1967,0,603,0,0,-5,-3630,11,9445
2024/11/8,15:00,9336,0,3942,4926,28,430,826,126,632,1243,0,674,0,0,-1,-3504,14,9336
2024/11/8,15:30,9550,0,4486,5045,29,428,883,128,630,567,0,683,0,202,-6,-3536,11,9550
2024/11/8,16:00,9703,0,4458,5048,30,433,963,125,633,168,0,766,0,228,5,-3170,16,9703
2024/11/8,16:30,10022,0,4846,5300,32,436,1001,129,656,0,0,816,0,230,-3,-3430,9,10022
2024/11/8,17:00,9949,0,4740,5392,33,444,1017,127,664,0,0,925,0,228,29,-3666,16,9949
2024/11/8,17:30,9939,0,4838,5371,33,442,1013,129,659,0,0,894,0,226,35,-3716,15,9939
2024/11/8,18:00,9841,0,5094,5340,34,437,1001,126,656,0,0,922,0,0,-2,-3788,21,9841
2024/11/8,18:30,9679,0,4500,5448,33,429,998,127,661,0,0,1002,0,0,-1,-3532,14,9679
2024/11/8,19:00,9542,0,4614,5605,33,423,983,130,660,0,0,1023,0,0,-2,-3942,15,9542
2024/11/8,19:30,9392,0,4512,5617,33,423,976,128,655,0,0,1014,0,0,-2,-3980,16,9392
2024/11/8,20:00,9240,0,4426,5647,32,423,882,129,653,0,0,1009,0,0,-1,-3974,14,9240
2024/11/8,20:30,9103,0,4416,5797,31,423,871,127,656,0,0,1013,0,0,-1,-4242,12,9103
2024/11/8,21:00,8878,0,4010,5827,30,427,813,128,655,0,0,1060,0,0,-2,-4086,16,8878
2024/11/8,21:30,8465,0,3414,5790,29,423,808,127,652,0,0,1079,0,0,-1,-3862,6,8465
2024/11/8,22:00,8333,0,2734,5670,27,299,810,129,657,0,0,1146,0,0,-1,-3154,16,8333
2024/11/8,22:30,8129,0,2592,5657,26,285,805,127,652,0,0,1185,0,0,-2,-3210,12,8129
2024/11/8,23:00,8032,0,2544,5664,26,284,787,129,654,0,0,1156,0,0,-1,-3222,11,8032
2024/11/8,23:30,7791,0,2280,5680,25,288,780,126,650,0,0,1204,0,0,-2,-3250,10,7791
2024/11/9,0:00,7589,0,2274,5650,24,278,760,127,650,0,0,1211,0,0,-2,-3386,3,7589
2024/11/9,0:30,7390,0,1938,5664,23,280,755,129,651,0,0,1202,0,0,-1,-3254,3,7390
2024/11/9,1:00,7448,0,1824,5671,23,273,759,126,650,0,0,1210,0,0,-1,-3090,3,7448
2024/11/9,1:30,7428,0,1908,5468,23,274,756,129,651,0,0,1237,0,0,-1,-3020,3,7428
2024/11/9,2:00,7552,0,1968,5526,23,274,761,127,651,0,0,1300,0,0,-3,-3078,3,7552
2024/11/9,2:30,7684,0,2126,5557,24,271,760,126,652,0,0,1245,0,0,0,-3080,3,7684
2024/11/9,3:00,7819,0,2372,5496,25,272,747,127,651,0,0,1197,0,0,-1,-3070,3,7819
2024/11/9,3:30,7899,0,2380,5546,26,273,732,128,652,0,0,1242,0,0,-1,-3082,3,7899
2024/11/9,4:00,7994,0,2390,5536,27,278,728,127,664,0,0,1288,0,0,-2,-3044,2,7994
2024/11/9,4:30,8007,0,2460,5527,27,276,726,128,669,0,0,1144,0,0,-1,-2952,3,8007
2024/11/9,5:00,8062,0,2738,5559,28,281,728,127,666,0,0,1010,0,0,-2,-3076,3,8062
2024/11/9,5:30,8040,0,2860,5452,28,284,722,128,665,0,0,904,0,0,-1,-3006,4,8040
2024/11/9,6:00,8104,0,2772,5353,28,285,725,126,672,19,0,830,0,0,3,-2716,7,8104
2024/11/9,6:30,8243,0,2874,5381,29,286,721,125,650,399,0,706,0,0,-9,-2930,11,8243
2024/11/9,7:00,8137,0,2674,5168,28,288,714,128,651,964,0,584,0,0,1,-3086,23,8137
2024/11/9,7:30,8287,0,2626,4955,28,323,719,125,648,1679,0,465,0,0,2,-3300,17,8287
2024/11/9,8:00,8471,0,2882,5022,27,336,714,128,649,2352,0,372,0,0,-7,-4018,14,8471
2024/11/9,8:30,8357,0,2406,4474,27,343,724,125,650,3084,0,287,0,-212,3,-3572,18,8357
2024/11/9,9:00,8410,0,2146,4202,26,339,719,127,652,3776,0,237,0,-222,2,-3608,14,8410
2024/11/9,9:30,8385,0,2048,4108,25,332,717,125,649,4330,0,207,0,-224,1,-3948,15,8385
2024/11/9,10:00,8242,0,1892,4228,27,278,724,126,651,4675,0,222,0,-222,-7,-4370,18,8242
2024/11/9,10:30,8060,0,1616,4058,27,256,720,128,649,4809,0,212,0,-222,-4,-4204,15,8060
2024/11/9,11:00,7969,0,1418,3985,27,258,720,125,649,4864,0,231,0,-222,-5,-4094,13,7969
2024/11/9,11:30,7979,0,1636,3859,28,258,717,127,650,4921,0,183,0,-222,-3,-4190,15,7979
2024/11/9,12:00,7827,0,1698,4024,27,263,714,125,651,4744,0,193,0,-222,-42,-4358,10,7827
2024/11/9,12:30,7579,0,1594,4079,27,257,719,125,650,4504,0,190,0,-220,-38,-4314,6,7579
2024/11/9,13:00,7670,0,1790,4219,27,320,723,127,651,4181,0,188,0,-222,-3,-4344,13,7670
2024/11/9,13:30,7671,0,2046,4621,26,339,730,125,651,3557,0,208,0,-220,0,-4420,8,7671
2024/11/9,14:00,7636,0,2364,4875,26,339,733,127,653,2891,0,216,0,-222,1,-4378,11,7636
2024/11/9,14:30,7588,0,2624,5176,26,342,738,125,651,2189,0,232,0,-220,-6,-4296,7,7588
2024/11/9,15:00,7720,0,3036,5318,26,371,760,127,653,1308,0,227,0,0,4,-4122,12,7720
2024/11/9,15:30,7557,0,3070,5262,27,435,779,124,651,595,0,216,0,0,-7,-3606,11,7557
2024/11/9,16:00,7917,0,3170,5112,28,430,902,125,651,151,0,203,0,0,0,-2870,15,7917
2024/11/9,16:30,8323,0,3442,5577,30,432,920,128,675,1,0,210,0,0,-3,-3100,11,8323
2024/11/9,17:00,8468,0,3398,5714,32,439,904,126,678,0,0,206,0,0,-5,-3042,18,8468
2024/11/9,17:30,8635,0,3674,5745,33,443,903,128,681,0,0,191,0,138,2,-3318,15,8635
2024/11/9,18:00,8541,0,3540,5818,33,443,899,125,678,0,0,168,0,228,-2,-3408,19,8541
2024/11/9,18:30,8506,0,3502,5820,32,430,906,128,680,0,0,134,0,228,-1,-3368,15,8506
2024/11/9,19:00,8387,0,3446,5684,32,426,899,126,681,0,0,121,0,228,1,-3274,17,8387
2024/11/9,19:30,8342,0,3610,5690,31,423,903,126,681,0,0,106,0,226,35,-3500,11,8342
2024/11/9,20:00,8172,0,3342,5726,30,430,809,128,679,0,0,87,0,226,26,-3326,15,8172
2024/11/9,20:30,7998,0,3438,5645,30,423,792,127,683,0,0,77,0,2,-1,-3230,12,7998
2024/11/9,21:00,7846,0,3154,5417,29,429,772,129,680,0,0,79,0,0,-1,-2854,12,7846
2024/11/9,21:30,7581,0,2840,5327,28,431,768,126,679,0,0,53,0,0,-2,-2676,7,7581
2024/11/9,22:00,7486,0,2974,5348,26,306,754,129,681,0,0,47,0,0,-1,-2792,14,7486
2024/11/9,22:30,7366,0,3034,5394,25,285,753,127,682,0,0,61,0,0,-1,-3006,12,7366
2024/11/9,23:00,7288,0,2980,5237,25,285,753,129,685,0,0,62,0,0,-1,-2874,7,7288
2024/11/9,23:30,7122,0,2886,5114,25,287,754,126,684,0,0,59,0,0,-1,-2816,4,7122
2024/11/10,0:00,6951,0,2574,5087,23,277,736,126,684,0,0,70,0,0,-1,-2628,3,6951
2024/11/10,0:30,6808,0,2502,5056,23,281,736,130,684,0,0,72,0,0,-1,-2678,3,6808
2024/11/10,1:00,6888,0,2662,5030,22,280,730,126,687,0,0,58,0,0,0,-2710,3,6888
2024/11/10,1:30,6882,0,2608,5026,22,276,736,129,683,0,0,70,0,0,-1,-2670,3,6882
2024/11/10,2:00,7014,0,2456,5014,23,274,729,127,684,0,0,74,0,0,-2,-2368,3,7014
2024/11/10,2:30,7205,0,2516,5040,23,275,730,128,682,0,0,99,0,0,-1,-2290,3,7205
2024/11/10,3:00,7389,0,2724,4983,25,278,730,128,687,0,0,120,0,0,-1,-2288,3,7389
2024/11/10,3:30,7451,0,2714,4988,26,279,731,126,685,0,0,134,0,0,-1,-2234,3,7451
2024/11/10,4:00,7564,0,2722,5012,26,275,733,130,686,0,0,152,0,0,-1,-2174,3,7564
2024/11/10,4:30,7706,0,2884,5071,27,280,734,127,687,0,0,148,0,0,-1,-2254,3,7706
2024/11/10,5:00,7699,0,2736,5058,27,280,727,130,686,0,0,183,0,0,-1,-2130,3,7699
2024/11/10,5:30,7761,0,2864,4963,27,279,719,126,687,0,0,196,0,0,-2,-2102,4,7761
2024/11/10,6:00,7710,0,2736,5004,27,281,701,130,689,13,0,217,0,0,-1,-2096,9,7710
2024/11/10,6:30,7912,0,3122,4860,27,279,687,125,652,387,0,235,0,0,-4,-2470,12,7912
2024/11/10,7:00,7665,0,2684,4629,27,281,680,125,655,1076,0,251,0,0,-7,-2756,20,7665
2024/11/10,7:30,7740,0,2228,4462,26,278,685,128,652,2001,0,210,0,0,2,-2950,18,7740
2024/11/10,8:00,7698,0,2510,4073,25,282,682,125,653,2941,0,145,0,0,4,-3756,14,7698
2024/11/10,8:30,7799,0,2486,3740,24,282,688,128,652,3766,0,104,0,-2,-3,-4078,12,7799
2024/11/10,9:00,7751,0,2590,3360,23,278,699,125,650,4345,0,89,0,-210,7,-4220,15,7751
2024/11/10,9:30,7672,0,2416,3220,22,246,701,127,651,4777,0,57,0,-222,-2,-4338,17,7672
2024/11/10,10:00,7541,0,2344,2931,22,216,700,125,652,4996,0,39,0,-222,-8,-4268,14,7541
2024/11/10,10:30,7325,0,2030,2860,21,213,697,124,651,5051,0,31,0,-222,-11,-4134,14,7325
2024/11/10,11:00,7334,0,1810,2806,21,215,702,127,653,5031,0,34,0,-222,-6,-3848,11,7334
2024/11/10,11:30,7393,0,2188,2912,22,212,702,124,653,4915,0,34,0,-222,-23,-4138,14,7393
2024/11/10,12:00,7372,0,2336,2880,22,215,710,127,654,4580,0,36,0,-220,-29,-3952,13,7372
2024/11/10,12:30,7042,0,1792,2842,21,217,711,125,650,4289,0,44,0,-222,-39,-3394,6,7042
2024/11/10,13:00,7168,0,1716,2876,22,217,716,125,654,3934,0,40,0,-220,-9,-2916,13,7168
2024/11/10,13:30,7040,0,1926,3172,22,258,716,127,654,3322,0,33,0,-220,-7,-2970,7,7040
2024/11/10,14:00,7067,0,2456,3639,22,284,709,124,655,2543,0,33,0,-220,-5,-3186,13,7067
2024/11/10,14:30,7069,0,2560,4058,22,288,719,128,653,1868,0,29,0,-2,-4,-3262,12,7069
2024/11/10,15:00,7127,0,3218,4549,23,310,749,123,651,1137,0,34,0,0,-1,-3678,12,7127
2024/11/10,15:30,7207,0,3538,4790,25,361,771,122,655,431,0,41,0,0,-4,-3534,11,7207
2024/11/10,16:00,7420,0,2894,4984,26,363,894,124,656,101,0,54,0,0,3,-2694,15,7420
2024/11/10,16:30,7928,0,3410,5084,28,367,918,125,683,0,0,76,0,0,-3,-2774,14,7928
2024/11/10,17:00,8184,0,3576,5158,29,363,912,126,686,0,0,100,0,136,-4,-2918,20,8184
2024/11/10,17:30,8225,0,3410,5188,31,372,911,124,687,0,0,108,0,142,-1,-2762,15,8225
2024/11/10,18:00,8322,0,3306,5005,30,375,907,126,688,0,0,134,0,142,-1,-2410,20,8322
2024/11/10,18:30,8234,0,3306,4938,30,373,903,124,685,0,0,155,0,144,-1,-2438,15,8234
2024/11/10,19:00,8188,0,3342,4933,30,375,897,125,691,0,0,172,0,142,-1,-2534,16,8188
2024/11/10,19:30,8013,0,3132,4933,29,371,892,126,692,0,0,223,0,140,-1,-2536,12,8013
2024/11/10,20:00,7934,0,3042,4918,28,377,844,125,691,0,0,228,0,0,-2,-2332,15,7934
2024/11/10,20:30,7826,0,3160,4852,28,373,789,126,688,0,0,220,0,0,2,-2424,12,7826
2024/11/10,21:00,7622,0,3560,4836,27,373,743,125,690,0,0,229,0,0,35,-3008,12,7622
2024/11/10,21:30,7341,0,3266,4832,26,370,741,124,684,0,0,213,0,0,25,-2946,6,7341
2024/11/10,22:00,7207,0,2654,4716,24,292,721,126,677,0,0,193,0,0,0,-2212,16,7207
2024/11/10,22:30,6995,0,2614,4709,23,279,717,124,673,0,0,200,0,0,-2,-2354,12,6995
2024/11/10,23:00,6909,0,2400,4677,24,283,718,126,669,0,0,217,0,0,-1,-2210,6,6909
2024/11/10,23:30,6790,0,2192,4702,23,284,722,124,671,0,0,192,0,0,-1,-2122,3,6790
2024/11/11,0:00,6627,0,2386,4717,22,279,708,126,669,0,0,187,0,0,-2,-2468,3,6627
2024/11/11,0:30,6546,0,2324,4757,21,276,710,124,673,0,0,188,0,0,-1,-2528,2,6546
2024/11/11,1:00,6493,0,2210,4752,21,277,711,124,670,0,0,165,0,0,-1,-2438,2,6493
2024/11/11,1:30,6597,0,2340,4768,21,275,708,126,667,0,0,177,0,0,-1,-2486,2,6597
2024/11/11,2:00,6702,0,2194,4722,22,276,711,124,671,0,0,168,0,0,-1,-2188,3,6702
2024/11/11,2:30,6855,0,2176,4737,22,271,706,126,669,0,0,182,0,0,-1,-2036,3,6855
2024/11/11,3:00,7060,0,2238,4766,23,275,701,124,669,0,0,190,0,0,-1,-1928,3,7060
2024/11/11,3:30,7139,0,2160,4812,24,274,708,124,665,0,0,219,0,0,-1,-1848,2,7139
2024/11/11,4:00,7444,0,2372,4911,25,275,702,126,664,0,0,229,0,0,-2,-1860,2,7444
2024/11/11,4:30,7463,0,2324,4948,26,273,706,124,665,0,0,245,0,0,-24,-1826,2,7463
2024/11/11,5:00,7674,0,2402,5076,26,279,707,126,665,0,0,253,0,0,-1,-1862,3,7674
2024/11/11,5:30,7718,0,2334,5224,26,281,707,124,665,0,0,266,0,0,-2,-1910,3,7718
2024/11/11,6:00,7893,0,2544,5292,26,282,709,126,667,2,0,255,0,0,2,-2018,6,7893
2024/11/11,6:30,8174,0,3014,5292,27,285,703,122,640,205,0,245,0,0,13,-2384,12,8174
2024/11/11,7:00,8110,0,3164,5443,28,283,697,123,640,548,0,239,0,0,3,-3078,20,8110
2024/11/11,7:30,8460,0,3216,5612,27,338,702,125,640,1028,0,255,0,0,-5,-3498,20,8460
2024/11/11,8:00,8874,0,3606,5574,27,420,688,123,640,1846,0,273,0,0,-4,-4334,15,8874
2024/11/11,8:30,9023,0,2866,5363,27,340,673,125,639,2832,0,289,0,0,-1,-4142,12,9023
2024/11/11,9:00,9118,0,2670,5078,27,333,686,122,636,3848,0,354,0,0,0,-4650,14,9118
2024/11/11,9:30,9199,0,2604,4774,27,324,698,125,638,4477,0,401,0,0,-1,-4886,18,9199
2024/11/11,10:00,9047,0,2612,4402,25,331,690,122,636,4739,0,392,0,0,-1,-4916,15,9047
2024/11/11,10:30,9137,0,2790,4450,25,327,685,123,635,4983,0,372,0,-210,-5,-5052,14,9137
2024/11/11,11:00,9034,0,2614,4436,25,326,699,124,632,5169,0,374,0,-222,-2,-5152,11,9034
2024/11/11,11:30,9017,0,2618,4318,24,328,705,122,637,5111,0,380,0,-220,-2,-5018,14,9017
2024/11/11,12:00,8560,0,2388,4274,24,331,700,124,636,4949,0,373,0,-222,-3,-5024,10,8560
2024/11/11,12:30,8509,0,2392,4313,23,328,700,123,634,4742,0,435,0,-220,-3,-4964,6,8509
2024/11/11,13:00,8916,0,2740,4675,24,331,710,122,634,4281,0,477,0,-220,-35,-4836,13,8916
2024/11/11,13:30,8987,0,2702,5037,26,334,710,124,636,3823,0,498,0,0,-43,-4866,6,8987
2024/11/11,14:00,9019,0,3046,5368,27,335,713,122,633,3100,0,523,0,0,2,-4862,12,9019
2024/11/11,14:30,9014,0,3498,5777,27,345,720,124,637,2192,0,534,0,0,-6,-4842,8,9014
2024/11/11,15:00,9070,0,3692,5814,27,428,734,122,634,1248,0,526,0,0,-1,-4166,12,9070
2024/11/11,15:30,8967,0,3862,5759,28,424,741,123,636,499,0,507,0,0,-3,-3620,11,8967
2024/11/11,16:00,9273,0,4010,5797,29,428,809,124,645,105,0,527,0,138,0,-3354,15,9273
2024/11/11,16:30,9510,0,4506,5896,30,435,835,124,671,0,0,562,0,142,-3,-3696,8,9510
2024/11/11,17:00,9391,0,4394,5921,31,438,835,126,674,0,0,537,0,142,-3,-3720,16,9391
2024/11/11,17:30,9280,0,4258,5905,31,436,849,124,670,0,0,555,0,142,1,-3706,15,9280
2024/11/11,18:00,9174,0,4114,5906,31,437,859,126,671,0,0,566,0,142,-1,-3696,19,9174
2024/11/11,18:30,9093,0,4094,5896,30,426,860,124,671,0,0,581,0,142,10,-3756,15,9093
2024/11/11,19:00,8874,0,4196,5912,30,424,838,124,671,0,0,570,0,0,1,-3908,16,8874
2024/11/11,19:30,8699,0,4132,5895,29,421,840,127,672,0,0,514,0,0,0,-3942,11,8699
2024/11/11,20:00,8533,0,3910,5909,28,424,763,125,671,0,0,414,0,0,-1,-3726,16,8533
2024/11/11,20:30,8390,0,3754,5907,28,420,744,126,672,0,0,356,0,0,-11,-3618,12,8390
2024/11/11,21:00,8145,0,3540,5904,27,425,699,125,673,0,0,303,0,0,0,-3562,11,8145
2024/11/11,21:30,7926,0,3422,5840,25,420,703,127,671,0,0,239,0,0,-2,-3524,5,7926
2024/11/11,22:00,7853,0,3332,5859,24,299,706,125,676,0,0,187,0,0,-1,-3368,14,7853
2024/11/11,22:30,7612,0,2824,5775,23,279,702,127,673,0,0,182,0,0,-2,-2986,15,7612
2024/11/11,23:00,7545,0,2742,5711,24,278,704,125,673,0,0,209,0,0,-1,-2928,8,7545
2024/11/11,23:30,7412,0,2554,5720,23,281,699,127,672,0,0,219,0,0,-1,-2886,4,7412
2024/11/12,0:00,7146,0,1996,5675,22,284,696,125,684,0,0,239,0,0,-1,-2576,2,7146
2024/11/12,0:30,7075,0,1950,5746,21,280,689,127,684,0,0,265,0,0,-1,-2688,2,7075
2024/11/12,1:00,7129,0,2294,5681,21,278,689,125,691,0,0,255,0,0,-1,-2906,2,7129
2024/11/12,1:30,7109,0,2236,5678,21,276,693,125,692,0,0,225,0,0,-1,-2838,2,7109
2024/11/12,2:00,7298,0,2096,5702,21,280,686,127,693,0,0,239,0,0,-1,-2548,3,7298
2024/11/12,2:30,7443,0,2224,5661,22,277,689,125,692,0,0,270,0,0,-1,-2518,2,7443
2024/11/12,3:00,7680,0,2512,5696,24,276,685,127,693,0,0,323,0,0,-1,-2658,3,7680
2024/11/12,3:30,7794,0,2656,5705,24,276,690,125,690,0,0,337,0,0,-1,-2710,2,7794
2024/11/12,4:00,7943,0,2738,5720,25,280,688,126,691,0,0,340,0,0,-1,-2666,2,7943
2024/11/12,4:30,8061,0,2840,5710,25,279,686,125,689,0,0,372,0,0,-1,-2666,2,8061
2024/11/12,5:00,8196,0,2862,5711,26,280,682,127,689,0,0,394,0,0,-2,-2576,3,8196
2024/11/12,5:30,8366,0,3026,5717,27,280,681,125,691,0,0,368,0,0,-1,-2552,4,8366
2024/11/12,6:00,8453,0,3224,5722,27,289,683,127,692,11,0,384,0,0,4,-2716,6,8453
2024/11/12,6:30,8695,0,3248,5814,27,290,671,123,669,340,0,394,0,0,20,-2916,15,8695
2024/11/12,7:00,8513,0,2640,5728,27,301,673,126,673,917,0,404,0,0,34,-3030,20,8513
2024/11/12,7:30,8788,0,2686,5779,26,324,675,123,672,1641,0,385,0,0,-5,-3536,18,8788
2024/11/12,8:00,9078,0,3268,5645,27,347,675,124,670,2400,0,337,0,0,3,-4432,14,9078
2024/11/12,8:30,9479,0,3132,5605,27,351,683,125,670,3102,0,261,0,0,-5,-4484,12,9479
2024/11/12,9:00,9456,0,3176,5343,26,353,686,123,670,3758,0,237,0,0,-1,-4930,15,9456
2024/11/12,9:30,9451,0,3112,5030,27,350,693,125,670,4226,0,188,0,0,1,-4988,17,9451
2024/11/12,10:00,9276,0,2824,5010,28,351,692,123,670,4469,0,154,0,0,-6,-5054,15,9276
2024/11/12,10:30,9263,0,2750,4983,28,349,697,125,673,4805,0,132,0,-210,-3,-5080,14,9263
2024/11/12,11:00,9249,0,2588,4947,26,419,694,123,669,4882,0,143,0,-222,1,-5032,11,9249
2024/11/12,11:30,9197,0,2834,5017,25,353,694,125,668,4432,0,234,0,-220,-2,-4978,15,9197
2024/11/12,12:00,8811,0,2784,5015,25,357,697,123,671,3953,0,317,0,-222,-3,-4916,10,8811
2024/11/12,12:30,8671,0,3010,5009,25,351,700,123,669,3524,0,358,0,-220,0,-4884,6,8671
2024/11/12,13:00,9091,0,3152,5164,26,355,707,123,668,3028,0,319,0,0,3,-4468,14,9091
2024/11/12,13:30,9113,0,3432,5305,26,358,710,122,667,2595,0,370,0,0,-1,-4478,7,9113
2024/11/12,14:00,9236,0,3546,5519,27,379,710,124,669,2069,0,380,0,0,-4,-4194,11,9236
2024/11/12,14:30,9105,0,3700,5531,27,421,710,123,670,1453,0,407,0,0,2,-3946,7,9105
2024/11/12,15:00,9106,0,3920,5535,27,454,714,125,667,845,0,415,0,0,-2,-3606,12,9106
2024/11/12,15:30,9385,0,4912,5694,28,449,736,123,667,384,0,431,0,0,-24,-4026,11,9385
2024/11/12,16:00,9449,0,4866,5821,29,449,809,123,673,77,0,439,0,0,-40,-3812,15,9449
2024/11/12,16:30,9611,0,4714,5880,30,446,826,127,694,0,0,442,0,202,-20,-3738,8,9611
2024/11/12,17:00,9512,0,4610,5851,31,448,834,125,690,0,0,445,0,228,-4,-3762,16,9512
2024/11/12,17:30,9422,0,4504,5837,31,446,837,126,690,0,0,517,0,228,-1,-3808,15,9422
2024/11/12,18:00,9301,0,4462,5797,31,439,831,125,692,0,0,669,0,228,-1,-3990,18,9301
2024/11/12,18:30,9240,0,4592,5770,31,436,838,126,694,0,0,765,0,228,2,-4262,20,9240
2024/11/12,19:00,8993,0,4056,5792,30,438,811,128,697,0,0,986,0,226,35,-4222,16,8993
2024/11/12,19:30,8856,0,4332,5802,30,434,799,129,697,0,0,925,0,0,27,-4330,11,8856
2024/11/12,20:00,8627,0,3658,5782,29,437,745,131,692,0,0,724,0,0,-1,-3586,16,8627
2024/11/12,20:30,8494,0,3670,5769,28,435,734,129,695,0,0,585,0,0,-1,-3562,12,8494
2024/11/12,21:00,8227,0,3196,5730,27,438,708,130,690,0,0,733,0,0,-2,-3434,11,8227
2024/11/12,21:30,7999,0,2946,5716,26,355,711,129,688,0,0,727,0,0,-1,-3304,6,7999
2024/11/12,22:00,7859,0,2860,5630,24,299,694,130,692,0,0,722,0,0,0,-3208,16,7859
2024/11/12,22:30,7714,0,2748,5586,23,290,699,128,689,0,0,855,0,0,-2,-3314,12,7714
2024/11/12,23:00,7614,0,2670,5581,24,289,702,129,695,0,0,852,0,0,0,-3334,6,7614
2024/11/12,23:30,7436,0,2200,5618,23,293,700,129,692,0,0,948,0,0,-2,-3168,3,7436
2024/11/13,0:00,7216,0,2058,5525,22,284,700,129,694,0,0,1069,0,0,-1,-3266,2,7216
2024/11/13,0:30,7140,0,1998,5483,21,285,703,130,699,0,0,1172,0,0,-1,-3352,2,7140
2024/11/13,1:00,7101,0,2044,5430,21,281,703,127,695,0,0,1211,0,0,-1,-3412,2,7101
2024/11/13,1:30,7141,0,2102,5520,21,286,714,129,697,0,0,1189,0,0,-1,-3518,2,7141
2024/11/13,2:00,7275,0,2274,5559,21,286,719,127,695,0,0,1129,0,0,-1,-3536,2,7275
2024/11/13,2:30,7400,0,2392,5542,22,285,724,129,697,0,0,1031,0,0,-1,-3424,3,7400
2024/11/13,3:00,7576,0,2538,5586,23,284,741,128,703,0,0,934,0,0,-1,-3362,2,7576
2024/11/13,3:30,7680,0,2718,5643,24,288,747,128,697,0,0,804,0,0,-1,-3370,2,7680
2024/11/13,4:00,7810,0,2828,5644,25,284,742,130,698,0,0,722,0,0,-1,-3264,2,7810
2024/11/13,4:30,7975,0,3016,5719,25,294,743,128,697,0,0,644,0,0,-9,-3284,2,7975
2024/11/13,5:00,8085,0,3126,5723,26,288,742,129,694,0,0,607,0,0,-1,-3252,3,8085
2024/11/13,5:30,8162,0,3170,5734,27,291,736,128,697,0,0,514,0,0,-1,-3138,4,8162
2024/11/13,6:00,8299,0,3032,5654,27,295,738,130,699,6,0,397,0,0,0,-2684,5,8299
2024/11/13,6:30,8502,0,3432,5499,27,296,724,126,668,316,0,335,0,0,4,-2940,15,8502
2024/11/13,7:00,8502,0,3704,5372,27,298,716,129,670,850,0,285,0,0,-8,-3562,21,8502
2024/11/13,7:30,8511,0,3294,4933,26,327,713,126,673,1650,0,244,0,0,-6,-3486,17,8511
2024/11/13,8:00,8895,0,3534,4629,28,344,714,128,669,2507,0,206,0,0,6,-3884,14,8895
2024/11/13,8:30,9145,0,3098,4425,27,345,710,126,667,3328,0,214,0,0,-3,-3804,12,9145
2024/11/13,9:00,9306,0,3228,4183,27,341,705,125,671,4007,0,235,0,0,-4,-4226,14,9306
2024/11/13,9:30,9417,0,3334,4084,26,339,696,126,667,4527,0,249,0,-2,-2,-4644,17,9417
2024/11/13,10:00,9182,0,3240,3935,26,339,685,128,668,4914,0,238,0,-210,-2,-4794,15,9182
2024/11/13,10:30,9205,0,3010,3750,26,336,688,126,668,5232,0,224,0,-220,-3,-4646,14,9205
2024/11/13,11:00,9091,0,2818,3461,25,331,689,125,670,5519,0,195,0,-222,-1,-4530,11,9091
2024/11/13,11:30,9124,0,2970,3308,26,336,678,126,672,5602,0,194,0,-222,-4,-4576,14,9124
2024/11/13,12:00,8722,0,3460,3421,26,339,647,128,673,5440,0,200,0,-222,-46,-5354,10,8722
2024/11/13,12:30,8475,0,3122,3559,27,342,640,128,669,5133,0,209,0,-220,-38,-5102,6,8475
2024/11/13,13:00,8921,0,3244,3790,27,343,668,129,671,4682,0,223,0,0,-5,-4864,13,8921
2024/11/13,13:30,8963,0,3440,4157,27,364,675,129,668,4081,0,222,0,0,-1,-4806,7,8963
2024/11/13,14:00,9047,0,3788,4428,26,370,661,129,668,3280,0,237,0,0,2,-4554,12,9047
2024/11/13,14:30,8990,0,4206,4748,27,414,653,128,667,2296,0,247,0,0,3,-4406,7,8990
2024/11/13,15:00,9080,0,4380,5093,28,412,692,130,671,1310,0,271,0,0,-5,-3914,12,9080
2024/11/13,15:30,9084,0,4316,5416,29,440,727,129,669,538,0,293,0,0,-5,-3478,10,9084
2024/11/13,16:00,9384,0,4632,5544,30,435,836,131,678,92,0,302,0,136,3,-3450,15,9384
2024/11/13,16:30,9643,0,4614,5733,31,442,887,130,702,0,0,296,0,142,-4,-3338,8,9643
2024/11/13,17:00,9595,0,4528,5773,32,438,922,132,703,0,0,288,0,144,-3,-3378,16,9595
2024/11/13,17:30,9561,0,4580,5766,32,438,941,129,701,0,0,291,0,142,0,-3474,15,9561
2024/11/13,18:00,9507,0,4494,5735,32,442,959,131,700,0,0,274,0,142,-2,-3418,18,9507
2024/11/13,18:30,9453,0,4562,5636,32,438,948,132,701,0,0,281,0,142,-1,-3432,14,9453
2024/11/13,19:00,9275,0,4528,5750,32,440,936,130,704,0,0,268,0,0,-1,-3528,16,9275
2024/11/13,19:30,9024,0,4256,5777,31,434,939,132,701,0,0,242,0,0,-1,-3498,11,9024
2024/11/13,20:00,9007,0,3962,5761,30,440,870,129,691,0,0,203,0,0,-1,-3094,16,9007
2024/11/13,20:30,8787,0,3718,5715,29,439,844,132,690,0,0,173,0,0,-1,-2964,12,8787
2024/11/13,21:00,8571,0,3680,5779,29,439,773,129,688,0,0,147,0,0,-1,-3104,12,8571
2024/11/13,21:30,8370,0,3482,5800,27,434,777,132,688,0,0,138,0,0,-1,-3114,7,8370
2024/11/13,22:00,8156,0,3320,5784,26,310,765,130,690,0,0,145,0,0,-2,-3028,16,8156
2024/11/13,22:30,7989,0,3102,5753,25,293,757,131,689,0,0,150,0,0,-1,-2922,12,7989
2024/11/13,23:00,7836,0,3066,5705,25,292,683,131,691,0,0,122,0,0,-1,-2884,6,7836
2024/11/13,23:30,7724,0,2956,5712,24,291,687,129,691,0,0,109,0,0,-1,-2878,4,7724
2024/11/14,0:00,7538,0,2816,5668,24,286,661,132,694,0,0,116,0,0,-1,-2860,2,7538
2024/11/14,0:30,7407,0,2648,5726,22,288,658,127,693,0,0,117,0,0,-2,-2872,2,7407
2024/11/14,1:00,7500,0,2806,5726,22,281,657,131,694,0,0,96,0,0,-1,-2914,2,7500
2024/11/14,1:30,7528,0,2938,5695,22,288,656,128,693,0,0,77,0,0,-1,-2970,2,7528
2024/11/14,2:00,7715,0,2962,5675,23,286,654,132,693,0,0,72,0,0,-2,-2782,2,7715
2024/11/14,2:30,7732,0,2756,5728,24,287,662,128,690,0,0,78,0,0,-1,-2622,2,7732
2024/11/14,3:00,7970,0,2798,5766,24,282,653,131,692,0,0,91,0,0,-1,-2468,2,7970
2024/11/14,3:30,8134,0,2954,5765,26,282,653,128,691,0,0,103,0,0,-1,-2470,3,8134
2024/11/14,4:00,8296,0,3128,5766,27,285,645,131,687,0,0,120,0,0,-1,-2494,2,8296
2024/11/14,4:30,8472,0,3322,5759,27,286,646,128,689,0,0,120,0,0,-1,-2506,2,8472
2024/11/14,5:00,8674,0,3426,5726,28,288,646,131,692,0,0,139,0,0,-1,-2404,3,8674
2024/11/14,5:30,8864,0,3578,5677,28,291,645,129,694,0,0,168,0,0,-1,-2348,3,8864
2024/11/14,6:00,9116,0,3758,5669,30,294,646,130,700,6,0,176,0,204,-2,-2500,5,9116
2024/11/14,6:30,9411,0,4088,5696,30,296,635,127,659,298,0,154,0,228,3,-2820,17,9411
2024/11/14,7:00,9209,0,3868,5711,30,303,636,128,657,832,0,141,0,0,32,-3150,21,9209
2024/11/14,7:30,9342,0,3326,5672,30,333,639,128,657,1606,0,131,0,0,19,-3216,17,9342
2024/11/14,8:00,9576,0,3296,5636,29,347,640,126,660,2506,0,101,0,0,2,-3782,15,9576
2024/11/14,8:30,9872,0,2812,5443,28,350,644,128,655,3437,0,72,0,0,3,-3712,12,9872
2024/11/14,9:00,9854,0,2510,5238,28,349,628,127,662,4199,0,46,0,0,-6,-3942,15,9854
2024/11/14,9:30,9920,0,2728,5026,27,350,627,128,658,4867,0,31,0,0,6,-4546,18,9920
2024/11/14,10:00,9677,0,2880,4721,26,349,634,126,661,5217,0,18,0,0,-6,-4964,15,9677
2024/11/14,10:30,9577,0,2826,4555,26,349,648,125,660,5443,0,14,0,0,-1,-5082,14,9577
2024/11/14,11:00,9519,0,2870,4326,26,348,653,125,662,5578,0,14,0,0,-6,-5088,11,9519
2024/11/14,11:30,9318,0,2910,3943,26,346,653,120,662,5586,0,16,0,0,-2,-4956,14,9318
2024/11/14,12:00,8931,0,2860,3749,25,347,657,118,667,5408,0,20,0,0,-55,-4876,11,8931
2024/11/14,12:30,8771,0,2826,3975,25,343,654,120,662,5046,0,21,0,0,-51,-4856,6,8771
2024/11/14,13:00,9209,0,3356,4349,26,348,659,118,663,4530,0,18,0,0,-7,-4864,13,9209
2024/11/14,13:30,9221,0,3560,4749,26,363,663,124,664,3800,0,21,0,0,0,-4756,7,9221
2024/11/14,14:00,9324,0,3972,5020,27,373,670,125,663,3032,0,23,0,0,-1,-4592,12,9324
2024/11/14,14:30,9302,0,4464,5416,28,439,671,126,660,2022,0,21,0,0,8,-4560,7,9302
2024/11/14,15:00,9289,0,4716,5654,28,439,691,128,659,1105,0,22,0,0,-15,-4150,12,9289
2024/11/14,15:30,9432,0,5222,5831,29,442,702,125,659,449,0,33,0,0,15,-4086,11,9432
2024/11/14,16:00,9590,0,4752,5867,30,442,773,129,672,80,0,48,0,0,-1,-3216,14,9590
2024/11/14,16:30,9858,0,4778,5913,31,444,830,126,691,0,0,61,0,0,6,-3030,8,9858
2024/11/14,17:00,9861,0,4862,5906,33,442,883,128,681,0,0,83,0,0,-3,-3170,16,9861
2024/11/14,17:30,9812,0,4736,5895,33,441,906,129,682,0,0,92,0,0,-1,-3116,15,9812
2024/11/14,18:00,9652,0,4664,5876,33,442,923,128,693,0,0,101,0,0,-2,-3224,18,9652
2024/11/14,18:30,9613,0,4756,5865,32,435,924,129,690,0,0,103,0,0,-1,-3336,16,9613
2024/11/14,19:00,9368,0,4672,5853,32,435,903,128,691,0,0,116,0,0,15,-3496,19,9368
2024/11/14,19:30,9140,0,4322,5839,31,434,897,129,690,0,0,140,0,0,2,-3356,12,9140
2024/11/14,20:00,9009,0,4358,5812,31,431,836,126,691,0,0,183,0,0,32,-3508,17,9009
2024/11/14,20:30,8792,0,3944,5798,29,431,814,130,692,0,0,175,0,0,1,-3236,14,8792
2024/11/14,21:00,8553,0,3722,5784,29,430,779,126,695,0,0,183,0,0,9,-3216,12,8553
2024/11/14,21:30,8317,0,3552,5750,27,430,783,127,689,0,0,193,0,0,-1,-3238,5,8317
2024/11/14,22:00,8077,0,3708,5808,26,302,760,128,694,0,0,174,0,0,-1,-3538,16,8077
2024/11/14,22:30,7829,0,3598,5776,25,285,748,128,690,0,0,157,0,0,-2,-3588,12,7829
2024/11/14,23:00,7808,0,3472,5816,25,286,691,128,688,0,0,159,0,0,-1,-3462,6,7808
2024/11/14,23:30,7447,0,2568,5690,24,287,684,127,686,0,0,188,0,0,-2,-2808,3,7447
2024/11/15,0:00,7345,0,2642,5751,23,280,662,129,689,0,0,200,0,0,-1,-3032,2,7345
2024/11/15,0:30,7220,0,2480,5811,22,281,664,127,689,0,0,183,0,0,-1,-3038,2,7220
2024/11/15,1:00,7206,0,2544,5787,22,277,658,127,692,0,0,176,0,0,-1,-3078,2,7206
2024/11/15,1:30,7234,0,2564,5735,22,275,660,128,695,0,0,173,0,0,-2,-3018,2,7234
2024/11/15,2:00,7343,0,2346,5756,22,274,664,127,694,0,0,178,0,0,-1,-2720,3,7343
2024/11/15,2:30,7521,0,2490,5759,23,277,662,128,693,0,0,160,0,0,-1,-2672,2,7521
2024/11/15,3:00,7681,0,2684,5732,24,277,659,127,690,0,0,164,0,0,-1,-2678,3,7681
2024/11/15,3:30,7762,0,2686,5697,25,280,657,126,685,0,0,158,0,0,-2,-2552,2,7762
2024/11/15,4:00,7965,0,2876,5777,26,278,642,129,689,0,0,149,0,0,-1,-2602,2,7965
2024/11/15,4:30,8050,0,2956,5726,26,281,642,126,687,0,0,143,0,0,-1,-2538,2,8050
2024/11/15,5:00,8180,0,2942,5699,27,282,643,128,689,0,0,133,0,0,-2,-2364,3,8180
2024/11/15,5:30,8259,0,2998,5732,27,284,641,127,688,0,0,142,0,0,-1,-2382,3,8259
2024/11/15,6:00,8421,0,3070,5738,27,290,644,128,688,0,0,161,0,0,3,-2334,6,8421
2024/11/15,6:30,8661,0,3602,5796,28,293,640,125,669,98,0,128,0,0,-5,-2728,15,8661
2024/11/15,7:00,8658,0,3762,5783,28,299,630,124,678,279,0,109,0,0,-3,-3054,23,8658
2024/11/15,7:30,8890,0,3746,5775,28,356,636,128,676,560,0,103,0,0,-5,-3130,17,8890
2024/11/15,8:00,9267,0,4068,5789,31,434,638,124,679,1006,0,94,0,0,-2,-3608,14,9267
2024/11/15,8:30,9680,0,4160,5813,31,429,641,127,675,1357,0,86,0,0,-3,-3648,12,9680
2024/11/15,9:00,9806,0,4662,5628,31,433,640,123,673,1759,0,89,0,0,-2,-4244,14,9806
2024/11/15,9:30,9833,0,4586,5614,31,432,645,124,672,1971,0,103,0,0,-3,-4360,18,9833
2024/11/15,10:00,9568,0,4008,5461,30,437,651,126,671,2170,0,101,0,0,-2,-4102,17,9568
2024/11/15,10:30,9604,0,3914,5426,30,434,667,123,670,2512,0,121,0,0,-3,-4304,14,9604
2024/11/15,11:00,9480,0,3812,5403,30,423,667,126,666,2837,0,157,0,0,2,-4654,11,9480
2024/11/15,11:30,9523,0,4154,5404,29,409,669,124,670,2772,0,189,0,0,-11,-4900,14,9523
2024/11/15,12:00,9052,0,4428,5492,29,341,675,126,673,2393,0,251,0,0,-46,-5322,12,9052
2024/11/15,12:30,8829,0,4098,5496,26,340,675,124,674,2149,0,345,0,0,-22,-5084,8,8829
2024/11/15,13:00,9292,0,4002,5622,26,415,695,124,674,2028,0,408,0,0,-3,-4712,13,9292
2024/11/15,13:30,9255,0,3622,5781,28,435,700,126,670,1895,0,438,0,0,-4,-4444,8,9255
2024/11/15,14:00,9365,0,3910,5848,28,440,689,123,671,1703,0,430,0,0,5,-4496,14,9365
2024/11/15,14:30,9262,0,4056,5897,29,441,692,126,673,1228,0,424,0,0,-8,-4308,12,9262
2024/11/15,15:00,9209,0,3794,5895,29,438,715,123,672,816,0,397,0,0,2,-3684,12,9209
2024/11/15,15:30,9347,0,4606,5896,30,439,724,124,671,432,0,375,0,0,-1,-3960,11,9347
2024/11/15,16:00,9521,0,4722,5923,30,448,852,127,682,67,0,468,0,0,-5,-3808,15,9521
2024/11/15,16:30,9655,0,4744,5919,31,451,875,124,691,0,0,518,0,0,2,-3714,14,9655
2024/11/15,17:00,9573,0,4822,5923,32,458,914,126,693,0,0,460,0,0,29,-3900,16,9573
2024/11/15,17:30,9452,0,4772,5899,32,452,942,124,693,0,0,447,0,0,26,-3950,15,9452
2024/11/15,18:00,9325,12,4780,5854,32,447,966,128,699,0,0,398,0,138,0,-4150,21,9325
2024/11/15,18:30,9185,38,4708,5767,32,449,963,124,696,0,0,397,0,140,-1,-4144,16,9185
2024/11/15,19:00,8999,64,4486,5747,31,451,954,125,705,0,0,410,0,0,-3,-3988,17,8999
2024/11/15,19:30,8922,70,4606,5752,30,455,959,128,709,0,0,374,0,0,-2,-4172,13,8922
2024/11/15,20:00,8871,82,4770,5796,30,455,882,125,708,0,0,322,0,0,-2,-4314,17,8871
2024/11/15,20:30,8489,106,4220,5798,29,459,873,128,698,0,0,281,0,0,-1,-4114,12,8489
2024/11/15,21:00,8260,114,3808,5733,28,453,814,125,696,0,0,253,0,0,-1,-3778,15,8260
2024/11/15,21:30,8038,116,3584,5680,27,455,810,125,697,0,0,233,0,0,-1,-3694,6,8038
2024/11/15,22:00,7947,120,3824,5670,26,318,804,126,698,0,0,193,0,0,-1,-3846,15,7947
2024/11/15,22:30,7738,124,3476,5660,25,300,789,127,682,0,0,158,0,0,-2,-3614,13,7738
2024/11/15,23:00,7664,109,3032,5744,25,300,733,127,674,0,0,136,0,0,-2,-3220,6,7664
2024/11/15,23:30,7442,113,2568,5710,24,301,735,127,665,0,0,136,0,0,-1,-2940,4,7442
2024/11/16,0:00,7282,111,2498,5659,23,292,678,128,666,0,0,120,0,0,-1,-2894,2,7282
2024/11/16,0:30,7155,115,2516,5657,22,297,683,126,665,0,0,135,0,0,-1,-3062,2,7155
2024/11/16,1:00,7178,114,2480,5602,21,291,676,127,668,0,0,166,0,0,-1,-2968,2,7178
2024/11/16,1:30,7131,112,2384,5541,22,291,677,127,665,0,0,193,0,0,-1,-2882,2,7131
2024/11/16,2:00,7313,120,2382,5580,22,286,678,127,669,0,0,188,0,0,-1,-2740,2,7313
2024/11/16,2:30,7405,132,2330,5602,23,289,678,128,669,0,0,178,0,0,0,-2626,2,7405
2024/11/16,3:00,7603,154,2488,5605,24,286,674,127,668,0,0,165,0,0,-1,-2590,3,7603
2024/11/16,3:30,7661,174,2500,5600,24,287,676,128,668,0,0,190,0,0,-1,-2588,3,7661
2024/11/16,4:00,7831,176,2710,5616,25,291,674,127,668,0,0,200,0,0,-2,-2656,2,7831
2024/11/16,4:30,7871,178,2720,5610,26,296,676,129,666,0,0,191,0,0,-1,-2622,2,7871
2024/11/16,5:00,7891,174,2722,5590,26,296,670,127,669,0,0,219,0,0,-1,-2604,3,7891
2024/11/16,5:30,7907,174,2764,5563,26,303,668,129,670,0,0,260,0,0,-1,-2652,3,7907
2024/11/16,6:00,7916,176,2746,5502,26,305,669,127,671,6,0,304,0,0,0,-2624,8,7916
2024/11/16,6:30,7972,172,2792,5508,26,308,659,126,638,299,0,328,0,0,-6,-2888,10,7972
2024/11/16,7:00,7844,174,2800,5613,26,309,671,125,637,855,0,299,0,0,0,-3684,19,7844
2024/11/16,7:30,7934,170,2358,5491,25,339,677,125,636,1687,0,277,0,0,-1,-3868,18,7934
2024/11/16,8:00,7990,172,2592,5083,25,354,685,127,635,2521,0,240,0,0,1,-4460,15,7990
2024/11/16,8:30,8059,168,2586,4449,24,356,685,123,635,3322,0,214,0,0,-5,-4510,12,8059
2024/11/16,9:00,8021,168,2290,4170,25,350,682,127,633,3932,0,175,0,0,2,-4548,15,8021
2024/11/16,9:30,7964,168,2126,3907,25,355,683,123,632,4460,0,178,0,-2,-4,-4704,17,7964
2024/11/16,10:00,7818,166,2150,3683,25,350,680,127,631,4862,0,237,0,-208,-3,-4904,22,7818
2024/11/16,10:30,7756,164,1912,3571,24,351,682,123,630,5097,0,314,0,-222,0,-4904,14,7756
2024/11/16,11:00,7702,164,1868,3446,23,350,678,124,636,5184,0,376,0,-220,-4,-4938,15,7702
2024/11/16,11:30,7625,166,1948,3603,23,350,679,125,645,4902,0,421,0,-222,-38,-4992,15,7625
2024/11/16,12:00,7551,160,2132,3858,23,346,679,124,648,4404,0,443,0,-220,-40,-5022,16,7551
2024/11/16,12:30,7401,162,2176,4060,22,350,682,125,649,3924,0,518,0,-222,-1,-5052,8,7401
2024/11/16,13:00,7488,160,2168,4639,22,356,689,125,650,3322,0,542,0,-218,-4,-4976,13,7488
2024/11/16,13:30,7502,158,2038,5157,23,355,696,127,649,2611,0,574,0,-2,2,-4894,8,7502
2024/11/16,14:00,7559,174,2248,5404,24,400,693,125,646,1977,0,621,0,0,2,-4768,13,7559
2024/11/16,14:30,7446,174,2364,5480,24,431,700,124,646,1300,0,646,0,0,-9,-4448,14,7446
2024/11/16,15:00,7545,174,2650,5542,25,431,689,127,644,718,0,605,0,0,-2,-4070,12,7545
2024/11/16,15:30,7533,176,2558,5635,26,431,707,124,642,294,0,612,0,0,-3,-3680,11,7533
2024/11/16,16:00,7818,176,2716,5618,26,430,797,128,665,31,0,652,0,0,2,-3438,15,7818
2024/11/16,16:30,8127,174,3056,5784,28,435,805,125,677,0,0,690,0,0,-8,-3646,7,8127
2024/11/16,17:00,8221,178,2868,5774,29,431,824,128,679,0,0,758,0,0,-2,-3462,16,8221
2024/11/16,17:30,8231,174,2818,5831,29,430,825,125,680,0,0,760,0,0,38,-3494,15,8231
2024/11/16,18:00,8173,177,2770,5880,29,435,823,127,679,0,0,820,0,0,29,-3614,18,8173
2024/11/16,18:30,8109,173,2728,5817,29,433,822,127,675,0,0,989,0,0,-1,-3698,15,8109
2024/11/16,19:00,7990,173,2502,5864,28,432,823,127,674,0,0,994,0,0,-1,-3642,16,7990
2024/11/16,19:30,7892,177,2520,5827,28,434,822,127,674,0,0,858,0,0,-2,-3584,11,7892
2024/11/16,20:00,7689,173,2340,5838,27,431,756,126,673,0,0,917,0,0,-1,-3606,15,7689
2024/11/16,20:30,7661,171,2556,5902,26,437,721,125,668,0,0,896,0,0,-1,-3852,12,7661
2024/11/16,21:00,7456,177,2572,5923,26,436,703,128,667,0,0,851,0,0,-1,-4038,12,7456
2024/11/16,21:30,7170,173,2182,5812,24,431,703,124,668,0,0,861,0,0,-1,-3814,7,7170
2024/11/16,22:00,7142,171,1996,5799,24,320,697,128,657,0,0,841,0,0,-1,-3504,14,7142
2024/11/16,22:30,7032,171,1870,5881,23,294,704,124,650,0,0,806,0,0,-2,-3502,13,7032
2024/11/16,23:00,6939,169,1642,5797,24,295,708,126,655,0,0,795,0,0,-1,-3276,5,6939
2024/11/16,23:30,6799,173,1602,5780,23,294,701,126,655,0,0,817,0,0,-2,-3374,4,6799
2024/11/17,0:00,6622,167,1590,5753,22,293,676,126,651,0,0,883,0,0,-1,-3540,2,6622
2024/11/17,0:30,6515,169,1448,5826,21,288,679,126,650,0,0,878,0,0,-2,-3570,2,6515
2024/11/17,1:00,6540,165,1516,5875,21,292,672,126,653,0,0,882,0,0,-2,-3662,2,6540
2024/11/17,1:30,6538,169,1498,5846,21,292,676,124,653,0,0,872,0,0,-1,-3614,2,6538
2024/11/17,2:00,6709,167,1526,5859,21,295,676,128,656,0,0,864,0,0,-2,-3484,3,6709
2024/11/17,2:30,6778,165,1518,5839,22,289,674,124,656,0,0,869,0,0,-1,-3380,3,6778
2024/11/17,3:00,7026,166,1606,5853,23,293,680,128,655,0,0,832,0,0,-1,-3212,3,7026
2024/11/17,3:30,7073,166,1590,5876,24,292,678,125,654,0,0,817,0,0,-1,-3150,2,7073
2024/11/17,4:00,7223,207,1672,5885,24,297,667,125,651,0,0,880,0,0,-1,-3186,2,7223
2024/11/17,4:30,7236,249,1598,5856,25,299,669,126,647,0,0,885,0,0,0,-3120,2,7236
2024/11/17,5:00,7253,309,1604,5775,25,298,668,124,650,0,0,905,0,0,-2,-3106,3,7253
2024/11/17,5:30,7198,373,1626,5747,24,296,669,127,652,0,0,930,0,0,-1,-3248,3,7198
2024/11/17,6:00,7082,391,1594,5362,24,300,669,124,647,0,0,1010,0,0,-1,-3046,8,7082
2024/11/17,6:30,7130,397,1924,5217,24,297,665,123,625,187,0,981,0,0,-2,-3320,12,7130
2024/11/17,7:00,7027,386,2000,5168,23,299,664,125,628,462,0,977,0,0,-1,-3724,20,7027
2024/11/17,7:30,7131,388,2070,5122,24,291,669,123,632,771,0,870,0,0,0,-3846,17,7131
2024/11/17,8:00,7243,382,2154,5046,24,294,670,123,631,1009,0,827,0,0,-2,-3930,15,7243
2024/11/17,8:30,7166,372,1792,4715,23,289,676,125,637,1388,0,815,0,0,4,-3682,12,7166
2024/11/17,9:00,7321,369,1714,4607,23,291,671,123,634,1789,0,777,0,-210,0,-3482,15,7321
2024/11/17,9:30,7206,361,1416,4062,24,295,671,125,633,2467,0,810,0,-222,-40,-3414,18,7206
2024/11/17,10:00,7206,368,1360,3772,26,290,683,122,632,3285,0,866,0,-222,-13,-3978,15,7206
2024/11/17,10:30,7173,376,1388,3264,26,292,679,123,630,3950,0,824,0,-222,-23,-4148,14,7173
2024/11/17,11:00,7115,382,1714,3541,26,290,679,123,632,3829,0,720,0,-220,1,-4612,10,7115
2024/11/17,11:30,7167,382,1870,3899,26,296,687,123,634,3683,0,599,0,-220,-15,-4810,13,7167
2024/11/17,12:00,7164,377,1556,3883,27,291,683,121,636,3790,0,803,0,-220,4,-4798,11,7164
2024/11/17,12:30,7083,379,1572,3925,25,290,689,125,635,3439,0,895,0,-220,-10,-4670,9,7083
2024/11/17,13:00,7137,375,1906,4495,25,297,684,121,636,2739,0,920,0,-220,23,-4878,14,7137
2024/11/17,13:30,7108,373,1950,4691,25,299,690,125,635,1958,0,984,0,2,10,-4646,12,7108
2024/11/17,14:00,7146,373,2006,4637,25,294,712,121,636,1363,0,1036,0,0,-33,-4038,14,7146
2024/11/17,14:30,7165,373,2208,5014,25,295,723,123,630,873,0,1135,0,0,-5,-4242,13,7165
2024/11/17,15:00,7298,383,2718,5160,25,298,813,123,635,483,0,1236,0,0,-2,-4586,12,7298
2024/11/17,15:30,7405,385,2760,5296,26,312,868,123,633,212,0,1314,0,0,1,-4536,11,7405
2024/11/17,16:00,7712,379,2828,5498,27,389,944,124,663,23,0,1324,0,0,-6,-4496,15,7712
2024/11/17,16:30,7857,375,2878,5527,28,391,964,128,671,0,0,1155,0,0,2,-4276,14,7857
2024/11/17,17:00,8015,377,2848,5526,28,387,976,125,667,0,0,1063,0,0,-2,-4000,20,8015
2024/11/17,17:30,8049,371,2876,5574,29,389,1001,128,664,0,0,1020,0,0,11,-4030,16,8049
2024/11/17,18:00,8036,379,2830,5580,28,391,984,124,659,0,0,1002,0,0,15,-3976,20,8036
2024/11/17,18:30,7995,377,2762,5603,28,392,989,128,653,0,0,970,0,0,-1,-3922,16,7995
2024/11/17,19:00,7897,376,2580,5653,27,392,964,124,648,0,0,956,0,0,-2,-3838,17,7897
2024/11/17,19:30,7769,378,2532,5650,27,391,974,126,648,0,0,1006,0,0,-1,-3974,12,7769
2024/11/17,20:00,7667,376,2414,5605,27,390,945,127,648,0,0,1107,0,0,-1,-3986,15,7667
2024/11/17,20:30,7549,374,2472,5419,26,390,950,127,656,0,0,1152,0,0,-1,-4028,12,7549
2024/11/17,21:00,7385,370,2382,5278,26,390,929,127,648,0,0,1240,0,0,-2,-4018,15,7385
2024/11/17,21:30,7224,372,2314,5204,25,311,926,127,653,0,0,1406,0,0,-2,-4118,6,7224
2024/11/17,22:00,7085,372,2084,5056,24,302,878,128,653,0,0,1440,0,0,-1,-3866,15,7085
2024/11/17,22:30,7008,368,1940,5016,23,299,869,127,655,0,0,1525,0,0,-2,-3824,12,7008
2024/11/17,23:00,6966,368,1772,5059,24,304,876,128,659,0,0,1579,0,0,-3,-3808,8,6966
2024/11/17,23:30,6819,370,1604,5122,23,305,877,127,653,0,0,1583,0,0,-2,-3846,3,6819
2024/11/18,0:00,6682,364,1656,5003,22,298,858,129,653,0,0,1573,0,0,-1,-3876,3,6682
2024/11/18,0:30,6585,366,1642,4937,21,299,854,126,665,0,0,1574,0,0,-1,-3900,2,6585
2024/11/18,1:00,6631,369,1614,4975,21,299,855,127,672,0,0,1556,0,0,-1,-3858,2,6631
2024/11/18,1:30,6690,365,1572,5102,21,293,868,128,673,0,0,1579,0,0,0,-3914,3,6690
2024/11/18,2:00,6805,368,1748,5173,22,298,859,127,670,0,0,1525,0,0,-1,-3986,2,6805
2024/11/18,2:30,7032,362,1800,5361,23,296,859,129,671,0,0,1539,0,0,0,-4010,2,7032
2024/11/18,3:00,7230,363,1800,5510,24,297,857,127,674,0,0,1561,0,0,0,-3986,3,7230
2024/11/18,3:30,7364,369,1836,5555,25,293,864,130,672,0,0,1516,0,0,-1,-3898,3,7364
2024/11/18,4:00,7601,365,2048,5604,25,301,852,127,676,0,0,1488,0,0,-33,-3854,2,7601
2024/11/18,4:30,7723,383,2192,5607,26,302,853,130,674,0,0,1432,0,0,-40,-3838,2,7723
2024/11/18,5:00,7996,389,2432,5663,27,300,850,126,676,0,0,1402,0,0,-12,-3860,3,7996
2024/11/18,5:30,8003,383,2594,5621,27,302,848,130,676,0,0,1249,0,0,-1,-3830,4,8003
2024/11/18,6:00,8269,387,2764,5592,28,311,846,127,677,0,0,1227,0,0,1,-3698,7,8269
2024/11/18,6:30,8365,387,3038,5578,28,313,826,128,640,162,0,1190,0,0,-6,-3932,13,8365
2024/11/18,7:00,8507,387,2866,5604,29,319,809,126,643,432,0,1214,0,0,-2,-3940,20,8507
2024/11/18,7:30,8816,383,2666,5494,31,380,803,127,641,959,0,1315,0,0,34,-4038,21,8816
2024/11/18,8:00,9303,383,3382,5079,31,462,790,125,640,1656,0,1325,0,0,31,-4616,15,9303
2024/11/18,8:30,9796,387,3796,4873,33,380,794,126,636,2095,0,1293,0,0,-1,-4628,12,9796
2024/11/18,9:00,9920,394,3764,4723,35,373,787,126,637,2547,0,1251,0,0,-1,-4730,14,9920
2024/11/18,9:30,9994,434,3502,4604,34,377,792,126,637,2832,0,1369,0,0,-1,-4730,18,9994
2024/11/18,10:00,9956,476,3132,4584,34,375,774,126,636,3183,0,1409,0,0,-2,-4786,15,9956
2024/11/18,10:30,9947,500,3330,4545,34,380,767,126,637,3242,0,1421,0,-212,-5,-4832,14,9947
2024/11/18,11:00,9994,526,3316,4525,35,377,771,126,635,3401,0,1421,0,-220,0,-4930,11,9994
2024/11/18,11:30,9894,556,3452,4460,34,376,772,127,635,3254,0,1309,0,-220,-7,-4868,14,9894
2024/11/18,12:00,9603,583,3294,4454,34,370,770,125,638,3058,0,1336,0,-218,-36,-4816,11,9603
2024/11/18,12:30,9497,591,3304,4730,33,373,761,126,640,2507,0,1394,0,-220,-46,-4702,6,9497
2024/11/18,13:00,9921,587,3030,5016,33,368,768,126,640,2354,0,1367,0,-220,1,-4162,13,9921
2024/11/18,13:30,10192,591,3296,5332,34,371,763,124,639,2006,0,1389,0,0,0,-4360,7,10192
2024/11/18,14:00,10136,591,3658,5339,34,383,773,128,644,1550,0,1376,0,0,-3,-4348,11,10136
2024/11/18,14:30,10203,591,4144,5406,35,476,811,125,646,1049,0,1349,0,0,-5,-4432,8,10203
2024/11/18,15:00,10177,591,3978,5371,35,473,886,127,649,616,0,1398,0,134,3,-4096,12,10177
2024/11/18,15:30,10411,585,4432,5646,35,473,937,126,647,205,0,1406,0,144,-6,-4230,11,10411
2024/11/18,16:00,10623,589,4486,5694,35,478,1078,128,674,25,0,1498,0,226,5,-4308,15,10623
2024/11/18,16:30,10870,585,4730,5903,36,489,1097,127,682,0,0,1493,0,230,-6,-4504,8,10870
2024/11/18,17:00,10690,583,4656,5901,36,490,1133,129,682,0,0,1494,0,228,-3,-4656,17,10690
2024/11/18,17:30,10680,587,4704,5900,37,486,1161,127,685,0,0,1470,0,228,2,-4722,15,10680
2024/11/18,18:00,10545,572,4566,5882,36,489,1163,130,686,0,0,1438,0,228,37,-4702,20,10545
2024/11/18,18:30,10496,578,4704,5905,37,489,1164,128,681,0,0,1369,0,228,29,-4832,16,10496
2024/11/18,19:00,10206,582,4408,5891,37,476,1123,130,672,0,0,1472,0,146,-1,-4748,18,10206
2024/11/18,19:30,10111,582,4294,5925,36,476,1113,127,675,0,0,1465,0,142,-1,-4736,13,10111
2024/11/18,20:00,9857,572,4362,5930,36,472,993,129,673,0,0,1388,0,142,1,-4858,17,9857
2024/11/18,20:30,9738,580,4090,5933,34,475,983,128,675,0,0,1439,0,144,-1,-4758,16,9738
2024/11/18,21:00,9418,586,3694,5907,33,471,972,130,676,0,0,1453,0,0,-2,-4514,12,9418
2024/11/18,21:30,9118,578,3388,5698,31,467,968,126,673,0,0,1463,0,0,-1,-4280,7,9118
2024/11/18,22:00,8943,580,3300,5594,30,334,949,130,676,0,0,1435,0,0,-1,-4100,16,8943
2024/11/18,22:30,8676,580,2904,5639,28,311,930,127,677,0,0,1439,0,0,-2,-3972,15,8676
2024/11/18,23:00,8571,582,2830,5475,28,318,813,130,674,0,0,1487,0,0,-1,-3772,7,8571
2024/11/18,23:30,8347,580,2772,5344,27,317,806,126,669,0,0,1488,0,0,-1,-3786,5,8347
2024/11/19,0:00,8118,578,2404,5409,26,311,797,130,676,0,0,1485,0,0,-1,-3700,3,8118
2024/11/19,0:30,8087,582,2378,5442,25,314,796,127,675,0,0,1438,0,0,-1,-3692,3,8087
2024/11/19,1:00,8120,578,2344,5447,25,314,798,130,676,0,0,1408,0,0,-1,-3602,3,8120
2024/11/19,1:30,8133,580,2306,5415,24,315,796,126,674,0,0,1445,0,0,-1,-3550,3,8133
2024/11/19,2:00,8315,580,2536,5490,25,310,789,129,673,0,0,1415,0,0,-1,-3634,3,8315
2024/11/19,2:30,8360,582,2602,5423,26,315,792,127,681,0,0,1330,0,0,-1,-3520,3,8360
2024/11/19,3:00,8634,584,2868,5454,27,314,789,128,675,0,0,1296,0,0,-1,-3504,4,8634
2024/11/19,3:30,8578,578,2870,5427,28,315,792,127,670,0,0,1233,0,0,-1,-3464,3,8578
2024/11/19,4:00,8838,580,2884,5449,29,313,787,129,675,0,0,1251,0,0,-2,-3260,3,8838
2024/11/19,4:30,8916,580,2900,5522,30,318,792,127,675,0,0,1262,0,0,-1,-3292,3,8916
2024/11/19,5:00,9142,588,3064,5615,31,318,781,128,669,0,0,1334,0,0,-1,-3388,3,9142
2024/11/19,5:30,9350,580,3414,5668,31,318,780,127,674,0,0,1298,0,0,-1,-3544,5,9350
2024/11/19,6:00,9669,582,3868,5728,33,326,776,128,676,1,0,1302,0,0,-2,-3756,7,9669
2024/11/19,6:30,9960,582,4262,5747,34,330,764,126,656,98,0,1293,0,0,1,-3950,17,9960
2024/11/19,7:00,9862,580,3964,5728,35,342,760,127,662,346,0,1181,0,0,-5,-3882,24,9862
2024/11/19,7:30,10092,580,3636,5667,36,395,762,127,668,730,0,1228,0,0,-1,-3754,18,10092
2024/11/19,8:00,10699,582,4290,5752,37,480,777,129,700,1080,0,1167,0,0,0,-4310,15,10699
2024/11/19,8:30,10847,586,3818,5547,39,395,789,133,734,1380,0,1090,0,0,-7,-3670,13,10847
2024/11/19,9:00,11082,601,3842,5403,39,384,790,131,735,1715,0,1092,0,0,-1,-3664,15,11082
2024/11/19,9:30,11124,627,3906,5077,39,379,804,132,761,2156,0,1068,0,0,1,-3844,18,11124
2024/11/19,10:00,10851,701,3870,5012,38,378,794,135,771,2416,0,911,0,0,-3,-4188,16,10851
2024/11/19,10:30,10819,729,3744,4918,38,379,776,132,751,2814,0,923,0,0,-6,-4394,15,10819
2024/11/19,11:00,10727,733,4002,4763,38,379,783,133,774,2960,0,853,0,0,6,-4708,11,10727
2024/11/19,11:30,10661,731,3990,4720,37,380,770,130,725,2956,0,889,0,0,-12,-4670,15,10661
2024/11/19,12:00,10162,734,3520,4773,37,379,763,133,719,2906,0,886,0,0,-37,-4662,11,10162
2024/11/19,12:30,10054,734,3526,4808,35,376,754,128,688,2802,0,865,0,0,-41,-4628,7,10054
2024/11/19,13:00,10423,732,3988,4862,35,384,757,127,683,2623,0,797,0,0,3,-4582,14,10423
2024/11/19,13:30,10464,734,4052,5219,35,388,754,127,673,2279,0,785,0,0,-2,-4588,8,10464
2024/11/19,14:00,10511,736,4068,5659,35,468,768,129,686,1807,0,750,0,0,-3,-4604,12,10511
2024/11/19,14:30,10319,736,3978,5798,36,482,761,127,662,1325,0,747,0,0,-1,-4340,8,10319
2024/11/19,15:00,10391,738,4080,5833,36,485,836,126,660,747,0,721,0,0,0,-3884,13,10391
2024/11/19,15:30,10644,742,4806,5855,36,487,886,127,662,289,0,650,0,0,-4,-3904,12,10644
2024/11/19,16:00,10957,742,4878,5785,37,493,995,129,658,32,0,621,0,136,3,-3568,16,10957
2024/11/19,16:30,11155,738,4878,5828,38,499,1031,128,657,0,0,588,0,142,35,-3416,9,11155
2024/11/19,17:00,11147,744,4904,5805,38,497,1053,129,662,0,0,534,0,144,26,-3406,17,11147
2024/11/19,17:30,11121,744,4960,5767,39,495,1054,126,662,0,0,535,0,142,1,-3420,16,11121
2024/11/19,18:00,11022,744,4946,5743,39,498,1056,131,662,0,0,554,0,142,-1,-3512,20,11022
2024/11/19,18:30,10933,740,4736,5845,38,498,1069,127,660,0,0,529,0,142,-1,-3466,16,10933
2024/11/19,19:00,10739,739,4904,5869,37,495,1046,128,658,0,0,489,0,0,-1,-3642,17,10739
2024/11/19,19:30,10546,745,4826,5884,37,491,1049,127,659,0,0,507,0,0,-2,-3790,13,10546
2024/11/19,20:00,10364,741,4844,5881,36,496,936,131,661,0,0,423,0,0,-1,-3802,18,10364
2024/11/19,20:30,10108,743,4510,5846,35,491,906,128,660,0,0,419,0,0,-1,-3644,15,10108
2024/11/19,21:00,9887,740,4868,5873,33,478,900,128,658,0,0,461,0,0,-1,-4264,13,9887
2024/11/19,21:30,9505,740,4336,5844,32,477,888,128,660,0,0,462,0,0,-1,-4068,7,9505
2024/11/19,22:00,9225,742,4054,5861,30,345,870,130,659,0,0,437,0,0,-1,-3920,18,9225
2024/11/19,22:30,8850,740,3698,5869,28,325,865,128,657,0,0,369,0,0,-2,-3840,13,8850
2024/11/19,23:00,8893,736,3580,5868,29,326,776,128,657,0,0,374,0,0,-2,-3586,7,8893
2024/11/19,23:30,8486,730,2966,5848,27,328,769,129,656,0,0,375,0,0,-1,-3346,5,8486
2024/11/20,0:00,8413,738,2990,5802,27,319,792,130,660,0,0,331,0,0,-2,-3378,4,8413
2024/11/20,0:30,8349,734,3256,5828,25,317,803,130,662,0,0,284,0,0,-1,-3692,3,8349
2024/11/20,1:00,8433,741,3436,5839,25,318,801,129,663,0,0,252,0,0,-1,-3774,4,8433
2024/11/20,1:30,8330,739,3334,5826,25,315,807,132,664,0,0,239,0,0,-1,-3754,4,8330
2024/11/20,2:00,8505,742,3448,5842,26,317,800,129,663,0,0,229,0,0,-1,-3694,4,8505
2024/11/20,2:30,8682,742,3636,5859,27,315,797,129,667,0,0,266,0,0,-2,-3758,4,8682
2024/11/20,3:00,8811,735,3590,5845,28,312,803,129,668,0,0,292,0,0,-1,-3594,4,8811
2024/11/20,3:30,8916,739,3662,5752,28,315,802,131,665,0,0,304,0,0,-4,-3482,4,8916
2024/11/20,4:00,9111,741,3704,5753,29,317,803,129,663,0,0,277,0,0,-11,-3298,4,9111
2024/11/20,4:30,9084,739,3564,5720,30,316,796,130,664,0,0,261,0,0,-2,-3138,4,9084
2024/11/20,5:00,9372,741,3828,5730,31,313,792,129,668,0,0,251,0,0,-1,-3114,4,9372
2024/11/20,5:30,9541,737,3818,5671,32,318,792,131,667,0,0,249,0,0,0,-2878,4,9541
2024/11/20,6:00,9980,743,4286,5700,33,321,791,130,670,1,0,244,0,0,-1,-2946,8,9980
2024/11/20,6:30,10246,737,4598,5728,34,324,778,127,641,212,0,236,0,0,-2,-3184,17,10246
2024/11/20,7:00,10149,737,4720,5633,34,322,778,128,635,717,0,209,0,0,-6,-3782,24,10149
2024/11/20,7:30,10357,739,4658,5426,34,383,783,129,635,1414,0,204,0,0,0,-4066,18,10357
2024/11/20,8:00,10603,738,4768,5439,34,465,804,127,632,2055,0,203,0,0,0,-4676,14,10603
2024/11/20,8:30,10895,734,4386,5441,36,466,821,127,634,2692,0,219,0,0,-1,-4672,12,10895
2024/11/20,9:00,10927,644,4240,5336,34,463,827,131,687,3242,0,203,0,1,-2,-4894,15,10927
2024/11/20,9:30,10776,642,4096,4940,32,460,835,138,718,3696,0,186,0,1,-4,-4982,18,10776
2024/11/20,10:00,10510,680,3732,4808,31,460,839,138,721,4009,0,169,0,1,-1,-5092,15,10510
2024/11/20,10:30,10376,710,3594,4753,30,373,830,136,714,4280,0,157,0,1,-4,-5212,14,10376
2024/11/20,11:00,10252,704,3330,4633,30,439,785,132,638,4653,0,128,0,1,6,-5238,11,10252
2024/11/20,11:30,10085,712,3246,4489,30,375,790,133,644,4650,0,122,0,1,-9,-5112,14,10085
2024/11/20,12:00,9659,709,3066,4456,31,373,793,131,643,4430,0,123,0,-211,-38,-4858,11,9659
2024/11/20,12:30,9485,711,3086,4699,31,382,795,131,643,3971,0,106,0,-219,-39,-4818,6,9485
2024/11/20,13:00,9861,713,3622,4915,32,474,796,132,643,3262,0,95,0,0,-1,-4836,14,9861
2024/11/20,13:30,9977,713,4302,5063,32,477,794,134,640,2484,0,85,0,0,-2,-4752,7,9977
2024/11/20,14:00,10078,721,4232,5133,32,478,793,134,639,1736,0,79,0,0,2,-3914,13,10078
2024/11/20,14:30,10022,719,4400,5143,33,494,793,133,640,1090,0,70,0,0,-4,-3498,9,10022
2024/11/20,15:00,10095,724,4546,5254,33,496,840,133,638,605,0,60,0,0,1,-3248,13,10095
2024/11/20,15:30,10292,722,4692,5540,33,500,874,134,639,238,0,73,0,0,0,-3164,11,10292
2024/11/20,16:00,10616,729,4846,5808,35,498,995,135,662,18,0,87,0,0,-4,-3208,15,10616
2024/11/20,16:30,10871,733,4982,5805,35,501,1023,135,670,0,0,97,0,136,-2,-3252,8,10871
2024/11/20,17:00,10702,731,4660,5871,36,497,1036,135,672,0,0,115,0,142,-1,-3208,16,10702
2024/11/20,17:30,10665,739,4548,5917,37,492,1038,137,669,0,0,154,0,140,-3,-3218,15,10665
2024/11/20,18:00,10527,738,4784,5861,37,493,1031,135,671,0,0,182,0,142,-2,-3564,19,10527
2024/11/20,18:30,10510,738,4906,5819,36,493,1026,134,671,0,0,213,0,144,15,-3700,15,10510
2024/11/20,19:00,10293,742,4802,5839,36,491,1009,138,669,0,0,246,0,142,34,-3872,17,10293
2024/11/20,19:30,10072,744,4512,5878,35,488,1010,134,671,0,0,293,0,0,16,-3720,11,10072
2024/11/20,20:00,9874,747,4410,5878,34,486,938,136,672,0,0,315,0,0,-1,-3758,17,9874
2024/11/20,20:30,9738,747,4302,5862,34,476,925,135,670,0,0,354,0,0,-2,-3776,11,9738
2024/11/20,21:00,9496,753,4660,5844,32,467,897,137,670,0,0,386,0,0,-1,-4362,13,9496
2024/11/20,21:30,9109,755,4066,5835,30,467,889,134,671,0,0,420,0,0,-1,-4164,7,9109
2024/11/20,22:00,8932,753,3738,5807,29,332,883,135,673,0,0,413,0,0,-1,-3846,16,8932
2024/11/20,22:30,8556,761,3408,5813,27,311,870,135,672,0,0,391,0,0,-2,-3842,12,8556
2024/11/20,23:00,8496,761,3106,5787,27,311,808,137,672,0,0,363,0,0,-2,-3480,6,8496
2024/11/20,23:30,8233,763,2768,5727,26,311,803,135,681,0,0,358,0,0,-1,-3342,4,8233
2024/11/21,0:00,8017,764,2714,5698,25,308,727,135,688,0,0,378,0,-212,-1,-3210,3,8017
2024/11/21,0:30,7868,770,2370,5751,24,301,710,135,690,0,0,400,0,-222,-2,-3062,3,7868
2024/11/21,1:00,7876,772,2312,5701,24,305,712,137,688,0,0,438,0,-222,-1,-2992,2,7876
2024/11/21,1:30,7985,770,2556,5676,24,304,706,134,684,0,0,458,0,-222,-2,-3106,3,7985
2024/11/21,2:00,7992,773,2278,5501,24,302,707,136,686,0,0,416,0,0,-2,-2832,3,7992
2024/11/21,2:30,8233,775,2448,5732,25,301,709,134,689,0,0,360,0,0,-1,-2942,3,8233
2024/11/21,3:00,8371,781,2440,5728,27,302,705,138,690,0,0,324,0,0,-1,-2766,3,8371
2024/11/21,3:30,8448,777,2434,5722,27,301,707,135,688,0,0,327,0,0,-1,-2672,3,8448
2024/11/21,4:00,8661,783,2740,5638,28,302,709,135,691,0,0,319,0,0,-1,-2686,3,8661
2024/11/21,4:30,8752,785,2762,5639,29,301,707,135,688,0,0,300,0,0,-1,-2596,3,8752
2024/11/21,5:00,8919,782,2924,5685,30,302,702,137,688,0,0,277,0,0,-1,-2610,3,8919
2024/11/21,5:30,9187,792,3406,5682,30,302,697,135,688,0,0,235,0,0,-2,-2782,4,9187
2024/11/21,6:00,9440,788,3934,5706,31,310,696,136,687,0,0,217,0,0,1,-3072,6,9440
2024/11/21,6:30,9716,790,4144,5713,32,315,689,133,651,146,0,218,0,0,-1,-3132,18,9716
2024/11/21,7:00,9570,792,4074,5666,32,326,682,135,652,523,0,214,0,0,-6,-3542,22,9570
2024/11/21,7:30,9824,790,3958,5658,33,381,680,134,653,1162,0,189,0,0,-2,-3830,18,9824
2024/11/21,8:00,10019,790,3772,5585,34,464,678,133,652,2065,0,170,0,0,-1,-4338,15,10019
2024/11/21,8:30,10378,794,3456,5500,36,470,684,133,648,2994,0,158,0,0,0,-4508,13,10378
2024/11/21,9:00,10317,786,3150,5308,35,466,691,133,647,3718,0,161,0,0,-5,-4788,15,10317
2024/11/21,9:30,10268,792,2942,5114,35,458,683,133,647,4186,0,141,0,0,-1,-4880,18,10268
2024/11/21,10:00,9958,786,2600,4838,34,464,680,130,649,4690,0,128,0,0,-2,-5054,15,9958
2024/11/21,10:30,9956,788,2606,4850,33,401,679,132,651,4825,0,97,0,-2,-3,-5116,15,9956
2024/11/21,11:00,9858,788,2918,4999,31,399,677,132,652,4678,0,85,0,-212,0,-5300,11,9858
2024/11/21,11:30,9724,790,2866,5093,30,400,687,132,654,4483,0,83,0,-220,-6,-5282,14,9724
2024/11/21,12:00,9310,783,2586,5069,30,373,684,128,659,4389,0,105,0,-222,-50,-5234,10,9310
2024/11/21,12:30,9179,785,2572,5133,29,384,684,126,662,4111,0,101,0,-220,-50,-5144,6,9179
2024/11/21,13:00,9620,783,2616,5281,31,472,693,122,660,3537,0,96,0,-2,1,-4684,14,9620
2024/11/21,13:30,9579,787,2796,5509,31,475,691,124,659,2959,0,96,0,0,-5,-4550,7,9579
2024/11/21,14:00,9686,787,3048,5512,30,477,690,125,660,2367,0,91,0,0,5,-4118,12,9686
2024/11/21,14:30,9569,783,3380,5548,31,473,702,131,661,1652,0,89,0,0,-5,-3884,8,9569
2024/11/21,15:00,9613,787,3686,5636,32,478,728,132,661,908,0,78,0,0,-13,-3512,12,9613
2024/11/21,15:30,9781,789,4342,5795,32,489,751,132,660,331,0,69,0,0,7,-3628,12,9781
2024/11/21,16:00,10072,787,4424,5860,33,484,869,135,688,26,0,104,0,0,9,-3362,15,10072
2024/11/21,16:30,10265,791,4570,5901,34,487,903,134,689,0,0,140,0,0,0,-3392,8,10265
2024/11/21,17:00,10222,789,4474,5898,35,482,927,134,690,0,0,131,0,0,6,-3360,16,10222
2024/11/21,17:30,10121,789,4448,5882,35,480,927,136,692,0,0,107,0,0,29,-3418,14,10121
2024/11/21,18:00,10063,793,4814,5797,35,476,926,135,690,0,0,99,0,0,28,-3750,20,10063
2024/11/21,18:30,9985,785,4876,5748,34,478,928,135,692,0,0,85,0,0,-1,-3790,15,9985
2024/11/21,19:00,9754,787,4686,5725,34,476,904,134,691,0,0,85,0,0,-2,-3782,16,9754
2024/11/21,19:30,9571,787,4700,5717,33,474,900,136,689,0,0,115,0,0,-1,-3990,11,9571
2024/11/21,20:00,9394,784,4212,5682,32,474,840,134,689,0,0,126,0,0,-1,-3594,16,9394
2024/11/21,20:30,9219,784,4072,5712,32,472,829,135,689,0,0,126,0,0,-2,-3642,12,9219
2024/11/21,21:00,8981,788,4028,5743,30,459,787,134,688,0,0,134,0,0,-1,-3820,11,8981
2024/11/21,21:30,8680,788,3592,5762,29,457,788,137,689,0,0,132,0,0,-1,-3700,7,8680
2024/11/21,22:00,8505,781,3334,5690,26,326,786,135,693,0,0,132,0,0,-1,-3414,17,8505
2024/11/21,22:30,8271,791,3416,5477,25,310,784,134,693,0,0,151,0,0,-2,-3520,12,8271
2024/11/21,23:00,8128,781,3004,5469,25,307,726,135,694,0,0,172,0,0,-1,-3190,6,8128
2024/11/21,23:30,7921,787,2740,5403,24,311,721,136,694,0,0,190,0,0,-1,-3088,4,7921
2024/11/22,0:00,7722,787,2424,5440,23,303,720,135,696,0,0,198,0,0,-1,-3006,3,7722
2024/11/22,0:30,7604,789,2262,5436,22,299,726,135,696,0,0,256,0,0,-2,-3018,3,7604
2024/11/22,1:00,7676,785,2250,5399,22,299,727,136,698,0,0,287,0,0,0,-2930,3,7676
2024/11/22,1:30,7701,787,2330,5411,22,296,734,136,698,0,0,267,0,0,-1,-2982,3,7701
2024/11/22,2:00,7871,788,2336,5495,22,297,732,134,695,0,0,268,0,0,-1,-2898,3,7871
2024/11/22,2:30,8024,790,2452,5594,23,294,736,135,692,0,0,274,0,0,-1,-2968,3,8024
2024/11/22,3:00,8185,787,2650,5598,24,295,732,137,694,0,0,260,0,0,-1,-2994,3,8185
2024/11/22,3:30,8287,789,2676,5635,25,297,735,134,691,0,0,285,0,0,-1,-2982,3,8287
2024/11/22,4:00,8437,790,2884,5531,26,294,741,135,691,0,0,300,0,0,-2,-2956,3,8437
2024/11/22,4:30,8549,786,2918,5595,26,298,745,134,690,0,0,345,0,0,-1,-2990,3,8549
2024/11/22,5:00,8700,790,3098,5667,27,298,742,136,694,0,0,362,0,0,-1,-3116,3,8700
2024/11/22,5:30,8887,790,3470,5674,27,300,747,133,691,0,0,370,0,0,-1,-3318,4,8887
2024/11/22,6:00,9109,787,3878,5668,28,304,760,135,688,2,0,432,0,0,-4,-3576,7,9109
2024/11/22,6:30,9339,787,3970,5675,28,305,769,132,659,165,0,482,0,0,-1,-3650,18,9339
2024/11/22,7:00,9306,792,3950,5610,29,303,786,135,660,482,0,545,0,0,-4,-4004,22,9306
2024/11/22,7:30,9549,786,3874,5582,29,349,802,132,657,977,0,467,0,0,-1,-4122,17,9549
2024/11/22,8:00,10017,789,3832,5604,31,420,809,132,654,1493,0,490,0,0,0,-4252,15,10017
2024/11/22,8:30,10321,791,3660,5617,31,348,814,132,654,2031,0,431,0,0,-3,-4196,11,10321
2024/11/22,9:00,10397,781,3308,5273,31,339,824,133,651,2662,0,451,0,0,2,-4074,16,10397
2024/11/22,9:30,10403,791,3174,5020,31,338,829,132,650,3312,0,489,0,0,0,-4382,19,10403
2024/11/22,10:00,10178,787,3320,4805,32,341,830,132,643,3823,0,463,0,0,-4,-5010,16,10178
2024/11/22,10:30,10256,787,3692,4771,33,338,833,133,644,3699,0,520,0,0,1,-5210,15,10256
2024/11/22,11:00,10154,786,4290,4859,33,338,840,134,649,3391,0,530,0,-212,-1,-5494,11,10154
2024/11/22,11:30,10095,790,4444,5059,33,342,845,132,649,2934,0,482,0,-220,-11,-5398,14,10095
2024/11/22,12:00,9685,794,4146,5226,32,337,837,132,650,2728,0,398,0,-222,-41,-5344,12,9685
2024/11/22,12:30,9545,788,3980,5322,31,344,836,132,648,2404,0,349,0,-220,-42,-5036,9,9545
2024/11/22,13:00,9979,788,3472,5325,32,340,844,135,648,2182,0,366,0,0,7,-4174,14,9979
2024/11/22,13:30,10022,790,3486,5455,33,351,854,131,650,1840,0,374,0,0,-8,-3940,6,10022
2024/11/22,14:00,10094,788,3624,5699,32,379,858,133,650,1377,0,345,0,0,3,-3808,14,10094
2024/11/22,14:30,10153,786,4166,5810,33,432,857,134,649,839,0,318,0,0,-6,-3878,13,10153
2024/11/22,15:00,10108,788,4376,5810,33,431,928,133,650,456,0,338,0,0,2,-3850,13,10108
2024/11/22,15:30,10158,786,4388,5799,33,430,965,133,650,194,0,424,0,0,-2,-3654,12,10158
2024/11/22,16:00,10389,791,4568,5789,34,434,1056,134,679,12,0,541,0,0,-2,-3662,15,10389
2024/11/22,16:30,10455,785,4412,5789,35,439,1102,138,691,0,0,738,0,0,-4,-3684,14,10455
2024/11/22,17:00,10278,790,4278,5774,35,450,1117,135,690,0,0,817,0,0,-2,-3822,16,10278
2024/11/22,17:30,10180,784,4282,5715,35,443,1125,136,677,0,0,878,0,0,27,-3938,16,10180
2024/11/22,18:00,10043,792,4288,5704,35,448,1133,137,673,0,0,1043,0,0,34,-4266,22,10043
2024/11/22,18:30,9974,788,4348,5703,34,447,1133,136,671,0,0,1094,0,0,5,-4402,17,9974
2024/11/22,19:00,9776,790,4004,5706,33,448,1137,138,670,0,0,1174,0,136,-1,-4476,17,9776
2024/11/22,19:30,9656,788,4192,5661,33,451,1146,134,672,0,0,1127,0,142,-1,-4702,13,9656
2024/11/22,20:00,9437,791,3746,5681,32,452,1110,138,669,0,0,1166,0,142,-1,-4506,17,9437
2024/11/22,20:30,9258,787,3866,5692,32,441,1107,135,674,0,0,1150,0,142,-1,-4780,13,9258
2024/11/22,21:00,9004,785,3748,5745,30,438,1108,139,671,0,0,1105,0,0,-1,-4780,16,9004
2024/11/22,21:30,8692,789,3542,5760,29,437,1091,134,673,0,0,1021,0,0,-1,-4790,7,8692
2024/11/22,22:00,8518,791,2954,5648,28,316,1042,136,668,0,0,1177,0,0,-1,-4258,17,8518
2024/11/22,22:30,8282,787,2790,5592,27,292,1022,137,670,0,0,1184,0,0,-2,-4230,13,8282
2024/11/22,23:00,8193,785,2618,5492,27,293,984,137,671,0,0,1094,0,0,-1,-3914,7,8193
2024/11/22,23:30,7899,793,2396,5506,26,294,958,137,672,0,0,883,0,0,-1,-3770,5,7899
2024/11/23,0:00,7763,787,2292,5526,25,291,943,137,671,0,0,1078,0,-212,-1,-3778,4,7763
2024/11/23,0:30,7511,787,1928,5492,24,286,939,137,668,0,0,1023,0,-220,-1,-3556,4,7511
2024/11/23,1:00,7550,788,1726,5537,24,285,935,136,663,0,0,995,0,-222,-7,-3314,4,7550
2024/11/23,1:30,7584,786,2038,5526,24,282,934,136,670,0,0,789,0,-220,-1,-3384,4,7584
2024/11/23,2:00,7697,787,1784,5470,24,285,940,136,667,0,0,663,0,0,-1,-3062,4,7697
2024/11/23,2:30,7830,791,1808,5475,25,281,947,138,667,0,0,715,0,0,-1,-3020,4,7830
2024/11/23,3:00,7967,785,2018,5479,26,283,946,135,657,0,0,611,0,0,-1,-2976,4,7967
2024/11/23,3:30,8016,793,2154,5523,27,282,946,137,652,0,0,499,0,0,-1,-3000,4,8016
2024/11/23,4:00,8174,789,2300,5535,28,283,945,135,648,0,0,420,0,0,-1,-2912,4,8174
2024/11/23,4:30,8226,785,2212,5537,28,285,946,137,652,0,0,423,0,0,-1,-2782,4,8226
2024/11/23,5:00,8261,791,2270,5539,28,283,948,136,655,0,0,375,0,0,-1,-2768,5,8261
2024/11/23,5:30,8235,785,2280,5521,28,285,939,137,653,0,0,336,0,0,-27,-2708,6,8235
2024/11/23,6:00,8292,793,2222,5456,28,284,936,136,656,1,0,308,0,0,-4,-2532,8,8292
2024/11/23,6:30,8312,787,2078,5428,29,282,923,133,618,155,0,315,0,0,3,-2452,13,8312
2024/11/23,7:00,8160,785,2248,5372,29,283,913,135,616,539,0,273,0,0,4,-3056,19,8160
2024/11/23,7:30,8330,789,1940,5213,30,286,910,133,620,1138,0,296,0,0,12,-3056,19,8330
2024/11/23,8:00,8291,791,2042,4875,31,283,912,135,619,1806,0,317,0,0,-2,-3534,16,8291
2024/11/23,8:30,8481,785,2218,4559,33,286,915,133,616,2438,0,305,0,-2,0,-3826,21,8481
2024/11/23,9:00,8484,789,2320,4534,32,295,919,135,610,2991,0,309,0,-212,-5,-4246,13,8484
2024/11/23,9:30,8344,787,1790,4344,31,288,924,133,609,3521,0,335,0,-220,-1,-4216,19,8344
2024/11/23,10:00,8259,791,1776,3927,31,287,921,136,611,3939,0,340,0,-220,0,-4300,20,8259
2024/11/23,10:30,8313,785,2164,4044,29,287,927,131,610,3982,0,332,0,-222,1,-4774,17,8313
2024/11/23,11:00,8175,785,2198,4137,28,286,930,136,611,3861,0,298,0,-220,0,-4892,17,8175
2024/11/23,11:30,8198,789,2318,4131,29,285,943,132,602,3841,0,355,0,-220,-7,-5016,16,8198
2024/11/23,12:00,8125,789,2244,4138,27,293,941,133,639,3714,0,419,0,-220,-42,-4968,18,8125
2024/11/23,12:30,8031,787,2094,4251,28,292,952,136,626,3608,0,431,0,-218,-34,-4932,10,8031
2024/11/23,13:00,7981,789,1902,4416,27,290,976,134,644,3190,0,436,0,-2,-8,-4826,13,7981
2024/11/23,13:30,8088,789,1932,4716,28,328,974,135,627,2792,0,554,0,0,4,-4800,9,8088
2024/11/23,14:00,8091,787,2066,4851,29,362,974,132,626,2224,0,427,0,0,-5,-4400,18,8091
2024/11/23,14:30,7962,787,2224,5054,29,363,974,135,602,1533,0,461,0,0,-5,-4206,11,7962
2024/11/23,15:00,8158,789,2552,5510,30,380,993,133,609,802,0,512,0,0,2,-4168,14,8158
2024/11/23,15:30,8225,789,2790,5559,31,388,1015,134,609,305,0,520,0,0,-8,-3920,13,8225
2024/11/23,16:00,8553,787,2812,5439,32,394,1099,135,632,18,0,543,0,0,2,-3356,16,8553
2024/11/23,16:30,9016,789,3126,5666,33,399,1102,136,639,0,0,525,0,0,0,-3408,9,9016
2024/11/23,17:00,9163,794,3320,5769,34,408,1099,134,638,0,0,543,0,0,-3,-3590,17,9163
2024/11/23,17:30,9263,714,3492,5731,35,412,1105,137,650,0,0,525,0,138,-3,-3690,17,9263
2024/11/23,18:00,9199,611,3566,5734,34,411,1076,140,655,0,0,568,0,142,4,-3762,20,9199
2024/11/23,18:30,9158,475,3630,5732,35,405,1071,139,660,0,0,610,0,142,35,-3792,16,9158
2024/11/23,19:00,9041,385,3590,5743,34,405,1063,144,660,0,0,661,0,142,28,-3832,18,9041
2024/11/23,19:30,8951,367,3728,5752,33,405,1066,140,659,0,0,605,0,142,-1,-3958,13,8951
2024/11/23,20:00,8823,342,3778,5758,32,397,1059,143,658,0,0,517,0,142,-1,-4018,16,8823
2024/11/23,20:30,8649,252,3770,5764,31,389,1061,140,659,0,0,484,0,0,-1,-3914,14,8649
2024/11/23,21:00,8488,159,3492,5785,31,390,1054,143,660,0,0,598,0,0,-2,-3836,14,8488
2024/11/23,21:30,8234,105,3280,5742,30,387,1038,141,660,0,0,668,0,0,-1,-3824,8,8234
2024/11/23,22:00,8100,89,3024,5657,28,306,1041,143,660,0,0,602,0,0,-1,-3464,15,8100
2024/11/23,22:30,7831,89,2596,5710,26,300,1039,140,658,0,0,456,0,0,-2,-3194,13,7831
2024/11/23,23:00,7769,100,2746,5731,27,296,1043,143,662,0,0,385,0,0,0,-3372,8,7769
2024/11/23,23:30,7570,58,2710,5724,26,295,1030,141,659,0,0,374,0,0,-1,-3452,6,7570
2024/11/24,0:00,7478,32,2762,5715,25,290,1022,142,662,0,0,411,0,0,-1,-3586,4,7478
2024/11/24,0:30,7293,0,2626,5666,24,290,1026,141,657,0,0,411,0,0,-2,-3550,4,7293
2024/11/24,1:00,7450,0,2666,5655,24,286,1017,141,657,0,0,440,0,0,-2,-3438,4,7450
2024/11/24,1:30,7410,0,2350,5645,24,283,1023,142,663,0,0,539,0,0,-1,-3262,4,7410
2024/11/24,2:00,7606,0,2308,5695,24,284,1019,141,670,0,0,558,0,0,-1,-3096,4,7606
2024/11/24,2:30,7734,0,2534,5557,25,290,1021,143,660,0,0,623,0,0,-1,-3122,4,7734
2024/11/24,3:00,7876,0,2638,5561,26,286,1013,140,647,0,0,587,0,0,-2,-3024,4,7876
2024/11/24,3:30,8003,0,2862,5545,26,289,1013,143,644,0,0,648,0,0,-1,-3170,4,8003
2024/11/24,4:00,8085,0,3066,5554,27,288,1007,140,642,0,0,690,0,0,-1,-3332,4,8085
2024/11/24,4:30,8112,0,2904,5516,28,290,1008,142,645,0,0,715,0,138,-2,-3276,4,8112
2024/11/24,5:00,8191,0,2818,5501,28,290,1002,140,643,0,0,802,0,224,-1,-3260,4,8191
2024/11/24,5:30,8143,0,2760,5493,28,286,999,142,649,0,0,835,0,228,-1,-3282,6,8143
2024/11/24,6:00,8217,0,2764,5444,28,291,986,140,651,0,0,869,0,230,-2,-3194,10,8217
2024/11/24,6:30,8190,0,2850,5316,28,286,973,140,622,172,0,823,0,144,-2,-3176,14,8190
2024/11/24,7:00,8151,0,3138,5376,29,289,971,139,624,573,0,855,0,0,-8,-3858,23,8151
2024/11/24,7:30,8210,0,2494,5254,30,289,968,138,623,1167,0,867,0,0,-3,-3636,19,8210
2024/11/24,8:00,8271,0,2530,5172,31,294,969,141,622,1878,0,878,0,0,4,-4264,16,8271
2024/11/24,8:30,8302,0,2012,5007,31,291,961,137,622,2561,0,933,0,0,-3,-4264,14,8302
2024/11/24,9:00,8296,0,1874,4849,31,296,963,140,620,2975,0,900,0,-208,0,-4160,16,8296
2024/11/24,9:30,8325,0,1966,4638,31,297,966,131,619,3536,0,858,0,-222,-2,-4512,19,8325
2024/11/24,10:00,8171,0,1936,4489,30,289,962,135,618,3870,0,961,0,-222,-5,-4908,16,8171
2024/11/24,10:30,8116,0,1856,4389,29,295,959,131,619,3930,0,1034,0,-222,-11,-4908,15,8116
2024/11/24,11:00,8028,0,1924,4283,28,295,964,135,600,3835,0,1053,0,-220,-10,-4870,11,8028
2024/11/24,11:30,7958,0,1876,4245,27,297,958,138,602,3681,0,1025,0,-222,-14,-4670,15,7958
2024/11/24,12:00,8082,0,2010,4351,28,296,955,152,604,3706,0,1037,0,-220,-44,-4804,11,8082
2024/11/24,12:30,7863,0,1880,4398,29,298,958,150,602,3526,0,1077,0,-220,-37,-4808,10,7863
2024/11/24,13:00,7886,0,1920,4742,30,300,955,151,603,3202,0,1050,0,-220,-4,-4858,15,7886
2024/11/24,13:30,7866,0,2194,4905,29,367,952,152,602,2783,0,1025,0,-220,-2,-4934,13,7866
2024/11/24,14:00,7890,0,2100,5040,29,361,949,150,602,2206,0,1058,0,0,-1,-4618,14,7890
2024/11/24,14:30,7780,0,2350,5052,29,352,942,153,603,1542,0,998,0,0,0,-4254,13,7780
2024/11/24,15:00,8022,0,3048,5253,29,371,994,149,600,886,0,944,0,0,-3,-4262,13,8022
2024/11/24,15:30,8023,0,3162,5364,30,378,1013,153,598,353,0,884,0,0,-2,-3922,12,8023
2024/11/24,16:00,8522,0,3504,5330,31,377,1081,151,628,21,0,969,0,0,0,-3586,16,8522
2024/11/24,16:30,8905,0,3730,5539,33,382,1100,154,624,0,0,978,0,0,3,-3654,16,8905
2024/11/24,17:00,9160,0,3594,5564,35,386,1071,151,629,0,0,926,0,0,-1,-3216,21,9160
2024/11/24,17:30,9275,0,3834,5580,35,395,1059,155,627,0,0,835,0,0,-5,-3258,18,9275
2024/11/24,18:00,9286,0,3860,5567,35,411,1056,150,625,0,0,837,0,0,-2,-3274,21,9286
2024/11/24,18:30,9214,0,3558,5626,35,404,1064,155,627,0,0,760,0,202,-1,-3234,18,9214
2024/11/24,19:00,9150,0,3656,5672,34,409,1029,151,626,0,0,733,0,228,-1,-3404,17,9150
2024/11/24,19:30,9060,0,3484,5657,34,404,1034,153,627,0,0,764,0,228,2,-3342,15,9060
2024/11/24,20:00,8926,0,3546,5675,33,409,993,153,624,0,0,740,0,228,35,-3526,16,8926
2024/11/24,20:30,8808,0,3530,5672,32,395,983,151,623,0,0,736,0,228,27,-3582,13,8808
2024/11/24,21:00,8627,0,3760,5671,31,394,943,154,620,0,0,706,0,226,-2,-3894,18,8627
2024/11/24,21:30,8306,0,3738,5676,30,393,933,151,623,0,0,636,0,0,-2,-3880,8,8306
2024/11/24,22:00,8144,0,3134,5680,29,311,929,154,620,0,0,616,0,0,-1,-3344,16,8144
2024/11/24,22:30,7812,0,2680,5667,27,300,928,152,622,0,0,639,0,0,-1,-3216,14,7812
2024/11/24,23:00,7850,0,2698,5661,28,303,915,154,623,0,0,608,0,0,-2,-3146,8,7850
2024/11/24,23:30,7661,0,2408,5623,26,302,914,151,623,0,0,630,0,-2,-1,-3018,5,7661
2024/11/25,0:00,7512,0,2680,5614,25,300,926,154,620,0,0,633,0,-210,-2,-3232,4,7512
2024/11/25,0:30,7441,0,2598,5642,24,303,919,151,624,0,0,679,0,-220,-1,-3282,4,7441
2024/11/25,1:00,7588,0,2850,5720,24,298,919,152,623,0,0,716,0,-222,0,-3496,4,7588
2024/11/25,1:30,7637,0,2896,5704,24,297,921,153,624,0,0,687,0,-220,1,-3454,4,7637
2024/11/25,2:00,7795,0,2536,5655,25,298,919,153,632,0,0,672,0,0,-1,-3098,4,7795
2024/11/25,2:30,7955,0,2622,5671,26,301,920,154,632,0,0,571,0,0,0,-2946,4,7955
2024/11/25,3:00,8160,0,2742,5670,27,301,922,152,628,0,0,569,0,0,-1,-2854,4,8160
2024/11/25,3:30,8216,0,2830,5663,28,300,918,155,632,0,0,487,0,0,-1,-2800,4,8216
2024/11/25,4:00,8370,0,2956,5679,29,302,915,152,632,0,0,526,0,0,-1,-2824,4,8370
2024/11/25,4:30,8512,0,3062,5692,30,302,914,154,627,0,0,574,0,0,-1,-2846,4,8512
2024/11/25,5:00,8818,0,3460,5717,31,303,911,152,627,0,0,578,0,0,-1,-2964,4,8818
2024/11/25,5:30,8993,0,3662,5722,31,308,911,152,625,0,0,534,0,0,-1,-2956,5,8993
2024/11/25,6:00,9450,0,4352,5734,32,311,916,155,630,0,0,488,0,204,-2,-3378,8,9450
2024/11/25,6:30,9617,0,4220,5774,33,316,901,150,604,177,0,427,0,228,5,-3232,14,9617
2024/11/25,7:00,9696,0,4598,5921,34,320,900,153,605,654,0,383,0,230,-8,-4116,22,9696
2024/11/25,7:30,9858,0,3926,5916,34,368,901,150,604,1410,0,377,0,226,-4,-4068,18,9858
2024/11/25,8:00,10211,0,4350,5820,34,411,879,152,604,2292,0,362,0,0,-5,-4704,16,10211
2024/11/25,8:30,10448,0,3960,5613,34,369,879,151,603,3158,0,336,0,0,4,-4672,13,10448
2024/11/25,9:00,10522,0,3468,5467,34,364,874,152,602,3920,0,305,0,0,-5,-4674,15,10522
2024/11/25,9:30,10430,0,3224,5151,33,366,879,150,600,4526,0,297,0,0,3,-4818,19,10430
2024/11/25,10:00,10229,0,3300,4929,33,367,874,152,592,4988,0,325,0,0,-5,-5342,16,10229
2024/11/25,10:30,10092,0,2944,4756,32,366,872,140,591,5252,0,348,0,0,-2,-5222,15,10092
2024/11/25,11:00,10039,0,2956,4677,33,371,865,132,594,5336,0,366,0,0,-3,-5300,12,10039
2024/11/25,11:30,9871,0,2986,4466,33,373,869,135,592,5355,0,349,0,0,7,-5308,14,9871
2024/11/25,12:00,9457,0,2996,4341,31,371,864,132,594,5112,0,357,0,0,-46,-5306,11,9457
2024/11/25,12:30,9348,0,3076,4444,29,378,873,135,595,4800,0,366,0,0,-41,-5314,7,9348
2024/11/25,13:00,9689,0,3318,4846,29,377,871,132,598,4380,0,343,0,0,-3,-5216,14,9689
2024/11/25,13:30,9759,0,3418,5382,29,384,882,135,591,3773,0,322,0,0,-1,-5164,8,9759
2024/11/25,14:00,9858,0,3862,5559,30,389,884,134,607,2964,0,329,0,0,-2,-4910,12,9858
2024/11/25,14:30,9734,0,4168,5703,30,431,902,137,615,2025,0,325,0,0,-2,-4608,8,9734
2024/11/25,15:00,9798,0,4456,5777,31,435,953,134,628,1093,0,294,0,1,-3,-4014,13,9798
2024/11/25,15:30,9876,0,4564,5903,32,435,1008,134,640,397,0,307,0,2,-2,-3556,12,9876
2024/11/25,16:00,10282,0,4862,6032,33,447,1005,136,666,26,0,331,0,2,-3,-3270,15,10282
2024/11/25,16:30,10668,0,5358,6093,35,449,1053,136,665,0,0,288,0,0,-1,-3416,8,10668
2024/11/25,17:00,10534,0,5310,6093,36,481,1078,138,669,0,0,243,0,0,1,-3532,17,10534
2024/11/25,17:30,10621,0,5508,6073,36,484,1087,140,671,0,0,196,0,0,0,-3590,16,10621
2024/11/25,18:00,10432,0,5250,6072,37,484,1054,138,671,0,0,162,0,0,-1,-3454,19,10432
2024/11/25,18:30,10472,0,5284,6067,36,484,1052,137,669,0,0,166,0,0,-1,-3438,16,10472
2024/11/25,19:00,10244,0,5236,6060,36,481,1057,138,671,0,0,161,0,0,34,-3646,16,10244
2024/11/25,19:30,10193,0,5268,6083,35,482,1058,144,672,0,0,172,0,0,33,-3766,12,10193
2024/11/25,20:00,9966,0,5046,6122,35,490,1005,157,668,0,0,172,0,206,0,-3950,15,9966
2024/11/25,20:30,9848,0,5000,6092,34,489,975,159,666,0,0,192,0,228,-2,-4000,15,9848
2024/11/25,21:00,9502,0,5024,5959,32,493,906,157,665,0,0,189,0,226,-2,-4160,13,9502
2024/11/25,21:30,9216,0,4990,5958,31,487,904,158,668,0,0,164,0,2,-1,-4152,7,9216
2024/11/25,22:00,9078,0,4770,5975,29,347,868,157,669,0,0,145,0,0,-1,-3898,17,9078
2024/11/25,22:30,8675,0,4064,5951,28,323,863,159,672,0,0,149,0,0,-2,-3546,14,8675
2024/11/25,23:00,8796,0,3902,5960,28,326,855,159,672,0,0,179,0,0,-1,-3290,6,8796
2024/11/25,23:30,8412,0,3200,5809,27,328,856,158,673,0,0,225,0,0,-2,-2866,4,8412
2024/11/26,0:00,8358,0,3534,5773,26,318,845,161,673,0,0,245,0,0,-2,-3218,3,8358
2024/11/26,0:30,8289,0,3582,5625,24,321,845,158,672,0,0,276,0,0,-1,-3216,3,8289
2024/11/26,1:00,8401,0,3932,5557,24,319,858,160,673,0,0,292,0,0,-1,-3416,3,8401
2024/11/26,1:30,8380,0,3762,5413,25,315,850,159,675,0,0,309,0,0,-1,-3130,3,8380
2024/11/26,2:00,8559,0,3682,5416,25,318,845,158,673,0,0,296,0,0,-1,-2856,3,8559
2024/11/26,2:30,8753,0,3896,5438,26,319,847,159,670,0,0,233,0,0,-1,-2838,4,8753
2024/11/26,3:00,8946,0,4204,5482,27,318,853,158,671,0,0,211,0,0,-1,-2980,3,8946
2024/11/26,3:30,8973,0,4084,5471,27,320,855,159,672,0,0,250,0,0,-2,-2866,3,8973
2024/11/26,4:00,9137,0,3946,5497,29,317,851,160,675,0,0,261,0,0,0,-2602,3,9137
2024/11/26,4:30,9254,0,4110,5364,29,321,853,159,679,0,0,295,0,0,-1,-2558,3,9254
2024/11/26,5:00,9477,0,4330,5232,30,318,845,159,680,0,0,365,0,0,0,-2486,4,9477
2024/11/26,5:30,9761,0,4376,5189,30,324,841,158,677,0,0,441,0,204,-1,-2482,4,9761
2024/11/26,6:00,10186,0,5010,5188,32,333,906,159,679,1,0,524,0,230,-1,-2882,7,10186
2024/11/26,6:30,10306,0,4794,5190,33,335,893,156,647,150,0,601,0,228,0,-2738,17,10306
2024/11/26,7:00,10330,0,5092,5187,33,346,890,158,635,665,0,620,0,230,-8,-3538,20,10330
2024/11/26,7:30,10518,0,4854,5164,32,394,887,156,637,1433,0,608,0,226,-6,-3888,21,10518
2024/11/26,8:00,10751,0,4644,5177,32,432,882,155,633,2221,0,594,0,226,2,-4262,15,10751
2024/11/26,8:30,11087,0,4588,5113,32,427,868,156,633,3119,0,627,0,0,-1,-4488,13,11087
2024/11/26,9:00,10965,0,3870,4969,32,380,849,154,632,3869,0,665,0,0,-1,-4470,16,10965
2024/11/26,9:30,10777,0,3600,4395,31,383,842,155,629,4561,0,688,0,0,0,-4526,19,10777
2024/11/26,10:00,10442,0,3576,3670,30,379,829,157,592,5076,0,601,0,0,0,-4484,16,10442
2024/11/26,10:30,10362,0,3804,3375,30,379,821,154,603,5328,0,631,0,-212,-3,-4564,16,10362
2024/11/26,11:00,10126,0,3708,3313,29,382,822,155,600,5208,0,692,0,-222,-5,-4568,12,10126
2024/11/26,11:30,10025,0,3824,3276,29,381,810,153,605,4990,0,705,0,-222,-2,-4538,14,10025
2024/11/26,12:00,9487,0,3710,3136,30,382,811,154,606,4619,0,764,0,-222,-43,-4472,12,9487
2024/11/26,12:30,9422,0,3876,3383,30,379,815,154,608,4089,0,806,0,-222,-39,-4464,7,9422
2024/11/26,13:00,9852,0,4264,4049,31,383,825,151,617,3215,0,906,0,-220,-7,-4376,14,9852
2024/11/26,13:30,9960,0,4520,4489,32,415,830,154,629,2419,0,935,0,-222,1,-4250,8,9960
2024/11/26,14:00,10000,0,4718,4879,32,434,832,154,638,1621,0,1039,0,0,-3,-4356,12,10000
2024/11/26,14:30,9998,0,4972,5076,32,439,832,154,641,1073,0,1130,0,0,-1,-4358,8,9998
2024/11/26,15:00,10010,0,5366,5104,32,446,860,152,641,592,0,1180,0,0,-6,-4370,13,10010
2024/11/26,15:30,10115,0,5388,5107,33,448,894,154,641,217,0,1323,0,138,2,-4242,12,10115
2024/11/26,16:00,10339,0,5142,5076,35,442,951,156,660,10,0,1433,0,142,0,-3724,16,10339
2024/11/26,16:30,10661,0,5692,5093,34,442,982,154,653,0,0,1419,0,142,-4,-3956,10,10661
2024/11/26,17:00,10416,0,5450,5101,35,488,1002,154,651,0,0,1309,0,142,6,-3938,16,10416
2024/11/26,17:30,10279,0,5430,5085,35,492,1002,154,656,0,0,1133,0,142,-2,-3862,14,10279
2024/11/26,18:00,10165,0,5182,5098,34,495,1000,156,664,0,0,1157,0,0,34,-3674,19,10165
2024/11/26,18:30,10077,0,5054,5104,34,497,1010,156,665,0,0,1218,0,0,27,-3704,16,10077
2024/11/26,19:00,9808,0,4756,5066,33,496,1002,155,666,0,0,1263,0,0,0,-3650,21,9808
2024/11/26,19:30,9617,0,4574,5067,32,495,1010,155,666,0,0,1218,0,0,0,-3612,12,9617
2024/11/26,20:00,9395,0,4440,5046,31,499,968,154,660,0,0,1232,0,0,-3,-3648,16,9395
2024/11/26,20:30,9256,0,4298,4997,31,495,964,155,658,0,0,1306,0,0,-2,-3658,12,9256
2024/11/26,21:00,8922,0,4218,4881,29,481,905,155,660,0,0,1302,0,0,0,-3722,13,8922
2024/11/26,21:30,8591,0,4030,4773,27,478,907,153,653,0,0,1325,0,0,-2,-3760,7,8591
2024/11/26,22:00,8426,0,3546,4757,26,349,922,154,659,0,0,1245,0,0,-1,-3246,15,8426
2024/11/26,22:30,8235,0,3342,4783,25,327,922,154,663,0,0,1176,0,0,-2,-3170,15,8235
2024/11/26,23:00,8023,0,3286,4761,25,329,912,155,661,0,0,1092,0,0,-2,-3204,8,8023
2024/11/26,23:30,7856,0,3172,4769,24,329,923,155,661,0,0,974,0,0,-1,-3154,4,7856
2024/11/27,0:00,7608,0,2968,4707,24,323,931,152,668,0,0,978,0,0,-2,-3144,3,7608
2024/11/27,0:30,7504,0,2932,4744,23,325,940,154,671,0,0,950,0,0,-2,-3236,3,7504
2024/11/27,1:00,7539,0,3000,4783,22,321,965,153,676,0,0,919,0,0,-1,-3302,3,7539
2024/11/27,1:30,7569,0,2908,4886,22,325,973,154,683,0,0,873,0,0,-2,-3256,3,7569
2024/11/27,2:00,7711,0,3106,4969,23,323,975,156,675,0,0,680,0,0,-1,-3198,3,7711
2024/11/27,2:30,7763,0,3192,5023,24,320,977,153,677,0,0,610,0,0,-2,-3214,3,7763
2024/11/27,3:00,7975,0,3386,5026,25,320,996,155,674,0,0,571,0,0,-1,-3180,3,7975
2024/11/27,3:30,8046,0,3340,5020,25,323,1005,153,674,0,0,534,0,0,-1,-3030,3,8046
2024/11/27,4:00,8170,0,3360,4991,26,321,1007,156,673,0,0,492,0,0,-1,-2858,3,8170
2024/11/27,4:30,8146,0,3106,5024,27,322,1009,154,668,0,0,484,0,0,-1,-2650,3,8146
2024/11/27,5:00,8303,0,3118,4949,28,320,998,157,657,0,0,545,0,0,-1,-2472,4,8303
2024/11/27,5:30,8357,0,3314,4937,28,324,975,155,660,0,0,485,0,0,-1,-2524,4,8357
2024/11/27,6:00,8477,0,3882,4894,28,325,977,154,657,0,0,393,0,0,-1,-2838,6,8477
2024/11/27,6:30,8732,0,4496,4895,29,327,968,155,631,72,0,372,0,0,-1,-3228,16,8732
2024/11/27,7:00,8724,0,4174,4816,30,331,969,153,631,433,0,455,0,0,-1,-3288,21,8724
2024/11/27,7:30,8809,0,3754,4544,30,374,981,156,618,991,0,383,0,0,0,-3040,18,8809
2024/11/27,8:00,9319,0,4380,4496,32,426,976,153,609,1646,0,347,0,0,-3,-3758,15,9319
2024/11/27,8:30,9727,0,4720,4555,34,426,979,154,607,2017,0,283,0,0,1,-4062,13,9727
2024/11/27,9:00,9836,0,4616,4652,33,426,979,154,605,2303,0,195,0,0,-6,-4136,15,9836
2024/11/27,9:30,9802,0,4432,4586,34,427,980,153,602,2485,0,234,0,0,-2,-4148,19,9802
2024/11/27,10:00,9677,0,4162,4479,34,389,945,153,605,2693,0,253,0,0,0,-4052,16,9677
2024/11/27,10:30,9726,0,4120,4501,33,378,943,152,603,2996,0,394,0,-214,-3,-4192,15,9726
2024/11/27,11:00,9665,0,3938,4510,32,376,959,150,603,3226,0,515,0,-222,0,-4434,12,9665
2024/11/27,11:30,9609,0,4072,4209,31,382,982,151,606,3278,0,578,0,-222,-7,-4466,15,9609
2024/11/27,12:00,9138,0,3886,4055,33,380,995,150,608,3269,0,651,0,-222,-37,-4642,12,9138
2024/11/27,12:30,9013,0,3846,4115,32,382,992,150,608,3123,0,665,0,-220,-40,-4648,8,9013
2024/11/27,13:00,9414,0,3868,4284,32,435,1001,154,605,2840,0,736,0,0,-3,-4552,14,9414
2024/11/27,13:30,9493,0,3984,4573,32,440,1002,154,606,2386,0,810,0,0,2,-4504,8,9493
2024/11/27,14:00,9548,0,4096,4817,33,446,1004,154,606,1825,0,863,0,0,-7,-4302,13,9548
2024/11/27,14:30,9491,0,4162,4848,32,444,1018,152,605,1244,0,1008,0,0,1,-4032,9,9491
2024/11/27,15:00,9465,0,4166,4927,33,446,1039,153,606,746,0,1115,0,0,1,-3780,13,9465
2024/11/27,15:30,9754,0,4814,5135,34,449,1044,153,606,337,0,1223,0,0,-5,-4048,12,9754
2024/11/27,16:00,9924,0,5002,5164,34,461,1123,155,653,12,0,1346,0,136,-4,-4174,16,9924
2024/11/27,16:30,10121,0,5198,5171,35,457,1174,156,646,0,0,1518,0,142,9,-4394,9,10121
2024/11/27,17:00,9957,0,5010,5168,35,500,1221,159,650,0,0,1455,0,144,30,-4432,17,9957
2024/11/27,17:30,9812,0,4684,5156,35,507,1223,155,648,0,0,1525,0,142,24,-4302,15,9812
2024/11/27,18:00,9751,0,4652,5144,35,508,1234,157,647,0,0,1519,0,142,-2,-4304,19,9751
2024/11/27,18:30,9608,0,4714,5128,35,507,1240,155,642,0,0,1427,0,0,-1,-4254,15,9608
2024/11/27,19:00,9458,0,4562,5071,34,508,1245,157,647,0,0,1452,0,0,-2,-4232,16,9458
2024/11/27,19:30,9266,0,4548,5014,34,490,1237,157,650,0,0,1306,0,0,-1,-4180,11,9266
2024/11/27,20:00,9118,0,4460,4936,32,494,1233,156,650,0,0,1235,0,0,-1,-4094,17,9118
2024/11/27,20:30,8884,0,4124,4923,32,491,1224,157,647,0,0,1283,0,0,-1,-4008,12,8884
2024/11/27,21:00,8657,0,3920,4796,30,489,1149,156,643,0,0,1181,0,0,-1,-3718,12,8657
2024/11/27,21:30,8396,0,3954,4773,29,485,1153,156,649,0,0,890,0,0,-1,-3698,6,8396
2024/11/27,22:00,8196,0,3480,4761,27,360,1157,158,643,0,0,679,0,0,-1,-3084,16,8196
2024/11/27,22:30,7980,0,3248,4734,25,336,1142,155,643,0,0,680,0,0,-2,-2994,13,7980
2024/11/27,23:00,7843,0,2948,4733,25,334,1117,157,648,0,0,802,0,0,-1,-2926,6,7843
2024/11/27,23:30,7772,0,3222,4762,24,337,1091,157,649,0,0,594,0,0,-2,-3066,4,7772
2024/11/28,0:00,7501,0,3252,4728,24,331,1028,157,647,0,0,610,0,0,-1,-3278,3,7501
2024/11/28,0:30,7419,0,3176,4760,22,334,1030,157,643,0,0,551,0,0,-1,-3256,3,7419
2024/11/28,1:00,7442,0,3100,4780,22,330,1025,156,639,0,0,548,0,0,-1,-3160,3,7442
2024/11/28,1:30,7529,0,3160,4772,22,334,1030,157,649,0,0,575,0,0,-1,-3172,3,7529
2024/11/28,2:00,7663,0,3112,4887,23,329,1032,156,656,0,0,691,0,0,0,-3226,3,7663
2024/11/28,2:30,7785,0,3148,4910,24,332,1031,157,658,0,0,574,0,0,-1,-3052,4,7785
2024/11/28,3:00,7979,0,3002,4834,25,327,1031,156,656,0,0,498,0,0,-1,-2552,3,7979
2024/11/28,3:30,8112,0,3132,4818,26,333,1027,158,660,0,0,610,0,0,-1,-2654,3,8112
2024/11/28,4:00,8302,0,3246,4833,27,331,1022,155,655,0,0,619,0,0,-1,-2588,3,8302
2024/11/28,4:30,8426,0,3430,4914,27,333,1012,157,649,0,0,523,0,0,-2,-2620,3,8426
2024/11/28,5:00,8603,0,3560,4904,28,330,1016,156,654,0,0,516,0,0,-1,-2564,4,8603
2024/11/28,5:30,8708,0,3560,4936,29,333,1017,157,658,0,0,583,0,0,-1,-2568,4,8708
2024/11/28,6:00,8974,0,3870,4876,29,335,1016,155,662,0,0,857,0,0,-3,-2830,7,8974
2024/11/28,6:30,9141,0,4098,4786,30,341,1010,157,642,99,0,930,0,0,1,-2970,17,9141
2024/11/28,7:00,9117,0,4012,4785,31,336,1000,152,609,559,0,890,0,0,-7,-3272,22,9117
2024/11/28,7:30,9461,0,3928,4798,31,396,1012,154,610,1096,0,886,0,0,2,-3470,18,9461
2024/11/28,8:00,9772,0,4278,4682,33,389,1013,152,609,1820,0,868,0,0,-4,-4084,16,9772
2024/11/28,8:30,10169,0,4000,4462,34,383,1007,154,610,2738,0,795,0,0,1,-4028,13,10169
2024/11/28,9:00,10216,0,4180,4317,34,381,1016,152,605,3285,0,555,0,0,-2,-4322,15,10216
2024/11/28,9:30,10303,0,3880,4265,34,377,1021,154,603,3868,0,480,0,0,-4,-4394,19,10303
2024/11/28,10:00,10160,0,3672,4169,34,382,1031,152,601,4073,0,462,0,0,0,-4432,16,10160
2024/11/28,10:30,10226,0,3472,4082,34,382,1031,154,600,4317,0,415,0,-2,-7,-4268,16,10226
2024/11/28,11:00,10090,0,3714,4074,34,383,1043,152,601,4467,0,292,0,-212,2,-4472,12,10090
2024/11/28,11:30,10119,0,3888,4135,35,382,1054,154,602,4216,0,325,0,-222,-5,-4460,15,10119
2024/11/28,12:00,9704,0,3846,4214,34,384,1064,152,605,3986,0,272,0,-222,-38,-4604,11,9704
2024/11/28,12:30,9514,0,3758,4339,34,383,1072,153,608,3596,0,283,0,-220,-43,-4456,7,9514
2024/11/28,13:00,9986,0,3786,4668,35,383,1083,153,613,2978,0,273,0,0,2,-4002,14,9986
2024/11/28,13:30,10018,0,3752,4938,36,383,1092,153,615,2413,0,344,0,0,-4,-3718,14,10018
2024/11/28,14:00,10113,0,3862,4966,35,387,1104,153,615,1710,0,299,0,0,-1,-3030,13,10113
2024/11/28,14:30,10073,0,4184,5082,36,480,1106,153,601,1097,0,351,0,0,-5,-3020,8,10073
2024/11/28,15:00,10102,0,4516,5069,36,487,1137,153,602,679,0,328,0,0,-2,-2916,13,10102
2024/11/28,15:30,10372,0,5250,5097,36,485,1157,154,598,280,0,256,0,0,0,-2954,13,10372
2024/11/28,16:00,10618,0,5624,5114,37,491,1229,156,640,13,0,294,0,136,-2,-3130,16,10618
2024/11/28,16:30,10806,0,5538,5138,37,496,1293,157,650,0,0,326,0,144,1,-2984,10,10806
2024/11/28,17:00,10605,0,5114,5109,37,504,1331,157,646,0,0,341,0,142,-8,-2786,18,10605
2024/11/28,17:30,10617,0,5086,5139,37,500,1327,158,649,0,0,329,0,142,36,-2802,16,10617
2024/11/28,18:00,10477,0,5310,5178,37,507,1338,156,647,0,0,320,0,0,33,-3070,21,10477
2024/11/28,18:30,10397,0,5284,5172,37,497,1335,158,648,0,0,303,0,0,-1,-3052,16,10397
2024/11/28,19:00,10164,0,5148,5162,36,504,1335,156,645,0,0,339,0,0,-2,-3176,17,10164
2024/11/28,19:30,10080,0,5230,5167,35,487,1327,158,644,0,0,347,0,0,-1,-3326,12,10080
2024/11/28,20:00,9819,0,5412,5174,34,484,1304,155,639,0,0,368,0,0,-1,-3768,18,9819
2024/11/28,20:30,9676,0,5326,5174,32,489,1305,157,634,0,0,399,0,0,-1,-3852,13,9676
2024/11/28,21:00,9356,0,4748,5154,31,486,1288,156,634,0,0,445,0,0,-1,-3598,13,9356
2024/11/28,21:30,9036,0,4140,5158,30,490,1289,158,630,0,0,512,0,0,-2,-3376,7,9036
2024/11/28,22:00,8747,0,3976,5151,28,358,1291,154,628,0,0,592,0,0,-1,-3446,16,8747
2024/11/28,22:30,8584,0,4046,5147,26,340,1291,158,630,0,0,542,0,0,-2,-3608,14,8584
2024/11/28,23:00,8374,0,3670,5143,27,335,1287,155,630,0,0,586,0,0,-2,-3464,7,8374
2024/11/28,23:30,8197,0,3380,5156,26,334,1288,156,629,0,0,636,0,0,-1,-3412,5,8197
2024/11/29,0:00,8054,0,3344,5152,24,331,1222,156,627,0,0,614,0,0,0,-3420,4,8054
2024/11/29,0:30,7863,0,3054,5132,23,330,1197,157,629,0,0,559,0,0,-2,-3220,4,7863
2024/11/29,1:00,7982,0,2988,5119,23,324,1194,155,628,0,0,602,0,0,-1,-3054,4,7982
2024/11/29,1:30,7965,0,2814,5108,23,326,1200,158,631,0,0,626,0,0,-1,-2924,4,7965
2024/11/29,2:00,8202,0,2980,5135,24,326,1197,155,633,0,0,533,0,0,-1,-2784,4,8202
2024/11/29,2:30,8259,0,2948,5064,24,328,1200,158,633,0,0,589,0,0,-1,-2688,4,8259
2024/11/29,3:00,8514,0,3258,5118,25,328,1199,155,630,0,0,604,0,0,-1,-2806,4,8514
2024/11/29,3:30,8535,0,3046,5116,27,325,1203,159,636,0,0,730,0,0,-1,-2710,4,8535
2024/11/29,4:00,8770,0,3206,5137,27,328,1202,155,638,0,0,890,0,0,-1,-2816,4,8770
2024/11/29,4:30,8842,0,3142,5098,27,326,1194,157,630,0,0,1121,0,0,-1,-2856,4,8842
2024/11/29,5:00,9030,0,3402,4992,29,327,1193,155,624,0,0,1275,0,0,-1,-2970,4,9030
2024/11/29,5:30,9203,0,3458,4963,29,330,1202,157,624,0,0,1443,0,0,-2,-3006,5,9203
2024/11/29,6:00,9548,0,4262,4912,30,337,1211,157,631,0,0,1504,0,0,-1,-3502,7,9548
2024/11/29,6:30,9723,0,4582,4889,31,333,1198,154,620,85,0,1486,0,0,-2,-3670,17,9723
2024/11/29,7:00,9741,0,4466,4888,32,338,1196,156,596,445,0,1459,0,0,-5,-3852,22,9741
2024/11/29,7:30,9883,0,4070,4823,32,362,1191,152,594,984,0,1457,0,0,0,-3802,20,9883
2024/11/29,8:00,10229,0,4202,4811,34,372,1192,155,595,1665,0,1427,0,0,1,-4240,15,10229
2024/11/29,8:30,10738,0,4422,4672,34,375,1224,155,631,2225,0,1419,0,0,-2,-4430,13,10738
2024/11/29,9:00,10778,0,4482,4273,35,379,1224,158,644,2770,0,1356,0,0,-5,-4554,16,10778
2024/11/29,9:30,10763,0,4116,4034,35,374,1251,156,641,3395,0,1330,0,0,3,-4592,20,10763
2024/11/29,10:00,10613,0,3854,4014,34,371,1264,158,634,3683,0,1315,0,0,-5,-4726,17,10613
2024/11/29,10:30,10559,0,3578,3796,33,372,1270,155,633,3947,0,1425,0,0,4,-4670,16,10559
2024/11/29,11:00,10487,0,3414,3688,34,372,1268,156,616,4054,0,1491,0,0,-6,-4612,12,10487
2024/11/29,11:30,10422,0,3382,3671,34,371,1300,157,655,3953,0,1527,0,0,-4,-4640,16,10422
2024/11/29,12:00,10019,0,3446,3537,33,373,1319,160,661,3630,0,1530,0,0,-39,-4644,13,10019
2024/11/29,12:30,9838,0,3350,3613,33,371,1338,155,632,3494,0,1497,0,0,-38,-4616,9,9838
2024/11/29,13:00,10222,0,3650,3944,34,373,1401,158,643,3163,0,1471,0,0,-2,-4628,15,10222
2024/11/29,13:30,10294,0,3850,4296,33,379,1420,155,619,2708,0,1435,0,0,0,-4610,9,10294
2024/11/29,14:00,10451,0,4238,4664,33,376,1445,157,632,2057,0,1461,0,0,-4,-4624,16,10451
2024/11/29,14:30,10346,0,4538,4863,34,380,1461,154,612,1476,0,1417,0,0,1,-4604,14,10346
2024/11/29,15:00,10404,0,4942,4985,35,467,1486,153,617,782,0,1425,0,0,-1,-4500,13,10404
2024/11/29,15:30,10504,0,4868,5047,35,488,1482,153,626,248,0,1427,0,0,-1,-3882,13,10504
2024/11/29,16:00,10893,0,5056,5046,36,495,1494,155,657,13,0,1484,0,2,-3,-3558,16,10893
2024/11/29,16:30,11131,0,5390,5095,37,488,1492,152,659,0,0,1455,0,2,-4,-3648,13,11131
2024/11/29,17:00,10994,0,5220,5091,38,490,1510,155,661,0,0,1491,0,2,-2,-3682,20,10994
2024/11/29,17:30,10790,0,4978,5064,38,489,1520,153,668,0,0,1459,0,2,0,-3598,17,10790
2024/11/29,18:00,10697,0,4910,5028,38,484,1526,156,666,0,0,1399,0,2,-2,-3532,22,10697
2024/11/29,18:30,10663,0,5132,5015,37,479,1525,152,659,0,0,1494,0,2,-1,-3848,17,10663
2024/11/29,19:00,10389,0,4770,5023,36,478,1533,155,665,0,0,1419,0,2,-1,-3710,19,10389
2024/11/29,19:30,10232,0,4630,5009,35,475,1520,153,660,0,0,1356,0,2,-1,-3622,15,10232
2024/11/29,20:00,10010,0,4220,4986,35,478,1485,156,668,0,0,1382,0,2,-2,-3418,18,10010
2024/11/29,20:30,9932,0,4232,5030,34,477,1480,154,667,0,0,1342,0,2,4,-3504,14,9932
2024/11/29,21:00,9655,0,4416,5103,32,475,1483,154,667,0,0,1202,0,2,36,-3932,17,9655
2024/11/29,21:30,9297,0,4158,5089,30,476,1474,155,663,0,0,1042,0,2,24,-3824,8,9297
2024/11/29,22:00,9100,0,3878,5054,28,346,1419,153,664,0,0,989,0,2,-1,-3450,18,9100
2024/11/29,22:30,8921,0,3796,5035,27,323,1421,155,666,0,0,917,0,2,-1,-3434,14,8921
2024/11/29,23:00,8850,0,3814,5023,27,327,1403,152,669,0,0,863,0,2,-1,-3436,7,8850
2024/11/29,23:30,8542,0,3486,4992,26,330,1396,156,669,0,0,814,0,2,-1,-3334,6,8542
2024/11/30,0:00,8346,0,2928,4947,25,327,1349,153,672,0,0,763,0,2,-11,-2814,5,8346
2024/11/30,0:30,8168,0,2794,4893,24,322,1348,156,672,0,0,723,0,2,-11,-2760,5,8168
2024/11/30,1:00,8262,0,2842,4924,24,322,1346,154,666,0,0,760,0,2,-11,-2772,5,8262
2024/11/30,1:30,8255,0,2606,4909,23,319,1342,155,677,0,0,894,0,2,-11,-2666,5,8255
2024/11/30,2:00,8436,0,2750,4997,24,321,1345,152,683,0,0,940,0,2,-1,-2782,5,8436
2024/11/30,2:30,8550,0,2902,4927,25,316,1343,156,690,0,0,901,0,2,-1,-2716,5,8550
2024/11/30,3:00,8689,0,2950,4942,26,320,1342,154,692,0,0,888,0,2,-2,-2630,5,8689
2024/11/30,3:30,8705,0,3090,4842,27,320,1331,156,685,0,0,824,0,2,-2,-2574,4,8705
2024/11/30,4:00,8771,0,3026,4807,27,318,1325,153,688,0,0,990,0,2,-1,-2568,4,8771
2024/11/30,4:30,8756,0,2836,4802,28,323,1332,156,692,0,0,1110,0,2,-1,-2528,4,8756
2024/11/30,5:00,8792,0,2994,4770,28,326,1333,153,695,0,0,1206,0,2,-1,-2718,4,8792
2024/11/30,5:30,8810,0,3120,4828,28,321,1327,158,703,0,0,1200,0,2,-1,-2880,4,8810
2024/11/30,6:00,8878,0,3210,4803,28,327,1320,154,704,0,0,1203,0,2,0,-2880,7,8878
2024/11/30,6:30,9002,0,3262,4771,28,326,1314,156,692,70,0,1397,0,2,0,-3028,12,9002
2024/11/30,7:00,8950,0,3170,4707,30,331,1278,151,668,347,0,1397,0,2,-8,-3144,21,8950
2024/11/30,7:30,9117,0,2908,4547,32,355,1274,154,657,819,0,1405,0,2,-1,-3054,19,9117
2024/11/30,8:00,9315,0,3254,4371,33,374,1293,154,699,1301,0,1471,0,2,-3,-3650,16,9315
2024/11/30,8:30,9404,0,2990,4081,35,372,1303,157,722,1800,0,1500,0,2,1,-3578,19,9404
2024/11/30,9:00,9431,0,2898,3794,35,368,1299,157,728,2205,0,1496,0,2,-3,-3564,16,9431
2024/11/30,9:30,9519,0,3116,3605,35,368,1290,156,703,2475,0,1596,0,2,1,-3846,18,9519
2024/11/30,10:00,9353,0,3256,3415,35,364,1273,156,710,2600,0,1685,0,0,-3,-4162,24,9353
2024/11/30,10:30,9309,0,3324,3522,34,364,1280,157,740,2560,0,1640,0,-208,-4,-4116,16,9309
2024/11/30,11:00,9211,0,3156,3457,34,360,1277,159,740,2796,0,1703,0,-220,-2,-4264,15,9211
2024/11/30,11:30,9143,0,2928,3418,33,361,1282,155,727,2923,0,1694,0,-220,1,-4176,17,9143
2024/11/30,12:00,8992,0,3190,3446,32,362,1288,160,754,2548,0,1722,0,-220,-48,-4258,16,8992
2024/11/30,12:30,8788,0,2780,3568,32,357,1280,155,726,2677,0,1749,0,-218,-33,-4294,9,8788
2024/11/30,13:00,8955,0,3056,3919,33,362,1278,156,700,2252,0,1753,0,-220,-5,-4344,15,8955
2024/11/30,13:30,8946,0,3100,4010,33,365,1286,154,705,1700,0,1736,0,2,-1,-4152,8,8946
2024/11/30,14:00,9050,0,3224,4168,33,360,1278,156,675,1188,0,1733,0,2,0,-3784,17,9050
2024/11/30,14:30,8944,0,2952,4348,34,365,1281,151,660,840,0,1708,0,2,-4,-3404,11,8944
2024/11/30,15:00,9052,0,3312,4591,34,362,1301,154,659,450,0,1724,0,2,0,-3550,13,9052
2024/11/30,15:30,9152,0,3452,4686,34,436,1322,153,673,134,0,1761,0,2,-4,-3510,13,9152
2024/11/30,16:00,9473,0,3576,4703,35,370,1385,154,690,7,0,1770,0,2,1,-3236,16,9473
2024/11/30,16:30,9781,0,3958,4801,36,457,1391,154,692,0,0,1733,0,2,-1,-3452,10,9781
2024/11/30,17:00,9854,0,4256,4842,37,465,1440,156,693,0,0,1705,0,2,0,-3758,16,9854
2024/11/30,17:30,9827,0,3970,4887,37,433,1447,153,696,0,0,1708,0,2,33,-3556,17,9827
2024/11/30,18:00,9766,0,4012,4867,36,469,1446,155,695,0,0,1726,0,2,28,-3690,20,9766
2024/11/30,18:30,9649,0,3758,4955,36,430,1450,154,696,0,0,1719,0,2,-1,-3566,16,9649
2024/11/30,19:00,9522,0,3910,4965,35,463,1488,155,696,0,0,1746,0,2,-2,-3954,18,9522
2024/11/30,19:30,9388,0,3720,4983,35,399,1522,154,694,0,0,1791,0,2,-1,-3922,11,9388
2024/11/30,20:00,9215,0,3752,4986,33,369,1516,156,697,0,0,1771,0,2,-1,-4082,16,9215
2024/11/30,20:30,9056,0,3558,4917,33,361,1522,153,694,0,0,1805,0,2,-1,-4002,14,9056
2024/11/30,21:00,8857,0,3420,4942,32,364,1518,155,693,0,0,1765,0,2,-2,-4046,14,8857
2024/11/30,21:30,8562,0,3202,4807,30,366,1502,154,691,0,0,1790,0,2,-1,-3988,7,8562
2024/11/30,22:00,8409,0,2798,4604,28,322,1503,155,693,0,0,1804,0,2,-2,-3514,16,8409
2024/11/30,22:30,8250,0,2664,4703,28,310,1501,154,692,0,0,1795,0,2,-1,-3612,14,8250
2024/11/30,23:00,8150,0,2620,4774,28,312,1485,155,694,0,0,1793,0,2,-1,-3720,8,8150
2024/11/30,23:30,7906,0,2378,4673,27,315,1460,154,693,0,0,1795,0,2,-1,-3596,6,7906
