単位[MW平均],,,供給力,,,,,,,,,,,,,,,,
DATE,TIME,エリア需要,原子力,火力(LNG),火力(石炭),火力(石油),火力(その他),水力,地熱,バイオマス,太陽光発電実績,太陽光出力制御量,風力発電実績,風力出力制御量,揚水,蓄電池,連系線,その他,合計
2025/9/1,0:00,7279,0,3676,5227,26,289 ,902,128,676,0,0,170,0,0,-2,-3816,3 ,7279
2025/9/1,0:30,7109,0,3678,5233,26,291,873,125,676,0,0,180,0,0,-3,-3972,2,7109
2025/9/1,1:00,6989,0,3790,5269,25,288,866,127,676,0,0,193,0,0,-2,-4246,3,6989
2025/9/1,1:30,6890,0,3742,5258,24,290,863,128,673,0,0,201,0,0,-3,-4288,2,6890
2025/9/1,2:00,6887,0,3758,5267,24,289,854,127,677,0,0,222,0,0,-2,-4332,3,6887
2025/9/1,2:30,6893,0,3710,5262,25,289,852,125,676,0,0,207,0,0,-2,-4254,3,6893
2025/9/1,3:00,7038,0,3742,5305,24,290,854,128,674,0,0,188,0,0,-2,-4168,3,7038
2025/9/1,3:30,7039,0,3590,5277,25,290,852,127,674,0,0,195,0,0,-2,-3992,3,7039
2025/9/1,4:00,7198,0,3612,5280,25,288,848,125,675,0,0,195,0,0,-1,-3852,3,7198
2025/9/1,4:30,7376,0,3714,5284,25,292,845,127,672,0,0,195,0,0,-1,-3780,3,7376
2025/9/1,5:00,7495,0,3820,5296,27,290,836,127,668,30,0,213,0,0,-1,-3814,3,7495
2025/9/1,5:30,7601,0,3790,5305,27,292,825,126,665,255,0,218,0,0,-2,-3904,4,7601
2025/9/1,6:00,7695,0,3664,5387,27,289,811,123,657,725,0,206,0,0,0,-4200,6,7695
2025/9/1,6:30,8148,0,3684,5500,28,291,803,125,655,1329,0,178,0,0,-2,-4456,13,8148
2025/9/1,7:00,8585,0,3416,5511,29,290,838,125,656,2073,0,164,0,0,-14,-4524,21,8585
2025/9/1,7:30,9295,0,3368,5534,32,293,854,123,654,2873,0,149,0,0,-17,-4586,18,9295
2025/9/1,8:00,10237,0,4122,5687,36,293,868,125,653,3511,0,130,0,0,-1,-5202,15,10237
2025/9/1,8:30,11075,0,4460,5686,39,290,896,126,650,4153,0,136,0,0,-2,-5372,13,11075
2025/9/1,9:00,11625,0,4652,5645,40,291,920,128,647,4777,0,135,0,0,-1,-5624,15,11625
2025/9/1,9:30,12005,0,4514,5697,41,290,915,123,643,5378,0,143,0,0,-3,-5754,18,12005
2025/9/1,10:00,12260,0,4294,5741,41,291,907,125,641,5803,0,175,0,0,-16,-5758,16,12260
2025/9/1,10:30,12586,0,4348,5739,42,299,902,124,642,6019,0,251,0,0,-14,-5780,14,12586
2025/9/1,11:00,12737,0,4392,5750,42,294,899,119,638,6078,0,313,0,0,-18,-5782,12,12737
2025/9/1,11:30,12799,0,4388,5678,43,299,921,117,639,6220,0,334,0,0,-22,-5832,14,12799
2025/9/1,12:00,12640,0,4338,5600,44,303,928,117,644,6071,0,338,0,0,-54,-5700,11,12640
2025/9/1,12:30,12627,0,4558,5680,43,302,939,115,644,5734,0,359,0,0,-54,-5700,7,12627
2025/9/1,13:00,13086,0,5120,5735,44,299,964,119,653,5445,0,415,0,0,0,-5722,14,13086
2025/9/1,13:30,13217,0,5458,5883,44,388,963,119,650,5003,0,462,0,0,-1,-5760,8,13217
2025/9/1,14:00,13363,0,6030,6006,45,447,968,115,640,4347,0,462,0,0,-15,-5694,12,13363
2025/9/1,14:30,13247,0,6604,5999,45,448,992,117,639,3584,0,403,0,0,-8,-5584,8,13247
2025/9/1,15:00,13108,0,6434,5974,45,452,1038,118,645,3118,0,398,0,0,-1,-5126,13,13108
2025/9/1,15:30,13023,0,6410,6016,46,466,1080,116,639,2534,0,426,0,0,14,-4738,14,13023
2025/9/1,16:00,13082,0,6883,6055,45,474,1127,117,637,1680,0,482,0,0,29,-4466,19,13082
2025/9/1,16:30,12808,0,7043,6050,44,490,1131,118,639,967,0,567,0,0,0,-4250,9,12808
2025/9/1,17:00,12415,0,6895,6047,43,500,1182,119,650,439,0,604,0,0,16,-4100,20,12415
2025/9/1,17:30,12179,0,6755,6056,43,499,1200,117,656,127,0,622,0,0,19,-3932,17,12179
2025/9/1,18:00,12047,8,6763,6057,43,479,1220,121,658,2,0,601,0,0,12,-3936,19,12047
2025/9/1,18:30,11923,28,6755,6046,43,473,1210,121,658,0,0,646,0,0,13,-4086,16,11923
2025/9/1,19:00,11605,26,6894,6012,42,468,1216,118,654,0,0,664,0,0,0,-4506,17,11605
2025/9/1,19:30,11234,44,6746,5993,40,470,1211,120,654,0,0,625,0,0,-1,-4680,12,11234
2025/9/1,20:00,10882,68,6790,6009,39,459,1121,120,653,0,0,608,0,0,-1,-5002,18,10882
2025/9/1,20:30,10561,78,6574,6002,37,457,1088,118,657,0,0,631,0,0,-2,-5092,13,10561
2025/9/1,21:00,10291,104,6540,5874,35,450,993,120,651,0,0,675,0,0,8,-5172,13,10291
2025/9/1,21:30,9678,110,5604,5647,34,427,957,120,655,0,0,748,0,0,7,-4638,7,9678
2025/9/1,22:00,9481,108,5560,5474,32,375,921,118,657,0,0,793,0,0,40,-4612,15,9481
2025/9/1,22:30,9265,104,5690,5312,31,307,917,120,659,0,0,829,0,0,34,-4752,14,9265
2025/9/1,23:00,9045,104,5808,5174,30,309,871,120,660,0,0,826,0,0,3,-4866,6,9045
2025/9/1,23:30,8656,116,5258,5137,29,308,862,119,659,0,0,805,0,0,-3,-4638,4,8656
2025/9/2,0:00,8403,124,4898,5158,28,359,833,120,657,0,0,818,0,0,-1,-4594,3,8403
2025/9/2,0:30,8106,150,4460,5128,27,360,815,120,656,0,0,965,0,0,-2,-4576,3,8106
2025/9/2,1:00,7996,158,4316,5161,26,307,806,119,660,0,0,967,0,0,-2,-4524,2,7996
2025/9/2,1:30,7830,168,4286,5161,25,302,787,121,661,0,0,828,0,0,-2,-4510,3,7830
2025/9/2,2:00,7831,172,4486,5174,26,302,781,120,659,0,0,747,0,0,-3,-4636,3,7831
2025/9/2,2:30,7764,170,4538,5174,26,297,784,119,657,0,0,629,0,0,-3,-4630,3,7764
2025/9/2,3:00,7803,170,4194,5216,26,298,806,121,659,0,0,621,0,0,-1,-4310,3,7803
2025/9/2,3:30,7789,178,4134,5209,26,297,802,120,657,0,0,587,0,0,-2,-4222,3,7789
2025/9/2,4:00,7862,240,4162,5213,26,303,819,119,659,0,0,557,0,0,-1,-4238,3,7862
2025/9/2,4:30,7981,276,4326,5232,27,358,810,121,660,0,0,592,0,0,-1,-4422,2,7981
2025/9/2,5:00,8085,308,4564,5241,29,357,787,121,662,38,0,545,0,0,-1,-4570,4,8085
2025/9/2,5:30,8136,362,4376,5143,29,321,747,117,655,307,0,536,0,0,-1,-4460,4,8136
2025/9/2,6:00,8283,378,3750,5223,30,291,690,118,645,897,0,525,0,0,-1,-4270,7,8283
2025/9/2,6:30,8711,378,3502,5352,31,293,676,118,652,1501,0,452,0,0,0,-4260,16,8711
2025/9/2,7:00,9115,374,3102,5288,32,293,677,115,659,2281,0,450,0,0,-11,-4166,21,9115
2025/9/2,7:30,9888,372,3212,5322,34,291,684,115,653,3124,0,398,0,0,-29,-4306,18,9888
2025/9/2,8:00,10831,364,3784,5409,37,298,732,106,650,3837,0,468,0,0,-9,-4860,15,10831
2025/9/2,8:30,11748,372,4208,5427,40,292,749,95,641,4451,0,459,0,0,-1,-4998,13,11748
2025/9/2,9:00,12268,396,4220,5442,41,294,806,81,630,4889,0,489,0,0,-1,-5034,15,12268
2025/9/2,9:30,12578,458,3824,5529,41,289,849,87,629,5222,0,605,0,0,-17,-4956,18,12578
2025/9/2,10:00,12702,486,3488,5392,42,286,902,87,631,5386,0,695,0,2,-15,-4696,16,12702
2025/9/2,10:30,13042,520,3650,5573,42,291,959,90,630,5295,0,684,0,2,-17,-4692,15,13042
2025/9/2,11:00,13032,540,3806,5564,43,289,974,104,629,5171,0,558,0,2,-3,-4656,11,13032
2025/9/2,11:30,12984,702,3678,5508,43,289,993,104,632,4982,0,562,0,2,-7,-4518,14,12984
2025/9/2,12:00,12626,764,3640,5212,44,287,1002,105,639,4948,0,417,0,2,-69,-4376,11,12626
2025/9/2,12:30,12545,760,3858,5253,43,294,1009,106,647,4779,0,331,0,2,-53,-4492,8,12545
2025/9/2,13:00,12974,762,4530,5525,44,297,1018,104,650,4631,0,305,0,2,-2,-4906,14,12974
2025/9/2,13:30,12925,760,4458,5641,46,296,1047,106,654,4405,0,368,0,2,0,-4866,8,12925
2025/9/2,14:00,12982,762,4556,5600,45,302,1063,105,650,4241,0,470,0,2,-9,-4818,13,12982
2025/9/2,14:30,12949,762,5620,5718,43,339,1096,103,647,3322,0,436,0,2,-7,-5140,8,12949
2025/9/2,15:00,12709,728,6124,5829,42,359,1154,105,653,2128,0,421,0,2,1,-4852,15,12709
2025/9/2,15:30,12702,738,6722,5942,41,465,1163,104,655,1479,0,461,0,2,15,-5100,15,12702
2025/9/2,16:00,12447,774,6538,6026,42,486,1152,103,655,1133,0,410,0,2,15,-4906,17,12447
2025/9/2,16:30,12085,774,5908,6030,41,495,1157,105,646,720,0,410,0,2,15,-4226,8,12085
2025/9/2,17:00,11737,774,6118,6050,40,495,1185,105,642,263,0,406,0,2,16,-4378,19,11737
2025/9/2,17:30,11461,780,5796,6026,38,483,1205,107,642,71,0,455,0,2,32,-4192,16,11461
2025/9/2,18:00,11446,774,5960,6045,38,469,1214,107,633,1,0,544,0,0,13,-4372,20,11446
2025/9/2,18:30,11298,776,5782,6051,38,467,1197,105,630,0,0,537,0,0,12,-4314,17,11298
2025/9/2,19:00,11028,774,6034,5983,37,466,1183,107,633,0,0,484,0,0,-2,-4692,21,11028
2025/9/2,19:30,10786,716,6034,5966,36,465,1169,108,633,0,0,554,0,0,0,-4908,13,10786
2025/9/2,20:00,10425,746,5786,5897,35,344,1124,105,634,0,0,749,0,0,-3,-5010,18,10425
2025/9/2,20:30,10189,776,5570,5864,35,304,1090,107,640,0,0,856,0,0,-2,-5064,13,10189
2025/9/2,21:00,9808,778,5186,5777,33,311,1053,107,637,0,0,964,0,0,-10,-5040,12,9808
2025/9/2,21:30,9475,774,4864,5629,32,380,1062,105,640,0,0,966,0,0,0,-4984,7,9475
2025/9/2,22:00,9110,782,4618,5177,31,306,1007,108,637,0,0,994,0,0,-10,-4556,16,9110
2025/9/2,22:30,8822,774,4504,5033,29,307,986,105,641,0,0,974,0,0,-11,-4534,14,8822
2025/9/2,23:00,8644,778,4250,5090,28,318,973,107,649,0,0,968,0,0,-2,-4524,9,8644
2025/9/2,23:30,8326,776,3910,5048,28,358,969,107,657,0,0,878,0,0,-1,-4408,4,8326
2025/9/3,0:00,8082,778,3798,5110,27,302,967,105,659,0,0,814,0,0,-1,-4480,3,8082
2025/9/3,0:30,7837,776,3514,5132,26,301,961,108,657,0,0,783,0,0,-3,-4420,2,7837
2025/9/3,1:00,7650,778,3456,5105,26,298,943,107,660,0,0,687,0,0,-3,-4410,3,7650
2025/9/3,1:30,7545,774,3370,5064,25,298,937,106,659,0,0,714,0,0,-3,-4402,3,7545
2025/9/3,2:00,7445,778,3384,4956,25,295,956,108,659,0,0,716,0,0,-3,-4432,3,7445
2025/9/3,2:30,7576,772,3594,5110,25,299,974,106,658,0,0,695,0,0,-4,-4656,3,7576
2025/9/3,3:00,7546,744,3622,5141,25,299,982,108,656,0,0,625,0,0,-3,-4656,3,7546
2025/9/3,3:30,7648,730,3872,5138,25,292,991,108,656,0,0,580,0,0,-2,-4744,2,7648
2025/9/3,4:00,7670,770,3992,5143,24,291,976,105,655,0,0,567,0,0,-2,-4854,3,7670
2025/9/3,4:30,7812,776,3968,5146,25,298,986,108,658,0,0,553,0,0,-1,-4708,3,7812
2025/9/3,5:00,7937,778,4244,5066,26,352,977,108,657,16,0,490,0,0,-2,-4778,3,7937
2025/9/3,5:30,7880,774,3940,4970,27,344,972,105,651,105,0,447,0,0,-1,-4458,4,7880
2025/9/3,6:00,8113,780,3734,4997,27,310,989,107,650,306,0,483,0,0,24,-4300,6,8113
2025/9/3,6:30,8244,772,3296,5054,28,299,997,101,648,634,0,457,0,0,33,-4092,17,8244
2025/9/3,7:00,8676,776,3038,4959,29,297,997,98,650,1177,0,519,0,0,-15,-3870,21,8676
2025/9/3,7:30,8995,778,2876,4625,30,300,1026,100,651,1820,0,626,0,0,-24,-3832,19,8995
2025/9/3,8:00,9863,770,3454,4694,32,300,1040,99,649,2538,0,664,0,0,4,-4396,15,9863
2025/9/3,8:30,10564,780,3888,4489,35,297,1029,100,645,3349,0,699,0,0,-6,-4754,13,10564
2025/9/3,9:00,10879,772,3316,4213,35,297,1065,100,641,4559,0,759,0,0,5,-4898,15,10879
2025/9/3,9:30,11280,774,3092,3762,36,300,1075,98,638,5641,0,711,0,0,-3,-4862,18,11280
2025/9/3,10:00,11405,774,3114,3348,37,299,1087,100,639,6185,0,620,0,0,-15,-4798,15,11405
2025/9/3,10:30,11661,776,3228,3104,38,299,1110,99,635,6644,0,553,0,0,-11,-4830,16,11661
2025/9/3,11:00,11764,768,3464,2744,38,300,1111,100,636,6977,0,532,0,0,-17,-4902,13,11764
2025/9/3,11:30,11835,772,3586,2636,38,301,1122,102,635,7076,0,523,0,0,-19,-4952,15,11835
2025/9/3,12:00,11535,770,3566,2501,38,298,1139,100,640,6909,0,495,0,0,-54,-4878,11,11535
2025/9/3,12:30,11537,772,3822,2528,38,301,1133,101,637,6695,0,465,0,0,-52,-4910,7,11537
2025/9/3,13:00,11874,768,4032,3075,38,302,1183,102,638,6306,0,452,0,0,-6,-5030,14,11874
2025/9/3,13:30,12049,718,4298,3466,38,309,1197,101,640,5706,0,440,0,0,2,-4874,8,12049
2025/9/3,14:00,11982,726,4480,3713,39,315,1235,103,645,5246,0,420,0,0,-8,-4946,14,11982
2025/9/3,14:30,11994,776,4518,4118,39,312,1265,105,656,4752,0,404,0,0,1,-4960,8,11994
2025/9/3,15:00,11802,780,4618,4654,39,313,1278,102,649,4033,0,379,0,0,-1,-5056,14,11802
2025/9/3,15:30,11882,780,5074,5060,38,367,1293,103,639,3203,0,369,0,0,12,-5070,14,11882
2025/9/3,16:00,11838,780,5646,5428,38,457,1313,102,636,2201,0,316,0,0,9,-5106,18,11838
2025/9/3,16:30,11628,778,6048,5871,38,464,1323,100,636,1191,0,264,0,0,15,-5108,8,11628
2025/9/3,17:00,11182,776,6316,5917,36,467,1333,103,642,479,0,220,0,0,15,-5140,18,11182
2025/9/3,17:30,10905,782,6232,5908,36,465,1365,102,655,108,0,198,0,0,13,-4976,17,10905
2025/9/3,18:00,10791,782,6010,5916,37,469,1371,106,656,0,0,179,0,0,14,-4768,19,10791
2025/9/3,18:30,10636,782,5874,5896,37,467,1359,105,657,0,0,155,0,0,12,-4726,18,10636
2025/9/3,19:00,10271,782,5726,5900,37,466,1326,103,660,0,0,125,0,0,13,-4886,19,10271
2025/9/3,19:30,10029,784,5636,5955,35,465,1317,105,660,0,0,125,0,0,2,-5068,13,10029
2025/9/3,20:00,9648,782,5452,5893,33,465,1236,104,660,0,0,129,0,0,34,-5158,18,9648
2025/9/3,20:30,9397,782,5326,5859,32,465,1215,112,664,0,0,144,0,0,25,-5238,11,9397
2025/9/3,21:00,9006,782,5066,5776,31,459,1155,113,665,0,0,112,0,0,8,-5176,15,9006
2025/9/3,21:30,8726,782,4872,5714,29,443,1142,110,663,0,0,89,0,0,7,-5132,7,8726
2025/9/3,22:00,8407,782,4578,5489,28,324,1076,113,665,0,0,79,0,0,-11,-4732,16,8407
2025/9/3,22:30,8223,788,4552,5315,26,314,1055,111,665,0,0,78,0,0,-1,-4694,14,8223
2025/9/3,23:00,7995,782,4444,5155,26,373,1012,113,668,0,0,80,0,0,0,-4664,6,7995
2025/9/3,23:30,7703,778,4058,5169,25,317,968,112,670,0,0,82,0,0,0,-4480,4,7703
2025/9/4,0:00,7540,784,3878,5223,24,308,957,114,672,0,0,66,0,0,-1,-4488,3,7540
2025/9/4,0:30,7250,784,3504,5240,24,314,951,111,671,0,0,67,0,0,-3,-4416,3,7250
2025/9/4,1:00,7200,784,3478,5241,23,361,950,114,673,0,0,73,0,0,-2,-4498,3,7200
2025/9/4,1:30,7050,780,3438,5241,23,312,945,114,673,0,0,67,0,0,-3,-4542,2,7050
2025/9/4,2:00,7060,786,3516,5182,23,304,946,112,674,0,0,85,0,0,-3,-4568,3,7060
2025/9/4,2:30,7051,782,3476,5156,23,305,942,114,672,0,0,104,0,0,-2,-4524,3,7051
2025/9/4,3:00,7172,782,3492,5179,23,305,939,112,674,0,0,119,0,0,-2,-4454,3,7172
2025/9/4,3:30,7097,786,3362,5153,23,307,935,114,671,0,0,151,0,0,-2,-4406,3,7097
2025/9/4,4:00,7263,780,3576,5173,24,305,928,114,669,0,0,136,0,0,-1,-4444,3,7263
2025/9/4,4:30,7436,786,3688,5176,25,308,931,113,674,0,0,143,0,0,-1,-4410,3,7436
2025/9/4,5:00,7539,786,3832,5198,26,310,926,114,671,25,0,149,0,0,-1,-4500,3,7539
2025/9/4,5:30,7552,786,3802,5079,26,309,911,111,666,224,0,167,0,0,-1,-4532,4,7552
2025/9/4,6:00,7676,782,3778,5106,26,309,875,112,659,605,0,167,0,0,-5,-4744,6,7676
2025/9/4,6:30,7769,780,3208,5041,25,309,874,112,658,1107,0,173,0,0,2,-4536,16,7769
2025/9/4,7:00,8158,788,2990,5018,26,309,897,111,664,1626,0,155,0,0,-3,-4444,21,8158
2025/9/4,7:30,8580,782,2902,5017,27,308,914,114,672,2109,0,128,0,0,-24,-4388,19,8580
2025/9/4,8:00,9368,782,3166,4974,30,307,938,113,677,2606,0,104,0,0,-16,-4328,15,9368
2025/9/4,8:30,10082,782,3578,5030,31,307,974,115,680,2867,0,79,0,0,22,-4396,13,10082
2025/9/4,9:00,10492,780,3768,5087,33,301,1008,117,684,3029,0,79,0,0,-7,-4402,15,10492
2025/9/4,9:30,10738,784,3592,5284,35,308,992,113,677,3240,0,71,0,0,2,-4378,18,10738
2025/9/4,10:00,10801,780,3136,5127,35,308,996,116,682,3573,0,74,0,0,-18,-4024,16,10801
2025/9/4,10:30,11035,784,3264,4967,35,309,996,113,680,3781,0,82,0,0,-15,-3976,15,11035
2025/9/4,11:00,11148,780,3366,4991,36,305,973,115,678,3806,0,103,0,0,-16,-4000,11,11148
2025/9/4,11:30,11137,778,3534,5110,37,309,950,113,669,3553,0,116,0,0,-16,-4030,14,11137
2025/9/4,12:00,10875,778,3496,5097,37,308,942,111,669,3444,0,93,0,0,-49,-4062,11,10875
2025/9/4,12:30,10826,778,3838,4923,37,305,954,113,672,3283,0,83,0,0,-57,-4110,7,10826
2025/9/4,13:00,11222,784,4430,4938,37,326,975,112,674,3131,0,87,0,0,-22,-4264,14,11222
2025/9/4,13:30,11325,776,4676,5153,37,414,1004,114,686,2963,0,102,0,0,0,-4608,8,11325
2025/9/4,14:00,11389,780,4814,5316,38,417,1021,114,689,2601,0,114,0,0,0,-4528,13,11389
2025/9/4,14:30,11326,772,5110,5399,38,424,995,110,679,2210,0,128,0,0,-1,-4546,8,11326
2025/9/4,15:00,11264,780,5398,5631,38,422,1022,111,672,1760,0,152,0,0,-4,-4730,12,11264
2025/9/4,15:30,11224,782,5672,5784,37,425,1018,109,657,1237,0,168,0,0,-1,-4678,14,11224
2025/9/4,16:00,11261,780,5736,5814,38,418,1081,107,654,811,0,192,0,0,17,-4404,17,11261
2025/9/4,16:30,11008,782,5540,5839,37,424,1117,108,656,464,0,206,0,0,10,-4184,9,11008
2025/9/4,17:00,10685,780,6034,5898,36,427,1131,108,671,173,0,204,0,0,13,-4808,18,10685
2025/9/4,17:30,10590,784,6204,5930,37,424,1160,109,677,40,0,198,0,0,14,-5002,15,10590
2025/9/4,18:00,10475,784,6104,5985,37,425,1176,110,680,0,0,205,0,0,16,-5066,19,10475
2025/9/4,18:30,10423,784,6362,5960,37,410,1183,108,668,0,0,208,0,0,49,-5362,16,10423
2025/9/4,19:00,10058,784,5996,5951,36,405,1188,110,672,0,0,253,0,0,41,-5394,16,10058
2025/9/4,19:30,9652,780,5522,5954,35,409,1195,110,670,0,0,310,0,0,1,-5346,12,9652
2025/9/4,20:00,9521,784,5202,5903,34,408,1164,108,670,0,0,346,0,0,-2,-5114,18,9521
2025/9/4,20:30,9211,782,5076,5710,33,327,1160,110,666,0,0,346,0,0,-2,-5010,13,9211
2025/9/4,21:00,8934,782,5172,5569,31,313,1115,108,665,0,0,310,0,0,-1,-5142,12,8934
2025/9/4,21:30,8586,784,4764,5554,30,311,1105,110,664,0,0,279,0,0,-2,-5020,7,8586
2025/9/4,22:00,8456,782,4336,5396,29,313,1081,111,665,0,0,273,0,0,-1,-4544,15,8456
2025/9/4,22:30,8208,784,4042,5372,27,307,1078,108,666,0,0,244,0,0,-2,-4432,14,8208
2025/9/4,23:00,8125,786,4082,5296,27,308,1012,110,672,0,0,215,0,0,-1,-4388,6,8125
2025/9/4,23:30,7811,782,3710,5246,26,308,1000,110,679,0,0,189,0,0,-3,-4240,4,7811
2025/9/5,0:00,7591,784,3374,5280,25,312,938,108,675,0,0,182,0,0,0,-4090,3,7591
2025/9/5,0:30,7485,780,3368,5280,25,313,922,110,679,0,0,176,0,0,-2,-4168,2,7485
2025/9/5,1:00,7291,788,3116,5263,24,309,945,108,677,0,0,153,0,0,-2,-4092,2,7291
2025/9/5,1:30,7290,782,3154,5286,24,309,941,110,678,0,0,138,0,0,-2,-4132,2,7290
2025/9/5,2:00,7229,786,3066,5278,24,310,937,110,679,0,0,126,0,0,-2,-4088,3,7229
2025/9/5,2:30,7279,782,3066,5277,25,305,931,108,679,0,0,125,0,0,-2,-4020,3,7279
2025/9/5,3:00,7335,784,3130,5275,24,308,893,110,674,0,0,104,0,0,-2,-3968,3,7335
2025/9/5,3:30,7376,786,3026,5266,25,307,888,111,679,0,0,92,0,0,-1,-3806,3,7376
2025/9/5,4:00,7499,782,3234,5275,25,306,887,108,676,0,0,112,0,0,-1,-3908,3,7499
2025/9/5,4:30,7566,782,3364,5273,26,311,884,110,677,0,0,176,0,0,-1,-4038,2,7566
2025/9/5,5:00,7786,786,3386,5299,27,306,871,108,677,10,0,158,0,0,-1,-3844,3,7786
2025/9/5,5:30,7733,784,3138,5259,27,306,864,110,676,59,0,188,0,0,-2,-3680,4,7733
2025/9/5,6:00,7938,782,3218,5423,27,313,869,110,681,144,0,200,0,0,1,-3836,6,7938
2025/9/5,6:30,8124,782,3254,5506,28,313,891,109,686,254,0,170,0,0,-3,-3882,16,8124
2025/9/5,7:00,8510,784,3654,5630,28,323,899,112,688,361,0,142,0,0,-5,-4128,22,8510
2025/9/5,7:30,8821,782,3730,5740,30,408,923,111,691,496,0,126,0,0,-11,-4222,17,8821
2025/9/5,8:00,9609,782,4436,5957,32,407,1001,114,699,679,0,135,0,0,-18,-4630,15,9609
2025/9/5,8:30,10025,786,4058,5973,34,414,1031,116,703,989,0,168,0,0,-1,-4258,12,10025
2025/9/5,9:00,10515,782,4414,5972,35,413,1045,114,700,1186,0,201,0,0,-2,-4360,15,10515
2025/9/5,9:30,10632,782,4518,5867,36,423,1039,116,701,1300,0,161,0,0,1,-4330,18,10632
2025/9/5,10:00,10680,782,4476,5920,36,351,1082,114,703,1308,0,179,0,0,-19,-4268,16,10680
2025/9/5,10:30,10746,784,4378,5988,35,338,1120,117,705,1393,0,197,0,0,-16,-4308,15,10746
2025/9/5,11:00,10714,782,4412,5974,37,333,1136,117,709,1457,0,211,0,0,-14,-4452,12,10714
2025/9/5,11:30,10604,776,4300,5979,36,334,1164,116,709,1426,0,217,0,0,-18,-4450,15,10604
2025/9/5,12:00,10254,780,3974,5941,35,337,1166,116,703,1438,0,210,0,0,-54,-4404,12,10254
2025/9/5,12:30,10204,780,3938,5977,34,335,1201,116,701,1424,0,168,0,0,-54,-4424,8,10204
2025/9/5,13:00,10648,780,4316,5978,36,337,1256,114,702,1419,0,158,0,0,-4,-4458,14,10648
2025/9/5,13:30,10689,782,4270,5978,36,332,1271,116,694,1427,0,181,0,0,-2,-4404,8,10689
2025/9/5,14:00,10788,780,4384,5992,37,338,1281,112,680,1461,0,202,0,0,-3,-4488,12,10788
2025/9/5,14:30,10712,780,4504,5979,37,341,1279,113,675,1412,0,201,0,0,-1,-4622,14,10712
2025/9/5,15:00,10596,784,4448,5999,37,333,1312,113,669,1332,0,245,0,0,-5,-4684,13,10596
2025/9/5,15:30,10571,782,4432,6012,36,348,1302,110,662,1287,0,242,0,0,14,-4670,14,10571
2025/9/5,16:00,10695,786,4612,6053,37,431,1321,110,655,955,0,268,0,0,14,-4566,19,10695
2025/9/5,16:30,10329,784,4322,6019,36,435,1340,109,655,595,0,236,0,0,13,-4224,9,10329
2025/9/5,17:00,10159,782,4718,6038,35,436,1351,111,660,276,0,198,0,0,15,-4478,17,10159
2025/9/5,17:30,9979,786,4802,6051,35,435,1345,112,662,69,0,172,0,0,13,-4522,19,9979
2025/9/5,18:00,9968,784,4936,6055,36,421,1345,109,661,0,0,201,0,0,15,-4618,23,9968
2025/9/5,18:30,9824,786,4758,6037,36,381,1340,112,662,0,0,229,0,0,13,-4550,20,9824
2025/9/5,19:00,9579,784,4820,5943,35,320,1334,112,663,0,0,205,0,0,0,-4656,19,9579
2025/9/5,19:30,9278,782,4720,5786,34,320,1323,109,664,0,0,177,0,0,-1,-4650,14,9278
2025/9/5,20:00,9004,790,4530,5750,32,333,1259,111,665,0,0,155,0,0,-2,-4636,17,9004
2025/9/5,20:30,8841,780,4358,5700,31,414,1230,109,665,0,0,166,0,0,-1,-4624,13,8841
2025/9/5,21:00,8502,788,4008,5586,30,418,1166,111,660,0,0,180,0,0,-2,-4464,21,8502
2025/9/5,21:30,8317,782,4020,5555,28,335,1161,111,653,0,0,184,0,0,-1,-4518,7,8317
2025/9/5,22:00,8025,790,3708,5269,27,377,1111,109,641,0,0,155,0,0,11,-4188,15,8025
2025/9/5,22:30,7807,782,3452,5246,26,376,1096,111,644,0,0,156,0,0,36,-4132,14,7807
2025/9/5,23:00,7646,786,3720,5122,26,315,1080,112,644,0,0,143,0,0,28,-4336,6,7646
2025/9/5,23:30,7391,784,3516,5044,25,310,1077,110,645,0,0,122,0,0,0,-4246,4,7391
2025/9/6,0:00,7203,786,2778,5128,24,314,1027,112,646,0,0,138,0,0,-1,-3752,3,7203
2025/9/6,0:30,6997,784,2668,5152,23,314,998,110,643,0,0,126,0,0,-2,-3822,3,6997
2025/9/6,1:00,6929,788,2684,5142,23,317,991,112,642,0,0,119,0,0,-1,-3890,2,6929
2025/9/6,1:30,6799,782,2632,5032,22,311,987,112,644,0,0,176,0,0,-2,-3900,3,6799
2025/9/6,2:00,6781,786,2594,4921,22,315,987,112,646,0,0,157,0,0,-2,-3760,3,6781
2025/9/6,2:30,6797,788,2646,4866,23,318,982,110,646,0,0,149,0,0,-2,-3732,3,6797
2025/9/6,3:00,6813,784,2526,4997,22,315,980,112,646,0,0,141,0,0,-2,-3710,2,6813
2025/9/6,3:30,6831,784,2586,5014,22,318,974,112,647,0,0,114,0,0,-1,-3742,3,6831
2025/9/6,4:00,6915,786,2674,4985,23,317,970,113,642,0,0,96,0,0,-1,-3692,2,6915
2025/9/6,4:30,7025,786,2820,4879,23,316,971,110,645,0,0,92,0,0,-1,-3618,2,7025
2025/9/6,5:00,7039,786,2842,4873,25,316,963,112,645,21,0,112,0,0,-1,-3658,3,7039
2025/9/6,5:30,6940,786,2924,4626,24,317,927,111,636,282,0,98,0,0,-1,-3794,4,6940
2025/9/6,6:00,6866,782,3026,4200,23,317,907,110,630,836,0,79,0,0,-7,-4044,7,6866
2025/9/6,6:30,6924,788,2874,3624,24,309,904,110,632,1702,0,65,0,0,1,-4120,11,6924
2025/9/6,7:00,7059,786,2450,3284,24,272,907,108,636,2621,0,42,0,0,0,-4092,21,7059
2025/9/6,7:30,7339,784,2220,2821,24,233,938,112,644,3517,0,33,0,0,-18,-3986,17,7339
2025/9/6,8:00,7705,782,1984,2618,25,233,965,112,638,4639,0,28,0,0,2,-4336,15,7705
2025/9/6,8:30,8245,786,1928,2534,27,233,991,113,640,5533,0,32,0,0,-7,-4578,13,8245
2025/9/6,9:00,8521,782,1710,2381,26,232,969,112,597,6125,0,39,0,0,-21,-4448,17,8521
2025/9/6,9:30,8819,784,1864,2150,27,233,934,108,532,6596,0,51,0,0,-24,-4454,18,8819
2025/9/6,10:00,8994,786,2292,1975,28,231,915,109,482,6612,307,72,0,0,-26,-4498,16,8994
2025/9/6,10:30,9124,782,2364,1930,28,230,907,109,461,6747,314,93,0,0,-26,-4516,15,9124
2025/9/6,11:00,9240,782,2358,1967,28,230,906,109,462,6899,318,84,0,0,-24,-4576,15,9240
2025/9/6,11:30,9381,784,2526,2059,28,229,911,107,461,6842,312,73,0,0,-28,-4626,15,9381
2025/9/6,12:00,9374,788,2634,2142,28,232,915,109,462,6627,306,93,0,0,-55,-4618,17,9374
2025/9/6,12:30,9381,782,2534,2253,28,229,922,109,464,6825,0,92,0,0,-36,-4834,13,9381
2025/9/6,13:00,9403,784,2492,2462,28,229,913,109,495,6599,0,89,0,0,-8,-4804,15,9403
2025/9/6,13:30,9458,784,2384,2808,29,229,954,110,562,6253,0,83,0,0,-1,-4750,13,9458
2025/9/6,14:00,9418,786,2710,3111,29,232,985,108,594,5527,0,79,0,0,-1,-4754,12,9418
2025/9/6,14:30,9354,788,2694,3776,31,280,998,111,607,4810,0,96,0,0,-4,-4844,11,9354
2025/9/6,15:00,9297,784,3034,4057,31,311,1055,111,612,4042,0,87,0,0,0,-4840,13,9297
2025/9/6,15:30,9368,780,3714,4636,31,310,1014,108,595,3103,0,65,0,0,1,-5008,19,9368
2025/9/6,16:00,9286,786,4164,4926,32,329,1069,106,597,2057,0,51,0,0,14,-4862,17,9286
2025/9/6,16:30,9182,786,4324,5471,32,405,1074,108,602,1131,0,40,0,0,11,-4810,8,9182
2025/9/6,17:00,9116,784,3902,5707,32,414,1075,109,606,436,0,49,0,0,14,-4028,16,9116
2025/9/6,17:30,8976,786,3748,5845,32,412,1108,110,628,84,0,59,0,0,16,-3868,16,8976
2025/9/6,18:00,9066,784,3798,6004,34,413,1118,109,640,0,0,77,0,0,14,-3944,19,9066
2025/9/6,18:30,8962,786,3738,5983,33,414,1115,111,641,0,0,90,0,0,13,-3978,16,8962
2025/9/6,19:00,8725,784,3670,5939,32,415,1092,112,655,0,0,106,0,0,13,-4110,17,8725
2025/9/6,19:30,8469,786,3548,5914,31,410,1085,111,652,0,0,103,0,0,1,-4184,12,8469
2025/9/6,20:00,8227,782,3478,5873,30,411,1035,112,647,0,0,79,0,0,-1,-4234,15,8227
2025/9/6,20:30,8032,786,3380,5813,29,415,1024,110,649,0,0,80,0,0,-1,-4268,15,8032
2025/9/6,21:00,7786,788,3390,5665,27,323,1004,112,644,0,0,98,0,0,-1,-4276,12,7786
2025/9/6,21:30,7561,782,3284,5670,27,315,990,112,647,0,0,109,0,0,-3,-4378,6,7561
2025/9/6,22:00,7360,784,3170,5509,25,309,975,113,646,0,0,130,0,0,3,-4318,14,7360
2025/9/6,22:30,7211,784,3122,5369,24,309,957,112,643,0,0,158,0,0,33,-4312,12,7211
2025/9/6,23:00,7062,790,3224,5134,25,308,927,110,643,0,0,180,0,0,25,-4310,6,7062
2025/9/6,23:30,6820,780,2858,5090,23,313,924,112,646,0,0,199,0,0,-1,-4128,4,6820
2025/9/7,0:00,6650,788,2374,5065,23,309,859,112,644,0,0,225,0,0,-2,-3750,3,6650
2025/9/7,0:30,6505,782,2406,5050,23,309,856,112,640,0,0,244,0,0,-3,-3916,2,6505
2025/9/7,1:00,6408,788,2348,5028,22,312,858,111,642,0,0,256,0,0,-3,-3956,2,6408
2025/9/7,1:30,6297,784,2296,4989,22,311,857,110,642,0,0,263,0,0,-3,-3976,2,6297
2025/9/7,2:00,6317,782,2240,4960,22,312,857,111,646,0,0,275,0,0,-2,-3888,2,6317
2025/9/7,2:30,6337,788,2216,4952,22,311,855,112,645,0,0,289,0,0,-2,-3854,3,6337
2025/9/7,3:00,6414,782,2216,5009,23,312,851,112,646,0,0,290,0,0,-2,-3828,3,6414
2025/9/7,3:30,6476,786,2272,4991,23,310,849,112,643,0,0,328,0,0,-2,-3838,2,6476
2025/9/7,4:00,6570,786,2342,4959,23,312,852,112,650,0,0,325,0,0,-1,-3792,2,6570
2025/9/7,4:30,6682,780,2740,4714,24,309,850,110,653,0,0,337,0,0,-2,-3836,3,6682
2025/9/7,5:00,6724,788,3070,4426,25,314,846,112,652,21,0,343,0,0,-2,-3874,3,6724
2025/9/7,5:30,6613,784,3106,4285,25,312,825,111,645,273,0,351,0,0,-2,-4106,4,6613
2025/9/7,6:00,6491,786,2622,4106,24,308,832,111,639,869,0,360,0,0,-1,-4174,9,6491
2025/9/7,6:30,6514,784,2270,3746,24,311,834,111,641,1553,0,369,0,0,-2,-4140,13,6514
2025/9/7,7:00,6594,784,1998,3430,24,305,833,109,641,2332,0,362,0,0,-1,-4244,21,6594
2025/9/7,7:30,6906,786,1978,3064,24,304,831,110,643,3149,0,405,0,0,-2,-4404,18,6906
2025/9/7,8:00,7149,782,1924,2580,26,272,854,111,647,3981,0,412,0,0,-1,-4454,15,7149
2025/9/7,8:30,7532,786,2048,2145,27,230,873,113,651,4788,0,413,0,0,-1,-4554,13,7532
2025/9/7,9:00,7904,784,2346,2086,27,228,922,112,651,5242,0,462,0,0,-11,-4960,15,7904
2025/9/7,9:30,8102,784,2390,2040,28,230,891,109,641,5472,0,508,0,0,-21,-4988,18,8102
2025/9/7,10:00,8338,784,2476,2057,29,227,863,109,634,5619,0,574,0,0,-20,-5030,16,8338
2025/9/7,10:30,8522,782,2600,2047,30,232,868,109,632,5717,0,511,0,0,-17,-5004,15,8522
2025/9/7,11:00,8633,786,2736,2046,32,229,866,108,634,5658,0,527,0,0,-14,-4986,11,8633
2025/9/7,11:30,8792,784,2896,2249,33,233,866,108,632,5446,0,555,0,0,-23,-5002,15,8792
2025/9/7,12:00,8891,786,2996,2594,33,230,863,106,635,5040,0,652,0,0,-51,-5006,13,8891
2025/9/7,12:30,8831,780,2698,3181,32,232,865,108,634,4701,0,671,0,0,-57,-5022,8,8831
2025/9/7,13:00,8806,788,2360,3579,32,231,878,108,639,4458,0,677,0,0,-5,-4954,15,8806
2025/9/7,13:30,8845,782,2568,3911,32,233,895,109,645,3875,0,688,0,0,1,-4902,8,8845
2025/9/7,14:00,8815,784,2710,4142,31,281,931,109,643,2881,0,658,0,0,-6,-4362,13,8815
2025/9/7,14:30,8760,784,3114,4526,31,308,961,108,647,1937,0,707,0,0,-2,-4376,15,8760
2025/9/7,15:00,8733,784,3092,5046,31,326,1005,109,645,1281,0,802,0,0,-5,-4398,15,8733
2025/9/7,15:30,8745,786,3232,5146,32,411,1021,109,640,889,0,796,0,0,4,-4336,15,8745
2025/9/7,16:00,8703,786,3428,5352,32,364,1033,108,637,689,0,687,0,0,0,-4430,17,8703
2025/9/7,16:30,8813,786,3578,5677,33,417,1048,108,639,428,0,644,0,0,13,-4568,10,8813
2025/9/7,17:00,8936,784,3900,5834,34,418,1054,106,640,177,0,654,0,0,14,-4702,23,8936
2025/9/7,17:30,9022,784,3998,5878,34,415,1080,109,646,33,0,578,0,0,16,-4566,17,9022
2025/9/7,18:00,9066,784,4070,5956,35,418,1082,110,651,0,0,561,0,0,14,-4634,19,9066
2025/9/7,18:30,9031,784,3996,5967,35,423,1080,109,651,0,0,635,0,0,16,-4686,21,9031
2025/9/7,19:00,8802,784,3986,5959,34,415,1068,108,649,0,0,501,0,0,48,-4766,16,8802
2025/9/7,19:30,8684,788,4160,5862,33,413,1069,109,651,0,0,443,0,0,42,-4898,12,8684
2025/9/7,20:00,8504,782,4486,5729,32,411,1057,110,652,0,0,421,0,0,1,-5192,15,8504
2025/9/7,20:30,8236,782,4038,5658,32,414,1073,110,655,0,0,399,0,0,-1,-4936,12,8236
2025/9/7,21:00,8101,786,4114,5552,31,411,1039,110,652,0,0,399,0,0,-2,-5004,13,8101
2025/9/7,21:30,7873,788,4044,5437,30,324,993,107,651,0,0,395,0,0,-2,-4900,6,7873
2025/9/7,22:00,7653,782,3690,5217,29,317,978,109,652,0,0,390,0,0,-1,-4526,16,7653
2025/9/7,22:30,7470,782,3630,5045,28,314,976,109,651,0,0,383,0,0,-1,-4460,13,7470
2025/9/7,23:00,7287,784,3512,4899,27,371,982,109,648,0,0,406,0,0,-3,-4454,6,7287
2025/9/7,23:30,7243,792,3776,4860,26,340,986,107,652,0,0,358,0,0,-2,-4656,4,7243
2025/9/8,0:00,6999,780,3092,4810,25,309,959,109,652,0,0,286,0,0,-1,-4024,2,6999
2025/9/8,0:30,6818,784,2866,4860,25,309,971,109,650,0,0,225,0,0,-3,-3980,2,6818
2025/9/8,1:00,6808,784,2994,4864,24,310,979,109,653,0,0,198,0,0,-3,-4106,2,6808
2025/9/8,1:30,6709,784,2934,4951,23,305,982,107,652,0,0,146,0,0,-2,-4176,3,6709
2025/9/8,2:00,6755,788,2830,5046,23,307,984,110,656,0,0,145,0,0,-2,-4134,2,6755
2025/9/8,2:30,6802,784,2790,5126,24,304,1001,110,657,0,0,118,0,0,-3,-4112,3,6802
2025/9/8,3:00,6866,780,2802,5054,24,307,1008,110,658,0,0,107,0,0,-2,-3984,2,6866
2025/9/8,3:30,6968,788,2982,5099,23,310,1013,108,656,0,0,93,0,0,-2,-4104,2,6968
2025/9/8,4:00,7075,786,2832,5117,24,307,1017,110,658,0,0,76,0,0,-2,-3852,2,7075
2025/9/8,4:30,7225,784,2932,5127,25,311,1010,110,665,0,0,82,0,0,-1,-3822,2,7225
2025/9/8,5:00,7362,784,2966,5159,26,311,1001,110,674,11,0,56,0,0,-1,-3738,3,7362
2025/9/8,5:30,7429,786,2902,5212,27,312,972,110,666,116,0,56,0,0,-2,-3732,4,7429
2025/9/8,6:00,7604,784,3022,5268,27,307,956,107,660,325,0,44,0,0,-2,-3900,6,7604
2025/9/8,6:30,7823,784,2872,5293,27,311,959,108,660,610,0,39,0,0,-1,-3852,13,7823
2025/9/8,7:00,8290,784,2668,5297,28,313,953,109,659,925,0,33,0,0,-4,-3496,21,8290
2025/9/8,7:30,8766,782,2816,5176,32,314,969,110,663,1285,0,35,0,0,-18,-3416,18,8766
2025/9/8,8:00,9446,786,3200,5190,34,316,1028,109,669,1682,0,31,0,0,4,-3618,15,9446
2025/9/8,8:30,10093,784,3334,5167,35,316,1080,113,676,2237,0,26,0,0,-2,-3686,13,10093
2025/9/8,9:00,10460,784,3922,5071,36,314,1096,114,682,2620,0,33,0,0,-6,-4222,16,10460
2025/9/8,9:30,10701,782,3908,5030,36,316,1094,113,681,2950,0,41,0,0,-1,-4266,17,10701
2025/9/8,10:00,10745,778,3890,4947,36,318,1071,111,678,3349,0,38,0,0,-14,-4472,15,10745
2025/9/8,10:30,10876,784,4068,4884,36,316,1084,113,678,3347,0,42,0,0,-17,-4474,15,10876
2025/9/8,11:00,10936,780,3888,4721,36,317,1065,111,672,3677,0,37,0,0,-21,-4358,11,10936
2025/9/8,11:30,11022,782,3948,4716,37,319,1104,113,677,3860,0,39,0,0,-19,-4568,14,11022
2025/9/8,12:00,10696,786,3766,4569,36,318,1098,111,672,3950,0,45,0,0,-54,-4612,11,10696
2025/9/8,12:30,10603,782,3764,4732,35,319,1086,109,668,3754,0,51,0,0,-51,-4652,6,10603
2025/9/8,13:00,11109,784,3970,5148,35,320,1090,111,672,3642,0,60,0,0,-18,-4720,15,11109
2025/9/8,13:30,11272,780,3796,5277,37,328,1080,111,672,3842,0,60,0,0,-1,-4718,8,11272
2025/9/8,14:00,11334,780,3846,5465,37,333,1072,110,668,3688,0,54,0,0,1,-4732,12,11334
2025/9/8,14:30,11338,780,4154,5655,37,328,1056,106,654,3306,0,37,0,0,2,-4788,11,11338
2025/9/8,15:00,11271,786,4532,5849,36,342,1110,107,652,2582,0,24,0,0,-4,-4758,13,11271
2025/9/8,15:30,11278,782,4880,5992,36,468,1141,108,648,2025,0,15,0,0,16,-4846,13,11278
2025/9/8,16:00,11321,780,5498,6009,36,475,1170,108,648,1463,0,8,0,0,15,-4906,17,11321
2025/9/8,16:30,11161,788,5904,6008,36,476,1178,106,654,869,0,7,0,0,11,-4884,8,11161
2025/9/8,17:00,10846,784,5838,6028,35,481,1203,109,661,346,0,6,0,0,17,-4680,18,10846
2025/9/8,17:30,10693,782,5888,6024,35,479,1206,110,662,53,0,11,0,0,14,-4586,15,10693
2025/9/8,18:00,10608,782,5960,6056,36,478,1188,111,666,0,0,11,0,0,49,-4748,19,10608
2025/9/8,18:30,10515,786,6052,6018,36,476,1170,109,665,0,0,16,0,0,43,-4872,16,10515
2025/9/8,19:00,10075,782,5862,6003,34,473,1181,111,664,0,0,16,0,0,1,-5068,16,10075
2025/9/8,19:30,9822,786,5604,6016,33,471,1186,111,666,0,0,18,0,0,-1,-5080,12,9822
2025/9/8,20:00,9461,786,5324,5993,32,464,1130,112,665,0,0,14,0,0,-1,-5076,18,9461
2025/9/8,20:30,9292,782,5338,5902,31,472,1103,111,661,0,0,9,0,0,-2,-5128,13,9292
2025/9/8,21:00,8967,784,5094,5871,30,471,1065,110,663,0,0,11,0,0,8,-5152,12,8967
2025/9/8,21:30,8718,784,4992,5765,29,450,1046,111,663,0,0,14,0,0,-1,-5142,7,8718
2025/9/8,22:00,8459,786,4558,5582,27,391,1015,112,669,0,0,19,0,0,8,-4722,14,8459
2025/9/8,22:30,8261,782,4508,5420,26,382,991,112,667,0,0,21,0,0,-1,-4662,15,8261
2025/9/8,23:00,8135,782,4366,5296,26,374,986,109,666,0,0,35,0,0,-1,-4510,6,8135
2025/9/8,23:30,7783,786,3990,5288,25,320,987,112,667,0,0,33,0,0,-11,-4418,4,7783
2025/9/9,0:00,7638,784,3682,5285,24,324,956,112,669,0,0,30,0,0,-3,-4228,3,7638
2025/9/9,0:30,7396,784,3492,5270,23,326,943,111,665,0,0,42,0,0,-2,-4260,2,7396
2025/9/9,1:00,7348,782,3700,5277,23,320,940,109,655,0,0,41,0,0,-3,-4498,2,7348
2025/9/9,1:30,7229,784,3622,5271,23,324,937,111,657,0,0,38,0,0,-3,-4538,3,7229
2025/9/9,2:00,7247,788,3666,5275,23,319,938,111,658,0,0,42,0,0,-2,-4574,3,7247
2025/9/9,2:30,7267,780,3742,5275,23,318,939,112,658,0,0,42,0,0,-3,-4622,3,7267
2025/9/9,3:00,7281,786,3648,5268,23,320,934,111,657,0,0,49,0,0,-2,-4516,3,7281
2025/9/9,3:30,7442,780,3790,5276,23,319,923,109,657,0,0,50,0,0,-1,-4486,2,7442
2025/9/9,4:00,7507,790,3698,5268,23,327,922,112,655,0,0,60,0,0,-2,-4348,2,7507
2025/9/9,4:30,7671,782,3722,5277,25,379,920,111,653,0,0,65,0,0,-1,-4264,2,7671
2025/9/9,5:00,7662,786,3696,5277,26,328,918,112,653,6,0,70,0,0,-1,-4212,3,7662
2025/9/9,5:30,7748,784,3790,5327,25,345,897,110,648,121,0,73,0,0,-2,-4374,4,7748
2025/9/9,6:00,7803,784,3674,5392,26,411,916,108,646,351,0,82,0,0,-9,-4584,6,7803
2025/9/9,6:30,8135,786,3676,5450,25,408,903,109,642,627,0,86,0,0,1,-4594,16,8135
2025/9/9,7:00,8430,782,3602,5524,26,411,915,108,639,1053,0,78,0,0,-1,-4728,21,8430
2025/9/9,7:30,8863,784,3498,5581,28,324,920,108,639,1600,0,72,0,0,-13,-4696,18,8863
2025/9/9,8:00,9607,782,3568,5569,30,319,940,106,634,2120,0,38,0,0,-2,-4512,15,9607
2025/9/9,8:30,10305,782,3634,5564,33,318,955,108,631,2639,0,39,0,0,-1,-4410,13,10305
2025/9/9,9:00,10748,784,3804,5446,34,314,1019,111,644,3055,0,35,0,0,-5,-4508,15,10748
2025/9/9,9:30,10996,782,3756,5341,35,314,1019,109,640,3415,0,27,0,0,4,-4464,18,10996
2025/9/9,10:00,11103,784,3266,5275,36,311,1039,107,645,4022,0,27,0,0,-17,-4408,16,11103
2025/9/9,10:30,11362,780,3124,5176,37,313,1023,104,637,4391,0,33,0,0,-17,-4254,15,11362
2025/9/9,11:00,11540,780,3338,5131,37,314,1048,107,636,4661,0,27,0,0,-13,-4538,12,11540
2025/9/9,11:30,11648,782,3722,5090,38,310,1031,106,631,4698,0,28,0,0,-22,-4780,14,11648
2025/9/9,12:00,11207,776,3444,4994,36,315,1036,106,635,4566,0,36,0,0,-58,-4690,11,11207
2025/9/9,12:30,11260,780,3378,5040,37,314,1027,104,627,4692,0,31,0,0,-51,-4726,7,11260
2025/9/9,13:00,11618,778,3844,5047,36,316,1049,106,626,4606,0,22,0,0,-14,-4812,14,11618
2025/9/9,13:30,11726,778,4380,5032,36,321,1058,106,626,4192,0,11,0,0,-1,-4820,7,11726
2025/9/9,14:00,11786,782,4640,5218,37,327,1091,105,627,3677,0,9,0,0,2,-4742,13,11786
2025/9/9,14:30,11725,780,4926,5506,38,334,1108,103,627,3111,0,10,0,0,-10,-4818,10,11725
2025/9/9,15:00,11548,784,4968,5762,38,424,1168,105,627,2337,0,20,0,0,0,-4698,13,11548
2025/9/9,15:30,11638,782,5580,5979,37,435,1175,105,625,1553,0,16,0,0,-2,-4660,13,11638
2025/9/9,16:00,11522,782,5924,6034,37,438,1213,104,625,940,0,19,0,0,15,-4626,17,11522
2025/9/9,16:30,11337,780,6094,6050,36,433,1217,102,629,550,0,22,0,0,12,-4596,8,11337
2025/9/9,17:00,11015,786,6054,6040,35,440,1237,105,636,215,0,24,0,0,15,-4590,18,11015
2025/9/9,17:30,10921,782,6132,6037,35,439,1258,107,645,31,0,28,0,0,12,-4600,15,10921
2025/9/9,18:00,10872,782,6126,6025,36,441,1270,107,642,0,0,23,0,0,13,-4612,19,10872
2025/9/9,18:30,10699,788,5948,5981,35,435,1259,106,640,0,0,21,0,0,40,-4570,16,10699
2025/9/9,19:00,10313,784,5614,5993,34,435,1236,108,640,0,0,16,0,0,48,-4610,15,10313
2025/9/9,19:30,10001,782,5408,5993,32,384,1224,108,638,0,0,9,0,0,4,-4594,13,10001
2025/9/9,20:00,9713,784,5240,6000,31,323,1204,108,639,0,0,10,0,0,-2,-4642,18,9713
2025/9/9,20:30,9493,786,5120,5938,30,330,1198,107,638,0,0,12,0,0,-1,-4680,15,9493
2025/9/9,21:00,9190,784,4870,5830,28,418,1135,108,637,0,0,28,0,0,8,-4668,12,9190
2025/9/9,21:30,8854,782,4726,5694,27,397,1130,109,638,0,0,36,0,0,-1,-4690,6,8854
2025/9/9,22:00,8631,786,4202,5540,25,378,1094,109,643,0,0,29,0,0,2,-4192,15,8631
2025/9/9,22:30,8402,784,4196,5393,25,326,1064,107,646,0,0,31,0,0,-1,-4182,13,8402
2025/9/9,23:00,8199,782,4014,5294,24,315,1062,109,646,0,0,42,0,0,-1,-4094,6,8199
2025/9/9,23:30,7965,786,3786,5291,24,317,1059,109,647,0,0,47,0,0,-7,-4098,4,7965
2025/9/10,0:00,7630,780,3236,5282,23,312,998,109,639,0,0,85,0,0,-1,-3836,3,7630
2025/9/10,0:30,7507,784,3302,5292,22,314,986,107,653,0,0,88,0,0,-1,-4042,2,7507
2025/9/10,1:00,7351,784,3182,5284,21,315,993,109,649,0,0,86,0,0,-2,-4072,2,7351
2025/9/10,1:30,7192,786,3028,5291,21,307,1003,110,649,0,0,90,0,0,-2,-4094,3,7192
2025/9/10,2:00,7186,788,2990,5298,22,308,1034,109,652,0,0,88,0,0,-2,-4104,3,7186
2025/9/10,2:30,7217,780,3016,5282,22,309,1032,108,649,0,0,106,0,0,-3,-4086,2,7217
2025/9/10,3:00,7319,782,3076,5287,22,305,1047,109,651,0,0,88,0,0,-1,-4050,3,7319
2025/9/10,3:30,7364,786,3018,5299,22,306,1047,109,647,0,0,103,0,0,-1,-3974,2,7364
2025/9/10,4:00,7413,786,3004,5298,23,311,1053,109,648,0,0,71,0,0,-2,-3890,2,7413
2025/9/10,4:30,7517,784,3048,5286,23,308,1063,107,650,0,0,63,0,0,-1,-3816,2,7517
2025/9/10,5:00,7691,784,3300,5310,25,312,1058,109,655,3,0,49,0,0,-1,-3916,3,7691
2025/9/10,5:30,7665,786,3182,5368,25,308,1039,108,653,97,0,56,0,0,-1,-3960,4,7665
2025/9/10,6:00,7654,782,3042,5424,24,313,1038,108,651,324,0,49,0,0,-1,-4106,6,7654
2025/9/10,6:30,7900,786,2804,5521,24,319,1024,104,651,720,0,45,0,0,-2,-4114,18,7900
2025/9/10,7:00,8168,784,2518,5610,25,314,1015,107,655,1212,0,34,0,0,-2,-4126,22,8168
2025/9/10,7:30,8632,788,2582,5450,26,320,1012,107,656,1827,0,30,0,0,-18,-4166,18,8632
2025/9/10,8:00,9312,782,3158,5426,27,331,1008,107,649,2324,0,19,0,0,6,-4540,15,9312
2025/9/10,8:30,10008,782,3388,5204,29,413,1056,108,660,2893,0,14,0,0,-4,-4548,13,10008
2025/9/10,9:00,10372,786,3550,4893,30,411,1092,110,661,3356,0,18,0,0,-2,-4548,15,10372
2025/9/10,9:30,10683,782,3680,4921,33,347,1121,112,672,3500,0,14,0,0,-1,-4516,18,10683
2025/9/10,10:00,10647,782,3770,4968,33,314,1146,111,676,3392,0,14,0,0,-15,-4560,16,10647
2025/9/10,10:30,10880,780,3718,5063,32,315,1158,112,674,3529,0,22,0,0,-18,-4520,15,10880
2025/9/10,11:00,10957,786,3614,5139,33,313,1155,110,674,3638,0,30,0,0,-13,-4534,12,10957
2025/9/10,11:30,10961,784,3616,5108,32,312,1155,114,675,3680,0,28,0,0,-22,-4536,15,10961
2025/9/10,12:00,10652,778,3522,4856,31,313,1135,112,671,3775,0,26,0,0,-52,-4526,11,10652
2025/9/10,12:30,10606,784,3558,4977,32,316,1135,112,670,3606,0,29,0,0,-52,-4568,7,10606
2025/9/10,13:00,11057,786,4168,5020,33,329,1142,110,667,3284,0,35,0,0,-18,-4514,15,11057
2025/9/10,13:30,11121,782,4700,5137,33,409,1135,113,674,2660,0,50,0,0,-1,-4580,9,11121
2025/9/10,14:00,11064,782,4988,5424,34,410,1100,112,667,2124,0,47,0,0,-3,-4634,13,11064
2025/9/10,14:30,11062,782,5114,5866,33,416,1080,110,644,1643,0,66,0,0,-4,-4696,8,11062
2025/9/10,15:00,10845,788,5410,5888,32,418,1072,106,638,1092,0,93,0,0,1,-4706,13,10845
2025/9/10,15:30,10856,780,5686,5958,32,427,1117,103,641,661,0,117,0,0,14,-4694,14,10856
2025/9/10,16:00,10769,784,5598,6022,32,422,1210,102,640,355,0,146,0,0,13,-4574,19,10769
2025/9/10,16:30,10588,784,5380,6011,31,428,1271,101,637,196,0,192,0,0,14,-4466,9,10588
2025/9/10,17:00,10261,786,5290,6010,30,426,1347,102,645,70,0,212,0,0,14,-4690,19,10261
2025/9/10,17:30,10178,782,5304,5999,31,423,1362,106,646,15,0,230,0,0,12,-4748,16,10178
2025/9/10,18:00,10104,782,5524,6025,32,431,1383,110,653,0,0,261,0,0,16,-5132,19,10104
2025/9/10,18:30,9907,786,5324,5950,31,430,1389,111,654,0,0,279,0,0,13,-5076,16,9907
2025/9/10,19:00,9654,784,5112,5877,31,403,1435,111,656,0,0,285,0,0,4,-5060,16,9654
2025/9/10,19:30,9319,784,4714,5852,30,404,1457,109,655,0,0,325,0,0,33,-5056,12,9319
2025/9/10,20:00,9127,782,4444,5841,29,402,1463,111,656,0,0,374,0,0,27,-5018,16,9127
2025/9/10,20:30,8898,786,4334,5813,28,311,1477,112,655,0,0,375,0,0,-2,-5006,15,8898
2025/9/10,21:00,8659,782,4182,5737,27,298,1450,112,656,0,0,383,0,0,-11,-4970,13,8659
2025/9/10,21:30,8372,784,4086,5628,26,300,1434,111,657,0,0,320,0,0,-1,-4980,7,8372
2025/9/10,22:00,8218,782,3770,5374,24,298,1422,109,657,0,0,338,0,0,-1,-4570,15,8218
2025/9/10,22:30,7969,788,3644,5291,23,294,1403,111,657,0,0,312,0,0,-1,-4566,13,7969
2025/9/10,23:00,7847,782,3762,5102,24,292,1400,112,658,0,0,232,0,0,-1,-4524,8,7847
2025/9/10,23:30,7679,784,3582,5024,23,289,1414,111,656,0,0,287,0,0,-1,-4494,4,7679
2025/9/11,0:00,7422,784,3394,5011,22,301,1433,112,659,0,0,252,0,0,-1,-4548,3,7422
2025/9/11,0:30,7262,784,3264,5012,22,302,1433,109,659,0,0,222,0,0,-3,-4544,2,7262
2025/9/11,1:00,7137,784,3192,5036,21,306,1436,111,660,0,0,136,0,0,-3,-4544,2,7137
2025/9/11,1:30,7063,784,3040,5153,21,308,1433,112,662,0,0,123,0,0,-3,-4572,2,7063
2025/9/11,2:00,6988,782,2920,5148,21,307,1425,111,658,0,0,157,0,0,-2,-4542,3,6988
2025/9/11,2:30,7149,788,3114,5150,22,308,1412,112,657,0,0,137,0,0,-2,-4552,3,7149
2025/9/11,3:00,7174,780,3210,5146,22,305,1393,109,657,0,0,109,0,0,-2,-4558,3,7174
2025/9/11,3:30,7254,786,3338,5147,22,305,1327,112,658,0,0,110,0,0,-1,-4552,2,7254
2025/9/11,4:00,7388,784,3388,5202,23,306,1291,111,657,0,0,109,0,0,-2,-4484,3,7388
2025/9/11,4:30,7451,784,3288,5260,24,306,1301,112,656,0,0,104,0,0,-2,-4384,2,7451
2025/9/11,5:00,7650,788,3178,5285,25,308,1286,112,656,2,0,94,0,0,-1,-4086,3,7650
2025/9/11,5:30,7643,782,3306,5216,25,306,1267,109,655,48,0,105,0,0,-2,-4178,4,7643
2025/9/11,6:00,7758,784,3622,5280,25,303,1254,111,654,111,0,111,0,0,-2,-4502,7,7758
2025/9/11,6:30,7900,784,3582,5343,24,303,1238,111,656,216,0,125,0,0,-4,-4496,18,7900
2025/9/11,7:00,8185,788,3670,5277,25,302,1256,111,654,417,0,116,0,0,-1,-4452,22,8185
2025/9/11,7:30,8468,784,3702,5213,26,300,1306,111,659,702,0,84,0,0,-18,-4420,19,8468
2025/9/11,8:00,9144,782,4180,4961,28,315,1300,110,658,1122,0,61,0,0,-2,-4386,15,9144
2025/9/11,8:30,9647,784,4170,4806,30,396,1344,113,669,1464,0,39,0,0,-1,-4180,13,9647
2025/9/11,9:00,10043,786,4516,4730,31,355,1366,115,666,1875,0,33,0,0,0,-4446,16,10043
2025/9/11,9:30,10222,782,4534,4731,30,297,1345,114,659,2392,0,25,0,0,-3,-4702,18,10222
2025/9/11,10:00,10214,780,3976,4704,30,296,1329,115,666,2948,0,21,0,0,-13,-4654,16,10214
2025/9/11,10:30,10525,784,4216,4697,31,299,1317,112,654,3373,0,17,0,0,-18,-4972,15,10525
2025/9/11,11:00,10555,782,4106,4466,33,294,1321,113,654,3863,0,12,0,0,-14,-5088,13,10555
2025/9/11,11:30,10621,786,3780,4371,32,298,1278,112,639,4309,0,13,0,0,-19,-4992,14,10621
2025/9/11,12:00,10289,782,3446,4142,33,297,1265,110,639,4478,0,16,0,0,-54,-4876,11,10289
2025/9/11,12:30,10316,786,3574,4253,33,298,1290,111,639,4221,0,20,0,0,-52,-4864,7,10316
2025/9/11,13:00,10753,784,4418,4498,34,330,1320,111,649,3525,0,20,0,0,-14,-4936,14,10753
2025/9/11,13:30,10811,780,4808,4882,34,337,1315,114,655,2881,0,23,0,0,-6,-5020,8,10811
2025/9/11,14:00,10767,788,5018,5005,34,404,1315,115,658,2397,0,29,0,0,-4,-5004,12,10767
2025/9/11,14:30,10699,780,4988,5208,34,410,1280,113,654,2270,0,25,0,0,1,-5072,8,10699
2025/9/11,15:00,10619,782,5010,5359,34,416,1246,110,650,1999,0,21,0,0,2,-5022,12,10619
2025/9/11,15:30,10613,786,5042,5647,34,412,1186,109,630,1529,0,20,0,0,12,-4808,14,10613
2025/9/11,16:00,10623,784,5116,5777,33,412,1289,110,636,1025,0,21,0,0,13,-4610,17,10623
2025/9/11,16:30,10457,788,5242,5869,33,418,1311,111,640,582,0,26,0,0,13,-4584,8,10457
2025/9/11,17:00,10147,778,5218,5859,33,415,1334,112,642,254,0,24,0,0,15,-4554,17,10147
2025/9/11,17:30,10067,790,5148,5934,32,416,1330,110,644,37,0,21,0,0,15,-4424,14,10067
2025/9/11,18:00,10058,780,5662,6019,34,419,1329,111,641,0,0,21,0,0,47,-5026,21,10058
2025/9/11,18:30,9915,786,5502,5974,34,406,1325,112,641,0,0,21,0,0,41,-4944,17,9915
2025/9/11,19:00,9572,788,5264,5935,32,404,1326,111,643,0,0,28,0,0,0,-4974,15,9572
2025/9/11,19:30,9284,780,5076,5885,31,402,1336,111,642,0,0,41,0,0,-2,-5032,14,9284
2025/9/11,20:00,9054,788,4740,5877,30,407,1234,110,641,0,0,62,0,0,-2,-4850,17,9054
2025/9/11,20:30,8793,784,4552,5825,29,315,1213,111,640,0,0,86,0,0,-1,-4774,13,8793
2025/9/11,21:00,8559,782,4738,5594,28,311,1167,112,641,0,0,106,0,0,-2,-4930,12,8559
2025/9/11,21:30,8256,784,4478,5531,26,308,1153,112,641,0,0,105,0,0,-1,-4888,7,8256
2025/9/11,22:00,8127,784,4338,5462,25,310,1142,112,644,0,0,88,0,0,-1,-4792,15,8127
2025/9/11,22:30,7777,782,3836,5148,24,306,1138,111,639,0,0,73,0,0,0,-4294,14,7777
2025/9/11,23:00,7736,788,3470,5152,24,297,1116,113,640,0,0,75,0,0,1,-3946,6,7736
2025/9/11,23:30,7479,784,3228,5117,24,307,1105,112,639,0,0,98,0,0,-1,-3938,4,7479
2025/9/12,0:00,7268,782,2844,5040,23,304,1039,113,642,0,0,109,0,0,-1,-3630,3,7268
2025/9/12,0:30,7124,784,2644,5107,23,308,1038,113,640,0,0,100,0,0,-3,-3632,2,7124
2025/9/12,1:00,6987,786,2704,5137,22,310,1037,111,643,0,0,97,0,0,-2,-3860,2,6987
2025/9/12,1:30,6937,782,2672,5170,22,308,1043,113,645,0,0,102,0,0,-2,-3920,2,6937
2025/9/12,2:00,6962,784,2720,5197,22,307,1036,114,647,0,0,108,0,0,-2,-3974,3,6962
2025/9/12,2:30,6914,786,2598,5137,23,308,1036,113,645,0,0,110,0,0,-2,-3842,2,6914
2025/9/12,3:00,7046,784,2604,5146,23,311,1037,113,648,0,0,137,0,0,-2,-3758,3,7046
2025/9/12,3:30,7073,786,2562,5131,23,309,1032,113,649,0,0,180,0,0,-14,-3700,2,7073
2025/9/12,4:00,7197,784,2548,5144,24,309,1028,112,646,0,0,208,0,0,-2,-3606,2,7197
2025/9/12,4:30,7362,782,2696,5075,25,314,1033,113,647,0,0,234,0,0,-1,-3558,2,7362
2025/9/12,5:00,7424,786,2664,5122,26,311,1030,114,648,2,0,251,0,0,-1,-3532,3,7424
2025/9/12,5:30,7454,786,2742,5107,26,309,1003,112,644,131,0,268,0,0,-1,-3676,3,7454
2025/9/12,6:00,7425,782,2920,5170,25,311,993,111,637,443,0,259,0,0,0,-4232,6,7425
2025/9/12,6:30,7685,782,2986,5222,25,310,987,111,637,847,0,227,0,0,-3,-4462,16,7685
2025/9/12,7:00,7997,786,2854,5218,25,311,1010,112,644,1286,0,185,0,0,1,-4456,21,7997
2025/9/12,7:30,8306,786,2742,5094,28,311,1043,110,653,1729,0,141,0,0,-4,-4346,19,8306
2025/9/12,8:00,8986,784,3192,5193,30,317,1075,114,658,2207,0,135,0,0,-5,-4728,14,8986
2025/9/12,8:30,9637,782,3544,5353,31,319,1103,115,665,2553,0,143,0,0,-2,-4982,13,9637
2025/9/12,9:00,10070,784,3756,5235,32,314,1135,117,672,2876,0,146,0,0,-2,-5010,15,10070
2025/9/12,9:30,10161,784,3526,4895,32,319,1114,117,667,3179,0,145,0,0,3,-4638,18,10161
2025/9/12,10:00,10337,782,3384,4645,33,314,1100,113,661,3444,0,160,0,0,-19,-4296,16,10337
2025/9/12,10:30,10605,784,3648,4470,33,317,1087,114,660,3567,0,168,0,0,-16,-4242,15,10605
2025/9/12,11:00,10613,782,3944,4475,34,316,1082,114,658,3554,0,164,0,0,-15,-4506,11,10613
2025/9/12,11:30,10608,786,3854,4544,34,319,1083,113,656,3557,0,155,0,0,-19,-4488,14,10608
2025/9/12,12:00,10272,784,3636,4454,33,319,1096,114,658,3473,0,160,0,0,-54,-4412,11,10272
2025/9/12,12:30,10217,782,3502,4292,33,316,1101,111,662,3338,0,179,0,0,-53,-4056,10,10217
2025/9/12,13:00,10675,784,4336,4683,34,321,1108,114,659,3115,0,194,0,0,1,-4688,14,10675
2025/9/12,13:30,10823,782,4570,5195,35,324,1113,114,662,2789,0,228,0,0,29,-5026,8,10823
2025/9/12,14:00,10767,782,4582,5529,35,327,1146,114,659,2461,0,238,0,0,16,-5134,12,10767
2025/9/12,14:30,10680,784,4674,5663,36,326,1150,111,659,2065,0,245,0,0,-25,-5026,18,10680
2025/9/12,15:00,10465,782,4610,5681,36,322,1144,113,654,1642,0,275,0,0,-40,-4768,14,10465
2025/9/12,15:30,10558,786,5082,5810,36,389,1106,110,637,1191,0,300,0,0,-3,-4902,16,10558
2025/9/12,16:00,10482,784,4852,5919,36,416,1152,109,633,785,0,311,0,0,13,-4546,18,10482
2025/9/12,16:30,10323,784,4928,5927,35,419,1157,110,637,394,0,311,0,0,11,-4400,10,10323
2025/9/12,17:00,9973,782,4754,6023,35,416,1188,108,641,127,0,326,0,0,14,-4460,19,9973
2025/9/12,17:30,9925,786,4924,6041,34,415,1218,111,645,15,0,347,0,0,17,-4646,18,9925
2025/9/12,18:00,9768,786,4934,6045,35,411,1235,111,649,0,0,344,0,0,49,-4854,23,9768
2025/9/12,18:30,9606,784,4830,6054,36,414,1242,111,647,0,0,360,0,0,44,-4938,22,9606
2025/9/12,19:00,9408,784,4800,6023,34,403,1240,111,652,0,0,358,0,0,1,-5014,16,9408
2025/9/12,19:30,9114,784,4378,5991,34,385,1245,111,651,0,0,380,0,0,-1,-4856,12,9114
2025/9/12,20:00,8924,784,4000,6002,32,314,1160,109,652,0,0,384,0,0,-1,-4530,18,8924
2025/9/12,20:30,8635,784,3578,5957,31,321,1142,111,649,0,0,399,0,0,-2,-4348,13,8635
2025/9/12,21:00,8460,784,4034,5737,30,316,1099,111,648,0,0,411,0,0,-1,-4730,21,8460
2025/9/12,21:30,8204,784,3754,5689,29,314,1090,111,650,0,0,411,0,0,-1,-4634,7,8204
2025/9/12,22:00,7946,782,3394,5525,27,314,1078,112,648,0,0,393,0,0,-1,-4340,14,7946
2025/9/12,22:30,7862,788,3310,5459,27,313,1069,109,651,0,0,406,0,0,-2,-4280,12,7862
2025/9/12,23:00,7641,782,2988,5326,28,309,1027,111,653,0,0,429,0,0,-1,-4018,7,7641
2025/9/12,23:30,7586,786,3154,5285,27,311,1015,111,653,0,0,437,0,0,-7,-4190,4,7586
2025/9/13,0:00,7231,784,2370,5257,26,313,978,111,663,0,0,446,0,0,-2,-3718,3,7231
2025/9/13,0:30,7114,782,2242,5268,26,308,966,111,662,0,0,481,0,0,-2,-3732,2,7114
2025/9/13,1:00,6997,784,2346,5281,25,310,973,111,663,0,0,478,0,0,-3,-3974,3,6997
2025/9/13,1:30,6903,784,2284,5257,25,311,976,109,665,0,0,472,0,0,-2,-3980,2,6903
2025/9/13,2:00,6890,784,2320,5274,25,309,970,111,663,0,0,497,0,0,-2,-4064,3,6890
2025/9/13,2:30,6960,784,2416,5295,25,311,968,111,663,0,0,515,0,0,-1,-4130,3,6960
2025/9/13,3:00,6961,784,2452,5277,25,313,968,111,660,0,0,516,0,0,-2,-4146,3,6961
2025/9/13,3:30,7025,784,2468,5281,25,316,965,111,661,0,0,548,0,0,-1,-4136,3,7025
2025/9/13,4:00,7064,784,2452,5276,25,310,960,110,663,0,0,578,0,0,-1,-4096,3,7064
2025/9/13,4:30,7179,786,2526,5294,26,317,965,111,662,0,0,551,0,0,-1,-4060,2,7179
2025/9/13,5:00,7201,784,2614,5297,27,312,923,112,665,1,0,557,0,0,-1,-4094,4,7201
2025/9/13,5:30,7122,782,2544,5287,27,308,905,111,660,89,0,546,0,0,-3,-4138,4,7122
2025/9/13,6:00,7039,784,2450,5183,27,312,892,111,660,332,0,596,0,0,-1,-4314,7,7039
2025/9/13,6:30,7093,788,2342,4972,26,311,914,110,666,627,0,620,0,0,0,-4294,11,7093
2025/9/13,7:00,7208,784,2338,4696,27,308,978,114,677,880,0,650,0,0,-1,-4262,19,7208
2025/9/13,7:30,7391,784,2464,4582,27,311,990,115,683,993,0,644,0,0,-2,-4222,22,7391
2025/9/13,8:00,7728,786,3012,4552,28,311,991,114,680,1181,0,609,0,0,-1,-4550,15,7728
2025/9/13,8:30,7942,782,2908,4529,29,311,1018,115,684,1312,0,615,0,0,-15,-4360,14,7942
2025/9/13,9:00,8207,782,2816,4553,31,309,1053,117,695,1369,0,648,0,0,-19,-4166,19,8207
2025/9/13,9:30,8392,788,3150,4564,32,313,1030,113,689,1234,0,675,0,0,-31,-4182,17,8392
2025/9/13,10:00,8343,784,3298,4542,31,310,1056,117,695,1202,0,698,0,0,-19,-4390,19,8343
2025/9/13,10:30,8455,780,3354,4563,31,311,1062,117,696,1246,0,719,0,0,-14,-4432,22,8455
2025/9/13,11:00,8470,788,3616,4595,31,310,1074,118,701,1184,0,695,0,0,-21,-4640,19,8470
2025/9/13,11:30,8454,784,3620,4554,31,310,1060,117,696,1289,0,674,0,0,-29,-4672,20,8454
2025/9/13,12:00,8422,782,3502,4585,31,312,1066,114,695,1292,0,722,0,0,-52,-4644,17,8422
2025/9/13,12:30,8300,784,3654,4557,30,305,1055,116,689,1090,0,726,0,0,-38,-4686,18,8300
2025/9/13,13:00,8349,786,3854,4602,30,308,1051,114,674,947,0,762,0,0,-5,-4790,16,8349
2025/9/13,13:30,8406,780,3556,5028,29,315,1066,114,675,809,0,827,0,0,-4,-4806,17,8406
2025/9/13,14:00,8401,788,3608,5193,29,312,1080,112,669,659,0,855,0,0,-1,-4916,13,8401
2025/9/13,14:30,8352,786,3580,5342,30,315,1075,110,665,528,0,912,0,0,-1,-5010,20,8352
2025/9/13,15:00,8282,780,3216,5445,30,315,1114,111,660,501,0,1019,0,0,-3,-4922,16,8282
2025/9/13,15:30,8413,786,3248,5572,30,314,1111,111,657,469,0,1148,0,0,-1,-5052,20,8413
2025/9/13,16:00,8408,786,3200,5660,31,322,1194,110,651,349,0,1159,0,0,1,-5070,15,8408
2025/9/13,16:30,8459,782,3310,5768,31,332,1193,109,647,190,0,1146,0,0,13,-5076,14,8459
2025/9/13,17:00,8547,786,3282,5871,32,417,1189,107,645,69,0,1201,0,0,14,-5084,18,8547
2025/9/13,17:30,8679,786,3328,5982,33,412,1203,109,651,10,0,1225,0,0,18,-5096,18,8679
2025/9/13,18:00,8706,782,3412,5864,34,414,1216,109,654,0,0,1200,0,0,48,-5046,19,8706
2025/9/13,18:30,8625,784,3562,5630,34,416,1216,110,655,0,0,1209,0,0,41,-5050,18,8625
2025/9/13,19:00,8429,786,3532,5615,33,329,1219,107,657,0,0,1188,0,0,12,-5066,17,8429
2025/9/13,19:30,8240,788,3420,5534,33,317,1214,110,659,0,0,1158,0,0,13,-5018,12,8240
2025/9/13,20:00,8102,780,3400,5452,32,315,1184,109,657,0,0,1168,0,0,2,-5012,15,8102
2025/9/13,20:30,7942,788,3332,5369,31,310,1179,109,657,0,0,1179,0,0,-1,-5024,13,7942
2025/9/13,21:00,7757,782,3262,5319,30,311,1087,109,656,0,0,1213,0,0,-1,-5022,11,7757
2025/9/13,21:30,7528,784,3100,5177,28,312,1070,107,657,0,0,1212,0,0,-2,-4924,7,7528
2025/9/13,22:00,7433,784,2786,5041,27,312,1052,109,657,0,0,1147,0,0,-1,-4496,15,7433
2025/9/13,22:30,7318,784,2622,4904,26,302,1051,109,657,0,0,1269,0,0,-2,-4416,12,7318
2025/9/13,23:00,7231,786,2614,5028,26,306,1051,109,659,0,0,1298,0,0,-2,-4650,6,7231
2025/9/13,23:30,7054,786,2468,4952,25,304,1058,109,658,0,0,1340,0,0,-3,-4648,5,7054
2025/9/14,0:00,6851,782,2204,4811,24,305,1049,107,658,0,0,1450,0,0,-2,-4540,3,6851
2025/9/14,0:30,6787,784,2274,4796,24,311,1052,109,659,0,0,1420,0,0,-2,-4642,2,6787
2025/9/14,1:00,6627,788,2120,4767,23,308,1049,109,659,0,0,1506,0,0,-2,-4702,2,6627
2025/9/14,1:30,6573,782,1984,4736,23,305,1055,109,658,0,0,1636,0,0,-2,-4716,3,6573
2025/9/14,2:00,6565,784,1966,4729,23,306,1051,107,656,0,0,1650,0,0,-2,-4708,3,6565
2025/9/14,2:30,6634,782,2000,4774,23,308,1070,109,658,0,0,1621,0,0,-2,-4712,3,6634
2025/9/14,3:00,6680,786,2038,4790,23,310,1086,109,654,0,0,1561,0,0,-2,-4678,3,6680
2025/9/14,3:30,6743,784,2174,4777,24,304,1094,109,653,0,0,1495,0,0,0,-4674,3,6743
2025/9/14,4:00,6825,786,2358,4722,24,309,1105,110,656,0,0,1428,0,0,-2,-4674,3,6825
2025/9/14,4:30,6943,784,2630,4577,25,310,1113,108,658,0,0,1418,0,0,0,-4682,2,6943
2025/9/14,5:00,7013,786,2826,4364,25,306,1155,110,658,6,0,1372,0,0,-2,-4596,3,7013
2025/9/14,5:30,6792,784,2514,4111,25,309,1157,110,653,170,0,1366,0,0,-1,-4410,4,6792
2025/9/14,6:00,6757,780,2312,3816,25,306,1150,109,647,556,0,1265,0,0,0,-4218,9,6757
2025/9/14,6:30,6862,790,2230,3522,24,310,1146,109,646,1093,0,1212,0,0,0,-4232,12,6862
2025/9/14,7:00,6938,778,2160,3118,24,308,1117,107,648,1763,0,1133,0,0,-2,-4236,20,6938
2025/9/14,7:30,7133,790,1924,2800,25,309,1105,109,650,2565,0,1090,0,0,-16,-4236,18,7133
2025/9/14,8:00,7415,784,2054,2424,26,309,1110,109,649,3487,0,1066,0,0,-16,-4600,13,7415
2025/9/14,8:30,7685,784,2108,2235,27,273,1135,111,654,3917,0,1035,0,0,-15,-4592,13,7685
2025/9/14,9:00,7948,784,1928,2051,28,234,1121,110,649,4673,0,1041,0,0,-4,-4682,15,7948
2025/9/14,9:30,8138,782,1790,1965,27,233,1093,109,634,5153,0,1023,0,0,-15,-4674,18,8138
2025/9/14,10:00,8286,788,1660,1942,27,231,1090,107,591,5498,0,1017,0,0,-14,-4668,17,8286
2025/9/14,10:30,8360,784,1650,1950,27,232,1090,109,512,5623,0,1060,0,0,-17,-4676,16,8360
2025/9/14,11:00,8385,782,1854,1901,29,228,1093,109,457,5566,0,1044,0,0,-16,-4674,12,8385
2025/9/14,11:30,8499,788,1918,1996,29,228,1105,108,454,5492,0,1037,0,0,-19,-4652,15,8499
2025/9/14,12:00,8525,784,2284,2062,30,232,1106,108,453,5133,0,995,0,0,-9,-4666,13,8525
2025/9/14,12:30,8436,786,2368,2189,30,231,1108,106,456,4955,0,925,0,0,-15,-4712,9,8436
2025/9/14,13:00,8373,782,2304,2496,29,234,1120,108,494,4728,0,872,0,0,-46,-4762,14,8373
2025/9/14,13:30,8408,784,2154,2674,29,228,1118,108,572,4635,0,799,0,0,-21,-4680,8,8408
2025/9/14,14:00,8344,786,2070,2803,30,235,1117,108,616,4279,0,758,0,0,-1,-4470,13,8344
2025/9/14,14:30,8314,780,2214,3218,30,278,1120,109,622,3746,0,700,0,0,-6,-4516,19,8314
2025/9/14,15:00,8294,790,2710,3531,31,308,1142,109,632,3047,0,623,0,0,0,-4642,13,8294
2025/9/14,15:30,8287,780,3136,4127,30,328,1137,107,631,2212,0,527,0,0,-2,-4740,14,8287
2025/9/14,16:00,8319,788,3408,4762,30,412,1141,109,631,1314,0,456,0,0,1,-4750,17,8319
2025/9/14,16:30,8339,784,3480,5258,31,415,1152,109,630,746,0,427,0,0,14,-4718,11,8339
2025/9/14,17:00,8446,786,3662,5666,31,419,1179,111,642,253,0,359,0,0,18,-4700,20,8446
2025/9/14,17:30,8555,784,3988,5748,32,423,1195,112,649,15,0,314,0,0,46,-4766,15,8555
2025/9/14,18:00,8614,784,4110,5867,34,420,1184,110,647,0,0,279,0,0,42,-4884,21,8614
2025/9/14,18:30,8528,786,3930,5952,33,418,1181,113,648,0,0,195,0,0,13,-4760,19,8528
2025/9/14,19:00,8309,782,3962,5872,33,417,1186,112,651,0,0,157,0,0,13,-4892,16,8309
2025/9/14,19:30,8132,786,3962,5789,32,412,1193,112,652,0,0,117,0,0,-1,-4934,12,8132
2025/9/14,20:00,7947,782,3868,5622,31,406,1193,112,653,0,0,78,0,0,12,-4826,16,7947
2025/9/14,20:30,7796,786,4008,5427,30,406,1190,113,651,0,0,47,0,0,1,-4876,13,7796
2025/9/14,21:00,7641,786,4208,5359,29,404,1159,110,648,0,0,32,0,0,-2,-5108,16,7641
2025/9/14,21:30,7326,784,3432,5255,28,384,1160,112,652,0,0,31,0,0,-1,-4518,7,7326
2025/9/14,22:00,7269,788,3280,5147,27,365,1136,112,651,0,0,50,0,0,-1,-4300,14,7269
2025/9/14,22:30,7011,780,2754,5090,26,365,1136,112,652,0,0,67,0,0,-2,-3982,13,7011
2025/9/14,23:00,6993,788,2660,5082,26,309,1132,112,654,0,0,71,0,0,-1,-3846,6,6993
2025/9/14,23:30,6681,780,2406,4820,26,305,1126,110,655,0,0,53,0,0,-2,-3602,4,6681
2025/9/15,0:00,6610,790,2234,5026,24,302,1093,113,652,0,0,41,0,0,-2,-3666,3,6610
2025/9/15,0:30,6463,782,2292,5083,24,308,1090,113,651,0,0,80,0,0,-2,-3960,2,6463
2025/9/15,1:00,6381,784,2340,5108,24,305,1096,113,657,0,0,96,0,0,-2,-4142,2,6381
2025/9/15,1:30,6267,782,2212,5117,23,303,1097,113,658,0,0,82,0,0,-3,-4120,3,6267
2025/9/15,2:00,6365,786,2302,5136,23,307,1091,113,658,0,0,100,0,0,-2,-4152,3,6365
2025/9/15,2:30,6375,786,2268,5124,24,300,1095,113,658,0,0,80,0,0,-2,-4074,3,6375
2025/9/15,3:00,6484,782,2356,5150,23,298,1072,111,659,0,0,76,0,0,-2,-4044,3,6484
2025/9/15,3:30,6588,786,2368,5158,24,298,1068,114,657,0,0,78,0,0,-1,-3964,2,6588
2025/9/15,4:00,6662,788,2500,5115,24,305,1063,113,659,0,0,87,0,0,-1,-3994,3,6662
2025/9/15,4:30,6819,782,2626,4952,25,304,1068,112,659,0,0,102,0,0,-1,-3812,2,6819
2025/9/15,5:00,6909,788,2730,4789,26,307,1062,113,660,1,0,113,0,0,-1,-3682,3,6909
2025/9/15,5:30,6727,778,2742,4608,26,306,1039,111,651,118,0,121,0,0,-2,-3776,5,6727
2025/9/15,6:00,6776,790,2892,4631,26,305,1033,110,648,450,0,137,0,0,-5,-4250,9,6776
2025/9/15,6:30,6796,784,2498,4483,26,306,1021,109,645,940,0,130,0,0,-3,-4154,11,6796
2025/9/15,7:00,7105,784,2474,4373,25,266,1045,108,648,1356,0,136,0,0,2,-4132,20,7105
2025/9/15,7:30,7166,784,2020,4185,26,232,1068,112,658,1686,0,99,0,0,8,-3730,18,7166
2025/9/15,8:00,7592,782,2106,4228,26,225,1080,112,657,2178,0,90,0,0,-9,-3898,15,7592
2025/9/15,8:30,7981,790,2018,4222,27,230,1090,112,658,2581,0,85,0,0,-1,-3844,13,7981
2025/9/15,9:00,8158,780,1720,4195,29,225,1141,114,671,3035,0,75,0,0,2,-3846,17,8158
2025/9/15,9:30,8486,786,1650,4092,30,229,1118,111,664,3642,0,61,0,0,-7,-3910,20,8486
2025/9/15,10:00,8529,782,1540,4024,31,235,1093,112,654,4079,0,64,0,0,-15,-4086,16,8529
2025/9/15,10:30,8899,786,1890,3892,31,233,1074,111,648,4437,0,71,0,0,-15,-4274,15,8899
2025/9/15,11:00,8861,784,1888,4099,32,237,1061,110,643,4551,0,84,0,0,-30,-4614,16,8861
2025/9/15,11:30,9028,784,1740,4202,32,232,1053,109,641,4794,0,107,0,0,-31,-4652,17,9028
2025/9/15,12:00,9088,784,1780,4020,32,233,1034,107,636,5115,0,114,0,0,-49,-4732,14,9088
2025/9/15,12:30,9100,782,1858,3937,33,234,1031,108,637,5081,0,144,0,0,-52,-4706,13,9100
2025/9/15,13:00,9270,788,1794,3879,34,231,1021,108,634,4993,0,192,0,0,-18,-4406,20,9270
2025/9/15,13:30,9271,782,2112,4032,33,236,1019,108,634,4484,0,183,0,0,-3,-4360,11,9271
2025/9/15,14:00,9389,784,2392,4244,34,282,1048,108,635,4093,0,178,0,0,-3,-4424,18,9389
2025/9/15,14:30,9394,786,2660,4532,34,313,1048,106,634,3526,0,180,0,0,-1,-4446,22,9394
2025/9/15,15:00,9382,782,3266,4987,34,306,1119,109,634,2884,0,180,0,0,-4,-4930,15,9382
2025/9/15,15:30,9417,784,3702,5490,34,310,1125,108,635,2118,0,186,0,0,1,-5098,22,9417
2025/9/15,16:00,9488,786,4118,5809,36,383,1194,108,633,1330,0,161,0,0,-1,-5088,19,9488
2025/9/15,16:30,9370,784,4342,5949,36,413,1195,106,635,669,0,140,0,0,12,-4924,13,9370
2025/9/15,17:00,9458,782,4088,5892,36,413,1233,109,644,244,0,157,0,0,15,-4178,23,9458
2025/9/15,17:30,9458,786,4006,6032,37,423,1250,110,653,14,0,168,0,0,18,-4058,19,9458
2025/9/15,18:00,9581,782,4024,6057,38,421,1241,110,648,0,0,186,0,0,48,-3994,20,9581
2025/9/15,18:30,9396,788,3916,5942,38,421,1247,111,652,0,0,198,0,0,42,-3980,21,9396
2025/9/15,19:00,9178,780,4022,5906,37,414,1243,108,653,0,0,239,0,0,13,-4254,17,9178
2025/9/15,19:30,9004,786,4138,5795,36,415,1244,110,654,0,0,258,0,0,13,-4456,11,9004
2025/9/15,20:00,8742,784,3874,5599,35,413,1218,111,653,0,0,348,0,0,1,-4310,16,8742
2025/9/15,20:30,8562,784,3918,5519,33,411,1168,111,655,0,0,397,0,0,-1,-4448,15,8562
2025/9/15,21:00,8366,782,3798,5499,32,416,1136,110,651,0,0,368,0,0,-1,-4440,15,8366
2025/9/15,21:30,8078,788,3654,5470,31,393,1085,109,651,0,0,343,0,0,-1,-4452,7,8078
2025/9/15,22:00,7911,782,3256,5378,29,377,1064,110,653,0,0,322,0,0,-1,-4076,17,7911
2025/9/15,22:30,7769,786,3192,5330,28,326,1059,110,651,0,0,326,0,0,-1,-4052,14,7769
2025/9/15,23:00,7545,786,2992,5295,28,315,1027,111,655,0,0,341,0,0,-2,-4010,7,7545
2025/9/15,23:30,7438,784,3030,5300,27,315,1025,110,655,0,0,376,0,0,-2,-4186,4,7438
2025/9/16,0:00,7134,782,2692,5258,26,310,978,108,666,0,0,410,0,0,-1,-4098,3,7134
2025/9/16,0:30,7033,786,2564,5292,26,313,972,110,664,0,0,429,0,0,-3,-4122,2,7033
2025/9/16,1:00,6937,786,2560,5292,25,310,975,111,667,0,0,453,0,0,-2,-4242,2,6937
2025/9/16,1:30,6847,782,2574,5294,25,305,976,110,666,0,0,460,0,0,-3,-4344,2,6847
2025/9/16,2:00,6851,780,2526,5302,25,307,971,111,666,0,0,439,0,0,-2,-4276,2,6851
2025/9/16,2:30,6920,786,2566,5302,25,309,973,108,663,0,0,444,0,0,-2,-4256,2,6920
2025/9/16,3:00,7025,784,2516,5297,25,311,965,111,663,0,0,513,0,0,0,-4162,2,7025
2025/9/16,3:30,7048,784,2500,5282,25,310,964,110,665,0,0,536,0,0,0,-4130,2,7048
2025/9/16,4:00,7216,782,2588,5306,26,309,946,111,667,0,0,520,0,0,-1,-4040,2,7216
2025/9/16,4:30,7329,786,2656,5293,26,313,944,110,668,0,0,481,0,0,-2,-3948,2,7329
2025/9/16,5:00,7429,784,3004,5239,27,308,944,109,666,2,0,456,0,0,-1,-4112,3,7429
2025/9/16,5:30,7378,784,3046,5101,27,307,907,109,655,230,0,427,0,0,-1,-4218,4,7378
2025/9/16,6:00,7388,784,2974,4698,27,320,944,109,655,783,0,394,0,0,-2,-4304,6,7388
2025/9/16,6:30,7643,786,2720,4371,26,316,959,109,655,1602,0,347,0,0,-2,-4262,16,7643
2025/9/16,7:00,7875,782,2352,4117,27,317,957,108,655,2635,0,302,0,0,-4,-4396,23,7875
2025/9/16,7:30,8532,784,2366,3884,29,318,959,106,655,3716,0,260,0,0,0,-4564,19,8532
2025/9/16,8:00,9314,780,2824,3760,31,314,954,109,649,4555,0,240,0,0,2,-4920,16,9314
2025/9/16,8:30,10135,784,2922,3730,34,315,959,108,646,5326,0,260,0,0,-4,-4958,13,10135
2025/9/16,9:00,10661,788,2766,3629,34,316,948,109,646,6098,0,277,0,0,-1,-4964,15,10661
2025/9/16,9:30,11011,778,2992,3375,36,313,940,108,643,6515,0,260,0,0,-13,-4954,18,11011
2025/9/16,10:00,11161,784,2984,3358,35,315,963,106,645,6763,0,242,0,0,-16,-5034,16,11161
2025/9/16,10:30,11469,780,3166,3346,36,311,974,108,644,6895,0,228,0,0,-17,-5016,14,11469
2025/9/16,11:00,11567,782,3268,3325,37,316,1025,108,643,6892,0,187,0,0,-15,-5012,11,11567
2025/9/16,11:30,11632,784,3294,3440,38,314,1007,108,643,6798,0,162,0,0,-17,-4954,15,11632
2025/9/16,12:00,11328,782,2950,3564,37,312,1017,108,646,6782,0,176,0,0,-51,-5006,11,11328
2025/9/16,12:30,11408,784,3110,3663,37,317,1018,106,645,6589,0,193,0,0,-54,-5008,8,11408
2025/9/16,13:00,11766,784,3346,3888,37,337,1052,108,643,6341,0,201,0,0,-24,-4962,15,11766
2025/9/16,13:30,11892,784,3692,4130,38,339,1078,108,641,5841,0,195,0,0,-3,-4960,9,11892
2025/9/16,14:00,11967,780,3704,4577,39,346,1125,109,645,5346,0,204,0,0,-1,-4922,15,11967
2025/9/16,14:30,11900,786,3982,5017,39,349,1133,106,644,4654,0,200,0,0,-1,-5018,9,11900
2025/9/16,15:00,11823,782,4298,5404,40,354,1153,108,644,3755,0,193,0,0,-6,-4918,16,11823
2025/9/16,15:30,11838,782,5050,5772,39,402,1163,109,643,2675,0,194,0,0,4,-5012,17,11838
2025/9/16,16:00,11820,778,5484,5901,39,483,1256,109,644,1592,0,195,0,1,9,-4688,17,11820
2025/9/16,16:30,11568,786,5668,6039,40,486,1275,109,642,773,0,159,0,2,17,-4436,8,11568
2025/9/16,17:00,11205,788,5348,6042,39,486,1262,107,645,250,0,159,0,2,12,-3954,19,11205
2025/9/16,17:30,10998,782,5304,6050,38,479,1295,111,659,6,0,170,0,2,18,-3932,16,10998
2025/9/16,18:00,10943,780,5494,6046,40,473,1289,111,659,0,0,159,0,0,48,-4176,20,10943
2025/9/16,18:30,10698,784,5258,6050,40,473,1288,111,658,0,0,154,0,0,42,-4178,18,10698
2025/9/16,19:00,10389,786,5352,6009,38,433,1271,111,661,0,0,116,0,0,12,-4416,16,10389
2025/9/16,19:30,10022,782,5078,5993,37,419,1253,109,662,0,0,142,0,0,2,-4468,13,10022
2025/9/16,20:00,9684,784,5168,5824,36,427,1155,111,661,0,0,160,0,0,-1,-4658,17,9684
2025/9/16,20:30,9446,786,5060,5749,35,422,1117,111,658,0,0,185,0,0,-2,-4690,15,9446
2025/9/16,21:00,9152,782,4866,5601,33,426,1102,111,660,0,0,198,0,0,8,-4648,13,9152
2025/9/16,21:30,8883,788,4586,5545,32,406,1101,111,663,0,0,230,0,0,-1,-4584,6,8883
2025/9/16,22:00,8684,782,4326,5441,30,322,1078,109,661,0,0,253,0,0,-9,-4324,15,8684
2025/9/16,22:30,8373,784,3982,5352,29,326,1069,111,662,0,0,291,0,0,-1,-4246,14,8373
2025/9/16,23:00,8287,790,3882,5314,29,322,1010,111,664,0,0,301,0,0,-1,-4142,7,8287
2025/9/16,23:30,7945,778,3468,5226,28,325,1012,112,662,0,0,300,0,0,-2,-3968,4,7945
2025/9/17,0:00,7773,788,3062,5185,27,321,1032,111,664,0,0,341,0,0,-1,-3760,3,7773
2025/9/17,0:30,7572,780,3120,5166,27,322,1034,109,665,0,0,336,0,0,-2,-3988,3,7572
2025/9/17,1:00,7409,788,3114,5292,27,323,1031,111,666,0,0,358,0,0,-2,-4302,3,7409
2025/9/17,1:30,7375,780,3138,5286,25,316,1029,111,666,0,0,389,0,0,-2,-4366,3,7375
2025/9/17,2:00,7283,786,3002,5246,26,318,1034,111,664,0,0,406,0,0,-3,-4310,3,7283
2025/9/17,2:30,7366,780,3054,5269,26,316,1029,110,660,0,0,448,0,0,-2,-4328,4,7366
2025/9/17,3:00,7428,790,2908,5273,27,311,1006,108,665,0,0,533,0,0,-2,-4194,3,7428
2025/9/17,3:30,7437,784,2772,5240,27,310,1010,110,663,0,0,641,0,0,-1,-4122,3,7437
2025/9/17,4:00,7548,778,2972,5273,27,314,1004,111,665,0,0,679,0,0,-2,-4276,3,7548
2025/9/17,4:30,7659,788,2948,5276,28,314,1010,110,666,0,0,768,0,0,-1,-4250,2,7659
2025/9/17,5:00,7760,784,3422,5281,29,314,994,110,668,3,0,745,0,0,-1,-4592,3,7760
2025/9/17,5:30,7786,784,3422,5281,29,311,966,107,661,179,0,741,0,0,-1,-4698,4,7786
2025/9/17,6:00,7816,782,3380,5321,30,316,934,107,648,542,0,590,0,0,0,-4840,6,7816
2025/9/17,6:30,8137,786,3266,5402,30,317,954,107,649,969,0,501,0,0,-2,-4858,16,8137
2025/9/17,7:00,8430,784,2872,5224,31,325,977,107,649,1728,0,485,0,0,-5,-4770,23,8430
2025/9/17,7:30,8914,784,2732,4881,33,334,975,105,645,2398,0,525,0,0,3,-4520,19,8914
2025/9/17,8:00,9761,784,3224,5023,35,332,975,107,644,3013,0,499,0,0,-19,-4872,16,9761
2025/9/17,8:30,10573,778,3618,4926,37,330,995,108,638,3644,0,454,0,0,-14,-4954,13,10573
2025/9/17,9:00,11019,784,3604,5001,39,329,1022,108,636,4092,0,433,0,0,-5,-5040,16,11019
2025/9/17,9:30,11272,786,3432,5092,39,327,1076,109,644,4300,0,487,0,0,1,-5038,17,11272
2025/9/17,10:00,11257,782,3080,5004,39,332,1073,106,627,4575,0,616,0,0,-18,-4976,17,11257
2025/9/17,10:30,11480,782,3240,5118,39,330,1082,108,626,4391,0,573,0,0,-16,-4808,15,11480
2025/9/17,11:00,11647,784,3414,5159,40,331,1095,108,624,4316,0,559,0,0,-17,-4778,12,11647
2025/9/17,11:30,11585,778,3536,5325,40,339,1101,107,625,3984,0,585,0,0,-24,-4826,15,11585
2025/9/17,12:00,11136,780,3090,5368,39,339,1094,105,627,3976,0,560,0,0,-55,-4798,11,11136
2025/9/17,12:30,10989,784,3194,5018,39,349,1114,109,632,4209,0,514,0,0,-48,-4932,7,10989
2025/9/17,13:00,11471,778,3738,5209,40,364,1111,108,630,3880,0,540,0,0,-3,-4938,14,11471
2025/9/17,13:30,11548,780,3848,5407,39,405,1165,109,637,3610,0,589,0,0,-5,-5044,8,11548
2025/9/17,14:00,11580,780,3650,5455,38,406,1165,107,630,3618,0,721,0,0,-2,-5000,12,11580
2025/9/17,14:30,11524,784,4138,5562,38,403,1179,105,624,2937,0,720,0,0,2,-4976,8,11524
2025/9/17,15:00,11364,780,4434,5706,39,423,1218,107,621,2283,0,664,0,0,-6,-4918,13,11364
2025/9/17,15:30,11393,778,4727,5744,38,480,1248,107,621,1807,0,673,0,1,4,-4848,13,11393
2025/9/17,16:00,11397,782,5043,5874,38,502,1313,106,617,1229,0,660,0,2,14,-4800,17,11397
2025/9/17,16:30,11173,782,5307,5981,37,521,1325,105,616,612,0,647,0,2,10,-4780,8,11173
2025/9/17,17:00,10899,786,5443,6050,37,514,1361,109,629,158,0,569,0,2,13,-4790,18,10899
2025/9/17,17:30,10809,782,5615,6052,37,501,1375,110,638,5,0,456,0,2,15,-4796,17,10809
2025/9/17,18:00,10764,786,5573,6034,38,496,1379,109,642,0,0,390,0,2,40,-4744,19,10764
2025/9/17,18:30,10497,782,5415,5911,38,502,1372,110,642,0,0,360,0,1,48,-4702,18,10497
2025/9/17,19:00,10238,780,5218,5856,37,500,1372,107,644,0,0,368,0,0,16,-4676,16,10238
2025/9/17,19:30,9974,788,5094,5804,36,489,1354,110,640,0,0,335,0,0,0,-4688,12,9974
2025/9/17,20:00,9660,782,5078,5625,35,485,1303,110,641,0,0,334,0,0,-2,-4748,17,9660
2025/9/17,20:30,9436,780,5004,5529,33,487,1285,110,642,0,0,309,0,0,-2,-4756,15,9436
2025/9/17,21:00,9136,782,4982,5411,32,485,1223,109,640,0,0,239,0,0,-2,-4778,13,9136
2025/9/17,21:30,8850,784,4836,5354,31,465,1220,109,638,0,0,225,0,0,-1,-4818,7,8850
2025/9/17,22:00,8585,782,4310,5343,29,347,1205,110,637,0,0,226,0,0,-10,-4410,16,8585
2025/9/17,22:30,8375,780,4086,5319,28,369,1195,111,637,0,0,244,0,0,-8,-4400,14,8375
2025/9/17,23:00,8215,784,3892,5292,27,378,1176,111,638,0,0,175,0,0,-2,-4262,6,8215
2025/9/17,23:30,8008,788,3696,5282,27,375,1158,111,644,0,0,144,0,0,-1,-4220,4,8008
2025/9/18,0:00,7683,784,3602,5291,25,324,1109,108,647,0,0,138,0,0,-2,-4346,3,7683
2025/9/18,0:30,7538,788,3550,5269,25,325,1090,110,647,0,0,109,0,0,-2,-4376,3,7538
2025/9/18,1:00,7386,782,3452,5283,24,324,1079,110,646,0,0,91,0,0,-2,-4406,3,7386
2025/9/18,1:30,7277,788,3336,5298,24,325,1075,111,647,0,0,105,0,0,-3,-4432,3,7277
2025/9/18,2:00,7269,784,3372,5280,24,321,1082,111,648,0,0,108,0,0,-2,-4462,3,7269
2025/9/18,2:30,7321,788,3434,5285,24,324,1086,111,651,0,0,141,0,0,-2,-4524,3,7321
2025/9/18,3:00,7421,784,3526,5291,24,323,1090,109,650,0,0,176,0,0,-1,-4554,3,7421
2025/9/18,3:30,7443,786,3546,5275,24,321,1085,111,649,0,0,224,0,0,-1,-4580,3,7443
2025/9/18,4:00,7531,784,3600,5285,25,325,1080,111,650,0,0,221,0,0,-2,-4550,2,7531
2025/9/18,4:30,7606,790,3700,5281,26,322,1079,111,650,0,0,168,0,0,0,-4524,3,7606
2025/9/18,5:00,7715,782,3874,5215,27,322,1073,111,648,2,0,157,0,0,-1,-4498,3,7715
2025/9/18,5:30,7699,784,3792,5255,27,320,1002,108,644,127,0,149,0,0,-1,-4512,4,7699
2025/9/18,6:00,7798,784,3738,5162,27,316,1025,110,641,319,0,158,0,0,-2,-4486,6,7798
2025/9/18,6:30,8155,788,3892,5150,27,311,997,109,632,492,0,180,0,0,-3,-4438,18,8155
2025/9/18,7:00,8466,784,3872,5216,28,293,1017,108,631,682,0,189,0,0,-2,-4374,22,8466
2025/9/18,7:30,8970,784,4208,5302,29,293,1024,109,630,798,0,203,0,0,-16,-4414,20,8970
2025/9/18,8:00,9441,784,4486,5415,30,304,1036,109,626,1105,0,177,0,0,-5,-4642,16,9441
2025/9/18,8:30,10100,786,4848,5509,32,390,1102,110,637,1320,0,145,0,0,-2,-4790,13,10100
2025/9/18,9:00,10343,784,4812,5568,34,390,1192,114,651,1564,0,156,0,0,3,-4940,15,10343
2025/9/18,9:30,10442,782,4844,5564,34,388,1205,114,650,1631,0,154,0,0,4,-4946,18,10442
2025/9/18,10:00,10445,782,4404,5560,35,391,1269,116,659,2009,0,101,0,0,-11,-4886,16,10445
2025/9/18,10:30,10459,784,4128,5556,35,407,1359,116,659,2170,0,107,0,0,-3,-4874,15,10459
2025/9/18,11:00,10478,786,4010,5504,34,410,1426,115,652,2256,0,118,0,0,-8,-4836,11,10478
2025/9/18,11:30,10352,782,3702,5367,34,412,1509,113,658,2327,0,167,0,0,-15,-4718,14,10352
2025/9/18,12:00,9871,784,3360,4927,33,323,1573,116,667,2629,0,269,0,0,-63,-4760,13,9871
2025/9/18,12:30,9738,782,3270,4557,32,337,1549,115,659,2854,0,488,0,0,-42,-4870,7,9738
2025/9/18,13:00,10172,788,3360,4711,32,434,1549,115,657,2577,0,671,0,0,-16,-4720,14,10172
2025/9/18,13:30,10246,784,3524,4781,33,437,1555,116,663,2257,0,771,0,0,-5,-4678,8,10246
2025/9/18,14:00,10224,788,3644,4908,32,437,1532,115,654,2071,0,798,0,0,-1,-4766,12,10224
2025/9/18,14:30,10178,788,3774,5307,33,439,1500,111,641,1639,0,749,0,0,-3,-4808,8,10178
2025/9/18,15:00,10001,786,3754,5592,33,441,1530,114,652,1248,0,756,0,0,-2,-4916,13,10001
2025/9/18,15:30,10029,786,3760,5814,31,440,1524,115,649,992,0,774,0,0,15,-4884,13,10029
2025/9/18,16:00,9968,778,3842,5859,31,442,1514,113,644,701,0,747,0,0,12,-4732,17,9968
2025/9/18,16:30,9823,786,4078,5978,30,448,1527,113,645,323,0,699,0,0,14,-4826,8,9823
2025/9/18,17:00,9625,784,4452,6059,30,443,1534,113,646,95,0,670,0,0,17,-5236,18,9625
2025/9/18,17:30,9612,784,4762,6012,30,442,1548,111,653,0,0,602,0,0,12,-5360,16,9612
2025/9/18,18:00,9480,788,4830,5920,32,383,1551,113,654,0,0,556,0,0,13,-5380,20,9480
2025/9/18,18:30,9345,780,4776,5856,31,428,1557,114,652,0,0,491,0,0,13,-5372,19,9345
2025/9/18,19:00,8988,784,4126,5805,30,424,1562,113,655,0,0,402,0,0,1,-4934,20,8988
2025/9/18,19:30,8788,788,4110,5776,30,427,1560,113,653,0,0,351,0,0,0,-5032,12,8788
2025/9/18,20:00,8577,782,4162,5741,28,426,1502,113,652,0,0,293,0,0,-2,-5138,18,8577
2025/9/18,20:30,8394,786,4068,5682,27,429,1488,113,651,0,0,255,0,0,-1,-5118,14,8394
2025/9/18,21:00,8145,780,3878,5529,27,427,1457,111,654,0,0,248,0,0,-1,-4978,13,8145
2025/9/18,21:30,7875,788,3692,5474,26,356,1428,113,655,0,0,228,0,0,-1,-4890,6,7875
2025/9/18,22:00,7700,786,3360,5381,24,334,1365,114,654,0,0,200,0,0,-11,-4522,15,7700
2025/9/18,22:30,7568,784,3336,5331,24,329,1333,114,657,0,0,183,0,0,8,-4544,13,7568
2025/9/18,23:00,7478,786,3612,5313,24,332,1272,114,657,0,0,154,0,0,34,-4826,6,7478
2025/9/18,23:30,7202,784,3434,5202,23,326,1244,114,657,0,0,156,0,0,12,-4754,4,7202
2025/9/19,0:00,7048,784,2932,5170,22,327,1311,114,670,0,0,161,0,0,-2,-4444,3,7048
2025/9/19,0:30,6882,786,2604,5171,22,326,1323,114,669,0,0,147,0,0,-2,-4280,2,6882
2025/9/19,1:00,6855,782,2846,5162,21,327,1325,112,669,0,0,147,0,0,-2,-4538,4,6855
2025/9/19,1:30,6749,788,2814,5141,21,330,1345,114,671,0,0,139,0,0,-3,-4614,3,6749
2025/9/19,2:00,6771,782,2556,5096,21,329,1349,114,669,0,0,153,0,0,-1,-4300,3,6771
2025/9/19,2:30,6750,786,2502,5070,22,328,1352,114,668,0,0,133,0,0,-2,-4226,3,6750
2025/9/19,3:00,6900,784,2584,4968,21,328,1359,114,666,0,0,122,0,0,-2,-4046,2,6900
2025/9/19,3:30,7028,790,2908,4854,22,326,1338,115,668,0,0,119,0,0,-1,-4114,3,7028
2025/9/19,4:00,7103,778,3186,4671,23,327,1316,114,671,0,0,107,0,0,0,-4092,2,7103
2025/9/19,4:30,7295,788,3338,4568,24,327,1320,114,672,0,0,99,0,0,-1,-3956,2,7295
2025/9/19,5:00,7396,786,3434,4593,24,328,1273,114,670,0,0,104,0,0,-1,-3932,3,7396
2025/9/19,5:30,7370,788,3712,4334,25,324,1168,111,660,177,0,118,0,0,-1,-4050,4,7370
2025/9/19,6:00,7327,786,3656,3993,24,321,1083,112,651,716,0,116,0,0,-1,-4136,6,7327
2025/9/19,6:30,7428,782,3090,3876,24,275,1073,111,619,1631,0,101,0,0,-3,-4168,17,7428
2025/9/19,7:00,7588,784,2922,3439,23,236,1067,112,550,2715,0,77,0,0,-3,-4356,22,7588
2025/9/19,7:30,7709,784,2038,3320,23,230,1085,113,506,3764,0,46,0,0,-8,-4210,18,7709
2025/9/19,8:00,8470,780,2450,3306,24,232,1129,115,515,4804,0,39,0,0,-1,-4940,17,8470
2025/9/19,8:30,8926,788,2470,3213,26,236,1177,118,528,5313,382,25,0,0,-2,-4980,14,8926
2025/9/19,9:00,9295,780,2584,3219,26,231,1128,115,505,5895,433,19,0,0,0,-5222,15,9295
2025/9/19,9:30,9544,786,2446,3207,26,230,1116,112,489,6374,472,13,0,0,0,-5274,19,9544
2025/9/19,10:00,9573,784,2194,3172,27,230,1132,113,473,6710,499,10,0,0,-2,-5284,14,9573
2025/9/19,10:30,9765,780,2356,3114,26,231,1123,112,459,6832,517,9,0,0,-2,-5292,17,9765
2025/9/19,11:00,9819,786,2334,3126,27,236,1121,112,460,6931,523,13,0,0,-1,-5338,12,9819
2025/9/19,11:30,9797,780,2328,3053,28,232,1133,112,460,6850,520,22,0,0,-3,-5212,14,9797
2025/9/19,12:00,9514,788,2276,2943,28,231,1139,112,463,6705,511,27,0,0,-28,-5182,12,9514
2025/9/19,12:30,9419,784,2118,2983,28,234,1157,110,465,6481,493,36,0,0,-41,-4946,10,9419
2025/9/19,13:00,9761,780,2384,3217,28,252,1161,113,466,5957,465,38,0,0,9,-4658,14,9761
2025/9/19,13:30,10034,786,2814,3209,27,252,1115,111,498,5881,0,44,0,0,24,-4736,9,10034
2025/9/19,14:00,10019,788,3256,3407,27,256,1162,112,584,5178,0,51,0,0,-1,-4814,13,10019
2025/9/19,14:30,9881,786,3444,3662,29,251,1177,112,623,4210,0,57,0,0,17,-4506,19,9881
2025/9/19,15:00,9820,786,3586,3722,29,259,1217,110,630,3236,0,57,0,0,2,-3828,14,9820
2025/9/19,15:30,9670,784,3874,3982,29,325,1234,111,632,2274,0,56,0,0,-35,-3610,14,9670
2025/9/19,16:00,9688,782,4348,4285,30,421,1259,109,638,1343,0,63,0,0,-34,-3578,22,9688
2025/9/19,16:30,9627,784,4578,4791,31,426,1259,111,641,613,0,68,0,0,-17,-3674,16,9627
2025/9/19,17:00,9278,788,4424,5006,30,430,1285,113,662,166,0,87,0,0,-1,-3732,20,9278
2025/9/19,17:30,9327,782,4474,5266,31,430,1305,113,674,1,0,93,0,0,-5,-3854,17,9327
2025/9/19,18:00,9218,786,4608,5419,32,428,1305,114,673,0,0,82,0,0,-1,-4252,24,9218
2025/9/19,18:30,9029,784,4308,5474,32,425,1304,114,672,0,0,89,0,0,8,-4202,21,9029
2025/9/19,19:00,8855,782,4258,5358,32,425,1306,112,672,0,0,112,0,0,34,-4252,16,8855
2025/9/19,19:30,8556,788,4306,5153,31,342,1304,114,674,0,0,169,0,0,23,-4360,12,8556
2025/9/19,20:00,8401,782,4142,5000,30,330,1248,113,672,0,0,194,0,0,-2,-4126,18,8401
2025/9/19,20:30,8175,788,3894,4882,29,334,1247,114,672,0,0,211,0,0,-2,-4008,14,8175
2025/9/19,21:00,7978,784,3816,4733,28,327,1200,114,680,0,0,252,0,0,-1,-3968,13,7978
2025/9/19,21:30,7705,786,3574,4616,27,332,1180,114,690,0,0,329,0,0,-1,-3948,6,7705
2025/9/19,22:00,7656,782,3924,4439,26,329,1106,114,693,0,0,373,0,0,-1,-4144,15,7656
2025/9/19,22:30,7486,786,3928,4321,25,384,1096,113,700,0,0,391,0,0,8,-4280,14,7486
2025/9/19,23:00,7418,784,4048,3988,25,377,1088,112,705,0,0,384,0,0,-1,-4100,8,7418
2025/9/19,23:30,7152,784,3838,3794,24,330,1098,114,710,0,0,379,0,0,-1,-3922,4,7152
2025/9/20,0:00,6914,786,3184,3634,24,327,1085,114,716,0,0,387,0,0,-2,-3344,3,6914
2025/9/20,0:30,6812,784,2878,3782,23,322,1090,114,715,0,0,426,0,0,-1,-3324,3,6812
2025/9/20,1:00,6721,788,2752,3813,23,320,1085,113,714,0,0,448,0,0,-2,-3336,3,6721
2025/9/20,1:30,6597,788,2622,3842,23,325,1088,113,715,0,0,426,0,0,-2,-3346,3,6597
2025/9/20,2:00,6609,782,2764,3808,23,322,1099,114,714,0,0,430,0,0,-2,-3448,3,6609
2025/9/20,2:30,6624,786,2720,3813,23,322,1097,113,712,0,0,403,0,0,-2,-3366,3,6624
2025/9/20,3:00,6754,784,2560,3813,24,320,1096,114,712,0,0,417,0,0,-1,-3088,3,6754
2025/9/20,3:30,6791,788,2504,3799,23,323,1092,112,711,0,0,444,0,0,-1,-3008,4,6791
2025/9/20,4:00,6884,784,2482,3814,24,320,1093,114,709,0,0,455,0,0,-2,-2912,3,6884
2025/9/20,4:30,6996,782,2580,3807,25,323,1089,113,710,0,0,486,0,0,-1,-2920,2,6996
2025/9/20,5:00,7011,788,2550,3855,25,328,1084,114,711,1,0,467,0,0,-1,-2914,3,7011
2025/9/20,5:30,7013,784,2594,3878,25,326,1074,112,707,78,0,458,0,0,-1,-3026,4,7013
2025/9/20,6:00,6915,788,2558,3888,24,324,1080,112,703,212,0,478,0,0,-2,-3256,6,6915
2025/9/20,6:30,6862,780,2352,3806,24,322,1080,112,707,425,0,477,0,0,-4,-3232,13,6862
2025/9/20,7:00,6927,786,2190,3812,24,320,1102,113,709,749,0,479,0,0,2,-3380,21,6927
2025/9/20,7:30,7108,784,2154,3906,25,320,1134,112,717,967,0,458,0,0,-1,-3486,18,7108
2025/9/20,8:00,7370,788,2770,3903,26,321,1120,114,717,1126,0,418,0,0,-4,-3946,17,7370
2025/9/20,8:30,7607,782,2784,3891,27,320,1153,116,726,1229,0,391,0,0,-5,-3820,13,7607
2025/9/20,9:00,7766,784,2576,3921,28,314,1175,117,735,1387,0,377,0,0,1,-3664,15,7766
2025/9/20,9:30,7864,788,2306,4001,29,311,1196,119,741,1699,0,408,0,0,-20,-3732,18,7864
2025/9/20,10:00,7813,782,2046,3806,28,301,1188,118,736,1996,0,519,0,0,-29,-3702,24,7813
2025/9/20,10:30,7946,784,2294,3498,28,303,1188,118,738,2257,0,588,0,0,-21,-3846,17,7946
2025/9/20,11:00,8018,786,2366,3376,29,300,1204,116,746,2338,0,530,0,0,-20,-3772,19,8018
2025/9/20,11:30,7959,786,2610,3459,28,303,1202,118,745,2001,0,567,0,0,-28,-3850,18,7959
2025/9/20,12:00,7889,786,2766,3622,27,305,1172,117,742,1722,0,563,0,0,-55,-3898,20,7889
2025/9/20,12:30,7779,780,2872,3733,26,302,1177,117,738,1485,0,542,0,0,-53,-3956,16,7779
2025/9/20,13:00,7972,790,2934,3886,27,304,1185,116,737,1364,0,577,0,0,-25,-3940,17,7972
2025/9/20,13:30,8001,782,2960,3909,28,303,1179,115,727,1206,0,644,0,0,3,-3872,17,8001
2025/9/20,14:00,8054,786,3080,4056,29,309,1173,112,716,933,0,715,0,0,-6,-3864,15,8054
2025/9/20,14:30,7953,782,3074,4099,29,305,1172,112,713,727,0,840,0,0,-2,-3916,18,7953
2025/9/20,15:00,7960,786,3252,4080,30,303,1207,113,710,486,0,942,0,0,2,-3964,13,7960
2025/9/20,15:30,7983,788,3522,4145,29,309,1222,112,707,267,0,959,0,0,-2,-4092,17,7983
2025/9/20,16:00,8074,784,3486,4198,29,305,1280,111,705,128,0,1015,0,0,12,-3996,17,8074
2025/9/20,16:30,8139,784,3532,4237,29,324,1302,111,703,56,0,983,0,0,13,-3942,7,8139
2025/9/20,17:00,8240,784,3460,4359,29,404,1306,110,705,22,0,1080,0,0,15,-4050,16,8240
2025/9/20,17:30,8267,792,3366,4399,30,405,1322,109,713,0,0,1217,0,0,18,-4120,16,8267
2025/9/20,18:00,8202,780,3290,4339,30,410,1323,111,702,0,0,1247,0,0,48,-4098,20,8202
2025/9/20,18:30,8104,790,3270,4205,31,409,1331,111,703,0,0,1271,0,0,43,-4076,16,8104
2025/9/20,19:00,7896,780,3010,4151,30,412,1322,111,704,0,0,1342,0,0,12,-3994,16,7896
2025/9/20,19:30,7775,790,2984,4159,29,406,1317,110,702,0,0,1315,0,0,2,-4050,11,7775
2025/9/20,20:00,7615,784,3154,3986,28,322,1269,111,701,0,0,1279,0,0,-2,-4032,15,7615
2025/9/20,20:30,7440,782,3440,3526,27,324,1272,108,697,0,0,1422,0,0,-1,-4170,13,7440
2025/9/20,21:00,7297,784,3492,3161,26,404,1193,111,697,0,0,1417,0,0,-2,-3998,12,7297
2025/9/20,21:30,7107,788,3396,3122,25,314,1188,110,700,0,0,1365,0,0,-1,-3906,6,7107
2025/9/20,22:00,7040,784,2846,3274,24,308,1179,111,700,0,0,1431,0,0,-1,-3630,14,7040
2025/9/20,22:30,6922,784,2870,3302,23,309,1181,110,702,0,0,1196,0,0,-2,-3564,11,6922
2025/9/20,23:00,6871,784,2856,3389,23,305,1173,109,698,0,0,1071,0,0,-1,-3542,6,6871
2025/9/20,23:30,6688,786,2604,3379,23,310,1149,111,695,0,0,1155,0,0,-2,-3526,4,6688
2025/9/21,0:00,6588,786,2384,3422,22,307,1139,110,695,0,0,1107,0,0,-1,-3386,3,6588
2025/9/21,0:30,6410,786,2194,3443,22,302,1144,111,697,0,0,1066,0,0,-2,-3356,3,6410
2025/9/21,1:00,6345,786,2296,3447,22,306,1135,111,702,0,0,982,0,0,-2,-3442,2,6345
2025/9/21,1:30,6297,784,2234,3453,22,304,1138,111,700,0,0,915,0,0,-2,-3364,2,6297
2025/9/21,2:00,6336,790,2242,3233,22,302,1165,109,703,0,0,972,0,0,-2,-3204,4,6336
2025/9/21,2:30,6379,782,2340,3124,22,303,1159,111,702,0,0,1091,0,0,-2,-3256,3,6379
2025/9/21,3:00,6455,786,2244,3118,22,302,1143,111,701,0,0,1317,0,0,-2,-3290,3,6455
2025/9/21,3:30,6641,786,2456,3029,22,307,1152,111,702,0,0,1505,0,0,-1,-3430,2,6641
2025/9/21,4:00,6667,786,2802,2827,23,303,1167,112,701,0,0,1525,0,0,0,-3582,3,6667
2025/9/21,4:30,6810,784,3014,2667,23,315,1178,111,700,0,0,1547,0,0,-1,-3530,2,6810
2025/9/21,5:00,6784,782,3208,2439,24,307,1247,112,694,0,0,1510,0,0,0,-3542,3,6784
2025/9/21,5:30,6793,786,3424,2352,24,301,1236,108,644,133,0,1503,0,0,-2,-3720,4,6793
2025/9/21,6:00,6588,790,2902,2249,23,266,1270,111,566,668,0,1427,0,0,0,-3692,8,6588
2025/9/21,6:30,6486,786,2390,2061,23,225,1274,110,520,1339,0,1364,0,0,-7,-3610,11,6486
2025/9/21,7:00,6509,780,1652,1920,23,222,1277,111,521,2008,0,1392,0,0,-3,-3414,20,6509
2025/9/21,7:30,6763,788,1694,1804,23,224,1284,111,519,2623,6,1159,219,0,1,-3484,17,6763
2025/9/21,8:00,6835,788,2092,1735,23,224,1290,110,518,2800,669,1118,387,0,-3,-3876,16,6835
2025/9/21,8:30,6956,782,1754,1524,24,225,1297,110,516,3514,730,1128,376,0,0,-3930,12,6956
2025/9/21,9:00,7205,784,1370,1465,24,224,1299,108,514,4070,1106,958,480,0,-4,-3622,15,7205
2025/9/21,9:30,7364,786,1364,1459,24,222,1290,110,502,4447,1235,892,498,0,0,-3750,18,7364
2025/9/21,10:00,7436,784,1764,1474,26,222,1292,110,492,4279,1522,684,779,0,-15,-3692,16,7436
2025/9/21,10:30,7391,786,1932,1496,26,220,1292,111,483,4026,1570,640,762,0,-18,-3618,15,7391
2025/9/21,11:00,7388,784,1892,1502,25,225,1300,110,484,4044,1584,613,751,0,-18,-3584,11,7388
2025/9/21,11:30,7456,784,2090,1499,24,220,1297,111,481,3894,1581,618,713,0,-18,-3558,14,7456
2025/9/21,12:00,7432,788,2296,1637,24,222,1313,111,490,3560,1476,621,712,0,-16,-3626,12,7432
2025/9/21,12:30,7423,786,2360,1906,25,219,1342,111,499,3325,1420,697,604,0,-19,-3836,8,7423
2025/9/21,13:00,7344,782,1772,2117,24,223,1358,114,503,3413,1212,1043,324,0,-53,-3966,14,7344
2025/9/21,13:30,7366,788,1460,2108,24,225,1348,112,500,3449,919,1296,144,0,-9,-3942,7,7366
2025/9/21,14:00,7364,786,1976,2251,25,219,1390,114,502,3167,812,1252,145,0,-9,-4322,13,7364
2025/9/21,14:30,7272,788,2004,2476,25,223,1378,113,499,2830,724,1177,145,0,0,-4260,19,7272
2025/9/21,15:00,7322,780,2128,2835,25,222,1394,113,495,2289,564,1138,149,0,-1,-4108,12,7322
2025/9/21,15:30,7286,788,2490,2940,25,226,1365,111,529,1710,432,1097,147,0,2,-4010,13,7286
2025/9/21,16:00,7360,788,2478,3137,26,273,1390,109,614,1364,0,1082,0,0,-6,-3912,17,7360
2025/9/21,16:30,7322,784,2798,3254,27,300,1384,111,671,687,0,1058,0,0,5,-3768,11,7322
2025/9/21,17:00,7543,784,3162,3466,27,306,1423,113,696,165,0,986,0,0,-18,-3586,19,7543
2025/9/21,17:30,7819,788,3476,3830,28,309,1434,113,699,3,0,932,0,0,10,-3818,15,7819
2025/9/21,18:00,7840,784,3222,4280,29,301,1434,114,703,0,0,866,0,0,12,-3924,19,7840
2025/9/21,18:30,7772,788,2982,4319,30,304,1436,114,704,0,0,840,0,0,13,-3774,16,7772
2025/9/21,19:00,7589,784,2926,4285,28,305,1428,113,705,0,0,804,0,0,13,-3818,16,7589
2025/9/21,19:30,7472,784,3048,4246,28,305,1422,111,702,0,0,685,0,0,13,-3884,12,7472
2025/9/21,20:00,7335,788,3116,4215,27,302,1355,114,703,0,0,547,0,0,1,-3848,15,7335
2025/9/21,20:30,7085,784,2786,4103,27,304,1323,113,705,0,0,503,0,0,-2,-3574,13,7085
2025/9/21,21:00,6984,788,2736,3977,26,300,1283,114,708,0,0,414,0,0,-1,-3374,13,6984
2025/9/21,21:30,6777,782,2642,3838,25,301,1274,113,708,0,0,338,0,0,-2,-3248,6,6777
2025/9/21,22:00,6736,788,2668,3761,24,299,1203,114,708,0,0,321,0,0,-1,-3164,15,6736
2025/9/21,22:30,6530,784,2524,3693,23,305,1185,113,708,0,0,273,0,0,-2,-3088,12,6530
2025/9/21,23:00,6523,788,2616,3657,23,301,1165,114,708,0,0,228,0,0,-2,-3082,7,6523
2025/9/21,23:30,6305,784,2426,3597,22,304,1178,111,714,0,0,214,0,0,-1,-3048,4,6305
2025/9/22,0:00,6196,786,2260,3591,21,304,1149,114,718,0,0,207,0,0,-1,-2956,3,6196
2025/9/22,0:30,6101,784,2254,3625,22,302,1120,114,721,0,0,217,0,0,-3,-3058,3,6101
2025/9/22,1:00,6047,788,2386,3612,21,303,1115,114,722,0,0,202,0,0,-2,-3216,2,6047
2025/9/22,1:30,6026,784,2504,3591,21,304,1113,114,723,0,0,175,0,0,-3,-3302,2,6026
2025/9/22,2:00,6061,784,2570,3571,21,305,1119,114,724,0,0,183,0,0,-2,-3330,2,6061
2025/9/22,2:30,6139,788,2672,3562,21,305,1116,114,725,0,0,180,0,0,-1,-3346,3,6139
2025/9/22,3:00,6296,788,2680,3539,22,305,1103,114,722,0,0,170,0,0,-1,-3148,2,6296
2025/9/22,3:30,6342,784,2556,3514,22,307,1107,114,722,0,0,159,0,0,-1,-2944,2,6342
2025/9/22,4:00,6515,786,2618,3498,22,305,1104,112,724,0,0,139,0,0,-2,-2794,3,6515
2025/9/22,4:30,6668,790,2642,3502,24,307,1104,114,723,0,0,117,0,0,-1,-2656,2,6668
2025/9/22,5:00,6827,782,2738,3495,24,301,1117,114,724,0,0,123,0,0,8,-2602,3,6827
2025/9/22,5:30,6796,788,2620,3422,25,302,1075,113,710,184,0,134,0,0,34,-2614,3,6796
2025/9/22,6:00,6773,784,2768,3338,24,297,1065,112,703,767,0,122,0,0,21,-3234,6,6773
2025/9/22,6:30,6850,788,2090,3114,23,261,1069,111,671,1737,0,103,0,0,-2,-3128,13,6850
2025/9/22,7:00,6935,782,1848,2762,23,220,1061,112,593,2946,0,74,0,0,-2,-3502,18,6935
2025/9/22,7:30,7244,786,1556,2389,23,222,1059,112,554,3827,294,38,0,0,-2,-3340,20,7244
2025/9/22,8:00,7778,786,2084,2105,25,218,1084,112,551,4732,369,23,0,0,2,-3960,16,7778
2025/9/22,8:30,8264,784,2224,1971,26,221,1089,112,557,5427,425,23,0,0,-16,-4168,14,8264
2025/9/22,9:00,8622,784,2082,1963,26,220,1072,113,556,5966,480,19,0,0,-4,-4190,15,8622
2025/9/22,9:30,8846,788,2176,1807,27,220,1050,112,538,6333,512,15,0,0,-14,-4224,18,8846
2025/9/22,10:00,8937,782,1936,1566,26,225,1035,119,521,6541,532,11,0,0,-18,-3822,15,8937
2025/9/22,10:30,9053,782,2068,1490,26,221,1042,118,513,6568,543,9,0,0,-17,-3782,15,9053
2025/9/22,11:00,9136,782,2246,1489,28,219,1042,117,514,6586,546,10,0,0,-15,-3894,12,9136
2025/9/22,11:30,9212,790,2398,1504,29,219,1032,118,516,6424,539,18,0,0,-18,-3832,14,9212
2025/9/22,12:00,8844,782,2272,1626,28,217,1047,117,517,6228,526,28,0,0,-39,-3990,11,8844
2025/9/22,12:30,8807,788,2474,1803,28,220,1053,116,518,5851,503,44,0,0,-48,-4046,6,8807
2025/9/22,13:00,9108,784,2860,2094,28,220,1051,118,516,5745,0,58,0,0,-8,-4372,14,9108
2025/9/22,13:30,9240,782,2912,2348,27,218,1100,120,568,5375,0,84,0,0,2,-4304,8,9240
2025/9/22,14:00,9341,788,3408,2645,29,222,1072,117,627,4500,0,81,0,0,-20,-4140,12,9341
2025/9/22,14:30,9094,784,3420,2986,29,263,1076,118,678,3543,0,96,0,0,-6,-3904,11,9094
2025/9/22,15:00,9032,788,3694,3308,29,305,1109,118,694,2660,0,109,0,0,-3,-3792,13,9032
2025/9/22,15:30,9117,782,4166,3654,28,394,1121,117,694,1785,0,113,0,0,0,-3750,13,9117
2025/9/22,16:00,9085,786,4344,3889,29,395,1153,118,698,1101,0,116,0,0,14,-3574,16,9085
2025/9/22,16:30,8910,786,4350,3999,29,397,1191,117,706,556,0,101,0,0,13,-3346,11,8910
2025/9/22,17:00,8780,786,4342,4068,29,395,1199,120,716,128,0,68,0,0,14,-3104,19,8780
2025/9/22,17:30,8897,786,4538,4140,30,399,1208,120,714,0,0,46,0,0,12,-3112,16,8897
2025/9/22,18:00,8844,782,4452,4250,31,396,1205,120,716,0,0,39,0,0,12,-3178,19,8844
2025/9/22,18:30,8584,792,4154,4308,31,398,1199,120,720,0,0,38,0,0,13,-3206,17,8584
2025/9/22,19:00,8616,782,4232,4434,31,350,1199,120,718,0,0,48,0,0,12,-3326,16,8616
2025/9/22,19:30,8197,784,3790,4417,30,297,1194,120,718,0,0,54,0,0,1,-3220,12,8197
2025/9/22,20:00,7985,784,3692,4308,29,296,1154,118,718,0,0,63,0,0,0,-3194,17,7985
2025/9/22,20:30,7834,790,3644,4195,28,300,1149,120,715,0,0,96,0,0,-1,-3216,14,7834
2025/9/22,21:00,7577,784,3480,4014,27,310,1108,120,719,0,0,150,0,0,11,-3158,12,7577
2025/9/22,21:30,7399,788,3294,3927,25,303,1107,120,719,0,0,193,0,0,43,-3126,6,7399
2025/9/22,22:00,7276,782,3170,3874,25,302,1086,121,725,0,0,240,0,0,37,-3100,14,7276
2025/9/22,22:30,7115,786,3188,3820,24,299,1080,120,722,0,0,264,0,0,4,-3204,12,7115
2025/9/22,23:00,7023,786,3284,3787,24,294,1072,120,725,0,0,227,0,0,8,-3310,6,7023
2025/9/22,23:30,6840,786,3230,3705,24,298,1084,121,725,0,0,188,0,0,2,-3326,3,6840
2025/9/23,0:00,6635,784,2408,3639,22,297,1071,117,726,0,0,166,0,0,-1,-2596,2,6635
2025/9/23,0:30,6559,790,2386,3676,22,295,1071,120,727,0,0,174,0,0,-2,-2702,2,6559
2025/9/23,1:00,6421,782,2428,3670,22,296,1077,121,727,0,0,196,0,0,-2,-2898,2,6421
2025/9/23,1:30,6404,788,2434,3664,22,295,1073,120,732,0,0,204,0,0,-2,-2928,2,6404
2025/9/23,2:00,6397,784,2212,3635,22,295,1066,120,730,0,0,187,0,0,-2,-2656,4,6397
2025/9/23,2:30,6503,788,2188,3667,22,291,1072,121,730,0,0,179,0,0,-1,-2558,4,6503
2025/9/23,3:00,6603,788,2220,3617,22,297,1074,120,731,0,0,180,0,0,-2,-2446,2,6603
2025/9/23,3:30,6777,786,2406,3627,22,294,1072,119,730,0,0,188,0,0,-1,-2468,2,6777
2025/9/23,4:00,6871,780,2674,3585,23,293,1075,121,728,0,0,181,0,0,-1,-2592,4,6871
2025/9/23,4:30,6989,790,2992,3360,24,294,1077,120,729,0,0,204,0,0,-1,-2602,2,6989
2025/9/23,5:00,7050,786,3274,3223,25,297,1071,121,730,0,0,239,0,0,-1,-2718,3,7050
2025/9/23,5:30,6978,786,3400,3029,25,296,1057,120,726,156,0,238,0,0,-2,-2856,3,6978
2025/9/23,6:00,6894,786,3372,2881,24,292,1031,118,711,666,0,224,0,0,-3,-3216,8,6894
2025/9/23,6:30,6922,786,2886,2647,23,296,1032,118,712,1397,0,197,0,0,0,-3184,12,6922
2025/9/23,7:00,6943,788,2606,2416,23,255,1048,118,714,2511,0,173,0,0,-3,-3726,20,6943
2025/9/23,7:30,7046,784,1900,2082,23,220,1047,116,703,3629,0,145,0,0,-9,-3612,18,7046
2025/9/23,8:00,7483,788,1694,1796,25,219,1045,118,670,4513,0,103,0,0,-4,-3500,16,7483
2025/9/23,8:30,7844,782,2124,1678,26,221,1081,119,599,5065,0,88,0,0,-5,-3946,12,7844
2025/9/23,9:00,8138,788,2524,1692,26,216,1111,121,555,4952,450,87,0,0,-1,-3950,17,8138
2025/9/23,9:30,8102,784,2520,1712,26,221,1090,120,528,4853,478,73,0,0,-16,-3828,19,8102
2025/9/23,10:00,8192,784,2450,1836,25,216,1068,119,506,5106,475,63,0,0,-27,-3970,16,8192
2025/9/23,10:30,8264,786,2362,1920,25,217,1071,119,496,5238,479,64,0,0,-23,-4026,15,8264
2025/9/23,11:00,8353,790,2172,1945,24,220,1075,117,497,5498,209,69,0,0,-25,-4048,19,8353
2025/9/23,11:30,8461,784,2310,1958,25,217,1065,118,494,5465,213,70,0,0,-26,-4036,17,8461
2025/9/23,12:00,8244,780,2080,1947,25,222,1020,118,484,5574,0,61,0,0,-55,-4028,16,8244
2025/9/23,12:30,8254,790,2234,2029,25,217,1048,119,494,5377,0,63,0,0,-53,-4102,13,8254
2025/9/23,13:00,8379,786,2150,2081,25,220,1085,119,498,5325,0,60,0,0,-13,-3972,15,8379
2025/9/23,13:30,8515,782,2376,2216,26,222,1090,119,545,4968,0,70,0,0,-2,-3912,15,8515
2025/9/23,14:00,8465,784,2524,2408,27,221,1087,115,614,4490,0,95,0,0,-3,-3916,19,8465
2025/9/23,14:30,8437,790,2512,2746,27,266,1095,117,655,4017,0,96,0,0,-3,-3902,21,8437
2025/9/23,15:00,8300,790,2930,2986,27,300,1152,123,670,3165,0,115,0,0,-5,-3970,17,8300
2025/9/23,15:30,8490,780,3680,3368,28,304,1180,124,686,2266,0,143,0,0,7,-4098,22,8490
2025/9/23,16:00,8428,786,3912,3787,27,299,1218,125,694,1316,0,159,0,0,13,-3926,18,8428
2025/9/23,16:30,8433,788,3782,4203,29,377,1243,124,695,565,0,160,0,0,9,-3558,16,8433
2025/9/23,17:00,8419,786,3362,4411,29,396,1272,126,706,114,0,184,0,0,14,-3000,19,8419
2025/9/23,17:30,8634,786,3636,4490,30,381,1289,125,711,0,0,212,0,0,12,-3056,18,8634
2025/9/23,18:00,8592,782,3478,4510,31,307,1289,127,715,0,0,230,0,0,38,-2936,21,8592
2025/9/23,18:30,8507,790,3532,4456,31,294,1293,127,720,0,0,220,0,0,24,-3000,20,8507
2025/9/23,19:00,8271,784,3488,4471,30,297,1287,127,723,0,0,218,0,0,11,-3182,17,8271
2025/9/23,19:30,8146,786,3412,4440,30,291,1288,127,726,0,0,243,0,0,12,-3220,11,8146
2025/9/23,20:00,7950,782,3356,4249,28,290,1230,127,717,0,0,308,0,0,13,-3166,16,7950
2025/9/23,20:30,7810,788,3442,4114,28,287,1212,127,717,0,0,342,0,0,-2,-3258,13,7810
2025/9/23,21:00,7601,786,3196,3948,27,287,1153,124,709,0,0,373,0,0,-2,-3012,12,7601
2025/9/23,21:30,7412,784,3200,3840,25,291,1143,127,701,0,0,357,0,0,-2,-3060,6,7412
2025/9/23,22:00,7297,786,3182,3763,25,289,1067,128,704,0,0,334,0,0,0,-2996,15,7297
2025/9/23,22:30,7096,788,3052,3729,23,286,1049,127,706,0,0,323,0,0,-2,-2996,11,7096
2025/9/23,23:00,7020,786,3114,3707,24,288,1045,127,710,0,0,287,0,0,-1,-3074,7,7020
2025/9/23,23:30,6831,784,2922,3694,23,292,1026,127,711,0,0,263,0,0,-2,-3012,3,6831
2025/9/24,0:00,6700,788,3044,3702,22,289,1011,128,710,0,0,247,0,0,-1,-3242,2,6700
2025/9/24,0:30,6464,782,2790,3686,22,292,1012,128,715,0,0,267,0,0,-2,-3230,2,6464
2025/9/24,1:00,6461,790,2636,3681,22,291,1008,128,712,0,0,326,0,0,-2,-3134,3,6461
2025/9/24,1:30,6354,784,2526,3691,21,288,1006,126,712,0,0,343,0,0,-2,-3144,3,6354
2025/9/24,2:00,6445,786,2310,3641,21,289,1001,128,714,0,0,354,0,0,-1,-2800,2,6445
2025/9/24,2:30,6528,784,2334,3522,22,290,1002,129,717,0,0,401,0,0,-2,-2674,3,6528
2025/9/24,3:00,6704,786,2658,3379,22,289,997,128,719,0,0,398,0,0,-1,-2674,3,6704
2025/9/24,3:30,6763,786,2784,3343,22,285,999,128,721,0,0,364,0,0,-1,-2670,2,6763
2025/9/24,4:00,6870,788,3090,3177,24,288,993,128,724,0,0,334,0,0,-2,-2676,2,6870
2025/9/24,4:30,7090,786,3174,3308,24,289,985,128,721,0,0,324,0,0,-1,-2650,2,7090
2025/9/24,5:00,7151,786,3190,3269,25,287,972,128,725,0,0,372,0,0,-1,-2606,4,7151
2025/9/24,5:30,7192,786,3554,3085,25,290,926,126,717,147,0,390,0,0,-1,-2856,3,7192
2025/9/24,6:00,7067,788,3526,2990,24,293,869,123,710,676,0,356,0,0,-4,-3290,6,7067
2025/9/24,6:30,7236,784,3478,2829,24,299,864,125,709,1475,0,340,0,0,-3,-3700,12,7236
2025/9/24,7:00,7339,786,3234,2471,23,262,864,125,709,2461,0,287,0,0,1,-3904,20,7339
2025/9/24,7:30,7528,782,2868,2012,23,227,861,125,712,3487,0,245,0,0,-2,-3830,18,7528
2025/9/24,8:00,8230,790,3080,1945,25,224,878,125,717,4398,0,294,0,0,-4,-4258,16,8230
2025/9/24,8:30,8697,784,2860,1854,26,228,891,126,719,5170,0,315,0,0,1,-4290,13,8697
2025/9/24,9:00,9049,788,2934,1866,27,223,909,126,719,5453,0,328,0,0,-1,-4338,15,9049
2025/9/24,9:30,9197,784,2954,1870,27,219,913,126,715,5660,0,341,0,0,-2,-4428,18,9197
2025/9/24,10:00,9205,780,2832,1859,27,218,908,123,706,5744,0,334,0,0,-2,-4340,16,9205
2025/9/24,10:30,9439,790,3032,1782,28,218,928,125,707,5818,0,342,0,0,1,-4346,14,9439
2025/9/24,11:00,9449,784,3198,1750,28,221,998,127,724,5617,0,353,0,0,-3,-4360,12,9449
2025/9/24,11:30,9464,784,3186,1803,28,220,989,126,719,5579,0,352,0,0,-6,-4330,14,9464
2025/9/24,12:00,9092,786,2786,1839,27,222,971,124,711,5644,0,358,0,0,-41,-4346,11,9092
2025/9/24,12:30,9058,788,2770,1981,28,223,980,125,715,5482,0,397,0,0,-32,-4406,7,9058
2025/9/24,13:00,9416,784,2842,2330,28,267,1012,126,719,5301,0,417,0,0,-14,-4410,14,9416
2025/9/24,13:30,9554,786,2954,2548,29,295,1033,126,727,5066,0,403,0,0,3,-4424,8,9554
2025/9/24,14:00,9605,786,3050,2960,30,305,1039,126,721,4663,0,408,0,0,1,-4496,12,9605
2025/9/24,14:30,9617,786,3560,3306,31,306,1009,124,707,3979,0,395,0,0,-3,-4590,7,9617
2025/9/24,15:00,9490,786,3756,3712,31,314,1061,123,703,3151,0,379,0,0,1,-4542,15,9490
2025/9/24,15:30,9542,782,4276,3904,31,309,1066,124,698,2159,0,355,0,0,-3,-4174,15,9542
2025/9/24,16:00,9524,784,4428,4236,31,323,1110,124,698,1208,0,387,0,0,-4,-3818,17,9524
2025/9/24,16:30,9422,786,4562,4413,31,405,1118,124,701,539,0,404,0,0,0,-3668,7,9422
2025/9/24,17:00,9175,786,4224,4476,31,401,1154,124,713,95,0,418,0,0,-1,-3264,18,9175
2025/9/24,17:30,9221,784,4350,4508,31,400,1165,126,716,1,0,464,0,0,1,-3340,15,9221
2025/9/24,18:00,9172,788,4482,4501,32,312,1169,126,716,0,0,464,0,0,34,-3472,20,9172
2025/9/24,18:30,8978,786,4256,4416,33,304,1173,127,716,0,0,488,0,0,28,-3366,17,8978
2025/9/24,19:00,8749,786,3940,4394,31,303,1152,127,719,0,0,502,0,0,-2,-3218,15,8749
2025/9/24,19:30,8570,784,3880,4356,31,300,1145,126,715,0,0,562,0,0,-1,-3340,12,8570
2025/9/24,20:00,8298,790,3960,4172,29,377,1112,127,717,0,0,600,0,0,-1,-3602,17,8298
2025/9/24,20:30,8116,784,4030,4031,29,313,1106,125,718,0,0,604,0,0,-2,-3634,12,8116
2025/9/24,21:00,7832,790,3872,3922,27,309,1023,127,719,0,0,633,0,0,-1,-3600,11,7832
2025/9/24,21:30,7650,784,3778,3893,26,311,1008,128,718,0,0,637,0,0,-1,-3638,6,7650
2025/9/24,22:00,7549,786,3994,3837,26,312,965,127,717,0,0,642,0,0,-7,-3864,14,7549
2025/9/24,22:30,7264,784,3880,3792,24,308,963,127,720,0,0,610,0,0,-7,-3950,13,7264
2025/9/24,23:00,7218,784,3666,3764,25,305,955,127,726,0,0,635,0,0,-1,-3774,6,7218
2025/9/24,23:30,6995,786,3346,3784,24,305,942,127,734,0,0,667,0,0,-1,-3722,3,6995
2025/9/25,0:00,6922,790,3098,3768,23,311,893,127,741,0,0,654,0,0,-1,-3484,2,6922
2025/9/25,0:30,6737,784,2946,3771,23,304,885,124,741,0,0,656,0,0,-2,-3498,3,6737
2025/9/25,1:00,6696,782,2828,3775,22,303,879,127,741,0,0,660,0,0,-2,-3422,3,6696
2025/9/25,1:30,6615,788,2748,3778,22,304,877,126,738,0,0,696,0,0,-1,-3464,3,6615
2025/9/25,2:00,6668,788,2778,3768,22,303,872,126,738,0,0,689,0,0,-2,-3416,2,6668
2025/9/25,2:30,6678,784,2760,3775,23,302,873,127,740,0,0,661,0,0,-2,-3368,3,6678
2025/9/25,3:00,6854,786,2924,3776,23,305,871,126,740,0,0,665,0,0,-1,-3364,3,6854
2025/9/25,3:30,6892,788,2884,3777,22,305,869,127,739,0,0,682,0,0,-1,-3302,2,6892
2025/9/25,4:00,7080,784,2908,3777,23,306,861,126,743,0,0,711,0,0,-1,-3162,4,7080
2025/9/25,4:30,7091,786,2678,3763,24,308,866,124,743,0,0,734,0,0,-1,-2936,2,7091
2025/9/25,5:00,7340,788,3078,3774,25,311,829,126,743,0,0,768,0,0,-1,-3104,3,7340
2025/9/25,5:30,7266,786,2922,3772,25,306,798,124,735,100,0,808,0,0,-1,-3112,3,7266
2025/9/25,6:00,7235,788,2974,3827,25,310,767,124,726,526,0,802,0,0,-2,-3638,6,7235
2025/9/25,6:30,7387,784,2840,3888,25,314,764,123,725,980,0,859,0,0,0,-3930,15,7387
2025/9/25,7:00,7546,786,2686,3903,25,311,755,124,726,1454,0,859,0,0,-7,-4096,20,7546
2025/9/25,7:30,7865,784,2670,3941,26,312,763,123,726,1766,0,951,0,0,0,-4214,17,7865
2025/9/25,8:00,8430,788,3284,3944,29,311,797,123,729,2072,0,949,0,0,0,-4612,16,8430
2025/9/25,8:30,8906,784,3350,3920,29,313,864,127,745,2319,0,975,0,0,2,-4534,12,8906
2025/9/25,9:00,9268,786,3412,3945,30,315,862,127,738,2530,0,1016,0,0,-4,-4504,15,9268
2025/9/25,9:30,9412,786,3410,3962,31,310,890,127,746,2523,0,991,0,0,4,-4386,18,9412
2025/9/25,10:00,9513,784,3618,3990,30,315,938,129,752,2129,0,908,0,0,-5,-4090,15,9513
2025/9/25,10:30,9481,790,3382,4049,31,315,953,129,753,2044,0,902,0,0,-7,-3874,14,9481
2025/9/25,11:00,9567,782,2782,3997,33,316,1046,128,765,2477,0,921,0,0,1,-3692,11,9567
2025/9/25,11:30,9583,788,3056,3988,32,316,1071,131,767,2191,0,920,0,0,1,-3692,14,9583
2025/9/25,12:00,9142,784,3394,4059,30,321,1078,130,769,1813,0,907,0,0,-13,-4140,10,9142
2025/9/25,12:30,9033,788,3264,4048,30,322,1099,130,767,1789,0,857,0,0,-33,-4034,6,9033
2025/9/25,13:00,9430,782,3668,4026,31,318,1102,130,759,1751,0,993,0,0,-41,-4102,13,9430
2025/9/25,13:30,9530,786,3828,4073,31,326,1108,128,760,1511,0,1032,0,0,-7,-4054,8,9530
2025/9/25,14:00,9618,786,4094,4166,31,323,1099,125,753,1473,0,1032,0,0,-2,-4274,12,9618
2025/9/25,14:30,9588,786,4310,4223,31,314,1046,124,738,1347,0,956,0,0,0,-4294,7,9588
2025/9/25,15:00,9466,788,4488,4204,31,329,1114,124,745,843,0,1017,0,0,-6,-4224,13,9466
2025/9/25,15:30,9623,782,4942,4244,30,412,1161,124,742,593,0,1005,0,0,1,-4426,13,9623
2025/9/25,16:00,9576,788,4512,4250,30,410,1264,124,742,398,0,1013,0,0,0,-3972,17,9576
2025/9/25,16:30,9505,788,4604,4209,30,406,1270,122,731,174,0,1072,0,0,1,-3910,8,9505
2025/9/25,17:00,9316,784,4672,4149,31,405,1289,123,729,33,0,1023,0,0,-4,-3936,18,9316
2025/9/25,17:30,9389,788,4844,4141,30,407,1315,124,737,0,0,887,0,0,1,-3900,15,9389
2025/9/25,18:00,9280,782,4698,4182,32,400,1329,124,738,0,0,765,0,0,-1,-3788,19,9280
2025/9/25,18:30,9113,788,4690,4158,30,401,1343,124,743,0,0,713,0,0,2,-3896,17,9113
2025/9/25,19:00,8869,784,4310,4133,30,314,1345,122,742,0,0,698,0,0,34,-3658,15,8869
2025/9/25,19:30,8640,788,4048,4134,29,300,1342,125,741,0,0,687,0,0,28,-3594,12,8640
2025/9/25,20:00,8438,786,3916,4065,28,307,1267,124,743,0,0,672,0,0,-1,-3486,17,8438
2025/9/25,20:30,8167,786,3872,4003,28,302,1245,125,739,0,0,646,0,0,-1,-3590,12,8167
2025/9/25,21:00,7945,786,3722,3961,26,304,1204,124,740,0,0,641,0,0,-1,-3574,12,7945
2025/9/25,21:30,7732,786,3560,3953,26,303,1171,125,736,0,0,611,0,0,-1,-3544,6,7732
2025/9/25,22:00,7591,786,3618,3944,24,304,1113,122,736,0,0,607,0,0,-2,-3676,15,7591
2025/9/25,22:30,7405,788,3470,3890,23,303,1099,125,735,0,0,615,0,0,-1,-3654,12,7405
2025/9/25,23:00,7356,786,3242,3846,24,300,1079,125,736,0,0,617,0,0,-1,-3404,6,7356
2025/9/25,23:30,7190,788,3180,3836,23,303,1060,125,738,0,0,584,0,0,-1,-3450,4,7190
2025/9/26,0:00,6968,784,2722,3822,22,300,1079,125,740,0,0,544,0,0,-2,-3170,2,6968
2025/9/26,0:30,6850,788,2598,3842,22,297,1064,125,737,0,0,526,0,0,-3,-3148,2,6850
2025/9/26,1:00,6745,786,2518,3742,21,299,1071,123,736,0,0,550,0,0,-2,-3102,3,6745
2025/9/26,1:30,6728,788,2562,3695,21,298,1074,125,735,0,0,543,0,0,-2,-3114,3,6728
2025/9/26,2:00,6774,788,2554,3679,21,298,1083,126,736,0,0,541,0,0,-2,-3052,2,6774
2025/9/26,2:30,6846,782,2640,3694,21,294,1081,126,731,0,0,527,0,0,-2,-3052,4,6846
2025/9/26,3:00,6887,788,2630,3673,22,296,1088,126,731,0,0,533,0,0,-1,-3002,3,6887
2025/9/26,3:30,7077,788,2834,3714,23,301,1084,126,728,0,0,528,0,0,-1,-3050,2,7077
2025/9/26,4:00,7097,788,2838,3688,23,295,1058,126,725,0,0,513,0,0,-1,-2958,2,7097
2025/9/26,4:30,7324,784,3126,3718,25,300,1060,124,728,0,0,464,0,0,-1,-3006,2,7324
2025/9/26,5:00,7368,784,3186,3695,26,301,1083,125,731,0,0,432,0,0,-1,-2996,2,7368
2025/9/26,5:30,7310,790,3038,3706,25,302,1064,124,727,124,0,406,0,0,-1,-2998,3,7310
2025/9/26,6:00,7203,786,2952,3706,25,301,1038,124,731,600,0,348,0,0,-3,-3410,5,7203
2025/9/26,6:30,7466,786,2926,3598,24,303,1049,123,733,1398,0,305,0,0,-6,-3788,15,7466
2025/9/26,7:00,7555,788,2652,3196,25,302,1078,124,730,2439,0,316,0,0,-1,-4114,20,7555
2025/9/26,7:30,7884,782,2274,2873,25,306,1084,123,727,3504,0,350,0,0,-4,-4178,18,7884
2025/9/26,8:00,8571,788,2808,2555,27,308,1083,124,727,4546,0,361,0,0,-1,-4770,15,8571
2025/9/26,8:30,9217,784,2730,2473,28,303,1098,122,727,5309,0,382,0,0,0,-4752,13,9217
2025/9/26,9:00,9629,786,2916,2342,28,300,1098,124,723,5668,0,412,0,0,3,-4786,15,9629
2025/9/26,9:30,9877,786,2746,2325,28,259,1090,124,720,6014,0,465,0,0,-11,-4686,17,9877
2025/9/26,10:00,9974,784,2878,1970,29,213,1101,123,721,6307,0,477,0,0,-26,-4618,15,9974
2025/9/26,10:30,10037,788,2488,1985,29,211,1100,124,720,6419,0,492,0,0,-12,-4322,15,10037
2025/9/26,11:00,10213,786,2842,1972,29,216,1088,123,717,6363,0,550,0,0,-20,-4464,11,10213
2025/9/26,11:30,10069,784,2336,1938,30,217,1086,121,719,6428,0,612,0,0,-16,-4200,14,10069
2025/9/26,12:00,9810,784,2154,1862,30,226,1077,123,716,6289,0,678,0,0,-60,-4080,11,9810
2025/9/26,12:30,9847,786,2102,2117,29,222,1075,123,716,6115,0,755,0,0,-47,-4156,10,9847
2025/9/26,13:00,10192,784,2678,2275,30,219,1113,125,715,5783,0,831,0,0,-18,-4356,13,10192
2025/9/26,13:30,10152,786,2678,2557,30,308,1146,125,720,5303,0,841,0,0,-5,-4344,7,10152
2025/9/26,14:00,10267,788,3328,2773,31,343,1149,126,720,4647,0,842,0,0,2,-4494,12,10267
2025/9/26,14:30,10210,780,3800,3096,32,350,1131,122,713,3921,0,863,0,0,-4,-4612,18,10210
2025/9/26,15:00,10076,786,4374,3217,33,350,1162,124,710,3171,0,804,0,0,-1,-4666,12,10076
2025/9/26,15:30,10141,790,4982,3672,32,363,1191,124,708,2223,0,799,0,0,-2,-4754,13,10141
2025/9/26,16:00,10018,784,5238,4050,32,442,1242,124,708,1284,0,794,0,0,14,-4712,18,10018
2025/9/26,16:30,9754,786,5056,4192,32,448,1248,124,711,577,0,812,0,0,11,-4260,17,9754
2025/9/26,17:00,9520,784,4922,4248,31,454,1295,126,726,87,0,846,0,0,12,-4030,19,9520
2025/9/26,17:30,9476,788,5064,4313,31,456,1303,125,730,1,0,828,0,0,14,-4196,19,9476
2025/9/26,18:00,9303,786,5034,4351,32,405,1300,126,732,0,0,853,0,0,12,-4348,20,9303
2025/9/26,18:30,9184,786,4990,4384,31,399,1311,126,735,0,0,865,0,0,12,-4470,15,9184
2025/9/26,19:00,8903,784,4722,4323,31,399,1307,127,735,0,0,897,0,0,12,-4450,16,8903
2025/9/26,19:30,8672,788,4798,4183,29,400,1303,126,736,0,0,840,0,0,2,-4550,17,8672
2025/9/26,20:00,8378,784,4638,4078,29,403,1250,126,736,0,0,813,0,0,-2,-4494,17,8378
2025/9/26,20:30,8214,784,4668,4033,27,311,1241,126,736,0,0,740,0,0,-2,-4464,14,8214
2025/9/26,21:00,7969,790,4556,3969,27,298,1184,124,738,0,0,729,0,0,8,-4470,16,7969
2025/9/26,21:30,7689,784,4272,3963,25,295,1148,126,735,0,0,762,0,0,3,-4430,6,7689
2025/9/26,22:00,7525,786,3724,3899,25,298,1094,126,723,0,0,857,0,0,8,-4030,15,7525
2025/9/26,22:30,7353,786,3516,3836,24,297,1060,126,718,0,0,979,0,0,-1,-4000,12,7353
2025/9/26,23:00,7197,790,3468,3709,24,300,1039,126,720,0,0,925,0,0,4,-3914,6,7197
2025/9/26,23:30,6950,780,3294,3771,23,295,1002,126,722,0,0,855,0,0,0,-3922,4,6950
2025/9/27,0:00,6830,790,3250,3779,23,301,936,126,717,0,0,778,0,0,26,-3898,2,6830
2025/9/27,0:30,6611,786,2982,3849,22,301,933,124,719,0,0,784,0,0,32,-3924,3,6611
2025/9/27,1:00,6509,786,2410,3840,21,296,926,126,721,0,0,827,0,0,0,-3446,2,6509
2025/9/27,1:30,6424,782,2344,3825,21,300,928,126,722,0,0,814,0,0,-2,-3438,2,6424
2025/9/27,2:00,6447,790,2438,3813,21,295,899,126,722,0,0,796,0,0,-2,-3454,3,6447
2025/9/27,2:30,6504,782,2706,3728,22,299,894,127,721,0,0,736,0,0,-2,-3512,3,6504
2025/9/27,3:00,6600,786,2706,3717,22,294,885,126,719,0,0,701,0,0,-2,-3356,2,6600
2025/9/27,3:30,6677,784,2844,3714,22,297,883,127,719,0,0,652,0,0,-1,-3366,2,6677
2025/9/27,4:00,6745,792,2642,3706,23,292,838,127,717,0,0,695,0,0,-1,-3088,2,6745
2025/9/27,4:30,6875,786,2950,3632,24,291,821,125,720,0,0,661,0,0,-1,-3136,2,6875
2025/9/27,5:00,6899,784,2958,3570,25,296,797,127,730,0,0,587,0,0,-14,-2964,3,6899
2025/9/27,5:30,6770,784,2812,3550,24,292,769,126,723,115,0,551,0,0,-27,-2952,3,6770
2025/9/27,6:00,6606,790,2884,3291,23,295,753,124,719,574,0,496,0,0,31,-3380,6,6606
2025/9/27,6:30,6663,786,2610,3014,22,254,766,124,717,1330,0,425,0,0,-1,-3396,12,6663
2025/9/27,7:00,6665,786,2220,2750,22,214,781,124,710,2499,0,361,0,0,-2,-3820,20,6665
2025/9/27,7:30,6746,782,1680,2462,21,221,787,123,670,3547,0,335,0,0,-6,-3894,18,6746
2025/9/27,8:00,7128,790,1748,2174,22,213,789,123,591,4624,0,343,0,0,0,-4304,15,7128
2025/9/27,8:30,7454,790,1900,1800,23,214,792,121,538,5352,0,379,0,0,-4,-4464,13,7454
2025/9/27,9:00,7643,780,1238,1753,23,216,798,123,523,5866,0,363,0,0,0,-4056,16,7643
2025/9/27,9:30,7843,788,1400,1651,24,212,816,123,514,6070,116,281,138,0,-26,-4028,18,7843
2025/9/27,10:00,7917,786,1640,1579,24,213,846,123,500,6007,414,260,149,0,-29,-4048,16,7917
2025/9/27,10:30,7995,786,1548,1577,24,214,872,123,492,6149,417,291,143,0,-21,-4078,18,7995
2025/9/27,11:00,8057,784,1438,1580,24,214,938,123,498,6190,416,285,135,0,-25,-4006,14,8057
2025/9/27,11:30,8116,788,1506,1577,24,216,944,121,507,6175,430,274,130,0,-29,-4002,15,8116
2025/9/27,12:00,8068,788,1506,1584,25,215,995,123,511,6181,421,275,143,0,-49,-4108,22,8068
2025/9/27,12:30,7943,784,1426,1585,25,214,997,123,512,6089,402,275,149,0,-53,-4050,16,7943
2025/9/27,13:00,8041,786,1302,1546,25,216,1052,123,525,6017,275,386,0,0,-23,-3930,16,8041
2025/9/27,13:30,8126,786,1738,1586,25,216,1064,124,536,5798,0,441,0,0,5,-4208,15,8126
2025/9/27,14:00,8063,782,1900,1775,25,214,1113,124,593,5297,0,449,0,0,12,-4238,17,8063
2025/9/27,14:30,8037,786,2266,2080,25,215,1102,124,671,4558,0,462,0,0,1,-4268,15,8037
2025/9/27,15:00,7952,788,2772,2476,26,215,1122,121,712,3630,0,426,0,0,-5,-4344,13,7952
2025/9/27,15:30,8008,784,3588,2892,26,270,1138,123,724,2551,0,394,0,0,0,-4500,18,8008
2025/9/27,16:00,8051,786,4178,3393,26,291,1175,124,727,1442,0,405,0,0,-4,-4508,16,8051
2025/9/27,16:30,7838,786,3938,3697,26,303,1174,123,732,562,0,419,0,0,16,-3946,8,7838
2025/9/27,17:00,7989,788,4164,3987,27,385,1207,125,747,72,0,436,0,0,15,-3980,16,7989
2025/9/27,17:30,8094,786,4198,4173,28,393,1217,126,751,0,0,418,0,0,14,-4026,16,8094
2025/9/27,18:00,8084,786,4152,4327,30,385,1211,126,742,0,0,463,0,0,45,-4202,19,8084
2025/9/27,18:30,7886,786,3966,4324,29,337,1210,124,738,0,0,441,0,0,19,-4104,16,7886
2025/9/27,19:00,7703,790,3714,4342,28,390,1208,126,736,0,0,430,0,0,13,-4090,16,7703
2025/9/27,19:30,7535,784,3576,4327,27,389,1208,126,732,0,0,425,0,0,13,-4084,12,7535
2025/9/27,20:00,7393,788,3822,4088,26,297,1150,126,740,0,0,392,0,0,1,-4052,15,7393
2025/9/27,20:30,7116,784,3572,3976,26,288,1148,126,737,0,0,385,0,0,-1,-3938,13,7116
2025/9/27,21:00,6992,788,3220,3867,25,287,1061,127,738,0,0,410,0,0,-1,-3542,12,6992
2025/9/27,21:30,6745,786,2930,3670,24,290,1058,126,734,0,0,390,0,0,-1,-3270,8,6745
2025/9/27,22:00,6709,786,3182,3775,23,341,985,127,738,0,0,411,0,0,-1,-3676,18,6709
2025/9/27,22:30,6494,784,2910,3780,22,345,951,125,738,0,0,390,0,0,-1,-3562,12,6494
2025/9/27,23:00,6472,790,2930,3707,22,296,923,127,739,0,0,389,0,0,-1,-3456,6,6472
2025/9/27,23:30,6234,782,2320,3674,21,346,911,127,739,0,0,401,0,0,-1,-3090,4,6234
2025/9/28,0:00,6082,788,2204,3674,20,293,773,127,740,0,0,377,0,0,-1,-2916,3,6082
2025/9/28,0:30,5981,784,2184,3683,21,287,777,127,743,0,0,309,0,0,-2,-2934,2,5981
2025/9/28,1:00,5903,790,2466,3697,20,286,794,127,743,0,0,284,0,0,-2,-3304,2,5903
2025/9/28,1:30,5859,780,2554,3700,20,284,801,127,744,0,0,255,0,0,-2,-3406,2,5859
2025/9/28,2:00,5921,790,2326,3693,20,284,800,127,741,0,0,233,0,0,-2,-3094,3,5921
2025/9/28,2:30,5972,790,2328,3694,20,284,801,127,741,0,0,245,0,0,-2,-3058,2,5972
2025/9/28,3:00,6133,786,2286,3657,20,282,796,125,739,0,0,260,0,0,-1,-2820,3,6133
2025/9/28,3:30,6193,784,2424,3504,21,283,790,127,740,0,0,244,0,0,0,-2726,2,6193
2025/9/28,4:00,6312,788,2658,3426,21,285,732,126,740,0,0,223,0,0,-1,-2688,2,6312
2025/9/28,4:30,6490,788,2878,3417,22,291,721,127,742,0,0,194,0,0,-2,-2690,2,6490
2025/9/28,5:00,6456,784,3030,3318,22,288,701,127,744,0,0,218,0,0,-1,-2778,3,6456
2025/9/28,5:30,6416,788,2814,3402,22,294,681,126,736,133,0,275,0,0,-1,-2858,4,6416
2025/9/28,6:00,6122,784,2938,3200,22,290,645,124,727,680,0,222,0,0,-4,-3512,6,6122
2025/9/28,6:30,6224,790,2592,3048,20,292,647,124,722,1640,0,196,0,0,-2,-3858,13,6224
2025/9/28,7:00,6176,782,2154,2462,19,253,649,122,699,2657,0,201,0,0,1,-3842,19,6176
2025/9/28,7:30,6294,788,1898,2069,19,218,651,124,607,3611,0,186,0,0,1,-3898,20,6294
2025/9/28,8:00,6478,786,1602,1733,20,216,681,124,556,4791,0,150,0,0,-3,-4194,16,6478
2025/9/28,8:30,6703,792,1472,1579,22,219,733,127,563,5171,525,126,0,0,-2,-4112,13,6703
2025/9/28,9:00,6904,780,1350,1519,22,213,694,125,552,5394,898,115,0,0,-2,-3874,16,6904
2025/9/28,9:30,7030,790,1378,1476,22,214,673,124,530,5704,961,124,0,0,-11,-4012,18,7030
2025/9/28,10:00,7107,782,1358,1446,22,212,693,124,518,5698,1262,148,0,0,-18,-3892,16,7107
2025/9/28,10:30,7265,792,1330,1471,22,213,706,123,493,5800,1292,169,0,0,-19,-3850,15,7265
2025/9/28,11:00,7313,786,1436,1455,23,212,725,121,509,5747,1302,176,0,0,-56,-3832,11,7313
2025/9/28,11:30,7423,786,1640,1457,23,214,740,123,516,5650,1296,171,0,0,-65,-3846,14,7423
2025/9/28,12:00,7469,786,1724,1475,24,211,772,124,517,5547,1278,172,0,0,-21,-3874,12,7469
2025/9/28,12:30,7459,788,1784,1642,23,215,772,123,515,5340,1219,192,0,0,-9,-3936,10,7459
2025/9/28,13:00,7455,780,1856,1731,22,211,793,123,518,5191,883,194,0,0,-21,-3958,15,7455
2025/9/28,13:30,7568,790,1664,1929,23,214,806,123,519,5391,205,173,0,0,3,-4080,13,7568
2025/9/28,14:00,7590,786,2450,2266,24,216,855,122,563,4644,0,172,0,0,-1,-4524,17,7590
2025/9/28,14:30,7635,786,3018,2642,24,247,861,121,664,3582,0,154,0,0,22,-4506,20,7635
2025/9/28,15:00,7546,788,3720,2828,25,256,926,123,725,2494,0,125,0,0,33,-4512,15,7546
2025/9/28,15:30,7537,784,4162,3143,25,273,939,123,732,1717,0,109,0,0,6,-4494,18,7537
2025/9/28,16:00,7606,788,3878,3459,25,286,984,123,739,993,0,115,0,0,-1,-3802,19,7606
2025/9/28,16:30,7608,786,3646,3784,25,290,1042,124,748,452,0,109,0,0,12,-3426,16,7608
2025/9/28,17:00,7840,786,3638,4105,27,305,1107,125,758,60,0,104,0,0,9,-3204,20,7840
2025/9/28,17:30,8142,786,3878,4272,27,385,1113,123,768,6,0,109,0,0,13,-3354,16,8142
2025/9/28,18:00,8055,786,3726,4263,29,389,1110,125,770,0,0,116,0,0,12,-3290,19,8055
2025/9/28,18:30,8020,792,3698,4285,29,387,1106,126,776,0,0,116,0,0,12,-3322,15,8020
2025/9/28,19:00,7818,782,3594,4232,28,388,1100,125,774,0,0,119,0,0,13,-3354,17,7818
2025/9/28,19:30,7674,786,3556,4189,27,383,1099,126,773,0,0,129,0,0,13,-3428,21,7674
2025/9/28,20:00,7508,786,3432,4143,26,297,1088,126,774,0,0,141,0,0,1,-3324,18,7508
2025/9/28,20:30,7275,790,3162,4039,26,287,1070,125,776,0,0,155,0,0,-1,-3168,14,7275
2025/9/28,21:00,7088,784,2948,3956,25,288,1011,124,775,0,0,160,0,0,-2,-2994,13,7088
2025/9/28,21:30,6959,784,2986,3911,24,289,954,126,776,0,0,175,0,0,-1,-3072,7,6959
2025/9/28,22:00,6826,790,3034,3889,23,292,877,125,775,0,0,275,0,0,-2,-3268,16,6826
2025/9/28,22:30,6671,788,2940,3855,22,290,871,125,775,0,0,309,0,0,-2,-3314,12,6671
2025/9/28,23:00,6620,784,3084,3841,22,293,857,125,778,0,0,286,0,0,-2,-3454,6,6620
2025/9/28,23:30,6434,788,2712,3831,22,287,847,125,775,0,0,319,0,0,-2,-3274,4,6434
2025/9/29,0:00,6291,788,2910,3841,20,291,848,125,777,0,0,310,0,0,-1,-3620,2,6291
2025/9/29,0:30,6166,788,2822,3841,21,289,844,123,776,0,0,307,0,0,-3,-3644,2,6166
2025/9/29,1:00,6107,784,2750,3854,20,292,854,125,775,0,0,316,0,0,-3,-3662,2,6107
2025/9/29,1:30,6171,788,2854,3857,20,287,861,125,776,0,0,266,0,0,-1,-3664,2,6171
2025/9/29,2:00,6163,782,2760,3841,20,287,865,125,773,0,0,233,0,0,-2,-3524,3,6163
2025/9/29,2:30,6255,792,2784,3845,21,289,868,125,773,0,0,240,0,0,-2,-3482,2,6255
2025/9/29,3:00,6428,784,2792,3848,21,294,872,125,773,0,0,237,0,0,-2,-3318,2,6428
2025/9/29,3:30,6527,788,2782,3854,21,291,881,126,774,0,0,277,0,0,-1,-3268,2,6527
2025/9/29,4:00,6700,784,2960,3849,22,291,859,123,773,0,0,302,0,0,-1,-3264,2,6700
2025/9/29,4:30,6760,790,3004,3835,23,293,870,124,772,0,0,217,0,0,-2,-3168,2,6760
2025/9/29,5:00,6917,784,3064,3844,24,297,903,125,771,0,0,283,0,0,-1,-3180,3,6917
2025/9/29,5:30,6999,792,3314,3845,24,292,925,124,769,26,0,336,0,0,-1,-3450,3,6999
2025/9/29,6:00,7039,784,3136,3842,24,295,933,123,764,133,0,407,0,0,-2,-3406,6,7039
2025/9/29,6:30,7261,788,3138,3872,24,295,946,123,767,315,0,452,0,0,-5,-3466,12,7261
2025/9/29,7:00,7491,786,3226,3860,24,301,960,123,769,561,0,511,0,0,-2,-3648,20,7491
2025/9/29,7:30,7772,784,3216,3868,25,300,951,122,762,947,0,535,0,0,-6,-3750,18,7772
2025/9/29,8:00,8331,788,3666,3906,27,307,954,122,759,1523,0,444,0,0,-2,-4178,15,8331
2025/9/29,8:30,8951,786,3890,3804,28,310,955,123,756,2145,0,422,0,0,1,-4282,13,8951
2025/9/29,9:00,9358,784,4396,3693,29,303,968,124,759,2323,0,315,0,0,4,-4354,14,9358
2025/9/29,9:30,9526,786,4466,3683,29,303,1018,125,763,2562,0,250,0,0,-1,-4476,18,9526
2025/9/29,10:00,9488,786,4530,3708,28,300,1028,126,768,2532,0,245,0,0,-6,-4574,17,9488
2025/9/29,10:30,9650,788,4532,3712,29,297,1034,123,713,2779,0,193,0,0,-8,-4556,14,9650
2025/9/29,11:00,9592,790,3954,3709,29,300,1059,125,717,3183,0,241,0,0,0,-4526,11,9592
2025/9/29,11:30,9495,782,3410,3694,29,304,1117,126,735,3551,0,279,0,0,-6,-4540,14,9495
2025/9/29,12:00,9129,788,2952,3482,28,301,1156,124,740,3699,0,300,0,0,-38,-4414,11,9129
2025/9/29,12:30,9026,786,2934,3456,28,301,1210,125,745,3682,0,290,0,0,-41,-4496,6,9026
2025/9/29,13:00,9384,784,3598,3732,29,297,1249,128,746,3183,0,330,0,0,-1,-4704,13,9384
2025/9/29,13:30,9450,784,4078,3854,28,302,1306,128,755,2587,0,468,0,0,-7,-4840,7,9450
2025/9/29,14:00,9410,786,4198,3960,29,308,1362,128,759,2331,0,458,0,0,1,-4922,12,9410
2025/9/29,14:30,9368,792,4502,4018,29,313,1348,127,753,1967,0,425,0,0,-2,-4912,8,9368
2025/9/29,15:00,9184,780,4656,4111,29,318,1385,128,763,1511,0,396,0,0,-3,-4902,12,9184
2025/9/29,15:30,9226,790,4732,4220,29,402,1399,128,759,1216,0,389,0,0,3,-4854,13,9226
2025/9/29,16:00,9222,782,4664,4347,30,410,1413,128,757,795,0,357,0,0,-5,-4472,16,9222
2025/9/29,16:30,9144,790,4826,4398,28,416,1405,127,764,337,0,353,0,0,3,-4310,7,9144
2025/9/29,17:00,8990,784,4444,4388,28,417,1424,130,767,55,0,368,0,0,0,-3834,19,8990
2025/9/29,17:30,9116,786,4948,4384,28,418,1417,126,762,4,0,398,0,0,0,-4170,15,9116
2025/9/29,18:00,8929,788,4906,4385,29,422,1399,126,763,0,0,368,0,0,0,-4276,19,8929
2025/9/29,18:30,8767,786,4952,4381,28,421,1393,127,761,0,0,343,0,0,-1,-4440,16,8767
2025/9/29,19:00,8479,788,4644,4357,28,422,1404,127,758,0,0,314,0,0,-2,-4376,15,8479
2025/9/29,19:30,8202,782,4468,4302,27,410,1408,126,760,0,0,267,0,0,-1,-4358,11,8202
2025/9/29,20:00,8089,792,4696,4149,26,406,1354,127,757,0,0,236,0,0,25,-4496,17,8089
2025/9/29,20:30,7803,786,4476,4021,26,400,1339,127,756,0,0,232,0,0,34,-4406,12,7803
2025/9/29,21:00,7617,782,4198,3946,24,394,1276,127,758,0,0,229,0,0,13,-4142,12,7617
2025/9/29,21:30,7356,792,3960,3896,23,379,1250,127,759,0,0,223,0,0,8,-4068,7,7356
2025/9/29,22:00,7275,786,3898,3901,22,335,1104,127,757,0,0,221,0,0,4,-3894,14,7275
2025/9/29,22:30,7021,786,3504,3860,22,333,1094,127,759,0,0,230,0,0,0,-3706,12,7021
2025/9/29,23:00,7106,782,3624,3838,22,300,1050,127,762,0,0,211,0,0,-1,-3614,5,7106
2025/9/29,23:30,6743,788,3004,3837,21,301,1039,127,764,0,0,189,0,0,-1,-3330,4,6743
2025/9/30,0:00,6665,790,2992,3837,20,303,1005,128,762,0,0,182,0,0,-2,-3354,2,6665
2025/9/30,0:30,6514,782,2872,3841,20,303,997,129,761,0,0,193,0,0,-2,-3384,2,6514
2025/9/30,1:00,6465,786,2920,3829,20,296,983,128,763,0,0,183,0,0,-3,-3442,2,6465
2025/9/30,1:30,6386,790,2866,3842,19,296,983,128,764,0,0,182,0,0,-2,-3484,2,6386
2025/9/30,2:00,6449,788,2924,3834,20,297,979,127,766,0,0,182,0,0,-2,-3468,2,6449
2025/9/30,2:30,6514,784,2878,3844,20,297,984,128,765,0,0,181,0,0,-3,-3366,2,6514
2025/9/30,3:00,6654,788,2900,3833,21,297,1014,127,766,0,0,171,0,0,-1,-3264,2,6654
2025/9/30,3:30,6781,790,3030,3837,21,299,995,127,765,0,0,174,0,0,-1,-3258,2,6781
2025/9/30,4:00,6891,780,3022,3764,21,298,992,128,767,0,0,160,0,0,-1,-3042,2,6891
2025/9/30,4:30,7012,790,3216,3693,22,302,988,127,766,0,0,143,0,0,-1,-3036,2,7012
2025/9/30,5:00,7098,784,3590,3629,24,301,930,130,766,0,0,133,0,0,-1,-3190,2,7098
2025/9/30,5:30,7064,788,3670,3564,23,303,907,126,760,107,0,149,0,0,-2,-3334,3,7064
2025/9/30,6:00,6941,786,3204,3581,22,304,862,125,758,639,0,140,0,0,-4,-3482,6,6941
2025/9/30,6:30,7157,788,3050,3382,22,303,855,125,760,1526,0,125,0,0,-6,-3788,15,7157
2025/9/30,7:00,7092,784,2620,3033,21,293,850,125,761,2603,0,104,0,0,2,-4124,20,7092
2025/9/30,7:30,7484,788,2190,2705,22,292,851,125,760,3747,0,73,0,0,2,-4088,17,7484
2025/9/30,8:00,8006,786,2648,2337,23,255,858,126,761,4728,0,36,0,0,-6,-4560,14,8006
2025/9/30,8:30,8506,786,2832,1997,24,224,892,130,773,5552,0,17,0,0,-3,-4730,12,8506
2025/9/30,9:00,8827,784,2490,1833,25,219,912,128,773,6221,0,10,0,0,-1,-4582,15,8827
2025/9/30,9:30,8967,786,2296,1663,26,223,896,127,769,6734,0,8,0,0,-1,-4578,18,8967
2025/9/30,10:00,9115,788,2054,1615,27,219,854,126,761,7008,0,6,0,0,-4,-4354,15,9115
2025/9/30,10:30,9262,788,2186,1508,27,221,849,126,758,7195,0,4,0,0,2,-4416,14,9262
2025/9/30,11:00,9378,786,2458,1449,27,219,830,125,751,7265,0,5,0,0,-4,-4544,11,9378
2025/9/30,11:30,9284,784,2352,1444,26,224,827,124,750,7264,0,8,0,0,3,-4536,14,9284
2025/9/30,12:00,9011,788,2102,1462,24,220,823,126,749,7171,0,18,0,0,-7,-4476,11,9011
2025/9/30,12:30,9072,782,2466,1610,24,223,846,124,752,6887,0,19,0,0,3,-4670,6,9072
2025/9/30,13:00,9328,790,2748,1682,25,217,929,126,759,6465,0,28,0,0,6,-4460,13,9328
2025/9/30,13:30,9472,782,3088,2084,27,266,951,126,764,5896,0,39,0,0,-28,-4530,7,9472
2025/9/30,14:00,9488,784,3442,2554,27,300,977,127,760,5207,0,38,0,0,-35,-4706,13,9488
2025/9/30,14:30,9530,784,4080,2980,28,305,938,124,748,4292,0,40,0,0,-24,-4772,7,9530
2025/9/30,15:00,9394,788,4634,3283,29,313,978,123,733,3278,0,44,0,0,-5,-4816,12,9394
2025/9/30,15:30,9393,788,5032,3565,29,404,1042,125,726,2166,0,58,0,0,1,-4556,13,9393
2025/9/30,16:00,9409,784,5206,3765,28,411,1122,124,730,1116,0,79,0,0,-8,-3964,16,9409
2025/9/30,16:30,9099,788,4546,4096,28,411,1194,123,740,373,0,66,0,0,4,-3278,8,9099
2025/9/30,17:00,9086,786,4420,4255,28,410,1282,126,761,31,0,65,0,0,-5,-3090,17,9086
2025/9/30,17:30,9088,786,4520,4264,28,416,1287,127,767,0,0,70,0,0,0,-3192,15,9088
2025/9/30,18:00,9038,790,4900,4259,30,405,1266,127,767,0,0,75,0,0,-1,-3598,18,9038
2025/9/30,18:30,8761,784,4344,4373,29,400,1268,127,768,0,0,85,0,0,-1,-3432,16,8761
2025/9/30,19:00,8645,786,4462,4303,29,398,1266,130,771,0,0,94,0,0,-2,-3606,14,8645
2025/9/30,19:30,8381,790,4312,4217,28,398,1255,126,769,0,0,109,0,0,-1,-3634,12,8381
2025/9/30,20:00,8165,786,4436,4141,27,394,1116,127,768,0,0,122,0,0,-1,-3768,17,8165
2025/9/30,20:30,8081,786,4506,4065,26,396,1096,127,772,0,0,174,0,0,-1,-3878,12,8081
2025/9/30,21:00,7799,786,4460,4019,25,306,1038,127,772,0,0,200,0,0,-1,-3944,11,7799
2025/9/30,21:30,7540,788,3930,3966,24,298,1024,127,770,0,0,225,0,0,-2,-3616,6,7540
2025/9/30,22:00,7382,786,3706,3938,23,295,996,129,772,0,0,275,0,0,-1,-3552,15,7382
2025/9/30,22:30,7239,786,3466,3926,22,299,992,126,771,0,0,278,0,0,-1,-3440,14,7239
2025/9/30,23:00,7201,788,3396,3856,22,298,947,127,774,0,0,296,0,0,-1,-3308,6,7201
2025/9/30,23:30,6991,788,3082,3838,22,298,940,127,774,0,0,304,0,0,-1,-3184,3,6991
