単位[MW平均],,,供給力,,,,,,,,,,,,,,,,
DATE,TIME,エリア需要,原子力,火力(LNG),火力(石炭),火力(石油),火力(その他),水力,地熱,バイオマス,太陽光発電実績,太陽光出力制御量,風力発電実績,風力出力制御量,揚水,蓄電池,連系線,その他,合計
2025/11/1,0:00,7075,788,2554,4308,22,151,1090,141,684,0,0,583,0,0,-1,-3248,3,7075
2025/11/1,0:30,7002,788,2684,4353,21,145,1096,141,686,0,0,641,0,0,-2,-3554,3,7002
2025/11/1,1:00,6947,790,2638,4378,20,146,1113,141,685,0,0,690,0,0,-1,-3656,3,6947
2025/11/1,1:30,6952,788,2586,4260,20,143,1160,142,693,0,0,738,0,0,-1,-3580,3,6952
2025/11/1,2:00,7026,788,2338,4204,21,148,1266,142,694,0,0,841,0,0,-1,-3418,3,7026
2025/11/1,2:30,7169,788,2282,4189,22,145,1318,141,696,0,0,954,0,0,-1,-3368,3,7169
2025/11/1,3:00,7293,790,2348,4318,23,145,1396,142,696,0,0,1131,0,0,-1,-3698,3,7293
2025/11/1,3:30,7398,790,2326,4298,23,146,1441,140,697,0,0,1347,0,0,-1,-3812,3,7398
2025/11/1,4:00,7460,786,2430,4274,24,143,1447,141,698,0,0,1468,0,0,0,-3954,3,7460
2025/11/1,4:30,7477,790,2380,4272,24,145,1462,142,697,0,0,1493,0,0,-1,-3930,3,7477
2025/11/1,5:00,7590,788,2836,4064,25,146,1452,142,695,0,0,1607,0,0,-1,-4168,4,7590
2025/11/1,5:30,7429,790,2798,3888,24,148,1437,141,699,0,0,1675,0,0,-1,-4174,4,7429
2025/11/1,6:00,7438,790,2972,3784,24,146,1407,141,688,93,0,1655,0,0,-4,-4264,6,7438
2025/11/1,6:30,7326,788,2694,3606,24,146,1360,139,675,557,0,1654,0,0,-4,-4324,11,7326
2025/11/1,7:00,7433,788,2384,3448,24,145,1319,139,676,1047,0,1685,0,0,2,-4244,20,7433
2025/11/1,7:30,7474,792,2114,3208,23,148,1320,139,674,1662,0,1652,0,0,-18,-4266,26,7474
2025/11/1,8:00,7707,786,2192,2924,23,148,1312,139,674,2355,0,1704,0,0,1,-4566,15,7707
2025/11/1,8:30,7891,788,2022,2820,24,151,1310,139,667,2944,0,1648,0,0,-13,-4626,17,7891
2025/11/1,9:00,7995,790,2062,2505,25,146,1304,137,663,3292,0,1642,0,0,-10,-4582,21,7995
2025/11/1,9:30,7980,788,1902,2268,24,150,1312,139,672,3699,0,1632,0,0,-15,-4608,17,7980
2025/11/1,10:00,7923,788,1574,2188,24,132,1328,139,632,4129,0,1654,0,0,-20,-4672,27,7923
2025/11/1,10:30,7940,790,1718,1827,23,118,1320,140,549,4443,0,1647,0,0,-26,-4626,17,7940
2025/11/1,11:00,7866,788,1290,1636,23,116,1315,139,490,4613,0,1686,0,0,-20,-4230,20,7866
2025/11/1,11:30,7813,790,1350,1611,23,117,1308,139,484,4471,0,1741,0,0,-31,-4208,18,7813
2025/11/1,12:00,7704,788,1546,1684,23,115,1308,139,501,4330,0,1440,390,0,-44,-4144,18,7704
2025/11/1,12:30,7577,790,1512,1834,24,116,1315,139,508,4112,0,1379,393,0,-36,-4134,18,7577
2025/11/1,13:00,7711,788,1808,1893,24,116,1308,139,548,3900,0,1667,0,0,-3,-4496,19,7711
2025/11/1,13:30,7660,790,1790,2329,25,132,1307,139,620,3478,0,1613,0,0,-8,-4568,13,7660
2025/11/1,14:00,7701,790,2076,2770,24,147,1309,137,649,2817,0,1593,0,0,3,-4632,18,7701
2025/11/1,14:30,7578,786,2380,3167,24,149,1310,139,672,2007,0,1472,0,0,-2,-4548,22,7578
2025/11/1,15:00,7595,788,2814,3479,25,148,1341,139,674,1316,0,1401,0,0,3,-4550,17,7595
2025/11/1,15:30,7703,790,3120,3869,25,159,1347,139,670,672,0,1350,0,0,-8,-4452,22,7703
2025/11/1,16:00,7819,792,3240,4342,27,241,1376,139,659,199,0,1350,0,0,-1,-4562,17,7819
2025/11/1,16:30,8064,784,3078,4832,26,247,1418,141,690,0,0,1289,0,0,13,-4466,12,8064
2025/11/1,17:00,8205,794,2792,5054,27,245,1415,141,694,1,0,1123,0,0,13,-4118,24,8205
2025/11/1,17:30,8180,786,2760,5085,28,249,1410,141,697,1,0,992,0,0,14,-4000,17,8180
2025/11/1,18:00,8160,792,2772,5160,27,164,1398,141,695,0,0,873,0,0,14,-3896,20,8160
2025/11/1,18:30,8005,790,2696,5119,28,157,1399,141,697,0,0,765,0,0,13,-3816,16,8005
2025/11/1,19:00,7952,786,2774,5111,27,168,1404,139,696,0,0,705,0,0,13,-3888,17,7952
2025/11/1,19:30,7774,790,2616,4997,27,202,1404,141,700,0,0,605,0,0,14,-3734,12,7774
2025/11/1,20:00,7645,792,2938,4818,26,203,1409,141,702,0,0,574,0,0,-2,-3972,16,7645
2025/11/1,20:30,7481,784,2654,4747,26,245,1410,142,701,0,0,549,0,0,4,-3794,13,7481
2025/11/1,21:00,7355,792,2718,4748,25,246,1392,142,705,0,0,546,0,0,34,-4006,13,7355
2025/11/1,21:30,7080,792,2490,4757,24,246,1317,142,704,0,0,546,0,0,28,-3972,6,7080
2025/11/1,22:00,7008,788,2416,4746,23,159,1297,142,701,0,0,588,0,0,-1,-3866,15,7008
2025/11/1,22:30,6864,786,2112,4663,22,152,1290,142,703,0,0,673,0,0,-2,-3690,13,6864
2025/11/1,23:00,6760,790,2224,4457,22,152,1288,141,705,0,0,768,0,0,-2,-3792,7,6760
2025/11/1,23:30,6575,790,2168,4394,21,156,1276,140,708,0,0,893,0,0,-1,-3974,4,6575
2025/11/2,0:00,6412,790,1792,4191,21,152,1147,142,705,0,0,1148,0,0,-1,-3678,3,6412
2025/11/2,0:30,6378,788,2148,4260,20,154,1092,141,713,0,0,1226,0,0,-1,-4166,3,6378
2025/11/2,1:00,6304,790,2102,4291,19,153,1068,142,708,0,0,1389,0,0,-1,-4360,3,6304
2025/11/2,1:30,6355,790,2148,4234,19,153,1050,142,710,0,0,1463,0,0,-1,-4356,3,6355
2025/11/2,2:00,6476,788,2098,4177,20,151,1046,141,712,0,0,1538,0,0,-1,-4198,4,6476
2025/11/2,2:30,6571,788,2208,4174,20,154,1046,142,711,0,0,1540,0,0,-1,-4214,3,6571
2025/11/2,3:00,6744,788,2276,4232,21,154,1048,142,720,0,0,1547,0,0,-1,-4186,3,6744
2025/11/2,3:30,6836,788,2290,4243,22,154,1054,142,721,0,0,1582,0,0,-1,-4162,3,6836
2025/11/2,4:00,6967,790,2368,4290,23,160,1049,142,730,0,0,1631,0,0,-1,-4218,3,6967
2025/11/2,4:30,7052,786,2600,4305,23,158,1050,140,731,0,0,1651,0,0,-1,-4394,3,7052
2025/11/2,5:00,7071,792,2786,4245,24,160,1047,141,733,0,0,1665,0,0,-2,-4524,4,7071
2025/11/2,5:30,7067,788,3022,4066,24,158,1047,142,735,0,0,1642,0,0,-2,-4560,5,7067
2025/11/2,6:00,6942,792,3080,3853,23,159,1019,142,730,73,0,1644,0,0,0,-4582,9,6942
2025/11/2,6:30,6950,784,2894,3616,22,156,981,139,722,607,0,1592,0,0,-4,-4570,11,6950
2025/11/2,7:00,6874,794,2482,3126,22,158,973,140,722,1356,0,1532,0,0,0,-4452,21,6874
2025/11/2,7:30,6830,786,1958,2688,22,156,967,140,717,2310,0,1474,0,0,1,-4408,19,6830
2025/11/2,8:00,6914,790,1826,2413,21,142,962,139,687,3377,0,1389,0,0,-4,-4844,16,6914
2025/11/2,8:30,7082,784,1876,2094,20,125,956,140,586,4274,20,1074,236,0,-20,-4840,13,7082
2025/11/2,9:00,7130,790,1892,1967,22,124,960,140,536,4766,108,811,406,0,-1,-4890,13,7130
2025/11/2,9:30,7048,790,1438,1910,24,124,967,137,542,5246,171,702,388,0,-13,-4840,21,7048
2025/11/2,10:00,7042,788,986,1700,24,122,969,140,535,5507,210,639,296,0,-69,-4316,17,7042
2025/11/2,10:30,7013,788,1266,1771,24,123,971,139,528,5056,724,588,220,0,-21,-4234,14,7013
2025/11/2,11:00,7019,794,1502,2044,23,117,986,140,509,4578,727,503,215,0,-16,-4176,15,7019
2025/11/2,11:30,7023,788,1402,2313,22,119,994,139,508,4429,680,450,201,0,-31,-4126,16,7023
2025/11/2,12:00,6969,788,1730,2629,23,116,997,139,504,4056,608,392,182,0,-46,-4376,17,6969
2025/11/2,12:30,7018,790,1748,3063,25,119,1002,140,502,3836,506,471,52,0,-16,-4674,12,7018
2025/11/2,13:00,6887,790,1406,3269,26,116,1001,140,549,3841,0,450,0,0,2,-4720,17,6887
2025/11/2,13:30,6919,790,2052,3521,26,121,1006,139,624,2921,0,297,0,0,-8,-4584,14,6919
2025/11/2,14:00,6882,786,2646,3733,25,131,1058,140,692,2107,0,248,0,0,0,-4698,14,6882
2025/11/2,14:30,6846,792,2824,4021,26,154,1067,138,705,1587,0,243,0,0,-5,-4722,16,6846
2025/11/2,15:00,6913,792,2546,4196,26,171,1107,140,692,1053,0,262,0,0,2,-4088,14,6913
2025/11/2,15:30,7009,788,2478,4512,26,255,1130,139,688,545,0,296,0,0,-1,-3866,19,7009
2025/11/2,16:00,7244,786,2370,4785,27,261,1215,141,714,151,0,384,0,0,-1,-3606,17,7244
2025/11/2,16:30,7570,790,2478,5004,26,262,1240,142,716,1,0,489,0,0,12,-3602,12,7570
2025/11/2,17:00,7881,790,2748,5060,27,260,1259,141,708,0,0,586,0,0,15,-3736,23,7881
2025/11/2,17:30,7916,786,2680,5076,28,261,1260,142,730,0,0,622,0,0,15,-3704,20,7916
2025/11/2,18:00,7940,790,2984,4991,28,260,1275,143,737,0,0,680,0,0,14,-3984,22,7940
2025/11/2,18:30,7873,790,2842,4983,28,263,1267,142,739,0,0,842,0,0,17,-4058,18,7873
2025/11/2,19:00,7752,786,2918,4911,28,264,1271,142,743,0,0,774,0,0,48,-4152,19,7752
2025/11/2,19:30,7643,792,2988,4697,28,264,1268,142,743,0,0,810,0,0,43,-4144,12,7643
2025/11/2,20:00,7547,786,3110,4586,27,260,1190,140,746,0,0,684,0,0,-1,-4000,19,7547
2025/11/2,20:30,7364,792,2824,4582,26,269,1169,143,742,0,0,647,0,0,1,-3844,13,7364
2025/11/2,21:00,7200,786,2684,4535,26,271,1161,142,741,0,0,552,0,0,-2,-3712,16,7200
2025/11/2,21:30,7018,792,2576,4555,24,275,1153,142,746,0,0,557,0,0,-1,-3808,7,7018
2025/11/2,22:00,6942,790,2644,4544,23,183,1102,142,747,0,0,650,0,0,-1,-3896,14,6942
2025/11/2,22:30,6790,786,2706,4503,22,179,1099,143,746,0,0,612,0,0,-1,-4018,13,6790
2025/11/2,23:00,6742,792,2674,4451,22,178,1102,142,748,0,0,503,0,0,-2,-3874,6,6742
2025/11/2,23:30,6523,786,2622,4422,22,180,1090,142,749,0,0,434,0,0,-2,-3926,4,6523
2025/11/3,0:00,6320,792,2558,4387,20,176,1083,142,744,0,0,355,0,0,-2,-3938,3,6320
2025/11/3,0:30,6315,786,2680,4446,20,180,1075,142,743,0,0,335,0,0,-1,-4094,3,6315
2025/11/3,1:00,6264,792,2662,4473,20,171,1077,142,743,0,0,353,0,0,-2,-4170,3,6264
2025/11/3,1:30,6239,788,2440,4506,20,170,1080,140,743,0,0,361,0,0,0,-4012,3,6239
2025/11/3,2:00,6446,788,2478,4542,20,168,1083,142,742,0,0,433,0,0,-1,-3952,3,6446
2025/11/3,2:30,6541,790,2514,4488,21,169,1084,142,743,0,0,451,0,0,0,-3864,3,6541
2025/11/3,3:00,6843,790,2516,4452,22,175,1088,142,746,0,0,545,0,0,0,-3636,3,6843
2025/11/3,3:30,6814,784,2336,4439,22,174,1087,142,744,0,0,488,0,0,-1,-3404,3,6814
2025/11/3,4:00,7082,794,2510,4444,23,180,1083,142,742,0,0,467,0,0,-2,-3304,3,7082
2025/11/3,4:30,7096,786,2344,4430,24,181,1083,142,745,0,0,549,0,0,-1,-3190,3,7096
2025/11/3,5:00,7247,790,2364,4414,25,185,1080,142,741,0,0,556,0,0,-2,-3052,4,7247
2025/11/3,5:30,7239,788,2310,4434,24,184,1083,142,744,0,0,589,0,0,-1,-3062,4,7239
2025/11/3,6:00,7248,790,2414,4475,24,188,1069,141,743,34,0,578,0,0,-1,-3214,7,7248
2025/11/3,6:30,7327,788,2404,4525,24,185,1036,140,729,247,0,487,0,0,-7,-3244,13,7327
2025/11/3,7:00,7376,788,2328,4554,24,186,1024,140,735,505,0,438,0,0,3,-3372,23,7376
2025/11/3,7:30,7635,790,2352,4560,25,185,1075,138,730,1095,0,355,0,0,-3,-3686,19,7635
2025/11/3,8:00,7903,786,2518,4523,26,182,1074,140,729,1567,0,336,0,0,2,-3996,16,7903
2025/11/3,8:30,8048,792,2502,4618,26,176,1072,140,711,1470,0,331,0,0,-17,-3786,13,8048
2025/11/3,9:00,8199,786,2128,4562,28,182,1064,140,690,1990,0,285,0,0,-6,-3666,16,8199
2025/11/3,9:30,8235,786,1554,4381,28,184,1072,140,693,2614,0,283,0,0,-9,-3510,19,8235
2025/11/3,10:00,8188,788,1654,4090,26,179,1073,140,712,3063,0,248,0,0,-5,-3796,16,8188
2025/11/3,10:30,8230,788,2024,3868,23,170,1077,140,716,3393,0,295,0,0,-4,-4276,16,8230
2025/11/3,11:00,8085,790,1580,3613,26,177,1082,140,698,3932,0,374,0,0,-12,-4330,15,8085
2025/11/3,11:30,8016,788,1300,3402,26,179,1078,140,696,4473,0,394,0,0,-51,-4424,15,8016
2025/11/3,12:00,7968,792,1268,2980,28,173,1076,140,709,4657,0,451,0,0,-35,-4288,17,7968
2025/11/3,12:30,7850,782,1466,2726,29,172,1082,140,719,4379,0,586,0,0,1,-4246,14,7850
2025/11/3,13:00,8029,792,1848,2804,29,175,1083,140,719,3951,0,677,0,0,-3,-4206,20,8029
2025/11/3,13:30,8041,788,2386,2865,27,177,1094,138,715,3320,0,695,0,0,24,-4206,18,8041
2025/11/3,14:00,8067,788,3116,2980,26,177,1127,139,699,2608,0,708,0,0,5,-4322,16,8067
2025/11/3,14:30,8057,788,3622,3340,27,180,1160,140,712,1704,0,654,0,0,-4,-4288,22,8057
2025/11/3,15:00,8144,790,3400,3931,27,222,1213,140,719,966,0,646,0,0,-37,-3888,15,8144
2025/11/3,15:30,8099,788,2812,4462,28,276,1239,139,709,513,0,679,0,0,1,-3568,21,8099
2025/11/3,16:00,8472,786,2958,4887,28,274,1321,142,719,148,0,692,0,0,-4,-3500,21,8472
2025/11/3,16:30,8733,792,3390,5003,29,269,1347,143,739,6,0,638,0,0,1,-3644,20,8733
2025/11/3,17:00,8934,788,3490,5012,30,276,1344,143,728,0,0,595,0,0,1,-3496,23,8934
2025/11/3,17:30,8992,788,3464,5004,30,277,1366,143,724,0,0,616,0,0,0,-3440,20,8992
2025/11/3,18:00,8848,790,3610,5077,30,274,1394,143,740,0,0,541,0,0,0,-3772,21,8848
2025/11/3,18:30,8888,784,4030,5028,30,278,1392,142,740,0,0,488,0,0,-1,-4042,19,8888
2025/11/3,19:00,8756,788,3856,4840,30,280,1394,143,739,0,0,423,0,0,-2,-3754,19,8756
2025/11/3,19:30,8621,790,3944,4677,30,280,1398,140,739,0,0,370,0,0,-1,-3764,18,8621
2025/11/3,20:00,8504,790,4054,4639,29,283,1390,143,739,0,0,341,0,0,2,-3922,16,8504
2025/11/3,20:30,8295,784,3744,4635,28,283,1389,142,739,0,0,288,0,0,33,-3784,14,8295
2025/11/3,21:00,8156,792,3622,4640,28,282,1380,143,736,0,0,228,0,0,31,-3742,16,8156
2025/11/3,21:30,7966,786,3670,4634,26,283,1379,142,739,0,0,199,0,0,-1,-3898,7,7966
2025/11/3,22:00,7696,790,3416,4611,25,190,1378,142,738,0,0,187,0,0,-2,-3794,15,7696
2025/11/3,22:30,7466,788,3092,4623,23,186,1371,142,737,0,0,185,0,0,-1,-3694,14,7466
2025/11/3,23:00,7497,790,3044,4609,24,189,1349,142,738,0,0,199,0,0,-1,-3592,6,7497
2025/11/3,23:30,7177,788,2864,4549,23,187,1278,142,741,0,0,149,0,0,-2,-3546,4,7177
2025/11/4,0:00,7120,790,2870,4502,22,185,1278,142,741,0,0,136,0,0,-1,-3548,3,7120
2025/11/4,0:30,6977,790,2702,4483,21,180,1270,142,742,0,0,135,0,0,-1,-3490,3,6977
2025/11/4,1:00,7042,782,2790,4469,21,186,1272,141,740,0,0,139,0,0,-1,-3500,3,7042
2025/11/4,1:30,7098,794,2834,4440,21,184,1272,142,739,0,0,130,0,0,-1,-3460,3,7098
2025/11/4,2:00,7251,788,2942,4452,21,189,1279,143,739,0,0,148,0,0,-1,-3452,3,7251
2025/11/4,2:30,7400,786,3088,4445,22,184,1275,143,738,0,0,157,0,0,-1,-3440,3,7400
2025/11/4,3:00,7641,790,3054,4437,23,186,1256,143,744,0,0,155,0,0,-2,-3148,3,7641
2025/11/4,3:30,7648,788,2936,4421,24,183,1245,143,739,0,0,155,0,0,-1,-2988,3,7648
2025/11/4,4:00,7927,788,3160,4426,25,185,1227,143,741,0,0,158,0,0,-1,-2928,3,7927
2025/11/4,4:30,8042,792,3216,4299,26,183,1222,143,742,0,0,187,0,0,-1,-2770,3,8042
2025/11/4,5:00,8257,784,3266,4361,27,183,1207,143,738,0,0,196,0,0,-1,-2650,3,8257
2025/11/4,5:30,8496,790,3758,4275,28,180,1205,142,744,0,0,193,0,0,-1,-2822,4,8496
2025/11/4,6:00,8697,786,4068,4262,29,179,1191,143,738,65,0,224,0,0,2,-2996,6,8697
2025/11/4,6:30,8979,788,4438,4174,30,184,1128,140,725,606,0,225,0,0,-4,-3474,19,8979
2025/11/4,7:00,8837,792,3794,4039,29,186,1118,139,724,1511,0,221,0,0,-3,-3736,23,8837
2025/11/4,7:30,8979,786,3212,3697,28,185,1150,140,725,2640,0,198,0,0,-1,-3800,19,8979
2025/11/4,8:00,9244,788,3150,3584,28,183,1102,140,723,3757,0,164,0,0,-4,-4386,15,9244
2025/11/4,8:30,9557,788,2940,3207,28,185,1076,140,720,4725,0,93,0,0,-5,-4354,14,9557
2025/11/4,9:00,9635,790,2964,2771,28,183,1057,141,721,5508,0,64,0,0,2,-4610,16,9635
2025/11/4,9:30,9564,782,2844,2391,26,157,1042,140,731,6069,0,57,0,0,-17,-4676,18,9564
2025/11/4,10:00,9411,788,2880,1878,26,128,1032,140,730,6489,0,59,0,0,-21,-4734,16,9411
2025/11/4,10:30,9362,786,2804,1754,26,126,1043,141,734,6646,0,63,0,0,-14,-4762,15,9362
2025/11/4,11:00,9294,788,2948,1629,28,129,1042,139,726,6704,0,63,0,0,-19,-4894,11,9294
2025/11/4,11:30,9146,786,2900,1606,28,125,1054,141,716,6682,0,68,0,0,-23,-4952,15,9146
2025/11/4,12:00,8707,792,2670,1614,28,130,1060,138,721,6445,0,91,0,0,-54,-4940,12,8707
2025/11/4,12:30,8637,786,2808,1729,28,130,1069,140,737,6104,0,99,0,0,-51,-4950,8,8637
2025/11/4,13:00,8937,788,3584,1847,28,129,1077,139,724,5526,0,88,0,0,-5,-5002,14,8937
2025/11/4,13:30,9061,784,4544,1952,26,124,1081,140,726,4626,0,88,0,0,2,-5040,8,9061
2025/11/4,14:00,8964,792,4508,2577,26,147,1104,140,732,3817,0,84,0,0,-4,-4972,13,8964
2025/11/4,14:30,9024,788,4884,3160,26,171,1103,142,736,2807,0,78,0,0,-3,-4876,8,9024
2025/11/4,15:00,8974,788,5066,3569,27,225,1124,144,724,1739,0,66,0,0,5,-4516,13,8974
2025/11/4,15:30,9167,790,5488,4090,28,236,1130,144,721,791,0,59,0,0,17,-4340,13,9167
2025/11/4,16:00,9304,790,5258,4702,28,244,1147,144,721,220,0,57,0,0,42,-4066,17,9304
2025/11/4,16:30,9537,790,5122,5021,28,242,1208,146,756,0,0,63,0,0,-16,-3832,9,9537
2025/11/4,17:00,9589,786,5052,5181,30,278,1213,141,747,1,0,83,0,0,-24,-3918,19,9589
2025/11/4,17:30,9647,790,5094,5199,30,288,1211,143,738,1,0,112,0,0,10,-3984,15,9647
2025/11/4,18:00,9509,784,5086,5215,31,286,1213,143,738,0,0,112,0,0,14,-4132,19,9509
2025/11/4,18:30,9486,792,5298,5195,31,283,1209,145,737,0,0,110,0,0,16,-4346,16,9486
2025/11/4,19:00,9299,786,5282,4988,31,285,1200,146,741,0,0,120,0,0,48,-4344,16,9299
2025/11/4,19:30,9116,792,5188,4849,30,278,1195,147,741,0,0,169,0,0,32,-4316,11,9116
2025/11/4,20:00,8959,788,4930,4764,30,263,1127,146,739,0,0,217,0,0,12,-4074,17,8959
2025/11/4,20:30,8792,786,4654,4716,29,265,1115,146,737,0,0,245,0,0,-1,-3914,14,8792
2025/11/4,21:00,8605,792,4342,4719,28,269,1092,146,738,0,0,269,0,0,-2,-3800,12,8605
2025/11/4,21:30,8318,784,4040,4727,27,269,1096,146,740,0,0,308,0,0,-1,-3824,6,8318
2025/11/4,22:00,8131,790,4016,4714,25,181,1098,144,738,0,0,343,0,0,-1,-3932,15,8131
2025/11/4,22:30,7921,788,3666,4643,24,173,1105,146,738,0,0,360,0,0,-1,-3736,15,7921
2025/11/4,23:00,7806,792,3170,4611,24,167,1084,146,740,0,0,389,0,0,-1,-3322,6,7806
2025/11/4,23:30,7596,786,2764,4594,23,168,1031,146,741,0,0,378,0,0,-1,-3038,4,7596
2025/11/5,0:00,7435,792,3316,4589,22,164,1037,146,742,0,0,382,0,0,-2,-3756,3,7435
2025/11/5,0:30,7304,788,3222,4439,21,166,1037,146,741,0,0,393,0,0,-1,-3650,2,7304
2025/11/5,1:00,7294,784,3082,4445,20,164,1049,146,740,0,0,408,0,0,-1,-3546,3,7294
2025/11/5,1:30,7397,794,3082,4446,21,168,1052,146,742,0,0,434,0,0,-1,-3490,3,7397
2025/11/5,2:00,7512,788,3288,4419,21,166,1056,146,742,0,0,424,0,0,-1,-3540,3,7512
2025/11/5,2:30,7656,788,3214,4444,22,166,1054,146,743,0,0,437,0,0,-1,-3360,3,7656
2025/11/5,3:00,7843,788,3102,4450,23,165,1062,145,744,0,0,407,0,0,0,-3046,3,7843
2025/11/5,3:30,7976,790,3320,4431,23,165,1060,147,745,0,0,377,0,0,-1,-3084,3,7976
2025/11/5,4:00,8105,794,3236,4523,24,167,1054,147,745,0,0,369,0,0,-1,-2956,3,8105
2025/11/5,4:30,8238,786,3300,4556,25,165,1050,146,746,0,0,372,0,0,-1,-2910,3,8238
2025/11/5,5:00,8421,792,3642,4519,26,171,1052,146,746,0,0,374,0,0,-2,-3048,3,8421
2025/11/5,5:30,8678,788,4128,4452,26,177,1050,146,747,0,0,378,0,0,-1,-3216,3,8678
2025/11/5,6:00,8924,790,4296,4473,27,174,1047,146,747,45,0,362,0,0,-2,-3184,3,8924
2025/11/5,6:30,9124,788,4158,4494,28,178,999,145,735,578,0,328,0,0,-1,-3318,12,9124
2025/11/5,7:00,8908,788,3650,4367,28,183,1000,143,746,1439,0,311,0,0,-6,-3754,13,8908
2025/11/5,7:30,9205,788,3522,4277,27,184,993,144,752,2528,0,258,0,0,3,-4282,11,9205
2025/11/5,8:00,9405,790,3490,4086,26,183,992,142,758,3572,0,216,0,0,-3,-4856,9,9405
2025/11/5,8:30,9625,790,3142,3719,26,185,1001,144,767,4556,0,174,0,0,-1,-4886,8,9625
2025/11/5,9:00,9752,788,2724,3499,25,186,1045,141,775,5260,0,147,0,0,1,-4848,9,9752
2025/11/5,9:30,9620,790,2504,3195,25,188,1046,141,774,5771,0,130,0,0,-14,-4940,10,9620
2025/11/5,10:00,9465,788,2396,2906,25,186,1045,140,759,6101,0,119,0,0,-21,-4988,9,9465
2025/11/5,10:30,9383,786,2306,2742,25,187,1045,141,755,6181,0,116,0,0,-15,-4896,10,9383
2025/11/5,11:00,9323,788,2478,2661,24,185,1053,140,776,6031,0,137,0,0,-19,-4938,7,9323
2025/11/5,11:30,9219,784,2826,2307,25,208,1085,140,776,5799,0,158,0,0,-20,-4878,9,9219
2025/11/5,12:00,8822,788,2962,2207,24,217,1116,139,757,5302,0,178,0,0,-21,-4854,7,8822
2025/11/5,12:30,8588,786,3362,2197,23,223,1121,140,755,4731,0,164,0,0,-32,-4888,6,8588
2025/11/5,13:00,9036,786,3552,2298,23,225,1135,141,749,4255,0,141,0,0,-32,-4246,9,9036
2025/11/5,13:30,9034,788,3604,2774,23,242,1135,140,756,3623,0,152,0,0,7,-4216,6,9034
2025/11/5,14:00,9067,786,4020,2999,24,256,1148,141,759,2807,0,128,0,0,23,-4032,8,9067
2025/11/5,14:30,9180,786,4834,3543,25,275,1159,140,758,1977,0,101,0,0,-6,-4418,6,9180
2025/11/5,15:00,9059,790,5146,4131,26,361,1174,140,744,1344,0,80,0,0,-9,-4876,8,9059
2025/11/5,15:30,9276,792,5478,4617,27,354,1207,139,738,619,0,96,0,0,6,-4806,9,9276
2025/11/5,16:00,9354,786,5454,4843,27,363,1269,141,742,148,0,74,0,0,-20,-4482,9,9354
2025/11/5,16:30,9690,792,5700,5111,28,366,1312,143,742,0,0,61,0,0,-29,-4542,6,9690
2025/11/5,17:00,9514,790,5352,5180,28,373,1342,143,760,0,0,59,0,0,6,-4530,11,9514
2025/11/5,17:30,9529,790,5288,5214,29,393,1336,143,764,0,0,58,0,136,15,-4646,9,9529
2025/11/5,18:00,9440,788,5330,5207,29,388,1340,143,760,0,0,56,0,2,14,-4628,11,9440
2025/11/5,18:30,9371,790,5416,5211,29,393,1331,143,760,0,0,54,0,0,-1,-4766,11,9371
2025/11/5,19:00,9154,790,5458,5209,29,413,1322,143,759,0,0,48,0,0,17,-5044,10,9154
2025/11/5,19:30,9011,788,5344,5188,29,422,1318,141,764,0,0,61,0,0,33,-5084,7,9011
2025/11/5,20:00,8881,794,4938,5118,28,444,1335,143,773,0,0,63,0,0,36,-4800,9,8881
2025/11/5,20:30,8619,788,4588,5101,27,448,1319,143,777,0,0,67,0,0,-2,-4644,7,8619
2025/11/5,21:00,8409,790,4136,5043,26,442,1306,143,770,0,0,75,0,0,-1,-4328,7,8409
2025/11/5,21:30,8212,794,4102,4972,25,436,1294,143,765,0,0,92,0,0,-2,-4412,3,8212
2025/11/5,22:00,8024,790,4206,4816,24,347,1241,143,766,0,0,88,0,0,0,-4406,9,8024
2025/11/5,22:30,7661,792,3848,4610,23,339,1235,143,762,0,0,76,0,0,-2,-4174,9,7661
2025/11/5,23:00,7625,788,3774,4589,23,332,1209,144,767,0,0,69,0,0,-1,-4074,5,7625
2025/11/5,23:30,7310,790,3420,4546,22,333,1180,143,767,0,0,73,0,0,-1,-3966,3,7310
2025/11/6,0:00,7188,790,3504,4531,21,333,1093,143,768,0,0,69,0,0,-1,-4066,3,7188
2025/11/6,0:30,7042,790,3552,4566,20,329,1043,142,763,0,0,87,0,0,-3,-4250,3,7042
2025/11/6,1:00,7061,790,3384,4602,20,332,1033,144,765,0,0,91,0,0,-1,-4102,3,7061
2025/11/6,1:30,7048,792,3180,4613,20,329,1031,143,766,0,0,96,0,0,-1,-3924,3,7048
2025/11/6,2:00,7165,788,3176,4550,20,327,1026,144,769,0,0,96,0,0,-2,-3732,3,7165
2025/11/6,2:30,7289,790,3182,4515,21,327,1033,144,769,0,0,88,0,0,-1,-3582,3,7289
2025/11/6,3:00,7491,792,3066,4484,22,328,1056,144,769,0,0,102,0,0,-1,-3274,3,7491
2025/11/6,3:30,7663,790,3272,4521,23,332,1053,144,768,0,0,125,0,0,-2,-3366,3,7663
2025/11/6,4:00,7779,786,3170,4500,24,329,1071,143,767,0,0,157,0,0,-1,-3170,3,7779
2025/11/6,4:30,7991,796,3288,4504,24,340,1066,144,767,0,0,170,0,0,-1,-3110,3,7991
2025/11/6,5:00,8202,788,3824,4412,26,339,1049,144,764,0,0,148,0,0,-1,-3294,3,8202
2025/11/6,5:30,8274,790,3850,4296,26,337,1048,143,770,0,0,150,0,0,-1,-3138,3,8274
2025/11/6,6:00,8515,790,3964,4394,26,336,1024,142,763,22,0,144,0,0,-3,-3090,3,8515
2025/11/6,6:30,8838,790,4222,4576,26,341,966,141,747,332,0,96,0,0,-2,-3406,9,8838
2025/11/6,7:00,8709,788,3904,4559,26,333,957,141,747,942,0,75,0,0,-4,-3772,13,8709
2025/11/6,7:30,8956,790,3774,4543,26,348,940,141,747,1647,0,67,0,0,1,-4078,10,8956
2025/11/6,8:00,9269,790,3912,4546,26,383,863,141,746,2443,0,58,0,0,-7,-4642,10,9269
2025/11/6,8:30,9472,792,3310,4415,24,386,851,141,722,3202,0,35,0,0,4,-4418,8,9472
2025/11/6,9:00,9591,786,2780,4378,24,385,852,141,731,3708,0,24,0,0,-2,-4226,10,9591
2025/11/6,9:30,9671,788,2542,4354,23,385,835,140,743,4400,0,17,0,0,-15,-4552,11,9671
2025/11/6,10:00,9377,792,2092,3855,23,344,828,141,727,5410,0,11,0,0,-26,-4828,8,9377
2025/11/6,10:30,9379,788,1906,3523,22,340,833,140,735,5982,0,8,0,1,-13,-4896,10,9379
2025/11/6,11:00,9231,790,1922,3202,23,337,834,138,736,6190,0,7,0,1,-13,-4942,6,9231
2025/11/6,11:30,9152,790,2062,3018,25,337,834,141,726,6158,0,7,0,1,-22,-4934,9,9152
2025/11/6,12:00,8709,788,1982,2755,25,332,837,140,742,5960,0,10,0,1,-54,-4816,7,8709
2025/11/6,12:30,8586,790,2522,2726,23,329,838,140,745,5393,0,21,0,1,-54,-4894,6,8586
2025/11/6,13:00,8902,792,3148,2998,24,342,877,140,752,4850,0,31,0,1,-18,-5044,9,8902
2025/11/6,13:30,8974,788,3444,3264,24,429,889,140,763,4281,0,83,0,1,0,-5138,6,8974
2025/11/6,14:00,9038,786,3954,3585,23,432,909,143,747,3472,0,124,0,1,-2,-5144,8,9038
2025/11/6,14:30,8981,792,4492,3927,24,433,928,142,764,2414,0,159,0,1,-1,-5100,6,8981
2025/11/6,15:00,8995,790,4720,4352,25,439,998,143,772,1443,0,196,0,1,-4,-4888,8,8995
2025/11/6,15:30,8998,790,4682,4706,26,449,1013,148,761,652,0,355,0,1,-4,-4590,9,8998
2025/11/6,16:00,9175,788,4460,4779,27,446,1067,149,753,177,0,539,0,1,10,-4030,9,9175
2025/11/6,16:30,9501,790,5072,4800,27,444,1120,150,765,1,0,701,0,1,17,-4394,7,9501
2025/11/6,17:00,9423,792,5216,4870,28,437,1187,151,784,0,0,698,0,1,13,-4764,10,9423
2025/11/6,17:30,9368,788,5104,4965,28,432,1185,151,784,0,0,763,0,1,20,-4862,9,9368
2025/11/6,18:00,9289,790,5260,4949,28,432,1212,151,782,0,0,750,0,1,49,-5126,11,9289
2025/11/6,18:30,9199,790,5368,4830,28,433,1209,150,780,0,0,729,0,1,29,-5158,10,9199
2025/11/6,19:00,8993,788,5266,4737,29,433,1217,146,782,0,0,722,0,1,12,-5148,8,8993
2025/11/6,19:30,8834,790,5280,4554,28,439,1210,148,787,0,0,697,0,1,14,-5120,6,8834
2025/11/6,20:00,8664,790,5166,4538,27,436,1111,150,783,0,0,658,0,1,1,-5006,9,8664
2025/11/6,20:30,8483,790,4936,4350,27,433,1092,149,785,0,0,691,0,1,-1,-4778,8,8483
2025/11/6,21:00,8309,786,4432,4235,26,436,1063,150,777,0,0,844,0,1,-2,-4446,7,8309
2025/11/6,21:30,8034,792,3950,4238,24,438,1064,150,774,0,0,1020,0,1,-1,-4420,4,8034
2025/11/6,22:00,7826,794,3498,4154,23,350,1057,150,770,0,0,1205,0,1,-1,-4184,9,7826
2025/11/6,22:30,7665,788,3536,4026,22,340,1055,150,770,0,0,1309,0,1,-1,-4340,9,7665
2025/11/6,23:00,7526,792,3504,3957,22,333,1040,150,764,0,0,1326,0,1,-2,-4366,5,7526
2025/11/6,23:30,7264,790,3234,3933,22,336,1028,150,762,0,0,1344,0,1,-1,-4338,3,7264
2025/11/7,0:00,7062,788,2840,3835,21,337,936,148,763,0,0,1488,0,1,-2,-4096,3,7062
2025/11/7,0:30,6940,790,2668,3868,20,333,939,150,764,0,0,1525,0,1,-1,-4120,3,6940
2025/11/7,1:00,6949,792,2862,3888,20,339,940,150,762,0,0,1521,0,1,-1,-4328,3,6949
2025/11/7,1:30,6974,788,2866,3876,20,340,943,150,767,0,0,1529,0,1,-1,-4308,3,6974
2025/11/7,2:00,7068,788,2830,3878,20,338,967,150,766,0,0,1508,0,1,-1,-4180,3,7068
2025/11/7,2:30,7210,794,2974,3874,21,338,966,150,765,0,0,1477,0,1,-1,-4152,3,7210
2025/11/7,3:00,7399,788,3120,3870,22,340,978,150,767,0,0,1555,0,1,-1,-4194,3,7399
2025/11/7,3:30,7523,790,3182,3888,23,335,973,150,768,0,0,1579,0,1,-1,-4168,3,7523
2025/11/7,4:00,7629,788,3336,3874,23,332,974,150,772,0,0,1563,0,1,-1,-4186,3,7629
2025/11/7,4:30,7794,794,3526,3884,24,338,973,150,771,0,0,1563,0,1,-1,-4232,3,7794
2025/11/7,5:00,7884,782,3556,3877,25,341,972,150,771,0,0,1567,0,1,-1,-4160,3,7884
2025/11/7,5:30,8114,796,3976,3730,25,338,970,148,773,0,0,1513,0,1,-1,-4158,3,8114
2025/11/7,6:00,8236,786,4258,3652,25,338,966,151,770,35,0,1440,0,1,-3,-4186,3,8236
2025/11/7,6:30,8346,792,4024,3655,25,332,932,149,757,520,0,1403,0,1,-6,-4250,12,8346
2025/11/7,7:00,8349,790,3310,3611,25,330,921,149,760,1176,0,1462,0,1,-3,-4198,15,8349
2025/11/7,7:30,8523,790,2890,3393,24,326,916,148,752,2089,0,1562,0,1,0,-4378,10,8523
2025/11/7,8:00,8858,790,2998,3036,25,320,878,148,753,3005,0,1581,0,1,10,-4696,9,8858
2025/11/7,8:30,9242,788,3024,2829,25,312,881,149,742,3664,0,1583,0,1,-6,-4758,8,9242
2025/11/7,9:00,9433,790,3110,2516,24,274,926,149,715,4163,0,1652,0,1,-4,-4892,9,9433
2025/11/7,9:30,9337,788,2886,2105,23,229,918,148,644,4599,0,1709,0,1,-16,-4708,11,9337
2025/11/7,10:00,9218,788,2420,1706,22,224,917,149,585,5019,0,1758,0,1,-29,-4350,8,9218
2025/11/7,10:30,9331,786,2514,1613,22,226,915,148,563,5189,0,1781,0,1,-15,-4422,10,9331
2025/11/7,11:00,9292,792,2738,1511,22,230,911,152,567,4985,0,1804,0,1,-19,-4408,6,9292
2025/11/7,11:30,9169,786,2690,1432,24,231,912,150,572,5023,0,1792,0,1,-27,-4426,9,9169
2025/11/7,12:00,8799,790,2490,1484,24,232,917,152,549,4831,0,1798,0,1,-56,-4420,7,8799
2025/11/7,12:30,8715,788,2546,1870,24,233,916,152,564,4409,0,1776,0,1,-46,-4524,6,8715
2025/11/7,13:00,9136,792,3476,2263,25,230,946,152,617,3928,0,1777,0,1,-8,-5072,9,9136
2025/11/7,13:30,9163,786,3590,2584,25,276,958,144,697,3451,0,1745,0,1,-13,-5092,11,9163
2025/11/7,14:00,9196,792,3714,3086,24,309,983,152,740,2826,0,1762,0,1,7,-5208,8,9196
2025/11/7,14:30,9172,786,4012,3553,25,314,995,152,745,1965,0,1749,0,1,-3,-5132,10,9172
2025/11/7,15:00,9123,794,4208,3886,26,321,1034,154,740,1259,0,1749,0,1,-7,-5050,8,9123
2025/11/7,15:30,9282,790,4462,4228,26,407,1077,155,756,661,0,1744,0,1,4,-5038,9,9282
2025/11/7,16:00,9435,786,4794,4418,27,405,1122,155,755,163,0,1812,0,1,15,-5028,10,9435
2025/11/7,16:30,9630,792,4956,4508,28,401,1184,148,772,1,0,1816,0,1,13,-4996,6,9630
2025/11/7,17:00,9585,784,4776,4604,29,410,1170,144,772,0,0,1833,0,1,14,-4964,12,9585
2025/11/7,17:30,9515,794,4618,4651,29,404,1170,145,775,0,0,1812,0,1,17,-4912,11,9515
2025/11/7,18:00,9327,786,4704,4482,29,407,1176,142,778,0,0,1771,0,1,49,-5010,12,9327
2025/11/7,18:30,9290,790,4690,4470,29,402,1190,145,771,0,0,1735,0,1,43,-4988,12,9290
2025/11/7,19:00,9138,790,4814,4314,29,405,1187,145,764,0,0,1651,0,1,13,-4984,9,9138
2025/11/7,19:30,8931,788,4932,4172,29,404,1191,144,757,0,0,1475,0,1,1,-4970,7,8931
2025/11/7,20:00,8749,790,4792,4113,28,404,1149,145,759,0,0,1511,0,1,-6,-4946,9,8749
2025/11/7,20:30,8631,788,4772,4119,27,401,1110,145,766,0,0,1424,0,1,-2,-4928,8,8631
2025/11/7,21:00,8415,792,4580,4107,26,405,1079,144,769,0,0,1414,0,1,-2,-4910,10,8415
2025/11/7,21:30,8129,786,4492,3965,25,402,1077,146,768,0,0,1370,0,1,-1,-4906,4,8129
2025/11/7,22:00,7963,794,4064,3984,24,326,1032,144,774,0,0,1277,0,1,-2,-4466,11,7963
2025/11/7,22:30,7782,786,3986,3945,23,313,1028,145,785,0,0,1144,0,1,-1,-4382,9,7782
2025/11/7,23:00,7667,792,4012,3910,24,308,1016,145,798,0,0,1071,0,1,-1,-4414,5,7667
2025/11/7,23:30,7387,788,3734,3909,22,311,990,145,803,0,0,1004,0,1,-1,-4322,3,7387
2025/11/8,0:00,7176,792,2978,3854,21,306,897,145,800,0,0,980,0,1,-1,-3600,3,7176
2025/11/8,0:30,7058,786,2826,3913,21,304,890,145,802,0,0,1048,0,1,-1,-3680,3,7058
2025/11/8,1:00,7037,796,3020,3908,20,301,889,145,801,0,0,960,0,1,-1,-3806,3,7037
2025/11/8,1:30,7027,786,2928,3910,20,302,888,145,795,0,0,926,0,1,-1,-3676,3,7027
2025/11/8,2:00,7153,784,2996,3922,20,301,931,143,795,0,0,878,0,1,-1,-3620,3,7153
2025/11/8,2:30,7333,794,3234,3936,22,301,929,145,794,0,0,723,0,1,-1,-3548,3,7333
2025/11/8,3:00,7493,788,3436,3947,22,297,926,145,792,0,0,604,0,1,-2,-3466,3,7493
2025/11/8,3:30,7491,788,3418,3888,23,302,918,145,795,0,0,597,0,1,-1,-3386,3,7491
2025/11/8,4:00,7679,792,3706,3918,24,297,906,145,796,0,0,494,0,1,-1,-3402,3,7679
2025/11/8,4:30,7787,786,3814,3962,25,302,899,145,793,0,0,428,0,1,-1,-3370,3,7787
2025/11/8,5:00,7840,792,3866,3950,26,298,886,145,793,0,0,513,0,1,-1,-3432,3,7840
2025/11/8,5:30,7916,784,4430,3883,26,302,884,145,796,0,0,414,0,1,-1,-3752,4,7916
2025/11/8,6:00,7908,792,4074,3775,26,300,898,145,792,18,0,359,0,1,1,-3280,7,7908
2025/11/8,6:30,8048,788,4344,3775,25,303,861,143,780,336,0,337,0,1,-2,-3656,13,8048
2025/11/8,7:00,7890,788,4066,3705,25,300,831,143,787,858,0,330,0,1,8,-3972,20,7890
2025/11/8,7:30,8044,788,3670,3675,25,305,811,143,788,1613,0,259,0,1,-13,-4040,19,8044
2025/11/8,8:00,8146,790,3560,3422,24,306,779,143,791,2578,0,209,0,1,0,-4478,21,8146
2025/11/8,8:30,8221,788,3098,3207,23,301,778,143,791,3392,0,199,0,1,-17,-4498,15,8221
2025/11/8,9:00,8336,786,2816,3125,22,301,796,141,788,3949,0,201,0,1,-10,-4596,16,8336
2025/11/8,9:30,8240,790,2548,2899,22,302,799,143,790,4459,0,147,0,1,-21,-4656,17,8240
2025/11/8,10:00,8179,790,2190,2821,21,299,815,143,791,4807,0,111,0,1,-8,-4620,18,8179
2025/11/8,10:30,8017,788,1832,2814,20,298,824,143,793,4869,0,109,0,1,-19,-4472,17,8017
2025/11/8,11:00,7977,788,1756,2782,21,299,825,143,793,4886,0,89,0,1,-23,-4398,15,7977
2025/11/8,11:30,7956,790,1682,2534,21,298,822,143,794,5334,0,65,0,1,-55,-4490,17,7956
2025/11/8,12:00,7791,788,1678,2472,23,299,833,143,798,5277,0,33,0,1,-44,-4522,12,7791
2025/11/8,12:30,7688,790,1746,2641,24,298,826,143,797,4886,0,24,0,1,-19,-4480,11,7688
2025/11/8,13:00,7718,788,2188,2934,24,300,824,143,797,4260,0,22,0,1,-9,-4568,14,7718
2025/11/8,13:30,7783,790,2900,3386,24,298,847,143,793,3286,0,20,0,1,28,-4746,13,7783
2025/11/8,14:00,7751,790,3058,3768,23,297,860,143,797,2633,0,29,0,1,31,-4690,11,7751
2025/11/8,14:30,7689,786,3254,3984,23,306,865,141,791,1962,0,31,0,1,-6,-4462,13,7689
2025/11/8,15:00,7766,792,3746,4052,24,339,914,143,799,1210,0,21,0,1,-40,-4250,15,7766
2025/11/8,15:30,7883,792,4352,4216,26,344,935,143,805,570,0,15,0,1,-38,-4294,16,7883
2025/11/8,16:00,8119,784,4662,4368,26,345,1059,144,831,135,0,14,0,1,11,-4276,15,8119
2025/11/8,16:30,8584,790,5160,4469,27,349,1105,145,841,0,0,18,0,1,13,-4350,16,8584
2025/11/8,17:00,8721,790,4876,4471,28,387,1103,145,831,0,0,29,0,1,12,-3970,18,8721
2025/11/8,17:30,8773,786,4858,4562,29,388,1102,146,833,0,0,28,0,1,15,-3992,17,8773
2025/11/8,18:00,8738,790,5032,4568,29,398,1100,145,831,0,0,29,0,1,18,-4222,19,8738
2025/11/8,18:30,8725,788,5122,4528,29,396,1102,145,825,0,0,77,0,1,48,-4352,16,8725
2025/11/8,19:00,8560,790,5256,4427,29,393,1102,117,822,0,0,128,0,1,44,-4564,15,8560
2025/11/8,19:30,8383,788,5042,4444,28,395,1098,103,815,0,0,133,0,1,5,-4482,13,8383
2025/11/8,20:00,8255,790,4730,4382,28,396,1002,103,819,0,0,174,0,1,-1,-4184,15,8255
2025/11/8,20:30,8124,788,4652,4319,27,393,985,103,818,0,0,204,0,1,-2,-4178,14,8124
2025/11/8,21:00,7969,790,4414,4222,26,394,956,103,820,0,0,217,0,1,-2,-3984,12,7969
2025/11/8,21:30,7659,786,4452,3991,25,392,933,101,817,0,0,227,0,1,-2,-4072,8,7659
2025/11/8,22:00,7592,790,4406,3953,24,315,847,103,820,0,0,233,0,1,-1,-3912,13,7592
2025/11/8,22:30,7321,790,3990,3934,23,297,842,103,818,0,0,238,0,1,-1,-3728,14,7321
2025/11/8,23:00,7259,792,3596,3914,23,299,846,103,821,0,0,251,0,1,-1,-3392,6,7259
2025/11/8,23:30,7023,786,3000,3916,22,301,848,103,822,0,0,306,0,1,-2,-3084,4,7023
2025/11/9,0:00,6859,792,2800,3911,21,307,848,103,825,0,0,335,0,1,-1,-3086,3,6859
2025/11/9,0:30,6760,790,2604,3944,20,305,861,103,829,0,0,391,0,1,-1,-3090,3,6760
2025/11/9,1:00,6682,790,2666,3879,20,308,896,103,826,0,0,383,0,1,-1,-3192,3,6682
2025/11/9,1:30,6753,790,2742,3910,20,305,897,103,826,0,0,383,0,1,-1,-3226,3,6753
2025/11/9,2:00,6839,788,2816,3913,20,306,894,103,828,0,0,374,0,1,-1,-3206,3,6839
2025/11/9,2:30,6986,788,3018,3915,21,308,896,103,822,0,0,331,0,1,0,-3220,3,6986
2025/11/9,3:00,7219,790,3184,3949,22,307,890,103,823,0,0,339,0,1,0,-3192,3,7219
2025/11/9,3:30,7188,790,3188,3878,22,308,888,103,818,0,0,352,0,1,-1,-3162,3,7188
2025/11/9,4:00,7370,788,3264,3924,24,308,880,103,819,0,0,375,0,1,-1,-3118,3,7370
2025/11/9,4:30,7428,792,3304,3910,24,316,877,103,816,0,0,385,0,1,-1,-3102,3,7428
2025/11/9,5:00,7504,786,3502,3906,24,315,860,100,819,0,0,390,0,1,-1,-3202,4,7504
2025/11/9,5:30,7550,794,3612,3913,24,314,848,103,817,0,0,400,0,1,-1,-3280,5,7550
2025/11/9,6:00,7534,788,3392,3911,24,317,835,102,815,4,0,453,0,1,-2,-3114,8,7534
2025/11/9,6:30,7498,788,3156,3973,24,311,811,101,806,106,0,466,0,1,-4,-3056,15,7498
2025/11/9,7:00,7465,792,3252,3920,25,305,814,102,820,264,0,442,0,1,-1,-3292,21,7465
2025/11/9,7:30,7623,784,3160,3956,25,320,818,102,823,459,0,454,0,1,-2,-3296,19,7623
2025/11/9,8:00,7717,790,2972,3967,26,349,767,101,817,716,0,430,0,1,0,-3234,15,7717
2025/11/9,8:30,7946,794,3252,3940,26,349,752,101,813,935,0,442,0,1,-2,-3470,13,7946
2025/11/9,9:00,8059,786,3906,3953,26,350,743,100,810,1151,0,403,0,1,-16,-4170,16,8059
2025/11/9,9:30,8054,790,3872,3968,26,351,757,101,810,1248,0,418,0,1,-11,-4294,17,8054
2025/11/9,10:00,8031,790,3708,3953,25,312,765,100,810,1296,0,429,0,1,-17,-4156,15,8031
2025/11/9,10:30,7941,788,3656,3951,25,305,766,98,710,1245,0,403,0,1,-22,-4002,17,7941
2025/11/9,11:00,7888,792,3054,3958,26,334,795,102,723,1219,0,392,0,1,-12,-3508,12,7888
2025/11/9,11:30,7901,788,2992,3955,26,342,804,102,746,1106,0,428,0,1,-26,-3378,15,7901
2025/11/9,12:00,7769,792,2628,3946,26,380,815,102,753,1274,0,420,0,1,-52,-3326,10,7769
2025/11/9,12:30,7805,788,2710,3893,26,385,813,102,750,1440,0,403,0,1,-52,-3464,10,7805
2025/11/9,13:00,7727,790,2876,3853,26,389,821,102,750,1262,0,433,0,1,1,-3590,13,7727
2025/11/9,13:30,7741,788,3208,3912,26,387,859,103,751,851,0,439,0,1,-7,-3592,15,7741
2025/11/9,14:00,7677,792,2906,3854,25,387,865,101,746,645,0,476,0,1,2,-3136,13,7677
2025/11/9,14:30,7718,788,2936,3933,25,390,852,101,741,434,0,522,0,1,-2,-3018,15,7718
2025/11/9,15:00,7722,794,2952,3961,25,388,932,102,756,226,0,561,0,1,-5,-2984,13,7722
2025/11/9,15:30,8011,790,3816,3966,26,385,977,101,758,112,0,559,0,1,0,-3496,16,8011
2025/11/9,16:00,8198,790,4224,4141,27,383,1123,99,780,32,0,572,0,1,10,-4000,16,8198
2025/11/9,16:30,8500,790,4540,4188,28,389,1156,102,795,0,0,608,0,1,16,-4128,15,8500
2025/11/9,17:00,8649,788,4500,4276,29,387,1164,102,795,0,0,624,0,1,12,-4048,19,8649
2025/11/9,17:30,8698,790,4516,4216,29,393,1161,102,787,0,0,657,0,1,39,-4012,19,8698
2025/11/9,18:00,8690,792,4238,4253,29,404,1119,102,803,0,0,647,0,1,48,-3766,20,8690
2025/11/9,18:30,8599,786,4148,4249,28,401,1125,102,807,0,0,656,0,1,21,-3744,19,8599
2025/11/9,19:00,8508,792,4212,4236,28,403,1131,102,809,0,0,714,0,1,13,-3948,15,8508
2025/11/9,19:30,8297,790,4282,4121,27,402,1135,102,808,0,0,680,0,1,1,-4064,12,8297
2025/11/9,20:00,8226,792,4244,4031,26,403,1054,102,814,0,0,669,0,1,-1,-3922,13,8226
2025/11/9,20:30,7910,786,3596,3954,26,400,1058,102,818,0,0,907,0,1,-2,-3750,14,7910
2025/11/9,21:00,7789,792,3182,3967,25,402,1040,102,821,0,0,1259,0,1,-1,-3814,13,7789
2025/11/9,21:30,7529,790,3066,3855,23,408,1015,100,821,0,0,1313,0,1,-2,-3868,7,7529
2025/11/9,22:00,7288,790,3068,3892,22,328,1005,102,819,0,0,1366,0,1,-1,-4116,12,7288
2025/11/9,22:30,7146,792,3064,3896,21,322,1002,102,822,0,0,1424,0,1,-1,-4312,13,7146
2025/11/9,23:00,7145,790,3218,3921,22,317,953,102,823,0,0,1449,0,1,-1,-4462,12,7145
2025/11/9,23:30,6804,790,2784,3866,21,319,953,102,824,0,0,1440,0,1,-1,-4300,5,6804
2025/11/10,0:00,6683,786,2564,3910,20,313,1003,102,819,0,0,1370,0,1,-11,-4196,2,6683
2025/11/10,0:30,6602,792,2520,3948,19,310,995,102,814,0,0,1346,0,1,-12,-4236,3,6602
2025/11/10,1:00,6603,786,2672,3884,19,307,1000,102,817,0,0,1266,0,1,-11,-4242,2,6603
2025/11/10,1:30,6606,790,2586,3922,19,301,997,102,819,0,0,1165,0,1,-11,-4088,3,6606
2025/11/10,2:00,6820,790,2776,3921,20,301,996,102,817,0,0,1113,0,1,-12,-4008,3,6820
2025/11/10,2:30,6915,788,2794,3927,21,303,1002,102,811,0,0,1107,0,1,0,-3944,3,6915
2025/11/10,3:00,7206,794,3092,3947,22,299,1004,101,807,0,0,1014,0,1,0,-3878,3,7206
2025/11/10,3:30,7253,788,3344,3894,22,304,1005,103,812,0,0,818,0,1,-1,-3840,3,7253
2025/11/10,4:00,7444,792,3314,3929,23,303,987,102,810,0,0,977,0,1,-1,-3796,3,7444
2025/11/10,4:30,7601,786,3472,3921,24,306,995,102,808,0,0,1075,0,1,-1,-3890,2,7601
2025/11/10,5:00,7777,788,3526,3953,25,300,987,102,810,0,0,959,0,1,-1,-3676,3,7777
2025/11/10,5:30,7888,796,3688,3894,25,303,989,103,810,0,0,1007,0,1,-3,-3728,3,7888
2025/11/10,6:00,8094,788,3886,3924,25,311,1020,102,818,10,0,1020,0,1,-1,-3818,8,8094
2025/11/10,6:30,8337,788,3930,4051,26,308,967,101,806,416,0,906,0,1,-2,-3972,11,8337
2025/11/10,7:00,8262,792,3508,4015,27,313,928,101,808,1141,0,923,0,1,-8,-4308,21,8262
2025/11/10,7:30,8540,788,2820,4006,28,314,927,100,806,2079,0,916,0,0,0,-4262,18,8540
2025/11/10,8:00,9010,788,3172,3761,29,311,947,101,803,2797,0,1057,0,0,-2,-4768,14,9010
2025/11/10,8:30,9420,790,3276,3579,30,313,934,101,806,3143,0,1142,0,0,6,-4714,14,9420
2025/11/10,9:00,9711,788,3584,3716,30,313,941,101,807,2875,0,1203,0,0,-10,-4652,15,9711
2025/11/10,9:30,9751,790,3450,3736,30,314,933,101,811,2782,0,1486,0,0,-1,-4698,17,9751
2025/11/10,10:00,9749,790,3444,3771,28,313,951,101,810,2919,0,1459,0,0,-35,-4816,14,9749
2025/11/10,10:30,9745,788,3484,3844,28,316,955,100,809,2789,0,1525,0,0,-49,-4860,16,9745
2025/11/10,11:00,9723,794,2854,3740,29,313,978,99,808,3486,0,1628,0,0,26,-5044,12,9723
2025/11/10,11:30,9628,786,2836,3608,29,311,980,100,810,3547,0,1657,0,0,30,-5080,14,9628
2025/11/10,12:00,9210,782,2524,3493,27,311,990,101,813,3797,0,1640,0,0,-10,-5268,10,9210
2025/11/10,12:30,9171,788,2382,3522,26,314,1029,101,811,3690,0,1710,0,0,-33,-5178,9,9171
2025/11/10,13:00,9547,790,2788,3614,26,317,1055,100,811,3518,0,1733,0,0,-37,-5180,12,9547
2025/11/10,13:30,9657,782,3098,3859,29,314,1066,101,809,3049,0,1746,0,0,-6,-5200,10,9657
2025/11/10,14:00,9669,786,3588,3969,28,321,1112,100,805,2441,0,1706,0,0,-2,-5196,11,9669
2025/11/10,14:30,9696,784,3998,4282,29,320,1116,100,809,1624,0,1718,0,0,-1,-5092,9,9696
2025/11/10,15:00,9719,792,3954,4683,30,364,1202,101,810,1005,0,1745,0,0,-7,-4972,12,9719
2025/11/10,15:30,9982,788,4602,4858,31,372,1209,101,812,473,0,1737,0,0,2,-5016,13,9982
2025/11/10,16:00,10290,786,4916,5019,32,371,1302,103,825,69,0,1760,0,0,-5,-4902,14,10290
2025/11/10,16:30,10456,788,5070,5063,32,373,1316,103,828,0,0,1771,0,0,1,-4900,11,10456
2025/11/10,17:00,10378,794,5088,5115,33,407,1318,103,830,0,0,1703,0,0,-3,-5026,16,10378
2025/11/10,17:30,10312,788,4978,5174,33,417,1339,103,829,0,0,1689,0,0,25,-5078,15,10312
2025/11/10,18:00,10298,786,4986,5104,34,421,1353,103,832,0,0,1728,0,0,33,-5100,18,10298
2025/11/10,18:30,10114,788,5022,5068,33,420,1355,103,832,0,0,1666,0,0,6,-5196,17,10114
2025/11/10,19:00,9932,790,4932,5024,32,422,1320,103,835,0,0,1558,0,0,-2,-5096,14,9932
2025/11/10,19:30,9759,790,4882,4925,32,420,1314,103,831,0,0,1587,0,0,-1,-5136,12,9759
2025/11/10,20:00,9434,786,4626,4772,31,419,1319,103,829,0,0,1618,0,0,-2,-5082,15,9434
2025/11/10,20:30,9308,790,4320,4747,30,420,1312,105,831,0,0,1690,0,0,-1,-4950,14,9308
2025/11/10,21:00,9041,792,4180,4682,29,421,1279,105,827,0,0,1673,0,0,-2,-4956,11,9041
2025/11/10,21:30,8687,786,3992,4657,27,332,1264,106,828,0,0,1651,0,0,-1,-4962,7,8687
2025/11/10,22:00,8569,790,3566,4667,26,324,1256,105,820,0,0,1721,0,0,-1,-4720,15,8569
2025/11/10,22:30,8220,788,3280,4542,24,326,1229,105,821,0,0,1694,0,0,-2,-4602,15,8220
2025/11/10,23:00,8135,792,3292,4543,25,325,1225,104,824,0,0,1653,0,0,-1,-4652,5,8135
2025/11/10,23:30,7832,788,3060,4319,24,318,1226,106,824,0,0,1755,0,0,-1,-4590,3,7832
2025/11/11,0:00,7651,788,2666,4370,23,317,1207,105,823,0,0,1751,0,0,-2,-4400,3,7651
2025/11/11,0:30,7522,788,2452,4502,22,313,1210,106,824,0,0,1730,0,0,-2,-4426,3,7522
2025/11/11,1:00,7500,790,2574,4490,21,315,1216,105,822,0,0,1696,0,0,-1,-4530,2,7500
2025/11/11,1:30,7538,790,2544,4531,21,310,1221,106,825,0,0,1731,0,0,-2,-4542,3,7538
2025/11/11,2:00,7681,788,2684,4490,22,315,1233,105,823,0,0,1766,0,0,-2,-4546,3,7681
2025/11/11,2:30,7772,786,2630,4493,23,315,1239,106,819,0,0,1773,0,0,-1,-4414,3,7772
2025/11/11,3:00,8051,790,3014,4500,23,312,1268,105,821,0,0,1786,0,0,-1,-4570,3,8051
2025/11/11,3:30,8079,792,2982,4527,24,316,1270,105,820,0,0,1739,0,0,-1,-4498,3,8079
2025/11/11,4:00,8296,786,3270,4515,25,316,1269,106,819,0,0,1767,0,0,-2,-4578,3,8296
2025/11/11,4:30,8290,790,3370,4331,27,320,1295,106,819,0,0,1706,0,0,-1,-4476,3,8290
2025/11/11,5:00,8700,788,3770,4371,27,323,1310,105,822,0,0,1786,0,0,-1,-4604,3,8700
2025/11/11,5:30,8760,790,4000,4297,28,326,1298,106,822,0,0,1821,0,0,-1,-4730,3,8760
2025/11/11,6:00,9128,786,4398,4254,28,322,1303,106,827,8,0,1813,0,0,-1,-4724,8,9128
2025/11/11,6:30,9108,790,4186,4233,29,321,1252,103,823,397,0,1712,0,0,-2,-4750,14,9108
2025/11/11,7:00,9159,788,3622,4337,28,321,1242,103,828,932,0,1675,0,0,2,-4740,21,9159
2025/11/11,7:30,9373,788,3188,4387,28,322,1233,104,828,1569,0,1675,0,0,-8,-4760,19,9373
2025/11/11,8:00,9655,786,3414,4111,29,322,1204,101,834,2372,0,1665,0,0,5,-5202,14,9655
2025/11/11,8:30,10101,788,3510,3854,30,319,1193,101,833,3058,0,1703,0,0,-3,-5298,13,10101
2025/11/11,9:00,10197,790,3320,3647,31,316,1166,101,830,3605,0,1721,0,0,1,-5346,15,10197
2025/11/11,9:30,10255,784,3322,3538,30,277,1151,100,826,3897,0,1704,0,0,1,-5392,17,10255
2025/11/11,10:00,10097,792,3336,3355,31,236,1147,107,800,3867,0,1690,0,0,-6,-5272,14,10097
2025/11/11,10:30,10040,790,3032,3321,31,231,1152,110,791,4057,0,1676,0,0,-1,-5166,16,10040
2025/11/11,11:00,10077,788,2940,3360,31,234,1162,110,793,4151,0,1664,0,0,-4,-5164,12,10077
2025/11/11,11:30,9931,786,2956,3082,31,231,1171,110,804,4314,0,1640,0,-2,-6,-5200,14,9931
2025/11/11,12:00,9584,792,2970,3246,30,231,1186,110,811,4107,0,1690,0,-210,-40,-5348,9,9584
2025/11/11,12:30,9401,788,2992,3324,30,230,1193,110,819,3860,0,1697,0,-224,-34,-5392,8,9401
2025/11/11,13:00,9867,786,3418,3648,30,281,1191,110,822,3551,0,1687,0,-222,-7,-5440,12,9867
2025/11/11,13:30,9963,792,3642,4024,31,319,1201,113,821,2947,0,1649,0,-222,8,-5372,10,9963
2025/11/11,14:00,10005,786,4164,4173,31,329,1209,115,724,2224,0,1630,0,-2,-7,-5382,11,10005
2025/11/11,14:30,9991,790,4564,4339,32,328,1226,115,722,1550,0,1609,0,0,-2,-5292,10,9991
2025/11/11,15:00,9954,788,4862,4440,31,430,1290,115,738,984,0,1645,0,0,-5,-5376,12,9954
2025/11/11,15:30,10204,788,5288,4626,32,433,1329,115,746,440,0,1672,0,0,-1,-5278,14,10204
2025/11/11,16:00,10338,788,5344,4649,32,432,1381,117,757,55,0,1694,0,0,-1,-4924,14,10338
2025/11/11,16:30,10580,792,5574,4859,33,438,1394,114,751,0,0,1659,0,0,-5,-5040,11,10580
2025/11/11,17:00,10523,788,5342,4960,34,437,1415,117,748,0,0,1752,0,0,0,-5086,16,10523
2025/11/11,17:30,10423,788,5334,4944,34,430,1420,118,753,0,0,1747,0,0,0,-5160,15,10423
2025/11/11,18:00,10439,792,5446,5024,34,423,1423,118,754,0,0,1683,0,0,-1,-5278,21,10439
2025/11/11,18:30,10198,786,5216,4939,34,428,1415,117,755,0,0,1663,0,0,-2,-5170,17,10198
2025/11/11,19:00,10087,792,5246,4903,33,428,1415,117,777,0,0,1682,0,0,-1,-5320,15,10087
2025/11/11,19:30,9881,788,4954,4884,33,425,1412,117,794,0,0,1657,0,0,-2,-5194,13,9881
2025/11/11,20:00,9607,788,4960,4634,31,423,1327,117,793,0,0,1687,0,0,-1,-5168,16,9607
2025/11/11,20:30,9476,790,4820,4619,31,424,1323,117,792,0,0,1639,0,0,-1,-5092,14,9476
2025/11/11,21:00,9147,790,4764,4530,29,425,1261,116,796,0,0,1572,0,0,-1,-5146,11,9147
2025/11/11,21:30,8862,788,4504,4503,28,421,1231,117,794,0,0,1565,0,0,-2,-5094,7,8862
2025/11/11,22:00,8610,790,4030,4516,26,318,1201,117,789,0,0,1638,0,0,-1,-4828,14,8610
2025/11/11,22:30,8376,786,3678,4472,25,298,1201,117,795,0,0,1658,0,0,24,-4692,14,8376
2025/11/11,23:00,8202,792,3640,4479,25,292,1196,117,800,0,0,1619,0,0,33,-4796,5,8202
2025/11/11,23:30,7842,788,3342,4470,24,286,1195,117,815,0,0,1619,0,0,5,-4822,3,7842
2025/11/12,0:00,7757,788,3018,4546,23,277,1196,117,821,0,0,1609,0,0,-1,-4640,3,7757
2025/11/12,0:30,7560,790,2882,4463,22,276,1192,115,822,0,0,1577,0,0,-1,-4580,2,7560
2025/11/12,1:00,7646,792,3012,4535,22,271,1198,117,823,0,0,1524,0,0,-1,-4650,3,7646
2025/11/12,1:30,7609,786,2974,4500,22,271,1209,117,827,0,0,1505,0,0,-1,-4604,3,7609
2025/11/12,2:00,7765,790,3012,4467,22,274,1241,117,824,0,0,1516,0,0,-1,-4500,3,7765
2025/11/12,2:30,7903,788,3036,4536,23,273,1196,116,824,0,0,1421,0,0,-1,-4312,3,7903
2025/11/12,3:00,7963,790,2970,4448,24,271,1168,117,824,0,0,1441,0,0,-1,-4092,3,7963
2025/11/12,3:30,8166,788,3306,4498,25,276,1159,117,824,0,0,1464,0,0,0,-4294,3,8166
2025/11/12,4:00,8379,788,3702,4545,26,276,1115,118,824,0,0,1312,0,0,-1,-4328,2,8379
2025/11/12,4:30,8386,786,3710,4464,27,277,1106,117,823,0,0,1289,0,0,-2,-4214,3,8386
2025/11/12,5:00,8773,790,4254,4536,28,277,1106,117,825,0,0,1295,0,0,-2,-4456,3,8773
2025/11/12,5:30,8911,788,4606,4471,29,277,1097,117,824,0,0,1221,0,0,0,-4522,3,8911
2025/11/12,6:00,9300,790,4930,4557,30,277,1104,116,823,10,0,1152,0,0,1,-4498,8,9300
2025/11/12,6:30,9348,790,5102,4437,30,277,1051,114,807,442,0,1013,0,0,-7,-4722,14,9348
2025/11/12,7:00,9304,786,4372,4394,30,272,984,115,809,1161,0,904,0,0,-7,-4536,20,9304
2025/11/12,7:30,9353,788,3406,4198,29,299,973,115,808,2193,0,873,0,0,-1,-4346,18,9353
2025/11/12,8:00,9657,786,3768,3949,28,278,953,114,809,3287,0,774,0,0,-1,-5102,14,9657
2025/11/12,8:30,9850,792,3100,3820,27,273,945,115,800,4242,0,706,0,0,-1,-4982,13,9850
2025/11/12,9:00,9953,784,3178,3447,26,275,955,114,801,4974,0,625,0,0,7,-5248,15,9953
2025/11/12,9:30,9866,790,2954,3203,26,279,955,115,801,5472,0,586,0,0,1,-5332,16,9866
2025/11/12,10:00,9744,792,2658,3134,26,274,931,115,805,5827,0,519,0,0,-9,-5342,14,9744
2025/11/12,10:30,9662,782,2346,3112,25,280,934,115,803,6080,0,487,0,0,-2,-5316,16,9662
2025/11/12,11:00,9631,792,2198,3148,25,284,928,115,801,6226,0,470,0,0,-13,-5354,11,9631
2025/11/12,11:30,9454,788,2300,3095,25,287,945,114,803,6275,0,452,0,-212,2,-5434,14,9454
2025/11/12,12:00,8990,786,2030,2800,24,288,949,115,805,6208,0,448,0,-34,-3,-5434,8,8990
2025/11/12,12:30,8868,792,2068,2797,24,291,954,114,806,5942,0,453,0,0,-4,-5376,7,8868
2025/11/12,13:00,9225,792,2550,3105,24,296,953,115,806,5427,0,462,0,0,0,-5316,11,9225
2025/11/12,13:30,9256,788,2890,3533,24,290,954,114,802,4708,0,434,0,0,-2,-5288,9,9256
2025/11/12,14:00,9252,784,3332,3932,26,293,955,115,804,3856,0,410,0,0,-4,-5262,11,9252
2025/11/12,14:30,9242,790,3946,4245,26,307,960,113,804,2750,0,389,0,0,-3,-5094,9,9242
2025/11/12,15:00,9249,790,4296,4625,26,385,975,115,804,1584,0,350,0,0,-37,-4676,12,9249
2025/11/12,15:30,9473,788,5138,4870,28,354,1027,115,805,610,0,336,0,0,-41,-4570,13,9473
2025/11/12,16:00,9637,788,5068,4889,29,355,1129,116,817,86,0,335,0,0,-2,-3986,13,9637
2025/11/12,16:30,9986,790,5412,4880,30,353,1153,117,822,0,0,331,0,0,-3,-3910,11,9986
2025/11/12,17:00,9978,790,5394,4941,32,380,1156,118,825,0,0,346,0,0,-2,-4018,16,9978
2025/11/12,17:30,10025,788,5466,4987,32,385,1160,117,825,0,0,364,0,0,0,-4114,15,10025
2025/11/12,18:00,9937,788,5424,5083,33,382,1139,117,826,0,0,359,0,0,-2,-4230,18,9937
2025/11/12,18:30,9961,790,5620,5111,33,373,1133,117,824,0,0,341,0,0,-2,-4396,17,9961
2025/11/12,19:00,9758,788,5386,5129,33,365,1133,116,826,0,0,360,0,0,-2,-4392,16,9758
2025/11/12,19:30,9715,790,5648,5051,32,366,1132,116,823,0,0,352,0,0,-1,-4606,12,9715
2025/11/12,20:00,9409,790,5226,5053,31,368,1089,116,832,0,0,363,0,0,-2,-4472,15,9409
2025/11/12,20:30,9381,788,5336,4972,30,373,1085,116,847,0,0,351,0,0,-2,-4528,13,9381
2025/11/12,21:00,9027,788,5358,4720,29,371,1073,117,847,0,0,363,0,0,-2,-4648,11,9027
2025/11/12,21:30,8810,792,5138,4740,28,368,1060,116,845,0,0,401,0,0,19,-4704,7,8810
2025/11/12,22:00,8554,788,4856,4693,26,278,1027,117,849,0,0,416,0,0,34,-4544,14,8554
2025/11/12,22:30,8267,788,4692,4572,25,272,1024,114,829,0,0,432,0,0,10,-4506,15,8267
2025/11/12,23:00,8252,792,4780,4500,26,272,1022,117,829,0,0,431,0,0,-2,-4520,5,8252
2025/11/12,23:30,7842,788,4186,4405,24,272,1022,116,829,0,0,429,0,0,-3,-4230,4,7842
2025/11/13,0:00,7830,790,3708,4446,23,277,998,117,831,0,0,388,0,0,-2,-3748,2,7830
2025/11/13,0:30,7630,790,3648,4319,22,280,978,116,826,0,0,373,0,0,-2,-3722,2,7630
2025/11/13,1:00,7747,788,3558,4477,22,273,970,116,826,0,0,390,0,0,-1,-3674,2,7747
2025/11/13,1:30,7792,786,3496,4430,22,268,972,117,830,0,0,455,0,0,-1,-3586,3,7792
2025/11/13,2:00,7865,792,3124,4428,23,268,969,116,826,0,0,454,0,0,0,-3138,3,7865
2025/11/13,2:30,8084,788,3314,4460,23,267,972,116,826,0,0,504,0,0,-1,-3188,3,8084
2025/11/13,3:00,8190,786,3466,4428,24,265,979,117,829,0,0,548,0,0,-1,-3254,3,8190
2025/11/13,3:30,8402,788,3624,4493,25,269,980,116,827,0,0,571,0,0,0,-3294,3,8402
2025/11/13,4:00,8468,792,3726,4463,26,271,977,116,828,0,0,561,0,0,0,-3294,2,8468
2025/11/13,4:30,8639,786,4044,4441,27,275,974,117,829,0,0,578,0,0,-1,-3434,3,8639
2025/11/13,5:00,8842,790,4464,4445,27,277,974,116,826,0,0,610,0,0,0,-3690,3,8842
2025/11/13,5:30,9109,790,4808,4425,28,283,981,116,830,0,0,657,0,0,0,-3812,3,9109
2025/11/13,6:00,9361,790,4986,4371,29,278,977,116,831,3,0,689,0,0,-3,-3714,8,9361
2025/11/13,6:30,9561,784,5178,4462,29,276,924,114,813,316,0,658,0,0,-1,-4006,14,9561
2025/11/13,7:00,9704,790,5118,4572,29,281,920,112,818,768,0,672,0,0,-33,-4364,21,9704
2025/11/13,7:30,9780,792,4644,4528,28,295,922,113,816,1419,0,643,0,0,-6,-4432,18,9780
2025/11/13,8:00,10100,784,4980,4499,29,331,907,114,808,1974,0,634,0,0,33,-5008,15,10100
2025/11/13,8:30,10433,790,4758,4543,30,287,905,114,805,2315,0,682,0,0,3,-4812,13,10433
2025/11/13,9:00,10629,790,4858,4539,28,291,909,113,803,2538,0,708,0,0,-7,-4956,15,10629
2025/11/13,9:30,10536,788,4296,4549,26,299,915,114,805,3043,0,703,0,0,-4,-5014,16,10536
2025/11/13,10:00,10283,788,3692,4231,26,300,921,113,806,3599,0,758,0,0,-1,-4964,14,10283
2025/11/13,10:30,10174,790,3664,4142,26,304,924,113,804,3612,0,849,0,0,-4,-5066,16,10174
2025/11/13,11:00,9948,790,3242,4081,26,305,927,113,808,3847,0,884,0,0,-5,-5082,12,9948
2025/11/13,11:30,9908,784,3082,3908,26,346,929,117,806,4029,0,926,0,0,-3,-5056,14,9908
2025/11/13,12:00,9395,796,2798,3803,24,347,931,116,809,3857,0,1028,0,0,-41,-5082,9,9395
2025/11/13,12:30,9343,786,3088,3890,24,343,931,115,808,3340,0,1253,0,0,-37,-5206,8,9343
2025/11/13,13:00,9742,792,3714,4210,25,343,935,115,808,2811,0,1258,0,0,-9,-5272,12,9742
2025/11/13,13:30,9750,784,3720,4396,26,347,951,114,808,2527,0,1226,0,0,0,-5158,9,9750
2025/11/13,14:00,9812,790,3916,4495,27,341,951,114,807,2093,0,1267,0,0,-2,-4998,11,9812
2025/11/13,14:30,9716,790,4038,4667,29,326,963,113,806,1569,0,1316,0,0,2,-4912,9,9716
2025/11/13,15:00,9725,790,4522,4855,29,397,969,114,809,909,0,1355,0,0,-2,-5034,12,9725
2025/11/13,15:30,9890,786,5030,4988,30,393,993,113,805,392,0,1458,0,0,-1,-5110,13,9890
2025/11/13,16:00,10050,790,5358,5101,31,388,1097,116,822,50,0,1430,0,0,-4,-5142,13,10050
2025/11/13,16:30,10268,788,5434,5183,31,383,1157,115,827,0,0,1377,0,0,0,-5038,11,10268
2025/11/13,17:00,10138,786,5112,5217,31,382,1180,116,831,0,0,1363,0,0,-4,-4892,16,10138
2025/11/13,17:30,10033,794,4988,5191,31,383,1184,115,831,0,0,1357,0,1,-1,-4856,15,10033
2025/11/13,18:00,9990,790,4932,5249,31,383,1160,114,833,0,0,1350,0,1,-1,-4870,18,9990
2025/11/13,18:30,9762,790,4754,5124,31,382,1173,114,829,0,0,1353,0,1,-1,-4804,16,9762
2025/11/13,19:00,9677,790,4626,5088,31,380,1187,114,835,0,0,1413,0,1,-2,-4802,16,9677
2025/11/13,19:30,9425,788,4486,4862,30,382,1197,114,835,0,0,1508,0,1,-2,-4790,14,9425
2025/11/13,20:00,9207,790,4234,4784,29,381,1187,114,834,0,0,1635,0,1,-1,-4796,15,9207
2025/11/13,20:30,9076,792,4084,4724,28,381,1192,115,834,0,0,1694,0,1,33,-4816,14,9076
2025/11/13,21:00,8768,784,3880,4689,27,382,1159,113,838,0,0,1700,0,1,32,-4848,11,8768
2025/11/13,21:30,8546,792,3830,4715,26,294,1142,116,835,0,0,1655,0,1,-1,-4866,7,8546
2025/11/13,22:00,8296,792,3280,4676,24,284,1102,115,833,0,0,1590,0,1,-1,-4414,14,8296
2025/11/13,22:30,7985,784,3134,4596,23,286,1099,114,838,0,0,1503,0,1,-1,-4406,14,7985
2025/11/13,23:00,7916,794,3278,4501,24,282,1094,115,838,0,0,1439,0,1,-1,-4454,5,7916
2025/11/13,23:30,7637,786,3052,4450,23,283,1089,115,838,0,0,1408,0,1,-2,-4410,4,7637
2025/11/14,0:00,7399,794,2762,4444,22,282,1096,115,838,0,0,1380,0,1,-6,-4332,3,7399
2025/11/14,0:30,7235,790,2620,4494,21,286,1092,114,834,0,0,1343,0,1,-6,-4356,2,7235
2025/11/14,1:00,7252,788,2740,4479,21,285,1086,114,834,0,0,1338,0,1,-6,-4430,2,7252
2025/11/14,1:30,7304,792,2864,4474,21,282,1074,115,832,0,0,1319,0,1,-6,-4466,2,7304
2025/11/14,2:00,7393,788,3030,4468,21,281,1060,114,831,0,0,1318,0,1,-2,-4520,3,7393
2025/11/14,2:30,7582,790,3210,4478,23,280,1067,114,830,0,0,1304,0,1,-2,-4516,3,7582
2025/11/14,3:00,7670,790,3190,4411,23,278,1062,115,832,0,0,1310,0,1,-1,-4344,3,7670
2025/11/14,3:30,7880,790,3432,4473,24,281,1060,115,832,0,0,1302,0,1,0,-4432,2,7880
2025/11/14,4:00,7990,788,3476,4468,25,281,1051,114,834,0,0,1259,0,1,-1,-4308,2,7990
2025/11/14,4:30,8189,790,3838,4531,26,281,1047,112,833,0,0,1175,0,1,-1,-4446,2,8189
2025/11/14,5:00,8316,788,4238,4441,27,279,1043,115,834,0,0,1131,0,1,-2,-4582,3,8316
2025/11/14,5:30,8526,790,4470,4359,26,284,1042,114,834,0,0,1122,0,1,-1,-4518,3,8526
2025/11/14,6:00,8745,788,4788,4292,27,281,1045,115,828,8,0,1118,0,1,0,-4554,8,8745
2025/11/14,6:30,8786,788,4646,4154,28,281,1008,112,826,378,0,1076,0,1,-2,-4524,14,8786
2025/11/14,7:00,8818,792,4060,4071,28,284,1013,113,831,1005,0,1061,0,1,-11,-4450,20,8818
2025/11/14,7:30,8936,784,3652,3709,27,281,1007,113,827,1896,0,1036,0,1,1,-4416,18,8936
2025/11/14,8:00,9280,794,3738,3536,27,274,994,112,829,2837,0,1072,0,1,0,-4948,14,9280
2025/11/14,8:30,9533,792,3260,3366,27,270,998,113,824,3672,0,1077,0,1,4,-4884,13,9533
2025/11/14,9:00,9686,784,3206,3219,25,272,1008,113,816,4240,0,1122,0,1,-4,-5132,16,9686
2025/11/14,9:30,9703,792,3264,2864,26,257,1004,112,779,4748,0,1119,0,1,-2,-5278,17,9703
2025/11/14,10:00,9541,784,2878,2564,25,229,1009,113,696,5200,0,1097,0,1,-7,-5062,14,9541
2025/11/14,10:30,9465,786,2378,2305,24,235,1013,113,645,5537,0,1088,0,1,-10,-4664,14,9465
2025/11/14,11:00,9468,794,2438,2173,24,250,1019,113,645,5687,0,1073,0,1,-4,-4758,13,9468
2025/11/14,11:30,9339,784,2328,2170,23,215,1025,112,646,5612,0,1075,0,-1,1,-4664,13,9339
2025/11/14,12:00,8998,786,2720,2195,23,214,1028,113,643,5494,0,1050,0,-211,-40,-5026,9,8998
2025/11/14,12:30,8738,782,2480,2174,22,213,1021,113,648,5215,0,1027,0,-221,-36,-4710,10,8738
2025/11/14,13:00,9122,784,2834,2554,23,266,1025,112,681,4753,0,993,0,-221,-7,-4686,11,9122
2025/11/14,13:30,9213,786,2952,2837,24,274,1033,111,736,4131,0,979,0,1,-1,-4660,10,9213
2025/11/14,14:00,9198,784,3284,3247,24,276,1029,112,789,3345,0,954,0,1,1,-4662,14,9198
2025/11/14,14:30,9213,786,3948,3404,25,292,1040,113,810,2394,0,933,0,1,1,-4548,14,9213
2025/11/14,15:00,9144,784,4252,3794,26,372,1108,113,815,1365,0,941,0,1,1,-4438,10,9144
2025/11/14,15:30,9448,794,4886,4281,26,375,1129,112,813,586,0,933,0,1,1,-4502,13,9448
2025/11/14,16:00,9581,786,5144,4719,28,371,1232,114,829,77,0,974,0,1,-6,-4704,16,9581
2025/11/14,16:30,9814,788,5026,4886,28,377,1246,114,835,0,0,938,0,137,-4,-4568,11,9814
2025/11/14,17:00,9781,788,5128,5048,29,368,1247,115,831,0,0,875,0,141,-2,-4804,17,9781
2025/11/14,17:30,9700,788,5190,5091,30,380,1247,115,832,0,0,826,0,1,0,-4818,18,9700
2025/11/14,18:00,9615,790,5226,5096,31,391,1239,115,828,0,0,808,0,1,31,-4960,19,9615
2025/11/14,18:30,9484,788,4986,5032,31,437,1243,114,826,0,0,772,0,1,33,-4798,19,9484
2025/11/14,19:00,9376,788,4752,4786,31,446,1236,115,828,0,0,786,0,1,-1,-4408,16,9376
2025/11/14,19:30,9118,788,4708,4541,30,408,1232,115,828,0,0,762,0,1,-2,-4308,15,9118
2025/11/14,20:00,8986,788,4744,4500,29,414,1197,116,830,0,0,669,0,1,-1,-4316,15,8986
2025/11/14,20:30,8952,788,5052,4497,29,410,1195,116,832,0,0,616,0,1,-1,-4596,13,8952
2025/11/14,21:00,8715,788,5248,4521,28,406,1120,117,832,0,0,527,0,1,-1,-4886,14,8715
2025/11/14,21:30,8400,788,4974,4534,26,411,1106,117,833,0,0,480,0,1,-2,-4876,8,8400
2025/11/14,22:00,8286,786,4742,4527,25,323,1037,116,830,0,0,440,0,1,-1,-4554,14,8286
2025/11/14,22:30,7977,790,4150,4522,24,316,1025,114,830,0,0,367,0,1,-2,-4174,14,7977
2025/11/14,23:00,7872,788,4058,4431,25,314,1021,116,834,0,0,339,0,1,-1,-4060,6,7872
2025/11/14,23:30,7708,786,3942,4446,23,314,1016,115,828,0,0,290,0,1,-1,-4056,4,7708
2025/11/15,0:00,7498,788,3262,4429,23,311,958,115,831,0,0,273,0,1,-2,-3494,3,7498
2025/11/15,0:30,7407,790,3288,4440,22,302,956,115,823,0,0,238,0,1,-1,-3570,3,7407
2025/11/15,1:00,7431,788,3414,4444,22,300,948,115,819,0,0,201,0,1,0,-3624,3,7431
2025/11/15,1:30,7424,784,3244,4435,22,301,942,115,818,0,0,190,0,1,-1,-3430,3,7424
2025/11/15,2:00,7579,790,3182,4426,22,303,941,115,819,0,0,170,0,1,-1,-3192,3,7579
2025/11/15,2:30,7743,788,3278,4445,23,302,932,115,816,0,0,153,0,1,-1,-3112,3,7743
2025/11/15,3:00,7897,780,3348,4451,25,303,872,115,819,0,0,148,0,1,-2,-2966,3,7897
2025/11/15,3:30,8028,790,3546,4453,25,306,875,115,818,0,0,155,0,1,-1,-3058,3,8028
2025/11/15,4:00,8142,786,3956,4454,26,307,873,115,815,0,0,155,0,1,-1,-3348,3,8142
2025/11/15,4:30,8224,788,3972,4437,26,311,873,115,819,0,0,140,0,1,-1,-3260,3,8224
2025/11/15,5:00,8298,786,4204,4376,27,310,862,116,820,0,0,137,0,1,-1,-3344,4,8298
2025/11/15,5:30,8350,790,4534,4154,27,314,859,114,817,0,0,129,0,1,-9,-3384,4,8350
2025/11/15,6:00,8406,784,4496,3920,27,307,881,116,817,6,0,122,0,1,-35,-3044,8,8406
2025/11/15,6:30,8514,790,4620,3909,27,316,829,113,801,342,0,114,0,1,1,-3360,11,8514
2025/11/15,7:00,8361,788,4194,3750,27,313,829,113,799,790,0,107,0,1,29,-3400,21,8361
2025/11/15,7:30,8443,786,3938,3412,27,341,828,112,799,1445,0,106,0,1,-3,-3368,19,8443
2025/11/15,8:00,8549,786,3950,3063,27,317,828,111,800,2206,0,104,0,1,3,-3664,17,8549
2025/11/15,8:30,8537,792,3300,2786,27,308,822,112,797,2926,0,113,0,1,-6,-3454,13,8537
2025/11/15,9:00,8527,786,3100,2536,27,261,818,112,786,3742,0,144,0,1,4,-3806,16,8527
2025/11/15,9:30,8504,786,3092,2279,25,218,824,113,738,4405,0,170,0,-1,-22,-4140,17,8504
2025/11/15,10:00,8266,790,2374,2259,24,216,825,112,646,5147,0,233,0,-211,-1,-4168,20,8266
2025/11/15,10:30,8280,786,2406,2293,22,217,826,112,586,5537,0,336,0,-221,-4,-4634,18,8280
2025/11/15,11:00,8143,788,2590,2288,22,213,827,112,582,5607,0,439,0,-221,12,-5130,14,8143
2025/11/15,11:30,8081,786,2848,2308,22,228,827,111,580,5478,0,457,0,-221,-19,-5340,16,8081
2025/11/15,12:00,7888,790,2578,2360,22,228,814,112,581,5343,0,462,0,-219,-37,-5158,12,7888
2025/11/15,12:30,7708,788,2484,2492,22,238,813,112,583,5104,0,509,0,-221,-35,-5192,11,7708
2025/11/15,13:00,7792,786,2212,2671,22,220,811,112,629,4671,0,563,0,1,-3,-4914,11,7792
2025/11/15,13:30,7758,792,2134,3122,22,273,813,112,724,4005,0,669,0,1,-5,-4916,12,7758
2025/11/15,14:00,7716,786,2436,3470,21,311,809,112,775,3312,0,674,0,1,-4,-5000,13,7716
2025/11/15,14:30,7751,792,3066,3842,22,334,813,112,789,2398,0,610,0,1,3,-5046,15,7751
2025/11/15,15:00,7761,784,3510,4166,24,311,832,109,793,1405,0,635,0,1,-2,-4820,13,7761
2025/11/15,15:30,7840,790,3866,4488,25,319,890,112,795,585,0,674,0,1,-5,-4714,14,7840
2025/11/15,16:00,8084,786,3822,4893,27,406,1050,114,807,72,0,744,0,1,2,-4654,14,8084
2025/11/15,16:30,8600,792,4294,5022,27,416,1068,114,811,0,0,760,0,1,2,-4720,13,8600
2025/11/15,17:00,8717,780,4376,5102,29,414,1073,113,813,0,0,757,0,1,-5,-4752,16,8717
2025/11/15,17:30,8864,794,4688,5027,30,404,1073,114,813,0,0,722,0,1,7,-4824,15,8864
2025/11/15,18:00,8805,786,4850,4984,29,405,1047,113,816,0,0,660,0,1,32,-4936,18,8805
2025/11/15,18:30,8758,786,4868,4949,30,396,1040,113,817,0,0,614,0,1,31,-4904,17,8758
2025/11/15,19:00,8723,790,4810,4946,30,405,1013,115,821,0,0,587,0,1,-1,-4808,14,8723
2025/11/15,19:30,8596,790,4662,4852,29,407,1012,114,813,0,0,580,0,1,-2,-4674,12,8596
2025/11/15,20:00,8437,784,4570,4696,29,401,958,115,808,0,0,563,0,1,-1,-4502,15,8437
2025/11/15,20:30,8368,788,4544,4646,28,403,939,114,798,0,0,560,0,1,-1,-4466,14,8368
2025/11/15,21:00,8188,790,4448,4622,27,401,907,114,792,0,0,531,0,1,-3,-4454,12,8188
2025/11/15,21:30,7968,786,4260,4615,26,398,887,116,793,0,0,511,0,1,-2,-4432,9,7968
2025/11/15,22:00,7850,790,4100,4612,25,311,887,118,789,0,0,510,0,1,-1,-4306,14,7850
2025/11/15,22:30,7606,786,3972,4585,24,301,886,117,771,0,0,507,0,1,-1,-4356,13,7606
2025/11/15,23:00,7631,788,3912,4528,24,301,882,116,767,0,0,517,0,1,-1,-4210,6,7631
2025/11/15,23:30,7345,788,3094,4516,24,300,883,117,760,0,0,473,0,1,-3,-3612,4,7345
2025/11/16,0:00,7257,784,3080,4537,23,304,891,116,752,0,0,458,0,1,-2,-3690,3,7257
2025/11/16,0:30,7215,790,2980,4603,22,302,897,117,753,0,0,467,0,1,-2,-3718,3,7215
2025/11/16,1:00,7284,790,2984,4613,21,301,897,117,753,0,0,441,0,1,-1,-3636,3,7284
2025/11/16,1:30,7282,786,3064,4527,21,299,894,118,753,0,0,414,0,1,0,-3598,3,7282
2025/11/16,2:00,7449,784,3122,4522,22,302,908,118,752,0,0,375,0,1,0,-3460,3,7449
2025/11/16,2:30,7539,792,3148,4508,23,302,900,117,751,0,0,330,0,1,0,-3336,3,7539
2025/11/16,3:00,7740,782,3014,4511,24,297,848,117,756,0,0,294,0,1,-1,-2906,3,7740
2025/11/16,3:30,7821,786,3066,4503,25,304,845,117,756,0,0,272,0,1,-1,-2856,3,7821
2025/11/16,4:00,7913,794,3128,4505,25,301,846,117,756,0,0,255,0,1,-2,-2816,3,7913
2025/11/16,4:30,8012,784,3246,4504,26,307,846,118,756,0,0,218,0,1,-1,-2796,3,8012
2025/11/16,5:00,8038,788,3358,4483,27,312,841,118,756,0,0,196,0,1,-1,-2844,3,8038
2025/11/16,5:30,8083,790,3738,4281,26,316,844,116,755,0,0,199,0,1,-2,-2984,3,8083
2025/11/16,6:00,8147,786,3820,4187,26,313,886,118,755,4,0,189,0,1,-1,-2944,7,8147
2025/11/16,6:30,8156,788,3668,4252,26,314,833,113,739,312,0,169,0,1,-32,-3040,13,8156
2025/11/16,7:00,7997,790,3322,4261,26,314,835,115,740,1054,0,158,0,1,14,-3654,21,7997
2025/11/16,7:30,8028,782,2802,3978,25,315,838,115,739,2206,0,140,0,0,-2,-3928,18,8028
2025/11/16,8:00,7900,790,2680,3472,25,316,823,114,735,3366,0,114,0,0,4,-4554,15,7900
2025/11/16,8:30,7942,790,2134,3180,23,281,787,115,724,4380,0,87,0,0,2,-4574,13,7942
2025/11/16,9:00,7827,786,1944,2823,23,220,788,116,683,5189,0,69,0,0,-2,-4828,16,7827
2025/11/16,9:30,7726,786,1572,2462,21,224,789,112,590,5817,0,46,0,0,-5,-4706,18,7726
2025/11/16,10:00,7585,788,1614,2053,20,219,797,113,537,6211,0,42,0,0,-1,-4822,14,7585
2025/11/16,10:30,7525,788,1794,2018,20,220,801,115,529,6313,0,40,0,-214,-2,-4912,15,7525
2025/11/16,11:00,7405,790,1860,2044,20,221,799,116,524,6269,0,35,0,-222,-7,-5056,12,7405
2025/11/16,11:30,7355,784,1750,1962,21,219,798,116,526,6356,0,35,0,-222,-8,-4996,14,7355
2025/11/16,12:00,7317,792,1706,2068,20,222,795,116,527,6258,0,31,0,-222,-33,-4972,9,7317
2025/11/16,12:30,7229,790,1664,2158,21,222,798,113,527,5877,0,33,0,0,-42,-4940,8,7229
2025/11/16,13:00,7179,784,1748,2436,21,228,790,116,571,5229,0,32,0,0,-4,-4786,14,7179
2025/11/16,13:30,7068,790,1882,2643,21,241,792,115,660,4434,0,33,0,0,-2,-4556,15,7068
2025/11/16,14:00,7103,790,2022,3146,21,283,789,117,715,3418,0,27,0,0,-2,-4236,13,7103
2025/11/16,14:30,7119,786,2384,3768,21,302,798,117,724,2361,0,20,0,0,-1,-4176,15,7119
2025/11/16,15:00,7287,786,2972,4138,22,307,822,111,727,1386,0,19,0,0,-9,-4006,12,7287
2025/11/16,15:30,7236,790,3280,4221,22,327,849,111,730,582,0,24,0,0,-2,-3712,14,7236
2025/11/16,16:00,7603,788,3320,4505,25,406,1065,115,751,76,0,43,0,0,2,-3508,15,7603
2025/11/16,16:30,8173,788,3694,4839,25,418,1075,119,752,0,0,78,0,0,-2,-3628,15,8173
2025/11/16,17:00,8400,786,3632,5039,27,445,1071,122,753,0,0,130,0,0,0,-3624,19,8400
2025/11/16,17:30,8629,792,3822,5189,28,421,1086,114,752,0,0,179,0,0,2,-3774,18,8629
2025/11/16,18:00,8658,784,3762,5207,29,403,1052,118,756,0,0,241,0,0,33,-3746,19,8658
2025/11/16,18:30,8633,792,3706,5206,29,407,1051,118,753,0,0,316,0,0,28,-3792,19,8633
2025/11/16,19:00,8549,788,3634,5127,29,408,1041,119,755,0,0,397,0,0,-2,-3762,15,8549
2025/11/16,19:30,8496,780,3708,5058,28,407,1039,111,754,0,0,463,0,0,-1,-3864,13,8496
2025/11/16,20:00,8345,792,3492,4881,28,411,968,109,757,0,0,547,0,0,-4,-3652,16,8345
2025/11/16,20:30,8321,792,3706,4820,27,410,964,108,756,0,0,615,0,0,-1,-3890,14,8321
2025/11/16,21:00,8006,782,3390,4760,26,408,920,109,756,0,0,674,0,0,-1,-3832,14,8006
2025/11/16,21:30,7887,790,3408,4720,25,406,906,109,753,0,0,724,0,0,-1,-3962,9,7887
2025/11/16,22:00,7698,790,3412,4620,24,322,882,109,756,0,0,770,0,0,-1,-4000,14,7698
2025/11/16,22:30,7444,784,3162,4474,23,313,873,109,754,0,0,875,0,0,-2,-3934,13,7444
2025/11/16,23:00,7438,788,3094,4463,24,311,868,109,757,0,0,881,0,0,-2,-3860,5,7438
2025/11/16,23:30,7188,792,2562,4423,23,314,865,109,755,0,0,869,0,0,-3,-3524,3,7188
2025/11/17,0:00,7086,788,2708,4390,21,310,849,109,756,0,0,932,0,0,-11,-3768,2,7086
2025/11/17,0:30,7001,786,2746,4425,21,304,847,109,755,0,0,955,0,0,-11,-3938,2,7001
2025/11/17,1:00,7136,792,2838,4437,21,307,847,108,752,0,0,1000,0,0,-10,-3958,2,7136
2025/11/17,1:30,7081,788,2816,4426,20,306,847,107,751,0,0,1001,0,0,-11,-3972,2,7081
2025/11/17,2:00,7294,792,2580,4416,21,309,845,109,751,0,0,1062,0,0,-12,-3582,3,7294
2025/11/17,2:30,7478,782,2774,4456,22,303,845,109,753,0,0,1040,0,0,-1,-3608,3,7478
2025/11/17,3:00,7659,790,2944,4425,23,307,846,109,752,0,0,1033,0,0,0,-3572,2,7659
2025/11/17,3:30,7816,790,3094,4436,24,307,849,108,751,0,0,1079,0,0,-1,-3624,3,7816
2025/11/17,4:00,7956,786,3144,4420,24,310,860,109,753,0,0,1128,0,0,1,-3582,3,7956
2025/11/17,4:30,8101,788,3298,4435,25,309,858,109,755,0,0,1122,0,0,-1,-3600,3,8101
2025/11/17,5:00,8368,790,3936,4440,26,305,854,108,754,0,0,1197,0,0,1,-4046,3,8368
2025/11/17,5:30,8479,790,3944,4428,26,308,858,109,752,0,0,1240,0,0,-1,-3978,3,8479
2025/11/17,6:00,8811,784,4074,4471,26,307,925,109,755,6,0,1233,0,0,1,-3888,8,8811
2025/11/17,6:30,8996,794,4052,4471,26,312,872,106,739,381,0,1259,0,0,-5,-4024,13,8996
2025/11/17,7:00,8927,782,3362,4456,26,309,837,106,749,966,0,1328,0,0,-2,-4016,24,8927
2025/11/17,7:30,9211,790,3054,4389,27,307,831,105,748,1808,0,1447,0,0,1,-4316,20,9211
2025/11/17,8:00,9426,786,2966,4237,26,307,835,106,747,2650,0,1506,0,0,2,-4756,14,9426
2025/11/17,8:30,9756,790,2736,3923,26,306,838,107,742,3564,0,1555,0,0,-8,-4836,13,9756
2025/11/17,9:00,9822,790,2740,3630,25,313,845,106,744,4243,0,1596,0,0,-1,-5224,15,9822
2025/11/17,9:30,9871,788,2712,3436,27,321,850,107,745,4693,0,1569,0,0,-1,-5392,16,9871
2025/11/17,10:00,9638,788,2510,3321,28,319,850,106,744,4900,0,1615,0,0,-3,-5554,14,9638
2025/11/17,10:30,9726,790,2550,3281,28,318,850,105,741,5017,0,1592,0,0,-10,-5552,16,9726
2025/11/17,11:00,9634,788,2630,3261,30,312,859,106,743,4928,0,1562,0,0,-4,-5592,11,9634
2025/11/17,11:30,9606,790,2842,3320,30,320,859,106,743,4601,0,1539,0,0,-7,-5550,13,9606
2025/11/17,12:00,9218,788,2700,3442,29,320,862,106,744,4258,0,1513,0,0,-39,-5514,9,9218
2025/11/17,12:30,9176,788,2988,3569,29,320,869,106,743,3726,0,1517,0,0,-38,-5448,7,9176
2025/11/17,13:00,9632,790,3262,3829,30,319,872,106,745,3169,0,1596,0,0,-5,-5092,11,9632
2025/11/17,13:30,9662,788,3172,4017,29,325,874,107,742,2768,0,1594,0,0,7,-4770,9,9662
2025/11/17,14:00,9711,788,3528,4301,31,317,891,104,742,2133,0,1581,0,0,-5,-4710,10,9711
2025/11/17,14:30,9666,786,3684,4424,30,406,892,106,741,1452,0,1611,0,0,-2,-4472,8,9666
2025/11/17,15:00,9709,788,3944,4691,31,414,903,107,741,792,0,1598,0,0,-4,-4308,12,9709
2025/11/17,15:30,9951,790,4292,4867,31,414,925,107,740,365,0,1601,0,0,-2,-4192,13,9951
2025/11/17,16:00,10155,788,4528,4963,33,416,1051,108,755,31,0,1805,0,0,-7,-4328,12,10155
2025/11/17,16:30,10283,788,4212,5199,33,415,1081,109,756,0,0,1859,0,0,0,-4178,9,10283
2025/11/17,17:00,10229,784,4226,5200,33,422,1106,108,759,0,0,1898,0,0,-2,-4320,15,10229
2025/11/17,17:30,10224,790,4434,5204,33,420,1131,109,761,0,0,1836,0,0,1,-4510,15,10224
2025/11/17,18:00,10106,786,4576,5148,34,418,1106,109,759,0,0,1881,0,0,-1,-4728,18,10106
2025/11/17,18:30,9909,788,4218,5098,33,418,1104,109,758,0,0,1913,0,0,3,-4550,17,9909
2025/11/17,19:00,9788,786,3602,4983,32,417,1093,109,759,0,0,1928,0,0,34,-3972,17,9788
2025/11/17,19:30,9557,788,3564,4809,32,412,1089,108,760,0,0,1946,0,0,28,-3992,13,9557
2025/11/17,20:00,9426,788,3574,4754,30,416,1045,109,761,0,0,1938,0,0,-2,-4002,15,9426
2025/11/17,20:30,9265,786,3522,4741,30,411,1043,108,760,0,0,1949,0,0,-1,-4098,14,9265
2025/11/17,21:00,9021,786,3534,4757,28,418,1036,109,760,0,0,1919,0,0,-3,-4334,11,9021
2025/11/17,21:30,8693,790,3326,4755,27,402,1030,108,760,0,0,1907,0,0,-2,-4418,8,8693
2025/11/17,22:00,8553,788,3326,4748,26,318,1008,109,750,0,0,1915,0,0,-1,-4448,14,8553
2025/11/17,22:30,8377,784,3170,4703,25,314,1008,109,749,0,0,1900,0,0,-2,-4396,13,8377
2025/11/17,23:00,8210,792,3060,4640,25,315,1008,109,751,0,0,1921,0,0,-1,-4416,6,8210
2025/11/17,23:30,8066,788,2696,4643,24,318,1005,109,748,0,0,1919,0,0,-1,-4188,5,8066
2025/11/18,0:00,7810,782,2750,4646,23,319,993,109,751,0,0,1873,0,0,-2,-4436,2,7810
2025/11/18,0:30,7703,790,2670,4636,22,315,998,109,750,0,0,1832,0,0,-37,-4384,2,7703
2025/11/18,1:00,7762,790,2520,4653,22,315,990,109,751,0,0,1841,0,0,-37,-4194,2,7762
2025/11/18,1:30,7812,784,2578,4649,22,317,987,109,750,0,0,1790,0,0,-9,-4168,3,7812
2025/11/18,2:00,7926,790,2646,4654,23,316,995,109,752,0,0,1735,0,0,-1,-4096,3,7926
2025/11/18,2:30,8071,786,2702,4641,23,313,998,107,754,0,0,1797,0,0,-1,-4052,3,8071
2025/11/18,3:00,8339,786,2790,4654,25,314,1000,109,753,0,0,1729,0,0,0,-3824,3,8339
2025/11/18,3:30,8369,792,2770,4640,25,318,1010,109,755,0,0,1623,0,0,-2,-3674,3,8369
2025/11/18,4:00,8634,786,3026,4645,26,308,1024,109,754,0,0,1592,0,0,-1,-3638,3,8634
2025/11/18,4:30,8631,786,2684,4639,27,317,1019,109,754,0,0,1751,0,0,-2,-3456,3,8631
2025/11/18,5:00,9010,788,3420,4646,28,313,1074,109,751,0,0,1680,0,0,-1,-3802,4,9010
2025/11/18,5:30,9111,790,3376,4649,28,314,1077,109,753,0,0,1711,0,0,0,-3700,4,9111
2025/11/18,6:00,9416,784,3726,4683,30,310,1070,109,750,0,0,1681,0,138,-1,-3872,8,9416
2025/11/18,6:30,9600,788,3842,4747,30,316,1042,108,741,109,0,1681,0,140,-1,-3960,17,9600
2025/11/18,7:00,9668,784,3944,4718,32,315,1026,107,736,476,0,1665,0,0,-4,-4154,23,9668
2025/11/18,7:30,9869,788,3662,4639,32,314,1049,107,742,832,0,1719,0,0,-1,-4032,18,9869
2025/11/18,8:00,10389,784,3998,4367,34,323,1100,109,752,1294,0,1684,0,0,2,-4072,14,10389
2025/11/18,8:30,10776,786,3786,4251,36,326,1104,110,748,1691,0,1662,0,0,1,-3738,13,10776
2025/11/18,9:00,11006,790,3904,4227,36,319,1155,110,752,1984,0,1669,0,0,33,-3988,15,11006
2025/11/18,9:30,11050,782,3804,3974,36,317,1172,113,756,2253,0,1656,0,0,24,-3854,17,11050
2025/11/18,10:00,10917,786,3388,3784,36,315,1186,115,761,2683,0,1682,0,0,1,-3834,14,10917
2025/11/18,10:30,11013,786,3404,3736,35,320,1181,114,762,3047,0,1757,0,0,1,-4146,16,11013
2025/11/18,11:00,10840,788,3228,3734,35,317,1143,103,751,3312,0,1758,0,0,-1,-4340,12,10840
2025/11/18,11:30,10857,786,3310,3635,36,319,1180,109,753,3266,0,1783,0,0,-5,-4330,15,10857
2025/11/18,12:00,10385,784,3078,3654,36,317,1194,114,760,3060,0,1830,0,0,-3,-4450,11,10385
2025/11/18,12:30,10428,790,3212,3859,35,316,1105,111,728,3103,0,1765,0,0,-41,-4564,9,10428
2025/11/18,13:00,10806,784,3732,4240,35,321,1225,115,765,2510,0,1735,0,0,-35,-4634,13,10806
2025/11/18,13:30,10892,790,4024,4436,36,309,1218,116,767,2006,0,1744,0,0,-13,-4552,11,10892
2025/11/18,14:00,10927,788,4338,4503,36,309,1207,113,756,1619,0,1739,0,0,3,-4496,12,10927
2025/11/18,14:30,10844,788,4598,4637,37,309,1212,111,755,1066,0,1711,0,0,0,-4390,10,10844
2025/11/18,15:00,10984,782,4862,4666,37,396,1261,112,755,573,0,1579,0,0,1,-4054,14,10984
2025/11/18,15:30,11178,792,5034,4808,37,401,1275,112,749,187,0,1580,0,0,-5,-3806,14,11178
2025/11/18,16:00,11469,782,5644,4941,38,404,1353,113,752,21,0,1517,0,0,0,-4110,14,11469
2025/11/18,16:30,11670,792,5408,5111,38,400,1367,113,754,0,0,1491,0,202,32,-4048,10,11670
2025/11/18,17:00,11612,784,5380,5169,38,410,1357,111,758,0,0,1400,0,226,32,-4070,17,11612
2025/11/18,17:30,11552,788,5392,5182,38,412,1343,113,760,0,0,1429,0,144,2,-4068,17,11552
2025/11/18,18:00,11516,784,5396,5229,39,407,1321,112,760,0,0,1468,0,224,-2,-4242,20,11516
2025/11/18,18:30,11365,786,5092,5197,38,398,1318,113,758,0,0,1426,0,228,1,-4008,18,11365
2025/11/18,19:00,11181,786,5144,5055,37,396,1301,113,757,0,0,1381,0,228,-1,-4032,16,11181
2025/11/18,19:30,10927,786,5036,4993,36,396,1297,112,754,0,0,1367,0,144,-2,-4006,14,10927
2025/11/18,20:00,10769,790,4994,4889,35,395,1270,114,757,0,0,1450,0,0,-2,-3940,17,10769
2025/11/18,20:30,10594,784,4824,4825,35,399,1258,113,755,0,0,1394,0,0,-1,-3806,14,10594
2025/11/18,21:00,10281,788,4758,4782,33,393,1183,113,755,0,0,1432,0,0,-1,-3968,13,10281
2025/11/18,21:30,9960,788,4658,4627,31,394,1176,112,755,0,0,1305,0,0,0,-3896,10,9960
2025/11/18,22:00,9736,786,4688,4548,29,311,1135,112,756,0,0,1328,0,0,-1,-3972,16,9736
2025/11/18,22:30,9271,786,4130,4485,27,300,1117,110,756,0,0,1310,0,0,-2,-3764,16,9271
2025/11/18,23:00,9156,786,4174,4495,28,300,1108,112,754,0,0,1186,0,0,0,-3794,7,9156
2025/11/18,23:30,8853,784,3650,4486,26,300,1096,112,756,0,0,1062,0,0,-2,-3422,5,8853
2025/11/19,0:00,8663,788,3690,4500,25,302,1060,112,756,0,0,1006,0,0,-2,-3578,4,8663
2025/11/19,0:30,8490,786,3502,4513,24,304,1012,112,752,0,0,1041,0,0,-2,-3558,4,8490
2025/11/19,1:00,8436,788,3300,4525,24,302,1011,112,752,0,0,1033,0,0,-3,-3412,4,8436
2025/11/19,1:30,8621,784,3540,4602,24,299,1010,112,752,0,0,1028,0,0,-2,-3532,4,8621
2025/11/19,2:00,8662,788,3654,4602,24,300,992,112,752,0,0,954,0,0,0,-3520,4,8662
2025/11/19,2:30,8876,786,3950,4597,25,297,988,112,752,0,0,927,0,0,-1,-3562,5,8876
2025/11/19,3:00,8933,786,3914,4554,26,299,991,112,754,0,0,1040,0,0,-3,-3544,4,8933
2025/11/19,3:30,9066,786,4080,4568,27,298,991,109,751,0,0,1038,0,0,-2,-3584,4,9066
2025/11/19,4:00,9210,790,4096,4602,28,304,1003,112,751,0,0,1083,0,0,-1,-3562,4,9210
2025/11/19,4:30,9307,786,4118,4611,29,304,1010,111,751,0,0,1147,0,0,-2,-3562,4,9307
2025/11/19,5:00,9582,788,4662,4649,30,302,1028,110,751,0,0,1136,0,0,-1,-3878,5,9582
2025/11/19,5:30,9816,784,5052,4640,30,304,1038,111,754,0,0,1157,0,0,-1,-4058,5,9816
2025/11/19,6:00,10269,786,5154,4705,31,299,1044,111,752,1,0,1124,0,134,0,-3880,8,10269
2025/11/19,6:30,10445,790,5174,4743,33,303,1029,110,749,140,0,1146,0,142,-4,-3930,20,10445
2025/11/19,7:00,10400,782,4746,4720,34,299,1036,112,758,469,0,1103,0,0,-7,-3678,26,10400
2025/11/19,7:30,10518,786,4602,4502,35,294,1086,114,779,950,0,1074,0,0,1,-3726,21,10518
2025/11/19,8:00,10988,788,4850,4263,36,290,1158,118,805,1500,0,1155,0,0,1,-3992,16,10988
2025/11/19,8:30,11117,788,4138,4054,36,286,1189,120,819,2213,0,1206,0,0,2,-3748,14,11117
2025/11/19,9:00,11318,786,4010,4052,36,286,1174,118,821,2847,0,1198,0,0,7,-4034,17,11318
2025/11/19,9:30,11322,784,4090,3977,37,290,1142,121,810,3218,0,1177,0,0,3,-4346,19,11322
2025/11/19,10:00,11066,788,3940,3739,35,284,1079,120,797,3608,0,1132,0,-206,-5,-4262,17,11066
2025/11/19,10:30,11051,784,3818,3772,35,286,1070,120,794,3934,0,1080,0,-224,-6,-4428,16,11051
2025/11/19,11:00,10903,788,3582,3763,35,286,1093,121,802,3859,0,1219,0,-222,-12,-4424,13,10903
2025/11/19,11:30,10894,784,3586,3747,35,286,1095,119,796,3865,0,1218,0,-224,-12,-4416,15,10894
2025/11/19,12:00,10371,790,3608,3779,35,286,1070,118,785,3528,0,1201,0,-222,-41,-4578,12,10371
2025/11/19,12:30,10244,786,3580,3826,34,287,1092,119,787,3117,0,1285,0,-224,-35,-4418,8,10244
2025/11/19,13:00,10588,786,4076,4061,35,312,1097,119,786,2608,0,1228,0,-222,-8,-4304,14,10588
2025/11/19,13:30,10738,784,4374,4109,35,309,1108,119,778,2003,0,1149,0,0,-6,-4032,8,10738
2025/11/19,14:00,10721,792,4332,4226,36,309,1091,117,766,1507,0,1177,0,0,-1,-3644,13,10721
2025/11/19,14:30,10752,786,4570,4320,35,351,1058,116,755,1004,0,1248,0,0,1,-3500,8,10752
2025/11/19,15:00,10714,784,4750,4578,36,385,1117,116,755,547,0,1255,0,0,-4,-3618,13,10714
2025/11/19,15:30,10964,788,5350,4835,36,384,1106,112,744,224,0,1112,0,0,-1,-3740,14,10964
2025/11/19,16:00,11281,788,5602,4995,36,393,1206,115,749,27,0,1113,0,0,-1,-3760,18,11281
2025/11/19,16:30,11306,786,5254,5176,36,393,1213,115,750,0,0,912,0,0,-2,-3336,9,11306
2025/11/19,17:00,11183,790,4990,5190,37,395,1243,116,752,0,0,913,0,0,-2,-3260,19,11183
2025/11/19,17:30,11161,782,5202,5097,37,396,1250,106,752,0,0,864,0,0,8,-3350,17,11161
2025/11/19,18:00,11085,788,5502,5058,38,395,1244,106,754,0,0,808,0,200,34,-3862,20,11085
2025/11/19,18:30,10973,788,5366,5097,37,395,1242,115,754,0,0,759,0,226,28,-3850,16,10973
2025/11/19,19:00,10814,788,5544,4985,37,398,1215,116,755,0,0,682,0,226,-2,-3946,16,10814
2025/11/19,19:30,10481,784,5306,4819,36,396,1211,116,752,0,0,683,0,224,-1,-3858,13,10481
2025/11/19,20:00,10402,786,5502,4782,34,383,1160,116,756,0,0,708,0,0,-1,-3842,18,10402
2025/11/19,20:30,10161,792,5376,4745,34,386,1143,115,753,0,0,701,0,0,-3,-3896,15,10161
2025/11/19,21:00,9873,784,5138,4705,32,387,1088,116,758,0,0,749,0,0,-2,-3894,12,9873
2025/11/19,21:30,9565,788,4908,4672,30,390,1078,115,755,0,0,724,0,0,-2,-3902,9,9565
2025/11/19,22:00,9173,786,4456,4650,28,299,1067,114,755,0,0,729,0,0,-1,-3726,16,9173
2025/11/19,22:30,8953,790,4564,4623,27,283,1057,116,757,0,0,664,0,0,-2,-3940,14,8953
2025/11/19,23:00,8779,786,4510,4596,27,287,1039,116,755,0,0,679,0,0,-3,-4020,7,8779
2025/11/19,23:30,8504,786,3594,4634,26,289,1034,116,752,0,0,751,0,0,-3,-3480,5,8504
2025/11/20,0:00,8266,790,3156,4644,25,290,1026,115,751,0,0,776,0,0,-1,-3310,4,8266
2025/11/20,0:30,8196,790,3238,4633,23,287,1030,114,751,0,0,693,0,0,-1,-3366,4,8196
2025/11/20,1:00,8231,784,3362,4603,23,293,1024,112,753,0,0,763,0,-210,-2,-3278,4,8231
2025/11/20,1:30,8251,788,3434,4606,24,288,1026,112,751,0,0,747,0,-224,-1,-3304,4,8251
2025/11/20,2:00,8366,790,3550,4593,24,289,1019,113,753,0,0,674,0,-222,-1,-3220,4,8366
2025/11/20,2:30,8538,786,3862,4597,25,288,1019,112,750,0,0,603,0,-220,0,-3288,4,8538
2025/11/20,3:00,8714,786,4154,4600,26,295,1008,113,753,0,0,563,0,-222,-2,-3364,4,8714
2025/11/20,3:30,8718,788,3988,4637,27,293,1013,113,750,0,0,524,0,-222,-1,-3196,4,8718
2025/11/20,4:00,8884,788,4080,4637,27,293,1016,113,753,0,0,472,0,2,-1,-3300,4,8884
2025/11/20,4:30,9026,790,4198,4624,28,294,1019,113,758,0,0,405,0,0,-1,-3206,4,9026
2025/11/20,5:00,9314,782,4944,4540,29,293,1068,111,757,0,0,336,0,0,-2,-3548,4,9314
2025/11/20,5:30,9538,788,5102,4547,30,291,1076,113,758,0,0,329,0,0,1,-3502,5,9538
2025/11/20,6:00,9937,788,5204,4577,30,290,1131,113,757,0,0,334,0,200,-2,-3492,7,9937
2025/11/20,6:30,10222,788,5348,4575,32,289,1116,112,753,174,0,297,0,224,0,-3506,20,10222
2025/11/20,7:00,10088,784,5350,4560,32,287,1005,111,752,759,0,286,0,0,-6,-3858,26,10088
2025/11/20,7:30,10198,788,4618,4538,32,289,1000,111,751,1620,0,308,0,0,-3,-3874,20,10198
2025/11/20,8:00,10465,788,4318,4519,33,291,938,112,754,2545,0,290,0,0,0,-4138,15,10465
2025/11/20,8:30,10709,784,3866,4336,33,293,961,114,767,3375,0,248,0,0,-5,-4076,13,10709
2025/11/20,9:00,10786,792,3434,4028,33,300,983,114,771,4241,0,243,0,0,16,-4184,15,10786
2025/11/20,9:30,10693,786,3150,3794,31,297,1016,115,780,4789,0,217,0,0,-3,-4296,17,10693
2025/11/20,10:00,10427,786,3202,3360,30,292,1050,105,795,5139,0,205,0,-2,-6,-4544,15,10427
2025/11/20,10:30,10327,786,3302,3346,31,297,1034,101,795,5339,0,211,0,-210,1,-4720,14,10327
2025/11/20,11:00,10188,790,3410,3370,29,292,1061,101,801,5069,0,232,0,-222,-10,-4746,11,10188
2025/11/20,11:30,10024,784,3580,3374,29,297,1100,103,813,4690,0,253,0,-222,-19,-4772,14,10024
2025/11/20,12:00,9486,786,3174,3409,28,297,1153,103,828,4573,0,262,0,-222,-40,-4876,11,9486
2025/11/20,12:30,9389,784,3058,3505,28,295,1101,101,807,4590,0,252,0,-222,-37,-4880,7,9389
2025/11/20,13:00,9749,786,3253,3948,28,314,1129,103,816,4014,0,287,0,-222,-1,-4720,14,9749
2025/11/20,13:30,9781,786,3474,4155,28,317,1113,102,811,3436,0,309,0,-220,-3,-4534,7,9781
2025/11/20,14:00,9814,784,3787,4265,27,318,1086,100,800,2649,0,295,0,0,-3,-4306,12,9814
2025/11/20,14:30,9804,782,4417,4494,28,323,1070,99,787,1762,0,298,0,0,-3,-4260,7,9804
2025/11/20,15:00,9791,790,4736,4838,29,395,1093,97,773,982,0,275,0,0,-4,-4226,13,9791
2025/11/20,15:30,10045,784,5176,5045,30,397,1115,96,765,376,0,322,0,140,0,-4214,13,10045
2025/11/20,16:00,10313,784,5032,5100,31,400,1266,97,776,37,0,374,0,222,-1,-3822,17,10313
2025/11/20,16:30,10600,790,5130,5104,31,401,1297,97,769,0,0,445,0,226,0,-3698,8,10600
2025/11/20,17:00,10540,782,5070,5104,33,408,1312,96,769,0,0,487,0,228,-1,-3766,18,10540
2025/11/20,17:30,10532,786,5036,5101,32,405,1328,97,770,0,0,536,0,228,22,-3826,17,10532
2025/11/20,18:00,10435,782,5014,5094,33,400,1316,97,771,0,0,612,0,226,35,-3964,19,10435
2025/11/20,18:30,10357,784,4928,4973,33,405,1326,97,775,0,0,713,0,228,13,-3934,16,10357
2025/11/20,19:00,10200,790,4908,4831,32,406,1283,97,776,0,0,806,0,144,-3,-3886,16,10200
2025/11/20,19:30,10040,784,4898,4762,32,409,1276,94,777,0,0,914,0,0,-1,-3918,13,10040
2025/11/20,20:00,9834,784,4718,4747,30,405,1219,99,775,0,0,957,0,0,-1,-3916,17,9834
2025/11/20,20:30,9658,786,4466,4742,30,404,1205,103,776,0,0,1051,0,0,-1,-3918,14,9658
2025/11/20,21:00,9401,786,4216,4739,29,404,1134,102,777,0,0,1109,0,0,-1,-3906,12,9401
2025/11/20,21:30,9055,784,3896,4747,27,376,1124,102,778,0,0,1124,0,0,-1,-3910,8,9055
2025/11/20,22:00,8826,788,3738,4746,26,297,1107,102,777,0,0,1141,0,0,-1,-3912,17,8826
2025/11/20,22:30,8515,786,3678,4667,24,294,1105,102,782,0,0,1056,0,0,-2,-3990,13,8515
2025/11/20,23:00,8360,784,3782,4639,25,290,1109,103,783,0,0,992,0,0,-1,-4152,6,8360
2025/11/20,23:30,8094,788,3140,4623,23,299,1080,101,779,0,0,1113,0,0,-2,-3854,4,8094
2025/11/21,0:00,7895,790,2828,4636,23,297,1043,102,777,0,0,1287,0,0,-1,-3890,3,7895
2025/11/21,0:30,7773,788,2886,4539,22,296,1044,102,780,0,0,1310,0,0,-1,-3996,3,7773
2025/11/21,1:00,7838,784,2974,4515,21,295,1045,101,782,0,0,1307,0,0,-1,-3988,3,7838
2025/11/21,1:30,7842,792,3128,4478,22,295,1044,102,783,0,0,1268,0,0,-1,-4072,3,7842
2025/11/21,2:00,7951,788,3208,4496,22,292,1054,102,782,0,0,1339,0,0,-1,-4134,3,7951
2025/11/21,2:30,8109,790,3376,4503,23,296,1050,101,783,0,0,1357,0,0,-1,-4172,3,8109
2025/11/21,3:00,8215,784,3536,4505,24,295,1046,102,782,0,0,1269,0,0,-1,-4130,3,8215
2025/11/21,3:30,8360,790,3854,4510,25,297,1059,100,780,0,0,1117,0,0,-1,-4174,3,8360
2025/11/21,4:00,8498,788,3934,4492,26,293,1071,101,783,0,0,1121,0,0,-2,-4112,3,8498
2025/11/21,4:30,8612,794,3910,4461,26,305,1087,102,782,0,0,1155,0,0,-1,-4012,3,8612
2025/11/21,5:00,8832,784,4170,4464,27,306,1121,101,781,0,0,1004,0,0,-2,-3928,4,8832
2025/11/21,5:30,9004,788,4300,4508,27,307,1139,102,785,0,0,1011,0,0,-1,-3966,4,9004
2025/11/21,6:00,9292,794,4398,4509,27,309,1165,102,777,1,0,1229,0,0,-3,-4022,6,9292
2025/11/21,6:30,9392,786,4302,4477,28,303,1152,101,770,153,0,1277,0,0,0,-3976,19,9392
2025/11/21,7:00,9459,788,4310,4248,28,306,1137,100,767,480,0,1244,0,0,-7,-3966,24,9459
2025/11/21,7:30,9720,786,4178,4206,28,303,1158,101,768,823,0,1194,0,0,0,-3844,19,9720
2025/11/21,8:00,10178,788,4414,4143,30,303,1177,103,778,1159,0,1191,0,0,-5,-3918,15,10178
2025/11/21,8:30,10531,786,4226,4027,30,302,1168,102,768,1739,0,1113,0,0,1,-3744,13,10531
2025/11/21,9:00,10717,790,3940,4041,30,303,1220,102,772,1862,0,1191,0,0,0,-3550,16,10717
2025/11/21,9:30,10790,786,3804,4079,31,301,1259,104,779,1963,0,1283,0,0,-1,-3616,18,10790
2025/11/21,10:00,10631,788,3520,3961,31,301,1139,99,763,2362,0,1322,0,0,-11,-3660,16,10631
2025/11/21,10:30,10650,788,3334,3940,31,304,1147,99,761,2551,0,1433,0,0,4,-3756,14,10650
2025/11/21,11:00,10585,784,3442,3920,31,297,1161,99,764,2361,0,1494,0,0,-2,-3778,12,10585
2025/11/21,11:30,10501,792,3322,3957,32,304,1157,99,761,2519,0,1459,0,0,-19,-3896,14,10501
2025/11/21,12:00,10090,782,3196,3942,32,299,1137,97,757,2301,0,1601,0,0,-39,-4030,15,10090
2025/11/21,12:30,10016,790,3202,3929,32,296,1142,98,753,2162,0,1603,0,0,-35,-3964,8,10016
2025/11/21,13:00,10393,784,3411,4148,32,318,1148,97,756,1930,0,1655,0,0,-1,-3900,15,10393
2025/11/21,13:30,10445,786,3443,4319,32,325,1162,93,757,1610,0,1702,0,0,0,-3798,14,10445
2025/11/21,14:00,10500,788,3652,4397,33,324,1189,91,742,1407,0,1681,0,0,-2,-3814,12,10500
2025/11/21,14:30,10375,784,3760,4426,33,325,1215,91,738,1007,0,1701,0,0,2,-3726,19,10375
2025/11/21,15:00,10371,786,4216,4692,33,364,1221,91,738,632,0,1723,0,0,-5,-4132,12,10371
2025/11/21,15:30,10593,784,4684,4886,33,406,1250,92,743,227,0,1793,0,0,5,-4324,14,10593
2025/11/21,16:00,10779,786,4666,5046,34,410,1366,100,752,15,0,1785,0,136,-6,-4328,17,10779
2025/11/21,16:30,10893,788,4624,5186,33,410,1375,100,755,0,0,1792,0,144,4,-4326,8,10893
2025/11/21,17:00,10717,786,4380,5204,33,412,1393,100,755,0,0,1747,0,140,0,-4254,21,10717
2025/11/21,17:30,10614,784,4186,5219,33,405,1400,100,756,0,0,1672,0,142,1,-4104,20,10614
2025/11/21,18:00,10499,788,4358,5098,33,355,1369,100,759,0,0,1577,0,0,-2,-3958,22,10499
2025/11/21,18:30,10393,788,4400,4950,33,332,1362,100,758,0,0,1560,0,0,-1,-3910,21,10393
2025/11/21,19:00,10177,786,4334,4805,33,358,1359,99,757,0,0,1543,0,0,-3,-3910,16,10177
2025/11/21,19:30,10004,788,4390,4741,32,335,1351,99,756,0,0,1414,0,0,-1,-3920,19,10004
2025/11/21,20:00,9816,784,4286,4749,32,374,1372,100,756,0,0,1330,0,0,-1,-3984,18,9816
2025/11/21,20:30,9656,788,4292,4673,31,338,1383,100,757,0,0,1214,0,0,2,-3936,14,9656
2025/11/21,21:00,9371,784,3998,4657,29,291,1372,100,759,0,0,1292,0,0,33,-3960,16,9371
2025/11/21,21:30,9072,788,3658,4657,28,292,1370,100,757,0,0,1388,0,0,28,-4002,8,9072
2025/11/21,22:00,8884,790,3550,4616,26,288,1378,100,758,0,0,1346,0,0,-1,-3986,19,8884
2025/11/21,22:30,8575,784,3316,4496,25,283,1371,98,761,0,0,1416,0,0,-1,-3986,12,8575
2025/11/21,23:00,8471,790,3296,4417,25,287,1362,100,760,0,0,1498,0,0,-1,-4070,7,8471
2025/11/21,23:30,8269,784,2912,4352,25,281,1361,100,760,0,0,1499,0,0,-1,-3808,4,8269
2025/11/22,0:00,8097,788,2578,4231,23,280,1347,100,761,0,0,1551,0,0,-7,-3558,3,8097
2025/11/22,0:30,7943,786,2414,4180,23,272,1344,100,758,0,0,1628,0,0,-7,-3558,3,7943
2025/11/22,1:00,7969,788,2648,4042,22,270,1340,100,760,0,0,1625,0,0,-7,-3622,3,7969
2025/11/22,1:30,7967,784,2782,4022,22,273,1338,100,760,0,0,1632,0,0,-7,-3742,3,7967
2025/11/22,2:00,8069,790,2944,4043,23,269,1338,100,761,0,0,1562,0,0,-6,-3758,3,8069
2025/11/22,2:30,8210,788,3126,4038,23,273,1334,100,759,0,0,1525,0,0,-2,-3758,4,8210
2025/11/22,3:00,8343,784,3278,4090,25,269,1329,100,758,0,0,1564,0,0,-1,-3856,3,8343
2025/11/22,3:30,8314,792,2878,4116,25,274,1332,100,758,0,0,1548,0,0,0,-3512,3,8314
2025/11/22,4:00,8467,784,3058,4001,26,274,1346,100,755,0,0,1502,0,0,-2,-3380,3,8467
2025/11/22,4:30,8501,790,3116,3923,27,275,1342,100,758,0,0,1543,0,0,0,-3376,3,8501
2025/11/22,5:00,8630,782,3850,3848,27,278,1346,99,757,0,0,1491,0,0,-2,-3850,4,8630
2025/11/22,5:30,8591,792,4148,3647,27,272,1329,100,754,0,0,1453,0,0,-1,-3934,4,8591
2025/11/22,6:00,8694,788,4882,3227,27,279,1258,97,751,1,0,1360,0,0,-1,-3982,7,8694
2025/11/22,6:30,8683,780,4934,3092,27,279,1239,99,746,144,0,1361,0,0,-1,-4030,13,8683
2025/11/22,7:00,8676,790,4770,2742,27,279,1209,97,739,634,0,1363,0,0,-2,-3994,22,8676
2025/11/22,7:30,8821,792,4292,2508,28,279,1214,98,741,1238,0,1364,0,0,-2,-3758,27,8821
2025/11/22,8:00,8857,782,3846,2287,28,245,1239,99,748,1944,0,1230,0,0,-1,-3606,16,8857
2025/11/22,8:30,8929,788,3088,1990,26,208,1277,100,748,2725,0,1256,0,92,0,-3386,17,8929
2025/11/22,9:00,8920,790,2748,1715,25,204,1336,103,761,3430,0,1262,0,48,-2,-3524,24,8920
2025/11/22,9:30,8957,788,2668,1681,23,207,1326,103,715,4036,0,1197,0,-2,-2,-3802,19,8957
2025/11/22,10:00,8726,786,2610,1630,23,206,1298,101,625,4603,0,1192,0,-210,-3,-4162,27,8726
2025/11/22,10:30,8623,786,2380,1626,23,207,1283,100,573,4928,0,1307,0,-222,-12,-4374,18,8623
2025/11/22,11:00,8481,792,2382,1543,23,208,1251,99,559,5186,0,1326,0,-224,-10,-4676,22,8481
2025/11/22,11:30,8399,784,2264,1479,24,207,1254,99,561,5392,0,1402,0,-222,-20,-4844,19,8399
2025/11/22,12:00,8304,790,2342,1473,23,205,1238,101,554,5250,131,1309,163,-224,-39,-4736,18,8304
2025/11/22,12:30,8150,790,2632,1499,23,205,1260,99,564,4814,246,1118,346,-222,-21,-4630,19,8150
2025/11/22,13:00,8143,786,2876,1545,24,208,1249,101,554,4409,234,1126,354,-224,-2,-4526,17,8143
2025/11/22,13:30,8140,790,3120,1607,23,205,1230,100,577,3858,97,1247,199,-222,26,-4436,15,8140
2025/11/22,14:00,8101,790,3508,1626,23,202,1221,100,651,3058,0,1478,0,-220,13,-4366,17,8101
2025/11/22,14:30,8114,786,3668,2026,23,247,1225,99,701,2123,0,1421,0,-2,22,-4248,23,8114
2025/11/22,15:00,8215,790,3880,2562,24,275,1255,100,721,1186,0,1377,0,0,0,-3972,17,8215
2025/11/22,15:30,8323,790,4134,2978,26,277,1271,99,729,445,0,1391,0,0,-5,-3834,22,8323
2025/11/22,16:00,8704,786,4220,3330,27,278,1380,102,750,30,0,1412,0,0,-2,-3626,17,8704
2025/11/22,16:30,9037,788,4272,3719,29,281,1393,102,752,0,0,1325,0,0,-4,-3630,10,9037
2025/11/22,17:00,9174,788,3856,4111,30,277,1440,102,753,0,0,1276,0,0,1,-3484,24,9174
2025/11/22,17:30,9239,788,3640,4456,31,284,1436,101,753,0,0,1235,0,0,-3,-3500,18,9239
2025/11/22,18:00,9232,790,3708,4570,31,349,1366,102,757,0,0,1168,0,0,-1,-3628,20,9232
2025/11/22,18:30,9189,790,3732,4534,31,359,1357,101,758,0,0,1119,0,0,0,-3608,16,9189
2025/11/22,19:00,9097,786,3802,4409,31,364,1340,102,757,0,0,1056,0,0,-3,-3562,15,9097
2025/11/22,19:30,9011,786,3804,4408,30,360,1340,100,758,0,0,983,0,0,-2,-3568,12,9011
2025/11/22,20:00,8860,788,3724,4362,30,361,1323,101,759,0,0,934,0,0,-1,-3536,15,8860
2025/11/22,20:30,8782,790,3742,4330,29,365,1312,101,761,0,0,849,0,0,-1,-3510,14,8782
2025/11/22,21:00,8565,788,3664,4211,28,358,1274,101,758,0,0,775,0,0,0,-3404,12,8565
2025/11/22,21:30,8334,786,3562,4199,27,357,1271,102,759,0,0,642,0,0,-1,-3378,8,8334
2025/11/22,22:00,8193,788,3566,4176,25,277,1220,101,757,0,0,597,0,0,-1,-3328,15,8193
2025/11/22,22:30,7944,792,3054,4121,24,274,1217,102,759,0,0,562,0,0,-1,-2972,12,7944
2025/11/22,23:00,7906,790,3238,4099,25,274,1156,101,760,0,0,461,0,0,-1,-3004,7,7906
2025/11/22,23:30,7720,788,3040,4079,24,274,1147,102,759,0,0,453,0,0,-2,-2948,4,7720
2025/11/23,0:00,7580,792,2762,4009,23,275,1141,102,762,0,0,468,0,0,-1,-2756,3,7580
2025/11/23,0:30,7489,788,2634,4065,22,279,1144,102,764,0,0,420,0,0,-2,-2730,3,7489
2025/11/23,1:00,7527,790,2696,4069,22,277,1144,102,763,0,0,421,0,0,-1,-2760,4,7527
2025/11/23,1:30,7624,790,2780,4085,22,273,1145,102,767,0,0,426,0,0,-1,-2768,3,7624
2025/11/23,2:00,7727,784,2810,4067,22,277,1150,102,766,0,0,442,0,0,-1,-2696,4,7727
2025/11/23,2:30,7846,792,2796,4074,23,275,1147,102,762,0,0,499,0,0,-2,-2626,4,7846
2025/11/23,3:00,8029,784,3004,4129,24,277,1143,99,763,0,0,526,0,0,-2,-2722,4,8029
2025/11/23,3:30,8042,790,3018,4127,24,274,1140,102,761,0,0,528,0,0,-1,-2724,3,8042
2025/11/23,4:00,8155,790,3058,4096,25,280,1138,102,760,0,0,579,0,0,-2,-2674,3,8155
2025/11/23,4:30,8221,786,3210,4088,25,278,1136,101,763,0,0,542,0,0,-1,-2710,3,8221
2025/11/23,5:00,8242,788,3478,4027,25,278,1137,102,760,0,0,522,0,0,-1,-2878,4,8242
2025/11/23,5:30,8282,788,3832,3977,25,281,1138,101,761,0,0,495,0,0,-1,-3120,5,8282
2025/11/23,6:00,8317,788,4192,3917,25,273,1118,102,759,1,0,520,0,0,-16,-3372,10,8317
2025/11/23,6:30,8333,790,3930,4057,25,278,1103,100,750,155,0,554,0,0,-26,-3396,13,8333
2025/11/23,7:00,8221,788,3972,4059,25,280,1126,99,753,584,0,494,0,0,-7,-3976,24,8221
2025/11/23,7:30,8263,786,3382,3895,24,280,1116,99,755,1131,0,510,0,0,0,-3734,19,8263
2025/11/23,8:00,8334,792,3476,3568,24,277,1108,99,752,1863,0,542,0,0,-3,-4180,16,8334
2025/11/23,8:30,8227,790,2742,3375,23,275,1099,99,750,2718,0,566,0,0,2,-4224,12,8227
2025/11/23,9:00,8140,784,2494,3081,21,274,1112,99,743,3416,0,564,0,-212,13,-4266,17,8140
2025/11/23,9:30,8236,792,2750,2774,21,240,1101,97,691,4052,0,536,0,-222,24,-4638,18,8236
2025/11/23,10:00,7997,788,2808,2637,20,204,1049,100,593,4302,0,517,0,-222,-3,-4812,16,7997
2025/11/23,10:30,7931,784,2608,2684,19,207,1042,100,537,4482,0,515,0,-222,-4,-4836,15,7931
2025/11/23,11:00,7760,792,2286,2842,21,202,1028,99,532,4495,0,415,0,-222,-9,-4736,15,7760
2025/11/23,11:30,7761,790,2484,2924,22,207,1028,99,532,4436,0,366,0,-222,-6,-4914,15,7761
2025/11/23,12:00,7683,784,2534,2888,21,201,1027,99,531,4274,0,358,0,-222,-3,-4822,13,7683
2025/11/23,12:30,7568,792,2476,2935,21,210,1023,99,534,3964,0,365,0,-222,-2,-4636,9,7568
2025/11/23,13:00,7478,788,2588,3110,20,203,1027,99,580,3491,0,371,0,-220,-4,-4590,15,7478
2025/11/23,13:30,7456,790,2924,3083,21,205,1029,99,677,2874,0,366,0,-222,-6,-4396,12,7456
2025/11/23,14:00,7424,788,2792,3074,21,245,1026,98,733,2085,0,363,0,0,-42,-3772,13,7424
2025/11/23,14:30,7496,788,3128,3420,22,289,1031,99,742,1414,0,338,0,0,-32,-3758,15,7496
2025/11/23,15:00,7636,794,3330,3664,23,334,1040,99,747,821,0,311,0,0,-11,-3530,14,7636
2025/11/23,15:30,7636,786,3246,3840,24,350,1060,97,747,378,0,320,0,0,0,-3230,18,7636
2025/11/23,16:00,8077,788,3456,4193,25,356,1178,102,768,26,0,354,0,0,0,-3186,17,8077
2025/11/23,16:30,8408,792,3518,4321,26,354,1192,101,768,0,0,389,0,0,-1,-3062,10,8408
2025/11/23,17:00,8662,788,3566,4334,27,355,1243,101,772,0,0,365,0,0,-4,-2908,23,8662
2025/11/23,17:30,8757,792,3706,4325,27,353,1246,102,772,0,0,359,0,0,1,-2946,20,8757
2025/11/23,18:00,8810,786,3864,4336,28,384,1206,101,769,0,0,365,0,0,0,-3050,21,8810
2025/11/23,18:30,8702,788,3704,4321,28,387,1198,102,769,0,0,391,0,0,-1,-3004,19,8702
2025/11/23,19:00,8656,786,3808,4313,28,382,1201,102,770,0,0,421,0,0,-1,-3170,16,8656
2025/11/23,19:30,8560,790,3898,4216,28,387,1200,101,768,0,0,452,0,0,-1,-3290,11,8560
2025/11/23,20:00,8411,788,3860,4196,27,381,1131,101,767,0,0,483,0,0,-1,-3340,18,8411
2025/11/23,20:30,8311,792,3808,4181,27,381,1116,101,766,0,0,493,0,0,2,-3370,14,8311
2025/11/23,21:00,8145,790,3530,4182,26,383,1107,101,770,0,0,498,0,0,33,-3290,15,8145
2025/11/23,21:30,7897,784,3270,4178,25,383,1109,100,765,0,0,545,0,0,28,-3298,8,7897
2025/11/23,22:00,7692,792,3334,4164,24,289,1110,101,764,0,0,494,0,0,-1,-3394,15,7692
2025/11/23,22:30,7499,786,3022,4167,22,274,1103,101,767,0,0,432,0,0,-2,-3186,13,7499
2025/11/23,23:00,7411,792,2944,4132,23,278,1104,102,769,0,0,443,0,0,-1,-3182,7,7411
2025/11/23,23:30,7184,786,2736,4111,23,279,1101,101,768,0,0,416,0,0,-1,-3140,4,7184
2025/11/24,0:00,7142,792,2454,4110,21,278,1039,102,770,0,0,425,0,0,-1,-2852,4,7142
2025/11/24,0:30,7063,788,2382,4149,21,285,1043,101,767,0,0,369,0,0,-1,-2844,3,7063
2025/11/24,1:00,7104,784,2436,4173,20,283,1042,101,768,0,0,375,0,0,-1,-2880,3,7104
2025/11/24,1:30,7224,792,2530,4186,21,278,1048,102,771,0,0,338,0,0,-1,-2844,3,7224
2025/11/24,2:00,7357,788,2612,4171,21,278,1050,101,773,0,0,313,0,0,-1,-2752,3,7357
2025/11/24,2:30,7548,786,2746,4186,22,280,1049,99,771,0,0,339,0,0,0,-2734,4,7548
2025/11/24,3:00,7740,788,2948,4199,23,279,1045,102,770,0,0,355,0,0,0,-2772,3,7740
2025/11/24,3:30,7842,788,3028,4219,23,281,1042,101,770,0,0,394,0,0,-1,-2806,3,7842
2025/11/24,4:00,7958,792,3212,4164,24,282,1046,101,770,0,0,377,0,0,-1,-2812,3,7958
2025/11/24,4:30,8064,788,3348,4168,24,283,1049,102,773,0,0,281,0,0,-1,-2754,3,8064
2025/11/24,5:00,8145,788,3440,4175,25,283,1052,101,769,0,0,255,0,0,-1,-2746,4,8145
2025/11/24,5:30,8208,790,3784,4138,24,285,1054,102,771,0,0,285,0,0,-3,-3026,4,8208
2025/11/24,6:00,8320,784,4176,4182,24,285,1041,101,772,1,0,300,0,0,-1,-3352,7,8320
2025/11/24,6:30,8297,790,3976,4151,25,283,1015,100,760,161,0,305,0,0,-1,-3282,14,8297
2025/11/24,7:00,8354,790,3984,4195,25,282,991,99,754,562,0,283,0,0,-2,-3634,25,8354
2025/11/24,7:30,8557,786,3556,4281,26,281,990,99,752,1072,0,275,0,0,-3,-3576,18,8557
2025/11/24,8:00,8731,790,3480,4270,27,285,990,97,749,1853,0,274,0,0,-3,-4096,15,8731
2025/11/24,8:30,8878,790,3102,4186,28,283,993,99,744,2661,0,228,0,0,-1,-4248,13,8878
2025/11/24,9:00,8980,788,2998,4025,28,284,992,99,736,3183,0,222,0,0,0,-4390,15,8980
2025/11/24,9:30,8903,786,2964,3806,27,243,1000,99,735,3517,0,224,0,0,-2,-4514,18,8903
2025/11/24,10:00,8819,788,2862,3758,27,208,993,99,734,3611,0,201,0,0,-7,-4470,15,8819
2025/11/24,10:30,8677,790,2500,3849,26,206,999,99,734,3649,0,187,0,0,-3,-4374,15,8677
2025/11/24,11:00,8676,788,2526,3911,27,203,999,99,730,3460,0,202,0,0,-4,-4280,15,8676
2025/11/24,11:30,8640,790,2796,3882,27,205,1000,99,735,3470,0,247,0,-212,-8,-4406,15,8640
2025/11/24,12:00,8504,790,2642,3890,27,205,992,99,735,3248,0,248,0,-220,-38,-4130,16,8504
2025/11/24,12:30,8357,788,2758,4013,25,206,997,99,735,2812,0,202,0,-222,-29,-4040,13,8357
2025/11/24,13:00,8492,790,2738,4276,25,248,999,99,736,2263,0,190,0,0,-5,-3886,19,8492
2025/11/24,13:30,8463,788,2602,4500,25,272,997,97,736,1763,0,185,0,0,-5,-3514,17,8463
2025/11/24,14:00,8460,790,2810,4549,24,274,996,99,737,1402,0,133,0,0,0,-3372,18,8460
2025/11/24,14:30,8445,788,2900,4565,25,343,1006,99,736,1079,0,110,0,0,-1,-3226,21,8445
2025/11/24,15:00,8439,790,2870,4680,25,349,1106,99,737,780,0,166,0,0,-2,-3176,15,8439
2025/11/24,15:30,8615,790,3212,4825,26,347,1116,99,737,374,0,119,0,0,-4,-3048,22,8615
2025/11/24,16:00,8934,788,4010,4960,27,352,1246,102,755,24,0,117,0,0,-4,-3464,21,8934
2025/11/24,16:30,9273,786,4298,5176,28,355,1242,101,756,0,0,93,0,0,1,-3582,19,9273
2025/11/24,17:00,9360,790,4002,5206,28,353,1248,102,757,0,0,92,0,0,-3,-3238,23,9360
2025/11/24,17:30,9348,790,3910,5210,29,355,1249,101,753,0,0,183,0,0,-1,-3250,19,9348
2025/11/24,18:00,9336,790,3840,5174,28,379,1245,102,708,0,0,229,0,138,0,-3318,21,9336
2025/11/24,18:30,9311,790,4010,5094,29,385,1247,102,709,0,0,181,0,140,0,-3394,18,9311
2025/11/24,19:00,9084,790,3890,5062,29,387,1247,99,707,0,0,131,0,0,-1,-3274,17,9084
2025/11/24,19:30,9008,788,3972,4984,28,384,1244,102,717,0,0,123,0,0,0,-3350,16,9008
2025/11/24,20:00,8814,790,3828,4834,28,379,1141,101,721,0,0,121,0,0,2,-3146,15,8814
2025/11/24,20:30,8722,790,3840,4745,27,380,1138,102,716,0,0,137,0,0,32,-3198,13,8722
2025/11/24,21:00,8460,788,3694,4747,26,378,1118,102,717,0,0,126,0,0,27,-3278,15,8460
2025/11/24,21:30,8200,786,3466,4736,25,378,1111,101,718,0,0,128,0,0,-1,-3256,8,8200
2025/11/24,22:00,7967,792,3596,4610,24,283,1117,102,711,0,0,120,0,0,-2,-3400,14,7967
2025/11/24,22:30,7769,788,3332,4483,22,272,1115,101,717,0,0,145,0,0,-1,-3218,13,7769
2025/11/24,23:00,7633,788,3262,4380,23,275,1116,101,719,0,0,151,0,0,-2,-3186,6,7633
2025/11/24,23:30,7404,790,2924,4405,22,271,1103,101,730,0,0,180,0,0,-2,-3124,4,7404
2025/11/25,0:00,7253,788,2740,4385,22,275,1091,101,733,0,0,172,0,0,-1,-3056,3,7253
2025/11/25,0:30,7171,788,2766,4414,21,272,1089,101,732,0,0,153,0,0,-2,-3166,3,7171
2025/11/25,1:00,7177,790,2724,4416,21,271,1087,102,732,0,0,180,0,0,-1,-3148,3,7177
2025/11/25,1:30,7293,788,2852,4428,21,273,1088,99,734,0,0,176,0,0,-1,-3168,3,7293
2025/11/25,2:00,7412,790,2770,4392,22,278,1081,102,735,0,0,195,0,0,0,-2956,3,7412
2025/11/25,2:30,7575,790,2976,4362,22,275,1083,101,734,0,0,225,0,0,0,-2996,3,7575
2025/11/25,3:00,7823,788,3214,4415,23,279,1092,101,732,0,0,213,0,0,1,-3038,3,7823
2025/11/25,3:30,7873,788,3268,4388,24,279,1092,101,732,0,0,205,0,0,-1,-3006,3,7873
2025/11/25,4:00,8042,790,3428,4387,25,279,1096,102,735,0,0,202,0,0,-1,-3004,3,8042
2025/11/25,4:30,8144,786,3514,4377,25,280,1098,101,734,0,0,196,0,0,-2,-2968,3,8144
2025/11/25,5:00,8387,792,3562,4415,26,280,1122,101,739,0,0,194,0,0,-1,-2846,3,8387
2025/11/25,5:30,8446,784,3642,4392,26,281,1130,101,745,0,0,183,0,0,-2,-2840,4,8446
2025/11/25,6:00,8754,790,4340,4369,26,277,1201,102,744,0,0,175,0,0,-5,-3272,7,8754
2025/11/25,6:30,8925,790,4408,4649,27,280,1175,101,730,131,0,189,0,0,-3,-3568,16,8925
2025/11/25,7:00,8878,786,4156,4731,28,282,1086,99,716,650,0,171,0,0,-4,-3848,25,8878
2025/11/25,7:30,9273,792,4022,4728,28,301,1085,100,716,1319,0,133,0,0,3,-3974,20,9273
2025/11/25,8:00,9736,788,5090,4557,30,324,1008,98,714,1693,0,115,0,0,-6,-4690,15,9736
2025/11/25,8:30,10068,788,5078,4533,31,334,994,97,708,1929,0,107,0,0,3,-4546,12,10068
2025/11/25,9:00,10295,786,5076,4658,31,296,931,99,706,2111,0,90,0,0,5,-4510,16,10295
2025/11/25,9:30,10232,788,4924,4638,30,291,928,96,706,2171,0,77,0,0,1,-4436,18,10232
2025/11/25,10:00,10088,788,5040,4652,30,293,944,92,702,2174,0,54,0,0,-5,-4692,16,10088
2025/11/25,10:30,10099,790,4840,4663,31,289,950,91,708,2442,0,43,0,0,3,-4766,15,10099
2025/11/25,11:00,10015,784,4812,4685,31,289,957,91,689,2627,0,39,0,-210,-5,-4786,12,10015
2025/11/25,11:30,9900,784,4862,4710,32,293,952,95,685,2427,0,30,0,-222,-16,-4746,14,9900
2025/11/25,12:00,9493,784,4774,4737,31,299,978,96,691,2180,0,22,0,-220,-43,-4848,12,9493
2025/11/25,12:30,9388,788,4642,4780,30,302,977,97,695,2055,0,22,0,-220,-39,-4748,7,9388
2025/11/25,13:00,9764,786,4750,4828,30,319,974,96,683,1846,0,27,0,-2,0,-4588,15,9764
2025/11/25,13:30,9865,782,4936,4907,31,382,975,97,690,1499,0,34,0,0,-1,-4476,9,9865
2025/11/25,14:00,9881,784,5020,4935,30,390,996,95,687,1173,0,49,0,0,-3,-4288,13,9881
2025/11/25,14:30,9768,790,4908,4948,30,389,1015,97,678,870,0,77,0,0,-2,-4040,8,9768
2025/11/25,15:00,9771,788,4836,4978,30,396,1089,97,677,545,0,103,0,0,-1,-3780,13,9771
2025/11/25,15:30,9934,792,5194,5044,31,398,1133,97,691,244,0,77,0,0,-2,-3778,13,9934
2025/11/25,16:00,10148,784,5216,5137,32,406,1223,99,717,15,0,71,0,136,0,-3704,16,10148
2025/11/25,16:30,10280,794,5230,5240,31,407,1257,100,723,0,0,97,0,140,-2,-3750,13,10280
2025/11/25,17:00,10165,786,4858,5308,31,433,1281,106,723,0,0,128,0,138,-1,-3644,18,10165
2025/11/25,17:30,10123,786,4958,5352,31,430,1284,106,733,0,0,154,0,142,-1,-3868,16,10123
2025/11/25,18:00,9985,794,5076,5341,31,400,1281,106,728,0,0,182,0,140,-3,-4110,19,9985
2025/11/25,18:30,9913,790,4962,5355,32,401,1278,106,729,0,0,201,0,140,-1,-4096,16,9913
2025/11/25,19:00,9724,786,5378,5294,31,388,1269,106,729,0,0,176,0,0,-2,-4446,15,9724
2025/11/25,19:30,9414,788,4902,5260,31,379,1256,105,729,0,0,130,0,0,-2,-4176,12,9414
2025/11/25,20:00,9329,788,4970,5124,30,382,1166,106,730,0,0,146,0,0,-2,-4128,17,9329
2025/11/25,20:30,9076,792,4820,4931,29,392,1157,104,728,0,0,132,0,0,-1,-4022,14,9076
2025/11/25,21:00,8796,788,4438,4886,28,389,1157,106,730,0,0,121,0,0,-1,-3858,12,8796
2025/11/25,21:30,8545,788,4196,4896,26,373,1161,106,731,0,0,145,0,0,-1,-3884,8,8545
2025/11/25,22:00,8285,788,4118,4891,25,294,1156,106,729,0,0,186,0,0,7,-4030,15,8285
2025/11/25,22:30,8103,790,4068,4820,23,283,1158,106,732,0,0,248,0,0,34,-4172,13,8103
2025/11/25,23:00,7928,790,3706,4766,24,288,1155,105,732,0,0,284,0,0,22,-3950,6,7928
2025/11/25,23:30,7665,790,3382,4761,23,286,1148,106,736,0,0,299,0,0,-2,-3868,4,7665
2025/11/26,0:00,7499,786,2652,4722,22,290,1082,105,745,0,0,313,0,0,-1,-3220,3,7499
2025/11/26,0:30,7403,790,2674,4633,22,287,1080,106,746,0,0,340,0,0,-2,-3276,3,7403
2025/11/26,1:00,7404,790,2676,4595,21,287,1075,106,744,0,0,351,0,0,-2,-3242,3,7404
2025/11/26,1:30,7519,786,2812,4605,21,288,1077,105,746,0,0,400,0,0,0,-3324,3,7519
2025/11/26,2:00,7660,792,3148,4556,22,289,1079,106,746,0,0,381,0,0,-2,-3460,3,7660
2025/11/26,2:30,7790,784,3252,4601,23,285,1081,106,745,0,0,370,0,0,-2,-3458,3,7790
2025/11/26,3:00,7994,788,3178,4648,24,291,1088,105,745,0,0,393,0,0,-3,-3266,3,7994
2025/11/26,3:30,8042,792,3066,4704,25,288,1089,106,744,0,0,426,0,0,-1,-3200,3,8042
2025/11/26,4:00,8240,786,3252,4718,25,289,1086,103,745,0,0,442,0,0,-1,-3208,3,8240
2025/11/26,4:30,8397,790,3404,4710,26,286,1087,106,746,0,0,484,0,0,-1,-3244,3,8397
2025/11/26,5:00,8561,788,3378,4703,26,290,1123,105,745,0,0,521,0,0,0,-3122,4,8561
2025/11/26,5:30,8684,788,3530,4748,27,290,1133,105,745,0,0,539,0,0,-1,-3224,4,8684
2025/11/26,6:00,8893,792,4000,4790,26,288,1190,106,747,1,0,499,0,0,2,-3554,6,8893
2025/11/26,6:30,9128,788,4394,4812,28,288,1171,105,739,117,0,426,0,0,-1,-3758,19,9128
2025/11/26,7:00,9110,784,4176,4829,28,288,1082,104,734,435,0,390,0,0,-3,-3762,25,9110
2025/11/26,7:30,9397,790,4230,4740,29,310,1078,104,730,737,0,387,0,0,-4,-3752,18,9397
2025/11/26,8:00,9878,790,4468,4711,30,335,1018,103,728,1039,0,377,0,0,0,-3736,15,9878
2025/11/26,8:30,10234,790,4656,4743,31,339,1017,103,725,1226,0,368,0,0,-3,-3774,13,10234
2025/11/26,9:00,10417,788,4032,4685,32,335,988,104,724,1625,0,335,0,0,-5,-3242,16,10417
2025/11/26,9:30,10384,786,3562,4538,30,333,947,103,724,1877,0,313,0,0,-1,-2846,18,10384
2025/11/26,10:00,10293,788,3512,4413,28,326,956,106,725,2025,0,253,0,0,-7,-2848,16,10293
2025/11/26,10:30,10240,786,3150,4260,28,290,954,107,724,2501,0,233,0,0,1,-2808,14,10240
2025/11/26,11:00,10134,790,3176,4150,29,285,954,107,725,2742,0,190,0,0,2,-3028,12,10134
2025/11/26,11:30,10105,786,3696,4200,30,286,955,105,725,2557,0,192,0,1,-2,-3440,14,10105
2025/11/26,12:00,9674,788,3362,4243,28,287,974,106,728,2496,0,184,0,1,-26,-3508,11,9674
2025/11/26,12:30,9568,790,3398,4248,27,287,971,107,733,2283,0,182,0,1,-36,-3430,7,9568
2025/11/26,13:00,9983,786,4052,4287,27,281,995,107,735,2135,0,162,0,1,-25,-3574,14,9983
2025/11/26,13:30,9896,790,3988,4360,28,291,1049,106,729,1792,0,147,0,1,-1,-3392,8,9896
2025/11/26,14:00,9934,788,3978,4538,26,330,1082,107,726,1423,0,135,0,1,-4,-3208,12,9934
2025/11/26,14:30,9939,788,4012,4732,27,333,1117,107,724,994,0,147,0,1,3,-3054,8,9939
2025/11/26,15:00,9861,786,4316,5085,28,331,1176,107,727,598,0,152,0,1,-4,-3454,12,9861
2025/11/26,15:30,10135,790,5032,5182,28,340,1202,107,729,254,0,131,0,1,0,-3674,13,10135
2025/11/26,16:00,10330,788,4958,5225,30,339,1370,110,745,16,0,105,0,139,-4,-3508,17,10330
2025/11/26,16:30,10533,788,5058,5269,30,338,1416,109,745,0,0,91,0,143,2,-3464,8,10533
2025/11/26,17:00,10336,788,4932,5353,31,371,1446,109,744,0,0,144,0,141,-1,-3740,18,10336
2025/11/26,17:30,10316,786,4778,5370,31,380,1459,109,750,0,0,224,0,141,2,-3730,16,10316
2025/11/26,18:00,10192,792,4860,5349,31,373,1437,110,748,0,0,269,0,143,31,-3970,19,10192
2025/11/26,18:30,10125,788,5018,5174,31,375,1440,109,746,0,0,267,0,141,27,-4006,15,10125
2025/11/26,19:00,9983,790,5152,5051,31,373,1420,108,747,0,0,260,0,1,-1,-3964,15,9983
2025/11/26,19:30,9698,790,5058,4911,30,373,1418,109,748,0,0,267,0,1,-1,-4018,12,9698
2025/11/26,20:00,9604,786,4910,4824,30,366,1412,110,749,0,0,243,0,1,0,-3844,17,9604
2025/11/26,20:30,9384,790,4704,4764,29,373,1407,110,748,0,0,255,0,1,-1,-3810,14,9384
2025/11/26,21:00,9196,788,4654,4778,28,365,1376,109,749,0,0,266,0,1,-2,-3928,12,9196
2025/11/26,21:30,8816,788,4076,4770,27,369,1363,110,748,0,0,276,0,1,-1,-3718,7,8816
2025/11/26,22:00,8602,786,4002,4650,25,291,1354,110,747,0,0,238,0,1,-1,-3616,15,8602
2025/11/26,22:30,8266,792,3870,4462,24,288,1345,109,747,0,0,187,0,1,-3,-3570,14,8266
2025/11/26,23:00,8114,790,3480,4521,25,282,1319,110,747,0,0,167,0,1,-3,-3332,7,8114
2025/11/26,23:30,7899,782,3304,4544,23,284,1313,110,748,0,0,164,0,1,-2,-3376,4,7899
2025/11/27,0:00,7706,792,3276,4282,23,281,1263,109,747,0,0,159,0,1,-2,-3228,3,7706
2025/11/27,0:30,7591,788,3318,4267,22,280,1253,109,747,0,0,129,0,1,-2,-3324,3,7591
2025/11/27,1:00,7605,790,3502,4225,22,277,1249,110,749,0,0,108,0,1,-1,-3430,3,7605
2025/11/27,1:30,7646,784,3306,4438,22,278,1251,110,749,0,0,101,0,1,-1,-3396,3,7646
2025/11/27,2:00,7815,788,3276,4529,22,284,1235,109,747,0,0,112,0,1,-1,-3290,3,7815
2025/11/27,2:30,7926,792,3194,4608,23,278,1215,109,748,0,0,117,0,1,-1,-3162,4,7926
2025/11/27,3:00,8049,786,3272,4682,24,277,1170,108,746,0,0,129,0,1,-1,-3148,3,8049
2025/11/27,3:30,8224,790,3418,4763,25,279,1155,109,746,0,0,135,0,1,0,-3200,3,8224
2025/11/27,4:00,8381,788,3834,4741,25,274,1146,110,748,0,0,182,0,1,-1,-3470,3,8381
2025/11/27,4:30,8470,788,3822,4687,26,281,1137,109,745,0,0,224,0,1,-1,-3352,3,8470
2025/11/27,5:00,8763,788,3946,4613,27,281,1135,109,750,0,0,259,0,1,-2,-3148,4,8763
2025/11/27,5:30,8847,790,4056,4533,28,276,1133,110,750,0,0,274,0,1,-2,-3106,4,8847
2025/11/27,6:00,9324,786,5240,4570,28,280,1150,110,750,0,0,282,0,1,-16,-3864,7,9324
2025/11/27,6:30,9354,790,4932,4660,29,280,1126,109,746,93,0,264,0,1,-27,-3668,19,9354
2025/11/27,7:00,9417,788,4978,4793,29,275,1022,108,731,574,0,249,0,1,29,-4184,24,9417
2025/11/27,7:30,9578,788,4494,4597,29,289,1018,107,731,1291,0,257,0,1,1,-4044,19,9578
2025/11/27,8:00,9995,788,4714,4221,29,319,969,107,730,2241,0,212,0,1,-1,-4350,15,9995
2025/11/27,8:30,10233,790,4670,3753,28,284,964,107,727,3216,0,184,0,1,4,-4508,13,10233
2025/11/27,9:00,10234,786,4102,3625,27,281,943,108,724,4033,0,207,0,1,5,-4624,16,10234
2025/11/27,9:30,10275,786,4172,3600,27,278,915,104,713,4563,0,171,0,1,-7,-5066,18,10275
2025/11/27,10:00,10022,790,4184,3395,27,281,904,101,712,4788,0,136,0,-209,6,-5108,15,10022
2025/11/27,10:30,9907,790,4096,3381,26,276,913,101,711,4656,0,144,0,-221,-10,-4970,14,9907
2025/11/27,11:00,9794,788,3630,3386,25,285,925,96,709,4586,0,173,0,-221,-7,-4592,11,9794
2025/11/27,11:30,9671,790,3600,3387,26,281,920,99,713,4588,0,180,0,-221,-15,-4692,15,9671
2025/11/27,12:00,9245,788,3778,3564,26,283,957,103,717,4189,0,205,0,-221,-35,-5120,11,9245
2025/11/27,12:30,9159,790,4184,3698,25,279,969,103,718,3541,0,226,0,-219,-45,-5118,8,9159
2025/11/27,13:00,9522,786,4086,3995,26,288,977,102,711,3278,0,261,0,-1,-4,-4998,15,9522
2025/11/27,13:30,9509,788,4374,4282,26,324,989,102,721,2691,0,283,0,1,3,-5082,7,9509
2025/11/27,14:00,9607,788,4800,4541,26,325,1008,95,723,1913,0,296,0,1,-9,-4912,12,9607
2025/11/27,14:30,9659,790,5218,4795,27,325,1033,95,726,1207,0,330,0,1,-1,-4894,7,9659
2025/11/27,15:00,9617,790,5288,5084,27,328,1124,101,727,651,0,392,0,1,-9,-4902,15,9617
2025/11/27,15:30,9850,786,5604,5287,28,330,1152,108,726,271,0,502,0,1,4,-4964,15,9850
2025/11/27,16:00,10057,788,5406,5383,29,330,1270,109,748,15,0,596,0,137,-1,-4770,17,10057
2025/11/27,16:30,10229,790,5396,5429,29,328,1283,110,742,0,0,738,0,143,-1,-4766,8,10229
2025/11/27,17:00,10209,792,5236,5381,30,367,1305,109,731,0,0,859,0,143,0,-4762,18,10209
2025/11/27,17:30,10003,784,4859,5120,30,368,1307,109,733,0,0,923,0,141,30,-4418,17,10003
2025/11/27,18:00,9921,792,4772,4893,31,379,1276,110,735,0,0,985,0,141,34,-4246,19,9921
2025/11/27,18:30,9838,788,4786,4796,31,374,1285,107,745,0,0,1005,0,141,1,-4238,17,9838
2025/11/27,19:00,9630,788,4832,4704,31,375,1274,109,746,0,0,1026,0,1,-2,-4272,18,9630
2025/11/27,19:30,9480,792,4664,4722,30,372,1266,110,734,0,0,1049,0,1,-1,-4272,13,9480
2025/11/27,20:00,9226,786,4372,4714,30,377,1229,110,732,0,0,1134,0,1,-1,-4274,16,9226
2025/11/27,20:30,9092,790,4124,4719,29,367,1237,109,732,0,0,1237,0,1,-1,-4266,14,9092
2025/11/27,21:00,8846,788,3882,4711,28,366,1247,109,731,0,0,1232,0,1,-3,-4258,12,8846
2025/11/27,21:30,8576,788,3660,4707,26,364,1248,109,729,0,0,1205,0,1,-1,-4268,8,8576
2025/11/27,22:00,8347,792,3380,4474,25,284,1237,109,732,0,0,1209,0,1,0,-3910,14,8347
2025/11/27,22:30,8075,784,3148,4383,23,272,1236,110,734,0,0,1213,0,1,-2,-3840,13,8075
2025/11/27,23:00,7961,790,3152,4348,24,277,1197,109,735,0,0,1167,0,1,-1,-3844,6,7961
2025/11/27,23:30,7704,788,3016,4338,23,276,1189,109,733,0,0,1061,0,1,-2,-3832,4,7704
2025/11/28,0:00,7524,790,2790,4451,22,279,1165,110,736,0,0,1028,0,1,-1,-3850,3,7524
2025/11/28,0:30,7359,790,2550,4500,21,274,1168,109,737,0,0,1108,0,1,-2,-3900,3,7359
2025/11/28,1:00,7438,790,2586,4521,21,276,1166,110,738,0,0,1104,0,1,0,-3878,3,7438
2025/11/28,1:30,7501,788,2614,4536,21,272,1164,107,738,0,0,1085,0,1,0,-3828,3,7501
2025/11/28,2:00,7628,790,2682,4511,22,272,1172,109,735,0,0,1034,0,1,-1,-3702,3,7628
2025/11/28,2:30,7785,790,2790,4520,23,271,1171,109,735,0,0,1086,0,1,0,-3714,3,7785
2025/11/28,3:00,7957,784,2688,4635,24,273,1179,109,735,0,0,1214,0,1,-2,-3686,3,7957
2025/11/28,3:30,8097,790,2906,4658,24,272,1176,109,731,0,0,1156,0,1,-1,-3728,3,8097
2025/11/28,4:00,8208,788,3096,4671,25,273,1178,109,729,0,0,1135,0,1,-2,-3798,3,8208
2025/11/28,4:30,8377,792,3476,4671,26,274,1192,109,733,0,0,987,0,1,-1,-3886,3,8377
2025/11/28,5:00,8487,786,3420,4651,27,274,1240,109,732,0,0,907,0,1,-2,-3662,4,8487
2025/11/28,5:30,8667,794,3834,4649,27,269,1251,110,735,0,0,843,0,1,-2,-3848,4,8667
2025/11/28,6:00,8855,782,4062,4621,26,274,1257,109,735,0,0,936,0,1,-4,-3950,6,8855
2025/11/28,6:30,9073,792,4034,4503,28,275,1268,109,731,69,0,1230,0,1,2,-3988,19,9073
2025/11/28,7:00,9095,792,3928,4410,29,277,1232,107,720,379,0,1178,0,1,-5,-3976,23,9095
2025/11/28,7:30,9356,786,3850,4365,29,282,1217,107,720,807,0,1185,0,1,-2,-4012,21,9356
2025/11/28,8:00,9779,788,4262,4297,30,366,1161,107,717,1330,0,1206,0,1,-1,-4500,15,9779
2025/11/28,8:30,10101,790,4198,4038,32,282,1154,107,717,2142,0,1253,0,0,-1,-4624,13,10101
2025/11/28,9:00,10246,788,3684,3766,31,282,1121,107,714,2788,0,1599,0,0,3,-4652,15,10246
2025/11/28,9:30,10231,786,3402,3460,32,287,1135,104,712,3460,0,1519,0,1,-1,-4686,20,10231
2025/11/28,10:00,10032,792,2798,3190,31,280,1228,106,711,3929,0,1566,0,1,0,-4616,16,10032
2025/11/28,10:30,10126,788,2520,3171,32,281,1243,106,712,4206,0,1609,0,1,-6,-4552,15,10126
2025/11/28,11:00,10032,790,2490,3027,31,275,1249,96,715,4452,0,1612,0,1,2,-4720,12,10032
2025/11/28,11:30,10013,786,2794,3055,33,283,1259,101,714,4375,0,1675,0,1,-17,-5060,14,10013
2025/11/28,12:00,9654,792,2788,3055,31,290,1315,108,717,4078,0,1755,0,-209,-36,-5042,12,9654
2025/11/28,12:30,9475,790,2880,3106,31,291,1342,108,717,3766,0,1777,0,-221,-41,-5078,7,9475
2025/11/28,13:00,9924,786,3186,3312,32,309,1355,107,714,3425,0,1800,0,1,-5,-5114,16,9924
2025/11/28,13:30,9937,788,3336,3465,33,313,1379,108,716,2925,0,1809,0,1,-1,-4952,17,9937
2025/11/28,14:00,10010,790,3548,3808,31,321,1464,108,718,2301,0,1841,0,1,-2,-4932,13,10010
2025/11/28,14:30,9992,792,3798,4165,32,330,1472,108,718,1573,0,1879,0,1,1,-4892,15,9992
2025/11/28,15:00,9973,784,4074,4541,32,331,1492,105,723,853,0,1864,0,1,-8,-4832,13,9973
2025/11/28,15:30,10146,788,4114,4892,32,396,1496,107,713,345,0,1897,0,137,1,-4786,14,10146
2025/11/28,16:00,10437,792,4424,5011,34,389,1581,110,729,16,0,1961,0,143,2,-4772,17,10437
2025/11/28,16:30,10511,786,4274,5170,33,392,1603,109,733,0,0,1943,0,141,-2,-4682,11,10511
2025/11/28,17:00,10449,788,4102,5202,33,395,1614,110,737,0,0,1958,0,143,-1,-4654,22,10449
2025/11/28,17:30,10284,784,3806,5234,33,394,1627,109,735,0,0,1988,0,141,-1,-4586,20,10284
2025/11/28,18:00,10219,788,3608,5246,34,394,1656,107,738,0,0,1994,0,141,3,-4512,22,10219
2025/11/28,18:30,10043,790,3624,4918,34,401,1670,109,737,0,0,1987,0,141,33,-4420,19,10043
2025/11/28,19:00,9934,788,3668,4759,33,400,1673,109,743,0,0,2006,0,141,28,-4430,16,9934
2025/11/28,19:30,9731,788,3916,4498,33,400,1675,110,742,0,0,2018,0,3,-1,-4464,13,9731
2025/11/28,20:00,9602,790,3910,4455,32,402,1604,109,745,0,0,2002,0,1,-1,-4466,19,9602
2025/11/28,20:30,9378,788,3906,4261,31,402,1589,109,744,0,0,2019,0,1,-1,-4486,15,9378
2025/11/28,21:00,9138,786,3800,4157,30,389,1498,108,745,0,0,2016,0,1,-2,-4406,16,9138
2025/11/28,21:30,8869,792,3344,4251,28,393,1494,109,744,0,0,2015,0,1,-1,-4310,9,8869
2025/11/28,22:00,8617,786,3070,4143,27,304,1495,109,745,0,0,1993,0,1,-1,-4070,15,8617
2025/11/28,22:30,8392,786,2878,4129,25,293,1487,110,744,0,0,1977,0,1,0,-4052,14,8392
2025/11/28,23:00,8238,790,2792,4113,26,295,1490,110,747,0,0,1970,0,1,0,-4104,8,8238
2025/11/28,23:30,8045,790,2610,4067,25,301,1472,109,749,0,0,1959,0,1,-1,-4042,5,8045
2025/11/29,0:00,7838,786,2542,4049,24,295,1378,108,758,0,0,1904,0,1,-12,-4000,5,7838
2025/11/29,0:30,7607,788,2268,4023,23,300,1374,109,758,0,0,1894,0,1,-11,-3924,4,7607
2025/11/29,1:00,7671,790,2352,4056,22,296,1382,110,758,0,0,1883,0,1,-11,-3972,4,7671
2025/11/29,1:30,7664,786,2398,4023,22,299,1384,110,763,0,0,1866,0,1,-12,-3980,4,7664
2025/11/29,2:00,7759,784,2570,4052,23,295,1385,109,762,0,0,1818,0,1,-11,-4034,5,7759
2025/11/29,2:30,7926,792,2556,4173,24,299,1390,110,762,0,0,1822,0,1,-2,-4006,5,7926
2025/11/29,3:00,8035,786,2700,4234,25,297,1398,108,761,0,0,1802,0,1,-1,-4080,4,8035
2025/11/29,3:30,8145,788,2806,4238,26,298,1402,110,761,0,0,1792,0,1,0,-4080,3,8145
2025/11/29,4:00,8225,788,2990,4247,26,298,1406,110,761,0,0,1748,0,1,-1,-4152,3,8225
2025/11/29,4:30,8381,786,3398,4223,27,303,1405,109,760,0,0,1735,0,1,-1,-4368,3,8381
2025/11/29,5:00,8431,790,3598,4042,27,299,1409,109,759,0,0,1761,0,1,0,-4368,4,8431
2025/11/29,5:30,8469,788,3618,4129,27,301,1410,110,758,0,0,1719,0,1,0,-4396,4,8469
2025/11/29,6:00,8559,786,3864,4223,28,301,1404,107,757,0,0,1631,0,1,2,-4552,7,8559
2025/11/29,6:30,8581,788,3980,4000,28,300,1401,109,752,98,0,1647,0,1,-4,-4532,13,8581
2025/11/29,7:00,8501,788,3702,3700,29,300,1416,108,743,689,0,1562,0,1,-2,-4558,23,8501
2025/11/29,7:30,8723,786,3478,3464,29,301,1413,107,743,1464,0,1535,0,0,-2,-4614,19,8723
2025/11/29,8:00,8805,788,3490,3077,30,306,1348,107,727,2451,0,1519,0,0,-1,-5052,15,8805
2025/11/29,8:30,8959,790,3056,2704,29,265,1321,107,702,3400,0,1539,0,0,-4,-4964,14,8959
2025/11/29,9:00,8970,786,2564,2504,28,226,1308,105,666,4154,0,1535,0,0,-3,-4920,17,8970
2025/11/29,9:30,8937,786,2374,2425,27,223,1313,107,578,4826,0,1418,0,-212,1,-4948,19,8937
2025/11/29,10:00,8784,786,2184,2179,26,226,1320,107,518,5285,0,1285,0,-224,-3,-4928,23,8784
2025/11/29,10:30,8702,788,2034,2060,26,225,1326,108,508,5765,0,1218,0,-222,-4,-5146,16,8702
2025/11/29,11:00,8599,788,2002,2008,25,228,1319,110,508,5959,164,1198,24,-222,-1,-5338,15,8599
2025/11/29,11:30,8526,788,2146,1849,24,225,1324,109,509,5943,172,1131,20,-222,-11,-5306,17,8526
2025/11/29,12:00,8312,788,2240,1784,24,227,1326,108,510,5739,167,1101,14,-222,-30,-5298,15,8312
2025/11/29,12:30,8139,786,2210,1960,24,226,1334,110,509,5453,159,1054,12,-220,-36,-5280,9,8139
2025/11/29,13:00,8269,788,2484,2098,24,225,1365,110,509,5049,0,993,0,-222,-15,-5156,17,8269
2025/11/29,13:30,8228,794,2566,2268,24,226,1364,110,563,4339,0,939,0,0,2,-4984,17,8228
2025/11/29,14:00,8189,780,2906,2602,24,273,1366,109,638,3392,0,899,0,0,-5,-4808,13,8189
2025/11/29,14:30,8134,790,3334,2994,24,301,1373,110,697,2294,0,790,0,0,2,-4590,15,8134
2025/11/29,15:00,8282,786,3950,3379,26,313,1417,108,720,1223,0,661,0,0,15,-4330,14,8282
2025/11/29,15:30,8334,792,4322,3705,26,405,1440,110,731,433,0,586,0,0,-26,-4204,14,8334
2025/11/29,16:00,8696,786,4548,4183,28,404,1571,112,750,23,0,528,0,0,0,-4254,17,8696
2025/11/29,16:30,9093,788,4726,4522,29,409,1568,112,752,0,0,475,0,0,-3,-4296,11,9093
2025/11/29,17:00,9195,788,4276,4767,31,410,1578,112,758,0,0,438,0,0,1,-3984,20,9195
2025/11/29,17:30,9326,788,4286,5050,33,408,1584,109,760,0,0,426,0,0,7,-4140,15,9326
2025/11/29,18:00,9236,790,3898,5264,33,411,1590,112,760,0,0,433,0,136,34,-4244,19,9236
2025/11/29,18:30,9283,786,3966,5304,33,411,1599,112,759,0,0,430,0,142,33,-4308,16,9283
2025/11/29,19:00,9181,792,4226,5337,33,415,1595,112,760,0,0,399,0,0,-2,-4502,16,9181
2025/11/29,19:30,9097,784,4130,5454,33,414,1590,112,762,0,0,404,0,0,-2,-4596,12,9097
2025/11/29,20:00,9016,788,4022,5377,32,411,1517,112,760,0,0,387,0,0,-1,-4404,15,9016
2025/11/29,20:30,8834,790,3942,5279,31,416,1514,110,763,0,0,374,0,0,-3,-4396,14,8834
2025/11/29,21:00,8685,788,4004,5140,30,417,1448,112,761,0,0,379,0,0,0,-4406,12,8685
2025/11/29,21:30,8461,784,4024,4987,29,416,1434,112,760,0,0,390,0,0,-1,-4482,8,8461
2025/11/29,22:00,8339,792,4350,4885,28,315,1406,112,760,0,0,420,0,0,-1,-4742,14,8339
2025/11/29,22:30,8055,782,3756,4841,27,307,1380,112,760,0,0,401,0,0,-2,-4322,13,8055
2025/11/29,23:00,8087,790,3778,4810,27,308,1368,112,760,0,0,414,0,0,-1,-4286,7,8087
2025/11/29,23:30,7855,792,3328,4813,26,305,1337,112,762,0,0,418,0,0,-1,-4042,5,7855
2025/11/30,0:00,7775,784,2928,4808,25,304,1202,111,763,0,0,425,0,0,-2,-3576,3,7775
2025/11/30,0:30,7719,788,2962,4776,24,305,1184,112,761,0,0,469,0,0,-1,-3664,3,7719
2025/11/30,1:00,7715,792,3054,4759,24,304,1185,112,728,0,0,527,0,0,-1,-3772,3,7715
2025/11/30,1:30,7795,784,3096,4765,24,302,1179,112,727,0,0,584,0,0,-1,-3780,3,7795
2025/11/30,2:00,7905,786,3040,4753,24,300,1177,112,728,0,0,652,0,0,-1,-3670,4,7905
2025/11/30,2:30,8057,790,3088,4754,25,299,1175,110,739,0,0,705,0,0,-2,-3630,4,8057
2025/11/30,3:00,8187,790,3140,4766,26,292,1184,112,748,0,0,684,0,0,0,-3558,3,8187
2025/11/30,3:30,8243,786,3078,4763,27,291,1190,112,753,0,0,708,0,0,-1,-3468,4,8243
2025/11/30,4:00,8341,786,3166,4663,27,291,1191,112,750,0,0,783,0,0,-1,-3430,3,8341
2025/11/30,4:30,8373,790,3224,4606,27,291,1190,111,747,0,0,831,0,0,0,-3448,4,8373
2025/11/30,5:00,8437,786,3266,4655,27,296,1213,112,747,0,0,903,0,0,-2,-3570,4,8437
2025/11/30,5:30,8462,788,3486,4647,27,292,1214,109,747,0,0,1005,0,0,-1,-3858,6,8462
2025/11/30,6:00,8552,788,3954,4659,26,295,1212,112,747,0,0,1041,0,0,-1,-4292,11,8552
2025/11/30,6:30,8578,786,4122,4513,27,293,1210,111,746,70,0,1058,0,0,-3,-4370,15,8578
2025/11/30,7:00,8466,788,3974,4150,27,294,1164,110,730,641,0,1026,0,0,-4,-4458,24,8466
2025/11/30,7:30,8518,790,3698,3750,28,295,1165,109,732,1357,0,855,0,0,2,-4282,19,8518
2025/11/30,8:00,8461,784,3502,3218,29,294,1147,109,725,2224,0,682,0,0,-8,-4260,15,8461
2025/11/30,8:30,8458,792,3024,2815,29,297,1138,107,707,3027,0,604,0,0,2,-4098,14,8458
2025/11/30,9:00,8470,788,2660,2523,26,261,1123,108,655,3801,0,641,0,0,8,-4140,16,8470
2025/11/30,9:30,8243,790,2656,2174,25,219,1121,107,573,4341,0,633,0,-212,1,-4204,19,8243
2025/11/30,10:00,8116,786,2444,2051,24,217,1119,107,524,4428,0,541,0,-222,-3,-3916,16,8116
2025/11/30,10:30,8012,792,2372,2044,24,214,1117,107,512,4488,0,520,0,-222,-5,-3966,15,8012
2025/11/30,11:00,7870,786,2320,2032,25,212,1108,107,512,4672,0,518,0,-222,-15,-4196,11,7870
2025/11/30,11:30,7850,790,2194,2008,26,215,1114,105,511,4752,0,525,0,-220,-8,-4176,14,7850
2025/11/30,12:00,7781,782,2446,2045,24,212,1114,107,514,4579,0,560,0,-222,-40,-4352,12,7781
2025/11/30,12:30,7581,792,2152,2360,23,210,1116,107,513,4155,0,501,0,-220,-39,-4096,7,7581
2025/11/30,13:00,7539,788,2072,2681,23,221,1119,107,511,3650,0,509,0,-220,-6,-3932,16,7539
2025/11/30,13:30,7474,792,1922,2990,23,225,1118,107,556,3143,0,516,0,0,-6,-3930,18,7474
2025/11/30,14:00,7492,786,1964,3315,23,266,1121,104,617,2449,0,515,0,0,1,-3684,15,7492
2025/11/30,14:30,7380,790,1998,3688,23,298,1146,106,671,1679,0,447,0,0,-2,-3480,16,7380
2025/11/30,15:00,7440,788,2382,3949,24,299,1267,107,696,956,0,428,0,0,-3,-3470,17,7440
2025/11/30,15:30,7711,790,3102,4295,25,388,1283,107,714,374,0,400,0,0,-1,-3790,24,7711
2025/11/30,16:00,7999,790,3614,4656,26,408,1389,109,736,15,0,334,0,0,2,-4096,16,7999
2025/11/30,16:30,8487,788,4126,5042,27,408,1419,107,738,0,0,292,0,0,31,-4502,11,8487
2025/11/30,17:00,8726,792,3786,5262,28,403,1423,109,743,0,0,263,0,0,-2,-4104,23,8726
2025/11/30,17:30,8801,786,3470,5414,29,405,1430,109,746,0,0,265,0,0,4,-3876,19,8801
2025/11/30,18:00,8840,786,3506,5483,29,401,1429,110,752,0,0,281,0,136,35,-4128,20,8840
2025/11/30,18:30,8803,792,3494,5478,29,401,1436,109,756,0,0,280,0,142,0,-4130,16,8803
2025/11/30,19:00,8731,788,3584,5435,29,409,1424,107,760,0,0,278,0,140,-2,-4238,17,8731
2025/11/30,19:30,8699,790,3740,5410,28,404,1423,109,759,0,0,317,0,140,-2,-4436,17,8699
2025/11/30,20:00,8514,788,3678,5179,28,396,1390,109,759,0,0,369,0,142,-2,-4338,16,8514
2025/11/30,20:30,8407,786,3914,4885,27,396,1385,109,760,0,0,420,0,140,-1,-4428,14,8407
2025/11/30,21:00,8206,790,3982,4784,26,398,1343,109,756,0,0,418,0,0,-2,-4414,16,8206
2025/11/30,21:30,8080,790,4226,4771,25,399,1342,107,757,0,0,437,0,0,-2,-4780,8,8080
2025/11/30,22:00,7814,788,3834,4766,24,309,1339,109,755,0,0,427,0,0,-2,-4550,15,7814
2025/11/30,22:30,7509,788,3324,4709,23,298,1336,109,758,0,0,443,0,0,-3,-4290,14,7509
2025/11/30,23:00,7535,790,3282,4649,24,297,1337,109,761,0,0,461,0,0,-3,-4178,6,7535
2025/11/30,23:30,7293,786,2830,4647,23,296,1334,109,760,0,0,480,0,0,-2,-3974,4,7293
