単位[MW平均],,,供給力,,,,,,,,,,,,,,,,
DATE,TIME,エリア需要,原子力,火力(LNG),火力(石炭),火力(石油),火力(その他),水力,地熱,バイオマス,太陽光発電実績,太陽光出力制御量,風力発電実績,風力出力制御量,揚水,蓄電池,連系線,その他,合計
2025/5/1,0:00,6511,788,3026,2842,23,173,2189,151,714,0,0,247,0,0,-1,-3644,3,6511
2025/5/1,0:30,6407,788,2952,2859,22,172,2193,150,713,0,0,217,0,0,-2,-3660,3,6407
2025/5/1,1:00,6504,790,3126,2868,22,172,2190,151,712,0,0,209,0,0,-1,-3738,3,6504
2025/5/1,1:30,6540,786,3128,2873,22,170,2190,152,713,0,0,191,0,0,-1,-3688,4,6540
2025/5/1,2:00,6756,790,3280,2870,23,172,2193,148,713,0,0,169,0,0,-1,-3604,3,6756
2025/5/1,2:30,6850,788,3356,2860,24,174,2189,151,712,0,0,139,0,0,-1,-3546,4,6850
2025/5/1,3:00,7095,790,3330,2866,24,169,2191,150,711,0,0,134,0,190,-1,-3462,3,7095
2025/5/1,3:30,7141,788,3266,2817,25,173,2188,152,713,0,0,125,0,210,-1,-3318,3,7141
2025/5/1,4:00,7325,786,3610,2765,26,172,2192,152,713,0,0,125,0,208,-1,-3426,3,7325
2025/5/1,4:30,7398,792,3842,2649,27,171,2195,150,715,29,0,146,0,0,-2,-3320,4,7398
2025/5/1,5:00,7418,788,3704,2497,27,166,2218,153,719,235,0,190,0,0,-1,-3282,4,7418
2025/5/1,5:30,7412,790,3170,2426,27,170,2235,151,714,692,0,223,0,0,-2,-3188,4,7412
2025/5/1,6:00,7365,790,3194,2078,27,170,2228,153,663,1478,0,191,0,0,-6,-3608,7,7365
2025/5/1,6:30,7309,790,2856,1849,26,151,2245,155,581,2417,0,159,0,-210,7,-3730,13,7309
2025/5/1,7:00,7247,786,2336,1511,25,123,2306,155,551,3407,0,143,0,-222,-7,-3888,21,7247
2025/5/1,7:30,7260,790,1766,1326,24,125,2376,160,561,4125,0,124,0,-222,-6,-3908,19,7260
2025/5/1,8:00,7639,788,1782,1252,24,124,2419,160,563,4244,843,127,9,0,-3,-3856,15,7639
2025/5/1,8:30,7919,790,1932,1248,24,126,2419,162,559,4392,1270,130,9,0,0,-3876,13,7919
2025/5/1,9:00,8027,790,2078,1270,24,124,2416,160,558,4402,1811,133,8,0,-5,-3938,15,8027
2025/5/1,9:30,8071,784,1914,1423,23,124,2361,159,535,4685,1894,143,5,0,-2,-4098,20,8071
2025/5/1,10:00,7999,790,1442,1311,22,126,2343,154,519,5030,1982,151,5,-2,0,-3902,15,7999
2025/5/1,10:30,8041,798,1386,1359,23,125,2316,153,505,5295,2055,188,4,-214,-2,-3906,15,8041
2025/5/1,11:00,8022,788,1508,1481,22,125,2323,154,506,5408,2083,205,3,-424,-4,-4082,12,8022
2025/5/1,11:30,8022,790,1560,1509,23,127,2321,150,503,5447,2082,197,3,-440,0,-4180,15,8022
2025/5/1,12:00,7723,788,1410,1452,22,125,2336,153,509,5028,2446,217,3,-438,-35,-3856,12,7723
2025/5/1,12:30,7650,790,1382,1518,22,127,2322,149,505,4931,2394,252,4,-438,-41,-3876,7,7650
2025/5/1,13:00,7843,784,1728,1519,22,127,2343,153,511,4757,2296,287,4,-438,-8,-3956,14,7843
2025/5/1,13:30,7854,792,1582,1515,22,127,2371,152,517,4911,1679,306,4,-436,1,-4014,8,7854
2025/5/1,14:00,7865,790,1660,1515,22,125,2401,157,529,4464,1529,324,4,-220,-2,-3912,12,7865
2025/5/1,14:30,7762,784,1684,1485,23,124,2403,153,526,4256,994,339,4,0,-3,-4020,8,7762
2025/5/1,15:00,7688,792,2096,1465,23,128,2398,155,580,3860,596,370,5,0,10,-4202,13,7688
2025/5/1,15:30,7703,786,2496,1649,24,159,2416,153,676,3172,310,380,7,0,-13,-4208,13,7703
2025/5/1,16:00,7714,792,2564,1738,25,167,2354,154,722,2432,0,406,0,190,-2,-3848,20,7714
2025/5/1,16:30,7617,786,2876,2036,26,166,2282,147,717,1534,0,439,0,212,0,-3612,8,7617
2025/5/1,17:00,7576,788,3388,2230,26,171,2251,149,718,766,0,444,0,208,1,-3582,18,7576
2025/5/1,17:30,7591,790,3638,2465,28,169,2229,145,715,278,0,491,0,208,0,-3580,15,7591
2025/5/1,18:00,7696,792,3530,2600,28,167,2206,145,711,50,0,580,0,206,16,-3354,19,7696
2025/5/1,18:30,7900,788,3554,2767,29,166,2221,145,709,0,0,650,0,210,31,-3386,16,7900
2025/5/1,19:00,7748,788,3196,2733,29,171,2223,146,711,0,0,737,0,208,-2,-3208,16,7748
2025/5/1,19:30,7700,790,3108,2713,29,170,2224,147,710,0,0,840,0,208,-1,-3250,12,7700
2025/5/1,20:00,7451,788,2922,2688,28,169,2220,145,712,0,0,935,0,206,-1,-3378,17,7451
2025/5/1,20:30,7445,790,3112,2617,28,166,2227,146,710,0,0,955,0,210,-1,-3528,13,7445
2025/5/1,21:00,7099,786,2818,2697,26,173,2222,144,710,0,0,1038,0,206,-1,-3732,12,7099
2025/5/1,21:30,6947,790,2830,2756,25,172,2233,147,710,0,0,1037,0,0,-1,-3758,6,6947
2025/5/1,22:00,6690,788,2486,2756,24,169,2226,144,714,0,0,1036,0,0,0,-3668,15,6690
2025/5/1,22:30,6512,788,2230,2782,23,173,2237,147,713,0,0,1013,0,0,-2,-3604,12,6512
2025/5/1,23:00,6450,788,2204,2777,23,173,2235,145,714,0,0,1012,0,0,-1,-3626,6,6450
2025/5/1,23:30,6255,794,2028,2736,23,172,2226,147,714,0,0,1054,0,0,-1,-3642,4,6255
2025/5/2,0:00,6163,790,1932,2682,21,171,2219,146,715,0,0,1135,0,0,-1,-3650,3,6163
2025/5/2,0:30,5981,788,1868,2707,21,172,2216,144,714,0,0,1140,0,0,-2,-3790,3,5981
2025/5/2,1:00,6060,792,1988,2785,21,171,2213,147,716,0,0,1067,0,0,-1,-3842,3,6060
2025/5/2,1:30,6134,788,2204,2789,21,169,2216,145,716,0,0,1041,0,0,-1,-3958,4,6134
2025/5/2,2:00,6224,794,2202,2768,21,173,2215,146,717,0,0,1057,0,0,-1,-3872,4,6224
2025/5/2,2:30,6369,784,2208,2765,22,171,2216,145,716,0,0,1063,0,0,-1,-3724,4,6369
2025/5/2,3:00,6533,792,2358,2769,23,171,2212,146,716,0,0,1037,0,0,-1,-3694,4,6533
2025/5/2,3:30,6569,788,2304,2768,24,172,2218,145,714,0,0,1030,0,0,-1,-3596,3,6569
2025/5/2,4:00,6710,792,2524,2717,25,171,2213,147,716,0,0,996,0,0,-1,-3594,4,6710
2025/5/2,4:30,6718,790,2542,2581,25,170,2211,147,716,26,0,1025,0,0,-1,-3518,4,6718
2025/5/2,5:00,6705,788,2646,2335,25,170,2224,145,718,232,0,1044,0,0,-1,-3624,3,6705
2025/5/2,5:30,6585,792,2254,2148,25,169,2270,149,730,635,0,1060,0,0,-1,-3650,4,6585
2025/5/2,6:00,6596,788,2050,1876,25,173,2296,149,744,1217,0,1035,0,0,1,-3764,6,6596
2025/5/2,6:30,6657,792,1890,1660,24,151,2330,153,746,1839,0,984,0,-212,-3,-3710,13,6657
2025/5/2,7:00,6733,786,1856,1349,24,125,2362,153,757,2551,0,976,0,-430,-2,-3794,20,6733
2025/5/2,7:30,6912,796,1576,1244,23,127,2428,157,770,3161,68,806,242,-440,-2,-3752,18,6912
2025/5/2,8:00,7376,788,2066,1340,23,126,2447,156,766,3429,90,826,209,-436,-5,-4164,14,7376
2025/5/2,8:30,7685,788,1864,1340,25,127,2470,159,725,3868,69,868,203,-440,-2,-4120,13,7685
2025/5/2,9:00,7841,790,1674,1273,27,126,2506,162,632,4342,70,909,266,-436,-1,-4178,15,7841
2025/5/2,9:30,7978,790,1666,1211,27,124,2522,160,576,4557,71,960,268,-220,-1,-4412,18,7978
2025/5/2,10:00,7934,788,1648,1243,26,123,2523,162,561,4356,341,905,360,0,-2,-4414,15,7934
2025/5/2,10:30,7972,786,1928,1314,26,124,2439,156,533,3963,338,936,357,0,5,-4252,14,7972
2025/5/2,11:00,8029,794,2320,1452,27,126,2482,160,540,3323,299,970,362,0,-4,-4172,11,8029
2025/5/2,11:30,8013,788,2356,1549,27,125,2440,160,531,2850,1,1287,0,0,-17,-4098,15,8013
2025/5/2,12:00,7834,790,2330,1704,27,123,2410,160,526,2439,0,1335,0,0,-12,-4010,12,7834
2025/5/2,12:30,7659,784,1844,1818,27,124,2430,159,532,2239,0,1350,0,0,-37,-3626,15,7659
2025/5/2,13:00,7987,790,2126,2019,28,128,2433,161,571,2003,0,1354,0,0,-27,-3614,15,7987
2025/5/2,13:30,7974,792,2170,2091,29,157,2388,154,651,1641,0,1363,0,0,-4,-3470,12,7974
2025/5/2,14:00,8005,792,2556,2239,28,166,2357,157,714,1334,0,1320,0,0,2,-3676,16,8005
2025/5/2,14:30,7957,786,2944,2465,28,167,2317,154,727,1003,0,1224,0,0,-7,-3868,17,7957
2025/5/2,15:00,7883,788,3344,2608,28,172,2288,150,718,680,0,1214,0,0,2,-4122,13,7883
2025/5/2,15:30,7866,788,3344,2815,28,168,2255,151,715,458,0,1149,0,0,-4,-4022,21,7866
2025/5/2,16:00,7920,792,3324,2958,28,256,2232,148,710,289,0,1070,0,0,-3,-3902,18,7920
2025/5/2,16:30,7884,792,3112,2990,29,249,2228,149,705,169,0,1021,0,0,-1,-3576,17,7884
2025/5/2,17:00,7784,788,3020,3004,29,170,2211,147,705,83,0,1041,0,202,2,-3640,22,7784
2025/5/2,17:30,7910,790,3170,3006,29,163,2217,149,709,34,0,969,0,412,36,-3794,20,7910
2025/5/2,18:00,7930,788,3208,3006,29,163,2212,149,706,14,0,930,0,430,25,-3754,24,7930
2025/5/2,18:30,7911,792,3152,2980,29,162,2218,147,705,0,0,960,0,428,-1,-3682,21,7911
2025/5/2,19:00,7804,788,3350,2913,29,166,2223,148,705,0,0,960,0,426,-1,-3922,19,7804
2025/5/2,19:30,7656,790,3118,2942,29,160,2229,148,706,0,0,922,0,424,-2,-3822,12,7656
2025/5/2,20:00,7494,790,3532,2845,28,167,2226,148,703,0,0,996,0,228,-1,-4184,16,7494
2025/5/2,20:30,7305,792,3136,2850,27,168,2244,147,701,0,0,989,0,226,-1,-3990,16,7305
2025/5/2,21:00,7077,786,3076,2861,26,166,2236,149,698,0,0,919,0,226,-1,-4086,21,7077
2025/5/2,21:30,6899,790,3362,2827,25,168,2232,147,697,0,0,928,0,0,-1,-4282,6,6899
2025/5/2,22:00,6659,790,2782,2758,24,167,2224,150,696,0,0,969,0,0,-2,-3920,21,6659
2025/5/2,22:30,6488,792,2616,2689,23,166,2225,148,697,0,0,910,0,0,-1,-3792,15,6488
2025/5/2,23:00,6434,788,2682,2646,24,171,2237,148,703,0,0,833,0,0,-1,-3806,9,6434
2025/5/2,23:30,6270,792,2512,2579,23,166,2236,149,701,0,0,796,0,0,-1,-3688,5,6270
2025/5/3,0:00,6084,788,2106,2521,22,165,2229,148,702,0,0,859,0,0,-1,-3458,3,6084
2025/5/3,0:30,5993,788,1966,2522,21,161,2232,150,701,0,0,879,0,0,-1,-3430,4,5993
2025/5/3,1:00,6032,792,2090,2558,21,163,2220,148,700,0,0,799,0,0,-1,-3462,4,6032
2025/5/3,1:30,6031,790,2218,2533,21,162,2209,150,700,0,0,765,0,0,-1,-3520,4,6031
2025/5/3,2:00,6154,792,2222,2485,21,162,2204,148,697,0,0,818,0,0,-1,-3398,4,6154
2025/5/3,2:30,6278,786,2370,2490,22,164,2204,148,701,0,0,786,0,0,-1,-3396,4,6278
2025/5/3,3:00,6416,790,2370,2507,23,163,2203,150,701,0,0,784,0,0,-1,-3278,4,6416
2025/5/3,3:30,6521,792,2564,2504,24,161,2213,148,699,0,0,772,0,0,0,-3360,4,6521
2025/5/3,4:00,6573,786,2560,2432,25,162,2217,151,702,0,0,753,0,190,-1,-3408,4,6573
2025/5/3,4:30,6608,794,2712,2338,25,161,2219,150,701,18,0,783,0,208,-1,-3504,4,6608
2025/5/3,5:00,6381,786,2410,2185,25,164,2212,150,696,161,0,1015,0,206,-1,-3632,4,6381
2025/5/3,5:30,6523,792,2482,1936,25,161,2237,153,656,459,0,1017,0,210,-1,-3608,4,6523
2025/5/3,6:00,6240,788,2082,1743,24,147,2241,150,572,1086,0,963,0,0,-7,-3556,7,6240
2025/5/3,6:30,6168,792,1662,1539,23,121,2262,154,535,1979,0,917,0,0,-3,-3826,13,6168
2025/5/3,7:00,6145,792,1074,1344,22,122,2298,153,540,2782,151,730,67,0,-3,-3730,21,6145
2025/5/3,7:30,6281,790,1196,1124,21,122,2294,156,538,3033,552,568,220,0,0,-3582,21,6281
2025/5/3,8:00,6365,790,1354,1149,21,119,2349,157,544,3116,1674,457,307,0,2,-3712,19,6365
2025/5/3,8:30,6417,788,1152,1119,20,121,2373,156,545,3561,1852,408,271,-214,-1,-3628,17,6417
2025/5/3,9:00,6518,790,1226,1110,20,121,2338,157,536,3874,2522,333,305,-426,-3,-3580,22,6518
2025/5/3,9:30,6552,788,1464,1208,19,123,2323,154,519,3838,2958,314,326,-440,-4,-3772,18,6552
2025/5/3,10:00,6503,792,1456,1230,19,133,2291,155,500,4017,3107,295,295,-440,0,-3966,21,6503
2025/5/3,10:30,6452,788,1194,1178,20,148,2277,153,492,4137,3220,304,276,-438,-1,-3824,24,6452
2025/5/3,11:00,6464,792,1072,1154,20,149,2273,152,487,4143,3270,336,286,-440,-2,-3688,16,6464
2025/5/3,11:30,6504,790,1276,1232,21,120,2280,153,490,3857,3428,348,320,-436,-7,-3634,14,6504
2025/5/3,12:00,6503,790,1334,1206,21,121,2291,154,494,3684,3390,442,311,-438,-40,-3578,22,6503
2025/5/3,12:30,6417,794,1292,1235,21,123,2314,153,498,3533,3292,442,285,-436,-31,-3538,17,6417
2025/5/3,13:00,6355,790,1422,1246,22,121,2313,154,499,3293,3058,405,278,-436,-5,-3488,19,6355
2025/5/3,13:30,6385,792,1400,1266,21,122,2328,156,501,3350,2359,436,231,-436,-4,-3570,23,6385
2025/5/3,14:00,6296,786,1358,1340,20,122,2344,158,507,2892,2085,534,146,-220,-11,-3548,14,6296
2025/5/3,14:30,6311,794,1184,1407,20,123,2350,154,511,2987,1304,524,146,-220,-7,-3532,16,6311
2025/5/3,15:00,6236,786,1338,1504,22,126,2342,155,557,2428,1032,488,151,0,4,-3530,16,6236
2025/5/3,15:30,6346,792,1816,1725,24,155,2381,157,655,2029,612,431,126,0,25,-3868,24,6346
2025/5/3,16:00,6363,786,2238,1779,25,164,2292,153,689,1785,0,396,0,186,-5,-4146,21,6363
2025/5/3,16:30,6399,792,2396,1996,26,159,2262,153,702,1086,0,332,0,210,15,-3742,12,6399
2025/5/3,17:00,6614,790,3072,2220,27,161,2239,148,700,455,0,340,0,210,15,-3780,17,6614
2025/5/3,17:30,6710,790,2914,2473,28,163,2223,150,700,175,0,312,0,208,-5,-3442,21,6710
2025/5/3,18:00,6951,790,2926,2555,28,164,2223,148,699,25,0,231,0,208,-2,-3064,20,6951
2025/5/3,18:30,7033,788,2864,2650,28,171,2235,150,699,0,0,200,0,210,-1,-2978,17,7033
2025/5/3,19:00,6964,794,3092,2661,28,169,2244,150,701,0,0,169,0,210,-1,-3270,17,6964
2025/5/3,19:30,6913,784,3180,2730,28,197,2241,150,703,0,0,141,0,208,-1,-3460,12,6913
2025/5/3,20:00,6768,794,2752,2704,28,216,2240,151,704,0,0,138,0,208,-1,-3182,16,6768
2025/5/3,20:30,6671,788,2672,2710,27,218,2251,147,702,0,0,118,0,208,-1,-3182,13,6671
2025/5/3,21:00,6593,792,2608,2695,26,216,2243,152,704,0,0,121,0,210,-1,-3186,13,6593
2025/5/3,21:30,6336,784,2258,2572,25,214,2243,150,699,0,0,140,0,208,-1,-2962,6,6336
2025/5/3,22:00,6277,796,2490,2665,24,175,2246,151,701,0,0,122,0,208,-1,-3316,16,6277
2025/5/3,22:30,6070,788,2454,2668,23,162,2244,151,704,0,0,115,0,2,-2,-3252,13,6070
2025/5/3,23:00,6029,790,2388,2692,23,161,2244,148,704,0,0,153,0,0,-1,-3280,7,6029
2025/5/3,23:30,5868,790,2192,2693,23,160,2241,151,705,0,0,198,0,0,-2,-3288,5,5868
2025/5/4,0:00,5733,786,2092,2762,22,163,2240,151,705,0,0,229,0,0,-1,-3420,4,5733
2025/5/4,0:30,5658,792,1990,2758,21,163,2239,150,716,0,0,219,0,0,-2,-3392,4,5658
2025/5/4,1:00,5705,792,2230,2699,21,162,2235,150,716,0,0,221,0,0,-1,-3524,4,5705
2025/5/4,1:30,5734,788,2254,2676,21,162,2234,150,717,0,0,251,0,0,-1,-3522,4,5734
2025/5/4,2:00,5906,790,2276,2663,21,163,2233,149,719,0,0,263,0,0,-1,-3374,4,5906
2025/5/4,2:30,6005,790,2306,2690,22,163,2235,150,719,0,0,259,0,0,-1,-3332,4,6005
2025/5/4,3:00,6182,792,2294,2681,23,160,2229,149,718,0,0,235,0,0,-1,-3102,4,6182
2025/5/4,3:30,6268,788,2396,2681,24,166,2236,150,718,0,0,249,0,0,-2,-3142,4,6268
2025/5/4,4:00,6318,790,2370,2675,24,166,2232,149,719,0,0,272,0,0,-1,-3082,4,6318
2025/5/4,4:30,6411,790,2516,2520,25,165,2226,150,716,15,0,319,0,190,-1,-3224,4,6411
2025/5/4,5:00,6362,790,2528,2308,25,162,2218,149,714,123,0,357,0,208,-2,-3222,4,6362
2025/5/4,5:30,6261,788,2580,1984,24,164,2235,149,712,342,0,388,0,210,-1,-3318,4,6261
2025/5/4,6:00,6155,794,2446,1776,24,142,2254,152,675,690,0,396,0,212,-9,-3404,7,6155
2025/5/4,6:30,6060,790,1962,1595,24,121,2285,152,582,1207,0,441,0,204,2,-3316,11,6060
2025/5/4,7:00,6141,788,1636,1385,24,124,2313,154,539,1724,0,547,0,0,-3,-3112,22,6141
2025/5/4,7:30,6196,788,1666,1276,24,121,2338,155,541,1828,326,614,0,-96,11,-3090,20,6196
2025/5/4,8:00,6285,790,1932,1271,24,119,2348,155,545,1810,1003,682,42,-224,-14,-3170,17,6285
2025/5/4,8:30,6450,792,1926,1290,23,119,2388,159,547,2068,1067,790,57,-222,-1,-3444,15,6450
2025/5/4,9:00,6479,786,1726,1289,22,123,2439,159,557,2282,1355,883,59,-224,-4,-3576,17,6479
2025/5/4,9:30,6485,788,1626,1298,22,121,2475,163,553,2538,1450,981,109,-424,-4,-3672,20,6485
2025/5/4,10:00,6462,794,1388,1293,22,119,2415,159,528,2804,1485,1037,116,-438,2,-3678,17,6462
2025/5/4,10:30,6459,792,1204,1295,21,118,2410,157,519,2944,1569,1099,127,-440,-2,-3676,18,6459
2025/5/4,11:00,6433,784,1510,1304,21,120,2407,158,519,2591,1865,947,260,-438,2,-3508,16,6433
2025/5/4,11:30,6494,790,1716,1373,21,122,2361,155,507,2526,1882,907,260,-436,-6,-3560,18,6494
2025/5/4,12:00,6470,790,1796,1388,21,118,2371,157,510,2344,1958,926,267,-440,-5,-3524,18,6470
2025/5/4,12:30,6377,794,1664,1381,21,118,2408,160,517,2371,1929,806,225,-438,-1,-3438,14,6377
2025/5/4,13:00,6317,788,1548,1387,20,121,2399,156,517,2458,1809,797,232,-436,0,-3458,20,6317
2025/5/4,13:30,6306,794,1062,1328,19,120,2389,158,514,2983,1148,786,236,-436,-43,-3384,16,6306
2025/5/4,14:00,6249,790,1128,1311,20,120,2383,156,516,2853,1052,783,242,-328,-45,-3456,18,6249
2025/5/4,14:30,6298,790,1294,1327,20,120,2383,159,518,2684,978,720,243,-218,3,-3524,22,6298
2025/5/4,15:00,6228,790,1538,1405,20,121,2369,158,516,2510,726,722,146,0,-4,-3932,15,6228
2025/5/4,15:30,6301,790,2028,1469,21,123,2378,155,569,2052,588,707,148,0,-2,-4012,23,6301
2025/5/4,16:00,6351,790,2144,1642,22,151,2278,154,634,1831,0,852,0,0,-6,-4158,17,6351
2025/5/4,16:30,6439,792,2386,1808,24,160,2246,149,693,1199,0,869,0,186,4,-4092,15,6439
2025/5/4,17:00,6580,790,2578,2177,25,163,2237,151,711,625,0,803,0,208,-3,-3902,17,6580
2025/5/4,17:30,6687,794,2908,2323,26,164,2233,151,715,250,0,716,0,208,-2,-3816,17,6687
2025/5/4,18:00,6881,786,2904,2502,27,161,2222,149,715,57,0,695,0,206,-1,-3562,20,6881
2025/5/4,18:30,7068,792,3010,2631,28,162,2236,151,715,0,0,711,0,208,37,-3630,17,7068
2025/5/4,19:00,7017,788,2876,2646,28,162,2232,150,714,0,0,766,0,208,24,-3594,17,7017
2025/5/4,19:30,6951,794,2824,2580,28,163,2233,150,715,0,0,913,0,208,-2,-3670,15,6951
2025/5/4,20:00,6854,788,2758,2524,27,165,2239,152,718,0,0,1050,0,206,-1,-3790,18,6854
2025/5/4,20:30,6806,792,2934,2381,27,165,2243,150,716,0,0,1059,0,210,-1,-3884,14,6806
2025/5/4,21:00,6620,790,2822,2349,26,165,2240,151,713,0,0,1099,0,206,7,-3962,14,6620
2025/5/4,21:30,6410,786,2652,2330,26,164,2236,149,713,0,0,1135,0,210,6,-4004,7,6410
2025/5/4,22:00,6287,790,1916,2254,24,162,2238,152,715,0,0,1204,0,206,7,-3396,15,6287
2025/5/4,22:30,6096,788,1698,2266,23,162,2239,150,712,0,0,1216,0,208,-1,-3378,13,6096
2025/5/4,23:00,6110,796,1648,2277,24,163,2237,150,716,0,0,1302,0,206,2,-3418,7,6110
2025/5/4,23:30,5895,788,1692,2160,23,165,2236,152,714,0,0,1317,0,2,-1,-3358,5,5895
2025/5/5,0:00,5765,794,1484,2069,22,166,2243,150,716,0,0,1354,0,0,-1,-3236,4,5765
2025/5/5,0:30,5694,786,1612,2048,21,164,2253,151,714,0,0,1293,0,0,-2,-3350,4,5694
2025/5/5,1:00,5713,792,1694,2062,21,167,2255,152,713,0,0,1290,0,0,-1,-3436,4,5713
2025/5/5,1:30,5759,788,1772,2050,21,167,2249,149,713,0,0,1345,0,0,-2,-3498,5,5759
2025/5/5,2:00,5903,792,1802,2056,21,166,2244,153,713,0,0,1413,0,0,-1,-3460,4,5903
2025/5/5,2:30,6019,790,1628,2011,22,165,2247,149,714,0,0,1416,0,190,-2,-3316,5,6019
2025/5/5,3:00,6213,788,1728,2026,23,166,2245,151,712,0,0,1512,0,210,-1,-3352,5,6213
2025/5/5,3:30,6326,792,2026,1948,23,169,2245,151,710,0,0,1505,0,214,-1,-3460,4,6326
2025/5/5,4:00,6418,786,2290,1927,24,168,2247,148,713,0,0,1474,0,210,-1,-3572,4,6418
2025/5/5,4:30,6458,794,2306,1738,25,164,2241,151,709,42,0,1579,0,208,-1,-3502,4,6458
2025/5/5,5:00,6517,788,2352,1622,25,168,2249,152,706,245,0,1581,0,0,-1,-3374,4,6517
2025/5/5,5:30,6467,792,2074,1492,25,146,2269,151,669,611,0,1535,0,0,-1,-3300,4,6467
2025/5/5,6:00,6357,788,1806,1436,24,126,2265,153,569,1275,0,1442,0,0,-4,-3530,7,6357
2025/5/5,6:30,6230,790,1286,1294,23,124,2276,150,530,2116,0,1368,32,-212,-6,-3522,13,6230
2025/5/5,7:00,6271,790,1310,1136,23,126,2334,155,536,2794,172,466,1080,-222,-3,-3196,22,6271
2025/5/5,7:30,6422,790,1574,1142,23,124,2315,156,530,2784,698,240,1008,-222,1,-3054,19,6422
2025/5/5,8:00,6582,794,1960,1360,22,125,2363,155,539,2633,1904,210,1133,-222,-1,-3372,16,6582
2025/5/5,8:30,6640,790,1804,1346,22,125,2389,157,543,2984,2034,161,1008,-222,-4,-3470,15,6640
2025/5/5,9:00,6749,788,1896,1245,22,122,2413,158,546,3091,2367,138,954,-222,-3,-3462,17,6749
2025/5/5,9:30,6710,792,1856,1236,22,124,2419,160,540,3196,2512,142,1042,-222,-2,-3572,19,6710
2025/5/5,10:00,6710,790,1718,1216,21,125,2434,159,529,3308,2573,145,1023,-222,-1,-3536,24,6710
2025/5/5,10:30,6624,788,1736,1179,21,123,2434,159,526,3451,2586,129,990,-430,-1,-3508,17,6624
2025/5/5,11:00,6678,794,1532,1063,20,122,2397,160,516,3570,2656,387,663,-436,0,-3466,19,6678
2025/5/5,11:30,6638,790,1338,1047,20,125,2412,158,518,3577,2701,459,650,-438,-5,-3382,19,6638
2025/5/5,12:00,6690,788,1614,1078,21,125,2409,159,522,3606,2664,145,940,-436,-33,-3328,20,6690
2025/5/5,12:30,6601,788,1446,1092,20,121,2426,159,523,3727,2639,129,820,-436,5,-3418,19,6601
2025/5/5,13:00,6552,794,1186,1123,20,120,2420,160,523,3705,2558,104,878,-220,-2,-3404,23,6552
2025/5/5,13:30,6572,788,1204,1169,19,121,2387,159,516,3773,2465,85,804,-220,-34,-3410,15,6572
2025/5/5,14:00,6489,792,1130,1122,20,127,2416,159,526,3531,2286,378,440,-220,-25,-3484,17,6489
2025/5/5,14:30,6487,790,1374,1183,20,127,2406,160,521,3214,1886,390,395,-220,21,-3520,21,6487
2025/5/5,15:00,6348,792,1456,1348,20,125,2431,159,532,3076,1222,366,349,-218,0,-3756,17,6348
2025/5/5,15:30,6445,788,1568,1562,21,124,2392,159,524,2521,989,617,109,0,1,-3854,22,6445
2025/5/5,16:00,6458,792,1864,1632,22,125,2306,155,559,2347,156,727,0,0,-27,-4064,20,6458
2025/5/5,16:30,6511,788,2204,1844,23,155,2323,153,644,1565,0,640,0,190,-13,-4022,17,6511
2025/5/5,17:00,6603,792,2890,1953,25,169,2291,153,691,846,0,527,0,210,7,-3974,23,6603
2025/5/5,17:30,6823,792,3560,2287,26,169,2259,150,704,355,0,460,0,212,-8,-4162,19,6823
2025/5/5,18:00,6972,788,3672,2427,27,168,2238,151,711,74,0,427,0,208,0,-3940,21,6972
2025/5/5,18:30,7076,786,3432,2559,28,170,2253,147,715,0,0,430,0,206,-1,-3666,17,7076
2025/5/5,19:00,7162,792,3324,2683,28,167,2264,151,715,0,0,375,0,208,3,-3564,16,7162
2025/5/5,19:30,7090,792,3232,2714,27,169,2267,151,711,0,0,326,0,208,35,-3562,20,7090
2025/5/5,20:00,6959,788,3242,2684,27,169,2275,150,713,0,0,282,0,208,27,-3624,18,6959
2025/5/5,20:30,6787,790,3136,2736,26,170,2275,150,711,0,0,215,0,210,-1,-3644,13,6787
2025/5/5,21:00,6697,790,2788,2762,25,168,2271,149,705,0,0,174,0,208,-1,-3358,16,6697
2025/5/5,21:30,6472,792,2356,2769,24,170,2276,151,701,0,0,168,0,208,-2,-3148,7,6472
2025/5/5,22:00,6382,790,2120,2763,24,168,2270,151,699,0,0,162,0,206,-1,-2984,14,6382
2025/5/5,22:30,6226,788,1922,2762,22,166,2274,149,696,0,0,154,0,206,-2,-2924,13,6226
2025/5/5,23:00,6166,792,2072,2752,23,166,2278,151,696,0,0,139,0,2,-1,-2910,6,6166
2025/5/5,23:30,5981,790,1908,2766,23,169,2271,149,695,0,0,133,0,0,-2,-2926,5,5981
2025/5/6,0:00,5906,786,2026,2756,21,170,2262,150,699,0,0,128,0,0,-1,-3094,3,5906
2025/5/6,0:30,5839,794,1972,2767,20,171,2260,152,702,0,0,123,0,0,-2,-3124,4,5839
2025/5/6,1:00,5842,790,1896,2753,21,173,2262,149,707,0,0,129,0,0,-1,-3040,3,5842
2025/5/6,1:30,5920,790,2004,2765,21,169,2260,151,706,0,0,88,0,0,-2,-3036,4,5920
2025/5/6,2:00,6040,788,2096,2757,21,174,2261,148,708,0,0,96,0,0,-2,-3010,3,6040
2025/5/6,2:30,6224,790,2230,2763,22,170,2265,152,708,0,0,121,0,0,-1,-3000,4,6224
2025/5/6,3:00,6363,792,2158,2736,23,170,2257,151,710,0,0,136,0,136,-2,-2908,4,6363
2025/5/6,3:30,6448,790,2228,2719,23,167,2262,148,706,0,0,153,0,142,-2,-2892,4,6448
2025/5/6,4:00,6577,788,2278,2750,24,170,2258,151,706,0,0,113,0,140,-1,-2804,4,6577
2025/5/6,4:30,6548,790,2222,2755,25,172,2257,151,704,18,0,102,0,140,-1,-2790,3,6548
2025/5/6,5:00,6590,794,2344,2770,25,173,2249,149,705,97,0,91,0,142,-1,-2952,4,6590
2025/5/6,5:30,6506,786,2232,2747,25,172,2271,152,708,275,0,87,0,140,-1,-3092,4,6506
2025/5/6,6:00,6490,794,2384,2746,25,172,2279,150,712,460,0,85,0,0,-1,-3322,6,6490
2025/5/6,6:30,6410,786,1964,2761,24,171,2308,152,714,602,0,77,0,0,-1,-3160,12,6410
2025/5/6,7:00,6507,790,1930,2654,23,170,2334,153,720,770,0,67,0,0,-10,-3116,22,6507
2025/5/6,7:30,6713,790,2130,2598,24,170,2376,157,729,918,0,69,0,0,-3,-3264,19,6713
2025/5/6,8:00,6938,790,2424,2603,25,171,2405,157,734,1046,0,78,0,0,-12,-3498,15,6938
2025/5/6,8:30,7199,788,2622,2655,25,167,2400,155,726,1143,0,74,0,0,-10,-3560,14,7199
2025/5/6,9:00,7311,792,2904,2684,25,165,2411,158,723,1150,0,64,0,0,1,-3782,16,7311
2025/5/6,9:30,7340,788,2914,2675,23,168,2411,156,723,1072,0,60,0,0,-2,-3666,18,7340
2025/5/6,10:00,7371,790,2758,2662,24,148,2427,158,727,1169,0,71,0,0,-2,-3584,23,7371
2025/5/6,10:30,7287,788,2488,2639,23,132,2433,159,723,1165,0,70,0,0,-3,-3346,16,7287
2025/5/6,11:00,7385,792,1918,2594,24,142,2431,157,695,1165,0,80,0,0,-3,-2628,18,7385
2025/5/6,11:30,7404,790,1932,2392,25,140,2432,159,683,1267,0,75,0,0,-4,-2506,19,7404
2025/5/6,12:00,7442,790,2286,2309,25,136,2430,156,685,1248,0,75,0,0,-37,-2682,21,7442
2025/5/6,12:30,7339,786,2246,2308,25,135,2428,157,683,1188,0,79,0,0,-43,-2670,17,7339
2025/5/6,13:00,7396,794,2440,2403,26,134,2417,156,682,1116,0,76,0,0,-5,-2864,21,7396
2025/5/6,13:30,7520,788,3054,2420,25,131,2372,154,685,861,0,69,0,0,-2,-3056,19,7520
2025/5/6,14:00,7446,790,3100,2554,25,134,2308,151,691,619,0,82,0,0,-2,-3026,20,7446
2025/5/6,14:30,7431,790,2916,2710,26,161,2317,150,707,511,0,103,0,0,-4,-2978,22,7431
2025/5/6,15:00,7478,792,2912,2769,25,172,2309,150,705,451,0,141,0,0,1,-2964,15,7478
2025/5/6,15:30,7470,786,2908,2756,26,171,2305,150,706,384,0,168,0,0,1,-2914,23,7470
2025/5/6,16:00,7666,788,3078,2775,26,171,2310,151,703,322,0,196,0,0,-4,-2872,22,7666
2025/5/6,16:30,7619,792,2946,2752,27,171,2294,148,703,261,0,227,0,0,-1,-2720,19,7619
2025/5/6,17:00,7839,790,3660,2779,28,166,2273,149,697,155,0,257,0,138,1,-3276,22,7839
2025/5/6,17:30,7816,788,3582,2800,28,170,2263,148,693,73,0,273,0,142,-4,-3160,20,7816
2025/5/6,18:00,8024,794,3590,2826,28,173,2273,147,697,22,0,302,0,142,-1,-2992,23,8024
2025/5/6,18:30,8053,788,3640,2807,29,174,2280,149,704,0,0,300,0,140,-1,-2974,17,8053
2025/5/6,19:00,7922,790,3608,2754,29,174,2278,148,714,0,0,314,0,140,-2,-3042,17,7922
2025/5/6,19:30,7866,788,3676,2769,28,172,2281,149,713,0,0,355,0,140,-1,-3224,20,7866
2025/5/6,20:00,7685,792,3546,2776,28,168,2288,149,717,0,0,401,0,2,-1,-3200,19,7685
2025/5/6,20:30,7524,792,3520,2764,27,171,2286,147,714,0,0,459,0,0,-1,-3370,15,7524
2025/5/6,21:00,7348,786,3312,2776,26,173,2280,148,712,0,0,511,0,0,-1,-3390,15,7348
2025/5/6,21:30,7080,790,2806,2755,25,171,2282,148,708,0,0,488,0,0,-1,-3098,6,7080
2025/5/6,22:00,6953,790,2848,2770,23,170,2285,149,709,0,0,481,0,0,-1,-3286,15,6953
2025/5/6,22:30,6695,790,2454,2743,23,171,2283,149,711,0,0,534,0,0,-1,-3174,12,6695
2025/5/6,23:00,6664,788,2646,2764,23,175,2270,148,715,0,0,529,0,0,-2,-3400,8,6664
2025/5/6,23:30,6450,792,2432,2760,22,173,2274,149,719,0,0,528,0,0,-1,-3402,4,6450
2025/5/7,0:00,6339,790,2258,2655,22,165,2257,147,716,0,0,537,0,0,-1,-3210,3,6339
2025/5/7,0:30,6295,792,2354,2693,21,169,2264,149,718,0,0,437,0,0,-1,-3304,3,6295
2025/5/7,1:00,6298,786,2478,2677,21,168,2260,150,717,0,0,357,0,0,-1,-3318,3,6298
2025/5/7,1:30,6363,790,2548,2734,21,169,2260,148,715,0,0,293,0,0,-2,-3316,3,6363
2025/5/7,2:00,6556,792,2648,2760,22,170,2268,149,712,0,0,265,0,0,-1,-3232,3,6556
2025/5/7,2:30,6676,788,2786,2664,22,170,2263,148,717,0,0,260,0,0,-2,-3144,4,6676
2025/5/7,3:00,6823,790,2742,2672,23,169,2266,148,716,0,0,260,0,0,-1,-2966,4,6823
2025/5/7,3:30,6931,790,2708,2752,24,172,2257,150,715,0,0,281,0,0,-1,-2920,3,6931
2025/5/7,4:00,7038,788,2584,2795,25,173,2259,147,713,0,0,307,0,0,-2,-2754,3,7038
2025/5/7,4:30,7202,792,2892,2713,25,173,2247,149,712,15,0,320,0,0,-1,-2838,3,7202
2025/5/7,5:00,7268,790,2998,2670,26,167,2247,146,711,45,0,319,0,0,-1,-2854,4,7268
2025/5/7,5:30,7247,792,2898,2583,25,172,2256,147,710,141,0,354,0,0,1,-2836,4,7247
2025/5/7,6:00,7387,786,2742,2520,25,173,2253,149,714,325,0,348,0,0,38,-2692,6,7387
2025/5/7,6:30,7441,788,2578,2481,26,171,2296,148,722,569,0,335,0,0,18,-2704,13,7441
2025/5/7,7:00,7556,792,2188,2146,25,173,2341,152,737,938,0,298,0,0,-3,-2252,21,7556
2025/5/7,7:30,7782,788,2116,1958,23,174,2376,150,743,1325,0,298,0,0,-1,-2186,18,7782
2025/5/7,8:00,8319,790,2438,1607,23,177,2427,156,752,1856,0,287,0,0,-5,-2204,15,8319
2025/5/7,8:30,8786,790,2452,1546,24,172,2481,156,759,2440,0,240,0,0,-35,-2252,13,8786
2025/5/7,9:00,8896,788,2294,1519,24,174,2514,160,760,3009,0,246,0,0,-41,-2566,15,8896
2025/5/7,9:30,9120,788,2036,1588,24,155,2576,162,770,3476,0,254,0,0,27,-2754,18,9120
2025/5/7,10:00,8914,790,2502,1626,23,139,2567,161,771,3649,0,292,0,0,11,-3632,15,8914
2025/5/7,10:30,8972,792,2678,1631,23,138,2555,161,770,3910,0,280,0,-2,-17,-3962,15,8972
2025/5/7,11:00,8939,786,2690,1663,22,139,2546,159,765,3887,0,283,0,-210,36,-3838,11,8939
2025/5/7,11:30,8765,788,1716,1528,22,140,2501,160,760,4338,0,363,0,-222,-31,-3312,14,8765
2025/5/7,12:00,8510,790,1812,1463,22,144,2540,159,764,4265,0,358,0,-428,-4,-3386,11,8510
2025/5/7,12:30,8259,792,1360,1322,21,143,2529,162,765,4169,0,426,0,-438,-46,-2954,8,8259
2025/5/7,13:00,8649,790,1278,1293,22,146,2556,162,768,4230,0,465,0,-438,-5,-2632,14,8649
2025/5/7,13:30,8787,786,1316,1240,22,146,2608,163,777,4333,0,531,0,-220,-3,-2920,8,8787
2025/5/7,14:00,8727,790,1582,1273,22,149,2568,163,771,4262,0,623,0,-222,6,-3272,12,8727
2025/5/7,14:30,8795,788,2090,1354,22,147,2556,160,772,3826,0,727,0,0,-7,-3648,8,8795
2025/5/7,15:00,8595,790,2392,1444,23,147,2534,161,764,3243,0,765,0,0,-1,-3682,15,8595
2025/5/7,15:30,8592,792,2628,1692,24,181,2496,156,756,2717,0,757,0,0,-7,-3614,14,8592
2025/5/7,16:00,8561,786,3244,1942,24,199,2436,156,739,2080,0,673,0,0,0,-3734,16,8561
2025/5/7,16:30,8530,792,3744,2173,25,201,2383,153,728,1435,0,631,0,0,-5,-3738,8,8530
2025/5/7,17:00,8282,790,3496,2421,26,201,2382,150,729,807,0,683,0,0,-2,-3418,17,8282
2025/5/7,17:30,8243,792,3530,2582,27,243,2352,150,719,349,0,695,0,0,5,-3216,15,8243
2025/5/7,18:00,8351,788,3934,2678,27,253,2310,147,712,97,0,677,0,136,-1,-3426,19,8351
2025/5/7,18:30,8538,792,4182,2694,29,246,2309,150,711,1,0,660,0,142,-1,-3392,15,8538
2025/5/7,19:00,8491,786,4034,2851,29,249,2320,147,709,0,0,589,0,142,-2,-3378,15,8491
2025/5/7,19:30,8346,792,3862,2943,29,252,2321,149,709,0,0,548,0,142,-2,-3410,11,8346
2025/5/7,20:00,8209,788,3804,2948,28,252,2314,148,711,0,0,573,0,142,-1,-3514,16,8209
2025/5/7,20:30,8126,792,3808,2930,27,251,2315,147,710,0,0,596,0,142,-2,-3602,12,8126
2025/5/7,21:00,7886,788,3506,2886,26,210,2299,149,709,0,0,603,0,0,-2,-3300,12,7886
2025/5/7,21:30,7675,790,3388,2894,25,202,2303,148,711,0,0,587,0,0,-1,-3378,6,7675
2025/5/7,22:00,7478,790,3064,2897,24,193,2298,149,711,0,0,594,0,0,-2,-3254,14,7478
2025/5/7,22:30,7269,788,2662,2890,23,196,2299,150,708,0,0,595,0,0,-1,-3054,13,7269
2025/5/7,23:00,7196,792,2662,2882,24,196,2303,146,714,0,0,594,0,0,-1,-3122,6,7196
2025/5/7,23:30,6984,790,2454,2835,23,196,2300,150,713,0,0,607,0,0,-2,-3086,4,6984
2025/5/8,0:00,6856,790,2732,2758,22,193,2282,147,711,0,0,640,0,0,-2,-3420,3,6856
2025/5/8,0:30,6736,790,2716,2722,21,193,2283,150,711,0,0,648,0,0,-1,-3500,3,6736
2025/5/8,1:00,6771,788,2582,2719,21,192,2284,149,707,0,0,639,0,0,-1,-3312,3,6771
2025/5/8,1:30,6832,790,2668,2731,21,190,2287,148,706,0,0,609,0,0,-1,-3320,3,6832
2025/5/8,2:00,6997,788,2858,2653,21,194,2280,148,708,0,0,605,0,0,-1,-3260,3,6997
2025/5/8,2:30,7129,790,2946,2592,23,188,2288,147,704,0,0,587,0,0,-1,-3138,3,7129
2025/5/8,3:00,7302,792,2998,2603,24,193,2289,150,705,0,0,582,0,0,-1,-3036,3,7302
2025/5/8,3:30,7401,788,3140,2565,24,191,2285,149,706,0,0,563,0,0,-1,-3012,3,7401
2025/5/8,4:00,7532,788,3138,2564,25,192,2293,148,710,0,0,545,0,138,-2,-3010,3,7532
2025/5/8,4:30,7643,794,3324,2487,26,194,2281,148,705,59,0,500,0,142,-2,-3018,3,7643
2025/5/8,5:00,7688,786,3532,2192,26,193,2304,148,711,275,0,470,0,146,30,-3128,3,7688
2025/5/8,5:30,7562,788,3492,1858,26,192,2329,153,706,775,0,455,0,2,29,-3246,3,7562
2025/5/8,6:00,7604,794,2672,1556,25,165,2343,153,671,1662,0,420,0,-2,4,-2866,7,7604
2025/5/8,6:30,7584,792,2396,1265,25,145,2400,151,602,2718,0,357,0,-210,-5,-3068,16,7584
2025/5/8,7:00,7552,784,1890,1184,23,147,2483,161,582,3790,0,330,0,-224,-32,-3588,22,7552
2025/5/8,7:30,7737,796,1540,1157,23,146,2520,159,586,4249,453,293,38,-222,-13,-3514,17,7737
2025/5/8,8:00,8148,784,1846,1164,23,147,2532,163,588,4634,1027,312,68,-222,-6,-3832,15,8148
2025/5/8,8:30,8562,792,1952,1151,23,146,2529,162,586,4922,1446,331,65,0,-1,-4044,13,8562
2025/5/8,9:00,8722,784,1702,1165,23,150,2496,159,575,5290,1644,307,67,0,0,-3944,15,8722
2025/5/8,9:30,8780,790,1868,1157,22,148,2478,159,560,5176,2174,286,87,-2,-4,-3876,18,8780
2025/5/8,10:00,8753,792,1898,1161,22,150,2435,155,541,5270,2249,314,93,-210,-2,-3788,15,8753
2025/5/8,10:30,8807,786,2264,1165,22,151,2419,156,529,5005,2660,351,94,-222,0,-3834,15,8807
2025/5/8,11:00,8772,786,2520,1158,22,151,2386,155,523,5012,2678,387,99,-428,-1,-3910,11,8772
2025/5/8,11:30,8701,790,2418,1162,22,149,2377,152,521,5020,2661,405,104,-438,-4,-3888,15,8701
2025/5/8,12:00,8325,790,2076,1158,22,148,2375,156,523,4960,2629,399,112,-436,-41,-3816,11,8325
2025/5/8,12:30,8276,790,2144,1156,21,145,2395,157,528,4810,2563,401,112,-438,-2,-3838,7,8276
2025/5/8,13:00,8629,792,2546,1163,22,148,2398,157,535,4620,2472,382,117,-218,0,-3930,14,8629
2025/5/8,13:30,8709,790,2550,1162,22,146,2436,159,544,4437,2330,362,126,-2,-5,-3900,8,8709
2025/5/8,14:00,8646,790,2184,1154,22,148,2495,162,559,4664,1559,356,67,0,-2,-3898,12,8646
2025/5/8,14:30,8601,790,2174,1156,22,151,2564,165,607,4465,1103,359,58,0,6,-3866,8,8601
2025/5/8,15:00,8463,792,2510,1385,23,180,2572,164,700,4102,646,327,58,0,34,-4338,12,8463
2025/5/8,15:30,8551,788,2872,1710,24,190,2553,163,745,3486,333,303,58,0,4,-4300,13,8551
2025/5/8,16:00,8550,794,3376,1950,24,187,2478,160,737,2788,0,285,0,138,-7,-4376,16,8550
2025/5/8,16:30,8371,788,3846,2141,25,188,2413,155,723,1818,0,332,0,142,-5,-4202,7,8371
2025/5/8,17:00,8286,792,3626,2387,26,189,2390,152,715,917,0,337,0,142,-43,-3362,18,8286
2025/5/8,17:30,8117,786,3332,2548,27,190,2353,148,713,340,0,329,0,142,-8,-2798,15,8117
2025/5/8,18:00,8274,790,3626,2631,27,191,2334,151,713,95,0,314,0,144,-4,-2756,18,8274
2025/5/8,18:30,8487,790,4006,2702,28,194,2334,149,712,0,0,292,0,142,-1,-2876,15,8487
2025/5/8,19:00,8400,792,3892,2891,28,192,2332,149,712,0,0,320,0,142,-2,-3064,16,8400
2025/5/8,19:30,8245,790,3708,2953,28,191,2327,149,711,0,0,326,0,142,8,-3100,12,8245
2025/5/8,20:00,8110,790,3574,2924,27,187,2336,151,708,0,0,285,0,142,36,-3066,16,8110
2025/5/8,20:30,7966,792,3540,2964,27,198,2335,150,706,0,0,213,0,142,23,-3136,12,7966
2025/5/8,21:00,7723,788,3468,2902,26,199,2335,150,708,0,0,178,0,142,-2,-3184,13,7723
2025/5/8,21:30,7537,790,3382,2868,25,196,2324,150,704,0,0,207,0,142,-1,-3256,6,7537
2025/5/8,22:00,7459,790,3320,2861,23,195,2326,150,703,0,0,186,0,0,-2,-3108,15,7459
2025/5/8,22:30,7191,792,2798,2844,23,190,2329,151,703,0,0,165,0,0,-1,-2816,13,7191
2025/5/8,23:00,7187,790,2734,2880,23,189,2324,151,706,0,0,188,0,0,-2,-2804,8,7187
2025/5/8,23:30,6993,790,2664,2830,22,187,2319,150,701,0,0,253,0,0,-1,-2926,4,6993
2025/5/9,0:00,6835,790,2688,2805,22,187,2300,149,702,0,0,310,0,0,7,-3128,3,6835
2025/5/9,0:30,6760,794,2620,2824,21,189,2301,151,702,0,0,350,0,0,2,-3196,2,6760
2025/5/9,1:00,6770,788,2774,2853,21,187,2298,151,703,0,0,336,0,0,-1,-3342,2,6770
2025/5/9,1:30,6813,786,2878,2861,21,189,2295,150,705,0,0,310,0,0,-1,-3384,3,6813
2025/5/9,2:00,6991,792,2820,2852,21,188,2299,151,706,0,0,306,0,134,-1,-3280,3,6991
2025/5/9,2:30,7106,792,2832,2801,22,192,2297,150,702,0,0,326,0,142,1,-3154,3,7106
2025/5/9,3:00,7334,792,3080,2686,23,189,2298,151,704,0,0,343,0,142,-1,-3076,3,7334
2025/5/9,3:30,7357,790,3124,2565,24,187,2301,152,703,0,0,335,0,140,-1,-2966,3,7357
2025/5/9,4:00,7512,790,3264,2494,25,189,2298,150,704,0,0,339,0,142,-1,-2884,2,7512
2025/5/9,4:30,7518,786,3348,2271,25,186,2297,150,702,81,0,351,0,140,-2,-2820,3,7518
2025/5/9,5:00,7528,792,3768,2168,26,188,2341,152,712,347,0,326,0,0,-1,-3294,3,7528
2025/5/9,5:30,7503,794,3714,1971,25,191,2363,153,712,852,0,297,0,0,-2,-3570,3,7503
2025/5/9,6:00,7489,786,2986,1713,25,170,2378,154,676,1672,0,250,0,0,-1,-3326,6,7489
2025/5/9,6:30,7429,792,2682,1419,25,148,2423,159,600,2452,0,202,0,-210,-8,-3270,15,7429
2025/5/9,7:00,7508,788,2088,1369,25,142,2528,160,576,3141,0,161,0,-222,0,-3268,20,7508
2025/5/9,7:30,7816,790,2450,1377,24,143,2537,162,576,3379,392,132,0,-222,-6,-3544,18,7816
2025/5/9,8:00,8213,790,2616,1413,24,138,2551,163,573,3918,441,123,0,0,-5,-4106,15,8213
2025/5/9,8:30,8624,794,2516,1454,24,140,2575,164,577,4494,446,100,0,0,1,-4228,13,8624
2025/5/9,9:00,8745,784,2130,1452,24,133,2592,166,580,4923,464,76,0,0,-2,-4128,15,8745
2025/5/9,9:30,8856,792,1896,1420,23,133,2611,164,574,5270,506,65,0,0,0,-4110,18,8856
2025/5/9,10:00,8818,790,1604,1330,24,134,2624,165,560,5607,541,54,0,0,-1,-4088,15,8818
2025/5/9,10:30,8890,794,1728,1270,23,134,2603,164,549,5860,558,52,0,0,-2,-4300,15,8890
2025/5/9,11:00,8925,790,1918,1200,24,136,2586,162,545,5895,564,61,0,0,1,-4404,11,8925
2025/5/9,11:30,8848,790,2254,1152,23,133,2609,166,550,5603,561,61,0,-214,-6,-4288,15,8848
2025/5/9,12:00,8510,792,2310,1152,23,132,2611,162,555,5338,554,56,0,-430,-42,-4160,11,8510
2025/5/9,12:30,8340,790,2206,1174,23,129,2621,165,560,5114,530,63,0,-436,-42,-4034,7,8340
2025/5/9,13:00,8730,790,2438,1228,23,129,2648,166,564,5065,274,70,0,-224,-1,-4180,14,8730
2025/5/9,13:30,8861,790,2454,1286,23,125,2669,167,570,4959,0,81,0,0,-3,-4268,8,8861
2025/5/9,14:00,8867,788,2592,1472,24,125,2669,167,618,4536,0,102,0,0,1,-4240,13,8867
2025/5/9,14:30,8809,786,3006,1701,25,126,2631,167,705,3855,0,113,0,0,-8,-4306,8,8809
2025/5/9,15:00,8656,790,3058,2017,26,156,2559,161,746,3084,0,125,0,0,-7,-4074,15,8656
2025/5/9,15:30,8596,790,3452,2170,26,171,2513,158,744,2190,0,136,0,0,6,-3774,14,8596
2025/5/9,16:00,8634,796,3690,2379,26,170,2480,157,737,1451,0,123,0,0,-3,-3388,16,8634
2025/5/9,16:30,8535,786,3952,2714,27,165,2427,154,725,939,0,115,0,0,1,-3484,14,8535
2025/5/9,17:00,8306,790,3736,2968,27,166,2367,152,708,500,0,129,0,0,-3,-3252,18,8306
2025/5/9,17:30,8346,790,3868,3150,27,171,2329,149,701,207,0,137,0,0,1,-3200,16,8346
2025/5/9,18:00,8372,790,3764,3277,27,169,2307,148,695,40,0,164,0,0,36,-3066,21,8372
2025/5/9,18:30,8467,796,3782,3326,28,167,2302,147,697,0,0,208,0,0,24,-3028,18,8467
2025/5/9,19:00,8311,786,3790,3368,28,184,2306,148,697,0,0,222,0,0,-2,-3232,16,8311
2025/5/9,19:30,8194,792,3718,3385,28,172,2306,149,700,0,0,249,0,0,-1,-3316,12,8194
2025/5/9,20:00,7993,790,3736,3355,27,170,2301,146,700,0,0,297,0,0,-2,-3544,17,7993
2025/5/9,20:30,7877,792,3718,3334,26,172,2297,148,700,0,0,381,0,0,-1,-3704,14,7877
2025/5/9,21:00,7594,790,3538,3331,25,174,2295,147,699,0,0,442,0,0,-1,-3858,12,7594
2025/5/9,21:30,7427,788,3392,3358,24,172,2294,150,697,0,0,514,0,0,-2,-3966,6,7427
2025/5/9,22:00,7331,794,2670,3367,23,170,2296,148,694,0,0,525,0,0,-1,-3370,15,7331
2025/5/9,22:30,7208,790,2446,3412,22,172,2296,148,695,0,0,533,0,0,-1,-3318,13,7208
2025/5/9,23:00,7112,790,2288,3427,23,170,2295,148,695,0,0,571,0,0,-1,-3300,6,7112
2025/5/9,23:30,6919,792,2076,3419,22,167,2298,149,697,0,0,592,0,0,-2,-3294,3,6919
2025/5/10,0:00,6780,790,1850,3415,21,166,2294,148,701,0,0,603,0,0,-1,-3210,3,6780
2025/5/10,0:30,6660,794,1724,3422,21,163,2289,149,698,0,0,605,0,0,-1,-3206,2,6660
2025/5/10,1:00,6671,786,1858,3447,20,163,2294,148,698,0,0,639,0,0,-1,-3384,3,6671
2025/5/10,1:30,6691,792,1798,3443,20,167,2293,147,703,0,0,639,0,0,-2,-3312,3,6691
2025/5/10,2:00,6842,790,1990,3458,21,163,2291,150,702,0,0,635,0,0,-1,-3360,3,6842
2025/5/10,2:30,6932,792,2038,3455,21,164,2291,148,702,0,0,605,0,0,-1,-3286,3,6932
2025/5/10,3:00,7094,788,2210,3470,22,165,2301,148,703,0,0,573,0,0,-1,-3288,3,7094
2025/5/10,3:30,7114,792,2162,3450,24,165,2301,149,701,0,0,630,0,0,-1,-3262,3,7114
2025/5/10,4:00,7215,794,2152,3458,24,165,2302,148,702,0,0,719,0,0,-1,-3250,2,7215
2025/5/10,4:30,7215,784,2148,3469,24,164,2286,147,697,16,0,726,0,0,-1,-3248,3,7215
2025/5/10,5:00,7169,792,2296,3362,24,165,2287,150,702,46,0,741,0,0,-1,-3398,3,7169
2025/5/10,5:30,7047,788,2124,3340,24,165,2292,146,701,113,0,758,0,0,-1,-3406,3,7047
2025/5/10,6:00,7041,790,2008,3263,24,162,2295,149,706,204,0,761,0,0,-3,-3324,6,7041
2025/5/10,6:30,7074,792,2022,3144,23,164,2303,150,709,295,0,769,0,0,-1,-3310,14,7074
2025/5/10,7:00,7167,790,2018,3084,23,166,2327,150,724,407,0,752,0,0,-2,-3294,22,7167
2025/5/10,7:30,7387,792,2080,3152,24,163,2346,151,728,503,0,741,0,0,-6,-3306,19,7387
2025/5/10,8:00,7595,790,2146,3182,24,163,2382,153,735,696,0,770,0,0,3,-3464,15,7595
2025/5/10,8:30,7837,792,2154,3086,25,164,2410,155,740,1011,0,809,0,0,0,-3522,13,7837
2025/5/10,9:00,7891,790,2058,2944,25,164,2427,156,741,1222,0,820,0,0,3,-3474,15,7891
2025/5/10,9:30,8023,792,2204,2952,25,142,2452,156,748,1289,0,798,0,0,2,-3554,17,8023
2025/5/10,10:00,7883,786,2064,2882,25,121,2492,160,757,1551,0,764,0,0,-21,-3714,16,7883
2025/5/10,10:30,8010,792,2104,2922,25,120,2505,158,749,1766,0,779,0,0,15,-3940,15,8010
2025/5/10,11:00,7928,790,2096,2946,25,120,2523,157,703,1854,0,756,0,0,-9,-4048,15,7928
2025/5/10,11:30,8023,792,2492,2957,24,125,2526,158,598,1870,0,718,0,0,-5,-4248,16,8023
2025/5/10,12:00,7758,790,2558,2971,23,120,2524,161,540,1968,0,633,0,0,-11,-4532,13,7758
2025/5/10,12:30,7665,788,2296,3059,23,119,2552,160,546,2040,0,555,0,0,0,-4484,11,7665
2025/5/10,13:00,7736,794,2390,2992,22,122,2549,159,546,2048,0,537,0,0,-1,-4436,14,7736
2025/5/10,13:30,7727,790,2312,2992,22,121,2550,159,547,2116,0,541,0,0,0,-4432,9,7727
2025/5/10,14:00,7664,790,2260,3026,21,125,2541,160,590,1945,0,503,0,0,-3,-4306,12,7664
2025/5/10,14:30,7631,792,2586,3047,23,127,2531,157,684,1670,0,430,0,0,-17,-4406,7,7631
2025/5/10,15:00,7516,792,2538,3098,23,153,2531,156,746,1522,0,369,0,0,-43,-4384,15,7516
2025/5/10,15:30,7521,790,2670,3135,25,165,2495,155,750,1250,0,329,0,0,-23,-4232,12,7521
2025/5/10,16:00,7608,788,2898,3238,24,164,2442,153,741,886,0,339,0,0,-5,-4076,16,7608
2025/5/10,16:30,7504,792,2702,3273,25,161,2395,150,738,646,0,502,0,0,-4,-3886,10,7504
2025/5/10,17:00,7592,792,2710,3261,26,162,2377,152,735,472,0,552,0,0,2,-3666,17,7592
2025/5/10,17:30,7636,790,2778,3469,27,168,2346,145,731,245,0,442,0,0,-2,-3518,15,7636
2025/5/10,18:00,7716,790,2782,3542,26,169,2325,148,728,86,0,652,0,0,-1,-3550,19,7716
2025/5/10,18:30,7862,790,3050,3545,27,169,2335,146,733,1,0,608,0,0,15,-3574,17,7862
2025/5/10,19:00,7714,788,3120,3561,26,174,2327,146,734,0,0,488,0,0,37,-3704,17,7714
2025/5/10,19:30,7641,794,3092,3560,26,171,2337,147,734,0,0,569,0,0,12,-3812,11,7641
2025/5/10,20:00,7482,790,2926,3571,25,167,2335,145,737,0,0,638,0,0,-2,-3866,16,7482
2025/5/10,20:30,7325,792,2504,3565,24,172,2331,148,736,0,0,922,0,0,-1,-3880,12,7325
2025/5/10,21:00,7204,790,2190,3535,24,176,2321,145,739,0,0,1082,0,0,-2,-3808,12,7204
2025/5/10,21:30,6982,790,2034,3374,22,176,2324,147,739,0,0,1189,0,0,-1,-3818,6,6982
2025/5/10,22:00,6906,790,1824,3017,22,173,2323,147,741,0,0,1291,0,0,0,-3436,14,6906
2025/5/10,22:30,6794,790,1770,3002,21,169,2318,147,743,0,0,1412,0,0,-2,-3588,12,6794
2025/5/10,23:00,6708,792,1816,2998,21,168,2324,148,743,0,0,1404,0,0,-2,-3710,6,6708
2025/5/10,23:30,6517,790,1610,2887,21,166,2316,147,742,0,0,1460,0,0,-2,-3624,4,6517
2025/5/11,0:00,6424,794,1650,2625,20,173,2321,148,738,0,0,1503,0,0,-1,-3550,3,6424
2025/5/11,0:30,6321,788,1662,2684,19,172,2311,146,737,0,0,1538,0,0,-1,-3738,3,6321
2025/5/11,1:00,6335,794,1756,2654,19,174,2303,147,737,0,0,1510,0,0,-1,-3760,2,6335
2025/5/11,1:30,6353,790,1720,2730,19,175,2305,148,738,0,0,1470,0,0,-1,-3744,3,6353
2025/5/11,2:00,6532,790,1850,2839,20,175,2312,146,736,0,0,1452,0,0,-1,-3790,3,6532
2025/5/11,2:30,6609,788,1930,2810,20,173,2304,149,739,0,0,1388,0,0,-1,-3694,3,6609
2025/5/11,3:00,6776,794,2090,2865,21,171,2308,146,740,0,0,1351,0,0,-1,-3712,3,6776
2025/5/11,3:30,6827,790,2264,2701,22,175,2293,150,738,0,0,1326,0,0,-1,-3634,3,6827
2025/5/11,4:00,6872,790,2524,2618,22,174,2280,148,741,0,0,1223,0,0,-1,-3650,3,6872
2025/5/11,4:30,6881,794,2708,2633,23,171,2273,146,732,38,0,1155,0,0,-1,-3794,3,6881
2025/5/11,5:00,6823,790,2510,2411,23,173,2271,149,728,192,0,1193,0,0,-2,-3618,3,6823
2025/5/11,5:30,6606,792,2232,2055,23,175,2301,149,694,432,0,1220,0,0,0,-3470,3,6606
2025/5/11,6:00,6519,788,1968,2020,22,151,2318,151,610,837,0,1219,0,0,-7,-3566,8,6519
2025/5/11,6:30,6520,794,1990,1922,22,128,2354,153,565,1222,0,1169,0,0,0,-3810,11,6520
2025/5/11,7:00,6463,790,1536,1926,22,129,2389,153,571,1794,0,1029,161,0,-4,-3892,20,6463
2025/5/11,7:30,6567,792,1248,1821,23,125,2424,156,575,2201,0,1078,190,0,4,-3898,18,6567
2025/5/11,8:00,6702,790,1472,1737,24,124,2441,154,577,2325,271,920,391,0,-2,-3876,16,6702
2025/5/11,8:30,6810,792,1342,1724,24,127,2465,158,579,2519,299,991,363,0,-2,-3922,13,6810
2025/5/11,9:00,6941,788,1452,1725,25,126,2466,158,576,2294,790,984,435,0,-8,-3660,15,6941
2025/5/11,9:30,6974,794,1342,1749,26,126,2488,157,567,2341,827,1005,380,-2,0,-3638,19,6974
2025/5/11,10:00,7026,792,1264,1708,25,128,2467,159,551,2635,834,1023,399,-208,1,-3534,15,7026
2025/5/11,10:30,6999,790,1322,1701,24,136,2474,157,546,2660,858,982,419,-222,-3,-3588,20,6999
2025/5/11,11:00,7003,790,1558,1703,24,150,2475,159,546,2685,859,980,450,-430,-2,-3648,13,7003
2025/5/11,11:30,7039,790,1526,1702,23,131,2484,159,545,2718,844,978,476,-436,-4,-3592,15,7039
2025/5/11,12:00,7054,792,1682,1708,24,124,2492,158,549,2633,836,917,498,-220,-44,-3774,13,7054
2025/5/11,12:30,6943,792,1734,1648,24,123,2494,159,549,2535,834,856,523,-220,-38,-3722,9,6943
2025/5/11,13:00,6950,788,1672,1531,23,124,2495,158,550,2409,829,898,528,0,-4,-3708,14,6950
2025/5/11,13:30,6874,794,1540,1519,22,125,2462,158,548,2312,782,1076,340,0,-2,-3688,8,6874
2025/5/11,14:00,6900,792,1478,1532,22,125,2461,157,547,2236,668,1288,168,0,-2,-3748,12,6900
2025/5/11,14:30,6847,790,1504,1584,22,126,2474,158,552,1964,601,1311,161,0,3,-3656,15,6847
2025/5/11,15:00,6847,788,1544,1859,22,125,2449,159,599,1961,231,1334,68,0,-6,-4002,15,6847
2025/5/11,15:30,6818,796,1534,2062,23,129,2431,155,690,1666,184,1336,63,0,0,-4018,14,6818
2025/5/11,16:00,6905,788,1890,2361,23,163,2414,156,738,1265,0,1338,0,0,-5,-4242,16,6905
2025/5/11,16:30,7066,790,2344,2560,25,175,2374,152,750,898,0,1334,0,0,-1,-4348,13,7066
2025/5/11,17:00,7201,792,2656,2918,25,174,2333,152,740,470,0,1332,0,0,-1,-4406,16,7201
2025/5/11,17:30,7387,790,3138,3091,26,176,2297,148,734,188,0,1249,0,1,2,-4468,15,7387
2025/5/11,18:00,7511,790,2942,3349,27,174,2268,148,729,59,0,1112,0,187,34,-4326,18,7511
2025/5/11,18:30,7639,790,3136,3438,28,171,2270,148,729,1,0,1041,0,211,22,-4362,16,7639
2025/5/11,19:00,7586,792,3112,3490,28,174,2259,147,732,0,0,1005,0,339,-1,-4506,15,7586
2025/5/11,19:30,7504,792,3118,3516,27,174,2258,148,731,0,0,883,0,345,-1,-4504,17,7504
2025/5/11,20:00,7364,786,3142,3497,27,172,2250,147,733,0,0,790,0,209,0,-4404,15,7364
2025/5/11,20:30,7242,796,3128,3411,26,173,2255,148,731,0,0,661,0,207,6,-4312,12,7242
2025/5/11,21:00,7078,788,3094,3386,25,171,2251,147,729,0,0,572,0,209,-2,-4304,12,7078
2025/5/11,21:30,6834,790,2776,3377,24,169,2256,149,728,0,0,555,0,209,-1,-4204,6,6834
2025/5/11,22:00,6756,790,2100,3351,23,168,2254,149,723,0,0,527,0,207,-2,-3548,14,6756
2025/5/11,22:30,6605,792,1942,3325,22,169,2251,146,726,0,0,528,0,207,-1,-3514,12,6605
2025/5/11,23:00,6552,790,2064,3337,23,169,2254,150,724,0,0,529,0,3,-1,-3496,6,6552
2025/5/11,23:30,6333,790,1976,3202,22,166,2246,146,724,0,0,515,0,1,-1,-3458,4,6333
2025/5/12,0:00,6275,790,1838,3324,21,171,2252,148,725,0,0,487,0,1,-3,-3482,3,6275
2025/5/12,0:30,6158,794,1566,3401,20,174,2248,149,724,0,0,505,0,1,-2,-3424,2,6158
2025/5/12,1:00,6215,788,1618,3365,20,175,2252,148,727,0,0,479,0,1,-2,-3358,2,6215
2025/5/12,1:30,6306,792,1792,3327,20,174,2243,148,725,0,0,493,0,1,-1,-3410,2,6306
2025/5/12,2:00,6444,790,1974,3387,20,175,2243,147,726,0,0,458,0,1,-1,-3478,2,6444
2025/5/12,2:30,6662,790,2052,3399,21,175,2250,149,726,0,0,435,0,139,-1,-3476,3,6662
2025/5/12,3:00,6768,794,2100,3370,23,176,2241,146,726,0,0,437,0,143,-1,-3390,3,6768
2025/5/12,3:30,6880,788,2004,3437,23,174,2249,149,727,0,0,415,0,141,-2,-3228,3,6880
2025/5/12,4:00,7049,790,2042,3429,24,178,2250,149,725,0,0,346,0,1,-1,-2886,2,7049
2025/5/12,4:30,7112,790,2030,3403,25,176,2237,147,727,22,0,312,0,1,-1,-2760,3,7112
2025/5/12,5:00,7188,790,2296,3436,25,175,2239,148,725,56,0,289,0,1,-1,-2994,3,7188
2025/5/12,5:30,7220,788,2374,3452,25,177,2246,147,726,138,0,263,0,1,-2,-3118,3,7220
2025/5/12,6:00,7318,792,2308,3398,25,180,2265,149,732,266,0,230,0,1,-2,-3032,6,7318
2025/5/12,6:30,7446,790,2274,3391,25,180,2279,151,737,447,0,174,0,1,-2,-3014,13,7446
2025/5/12,7:00,7628,788,2296,3400,25,184,2283,151,745,737,0,129,0,1,-1,-3128,18,7628
2025/5/12,7:30,7833,790,2228,3277,25,188,2304,155,754,901,0,130,0,0,-2,-2936,19,7833
2025/5/12,8:00,8299,788,2846,3345,26,184,2321,154,756,1158,0,127,0,0,0,-3420,14,8299
2025/5/12,8:30,8978,788,3754,3410,27,182,2343,157,756,1238,0,108,0,136,-4,-3930,13,8978
2025/5/12,9:00,9101,792,3956,3437,26,180,2369,154,761,1469,0,100,0,142,0,-4300,15,9101
2025/5/12,9:30,9064,788,3786,3409,27,181,2416,148,771,1724,0,93,0,0,-1,-4296,18,9064
2025/5/12,10:00,9052,790,3042,3351,28,179,2436,142,775,2085,0,94,0,0,-3,-3882,15,9052
2025/5/12,10:30,9065,792,2554,3180,28,180,2487,142,790,2417,0,101,0,0,-1,-3620,15,9065
2025/5/12,11:00,8992,786,2304,2968,28,183,2527,146,793,2760,0,117,0,0,5,-3636,11,8992
2025/5/12,11:30,9070,796,2488,2690,28,183,2540,145,802,3121,0,139,0,0,-6,-3870,14,9070
2025/5/12,12:00,8604,786,2288,2441,27,184,2510,144,797,3334,0,174,0,0,-4,-4088,11,8604
2025/5/12,12:30,8537,788,2822,2177,26,184,2480,142,792,3101,0,193,0,0,-7,-4168,7,8537
2025/5/12,13:00,8886,788,3458,2108,26,189,2476,143,789,2892,0,183,0,0,-4,-4176,14,8886
2025/5/12,13:30,8983,792,3602,2200,26,188,2484,145,789,2756,0,164,0,0,1,-4172,8,8983
2025/5/12,14:00,9011,788,3688,2341,26,191,2454,139,782,2624,0,157,0,0,-5,-4186,12,9011
2025/5/12,14:30,8824,790,3472,2488,27,191,2444,142,778,2280,0,209,0,0,-35,-3970,8,8824
2025/5/12,15:00,8814,792,3352,2672,27,189,2436,137,777,1898,0,250,0,0,-44,-3684,12,8814
2025/5/12,15:30,8745,784,3148,2885,27,194,2369,138,761,1655,0,269,0,0,1,-3500,14,8745
2025/5/12,16:00,8775,794,2762,3047,27,196,2345,135,746,1409,0,303,0,0,1,-3006,16,8775
2025/5/12,16:30,8715,790,3018,3166,27,197,2307,133,743,1062,0,272,0,0,-5,-3002,7,8715
2025/5/12,17:00,8571,790,3396,3253,28,193,2298,133,736,662,0,270,0,0,2,-3208,18,8571
2025/5/12,17:30,8535,790,3464,3335,28,195,2280,127,731,330,0,268,0,0,-1,-3028,16,8535
2025/5/12,18:00,8568,792,3552,3387,29,194,2262,129,720,101,0,259,0,0,37,-2912,18,8568
2025/5/12,18:30,8694,788,3562,3383,29,244,2273,127,723,3,0,252,0,0,25,-2730,15,8694
2025/5/12,19:00,8588,792,3614,3375,29,207,2277,129,722,0,0,269,0,0,-2,-2840,16,8588
2025/5/12,19:30,8457,792,3520,3380,29,286,2276,127,724,0,0,288,0,0,-2,-2974,11,8457
2025/5/12,20:00,8288,788,3580,3351,28,202,2289,127,725,0,0,268,0,0,-1,-3086,17,8288
2025/5/12,20:30,8137,794,3544,3330,27,198,2286,129,725,0,0,265,0,0,-2,-3172,13,8137
2025/5/12,21:00,7969,788,3542,3315,26,194,2290,126,727,0,0,265,0,0,-1,-3314,11,7969
2025/5/12,21:30,7642,792,3064,3240,25,193,2291,129,728,0,0,301,0,0,-1,-3126,6,7642
2025/5/12,22:00,7584,788,2756,3101,24,194,2286,126,729,0,0,355,0,0,-2,-2788,15,7584
2025/5/12,22:30,7401,790,2376,3061,23,194,2287,128,727,0,0,446,0,0,-1,-2644,14,7401
2025/5/12,23:00,7331,790,2648,3095,23,193,2282,128,730,0,0,475,0,0,-1,-3038,6,7331
2025/5/12,23:30,7094,792,2406,3018,23,191,2281,126,732,0,0,494,0,0,-1,-2972,4,7094
2025/5/13,0:00,6946,792,2370,3057,21,198,2291,129,738,0,0,510,0,0,-2,-3160,2,6946
2025/5/13,0:30,6923,792,2462,3200,21,195,2283,127,744,0,0,494,0,0,-1,-3396,2,6923
2025/5/13,1:00,6815,790,2292,3340,20,195,2284,128,742,0,0,459,0,0,-1,-3436,2,6815
2025/5/13,1:30,6928,786,2348,3430,20,196,2283,127,743,0,0,417,0,0,-2,-3422,2,6928
2025/5/13,2:00,7015,792,2356,3415,21,193,2275,129,740,0,0,426,0,0,-1,-3334,3,7015
2025/5/13,2:30,7181,790,2360,3424,22,197,2280,128,740,0,0,445,0,0,-2,-3206,3,7181
2025/5/13,3:00,7354,790,2370,3413,23,194,2278,125,742,0,0,480,0,0,-1,-3062,2,7354
2025/5/13,3:30,7360,788,2470,3241,24,196,2277,128,740,0,0,520,0,0,-1,-3026,3,7360
2025/5/13,4:00,7556,794,2876,3096,24,193,2276,125,740,0,0,535,0,0,-1,-3104,2,7556
2025/5/13,4:30,7568,786,3118,2976,25,190,2268,127,740,76,0,497,0,0,-1,-3236,2,7568
2025/5/13,5:00,7531,792,3242,2769,25,195,2299,128,743,305,0,485,0,0,-1,-3454,3,7531
2025/5/13,5:30,7432,790,3150,2548,25,191,2311,130,739,779,0,485,0,0,-9,-3710,3,7432
2025/5/13,6:00,7479,794,2668,2246,24,156,2331,129,708,1563,0,476,0,0,0,-3622,6,7479
2025/5/13,6:30,7407,788,2366,1959,23,136,2387,134,621,2309,223,341,117,0,-10,-3662,15,7407
2025/5/13,7:00,7579,792,1992,1801,22,137,2409,138,585,3170,322,359,127,0,2,-3850,22,7579
2025/5/13,7:30,7802,790,2036,1722,22,134,2469,139,598,3469,704,319,126,0,-2,-3912,18,7802
2025/5/13,8:00,8231,788,2592,1715,22,133,2441,141,596,3622,1495,263,128,0,-3,-4094,15,8231
2025/5/13,8:30,8646,790,2604,1707,23,138,2460,142,599,4069,1573,252,137,0,1,-4152,13,8646
2025/5/13,9:00,8839,790,2426,1533,22,138,2439,143,591,4472,1824,248,99,0,-2,-3976,15,8839
2025/5/13,9:30,8952,790,2302,1466,23,136,2409,140,576,4818,1928,244,115,0,-4,-3966,18,8952
2025/5/13,10:00,8904,790,2160,1417,22,138,2394,141,561,5017,2007,255,120,0,-2,-4004,15,8904
2025/5/13,10:30,9014,788,2212,1361,22,140,2376,137,547,5173,2058,250,122,0,-3,-4004,15,9014
2025/5/13,11:00,8963,792,2220,1274,22,139,2369,140,546,5267,2085,234,122,0,1,-4052,11,8963
2025/5/13,11:30,8965,784,2364,1268,22,139,2349,139,545,5109,2318,247,125,0,-7,-4008,14,8965
2025/5/13,12:00,8601,788,2400,1271,21,142,2336,135,545,4782,2616,291,119,0,-42,-4080,12,8601
2025/5/13,12:30,8499,782,2380,1275,21,138,2344,139,548,4658,2571,293,140,0,-36,-4050,7,8499
2025/5/13,13:00,8888,786,2264,1263,21,140,2386,139,557,5043,1893,356,64,0,-1,-4080,14,8888
2025/5/13,13:30,8983,788,2588,1266,22,140,2386,140,559,4860,1794,328,65,0,-4,-4098,8,8983
2025/5/13,14:00,8991,782,2524,1299,22,138,2425,143,571,4910,1213,299,67,0,-1,-4134,13,8991
2025/5/13,14:30,8947,786,2672,1545,23,138,2472,145,581,4369,1077,303,65,0,0,-4096,9,8947
2025/5/13,15:00,8835,782,2734,1841,23,141,2483,142,629,3872,751,317,65,0,-2,-4140,13,8835
2025/5/13,15:30,8793,788,2980,2076,24,175,2442,141,702,3240,452,340,61,0,-10,-4118,13,8793
2025/5/13,16:00,8841,794,3188,2409,25,188,2378,135,733,2633,0,406,0,0,3,-4068,17,8841
2025/5/13,16:30,8650,790,3522,2677,25,194,2298,134,738,1746,0,407,0,0,-2,-3886,7,8650
2025/5/13,17:00,8516,786,3592,2889,26,195,2302,127,736,929,0,410,0,0,0,-3494,18,8516
2025/5/13,17:30,8361,792,3622,3071,26,249,2281,131,730,374,0,404,0,0,-4,-3330,15,8361
2025/5/13,18:00,8472,792,3522,3121,27,261,2250,128,727,116,0,367,0,0,2,-2862,21,8472
2025/5/13,18:30,8520,790,3586,3130,28,195,2255,126,727,1,0,339,0,0,36,-2712,19,8520
2025/5/13,19:00,8463,788,3680,3133,28,194,2265,129,729,0,0,257,0,0,23,-2782,19,8463
2025/5/13,19:30,8326,792,3614,3154,28,196,2270,127,729,0,0,207,0,0,-1,-2802,12,8326
2025/5/13,20:00,8118,790,3746,3177,27,196,2272,129,730,0,0,182,0,0,-2,-3146,17,8118
2025/5/13,20:30,8007,790,3708,3150,26,192,2266,127,730,0,0,171,0,0,-1,-3164,12,8007
2025/5/13,21:00,7789,792,3534,3093,25,196,2264,130,731,0,0,165,0,0,-2,-3152,13,7789
2025/5/13,21:30,7497,790,3274,3075,24,195,2259,127,731,0,0,149,0,0,-1,-3132,6,7497
2025/5/13,22:00,7503,794,3170,3100,23,195,2258,131,732,0,0,162,0,0,-2,-3074,14,7503
2025/5/13,22:30,7312,788,2796,3117,22,195,2258,129,731,0,0,164,0,0,-1,-2900,13,7312
2025/5/13,23:00,7260,792,3046,3127,23,196,2264,127,734,0,0,183,0,0,-2,-3236,6,7260
2025/5/13,23:30,7071,790,2714,3108,22,195,2260,131,736,0,0,201,0,0,-1,-3088,3,7071
2025/5/14,0:00,6891,792,2558,3114,21,197,2257,127,734,0,0,201,0,0,-1,-3112,3,6891
2025/5/14,0:30,6800,788,2350,3123,20,196,2267,131,737,0,0,208,0,0,-2,-3020,2,6800
2025/5/14,1:00,6834,790,2442,3121,20,199,2268,128,733,0,0,212,0,0,-1,-3080,2,6834
2025/5/14,1:30,6837,790,2358,3122,20,198,2255,129,737,0,0,203,0,0,-1,-2976,2,6837
2025/5/14,2:00,7002,792,2416,3123,21,194,2260,131,733,0,0,198,0,0,-1,-2868,3,7002
2025/5/14,2:30,7117,792,2362,3120,21,196,2257,128,734,0,0,233,0,0,-1,-2728,3,7117
2025/5/14,3:00,7291,790,2398,3114,22,197,2251,131,734,0,0,250,0,0,-1,-2598,3,7291
2025/5/14,3:30,7353,788,2250,3121,23,194,2253,127,735,0,0,265,0,0,-2,-2404,3,7353
2025/5/14,4:00,7544,792,2556,2972,24,194,2253,132,738,0,0,266,0,0,-1,-2384,2,7544
2025/5/14,4:30,7494,792,2758,2720,25,197,2256,131,738,76,0,268,0,0,-1,-2468,2,7494
2025/5/14,5:00,7395,790,2818,2622,25,194,2292,131,742,359,0,240,0,0,-1,-2820,3,7395
2025/5/14,5:30,7459,790,3122,2442,25,196,2341,135,750,791,0,200,0,0,-2,-3334,3,7459
2025/5/14,6:00,7328,792,2722,2198,24,184,2341,133,749,1474,0,179,0,0,0,-3474,6,7328
2025/5/14,6:30,7383,790,2358,1943,24,179,2382,138,746,2398,0,128,0,0,0,-3718,15,7383
2025/5/14,7:00,7466,792,1766,1769,22,178,2401,139,719,3345,0,100,0,0,0,-3788,23,7466
2025/5/14,7:30,7688,788,1770,1614,23,177,2486,145,643,3748,395,71,0,0,-6,-3788,17,7688
2025/5/14,8:00,8233,792,2636,1563,24,176,2546,147,612,3854,1031,43,0,0,-1,-4174,15,8233
2025/5/14,8:30,8587,790,2702,1684,24,175,2575,148,615,4179,1008,24,0,0,-4,-4338,13,8587
2025/5/14,9:00,8761,788,2010,1587,23,176,2584,151,618,5040,1103,22,0,0,-3,-4250,15,8761
2025/5/14,9:30,8991,788,2238,1608,23,177,2579,149,614,5024,764,22,0,0,-4,-4246,19,8991
2025/5/14,10:00,8860,786,1876,1573,23,176,2554,152,598,5107,783,22,0,0,-1,-4022,16,8860
2025/5/14,10:30,8980,790,1886,1581,23,176,2573,149,595,5132,797,26,0,0,-4,-3962,15,8980
2025/5/14,11:00,8993,796,1858,1550,23,176,2606,153,601,5157,787,31,0,0,1,-3972,13,8993
2025/5/14,11:30,8969,790,2350,1466,23,179,2565,148,593,4693,1194,41,0,0,-7,-3886,14,8969
2025/5/14,12:00,8538,792,2256,1469,23,176,2499,146,580,4603,1168,46,0,0,-42,-4022,12,8538
2025/5/14,12:30,8502,788,2212,1552,22,177,2514,146,583,4509,1115,59,0,0,-35,-4032,7,8502
2025/5/14,13:00,8885,790,2114,1656,21,179,2505,148,584,4720,600,61,0,0,2,-3910,15,8885
2025/5/14,13:30,9008,788,2288,1771,22,183,2516,146,627,4439,332,83,0,0,-4,-3860,9,9008
2025/5/14,14:00,8938,790,2088,1792,22,181,2551,148,719,4293,0,75,0,0,-1,-3732,12,8938
2025/5/14,14:30,8925,788,2390,1905,23,187,2542,144,776,3879,0,68,0,0,-9,-3776,8,8925
2025/5/14,15:00,8774,790,2736,2039,23,189,2524,146,793,3355,0,65,0,0,-3,-3896,13,8774
2025/5/14,15:30,8843,790,3080,2371,24,199,2479,139,785,2834,0,51,0,0,-2,-3920,13,8843
2025/5/14,16:00,8857,792,3282,2654,25,270,2493,140,781,2190,0,46,0,0,-2,-3834,20,8857
2025/5/14,16:30,8582,792,3264,2810,25,196,2438,135,769,1597,0,42,0,0,-3,-3492,9,8582
2025/5/14,17:00,8442,792,2996,2974,26,189,2396,134,759,947,0,36,0,0,2,-2826,17,8442
2025/5/14,17:30,8375,788,3300,3093,27,186,2343,130,745,411,0,29,0,0,-7,-2686,16,8375
2025/5/14,18:00,8411,788,3656,3106,27,201,2291,128,732,128,0,35,0,0,-1,-2700,20,8411
2025/5/14,18:30,8535,790,3874,3106,27,284,2296,127,733,1,0,46,0,0,2,-2766,15,8535
2025/5/14,19:00,8450,792,3690,3169,28,288,2301,129,734,0,0,65,0,0,36,-2798,16,8450
2025/5/14,19:30,8257,792,3564,3194,27,199,2304,130,735,0,0,80,0,0,29,-2810,13,8257
2025/5/14,20:00,8115,790,3336,3198,27,196,2297,126,721,0,0,92,0,0,-1,-2684,17,8115
2025/5/14,20:30,7896,790,3136,3090,26,196,2303,130,717,0,0,83,0,0,-1,-2588,14,7896
2025/5/14,21:00,7685,788,2892,3052,25,197,2276,127,719,0,0,100,0,0,-2,-2502,13,7685
2025/5/14,21:30,7515,794,2872,3049,24,194,2279,129,719,0,0,84,0,0,-1,-2634,6,7515
2025/5/14,22:00,7371,788,2602,3039,23,200,2282,128,718,0,0,72,0,0,-2,-2494,15,7371
2025/5/14,22:30,7201,794,2376,3047,22,198,2280,129,720,0,0,71,0,0,-1,-2448,13,7201
2025/5/14,23:00,7113,788,2154,3000,22,194,2283,128,723,0,0,106,0,0,-1,-2290,6,7113
2025/5/14,23:30,6953,792,1976,2950,21,195,2274,130,723,0,0,134,0,0,-2,-2244,4,6953
2025/5/15,0:00,6784,792,2262,2931,21,196,2278,130,721,0,0,144,0,0,-2,-2692,3,6784
2025/5/15,0:30,6729,790,2154,3021,20,195,2281,127,722,0,0,154,0,0,-1,-2736,2,6729
2025/5/15,1:00,6703,788,2338,3031,20,196,2272,130,721,0,0,136,0,0,-1,-2930,2,6703
2025/5/15,1:30,6715,790,2394,3031,20,197,2278,128,720,0,0,111,0,0,-1,-2956,3,6715
2025/5/15,2:00,6867,794,2366,3021,21,198,2278,128,723,0,0,102,0,0,-1,-2766,3,6867
2025/5/15,2:30,6962,790,2322,3024,21,197,2280,128,722,0,0,122,0,0,-1,-2646,3,6962
2025/5/15,3:00,7176,788,2324,2972,22,201,2278,129,722,0,0,158,0,0,-2,-2418,2,7176
2025/5/15,3:30,7192,790,2278,2867,23,197,2276,127,720,0,0,192,0,0,-1,-2280,3,7192
2025/5/15,4:00,7327,790,2518,2757,24,195,2282,131,723,0,0,232,0,0,-1,-2326,2,7327
2025/5/15,4:30,7333,790,2614,2615,24,196,2288,129,721,83,0,284,0,0,-1,-2412,2,7333
2025/5/15,5:00,7292,790,2692,2532,25,193,2298,129,728,279,0,283,0,0,-1,-2658,2,7292
2025/5/15,5:30,7222,792,2772,2240,24,198,2323,132,732,611,0,219,0,0,-2,-2822,3,7222
2025/5/15,6:00,7268,790,2788,2032,24,163,2336,131,723,1146,0,208,0,0,-1,-3078,6,7268
2025/5/15,6:30,7278,788,2530,1799,23,140,2370,134,685,1734,0,219,0,0,-5,-3154,15,7278
2025/5/15,7:00,7347,788,1896,1645,22,137,2378,134,612,2414,0,171,0,0,-4,-2868,22,7347
2025/5/15,7:30,7595,792,1452,1559,22,140,2424,140,584,3181,0,162,0,0,-3,-2876,18,7595
2025/5/15,8:00,8170,792,1670,1577,23,139,2491,140,590,3943,0,151,0,0,-3,-3358,15,8170
2025/5/15,8:30,8570,786,1582,1572,24,135,2535,143,601,4527,0,112,0,0,-10,-3450,13,8570
2025/5/15,9:00,8865,792,1770,1455,26,134,2549,146,606,5102,0,99,0,0,3,-3832,15,8865
2025/5/15,9:30,9034,790,1772,1486,25,132,2550,147,604,5392,0,98,0,0,4,-3986,20,9034
2025/5/15,10:00,9000,786,1592,1504,24,135,2533,146,611,5633,0,101,0,0,-3,-4078,16,9000
2025/5/15,10:30,9135,788,1586,1427,23,135,2580,150,618,5812,0,110,0,0,0,-4108,14,9135
2025/5/15,11:00,9183,792,1660,1413,24,138,2615,149,627,5720,0,113,0,0,-2,-4078,12,9183
2025/5/15,11:30,9169,788,2140,1440,25,131,2552,147,611,5176,328,119,0,0,2,-3976,14,9169
2025/5/15,12:00,8754,786,2248,1546,24,133,2527,144,609,4608,321,156,0,0,-19,-4020,12,8754
2025/5/15,12:30,8635,790,2164,1619,22,133,2520,146,609,4194,283,183,0,0,-12,-3740,7,8635
2025/5/15,13:00,9001,788,2178,1685,22,132,2610,148,630,4308,0,178,0,0,-38,-3654,14,9001
2025/5/15,13:30,9077,788,2012,1705,25,133,2598,150,672,4329,0,194,0,0,-15,-3522,8,9077
2025/5/15,14:00,9100,790,2448,1745,25,167,2561,147,746,3722,0,290,0,0,-7,-3546,12,9100
2025/5/15,14:30,9075,786,3210,1776,26,174,2484,141,771,3091,0,296,0,0,2,-3690,8,9075
2025/5/15,15:00,8980,788,3960,2102,26,175,2475,142,780,2466,0,165,0,0,-6,-4106,13,8980
2025/5/15,15:30,8907,788,3870,2418,25,185,2444,138,771,2077,0,169,0,0,-3,-3988,13,8907
2025/5/15,16:00,8932,792,3504,2663,26,184,2472,138,773,1561,0,174,0,0,1,-3372,16,8932
2025/5/15,16:30,8768,786,3734,2824,26,185,2423,133,752,1047,0,150,0,0,-15,-3284,7,8768
2025/5/15,17:00,8587,790,3606,3065,26,182,2389,132,740,636,0,165,0,0,-10,-3152,18,8587
2025/5/15,17:30,8529,790,3804,3129,26,197,2331,127,723,299,0,169,0,0,6,-3088,16,8529
2025/5/15,18:00,8541,788,3850,3152,27,273,2308,128,713,92,0,201,0,0,-2,-3008,19,8541
2025/5/15,18:30,8634,790,3900,3158,27,273,2304,127,714,1,0,195,0,0,-1,-2870,16,8634
2025/5/15,19:00,8539,790,3910,3155,28,282,2311,128,714,0,0,185,0,0,-2,-2978,16,8539
2025/5/15,19:30,8385,790,3828,3151,27,280,2312,126,714,0,0,211,0,0,-1,-3066,13,8385
2025/5/15,20:00,8180,784,3936,3078,27,201,2305,128,714,0,0,206,0,0,15,-3230,16,8180
2025/5/15,20:30,7967,792,3564,3088,25,193,2306,126,714,0,0,223,0,0,35,-3114,15,7967
2025/5/15,21:00,7796,788,3270,3096,25,196,2293,129,712,0,0,218,0,0,18,-2962,13,7796
2025/5/15,21:30,7555,788,3080,3033,24,196,2293,128,713,0,0,185,0,0,-1,-2892,8,7555
2025/5/15,22:00,7506,788,3084,2988,23,190,2269,128,712,0,0,188,0,0,-1,-2878,15,7506
2025/5/15,22:30,7243,794,2464,2982,21,189,2261,126,716,0,0,181,0,0,-1,-2504,14,7243
2025/5/15,23:00,7181,786,2274,2969,22,189,2259,129,717,0,0,189,0,0,-1,-2360,8,7181
2025/5/15,23:30,7066,788,2342,2948,22,187,2250,129,720,0,0,240,0,0,-2,-2562,4,7066
2025/5/16,0:00,6945,790,2340,3060,21,186,2211,127,720,0,0,279,0,0,0,-2792,3,6945
2025/5/16,0:30,6775,786,2204,3066,20,187,2205,128,716,0,0,273,0,0,-2,-2810,2,6775
2025/5/16,1:00,6794,792,2078,2998,19,188,2199,128,717,0,0,272,0,0,-1,-2598,2,6794
2025/5/16,1:30,6770,786,1988,3005,20,183,2200,128,718,0,0,293,0,0,-2,-2552,3,6770
2025/5/16,2:00,6912,790,2012,2963,20,186,2198,126,720,0,0,306,0,0,-2,-2410,3,6912
2025/5/16,2:30,7058,790,2086,2996,21,184,2198,129,723,0,0,283,0,0,-1,-2354,3,7058
2025/5/16,3:00,7202,788,2446,3007,22,183,2194,128,720,0,0,277,0,0,-2,-2564,3,7202
2025/5/16,3:30,7258,792,2436,3016,22,187,2202,129,720,0,0,272,0,0,-1,-2520,3,7258
2025/5/16,4:00,7348,788,2560,2982,24,186,2198,127,722,0,0,286,0,0,-1,-2526,2,7348
2025/5/16,4:30,7364,792,2492,2929,24,186,2185,128,719,91,0,297,0,0,-1,-2480,2,7364
2025/5/16,5:00,7259,790,2606,2714,24,183,2210,128,727,339,0,287,0,0,-2,-2750,3,7259
2025/5/16,5:30,7224,792,2580,2612,24,181,2250,132,736,752,0,242,0,0,-2,-3078,3,7224
2025/5/16,6:00,7232,790,2706,2375,23,177,2209,132,724,1299,0,250,0,0,-5,-3454,6,7232
2025/5/16,6:30,7312,790,2214,2261,22,154,2249,131,702,2100,0,234,0,0,2,-3564,17,7312
2025/5/16,7:00,7448,792,2026,2061,22,132,2278,138,625,2844,0,218,0,0,-3,-3708,23,7448
2025/5/16,7:30,7709,788,1640,1805,22,131,2330,138,591,3733,0,194,0,0,-16,-3666,19,7709
2025/5/16,8:00,8311,790,1970,1611,23,129,2353,142,594,4430,0,193,0,0,1,-3940,15,8311
2025/5/16,8:30,8732,790,2268,1355,23,131,2413,143,608,4773,0,197,0,0,-4,-3978,13,8732
2025/5/16,9:00,9000,790,2074,1276,24,127,2452,146,615,5327,0,175,0,0,-1,-4020,15,9000
2025/5/16,9:30,9186,786,1702,1232,25,127,2453,144,605,5925,0,209,0,0,0,-4042,20,9186
2025/5/16,10:00,9239,790,1308,1247,23,127,2430,146,589,6273,0,262,0,0,-7,-3966,17,9239
2025/5/16,10:30,9406,790,1836,1224,24,127,2390,141,571,5982,289,233,0,0,0,-3926,14,9406
2025/5/16,11:00,9469,788,2180,1326,23,125,2393,143,568,5972,578,47,200,0,11,-4120,13,9469
2025/5/16,11:30,9399,790,2012,1256,24,126,2346,139,560,6243,361,21,236,0,-2,-4130,14,9399
2025/5/16,12:00,9105,790,2048,1208,23,127,2371,141,567,5935,360,14,218,0,-41,-4090,12,9105
2025/5/16,12:30,8968,788,1830,1314,23,127,2410,141,576,5619,336,13,279,0,-42,-3838,7,8968
2025/5/16,13:00,9423,794,2130,1382,23,125,2400,143,575,5514,325,15,285,0,-2,-3690,14,9423
2025/5/16,13:30,9483,788,2188,1417,24,130,2473,143,642,5336,237,9,280,0,11,-3686,8,9483
2025/5/16,14:00,9509,788,2430,1570,24,157,2456,142,730,5085,0,110,0,0,-15,-3980,12,9509
2025/5/16,14:30,9405,788,2714,1774,25,170,2417,142,779,4509,0,106,0,0,-1,-4026,8,9405
2025/5/16,15:00,9310,792,3154,2018,26,168,2381,143,785,3776,0,82,0,0,0,-4030,15,9310
2025/5/16,15:30,9305,788,3660,2291,26,167,2307,151,772,2974,0,67,0,0,-3,-3910,15,9305
2025/5/16,16:00,9239,792,3836,2508,27,168,2251,148,762,2161,0,72,0,0,1,-3504,17,9239
2025/5/16,16:30,9071,790,4264,2675,27,172,2203,151,747,1407,0,95,0,0,0,-3474,14,9071
2025/5/16,17:00,8768,790,3918,2926,28,174,2261,146,743,788,0,90,0,0,-4,-3110,18,8768
2025/5/16,17:30,8623,792,3862,3059,27,185,2254,149,741,398,0,71,0,0,3,-2934,16,8623
2025/5/16,18:00,8610,786,3900,3145,28,272,2248,143,733,128,0,47,0,0,36,-2876,20,8610
2025/5/16,18:30,8641,792,3918,3151,28,275,2264,146,730,0,0,55,0,0,21,-2754,15,8641
2025/5/16,19:00,8559,790,3870,3151,28,280,2295,144,735,0,0,76,0,0,-2,-2824,16,8559
2025/5/16,19:30,8348,792,3694,3087,28,267,2295,146,735,0,0,93,0,0,-1,-2800,12,8348
2025/5/16,20:00,8184,792,3528,2970,27,180,2290,146,733,0,0,88,0,0,-1,-2586,17,8184
2025/5/16,20:30,7937,792,3284,2900,26,171,2295,145,728,0,0,93,0,0,-1,-2510,14,7937
2025/5/16,21:00,7737,790,3214,2751,25,175,2296,147,731,0,0,91,0,0,-2,-2494,13,7737
2025/5/16,21:30,7505,792,3158,2631,24,173,2298,145,727,0,0,91,0,0,-2,-2538,6,7505
2025/5/16,22:00,7436,790,3072,2543,23,173,2303,147,730,0,0,101,0,0,-1,-2460,15,7436
2025/5/16,22:30,7320,786,2764,2541,22,175,2302,145,732,0,0,138,0,0,-1,-2298,14,7320
2025/5/16,23:00,7244,796,2848,2537,23,176,2307,146,734,0,0,173,0,0,-2,-2500,6,7244
2025/5/16,23:30,7012,786,2460,2542,22,174,2295,145,735,0,0,194,0,0,-1,-2344,4,7012
2025/5/17,0:00,6892,796,2652,2569,21,172,2208,147,734,0,0,215,0,0,-1,-2624,3,6892
2025/5/17,0:30,6809,788,2698,2633,20,174,2215,145,736,0,0,189,0,0,-1,-2790,2,6809
2025/5/17,1:00,6778,792,2632,2851,20,175,2210,148,736,0,0,181,0,0,6,-2976,3,6778
2025/5/17,1:30,6716,790,2484,2894,20,173,2217,145,725,0,0,185,0,0,-1,-2918,2,6716
2025/5/17,2:00,6838,792,2426,2922,21,175,2218,146,728,0,0,169,0,0,2,-2764,3,6838
2025/5/17,2:30,6881,790,2466,2939,21,176,2210,145,729,0,0,168,0,0,0,-2766,3,6881
2025/5/17,3:00,7027,788,2368,2887,22,177,2215,146,727,0,0,167,0,0,-1,-2472,3,7027
2025/5/17,3:30,7050,792,2286,2863,23,173,2215,145,726,0,0,175,0,0,-1,-2350,3,7050
2025/5/17,4:00,7077,790,2296,2952,23,176,2206,147,724,1,0,129,0,0,-1,-2368,2,7077
2025/5/17,4:30,7152,792,2612,2870,24,174,2203,147,723,54,0,137,0,0,-1,-2586,3,7152
2025/5/17,5:00,7031,790,2912,2826,24,176,2213,144,725,176,0,143,0,0,-1,-3100,3,7031
2025/5/17,5:30,6805,790,2546,2600,23,175,2241,149,733,395,0,173,0,0,-1,-3022,3,6805
2025/5/17,6:00,6788,790,2408,2418,23,175,2292,149,742,714,0,173,0,0,-8,-3094,6,6788
2025/5/17,6:30,6865,792,2460,2366,23,181,2329,153,753,830,0,195,0,0,3,-3230,10,6865
2025/5/17,7:00,6959,790,2646,2350,23,181,2331,151,759,737,0,217,0,0,-3,-3244,21,6959
2025/5/17,7:30,7123,788,2750,2344,24,183,2339,153,760,787,0,217,0,0,-8,-3232,18,7123
2025/5/17,8:00,7328,790,2534,2460,24,184,2361,150,763,978,0,219,0,0,-1,-3152,18,7328
2025/5/17,8:30,7529,792,2368,2590,25,220,2375,156,766,1081,0,202,0,0,-2,-3058,14,7529
2025/5/17,9:00,7668,790,2550,2666,26,229,2360,151,760,1183,0,232,0,0,-4,-3290,15,7668
2025/5/17,9:30,7877,790,2962,2693,27,221,2363,154,757,1125,0,355,0,0,3,-3592,19,7877
2025/5/17,10:00,7775,790,2790,2770,26,216,2357,152,759,1065,0,423,0,0,-4,-3586,17,7775
2025/5/17,10:30,7881,788,2620,2884,26,217,2367,153,761,1053,0,529,0,0,-3,-3528,14,7881
2025/5/17,11:00,7894,794,2660,2931,26,219,2368,151,758,1163,0,590,0,0,0,-3782,16,7894
2025/5/17,11:30,7909,788,2686,2905,25,219,2371,154,760,1142,0,607,0,0,0,-3762,14,7909
2025/5/17,12:00,7738,790,2484,2959,24,178,2377,151,765,1150,0,560,0,0,-5,-3712,17,7738
2025/5/17,12:30,7654,788,2278,2853,23,168,2403,156,766,1365,0,540,0,0,-2,-3696,12,7654
2025/5/17,13:00,7694,794,2528,2770,23,170,2435,153,771,1325,0,560,0,0,-39,-3810,14,7694
2025/5/17,13:30,7675,788,2574,2772,23,167,2431,153,770,1218,0,648,0,0,-35,-3846,12,7675
2025/5/17,14:00,7681,790,2686,2708,23,167,2446,155,767,1165,0,638,0,0,-2,-3874,12,7681
2025/5/17,14:30,7571,790,2434,2742,24,168,2416,150,765,1126,0,598,0,0,-1,-3654,13,7571
2025/5/17,15:00,7546,790,2478,2516,23,168,2392,153,756,1172,0,581,0,0,0,-3496,13,7546
2025/5/17,15:30,7554,790,2596,2431,24,167,2361,147,746,1066,0,650,0,0,-4,-3434,14,7554
2025/5/17,16:00,7620,790,2968,2649,25,174,2396,149,744,891,0,602,0,0,-2,-3782,16,7620
2025/5/17,16:30,7602,796,3140,2751,26,173,2370,143,739,632,0,544,0,0,-3,-3716,7,7602
2025/5/17,17:00,7673,786,3260,2817,26,176,2346,147,733,354,0,523,0,0,-1,-3510,16,7673
2025/5/17,17:30,7696,794,3070,2939,26,174,2330,143,730,225,0,490,0,1,-4,-3238,16,7696
2025/5/17,18:00,7737,788,3120,3094,26,169,2328,145,726,80,0,518,0,1,5,-3284,21,7737
2025/5/17,18:30,7862,794,3364,3147,27,173,2325,143,726,1,0,476,0,1,36,-3370,19,7862
2025/5/17,19:00,7771,788,3236,3150,27,170,2331,145,728,0,0,448,0,1,25,-3294,16,7771
2025/5/17,19:30,7570,790,2872,3084,26,176,2327,143,728,0,0,500,0,1,-1,-3088,12,7570
2025/5/17,20:00,7462,794,2684,2916,25,173,2326,145,730,0,0,590,0,1,-1,-2936,15,7462
2025/5/17,20:30,7343,788,2686,2829,25,172,2328,144,728,0,0,705,0,1,-1,-3074,12,7343
2025/5/17,21:00,7159,792,2804,2808,24,174,2328,146,729,0,0,908,0,1,-2,-3566,13,7159
2025/5/17,21:30,7016,790,2784,2819,23,174,2323,143,734,0,0,953,0,1,-1,-3734,7,7016
2025/5/17,22:00,6940,790,2442,2774,22,173,2259,146,729,0,0,956,0,1,0,-3370,18,6940
2025/5/17,22:30,6802,788,2238,2831,21,173,2253,142,731,0,0,1035,0,1,-2,-3422,13,6802
2025/5/17,23:00,6756,794,2306,2845,22,176,2255,145,733,0,0,1061,0,1,-1,-3586,5,6756
2025/5/17,23:30,6577,790,2168,2832,21,174,2254,143,731,0,0,1089,0,1,-2,-3628,4,6577
2025/5/18,0:00,6385,792,1980,2749,20,171,2244,146,732,0,0,1104,0,1,-1,-3556,3,6385
2025/5/18,0:30,6316,790,2006,2587,20,174,2249,142,733,0,0,1122,0,1,-2,-3508,2,6316
2025/5/18,1:00,6279,792,2084,2549,20,172,2248,143,731,0,0,1075,0,1,0,-3538,2,6279
2025/5/18,1:30,6335,788,2110,2599,19,169,2250,145,730,0,0,1030,0,1,-2,-3506,2,6335
2025/5/18,2:00,6430,794,2154,2620,20,168,2247,143,731,0,0,987,0,1,0,-3438,3,6430
2025/5/18,2:30,6531,792,2096,2613,21,169,2246,145,730,0,0,953,0,1,-2,-3236,3,6531
2025/5/18,3:00,6682,786,2338,2602,21,168,2240,143,731,0,0,928,0,1,-1,-3278,3,6682
2025/5/18,3:30,6710,794,2382,2609,22,173,2243,144,730,0,0,905,0,1,-1,-3294,2,6710
2025/5/18,4:00,6784,788,2464,2564,23,173,2240,144,729,0,0,853,0,1,-1,-3196,2,6784
2025/5/18,4:30,6770,792,2500,2399,24,173,2234,145,727,73,0,805,0,1,-1,-3104,2,6770
2025/5/18,5:00,6699,792,2648,2213,23,161,2246,144,723,263,0,811,0,1,-1,-3328,3,6699
2025/5/18,5:30,6502,788,2462,1987,23,144,2297,148,693,619,0,843,0,1,-2,-3504,3,6502
2025/5/18,6:00,6331,792,2032,1691,21,125,2343,148,617,1160,0,802,0,1,-3,-3406,8,6331
2025/5/18,6:30,6352,792,1668,1520,20,121,2413,152,582,1983,0,699,0,1,-3,-3606,10,6352
2025/5/18,7:00,6428,790,1360,1398,19,120,2466,156,596,2786,80,519,164,1,1,-3804,20,6428
2025/5/18,7:30,6551,794,1274,1307,20,122,2490,155,596,3200,290,375,289,1,-33,-3768,18,6551
2025/5/18,8:00,6713,786,1234,1282,20,122,2507,158,600,3429,769,396,353,1,-50,-3788,16,6713
2025/5/18,8:30,6909,792,1536,1226,21,122,2514,155,596,3476,1007,356,332,1,-1,-3898,13,6909
2025/5/18,9:00,7031,792,1216,1199,22,122,2483,158,589,3736,1434,345,314,1,11,-3658,15,7031
2025/5/18,9:30,7230,792,1578,1197,23,125,2490,157,580,3714,1753,325,417,1,29,-3800,19,7230
2025/5/18,10:00,7184,790,1556,1209,22,124,2506,160,570,3748,1793,282,444,1,0,-3800,16,7184
2025/5/18,10:30,7409,790,2026,1266,22,129,2479,154,557,3740,1828,297,520,1,0,-4068,16,7409
2025/5/18,11:00,7355,790,2120,1321,21,127,2485,157,558,3545,1813,324,589,1,0,-4106,12,7355
2025/5/18,11:30,7393,790,2116,1444,22,132,2469,152,553,3272,1793,338,634,1,7,-3918,15,7393
2025/5/18,12:00,7396,790,2006,1633,22,134,2462,154,553,3072,1555,491,463,1,-34,-3900,12,7396
2025/5/18,12:30,7330,794,1656,1844,22,133,2461,153,552,2994,1156,644,312,1,-44,-3890,10,7330
2025/5/18,13:00,7354,792,1502,2031,21,135,2452,154,551,2780,964,678,318,1,-13,-3744,14,7354
2025/5/18,13:30,7207,786,1248,1880,21,131,2485,156,562,2587,675,775,269,1,-3,-3430,8,7207
2025/5/18,14:00,7230,792,1224,1806,21,129,2482,153,562,2585,459,849,196,1,-2,-3384,12,7230
2025/5/18,14:30,7217,790,1316,1804,21,126,2421,151,600,2459,267,891,125,1,-2,-3376,15,7217
2025/5/18,15:00,7255,792,1674,1747,21,124,2410,150,693,2241,220,937,128,1,-16,-3534,15,7255
2025/5/18,15:30,7189,790,1960,2156,21,127,2335,147,722,1518,183,761,132,1,38,-3402,15,7189
2025/5/18,16:00,7239,794,2312,2266,22,158,2370,144,727,1113,0,832,0,1,-24,-3492,16,7239
2025/5/18,16:30,7250,786,2514,2342,22,169,2364,146,733,786,0,857,0,1,-28,-3456,14,7250
2025/5/18,17:00,7357,794,2840,2370,24,167,2348,143,730,603,0,761,0,1,13,-3454,17,7357
2025/5/18,17:30,7469,788,3156,2614,25,165,2323,144,720,343,0,693,0,1,-5,-3514,16,7469
2025/5/18,18:00,7528,794,3476,2740,26,169,2291,141,718,112,0,651,0,1,-1,-3610,20,7528
2025/5/18,18:30,7603,792,3500,2867,26,172,2281,143,721,3,0,617,0,1,14,-3550,16,7603
2025/5/18,19:00,7597,786,3388,2990,27,173,2285,142,720,0,0,613,0,1,36,-3580,16,7597
2025/5/18,19:30,7440,794,3234,3061,26,182,2278,142,719,0,0,600,0,1,4,-3612,11,7440
2025/5/18,20:00,7289,786,3008,2925,25,264,2280,144,721,0,0,590,0,1,-1,-3470,16,7289
2025/5/18,20:30,7211,792,3362,2709,25,179,2269,143,719,0,0,614,0,1,-2,-3614,14,7211
2025/5/18,21:00,7006,794,3170,2700,25,175,2277,145,719,0,0,596,0,1,-2,-3610,16,7006
2025/5/18,21:30,6814,788,3058,2610,23,173,2270,145,721,0,0,581,0,1,-1,-3568,13,6814
2025/5/18,22:00,6704,792,2746,2422,22,175,2271,142,723,0,0,642,0,1,-1,-3250,19,6704
2025/5/18,22:30,6532,792,2550,2444,21,172,2263,145,723,0,0,631,0,0,-1,-3222,14,6532
2025/5/18,23:00,6527,790,2524,2469,22,177,2269,142,722,0,0,598,0,0,-1,-3192,7,6527
2025/5/18,23:30,6376,786,2478,2480,21,178,2263,145,723,0,0,506,0,0,-2,-3206,4,6376
2025/5/19,0:00,6248,794,2270,2641,20,176,2264,144,728,0,0,450,0,0,-1,-3240,2,6248
2025/5/19,0:30,6177,792,2180,2727,20,175,2262,142,726,0,0,393,0,0,-2,-3240,2,6177
2025/5/19,1:00,6133,788,2116,2734,19,175,2267,143,729,0,0,323,0,0,-1,-3162,2,6133
2025/5/19,1:30,6239,790,2210,2812,19,174,2269,140,728,0,0,282,0,0,-1,-3186,2,6239
2025/5/19,2:00,6293,792,2266,2835,19,172,2267,143,728,0,0,274,0,0,-2,-3204,3,6293
2025/5/19,2:30,6494,788,2448,2884,20,175,2264,142,727,0,0,292,0,0,-1,-3248,3,6494
2025/5/19,3:00,6634,792,2448,2862,22,173,2270,140,726,0,0,279,0,0,-1,-3080,3,6634
2025/5/19,3:30,6725,792,2598,2780,22,173,2263,142,727,0,0,300,0,0,-1,-3074,3,6725
2025/5/19,4:00,6838,788,2766,2658,23,174,2265,141,728,0,0,293,0,0,-2,-2998,2,6838
2025/5/19,4:30,6951,792,2958,2562,23,176,2252,138,725,52,0,289,0,0,-1,-3018,3,6951
2025/5/19,5:00,7040,792,3086,2428,24,178,2265,141,729,151,0,278,0,0,-2,-3032,2,7040
2025/5/19,5:30,6995,790,3106,2224,24,178,2274,139,731,341,0,245,0,0,-2,-3058,3,6995
2025/5/19,6:00,7123,792,3060,2118,23,175,2281,142,732,592,0,214,0,0,0,-3012,6,7123
2025/5/19,6:30,7143,788,2596,2063,22,158,2312,143,735,909,0,179,0,0,-6,-2768,12,7143
2025/5/19,7:00,7335,786,2696,1958,21,136,2336,141,743,1390,0,136,0,0,0,-3030,22,7335
2025/5/19,7:30,7607,790,2568,1913,21,134,2341,145,750,1917,0,107,0,0,0,-3098,19,7607
2025/5/19,8:00,7985,792,2650,1716,22,133,2355,146,759,2506,230,103,0,0,-3,-3208,14,7985
2025/5/19,8:30,8406,790,1964,1551,22,133,2409,150,756,3426,241,97,0,0,-4,-2900,12,8406
2025/5/19,9:00,8657,786,1838,1458,22,135,2502,155,729,4381,347,77,0,0,-2,-3438,14,8657
2025/5/19,9:30,8835,790,1850,1278,23,131,2481,153,635,4814,631,61,12,0,1,-3400,18,8835
2025/5/19,10:00,8997,792,2096,1337,21,130,2408,154,569,4835,1067,50,12,0,0,-3410,15,8997
2025/5/19,10:30,8546,792,1978,1321,22,133,2367,150,525,4542,1579,58,7,0,-4,-3352,14,8546
2025/5/19,11:00,8883,786,2110,1496,21,130,2326,149,553,4648,1685,55,12,0,0,-3402,11,8883
2025/5/19,11:30,8982,792,2124,1448,22,129,2365,149,537,4683,1732,92,13,0,-3,-3370,14,8982
2025/5/19,12:00,8745,788,1958,1505,21,132,2298,146,534,4670,1742,109,17,0,-45,-3382,11,8745
2025/5/19,12:30,8494,788,1818,1497,21,133,2311,149,534,4596,1668,125,17,0,-36,-3448,6,8494
2025/5/19,13:00,8741,792,2032,1548,21,138,2322,148,541,4412,1581,135,17,0,2,-3364,14,8741
2025/5/19,13:30,9095,790,2312,1677,21,136,2333,151,547,4394,1164,131,3,0,-12,-3392,7,9095
2025/5/19,14:00,8958,788,1964,1803,22,135,2380,151,560,4427,701,136,0,0,-4,-3416,12,8958
2025/5/19,14:30,8930,788,2098,2008,23,135,2431,155,616,3978,607,115,0,0,-6,-3418,7,8930
2025/5/19,15:00,8804,790,2524,2048,23,167,2435,155,706,3632,304,100,0,0,-5,-3784,13,8804
2025/5/19,15:30,8882,792,3082,2296,24,181,2394,151,758,2923,250,86,0,0,2,-3820,13,8882
2025/5/19,16:00,8866,786,3410,2446,25,184,2293,147,755,2335,0,103,0,0,-2,-3632,16,8866
2025/5/19,16:30,8568,792,3108,2711,26,191,2244,141,747,1509,0,100,0,0,0,-3008,7,8568
2025/5/19,17:00,8477,790,3004,2887,26,191,2200,141,740,820,0,124,0,0,0,-2464,18,8477
2025/5/19,17:30,8426,790,2980,3169,27,181,2178,139,729,369,0,132,0,0,-3,-2280,15,8426
2025/5/19,18:00,8399,790,2964,3248,27,182,2148,138,725,120,0,126,0,0,-2,-2086,19,8399
2025/5/19,18:30,8542,788,3144,3343,28,182,2154,140,724,3,0,110,0,0,-1,-2088,15,8542
2025/5/19,19:00,8383,794,3008,3391,28,185,2155,137,723,0,0,125,0,0,-2,-2176,15,8383
2025/5/19,19:30,8263,790,2962,3377,27,192,2152,139,727,0,0,162,0,0,-1,-2276,12,8263
2025/5/19,20:00,8027,790,2864,3306,26,279,2142,137,723,0,0,172,0,0,-1,-2428,17,8027
2025/5/19,20:30,7901,790,2860,3184,26,274,2140,139,720,0,0,233,0,0,-2,-2476,13,7901
2025/5/19,21:00,7702,786,2786,3076,25,195,2144,139,723,0,0,295,0,0,-1,-2478,12,7702
2025/5/19,21:30,7483,790,2596,3001,24,191,2141,138,721,0,0,326,0,0,-2,-2448,5,7483
2025/5/19,22:00,7381,790,2800,2956,23,190,2141,139,726,0,0,272,0,0,-1,-2670,15,7381
2025/5/19,22:30,7202,794,2544,2950,21,193,2134,137,728,0,0,338,0,0,-2,-2648,13,7202
2025/5/19,23:00,7117,788,2250,2949,22,192,2137,138,729,0,0,419,0,0,-1,-2512,6,7117
2025/5/19,23:30,6948,788,2180,2889,21,193,2135,139,725,0,0,425,0,0,-1,-2550,4,6948
2025/5/20,0:00,6783,794,2174,2772,20,195,2137,137,725,0,0,349,0,0,-2,-2520,2,6783
2025/5/20,0:30,6689,788,1996,2802,20,192,2133,138,724,0,0,409,0,0,-1,-2514,2,6689
2025/5/20,1:00,6654,790,1832,2845,19,199,2131,137,725,0,0,483,0,0,-1,-2508,2,6654
2025/5/20,1:30,6730,790,1816,2907,19,199,2128,137,725,0,0,555,0,0,-1,-2548,3,6730
2025/5/20,2:00,6789,792,1820,2952,20,199,2137,138,726,0,0,621,0,0,-2,-2616,2,6789
2025/5/20,2:30,6939,792,2138,2955,21,199,2131,137,723,0,0,620,0,0,-2,-2778,3,6939
2025/5/20,3:00,7118,788,2096,2891,22,196,2132,139,726,0,0,533,0,0,-1,-2406,2,7118
2025/5/20,3:30,7216,792,2292,2870,23,199,2131,137,721,0,0,489,0,0,-2,-2438,2,7216
2025/5/20,4:00,7279,792,2368,2867,23,196,2141,139,724,0,0,510,0,0,-1,-2482,2,7279
2025/5/20,4:30,7356,790,2250,2824,24,197,2127,137,724,62,0,543,0,0,32,-2356,2,7356
2025/5/20,5:00,7289,790,2302,2523,24,198,2139,138,726,229,0,537,0,0,28,-2348,3,7289
2025/5/20,5:30,7326,790,2584,2342,24,194,2159,139,730,446,0,486,0,0,-1,-2570,3,7326
2025/5/20,6:00,7297,790,2598,2084,24,196,2180,138,727,765,0,458,0,0,5,-2674,6,7297
2025/5/20,6:30,7479,792,2580,1946,24,176,2206,141,691,1213,0,463,0,0,-6,-2762,15,7479
2025/5/20,7:00,7433,792,2124,1692,25,152,2218,141,601,1680,0,558,0,0,-24,-2548,22,7433
2025/5/20,7:30,7966,786,2462,1685,25,148,2251,145,564,2059,0,658,0,0,-4,-2830,17,7966
2025/5/20,8:00,8422,790,2588,1829,25,150,2271,145,562,2509,0,693,0,0,12,-3166,14,8422
2025/5/20,8:30,8813,794,2452,1845,27,149,2241,142,552,2862,0,891,0,0,-17,-3138,13,8813
2025/5/20,9:00,9147,788,2272,1780,27,148,2279,146,560,3373,0,1021,0,0,-5,-3256,14,9147
2025/5/20,9:30,9143,788,1856,1626,27,149,2330,146,564,4047,0,1159,0,0,1,-3568,18,9143
2025/5/20,10:00,9202,788,1758,1370,27,152,2289,146,546,4687,0,1206,0,0,1,-3784,16,9202
2025/5/20,10:30,9309,794,2086,1311,26,146,2279,144,534,4765,294,1037,173,0,15,-3842,14,9309
2025/5/20,11:00,9310,788,2360,1330,27,148,2234,146,524,4404,658,972,255,0,4,-3638,11,9310
2025/5/20,11:30,9292,788,2484,1408,28,150,2238,143,523,4446,699,999,252,0,-16,-3912,13,9292
2025/5/20,12:00,8876,794,2020,1354,27,149,2218,144,520,4453,728,995,218,0,-33,-3776,11,8876
2025/5/20,12:30,8867,790,2408,1398,27,152,2247,143,524,4228,720,897,217,0,-43,-3910,6,8867
2025/5/20,13:00,9155,788,2626,1457,27,154,2275,145,529,4130,701,946,81,0,-2,-3934,14,9155
2025/5/20,13:30,9415,788,2894,1476,27,151,2293,148,534,4183,325,940,78,0,-2,-4024,7,9415
2025/5/20,14:00,9324,792,2864,1568,27,154,2324,147,588,3835,304,976,0,0,-1,-3962,12,9324
2025/5/20,14:30,9290,788,2634,1799,28,155,2385,154,690,3632,0,929,0,0,-4,-3908,8,9290
2025/5/20,15:00,9119,792,2692,1934,28,157,2374,152,749,3373,0,851,0,0,1,-3996,12,9119
2025/5/20,15:30,9090,790,2978,2304,28,193,2318,152,759,2690,0,793,0,0,-6,-3922,13,9090
2025/5/20,16:00,9090,790,3334,2574,28,199,2253,147,749,2045,0,756,0,0,-1,-3800,16,9090
2025/5/20,16:30,9020,792,3602,2896,28,207,2204,146,737,1316,0,694,0,0,2,-3612,8,9020
2025/5/20,17:00,8856,790,3506,3160,28,205,2188,144,732,722,0,651,0,0,-6,-3282,18,8856
2025/5/20,17:30,8600,788,3396,3290,28,206,2156,142,728,319,0,555,0,0,1,-3024,15,8600
2025/5/20,18:00,8720,790,3352,3440,29,224,2135,143,723,112,0,480,0,0,8,-2736,20,8720
2025/5/20,18:30,8705,792,3210,3508,29,320,2147,142,723,3,0,449,0,0,37,-2672,17,8705
2025/5/20,19:00,8648,790,3170,3504,28,319,2140,144,726,0,0,434,0,0,19,-2646,20,8648
2025/5/20,19:30,8451,792,3092,3515,27,321,2145,141,725,0,0,345,0,0,-1,-2664,13,8451
2025/5/20,20:00,8274,790,3172,3406,27,316,2145,144,728,0,0,337,0,0,-1,-2806,16,8274
2025/5/20,20:30,8074,792,3016,3363,26,312,2151,144,726,0,0,318,0,0,-1,-2788,15,8074
2025/5/20,21:00,7828,786,2764,3287,25,313,2145,142,729,0,0,301,0,0,-1,-2676,13,7828
2025/5/20,21:30,7685,792,2822,3253,24,218,2160,144,729,0,0,237,0,0,-2,-2698,6,7685
2025/5/20,22:00,7514,792,2820,3224,24,207,2151,142,733,0,0,194,0,0,-1,-2786,14,7514
2025/5/20,22:30,7351,792,2672,3181,22,207,2155,144,731,0,0,159,0,0,-1,-2726,15,7351
2025/5/20,23:00,7263,790,2336,3150,22,209,2144,144,734,0,0,130,0,0,-2,-2400,6,7263
2025/5/20,23:30,7097,788,2172,3141,22,205,2141,142,734,0,0,131,0,0,-1,-2382,4,7097
2025/5/21,0:00,6928,796,2620,3108,21,207,2136,144,733,0,0,109,0,0,-2,-2946,2,6928
2025/5/21,0:30,6842,786,2572,3168,20,206,2144,142,728,0,0,91,0,0,-1,-3016,2,6842
2025/5/21,1:00,6878,792,2544,3181,20,205,2141,143,730,0,0,91,0,0,-1,-2970,2,6878
2025/5/21,1:30,6783,788,2440,3141,20,204,2138,144,730,0,0,115,0,0,-1,-2938,2,6783
2025/5/21,2:00,6926,794,2336,3154,20,206,2145,141,729,0,0,131,0,0,-1,-2732,3,6926
2025/5/21,2:30,7004,788,2318,3163,22,211,2142,144,728,0,0,184,0,0,-2,-2696,2,7004
2025/5/21,3:00,7214,788,2422,3121,22,210,2144,141,730,0,0,223,0,0,-1,-2588,2,7214
2025/5/21,3:30,7239,792,2634,2922,23,212,2142,144,731,0,0,264,0,0,-1,-2626,2,7239
2025/5/21,4:00,7346,788,2874,2852,23,214,2139,142,726,0,0,271,0,0,-1,-2684,2,7346
2025/5/21,4:30,7421,792,2948,2673,24,212,2131,140,727,82,0,236,0,0,-2,-2544,2,7421
2025/5/21,5:00,7393,790,2992,2497,24,215,2151,144,731,275,0,233,0,0,-1,-2660,2,7393
2025/5/21,5:30,7211,790,2486,2334,24,223,2176,142,737,624,0,338,0,0,-2,-2664,3,7211
2025/5/21,6:00,7325,792,2362,2182,23,214,2154,144,731,1103,0,427,0,0,-1,-2812,6,7325
2025/5/21,6:30,7424,790,2272,1992,23,180,2154,141,733,1619,0,325,0,0,-2,-2818,15,7424
2025/5/21,7:00,7586,790,1988,1680,23,151,2149,143,736,2382,0,384,0,0,-1,-2862,23,7586
2025/5/21,7:30,7843,788,1658,1604,22,148,2219,147,757,3040,0,318,0,0,-4,-2872,18,7843
2025/5/21,8:00,8419,792,1920,1673,23,149,2260,145,760,3634,0,317,0,0,0,-3268,14,8419
2025/5/21,8:30,8920,792,2110,1693,25,146,2256,148,741,4011,0,394,0,0,-4,-3404,12,8920
2025/5/21,9:00,9245,790,1944,1710,25,147,2255,146,695,4468,0,455,0,0,-1,-3404,15,9245
2025/5/21,9:30,9417,788,1800,1699,25,145,2283,148,601,4851,0,451,0,0,-3,-3390,19,9417
2025/5/21,10:00,9433,790,1674,1695,24,146,2258,147,555,5252,0,411,0,0,-1,-3534,16,9433
2025/5/21,10:30,9614,786,1742,1643,24,145,2238,149,545,5649,0,372,0,0,-1,-3692,14,9614
2025/5/21,11:00,9665,790,2116,1547,24,148,2239,146,545,5465,0,333,0,0,-6,-3694,12,9665
2025/5/21,11:30,9680,792,2214,1525,24,147,2221,147,542,5406,0,365,0,0,-2,-3714,13,9680
2025/5/21,12:00,9292,790,2002,1488,24,147,2215,145,546,5323,0,385,0,0,-46,-3738,11,9292
2025/5/21,12:30,9298,790,2080,1508,24,148,2237,147,550,5412,0,351,0,0,-36,-3920,7,9298
2025/5/21,13:00,9752,788,2168,1677,24,147,2271,147,595,5393,0,288,0,0,-2,-3758,14,9752
2025/5/21,13:30,9772,790,2030,1914,25,149,2279,150,666,5134,0,266,0,0,32,-3670,7,9772
2025/5/21,14:00,9824,788,2228,2171,26,178,2293,148,719,4654,0,229,0,0,11,-3632,11,9824
2025/5/21,14:30,9732,792,2308,2409,26,186,2292,149,742,4227,0,220,0,0,-38,-3588,7,9732
2025/5/21,15:00,9604,788,2568,2682,27,193,2249,145,738,3532,0,199,0,0,-25,-3506,14,9604
2025/5/21,15:30,9703,790,3018,3042,28,276,2198,144,727,2773,0,220,0,0,-1,-3526,14,9703
2025/5/21,16:00,9629,790,3420,3336,28,210,2178,140,724,2006,0,258,0,0,-7,-3470,16,9629
2025/5/21,16:30,9481,788,3580,3513,28,297,2192,142,727,1335,0,223,0,0,0,-3352,8,9481
2025/5/21,17:00,9172,790,3454,3573,29,311,2206,140,727,771,0,201,0,0,0,-3048,18,9172
2025/5/21,17:30,9037,792,3694,3583,29,313,2199,141,725,366,0,183,0,0,8,-3012,16,9037
2025/5/21,18:00,9027,786,3616,3607,29,312,2170,140,717,132,0,190,0,0,37,-2728,19,9027
2025/5/21,18:30,8979,792,3600,3605,29,313,2168,138,719,3,0,176,0,0,23,-2604,17,8979
2025/5/21,19:00,8954,790,3744,3618,29,298,2170,140,721,0,0,149,0,0,-1,-2720,16,8954
2025/5/21,19:30,8669,790,3466,3517,29,287,2171,139,722,0,0,150,0,0,-2,-2612,12,8669
2025/5/21,20:00,8436,794,3604,3463,28,208,2163,140,710,0,0,135,0,0,-2,-2824,17,8436
2025/5/21,20:30,8298,786,3530,3401,27,248,2161,138,711,0,0,146,0,0,-1,-2864,15,8298
2025/5/21,21:00,8082,792,3150,3400,26,211,2166,141,714,0,0,143,0,0,6,-2680,13,8082
2025/5/21,21:30,7795,792,2794,3397,24,209,2158,139,713,0,0,146,0,0,-1,-2582,6,7795
2025/5/21,22:00,7658,790,2764,3389,23,211,2161,138,715,0,0,143,0,0,7,-2698,15,7658
2025/5/21,22:30,7449,788,2486,3404,23,212,2159,140,717,0,0,135,0,0,-1,-2628,14,7449
2025/5/21,23:00,7305,792,2360,3347,23,210,2159,138,713,0,0,142,0,0,-1,-2584,6,7305
2025/5/21,23:30,7206,794,2328,3330,22,208,2157,140,711,0,0,139,0,0,-1,-2626,4,7206
2025/5/22,0:00,6985,786,2470,3320,21,211,2129,140,710,0,0,95,0,0,-2,-2898,3,6985
2025/5/22,0:30,6901,792,2428,3321,21,209,2128,137,716,0,0,74,0,0,-1,-2926,2,6901
2025/5/22,1:00,6793,788,2218,3291,20,208,2123,141,712,0,0,72,0,0,-2,-2780,2,6793
2025/5/22,1:30,6852,792,2172,3293,20,206,2132,139,713,0,0,74,0,0,-1,-2690,2,6852
2025/5/22,2:00,6917,788,2280,3275,20,206,2124,141,712,0,0,68,0,0,-1,-2698,2,6917
2025/5/22,2:30,6975,792,2238,3264,21,202,2131,139,710,0,0,68,0,0,-1,-2592,3,6975
2025/5/22,3:00,7167,790,2234,3260,22,201,2130,140,710,0,0,62,0,0,-1,-2384,3,7167
2025/5/22,3:30,7173,790,2362,3228,22,202,2127,138,706,0,0,61,0,0,-1,-2464,2,7173
2025/5/22,4:00,7290,790,2502,3219,23,202,2120,142,710,0,0,41,0,0,-1,-2460,2,7290
2025/5/22,4:30,7300,790,2406,3167,23,203,2118,139,708,45,0,67,0,0,-2,-2366,2,7300
2025/5/22,5:00,7299,794,2280,3159,23,204,2127,142,710,158,0,75,0,0,-1,-2374,2,7299
2025/5/22,5:30,7222,786,2242,3064,23,203,2140,141,713,342,0,81,0,0,-2,-2514,3,7222
2025/5/22,6:00,7320,792,2814,2924,23,203,2172,144,718,572,0,90,0,0,-2,-3136,6,7320
2025/5/22,6:30,7398,792,2912,2697,23,202,2174,143,721,882,0,97,0,0,-2,-3258,15,7398
2025/5/22,7:00,7553,788,2610,2656,23,202,2185,143,730,1256,0,88,0,0,0,-3150,22,7553
2025/5/22,7:30,7815,792,2362,2810,24,203,2194,145,738,1542,0,107,0,0,-2,-3118,18,7815
2025/5/22,8:00,8346,786,2844,2776,26,201,2224,145,744,1912,0,109,0,0,0,-3436,15,8346
2025/5/22,8:30,8845,792,3286,2730,28,204,2247,149,750,2049,0,107,0,0,-6,-3502,11,8845
2025/5/22,9:00,9193,788,3646,2623,28,250,2252,148,742,1997,0,125,0,0,15,-3438,17,9193
2025/5/22,9:30,9180,792,3460,2727,27,204,2272,151,746,1779,0,180,0,0,-11,-3164,17,9180
2025/5/22,10:00,9219,788,2662,2694,26,201,2274,151,747,1935,0,192,0,0,-1,-2466,16,9219
2025/5/22,10:30,9250,786,2550,2515,25,199,2273,152,738,2052,0,182,0,0,-2,-2234,14,9250
2025/5/22,11:00,9213,788,2278,2463,24,195,2308,153,743,2130,0,190,0,0,-1,-2068,10,9213
2025/5/22,11:30,9342,782,2808,2450,24,192,2321,150,743,2166,0,190,0,0,-4,-2494,14,9342
2025/5/22,12:00,8883,788,3246,2461,23,192,2292,152,740,2054,0,178,0,0,-3,-3250,10,8883
2025/5/22,12:30,8687,788,3288,2463,24,194,2299,150,742,1797,0,204,0,0,-3,-3266,7,8687
2025/5/22,13:00,9094,786,3174,2503,26,219,2305,151,739,1655,0,300,0,0,-4,-2774,14,9094
2025/5/22,13:30,9228,782,2866,2739,26,223,2311,150,745,1671,0,449,0,0,6,-2748,8,9228
2025/5/22,14:00,9170,796,2680,2752,27,216,2273,150,740,1492,0,528,0,0,1,-2496,11,9170
2025/5/22,14:30,9121,796,2692,2816,27,216,2264,149,740,1404,0,560,0,0,-3,-2548,8,9121
2025/5/22,15:00,9020,788,2954,2933,27,216,2239,147,733,1419,0,533,0,0,-25,-2956,12,9020
2025/5/22,15:30,9107,790,3294,3005,27,225,2225,149,728,1265,0,512,0,0,-36,-3090,13,9107
2025/5/22,16:00,9042,786,3532,3204,28,226,2200,144,722,997,0,482,0,0,-3,-3292,16,9042
2025/5/22,16:30,8898,790,3540,3264,27,233,2194,146,711,752,0,449,0,0,-4,-3212,8,8898
2025/5/22,17:00,8739,792,3690,3312,28,228,2176,142,705,469,0,446,0,0,0,-3266,17,8739
2025/5/22,17:30,8717,788,3780,3397,27,245,2168,144,704,239,0,471,0,0,-1,-3260,15,8717
2025/5/22,18:00,8681,794,3720,3454,28,218,2168,144,700,95,0,465,0,0,34,-3158,19,8681
2025/5/22,18:30,8616,786,3540,3456,28,291,2189,143,701,4,0,458,0,0,16,-3012,16,8616
2025/5/22,19:00,8563,792,3438,3458,28,214,2188,144,700,0,0,449,0,0,-2,-2862,16,8563
2025/5/22,19:30,8339,792,3278,3296,28,206,2189,142,702,0,0,473,0,0,-2,-2776,11,8339
2025/5/22,20:00,8168,788,3216,3180,27,204,2204,142,701,0,0,448,0,0,-1,-2758,17,8168
2025/5/22,20:30,7981,786,3208,3075,26,207,2208,141,703,0,0,413,0,0,0,-2800,14,7981
2025/5/22,21:00,7767,790,3308,3024,25,205,2208,145,699,0,0,382,0,0,-9,-3022,12,7767
2025/5/22,21:30,7507,794,3042,2988,24,204,2206,144,699,0,0,377,0,0,-9,-2968,6,7507
2025/5/22,22:00,7358,790,2828,2910,23,214,2204,142,702,0,0,436,0,0,7,-2912,14,7358
2025/5/22,22:30,7126,790,2614,2886,22,215,2203,143,698,0,0,426,0,0,6,-2890,13,7126
2025/5/22,23:00,7026,790,2826,2789,22,209,2201,142,704,0,0,390,0,0,-1,-3052,6,7026
2025/5/22,23:30,6853,786,2606,2733,21,201,2204,145,703,0,0,349,0,0,-7,-2892,4,6853
2025/5/23,0:00,6690,794,2774,2574,21,204,2191,144,703,0,0,348,0,0,-1,-3064,2,6690
2025/5/23,0:30,6563,788,2770,2491,20,204,2193,142,703,0,0,336,0,0,-2,-3084,2,6563
2025/5/23,1:00,6580,790,2848,2423,20,199,2194,145,703,0,0,358,0,0,-2,-3100,2,6580
2025/5/23,1:30,6602,792,2900,2397,20,202,2185,142,701,0,0,352,0,0,-1,-3090,2,6602
2025/5/23,2:00,6723,790,2840,2322,20,203,2185,143,702,0,0,383,0,0,-2,-2866,3,6723
2025/5/23,2:30,6872,790,3064,2278,21,204,2185,145,702,0,0,393,0,0,-1,-2912,3,6872
2025/5/23,3:00,7048,786,3226,2267,22,203,2189,142,700,0,0,361,0,0,-2,-2848,2,7048
2025/5/23,3:30,7113,792,3292,2232,23,204,2187,144,700,0,0,357,0,0,-1,-2820,3,7113
2025/5/23,4:00,7234,792,3800,2083,24,205,2179,142,700,1,0,323,0,0,-1,-3016,2,7234
2025/5/23,4:30,7262,788,3930,1935,25,204,2180,143,700,132,0,278,0,0,-1,-3054,2,7262
2025/5/23,5:00,7237,786,3764,1834,25,204,2223,147,709,389,0,251,0,0,-2,-3096,3,7237
2025/5/23,5:30,7221,792,3552,1700,24,203,2220,145,703,815,0,219,0,0,-1,-3154,3,7221
2025/5/23,6:00,7237,790,3058,1507,24,174,2251,148,674,1571,0,195,0,0,-1,-3160,6,7237
2025/5/23,6:30,7075,792,2184,1196,23,158,2308,149,591,2486,0,169,0,0,-2,-2994,15,7075
2025/5/23,7:00,7370,786,2134,1200,22,157,2385,155,567,3342,0,138,0,0,2,-3540,22,7370
2025/5/23,7:30,7611,790,1976,1194,21,162,2427,155,573,3657,430,104,16,0,-3,-3462,17,7611
2025/5/23,8:00,8114,788,2492,1220,22,169,2439,156,572,4171,710,97,14,0,2,-4028,14,8114
2025/5/23,8:30,8485,790,2304,1265,23,166,2447,159,574,4705,770,109,10,0,-7,-4062,12,8485
2025/5/23,9:00,8647,790,2060,1318,23,162,2465,157,577,4951,841,125,4,0,-4,-3992,15,8647
2025/5/23,9:30,8847,788,2072,1339,23,166,2469,161,583,5183,897,139,5,0,-2,-4092,18,8847
2025/5/23,10:00,8802,786,1920,1413,23,161,2430,160,583,5270,922,110,5,0,-5,-4064,15,8802
2025/5/23,10:30,8871,794,1766,1450,22,149,2422,156,583,5338,933,97,5,0,0,-3920,14,8871
2025/5/23,11:00,8861,786,1754,1455,22,146,2409,158,577,5368,914,90,6,0,-3,-3912,11,8861
2025/5/23,11:30,8857,788,1546,1374,22,151,2376,154,570,5613,910,110,6,0,-7,-3854,14,8857
2025/5/23,12:00,8512,788,1240,1360,21,151,2368,155,569,5576,1070,127,5,0,-40,-3814,11,8512
2025/5/23,12:30,8368,792,1516,1368,22,157,2399,155,576,5340,1034,146,6,0,-37,-4072,6,8368
2025/5/23,13:00,8853,788,1802,1452,22,180,2434,158,583,5346,712,149,5,0,2,-4076,13,8853
2025/5/23,13:30,8899,788,2040,1504,23,179,2505,161,597,5192,404,150,5,0,-5,-4242,7,8899
2025/5/23,14:00,8859,790,2400,1584,23,182,2491,159,634,4687,199,147,5,0,4,-4254,12,8859
2025/5/23,14:30,8813,786,2672,1728,23,174,2515,162,719,4038,170,173,6,0,-8,-4176,7,8813
2025/5/23,15:00,8650,786,2894,2004,25,206,2473,157,752,3340,142,175,6,0,-4,-4172,14,8650
2025/5/23,15:30,8674,790,3254,2250,26,216,2431,156,748,2627,111,181,6,0,-1,-4018,14,8674
2025/5/23,16:00,8611,788,3350,2558,26,221,2414,151,739,1905,0,200,0,0,2,-3760,17,8611
2025/5/23,16:30,8540,788,4046,2593,26,227,2371,151,732,1232,0,189,0,0,-3,-3826,14,8540
2025/5/23,17:00,8329,788,4032,2629,26,223,2315,146,725,695,0,162,0,0,2,-3432,18,8329
2025/5/23,17:30,8215,788,4028,2717,27,211,2268,146,711,347,0,147,0,0,-2,-3188,15,8215
2025/5/23,18:00,8253,788,4086,2770,27,190,2221,144,704,121,0,145,0,0,35,-3000,22,8253
2025/5/23,18:30,8290,790,3984,2913,28,188,2217,141,707,5,0,122,0,0,24,-2848,19,8290
2025/5/23,19:00,8250,788,3936,2947,28,188,2212,144,705,0,0,87,0,0,-1,-2800,16,8250
2025/5/23,19:30,8143,788,3790,3083,28,197,2207,141,708,0,0,83,0,0,-2,-2892,12,8143
2025/5/23,20:00,7967,788,3902,3067,27,286,2208,144,706,0,0,95,0,0,-1,-3272,17,7967
2025/5/23,20:30,7755,788,3726,3065,26,197,2209,144,705,0,0,82,0,0,-1,-3200,14,7755
2025/5/23,21:00,7559,790,3546,2862,25,187,2202,142,706,0,0,70,0,0,-1,-2982,12,7559
2025/5/23,21:30,7339,788,3328,2775,24,188,2210,143,709,0,0,74,0,0,-2,-2904,6,7339
2025/5/23,22:00,7244,792,3124,2685,23,189,2209,142,706,0,0,76,0,0,-1,-2716,15,7244
2025/5/23,22:30,7144,788,3100,2637,23,187,2205,143,707,0,0,72,0,0,-1,-2730,13,7144
2025/5/23,23:00,7046,788,2938,2602,23,187,2207,141,710,0,0,63,0,0,-1,-2618,6,7046
2025/5/23,23:30,6883,790,2638,2588,22,189,2204,143,711,0,0,49,0,0,-1,-2454,4,6883
2025/5/24,0:00,6671,790,2712,2596,21,188,2181,144,710,0,0,45,0,0,-1,-2718,3,6671
2025/5/24,0:30,6591,786,2738,2591,20,185,2184,142,710,0,0,58,0,0,-1,-2824,2,6591
2025/5/24,1:00,6581,792,2730,2600,20,185,2179,142,709,0,0,75,0,0,-1,-2852,2,6581
2025/5/24,1:30,6531,786,2778,2529,20,185,2184,143,711,0,0,86,0,0,-1,-2892,2,6531
2025/5/24,2:00,6664,786,2870,2538,20,187,2185,144,708,0,0,117,0,0,-1,-2892,2,6664
2025/5/24,2:30,6755,792,2888,2548,21,183,2182,144,706,0,0,155,0,0,-7,-2860,3,6755
2025/5/24,3:00,6929,788,2940,2548,22,185,2181,143,710,0,0,180,0,0,-2,-2768,2,6929
2025/5/24,3:30,6951,790,2830,2589,23,187,2186,143,710,0,0,184,0,0,-1,-2692,2,6951
2025/5/24,4:00,7064,788,2744,2598,23,184,2183,141,711,1,0,198,0,0,-1,-2508,2,7064
2025/5/24,4:30,7056,790,2826,2459,24,189,2167,144,708,72,0,194,0,0,-1,-2518,2,7056
2025/5/24,5:00,7010,788,2716,2347,24,193,2181,144,714,249,0,218,0,0,-1,-2566,3,7010
2025/5/24,5:30,6870,788,2238,2344,24,193,2199,143,717,477,0,208,0,0,-2,-2462,3,6870
2025/5/24,6:00,6780,790,2212,2273,23,183,2231,148,726,774,0,185,0,0,-6,-2764,5,6780
2025/5/24,6:30,6785,792,2300,2218,22,167,2269,146,735,1029,0,178,0,0,-4,-3078,11,6785
2025/5/24,7:00,6743,786,2018,2156,22,143,2298,150,749,1319,0,183,0,0,-2,-3100,21,6743
2025/5/24,7:30,6873,788,1718,2161,23,146,2320,152,753,1623,0,203,0,0,0,-3032,18,6873
2025/5/24,8:00,7000,786,1880,2060,23,146,2366,152,760,2025,0,229,0,0,0,-3444,17,7000
2025/5/24,8:30,7244,792,2160,1969,23,151,2400,155,763,2305,0,262,0,0,-1,-3748,13,7244
2025/5/24,9:00,7350,784,2330,1842,24,148,2410,153,759,2496,0,304,0,0,-3,-3912,15,7350
2025/5/24,9:30,7379,790,2072,1838,24,146,2473,160,768,2682,0,340,0,0,2,-3934,18,7379
2025/5/24,10:00,7296,790,1772,1938,23,150,2452,156,766,2721,0,356,0,0,-5,-3838,15,7296
2025/5/24,10:30,7383,792,2026,1975,22,154,2467,158,771,2466,0,332,0,0,0,-3794,14,7383
2025/5/24,11:00,7364,790,1954,1959,22,150,2452,158,763,2273,0,337,0,0,-4,-3504,14,7364
2025/5/24,11:30,7338,786,1850,1946,23,155,2457,155,767,2204,0,338,0,0,-2,-3356,15,7338
2025/5/24,12:00,7289,792,1708,1949,24,155,2453,157,769,2137,0,331,0,0,-46,-3152,12,7289
2025/5/24,12:30,7159,788,1550,1873,23,157,2454,155,766,2216,0,335,0,0,-25,-3144,11,7159
2025/5/24,13:00,7234,794,1634,2013,24,184,2436,157,761,1942,0,386,0,0,-2,-3108,13,7234
2025/5/24,13:30,7276,790,1896,2267,24,195,2412,154,756,1671,0,404,0,0,-6,-3294,7,7276
2025/5/24,14:00,7267,786,2138,2341,24,196,2383,153,749,1413,0,428,0,0,-4,-3352,12,7267
2025/5/24,14:30,7224,794,2326,2468,24,195,2370,154,746,1133,0,431,0,0,-1,-3424,8,7224
2025/5/24,15:00,7152,788,2144,2496,23,195,2355,150,746,946,0,503,0,0,-4,-3202,12,7152
2025/5/24,15:30,7177,790,2202,2603,24,196,2299,149,732,748,0,544,0,0,-1,-3122,13,7177
2025/5/24,16:00,7273,790,2346,2701,24,193,2262,145,722,586,0,558,0,0,0,-3070,16,7273
2025/5/24,16:30,7292,790,2456,2771,25,192,2212,146,713,394,0,572,0,0,-2,-2984,7,7292
2025/5/24,17:00,7332,792,2382,2836,26,193,2189,143,706,247,0,599,0,0,-5,-2792,16,7332
2025/5/24,17:30,7512,790,2908,2916,27,191,2167,140,704,130,0,591,0,0,5,-3072,15,7512
2025/5/24,18:00,7570,790,2990,3032,26,192,2152,142,700,40,0,549,0,0,36,-3098,19,7570
2025/5/24,18:30,7621,792,2982,3032,27,192,2163,141,701,3,0,554,0,1,24,-3006,15,7621
2025/5/24,19:00,7558,790,3142,3005,27,190,2168,144,705,0,0,574,0,0,-2,-3200,15,7558
2025/5/24,19:30,7477,788,3100,2963,26,200,2174,141,705,0,0,633,0,1,-1,-3264,11,7477
2025/5/24,20:00,7294,792,2910,2958,26,203,2170,142,702,0,0,681,0,0,-1,-3304,15,7294
2025/5/24,20:30,7171,786,2620,2969,26,214,2170,143,697,0,0,715,0,1,-1,-3182,13,7171
2025/5/24,21:00,7007,794,2594,2785,25,203,2170,141,699,0,0,757,0,0,-1,-3172,12,7007
2025/5/24,21:30,6793,794,2366,2762,24,201,2165,143,698,0,0,799,0,1,-2,-3164,6,6793
2025/5/24,22:00,6735,786,2226,2677,22,206,2171,141,702,0,0,809,0,0,-1,-3018,14,6735
2025/5/24,22:30,6654,792,2074,2645,22,199,2177,144,702,0,0,808,0,1,-2,-2920,12,6654
2025/5/24,23:00,6555,790,2128,2640,22,203,2177,142,703,0,0,777,0,0,-1,-3032,6,6555
2025/5/24,23:30,6413,790,1972,2634,21,205,2180,142,703,0,0,798,0,0,0,-3036,4,6413
2025/5/25,0:00,6231,790,1770,2620,21,201,2168,144,706,0,0,861,0,1,-2,-3052,3,6231
2025/5/25,0:30,6192,790,1792,2525,19,202,2162,142,703,0,0,964,0,0,-1,-3108,2,6192
2025/5/25,1:00,6177,792,1738,2507,20,202,2167,142,701,0,0,1045,0,0,-1,-3138,2,6177
2025/5/25,1:30,6215,790,1768,2482,19,202,2169,142,704,0,0,1038,0,0,-1,-3100,2,6215
2025/5/25,2:00,6343,788,1922,2457,20,198,2168,141,702,0,0,1023,0,0,-1,-3078,3,6343
2025/5/25,2:30,6462,796,1922,2451,21,201,2180,143,702,0,0,1025,0,0,-1,-2980,2,6462
2025/5/25,3:00,6672,790,2106,2459,22,201,2175,140,703,0,0,994,0,0,-1,-2920,3,6672
2025/5/25,3:30,6687,788,2138,2439,23,199,2175,142,703,0,0,959,0,0,-1,-2880,2,6687
2025/5/25,4:00,6809,788,2032,2572,23,202,2176,142,701,1,0,924,0,0,-1,-2754,3,6809
2025/5/25,4:30,6845,794,2032,2592,24,205,2174,139,696,29,0,937,0,0,-1,-2778,2,6845
2025/5/25,5:00,6767,790,2002,2610,23,203,2163,141,692,75,0,890,0,0,-1,-2824,3,6767
2025/5/25,5:30,6644,786,1806,2640,23,204,2161,139,690,202,0,924,0,0,-2,-2932,3,6644
2025/5/25,6:00,6547,792,1940,2539,22,201,2199,143,699,360,0,972,0,0,0,-3328,8,6547
2025/5/25,6:30,6553,792,1790,2399,22,200,2249,144,709,504,0,1016,0,0,-2,-3280,10,6553
2025/5/25,7:00,6578,790,1560,2270,22,196,2283,145,716,847,0,1048,0,0,-4,-3314,19,6578
2025/5/25,7:30,6685,790,1410,2108,23,198,2358,150,731,1145,0,1147,0,0,1,-3394,18,6685
2025/5/25,8:00,6889,788,1808,2055,22,197,2396,150,736,1364,0,1197,0,0,-1,-3838,15,6889
2025/5/25,8:30,6955,794,1814,2013,23,199,2380,151,727,1682,0,1202,0,0,-12,-4030,12,6955
2025/5/25,9:00,7106,788,1702,1939,24,199,2441,154,741,2128,0,1154,0,0,4,-4182,14,7106
2025/5/25,9:30,7088,792,1864,1873,24,198,2443,151,740,2150,0,1064,0,0,-2,-4228,19,7088
2025/5/25,10:00,7174,792,1928,1858,24,198,2465,154,741,2181,0,1015,0,0,-3,-4194,15,7174
2025/5/25,10:30,7077,788,2150,1888,24,195,2445,150,734,1932,0,976,0,0,-3,-4216,14,7077
2025/5/25,11:00,7148,790,2162,1888,23,198,2475,154,744,1819,0,943,0,0,5,-4064,11,7148
2025/5/25,11:30,7172,792,2226,1902,24,205,2458,153,742,1583,0,787,0,0,4,-3718,14,7172
2025/5/25,12:00,7033,790,1826,2017,23,205,2477,152,746,1554,0,788,0,0,-7,-3550,12,7033
2025/5/25,12:30,7063,792,1614,2092,23,199,2469,154,744,1716,0,857,0,0,-9,-3596,8,7063
2025/5/25,13:00,7033,788,1488,2143,22,203,2467,152,747,1790,0,842,0,0,-38,-3584,13,7033
2025/5/25,13:30,7022,792,1506,2121,22,202,2407,152,733,1813,0,869,0,0,-38,-3564,7,7022
2025/5/25,14:00,7053,792,1854,2190,21,201,2335,145,718,1687,0,876,0,0,0,-3778,12,7053
2025/5/25,14:30,7070,790,2414,2245,22,205,2346,147,718,1266,0,818,0,0,-7,-3908,14,7070
2025/5/25,15:00,7124,790,2680,2326,23,200,2344,149,723,1060,0,810,0,0,1,-3996,14,7124
2025/5/25,15:30,7027,790,2578,2439,24,202,2347,145,721,931,0,778,0,0,-2,-3940,14,7027
2025/5/25,16:00,7244,792,2518,2585,24,202,2315,146,715,666,0,898,0,0,-1,-3632,16,7244
2025/5/25,16:30,7258,788,2440,2650,24,203,2298,142,710,584,0,882,0,0,-4,-3472,13,7258
2025/5/25,17:00,7401,794,2626,2792,25,202,2301,145,710,517,0,928,0,0,-3,-3652,16,7401
2025/5/25,17:30,7555,788,2972,2877,26,199,2297,145,713,371,0,973,0,0,1,-3822,15,7555
2025/5/25,18:00,7677,790,3318,2929,27,200,2255,142,705,161,0,982,0,0,0,-3850,18,7677
2025/5/25,18:30,7682,794,3062,2981,26,201,2244,142,702,12,0,1051,0,0,27,-3576,16,7682
2025/5/25,19:00,7694,790,3146,2992,27,200,2239,141,701,0,0,1109,0,0,35,-3702,16,7694
2025/5/25,19:30,7599,788,3104,2981,26,198,2240,143,703,0,0,1128,0,0,-2,-3722,12,7599
2025/5/25,20:00,7393,790,3230,2870,26,201,2238,141,701,0,0,1117,0,0,-2,-3934,15,7393
2025/5/25,20:30,7361,792,3356,2822,25,200,2242,143,697,0,0,1124,0,0,-1,-4052,13,7361
2025/5/25,21:00,7050,792,3120,2760,24,199,2233,143,699,0,0,1188,0,0,-2,-4118,12,7050
2025/5/25,21:30,6897,790,2884,2745,24,198,2234,140,700,0,0,1263,0,0,-1,-4086,6,6897
2025/5/25,22:00,6710,788,2014,2715,22,199,2237,144,702,0,0,1244,0,0,-2,-3368,15,6710
2025/5/25,22:30,6608,794,1854,2693,21,198,2236,140,701,0,0,1196,0,0,-2,-3234,11,6608
2025/5/25,23:00,6570,790,2022,2529,22,198,2238,144,704,0,0,1192,0,0,-1,-3274,6,6570
2025/5/25,23:30,6381,790,1782,2449,21,199,2232,142,698,0,0,1284,0,0,-1,-3218,3,6381
2025/5/26,0:00,6301,788,1728,2384,21,200,2222,141,700,0,0,1290,0,0,-2,-3174,3,6301
2025/5/26,0:30,6172,796,1800,2329,19,201,2219,142,700,0,0,1236,0,0,-2,-3270,2,6172
2025/5/26,1:00,6224,790,1918,2332,19,205,2226,141,700,0,0,1262,0,0,-1,-3370,2,6224
2025/5/26,1:30,6221,788,1984,2317,19,208,2220,143,702,0,0,1231,0,0,-1,-3392,2,6221
2025/5/26,2:00,6427,792,2224,2338,20,205,2219,143,697,0,0,1214,0,0,-1,-3426,2,6427
2025/5/26,2:30,6508,790,2192,2308,20,207,2219,142,702,0,0,1294,0,0,-1,-3368,3,6508
2025/5/26,3:00,6732,790,2348,2331,22,209,2217,142,701,0,0,1348,0,0,-2,-3376,2,6732
2025/5/26,3:30,6793,786,2372,2324,23,209,2214,141,700,0,0,1389,0,0,-1,-3366,2,6793
2025/5/26,4:00,6965,792,2586,2292,23,209,2214,143,698,3,0,1390,0,0,-1,-3386,2,6965
2025/5/26,4:30,6956,792,2662,2047,24,216,2201,143,697,100,0,1451,0,0,-1,-3378,2,6956
2025/5/26,5:00,7031,790,2724,1805,24,219,2215,142,688,298,0,1464,0,0,-2,-3338,2,7031
2025/5/26,5:30,7047,790,2718,1644,23,198,2250,146,650,599,0,1381,0,0,-1,-3354,3,7047
2025/5/26,6:00,6994,788,2680,1374,23,159,2277,145,559,1079,0,1371,0,0,-5,-3462,6,6994
2025/5/26,6:30,7084,794,2214,1305,22,154,2318,148,530,1715,0,1397,0,0,-1,-3524,12,7084
2025/5/26,7:00,7187,786,1680,1268,21,155,2378,151,552,2358,0,1346,0,0,-3,-3526,21,7187
2025/5/26,7:30,7522,796,1818,1222,20,155,2434,153,565,2885,0,1037,219,0,-4,-3576,17,7522
2025/5/26,8:00,8014,786,2436,1255,21,153,2471,157,570,3102,150,944,411,0,1,-3896,14,8014
2025/5/26,8:30,8423,790,2172,1310,23,151,2490,155,571,3568,161,875,394,0,-1,-3692,11,8423
2025/5/26,9:00,8664,792,1694,1246,22,151,2535,159,587,4061,221,854,286,0,-2,-3450,15,8664
2025/5/26,9:30,8827,790,1918,1292,22,155,2563,162,592,4202,233,882,345,0,4,-3772,17,8827
2025/5/26,10:00,8730,790,2086,1362,22,154,2540,159,591,4124,233,878,322,0,-5,-3986,15,8730
2025/5/26,10:30,8888,788,2456,1421,21,152,2549,162,596,4031,242,816,317,0,-16,-4102,14,8888
2025/5/26,11:00,8850,790,2482,1427,21,156,2547,160,598,3788,475,769,317,0,-32,-3866,10,8850
2025/5/26,11:30,8696,788,2182,1373,22,156,2560,162,597,3955,486,728,309,0,15,-3856,14,8696
2025/5/26,12:00,8333,792,1394,1264,22,153,2568,163,601,4103,483,681,300,0,-40,-3378,10,8333
2025/5/26,12:30,8256,788,1500,1269,22,158,2581,161,607,3881,687,626,293,0,-45,-3298,6,8256
2025/5/26,13:00,8610,790,1748,1336,22,173,2560,164,602,3872,667,727,142,0,-3,-3394,13,8610
2025/5/26,13:30,8703,790,1844,1401,22,171,2519,160,598,3803,629,691,134,0,5,-3308,7,8703
2025/5/26,14:00,8676,790,2442,1502,23,179,2501,161,636,3369,585,679,131,0,5,-3622,11,8676
2025/5/26,14:30,8626,792,2410,1677,23,217,2502,158,716,3186,338,681,126,0,11,-3754,7,8626
2025/5/26,15:00,8585,788,2720,1886,24,227,2472,159,761,2964,137,685,127,0,-1,-4112,12,8585
2025/5/26,15:30,8634,790,3056,2176,24,224,2420,155,758,2405,109,632,127,0,-4,-4018,16,8634
2025/5/26,16:00,8595,790,3358,2385,24,223,2350,150,737,1990,0,691,0,0,1,-4120,16,8595
2025/5/26,16:30,8525,792,3588,2725,25,223,2285,148,730,1319,0,662,0,0,-4,-3976,8,8525
2025/5/26,17:00,8303,786,3256,2916,26,218,2282,145,725,791,0,570,0,0,-2,-3428,18,8303
2025/5/26,17:30,8370,792,3636,3059,26,219,2247,146,718,441,0,522,0,0,-1,-3450,15,8370
2025/5/26,18:00,8438,790,4020,3075,27,200,2210,143,705,170,0,452,0,0,37,-3410,19,8438
2025/5/26,18:30,8451,790,4016,3076,27,198,2209,141,706,14,0,399,0,0,3,-3144,16,8451
2025/5/26,19:00,8439,790,4068,3078,28,194,2216,143,706,0,0,360,0,0,-1,-3158,15,8439
2025/5/26,19:30,8266,792,4064,3071,27,197,2224,141,705,0,0,335,0,0,-1,-3300,11,8266
2025/5/26,20:00,8105,790,4046,2972,26,196,2231,143,704,0,0,331,0,0,-1,-3350,17,8105
2025/5/26,20:30,7973,788,4000,2896,27,193,2227,140,703,0,0,303,0,0,-1,-3316,13,7973
2025/5/26,21:00,7753,796,4000,2780,25,192,2224,143,701,0,0,306,0,0,-1,-3424,11,7753
2025/5/26,21:30,7456,788,3648,2750,24,193,2222,142,705,0,0,316,0,0,-2,-3336,6,7456
2025/5/26,22:00,7335,790,3390,2750,23,188,2214,140,702,0,0,311,0,0,-1,-3186,14,7335
2025/5/26,22:30,7206,790,3282,2733,22,194,2222,142,705,0,0,284,0,0,-1,-3180,13,7206
2025/5/26,23:00,7060,790,3144,2684,23,191,2217,141,707,0,0,265,0,0,-1,-3106,5,7060
2025/5/26,23:30,6924,794,2914,2697,21,191,2222,142,704,0,0,237,0,0,-2,-3000,4,6924
2025/5/27,0:00,6643,784,2644,2672,21,192,2223,142,708,0,0,198,0,0,-1,-2942,2,6643
2025/5/27,0:30,6678,790,2750,2698,20,196,2234,141,708,0,0,170,0,0,-1,-3030,2,6678
2025/5/27,1:00,6639,794,2804,2690,20,193,2232,144,708,0,0,167,0,0,-1,-3114,2,6639
2025/5/27,1:30,6646,790,2814,2687,20,191,2233,142,708,0,0,162,0,0,-1,-3102,2,6646
2025/5/27,2:00,6789,788,2922,2691,20,192,2231,144,709,0,0,147,0,0,-1,-3056,2,6789
2025/5/27,2:30,6901,788,2920,2641,21,192,2235,144,709,0,0,118,0,0,-2,-2868,3,6901
2025/5/27,3:00,7125,794,3142,2530,22,192,2239,142,709,0,0,100,0,0,-1,-2746,2,7125
2025/5/27,3:30,7149,786,3088,2470,23,190,2244,144,708,0,0,95,0,0,-1,-2600,2,7149
2025/5/27,4:00,7315,792,3320,2335,24,187,2240,144,711,6,0,103,0,0,-1,-2548,2,7315
2025/5/27,4:30,7364,792,3458,2289,24,190,2247,142,712,154,0,104,0,0,-2,-2748,2,7364
2025/5/27,5:00,7336,786,3268,2223,25,188,2282,147,720,429,0,102,0,0,-1,-2836,3,7336
2025/5/27,5:30,7303,792,3126,2149,24,188,2332,147,720,896,0,77,0,0,-1,-3150,3,7303
2025/5/27,6:00,7259,790,2578,2166,23,167,2360,150,680,1519,0,59,0,0,-1,-3238,6,7259
2025/5/27,6:30,7366,788,2284,2184,23,145,2431,153,600,2212,0,48,0,0,-3,-3514,15,7366
2025/5/27,7:00,7418,790,1686,2040,23,144,2478,155,578,2886,0,30,0,0,-2,-3412,22,7418
2025/5/27,7:30,7700,792,1674,1976,22,142,2508,158,587,3176,365,29,0,0,-3,-3378,17,7700
2025/5/27,8:00,8157,788,2170,2128,22,143,2450,156,585,3631,410,24,0,0,-2,-3952,14,8157
2025/5/27,8:30,8615,790,2096,2176,22,143,2431,158,584,4247,432,18,0,0,0,-4062,12,8615
2025/5/27,9:00,8787,790,1830,2181,23,142,2401,156,585,4731,466,19,0,0,-2,-4084,15,8787
2025/5/27,9:30,8880,786,1608,2124,22,144,2417,159,582,5108,494,19,0,0,0,-4106,17,8880
2025/5/27,10:00,8855,794,1502,1973,22,143,2418,158,582,5326,528,28,0,0,-2,-4104,15,8855
2025/5/27,10:30,9001,784,1680,1884,22,143,2432,162,582,5336,537,41,0,0,-1,-4078,14,9001
2025/5/27,11:00,8984,788,1880,1723,22,144,2412,161,578,5233,530,54,0,0,-2,-4020,11,8984
2025/5/27,11:30,8872,784,1892,1791,22,144,2412,160,585,5060,541,61,0,0,1,-4054,14,8872
2025/5/27,12:00,8593,788,1830,1743,21,151,2404,162,590,4915,523,66,0,0,-47,-4040,10,8593
2025/5/27,12:30,8492,786,1764,1836,21,146,2396,161,588,4839,494,63,0,0,-36,-4078,6,8492
2025/5/27,13:00,8888,786,1682,1898,22,170,2423,163,641,4793,475,72,0,0,7,-3782,13,8888
2025/5/27,13:30,8942,784,1888,2018,22,197,2411,162,729,4363,437,86,0,0,34,-3758,6,8942
2025/5/27,14:00,8911,786,2370,1984,23,212,2421,163,784,3985,400,101,0,0,7,-3938,13,8911
2025/5/27,14:30,8882,784,2616,2141,23,215,2438,163,796,3575,352,104,0,0,-38,-3942,7,8882
2025/5/27,15:00,8697,792,2546,2281,23,217,2512,166,805,3484,0,102,0,0,-29,-4214,12,8697
2025/5/27,15:30,8740,786,2924,2431,25,218,2493,162,798,2973,0,106,0,0,-3,-4186,13,8740
2025/5/27,16:00,8762,790,3630,2595,24,219,2395,158,768,2233,0,103,0,0,7,-4176,16,8762
2025/5/27,16:30,8606,790,4004,2703,25,221,2337,151,754,1513,0,103,0,0,31,-4034,8,8606
2025/5/27,17:00,8338,790,3722,2827,25,215,2355,154,753,926,0,88,0,0,25,-3560,18,8338
2025/5/27,17:30,8324,792,3964,2973,26,211,2328,151,748,496,0,89,0,0,-1,-3468,15,8324
2025/5/27,18:00,8254,788,3966,3023,27,194,2265,147,735,201,0,89,0,0,-1,-3198,18,8254
2025/5/27,18:30,8380,792,4170,3040,28,193,2242,146,728,21,0,88,0,0,0,-3084,16,8380
2025/5/27,19:00,8389,790,4182,3037,28,191,2235,145,729,0,0,88,0,0,-1,-3050,15,8389
2025/5/27,19:30,8245,788,4138,3077,28,190,2213,147,729,0,0,96,0,0,-1,-3172,12,8245
2025/5/27,20:00,8024,790,3804,3020,27,193,2212,145,728,0,0,99,0,0,-1,-3010,17,8024
2025/5/27,20:30,7943,792,3660,3020,26,192,2212,147,726,0,0,93,0,0,-1,-2938,14,7943
2025/5/27,21:00,7708,788,3452,2907,25,196,2209,144,728,0,0,94,0,0,-2,-2844,11,7708
2025/5/27,21:30,7528,788,3418,2825,24,195,2211,148,725,0,0,95,0,0,-1,-2906,6,7528
2025/5/27,22:00,7370,792,3308,2751,23,192,2212,146,727,0,0,86,0,0,-1,-2880,14,7370
2025/5/27,22:30,7174,792,3158,2719,22,187,2194,145,726,0,0,100,0,0,-2,-2880,13,7174
2025/5/27,23:00,7133,788,3170,2700,23,191,2194,147,732,0,0,108,0,0,-1,-2924,5,7133
2025/5/27,23:30,6928,790,3016,2689,22,190,2198,144,730,0,0,122,0,0,-1,-2976,4,6928
2025/5/28,0:00,6808,790,2966,2693,22,191,2164,148,728,0,0,131,0,0,-2,-3026,3,6808
2025/5/28,0:30,6669,790,2926,2692,20,190,2167,145,732,0,0,126,0,0,-1,-3120,2,6669
2025/5/28,1:00,6655,788,2740,2672,20,189,2168,147,729,0,0,113,0,0,-1,-2912,2,6655
2025/5/28,1:30,6677,794,2682,2666,20,187,2165,148,735,0,0,125,0,0,-1,-2846,2,6677
2025/5/28,2:00,6794,790,2874,2669,20,184,2164,144,732,0,0,124,0,0,-1,-2908,2,6794
2025/5/28,2:30,6888,786,2888,2677,21,185,2167,148,734,0,0,115,0,0,-1,-2834,2,6888
2025/5/28,3:00,7101,792,3086,2673,22,189,2167,146,732,0,0,113,0,0,-1,-2820,2,7101
2025/5/28,3:30,7181,790,3280,2676,23,186,2160,147,731,0,0,107,0,0,-1,-2920,2,7181
2025/5/28,4:00,7281,790,3378,2594,23,191,2160,148,733,2,0,92,0,0,-2,-2830,2,7281
2025/5/28,4:30,7300,790,3554,2488,24,191,2143,144,731,92,0,72,0,0,-1,-2930,2,7300
2025/5/28,5:00,7303,790,3594,2426,25,190,2164,148,733,269,0,76,0,0,-1,-3114,3,7303
2025/5/28,5:30,7203,792,3370,2251,24,187,2195,147,741,548,0,68,0,0,-1,-3122,3,7203
2025/5/28,6:00,7203,786,3152,2104,24,182,2206,150,743,1026,0,51,0,0,-1,-3226,6,7203
2025/5/28,6:30,7324,794,2932,1910,23,184,2223,149,750,1614,0,34,0,0,-4,-3300,15,7324
2025/5/28,7:00,7353,786,2376,1650,22,161,2289,154,767,2346,0,18,0,0,-1,-3238,23,7353
2025/5/28,7:30,7674,792,2200,1396,21,140,2335,154,776,3112,0,13,0,0,-5,-3278,18,7674
2025/5/28,8:00,8180,790,2322,1208,22,142,2370,157,771,3575,357,11,0,0,1,-3204,15,8180
2025/5/28,8:30,8652,788,2198,1206,23,143,2373,158,730,4310,439,6,0,0,1,-3296,12,8652
2025/5/28,9:00,8898,788,2250,1199,23,148,2290,156,638,5020,509,5,0,0,-3,-3630,14,8898
2025/5/28,9:30,8968,796,2080,1197,23,143,2280,156,575,5188,943,5,0,0,-1,-3492,18,8968
2025/5/28,10:00,9011,788,1846,1195,23,142,2216,152,548,5597,1046,8,0,0,-5,-3514,15,9011
2025/5/28,10:30,9067,790,2010,1193,23,146,2234,155,545,5398,1550,10,0,0,-1,-3450,14,9067
2025/5/28,11:00,9080,790,1772,1198,23,145,2200,151,537,5485,1592,28,0,0,-1,-3258,10,9080
2025/5/28,11:30,9113,786,1674,1187,23,147,2187,153,536,5517,1564,45,0,0,-4,-3152,14,9113
2025/5/28,12:00,8709,794,1664,1198,22,149,2212,152,548,4909,2080,54,0,0,-45,-2958,10,8709
2025/5/28,12:30,8720,788,2006,1204,22,152,2210,154,544,4824,2035,69,0,0,-35,-3224,6,8720
2025/5/28,13:00,8991,790,2164,1190,22,170,2237,151,548,4983,1594,110,0,0,3,-3390,13,8991
2025/5/28,13:30,9098,786,2142,1196,23,171,2264,157,554,5003,1250,138,0,0,-3,-3340,7,9098
2025/5/28,14:00,9130,800,2270,1202,23,165,2309,158,567,5066,772,185,0,0,2,-3628,11,9130
2025/5/28,14:30,9053,790,2462,1199,23,168,2365,158,627,4585,685,241,0,0,-3,-3570,8,9053
2025/5/28,15:00,8934,790,2976,1410,24,199,2347,160,715,4236,313,277,0,0,-6,-4206,12,8934
2025/5/28,15:30,8943,788,3198,1690,25,211,2323,156,766,3692,0,294,0,0,1,-4214,13,8943
2025/5/28,16:00,9001,794,3874,2006,26,213,2265,156,765,2807,0,312,0,0,-2,-4232,17,9001
2025/5/28,16:30,8743,788,4174,2288,26,212,2188,150,750,1878,0,310,0,0,-3,-4026,8,8743
2025/5/28,17:00,8551,790,4218,2628,26,218,2212,148,737,1040,0,323,0,0,-3,-3804,18,8551
2025/5/28,17:30,8444,790,4398,2819,27,215,2212,147,734,459,0,305,0,0,27,-3704,15,8444
2025/5/28,18:00,8412,790,4148,3012,27,211,2160,146,724,187,0,256,0,0,36,-3304,19,8412
2025/5/28,18:30,8404,790,3994,3059,27,193,2169,144,726,18,0,214,0,0,0,-2946,16,8404
2025/5/28,19:00,8381,788,4022,3062,28,196,2163,146,726,0,0,151,0,0,-1,-2916,16,8381
2025/5/28,19:30,8328,792,4264,3073,28,193,2166,144,724,0,0,111,0,0,-1,-3178,12,8328
2025/5/28,20:00,8093,788,4198,2955,27,197,2165,148,726,0,0,71,0,0,-1,-3198,17,8093
2025/5/28,20:30,7936,788,4146,2891,26,194,2163,146,723,0,0,76,0,0,-1,-3230,14,7936
2025/5/28,21:00,7633,792,3438,2853,25,198,2162,145,723,0,0,73,0,0,6,-2794,12,7633
2025/5/28,21:30,7517,790,3466,2821,24,196,2160,148,725,0,0,74,0,0,7,-2900,6,7517
2025/5/28,22:00,7325,788,3264,2767,23,186,2154,144,726,0,0,53,0,0,-1,-2794,15,7325
2025/5/28,22:30,7137,792,3116,2716,22,186,2151,148,728,0,0,51,0,0,-1,-2786,14,7137
2025/5/28,23:00,7039,790,3104,2725,23,187,2150,145,730,0,0,53,0,0,-3,-2870,5,7039
2025/5/28,23:30,6891,792,2788,2714,22,186,2160,147,727,0,0,42,0,0,-9,-2682,4,6891
2025/5/29,0:00,6710,788,2830,2717,21,187,2143,148,727,0,0,42,0,0,-1,-2894,2,6710
2025/5/29,0:30,6559,788,2802,2676,20,190,2153,144,726,0,0,43,0,0,-1,-2984,2,6559
2025/5/29,1:00,6566,792,2858,2675,20,185,2150,148,729,0,0,46,0,0,-1,-3038,2,6566
2025/5/29,1:30,6575,788,2936,2676,20,185,2148,145,726,0,0,46,0,0,-1,-3096,2,6575
2025/5/29,2:00,6718,790,2850,2677,20,188,2146,147,728,0,0,49,0,0,-1,-2878,2,6718
2025/5/29,2:30,6807,792,2956,2615,21,189,2138,148,727,0,0,57,0,0,-1,-2838,3,6807
2025/5/29,3:00,7022,790,3274,2431,22,188,2144,145,727,0,0,64,0,0,-1,-2764,2,7022
2025/5/29,3:30,7078,792,3376,2291,23,188,2146,148,725,0,0,68,0,0,-1,-2680,2,7078
2025/5/29,4:00,7203,790,3542,2131,24,189,2140,146,723,5,0,77,0,0,-2,-2564,2,7203
2025/5/29,4:30,7217,788,3622,1958,25,187,2148,147,730,158,0,89,0,0,-1,-2636,2,7217
2025/5/29,5:00,7162,792,3862,1749,24,189,2181,148,747,432,0,100,0,0,-1,-3064,3,7162
2025/5/29,5:30,7089,790,3378,1744,24,185,2198,151,738,899,0,110,0,0,-1,-3130,3,7089
2025/5/29,6:00,6982,790,2514,1709,23,163,2212,151,699,1675,0,107,0,0,-1,-3066,6,6982
2025/5/29,6:30,7185,790,2350,1585,22,144,2249,152,608,2591,0,101,0,0,-2,-3420,15,7185
2025/5/29,7:00,7219,790,1758,1530,21,144,2320,156,583,3311,271,98,0,0,-1,-3514,23,7219
2025/5/29,7:30,7529,792,1646,1349,21,144,2378,158,594,3981,348,86,0,0,-4,-3632,16,7529
2025/5/29,8:00,8066,788,2130,1330,22,143,2445,163,609,4402,708,72,11,0,3,-4056,15,8066
2025/5/29,8:30,8518,790,1888,1372,22,145,2451,161,610,5033,755,80,14,0,-6,-4040,12,8518
2025/5/29,9:00,8817,790,1620,1301,22,146,2404,163,605,5545,847,92,8,0,-4,-3882,15,8817
2025/5/29,9:30,9046,792,1550,1374,24,147,2392,161,589,5867,900,115,7,0,-14,-3970,19,9046
2025/5/29,10:00,9025,788,1570,1423,23,147,2374,159,575,5477,1574,127,8,0,-14,-3640,16,9025
2025/5/29,10:30,9151,790,1682,1461,23,146,2331,159,556,5505,1604,129,8,0,-2,-3644,15,9151
2025/5/29,11:00,9215,788,1748,1462,23,149,2312,155,555,5531,1601,140,9,0,0,-3660,12,9215
2025/5/29,11:30,9161,794,1634,1461,23,147,2292,159,550,5459,1552,167,9,0,1,-3540,14,9161
2025/5/29,12:00,8798,790,1570,1381,22,149,2294,156,555,5019,1829,190,13,0,-43,-3296,11,8798
2025/5/29,12:30,8695,788,1774,1384,21,149,2321,159,565,4670,1765,205,13,0,-15,-3332,6,8695
2025/5/29,13:00,9079,796,1872,1431,22,151,2348,162,567,4767,1206,220,14,0,1,-3272,14,9079
2025/5/29,13:30,9228,788,1732,1666,23,147,2374,160,626,5041,583,214,15,0,8,-3558,7,9228
2025/5/29,14:00,9177,790,2082,1768,22,148,2391,162,724,4845,327,234,18,0,37,-4038,12,9177
2025/5/29,14:30,9154,786,2508,1988,24,149,2430,164,796,4207,289,266,21,0,28,-4200,8,9154
2025/5/29,15:00,8953,792,2798,2205,24,181,2399,163,807,3577,245,291,22,0,-8,-4288,12,8953
2025/5/29,15:30,9022,788,3344,2431,25,191,2346,159,794,2953,194,278,23,0,-5,-4296,14,9022
2025/5/29,16:00,8979,792,3794,2583,25,197,2277,155,778,2350,0,320,0,0,-42,-4266,16,8979
2025/5/29,16:30,8742,786,3820,2772,25,265,2247,153,767,1541,0,310,0,0,-35,-3916,7,8742
2025/5/29,17:00,8552,796,3808,2945,26,279,2235,154,757,844,0,323,0,0,-8,-3626,19,8552
2025/5/29,17:30,8488,788,4162,3051,26,287,2205,148,747,420,0,339,0,0,-2,-3698,15,8488
2025/5/29,18:00,8408,790,4132,3133,27,225,2158,147,738,170,0,336,0,0,-2,-3466,20,8408
2025/5/29,18:30,8493,790,4314,3206,28,195,2148,144,732,24,0,270,0,0,-2,-3372,16,8493
2025/5/29,19:00,8403,790,4402,3099,28,194,2139,148,735,0,0,258,0,0,-2,-3404,16,8403
2025/5/29,19:30,8231,794,4352,3064,28,191,2142,147,734,0,0,267,0,0,-2,-3498,12,8231
2025/5/29,20:00,8031,790,4226,3021,27,190,2139,146,735,0,0,267,0,0,-1,-3526,17,8031
2025/5/29,20:30,7867,790,4028,3075,26,192,2138,148,735,0,0,233,0,0,2,-3512,12,7867
2025/5/29,21:00,7649,790,3780,3086,25,191,2135,148,732,0,0,178,0,0,32,-3462,14,7649
2025/5/29,21:30,7367,794,3346,3097,24,190,2135,147,733,0,0,162,0,0,17,-3284,6,7367
2025/5/29,22:00,7302,786,3118,3088,23,189,2127,147,737,0,0,156,0,0,-1,-3082,14,7302
2025/5/29,22:30,7025,792,2598,2996,22,189,2128,146,739,0,0,144,0,0,-1,-2742,14,7025
2025/5/29,23:00,7020,790,2612,2948,22,184,2111,150,736,0,0,128,0,0,-1,-2666,6,7020
2025/5/29,23:30,6864,788,2580,2903,21,186,2119,146,739,0,0,118,0,0,-2,-2738,4,6864
2025/5/30,0:00,6736,792,2774,2786,21,186,2093,146,735,0,0,127,0,0,-1,-2926,3,6736
2025/5/30,0:30,6593,790,2676,2747,20,185,2104,148,734,0,0,120,0,0,-1,-2932,2,6593
2025/5/30,1:00,6594,790,2788,2764,20,185,2097,148,733,0,0,117,0,0,-2,-3048,2,6594
2025/5/30,1:30,6574,788,2690,2728,19,183,2091,148,733,0,0,124,0,0,-2,-2930,2,6574
2025/5/30,2:00,6698,792,2736,2740,20,186,2095,146,733,0,0,140,0,0,0,-2892,2,6698
2025/5/30,2:30,6750,786,2578,2795,20,186,2093,147,733,0,0,134,0,0,-2,-2722,2,6750
2025/5/30,3:00,6929,794,2652,2873,22,184,2098,147,736,0,0,111,0,0,-1,-2690,3,6929
2025/5/30,3:30,7040,792,2752,2886,22,185,2099,148,735,0,0,108,0,0,-1,-2688,2,7040
2025/5/30,4:00,7116,788,2972,2863,23,182,2090,147,735,2,0,138,0,0,0,-2826,2,7116
2025/5/30,4:30,7101,792,2858,2871,24,184,2086,147,735,50,0,149,0,0,-1,-2796,2,7101
2025/5/30,5:00,7146,790,2890,2907,25,187,2098,147,739,166,0,152,0,0,-1,-2956,2,7146
2025/5/30,5:30,7142,790,2824,2935,24,184,2118,149,743,335,0,138,0,0,-1,-3100,3,7142
2025/5/30,6:00,7111,788,2500,2994,24,177,2148,151,751,543,0,121,0,0,-2,-3090,6,7111
2025/5/30,6:30,7207,790,2378,3065,23,177,2184,152,760,768,0,105,0,0,-1,-3210,16,7207
2025/5/30,7:00,7338,792,2232,2976,23,175,2225,154,773,992,0,93,0,0,0,-3120,23,7338
2025/5/30,7:30,7628,790,2454,2913,24,175,2249,155,780,1203,0,70,0,0,-6,-3196,17,7628
2025/5/30,8:00,8094,790,2946,2965,25,179,2283,159,787,1455,0,53,0,0,2,-3564,14,8094
2025/5/30,8:30,8496,786,3078,2947,25,175,2297,157,791,1623,0,45,0,0,-2,-3438,12,8496
2025/5/30,9:00,8784,792,2976,2823,24,180,2322,160,793,1793,0,44,0,0,-2,-3136,15,8784
2025/5/30,9:30,8798,786,2830,2721,25,177,2347,161,800,1973,0,35,0,0,-2,-3074,19,8798
2025/5/30,10:00,8781,792,2748,2641,25,181,2355,163,805,2175,0,39,0,0,-1,-3158,16,8781
2025/5/30,10:30,8921,790,2984,2571,25,180,2379,163,807,2299,0,46,0,0,-1,-3336,14,8921
2025/5/30,11:00,8859,788,3062,2580,25,181,2375,161,808,2346,0,54,0,0,0,-3532,11,8859
2025/5/30,11:30,8857,790,3196,2580,25,183,2374,162,805,2369,0,48,0,0,-7,-3682,14,8857
2025/5/30,12:00,8499,790,3358,2556,23,183,2338,160,802,2281,0,45,0,0,-22,-4026,11,8499
2025/5/30,12:30,8320,786,3002,2545,23,183,2404,164,822,2448,0,53,0,0,-4,-4112,6,8320
2025/5/30,13:00,8803,790,3570,2656,24,186,2401,164,821,2257,0,60,0,0,-41,-4098,13,8803
2025/5/30,13:30,8834,790,3600,2706,25,192,2372,160,813,2066,0,65,0,0,-12,-3950,7,8834
2025/5/30,14:00,8838,790,3660,2794,25,195,2312,158,801,1790,0,70,0,0,-5,-3764,12,8838
2025/5/30,14:30,8748,788,3548,2937,25,190,2333,159,800,1568,0,76,0,0,-2,-3682,8,8748
2025/5/30,15:00,8636,792,3246,2949,24,192,2361,160,798,1369,0,95,0,0,2,-3366,14,8636
2025/5/30,15:30,8661,786,3512,2987,25,194,2278,155,781,1054,0,110,0,0,-3,-3232,14,8661
2025/5/30,16:00,8669,792,3514,3061,25,196,2230,152,772,809,0,118,0,0,-4,-3012,16,8669
2025/5/30,16:30,8580,790,3730,3143,25,191,2179,150,763,534,0,126,0,0,-5,-3060,14,8580
2025/5/30,17:00,8357,790,3620,3249,27,190,2156,151,754,326,0,135,0,0,-3,-3056,18,8357
2025/5/30,17:30,8351,790,3760,3346,26,189,2140,147,747,200,0,147,0,0,-1,-3156,16,8351
2025/5/30,18:00,8184,790,3588,3367,27,183,2121,147,738,88,0,160,0,0,-2,-3044,21,8184
2025/5/30,18:30,8280,794,3724,3387,28,187,2122,146,737,18,0,182,0,0,-1,-3064,20,8280
2025/5/30,19:00,8155,786,3634,3450,28,183,2125,148,734,0,0,186,0,0,-2,-3132,15,8155
2025/5/30,19:30,8040,794,3582,3454,27,181,2111,147,737,0,0,216,0,0,-2,-3220,13,8040
2025/5/30,20:00,7848,786,3128,3278,27,183,2109,145,733,0,0,258,0,0,-2,-2814,17,7848
2025/5/30,20:30,7670,792,3106,3157,26,183,2112,147,729,0,0,240,0,0,-1,-2834,13,7670
2025/5/30,21:00,7476,790,3130,3116,25,182,2107,148,732,0,0,250,0,0,0,-3018,14,7476
2025/5/30,21:30,7257,790,2838,3128,24,177,2104,147,730,0,0,264,0,0,-1,-2952,8,7257
2025/5/30,22:00,7182,792,2822,3139,23,180,2098,147,735,0,0,272,0,0,-1,-3036,11,7182
2025/5/30,22:30,7016,790,2628,3111,22,179,2089,148,732,0,0,301,0,0,-1,-2990,7,7016
2025/5/30,23:00,6930,788,2462,3078,22,181,2084,147,734,0,0,311,0,0,-2,-2890,15,6930
2025/5/30,23:30,6816,792,2224,3098,22,179,2085,146,734,0,0,335,0,0,-1,-2808,10,6816
2025/5/31,0:00,6593,792,1830,3117,21,180,2063,147,733,0,0,392,0,0,-1,-2684,3,6593
2025/5/31,0:30,6487,788,1720,3129,20,181,2075,148,734,0,0,424,0,0,-1,-2734,3,6487
2025/5/31,1:00,6444,792,1782,3158,20,175,2078,146,733,0,0,437,0,1,-1,-2880,3,6444
2025/5/31,1:30,6458,788,1840,3160,20,175,2080,149,733,0,0,435,0,2,-7,-2920,3,6458
2025/5/31,2:00,6524,794,1720,3184,20,176,2082,147,734,0,0,479,0,2,-1,-2816,3,6524
2025/5/31,2:30,6648,786,1742,3186,21,176,2081,145,730,0,0,521,0,2,-3,-2742,3,6648
2025/5/31,3:00,6773,788,1684,3174,22,178,2084,149,731,0,0,517,0,2,-1,-2558,3,6773
2025/5/31,3:30,6839,790,1728,3176,22,178,2079,145,730,0,0,526,0,2,-2,-2538,3,6839
2025/5/31,4:00,6912,792,1872,3184,23,175,2074,147,733,2,0,611,0,2,-1,-2704,2,6912
2025/5/31,4:30,6941,790,1860,3172,23,178,2064,148,730,45,0,681,0,2,-2,-2752,2,6941
2025/5/31,5:00,6853,788,1664,3155,23,179,2058,144,727,133,0,736,0,2,-1,-2758,3,6853
2025/5/31,5:30,6803,792,1796,3014,23,179,2064,148,728,280,0,753,0,2,-1,-2978,3,6803
2025/5/31,6:00,6635,790,1870,2834,22,171,2069,145,732,463,0,796,0,2,-3,-3262,6,6635
2025/5/31,6:30,6637,786,1758,2727,22,169,2074,146,732,645,0,839,0,2,-1,-3274,12,6637
2025/5/31,7:00,6729,796,1766,2617,20,169,2079,149,732,804,0,873,0,2,-2,-3298,22,6729
2025/5/31,7:30,6884,786,1708,2637,21,177,2072,145,733,950,0,943,0,2,2,-3310,18,6884
2025/5/31,8:00,7135,792,2230,2645,21,176,2039,147,731,1090,0,958,0,2,40,-3754,18,7135
2025/5/31,8:30,7361,788,2406,2661,21,177,2049,149,731,1253,0,987,0,2,19,-3896,14,7361
2025/5/31,9:00,7521,786,2316,2651,21,182,2053,147,731,1381,0,1160,0,2,-1,-3924,16,7521
2025/5/31,9:30,7555,790,2196,2630,21,180,2074,149,732,1502,0,1205,0,2,0,-3944,18,7555
2025/5/31,10:00,7573,790,2160,2579,21,184,2087,147,735,1593,0,1216,0,2,-4,-3954,17,7573
2025/5/31,10:30,7592,792,2252,2533,21,183,2079,151,735,1588,0,1231,0,2,-1,-3988,14,7592
2025/5/31,11:00,7610,788,2322,2411,21,182,2102,149,740,1595,0,1223,0,2,-2,-3938,15,7610
2025/5/31,11:30,7614,786,2370,2454,22,183,2098,149,741,1519,0,1166,0,2,-1,-3890,15,7614
2025/5/31,12:00,7421,790,2180,2538,21,186,2119,152,745,1509,0,1121,0,2,-29,-3926,13,7421
2025/5/31,12:30,7312,786,1920,2516,23,185,2140,149,753,1556,0,1219,0,2,-34,-3914,11,7312
2025/5/31,13:00,7503,794,2154,2499,23,183,2157,151,752,1438,0,1204,0,2,-19,-3848,13,7503
2025/5/31,13:30,7511,788,2528,2524,23,181,2120,149,743,1086,0,1231,0,2,0,-3872,8,7511
2025/5/31,14:00,7520,790,2682,2723,23,180,2085,148,735,741,0,1253,0,2,-4,-3850,12,7520
2025/5/31,14:30,7453,790,2522,2886,24,181,2064,146,727,561,0,1276,0,2,-2,-3732,8,7453
2025/5/31,15:00,7434,788,2524,2908,24,191,2052,144,722,425,0,1315,0,2,1,-3674,12,7434
2025/5/31,15:30,7510,790,2612,3035,23,192,2045,145,717,323,0,1257,0,2,-2,-3642,13,7510
2025/5/31,16:00,7518,788,2390,3139,24,193,2104,146,714,311,0,1223,0,2,-4,-3528,16,7518
2025/5/31,16:30,7631,794,2416,3259,25,192,2125,144,718,262,0,1233,0,2,0,-3546,7,7631
2025/5/31,17:00,7624,788,2434,3347,25,192,2139,146,721,195,0,1211,0,2,0,-3592,16,7624
2025/5/31,17:30,7629,788,2496,3322,26,190,2129,145,721,133,0,1186,0,2,-2,-3522,15,7629
2025/5/31,18:00,7653,790,2592,3318,25,187,2108,145,723,61,0,1231,0,2,-1,-3548,20,7653
2025/5/31,18:30,7676,788,2712,3324,26,187,2123,147,723,11,0,1230,0,2,-1,-3612,16,7676
2025/5/31,19:00,7583,788,2606,3322,26,189,2145,145,726,0,0,1221,0,2,-2,-3600,15,7583
2025/5/31,19:30,7503,794,2720,3265,25,189,2136,147,727,0,0,1211,0,2,-1,-3724,12,7503
2025/5/31,20:00,7312,788,2652,3166,24,191,2135,143,729,0,0,1212,0,2,-1,-3744,15,7312
2025/5/31,20:30,7166,788,2644,3000,24,192,2120,147,730,0,0,1204,0,2,-1,-3698,14,7166
2025/5/31,21:00,6970,790,2702,2798,23,192,2115,147,727,0,0,1256,0,2,-1,-3794,13,6970
2025/5/31,21:30,6783,790,2582,2646,22,186,2115,144,729,0,0,1303,0,2,-2,-3740,6,6783
2025/5/31,22:00,6675,788,2164,2428,21,190,2127,148,732,0,0,1237,0,2,-1,-3176,15,6675
2025/5/31,22:30,6520,790,2146,2327,20,195,2124,146,735,0,0,1181,0,2,-2,-3156,12,6520
2025/5/31,23:00,6493,788,2224,2301,21,193,2121,146,733,0,0,1131,0,2,-1,-3172,6,6493
2025/5/31,23:30,6299,790,2006,2353,20,194,2123,147,728,0,0,1050,0,2,-2,-3116,4,6299
