単位[MW平均],,,供給力,,,,,,,,,,,,,,,,
DATE,TIME,エリア需要,原子力,火力(LNG),火力(石炭),火力(石油),火力(その他),水力,地熱,バイオマス,太陽光発電実績,太陽光出力制御量,風力発電実績,風力出力制御量,揚水,蓄電池,連系線,その他,合計
2025/8/1,0:00,8000,788,3438,5243,30,277,703,104,600,0,0,465,0,2,-3,-3650,3,8000
2025/8/1,0:30,7788,786,3506,5124,29,276,690,102,601,0,0,488,0,2,-3,-3816,3,7788
2025/8/1,1:00,7626,784,3388,5119,27,279,690,104,602,0,0,479,0,2,-3,-3848,3,7626
2025/8/1,1:30,7497,784,3126,5112,27,279,695,105,605,0,0,481,0,2,-2,-3720,3,7497
2025/8/1,2:00,7460,788,3280,5109,27,275,688,104,606,0,0,479,0,2,-3,-3898,3,7460
2025/8/1,2:30,7474,788,3390,5091,26,278,682,105,604,0,0,478,0,2,-1,-3972,3,7474
2025/8/1,3:00,7524,784,3208,5097,27,278,685,102,604,0,0,438,0,2,-2,-3702,3,7524
2025/8/1,3:30,7430,788,2866,4982,26,278,683,104,605,0,0,368,0,2,-1,-3274,3,7430
2025/8/1,4:00,7582,786,2928,5025,27,277,676,105,603,0,0,327,0,2,-1,-3176,3,7582
2025/8/1,4:30,7687,788,2852,4986,28,280,671,103,605,18,0,300,0,2,-1,-2948,3,7687
2025/8/1,5:00,7761,786,2882,4959,29,279,679,106,604,190,0,282,0,2,-2,-3038,3,7761
2025/8/1,5:30,7848,786,2728,5058,29,278,707,105,616,518,0,237,0,2,-1,-3218,3,7848
2025/8/1,6:00,8008,790,2628,5256,31,281,731,106,621,1058,0,238,0,2,-3,-3734,3,8008
2025/8/1,6:30,8363,784,2580,5262,31,279,745,109,620,1695,0,236,0,2,-1,-3988,9,8363
2025/8/1,7:00,8833,790,2630,5229,33,281,810,111,633,2407,0,247,0,2,-1,-4352,13,8833
2025/8/1,7:30,9537,784,2888,5269,35,280,842,113,645,3043,0,261,0,2,-19,-4616,10,9537
2025/8/1,8:00,10411,784,3506,5328,37,279,918,117,659,3465,0,295,0,2,4,-4992,9,10411
2025/8/1,8:30,11238,786,4184,5377,40,275,948,119,661,3714,0,319,0,2,-3,-5192,8,11238
2025/8/1,9:00,11705,780,4204,5390,41,278,1015,121,672,4022,0,275,0,2,-4,-5100,9,11705
2025/8/1,9:30,12012,788,4222,5372,41,277,1063,122,692,4315,0,218,0,2,-6,-5104,10,12012
2025/8/1,10:00,12133,782,4066,5385,42,280,1043,123,683,4603,0,218,0,1,-7,-5094,8,12133
2025/8/1,10:30,12399,784,4206,5510,42,276,1050,122,699,4739,0,254,0,0,-15,-5278,10,12399
2025/8/1,11:00,12469,786,4298,5550,43,281,1027,119,699,4843,0,281,0,1,-16,-5450,7,12469
2025/8/1,11:30,12592,786,4360,5421,43,283,1013,118,693,5026,0,298,0,1,-19,-5440,9,12592
2025/8/1,12:00,12283,782,4262,5245,44,280,1059,118,692,4976,0,326,0,0,-53,-5456,8,12283
2025/8/1,12:30,12342,784,4284,5472,44,291,1063,118,688,4785,0,334,0,1,-59,-5472,9,12342
2025/8/1,13:00,12732,784,4772,5588,44,369,1087,116,686,4352,0,363,0,1,-16,-5424,10,12732
2025/8/1,13:30,12797,784,5182,5741,44,371,1117,120,700,3870,0,358,0,0,3,-5500,7,12797
2025/8/1,14:00,12844,788,5324,5778,44,374,1072,116,679,3489,0,333,0,1,-6,-5156,8,12844
2025/8/1,14:30,12758,778,5570,5781,45,376,1038,112,669,2996,0,333,0,1,-1,-4952,12,12758
2025/8/1,15:00,12688,784,5626,5778,45,377,1040,110,654,2411,0,356,0,0,-5,-4500,12,12688
2025/8/1,15:30,12528,786,5632,5824,45,384,1007,107,626,1804,0,352,0,1,0,-4052,12,12528
2025/8/1,16:00,12560,784,5676,5835,45,391,1030,106,606,1328,0,344,0,1,12,-3608,10,12560
2025/8/1,16:30,12253,788,5484,5842,45,395,1034,109,606,940,0,331,0,0,14,-3344,9,12253
2025/8/1,17:00,11846,782,5026,5852,44,395,1043,108,601,574,0,325,0,1,16,-2934,13,11846
2025/8/1,17:30,11647,790,5156,5860,44,391,1039,110,602,294,0,332,0,1,12,-2996,12,11647
2025/8/1,18:00,11302,786,5458,5911,44,396,1027,106,595,111,0,343,0,0,17,-3504,12,11302
2025/8/1,18:30,11334,786,5724,5994,43,386,1037,108,599,8,0,387,0,1,50,-3800,11,11334
2025/8/1,19:00,11095,788,5808,5977,43,378,1032,110,600,0,0,427,0,1,40,-4120,11,11095
2025/8/1,19:30,10839,786,5576,5944,42,381,1040,106,613,0,0,437,0,0,-1,-4092,7,10839
2025/8/1,20:00,10442,786,5990,5966,40,377,952,106,611,0,0,434,0,1,-1,-4828,8,10442
2025/8/1,20:30,10272,784,6032,5966,40,377,933,109,617,0,0,433,0,1,-1,-5028,9,10272
2025/8/1,21:00,9903,786,5848,5976,38,373,868,107,615,0,0,405,0,0,-1,-5122,10,9903
2025/8/1,21:30,9618,786,5732,5948,36,292,857,108,620,0,0,395,0,1,-2,-5160,5,9618
2025/8/1,22:00,9353,784,5356,5804,34,278,829,108,626,0,0,377,0,2,-1,-4854,10,9353
2025/8/1,22:30,9018,788,4940,5655,33,281,826,108,629,0,0,401,0,2,-2,-4652,9,9018
2025/8/1,23:00,8773,784,4236,5439,32,283,825,110,637,0,0,347,0,2,-2,-3928,8,8773
2025/8/1,23:30,8453,786,3768,5327,31,281,825,105,643,0,0,317,0,2,-1,-3634,3,8453
2025/8/2,0:00,8249,786,3422,5161,30,332,748,110,650,0,0,327,0,2,-2,-3320,3,8249
2025/8/2,0:30,7961,782,3104,5149,29,282,747,108,657,0,0,305,0,2,-3,-3204,3,7961
2025/8/2,1:00,7837,790,2786,5242,28,272,746,106,656,0,0,317,0,2,-3,-3108,3,7837
2025/8/2,1:30,7689,786,2682,5122,28,270,744,109,659,0,0,334,0,2,-2,-3048,3,7689
2025/8/2,2:00,7640,782,2742,5145,27,275,753,108,657,0,0,302,0,2,-2,-3154,3,7640
2025/8/2,2:30,7679,790,2612,5297,27,273,754,108,656,0,0,303,0,2,-2,-3144,3,7679
2025/8/2,3:00,7691,784,2820,5474,27,274,751,105,654,0,0,295,0,2,-2,-3496,3,7691
2025/8/2,3:30,7693,788,2836,5512,27,271,752,107,654,0,0,264,0,2,-1,-3522,3,7693
2025/8/2,4:00,7760,786,2792,5517,27,275,759,109,656,0,0,285,0,2,-1,-3450,3,7760
2025/8/2,4:30,7818,784,2828,5518,28,277,760,107,657,10,0,265,0,2,-1,-3420,3,7818
2025/8/2,5:00,7845,786,2838,5522,29,274,751,108,651,101,0,249,0,2,-1,-3468,3,7845
2025/8/2,5:30,7870,790,2730,5551,30,277,765,106,658,288,0,258,0,2,-1,-3588,4,7870
2025/8/2,6:00,7928,784,2520,5743,31,274,758,108,658,619,0,220,0,2,-5,-3788,4,7928
2025/8/2,6:30,8285,784,2632,5876,31,276,796,109,661,977,0,219,0,2,1,-4088,9,8285
2025/8/2,7:00,8567,784,2400,6079,32,273,802,109,672,1424,0,196,0,2,-5,-4214,13,8567
2025/8/2,7:30,8863,788,2074,5987,35,275,839,114,677,1993,0,167,0,2,-19,-4080,11,8863
2025/8/2,8:00,9456,782,2414,6098,37,277,891,118,698,2677,0,136,0,2,-6,-4678,10,9456
2025/8/2,8:30,10049,786,2358,6232,39,277,923,121,710,3358,0,125,0,2,-14,-4876,8,10049
2025/8/2,9:00,10454,784,2640,5952,41,275,912,121,729,4029,0,123,0,2,-16,-5150,12,10454
2025/8/2,9:30,10768,784,2724,5782,41,276,911,123,741,4566,0,138,0,2,-13,-5318,11,10768
2025/8/2,10:00,10877,788,2600,5779,41,274,870,118,722,4979,0,143,0,1,-18,-5436,16,10877
2025/8/2,10:30,11084,784,2350,5783,42,276,832,114,703,5443,0,155,0,0,-22,-5388,12,11084
2025/8/2,11:00,11251,788,2538,5423,43,277,826,113,694,5755,0,192,0,0,-15,-5394,11,11251
2025/8/2,11:30,11348,786,2608,5467,43,274,824,112,691,5752,0,279,0,0,-15,-5484,11,11348
2025/8/2,12:00,11349,784,2904,5119,44,276,844,108,687,5653,0,369,0,0,-53,-5402,16,11349
2025/8/2,12:30,11327,784,3198,4754,43,276,871,113,699,5662,0,409,0,0,-36,-5458,12,11327
2025/8/2,13:00,11438,784,3222,5016,44,275,894,115,696,5340,0,428,0,0,-10,-5382,16,11438
2025/8/2,13:30,11478,788,3574,5095,44,283,949,114,709,4836,0,451,0,1,-3,-5376,13,11478
2025/8/2,14:00,11441,786,3478,5455,44,288,967,115,702,4476,0,464,0,0,3,-5348,11,11441
2025/8/2,14:30,11385,784,4132,5627,45,306,943,111,685,3567,0,457,0,0,-8,-5278,14,11385
2025/8/2,15:00,11233,782,4160,5634,44,390,957,109,677,2901,0,469,0,0,-2,-4900,12,11233
2025/8/2,15:30,11066,788,4358,5622,44,438,943,108,678,2274,0,458,0,0,4,-4664,15,11066
2025/8/2,16:00,11006,782,4358,5799,44,445,995,110,678,1669,0,426,0,0,-1,-4312,13,11006
2025/8/2,16:30,10876,788,4448,5999,44,434,998,110,678,1119,0,379,0,0,1,-4136,14,10876
2025/8/2,17:00,10671,784,4424,6113,44,434,1014,109,684,721,0,323,0,0,12,-4006,15,10671
2025/8/2,17:30,10539,784,4446,6312,43,437,1021,108,681,408,0,293,0,0,16,-4024,14,10539
2025/8/2,18:00,10428,786,4510,6360,44,435,1052,109,670,167,0,250,0,0,50,-4020,15,10428
2025/8/2,18:30,10335,786,4674,6444,43,438,1052,106,669,13,0,207,0,0,42,-4150,11,10335
2025/8/2,19:00,10192,784,4592,6477,42,437,1069,108,670,0,0,196,0,0,12,-4204,9,10192
2025/8/2,19:30,9973,788,4720,6400,42,439,1048,110,672,0,0,162,0,0,13,-4428,7,9973
2025/8/2,20:00,9662,784,4752,6428,41,437,924,106,670,0,0,133,0,0,13,-4638,12,9662
2025/8/2,20:30,9449,786,4678,6371,39,440,918,107,668,0,0,136,0,0,0,-4704,10,9449
2025/8/2,21:00,9174,786,4616,6286,38,438,871,109,670,0,0,133,0,0,0,-4790,17,9174
2025/8/2,21:30,9006,780,4626,6308,36,414,856,108,667,0,0,124,0,0,-2,-4926,15,9006
2025/8/2,22:00,8812,788,4642,6275,34,354,810,110,671,0,0,101,0,1,-1,-4992,19,8812
2025/8/2,22:30,8486,784,4332,6119,33,290,800,106,671,0,0,98,0,2,-2,-4766,19,8486
2025/8/2,23:00,8297,786,3974,5896,32,287,787,108,676,0,0,93,0,2,-2,-4352,10,8297
2025/8/2,23:30,8036,788,3414,5876,31,336,779,109,675,0,0,89,0,2,-2,-4064,3,8036
2025/8/3,0:00,7797,786,3120,5845,30,338,766,106,678,0,0,80,0,2,-3,-3954,3,7797
2025/8/3,0:30,7561,782,2830,5864,28,339,757,110,675,0,0,60,0,2,-3,-3886,3,7561
2025/8/3,1:00,7462,790,2912,5866,28,334,761,109,676,0,0,52,0,2,-2,-4070,4,7462
2025/8/3,1:30,7202,782,2582,5817,27,282,756,109,678,0,0,55,0,2,-3,-3888,3,7202
2025/8/3,2:00,7262,786,2504,5865,27,280,762,107,681,0,0,57,0,2,-3,-3810,4,7262
2025/8/3,2:30,7206,784,2346,5837,27,276,755,108,678,0,0,59,0,2,-2,-3668,4,7206
2025/8/3,3:00,7310,788,2358,5779,26,278,756,110,675,0,0,55,0,2,-1,-3520,4,7310
2025/8/3,3:30,7230,782,2312,5633,27,279,754,109,679,0,0,71,0,2,-2,-3420,4,7230
2025/8/3,4:00,7323,786,2352,5807,27,279,760,106,679,0,0,61,0,2,-2,-3538,4,7323
2025/8/3,4:30,7401,788,2448,5876,28,281,761,107,676,17,0,50,0,2,-1,-3636,4,7401
2025/8/3,5:00,7317,784,2638,5917,28,279,760,108,673,175,0,45,0,2,-18,-4078,4,7317
2025/8/3,5:30,7490,786,3042,5950,29,281,779,107,678,515,0,38,0,2,-1,-4720,4,7490
2025/8/3,6:00,7359,780,2494,5773,29,276,776,109,677,1167,0,27,0,2,5,-4760,4,7359
2025/8/3,6:30,7711,792,2204,5723,30,272,802,111,686,2015,0,23,0,2,-9,-4950,10,7711
2025/8/3,7:00,8006,784,1878,5604,31,242,835,113,702,2896,0,22,0,2,-4,-5112,13,8006
2025/8/3,7:30,8472,784,1616,5579,33,204,878,116,719,3813,0,23,0,2,-11,-5298,14,8472
2025/8/3,8:00,8966,788,1880,5312,35,199,896,120,725,4680,0,22,0,2,-2,-5702,11,8966
2025/8/3,8:30,9485,786,1830,5273,36,198,920,122,733,5342,0,22,0,2,12,-5800,9,9485
2025/8/3,9:00,9856,784,1766,5282,37,202,925,123,733,5815,0,20,0,2,-3,-5842,12,9856
2025/8/3,9:30,10169,786,1700,5316,37,198,921,120,728,6175,0,17,0,2,-15,-5830,14,10169
2025/8/3,10:00,10374,782,1652,5379,38,202,892,118,718,6421,0,23,0,1,-17,-5850,15,10374
2025/8/3,10:30,10513,784,1702,5443,38,200,874,117,708,6460,0,32,0,0,-16,-5842,13,10513
2025/8/3,11:00,10591,790,1628,5552,38,202,876,115,703,6476,0,44,0,0,-16,-5832,15,10591
2025/8/3,11:30,10810,788,1656,5652,39,200,839,113,691,6619,0,54,0,0,-20,-5834,13,10810
2025/8/3,12:00,10861,780,1788,5684,39,204,861,114,693,6509,0,61,0,0,-54,-5832,14,10861
2025/8/3,12:30,10896,786,1778,5699,39,203,897,113,704,6397,0,80,0,0,-52,-5760,12,10896
2025/8/3,13:00,10901,786,1870,5850,39,205,922,118,712,6121,0,85,0,0,-21,-5802,16,10901
2025/8/3,13:30,10857,780,2086,5832,40,205,949,120,723,5822,0,96,0,0,-2,-5806,12,10857
2025/8/3,14:00,10915,790,2374,5654,40,248,1004,122,729,5409,0,107,0,0,-1,-5574,13,10915
2025/8/3,14:30,10850,782,2940,5703,39,276,1009,120,726,4697,0,125,0,0,2,-5584,15,10850
2025/8/3,15:00,10824,786,3750,6002,39,292,1010,118,714,3978,0,153,0,0,-10,-6022,14,10824
2025/8/3,15:30,10788,786,4032,6424,39,372,960,113,697,3231,0,177,0,0,4,-6062,15,10788
2025/8/3,16:00,10801,782,4422,6555,39,384,944,108,678,2531,0,194,0,0,-4,-5846,14,10801
2025/8/3,16:30,10748,786,4890,6645,39,385,909,107,662,1677,0,193,0,0,3,-5560,12,10748
2025/8/3,17:00,10762,786,5262,6669,40,387,908,106,658,976,0,190,0,0,9,-5244,15,10762
2025/8/3,17:30,10587,784,5218,6676,41,389,924,106,669,456,0,185,0,0,17,-4892,14,10587
2025/8/3,18:00,10533,784,5276,6679,41,389,978,105,668,149,0,147,0,0,14,-4712,15,10533
2025/8/3,18:30,10496,786,5454,6689,41,391,994,107,669,6,0,125,0,0,15,-4792,11,10496
2025/8/3,19:00,10315,786,5352,6689,40,383,981,107,671,0,0,114,0,0,50,-4868,10,10315
2025/8/3,19:30,10155,784,5352,6681,39,394,980,104,673,0,0,110,0,0,41,-5010,7,10155
2025/8/3,20:00,9882,788,5672,6559,37,390,876,107,672,0,0,93,0,0,13,-5336,11,9882
2025/8/3,20:30,9654,786,5610,6518,37,391,879,106,670,0,0,81,0,0,1,-5436,11,9654
2025/8/3,21:00,9374,782,5630,6511,34,393,854,104,671,0,0,61,0,0,-2,-5682,18,9374
2025/8/3,21:30,9054,788,5458,6507,33,368,867,107,671,0,0,56,0,0,-2,-5814,15,9054
2025/8/3,22:00,8893,782,5036,6317,31,348,813,108,671,0,0,35,0,2,-2,-5268,20,8893
2025/8/3,22:30,8500,790,4436,6153,30,347,814,107,672,0,0,33,0,2,-2,-4902,20,8500
2025/8/3,23:00,8405,786,4228,6063,30,341,781,106,674,0,0,52,0,2,-2,-4666,10,8405
2025/8/3,23:30,8024,782,3698,5880,29,341,774,106,670,0,0,62,0,2,-2,-4322,4,8024
2025/8/4,0:00,7814,786,3120,5719,28,288,731,107,673,0,0,60,0,1,-3,-3700,4,7814
2025/8/4,0:30,7671,786,3162,5701,26,285,726,108,673,0,0,60,0,1,-2,-3858,3,7671
2025/8/4,1:00,7486,788,2984,5707,26,279,725,106,673,0,0,70,0,1,-3,-3874,4,7486
2025/8/4,1:30,7387,784,3030,5599,25,277,717,108,673,0,0,66,0,1,-3,-3894,4,7387
2025/8/4,2:00,7386,786,3126,5567,25,283,724,108,677,0,0,67,0,1,-2,-3980,4,7386
2025/8/4,2:30,7353,784,3134,5519,25,285,718,106,676,0,0,64,0,1,-1,-3962,4,7353
2025/8/4,3:00,7451,786,2800,5611,25,283,714,106,675,0,0,67,0,2,-2,-3620,4,7451
2025/8/4,3:30,7414,784,2602,5618,25,284,715,108,676,0,0,65,0,2,-1,-3468,4,7414
2025/8/4,4:00,7587,782,2692,5627,25,284,712,108,676,0,0,77,0,2,-2,-3400,4,7587
2025/8/4,4:30,7672,790,2812,5603,27,287,713,105,674,14,0,91,0,2,-2,-3448,4,7672
2025/8/4,5:00,7806,784,2988,5651,28,282,708,106,675,162,0,96,0,2,-2,-3678,4,7806
2025/8/4,5:30,7956,786,2960,5711,28,284,726,109,684,430,0,107,0,2,-1,-3874,4,7956
2025/8/4,6:00,8184,786,3074,5779,28,288,750,109,680,779,0,95,0,2,-2,-4188,4,8184
2025/8/4,6:30,8548,786,2668,6004,30,285,770,107,684,1175,0,95,0,2,-4,-4064,10,8548
2025/8/4,7:00,9219,782,2782,6148,32,286,782,109,681,1596,0,88,0,2,-15,-4070,16,9219
2025/8/4,7:30,10020,788,3168,6329,34,284,818,111,690,2002,0,98,0,2,-22,-4294,12,10020
2025/8/4,8:00,10963,780,3906,6278,38,294,910,112,700,2529,0,100,0,2,-3,-4694,11,10963
2025/8/4,8:30,11767,788,3988,6119,41,379,940,113,704,3186,0,118,0,1,12,-4630,8,11767
2025/8/4,9:00,12339,784,4542,6053,42,382,978,117,707,3798,0,111,0,0,-3,-5182,10,12339
2025/8/4,9:30,12725,784,5062,5770,43,381,982,117,709,4320,0,95,0,0,1,-5550,11,12725
2025/8/4,10:00,12861,786,4970,6002,44,293,962,112,700,4611,0,91,0,0,-19,-5704,13,12861
2025/8/4,10:30,12987,784,4536,6122,44,300,968,114,699,4930,0,100,0,0,-15,-5606,11,12987
2025/8/4,11:00,13116,790,4712,6140,45,379,993,115,700,5101,0,120,0,1,-15,-5978,13,13116
2025/8/4,11:30,13227,786,4628,6197,46,388,998,114,704,5182,0,135,0,0,-20,-5942,11,13227
2025/8/4,12:00,12969,786,4594,6195,46,300,1000,115,700,5140,0,128,0,0,-14,-6034,13,12969
2025/8/4,12:30,12957,784,4734,6179,46,292,1019,115,703,4956,0,138,0,0,-14,-6006,11,12957
2025/8/4,13:00,13347,782,5184,6192,46,382,1077,116,710,4678,0,140,0,0,-4,-5970,14,13347
2025/8/4,13:30,13458,788,5440,6259,47,421,1072,117,712,4366,0,162,0,1,-3,-5936,12,13458
2025/8/4,14:00,13462,786,5190,6289,48,432,1057,116,706,4074,0,152,0,1,-2,-5400,13,13462
2025/8/4,14:30,13424,784,5690,6290,48,436,1034,114,697,3642,0,125,0,0,0,-5448,12,13424
2025/8/4,15:00,13307,784,5686,6301,48,450,1033,110,682,3095,0,99,0,0,-4,-4988,11,13307
2025/8/4,15:30,13225,784,5992,6291,47,449,1020,109,676,2527,0,83,0,1,6,-4774,14,13225
2025/8/4,16:00,13243,784,6280,6362,48,452,1079,107,672,1898,0,62,0,0,14,-4526,11,13243
2025/8/4,16:30,12963,790,6128,6579,47,451,1065,105,664,1242,0,45,0,140,14,-4318,11,12963
2025/8/4,17:00,12553,786,5976,6576,46,448,1051,105,653,607,0,25,0,140,14,-3888,14,12553
2025/8/4,17:30,12365,784,6120,6581,46,442,1055,106,658,288,0,32,0,144,14,-3918,13,12365
2025/8/4,18:00,12049,788,6130,6569,46,442,1063,104,663,104,0,33,0,140,14,-4060,13,12049
2025/8/4,18:30,12097,784,6412,6575,46,446,1079,106,664,3,0,29,0,144,-14,-4188,11,12097
2025/8/4,19:00,11735,788,6316,6580,45,443,1073,107,667,0,0,23,0,140,-26,-4434,13,11735
2025/8/4,19:30,11443,786,6298,6555,43,448,1080,106,664,0,0,33,0,2,-13,-4570,11,11443
2025/8/4,20:00,10983,788,6186,6522,41,449,1031,106,669,0,0,43,0,0,2,-4864,10,10983
2025/8/4,20:30,10857,786,6358,6433,40,451,1002,107,671,0,0,49,0,0,35,-5084,9,10857
2025/8/4,21:00,10345,784,6090,6416,39,449,939,107,667,0,0,62,0,0,36,-5252,8,10345
2025/8/4,21:30,10067,790,5992,6381,37,432,942,106,671,0,0,65,0,1,0,-5354,4,10067
2025/8/4,22:00,9832,786,5808,6255,35,374,915,106,667,0,0,80,0,2,8,-5214,10,9832
2025/8/4,22:30,9425,788,5362,6075,33,345,868,109,671,0,0,102,0,2,-2,-4938,10,9425
2025/8/4,23:00,9306,782,5056,5965,32,346,812,109,669,0,0,121,0,2,-1,-4592,5,9306
2025/8/4,23:30,8864,790,4074,5948,31,301,791,106,671,0,0,139,0,2,-10,-3982,3,8864
2025/8/5,0:00,8664,790,4024,5956,30,345,740,108,673,0,0,141,0,0,-2,-4144,3,8664
2025/8/5,0:30,8461,780,4224,5960,28,340,736,107,669,0,0,139,0,-206,-3,-4316,3,8461
2025/8/5,1:00,8237,788,4026,5954,27,289,734,109,670,0,0,154,0,-220,-3,-4294,3,8237
2025/8/5,1:30,8085,788,3654,5959,27,280,738,106,672,0,0,171,0,-220,-3,-4090,3,8085
2025/8/5,2:00,8029,786,3568,5956,27,280,735,108,674,0,0,258,0,-220,-2,-4144,3,8029
2025/8/5,2:30,8070,788,3544,5938,27,280,736,108,673,0,0,369,0,-218,-1,-4178,4,8070
2025/8/5,3:00,8142,784,4120,5467,27,279,751,107,675,0,0,385,0,-220,-1,-4236,4,8142
2025/8/5,3:30,8039,786,3786,5442,28,282,758,106,677,0,0,504,0,-218,-1,-4114,3,8039
2025/8/5,4:00,8200,786,3914,5449,28,279,762,108,675,0,0,541,0,-220,-1,-4124,3,8200
2025/8/5,4:30,8314,790,4022,5450,30,284,755,107,672,6,0,597,0,-218,-2,-4182,3,8314
2025/8/5,5:00,8369,780,4386,5474,31,282,755,107,673,103,0,633,0,-218,-1,-4640,4,8369
2025/8/5,5:30,8465,790,4310,5501,32,280,771,105,675,300,0,547,0,-218,-2,-4630,4,8465
2025/8/5,6:00,8550,784,4084,5517,34,283,798,108,681,703,0,473,0,-220,-9,-4690,4,8550
2025/8/5,6:30,9040,786,4146,5435,34,283,815,108,682,1176,0,551,0,-218,-1,-4766,9,9040
2025/8/5,7:00,9487,784,4248,5493,35,281,806,110,690,1653,0,565,0,-218,-14,-4960,14,9487
2025/8/5,7:30,10105,784,4364,5460,37,286,834,108,696,2304,0,470,0,-218,-12,-5018,10,10105
2025/8/5,8:00,11001,784,4714,5263,40,284,871,113,705,2971,0,435,0,-216,-3,-4970,10,11001
2025/8/5,8:30,11934,788,5118,5285,42,293,933,116,727,3308,0,464,0,2,-6,-5144,8,11934
2025/8/5,9:00,12419,782,5190,5328,43,380,984,118,732,3489,0,524,0,2,-4,-5158,9,12419
2025/8/5,9:30,12714,784,4924,5284,42,290,1026,119,729,4025,0,479,0,2,3,-5004,11,12714
2025/8/5,10:00,12776,786,5274,5280,42,285,1007,116,712,4010,0,459,0,2,-15,-5190,8,12776
2025/8/5,10:30,12858,782,5238,5278,42,290,1031,116,709,4000,0,467,0,2,-23,-5084,10,12858
2025/8/5,11:00,12925,788,5488,5268,41,378,1091,114,718,3955,0,459,0,2,-11,-5374,8,12925
2025/8/5,11:30,12897,780,5674,5256,41,388,1078,112,702,3712,0,527,0,2,-22,-5364,11,12897
2025/8/5,12:00,12439,784,5386,5266,40,323,1126,114,708,3412,0,542,0,1,-60,-5212,9,12439
2025/8/5,12:30,12744,786,4400,5229,39,386,1217,117,728,4625,0,536,0,0,-50,-5278,9,12744
2025/8/5,13:00,12808,784,4602,5292,39,390,1221,116,715,4407,0,511,0,1,-3,-5276,9,12808
2025/8/5,13:30,12920,784,4946,5254,39,430,1262,119,724,4073,0,483,0,0,3,-5204,7,12920
2025/8/5,14:00,12918,782,5350,5320,39,435,1261,115,722,3616,0,508,0,0,-7,-5232,9,12918
2025/8/5,14:30,12876,784,5478,5351,38,446,1271,118,720,3382,0,506,0,0,1,-5232,13,12876
2025/8/5,15:00,12709,782,5794,5501,39,448,1343,115,704,2836,0,486,0,0,-6,-5342,9,12709
2025/8/5,15:30,12849,790,6306,5628,39,454,1349,112,689,2287,0,459,0,202,4,-5480,10,12849
2025/8/5,16:00,12677,780,6562,5878,39,478,1353,108,679,1614,0,362,0,228,12,-5426,10,12677
2025/8/5,16:30,12584,786,6587,5938,38,489,1367,109,677,1342,0,352,0,230,50,-5394,13,12584
2025/8/5,17:00,12106,784,6440,5924,38,502,1355,108,671,793,0,362,0,228,11,-5122,12,12106
2025/8/5,17:30,11850,786,6625,5928,38,508,1361,106,672,410,0,368,0,228,-14,-5176,10,11850
2025/8/5,18:00,11747,788,6775,5927,37,495,1328,107,667,125,0,379,0,228,22,-5144,13,11747
2025/8/5,18:30,11621,784,6743,5916,37,474,1337,107,661,3,0,378,0,232,50,-5112,11,11621
2025/8/5,19:00,11383,784,6542,5911,37,461,1329,106,659,0,0,392,0,226,22,-5098,12,11383
2025/8/5,19:30,11163,786,6616,5913,36,462,1317,103,656,0,0,383,0,228,1,-5346,8,11163
2025/8/5,20:00,10775,786,6540,5925,34,467,1257,106,660,0,0,392,0,226,-2,-5626,10,10775
2025/8/5,20:30,10494,786,6464,5966,34,460,1250,107,661,0,0,382,0,2,-2,-5624,8,10494
2025/8/5,21:00,10198,782,6292,5953,32,445,1144,105,660,0,0,358,0,0,3,-5584,8,10198
2025/8/5,21:30,9879,788,6442,5721,31,355,1107,107,662,0,0,313,0,0,-11,-5640,4,9879
2025/8/5,22:00,9627,784,6080,5728,30,316,1050,107,664,0,0,270,0,1,-11,-5402,10,9627
2025/8/5,22:30,9321,790,5756,5627,29,354,1054,106,665,0,0,246,0,2,-1,-5318,11,9321
2025/8/5,23:00,9061,782,5518,5670,28,358,1018,106,663,0,0,245,0,2,-2,-5332,5,9061
2025/8/5,23:30,8706,788,4988,5778,27,358,967,108,669,0,0,172,0,2,6,-5160,3,8706
2025/8/6,0:00,8504,786,4056,5793,25,358,918,108,668,0,0,165,0,2,-2,-4376,3,8504
2025/8/6,0:30,8248,782,3814,5977,25,297,921,106,671,0,0,159,0,-208,-1,-4298,3,8248
2025/8/6,1:00,8083,786,3912,5987,24,293,915,107,676,0,0,143,0,-220,-1,-4542,3,8083
2025/8/6,1:30,7931,790,3538,5984,24,291,910,108,678,0,0,165,0,-220,-2,-4338,3,7931
2025/8/6,2:00,7894,784,3560,5989,24,292,915,108,677,0,0,202,0,-220,-2,-4438,3,7894
2025/8/6,2:30,7980,786,3764,6046,24,290,917,106,674,0,0,245,0,-220,-2,-4654,4,7980
2025/8/6,3:00,7990,786,3708,6091,25,293,912,108,680,0,0,289,0,-218,-1,-4686,3,7990
2025/8/6,3:30,7976,784,3854,6082,25,294,919,107,676,0,0,286,0,-220,-2,-4832,3,7976
2025/8/6,4:00,8030,786,3844,6118,25,289,907,108,673,0,0,299,0,-218,-2,-4802,3,8030
2025/8/6,4:30,8195,784,4018,6111,27,293,903,106,680,6,0,288,0,-218,-2,-4804,3,8195
2025/8/6,5:00,8229,786,4246,6117,28,293,889,107,675,101,0,216,0,-218,-1,-5014,4,8229
2025/8/6,5:30,8262,784,4166,6113,29,288,897,109,684,290,0,172,0,-218,-2,-5054,4,8262
2025/8/6,6:00,8471,788,4300,6170,29,292,954,109,693,509,0,132,0,-218,-6,-5288,7,8471
2025/8/6,6:30,8781,784,4116,6342,30,290,937,108,692,748,0,133,0,-218,-4,-5194,17,8781
2025/8/6,7:00,9249,788,4122,6279,30,290,970,111,693,1080,0,148,0,-216,-12,-5056,22,9249
2025/8/6,7:30,9744,784,4094,6310,32,302,991,113,703,1513,0,151,0,-218,-22,-5028,19,9744
2025/8/6,8:00,10610,782,4296,6101,34,386,1107,116,722,1703,0,110,0,2,-12,-4752,15,10610
2025/8/6,8:30,11257,786,4802,6245,36,388,1127,117,709,1747,0,71,0,2,-4,-4782,13,11257
2025/8/6,9:00,11581,782,4868,6190,37,389,1139,119,718,1927,0,72,0,2,-1,-4676,15,11581
2025/8/6,9:30,11831,784,4992,5976,38,391,1141,121,726,2216,0,80,0,2,0,-4656,20,11831
2025/8/6,10:00,11770,782,4642,5953,36,395,1203,122,745,2580,0,65,0,2,-12,-4760,17,11770
2025/8/6,10:30,11975,790,5146,5846,35,390,1213,125,751,2554,0,83,0,2,-20,-4956,16,11975
2025/8/6,11:00,11835,784,5132,5840,37,396,1259,128,764,2754,0,85,0,2,-1,-5360,15,11835
2025/8/6,11:30,11911,782,5046,5833,37,401,1283,129,771,3005,0,81,0,2,-19,-5456,16,11911
2025/8/6,12:00,11553,788,4642,5827,37,410,1273,125,770,3139,0,78,0,1,-56,-5494,13,11553
2025/8/6,12:30,11592,782,4422,5806,37,412,1267,126,760,3454,0,101,0,0,-54,-5532,11,11592
2025/8/6,13:00,11975,786,4858,5821,35,421,1247,122,738,3393,0,136,0,0,-4,-5594,16,11975
2025/8/6,13:30,12049,782,4818,5829,35,457,1280,122,746,3243,0,156,0,1,2,-5430,8,12049
2025/8/6,14:00,12158,784,5346,5858,35,473,1212,112,707,2690,0,150,0,1,-2,-5222,14,12158
2025/8/6,14:30,12070,788,5944,6091,35,475,1186,111,692,1859,0,138,0,0,-4,-5260,15,12070
2025/8/6,15:00,11896,782,5998,6342,37,475,1187,110,691,1072,0,156,0,0,-3,-4964,13,11896
2025/8/6,15:30,11767,782,5654,6421,36,476,1202,108,686,686,0,202,0,202,17,-4720,15,11767
2025/8/6,16:00,11648,786,5002,6577,35,473,1259,110,685,539,0,267,0,226,4,-4332,17,11648
2025/8/6,16:30,11545,786,5072,6576,35,478,1291,113,696,646,0,288,0,228,22,-4704,18,11545
2025/8/6,17:00,11045,782,4850,6703,34,476,1286,114,694,613,0,190,0,228,11,-4956,20,11045
2025/8/6,17:30,11071,788,5680,6745,35,472,1242,107,683,324,0,152,0,230,14,-5418,17,11071
2025/8/6,18:00,10925,784,5730,6745,35,471,1199,108,669,99,0,203,0,228,14,-5382,22,10925
2025/8/6,18:30,10710,786,5200,6712,34,468,1189,107,673,1,0,323,0,228,13,-5040,16,10710
2025/8/6,19:00,10495,786,5088,6698,34,465,1197,107,673,0,0,424,0,228,0,-5222,17,10495
2025/8/6,19:30,10294,788,5190,6662,33,461,1212,106,673,0,0,339,0,230,29,-5442,13,10294
2025/8/6,20:00,9953,782,5204,6582,32,462,1152,107,679,0,0,310,0,226,35,-5636,18,9953
2025/8/6,20:30,9757,788,5404,6563,31,463,1110,107,676,0,0,282,0,1,-2,-5680,14,9757
2025/8/6,21:00,9427,788,5164,6513,30,461,1086,109,679,0,0,309,0,1,4,-5730,13,9427
2025/8/6,21:30,9110,782,4880,6441,29,428,1044,106,682,0,0,417,0,1,-1,-5706,7,9110
2025/8/6,22:00,9015,786,4852,6233,28,367,1009,109,682,0,0,492,0,2,-1,-5560,16,9015
2025/8/6,22:30,8533,786,4074,5938,27,355,988,109,681,0,0,516,0,2,-1,-4958,16,8533
2025/8/6,23:00,8538,786,4114,6018,27,356,955,108,685,0,0,438,0,2,-1,-4958,8,8538
2025/8/6,23:30,8142,784,3626,5985,26,307,938,107,682,0,0,315,0,2,-9,-4626,5,8142
2025/8/7,0:00,7977,786,3442,5968,25,294,933,109,683,0,0,333,0,2,-2,-4600,4,7977
2025/8/7,0:30,7853,786,3556,5980,24,295,937,110,682,0,0,382,0,2,-2,-4902,3,7853
2025/8/7,1:00,7652,786,3572,6004,24,291,940,110,684,0,0,449,0,-206,-3,-5002,3,7652
2025/8/7,1:30,7533,790,3388,6010,23,293,943,107,684,0,0,494,0,-220,-3,-4980,4,7533
2025/8/7,2:00,7505,784,3474,6001,23,291,947,108,683,0,0,513,0,-220,-4,-5098,3,7505
2025/8/7,2:30,7557,788,3700,5973,24,290,947,109,681,0,0,436,0,-220,-2,-5172,3,7557
2025/8/7,3:00,7582,786,3632,5976,23,296,981,109,683,0,0,388,0,-218,-3,-5074,3,7582
2025/8/7,3:30,7573,784,3554,5952,24,291,1009,107,681,0,0,372,0,-220,-2,-4982,3,7573
2025/8/7,4:00,7737,790,3502,5789,24,293,1029,109,683,0,0,416,0,2,-1,-4902,3,7737
2025/8/7,4:30,7814,784,3622,5646,25,296,1032,108,683,4,0,493,0,2,-2,-4882,3,7814
2025/8/7,5:00,7936,784,3750,5677,26,296,1019,108,680,41,0,422,0,2,-1,-4872,4,7936
2025/8/7,5:30,8032,786,3772,5822,27,298,1017,105,675,125,0,421,0,2,-2,-5020,4,8032
2025/8/7,6:00,8115,784,3756,6030,26,297,1046,110,690,264,0,516,0,1,-2,-5410,7,8115
2025/8/7,6:30,8372,786,3512,6220,27,301,1125,111,696,395,0,429,0,0,-19,-5228,17,8372
2025/8/7,7:00,8691,786,3862,6317,28,307,1191,112,702,611,0,364,0,0,-15,-5596,22,8691
2025/8/7,7:30,9143,784,3966,6427,29,385,1216,114,716,827,0,470,0,0,-17,-5794,20,9143
2025/8/7,8:00,9762,786,4256,6282,30,393,1320,120,731,1067,0,502,0,0,1,-5742,16,9762
2025/8/7,8:30,10420,786,4324,6290,32,394,1374,126,749,1455,0,566,0,0,-5,-5684,13,10420
2025/8/7,9:00,10799,784,4404,6217,32,394,1363,126,750,1570,0,664,0,0,3,-5524,16,10799
2025/8/7,9:30,10971,784,4642,6118,32,397,1388,126,758,1426,0,731,0,0,-6,-5444,19,10971
2025/8/7,10:00,10952,786,4446,6069,33,394,1414,127,761,1758,0,687,0,0,-3,-5536,16,10952
2025/8/7,10:30,11125,786,4666,5742,34,393,1438,129,774,2213,0,584,0,0,2,-5652,16,11125
2025/8/7,11:00,11135,786,4822,5645,34,380,1454,131,779,2166,0,618,0,0,-18,-5678,16,11135
2025/8/7,11:30,11149,786,4842,5659,34,380,1438,127,772,2126,0,613,0,0,-28,-5616,16,11149
2025/8/7,12:00,10617,786,4014,5448,33,294,1462,130,779,2776,0,514,0,0,-51,-5582,14,10617
2025/8/7,12:30,10682,782,3836,5294,31,285,1474,130,780,3286,0,460,0,0,-53,-5638,15,10682
2025/8/7,13:00,11061,784,3928,5192,32,376,1465,127,763,3709,0,455,0,0,-14,-5772,16,11061
2025/8/7,13:30,11321,786,4180,5091,33,321,1454,123,754,3885,0,499,0,0,-2,-5814,11,11321
2025/8/7,14:00,11362,784,4342,5471,33,300,1401,119,724,3330,0,540,0,0,0,-5696,14,11362
2025/8/7,14:30,11339,782,4652,5759,33,302,1434,131,730,2852,0,473,0,0,-7,-5820,18,11339
2025/8/7,15:00,11306,788,4636,6177,34,313,1412,147,724,2405,0,397,0,0,-5,-5742,20,11306
2025/8/7,15:30,11324,784,4508,6251,33,437,1406,144,720,2283,0,400,0,0,4,-5668,22,11324
2025/8/7,16:00,11414,788,4878,6487,33,403,1429,146,708,2019,0,284,0,0,11,-5790,18,11414
2025/8/7,16:30,11255,784,5054,6517,32,441,1411,142,688,1427,0,297,0,136,18,-5712,20,11255
2025/8/7,17:00,10922,786,5160,6627,32,444,1400,139,677,765,0,323,0,144,10,-5604,19,10922
2025/8/7,17:30,10691,788,5340,6671,32,443,1403,137,671,324,0,293,0,142,12,-5584,19,10691
2025/8/7,18:00,10570,786,5326,6667,33,442,1410,140,673,115,0,303,0,142,13,-5502,22,10570
2025/8/7,18:30,10403,788,5190,6675,33,440,1420,139,676,2,0,303,0,142,13,-5436,18,10403
2025/8/7,19:00,10233,784,5080,6667,33,436,1405,141,680,0,0,277,0,140,13,-5442,19,10233
2025/8/7,19:30,9947,788,5094,6630,32,441,1403,139,680,0,0,288,0,2,1,-5564,13,9947
2025/8/7,20:00,9631,784,5050,6500,31,437,1284,141,680,0,0,305,0,0,-1,-5596,16,9631
2025/8/7,20:30,9413,788,4928,6468,30,437,1255,140,683,0,0,318,0,0,-1,-5646,13,9413
2025/8/7,21:00,9093,786,4768,6393,29,432,1142,140,686,0,0,359,0,0,-1,-5658,17,9093
2025/8/7,21:30,8813,784,4556,6364,28,410,1128,140,689,0,0,381,0,0,-1,-5674,8,8813
2025/8/7,22:00,8622,786,4526,6273,27,356,1099,138,691,0,0,422,0,0,2,-5714,16,8622
2025/8/7,22:30,8378,784,4206,6196,26,344,1096,141,699,0,0,430,0,0,35,-5592,13,8378
2025/8/7,23:00,8282,790,4134,6072,26,292,1074,142,706,0,0,416,0,0,16,-5396,10,8282
2025/8/7,23:30,7822,786,3416,5993,25,278,1087,141,713,0,0,337,0,0,-10,-4948,4,7822
2025/8/8,0:00,7685,784,2556,5886,24,282,1057,138,723,0,0,265,0,0,-1,-4032,3,7685
2025/8/8,0:30,7454,794,2424,5769,23,279,1064,141,725,0,0,303,0,0,-3,-4068,3,7454
2025/8/8,1:00,7334,780,2676,5687,23,276,1094,142,724,0,0,297,0,0,-2,-4366,3,7334
2025/8/8,1:30,7262,790,2440,5832,22,279,1087,140,717,0,0,262,0,0,-2,-4308,3,7262
2025/8/8,2:00,7198,782,2392,5822,22,278,1089,140,716,0,0,279,0,0,-2,-4324,4,7198
2025/8/8,2:30,7287,790,2614,5747,23,277,1097,138,720,0,0,290,0,0,-2,-4410,3,7287
2025/8/8,3:00,7244,786,2558,5776,22,276,1099,141,718,0,0,255,0,0,-1,-4390,4,7244
2025/8/8,3:30,7333,784,2590,5894,23,277,1098,141,716,0,0,258,0,0,-1,-4450,3,7333
2025/8/8,4:00,7391,786,2496,5797,23,279,1107,141,717,0,0,247,0,0,-1,-4204,3,7391
2025/8/8,4:30,7575,790,2644,5874,24,277,1099,142,719,9,0,237,0,0,-1,-4242,3,7575
2025/8/8,5:00,7566,782,2488,5871,26,281,1083,139,718,151,0,280,0,0,-2,-4254,3,7566
2025/8/8,5:30,7636,790,2570,5732,25,280,1095,142,724,400,0,267,0,0,-1,-4392,4,7636
2025/8/8,6:00,7604,786,2626,5750,25,282,1134,143,719,864,0,284,0,0,0,-5016,7,7604
2025/8/8,6:30,7898,784,2610,5568,25,277,1159,143,728,1516,0,243,0,0,-4,-5168,17,7898
2025/8/8,7:00,8242,786,2382,5475,25,278,1167,143,739,2130,0,291,0,0,-4,-5190,20,8242
2025/8/8,7:30,8744,786,2460,5490,27,280,1221,148,755,2498,0,280,0,0,-2,-5218,19,8744
2025/8/8,8:00,9336,784,3128,5611,28,275,1301,149,760,2917,0,306,0,0,-2,-5936,15,9336
2025/8/8,8:30,10077,786,3188,5661,31,281,1430,157,789,3349,0,372,0,0,-1,-5980,14,10077
2025/8/8,9:00,10379,788,3266,5619,32,285,1439,157,793,3664,0,335,0,0,-5,-6010,16,10379
2025/8/8,9:30,10486,782,2758,5284,34,282,1466,158,809,4602,0,332,0,0,-1,-6038,18,10486
2025/8/8,10:00,10608,784,2670,4876,34,288,1388,155,791,5449,0,371,0,-212,-13,-5996,23,10608
2025/8/8,10:30,10840,788,2554,4351,34,287,1372,151,778,6325,0,444,0,-222,-17,-6022,17,10840
2025/8/8,11:00,11073,782,2744,3733,34,287,1384,150,777,6604,0,630,0,-224,-7,-5836,15,11073
2025/8/8,11:30,11137,782,3512,3349,34,285,1362,147,769,6153,0,582,0,-220,-10,-5624,16,11137
2025/8/8,12:00,10815,788,3556,3421,34,286,1352,148,770,5908,0,545,0,-222,-25,-5760,14,10815
2025/8/8,12:30,10874,784,3466,3629,34,284,1363,148,782,5916,0,558,0,-222,-18,-5866,16,10874
2025/8/8,13:00,11239,786,3482,3852,34,283,1398,152,791,5652,0,512,0,0,-49,-5672,18,11239
2025/8/8,13:30,11241,784,3542,4150,34,282,1404,152,792,5252,0,443,0,0,-59,-5552,17,11241
2025/8/8,14:00,11211,786,3774,4511,34,284,1441,150,798,4794,0,462,0,0,-5,-5834,16,11211
2025/8/8,14:30,11354,788,4056,5248,35,290,1457,156,809,4479,0,462,0,0,-13,-6432,19,11354
2025/8/8,15:00,11053,784,3990,5351,35,300,1477,155,801,4195,0,530,0,0,6,-6586,15,11053
2025/8/8,15:30,11068,786,4098,5933,34,392,1442,151,782,3475,0,515,0,0,0,-6562,22,11068
2025/8/8,16:00,11064,788,4610,6391,35,394,1380,143,755,2481,0,518,0,0,-4,-6448,21,11064
2025/8/8,16:30,10714,784,4992,6552,34,397,1315,138,728,1575,0,428,0,0,12,-6260,19,10714
2025/8/8,17:00,10272,790,4802,6611,34,400,1320,139,723,838,0,343,0,136,15,-5904,25,10272
2025/8/8,17:30,10064,788,4800,6834,33,401,1335,140,731,397,0,219,0,142,14,-5788,18,10064
2025/8/8,18:00,9897,784,4688,6858,33,400,1336,138,729,119,0,247,0,140,13,-5612,24,9897
2025/8/8,18:30,9750,790,4566,6874,34,400,1328,141,736,3,0,251,0,144,13,-5552,22,9750
2025/8/8,19:00,9557,780,4440,6832,33,399,1331,141,738,0,0,326,0,142,13,-5634,16,9557
2025/8/8,19:30,9345,794,4528,6709,32,387,1323,140,734,0,0,238,0,142,13,-5714,19,9345
2025/8/8,20:00,8939,782,4294,6558,31,381,1251,139,735,0,0,226,0,0,1,-5478,19,8939
2025/8/8,20:30,8753,792,4436,6400,30,384,1245,141,732,0,0,231,0,0,-1,-5652,15,8753
2025/8/8,21:00,8532,786,4524,6373,29,298,1187,142,734,0,0,248,0,0,-1,-5810,22,8532
2025/8/8,21:30,8112,786,3972,6175,28,291,1181,141,734,0,0,249,0,0,1,-5454,8,8112
2025/8/8,22:00,7952,790,3934,6033,27,283,1091,138,731,0,0,216,0,1,35,-5346,19,7952
2025/8/8,22:30,7746,784,3848,5672,25,286,1083,141,734,0,0,202,0,1,26,-5066,10,7746
2025/8/8,23:00,7635,790,3758,5581,26,288,1024,143,735,0,0,214,0,1,-2,-4932,9,7635
2025/8/8,23:30,7363,784,3506,5554,25,284,1005,141,737,0,0,233,0,1,-1,-4914,8,7363
2025/8/9,0:00,7126,786,3050,5605,23,272,881,142,739,0,0,210,0,1,-2,-4584,3,7126
2025/8/9,0:30,6959,788,2884,5636,23,259,863,140,743,0,0,194,0,1,-2,-4574,4,6959
2025/8/9,1:00,6798,784,2760,5621,23,257,849,141,740,0,0,156,0,1,-3,-4534,3,6798
2025/8/9,1:30,6709,788,2484,5760,22,252,852,142,741,0,0,169,0,1,-3,-4502,3,6709
2025/8/9,2:00,6686,788,2292,5736,22,250,875,142,742,0,0,162,0,1,-2,-4326,4,6686
2025/8/9,2:30,6649,788,2248,5686,22,254,880,142,740,0,0,189,0,1,-1,-4304,4,6649
2025/8/9,3:00,6674,784,2276,5681,22,250,871,140,740,0,0,203,0,1,-2,-4296,4,6674
2025/8/9,3:30,6717,790,2286,5687,22,252,880,141,743,0,0,215,0,1,-1,-4302,3,6717
2025/8/9,4:00,6763,786,2330,5674,23,255,877,141,740,0,0,247,0,1,-2,-4312,3,6763
2025/8/9,4:30,6899,790,2414,5720,24,252,880,142,738,8,0,230,0,1,-1,-4302,3,6899
2025/8/9,5:00,6877,788,2274,5764,24,253,868,143,743,178,0,183,0,1,-2,-4344,4,6877
2025/8/9,5:30,6815,788,2052,5514,25,256,887,142,750,527,0,166,0,1,-1,-4296,4,6815
2025/8/9,6:00,6799,788,2110,5333,25,257,906,144,747,1146,0,154,0,1,0,-4818,6,6799
2025/8/9,6:30,6815,782,1730,4814,24,251,947,146,761,1999,0,143,0,1,-16,-4778,11,6815
2025/8/9,7:00,7085,786,1688,4356,24,256,1057,150,777,2850,0,133,0,1,-16,-5000,23,7085
2025/8/9,7:30,7465,788,1606,3968,26,252,1090,153,786,3690,0,103,0,1,4,-5024,22,7465
2025/8/9,8:00,7864,786,1936,3741,26,255,1171,155,807,4498,0,91,0,1,4,-5626,19,7864
2025/8/9,8:30,8457,786,2082,3465,29,255,1221,161,823,5349,0,86,0,1,3,-5818,14,8457
2025/8/9,9:00,8855,784,2446,3072,30,250,1214,160,824,5965,0,90,0,-1,1,-6000,20,8855
2025/8/9,9:30,9178,788,2816,2903,30,252,1218,160,814,6330,0,75,0,-209,-13,-6004,18,9178
2025/8/9,10:00,9294,786,2742,2989,30,251,1196,159,804,6470,0,91,0,-221,-20,-6010,27,9294
2025/8/9,10:30,9451,784,2834,3041,31,250,1176,155,797,6388,0,79,0,-221,-1,-5880,18,9451
2025/8/9,11:00,9601,788,2840,3494,31,253,1162,156,791,6164,0,78,0,-221,-25,-5932,22,9601
2025/8/9,11:30,9662,786,2608,4083,31,249,1158,155,797,5921,0,80,0,-219,-19,-5988,20,9662
2025/8/9,12:00,9575,788,2486,4444,32,254,1157,153,747,5636,0,94,0,-221,-49,-5968,22,9575
2025/8/9,12:30,9629,786,1962,4573,32,256,1147,151,745,5765,0,133,0,0,-53,-5892,24,9629
2025/8/9,13:00,9673,784,2112,4587,32,251,1158,154,763,5701,0,145,0,0,-51,-5982,19,9673
2025/8/9,13:30,9805,788,2210,4677,32,253,1178,154,773,5478,0,179,0,1,-6,-5934,22,9805
2025/8/9,14:00,9794,788,2526,4868,32,251,1210,154,767,5073,0,184,0,0,-1,-6080,22,9794
2025/8/9,14:30,9705,788,2648,5095,33,257,1209,152,767,4674,0,155,0,0,-5,-6084,16,9705
2025/8/9,15:00,9736,784,2888,5447,34,256,1221,153,763,4105,0,145,0,0,2,-6082,20,9736
2025/8/9,15:30,9647,786,3310,5709,34,281,1202,150,755,3276,0,157,0,0,-2,-6038,27,9647
2025/8/9,16:00,9745,786,3376,6178,34,286,1207,145,736,2502,0,168,0,0,-2,-5694,23,9745
2025/8/9,16:30,9563,788,3220,6520,35,285,1173,139,715,1712,0,141,0,0,14,-5200,21,9563
2025/8/9,17:00,9505,786,3398,6737,35,298,1201,139,711,935,0,112,0,0,13,-4882,22,9505
2025/8/9,17:30,9332,786,3332,6787,36,386,1210,139,716,382,0,79,0,0,13,-4556,22,9332
2025/8/9,18:00,9269,784,3572,6787,36,386,1193,140,712,114,0,61,0,136,12,-4688,24,9269
2025/8/9,18:30,9212,788,3484,6846,35,386,1206,138,718,1,0,35,0,142,13,-4598,18,9212
2025/8/9,19:00,9037,786,3196,6887,35,393,1199,140,721,0,0,32,0,142,13,-4528,21,9037
2025/8/9,19:30,8874,788,3302,6759,34,391,1203,141,718,0,0,29,0,144,12,-4662,15,8874
2025/8/9,20:00,8563,784,3196,6678,33,334,1155,139,719,0,0,28,0,142,1,-4662,16,8563
2025/8/9,20:30,8346,790,3268,6542,32,297,1149,141,722,0,0,30,0,142,-1,-4780,14,8346
2025/8/9,21:00,8087,784,3356,6435,31,279,1036,139,732,0,0,42,0,0,-1,-4762,16,8087
2025/8/9,21:30,7846,788,3250,6386,29,267,1004,140,729,0,0,73,0,0,-1,-4826,7,7846
2025/8/9,22:00,7635,786,3262,6338,28,262,954,140,727,0,0,84,0,2,-1,-4962,15,7635
2025/8/9,22:30,7496,788,3252,6277,27,262,940,140,728,0,0,79,0,2,-2,-5010,13,7496
2025/8/9,23:00,7341,788,2980,6206,27,262,910,140,731,0,0,90,0,2,26,-4828,7,7341
2025/8/9,23:30,7004,786,2362,5967,26,261,860,136,731,0,0,118,0,2,26,-4276,5,7004
2025/8/10,0:00,6863,786,2286,5985,25,262,839,142,731,0,0,114,0,2,9,-4322,4,6863
2025/8/10,0:30,6748,788,2316,6074,24,264,843,141,732,0,0,100,0,2,-3,-4536,3,6748
2025/8/10,1:00,6526,790,2202,5926,24,257,841,140,731,0,0,107,0,2,-2,-4496,4,6526
2025/8/10,1:30,6466,788,1982,6041,23,263,849,138,731,0,0,99,0,2,-2,-4452,4,6466
2025/8/10,2:00,6487,784,1916,6082,23,259,875,139,734,0,0,97,0,2,-2,-4426,4,6487
2025/8/10,2:30,6444,788,1796,6064,24,263,876,141,735,0,0,122,0,2,-3,-4368,4,6444
2025/8/10,3:00,6555,790,1772,6072,23,260,880,141,734,0,0,144,0,2,-1,-4266,4,6555
2025/8/10,3:30,6605,786,1864,6046,24,260,882,141,732,0,0,158,0,2,-2,-4292,4,6605
2025/8/10,4:00,6661,786,2060,5888,24,262,885,138,734,0,0,165,0,2,-1,-4286,4,6661
2025/8/10,4:30,6809,788,2026,6035,25,263,878,140,733,2,0,171,0,2,-1,-4256,3,6809
2025/8/10,5:00,6850,788,1990,6149,26,262,875,139,730,70,0,154,0,2,-1,-4338,4,6850
2025/8/10,5:30,6689,786,1656,5979,26,264,883,140,733,192,0,153,0,2,-2,-4128,5,6689
2025/8/10,6:00,6714,784,1824,6015,25,262,925,139,740,356,0,123,0,2,-4,-4484,7,6714
2025/8/10,6:30,6826,790,1820,5984,25,266,952,143,743,520,0,113,0,2,2,-4546,12,6826
2025/8/10,7:00,6963,784,1818,6064,26,271,948,146,758,749,0,102,0,0,-4,-4720,21,6963
2025/8/10,7:30,7170,786,1836,6030,27,270,966,146,765,1076,0,94,0,0,-2,-4846,22,7170
2025/8/10,8:00,7344,786,1980,5982,27,270,1017,147,777,1276,0,85,0,0,-2,-5020,19,7344
2025/8/10,8:30,7587,792,2196,5751,27,275,1083,153,790,1468,0,78,0,0,1,-5042,15,7587
2025/8/10,9:00,7725,786,2178,5768,29,272,1138,156,802,1574,0,67,0,0,-6,-5056,17,7725
2025/8/10,9:30,7852,786,1920,5906,29,269,1185,158,824,1662,0,69,0,0,-16,-4958,18,7852
2025/8/10,10:00,7858,786,1882,5853,29,266,1205,158,840,1762,0,73,0,0,-14,-5010,28,7858
2025/8/10,10:30,8072,786,1948,5957,29,267,1228,156,851,2023,0,76,0,0,-19,-5248,18,8072
2025/8/10,11:00,8089,790,2270,6017,30,268,1243,161,861,1994,0,69,0,0,-5,-5632,23,8089
2025/8/10,11:30,8165,782,2448,6232,29,265,1217,159,852,1675,0,60,0,0,-22,-5552,20,8165
2025/8/10,12:00,8163,790,2124,6390,29,268,1220,156,844,1460,0,49,0,0,-54,-5134,21,8163
2025/8/10,12:30,8092,780,2302,6423,29,266,1204,153,833,1217,0,59,0,0,-55,-5142,23,8092
2025/8/10,13:00,8027,788,1908,6355,29,267,1233,154,835,1199,0,51,0,0,-22,-4790,20,8027
2025/8/10,13:30,8035,790,2004,6269,29,280,1240,154,838,1180,0,70,0,0,0,-4838,19,8035
2025/8/10,14:00,8000,782,1986,5854,29,277,1235,153,832,1196,0,69,0,0,9,-4444,22,8000
2025/8/10,14:30,8039,788,2208,6147,29,272,1211,147,812,940,0,71,0,0,2,-4608,20,8039
2025/8/10,15:00,7994,784,2450,6196,28,275,1229,146,804,755,0,64,0,0,1,-4756,18,7994
2025/8/10,15:30,7981,792,2560,6365,28,296,1228,145,793,553,0,49,0,0,-4,-4846,22,7981
2025/8/10,16:00,8067,788,2648,6438,28,303,1245,142,779,436,0,54,0,0,3,-4818,21,8067
2025/8/10,16:30,8129,784,2766,6580,28,300,1234,138,761,325,0,59,0,0,12,-4878,20,8129
2025/8/10,17:00,8230,792,2586,6670,29,302,1275,140,753,205,0,62,0,0,14,-4624,26,8230
2025/8/10,17:30,8374,786,2884,6728,30,308,1269,138,748,90,0,59,0,0,17,-4706,23,8374
2025/8/10,18:00,8442,790,2758,6773,31,304,1247,139,748,34,0,73,0,0,50,-4530,25,8442
2025/8/10,18:30,8469,784,2718,6888,31,307,1260,138,751,0,0,85,0,0,41,-4556,22,8469
2025/8/10,19:00,8375,786,2672,6910,31,310,1222,138,753,0,0,80,0,0,12,-4558,19,8375
2025/8/10,19:30,8235,788,2842,6746,30,310,1208,140,753,0,0,68,0,0,13,-4676,13,8235
2025/8/10,20:00,8096,786,3038,6582,30,310,1081,139,755,0,0,69,0,0,2,-4716,20,8096
2025/8/10,20:30,7865,786,3036,6343,29,311,1052,137,754,0,0,85,0,0,-2,-4680,14,7865
2025/8/10,21:00,7678,786,2824,6183,28,296,1022,139,754,0,0,94,0,0,-1,-4466,19,7678
2025/8/10,21:30,7485,786,2772,6059,27,280,1002,139,756,0,0,93,0,0,-1,-4436,8,7485
2025/8/10,22:00,7346,784,3002,5922,26,283,896,139,754,0,0,89,0,0,-1,-4564,16,7346
2025/8/10,22:30,7145,788,2942,5790,25,289,903,136,756,0,0,95,0,0,-2,-4590,13,7145
2025/8/10,23:00,7027,786,2866,5840,25,288,903,140,764,0,0,106,0,0,-1,-4698,8,7027
2025/8/10,23:30,6820,788,2532,5928,24,293,875,139,765,0,0,122,0,0,-1,-4650,5,6820
2025/8/11,0:00,6754,786,2336,5721,23,291,844,140,762,0,0,131,0,0,-2,-4282,4,6754
2025/8/11,0:30,6542,784,2018,5678,23,293,849,138,764,0,0,120,0,0,-3,-4126,4,6542
2025/8/11,1:00,6486,788,1974,5735,22,292,840,138,763,0,0,100,0,0,-2,-4168,4,6486
2025/8/11,1:30,6381,786,1930,5727,23,288,849,139,766,0,0,107,0,0,-2,-4236,4,6381
2025/8/11,2:00,6458,786,1964,5790,23,291,861,139,763,0,0,120,0,0,-3,-4280,4,6458
2025/8/11,2:30,6472,790,1854,5844,23,291,876,140,764,0,0,127,0,0,-2,-4240,5,6472
2025/8/11,3:00,6617,782,1848,5818,23,292,903,138,766,0,0,157,0,0,-2,-4112,4,6617
2025/8/11,3:30,6628,786,1770,5837,24,292,913,140,764,0,0,155,0,0,-1,-4056,4,6628
2025/8/11,4:00,6752,786,1798,5863,24,291,926,139,766,0,0,152,0,0,-1,-3996,4,6752
2025/8/11,4:30,6834,788,1828,5864,26,294,934,140,767,1,0,191,0,0,-1,-4002,4,6834
2025/8/11,5:00,6832,784,1930,5891,26,295,935,137,760,55,0,203,0,0,-2,-4186,4,6832
2025/8/11,5:30,6886,788,2042,5943,26,292,922,139,759,218,0,195,0,0,-1,-4442,5,6886
2025/8/11,6:00,6880,784,2416,6007,26,295,908,140,768,405,0,171,0,0,-5,-5042,7,6880
2025/8/11,6:30,7015,788,2240,6148,26,292,942,140,772,582,0,157,0,0,-2,-5082,12,7015
2025/8/11,7:00,7249,782,2324,6216,27,292,971,142,783,634,0,123,0,0,0,-5066,21,7249
2025/8/11,7:30,7489,786,2156,6160,28,295,996,144,784,833,0,116,0,0,-2,-4830,23,7489
2025/8/11,8:00,7866,790,2124,6109,29,298,1023,145,788,1337,0,108,0,0,-1,-4904,20,7866
2025/8/11,8:30,8124,784,2074,5659,29,299,1086,150,812,1930,0,91,0,0,-3,-4802,15,8124
2025/8/11,9:00,8394,786,2038,5667,29,294,1109,152,822,2118,0,74,0,0,4,-4718,19,8394
2025/8/11,9:30,8634,784,2316,5866,30,293,1114,154,830,2147,0,74,0,0,-21,-4976,23,8634
2025/8/11,10:00,8604,786,2072,5848,31,294,1140,156,842,2401,0,79,0,0,-17,-5054,26,8604
2025/8/11,10:30,8765,786,1896,5738,32,291,1154,157,852,2834,0,87,0,0,-14,-5066,18,8765
2025/8/11,11:00,8849,784,1916,5453,32,294,1188,155,851,3331,0,91,0,0,-14,-5254,22,8849
2025/8/11,11:30,9016,788,1914,5330,32,293,1175,154,835,3777,0,112,0,0,-21,-5392,19,9016
2025/8/11,12:00,9044,782,2256,5324,33,294,1187,155,836,4047,0,137,0,-212,-55,-5762,22,9044
2025/8/11,12:30,9125,794,2382,5251,33,294,1207,154,839,4056,0,192,0,-220,-63,-5818,24,9125
2025/8/11,13:00,9175,780,2302,5394,32,291,1237,152,836,4013,0,230,0,-220,-27,-5864,19,9175
2025/8/11,13:30,9167,786,2286,5639,33,294,1258,156,840,3779,0,226,0,-220,-9,-5922,21,9167
2025/8/11,14:00,9234,788,2238,5828,33,293,1258,152,824,3369,0,244,0,0,-5,-5808,20,9234
2025/8/11,14:30,9240,784,2288,6134,34,289,1254,148,817,2913,0,239,0,0,-10,-5672,22,9240
2025/8/11,15:00,9285,786,2384,6075,35,286,1312,150,810,2815,0,204,0,0,4,-5594,18,9285
2025/8/11,15:30,9320,782,2440,6280,35,314,1285,143,779,2659,0,155,0,0,2,-5584,30,9320
2025/8/11,16:00,9444,784,2912,6296,35,317,1325,141,750,2100,0,142,0,0,4,-5384,22,9444
2025/8/11,16:30,9319,790,3110,6530,36,362,1299,134,722,1352,0,105,0,0,6,-5144,17,9319
2025/8/11,17:00,9399,782,2988,6702,36,418,1309,137,720,694,0,88,0,0,13,-4514,26,9399
2025/8/11,17:30,9290,786,2860,6748,36,408,1317,136,725,302,0,85,0,0,16,-4150,21,9290
2025/8/11,18:00,9344,786,2988,6811,37,331,1308,138,739,75,0,83,0,138,14,-4126,22,9344
2025/8/11,18:30,9361,788,2980,6813,37,411,1320,137,741,0,0,79,0,142,13,-4116,16,9361
2025/8/11,19:00,9302,782,2958,6822,37,330,1317,139,742,0,0,74,0,140,13,-4070,18,9302
2025/8/11,19:30,8990,788,2986,6661,35,330,1283,139,744,0,0,69,0,0,13,-4076,18,8990
2025/8/11,20:00,8785,786,2956,6476,34,318,1159,137,745,0,0,64,0,0,1,-3908,17,8785
2025/8/11,20:30,8557,786,3002,6325,33,319,1137,138,743,0,0,64,0,0,2,-4006,14,8557
2025/8/11,21:00,8257,788,2894,6204,33,307,1059,139,744,0,0,56,0,0,34,-4018,17,8257
2025/8/11,21:30,8111,782,2976,6200,32,290,1025,139,745,0,0,54,0,0,26,-4166,8,8111
2025/8/11,22:00,7847,788,2830,6189,31,291,1010,138,751,0,0,39,0,0,-1,-4234,15,7847
2025/8/11,22:30,7738,784,2792,6172,29,295,996,140,756,0,0,39,0,0,-3,-4276,14,7738
2025/8/11,23:00,7543,784,2724,6045,29,292,997,138,762,0,0,47,0,0,-2,-4280,7,7543
2025/8/11,23:30,7313,790,2594,5865,28,288,994,139,779,0,0,46,0,0,-3,-4212,5,7313
2025/8/12,0:00,6989,784,1862,5673,27,291,948,137,774,0,0,43,0,0,-2,-3552,4,6989
2025/8/12,0:30,6917,786,1658,5972,26,287,934,140,777,0,0,41,0,0,-2,-3706,4,6917
2025/8/12,1:00,6731,786,1628,6025,25,286,920,140,782,0,0,40,0,0,-3,-3902,4,6731
2025/8/12,1:30,6689,786,1616,6043,25,283,919,139,785,0,0,54,0,0,-15,-3950,4,6689
2025/8/12,2:00,6606,788,1596,5971,25,288,924,139,785,0,0,55,0,0,-3,-3966,4,6606
2025/8/12,2:30,6617,790,1690,6012,25,288,929,140,783,0,0,42,0,0,-2,-4084,4,6617
2025/8/12,3:00,6699,788,1556,5974,25,286,973,139,785,0,0,41,0,0,-2,-3870,4,6699
2025/8/12,3:30,6726,784,1596,5977,25,287,1002,140,782,0,0,46,0,0,-1,-3916,4,6726
2025/8/12,4:00,6836,786,1522,5911,26,285,1076,140,776,0,0,45,0,0,-1,-3734,4,6836
2025/8/12,4:30,6924,788,1606,6034,27,286,1077,136,775,0,0,44,0,0,-1,-3852,4,6924
2025/8/12,5:00,6993,786,1720,6018,28,288,1092,138,769,33,0,55,0,0,-2,-3936,4,6993
2025/8/12,5:30,7049,786,1882,5932,28,284,1079,138,765,130,0,53,0,0,-1,-4032,5,7049
2025/8/12,6:00,6999,784,2056,5837,27,287,1107,140,777,258,0,42,0,0,-14,-4310,8,6999
2025/8/12,6:30,7115,786,1860,5839,28,282,1141,141,785,381,0,43,0,0,-19,-4166,14,7115
2025/8/12,7:00,7417,786,1828,6001,29,287,1162,145,796,601,0,51,0,0,-19,-4272,22,7417
2025/8/12,7:30,7681,786,2078,5908,30,282,1209,147,815,774,0,36,0,0,-16,-4386,18,7681
2025/8/12,8:00,7948,788,2644,5673,31,279,1205,150,818,1107,0,31,0,0,-1,-4792,15,7948
2025/8/12,8:30,8456,782,2718,6149,33,279,1256,154,845,1444,0,46,0,0,0,-5264,14,8456
2025/8/12,9:00,8622,784,2862,6035,33,271,1316,156,873,1677,0,64,0,0,-1,-5464,16,8622
2025/8/12,9:30,8793,782,3202,5900,33,324,1330,158,878,1708,0,103,0,0,-6,-5638,19,8793
2025/8/12,10:00,8779,788,3136,5752,33,270,1372,157,875,1727,0,144,0,0,-40,-5452,17,8779
2025/8/12,10:30,8848,788,3012,5904,32,272,1394,158,878,1730,0,165,0,0,-39,-5464,18,8848
2025/8/12,11:00,8842,784,3006,5883,32,278,1433,159,813,1842,0,124,0,0,-5,-5522,15,8842
2025/8/12,11:30,8898,786,2738,5931,31,276,1453,161,816,2100,0,124,0,0,1,-5536,17,8898
2025/8/12,12:00,8768,790,2696,5976,30,276,1496,162,824,2242,0,120,0,0,-16,-5846,18,8768
2025/8/12,12:30,8705,782,2900,6003,31,277,1479,162,817,2124,0,123,0,0,-18,-5994,19,8705
2025/8/12,13:00,8720,788,2804,5969,31,277,1472,158,808,2298,0,153,0,0,-15,-6042,19,8720
2025/8/12,13:30,8765,786,2984,6137,30,273,1477,158,805,2087,0,193,0,0,-2,-6180,17,8765
2025/8/12,14:00,8741,786,3022,6268,31,275,1463,156,790,1736,0,173,0,0,3,-5980,18,8741
2025/8/12,14:30,8701,784,2952,6366,31,275,1459,155,786,1637,0,138,0,0,9,-5912,21,8701
2025/8/12,15:00,8695,782,2758,6488,30,279,1423,151,767,1391,0,125,0,0,-1,-5512,14,8695
2025/8/12,15:30,8710,788,2916,6584,30,297,1403,146,750,1075,0,110,0,0,10,-5420,21,8710
2025/8/12,16:00,8705,784,2614,6565,30,352,1424,146,740,866,0,83,0,0,16,-4934,19,8705
2025/8/12,16:30,8723,786,2722,6651,31,398,1409,143,725,647,0,78,0,0,15,-4898,16,8723
2025/8/12,17:00,8565,788,2710,6582,32,310,1417,141,724,384,0,91,0,0,15,-4648,19,8565
2025/8/12,17:30,8587,788,2846,6717,33,312,1420,142,725,191,0,101,0,0,9,-4716,19,8587
2025/8/12,18:00,8532,784,2998,6725,33,402,1419,141,724,51,0,131,0,0,17,-4914,21,8532
2025/8/12,18:30,8569,784,3010,6736,34,397,1438,142,727,1,0,173,0,0,13,-4904,18,8569
2025/8/12,19:00,8491,792,3020,6656,34,399,1418,139,730,0,0,184,0,0,0,-4898,17,8491
2025/8/12,19:30,8326,784,2914,6618,33,311,1418,142,728,0,0,178,0,0,2,-4816,14,8326
2025/8/12,20:00,8027,784,2814,6389,32,303,1322,142,724,0,0,157,0,0,35,-4694,19,8027
2025/8/12,20:30,7913,788,2946,6363,31,301,1265,141,714,0,0,155,0,0,23,-4828,14,7913
2025/8/12,21:00,7691,788,2882,6162,30,289,1200,140,718,0,0,157,0,0,-3,-4686,14,7691
2025/8/12,21:30,7416,786,2868,6108,29,277,1183,141,716,0,0,147,0,0,-2,-4844,7,7416
2025/8/12,22:00,7288,784,2720,6081,28,272,1181,141,717,0,0,138,0,0,-2,-4788,16,7288
2025/8/12,22:30,7011,788,2246,5819,27,276,1175,142,723,0,0,139,0,0,-1,-4336,13,7011
2025/8/12,23:00,6882,786,2222,5800,26,275,1146,140,723,0,0,129,0,0,-2,-4370,7,6882
2025/8/12,23:30,6776,790,2284,5889,26,275,1125,141,720,0,0,131,0,0,-2,-4608,5,6776
2025/8/13,0:00,6522,782,2196,5784,25,269,1039,142,718,0,0,136,0,0,-3,-4570,4,6522
2025/8/13,0:30,6343,790,1966,5763,24,273,1028,142,719,0,0,147,0,0,-1,-4512,4,6343
2025/8/13,1:00,6206,784,2114,5524,23,271,1026,140,718,0,0,131,0,0,-3,-4526,4,6206
2025/8/13,1:30,6087,784,1780,5610,23,266,1021,142,726,0,0,113,0,0,-2,-4380,4,6087
2025/8/13,2:00,6171,792,1808,5593,23,277,1024,142,735,0,0,113,0,0,-2,-4338,4,6171
2025/8/13,2:30,6193,786,1794,5564,23,279,1027,143,740,0,0,107,0,0,-2,-4272,4,6193
2025/8/13,3:00,6299,786,1764,5534,23,276,1047,143,738,0,0,100,0,0,0,-4116,4,6299
2025/8/13,3:30,6318,790,1964,5405,23,269,1042,141,738,0,0,116,0,0,0,-4174,4,6318
2025/8/13,4:00,6418,782,2092,5303,25,268,1053,143,737,0,0,117,0,0,0,-4106,4,6418
2025/8/13,4:30,6535,792,2136,5322,25,271,1055,143,738,1,0,120,0,0,0,-4072,4,6535
2025/8/13,5:00,6520,784,2058,5294,26,273,1032,143,737,118,0,123,0,0,0,-4072,4,6520
2025/8/13,5:30,6532,792,2214,5212,26,270,1045,141,738,418,0,114,0,0,-1,-4442,5,6532
2025/8/13,6:00,6497,784,2698,5056,25,275,1062,145,741,928,0,92,0,0,-6,-5310,7,6497
2025/8/13,6:30,6587,788,2528,4642,25,275,1073,145,747,1713,0,81,0,0,0,-5444,14,6587
2025/8/13,7:00,6814,788,2132,4145,25,251,1064,148,763,2675,0,83,0,0,0,-5282,22,6814
2025/8/13,7:30,7158,784,1922,3727,26,226,1114,151,787,3671,0,80,0,0,-18,-5330,18,7158
2025/8/13,8:00,7569,790,2314,3342,27,231,1183,160,809,4590,0,72,0,0,4,-5968,15,7569
2025/8/13,8:30,8038,780,2284,3031,29,224,1204,161,798,5457,0,51,0,0,-3,-5992,14,8038
2025/8/13,9:00,8429,790,2436,2994,30,231,1226,162,756,5775,341,45,0,0,0,-6032,16,8429
2025/8/13,9:30,8603,780,2740,2973,30,228,1197,156,654,6037,357,46,0,0,-13,-6244,19,8603
2025/8/13,10:00,8791,786,3044,3012,30,232,1169,156,585,6225,352,31,0,-212,-10,-6282,25,8791
2025/8/13,10:30,8839,784,2952,3217,31,232,1144,155,549,6287,365,35,0,-222,-23,-6320,18,8839
2025/8/13,11:00,8952,784,2820,3494,31,235,1134,154,542,6244,374,35,0,-222,-13,-6306,20,8952
2025/8/13,11:30,9081,784,2622,3730,32,234,1142,154,544,6283,368,40,0,-220,-23,-6260,19,9081
2025/8/13,12:00,9108,788,2320,3955,32,228,1142,153,545,6334,365,37,0,-222,-65,-6158,19,9108
2025/8/13,12:30,9138,782,2342,3995,33,232,1172,156,554,6147,355,47,0,-220,-61,-6062,21,9138
2025/8/13,13:00,9093,788,2302,3960,32,232,1201,157,599,6001,344,70,0,-2,-18,-6252,23,9093
2025/8/13,13:30,9190,784,2230,4036,33,233,1272,162,698,6037,0,91,0,0,2,-6408,20,9190
2025/8/13,14:00,9125,786,2250,4350,33,269,1333,160,751,5499,0,113,0,0,1,-6440,20,9125
2025/8/13,14:30,9188,782,2436,4822,33,282,1342,162,762,4901,0,119,0,0,-4,-6472,23,9188
2025/8/13,15:00,9088,784,2552,5213,34,279,1336,159,755,4194,0,132,0,0,0,-6366,16,9088
2025/8/13,15:30,9110,788,3136,5615,33,301,1305,154,732,3375,0,135,0,0,-5,-6482,23,9110
2025/8/13,16:00,9003,780,3058,6070,35,307,1266,144,704,2514,0,123,0,0,-1,-6016,19,9003
2025/8/13,16:30,8966,786,3410,6398,35,303,1221,143,684,1636,0,113,0,0,13,-5796,20,8966
2025/8/13,17:00,8917,784,3284,6467,36,371,1186,140,674,780,0,108,0,0,13,-4946,20,8917
2025/8/13,17:30,8722,786,3208,6512,36,400,1191,141,682,299,0,101,0,0,13,-4666,19,8722
2025/8/13,18:00,8700,782,3166,6496,36,403,1203,139,688,77,0,96,0,136,12,-4556,22,8700
2025/8/13,18:30,8744,786,3374,6453,36,403,1213,142,689,1,0,80,0,142,13,-4608,20,8744
2025/8/13,19:00,8579,786,3070,6578,35,399,1206,141,693,0,0,59,0,142,13,-4560,17,8579
2025/8/13,19:30,8390,782,3062,6511,34,403,1197,142,692,0,0,56,0,142,13,-4662,18,8390
2025/8/13,20:00,8122,786,3648,6468,33,309,1123,142,693,0,0,57,0,144,22,-5322,19,8122
2025/8/13,20:30,7892,788,3416,6463,32,304,1106,141,692,0,0,54,0,142,34,-5294,14,7892
2025/8/13,21:00,7698,782,3026,6359,31,295,1022,143,692,0,0,59,0,142,8,-4876,15,7698
2025/8/13,21:30,7355,786,2990,6015,30,281,1010,142,691,0,0,57,0,0,-2,-4652,7,7355
2025/8/13,22:00,7239,786,2872,5930,28,286,953,143,693,0,0,68,0,0,-1,-4534,15,7239
2025/8/13,22:30,6872,786,2520,5691,27,273,947,141,692,0,0,80,0,0,-2,-4296,13,6872
2025/8/13,23:00,6754,784,2438,5617,27,262,945,143,692,0,0,109,0,0,-2,-4268,7,6754
2025/8/13,23:30,6625,790,2466,5817,26,255,945,143,695,0,0,126,0,0,-1,-4642,5,6625
2025/8/14,0:00,6398,784,2258,5733,25,253,893,143,693,0,0,159,0,0,-1,-4546,4,6398
2025/8/14,0:30,6175,784,2130,5657,24,274,897,143,691,0,0,171,0,0,-2,-4598,4,6175
2025/8/14,1:00,6052,786,2088,5490,23,280,891,141,692,0,0,156,0,0,-2,-4496,3,6052
2025/8/14,1:30,5949,784,1962,5465,23,275,887,143,692,0,0,143,0,0,-3,-4426,4,5949
2025/8/14,2:00,5974,788,1966,5540,23,273,892,142,694,0,0,131,0,0,-3,-4476,4,5974
2025/8/14,2:30,6030,782,2080,5530,23,272,892,143,696,0,0,132,0,0,-2,-4522,4,6030
2025/8/14,3:00,6076,788,1988,5672,23,274,885,143,696,0,0,116,0,0,-1,-4512,4,6076
2025/8/14,3:30,6177,786,2134,5641,23,275,885,139,695,0,0,128,0,0,-1,-4532,4,6177
2025/8/14,4:00,6202,782,2002,5704,24,275,889,143,695,0,0,132,0,0,-2,-4446,4,6202
2025/8/14,4:30,6383,788,2080,5768,25,278,885,143,696,0,0,125,0,0,-1,-4408,4,6383
2025/8/14,5:00,6403,784,2186,5616,26,275,887,143,695,129,0,152,0,0,-2,-4492,4,6403
2025/8/14,5:30,6385,788,2142,5486,26,275,900,145,704,431,0,179,0,0,-1,-4694,4,6385
2025/8/14,6:00,6374,782,2238,5075,25,249,874,142,704,976,0,190,0,0,-4,-4884,7,6374
2025/8/14,6:30,6557,784,2394,4687,25,223,868,142,694,1699,0,157,0,0,-2,-5128,14,6557
2025/8/14,7:00,6741,788,2428,4607,26,231,926,144,705,2441,0,131,0,0,-1,-5706,21,6741
2025/8/14,7:30,7138,782,2338,4275,26,224,974,148,723,3345,0,117,0,0,-7,-5826,19,7138
2025/8/14,8:00,7479,788,2714,4108,27,225,1047,150,738,4108,0,103,0,0,-4,-6540,15,7479
2025/8/14,8:30,7946,782,2890,3688,29,223,1088,153,747,4797,0,90,0,0,3,-6558,14,7946
2025/8/14,9:00,8251,784,2842,3460,30,226,1105,154,746,5301,0,77,0,0,-2,-6488,16,8251
2025/8/14,9:30,8554,784,3130,3225,31,229,1115,156,751,5707,0,60,0,-212,-13,-6428,19,8554
2025/8/14,10:00,8702,786,3296,2978,31,225,1100,151,731,6088,0,68,0,-220,-12,-6544,24,8702
2025/8/14,10:30,8792,782,3186,2668,32,229,1085,151,722,6345,0,92,0,-222,-10,-6286,18,8792
2025/8/14,11:00,8984,784,3050,2919,33,230,1062,149,715,6315,0,103,0,-220,-31,-6144,19,8984
2025/8/14,11:30,9222,786,2990,3185,34,236,1070,149,713,6256,0,116,0,-222,-20,-6090,19,9222
2025/8/14,12:00,9197,784,2892,3480,34,230,1069,147,710,6097,0,116,0,-220,-44,-6120,22,9197
2025/8/14,12:30,9325,782,2882,3916,34,232,1124,150,719,5950,0,115,0,-222,-19,-6358,20,9325
2025/8/14,13:00,9212,786,2686,4323,35,271,1173,151,725,5609,0,127,0,-220,-17,-6460,23,9212
2025/8/14,13:30,9303,782,2738,4669,36,290,1209,154,735,5149,0,136,0,0,-37,-6578,20,9303
2025/8/14,14:00,9341,788,2878,5014,36,293,1210,149,723,4646,0,150,0,0,-14,-6552,20,9341
2025/8/14,14:30,9267,782,3080,5254,37,293,1177,147,708,3883,0,153,0,0,34,-6304,23,9267
2025/8/14,15:00,9227,782,2692,5451,38,294,1231,146,704,3302,0,165,0,0,-4,-5594,20,9227
2025/8/14,15:30,9177,782,2694,5684,38,317,1214,144,694,2640,0,171,0,0,-1,-5224,24,9177
2025/8/14,16:00,9232,786,3388,5932,38,324,1211,139,674,1988,0,158,0,0,-5,-5422,21,9232
2025/8/14,16:30,9162,786,3248,6173,40,317,1202,139,675,1316,0,158,0,136,-3,-5044,19,9162
2025/8/14,17:00,9089,782,3158,6507,39,324,1215,140,675,756,0,162,0,142,12,-4844,21,9089
2025/8/14,17:30,9076,788,3160,6755,40,321,1226,141,682,364,0,144,0,142,12,-4718,19,9076
2025/8/14,18:00,8961,782,2974,6806,40,324,1193,137,674,84,0,147,0,142,49,-4412,21,8961
2025/8/14,18:30,9090,786,3192,6766,40,317,1196,138,673,2,0,168,0,144,15,-4368,21,9090
2025/8/14,19:00,8881,786,3152,6754,40,322,1193,138,672,0,0,174,0,142,13,-4522,17,8881
2025/8/14,19:30,8586,786,2852,6602,39,322,1191,140,674,0,0,183,0,142,14,-4378,19,8586
2025/8/14,20:00,8441,786,2904,6478,38,317,1121,137,674,0,0,197,0,142,13,-4384,18,8441
2025/8/14,20:30,8185,784,2964,6421,37,322,1100,138,674,0,0,226,0,0,-1,-4498,18,8185
2025/8/14,21:00,7984,786,2754,6355,35,306,1025,139,673,0,0,255,0,0,0,-4362,18,7984
2025/8/14,21:30,7698,786,2640,6106,35,294,1016,139,671,0,0,276,0,0,-2,-4270,7,7698
2025/8/14,22:00,7489,788,2508,5965,33,291,974,136,672,0,0,333,0,0,-1,-4226,16,7489
2025/8/14,22:30,7296,782,2670,5939,32,289,957,139,673,0,0,365,0,0,-1,-4562,13,7296
2025/8/14,23:00,7063,786,2494,5885,31,288,918,139,673,0,0,402,0,0,-2,-4558,7,7063
2025/8/14,23:30,6914,782,2606,5835,30,287,918,138,677,0,0,386,0,0,0,-4750,5,6914
2025/8/15,0:00,6563,790,2104,5587,29,286,829,138,676,0,0,526,0,0,-2,-4404,4,6563
2025/8/15,0:30,6540,784,2040,5780,28,287,829,140,679,0,0,684,0,0,-3,-4712,4,6540
2025/8/15,1:00,6338,782,2000,5746,27,283,826,140,685,0,0,793,0,0,-3,-4944,3,6338
2025/8/15,1:30,6336,788,2360,5541,27,282,832,140,691,0,0,784,0,0,-3,-5110,4,6336
2025/8/15,2:00,6237,782,2296,5523,26,284,864,137,690,0,0,791,0,0,-2,-5158,4,6237
2025/8/15,2:30,6374,786,2338,5717,27,284,866,140,690,0,0,782,0,0,-2,-5258,4,6374
2025/8/15,3:00,6355,784,2316,5708,27,283,868,139,687,0,0,765,0,0,-1,-5224,3,6355
2025/8/15,3:30,6450,784,2304,5720,27,276,876,137,687,0,0,758,0,0,-1,-5122,4,6450
2025/8/15,4:00,6513,784,2380,5699,27,275,882,139,690,0,0,633,0,0,-1,-4998,3,6513
2025/8/15,4:30,6633,782,2436,5744,28,286,891,139,687,1,0,565,0,0,-1,-4928,3,6633
2025/8/15,5:00,6653,786,2352,5740,29,287,864,137,687,112,0,546,0,0,-1,-4890,4,6653
2025/8/15,5:30,6607,784,2498,5450,29,285,877,137,679,416,0,532,0,0,-2,-5082,4,6607
2025/8/15,6:00,6629,782,2228,5078,29,285,877,141,688,997,0,485,0,0,-2,-4966,7,6629
2025/8/15,6:30,6835,786,2288,4438,29,281,925,143,697,1693,0,522,0,0,-1,-4980,14,6835
2025/8/15,7:00,7110,782,2236,4520,29,286,991,143,705,2198,0,518,0,-212,-1,-5106,21,7110
2025/8/15,7:30,7571,782,2398,4691,30,281,1025,144,711,2790,0,492,0,-222,-6,-5564,19,7571
2025/8/15,8:00,7993,786,2776,4680,32,284,1042,148,717,3429,0,448,0,-220,-1,-6144,16,7993
2025/8/15,8:30,8364,780,2752,4609,33,281,1064,150,721,3930,0,453,0,-220,-2,-6200,13,8364
2025/8/15,9:00,8647,786,2962,4425,34,278,1114,154,736,4218,0,436,0,-222,2,-6292,16,8647
2025/8/15,9:30,8933,788,2804,4493,35,283,1163,154,741,4399,0,414,0,-220,-18,-6122,19,8933
2025/8/15,10:00,9024,778,2652,4599,35,277,1153,152,731,4347,0,422,0,0,-18,-6128,24,9024
2025/8/15,10:30,9072,786,2634,4600,35,279,1178,153,732,4342,0,434,0,0,-15,-6104,18,9072
2025/8/15,11:00,9161,780,2592,4605,35,283,1212,151,728,4245,0,498,0,0,-14,-5974,20,9161
2025/8/15,11:30,9172,784,2418,4629,36,277,1216,153,723,4288,0,543,0,0,-15,-5900,20,9172
2025/8/15,12:00,9216,780,2464,4649,37,283,1292,154,735,4301,0,540,0,0,-53,-5988,22,9216
2025/8/15,12:30,9177,784,2366,4699,38,281,1299,154,738,4262,0,534,0,0,-58,-5940,20,9177
2025/8/15,13:00,9121,780,2346,4679,37,279,1320,155,747,4228,0,521,0,0,-16,-5978,23,9121
2025/8/15,13:30,9203,786,2428,4829,36,283,1336,160,766,4079,0,482,0,0,-2,-6000,20,9203
2025/8/15,14:00,9187,782,2458,5128,34,280,1323,155,748,3806,0,456,0,0,5,-6008,20,9187
2025/8/15,14:30,9266,782,2638,5466,35,281,1321,153,731,3558,0,432,0,0,4,-6158,23,9266
2025/8/15,15:00,9165,782,2632,5762,37,279,1357,148,716,3120,0,453,0,0,3,-6144,20,9165
2025/8/15,15:30,9200,784,2742,6062,36,300,1356,145,694,2582,0,445,0,0,-2,-5968,24,9200
2025/8/15,16:00,9127,786,2718,6226,36,312,1338,143,681,2061,0,445,0,0,13,-5652,20,9127
2025/8/15,16:30,9204,786,3264,6366,37,318,1306,141,670,1453,0,444,0,0,0,-5600,19,9204
2025/8/15,17:00,9127,782,3338,6449,37,330,1295,138,663,763,0,370,0,138,9,-5206,21,9127
2025/8/15,17:30,9062,792,3292,6458,37,407,1289,139,664,313,0,328,0,140,14,-4830,19,9062
2025/8/15,18:00,8970,780,3114,6596,37,408,1286,138,665,67,0,293,0,142,12,-4590,22,8970
2025/8/15,18:30,8991,788,3160,6603,38,404,1294,141,667,0,0,271,0,140,12,-4546,19,8991
2025/8/15,19:00,8769,784,3008,6517,37,405,1294,139,671,0,0,261,0,142,12,-4518,17,8769
2025/8/15,19:30,8578,784,2988,6523,36,319,1284,141,673,0,0,187,0,142,12,-4530,19,8578
2025/8/15,20:00,8211,786,2850,6450,35,313,1208,141,675,0,0,167,0,0,2,-4434,18,8211
2025/8/15,20:30,8066,784,2808,6495,34,313,1171,138,679,0,0,168,0,0,-2,-4538,16,8066
2025/8/15,21:00,7742,786,2808,6216,33,298,1119,142,672,0,0,162,0,0,20,-4532,18,7742
2025/8/15,21:30,7580,784,2796,6305,32,287,1101,141,674,0,0,156,0,0,35,-4738,7,7580
2025/8/15,22:00,7279,786,2950,6227,30,288,1040,143,675,0,0,137,0,0,7,-5020,16,7279
2025/8/15,22:30,7132,786,3076,6145,29,297,1028,139,677,0,0,126,0,0,-2,-5182,13,7132
2025/8/15,23:00,6919,782,3054,6027,28,292,975,143,677,0,0,114,0,0,-1,-5180,8,6919
2025/8/15,23:30,6649,788,2782,5927,27,292,969,141,679,0,0,102,0,0,-1,-5062,5,6649
2025/8/16,0:00,6435,784,2246,5828,26,284,905,143,678,0,0,87,0,0,-1,-4548,3,6435
2025/8/16,0:30,6294,784,2136,5954,26,280,901,142,682,0,0,70,0,0,-2,-4682,3,6294
2025/8/16,1:00,6150,786,1998,5825,24,279,897,140,680,0,0,84,0,0,-2,-4564,3,6150
2025/8/16,1:30,5975,780,1792,5653,24,277,891,144,681,0,0,93,0,0,-3,-4360,3,5975
2025/8/16,2:00,5989,792,1928,5654,24,280,889,144,683,0,0,100,0,0,-1,-4508,4,5989
2025/8/16,2:30,6011,780,2038,5648,24,278,891,143,680,0,0,101,0,0,-3,-4572,3,6011
2025/8/16,3:00,6095,788,2068,5647,24,273,891,143,680,0,0,106,0,0,-1,-4528,4,6095
2025/8/16,3:30,6091,784,1980,5620,25,280,885,144,681,0,0,110,0,0,-1,-4420,3,6091
2025/8/16,4:00,6190,786,1952,5541,24,283,889,143,679,0,0,119,0,0,-1,-4228,3,6190
2025/8/16,4:30,6324,786,2114,5466,25,280,892,144,682,1,0,116,0,0,-1,-4184,3,6324
2025/8/16,5:00,6278,782,2256,5291,26,280,856,142,680,108,0,127,0,0,-2,-4272,4,6278
2025/8/16,5:30,6345,788,2658,5002,26,276,864,142,684,431,0,143,0,0,-1,-4672,4,6345
2025/8/16,6:00,6279,780,2708,4529,25,272,866,145,686,1070,0,127,0,0,-4,-4932,7,6279
2025/8/16,6:30,6317,790,2590,3826,26,247,903,147,700,1842,0,117,0,0,-1,-4882,12,6317
2025/8/16,7:00,6603,788,2682,3187,26,222,934,153,732,2594,0,84,0,0,-4,-4816,21,6603
2025/8/16,7:30,6888,782,2388,2972,28,223,1018,156,759,3300,0,61,0,0,-1,-4818,20,6888
2025/8/16,8:00,7297,788,2702,2728,29,223,1051,161,780,4055,0,38,0,-212,-4,-5060,18,7297
2025/8/16,8:30,7710,782,2574,2428,31,221,1074,164,780,4846,0,31,0,-220,3,-5018,14,7710
2025/8/16,9:00,8126,788,2856,2293,32,218,1120,164,778,5383,0,26,0,-222,-4,-5322,16,8126
2025/8/16,9:30,8365,782,2896,2320,31,221,1118,161,774,5567,0,25,0,-220,-5,-5324,19,8365
2025/8/16,10:00,8540,788,2900,2405,32,221,1131,159,758,5672,0,18,0,-42,-28,-5498,24,8540
2025/8/16,10:30,8694,782,2884,2436,32,224,1146,158,757,5753,0,18,0,0,-19,-5496,19,8694
2025/8/16,11:00,8829,786,2832,2503,33,224,1141,156,746,5843,0,19,0,0,-18,-5456,20,8829
2025/8/16,11:30,8965,784,2888,2511,34,224,1129,155,742,5959,0,29,0,0,-16,-5494,20,8965
2025/8/16,12:00,9046,784,2872,2677,34,228,1160,153,740,5916,0,43,0,0,-50,-5532,21,9046
2025/8/16,12:30,9081,788,2726,3042,34,225,1164,154,741,5786,0,56,0,0,-25,-5630,20,9081
2025/8/16,13:00,9080,784,2332,3441,34,228,1203,156,746,5719,0,85,0,0,-27,-5644,23,9080
2025/8/16,13:30,9154,786,2354,3752,34,259,1206,156,751,5358,0,121,0,0,-5,-5638,20,9154
2025/8/16,14:00,9115,784,2284,4303,35,270,1227,154,752,4891,0,156,0,0,-32,-5730,21,9115
2025/8/16,14:30,9165,784,2386,4729,35,274,1259,156,749,4484,0,174,0,0,-5,-5882,22,9165
2025/8/16,15:00,9095,790,2722,5182,36,276,1290,153,736,3725,0,203,0,0,0,-6038,20,9095
2025/8/16,15:30,9113,786,3240,5526,35,298,1238,147,705,2945,0,197,0,0,0,-6030,26,9113
2025/8/16,16:00,9136,784,3408,6004,37,303,1203,141,677,2092,0,148,0,0,-6,-5676,21,9136
2025/8/16,16:30,8846,784,3118,6186,36,304,1197,137,677,1303,0,111,0,0,16,-5042,19,8846
2025/8/16,17:00,8947,786,3128,6431,36,306,1223,142,686,685,0,107,0,0,10,-4616,23,8947
2025/8/16,17:30,8817,788,2996,6616,36,305,1212,142,687,272,0,97,0,0,15,-4368,19,8817
2025/8/16,18:00,8809,782,3002,6630,36,304,1202,141,680,51,0,99,0,136,16,-4292,22,8809
2025/8/16,18:30,8834,788,2948,6649,36,306,1212,139,686,0,0,80,0,142,50,-4222,20,8834
2025/8/16,19:00,8622,788,2960,6624,36,305,1202,142,689,0,0,68,0,142,43,-4394,17,8622
2025/8/16,19:30,8411,784,2922,6624,35,304,1193,141,688,0,0,58,0,142,13,-4510,17,8411
2025/8/16,20:00,8138,786,2716,6546,33,307,1139,141,688,0,0,45,0,144,1,-4424,16,8138
2025/8/16,20:30,7966,784,2768,6386,32,306,1135,142,688,0,0,38,0,140,-2,-4468,17,7966
2025/8/16,21:00,7687,788,2764,6290,31,289,1035,141,690,0,0,42,0,0,-2,-4400,19,7687
2025/8/16,21:30,7454,782,2662,6236,29,279,1022,142,688,0,0,59,0,0,-1,-4450,6,7454
2025/8/16,22:00,7318,788,2686,6191,28,277,967,142,688,0,0,85,0,0,-1,-4548,15,7318
2025/8/16,22:30,7088,786,2706,5974,27,277,960,140,688,0,0,91,0,0,-1,-4572,12,7088
2025/8/16,23:00,6987,786,2764,5923,26,276,915,142,689,0,0,98,0,0,-1,-4638,7,6987
2025/8/16,23:30,6718,784,2536,5715,25,277,917,139,690,0,0,136,0,0,-1,-4504,4,6718
2025/8/17,0:00,6560,786,2438,5806,24,278,852,141,688,0,0,173,0,0,-2,-4628,4,6560
2025/8/17,0:30,6387,784,2260,5888,23,277,846,141,688,0,0,189,0,0,-2,-4710,3,6387
2025/8/17,1:00,6187,784,2200,5862,23,279,844,141,689,0,0,172,0,0,-2,-4808,3,6187
2025/8/17,1:30,6154,788,2244,5871,23,278,841,140,688,0,0,168,0,0,-2,-4888,3,6154
2025/8/17,2:00,6137,786,1994,5865,23,277,840,139,687,0,0,171,0,0,-3,-4646,4,6137
2025/8/17,2:30,6210,782,2244,5796,23,279,845,141,689,0,0,169,0,0,-2,-4760,4,6210
2025/8/17,3:00,6244,786,2238,5646,23,278,838,141,689,0,0,207,0,0,-1,-4604,3,6244
2025/8/17,3:30,6275,784,2124,5561,23,277,837,142,686,0,0,236,0,0,-1,-4398,4,6275
2025/8/17,4:00,6321,788,2086,5468,23,278,812,142,690,0,0,224,0,0,-1,-4192,3,6321
2025/8/17,4:30,6500,782,2330,5548,24,280,805,140,679,0,0,238,0,0,-1,-4328,3,6500
2025/8/17,5:00,6454,786,2328,5549,25,280,813,141,679,100,0,257,0,0,-2,-4506,4,6454
2025/8/17,5:30,6456,784,2348,5463,24,279,829,143,683,403,0,232,0,0,-1,-4736,5,6456
2025/8/17,6:00,6421,784,2648,5229,24,275,826,142,682,936,0,230,0,0,-2,-5360,7,6421
2025/8/17,6:30,6518,788,2370,4928,24,276,839,143,684,1630,0,234,0,0,-1,-5408,11,6518
2025/8/17,7:00,6758,780,2128,4532,24,254,815,142,690,2488,0,232,0,0,-3,-5344,20,6758
2025/8/17,7:30,7083,788,2032,4015,26,225,862,147,712,3451,0,216,0,0,-1,-5408,18,7083
2025/8/17,8:00,7502,782,2534,3746,27,229,929,151,724,4350,0,241,0,0,-3,-6226,18,7502
2025/8/17,8:30,7998,784,2554,3490,29,228,964,153,731,5169,0,304,0,0,1,-6424,15,7998
2025/8/17,9:00,8398,786,2550,3288,30,228,1036,154,734,5750,0,368,0,0,-1,-6542,17,8398
2025/8/17,9:30,8705,784,2352,3272,30,229,1030,151,730,6216,0,484,0,-2,-17,-6572,18,8705
2025/8/17,10:00,9002,786,2332,3211,30,227,1048,152,720,6582,0,633,0,-210,-12,-6520,23,9002
2025/8/17,10:30,9178,788,2434,2980,31,226,1042,148,710,6842,0,728,0,-222,-16,-6532,19,9178
2025/8/17,11:00,9393,782,2638,2924,32,222,1020,144,686,6756,0,896,0,-220,-15,-6492,20,9393
2025/8/17,11:30,9571,786,2596,3006,33,225,1002,141,676,6535,0,996,0,0,-17,-6428,20,9571
2025/8/17,12:00,9630,784,2698,3175,34,225,1021,143,675,6366,0,1116,0,0,-74,-6554,21,9630
2025/8/17,12:30,9756,784,2736,3486,35,228,1032,143,679,6090,0,1250,0,0,-62,-6666,21,9756
2025/8/17,13:00,9700,790,2444,3770,34,226,1063,143,681,5861,0,1282,0,0,-24,-6592,22,9700
2025/8/17,13:30,9733,782,2046,4193,34,265,1109,142,692,5517,0,1341,0,0,2,-6410,20,9733
2025/8/17,14:00,9709,784,2432,4499,35,274,1106,144,680,4744,0,1368,0,0,-5,-6376,24,9709
2025/8/17,14:30,9653,782,2474,4942,35,274,1116,142,681,4190,0,1414,0,0,-7,-6416,26,9653
2025/8/17,15:00,9616,788,3038,5250,36,277,1151,142,688,3409,0,1343,0,0,3,-6530,21,9616
2025/8/17,15:30,9591,784,3158,5710,36,298,1182,146,696,2611,0,1352,0,0,0,-6406,24,9591
2025/8/17,16:00,9693,788,3636,5991,36,306,1218,142,676,1807,0,1176,0,0,4,-6108,21,9693
2025/8/17,16:30,9403,784,3394,6221,37,303,1214,140,668,1068,0,1113,0,0,11,-5570,20,9403
2025/8/17,17:00,9536,784,3354,6294,36,309,1224,140,674,666,0,1105,0,0,16,-5092,26,9536
2025/8/17,17:30,9573,790,3584,6425,38,308,1213,140,671,318,0,1094,0,0,11,-5040,21,9573
2025/8/17,18:00,9527,784,3268,6594,39,308,1195,138,663,63,0,1050,0,138,10,-4744,21,9527
2025/8/17,18:30,9577,784,3510,6616,39,301,1190,138,663,0,0,1011,0,146,46,-4888,21,9577
2025/8/17,19:00,9393,788,3264,6656,39,304,1146,137,664,0,0,1009,0,142,41,-4814,17,9393
2025/8/17,19:30,9155,784,3024,6696,38,302,1138,138,666,0,0,986,0,142,13,-4790,18,9155
2025/8/17,20:00,9009,784,3022,6686,37,301,1090,139,666,0,0,952,0,0,1,-4686,17,9009
2025/8/17,20:30,8680,782,2780,6417,36,306,1070,137,666,0,0,869,0,0,-2,-4400,19,8680
2025/8/17,21:00,8487,788,2920,6261,34,290,999,138,665,0,0,842,0,0,-1,-4468,19,8487
2025/8/17,21:30,8232,784,2942,6162,33,279,997,138,664,0,0,814,0,0,-1,-4588,8,8232
2025/8/17,22:00,7903,786,2650,6184,32,284,962,138,666,0,0,791,0,0,-1,-4604,15,7903
2025/8/17,22:30,7722,782,2790,6182,31,283,957,137,663,0,0,689,0,0,-1,-4804,13,7722
2025/8/17,23:00,7490,788,2782,6106,30,282,941,137,663,0,0,658,0,0,-2,-4902,7,7490
2025/8/17,23:30,7296,786,2844,6014,29,281,921,138,659,0,0,575,0,0,-2,-4954,5,7296
2025/8/18,0:00,7043,782,2742,5957,27,282,854,138,661,0,0,518,0,0,-1,-4920,3,7043
2025/8/18,0:30,6747,786,2472,5704,28,302,857,136,662,0,0,422,0,0,-3,-4622,3,6747
2025/8/18,1:00,6689,784,2322,5791,26,307,857,138,662,0,0,356,0,-208,-3,-4346,3,6689
2025/8/18,1:30,6613,788,2092,5986,26,305,863,139,659,0,0,334,0,-220,-2,-4360,3,6613
2025/8/18,2:00,6578,782,2058,5957,26,306,860,140,663,0,0,308,0,-222,-2,-4302,4,6578
2025/8/18,2:30,6593,784,2074,5855,26,303,873,138,664,0,0,290,0,-220,-2,-4196,4,6593
2025/8/18,3:00,6697,784,2296,5976,26,304,886,140,664,0,0,258,0,-218,-2,-4420,3,6697
2025/8/18,3:30,6736,786,2478,5807,26,305,892,140,661,0,0,258,0,-220,-1,-4400,4,6736
2025/8/18,4:00,6844,784,2308,5676,26,304,900,140,660,0,0,244,0,-220,-1,-3980,3,6844
2025/8/18,4:30,6986,786,2386,5761,27,309,908,140,662,0,0,200,0,-220,-2,-3974,3,6986
2025/8/18,5:00,7060,780,2436,5811,28,307,926,138,659,73,0,155,0,0,-1,-4256,4,7060
2025/8/18,5:30,7286,788,2624,5911,29,308,945,140,661,322,0,121,0,0,-1,-4566,4,7286
2025/8/18,6:00,7386,784,2716,6020,29,312,953,141,665,804,0,82,0,0,-5,-5122,7,7386
2025/8/18,6:30,7758,786,2520,6095,30,309,987,142,670,1472,0,76,0,0,-1,-5342,14,7758
2025/8/18,7:00,8271,784,2316,5843,30,313,1054,142,678,2173,0,59,0,0,-14,-5128,21,8271
2025/8/18,7:30,8976,780,2380,5631,33,311,1099,145,689,2968,0,62,0,0,-22,-5118,18,8976
2025/8/18,8:00,9894,788,2852,5740,35,312,1152,148,697,3725,0,63,0,0,-8,-5626,16,9894
2025/8/18,8:30,10759,782,3102,5852,37,311,1163,150,697,4372,0,58,0,0,-18,-5760,13,10759
2025/8/18,9:00,11166,782,2940,5816,38,308,1139,150,701,5059,0,45,0,0,-20,-5808,16,11166
2025/8/18,9:30,11639,780,3186,5809,39,299,1148,147,700,5601,0,46,0,0,-15,-6120,19,11639
2025/8/18,10:00,11684,778,3062,5714,38,299,1167,146,683,5981,0,62,0,0,-2,-6260,16,11684
2025/8/18,10:30,12033,788,3156,5784,38,300,1121,144,665,6145,0,88,0,0,-3,-6208,15,12033
2025/8/18,11:00,12119,776,3158,5775,39,301,1099,143,657,6282,0,92,0,0,-14,-6204,15,12119
2025/8/18,11:30,12289,782,3302,5804,39,304,1111,141,662,6217,0,121,0,0,-23,-6186,15,12289
2025/8/18,12:00,11969,782,3576,5509,39,305,1119,143,670,5947,0,138,0,0,-40,-6232,13,11969
2025/8/18,12:30,11974,780,3620,5660,39,301,1137,145,684,5744,0,166,0,0,-39,-6272,9,11974
2025/8/18,13:00,12334,778,3942,5877,39,307,1170,147,692,5542,0,158,0,0,-2,-6330,14,12334
2025/8/18,13:30,12434,786,4000,6111,39,307,1196,148,704,5226,0,171,0,0,1,-6264,9,12434
2025/8/18,14:00,12417,788,4202,6269,39,307,1182,150,706,4803,0,194,0,0,-2,-6234,13,12417
2025/8/18,14:30,12471,784,4654,6489,41,319,1179,147,698,4201,0,216,0,0,3,-6276,16,12471
2025/8/18,15:00,12209,788,4688,6626,41,406,1224,147,693,3688,0,209,0,0,-2,-6312,13,12209
2025/8/18,15:30,12252,782,5192,6846,40,428,1180,140,672,2992,0,206,0,0,2,-6242,14,12252
2025/8/18,16:00,12221,784,5396,6944,41,421,1206,142,662,2220,0,172,0,0,-3,-5782,18,12221
2025/8/18,16:30,11926,786,5792,7008,41,427,1170,137,648,1474,0,147,0,0,-11,-5702,9,11926
2025/8/18,17:00,11423,784,5598,7004,40,426,1174,136,644,776,0,135,0,0,7,-5320,19,11423
2025/8/18,17:30,11117,784,5546,7017,40,422,1176,133,646,285,0,95,0,0,16,-5058,15,11117
2025/8/18,18:00,10947,786,5510,7014,41,426,1174,137,646,53,0,55,0,200,15,-5130,20,10947
2025/8/18,18:30,10941,784,5798,6981,41,422,1173,137,647,0,0,35,0,230,18,-5342,17,10941
2025/8/18,19:00,10612,784,5670,6958,40,426,1166,137,650,0,0,34,0,228,52,-5554,21,10612
2025/8/18,19:30,10222,782,5310,6949,38,422,1154,135,649,0,0,26,0,230,43,-5528,12,10222
2025/8/18,20:00,10027,786,5442,6970,37,410,1057,137,649,0,0,28,0,228,15,-5750,18,10027
2025/8/18,20:30,9620,780,4944,6932,36,416,1035,137,650,0,0,31,0,226,1,-5582,14,9620
2025/8/18,21:00,9369,784,4668,6747,34,411,953,136,651,0,0,51,0,0,-1,-5078,13,9369
2025/8/18,21:30,9003,784,4374,6647,32,325,941,136,652,0,0,55,0,0,-2,-4948,7,9003
2025/8/18,22:00,8791,782,4482,6458,31,314,918,138,651,0,0,74,0,0,-2,-5070,15,8791
2025/8/18,22:30,8481,786,4238,6268,29,319,918,138,651,0,0,99,0,0,-2,-4976,13,8481
2025/8/18,23:00,8298,786,4164,6110,29,314,902,138,655,0,0,116,0,0,-1,-4922,7,8298
2025/8/18,23:30,8005,780,3720,6054,28,316,884,135,655,0,0,138,0,0,-1,-4708,4,8005
2025/8/19,0:00,7769,786,3524,5980,26,316,809,138,656,0,0,167,0,0,-2,-4634,3,7769
2025/8/19,0:30,7565,782,3398,5926,26,310,804,138,656,0,0,194,0,0,-2,-4670,3,7565
2025/8/19,1:00,7400,786,3016,5855,25,313,832,137,653,0,0,211,0,0,-3,-4428,3,7400
2025/8/19,1:30,7387,784,3210,5955,24,307,827,136,653,0,0,214,0,0,-2,-4724,3,7387
2025/8/19,2:00,7317,788,3324,5955,24,309,831,135,655,0,0,225,0,0,-2,-4930,3,7317
2025/8/19,2:30,7339,780,3304,6017,25,307,832,136,661,0,0,242,0,0,-2,-4966,3,7339
2025/8/19,3:00,7416,786,3204,6011,24,308,823,136,678,0,0,242,0,0,-1,-4798,3,7416
2025/8/19,3:30,7427,784,3264,5972,25,312,821,137,683,0,0,259,0,0,-1,-4832,3,7427
2025/8/19,4:00,7556,784,3538,5911,25,307,824,135,687,0,0,265,0,0,-1,-4922,3,7556
2025/8/19,4:30,7618,786,3516,5868,26,310,823,137,688,0,0,260,0,0,-1,-4798,3,7618
2025/8/19,5:00,7737,784,3864,5748,27,313,780,135,687,100,0,268,0,0,-2,-4970,3,7737
2025/8/19,5:30,7700,786,3574,5779,27,310,796,138,694,416,0,263,0,0,-1,-5086,4,7700
2025/8/19,6:00,7771,782,3392,5759,29,306,782,139,694,976,0,283,0,0,-2,-5376,7,7771
2025/8/19,6:30,8133,784,3198,5826,28,309,775,134,682,1626,0,317,0,0,-1,-5558,13,8133
2025/8/19,7:00,8591,784,2952,5836,29,309,757,134,680,2412,0,315,0,0,0,-5638,21,8591
2025/8/19,7:30,9202,784,2942,5638,31,312,802,136,696,3202,0,318,0,0,0,-5678,19,9202
2025/8/19,8:00,10156,782,3344,5768,34,310,938,145,733,3961,0,350,0,0,-4,-6220,15,10156
2025/8/19,8:30,11040,784,3392,6052,37,311,974,149,736,4393,0,439,0,0,-2,-6238,13,11040
2025/8/19,9:00,11597,780,3502,6307,38,297,993,151,742,4601,0,592,0,-212,-3,-6206,15,11597
2025/8/19,9:30,11804,782,3274,6403,39,293,1002,149,749,4733,0,735,0,-220,-18,-6136,19,11804
2025/8/19,10:00,12001,780,3056,6153,38,294,1021,140,740,4959,0,877,0,-220,-14,-5840,17,12001
2025/8/19,10:30,12282,782,3268,6258,38,292,993,138,726,5227,0,960,0,-222,-19,-6174,15,12282
2025/8/19,11:00,12421,786,3390,6035,38,290,979,136,716,5594,0,1002,0,-218,-14,-6330,17,12421
2025/8/19,11:30,12469,780,3500,5851,40,295,943,134,694,5779,0,1075,0,-220,-22,-6396,16,12469
2025/8/19,12:00,12182,784,3798,5553,39,292,920,131,689,5375,0,1151,0,-220,-56,-6286,12,12182
2025/8/19,12:30,12215,780,3740,5914,39,294,940,134,697,4892,0,1136,0,0,-65,-6294,8,12215
2025/8/19,13:00,12592,782,4112,6212,40,299,960,135,697,4526,0,1110,0,0,-14,-6282,15,12592
2025/8/19,13:30,12713,784,4128,6461,41,303,970,137,705,4273,0,1078,0,0,-5,-6170,8,12713
2025/8/19,14:00,12828,782,4210,6580,41,309,941,132,695,4228,0,1030,0,0,1,-6134,13,12828
2025/8/19,14:30,12708,790,4334,6663,42,316,939,133,686,3981,0,1020,0,0,-9,-6196,9,12708
2025/8/19,15:00,12663,782,4514,6660,42,407,963,131,678,3652,0,1044,0,0,4,-6230,16,12663
2025/8/19,15:30,12727,782,5090,6741,42,415,949,126,662,2889,0,1075,0,136,-1,-6194,15,12727
2025/8/19,16:00,12689,784,5440,6778,42,417,996,127,655,2086,0,1120,0,142,1,-5916,17,12689
2025/8/19,16:30,12450,784,5818,6809,42,419,1000,127,651,1341,0,1080,0,142,12,-5784,9,12450
2025/8/19,17:00,12000,778,5876,6852,41,415,1036,130,664,707,0,1042,0,140,16,-5716,19,12000
2025/8/19,17:30,11775,788,6058,6774,41,415,1046,129,668,279,0,1058,0,142,11,-5650,16,11775
2025/8/19,18:00,11541,782,5766,6728,41,417,1046,131,668,53,0,1115,0,142,12,-5380,20,11541
2025/8/19,18:30,11581,784,5978,6690,42,420,1064,130,670,0,0,1092,0,142,14,-5462,17,11581
2025/8/19,19:00,11139,784,5846,6616,41,409,1048,131,674,0,0,1008,0,144,12,-5590,16,11139
2025/8/19,19:30,10935,784,5916,6583,40,404,1046,128,676,0,0,979,0,142,13,-5788,12,10935
2025/8/19,20:00,10466,788,5768,6593,39,406,939,130,679,0,0,972,0,226,32,-6124,18,10466
2025/8/19,20:30,10258,782,5720,6556,38,404,915,130,677,0,0,1002,0,142,34,-6156,14,10258
2025/8/19,21:00,9850,784,5534,6537,36,405,861,130,677,0,0,1004,0,2,-1,-6132,13,9850
2025/8/19,21:30,9529,780,5406,6503,35,313,830,127,678,0,0,1031,0,0,-1,-6180,7,9529
2025/8/19,22:00,9162,788,4580,6340,33,306,794,130,679,0,0,1033,0,0,-1,-5536,16,9162
2025/8/19,22:30,8929,784,4420,6276,31,309,790,130,680,0,0,1019,0,0,-2,-5522,14,8929
2025/8/19,23:00,8673,786,4150,6137,31,305,780,128,684,0,0,1003,0,0,-1,-5336,6,8673
2025/8/19,23:30,8398,784,3810,6135,30,307,768,130,681,0,0,995,0,0,-2,-5244,4,8398
2025/8/20,0:00,8097,782,3290,6067,29,310,750,130,682,0,0,960,0,0,-2,-4904,3,8097
2025/8/20,0:30,7763,786,2916,5996,28,301,745,130,677,0,0,954,0,0,-3,-4770,3,7763
2025/8/20,1:00,7676,786,2792,6005,27,298,731,129,680,0,0,899,0,0,-2,-4672,3,7676
2025/8/20,1:30,7577,784,2750,6092,27,301,735,130,681,0,0,902,0,0,-2,-4826,3,7577
2025/8/20,2:00,7483,780,2646,6109,27,302,716,130,686,0,0,907,0,0,-3,-4820,3,7483
2025/8/20,2:30,7533,786,2694,6106,27,299,720,131,682,0,0,875,0,0,-2,-4788,3,7533
2025/8/20,3:00,7538,782,2546,6055,27,300,714,128,681,0,0,904,0,0,-2,-4600,3,7538
2025/8/20,3:30,7587,786,2476,6063,26,301,709,130,683,0,0,929,0,0,-1,-4518,3,7587
2025/8/20,4:00,7670,784,2380,5973,27,298,715,131,680,0,0,1002,0,0,-1,-4322,3,7670
2025/8/20,4:30,7840,782,2500,6084,27,301,718,128,685,0,0,1010,0,0,-2,-4396,3,7840
2025/8/20,5:00,7907,786,2724,5997,29,301,722,130,682,82,0,949,0,0,-2,-4496,3,7907
2025/8/20,5:30,7978,784,2578,5982,29,301,731,131,686,357,0,970,0,0,-1,-4574,4,7978
2025/8/20,6:00,7982,784,2724,6025,29,301,732,131,689,878,0,968,0,0,-1,-5284,6,7982
2025/8/20,6:30,8427,782,2576,6030,30,302,755,131,695,1514,0,959,0,0,-3,-5360,16,8427
2025/8/20,7:00,8929,780,2688,6070,32,307,773,133,700,2124,0,931,0,-212,-1,-5418,22,8929
2025/8/20,7:30,9557,786,2990,5959,34,306,780,133,697,2659,0,861,0,-220,-6,-5440,18,9557
2025/8/20,8:00,10504,780,3282,6132,37,308,843,136,707,3295,0,795,0,0,6,-5832,15,10504
2025/8/20,8:30,11272,784,3298,6179,39,309,886,135,708,3953,0,814,0,0,-7,-5840,14,11272
2025/8/20,9:00,11781,782,3440,6023,40,307,929,139,710,4388,0,855,0,0,-13,-5834,15,11781
2025/8/20,9:30,12241,784,3630,6067,40,310,929,138,709,4683,0,813,0,0,-18,-5862,18,12241
2025/8/20,10:00,12318,778,3354,6277,40,305,939,138,697,4923,0,784,0,0,-19,-5914,16,12318
2025/8/20,10:30,12617,784,3428,6364,41,305,935,134,694,5138,0,777,0,0,-18,-5980,15,12617
2025/8/20,11:00,12665,782,3470,6361,41,307,925,137,690,5205,0,797,0,0,-16,-6046,12,12665
2025/8/20,11:30,12786,784,3648,6360,41,305,918,134,686,5077,0,895,0,0,-1,-6076,15,12786
2025/8/20,12:00,12410,784,3710,6329,42,305,901,134,683,4967,0,873,0,0,-34,-6296,12,12410
2025/8/20,12:30,12389,782,3920,6394,42,310,916,132,682,4719,0,801,0,0,-55,-6262,8,12389
2025/8/20,13:00,12751,778,4314,6510,42,305,929,135,685,4372,0,725,0,0,-35,-6024,15,12751
2025/8/20,13:30,12838,782,4722,6244,42,314,944,136,686,4227,0,741,0,0,-15,-5994,9,12838
2025/8/20,14:00,12854,782,5228,6342,43,329,941,135,683,4065,0,508,0,0,-2,-6214,14,12854
2025/8/20,14:30,12718,780,5318,6420,44,409,940,134,676,3632,0,384,0,0,8,-6036,9,12718
2025/8/20,15:00,12674,782,5912,6493,44,410,920,133,670,2989,0,361,0,0,-6,-6048,14,12674
2025/8/20,15:30,12595,782,6314,6509,43,413,928,132,667,2401,0,305,0,0,-1,-5912,14,12595
2025/8/20,16:00,12532,784,5954,6559,43,419,978,127,662,1738,0,288,0,0,13,-5050,17,12532
2025/8/20,16:30,12218,780,5460,6601,43,417,978,129,660,1154,0,367,0,134,16,-4530,9,12218
2025/8/20,17:00,11914,784,5294,6616,42,423,1006,130,669,602,0,321,0,142,14,-4148,19,11914
2025/8/20,17:30,11763,680,5532,6646,42,416,1013,131,669,243,0,316,0,142,12,-4096,17,11763
2025/8/20,18:00,11540,566,5750,6638,42,415,1014,128,668,41,0,394,0,144,40,-4318,18,11540
2025/8/20,18:30,11521,518,5802,6645,43,417,1018,131,673,0,0,561,0,142,48,-4494,17,11521
2025/8/20,19:00,11218,414,5958,6642,42,415,1012,131,674,0,0,602,0,142,20,-4854,20,11218
2025/8/20,19:30,11007,366,6334,6619,41,413,1011,131,673,0,0,575,0,142,0,-5310,12,11007
2025/8/20,20:00,10592,358,6226,6583,39,409,951,128,675,0,0,587,0,0,-2,-5380,18,10592
2025/8/20,20:30,10301,330,6018,6556,38,413,930,130,672,0,0,660,0,0,-1,-5458,13,10301
2025/8/20,21:00,9955,224,6016,6547,36,412,886,131,675,0,0,696,0,0,-3,-5678,13,9955
2025/8/20,21:30,9632,194,5562,6550,35,323,880,131,667,0,0,702,0,0,-1,-5418,7,9632
2025/8/20,22:00,9433,122,5794,6285,33,375,810,128,668,0,0,679,0,0,-2,-5474,15,9433
2025/8/20,22:30,9034,100,5352,6103,32,376,794,130,669,0,0,778,0,0,-2,-5312,14,9034
2025/8/20,23:00,8833,100,4936,5951,32,326,794,130,670,0,0,922,0,0,-2,-5032,6,8833
2025/8/20,23:30,8548,68,4534,5911,31,320,798,131,669,0,0,972,0,0,-2,-4888,4,8548
2025/8/21,0:00,8219,34,4034,5936,29,318,743,128,670,0,0,1008,0,0,-14,-4670,3,8219
2025/8/21,0:30,8033,0,4022,5949,29,309,735,130,668,0,0,966,0,0,-2,-4776,3,8033
2025/8/21,1:00,7935,0,3780,5950,27,303,741,131,669,0,0,1007,0,0,-3,-4672,2,7935
2025/8/21,1:30,7849,0,3712,5957,27,310,740,128,676,0,0,997,0,0,-1,-4700,3,7849
2025/8/21,2:00,7780,0,3822,5960,27,305,749,130,675,0,0,960,0,0,-3,-4848,3,7780
2025/8/21,2:30,7778,0,3846,5953,27,306,755,131,679,0,0,909,0,0,-1,-4830,3,7778
2025/8/21,3:00,7849,0,4088,5857,27,306,767,131,678,0,0,826,0,0,-2,-4832,3,7849
2025/8/21,3:30,7782,0,3864,5947,27,306,768,129,681,0,0,690,0,0,-1,-4632,3,7782
2025/8/21,4:00,7958,0,3852,6004,28,304,771,131,681,0,0,620,0,0,-2,-4434,3,7958
2025/8/21,4:30,8034,0,3940,6000,28,306,771,131,683,0,0,579,0,0,-1,-4406,3,8034
2025/8/21,5:00,8193,0,4210,6015,29,315,756,130,678,81,0,503,0,0,-1,-4526,3,8193
2025/8/21,5:30,8032,0,3624,5908,30,315,770,129,684,387,0,476,0,0,-1,-4294,4,8032
2025/8/21,6:00,8262,0,3452,5979,30,311,789,131,682,883,0,470,0,0,-5,-4466,6,8262
2025/8/21,6:30,8610,0,3356,6069,31,310,781,129,675,1541,0,452,0,-212,-2,-4536,16,8610
2025/8/21,7:00,9100,0,2936,6156,32,303,872,130,677,2458,0,469,0,-222,0,-4732,21,9100
2025/8/21,7:30,9804,0,2922,5938,35,304,957,132,705,3350,0,492,0,-220,-1,-4828,18,9804
2025/8/21,8:00,10670,0,3318,6102,37,304,1079,141,732,4066,0,477,0,-222,-11,-5368,15,10670
2025/8/21,8:30,11669,0,3780,6221,39,308,1120,141,730,4744,0,481,0,-220,-6,-5682,13,11669
2025/8/21,9:00,12063,0,3918,6221,40,315,1125,144,739,5161,0,480,0,-220,-1,-5874,15,12063
2025/8/21,9:30,12378,0,4014,6358,41,308,1100,140,731,5448,0,533,0,-222,-2,-6090,19,12378
2025/8/21,10:00,12432,0,3790,6322,42,314,1092,141,729,5740,0,592,0,-220,-4,-6122,16,12432
2025/8/21,10:30,12703,0,3942,6166,41,312,1094,140,723,5997,0,589,0,-220,-16,-6080,15,12703
2025/8/21,11:00,12768,0,4250,6071,41,308,1102,140,723,5852,0,603,0,-220,-18,-6096,12,12768
2025/8/21,11:30,12795,0,4208,6072,42,317,1091,137,721,5925,0,607,0,-220,-32,-6088,15,12795
2025/8/21,12:00,12440,0,3890,6025,41,321,1074,137,709,5982,0,594,0,-222,-62,-6060,11,12440
2025/8/21,12:30,12434,0,3974,6138,41,321,1101,138,718,5703,0,597,0,-220,-48,-6036,7,12434
2025/8/21,13:00,12874,0,4498,6241,42,325,1114,140,721,5335,0,585,0,0,-16,-6126,15,12874
2025/8/21,13:30,12783,0,4740,6294,42,367,1136,140,740,4946,0,584,0,0,-2,-6212,8,12783
2025/8/21,14:00,12872,0,4988,6313,43,390,1114,138,728,4779,0,576,0,0,1,-6210,12,12872
2025/8/21,14:30,12858,0,5380,6345,43,480,1127,138,720,4274,0,553,0,0,9,-6220,9,12858
2025/8/21,15:00,12712,0,5548,6320,43,470,1173,139,731,3688,0,521,0,0,-2,-5932,13,12712
2025/8/21,15:30,12653,0,5522,6325,42,474,1141,134,714,3070,0,486,0,138,-1,-5406,14,12653
2025/8/21,16:00,12712,0,5972,6414,43,474,1141,133,699,2322,0,450,0,142,11,-5106,17,12712
2025/8/21,16:30,12416,0,6244,6445,42,472,1117,129,674,1463,0,394,0,142,-1,-4714,9,12416
2025/8/21,17:00,12021,0,6174,6462,42,480,1127,131,671,746,0,387,0,140,10,-4368,19,12021
2025/8/21,17:30,11716,0,6212,6413,42,478,1128,129,675,252,0,380,0,140,12,-4160,15,11716
2025/8/21,18:00,11546,0,6338,6169,42,471,1125,131,679,32,0,342,0,228,13,-4044,20,11546
2025/8/21,18:30,11401,0,6272,6095,42,473,1132,132,684,0,0,285,0,226,12,-3968,16,11401
2025/8/21,19:00,11056,0,5878,5929,41,469,1135,132,683,0,0,283,0,228,13,-3752,17,11056
2025/8/21,19:30,10685,0,5706,5879,40,473,1130,130,683,0,0,267,0,228,13,-3876,12,10685
2025/8/21,20:00,10329,0,5742,5848,37,472,1052,133,684,0,0,247,0,230,1,-4136,19,10329
2025/8/21,20:30,10134,0,5978,5863,36,473,1042,133,687,0,0,210,0,226,-1,-4526,13,10134
2025/8/21,21:00,9670,0,5772,5852,34,465,970,133,686,0,0,198,0,0,26,-4480,14,9670
2025/8/21,21:30,9365,0,5584,5779,33,443,941,133,687,0,0,175,0,0,35,-4452,7,9365
2025/8/21,22:00,9007,0,5186,5650,31,383,917,132,688,0,0,156,0,0,1,-4152,15,9007
2025/8/21,22:30,8806,0,5246,5526,30,373,914,133,686,0,0,155,0,0,-1,-4270,14,8806
2025/8/21,23:00,8609,0,5132,5418,30,318,897,134,689,0,0,141,0,0,-1,-4156,7,8609
2025/8/21,23:30,8168,0,4402,5275,28,306,888,133,690,0,0,107,0,0,-1,-3664,4,8168
2025/8/22,0:00,7976,0,4424,5182,27,311,830,134,692,0,0,85,0,0,0,-3712,3,7976
2025/8/22,0:30,7759,0,4254,5171,26,307,823,132,688,0,0,85,0,0,-2,-3728,3,7759
2025/8/22,1:00,7665,0,3854,5174,25,310,823,134,688,0,0,81,0,0,-2,-3424,2,7665
2025/8/22,1:30,7476,0,3380,5170,25,309,818,134,688,0,0,81,0,0,-2,-3130,3,7476
2025/8/22,2:00,7503,0,3920,5181,25,309,807,134,690,0,0,76,0,0,-2,-3640,3,7503
2025/8/22,2:30,7447,0,3684,5164,25,311,806,134,688,0,0,66,0,0,-16,-3418,3,7447
2025/8/22,3:00,7536,0,3800,5176,25,306,807,135,689,0,0,67,0,-212,-16,-3244,3,7536
2025/8/22,3:30,7524,0,3814,5182,25,311,805,133,686,0,0,71,0,-220,-16,-3270,3,7524
2025/8/22,4:00,7668,0,3820,5169,25,308,801,135,689,0,0,70,0,-222,-16,-3114,3,7668
2025/8/22,4:30,7785,0,3834,5186,27,308,805,134,693,0,0,84,0,-220,-15,-3054,3,7785
2025/8/22,5:00,7751,0,3800,5167,27,309,791,134,688,56,0,77,0,-220,-15,-3066,3,7751
2025/8/22,5:30,7823,0,3852,5152,28,311,795,134,686,318,0,65,0,-220,-16,-3286,4,7823
2025/8/22,6:00,7842,0,4062,5083,28,313,791,132,685,869,0,57,0,-220,-16,-3948,6,7842
2025/8/22,6:30,8199,0,3944,5117,29,310,774,132,684,1636,0,49,0,-220,-4,-4270,18,8199
2025/8/22,7:00,8610,0,3966,5080,30,317,822,133,693,2451,0,41,0,-220,-1,-4724,22,8610
2025/8/22,7:30,9150,0,3712,5171,32,319,850,136,703,3200,0,32,0,-218,-5,-4800,18,9150
2025/8/22,8:00,10052,0,4146,5176,34,318,926,139,712,3863,0,24,0,-220,4,-5086,16,10052
2025/8/22,8:30,10859,0,4170,5276,38,318,942,137,715,4536,0,18,0,-218,-6,-5080,13,10859
2025/8/22,9:00,11369,0,3954,5108,39,309,936,141,713,5316,0,13,0,-2,3,-5176,15,11369
2025/8/22,9:30,11731,0,3768,4962,40,302,965,142,717,5960,0,7,0,0,-3,-5148,19,11731
2025/8/22,10:00,11998,0,3982,4834,40,303,951,143,710,6405,0,4,0,0,-2,-5386,14,11998
2025/8/22,10:30,12299,0,4114,4966,40,302,934,138,701,6530,0,4,0,0,-5,-5442,17,12299
2025/8/22,11:00,12440,0,4376,5009,41,301,937,139,694,6494,0,5,0,0,-4,-5564,12,12440
2025/8/22,11:30,12558,0,4406,5105,42,300,939,138,695,6425,0,7,0,0,-8,-5502,11,12558
2025/8/22,12:00,12299,0,4358,5162,42,306,975,139,704,6188,0,13,0,0,-40,-5564,16,12299
2025/8/22,12:30,12363,0,4708,5268,42,304,994,139,712,5812,0,20,0,0,-33,-5614,11,12363
2025/8/22,13:00,12638,0,5290,5495,42,301,1018,141,712,5177,0,26,0,0,-8,-5572,16,12638
2025/8/22,13:30,12881,0,5788,5558,42,389,1023,142,714,4859,0,23,0,0,-1,-5670,14,12881
2025/8/22,14:00,12807,0,6222,5592,43,414,1047,142,717,4345,0,30,0,0,4,-5762,13,12807
2025/8/22,14:30,12714,0,6208,5605,44,421,1083,142,727,3844,0,35,0,206,6,-5622,15,12714
2025/8/22,15:00,12635,0,6408,5634,43,423,1025,136,694,3301,0,45,0,230,5,-5322,13,12635
2025/8/22,15:30,12525,0,6314,5659,43,422,1005,135,682,2624,0,54,0,228,-1,-4654,14,12525
2025/8/22,16:00,12517,0,6522,5682,44,415,990,129,658,1833,0,69,0,232,-4,-4072,19,12517
2025/8/22,16:30,12274,0,6710,5667,44,414,1011,128,663,1121,0,78,0,228,16,-3820,14,12274
2025/8/22,17:00,11862,0,6512,5675,43,417,1042,131,672,596,0,79,0,228,14,-3566,19,11862
2025/8/22,17:30,11507,0,6292,5702,43,419,1040,131,672,246,0,95,0,230,14,-3396,19,11507
2025/8/22,18:00,11319,0,6234,5731,42,417,1027,131,671,32,0,106,0,146,13,-3254,23,11319
2025/8/22,18:30,11335,0,6514,5701,42,418,1028,128,672,0,0,103,0,140,13,-3442,18,11335
2025/8/22,19:00,10851,0,6360,5671,41,421,1013,130,673,0,0,118,0,142,12,-3750,20,10851
2025/8/22,19:30,10700,0,6606,5669,39,417,1011,131,674,0,0,135,0,142,16,-4152,12,10700
2025/8/22,20:00,10365,0,6598,5677,37,414,969,130,678,0,0,162,0,142,37,-4500,21,10365
2025/8/22,20:30,9935,0,6202,5658,36,413,957,128,679,0,0,197,0,0,26,-4376,15,9935
2025/8/22,21:00,9677,0,6090,5625,35,412,909,131,678,0,0,220,0,0,-1,-4438,16,9677
2025/8/22,21:30,9347,0,5758,5638,33,331,909,130,679,0,0,219,0,0,-1,-4356,7,9347
2025/8/22,22:00,9092,0,5966,5451,32,372,890,131,678,0,0,209,0,0,-2,-4650,15,9092
2025/8/22,22:30,8808,0,5788,5291,30,328,877,128,678,0,0,205,0,0,-1,-4530,14,8808
2025/8/22,23:00,8551,0,5274,5146,30,326,850,131,683,0,0,203,0,0,-2,-4098,8,8551
2025/8/22,23:30,8274,0,4526,5118,29,378,842,130,688,0,0,211,0,0,-2,-3650,4,8274
2025/8/23,0:00,7950,0,3824,5118,27,315,873,130,692,0,0,239,0,0,-15,-3256,3,7950
2025/8/23,0:30,7759,0,3770,5092,26,298,871,129,692,0,0,260,0,0,-2,-3380,3,7759
2025/8/23,1:00,7536,0,3884,5134,25,295,871,131,690,0,0,261,0,0,-2,-3756,3,7536
2025/8/23,1:30,7434,0,3684,5187,25,296,872,130,688,0,0,262,0,0,-3,-3710,3,7434
2025/8/23,2:00,7374,0,3540,5173,25,298,861,129,685,0,0,264,0,0,-2,-3602,3,7374
2025/8/23,2:30,7355,0,3494,5168,26,289,864,130,684,0,0,279,0,0,-2,-3580,3,7355
2025/8/23,3:00,7399,0,3342,5134,26,296,848,130,682,0,0,293,0,0,-3,-3352,3,7399
2025/8/23,3:30,7371,0,3252,5157,25,292,850,130,684,0,0,331,0,0,-1,-3352,3,7371
2025/8/23,4:00,7489,0,3306,5170,26,292,847,128,683,0,0,372,0,0,-2,-3336,3,7489
2025/8/23,4:30,7529,0,3344,5174,27,291,838,130,683,0,0,418,0,0,-1,-3378,3,7529
2025/8/23,5:00,7540,0,3176,5183,27,291,838,130,682,93,0,424,0,0,-2,-3306,4,7540
2025/8/23,5:30,7598,0,3116,5159,27,293,849,131,692,388,0,432,0,0,-1,-3492,4,7598
2025/8/23,6:00,7483,0,3350,5246,27,294,825,127,685,863,0,450,0,0,0,-4390,6,7483
2025/8/23,6:30,7790,0,3264,5122,28,294,819,127,674,1608,0,437,0,0,-4,-4592,13,7790
2025/8/23,7:00,8029,0,3072,4924,29,292,844,130,680,2404,0,401,0,0,-4,-4764,21,8029
2025/8/23,7:30,8405,0,2568,4599,31,287,895,135,697,3295,0,380,0,0,-6,-4494,18,8405
2025/8/23,8:00,9085,0,2908,4653,33,291,921,137,719,4159,0,404,0,0,-16,-5140,16,9085
2025/8/23,8:30,9708,0,3248,4198,35,292,945,141,728,4921,0,467,0,0,-9,-5272,14,9708
2025/8/23,9:00,10223,0,3222,4052,37,294,914,143,724,5515,0,593,0,0,-15,-5272,16,10223
2025/8/23,9:30,10598,0,3128,3963,38,289,897,139,718,5986,0,697,0,0,-2,-5274,19,10598
2025/8/23,10:00,10859,0,3320,3815,38,293,869,139,706,6374,0,758,0,-212,-3,-5254,16,10859
2025/8/23,10:30,11111,0,3302,3851,39,292,836,136,694,6665,0,816,0,-222,-18,-5296,16,11111
2025/8/23,11:00,11299,0,3198,3955,40,294,810,134,689,6803,0,918,0,-222,-50,-5286,16,11299
2025/8/23,11:30,11441,0,3394,4018,40,297,800,130,688,6712,0,903,0,-222,-40,-5296,17,11441
2025/8/23,12:00,11453,0,3508,4060,41,299,808,133,690,6600,0,890,0,-222,-19,-5354,19,11453
2025/8/23,12:30,11405,0,3608,4096,40,293,838,134,689,6407,0,855,0,-220,-9,-5338,12,11405
2025/8/23,13:00,11484,0,3534,4190,41,366,869,133,689,6095,0,833,0,0,-19,-5266,19,11484
2025/8/23,13:30,11529,0,3876,4288,41,305,879,135,691,5677,0,820,0,0,-17,-5182,16,11529
2025/8/23,14:00,11499,0,3972,4496,42,359,922,135,693,5233,0,771,0,0,-1,-5136,13,11499
2025/8/23,14:30,11511,0,4482,4743,42,366,921,134,683,4517,0,709,0,0,9,-5104,9,11511
2025/8/23,15:00,11391,0,5028,4867,42,385,924,128,667,3810,0,637,0,0,-3,-5108,14,11391
2025/8/23,15:30,11427,0,5936,4893,42,381,910,128,652,2994,0,638,0,0,-1,-5166,20,11427
2025/8/23,16:00,11346,0,6260,4949,42,391,944,128,647,2132,0,639,0,0,-1,-4802,17,11346
2025/8/23,16:30,11229,0,6456,5032,43,397,937,125,645,1299,0,652,0,0,15,-4386,14,11229
2025/8/23,17:00,11062,0,6592,5013,42,394,964,129,651,628,0,622,0,0,-4,-3986,17,11062
2025/8/23,17:30,10953,0,6704,4964,43,397,990,129,655,246,0,566,0,0,19,-3776,16,10953
2025/8/23,18:00,10865,0,6910,4943,42,405,1008,130,656,28,0,569,0,136,6,-3988,20,10865
2025/8/23,18:30,10870,0,6902,5026,42,406,1014,128,654,0,0,572,0,144,49,-4084,17,10870
2025/8/23,19:00,10617,0,6842,5036,42,401,1025,129,657,0,0,519,0,216,43,-4310,17,10617
2025/8/23,19:30,10268,0,6564,5007,39,396,1034,130,656,0,0,434,0,230,13,-4248,13,10268
2025/8/23,20:00,10007,0,6644,4978,39,397,969,128,661,0,0,358,0,228,-1,-4410,16,10007
2025/8/23,20:30,9790,0,6486,4986,37,398,952,129,657,0,0,337,0,226,12,-4444,14,9790
2025/8/23,21:00,9560,0,6858,4978,36,391,903,129,661,0,0,300,0,0,0,-4710,14,9560
2025/8/23,21:30,9102,0,6152,4970,34,369,894,129,663,0,0,290,0,0,-2,-4404,7,9102
2025/8/23,22:00,9003,0,6056,4836,33,351,865,127,660,0,0,305,0,0,-1,-4244,15,9003
2025/8/23,22:30,8638,0,5982,4624,32,350,865,129,649,0,0,311,0,0,-1,-4316,13,8638
2025/8/23,23:00,8457,0,5588,4506,31,300,839,130,645,0,0,322,0,0,-1,-3910,7,8457
2025/8/23,23:30,7998,0,4778,4468,30,299,836,127,644,0,0,304,0,0,-2,-3490,4,7998
2025/8/24,0:00,7808,0,3928,4486,29,288,787,129,647,0,0,242,0,0,-1,-2730,3,7808
2025/8/24,0:30,7627,0,4104,4476,28,282,785,130,642,0,0,196,0,0,-3,-3016,3,7627
2025/8/24,1:00,7378,0,3492,4479,27,287,811,129,644,0,0,172,0,0,-2,-2664,3,7378
2025/8/24,1:30,7288,0,3514,4474,27,291,806,128,645,0,0,169,0,0,-3,-2766,3,7288
2025/8/24,2:00,7274,0,3448,4478,26,292,834,130,649,0,0,167,0,0,-3,-2750,3,7274
2025/8/24,2:30,7213,0,3240,4483,27,291,831,130,646,0,0,178,0,0,-2,-2614,3,7213
2025/8/24,3:00,7277,0,3130,4477,26,293,809,128,650,0,0,187,0,0,-2,-2424,3,7277
2025/8/24,3:30,7299,0,3174,4431,26,292,807,130,649,0,0,181,0,0,-2,-2392,3,7299
2025/8/24,4:00,7321,0,3266,4440,26,293,806,130,647,0,0,213,0,0,-1,-2502,3,7321
2025/8/24,4:30,7465,0,3304,4480,27,294,808,130,649,1,0,231,0,0,-2,-2460,3,7465
2025/8/24,5:00,7381,0,3380,4464,28,295,802,128,651,68,0,130,0,0,-1,-2568,4,7381
2025/8/24,5:30,7439,0,3482,4464,28,288,802,129,651,320,0,95,0,0,-1,-2824,5,7439
2025/8/24,6:00,7377,0,3474,4513,29,293,777,127,642,786,0,70,0,0,-1,-3340,7,7377
2025/8/24,6:30,7674,0,3426,4549,29,294,765,124,639,1425,0,61,0,0,-2,-3648,12,7674
2025/8/24,7:00,7842,0,2832,4624,30,291,782,126,645,2253,0,71,0,0,-1,-3834,23,7842
2025/8/24,7:30,8261,0,2504,4635,33,285,815,128,659,3042,0,79,0,0,-14,-3924,19,8261
2025/8/24,8:00,8683,0,2788,4434,35,291,844,129,669,3950,0,54,0,0,-15,-4512,16,8683
2025/8/24,8:30,9217,0,2732,4354,37,291,886,134,680,4744,0,59,0,0,-2,-4712,14,9217
2025/8/24,9:00,9663,0,2864,4227,38,289,919,137,688,5383,0,72,0,0,-15,-4954,15,9663
2025/8/24,9:30,9920,0,2938,4175,38,292,917,137,690,5827,0,77,0,-212,-1,-4978,20,9920
2025/8/24,10:00,10170,0,2954,4146,39,288,887,132,676,6165,0,71,0,-222,-5,-4978,17,10170
2025/8/24,10:30,10323,0,2860,4145,39,289,903,134,676,6388,0,75,0,-222,-13,-4970,19,10323
2025/8/24,11:00,10510,0,3046,4171,39,289,891,134,673,6365,0,70,0,-222,-15,-4944,13,10510
2025/8/24,11:30,10724,0,3384,4262,40,292,884,129,668,6150,0,67,0,-222,-24,-4922,16,10724
2025/8/24,12:00,10781,0,3440,4447,41,293,901,130,664,6002,0,59,0,-220,-52,-4938,14,10781
2025/8/24,12:30,10818,0,3530,4581,40,296,926,132,669,5557,0,52,0,0,-56,-4918,9,10818
2025/8/24,13:00,10757,0,3478,4749,41,291,914,132,666,5310,0,45,0,0,-11,-4874,16,10757
2025/8/24,13:30,10710,0,3612,4828,41,291,950,133,681,5002,0,58,0,0,-1,-4898,13,10710
2025/8/24,14:00,10735,0,4184,4821,40,293,932,134,677,4410,0,61,0,0,-6,-4824,13,10735
2025/8/24,14:30,10640,0,4810,4928,42,370,921,133,672,3630,0,59,0,0,-21,-4920,16,10640
2025/8/24,15:00,10503,0,5086,4974,42,371,963,130,665,2997,0,43,0,0,3,-4786,15,10503
2025/8/24,15:30,10494,0,5886,4967,42,380,966,129,654,2280,0,35,0,0,-5,-4860,20,10494
2025/8/24,16:00,10368,0,5790,4971,42,391,998,128,649,1657,0,36,0,0,1,-4314,19,10368
2025/8/24,16:30,10257,0,6034,4994,42,397,996,129,648,1017,0,34,0,0,-3,-4048,17,10257
2025/8/24,17:00,10371,0,6026,5022,41,404,1010,127,656,501,0,37,0,0,14,-3484,17,10371
2025/8/24,17:30,10316,0,6028,5024,41,407,1012,130,661,184,0,46,0,0,0,-3238,21,10316
2025/8/24,18:00,10306,0,5924,5026,42,406,1012,129,673,18,0,46,0,138,12,-3140,20,10306
2025/8/24,18:30,10349,0,6112,5030,42,400,1015,128,672,0,0,39,0,142,13,-3262,18,10349
2025/8/24,19:00,10104,0,6014,5030,41,403,1037,130,670,0,0,33,0,142,13,-3426,17,10104
2025/8/24,19:30,9871,0,5926,5041,40,401,1030,131,671,0,0,33,0,142,12,-3574,18,9871
2025/8/24,20:00,9556,0,5854,5005,38,403,939,131,671,0,0,30,0,140,13,-3684,16,9556
2025/8/24,20:30,9362,0,5784,4984,38,400,935,128,669,0,0,32,0,142,9,-3774,15,9362
2025/8/24,21:00,9131,0,5752,4992,36,389,869,131,671,0,0,35,0,2,-2,-3758,14,9131
2025/8/24,21:30,8768,0,5438,4913,34,360,871,130,670,0,0,52,0,0,8,-3714,6,8768
2025/8/24,22:00,8619,0,5542,4721,33,289,814,131,672,0,0,61,0,0,35,-3692,13,8619
2025/8/24,22:30,8234,0,5140,4600,31,290,815,130,671,0,0,76,0,0,19,-3546,8,8234
2025/8/24,23:00,8182,0,4918,4487,31,288,797,128,671,0,0,86,0,0,-2,-3232,10,8182
2025/8/24,23:30,7780,0,4240,4446,30,284,777,130,673,0,0,84,0,0,-2,-2892,10,7780
2025/8/25,0:00,7592,0,3702,4429,28,287,730,131,676,0,0,91,0,0,-14,-2472,4,7592
2025/8/25,0:30,7380,0,3656,4430,28,290,719,131,672,0,0,101,0,0,-2,-2648,3,7380
2025/8/25,1:00,7255,0,4306,4419,27,291,698,129,673,0,0,118,0,-212,-3,-3194,3,7255
2025/8/25,1:30,7100,0,4244,4391,26,293,695,130,671,0,0,117,0,-222,-2,-3246,3,7100
2025/8/25,2:00,7146,0,3808,4340,26,293,690,131,676,0,0,125,0,-220,-2,-2724,3,7146
2025/8/25,2:30,7197,0,3876,4326,26,294,685,131,675,0,0,151,0,-220,-2,-2748,3,7197
2025/8/25,3:00,7224,0,3950,4326,26,292,687,129,673,0,0,149,0,-220,-1,-2790,3,7224
2025/8/25,3:30,7271,0,3944,4338,26,295,692,130,673,0,0,155,0,-220,-1,-2764,3,7271
2025/8/25,4:00,7411,0,3706,4331,26,294,687,130,674,0,0,157,0,-220,-1,-2376,3,7411
2025/8/25,4:30,7570,0,3816,4340,27,293,691,131,674,0,0,142,0,-220,-1,-2326,3,7570
2025/8/25,5:00,7746,0,4076,4329,28,301,678,127,670,43,0,166,0,-220,-1,-2454,3,7746
2025/8/25,5:30,7787,0,3998,4325,29,297,684,128,668,215,0,180,0,-218,-1,-2522,4,7787
2025/8/25,6:00,7944,0,4100,4397,29,298,705,128,665,582,0,152,0,-220,1,-2900,7,7944
2025/8/25,6:30,8503,0,4422,4502,30,297,697,127,662,1061,0,142,0,0,-4,-3446,13,8503
2025/8/25,7:00,8936,0,4480,4679,33,300,707,126,666,1624,0,145,0,0,-2,-3844,22,8936
2025/8/25,7:30,9591,0,4382,4792,36,301,763,131,678,2181,0,119,0,0,-19,-3792,19,9591
2025/8/25,8:00,10576,0,5096,4848,39,295,850,134,690,2704,0,94,0,0,-14,-4176,16,10576
2025/8/25,8:30,11329,0,5168,4859,41,303,883,133,686,3130,0,87,0,0,-14,-3960,13,11329
2025/8/25,9:00,11836,0,5666,4844,43,308,912,138,686,3434,0,85,0,0,-15,-4280,15,11836
2025/8/25,9:30,12263,0,6222,4865,44,308,912,137,667,3812,0,97,0,0,-17,-4802,18,12263
2025/8/25,10:00,12269,0,6270,4866,44,308,865,133,661,4158,0,89,0,0,-17,-5124,16,12269
2025/8/25,10:30,12593,0,6548,4884,44,307,867,135,659,4290,0,82,0,0,-2,-5236,15,12593
2025/8/25,11:00,12662,0,6582,4863,45,380,850,134,659,4365,0,70,0,0,1,-5300,13,12662
2025/8/25,11:30,12743,0,6384,4869,44,385,863,133,654,4446,0,98,0,0,-8,-5140,15,12743
2025/8/25,12:00,12395,0,6198,4869,44,317,897,131,661,4360,0,110,0,0,-46,-5158,12,12395
2025/8/25,12:30,12405,0,6142,4868,44,408,929,134,664,4237,0,128,0,0,-36,-5120,7,12405
2025/8/25,13:00,12753,0,6228,5072,45,416,981,135,664,4025,0,138,0,0,4,-4970,15,12753
2025/8/25,13:30,12815,0,6334,5294,46,461,995,134,668,3747,0,145,0,0,-12,-5006,9,12815
2025/8/25,14:00,12858,0,6472,5525,46,463,994,134,662,3363,0,143,0,0,1,-4958,13,12858
2025/8/25,14:30,12771,0,6710,5662,47,463,1027,132,652,2887,0,149,0,0,1,-4968,9,12771
2025/8/25,15:00,12621,0,6784,5698,47,462,1034,127,637,2314,0,154,0,0,2,-4652,14,12621
2025/8/25,15:30,12620,0,7126,5731,46,460,1045,127,628,1756,0,160,0,138,33,-4644,14,12620
2025/8/25,16:00,12565,0,6808,5727,47,464,1056,125,619,1274,0,158,0,226,-10,-3946,17,12565
2025/8/25,16:30,12291,0,6692,5748,46,458,1072,122,616,769,0,171,0,230,-33,-3608,8,12291
2025/8/25,17:00,11899,0,6832,5743,46,462,1086,126,622,354,0,178,0,226,51,-3846,19,11899
2025/8/25,17:30,11726,0,7060,5730,45,459,1095,127,624,120,0,190,0,230,44,-4014,16,11726
2025/8/25,18:00,11615,0,7112,5731,45,447,1121,128,633,8,0,196,0,230,12,-4068,20,11615
2025/8/25,18:30,11513,0,6932,5708,44,453,1121,129,641,0,0,225,0,226,-13,-3970,17,11513
2025/8/25,19:00,11126,0,6594,5675,43,452,1129,129,648,0,0,248,0,220,3,-4032,17,11126
2025/8/25,19:30,10827,0,6500,5677,42,454,1129,127,650,0,0,259,0,226,29,-4278,12,10827
2025/8/25,20:00,10440,0,6318,5684,41,449,1099,129,648,0,0,263,0,144,19,-4372,18,10440
2025/8/25,20:30,10341,0,6666,5686,39,445,1088,129,650,0,0,282,0,144,6,-4808,14,10341
2025/8/25,21:00,9926,0,6548,5634,37,451,1014,130,648,0,0,303,0,142,5,-4998,12,9926
2025/8/25,21:30,9564,0,6112,5357,36,428,973,128,649,0,0,297,0,142,-1,-4564,7,9564
2025/8/25,22:00,9363,0,5846,5189,34,374,916,130,654,0,0,325,0,0,-1,-4120,16,9363
2025/8/25,22:30,8971,0,5520,4932,32,362,861,130,650,0,0,336,0,0,-2,-3864,14,8971
2025/8/25,23:00,8851,0,5366,4844,32,353,840,127,651,0,0,332,0,0,-1,-3700,7,8851
2025/8/25,23:30,8452,0,4718,4690,31,303,831,129,652,0,0,308,0,0,-2,-3212,4,8452
2025/8/26,0:00,8176,0,4284,4626,29,301,733,130,650,0,0,313,0,0,-15,-2878,3,8176
2025/8/26,0:30,8072,0,4458,4797,28,301,687,130,651,0,0,340,0,0,-3,-3320,3,8072
2025/8/26,1:00,7894,0,4726,4838,28,295,684,128,654,0,0,362,0,-208,-2,-3614,3,7894
2025/8/26,1:30,7819,0,4690,4965,27,292,689,130,651,0,0,367,0,-222,-3,-3770,3,7819
2025/8/26,2:00,7818,0,4430,5140,27,294,675,130,654,0,0,369,0,-222,-2,-3680,3,7818
2025/8/26,2:30,7722,0,4246,5170,27,294,675,128,655,0,0,372,0,-222,-16,-3610,3,7722
2025/8/26,3:00,7906,0,4270,5177,27,296,676,130,653,0,0,352,0,-222,-16,-3440,3,7906
2025/8/26,3:30,7780,0,3948,5157,27,293,672,130,659,0,0,320,0,-222,-1,-3206,3,7780
2025/8/26,4:00,8000,0,4046,5183,27,295,678,130,677,0,0,294,0,-220,-1,-3112,3,8000
2025/8/26,4:30,8053,0,3840,5169,28,301,672,127,680,0,0,262,0,-222,-1,-2806,3,8053
2025/8/26,5:00,8143,0,3802,5170,29,300,676,129,675,47,0,235,0,-220,-15,-2688,3,8143
2025/8/26,5:30,8211,0,3764,5121,29,302,671,129,674,268,0,230,0,-222,-1,-2758,4,8211
2025/8/26,6:00,8371,0,3774,5102,30,299,673,127,676,674,0,216,0,-220,-3,-2984,7,8371
2025/8/26,6:30,8726,0,3570,5181,31,296,666,129,673,1203,0,217,0,-220,-18,-3018,16,8726
2025/8/26,7:00,9232,0,3724,5270,33,302,731,130,683,1772,0,204,0,2,-15,-3626,22,9232
2025/8/26,7:30,9875,0,3832,5310,36,301,790,134,701,2370,0,204,0,0,-1,-3820,18,9875
2025/8/26,8:00,10743,0,4116,5374,40,302,843,133,701,3131,0,196,0,0,-14,-4094,15,10743
2025/8/26,8:30,11603,0,4178,5351,42,302,893,136,706,3780,0,198,0,0,-4,-3992,13,11603
2025/8/26,9:00,12131,0,4448,5487,43,302,952,139,716,4378,0,204,0,0,-3,-4550,15,12131
2025/8/26,9:30,12615,0,4428,5589,44,306,934,135,711,4939,0,203,0,0,-2,-4690,18,12615
2025/8/26,10:00,12682,0,4562,5642,44,299,938,137,705,5282,0,196,0,0,-15,-5124,16,12682
2025/8/26,10:30,13068,0,4574,5637,44,305,927,135,703,5566,0,272,0,0,-1,-5110,16,13068
2025/8/26,11:00,13163,0,4986,5628,45,303,924,131,696,5724,0,307,0,0,-2,-5594,15,13163
2025/8/26,11:30,13197,0,4728,5688,46,299,937,134,696,5837,0,357,0,0,-4,-5538,17,13197
2025/8/26,12:00,12947,0,4508,5671,46,305,938,133,687,5851,0,314,0,0,-39,-5478,11,12947
2025/8/26,12:30,12965,0,4478,5706,46,312,962,131,686,5818,0,275,0,0,-39,-5418,8,12965
2025/8/26,13:00,13368,0,4970,5779,46,315,996,134,685,5610,0,258,0,0,-6,-5434,15,13368
2025/8/26,13:30,13504,0,5492,5850,47,323,989,133,689,5147,0,286,0,0,2,-5462,8,13504
2025/8/26,14:00,13445,0,5698,5855,48,441,1010,130,685,4619,0,305,0,0,-3,-5356,13,13445
2025/8/26,14:30,13288,0,6026,5854,47,456,1011,131,685,3958,0,279,0,0,3,-5170,8,13288
2025/8/26,15:00,13191,0,6278,5915,47,451,1065,129,675,3151,0,238,0,0,-4,-4770,16,13191
2025/8/26,15:30,12989,0,6278,6011,46,467,1057,127,660,2434,0,321,0,0,3,-4430,15,12989
2025/8/26,16:00,13015,0,6838,6039,46,495,1108,122,652,1511,0,269,0,138,10,-4230,17,13015
2025/8/26,16:30,12825,0,7054,6041,46,497,1115,124,643,748,0,217,0,228,15,-3912,9,12825
2025/8/26,17:00,12356,0,6860,6043,44,483,1125,125,644,381,0,186,0,226,12,-3792,19,12356
2025/8/26,17:30,11980,0,6598,6026,45,468,1154,125,655,115,0,188,0,146,12,-3568,16,11980
2025/8/26,18:00,12144,0,7068,6031,45,456,1177,129,664,9,0,204,0,224,13,-3896,20,12144
2025/8/26,18:30,11902,0,6790,6032,45,462,1169,127,664,0,0,231,0,224,7,-3866,17,11902
2025/8/26,19:00,11475,0,6638,5975,44,462,1176,126,663,0,0,257,0,0,14,-3896,16,11475
2025/8/26,19:30,11254,0,6710,5973,43,463,1170,128,661,0,0,280,0,0,-2,-4184,12,11254
2025/8/26,20:00,10822,0,6448,5950,41,452,1110,128,661,0,0,279,0,0,1,-4266,18,10822
2025/8/26,20:30,10678,0,6528,5893,39,450,1099,125,660,0,0,312,0,0,34,-4474,12,10678
2025/8/26,21:00,10332,0,6588,5914,38,440,964,128,661,0,0,342,0,0,31,-4788,14,10332
2025/8/26,21:30,9873,0,6090,5865,36,401,949,126,660,0,0,363,0,0,-2,-4622,7,9873
2025/8/26,22:00,9669,0,6138,5584,35,318,889,127,659,0,0,403,0,0,-1,-4498,15,9669
2025/8/26,22:30,9328,0,5708,5391,32,306,866,126,659,0,0,586,0,0,-2,-4358,14,9328
2025/8/26,23:00,9053,0,5020,5249,32,306,793,128,660,0,0,702,0,0,-2,-3842,7,9053
2025/8/26,23:30,8789,0,4626,5165,30,306,778,128,661,0,0,634,0,0,-1,-3542,4,8789
2025/8/27,0:00,8351,0,3822,5140,29,304,756,126,660,0,0,581,0,0,-2,-3068,3,8351
2025/8/27,0:30,8254,0,3828,5174,28,303,759,128,656,0,0,578,0,0,-3,-3200,3,8254
2025/8/27,1:00,8070,0,4162,5173,28,300,773,129,658,0,0,544,0,0,-2,-3698,3,8070
2025/8/27,1:30,7955,0,4130,5174,27,298,781,127,660,0,0,585,0,0,-2,-3828,3,7955
2025/8/27,2:00,7903,0,3780,5179,27,299,800,129,663,0,0,677,0,0,-2,-3652,3,7903
2025/8/27,2:30,7964,0,3816,5192,27,298,817,129,660,0,0,766,0,0,-2,-3742,3,7964
2025/8/27,3:00,7909,0,3734,5174,27,301,838,129,663,0,0,796,0,0,-2,-3754,3,7909
2025/8/27,3:30,7916,0,3694,5175,27,298,847,126,664,0,0,827,0,0,-1,-3744,3,7916
2025/8/27,4:00,8078,0,3762,5192,27,300,862,129,663,0,0,798,0,0,-2,-3656,3,8078
2025/8/27,4:30,8068,0,3700,5180,28,303,872,103,662,0,0,724,0,0,-1,-3506,3,8068
2025/8/27,5:00,8298,0,3994,5192,29,300,868,97,656,43,0,702,0,-2,-2,-3582,3,8298
2025/8/27,5:30,8356,0,4168,5135,29,301,870,99,658,240,0,769,0,-210,-1,-3706,4,8356
2025/8/27,6:00,8411,0,4040,5184,30,303,868,100,653,650,0,648,0,-222,-6,-3844,7,8411
2025/8/27,6:30,8742,0,3980,5233,30,300,848,98,649,1370,0,566,0,-222,-2,-4124,16,8742
2025/8/27,7:00,9305,0,3904,5388,32,300,871,96,649,2080,0,618,0,-222,-16,-4416,21,9305
2025/8/27,7:30,9878,0,3580,5442,34,299,920,103,661,2691,0,592,0,-220,-16,-4226,18,9878
2025/8/27,8:00,10766,0,4336,5503,36,301,976,124,674,3186,0,531,0,-220,-14,-4682,15,10766
2025/8/27,8:30,11568,0,4670,5561,38,301,989,131,674,3453,0,512,0,-2,2,-4774,13,11568
2025/8/27,9:00,12047,0,4808,5662,39,300,1006,131,686,3634,0,527,0,0,-8,-4754,16,12047
2025/8/27,9:30,12199,0,4554,5685,38,300,990,133,682,3890,0,612,0,0,2,-4706,19,12199
2025/8/27,10:00,12359,0,4378,5738,38,298,984,130,666,4107,0,617,0,0,-17,-4596,16,12359
2025/8/27,10:30,12449,0,4444,5776,38,294,1022,131,674,4216,0,608,0,0,-19,-4750,15,12449
2025/8/27,11:00,12456,0,4686,5789,38,288,1091,131,686,4035,0,613,0,0,-5,-4908,12,12456
2025/8/27,11:30,12344,0,4640,5758,38,286,1134,135,696,3860,0,706,0,0,-20,-4904,15,12344
2025/8/27,12:00,11960,0,4510,5683,37,281,1134,134,694,3535,0,833,0,0,-55,-4838,12,11960
2025/8/27,12:30,11848,0,4330,5694,36,292,1141,132,697,3452,0,943,0,0,-51,-4824,6,11848
2025/8/27,13:00,12167,0,4754,5726,36,308,1175,133,687,3246,0,946,0,0,-1,-4858,15,12167
2025/8/27,13:30,12143,0,5326,5757,36,297,1166,131,678,2721,0,951,0,0,-2,-4926,8,12143
2025/8/27,14:00,12164,0,5862,5792,36,309,1171,129,663,2047,0,997,0,0,-1,-4854,13,12164
2025/8/27,14:30,11929,0,5822,5792,36,437,1208,131,682,1622,0,1035,0,0,-5,-4840,9,11929
2025/8/27,15:00,11783,0,5600,5829,37,444,1268,134,690,1556,0,1018,0,0,0,-4806,13,11783
2025/8/27,15:30,11746,0,5618,5846,36,445,1288,133,681,1555,0,1014,0,0,14,-4898,14,11746
2025/8/27,16:00,11626,0,5662,5859,37,446,1352,132,680,1359,0,938,0,138,14,-5008,17,11626
2025/8/27,16:30,11521,0,5884,5857,37,453,1344,128,666,971,0,906,0,230,13,-4976,8,11521
2025/8/27,17:00,11108,0,6058,5861,36,457,1297,127,657,543,0,880,0,224,15,-5064,17,11108
2025/8/27,17:30,10948,0,6208,5850,37,454,1294,128,659,218,0,876,0,228,10,-5032,18,10948
2025/8/27,18:00,10814,0,6136,5855,36,456,1294,126,661,16,0,908,0,228,13,-4934,19,10814
2025/8/27,18:30,10858,0,6350,5834,37,454,1290,128,663,0,0,821,0,228,12,-4974,15,10858
2025/8/27,19:00,10432,0,5860,5782,36,450,1292,128,665,0,0,840,0,226,1,-4866,18,10432
2025/8/27,19:30,10137,0,5900,5783,34,452,1291,127,667,0,0,829,0,0,-2,-4958,14,10137
2025/8/27,20:00,9800,0,5672,5797,33,455,1238,126,667,0,0,795,0,0,-1,-5000,18,9800
2025/8/27,20:30,9587,0,5514,5813,31,454,1232,128,665,0,0,808,0,0,-1,-5068,11,9587
2025/8/27,21:00,9308,0,5274,5814,31,445,1138,127,663,0,0,735,0,0,-2,-4932,15,9308
2025/8/27,21:30,8954,0,5124,5801,29,320,1129,127,664,0,0,710,0,0,-1,-4956,7,8954
2025/8/27,22:00,8785,0,4980,5695,27,301,1038,126,649,0,0,626,0,0,-2,-4670,15,8785
2025/8/27,22:30,8446,0,4670,5586,27,352,1017,128,649,0,0,582,0,0,-1,-4578,14,8446
2025/8/27,23:00,8354,0,4686,5442,26,355,984,128,654,0,0,505,0,0,0,-4434,8,8354
2025/8/27,23:30,7941,0,4126,5362,25,303,981,128,653,0,0,458,0,0,-1,-4098,4,7941
2025/8/28,0:00,7707,0,3430,5457,24,293,926,126,653,0,0,432,0,0,-1,-3636,3,7707
2025/8/28,0:30,7498,0,3214,5462,23,291,916,128,651,0,0,417,0,0,-2,-3604,2,7498
2025/8/28,1:00,7391,0,3576,5253,23,291,914,128,650,0,0,401,0,0,-2,-3846,3,7391
2025/8/28,1:30,7287,0,3874,5094,23,290,904,128,652,0,0,383,0,0,-2,-4062,3,7287
2025/8/28,2:00,7229,0,3402,5102,23,294,899,126,648,0,0,407,0,0,-3,-3672,3,7229
2025/8/28,2:30,7310,0,3514,5072,23,289,895,128,652,0,0,362,0,0,-2,-3626,3,7310
2025/8/28,3:00,7384,0,3532,5055,23,293,896,128,651,0,0,299,0,0,-2,-3494,3,7384
2025/8/28,3:30,7368,0,3468,5037,23,290,893,128,653,0,0,303,0,0,-1,-3428,2,7368
2025/8/28,4:00,7465,0,3540,5058,24,288,880,128,652,0,0,276,0,0,-1,-3382,2,7465
2025/8/28,4:30,7569,0,3546,5106,25,293,871,126,653,0,0,249,0,0,-1,-3302,3,7569
2025/8/28,5:00,7653,0,3406,5243,26,290,866,128,653,63,0,210,0,0,-2,-3233,3,7653
2025/8/28,5:30,7697,0,3328,5210,26,294,887,131,665,442,0,189,0,0,-2,-3477,4,7697
2025/8/28,6:00,7701,0,3520,5202,26,290,904,132,673,1017,0,129,0,0,17,-4215,6,7701
2025/8/28,6:30,8056,0,3526,5250,26,295,838,125,644,1638,0,69,0,0,34,-4405,16,8056
2025/8/28,7:00,8286,0,3202,5295,25,292,861,127,649,2535,0,52,0,-212,-8,-4554,22,8286
2025/8/28,7:30,8955,0,2834,5202,27,292,939,134,682,3560,0,43,0,-222,-16,-4538,18,8955
2025/8/28,8:00,9748,0,3324,5014,30,293,1003,137,691,4595,0,36,0,-222,-16,-5152,15,9748
2025/8/28,8:30,10583,0,3660,4675,32,293,1056,139,699,5367,0,29,0,-220,-16,-5144,13,10583
2025/8/28,9:00,11066,0,3866,4569,33,294,1064,139,697,5805,0,25,0,-222,-4,-5215,15,11066
2025/8/28,9:30,11386,0,3848,4387,34,289,1062,140,695,6336,0,25,0,-222,-1,-5225,18,11386
2025/8/28,10:00,11509,0,3852,4342,34,290,1033,137,686,6505,0,26,0,-220,-17,-5176,17,11509
2025/8/28,10:30,11721,0,3974,4343,35,295,1024,134,687,6595,0,27,0,-220,-16,-5172,15,11721
2025/8/28,11:00,11799,0,4050,4349,35,293,991,137,686,6659,0,26,0,-220,1,-5220,12,11799
2025/8/28,11:30,11808,0,3976,4475,35,295,1003,138,684,6572,0,25,0,-222,-8,-5180,15,11808
2025/8/28,12:00,11448,0,3682,4598,35,302,1009,136,677,6450,0,24,0,-220,-66,-5190,11,11448
2025/8/28,12:30,11516,0,3616,4642,35,300,1038,136,688,6522,0,38,0,-220,-56,-5230,7,11516
2025/8/28,13:00,11936,0,4202,4900,36,304,1080,137,688,6089,0,48,0,-220,-6,-5336,14,11936
2025/8/28,13:30,12018,0,4580,5033,36,310,1125,140,702,5581,0,34,0,-220,-1,-5310,8,12018
2025/8/28,14:00,12031,0,4668,5085,37,308,1221,143,722,5157,0,28,0,0,-2,-5348,12,12031
2025/8/28,14:30,11978,0,5080,5151,37,339,1241,140,719,4683,0,36,0,0,-2,-5454,8,11978
2025/8/28,15:00,11792,0,5440,5309,38,406,1278,138,701,3873,0,49,0,0,-1,-5452,13,11792
2025/8/28,15:30,11895,0,6010,5522,37,406,1245,134,682,3030,0,40,0,202,13,-5440,14,11895
2025/8/28,16:00,11889,0,6066,5795,38,410,1223,129,660,2101,0,46,0,232,12,-4840,17,11889
2025/8/28,16:30,11553,0,6320,5934,37,409,1199,124,650,1205,0,51,0,144,17,-4544,7,11553
2025/8/28,17:00,11228,0,6230,5990,36,409,1217,127,654,516,0,66,0,144,14,-4194,19,11228
2025/8/28,17:30,10863,0,6010,6041,36,413,1226,129,661,137,0,73,0,140,9,-4028,16,10863
2025/8/28,18:00,10757,0,5790,6061,37,411,1235,130,667,4,0,88,0,226,29,-3940,19,10757
2025/8/28,18:30,10741,0,6092,6056,36,409,1243,128,667,0,0,87,0,226,47,-4268,18,10741
2025/8/28,19:00,10395,0,6146,6035,36,414,1267,130,673,0,0,77,0,230,17,-4650,20,10395
2025/8/28,19:30,10061,0,6022,5981,35,403,1268,130,678,0,0,64,0,230,-2,-4760,12,10061
2025/8/28,20:00,9761,0,6006,5928,33,400,1171,131,681,0,0,66,0,230,-1,-4902,18,9761
2025/8/28,20:30,9478,0,5828,5886,32,397,1129,128,677,0,0,68,0,226,-2,-4904,13,9478
2025/8/28,21:00,9266,0,5972,5835,30,387,1064,130,681,0,0,77,0,0,-2,-4920,12,9266
2025/8/28,21:30,8789,0,5320,5709,29,315,1047,131,679,0,0,77,0,0,-1,-4524,7,8789
2025/8/28,22:00,8592,0,4804,5545,27,365,1005,130,677,0,0,87,0,0,-1,-4062,15,8592
2025/8/28,22:30,8330,0,4650,5398,26,315,986,128,678,0,0,97,0,0,-2,-3960,14,8330
2025/8/28,23:00,8120,0,4132,5289,26,308,927,130,681,0,0,116,0,0,-2,-3493,6,8120
2025/8/28,23:30,7874,0,3912,5196,25,305,905,129,679,0,0,114,0,0,-2,-3393,4,7874
2025/8/29,0:00,7635,0,3374,5235,24,298,798,130,680,0,0,130,0,0,-1,-3036,3,7635
2025/8/29,0:30,7488,0,3398,5273,24,298,793,127,680,0,0,161,0,0,-3,-3266,3,7488
2025/8/29,1:00,7355,0,3642,5286,24,299,793,130,681,0,0,156,0,0,-2,-3656,2,7355
2025/8/29,1:30,7257,0,3650,5284,23,291,788,130,683,0,0,142,0,0,-1,-3736,3,7257
2025/8/29,2:00,7197,0,3192,5276,23,295,822,130,685,0,0,137,0,0,-2,-3364,3,7197
2025/8/29,2:30,7273,0,3244,5283,24,292,820,128,684,0,0,135,0,0,-2,-3338,3,7273
2025/8/29,3:00,7299,0,3300,5287,23,293,821,129,682,0,0,109,0,0,-2,-3346,3,7299
2025/8/29,3:30,7355,0,3254,5284,23,293,819,130,680,0,0,106,0,0,-1,-3236,3,7355
2025/8/29,4:00,7440,0,3244,5289,24,286,808,129,681,0,0,99,0,0,-1,-3122,3,7440
2025/8/29,4:30,7611,0,3410,5281,25,268,812,130,680,0,0,95,0,0,-1,-3092,3,7611
2025/8/29,5:00,7654,0,3548,5309,26,268,807,127,679,39,0,89,0,0,-1,-3240,3,7654
2025/8/29,5:30,7778,0,3524,5334,26,269,805,130,682,315,0,89,0,0,-2,-3398,4,7778
2025/8/29,6:00,7726,0,3620,5399,27,266,821,130,677,797,0,80,0,-208,-4,-3886,7,7726
2025/8/29,6:30,8091,0,3556,5435,26,266,823,129,683,1368,0,83,0,-222,-2,-4070,16,8091
2025/8/29,7:00,8417,0,3540,5579,27,268,845,130,691,1986,0,76,0,-222,-14,-4510,21,8417
2025/8/29,7:30,8863,0,3466,5674,29,265,893,136,711,2432,0,61,0,-220,-17,-4584,17,8863
2025/8/29,8:00,9615,0,3622,5716,31,267,947,139,721,2857,0,51,0,0,-3,-4748,15,9615
2025/8/29,8:30,10368,0,4202,5776,33,272,973,141,728,3083,0,39,0,0,0,-4892,13,10368
2025/8/29,9:00,10704,0,4154,5780,33,283,1048,144,753,3306,0,31,0,0,-3,-4840,15,10704
2025/8/29,9:30,11035,0,4436,5814,34,281,1029,145,747,3565,0,28,0,0,-4,-5058,18,11035
2025/8/29,10:00,11056,0,4198,5785,35,283,1025,145,750,3749,0,24,0,0,-16,-4938,16,11056
2025/8/29,10:30,11377,0,4388,5823,35,288,1043,146,758,3809,0,27,0,0,-9,-4946,15,11377
2025/8/29,11:00,11466,0,4626,5822,35,283,1063,142,740,3833,0,29,0,0,-21,-5098,12,11466
2025/8/29,11:30,11486,0,4342,5793,36,358,1055,144,740,4135,0,39,0,0,-23,-5148,15,11486
2025/8/29,12:00,11277,0,4274,5825,37,298,1072,143,735,4359,0,39,0,0,-59,-5458,12,11277
2025/8/29,12:30,11299,0,4674,5793,37,301,1084,142,732,4218,0,40,0,0,-50,-5682,10,11299
2025/8/29,13:00,11700,0,5260,5836,37,372,1086,138,721,3803,0,47,0,0,-5,-5610,15,11700
2025/8/29,13:30,11761,0,5440,5847,38,377,1133,143,732,3490,0,54,0,0,-3,-5498,8,11761
2025/8/29,14:00,11846,0,6100,5881,38,403,1133,138,710,2869,0,88,0,0,27,-5554,13,11846
2025/8/29,14:30,11796,0,6622,5891,39,409,1143,136,706,2203,0,106,0,0,20,-5494,15,11796
2025/8/29,15:00,11665,0,6316,5899,39,404,1190,134,694,1935,0,136,0,0,-3,-5092,13,11665
2025/8/29,15:30,11487,0,5926,5964,39,404,1193,134,696,1836,0,174,0,0,18,-4914,17,11487
2025/8/29,16:00,11573,0,6140,6000,39,419,1200,133,682,1416,0,211,0,136,-19,-4802,18,11573
2025/8/29,16:30,11307,0,5938,5954,39,417,1194,131,686,954,0,246,0,144,1,-4408,11,11307
2025/8/29,17:00,11045,0,6082,5999,39,417,1176,131,676,426,0,296,0,140,8,-4364,19,11045
2025/8/29,17:30,10814,0,6176,6001,39,409,1173,131,672,130,0,334,0,142,15,-4426,18,10814
2025/8/29,18:00,10719,0,6016,6001,39,417,1195,131,676,1,0,399,0,142,14,-4336,24,10719
2025/8/29,18:30,10719,0,6270,6006,39,417,1197,129,676,0,0,461,0,142,13,-4648,17,10719
2025/8/29,19:00,10387,0,6200,6017,39,420,1202,131,681,0,0,508,0,142,10,-4982,19,10387
2025/8/29,19:30,10111,0,6244,5993,37,419,1201,130,682,0,0,542,0,2,35,-5192,18,10111
2025/8/29,20:00,9763,0,5936,5995,36,417,1130,128,680,0,0,606,0,0,25,-5208,18,9763
2025/8/29,20:30,9541,0,5874,6003,35,421,1107,130,681,0,0,698,0,0,-1,-5420,13,9541
2025/8/29,21:00,9218,0,5450,6004,34,404,1041,131,681,0,0,723,0,0,-2,-5264,16,9218
2025/8/29,21:30,8929,0,4912,5968,33,382,1029,132,679,0,0,813,0,0,-2,-5024,7,8929
2025/8/29,22:00,8691,0,4616,5755,30,307,978,129,683,0,0,801,0,0,-1,-4622,15,8691
2025/8/29,22:30,8431,0,4552,5458,30,303,962,131,680,0,0,890,0,0,-3,-4586,14,8431
2025/8/29,23:00,8256,0,4158,5309,30,307,918,131,683,0,0,956,0,0,-2,-4240,6,8256
2025/8/29,23:30,7986,0,3714,5213,28,302,918,132,683,0,0,1019,0,0,-1,-4026,4,7986
2025/8/30,0:00,7685,0,3312,5200,27,290,822,129,681,0,0,977,0,0,-2,-3754,3,7685
2025/8/30,0:30,7609,0,3474,5241,27,286,820,132,683,0,0,1004,0,0,-2,-4058,2,7609
2025/8/30,1:00,7428,0,3478,5235,26,281,822,131,680,0,0,1025,0,0,-3,-4250,3,7428
2025/8/30,1:30,7303,0,3406,5219,26,280,827,131,686,0,0,1040,0,0,-3,-4312,3,7303
2025/8/30,2:00,7281,0,3376,5218,26,282,823,129,685,0,0,1095,0,0,-2,-4354,3,7281
2025/8/30,2:30,7333,0,3410,5249,26,282,819,130,684,0,0,1131,0,0,-1,-4400,3,7333
2025/8/30,3:00,7321,0,3180,5257,26,278,814,131,684,0,0,1102,0,0,-2,-4152,3,7321
2025/8/30,3:30,7366,0,3024,5240,26,284,810,128,684,0,0,1166,0,0,-1,-3998,3,7366
2025/8/30,4:00,7394,0,2968,5243,26,281,823,130,680,0,0,1173,0,0,-1,-3932,3,7394
2025/8/30,4:30,7537,0,3016,5237,28,279,825,130,682,0,0,1142,0,0,-1,-3804,3,7537
2025/8/30,5:00,7541,0,3332,5065,29,282,821,129,678,42,0,1153,0,0,-1,-3992,3,7541
2025/8/30,5:30,7503,0,3434,5041,29,282,822,126,679,313,0,1072,0,0,-1,-4298,4,7503
2025/8/30,6:00,7434,0,3152,5105,29,286,789,127,673,846,0,1050,0,0,-7,-4622,6,7434
2025/8/30,6:30,7654,0,2838,4965,29,283,781,125,665,1601,0,1034,0,-2,0,-4680,15,7654
2025/8/30,7:00,7884,0,2522,4878,30,286,841,128,681,2493,0,1053,0,-212,0,-4838,22,7884
2025/8/30,7:30,8280,0,2318,4690,31,288,901,134,701,3334,0,980,0,-222,0,-4894,19,8280
2025/8/30,8:00,8836,0,2820,4683,33,286,921,135,698,4078,0,895,0,-222,0,-5506,15,8836
2025/8/30,8:30,9424,0,2920,4681,34,286,949,135,706,4617,0,904,0,-222,-3,-5596,13,9424
2025/8/30,9:00,9853,0,2976,4752,35,286,945,136,699,4932,0,901,0,-222,-4,-5598,15,9853
2025/8/30,9:30,10183,0,2868,4936,36,283,930,134,687,5250,0,891,0,-220,-16,-5616,20,10183
2025/8/30,10:00,10308,0,2724,4940,36,281,948,133,685,5509,0,944,0,-222,-16,-5670,16,10308
2025/8/30,10:30,10417,0,2874,4804,36,282,926,130,673,5674,0,1004,0,-222,-17,-5762,15,10417
2025/8/30,11:00,10569,0,2920,4748,37,281,936,131,671,5800,0,959,0,-220,-12,-5698,16,10569
2025/8/30,11:30,10651,0,3156,4866,37,282,929,128,659,5620,0,890,0,-222,-21,-5690,17,10651
2025/8/30,12:00,10620,0,3176,4991,38,286,983,129,671,5496,0,830,0,-220,-66,-5712,18,10620
2025/8/30,12:30,10533,0,3192,4965,38,288,1002,132,676,5189,0,776,0,0,-62,-5676,13,10533
2025/8/30,13:00,10619,0,3092,5208,38,287,1055,133,679,5100,0,741,0,0,-20,-5712,18,10619
2025/8/30,13:30,10596,0,3290,5341,39,290,1121,135,694,4568,0,757,0,0,-14,-5640,15,10596
2025/8/30,14:00,10564,0,3602,4940,38,286,1169,138,702,4525,0,739,0,0,1,-5590,14,10564
2025/8/30,14:30,10531,0,3818,5195,37,285,1195,137,696,4227,0,694,0,0,-4,-5758,9,10531
2025/8/30,15:00,10459,0,4402,5044,38,285,1204,135,682,3707,0,688,0,0,0,-5740,14,10459
2025/8/30,15:30,10434,0,4818,5377,38,304,1184,128,663,3001,0,641,0,0,1,-5740,19,10434
2025/8/30,16:00,10413,0,5504,5500,38,395,1168,126,642,2121,0,587,0,0,4,-5690,18,10413
2025/8/30,16:30,10368,0,5854,5681,38,406,1166,126,644,1286,0,534,0,0,23,-5398,8,10368
2025/8/30,17:00,10264,0,6076,5862,38,406,1177,125,651,548,0,469,0,202,34,-5340,16,10264
2025/8/30,17:30,10059,0,5840,5883,38,411,1192,129,663,144,0,429,0,224,24,-4934,16,10059
2025/8/30,18:00,10056,0,5928,6022,39,405,1206,130,672,1,0,381,0,228,35,-5010,19,10056
2025/8/30,18:30,10054,0,6032,6043,39,408,1205,131,671,0,0,354,0,226,13,-5084,16,10054
2025/8/30,19:00,9743,0,5974,6058,38,396,1195,129,674,0,0,297,0,226,13,-5274,17,9743
2025/8/30,19:30,9506,0,5902,6061,37,393,1193,131,674,0,0,262,0,224,13,-5396,12,9506
2025/8/30,20:00,9215,0,6002,5990,35,394,1146,131,673,0,0,236,0,226,2,-5636,16,9215
2025/8/30,20:30,9002,0,6226,5806,34,306,1108,131,674,0,0,224,0,222,-2,-5740,13,9002
2025/8/30,21:00,8721,0,6044,5680,33,291,1069,129,675,0,0,200,0,2,-1,-5414,13,8721
2025/8/30,21:30,8425,0,5830,5580,32,288,1037,131,676,0,0,177,0,0,-1,-5332,7,8425
2025/8/30,22:00,8208,0,5328,5431,30,347,995,131,676,0,0,164,0,0,-1,-4908,15,8208
2025/8/30,22:30,8022,0,5128,5343,30,344,959,131,679,0,0,136,0,0,-2,-4736,10,8022
2025/8/30,23:00,7886,0,4814,5161,30,347,920,130,683,0,0,102,0,0,-1,-4310,10,7886
2025/8/30,23:30,7569,0,4614,5080,28,290,902,131,680,0,0,69,0,0,-1,-4228,4,7569
2025/8/31,0:00,7322,0,3434,4989,27,282,841,131,680,0,0,61,0,0,-2,-3124,3,7322
2025/8/31,0:30,7154,0,3312,5072,27,282,822,132,681,0,0,59,0,0,-2,-3234,3,7154
2025/8/31,1:00,7000,0,3414,5080,26,274,825,130,681,0,0,57,0,0,-2,-3488,3,7000
2025/8/31,1:30,6891,0,3266,5088,25,276,822,132,683,0,0,43,0,0,-3,-3444,3,6891
2025/8/31,2:00,6855,0,3300,5073,25,277,818,132,686,0,0,30,0,0,-3,-3486,3,6855
2025/8/31,2:30,6902,0,3382,5084,25,274,821,132,684,0,0,29,0,0,-2,-3530,3,6902
2025/8/31,3:00,6915,0,3468,5072,25,278,818,130,685,0,0,31,0,0,-3,-3592,3,6915
2025/8/31,3:30,6950,0,3414,5103,25,278,826,132,685,0,0,24,0,0,-2,-3538,3,6950
2025/8/31,4:00,7008,0,3386,5110,25,280,851,132,687,0,0,24,0,0,-2,-3488,3,7008
2025/8/31,4:30,7138,0,3542,5120,26,277,847,133,687,0,0,29,0,0,-2,-3524,3,7138
2025/8/31,5:00,7182,0,3448,5235,27,283,841,130,684,38,0,27,0,0,-2,-3532,3,7182
2025/8/31,5:30,7032,0,2948,5284,26,288,834,131,679,253,0,32,0,0,-1,-3446,4,7032
2025/8/31,6:00,6981,0,3076,5314,26,285,814,129,676,698,0,36,0,0,0,-4080,7,6981
2025/8/31,6:30,7233,0,3086,5266,26,287,825,130,677,1332,0,24,0,-2,-4,-4426,12,7233
2025/8/31,7:00,7407,0,2836,5160,27,291,883,129,687,2033,0,16,0,-212,-1,-4464,22,7407
2025/8/31,7:30,7624,0,2616,4872,28,289,947,136,712,2539,0,7,0,-220,-4,-4316,18,7624
2025/8/31,8:00,8051,0,2590,4785,30,286,990,139,725,2992,0,4,0,0,3,-4508,15,8051
2025/8/31,8:30,8449,0,2458,4635,31,285,990,139,718,3575,0,3,0,0,-5,-4394,14,8449
2025/8/31,9:00,8776,0,2538,4528,33,284,1006,137,718,4114,0,2,0,-2,-1,-4596,15,8776
2025/8/31,9:30,9122,0,3002,4613,33,281,978,136,703,4401,0,1,0,-208,-17,-4820,19,9122
2025/8/31,10:00,9293,0,2766,4758,34,285,1016,137,712,4741,0,1,0,-222,-15,-4936,16,9293
2025/8/31,10:30,9411,0,2842,4722,34,288,998,135,704,4889,0,1,0,-222,-15,-4980,15,9411
2025/8/31,11:00,9555,0,2846,4762,34,313,998,132,698,5023,0,4,0,-220,-15,-5032,12,9555
2025/8/31,11:30,9703,0,3096,4768,35,317,986,133,691,4921,0,6,0,-222,-23,-5020,15,9703
2025/8/31,12:00,9788,0,3176,4788,36,317,1015,132,693,4867,0,12,0,-220,-13,-5028,13,9788
2025/8/31,12:30,9712,0,2910,4805,37,318,1035,132,697,4663,0,16,0,0,-58,-4854,11,9712
2025/8/31,13:00,9773,0,2676,5165,37,317,1063,134,699,4434,0,23,0,0,-58,-4732,15,9773
2025/8/31,13:30,9810,0,2640,5418,36,318,1074,135,705,4081,0,38,0,0,-1,-4646,12,9810
2025/8/31,14:00,9808,0,3314,5546,37,289,1035,132,692,3561,0,45,0,0,9,-4866,14,9808
2025/8/31,14:30,9786,0,3908,5794,38,282,1006,127,678,2884,0,39,0,0,-10,-4976,16,9786
2025/8/31,15:00,9793,0,4436,5820,38,294,1029,129,676,2254,0,39,0,0,-3,-4934,15,9793
2025/8/31,15:30,9772,0,4746,5815,38,386,1032,127,669,1746,0,41,0,0,-1,-4846,19,9772
2025/8/31,16:00,9856,0,5070,5879,39,390,1066,124,657,1172,0,46,0,0,0,-4606,19,9856
2025/8/31,16:30,9770,0,5000,5940,39,393,1080,125,660,663,0,56,0,0,12,-4214,16,9770
2025/8/31,17:00,9869,0,5234,5973,40,402,1096,128,668,297,0,56,0,0,12,-4054,17,9869
2025/8/31,17:30,9868,0,5344,5988,40,401,1106,126,671,87,0,58,0,0,13,-3982,16,9868
2025/8/31,18:00,9893,0,5234,5988,40,401,1113,129,678,1,0,59,0,136,13,-3918,19,9893
2025/8/31,18:30,9966,0,5472,5963,40,408,1115,130,678,0,0,64,0,224,16,-4160,16,9966
2025/8/31,19:00,9700,0,5484,5981,39,413,1103,130,679,0,0,61,0,228,49,-4484,17,9700
2025/8/31,19:30,9525,0,5606,5962,38,393,1097,128,679,0,0,56,0,230,41,-4724,19,9525
2025/8/31,20:00,9299,0,5662,5895,36,391,1053,130,680,0,0,72,0,228,2,-4866,16,9299
2025/8/31,20:30,9066,0,5576,5786,35,391,1053,129,677,0,0,85,0,146,-2,-4824,14,9066
2025/8/31,21:00,8858,0,5754,5781,33,387,986,127,679,0,0,88,0,0,-2,-4988,13,8858
2025/8/31,21:30,8454,0,5362,5671,32,362,976,129,677,0,0,101,0,0,-1,-4862,7,8454
2025/8/31,22:00,8236,0,4966,5511,30,286,924,129,679,0,0,116,0,0,-1,-4418,14,8236
2025/8/31,22:30,7850,0,4454,5332,29,290,916,129,677,0,0,129,0,0,-1,-4118,13,7850
2025/8/31,23:00,7780,0,4324,5226,29,288,911,128,678,0,0,127,0,0,-1,-3936,6,7780
2025/8/31,23:30,7470,0,3794,5209,27,285,904,129,682,0,0,145,0,0,-1,-3708,4,7470
